sample_id,signal,target_role,target,universe,validation,split_id,algorithm,test_rows,test_countries,bootstrap_seed,comparison_type,left_predictor,right_predictor,bootstrap_replicates,point_delta_r2,bootstrap_median_delta_r2,bootstrap_mean_delta_r2,bootstrap_ci_low_delta_r2,bootstrap_ci_high_delta_r2,bootstrap_median_minus_point_delta_r2,bootstrap_abs_median_minus_point_delta_r2,p_delta_r2_gt_0,p_delta_r2_gt_0p0025,p_delta_r2_gt_0p005,p_delta_r2_gt_0p01,point_delta_mae,bootstrap_median_delta_mae,bootstrap_ci_low_delta_mae,bootstrap_ci_high_delta_mae,five_way_unit_verdict,countries_N,replicates,draws_min,draws_max,distinct_countries_min,distinct_countries_median,distinct_countries_max,duplicate_draws_median,all_replicates_exact_N_draws,draw_count_matrix_sha256
M2_Macro_Oil_vs_M3_Macro_Oil_RegQuality__normalized__All_Eligible,Regulatory_Quality_lag1,normalized,Inward_FDI_Net_Flow_GDP_Pct_asinh,All_Eligible,Country_Holdout_CV,OOF_ALL_FOLDS,ElasticNet,3828,184,4083802973,signal_increment,M2_Macro_Oil,M3_Macro_Oil_RegQuality,2000,0.0032598658440784,0.0032092423100751,0.0031904641462978,0.000169262594339,0.006086865009972,-5.062353400331343e-05,5.062353400331343e-05,0.9805,0.68,0.1095,0.0,-0.0028958614800869,-0.0028976088274486,-0.0063467806718142,0.0006740088435333,Directionally positive but marginal,184,2000,184,184,103,117.0,130,67.0,True,c60041bff36261d6ca2081759a9e0d08a9ee891dba74f98225f27c588453d41a
M2_Macro_Oil_vs_M3_Macro_Oil_RegQuality__normalized__All_Eligible,Regulatory_Quality_lag1,normalized,Inward_FDI_Net_Flow_GDP_Pct_asinh,All_Eligible,Country_Holdout_CV,OOF_ALL_FOLDS,RandomForest,3828,184,4083802973,signal_increment,M2_Macro_Oil,M3_Macro_Oil_RegQuality,2000,0.0165033778375447,0.015730252252914,0.0160586590884066,0.0022393256738812,0.0308279591330213,-0.0007731255846306,0.0007731255846306,0.99,0.9725,0.941,0.7905,-0.01165039097033,-0.0113625970977709,-0.0203992286946666,-0.0025562241345554,Supported and practically material,184,2000,184,184,103,117.0,130,67.0,True,c60041bff36261d6ca2081759a9e0d08a9ee891dba74f98225f27c588453d41a
M2_Macro_Oil_vs_M3_Macro_Oil_RegQuality__normalized__All_Eligible,Regulatory_Quality_lag1,normalized,Inward_FDI_Net_Flow_GDP_Pct_asinh,All_Eligible,Country_Holdout_CV,OOF_ALL_FOLDS,Ridge,3828,184,4083802973,signal_increment,M2_Macro_Oil,M3_Macro_Oil_RegQuality,2000,0.0030664005421495,0.003034952241687,0.0029456262907165,-0.0013694364651504,0.0071281606688712,-3.144830046247771e-05,3.144830046247771e-05,0.9115,0.595,0.168,0.0,-0.002151092556075,-0.0021306135893789,-0.0068726163669542,0.0027530009136217,Directionally positive but marginal,184,2000,184,184,103,117.0,130,67.0,True,c60041bff36261d6ca2081759a9e0d08a9ee891dba74f98225f27c588453d41a
M2_Macro_Oil_vs_M3_Macro_Oil_RegQuality__normalized__All_Eligible,Regulatory_Quality_lag1,normalized,Inward_FDI_Net_Flow_GDP_Pct_asinh,All_Eligible,Future_Period,train_to_2012__test_from_2013,ElasticNet,1760,183,412666729,signal_increment,M2_Macro_Oil,M3_Macro_Oil_RegQuality,2000,0.005722402526557,0.0057495359742288,0.0057858273976481,0.0032998822403183,0.0085250148286237,2.713344767180104e-05,2.713344767180104e-05,1.0,0.9965,0.7215,0.0005,-0.0033812631990102,-0.0033032423063144,-0.0072793796702483,0.00040967139809,Directionally positive but marginal,183,2000,183,183,104,116.0,130,67.0,True,b487f65f13ecd5d3a792f28bf8ff2af1ded9a54ee2dc4b1654859b23dcc9b2f2
M2_Macro_Oil_vs_M3_Macro_Oil_RegQuality__normalized__All_Eligible,Regulatory_Quality_lag1,normalized,Inward_FDI_Net_Flow_GDP_Pct_asinh,All_Eligible,Future_Period,train_to_2012__test_from_2013,RandomForest,1760,183,412666729,signal_increment,M2_Macro_Oil,M3_Macro_Oil_RegQuality,2000,-0.0124160845784214,-0.0120973472142281,-0.0121650838337996,-0.0260781959305026,0.0014140414835209,0.0003187373641933,0.0003187373641933,0.0425,0.0165,0.006,0.001,-0.0005761027639316,-0.0005433795844992,-0.0126192389342228,0.0114024942902181,Unsupported,183,2000,183,183,104,116.0,130,67.0,True,b487f65f13ecd5d3a792f28bf8ff2af1ded9a54ee2dc4b1654859b23dcc9b2f2
M2_Macro_Oil_vs_M3_Macro_Oil_RegQuality__normalized__All_Eligible,Regulatory_Quality_lag1,normalized,Inward_FDI_Net_Flow_GDP_Pct_asinh,All_Eligible,Future_Period,train_to_2012__test_from_2013,Ridge,1760,183,412666729,signal_increment,M2_Macro_Oil,M3_Macro_Oil_RegQuality,2000,0.0070101301780141,0.0070505813711886,0.007088785574362,0.0039749631292898,0.0104062775722001,4.045119317452883e-05,4.045119317452883e-05,1.0,0.998,0.9115,0.04,-0.0038248690966575,-0.0037012828041601,-0.0085347151444982,0.0007764875389133,Supported and practically material,183,2000,183,183,104,116.0,130,67.0,True,b487f65f13ecd5d3a792f28bf8ff2af1ded9a54ee2dc4b1654859b23dcc9b2f2
M2_Macro_Oil_vs_M3_Macro_Oil_RegQuality__normalized__All_Eligible,Regulatory_Quality_lag1,normalized,Inward_FDI_Net_Flow_GDP_Pct_asinh,All_Eligible,Future_Period,train_to_2014__test_from_2015,ElasticNet,1401,183,1369249502,signal_increment,M2_Macro_Oil,M3_Macro_Oil_RegQuality,2000,0.005145038469526,0.0051797279736298,0.0051936012320458,0.0023397251045905,0.0083415525704407,3.46895041037909e-05,3.46895041037909e-05,1.0,0.9625,0.547,0.002,-0.0023343328955446,-0.0023437045742287,-0.0070056529815044,0.0022683267198505,Directionally positive but marginal,183,2000,183,183,103,116.0,131,67.0,True,249bffeb7770d017bc07e449fb90e87b7a17400cc7857a898390fed8d11f2ad9
M2_Macro_Oil_vs_M3_Macro_Oil_RegQuality__normalized__All_Eligible,Regulatory_Quality_lag1,normalized,Inward_FDI_Net_Flow_GDP_Pct_asinh,All_Eligible,Future_Period,train_to_2014__test_from_2015,RandomForest,1401,183,1369249502,signal_increment,M2_Macro_Oil,M3_Macro_Oil_RegQuality,2000,0.0198359872123594,0.019891527469016,0.0202329035420805,0.0012241838506272,0.0418198329502078,5.5540256656549936e-05,5.5540256656549936e-05,0.979,0.9625,0.937,0.8345,-0.0095833958809493,-0.0095565041254915,-0.0218825156851318,0.0020746253735713,Supported and practically material,183,2000,183,183,103,116.0,131,67.0,True,249bffeb7770d017bc07e449fb90e87b7a17400cc7857a898390fed8d11f2ad9
M2_Macro_Oil_vs_M3_Macro_Oil_RegQuality__normalized__All_Eligible,Regulatory_Quality_lag1,normalized,Inward_FDI_Net_Flow_GDP_Pct_asinh,All_Eligible,Future_Period,train_to_2014__test_from_2015,Ridge,1401,183,1369249502,signal_increment,M2_Macro_Oil,M3_Macro_Oil_RegQuality,2000,0.0060366133411127,0.0060701589102342,0.0060863841688781,0.0024999502220881,0.0099348251571337,3.3545569121495866e-05,3.3545569121495866e-05,1.0,0.975,0.724,0.025,-0.0022642786906906,-0.0022351444659111,-0.0079124107456717,0.0032971048948436,Directionally positive but marginal,183,2000,183,183,103,116.0,131,67.0,True,249bffeb7770d017bc07e449fb90e87b7a17400cc7857a898390fed8d11f2ad9
M2_Macro_Oil_vs_M3_Macro_Oil_RegQuality__normalized__All_Eligible,Regulatory_Quality_lag1,normalized,Inward_FDI_Net_Flow_GDP_Pct_asinh,All_Eligible,Future_Period,train_to_2015__test_from_2016,ElasticNet,1222,180,1890368004,signal_increment,M2_Macro_Oil,M3_Macro_Oil_RegQuality,2000,0.005403359088382,0.0054711727690115,0.0054857017663747,0.0027968546757574,0.0082391812338881,6.781368062946935e-05,6.781368062946935e-05,1.0,0.9885,0.635,0.001,-0.0021929525938834,-0.0021942724924441,-0.0062904920058904,0.0019336789513266,Directionally positive but marginal,180,2000,180,180,99,114.0,128,66.0,True,1eff77c540ef9d7c07c53bde4f1fceea92c901c415f076f97b4f3df997fa5783
M2_Macro_Oil_vs_M3_Macro_Oil_RegQuality__normalized__All_Eligible,Regulatory_Quality_lag1,normalized,Inward_FDI_Net_Flow_GDP_Pct_asinh,All_Eligible,Future_Period,train_to_2015__test_from_2016,RandomForest,1222,180,1890368004,signal_increment,M2_Macro_Oil,M3_Macro_Oil_RegQuality,2000,-0.0135916202502197,-0.0131663362160331,-0.0134852177953264,-0.039391005236289,0.010991254798182,0.0004252840341865,0.0004252840341865,0.149,0.1075,0.0775,0.03,-0.0057364169412256,-0.0055469205450857,-0.0200677099281072,0.0094317292573999,Unsupported,180,2000,180,180,99,114.0,128,66.0,True,1eff77c540ef9d7c07c53bde4f1fceea92c901c415f076f97b4f3df997fa5783
M2_Macro_Oil_vs_M3_Macro_Oil_RegQuality__normalized__All_Eligible,Regulatory_Quality_lag1,normalized,Inward_FDI_Net_Flow_GDP_Pct_asinh,All_Eligible,Future_Period,train_to_2015__test_from_2016,Ridge,1222,180,1890368004,signal_increment,M2_Macro_Oil,M3_Macro_Oil_RegQuality,2000,0.0065004927441262,0.0065731574840866,0.0065929053143151,0.0033460064324634,0.0098665249237903,7.266473996037082e-05,7.266473996037082e-05,1.0,0.995,0.829,0.02,-0.0023853733795187,-0.0024245949600176,-0.0072952365459179,0.0025496943819248,Supported and practically material,180,2000,180,180,99,114.0,128,66.0,True,1eff77c540ef9d7c07c53bde4f1fceea92c901c415f076f97b4f3df997fa5783
M2_Macro_Oil_vs_M3_Macro_Oil_RegQuality__normalized__All_Eligible,Regulatory_Quality_lag1,normalized,Inward_FDI_Net_Flow_GDP_Pct_asinh,All_Eligible,Future_Period,train_to_2016__test_from_2017,ElasticNet,1045,180,2005006042,signal_increment,M2_Macro_Oil,M3_Macro_Oil_RegQuality,2000,0.0051936601900235,0.0051941374906274,0.0052068207712417,0.0023160904259277,0.0082930618188145,4.773006039293648e-07,4.773006039293648e-07,1.0,0.965,0.5475,0.0035,-0.0016128697034134,-0.0014791563843903,-0.0059130937039997,0.0027483311052047,Directionally positive but marginal,180,2000,180,180,99,114.0,127,66.0,True,5688759fad6287359a7f31358149e254ab2c9722918d655ddf4f532913380de7
M2_Macro_Oil_vs_M3_Macro_Oil_RegQuality__normalized__All_Eligible,Regulatory_Quality_lag1,normalized,Inward_FDI_Net_Flow_GDP_Pct_asinh,All_Eligible,Future_Period,train_to_2016__test_from_2017,RandomForest,1045,180,2005006042,signal_increment,M2_Macro_Oil,M3_Macro_Oil_RegQuality,2000,0.0101457735650103,0.0096288181980535,0.0098613869136402,-0.0145328334934393,0.0359432732970817,-0.0005169553669568,0.0005169553669568,0.7715,0.7165,0.6395,0.4865,-0.0148620613590175,-0.014304888616651,-0.0282357915128398,-0.0010195200882158,Setup-dependent,180,2000,180,180,99,114.0,127,66.0,True,5688759fad6287359a7f31358149e254ab2c9722918d655ddf4f532913380de7
M2_Macro_Oil_vs_M3_Macro_Oil_RegQuality__normalized__All_Eligible,Regulatory_Quality_lag1,normalized,Inward_FDI_Net_Flow_GDP_Pct_asinh,All_Eligible,Future_Period,train_to_2016__test_from_2017,Ridge,1045,180,2005006042,signal_increment,M2_Macro_Oil,M3_Macro_Oil_RegQuality,2000,0.0062697432281225,0.0062513781391204,0.0062711171789484,0.0027912808012694,0.0097792453539798,-1.836508900210365e-05,1.836508900210365e-05,1.0,0.9835,0.746,0.019,-0.0017680561961521,-0.0016199163849806,-0.0067647930822804,0.0033607290939248,Directionally positive but marginal,180,2000,180,180,99,114.0,127,66.0,True,5688759fad6287359a7f31358149e254ab2c9722918d655ddf4f532913380de7
M2_Macro_Oil_vs_M3_Macro_Oil_RegQuality__normalized__All_Eligible,Regulatory_Quality_lag1,normalized,Inward_FDI_Net_Flow_GDP_Pct_asinh,All_Eligible,Future_Period,train_to_2018__test_from_2019,ElasticNet,693,177,3146573506,signal_increment,M2_Macro_Oil,M3_Macro_Oil_RegQuality,2000,0.0054825437658494,0.0055141985293512,0.0055225393008244,0.0020757351453464,0.008867418687219,3.16547635018094e-05,3.16547635018094e-05,0.999,0.9545,0.624,0.0055,-0.0009126646030253,-0.000893800249763,-0.0056073535983678,0.0038240089090863,Directionally positive but marginal,177,2000,177,177,98,112.0,127,65.0,True,130b21d7e2c43d10c3cc42c10a397e4b1174d100171c08e6c77eb6ae79a6f27b
M2_Macro_Oil_vs_M3_Macro_Oil_RegQuality__normalized__All_Eligible,Regulatory_Quality_lag1,normalized,Inward_FDI_Net_Flow_GDP_Pct_asinh,All_Eligible,Future_Period,train_to_2018__test_from_2019,RandomForest,693,177,3146573506,signal_increment,M2_Macro_Oil,M3_Macro_Oil_RegQuality,2000,-0.0239199201004896,-0.023908724009566,-0.0240391197149474,-0.0577269085209798,0.0084302262320091,1.1196090923593084e-05,1.1196090923593084e-05,0.086,0.06,0.0415,0.0185,-0.0041448536138217,-0.0037774911422751,-0.0205566602041091,0.0139166007014479,Unsupported,177,2000,177,177,98,112.0,127,65.0,True,130b21d7e2c43d10c3cc42c10a397e4b1174d100171c08e6c77eb6ae79a6f27b
M2_Macro_Oil_vs_M3_Macro_Oil_RegQuality__normalized__All_Eligible,Regulatory_Quality_lag1,normalized,Inward_FDI_Net_Flow_GDP_Pct_asinh,All_Eligible,Future_Period,train_to_2018__test_from_2019,Ridge,693,177,3146573506,signal_increment,M2_Macro_Oil,M3_Macro_Oil_RegQuality,2000,0.0065196679543013,0.0065495401041161,0.0065650372117436,0.0018019848767277,0.0112582711163324,2.9872149814813564e-05,2.9872149814813564e-05,0.995,0.9515,0.758,0.072,0.0004054161237232,0.0004518290805403,-0.0061956850273472,0.0068500301470563,Directionally positive but marginal,177,2000,177,177,98,112.0,127,65.0,True,130b21d7e2c43d10c3cc42c10a397e4b1174d100171c08e6c77eb6ae79a6f27b
M2_Macro_Oil_vs_M3_Macro_Oil_RegQuality__normalized__Oil_Rent_Intensive_Pre2016_ge10pct,Regulatory_Quality_lag1,normalized,Inward_FDI_Net_Flow_GDP_Pct_asinh,Oil_Rent_Intensive_Pre2016_ge10pct,Country_Holdout_CV,OOF_ALL_FOLDS,ElasticNet,654,34,3188532994,signal_increment,M2_Macro_Oil,M3_Macro_Oil_RegQuality,2000,-0.0081872975827006,-0.0077070624331543,-0.0084308124492601,-0.0197604174149301,-0.0006265881711405,0.0004802351495463,0.0004802351495463,0.012,0.0005,0.0,0.0,0.009105864921037,0.008657536197731,1.386890338825452e-05,0.0202732886695882,Unsupported,34,2000,34,34,16,22.0,28,12.0,True,dfffa4a49847271bc4a04dfbfc38a09be2893e13031b7c20ff6304f253bfe8d9
M2_Macro_Oil_vs_M3_Macro_Oil_RegQuality__normalized__Oil_Rent_Intensive_Pre2016_ge10pct,Regulatory_Quality_lag1,normalized,Inward_FDI_Net_Flow_GDP_Pct_asinh,Oil_Rent_Intensive_Pre2016_ge10pct,Country_Holdout_CV,OOF_ALL_FOLDS,RandomForest,654,34,3188532994,signal_increment,M2_Macro_Oil,M3_Macro_Oil_RegQuality,2000,-0.0181804553708311,-0.017984268032117,-0.0187296653475093,-0.056042152682836,0.0129021531932722,0.0001961873387141,0.0001961873387141,0.138,0.1065,0.0805,0.04,0.0295784255456146,0.0278455380886552,-0.0049561841969751,0.0717797750833791,Unsupported,34,2000,34,34,16,22.0,28,12.0,True,dfffa4a49847271bc4a04dfbfc38a09be2893e13031b7c20ff6304f253bfe8d9
M2_Macro_Oil_vs_M3_Macro_Oil_RegQuality__normalized__Oil_Rent_Intensive_Pre2016_ge10pct,Regulatory_Quality_lag1,normalized,Inward_FDI_Net_Flow_GDP_Pct_asinh,Oil_Rent_Intensive_Pre2016_ge10pct,Country_Holdout_CV,OOF_ALL_FOLDS,Ridge,654,34,3188532994,signal_increment,M2_Macro_Oil,M3_Macro_Oil_RegQuality,2000,-0.011711872602228,-0.0109575054191071,-0.012061542521588,-0.0284160814953571,-0.0009627906241441,0.0007543671831209,0.0007543671831209,0.0125,0.0005,0.0,0.0,0.0122830220877728,0.0117927891887807,0.0005744276512816,0.0268788782509913,Unsupported,34,2000,34,34,16,22.0,28,12.0,True,dfffa4a49847271bc4a04dfbfc38a09be2893e13031b7c20ff6304f253bfe8d9
M2_Macro_Oil_vs_M3_Macro_Oil_RegQuality__normalized__Oil_Rent_Intensive_Pre2016_ge10pct,Regulatory_Quality_lag1,normalized,Inward_FDI_Net_Flow_GDP_Pct_asinh,Oil_Rent_Intensive_Pre2016_ge10pct,Future_Period,train_to_2012__test_from_2013,ElasticNet,295,33,23988270,signal_increment,M2_Macro_Oil,M3_Macro_Oil_RegQuality,2000,0.0004264040174626,0.0004184554829485,0.0004408279107829,-0.000297576600941,0.0012435048639047,-7.948534514079508e-06,7.948534514079508e-06,0.881,0.0005,0.0,0.0,-0.0009419516989002,-0.0009299662346159,-0.0023451869126176,0.00049002461872,Directionally positive but marginal,33,2000,33,33,15,21.0,27,12.0,True,e98376b137e5a2867abbea794290d2ae0040264f546fc9d467b37475663805c8
M2_Macro_Oil_vs_M3_Macro_Oil_RegQuality__normalized__Oil_Rent_Intensive_Pre2016_ge10pct,Regulatory_Quality_lag1,normalized,Inward_FDI_Net_Flow_GDP_Pct_asinh,Oil_Rent_Intensive_Pre2016_ge10pct,Future_Period,train_to_2012__test_from_2013,RandomForest,295,33,23988270,signal_increment,M2_Macro_Oil,M3_Macro_Oil_RegQuality,2000,-0.0442452866210203,-0.0442679638502915,-0.0434864950220153,-0.0722164971176458,-0.00673412933216,-2.2677229271239607e-05,2.2677229271239607e-05,0.0095,0.008,0.0065,0.004,0.0286222465146249,0.0283843508240237,-0.0025316374257682,0.0596000400192571,Unsupported,33,2000,33,33,15,21.0,27,12.0,True,e98376b137e5a2867abbea794290d2ae0040264f546fc9d467b37475663805c8
M2_Macro_Oil_vs_M3_Macro_Oil_RegQuality__normalized__Oil_Rent_Intensive_Pre2016_ge10pct,Regulatory_Quality_lag1,normalized,Inward_FDI_Net_Flow_GDP_Pct_asinh,Oil_Rent_Intensive_Pre2016_ge10pct,Future_Period,train_to_2012__test_from_2013,Ridge,295,33,23988270,signal_increment,M2_Macro_Oil,M3_Macro_Oil_RegQuality,2000,0.0011849858354588,0.0011721043201072,0.0012224241949886,-0.0014104911647181,0.0039277271151016,-1.2881515351614858e-05,1.2881515351614858e-05,0.8315,0.167,0.0035,0.0,-0.0034021665303877,-0.0033344237442007,-0.0077957335024819,0.001045044224077,Directionally positive but marginal,33,2000,33,33,15,21.0,27,12.0,True,e98376b137e5a2867abbea794290d2ae0040264f546fc9d467b37475663805c8
M2_Macro_Oil_vs_M3_Macro_Oil_RegQuality__normalized__Oil_Rent_Intensive_Pre2016_ge10pct,Regulatory_Quality_lag1,normalized,Inward_FDI_Net_Flow_GDP_Pct_asinh,Oil_Rent_Intensive_Pre2016_ge10pct,Future_Period,train_to_2014__test_from_2015,ElasticNet,232,33,663550030,signal_increment,M2_Macro_Oil,M3_Macro_Oil_RegQuality,2000,-0.0005104029822315,-0.0005063095771929,-0.0006669365764976,-0.0049407168085898,0.0029807157760253,4.093405038652076e-06,4.093405038652076e-06,0.3835,0.0445,0.0005,0.0,-9.478403223150966e-05,-4.876711806517386e-05,-0.0055067186894849,0.0057458199902394,Setup-dependent,33,2000,33,33,13,21.0,27,12.0,True,ea1e367bae60b2e9ad2b14101bd08ffd9553db9d9e4af2613dd0bb4f7de458a4
M2_Macro_Oil_vs_M3_Macro_Oil_RegQuality__normalized__Oil_Rent_Intensive_Pre2016_ge10pct,Regulatory_Quality_lag1,normalized,Inward_FDI_Net_Flow_GDP_Pct_asinh,Oil_Rent_Intensive_Pre2016_ge10pct,Future_Period,train_to_2014__test_from_2015,RandomForest,232,33,663550030,signal_increment,M2_Macro_Oil,M3_Macro_Oil_RegQuality,2000,0.0217997615346219,0.0226243644212124,0.0230463324470544,-0.0014360197985625,0.0506491190823619,0.0008246028865904,0.0008246028865904,0.964,0.943,0.917,0.843,-0.0059753008850909,-0.0063493562123202,-0.0278087462054995,0.0150114881775775,Directionally positive but marginal,33,2000,33,33,13,21.0,27,12.0,True,ea1e367bae60b2e9ad2b14101bd08ffd9553db9d9e4af2613dd0bb4f7de458a4
M2_Macro_Oil_vs_M3_Macro_Oil_RegQuality__normalized__Oil_Rent_Intensive_Pre2016_ge10pct,Regulatory_Quality_lag1,normalized,Inward_FDI_Net_Flow_GDP_Pct_asinh,Oil_Rent_Intensive_Pre2016_ge10pct,Future_Period,train_to_2014__test_from_2015,Ridge,232,33,663550030,signal_increment,M2_Macro_Oil,M3_Macro_Oil_RegQuality,2000,-0.0010737943715084,-0.001091160907955,-0.0013374957733029,-0.0085568645104261,0.0046194536008928,-1.736653644657249e-05,1.736653644657249e-05,0.3585,0.1175,0.019,0.0,-4.916161343238024e-06,7.340890795415334e-05,-0.0086974417810571,0.0092708720186884,Setup-dependent,33,2000,33,33,13,21.0,27,12.0,True,ea1e367bae60b2e9ad2b14101bd08ffd9553db9d9e4af2613dd0bb4f7de458a4
M2_Macro_Oil_vs_M3_Macro_Oil_RegQuality__normalized__Oil_Rent_Intensive_Pre2016_ge10pct,Regulatory_Quality_lag1,normalized,Inward_FDI_Net_Flow_GDP_Pct_asinh,Oil_Rent_Intensive_Pre2016_ge10pct,Future_Period,train_to_2015__test_from_2016,ElasticNet,201,30,4051761946,signal_increment,M2_Macro_Oil,M3_Macro_Oil_RegQuality,2000,3.5194029490703826e-07,4.132511420285034e-07,3.634711055403583e-07,-1.078082392305668e-06,1.5941605803954094e-06,6.131084712146517e-08,6.131084712146517e-08,0.7045,0.0,0.0,0.0,-1.972365532010301e-07,-2.2646696401507077e-07,-1.6061744625817108e-06,1.2415975030460871e-06,Setup-dependent,30,2000,30,30,12,19.0,25,11.0,True,2a912686d066bfde4b28343c89ca5e9f64b795616f924478c49b2b9082583a95
M2_Macro_Oil_vs_M3_Macro_Oil_RegQuality__normalized__Oil_Rent_Intensive_Pre2016_ge10pct,Regulatory_Quality_lag1,normalized,Inward_FDI_Net_Flow_GDP_Pct_asinh,Oil_Rent_Intensive_Pre2016_ge10pct,Future_Period,train_to_2015__test_from_2016,RandomForest,201,30,4051761946,signal_increment,M2_Macro_Oil,M3_Macro_Oil_RegQuality,2000,0.0094280841355561,0.0093897985747773,0.0093346599785014,-0.0341586140485578,0.0512106033223176,-3.8285560778839045e-05,3.8285560778839045e-05,0.6675,0.625,0.5845,0.489,-0.014596618122401,-0.0135805052368917,-0.0562509480260422,0.0251525631295766,Setup-dependent,30,2000,30,30,12,19.0,25,11.0,True,2a912686d066bfde4b28343c89ca5e9f64b795616f924478c49b2b9082583a95
M2_Macro_Oil_vs_M3_Macro_Oil_RegQuality__normalized__Oil_Rent_Intensive_Pre2016_ge10pct,Regulatory_Quality_lag1,normalized,Inward_FDI_Net_Flow_GDP_Pct_asinh,Oil_Rent_Intensive_Pre2016_ge10pct,Future_Period,train_to_2015__test_from_2016,Ridge,201,30,4051761946,signal_increment,M2_Macro_Oil,M3_Macro_Oil_RegQuality,2000,0.0008128279960358,0.0008667179997374,0.0008511967108511,-0.0009584682415919,0.0024991063874908,5.389000370159547e-05,5.389000370159547e-05,0.845,0.025,0.0,0.0,-0.000573084670378,-0.0006730041739183,-0.0032045174580898,0.0022973388401959,Directionally positive but marginal,30,2000,30,30,12,19.0,25,11.0,True,2a912686d066bfde4b28343c89ca5e9f64b795616f924478c49b2b9082583a95
M2_Macro_Oil_vs_M3_Macro_Oil_RegQuality__normalized__Oil_Rent_Intensive_Pre2016_ge10pct,Regulatory_Quality_lag1,normalized,Inward_FDI_Net_Flow_GDP_Pct_asinh,Oil_Rent_Intensive_Pre2016_ge10pct,Future_Period,train_to_2016__test_from_2017,ElasticNet,172,30,2195794554,signal_increment,M2_Macro_Oil,M3_Macro_Oil_RegQuality,2000,-7.263159143011677e-07,-7.402265596034852e-07,-7.180768709756369e-07,-5.594228101285513e-06,4.179088451369827e-06,-1.3910645302317448e-08,1.3910645302317448e-08,0.389,0.0,0.0,0.0,-7.297615969292792e-07,-5.829560449921445e-07,-7.301463642081507e-06,5.841553001800781e-06,Setup-dependent,30,2000,30,30,13,19.0,24,11.0,True,bad7cc0b11688cd45835075e57d7e5e874f2bb3aec5c8ce91250042ce084488a
M2_Macro_Oil_vs_M3_Macro_Oil_RegQuality__normalized__Oil_Rent_Intensive_Pre2016_ge10pct,Regulatory_Quality_lag1,normalized,Inward_FDI_Net_Flow_GDP_Pct_asinh,Oil_Rent_Intensive_Pre2016_ge10pct,Future_Period,train_to_2016__test_from_2017,RandomForest,172,30,2195794554,signal_increment,M2_Macro_Oil,M3_Macro_Oil_RegQuality,2000,0.0018450981822835,0.0012000307843163,0.0008141940049121,-0.0317169949291257,0.0342104940873817,-0.0006450673979671,0.0006450673979671,0.529,0.462,0.382,0.265,-0.0040122057455175,-0.0040427927654139,-0.0337162805414762,0.0254961811507198,Setup-dependent,30,2000,30,30,13,19.0,24,11.0,True,bad7cc0b11688cd45835075e57d7e5e874f2bb3aec5c8ce91250042ce084488a
M2_Macro_Oil_vs_M3_Macro_Oil_RegQuality__normalized__Oil_Rent_Intensive_Pre2016_ge10pct,Regulatory_Quality_lag1,normalized,Inward_FDI_Net_Flow_GDP_Pct_asinh,Oil_Rent_Intensive_Pre2016_ge10pct,Future_Period,train_to_2016__test_from_2017,Ridge,172,30,2195794554,signal_increment,M2_Macro_Oil,M3_Macro_Oil_RegQuality,2000,0.0006569349782463,0.0007025602259486,0.0007290814772188,-0.0002520629762427,0.0020062640346957,4.562524770224119e-05,4.562524770224119e-05,0.9175,0.0055,0.0,0.0,-0.0004452139501559,-0.0005273184197943,-0.0022692428521367,0.0015403599559781,Directionally positive but marginal,30,2000,30,30,13,19.0,24,11.0,True,bad7cc0b11688cd45835075e57d7e5e874f2bb3aec5c8ce91250042ce084488a
M2_Macro_Oil_vs_M3_Macro_Oil_RegQuality__normalized__Oil_Rent_Intensive_Pre2016_ge10pct,Regulatory_Quality_lag1,normalized,Inward_FDI_Net_Flow_GDP_Pct_asinh,Oil_Rent_Intensive_Pre2016_ge10pct,Future_Period,train_to_2018__test_from_2019,ElasticNet,114,30,2736320805,signal_increment,M2_Macro_Oil,M3_Macro_Oil_RegQuality,2000,-2.9734460238128868e-05,2.352817169859467e-05,-4.68927927843773e-05,-0.0027622510882482,0.0022084109876536,5.326263193672354e-05,5.326263193672354e-05,0.507,0.0145,0.0,0.0,0.0001380283063486,0.0001585537874596,-0.0029019931441184,0.003469437583125,Coverage-limited,30,2000,30,30,14,19.0,24,11.0,True,fdd74a5d178aa5bbe62b72f74351b2c42bb814353f034890783430958706d72b
M2_Macro_Oil_vs_M3_Macro_Oil_RegQuality__normalized__Oil_Rent_Intensive_Pre2016_ge10pct,Regulatory_Quality_lag1,normalized,Inward_FDI_Net_Flow_GDP_Pct_asinh,Oil_Rent_Intensive_Pre2016_ge10pct,Future_Period,train_to_2018__test_from_2019,RandomForest,114,30,2736320805,signal_increment,M2_Macro_Oil,M3_Macro_Oil_RegQuality,2000,0.0967164654410512,0.0957509758717096,0.0953789120648582,0.0275832104941735,0.1542258377443651,-0.0009654895693416,0.0009654895693416,0.998,0.9965,0.996,0.9915,-0.0652441445316479,-0.0624505030666684,-0.1452129947156988,-0.0002620954952781,Coverage-limited,30,2000,30,30,14,19.0,24,11.0,True,fdd74a5d178aa5bbe62b72f74351b2c42bb814353f034890783430958706d72b
M2_Macro_Oil_vs_M3_Macro_Oil_RegQuality__normalized__Oil_Rent_Intensive_Pre2016_ge10pct,Regulatory_Quality_lag1,normalized,Inward_FDI_Net_Flow_GDP_Pct_asinh,Oil_Rent_Intensive_Pre2016_ge10pct,Future_Period,train_to_2018__test_from_2019,Ridge,114,30,2736320805,signal_increment,M2_Macro_Oil,M3_Macro_Oil_RegQuality,2000,-0.0002315988742138,-8.802965719173494e-05,-0.0002793463560375,-0.006869833951134,0.005137100061734,0.0001435692170221,0.0001435692170221,0.4855,0.1615,0.0285,0.0005,-0.0002035401393841,-0.0001659203754263,-0.0075242658602865,0.0078909082859529,Coverage-limited,30,2000,30,30,14,19.0,24,11.0,True,fdd74a5d178aa5bbe62b72f74351b2c42bb814353f034890783430958706d72b
M2_Macro_Oil_vs_M3_Macro_Oil_RegQuality__normalized__Oil_Rent_Intensive_Pre2016_ge15pct,Regulatory_Quality_lag1,normalized,Inward_FDI_Net_Flow_GDP_Pct_asinh,Oil_Rent_Intensive_Pre2016_ge15pct,Country_Holdout_CV,OOF_ALL_FOLDS,ElasticNet,570,30,3457937211,signal_increment,M2_Macro_Oil,M3_Macro_Oil_RegQuality,2000,-0.0128491762794371,-0.0123583108389237,-0.0130182290454079,-0.0262739105043062,-0.0033876945515595,0.0004908654405134,0.0004908654405134,0.0005,0.0,0.0,0.0,0.0147600553252511,0.0144525034085541,0.0049024782668817,0.0261156986038539,Unsupported,30,2000,30,30,13,19.0,25,11.0,True,7b6cb43d6f865373876152e6c391c4b0b6dc83576fa77b1805a776be8953724d
M2_Macro_Oil_vs_M3_Macro_Oil_RegQuality__normalized__Oil_Rent_Intensive_Pre2016_ge15pct,Regulatory_Quality_lag1,normalized,Inward_FDI_Net_Flow_GDP_Pct_asinh,Oil_Rent_Intensive_Pre2016_ge15pct,Country_Holdout_CV,OOF_ALL_FOLDS,RandomForest,570,30,3457937211,signal_increment,M2_Macro_Oil,M3_Macro_Oil_RegQuality,2000,-0.0043151823594271,-0.0046038742158129,-0.0046833517762113,-0.0319568326862724,0.0206165302733665,-0.0002886918563858,0.0002886918563858,0.3645,0.295,0.2235,0.1315,0.0114731024581354,0.0112638271598655,-0.0131574918596792,0.0410507848039639,Setup-dependent,30,2000,30,30,13,19.0,25,11.0,True,7b6cb43d6f865373876152e6c391c4b0b6dc83576fa77b1805a776be8953724d
M2_Macro_Oil_vs_M3_Macro_Oil_RegQuality__normalized__Oil_Rent_Intensive_Pre2016_ge15pct,Regulatory_Quality_lag1,normalized,Inward_FDI_Net_Flow_GDP_Pct_asinh,Oil_Rent_Intensive_Pre2016_ge15pct,Country_Holdout_CV,OOF_ALL_FOLDS,Ridge,570,30,3457937211,signal_increment,M2_Macro_Oil,M3_Macro_Oil_RegQuality,2000,-0.0198469001449967,-0.0190561496102435,-0.0200756796189298,-0.0397425919832362,-0.0062278328440644,0.0007907505347532,0.0007907505347532,0.0,0.0,0.0,0.0,0.0204870887012773,0.0201326934292037,0.0072629099185973,0.0357041555729979,Unsupported,30,2000,30,30,13,19.0,25,11.0,True,7b6cb43d6f865373876152e6c391c4b0b6dc83576fa77b1805a776be8953724d
M2_Macro_Oil_vs_M3_Macro_Oil_RegQuality__normalized__Oil_Rent_Intensive_Pre2016_ge15pct,Regulatory_Quality_lag1,normalized,Inward_FDI_Net_Flow_GDP_Pct_asinh,Oil_Rent_Intensive_Pre2016_ge15pct,Future_Period,train_to_2012__test_from_2013,ElasticNet,257,29,1551040977,signal_increment,M2_Macro_Oil,M3_Macro_Oil_RegQuality,2000,-0.0023015301088362,-0.002349606630041,-0.0024912982720465,-0.0068842192413468,0.0012281199591326,-4.807652120475403e-05,4.807652120475403e-05,0.0875,0.0045,0.0,0.0,0.0050144513169847,0.0049597663710778,-0.000620976659094,0.0111109760162241,Unsupported,29,2000,29,29,14,18.0,24,11.0,True,391aab15050d43bc87e1481d1e8e96bb04f006c1c604da043c06f02b7ceb56a5
M2_Macro_Oil_vs_M3_Macro_Oil_RegQuality__normalized__Oil_Rent_Intensive_Pre2016_ge15pct,Regulatory_Quality_lag1,normalized,Inward_FDI_Net_Flow_GDP_Pct_asinh,Oil_Rent_Intensive_Pre2016_ge15pct,Future_Period,train_to_2012__test_from_2013,RandomForest,257,29,1551040977,signal_increment,M2_Macro_Oil,M3_Macro_Oil_RegQuality,2000,-0.0121188322141171,-0.0110904293624202,-0.0108311353193897,-0.0515012596219855,0.0308483334412059,0.0010284028516969,0.0010284028516969,0.29,0.2565,0.22,0.1635,-0.00883606415042,-0.0096044929697669,-0.0398888292308245,0.0249780644947831,Setup-dependent,29,2000,29,29,14,18.0,24,11.0,True,391aab15050d43bc87e1481d1e8e96bb04f006c1c604da043c06f02b7ceb56a5
M2_Macro_Oil_vs_M3_Macro_Oil_RegQuality__normalized__Oil_Rent_Intensive_Pre2016_ge15pct,Regulatory_Quality_lag1,normalized,Inward_FDI_Net_Flow_GDP_Pct_asinh,Oil_Rent_Intensive_Pre2016_ge15pct,Future_Period,train_to_2012__test_from_2013,Ridge,257,29,1551040977,signal_increment,M2_Macro_Oil,M3_Macro_Oil_RegQuality,2000,-0.002286552931188,-0.0023586880499205,-0.0024813559822942,-0.0068888545724784,0.0012072883031169,-7.2135118732497e-05,7.2135118732497e-05,0.093,0.005,0.0,0.0,0.0049321263069433,0.0049016459290808,-0.0004854953064774,0.0108974025819355,Unsupported,29,2000,29,29,14,18.0,24,11.0,True,391aab15050d43bc87e1481d1e8e96bb04f006c1c604da043c06f02b7ceb56a5
M2_Macro_Oil_vs_M3_Macro_Oil_RegQuality__normalized__Oil_Rent_Intensive_Pre2016_ge15pct,Regulatory_Quality_lag1,normalized,Inward_FDI_Net_Flow_GDP_Pct_asinh,Oil_Rent_Intensive_Pre2016_ge15pct,Future_Period,train_to_2014__test_from_2015,ElasticNet,202,29,2647337742,signal_increment,M2_Macro_Oil,M3_Macro_Oil_RegQuality,2000,-0.0003480780572785,-0.0003752316899801,-0.0003589495153109,-0.0016973142759607,0.0009334253387589,-2.7153632701615305e-05,2.7153632701615305e-05,0.283,0.0,0.0,0.0,0.0004780206622332,0.0004758639619711,-0.0013684420108099,0.0022456054001389,Setup-dependent,29,2000,29,29,12,19.0,25,10.0,True,76134fbcfe8facace1cde6f784da769727c299fd330414359f07f31b9152d3c3
M2_Macro_Oil_vs_M3_Macro_Oil_RegQuality__normalized__Oil_Rent_Intensive_Pre2016_ge15pct,Regulatory_Quality_lag1,normalized,Inward_FDI_Net_Flow_GDP_Pct_asinh,Oil_Rent_Intensive_Pre2016_ge15pct,Future_Period,train_to_2014__test_from_2015,RandomForest,202,29,2647337742,signal_increment,M2_Macro_Oil,M3_Macro_Oil_RegQuality,2000,0.020826270236429,0.022018319318633,0.0214918863917495,-0.0277397008972955,0.0687184396144886,0.001192049082204,0.001192049082204,0.8065,0.785,0.751,0.685,-0.0240390607257584,-0.0231125286984849,-0.0605355452194679,0.009845929076453,Directionally positive but marginal,29,2000,29,29,12,19.0,25,10.0,True,76134fbcfe8facace1cde6f784da769727c299fd330414359f07f31b9152d3c3
M2_Macro_Oil_vs_M3_Macro_Oil_RegQuality__normalized__Oil_Rent_Intensive_Pre2016_ge15pct,Regulatory_Quality_lag1,normalized,Inward_FDI_Net_Flow_GDP_Pct_asinh,Oil_Rent_Intensive_Pre2016_ge15pct,Future_Period,train_to_2014__test_from_2015,Ridge,202,29,2647337742,signal_increment,M2_Macro_Oil,M3_Macro_Oil_RegQuality,2000,-0.0003640388635423,-0.0003895824208017,-0.00037663947807,-0.0017108490031775,0.0008894056242752,-2.554355725942204e-05,2.554355725942204e-05,0.2685,0.0,0.0,0.0,0.0005838201738533,0.000583864608884,-0.0011680396357828,0.0022517738493193,Setup-dependent,29,2000,29,29,12,19.0,25,10.0,True,76134fbcfe8facace1cde6f784da769727c299fd330414359f07f31b9152d3c3
M2_Macro_Oil_vs_M3_Macro_Oil_RegQuality__normalized__Oil_Rent_Intensive_Pre2016_ge15pct,Regulatory_Quality_lag1,normalized,Inward_FDI_Net_Flow_GDP_Pct_asinh,Oil_Rent_Intensive_Pre2016_ge15pct,Future_Period,train_to_2015__test_from_2016,ElasticNet,175,26,1327298167,signal_increment,M2_Macro_Oil,M3_Macro_Oil_RegQuality,2000,-0.0029771772136004,-0.0029146558082456,-0.003026865960536,-0.0077607070859183,0.0013712687498525,6.252140535484285e-05,6.252140535484285e-05,0.0975,0.006,0.0005,0.0,0.003649489555516,0.0035017123001459,-0.0034172087773875,0.0107776873648579,Unsupported,26,2000,26,26,11,17.0,22,9.0,True,70e1178f5dee8a617881d85bc7ff9b30fd74c0959e4e193212d14ea21257b8cf
M2_Macro_Oil_vs_M3_Macro_Oil_RegQuality__normalized__Oil_Rent_Intensive_Pre2016_ge15pct,Regulatory_Quality_lag1,normalized,Inward_FDI_Net_Flow_GDP_Pct_asinh,Oil_Rent_Intensive_Pre2016_ge15pct,Future_Period,train_to_2015__test_from_2016,RandomForest,175,26,1327298167,signal_increment,M2_Macro_Oil,M3_Macro_Oil_RegQuality,2000,0.0152657173945617,0.0128592975518253,0.0140415553279147,-0.0470519154242889,0.0827319318917066,-0.0024064198427364,0.0024064198427364,0.6425,0.6195,0.591,0.536,6.622653434884551e-05,0.0008588222358529,-0.0443410333398693,0.040531530406482,Setup-dependent,26,2000,26,26,11,17.0,22,9.0,True,70e1178f5dee8a617881d85bc7ff9b30fd74c0959e4e193212d14ea21257b8cf
M2_Macro_Oil_vs_M3_Macro_Oil_RegQuality__normalized__Oil_Rent_Intensive_Pre2016_ge15pct,Regulatory_Quality_lag1,normalized,Inward_FDI_Net_Flow_GDP_Pct_asinh,Oil_Rent_Intensive_Pre2016_ge15pct,Future_Period,train_to_2015__test_from_2016,Ridge,175,26,1327298167,signal_increment,M2_Macro_Oil,M3_Macro_Oil_RegQuality,2000,-0.0035317585685475,-0.0035850647272679,-0.0036257975875398,-0.0085919600873574,0.0011445564108242,-5.330615872034539e-05,5.330615872034539e-05,0.0725,0.0075,0.0005,0.0,0.003731627840798,0.0037141700403675,-0.0041454670837273,0.0110095880554527,Unsupported,26,2000,26,26,11,17.0,22,9.0,True,70e1178f5dee8a617881d85bc7ff9b30fd74c0959e4e193212d14ea21257b8cf
M2_Macro_Oil_vs_M3_Macro_Oil_RegQuality__normalized__Oil_Rent_Intensive_Pre2016_ge15pct,Regulatory_Quality_lag1,normalized,Inward_FDI_Net_Flow_GDP_Pct_asinh,Oil_Rent_Intensive_Pre2016_ge15pct,Future_Period,train_to_2016__test_from_2017,ElasticNet,150,26,3493563170,signal_increment,M2_Macro_Oil,M3_Macro_Oil_RegQuality,2000,-0.0020725578416859,-0.0021209242551387,-0.0022760945081165,-0.0060362618037543,0.0005386050204552,-4.836641345284942e-05,4.836641345284942e-05,0.059,0.0005,0.0,0.0,0.002461541695777,0.0025412275129396,-0.003110121975182,0.0084971654206576,Unsupported,26,2000,26,26,11,17.0,22,9.0,True,88817a724cb9b2e7542a1e94edfae22bd63f4da629a03c2a213af9305db458b8
M2_Macro_Oil_vs_M3_Macro_Oil_RegQuality__normalized__Oil_Rent_Intensive_Pre2016_ge15pct,Regulatory_Quality_lag1,normalized,Inward_FDI_Net_Flow_GDP_Pct_asinh,Oil_Rent_Intensive_Pre2016_ge15pct,Future_Period,train_to_2016__test_from_2017,RandomForest,150,26,3493563170,signal_increment,M2_Macro_Oil,M3_Macro_Oil_RegQuality,2000,-0.006709439693123,-0.0047678881968201,-0.0059706380791369,-0.0480675109978114,0.0310575886228396,0.0019415514963029,0.0019415514963029,0.411,0.356,0.3125,0.2205,-0.0041372978159109,-0.0044970526660486,-0.0366482913593385,0.0264734168550158,Setup-dependent,26,2000,26,26,11,17.0,22,9.0,True,88817a724cb9b2e7542a1e94edfae22bd63f4da629a03c2a213af9305db458b8
M2_Macro_Oil_vs_M3_Macro_Oil_RegQuality__normalized__Oil_Rent_Intensive_Pre2016_ge15pct,Regulatory_Quality_lag1,normalized,Inward_FDI_Net_Flow_GDP_Pct_asinh,Oil_Rent_Intensive_Pre2016_ge15pct,Future_Period,train_to_2016__test_from_2017,Ridge,150,26,3493563170,signal_increment,M2_Macro_Oil,M3_Macro_Oil_RegQuality,2000,-0.0021539644567967,-0.002209231125819,-0.0023705358570264,-0.0061835716651734,0.0004549181239,-5.526666902228028e-05,5.526666902228028e-05,0.0545,0.0,0.0,0.0,0.0024863296080843,0.0025761029356388,-0.0029920239791379,0.0083987987790265,Unsupported,26,2000,26,26,11,17.0,22,9.0,True,88817a724cb9b2e7542a1e94edfae22bd63f4da629a03c2a213af9305db458b8
M2_Macro_Oil_vs_M3_Macro_Oil_RegQuality__normalized__Oil_Rent_Intensive_Pre2016_ge15pct,Regulatory_Quality_lag1,normalized,Inward_FDI_Net_Flow_GDP_Pct_asinh,Oil_Rent_Intensive_Pre2016_ge15pct,Future_Period,train_to_2018__test_from_2019,ElasticNet,100,26,857794889,signal_increment,M2_Macro_Oil,M3_Macro_Oil_RegQuality,2000,-1.2832725064804151e-06,-1.917666620776526e-06,-7.91797390484017e-07,-2.8196682504200155e-05,3.652896827004143e-05,-6.343941142961107e-07,6.343941142961107e-07,0.4515,0.0,0.0,0.0,5.21276643328239e-06,6.632267485984222e-06,-3.4329499329885385e-05,4.189396759186612e-05,Coverage-limited,26,2000,26,26,11,17.0,21,9.0,True,ec09a4557495b6c65fd18a1e05a735705f70f6c197bac7d3693a8925e305de41
M2_Macro_Oil_vs_M3_Macro_Oil_RegQuality__normalized__Oil_Rent_Intensive_Pre2016_ge15pct,Regulatory_Quality_lag1,normalized,Inward_FDI_Net_Flow_GDP_Pct_asinh,Oil_Rent_Intensive_Pre2016_ge15pct,Future_Period,train_to_2018__test_from_2019,RandomForest,100,26,857794889,signal_increment,M2_Macro_Oil,M3_Macro_Oil_RegQuality,2000,0.0063823889592036,0.0062998518860328,0.0066871092930455,-0.0248784536244237,0.0378340165707645,-8.253707317074088e-05,8.253707317074088e-05,0.6635,0.6055,0.5345,0.4105,-0.0314200142184559,-0.0297880036326688,-0.0702481537752424,0.0041381281469803,Coverage-limited,26,2000,26,26,11,17.0,21,9.0,True,ec09a4557495b6c65fd18a1e05a735705f70f6c197bac7d3693a8925e305de41
M2_Macro_Oil_vs_M3_Macro_Oil_RegQuality__normalized__Oil_Rent_Intensive_Pre2016_ge15pct,Regulatory_Quality_lag1,normalized,Inward_FDI_Net_Flow_GDP_Pct_asinh,Oil_Rent_Intensive_Pre2016_ge15pct,Future_Period,train_to_2018__test_from_2019,Ridge,100,26,857794889,signal_increment,M2_Macro_Oil,M3_Macro_Oil_RegQuality,2000,6.574449328722309e-06,1.2151469196808318e-05,6.834167502239862e-08,-0.0003625399351935,0.000273639124357,5.577019868086008e-06,5.577019868086008e-06,0.5345,0.0,0.0,0.0,-8.84113492980454e-05,-9.449938274891378e-05,-0.000450091011844,0.0002994996543437,Coverage-limited,26,2000,26,26,11,17.0,21,9.0,True,ec09a4557495b6c65fd18a1e05a735705f70f6c197bac7d3693a8925e305de41
M2_Macro_Oil_vs_M3_Macro_Oil_RegQuality__normalized__Oil_Rent_Intensive_Pre2016_ge1pct,Regulatory_Quality_lag1,normalized,Inward_FDI_Net_Flow_GDP_Pct_asinh,Oil_Rent_Intensive_Pre2016_ge1pct,Country_Holdout_CV,OOF_ALL_FOLDS,ElasticNet,1390,69,2748375429,signal_increment,M2_Macro_Oil,M3_Macro_Oil_RegQuality,2000,-0.0014731082748452,-0.0015112166385435,-0.0015530653660526,-0.0041722954069017,0.0008044619233155,-3.810836369833037e-05,3.810836369833037e-05,0.106,0.0,0.0,0.0,-0.000175097569749,-0.0001557550001929,-0.0027769916778799,0.0023066043020881,Unsupported,69,2000,69,69,36,44.0,52,25.0,True,82655591668e61915fd09b4b8f747438345e8d60ea9fcdd79c42524f5eff63d3
M2_Macro_Oil_vs_M3_Macro_Oil_RegQuality__normalized__Oil_Rent_Intensive_Pre2016_ge1pct,Regulatory_Quality_lag1,normalized,Inward_FDI_Net_Flow_GDP_Pct_asinh,Oil_Rent_Intensive_Pre2016_ge1pct,Country_Holdout_CV,OOF_ALL_FOLDS,RandomForest,1390,69,2748375429,signal_increment,M2_Macro_Oil,M3_Macro_Oil_RegQuality,2000,0.0004438235295318,0.0011905163206253,0.0004512943001666,-0.0287253546969735,0.0252861684741032,0.0007466927910934,0.0007466927910934,0.534,0.4545,0.3825,0.243,-0.0005915027262337,-0.0013717050071387,-0.0197917377829344,0.023902972866303,Setup-dependent,69,2000,69,69,36,44.0,52,25.0,True,82655591668e61915fd09b4b8f747438345e8d60ea9fcdd79c42524f5eff63d3
M2_Macro_Oil_vs_M3_Macro_Oil_RegQuality__normalized__Oil_Rent_Intensive_Pre2016_ge1pct,Regulatory_Quality_lag1,normalized,Inward_FDI_Net_Flow_GDP_Pct_asinh,Oil_Rent_Intensive_Pre2016_ge1pct,Country_Holdout_CV,OOF_ALL_FOLDS,Ridge,1390,69,2748375429,signal_increment,M2_Macro_Oil,M3_Macro_Oil_RegQuality,2000,-0.0015195152290085,-0.0015187756752372,-0.0016495376087654,-0.0068215304594662,0.0027151672371974,7.395537712784339e-07,7.395537712784339e-07,0.2635,0.032,0.0005,0.0,-0.000612888051765,-0.0005492200104231,-0.004699791916232,0.0037906708702582,Setup-dependent,69,2000,69,69,36,44.0,52,25.0,True,82655591668e61915fd09b4b8f747438345e8d60ea9fcdd79c42524f5eff63d3
M2_Macro_Oil_vs_M3_Macro_Oil_RegQuality__normalized__Oil_Rent_Intensive_Pre2016_ge1pct,Regulatory_Quality_lag1,normalized,Inward_FDI_Net_Flow_GDP_Pct_asinh,Oil_Rent_Intensive_Pre2016_ge1pct,Future_Period,train_to_2012__test_from_2013,ElasticNet,627,68,2032981140,signal_increment,M2_Macro_Oil,M3_Macro_Oil_RegQuality,2000,-4.725912919889552e-07,-4.649105246889995e-07,-4.859954985713677e-07,-1.959268029391725e-06,9.339905235605792e-07,7.680767299955704e-09,7.680767299955704e-09,0.249,0.0,0.0,0.0,-6.541866327536283e-07,-6.357479114815767e-07,-2.217516472707848e-06,8.670096399460146e-07,Setup-dependent,68,2000,68,68,34,43.0,54,25.0,True,9b8f349c666092082140371d25500e23fb9e6f701b47ecc76d790444d89658b4
M2_Macro_Oil_vs_M3_Macro_Oil_RegQuality__normalized__Oil_Rent_Intensive_Pre2016_ge1pct,Regulatory_Quality_lag1,normalized,Inward_FDI_Net_Flow_GDP_Pct_asinh,Oil_Rent_Intensive_Pre2016_ge1pct,Future_Period,train_to_2012__test_from_2013,RandomForest,627,68,2032981140,signal_increment,M2_Macro_Oil,M3_Macro_Oil_RegQuality,2000,0.0215000505784909,0.0214030159193047,0.0211724309544076,-0.0146900788239846,0.0565836283205923,-9.703465918620148e-05,9.703465918620148e-05,0.874,0.8445,0.8145,0.7295,-0.0163217187672194,-0.0161784090920541,-0.0400169840041058,0.0061869899226324,Directionally positive but marginal,68,2000,68,68,34,43.0,54,25.0,True,9b8f349c666092082140371d25500e23fb9e6f701b47ecc76d790444d89658b4
M2_Macro_Oil_vs_M3_Macro_Oil_RegQuality__normalized__Oil_Rent_Intensive_Pre2016_ge1pct,Regulatory_Quality_lag1,normalized,Inward_FDI_Net_Flow_GDP_Pct_asinh,Oil_Rent_Intensive_Pre2016_ge1pct,Future_Period,train_to_2012__test_from_2013,Ridge,627,68,2032981140,signal_increment,M2_Macro_Oil,M3_Macro_Oil_RegQuality,2000,0.0015996033140817,0.0015929766058768,0.00162570754272,0.0002276660450476,0.0033229354228468,-6.626708204837684e-06,6.626708204837684e-06,0.989,0.1235,0.0,0.0,-0.0011232679691075,-0.0011300397039272,-0.0028962397742904,0.0006921298723945,Directionally positive but marginal,68,2000,68,68,34,43.0,54,25.0,True,9b8f349c666092082140371d25500e23fb9e6f701b47ecc76d790444d89658b4
M2_Macro_Oil_vs_M3_Macro_Oil_RegQuality__normalized__Oil_Rent_Intensive_Pre2016_ge1pct,Regulatory_Quality_lag1,normalized,Inward_FDI_Net_Flow_GDP_Pct_asinh,Oil_Rent_Intensive_Pre2016_ge1pct,Future_Period,train_to_2014__test_from_2015,ElasticNet,496,68,168411736,signal_increment,M2_Macro_Oil,M3_Macro_Oil_RegQuality,2000,0.000645153740985,0.0006564669361782,0.0006530634142298,-0.0004564882340853,0.0017546435521343,1.1313195193152216e-05,1.1313195193152216e-05,0.894,0.001,0.0,0.0,-0.0002845599349112,-0.0002792860718652,-0.0014906181016373,0.000976905835496,Directionally positive but marginal,68,2000,68,68,34,43.0,51,25.0,True,a61d58724c71a24ccba5c513ef8c59097a49853ce1e091c18e814edb874bd6c7
M2_Macro_Oil_vs_M3_Macro_Oil_RegQuality__normalized__Oil_Rent_Intensive_Pre2016_ge1pct,Regulatory_Quality_lag1,normalized,Inward_FDI_Net_Flow_GDP_Pct_asinh,Oil_Rent_Intensive_Pre2016_ge1pct,Future_Period,train_to_2014__test_from_2015,RandomForest,496,68,168411736,signal_increment,M2_Macro_Oil,M3_Macro_Oil_RegQuality,2000,0.005652291029991,0.0058937168833761,0.0057253181840167,-0.0220727240874686,0.0314275012337489,0.0002414258533851,0.0002414258533851,0.694,0.613,0.5275,0.3715,-0.0075899452492653,-0.0077550083935378,-0.0276779331770319,0.0112713424594113,Setup-dependent,68,2000,68,68,34,43.0,51,25.0,True,a61d58724c71a24ccba5c513ef8c59097a49853ce1e091c18e814edb874bd6c7
M2_Macro_Oil_vs_M3_Macro_Oil_RegQuality__normalized__Oil_Rent_Intensive_Pre2016_ge1pct,Regulatory_Quality_lag1,normalized,Inward_FDI_Net_Flow_GDP_Pct_asinh,Oil_Rent_Intensive_Pre2016_ge1pct,Future_Period,train_to_2014__test_from_2015,Ridge,496,68,168411736,signal_increment,M2_Macro_Oil,M3_Macro_Oil_RegQuality,2000,0.0017639393019202,0.0018223879830068,0.0017751160671099,-0.0024051356060805,0.005812200388984,5.844868108662027e-05,5.844868108662027e-05,0.8255,0.36,0.062,0.0,-0.0007916864930916,-0.0007723789715158,-0.0051487892725039,0.0037089274524132,Directionally positive but marginal,68,2000,68,68,34,43.0,51,25.0,True,a61d58724c71a24ccba5c513ef8c59097a49853ce1e091c18e814edb874bd6c7
M2_Macro_Oil_vs_M3_Macro_Oil_RegQuality__normalized__Oil_Rent_Intensive_Pre2016_ge1pct,Regulatory_Quality_lag1,normalized,Inward_FDI_Net_Flow_GDP_Pct_asinh,Oil_Rent_Intensive_Pre2016_ge1pct,Future_Period,train_to_2015__test_from_2016,ElasticNet,431,65,3094905674,signal_increment,M2_Macro_Oil,M3_Macro_Oil_RegQuality,2000,-1.2201137988832045e-08,-2.1700475250074905e-08,-1.5692649043996808e-08,-2.728344323077447e-07,2.627349659473088e-07,-9.499337261242856e-09,9.499337261242856e-09,0.425,0.0,0.0,0.0,-8.602429013571111e-08,-8.55628903284611e-08,-3.216047057719162e-07,1.619926549650819e-07,Setup-dependent,65,2000,65,65,32,41.0,50,24.0,True,039aefd2933e06a58719684d55cdaf69ab8bf85d83668cfdad9e4d384340bc81
M2_Macro_Oil_vs_M3_Macro_Oil_RegQuality__normalized__Oil_Rent_Intensive_Pre2016_ge1pct,Regulatory_Quality_lag1,normalized,Inward_FDI_Net_Flow_GDP_Pct_asinh,Oil_Rent_Intensive_Pre2016_ge1pct,Future_Period,train_to_2015__test_from_2016,RandomForest,431,65,3094905674,signal_increment,M2_Macro_Oil,M3_Macro_Oil_RegQuality,2000,-0.0147234092324145,-0.0151448815192339,-0.0153718265196417,-0.0438316883208282,0.0109729420091124,-0.0004214722868194,0.0004214722868194,0.138,0.1025,0.0705,0.032,-0.0019836232253441,-0.0015625006202983,-0.0262792142875684,0.0234691426523216,Unsupported,65,2000,65,65,32,41.0,50,24.0,True,039aefd2933e06a58719684d55cdaf69ab8bf85d83668cfdad9e4d384340bc81
M2_Macro_Oil_vs_M3_Macro_Oil_RegQuality__normalized__Oil_Rent_Intensive_Pre2016_ge1pct,Regulatory_Quality_lag1,normalized,Inward_FDI_Net_Flow_GDP_Pct_asinh,Oil_Rent_Intensive_Pre2016_ge1pct,Future_Period,train_to_2015__test_from_2016,Ridge,431,65,3094905674,signal_increment,M2_Macro_Oil,M3_Macro_Oil_RegQuality,2000,0.001343726614944,0.0013685925101166,0.0013862800148799,0.0002223309130363,0.0026698650070521,2.486589517258775e-05,2.486589517258775e-05,0.988,0.046,0.0005,0.0,-0.0005775636745135,-0.0005892312230927,-0.002025959090848,0.0008691406753284,Directionally positive but marginal,65,2000,65,65,32,41.0,50,24.0,True,039aefd2933e06a58719684d55cdaf69ab8bf85d83668cfdad9e4d384340bc81
M2_Macro_Oil_vs_M3_Macro_Oil_RegQuality__normalized__Oil_Rent_Intensive_Pre2016_ge1pct,Regulatory_Quality_lag1,normalized,Inward_FDI_Net_Flow_GDP_Pct_asinh,Oil_Rent_Intensive_Pre2016_ge1pct,Future_Period,train_to_2016__test_from_2017,ElasticNet,368,65,763932392,signal_increment,M2_Macro_Oil,M3_Macro_Oil_RegQuality,2000,7.246069966271308e-08,7.085643838333766e-08,7.73564371828739e-08,-6.69197766192675e-07,8.168782967915566e-07,-1.604261279375407e-09,1.604261279375407e-09,0.589,0.0,0.0,0.0,-2.1470611233365133e-07,-2.029889125121365e-07,-8.382543221469029e-07,3.890362273023526e-07,Setup-dependent,65,2000,65,65,32,41.0,50,24.0,True,af4fd72065439de0553dda481819015446193827e3761f45998037afda20e2ef
M2_Macro_Oil_vs_M3_Macro_Oil_RegQuality__normalized__Oil_Rent_Intensive_Pre2016_ge1pct,Regulatory_Quality_lag1,normalized,Inward_FDI_Net_Flow_GDP_Pct_asinh,Oil_Rent_Intensive_Pre2016_ge1pct,Future_Period,train_to_2016__test_from_2017,RandomForest,368,65,763932392,signal_increment,M2_Macro_Oil,M3_Macro_Oil_RegQuality,2000,-0.0345026957040585,-0.0343032616799159,-0.0337006946300958,-0.0566195040117188,-0.0072158757678389,0.0001994340241425,0.0001994340241425,0.0105,0.007,0.0045,0.003,0.0073498370711319,0.0077860084248443,-0.0155691088907887,0.0288594103237371,Unsupported,65,2000,65,65,32,41.0,50,24.0,True,af4fd72065439de0553dda481819015446193827e3761f45998037afda20e2ef
M2_Macro_Oil_vs_M3_Macro_Oil_RegQuality__normalized__Oil_Rent_Intensive_Pre2016_ge1pct,Regulatory_Quality_lag1,normalized,Inward_FDI_Net_Flow_GDP_Pct_asinh,Oil_Rent_Intensive_Pre2016_ge1pct,Future_Period,train_to_2016__test_from_2017,Ridge,368,65,763932392,signal_increment,M2_Macro_Oil,M3_Macro_Oil_RegQuality,2000,0.0020383771559611,0.00208788192412,0.0021385952832514,0.0001810736129646,0.0045104876609049,4.950476815895888e-05,4.950476815895888e-05,0.984,0.332,0.0115,0.0,-0.0004906107079933,-0.0005062948379343,-0.0031154364382688,0.002060354157666,Directionally positive but marginal,65,2000,65,65,32,41.0,50,24.0,True,af4fd72065439de0553dda481819015446193827e3761f45998037afda20e2ef
M2_Macro_Oil_vs_M3_Macro_Oil_RegQuality__normalized__Oil_Rent_Intensive_Pre2016_ge1pct,Regulatory_Quality_lag1,normalized,Inward_FDI_Net_Flow_GDP_Pct_asinh,Oil_Rent_Intensive_Pre2016_ge1pct,Future_Period,train_to_2018__test_from_2019,ElasticNet,244,63,2159923467,signal_increment,M2_Macro_Oil,M3_Macro_Oil_RegQuality,2000,0.0006166033309072,0.000618674517567,0.000620218703929,-0.001150263311177,0.0024242510821086,2.0711866597911133e-06,2.0711866597911133e-06,0.762,0.0235,0.0,0.0,-0.0002895934912318,-0.0002320200724993,-0.0021450215317815,0.0015698315467267,Setup-dependent,63,2000,63,63,32,40.0,48,23.0,True,ea896012086dca3b7e2fe00d4d8a736efd6ce6b6f8da102d5d05c69f3168d3b8
M2_Macro_Oil_vs_M3_Macro_Oil_RegQuality__normalized__Oil_Rent_Intensive_Pre2016_ge1pct,Regulatory_Quality_lag1,normalized,Inward_FDI_Net_Flow_GDP_Pct_asinh,Oil_Rent_Intensive_Pre2016_ge1pct,Future_Period,train_to_2018__test_from_2019,RandomForest,244,63,2159923467,signal_increment,M2_Macro_Oil,M3_Macro_Oil_RegQuality,2000,0.0256727688054136,0.0268495389934939,0.0270755853845037,-0.0082345387619504,0.0639642707395018,0.0011767701880802,0.0011767701880802,0.9365,0.919,0.894,0.839,-0.028880893030749,-0.0291501455105304,-0.0573623339636009,-0.0038636590089804,Directionally positive but marginal,63,2000,63,63,32,40.0,48,23.0,True,ea896012086dca3b7e2fe00d4d8a736efd6ce6b6f8da102d5d05c69f3168d3b8
M2_Macro_Oil_vs_M3_Macro_Oil_RegQuality__normalized__Oil_Rent_Intensive_Pre2016_ge1pct,Regulatory_Quality_lag1,normalized,Inward_FDI_Net_Flow_GDP_Pct_asinh,Oil_Rent_Intensive_Pre2016_ge1pct,Future_Period,train_to_2018__test_from_2019,Ridge,244,63,2159923467,signal_increment,M2_Macro_Oil,M3_Macro_Oil_RegQuality,2000,0.0012772617206225,0.0013064803590836,0.0012653976200629,-0.0040625284654209,0.0065232203949842,2.921863846105932e-05,2.921863846105932e-05,0.692,0.317,0.0775,0.0005,-0.000351714893871,-0.0002330064442166,-0.0057683533995835,0.0049448822011158,Setup-dependent,63,2000,63,63,32,40.0,48,23.0,True,ea896012086dca3b7e2fe00d4d8a736efd6ce6b6f8da102d5d05c69f3168d3b8
M2_Macro_Oil_vs_M3_Macro_Oil_RegQuality__normalized__Oil_Rent_Intensive_Pre2016_ge5pct,Regulatory_Quality_lag1,normalized,Inward_FDI_Net_Flow_GDP_Pct_asinh,Oil_Rent_Intensive_Pre2016_ge5pct,Country_Holdout_CV,OOF_ALL_FOLDS,ElasticNet,892,45,3260500765,signal_increment,M2_Macro_Oil,M3_Macro_Oil_RegQuality,2000,-0.0038586508226908,-0.0034819760879139,-0.0039136994019207,-0.0109913462256082,0.0013633736558766,0.0003766747347769,0.0003766747347769,0.085,0.0065,0.0,0.0,0.0031520257199896,0.0029229744855622,-0.0029006898168692,0.0104255423365554,Unsupported,45,2000,45,45,22,29.0,35,16.0,True,3806a180522dca091f161ff949366c15aa5f44d60a6e89739f52b322e251af1c
M2_Macro_Oil_vs_M3_Macro_Oil_RegQuality__normalized__Oil_Rent_Intensive_Pre2016_ge5pct,Regulatory_Quality_lag1,normalized,Inward_FDI_Net_Flow_GDP_Pct_asinh,Oil_Rent_Intensive_Pre2016_ge5pct,Country_Holdout_CV,OOF_ALL_FOLDS,RandomForest,892,45,3260500765,signal_increment,M2_Macro_Oil,M3_Macro_Oil_RegQuality,2000,-0.0219674123750333,-0.0210687916366872,-0.0224243135778867,-0.0728140909678969,0.018086902242252,0.000898620738346,0.000898620738346,0.1685,0.1325,0.1045,0.071,0.0226735498216499,0.0216365783345453,-0.0062726035968611,0.0537716416491732,Unsupported,45,2000,45,45,22,29.0,35,16.0,True,3806a180522dca091f161ff949366c15aa5f44d60a6e89739f52b322e251af1c
M2_Macro_Oil_vs_M3_Macro_Oil_RegQuality__normalized__Oil_Rent_Intensive_Pre2016_ge5pct,Regulatory_Quality_lag1,normalized,Inward_FDI_Net_Flow_GDP_Pct_asinh,Oil_Rent_Intensive_Pre2016_ge5pct,Country_Holdout_CV,OOF_ALL_FOLDS,Ridge,892,45,3260500765,signal_increment,M2_Macro_Oil,M3_Macro_Oil_RegQuality,2000,-0.00488113123652,-0.0042609721028831,-0.0049447160279058,-0.0159412213357982,0.0028448559092129,0.0006201591336368,0.0006201591336368,0.14,0.033,0.0065,0.0,0.0028453154427937,0.002394912033827,-0.0058642028470474,0.0132045639533172,Unsupported,45,2000,45,45,22,29.0,35,16.0,True,3806a180522dca091f161ff949366c15aa5f44d60a6e89739f52b322e251af1c
M2_Macro_Oil_vs_M3_Macro_Oil_RegQuality__normalized__Oil_Rent_Intensive_Pre2016_ge5pct,Regulatory_Quality_lag1,normalized,Inward_FDI_Net_Flow_GDP_Pct_asinh,Oil_Rent_Intensive_Pre2016_ge5pct,Future_Period,train_to_2012__test_from_2013,ElasticNet,405,44,3519754937,signal_increment,M2_Macro_Oil,M3_Macro_Oil_RegQuality,2000,0.0002688283664972,0.0002884636235044,0.0002761729707231,-0.0004479063735637,0.000900470262105,1.963525700726665e-05,1.963525700726665e-05,0.8105,0.0,0.0,0.0,-0.0004584750877622,-0.0004536433207862,-0.0013569023009488,0.000398997739862,Directionally positive but marginal,44,2000,44,44,21,28.0,34,16.0,True,3f28baa535e9569193591de9c387ee9143a1a3ace797bdb9d593f9b7c8a07080
M2_Macro_Oil_vs_M3_Macro_Oil_RegQuality__normalized__Oil_Rent_Intensive_Pre2016_ge5pct,Regulatory_Quality_lag1,normalized,Inward_FDI_Net_Flow_GDP_Pct_asinh,Oil_Rent_Intensive_Pre2016_ge5pct,Future_Period,train_to_2012__test_from_2013,RandomForest,405,44,3519754937,signal_increment,M2_Macro_Oil,M3_Macro_Oil_RegQuality,2000,0.0225886313271436,0.022267924668093,0.022192279317827,-0.0037333271941225,0.0503998142608241,-0.0003207066590505,0.0003207066590505,0.949,0.9285,0.898,0.8185,-0.007558083096777,-0.0073932424505234,-0.0251784106104387,0.012707122365353,Directionally positive but marginal,44,2000,44,44,21,28.0,34,16.0,True,3f28baa535e9569193591de9c387ee9143a1a3ace797bdb9d593f9b7c8a07080
M2_Macro_Oil_vs_M3_Macro_Oil_RegQuality__normalized__Oil_Rent_Intensive_Pre2016_ge5pct,Regulatory_Quality_lag1,normalized,Inward_FDI_Net_Flow_GDP_Pct_asinh,Oil_Rent_Intensive_Pre2016_ge5pct,Future_Period,train_to_2012__test_from_2013,Ridge,405,44,3519754937,signal_increment,M2_Macro_Oil,M3_Macro_Oil_RegQuality,2000,0.0021869218824092,0.0022887028222137,0.0023172857048438,-3.7775615144610695e-05,0.0049252554472588,0.0001017809398045,0.0001017809398045,0.9735,0.4355,0.023,0.0,-0.003220454693921,-0.0032058747052786,-0.0069808456804665,9.784803618426644e-05,Directionally positive but marginal,44,2000,44,44,21,28.0,34,16.0,True,3f28baa535e9569193591de9c387ee9143a1a3ace797bdb9d593f9b7c8a07080
M2_Macro_Oil_vs_M3_Macro_Oil_RegQuality__normalized__Oil_Rent_Intensive_Pre2016_ge5pct,Regulatory_Quality_lag1,normalized,Inward_FDI_Net_Flow_GDP_Pct_asinh,Oil_Rent_Intensive_Pre2016_ge5pct,Future_Period,train_to_2014__test_from_2015,ElasticNet,320,44,2615677447,signal_increment,M2_Macro_Oil,M3_Macro_Oil_RegQuality,2000,0.0009233359061174,0.0010148720309053,0.000948877582368,-0.0027249952286689,0.0042972522427702,9.15361247879054e-05,9.15361247879054e-05,0.707,0.189,0.012,0.0,-0.0008685296490122,-0.000908383413523,-0.0055017004197242,0.0039277269621066,Setup-dependent,44,2000,44,44,21,28.0,35,16.0,True,804314fc9b4d4dfbe4f6299577a10c0ab302d9b332dc43ae66f8dc158c235d62
M2_Macro_Oil_vs_M3_Macro_Oil_RegQuality__normalized__Oil_Rent_Intensive_Pre2016_ge5pct,Regulatory_Quality_lag1,normalized,Inward_FDI_Net_Flow_GDP_Pct_asinh,Oil_Rent_Intensive_Pre2016_ge5pct,Future_Period,train_to_2014__test_from_2015,RandomForest,320,44,2615677447,signal_increment,M2_Macro_Oil,M3_Macro_Oil_RegQuality,2000,-0.0307749989474007,-0.0305507193533215,-0.0301956533269125,-0.0587951055884473,0.0001482744241436,0.0002242795940792,0.0002242795940792,0.026,0.015,0.009,0.0045,0.0092668079991145,0.009110065526403,-0.0095188941694111,0.0268964512903554,Unsupported,44,2000,44,44,21,28.0,35,16.0,True,804314fc9b4d4dfbe4f6299577a10c0ab302d9b332dc43ae66f8dc158c235d62
M2_Macro_Oil_vs_M3_Macro_Oil_RegQuality__normalized__Oil_Rent_Intensive_Pre2016_ge5pct,Regulatory_Quality_lag1,normalized,Inward_FDI_Net_Flow_GDP_Pct_asinh,Oil_Rent_Intensive_Pre2016_ge5pct,Future_Period,train_to_2014__test_from_2015,Ridge,320,44,2615677447,signal_increment,M2_Macro_Oil,M3_Macro_Oil_RegQuality,2000,0.001122839372965,0.0012890075923414,0.0011526226315604,-0.0051094430398547,0.006732985635481,0.0001661682193763,0.0001661682193763,0.6595,0.342,0.097,0.0035,-0.0013658438180297,-0.0014575178262802,-0.0088920352658361,0.0064203866147457,Setup-dependent,44,2000,44,44,21,28.0,35,16.0,True,804314fc9b4d4dfbe4f6299577a10c0ab302d9b332dc43ae66f8dc158c235d62
M2_Macro_Oil_vs_M3_Macro_Oil_RegQuality__normalized__Oil_Rent_Intensive_Pre2016_ge5pct,Regulatory_Quality_lag1,normalized,Inward_FDI_Net_Flow_GDP_Pct_asinh,Oil_Rent_Intensive_Pre2016_ge5pct,Future_Period,train_to_2015__test_from_2016,ElasticNet,278,41,3686941358,signal_increment,M2_Macro_Oil,M3_Macro_Oil_RegQuality,2000,0.0004962768918054,0.0004892823760795,0.0004914729749641,-0.0001259644840134,0.0010778472727044,-6.994515725888828e-06,6.994515725888828e-06,0.9415,0.0,0.0,0.0,-0.0002216145379195,-0.0001855373647077,-0.001093313138374,0.0006921069528787,Directionally positive but marginal,41,2000,41,41,19,26.0,33,15.0,True,87aa9026a27903287e254237335e842640955e83b75d11ed5204604f8fbf7660
M2_Macro_Oil_vs_M3_Macro_Oil_RegQuality__normalized__Oil_Rent_Intensive_Pre2016_ge5pct,Regulatory_Quality_lag1,normalized,Inward_FDI_Net_Flow_GDP_Pct_asinh,Oil_Rent_Intensive_Pre2016_ge5pct,Future_Period,train_to_2015__test_from_2016,RandomForest,278,41,3686941358,signal_increment,M2_Macro_Oil,M3_Macro_Oil_RegQuality,2000,-0.0357387344376187,-0.0363147662158906,-0.0347726689653642,-0.0877229160857993,0.0232876529810783,-0.0005760317782718,0.0005760317782718,0.1245,0.108,0.0955,0.0655,0.0175481388174678,0.0167933069869334,-0.0143988969847331,0.0488639938048525,Unsupported,41,2000,41,41,19,26.0,33,15.0,True,87aa9026a27903287e254237335e842640955e83b75d11ed5204604f8fbf7660
M2_Macro_Oil_vs_M3_Macro_Oil_RegQuality__normalized__Oil_Rent_Intensive_Pre2016_ge5pct,Regulatory_Quality_lag1,normalized,Inward_FDI_Net_Flow_GDP_Pct_asinh,Oil_Rent_Intensive_Pre2016_ge5pct,Future_Period,train_to_2015__test_from_2016,Ridge,278,41,3686941358,signal_increment,M2_Macro_Oil,M3_Macro_Oil_RegQuality,2000,0.0020926702954532,0.0020693322888794,0.0020724601252538,-0.0006617409017577,0.0046626253957038,-2.333800657378093e-05,2.333800657378093e-05,0.939,0.371,0.0125,0.0,-0.0012043674997361,-0.0010868576454099,-0.0048356559916975,0.0027416316711607,Directionally positive but marginal,41,2000,41,41,19,26.0,33,15.0,True,87aa9026a27903287e254237335e842640955e83b75d11ed5204604f8fbf7660
M2_Macro_Oil_vs_M3_Macro_Oil_RegQuality__normalized__Oil_Rent_Intensive_Pre2016_ge5pct,Regulatory_Quality_lag1,normalized,Inward_FDI_Net_Flow_GDP_Pct_asinh,Oil_Rent_Intensive_Pre2016_ge5pct,Future_Period,train_to_2016__test_from_2017,ElasticNet,238,41,1960742969,signal_increment,M2_Macro_Oil,M3_Macro_Oil_RegQuality,2000,0.0002905692386145,0.0002965316751087,0.0003096965922101,1.869908989304845e-05,0.0007003952856492,5.962436494200141e-06,5.962436494200141e-06,0.9845,0.0,0.0,0.0,-0.0001066815919489,-0.0001039844008879,-0.0005721070571336,0.0003732604525516,Directionally positive but marginal,41,2000,41,41,20,26.0,32,15.0,True,a3aa68e59db6bc11e3a36f41f270a49b7665761539f9eea7b354f89abf7aa6d6
M2_Macro_Oil_vs_M3_Macro_Oil_RegQuality__normalized__Oil_Rent_Intensive_Pre2016_ge5pct,Regulatory_Quality_lag1,normalized,Inward_FDI_Net_Flow_GDP_Pct_asinh,Oil_Rent_Intensive_Pre2016_ge5pct,Future_Period,train_to_2016__test_from_2017,RandomForest,238,41,1960742969,signal_increment,M2_Macro_Oil,M3_Macro_Oil_RegQuality,2000,0.0320260466001026,0.0318369975685423,0.0324098508345569,-0.0055673525414976,0.0709139772943178,-0.0001890490315603,0.0001890490315603,0.951,0.941,0.9245,0.8835,-0.0108713286933629,-0.0103210367196661,-0.0417193768660294,0.0208685061713698,Directionally positive but marginal,41,2000,41,41,20,26.0,32,15.0,True,a3aa68e59db6bc11e3a36f41f270a49b7665761539f9eea7b354f89abf7aa6d6
M2_Macro_Oil_vs_M3_Macro_Oil_RegQuality__normalized__Oil_Rent_Intensive_Pre2016_ge5pct,Regulatory_Quality_lag1,normalized,Inward_FDI_Net_Flow_GDP_Pct_asinh,Oil_Rent_Intensive_Pre2016_ge5pct,Future_Period,train_to_2016__test_from_2017,Ridge,238,41,1960742969,signal_increment,M2_Macro_Oil,M3_Macro_Oil_RegQuality,2000,0.0020663039333284,0.002099195152837,0.0022030388876289,3.7160490434807935e-05,0.0050740908184793,3.2891219508612846e-05,3.2891219508612846e-05,0.976,0.3535,0.026,0.0,-0.000902381174671,-0.000873774137209,-0.0043447099637322,0.0026430041474307,Directionally positive but marginal,41,2000,41,41,20,26.0,32,15.0,True,a3aa68e59db6bc11e3a36f41f270a49b7665761539f9eea7b354f89abf7aa6d6
M2_Macro_Oil_vs_M3_Macro_Oil_RegQuality__normalized__Oil_Rent_Intensive_Pre2016_ge5pct,Regulatory_Quality_lag1,normalized,Inward_FDI_Net_Flow_GDP_Pct_asinh,Oil_Rent_Intensive_Pre2016_ge5pct,Future_Period,train_to_2018__test_from_2019,ElasticNet,158,41,1082113186,signal_increment,M2_Macro_Oil,M3_Macro_Oil_RegQuality,2000,0.000896021079442,0.0010038509118021,0.0009617509341139,-0.0026828270461288,0.0042850524248229,0.00010782983236,0.00010782983236,0.7115,0.194,0.0105,0.0,-3.959331460468008e-06,1.8158132564838336e-05,-0.0042110029980467,0.0042972422587313,Setup-dependent,41,2000,41,41,20,26.0,33,15.0,True,35e84958cc9106696b54211e5814ee7f4486aca0c59c0b7b3e20fb19d838d516
M2_Macro_Oil_vs_M3_Macro_Oil_RegQuality__normalized__Oil_Rent_Intensive_Pre2016_ge5pct,Regulatory_Quality_lag1,normalized,Inward_FDI_Net_Flow_GDP_Pct_asinh,Oil_Rent_Intensive_Pre2016_ge5pct,Future_Period,train_to_2018__test_from_2019,RandomForest,158,41,1082113186,signal_increment,M2_Macro_Oil,M3_Macro_Oil_RegQuality,2000,-0.0024435888825705,-0.0018546565319932,-0.0017164793460113,-0.0358107213252982,0.0346838242405115,0.0005889323505772,0.0005889323505772,0.454,0.393,0.3415,0.2415,-0.0054651293040353,-0.0056686439574063,-0.0345372713243951,0.0240039525604081,Setup-dependent,41,2000,41,41,20,26.0,33,15.0,True,35e84958cc9106696b54211e5814ee7f4486aca0c59c0b7b3e20fb19d838d516
M2_Macro_Oil_vs_M3_Macro_Oil_RegQuality__normalized__Oil_Rent_Intensive_Pre2016_ge5pct,Regulatory_Quality_lag1,normalized,Inward_FDI_Net_Flow_GDP_Pct_asinh,Oil_Rent_Intensive_Pre2016_ge5pct,Future_Period,train_to_2018__test_from_2019,Ridge,158,41,1082113186,signal_increment,M2_Macro_Oil,M3_Macro_Oil_RegQuality,2000,0.0014503097548445,0.0016701022501846,0.0015684661519454,-0.0055959763302416,0.0079137908904591,0.00021979249534,0.00021979249534,0.6825,0.4055,0.154,0.006,-6.181635128499341e-05,-5.110382122225365e-05,-0.0079366420737366,0.0080600307765217,Setup-dependent,41,2000,41,41,20,26.0,33,15.0,True,35e84958cc9106696b54211e5814ee7f4486aca0c59c0b7b3e20fb19d838d516
M2_Macro_Oil_vs_M3_Macro_Oil_RegQuality__primary__All_Eligible,Regulatory_Quality_lag1,primary,Inward_FDI_Net_Flow_asinh,All_Eligible,Country_Holdout_CV,OOF_ALL_FOLDS,ElasticNet,3829,184,2184714555,signal_increment,M2_Macro_Oil,M3_Macro_Oil_RegQuality,2000,0.0014129659843841,0.0013694193060274,0.0013602947543174,-0.0008873089073232,0.003548187581792,-4.354667835670956e-05,4.354667835670956e-05,0.8915,0.158,0.0005,0.0,-0.0048399034050141,-0.0047192877349692,-0.0171724982590155,0.0080601065865663,Directionally positive but marginal,184,2000,184,184,104,117.0,132,67.0,True,0eb932f3f4180f9fff2a5bf80b8b12edfb6da362a95a09e044be59d770422e59
M2_Macro_Oil_vs_M3_Macro_Oil_RegQuality__primary__All_Eligible,Regulatory_Quality_lag1,primary,Inward_FDI_Net_Flow_asinh,All_Eligible,Country_Holdout_CV,OOF_ALL_FOLDS,RandomForest,3829,184,2184714555,signal_increment,M2_Macro_Oil,M3_Macro_Oil_RegQuality,2000,0.0159268584070404,0.0163863728939791,0.0161126587565231,-0.0036815129267155,0.0340329601567766,0.0004595144869387,0.0004595144869387,0.946,0.91,0.8665,0.738,-0.0167743753581581,-0.0163640451451919,-0.0524293216103431,0.0229589183292636,Directionally positive but marginal,184,2000,184,184,104,117.0,132,67.0,True,0eb932f3f4180f9fff2a5bf80b8b12edfb6da362a95a09e044be59d770422e59
M2_Macro_Oil_vs_M3_Macro_Oil_RegQuality__primary__All_Eligible,Regulatory_Quality_lag1,primary,Inward_FDI_Net_Flow_asinh,All_Eligible,Country_Holdout_CV,OOF_ALL_FOLDS,Ridge,3829,184,2184714555,signal_increment,M2_Macro_Oil,M3_Macro_Oil_RegQuality,2000,0.001398406146791,0.0013572336903933,0.0013352567111432,-0.0011478932631911,0.0037301285007834,-4.117245639773115e-05,4.117245639773115e-05,0.8675,0.1735,0.001,0.0,-0.0037013503663159,-0.0035350503500343,-0.016511979375224,0.0099359235876927,Directionally positive but marginal,184,2000,184,184,104,117.0,132,67.0,True,0eb932f3f4180f9fff2a5bf80b8b12edfb6da362a95a09e044be59d770422e59
M2_Macro_Oil_vs_M3_Macro_Oil_RegQuality__primary__All_Eligible,Regulatory_Quality_lag1,primary,Inward_FDI_Net_Flow_asinh,All_Eligible,Future_Period,train_to_2012__test_from_2013,ElasticNet,1761,183,1419038237,signal_increment,M2_Macro_Oil,M3_Macro_Oil_RegQuality,2000,0.0028991033437166,0.00290625223458,0.0028944127221799,0.0014100140509293,0.0043021500467806,7.148890863339918e-06,7.148890863339918e-06,1.0,0.713,0.0015,0.0,0.0054999875415526,0.005421727403835,-0.0027538059578274,0.0138811833170125,Directionally positive but marginal,183,2000,183,183,103,116.0,129,67.0,True,9c41d9d30e4dec415720859b53ec3c1669a6e2657a13a3de9acfacda6bffa1c7
M2_Macro_Oil_vs_M3_Macro_Oil_RegQuality__primary__All_Eligible,Regulatory_Quality_lag1,primary,Inward_FDI_Net_Flow_asinh,All_Eligible,Future_Period,train_to_2012__test_from_2013,RandomForest,1761,183,1419038237,signal_increment,M2_Macro_Oil,M3_Macro_Oil_RegQuality,2000,0.0176662434100948,0.017201890976803,0.0175464321259679,-0.0013934477633592,0.0376473065860794,-0.0004643524332917,0.0004643524332917,0.9655,0.9415,0.8965,0.7755,-0.0390922307350698,-0.0382967296030628,-0.0776968758733088,-0.0012255026126457,Directionally positive but marginal,183,2000,183,183,103,116.0,129,67.0,True,9c41d9d30e4dec415720859b53ec3c1669a6e2657a13a3de9acfacda6bffa1c7
M2_Macro_Oil_vs_M3_Macro_Oil_RegQuality__primary__All_Eligible,Regulatory_Quality_lag1,primary,Inward_FDI_Net_Flow_asinh,All_Eligible,Future_Period,train_to_2012__test_from_2013,Ridge,1761,183,1419038237,signal_increment,M2_Macro_Oil,M3_Macro_Oil_RegQuality,2000,0.0030430590974316,0.0030596070654759,0.0030364726095444,0.0015688908144467,0.0043698059779275,1.6547968044344774e-05,1.6547968044344774e-05,1.0,0.7875,0.0025,0.0,0.0053949363512968,0.0053433199682724,-0.0025749041936806,0.0133671861184538,Directionally positive but marginal,183,2000,183,183,103,116.0,129,67.0,True,9c41d9d30e4dec415720859b53ec3c1669a6e2657a13a3de9acfacda6bffa1c7
M2_Macro_Oil_vs_M3_Macro_Oil_RegQuality__primary__All_Eligible,Regulatory_Quality_lag1,primary,Inward_FDI_Net_Flow_asinh,All_Eligible,Future_Period,train_to_2014__test_from_2015,ElasticNet,1402,183,3821145683,signal_increment,M2_Macro_Oil,M3_Macro_Oil_RegQuality,2000,0.0027400720005861,0.0027665266109854,0.0027567479835288,0.0009858918980763,0.0045675404414814,2.6454610399351264e-05,2.6454610399351264e-05,0.999,0.616,0.007,0.0,0.0075322053152233,0.0074525936111105,-0.0019419960394217,0.0178590123395028,Directionally positive but marginal,183,2000,183,183,103,116.0,131,67.0,True,b455dc1b341b03230570f95c68117932c160947681a44e2c9be32216c855e82c
M2_Macro_Oil_vs_M3_Macro_Oil_RegQuality__primary__All_Eligible,Regulatory_Quality_lag1,primary,Inward_FDI_Net_Flow_asinh,All_Eligible,Future_Period,train_to_2014__test_from_2015,RandomForest,1402,183,3821145683,signal_increment,M2_Macro_Oil,M3_Macro_Oil_RegQuality,2000,-0.0114430714532797,-0.0111853025271656,-0.0114163894922766,-0.0386490540056642,0.0161390470279916,0.000257768926114,0.000257768926114,0.199,0.157,0.112,0.0615,-0.037983642731231,-0.038126042262411,-0.0831609931368697,0.0051031873514617,Unsupported,183,2000,183,183,103,116.0,131,67.0,True,b455dc1b341b03230570f95c68117932c160947681a44e2c9be32216c855e82c
M2_Macro_Oil_vs_M3_Macro_Oil_RegQuality__primary__All_Eligible,Regulatory_Quality_lag1,primary,Inward_FDI_Net_Flow_asinh,All_Eligible,Future_Period,train_to_2014__test_from_2015,Ridge,1402,183,3821145683,signal_increment,M2_Macro_Oil,M3_Macro_Oil_RegQuality,2000,0.0029692149935156,0.0029948869742879,0.0029819434392919,0.0012294285372593,0.0047649837007467,2.5671980772246084e-05,2.5671980772246084e-05,0.9995,0.712,0.015,0.0,0.0088901996963559,0.0087755228074201,-0.0007010702834097,0.0192294744728164,Directionally positive but marginal,183,2000,183,183,103,116.0,131,67.0,True,b455dc1b341b03230570f95c68117932c160947681a44e2c9be32216c855e82c
M2_Macro_Oil_vs_M3_Macro_Oil_RegQuality__primary__All_Eligible,Regulatory_Quality_lag1,primary,Inward_FDI_Net_Flow_asinh,All_Eligible,Future_Period,train_to_2015__test_from_2016,ElasticNet,1223,181,3062505612,signal_increment,M2_Macro_Oil,M3_Macro_Oil_RegQuality,2000,0.0024375026342029,0.0024510969289722,0.0024596408874692,0.0007976432221358,0.004137131897709,1.359429476932572e-05,1.359429476932572e-05,0.9975,0.479,0.003,0.0,0.0082626297749728,0.0082858837963251,-0.0009895216717713,0.0177725150166288,Directionally positive but marginal,181,2000,181,181,100,115.0,128,66.0,True,6d3d458a5d9bc6cccfffc844222c6ea50670266eb96826d215fdd8b19e7439da
M2_Macro_Oil_vs_M3_Macro_Oil_RegQuality__primary__All_Eligible,Regulatory_Quality_lag1,primary,Inward_FDI_Net_Flow_asinh,All_Eligible,Future_Period,train_to_2015__test_from_2016,RandomForest,1223,181,3062505612,signal_increment,M2_Macro_Oil,M3_Macro_Oil_RegQuality,2000,-0.0315256815269743,-0.0302187985340019,-0.0303336464046223,-0.0582203169654501,-0.0027599041404116,0.0013068829929723,0.0013068829929723,0.0175,0.0125,0.0075,0.0025,-0.0205658949547808,-0.0211386870824109,-0.064916207826621,0.0250216591574114,Unsupported,181,2000,181,181,100,115.0,128,66.0,True,6d3d458a5d9bc6cccfffc844222c6ea50670266eb96826d215fdd8b19e7439da
M2_Macro_Oil_vs_M3_Macro_Oil_RegQuality__primary__All_Eligible,Regulatory_Quality_lag1,primary,Inward_FDI_Net_Flow_asinh,All_Eligible,Future_Period,train_to_2015__test_from_2016,Ridge,1223,181,3062505612,signal_increment,M2_Macro_Oil,M3_Macro_Oil_RegQuality,2000,0.0026458786765235,0.0026636858415279,0.0026619805011314,0.0009873385035857,0.0043245823504524,1.7807165004435355e-05,1.7807165004435355e-05,0.9995,0.567,0.004,0.0,0.0089700665392862,0.0089999274293579,-0.000331285233097,0.0184859516870735,Directionally positive but marginal,181,2000,181,181,100,115.0,128,66.0,True,6d3d458a5d9bc6cccfffc844222c6ea50670266eb96826d215fdd8b19e7439da
M2_Macro_Oil_vs_M3_Macro_Oil_RegQuality__primary__All_Eligible,Regulatory_Quality_lag1,primary,Inward_FDI_Net_Flow_asinh,All_Eligible,Future_Period,train_to_2016__test_from_2017,ElasticNet,1045,180,2967285996,signal_increment,M2_Macro_Oil,M3_Macro_Oil_RegQuality,2000,0.0024055581523363,0.0024863982739647,0.0024667602611134,0.0003071690724259,0.0045634516352715,8.084012162840049e-05,8.084012162840049e-05,0.9865,0.4965,0.0105,0.0,0.0100589804123529,0.00980458574524,-0.0014024901322432,0.0215986390503844,Directionally positive but marginal,180,2000,180,180,101,114.0,129,66.0,True,8f10e7ccf744c1921049158271beebd2be958df7e40b5024ae6b3f33fa1378bd
M2_Macro_Oil_vs_M3_Macro_Oil_RegQuality__primary__All_Eligible,Regulatory_Quality_lag1,primary,Inward_FDI_Net_Flow_asinh,All_Eligible,Future_Period,train_to_2016__test_from_2017,RandomForest,1045,180,2967285996,signal_increment,M2_Macro_Oil,M3_Macro_Oil_RegQuality,2000,-0.0091994790750395,-0.0084782139216564,-0.0083701451916344,-0.0489572204332702,0.0344633331416684,0.0007212651533831,0.0007212651533831,0.3545,0.3085,0.2725,0.2045,-0.0300854046578855,-0.0303810522966669,-0.0968914006754241,0.0461676100004945,Setup-dependent,180,2000,180,180,101,114.0,129,66.0,True,8f10e7ccf744c1921049158271beebd2be958df7e40b5024ae6b3f33fa1378bd
M2_Macro_Oil_vs_M3_Macro_Oil_RegQuality__primary__All_Eligible,Regulatory_Quality_lag1,primary,Inward_FDI_Net_Flow_asinh,All_Eligible,Future_Period,train_to_2016__test_from_2017,Ridge,1045,180,2967285996,signal_increment,M2_Macro_Oil,M3_Macro_Oil_RegQuality,2000,0.0026932530133514,0.0027593127623986,0.002749219713603,0.000559465355906,0.0048039493723102,6.605974904722034e-05,6.605974904722034e-05,0.993,0.578,0.016,0.0,0.0116356241252293,0.0114532642749032,-3.611718745041285e-05,0.0234274096400387,Directionally positive but marginal,180,2000,180,180,101,114.0,129,66.0,True,8f10e7ccf744c1921049158271beebd2be958df7e40b5024ae6b3f33fa1378bd
M2_Macro_Oil_vs_M3_Macro_Oil_RegQuality__primary__All_Eligible,Regulatory_Quality_lag1,primary,Inward_FDI_Net_Flow_asinh,All_Eligible,Future_Period,train_to_2018__test_from_2019,ElasticNet,693,177,1688033361,signal_increment,M2_Macro_Oil,M3_Macro_Oil_RegQuality,2000,0.0023534065553842,0.0023115500987735,0.0023512840063027,-6.353032091615508e-05,0.0047863013782997,-4.185645661070048e-05,4.185645661070048e-05,0.9725,0.444,0.017,0.0,0.012833655521224,0.0127564608985155,-0.0005455592559296,0.0262155787918005,Directionally positive but marginal,177,2000,177,177,97,112.0,124,65.0,True,67f4c13ae92299fb5db89c3c81cbaf7f0f5eceda13cb258bea03ddd6aa0e85d0
M2_Macro_Oil_vs_M3_Macro_Oil_RegQuality__primary__All_Eligible,Regulatory_Quality_lag1,primary,Inward_FDI_Net_Flow_asinh,All_Eligible,Future_Period,train_to_2018__test_from_2019,RandomForest,693,177,1688033361,signal_increment,M2_Macro_Oil,M3_Macro_Oil_RegQuality,2000,-0.0233314496748994,-0.0194834132024597,-0.0222534297925111,-0.0942502127375612,0.0351493973011553,0.0038480364724396,0.0038480364724396,0.2755,0.247,0.2205,0.169,-0.0154683018132044,-0.0169171672634051,-0.0954647746393565,0.0645752186912858,Setup-dependent,177,2000,177,177,97,112.0,124,65.0,True,67f4c13ae92299fb5db89c3c81cbaf7f0f5eceda13cb258bea03ddd6aa0e85d0
M2_Macro_Oil_vs_M3_Macro_Oil_RegQuality__primary__All_Eligible,Regulatory_Quality_lag1,primary,Inward_FDI_Net_Flow_asinh,All_Eligible,Future_Period,train_to_2018__test_from_2019,Ridge,693,177,1688033361,signal_increment,M2_Macro_Oil,M3_Macro_Oil_RegQuality,2000,0.0025730011777839,0.0025331232751967,0.0025648672740556,3.4968492612015064e-05,0.0051169508836953,-3.987790258719315e-05,3.987790258719315e-05,0.976,0.511,0.032,0.0,0.0163241747629694,0.016211155007497,0.0022335156779909,0.0301838175434044,Directionally positive but marginal,177,2000,177,177,97,112.0,124,65.0,True,67f4c13ae92299fb5db89c3c81cbaf7f0f5eceda13cb258bea03ddd6aa0e85d0
M2_Macro_Oil_vs_M3_Macro_Oil_RegQuality__primary__Oil_Rent_Intensive_Pre2016_ge10pct,Regulatory_Quality_lag1,primary,Inward_FDI_Net_Flow_asinh,Oil_Rent_Intensive_Pre2016_ge10pct,Country_Holdout_CV,OOF_ALL_FOLDS,ElasticNet,655,34,414693213,signal_increment,M2_Macro_Oil,M3_Macro_Oil_RegQuality,2000,-0.0057045084522698,-0.0052838244781908,-0.0060808603528719,-0.0183208385267653,0.0029187515647168,0.000420683974079,0.000420683974079,0.1145,0.034,0.003,0.0,0.0458326903960788,0.0443525812132195,-0.0068846074063945,0.1043024596653856,Unsupported,34,2000,34,34,14,22.0,29,12.0,True,aca893f6f759cae59754c9f6add5dbbac5a6b1d574c43fa40dd7617f108bd2d7
M2_Macro_Oil_vs_M3_Macro_Oil_RegQuality__primary__Oil_Rent_Intensive_Pre2016_ge10pct,Regulatory_Quality_lag1,primary,Inward_FDI_Net_Flow_asinh,Oil_Rent_Intensive_Pre2016_ge10pct,Country_Holdout_CV,OOF_ALL_FOLDS,RandomForest,655,34,414693213,signal_increment,M2_Macro_Oil,M3_Macro_Oil_RegQuality,2000,0.0116192548467072,0.0123589293241546,0.0124086446757479,-0.0265948933426445,0.0531898314171746,0.0007396744774473,0.0007396744774473,0.7315,0.69,0.6435,0.557,-0.0670034089310442,-0.0669130219005214,-0.1871702377113191,0.032513908876589,Setup-dependent,34,2000,34,34,14,22.0,29,12.0,True,aca893f6f759cae59754c9f6add5dbbac5a6b1d574c43fa40dd7617f108bd2d7
M2_Macro_Oil_vs_M3_Macro_Oil_RegQuality__primary__Oil_Rent_Intensive_Pre2016_ge10pct,Regulatory_Quality_lag1,primary,Inward_FDI_Net_Flow_asinh,Oil_Rent_Intensive_Pre2016_ge10pct,Country_Holdout_CV,OOF_ALL_FOLDS,Ridge,655,34,414693213,signal_increment,M2_Macro_Oil,M3_Macro_Oil_RegQuality,2000,-0.0066852187787495,-0.0061765637293741,-0.0070981190367915,-0.021054167381141,0.0028267691356723,0.0005086550493753,0.0005086550493753,0.098,0.0295,0.003,0.0,0.0502128016764102,0.0486305137843443,-0.0052086928732407,0.1139274903833851,Unsupported,34,2000,34,34,14,22.0,29,12.0,True,aca893f6f759cae59754c9f6add5dbbac5a6b1d574c43fa40dd7617f108bd2d7
M2_Macro_Oil_vs_M3_Macro_Oil_RegQuality__primary__Oil_Rent_Intensive_Pre2016_ge10pct,Regulatory_Quality_lag1,primary,Inward_FDI_Net_Flow_asinh,Oil_Rent_Intensive_Pre2016_ge10pct,Future_Period,train_to_2012__test_from_2013,ElasticNet,296,33,3299675438,signal_increment,M2_Macro_Oil,M3_Macro_Oil_RegQuality,2000,0.0021127444307322,0.0021324778008708,0.0021488300989555,-0.0002132439679126,0.0045898703209123,1.9733370138552697e-05,1.9733370138552697e-05,0.9645,0.3885,0.011,0.0,-0.0055321178197833,-0.0051292796378838,-0.0300178906120772,0.0208641264088659,Directionally positive but marginal,33,2000,33,33,14,21.0,28,12.0,True,3b6b45d180455e2a33de6664556c07f9f9a23fa8f502d443bd2057ebc389d188
M2_Macro_Oil_vs_M3_Macro_Oil_RegQuality__primary__Oil_Rent_Intensive_Pre2016_ge10pct,Regulatory_Quality_lag1,primary,Inward_FDI_Net_Flow_asinh,Oil_Rent_Intensive_Pre2016_ge10pct,Future_Period,train_to_2012__test_from_2013,RandomForest,296,33,3299675438,signal_increment,M2_Macro_Oil,M3_Macro_Oil_RegQuality,2000,-0.005385889123158,-0.0045439872916474,-0.0054390130429882,-0.0369606095769229,0.0206044897040247,0.0008419018315106,0.0008419018315106,0.391,0.3235,0.2615,0.163,0.0367473936484668,0.0350378227444705,-0.04046125729203,0.1338802448431724,Setup-dependent,33,2000,33,33,14,21.0,28,12.0,True,3b6b45d180455e2a33de6664556c07f9f9a23fa8f502d443bd2057ebc389d188
M2_Macro_Oil_vs_M3_Macro_Oil_RegQuality__primary__Oil_Rent_Intensive_Pre2016_ge10pct,Regulatory_Quality_lag1,primary,Inward_FDI_Net_Flow_asinh,Oil_Rent_Intensive_Pre2016_ge10pct,Future_Period,train_to_2012__test_from_2013,Ridge,296,33,3299675438,signal_increment,M2_Macro_Oil,M3_Macro_Oil_RegQuality,2000,0.002272597406107,0.0022882238288149,0.0023096863682518,-0.0001877547199337,0.0049011093295211,1.5626422707915033e-05,1.5626422707915033e-05,0.967,0.436,0.0205,0.0,-0.005178882547228,-0.0046764092577009,-0.0313828719468195,0.0229947692525026,Directionally positive but marginal,33,2000,33,33,14,21.0,28,12.0,True,3b6b45d180455e2a33de6664556c07f9f9a23fa8f502d443bd2057ebc389d188
M2_Macro_Oil_vs_M3_Macro_Oil_RegQuality__primary__Oil_Rent_Intensive_Pre2016_ge10pct,Regulatory_Quality_lag1,primary,Inward_FDI_Net_Flow_asinh,Oil_Rent_Intensive_Pre2016_ge10pct,Future_Period,train_to_2014__test_from_2015,ElasticNet,233,33,2594015138,signal_increment,M2_Macro_Oil,M3_Macro_Oil_RegQuality,2000,0.0014046687521056,0.001402052444611,0.0013386900305278,-0.0022227664670466,0.0044168154506516,-2.616307494651693e-06,2.616307494651693e-06,0.7915,0.245,0.0085,0.0,0.0022753564251081,0.0016803771765314,-0.0261521747403975,0.0332683206824568,Setup-dependent,33,2000,33,33,16,21.0,28,12.0,True,f81ff9110dcdb94dd300a90f6ab9e04e1b1a54e8fd1803117baa3a3966259206
M2_Macro_Oil_vs_M3_Macro_Oil_RegQuality__primary__Oil_Rent_Intensive_Pre2016_ge10pct,Regulatory_Quality_lag1,primary,Inward_FDI_Net_Flow_asinh,Oil_Rent_Intensive_Pre2016_ge10pct,Future_Period,train_to_2014__test_from_2015,RandomForest,233,33,2594015138,signal_increment,M2_Macro_Oil,M3_Macro_Oil_RegQuality,2000,0.0032022212971293,0.0041982009603521,0.0048206150329797,-0.0258889199408212,0.0396067313592429,0.0009959796632228,0.0009959796632228,0.597,0.535,0.482,0.36,-0.1219912453913258,-0.1230414831734902,-0.2498144737606112,-0.0028505327013007,Setup-dependent,33,2000,33,33,16,21.0,28,12.0,True,f81ff9110dcdb94dd300a90f6ab9e04e1b1a54e8fd1803117baa3a3966259206
M2_Macro_Oil_vs_M3_Macro_Oil_RegQuality__primary__Oil_Rent_Intensive_Pre2016_ge10pct,Regulatory_Quality_lag1,primary,Inward_FDI_Net_Flow_asinh,Oil_Rent_Intensive_Pre2016_ge10pct,Future_Period,train_to_2014__test_from_2015,Ridge,233,33,2594015138,signal_increment,M2_Macro_Oil,M3_Macro_Oil_RegQuality,2000,0.0015074399707949,0.0014970928494443,0.0014378182328425,-0.0023018311280991,0.0046479183713033,-1.0347121350562372e-05,1.0347121350562372e-05,0.7955,0.2835,0.0145,0.0,0.0024413665564733,0.0019182695681025,-0.0271929468349839,0.0348153014845623,Setup-dependent,33,2000,33,33,16,21.0,28,12.0,True,f81ff9110dcdb94dd300a90f6ab9e04e1b1a54e8fd1803117baa3a3966259206
M2_Macro_Oil_vs_M3_Macro_Oil_RegQuality__primary__Oil_Rent_Intensive_Pre2016_ge10pct,Regulatory_Quality_lag1,primary,Inward_FDI_Net_Flow_asinh,Oil_Rent_Intensive_Pre2016_ge10pct,Future_Period,train_to_2015__test_from_2016,ElasticNet,202,31,2699356358,signal_increment,M2_Macro_Oil,M3_Macro_Oil_RegQuality,2000,0.0012495332081886,0.0012522458205444,0.0012121830501213,-0.0008424553681408,0.0033220009781029,2.7126123557930093e-06,2.7126123557930093e-06,0.869,0.1125,0.0005,0.0,0.0012777486259509,0.0013069076507976,-0.0161459412949008,0.0212078678431586,Directionally positive but marginal,31,2000,31,31,14,20.0,26,11.0,True,ea96b09bc4ce1a214d698395fa192b0b79bd59e90c5ebe281a07a83b89777de5
M2_Macro_Oil_vs_M3_Macro_Oil_RegQuality__primary__Oil_Rent_Intensive_Pre2016_ge10pct,Regulatory_Quality_lag1,primary,Inward_FDI_Net_Flow_asinh,Oil_Rent_Intensive_Pre2016_ge10pct,Future_Period,train_to_2015__test_from_2016,RandomForest,202,31,2699356358,signal_increment,M2_Macro_Oil,M3_Macro_Oil_RegQuality,2000,-0.0253786259001901,-0.0238460665611279,-0.0236909840420236,-0.0679216853154432,0.0203377618574982,0.0015325593390621,0.0015325593390621,0.157,0.1275,0.103,0.0635,0.1040805262174573,0.097747860669092,-0.0592363689744922,0.2992978171256434,Unsupported,31,2000,31,31,14,20.0,26,11.0,True,ea96b09bc4ce1a214d698395fa192b0b79bd59e90c5ebe281a07a83b89777de5
M2_Macro_Oil_vs_M3_Macro_Oil_RegQuality__primary__Oil_Rent_Intensive_Pre2016_ge10pct,Regulatory_Quality_lag1,primary,Inward_FDI_Net_Flow_asinh,Oil_Rent_Intensive_Pre2016_ge10pct,Future_Period,train_to_2015__test_from_2016,Ridge,202,31,2699356358,signal_increment,M2_Macro_Oil,M3_Macro_Oil_RegQuality,2000,0.0013558614495032,0.0013588351589093,0.0013173467364785,-0.0008638879744779,0.003522768051377,2.973709406051128e-06,2.973709406051128e-06,0.874,0.147,0.0005,0.0,0.0008875533761099,0.0009797470400574,-0.0175645172887082,0.0218583377678536,Directionally positive but marginal,31,2000,31,31,14,20.0,26,11.0,True,ea96b09bc4ce1a214d698395fa192b0b79bd59e90c5ebe281a07a83b89777de5
M2_Macro_Oil_vs_M3_Macro_Oil_RegQuality__primary__Oil_Rent_Intensive_Pre2016_ge10pct,Regulatory_Quality_lag1,primary,Inward_FDI_Net_Flow_asinh,Oil_Rent_Intensive_Pre2016_ge10pct,Future_Period,train_to_2016__test_from_2017,ElasticNet,172,30,3879658319,signal_increment,M2_Macro_Oil,M3_Macro_Oil_RegQuality,2000,0.0011704464937638,0.0011721832461817,0.0011698664269868,-0.0003028958795892,0.0024985660273483,1.736752417935694e-06,1.736752417935694e-06,0.945,0.0245,0.0,0.0,0.0007076794051648,0.0002934206389957,-0.0139106780528207,0.0162414399612517,Directionally positive but marginal,30,2000,30,30,14,19.0,25,11.0,True,256b28a2cdc09c46e66bde266db37adbaca53175e8e6d360d6e00483ea28510e
M2_Macro_Oil_vs_M3_Macro_Oil_RegQuality__primary__Oil_Rent_Intensive_Pre2016_ge10pct,Regulatory_Quality_lag1,primary,Inward_FDI_Net_Flow_asinh,Oil_Rent_Intensive_Pre2016_ge10pct,Future_Period,train_to_2016__test_from_2017,RandomForest,172,30,3879658319,signal_increment,M2_Macro_Oil,M3_Macro_Oil_RegQuality,2000,0.0128258038779851,0.0133754612729598,0.0136994622336735,-0.0099931390008225,0.0382967869650184,0.0005496573949747,0.0005496573949747,0.869,0.82,0.7585,0.6015,-0.0906102997293731,-0.0890626078812897,-0.1862666563399477,0.0024762632624131,Directionally positive but marginal,30,2000,30,30,14,19.0,25,11.0,True,256b28a2cdc09c46e66bde266db37adbaca53175e8e6d360d6e00483ea28510e
M2_Macro_Oil_vs_M3_Macro_Oil_RegQuality__primary__Oil_Rent_Intensive_Pre2016_ge10pct,Regulatory_Quality_lag1,primary,Inward_FDI_Net_Flow_asinh,Oil_Rent_Intensive_Pre2016_ge10pct,Future_Period,train_to_2016__test_from_2017,Ridge,172,30,3879658319,signal_increment,M2_Macro_Oil,M3_Macro_Oil_RegQuality,2000,0.0012757038428456,0.0012891661777543,0.0012741460046895,-0.0003117180511016,0.0027148669220279,1.3462334908675988e-05,1.3462334908675988e-05,0.9455,0.0545,0.0,0.0,0.0006501592314616,0.0002164200964454,-0.0149980542292094,0.0175279410447563,Directionally positive but marginal,30,2000,30,30,14,19.0,25,11.0,True,256b28a2cdc09c46e66bde266db37adbaca53175e8e6d360d6e00483ea28510e
M2_Macro_Oil_vs_M3_Macro_Oil_RegQuality__primary__Oil_Rent_Intensive_Pre2016_ge10pct,Regulatory_Quality_lag1,primary,Inward_FDI_Net_Flow_asinh,Oil_Rent_Intensive_Pre2016_ge10pct,Future_Period,train_to_2018__test_from_2019,ElasticNet,114,30,662706618,signal_increment,M2_Macro_Oil,M3_Macro_Oil_RegQuality,2000,0.0005885218592237,0.0007587901944764,0.0005402221981142,-0.0047647857285657,0.0046953352962778,0.0001702683352526,0.0001702683352526,0.619,0.214,0.0165,0.0,0.0075074119445059,0.0076063555225811,-0.0246154032650321,0.04279244119746,Coverage-limited,30,2000,30,30,13,19.0,25,11.0,True,5a07fb01fbb7d9959787e8134427ec4d13e04261f435ac492fd9fd0136d209c7
M2_Macro_Oil_vs_M3_Macro_Oil_RegQuality__primary__Oil_Rent_Intensive_Pre2016_ge10pct,Regulatory_Quality_lag1,primary,Inward_FDI_Net_Flow_asinh,Oil_Rent_Intensive_Pre2016_ge10pct,Future_Period,train_to_2018__test_from_2019,RandomForest,114,30,662706618,signal_increment,M2_Macro_Oil,M3_Macro_Oil_RegQuality,2000,0.0115928730830747,0.0104365168846254,0.0121520168099735,-0.0341715641760206,0.0676672656855551,-0.0011563561984492,0.0011563561984492,0.675,0.633,0.5905,0.505,-0.0738558874144392,-0.0693819717603489,-0.2741013891249644,0.1245723359387315,Coverage-limited,30,2000,30,30,13,19.0,25,11.0,True,5a07fb01fbb7d9959787e8134427ec4d13e04261f435ac492fd9fd0136d209c7
M2_Macro_Oil_vs_M3_Macro_Oil_RegQuality__primary__Oil_Rent_Intensive_Pre2016_ge10pct,Regulatory_Quality_lag1,primary,Inward_FDI_Net_Flow_asinh,Oil_Rent_Intensive_Pre2016_ge10pct,Future_Period,train_to_2018__test_from_2019,Ridge,114,30,662706618,signal_increment,M2_Macro_Oil,M3_Macro_Oil_RegQuality,2000,0.0005568033279207,0.0007467891575095,0.000500289652412,-0.0051525200296923,0.0049495731358503,0.0001899858295888,0.0001899858295888,0.61,0.226,0.0235,0.0,0.0082672666936911,0.0083222795938584,-0.0257475747727775,0.0454375933965759,Coverage-limited,30,2000,30,30,13,19.0,25,11.0,True,5a07fb01fbb7d9959787e8134427ec4d13e04261f435ac492fd9fd0136d209c7
M2_Macro_Oil_vs_M3_Macro_Oil_RegQuality__primary__Oil_Rent_Intensive_Pre2016_ge15pct,Regulatory_Quality_lag1,primary,Inward_FDI_Net_Flow_asinh,Oil_Rent_Intensive_Pre2016_ge15pct,Country_Holdout_CV,OOF_ALL_FOLDS,ElasticNet,571,30,943680914,signal_increment,M2_Macro_Oil,M3_Macro_Oil_RegQuality,2000,-0.0121240515003169,-0.0119337316592612,-0.0129009832414393,-0.0302805179438639,-0.0017659600839279,0.0001903198410557,0.0001903198410557,0.0055,0.0,0.0,0.0,0.0765005606200808,0.0730278105138917,0.0251150906749983,0.141416478467998,Unsupported,30,2000,30,30,13,19.0,25,11.0,True,c5b4e372457149b7d70f887a81d49815786fb3e2b5c8afcb19056acce3d110d3
M2_Macro_Oil_vs_M3_Macro_Oil_RegQuality__primary__Oil_Rent_Intensive_Pre2016_ge15pct,Regulatory_Quality_lag1,primary,Inward_FDI_Net_Flow_asinh,Oil_Rent_Intensive_Pre2016_ge15pct,Country_Holdout_CV,OOF_ALL_FOLDS,RandomForest,571,30,943680914,signal_increment,M2_Macro_Oil,M3_Macro_Oil_RegQuality,2000,0.0032718569114971,0.0028829139567414,0.0028842788089015,-0.0212951606880115,0.0288923883607598,-0.0003889429547556,0.0003889429547556,0.577,0.5145,0.4355,0.2805,0.0472939169502586,0.045857503245519,-0.0403914191629489,0.1444228617475162,Setup-dependent,30,2000,30,30,13,19.0,25,11.0,True,c5b4e372457149b7d70f887a81d49815786fb3e2b5c8afcb19056acce3d110d3
M2_Macro_Oil_vs_M3_Macro_Oil_RegQuality__primary__Oil_Rent_Intensive_Pre2016_ge15pct,Regulatory_Quality_lag1,primary,Inward_FDI_Net_Flow_asinh,Oil_Rent_Intensive_Pre2016_ge15pct,Country_Holdout_CV,OOF_ALL_FOLDS,Ridge,571,30,943680914,signal_increment,M2_Macro_Oil,M3_Macro_Oil_RegQuality,2000,-0.0137692123882692,-0.013560417201424,-0.0146275151189446,-0.0340732557558521,-0.002265564718351,0.0002087951868451,0.0002087951868451,0.005,0.0,0.0,0.0,0.0835024502850774,0.0795814003575798,0.0276580209613911,0.1539034413121559,Unsupported,30,2000,30,30,13,19.0,25,11.0,True,c5b4e372457149b7d70f887a81d49815786fb3e2b5c8afcb19056acce3d110d3
M2_Macro_Oil_vs_M3_Macro_Oil_RegQuality__primary__Oil_Rent_Intensive_Pre2016_ge15pct,Regulatory_Quality_lag1,primary,Inward_FDI_Net_Flow_asinh,Oil_Rent_Intensive_Pre2016_ge15pct,Future_Period,train_to_2012__test_from_2013,ElasticNet,258,29,1629545419,signal_increment,M2_Macro_Oil,M3_Macro_Oil_RegQuality,2000,-0.0029165908877278,-0.0028960291723506,-0.0029113350926418,-0.0048827676854651,-0.0010236015429188,2.056171537728746e-05,2.056171537728746e-05,0.0005,0.0,0.0,0.0,0.0155286118880026,0.0149926899112078,-0.0031897085008749,0.0350138096874386,Unsupported,29,2000,29,29,14,19.0,24,10.0,True,e6ab96371bd868d0e0584578324f32a0b15386598877e68359ca845a38cca8cf
M2_Macro_Oil_vs_M3_Macro_Oil_RegQuality__primary__Oil_Rent_Intensive_Pre2016_ge15pct,Regulatory_Quality_lag1,primary,Inward_FDI_Net_Flow_asinh,Oil_Rent_Intensive_Pre2016_ge15pct,Future_Period,train_to_2012__test_from_2013,RandomForest,258,29,1629545419,signal_increment,M2_Macro_Oil,M3_Macro_Oil_RegQuality,2000,-0.005384569542491,-0.005687494978027,-0.0062399425051266,-0.0295138688726665,0.012854130587832,-0.000302925435536,0.000302925435536,0.295,0.2255,0.1495,0.0545,0.0586979598157104,0.0585098604882476,-0.0018979051976301,0.1263563927380488,Setup-dependent,29,2000,29,29,14,19.0,24,10.0,True,e6ab96371bd868d0e0584578324f32a0b15386598877e68359ca845a38cca8cf
M2_Macro_Oil_vs_M3_Macro_Oil_RegQuality__primary__Oil_Rent_Intensive_Pre2016_ge15pct,Regulatory_Quality_lag1,primary,Inward_FDI_Net_Flow_asinh,Oil_Rent_Intensive_Pre2016_ge15pct,Future_Period,train_to_2012__test_from_2013,Ridge,258,29,1629545419,signal_increment,M2_Macro_Oil,M3_Macro_Oil_RegQuality,2000,-0.0034591757227601,-0.0034382806620689,-0.0034620941170262,-0.005686834734677,-0.0013176525084227,2.0895060691139555e-05,2.0895060691139555e-05,0.0,0.0,0.0,0.0,0.0177846368871001,0.0170687155128967,-0.0036969431977872,0.0401547840721585,Unsupported,29,2000,29,29,14,19.0,24,10.0,True,e6ab96371bd868d0e0584578324f32a0b15386598877e68359ca845a38cca8cf
M2_Macro_Oil_vs_M3_Macro_Oil_RegQuality__primary__Oil_Rent_Intensive_Pre2016_ge15pct,Regulatory_Quality_lag1,primary,Inward_FDI_Net_Flow_asinh,Oil_Rent_Intensive_Pre2016_ge15pct,Future_Period,train_to_2014__test_from_2015,ElasticNet,203,29,2034501421,signal_increment,M2_Macro_Oil,M3_Macro_Oil_RegQuality,2000,-0.0011240601325738,-0.0011133503814096,-0.0011189096651081,-0.0021501306516487,-8.945818177525501e-05,1.0709751164128534e-05,1.0709751164128534e-05,0.016,0.0,0.0,0.0,0.0046370277650682,0.0047508144287855,-0.0031063149673668,0.0125090934460662,Unsupported,29,2000,29,29,13,18.0,24,11.0,True,bae881f083105823bc01650181086e30c3c6c0fbe78fff8ee3c267ca8d5fdf31
M2_Macro_Oil_vs_M3_Macro_Oil_RegQuality__primary__Oil_Rent_Intensive_Pre2016_ge15pct,Regulatory_Quality_lag1,primary,Inward_FDI_Net_Flow_asinh,Oil_Rent_Intensive_Pre2016_ge15pct,Future_Period,train_to_2014__test_from_2015,RandomForest,203,29,2034501421,signal_increment,M2_Macro_Oil,M3_Macro_Oil_RegQuality,2000,0.022899102357743,0.0219439292833599,0.0222377079566544,-0.0104184481235813,0.056530008819986,-0.000955173074383,0.000955173074383,0.904,0.874,0.834,0.7485,-0.0699787589314921,-0.0669780192548372,-0.215837061857059,0.0503011182068824,Directionally positive but marginal,29,2000,29,29,13,18.0,24,11.0,True,bae881f083105823bc01650181086e30c3c6c0fbe78fff8ee3c267ca8d5fdf31
M2_Macro_Oil_vs_M3_Macro_Oil_RegQuality__primary__Oil_Rent_Intensive_Pre2016_ge15pct,Regulatory_Quality_lag1,primary,Inward_FDI_Net_Flow_asinh,Oil_Rent_Intensive_Pre2016_ge15pct,Future_Period,train_to_2014__test_from_2015,Ridge,203,29,2034501421,signal_increment,M2_Macro_Oil,M3_Macro_Oil_RegQuality,2000,-0.0014284736800441,-0.0014214211376418,-0.0014235027099989,-0.0027098188492039,-0.0001354857194972,7.052542402352646e-06,7.052542402352646e-06,0.016,0.0,0.0,0.0,0.0059547151347794,0.0060324570077214,-0.0038852435364941,0.0157719436106649,Unsupported,29,2000,29,29,13,18.0,24,11.0,True,bae881f083105823bc01650181086e30c3c6c0fbe78fff8ee3c267ca8d5fdf31
M2_Macro_Oil_vs_M3_Macro_Oil_RegQuality__primary__Oil_Rent_Intensive_Pre2016_ge15pct,Regulatory_Quality_lag1,primary,Inward_FDI_Net_Flow_asinh,Oil_Rent_Intensive_Pre2016_ge15pct,Future_Period,train_to_2015__test_from_2016,ElasticNet,176,27,816191483,signal_increment,M2_Macro_Oil,M3_Macro_Oil_RegQuality,2000,-0.0008479335159864,-0.0008259567704397,-0.0008160135286907,-0.0024663450774093,0.0009004537715422,2.197674554665907e-05,2.197674554665907e-05,0.162,0.0,0.0,0.0,0.0067854050455649,0.0064697164158609,-0.0041303810564225,0.0177213496618933,Unsupported,27,2000,27,27,12,17.0,23,10.0,True,99ffe9590f0b924c0cced3db1ccf12ded89c3b4c2f19ba1857da506771885115
M2_Macro_Oil_vs_M3_Macro_Oil_RegQuality__primary__Oil_Rent_Intensive_Pre2016_ge15pct,Regulatory_Quality_lag1,primary,Inward_FDI_Net_Flow_asinh,Oil_Rent_Intensive_Pre2016_ge15pct,Future_Period,train_to_2015__test_from_2016,RandomForest,176,27,816191483,signal_increment,M2_Macro_Oil,M3_Macro_Oil_RegQuality,2000,-0.0007749202912701,-0.0009867690703038,-0.0013397420100476,-0.0289337544385759,0.025449766101127,-0.0002118487790336,0.0002118487790336,0.465,0.3905,0.315,0.186,-0.0842235706483505,-0.0734285650611468,-0.2342595519594702,0.0400982964576368,Setup-dependent,27,2000,27,27,12,17.0,23,10.0,True,99ffe9590f0b924c0cced3db1ccf12ded89c3b4c2f19ba1857da506771885115
M2_Macro_Oil_vs_M3_Macro_Oil_RegQuality__primary__Oil_Rent_Intensive_Pre2016_ge15pct,Regulatory_Quality_lag1,primary,Inward_FDI_Net_Flow_asinh,Oil_Rent_Intensive_Pre2016_ge15pct,Future_Period,train_to_2015__test_from_2016,Ridge,176,27,816191483,signal_increment,M2_Macro_Oil,M3_Macro_Oil_RegQuality,2000,-0.0019070081261878,-0.0019031762794949,-0.0019303596839403,-0.0037309712577962,-0.000175489119677,3.83184669289216e-06,3.83184669289216e-06,0.0165,0.0,0.0,0.0,0.0081860927618606,0.0081890197916922,-0.005970236485355,0.0212364255621646,Unsupported,27,2000,27,27,12,17.0,23,10.0,True,99ffe9590f0b924c0cced3db1ccf12ded89c3b4c2f19ba1857da506771885115
M2_Macro_Oil_vs_M3_Macro_Oil_RegQuality__primary__Oil_Rent_Intensive_Pre2016_ge15pct,Regulatory_Quality_lag1,primary,Inward_FDI_Net_Flow_asinh,Oil_Rent_Intensive_Pre2016_ge15pct,Future_Period,train_to_2016__test_from_2017,ElasticNet,150,26,1372196340,signal_increment,M2_Macro_Oil,M3_Macro_Oil_RegQuality,2000,-4.14425709488464e-05,-4.1857458151717264e-05,-4.2290318531845225e-05,-8.674793730341078e-05,1.8129428247276377e-06,-4.148872028708617e-07,4.148872028708617e-07,0.03,0.0,0.0,0.0,0.0001913321583053,0.0001980512643644,-0.0002594975915964,0.0006052895343664,Unsupported,26,2000,26,26,12,17.0,23,9.0,True,8ed8a4f3f4e90116401d6a9d8adb3b83b36cd59129a6761fde70be03cfaf68eb
M2_Macro_Oil_vs_M3_Macro_Oil_RegQuality__primary__Oil_Rent_Intensive_Pre2016_ge15pct,Regulatory_Quality_lag1,primary,Inward_FDI_Net_Flow_asinh,Oil_Rent_Intensive_Pre2016_ge15pct,Future_Period,train_to_2016__test_from_2017,RandomForest,150,26,1372196340,signal_increment,M2_Macro_Oil,M3_Macro_Oil_RegQuality,2000,0.0055545180700229,0.0069456733177289,0.0066829420169069,-0.0335211960342448,0.0474256370368719,0.0013911552477059,0.0013911552477059,0.631,0.5835,0.5345,0.439,-0.0334271309961513,-0.0362865367892453,-0.213145253650929,0.1511126862611084,Setup-dependent,26,2000,26,26,12,17.0,23,9.0,True,8ed8a4f3f4e90116401d6a9d8adb3b83b36cd59129a6761fde70be03cfaf68eb
M2_Macro_Oil_vs_M3_Macro_Oil_RegQuality__primary__Oil_Rent_Intensive_Pre2016_ge15pct,Regulatory_Quality_lag1,primary,Inward_FDI_Net_Flow_asinh,Oil_Rent_Intensive_Pre2016_ge15pct,Future_Period,train_to_2016__test_from_2017,Ridge,150,26,1372196340,signal_increment,M2_Macro_Oil,M3_Macro_Oil_RegQuality,2000,-0.0002313639409211,-0.00023268526142,-0.0002354677067241,-0.0004811880404199,7.08544902763261e-06,-1.3213204988482552e-06,1.3213204988482552e-06,0.0295,0.0,0.0,0.0,0.0011109155543067,0.0011359036857385,-0.0014260269059097,0.00345009162527,Unsupported,26,2000,26,26,12,17.0,23,9.0,True,8ed8a4f3f4e90116401d6a9d8adb3b83b36cd59129a6761fde70be03cfaf68eb
M2_Macro_Oil_vs_M3_Macro_Oil_RegQuality__primary__Oil_Rent_Intensive_Pre2016_ge15pct,Regulatory_Quality_lag1,primary,Inward_FDI_Net_Flow_asinh,Oil_Rent_Intensive_Pre2016_ge15pct,Future_Period,train_to_2018__test_from_2019,ElasticNet,100,26,1515871471,signal_increment,M2_Macro_Oil,M3_Macro_Oil_RegQuality,2000,-0.0001328593117729,-5.848314260253895e-05,-0.0001692655121524,-0.0038913039720132,0.0030188157181718,7.437616917044254e-05,7.437616917044254e-05,0.486,0.052,0.0,0.0,-0.006106271754219,-0.0063746742240393,-0.0314191815717443,0.0224313131415858,Coverage-limited,26,2000,26,26,12,17.0,22,9.0,True,8c9c292b4924c1f12166d77749432e8ff7463a9e3daa3cda9f528c147e4a4925
M2_Macro_Oil_vs_M3_Macro_Oil_RegQuality__primary__Oil_Rent_Intensive_Pre2016_ge15pct,Regulatory_Quality_lag1,primary,Inward_FDI_Net_Flow_asinh,Oil_Rent_Intensive_Pre2016_ge15pct,Future_Period,train_to_2018__test_from_2019,RandomForest,100,26,1515871471,signal_increment,M2_Macro_Oil,M3_Macro_Oil_RegQuality,2000,-0.0051218494081095,-0.0060442179911288,-0.0053575135590668,-0.0432553760677761,0.0377349359819338,-0.0009223685830192,0.0009223685830192,0.388,0.3405,0.3045,0.2225,0.1167238970459725,0.1149649971207846,-0.0633967608238507,0.3151986352260046,Coverage-limited,26,2000,26,26,12,17.0,22,9.0,True,8c9c292b4924c1f12166d77749432e8ff7463a9e3daa3cda9f528c147e4a4925
M2_Macro_Oil_vs_M3_Macro_Oil_RegQuality__primary__Oil_Rent_Intensive_Pre2016_ge15pct,Regulatory_Quality_lag1,primary,Inward_FDI_Net_Flow_asinh,Oil_Rent_Intensive_Pre2016_ge15pct,Future_Period,train_to_2018__test_from_2019,Ridge,100,26,1515871471,signal_increment,M2_Macro_Oil,M3_Macro_Oil_RegQuality,2000,-0.0001784970435879,-9.097025950172144e-05,-0.0002214851605318,-0.0043219813965454,0.0032444095154563,8.752678408624481e-05,8.752678408624481e-05,0.4785,0.062,0.0,0.0,-0.0064924349397057,-0.0067966848502032,-0.0340697722285477,0.0247440186166321,Coverage-limited,26,2000,26,26,12,17.0,22,9.0,True,8c9c292b4924c1f12166d77749432e8ff7463a9e3daa3cda9f528c147e4a4925
M2_Macro_Oil_vs_M3_Macro_Oil_RegQuality__primary__Oil_Rent_Intensive_Pre2016_ge1pct,Regulatory_Quality_lag1,primary,Inward_FDI_Net_Flow_asinh,Oil_Rent_Intensive_Pre2016_ge1pct,Country_Holdout_CV,OOF_ALL_FOLDS,ElasticNet,1391,69,1632570011,signal_increment,M2_Macro_Oil,M3_Macro_Oil_RegQuality,2000,0.0004403829389109,0.0004826736152438,0.0003692814928726,-0.0028452401601698,0.0031133956083574,4.2290676332934485e-05,4.2290676332934485e-05,0.623,0.0675,0.0,0.0,-0.0048191970279254,-0.0047148487989789,-0.021402768999191,0.0114999447555791,Setup-dependent,69,2000,69,69,35,44.0,52,25.0,True,65055adcd68d844cb6195303858fd6a9f72a6efe21c4b8ef88955f0d8dfcfb0c
M2_Macro_Oil_vs_M3_Macro_Oil_RegQuality__primary__Oil_Rent_Intensive_Pre2016_ge1pct,Regulatory_Quality_lag1,primary,Inward_FDI_Net_Flow_asinh,Oil_Rent_Intensive_Pre2016_ge1pct,Country_Holdout_CV,OOF_ALL_FOLDS,RandomForest,1391,69,1632570011,signal_increment,M2_Macro_Oil,M3_Macro_Oil_RegQuality,2000,0.0229243409888471,0.0233551793875554,0.0233360471232552,-0.0027218837155265,0.0499115818611093,0.0004308383987083,0.0004308383987083,0.9625,0.9465,0.9235,0.8435,-0.0353745308823296,-0.0341276459426639,-0.1139309461031693,0.0394347667193709,Directionally positive but marginal,69,2000,69,69,35,44.0,52,25.0,True,65055adcd68d844cb6195303858fd6a9f72a6efe21c4b8ef88955f0d8dfcfb0c
M2_Macro_Oil_vs_M3_Macro_Oil_RegQuality__primary__Oil_Rent_Intensive_Pre2016_ge1pct,Regulatory_Quality_lag1,primary,Inward_FDI_Net_Flow_asinh,Oil_Rent_Intensive_Pre2016_ge1pct,Country_Holdout_CV,OOF_ALL_FOLDS,Ridge,1391,69,1632570011,signal_increment,M2_Macro_Oil,M3_Macro_Oil_RegQuality,2000,0.0004240233616504,0.0004689597308722,0.0003416318950046,-0.0032068303520046,0.0033787293451822,4.49363692217597e-05,4.49363692217597e-05,0.609,0.0855,0.0005,0.0,-0.0043501485303258,-0.004219429126909,-0.0219502742604553,0.012961862514974,Setup-dependent,69,2000,69,69,35,44.0,52,25.0,True,65055adcd68d844cb6195303858fd6a9f72a6efe21c4b8ef88955f0d8dfcfb0c
M2_Macro_Oil_vs_M3_Macro_Oil_RegQuality__primary__Oil_Rent_Intensive_Pre2016_ge1pct,Regulatory_Quality_lag1,primary,Inward_FDI_Net_Flow_asinh,Oil_Rent_Intensive_Pre2016_ge1pct,Future_Period,train_to_2012__test_from_2013,ElasticNet,628,68,2978070070,signal_increment,M2_Macro_Oil,M3_Macro_Oil_RegQuality,2000,-0.0014768455916419,-0.0014915216620054,-0.0014761500898707,-0.0022345549102516,-0.0006380485171968,-1.4676070363484062e-05,1.4676070363484062e-05,0.0,0.0,0.0,0.0,0.0005310159042286,0.0004334019564755,-0.0050982680234295,0.0061997962660122,Unsupported,68,2000,68,68,33,43.0,51,25.0,True,ec6aa2149fe07030f4226122b46ac54d5ed90bf10a2a938fabbd89b071c761a0
M2_Macro_Oil_vs_M3_Macro_Oil_RegQuality__primary__Oil_Rent_Intensive_Pre2016_ge1pct,Regulatory_Quality_lag1,primary,Inward_FDI_Net_Flow_asinh,Oil_Rent_Intensive_Pre2016_ge1pct,Future_Period,train_to_2012__test_from_2013,RandomForest,628,68,2978070070,signal_increment,M2_Macro_Oil,M3_Macro_Oil_RegQuality,2000,-0.0030420088805072,-0.0030577009371654,-0.0035341812417167,-0.0308610165536276,0.0230699672386034,-1.5692056658245246e-05,1.5692056658245246e-05,0.41,0.345,0.2795,0.1575,-0.0508259234655965,-0.0504373839935973,-0.1193685956648518,0.0245377210954398,Setup-dependent,68,2000,68,68,33,43.0,51,25.0,True,ec6aa2149fe07030f4226122b46ac54d5ed90bf10a2a938fabbd89b071c761a0
M2_Macro_Oil_vs_M3_Macro_Oil_RegQuality__primary__Oil_Rent_Intensive_Pre2016_ge1pct,Regulatory_Quality_lag1,primary,Inward_FDI_Net_Flow_asinh,Oil_Rent_Intensive_Pre2016_ge1pct,Future_Period,train_to_2012__test_from_2013,Ridge,628,68,2978070070,signal_increment,M2_Macro_Oil,M3_Macro_Oil_RegQuality,2000,-0.0022358869884507,-0.0022579035629602,-0.002237602600734,-0.0033525153872545,-0.0010051367194018,-2.20165745094536e-05,2.20165745094536e-05,0.0,0.0,0.0,0.0,0.0014493566430338,0.0012828537813953,-0.0069273579245476,0.0100513817243077,Unsupported,68,2000,68,68,33,43.0,51,25.0,True,ec6aa2149fe07030f4226122b46ac54d5ed90bf10a2a938fabbd89b071c761a0
M2_Macro_Oil_vs_M3_Macro_Oil_RegQuality__primary__Oil_Rent_Intensive_Pre2016_ge1pct,Regulatory_Quality_lag1,primary,Inward_FDI_Net_Flow_asinh,Oil_Rent_Intensive_Pre2016_ge1pct,Future_Period,train_to_2014__test_from_2015,ElasticNet,497,68,2101620103,signal_increment,M2_Macro_Oil,M3_Macro_Oil_RegQuality,2000,-2.7210628017471095e-07,-2.6679168407817144e-07,-2.6631678697292e-07,-5.307963094169921e-07,1.592589937704497e-08,5.314596096539503e-09,5.314596096539503e-09,0.035,0.0,0.0,0.0,-1.5454045434459829e-06,-1.52734980640723e-06,-2.568616518117128e-06,-4.457411844904784e-07,Unsupported,68,2000,68,68,35,43.0,51,25.0,True,d9deca85c5a653bab6a94e4b2e38d86978e731624ec00ac02a75144770820038
M2_Macro_Oil_vs_M3_Macro_Oil_RegQuality__primary__Oil_Rent_Intensive_Pre2016_ge1pct,Regulatory_Quality_lag1,primary,Inward_FDI_Net_Flow_asinh,Oil_Rent_Intensive_Pre2016_ge1pct,Future_Period,train_to_2014__test_from_2015,RandomForest,497,68,2101620103,signal_increment,M2_Macro_Oil,M3_Macro_Oil_RegQuality,2000,0.0006739516766257,0.0008621604214907,1.979976274578244e-05,-0.049017742486708,0.0439622712111521,0.0001882087448649,0.0001882087448649,0.515,0.4705,0.4315,0.3415,-0.0406085884898925,-0.0391370296223747,-0.1450307427953417,0.0530302096345202,Setup-dependent,68,2000,68,68,35,43.0,51,25.0,True,d9deca85c5a653bab6a94e4b2e38d86978e731624ec00ac02a75144770820038
M2_Macro_Oil_vs_M3_Macro_Oil_RegQuality__primary__Oil_Rent_Intensive_Pre2016_ge1pct,Regulatory_Quality_lag1,primary,Inward_FDI_Net_Flow_asinh,Oil_Rent_Intensive_Pre2016_ge1pct,Future_Period,train_to_2014__test_from_2015,Ridge,497,68,2101620103,signal_increment,M2_Macro_Oil,M3_Macro_Oil_RegQuality,2000,-0.0003292476443663,-0.00032910360065,-0.0003271898088386,-0.0005318718627753,-0.0001049082136426,1.4404371634357818e-07,1.4404371634357818e-07,0.002,0.0,0.0,0.0,2.2328786862590988e-05,4.7047729200055954e-05,-0.0011567426215491,0.0011965467474039,Unsupported,68,2000,68,68,35,43.0,51,25.0,True,d9deca85c5a653bab6a94e4b2e38d86978e731624ec00ac02a75144770820038
M2_Macro_Oil_vs_M3_Macro_Oil_RegQuality__primary__Oil_Rent_Intensive_Pre2016_ge1pct,Regulatory_Quality_lag1,primary,Inward_FDI_Net_Flow_asinh,Oil_Rent_Intensive_Pre2016_ge1pct,Future_Period,train_to_2015__test_from_2016,ElasticNet,432,66,3733132875,signal_increment,M2_Macro_Oil,M3_Macro_Oil_RegQuality,2000,-0.0016187207102731,-0.0016232761239993,-0.0016206024391788,-0.0025590713316729,-0.0007313657540028,-4.555413726181623e-06,4.555413726181623e-06,0.0,0.0,0.0,0.0,0.0005477178983257,0.0006757283505978,-0.0047640809652057,0.0057486771023607,Unsupported,66,2000,66,66,34,42.0,51,24.0,True,f57a83748eb626a335ebbeb25c491222dd105e0e803b974ccef35d3dd149c23c
M2_Macro_Oil_vs_M3_Macro_Oil_RegQuality__primary__Oil_Rent_Intensive_Pre2016_ge1pct,Regulatory_Quality_lag1,primary,Inward_FDI_Net_Flow_asinh,Oil_Rent_Intensive_Pre2016_ge1pct,Future_Period,train_to_2015__test_from_2016,RandomForest,432,66,3733132875,signal_increment,M2_Macro_Oil,M3_Macro_Oil_RegQuality,2000,0.0153092822078337,0.0152131530601382,0.0131422641240861,-0.0355724520160754,0.0496317604845871,-9.612914769552285e-05,9.612914769552285e-05,0.765,0.7245,0.6905,0.611,-0.1336028704648995,-0.1348665831584914,-0.2398189634932784,-0.015480811283773,Setup-dependent,66,2000,66,66,34,42.0,51,24.0,True,f57a83748eb626a335ebbeb25c491222dd105e0e803b974ccef35d3dd149c23c
M2_Macro_Oil_vs_M3_Macro_Oil_RegQuality__primary__Oil_Rent_Intensive_Pre2016_ge1pct,Regulatory_Quality_lag1,primary,Inward_FDI_Net_Flow_asinh,Oil_Rent_Intensive_Pre2016_ge1pct,Future_Period,train_to_2015__test_from_2016,Ridge,432,66,3733132875,signal_increment,M2_Macro_Oil,M3_Macro_Oil_RegQuality,2000,-0.0023274485548692,-0.0023417730121941,-0.0023307817199529,-0.0036581414885047,-0.0010726478355857,-1.4324457324910169e-05,1.4324457324910169e-05,0.0,0.0,0.0,0.0,0.0010032204218983,0.001246399020644,-0.0064476834310417,0.0083545035903856,Unsupported,66,2000,66,66,34,42.0,51,24.0,True,f57a83748eb626a335ebbeb25c491222dd105e0e803b974ccef35d3dd149c23c
M2_Macro_Oil_vs_M3_Macro_Oil_RegQuality__primary__Oil_Rent_Intensive_Pre2016_ge1pct,Regulatory_Quality_lag1,primary,Inward_FDI_Net_Flow_asinh,Oil_Rent_Intensive_Pre2016_ge1pct,Future_Period,train_to_2016__test_from_2017,ElasticNet,368,65,2396831297,signal_increment,M2_Macro_Oil,M3_Macro_Oil_RegQuality,2000,7.59074762157752e-07,7.142047858121892e-07,7.056277402620604e-07,-6.622486728807826e-07,1.9712531834331627e-06,-4.4869976345562896e-08,4.4869976345562896e-08,0.849,0.0,0.0,0.0,6.641917425387334e-06,6.56845499458214e-06,1.5621741461524529e-06,1.187948097151059e-05,Directionally positive but marginal,65,2000,65,65,33,41.0,49,24.0,True,577661fce294a836e7f24b8eb47529cc11c4874e991d488a6572a3406569ee4d
M2_Macro_Oil_vs_M3_Macro_Oil_RegQuality__primary__Oil_Rent_Intensive_Pre2016_ge1pct,Regulatory_Quality_lag1,primary,Inward_FDI_Net_Flow_asinh,Oil_Rent_Intensive_Pre2016_ge1pct,Future_Period,train_to_2016__test_from_2017,RandomForest,368,65,2396831297,signal_increment,M2_Macro_Oil,M3_Macro_Oil_RegQuality,2000,-0.0114436447033663,-0.009714470869636,-0.0120868806422083,-0.0786852997997385,0.039150735856194,0.0017291738337302,0.0017291738337302,0.365,0.3365,0.3035,0.2385,-0.0931861339019746,-0.0982066538497544,-0.2347576157430541,0.0632579623591383,Setup-dependent,65,2000,65,65,33,41.0,49,24.0,True,577661fce294a836e7f24b8eb47529cc11c4874e991d488a6572a3406569ee4d
M2_Macro_Oil_vs_M3_Macro_Oil_RegQuality__primary__Oil_Rent_Intensive_Pre2016_ge1pct,Regulatory_Quality_lag1,primary,Inward_FDI_Net_Flow_asinh,Oil_Rent_Intensive_Pre2016_ge1pct,Future_Period,train_to_2016__test_from_2017,Ridge,368,65,2396831297,signal_increment,M2_Macro_Oil,M3_Macro_Oil_RegQuality,2000,9.909858990586606e-05,9.883431757862216e-05,9.929119039076118e-05,3.963066591054779e-05,0.000161392071212,-2.642723272439085e-07,2.642723272439085e-07,0.9995,0.0,0.0,0.0,3.4992492434327005e-05,2.7556562363306725e-05,-0.0003536373936931,0.0004122733108743,Directionally positive but marginal,65,2000,65,65,33,41.0,49,24.0,True,577661fce294a836e7f24b8eb47529cc11c4874e991d488a6572a3406569ee4d
M2_Macro_Oil_vs_M3_Macro_Oil_RegQuality__primary__Oil_Rent_Intensive_Pre2016_ge1pct,Regulatory_Quality_lag1,primary,Inward_FDI_Net_Flow_asinh,Oil_Rent_Intensive_Pre2016_ge1pct,Future_Period,train_to_2018__test_from_2019,ElasticNet,244,63,2256191052,signal_increment,M2_Macro_Oil,M3_Macro_Oil_RegQuality,2000,0.0017427850113443,0.0017068009802383,0.0017229830971618,-0.0002201397631018,0.0036657506900859,-3.598403110599557e-05,3.598403110599557e-05,0.9615,0.2055,0.003,0.0,0.0015496879687231,0.0016286671397605,-0.010557497316058,0.013792091331495,Directionally positive but marginal,63,2000,63,63,31,40.0,47,23.0,True,7d7ff8f8a3a8efa9226cf2c3bd976c65f6ebd2d13b475aade53b8cb17d2f3dcd
M2_Macro_Oil_vs_M3_Macro_Oil_RegQuality__primary__Oil_Rent_Intensive_Pre2016_ge1pct,Regulatory_Quality_lag1,primary,Inward_FDI_Net_Flow_asinh,Oil_Rent_Intensive_Pre2016_ge1pct,Future_Period,train_to_2018__test_from_2019,RandomForest,244,63,2256191052,signal_increment,M2_Macro_Oil,M3_Macro_Oil_RegQuality,2000,0.0115492217428777,0.012498270555596,0.0118500642297939,-0.0433531574164956,0.0605501160760028,0.0009490488127182,0.0009490488127182,0.701,0.66,0.6215,0.539,-0.0670511981120034,-0.0686724451113398,-0.2244977336238628,0.103159410256331,Setup-dependent,63,2000,63,63,31,40.0,47,23.0,True,7d7ff8f8a3a8efa9226cf2c3bd976c65f6ebd2d13b475aade53b8cb17d2f3dcd
M2_Macro_Oil_vs_M3_Macro_Oil_RegQuality__primary__Oil_Rent_Intensive_Pre2016_ge1pct,Regulatory_Quality_lag1,primary,Inward_FDI_Net_Flow_asinh,Oil_Rent_Intensive_Pre2016_ge1pct,Future_Period,train_to_2018__test_from_2019,Ridge,244,63,2256191052,signal_increment,M2_Macro_Oil,M3_Macro_Oil_RegQuality,2000,0.0019562964798959,0.0019187769335886,0.0019315639989783,-0.000305246938189,0.0041327696595305,-3.751954630726306e-05,3.751954630726306e-05,0.9605,0.292,0.005,0.0,0.0023343067997472,0.0023607025123959,-0.0107508815161589,0.0158716969631851,Directionally positive but marginal,63,2000,63,63,31,40.0,47,23.0,True,7d7ff8f8a3a8efa9226cf2c3bd976c65f6ebd2d13b475aade53b8cb17d2f3dcd
M2_Macro_Oil_vs_M3_Macro_Oil_RegQuality__primary__Oil_Rent_Intensive_Pre2016_ge5pct,Regulatory_Quality_lag1,primary,Inward_FDI_Net_Flow_asinh,Oil_Rent_Intensive_Pre2016_ge5pct,Country_Holdout_CV,OOF_ALL_FOLDS,ElasticNet,893,45,702713018,signal_increment,M2_Macro_Oil,M3_Macro_Oil_RegQuality,2000,-0.0009172698594004,-0.0010015864635008,-0.001222640042695,-0.0077684395374816,0.0036918193191361,-8.431660410040953e-05,8.431660410040953e-05,0.364,0.0925,0.005,0.0,0.0089670409794146,0.0088110262811662,-0.0219476460390319,0.0441800162637066,Setup-dependent,45,2000,45,45,22,29.0,36,16.0,True,126c61f60b67fb788fb6ef454399832b8d9e3ca533073ed547d918d8a6e90bac
M2_Macro_Oil_vs_M3_Macro_Oil_RegQuality__primary__Oil_Rent_Intensive_Pre2016_ge5pct,Regulatory_Quality_lag1,primary,Inward_FDI_Net_Flow_asinh,Oil_Rent_Intensive_Pre2016_ge5pct,Country_Holdout_CV,OOF_ALL_FOLDS,RandomForest,893,45,702713018,signal_increment,M2_Macro_Oil,M3_Macro_Oil_RegQuality,2000,0.0100603310157103,0.0115415862500886,0.010916474109317,-0.0250447282557982,0.0453532075154597,0.0014812552343783,0.0014812552343783,0.733,0.6905,0.6395,0.5335,-0.0616308909620078,-0.0624305867137167,-0.1568233924590022,0.0321213474990325,Setup-dependent,45,2000,45,45,22,29.0,36,16.0,True,126c61f60b67fb788fb6ef454399832b8d9e3ca533073ed547d918d8a6e90bac
M2_Macro_Oil_vs_M3_Macro_Oil_RegQuality__primary__Oil_Rent_Intensive_Pre2016_ge5pct,Regulatory_Quality_lag1,primary,Inward_FDI_Net_Flow_asinh,Oil_Rent_Intensive_Pre2016_ge5pct,Country_Holdout_CV,OOF_ALL_FOLDS,Ridge,893,45,702713018,signal_increment,M2_Macro_Oil,M3_Macro_Oil_RegQuality,2000,-0.0014965499989342,-0.0015635682112715,-0.0018479274726614,-0.0094149289621658,0.0036145067376487,-6.701821233734417e-05,6.701821233734417e-05,0.309,0.0825,0.004,0.0,0.0115324918254429,0.0114353116864338,-0.0216304169176652,0.0494275296433579,Setup-dependent,45,2000,45,45,22,29.0,36,16.0,True,126c61f60b67fb788fb6ef454399832b8d9e3ca533073ed547d918d8a6e90bac
M2_Macro_Oil_vs_M3_Macro_Oil_RegQuality__primary__Oil_Rent_Intensive_Pre2016_ge5pct,Regulatory_Quality_lag1,primary,Inward_FDI_Net_Flow_asinh,Oil_Rent_Intensive_Pre2016_ge5pct,Future_Period,train_to_2012__test_from_2013,ElasticNet,406,44,2005128544,signal_increment,M2_Macro_Oil,M3_Macro_Oil_RegQuality,2000,0.000683424739286,0.0007086888374863,0.0006865598209932,-0.0008975991094624,0.0020534984874191,2.526409820025055e-05,2.526409820025055e-05,0.818,0.0055,0.0,0.0,-0.0055386895771754,-0.0056028889067019,-0.0151049132665889,0.003498616936039,Directionally positive but marginal,44,2000,44,44,22,28.0,35,16.0,True,84107ea5dfe638a8c1a69f0286b599b03b64cbd14b1acf97dbdf6854e2d55187
M2_Macro_Oil_vs_M3_Macro_Oil_RegQuality__primary__Oil_Rent_Intensive_Pre2016_ge5pct,Regulatory_Quality_lag1,primary,Inward_FDI_Net_Flow_asinh,Oil_Rent_Intensive_Pre2016_ge5pct,Future_Period,train_to_2012__test_from_2013,RandomForest,406,44,2005128544,signal_increment,M2_Macro_Oil,M3_Macro_Oil_RegQuality,2000,-0.0141482930265364,-0.0136474965149959,-0.0132658213693624,-0.0378217805552867,0.0147020353850676,0.0005007965115405,0.0005007965115405,0.178,0.1325,0.097,0.052,0.0206144688301828,0.020561956525976,-0.0455309337217603,0.0930859354077369,Unsupported,44,2000,44,44,22,28.0,35,16.0,True,84107ea5dfe638a8c1a69f0286b599b03b64cbd14b1acf97dbdf6854e2d55187
M2_Macro_Oil_vs_M3_Macro_Oil_RegQuality__primary__Oil_Rent_Intensive_Pre2016_ge5pct,Regulatory_Quality_lag1,primary,Inward_FDI_Net_Flow_asinh,Oil_Rent_Intensive_Pre2016_ge5pct,Future_Period,train_to_2012__test_from_2013,Ridge,406,44,2005128544,signal_increment,M2_Macro_Oil,M3_Macro_Oil_RegQuality,2000,0.0014546383381783,0.0014615995130278,0.0014826333094198,0.0004397648188366,0.0025910992109307,6.961174849495766e-06,6.961174849495766e-06,0.9945,0.034,0.0,0.0,-0.0045439689018436,-0.00457128056999,-0.0139224299374479,0.0042479315001386,Directionally positive but marginal,44,2000,44,44,22,28.0,35,16.0,True,84107ea5dfe638a8c1a69f0286b599b03b64cbd14b1acf97dbdf6854e2d55187
M2_Macro_Oil_vs_M3_Macro_Oil_RegQuality__primary__Oil_Rent_Intensive_Pre2016_ge5pct,Regulatory_Quality_lag1,primary,Inward_FDI_Net_Flow_asinh,Oil_Rent_Intensive_Pre2016_ge5pct,Future_Period,train_to_2014__test_from_2015,ElasticNet,321,44,3579645352,signal_increment,M2_Macro_Oil,M3_Macro_Oil_RegQuality,2000,0.0018650968387461,0.0018362775101369,0.0017970518749504,-0.0006443010084132,0.0040562184074919,-2.881932860920866e-05,2.881932860920866e-05,0.937,0.2695,0.003,0.0,7.453704777216075e-05,0.000173969907514,-0.0151409069539917,0.0164211248706376,Directionally positive but marginal,44,2000,44,44,21,28.0,34,16.0,True,a126f8dc58e169811a963f591ce9b3e36030170f5553a45a2553e1895a961ad3
M2_Macro_Oil_vs_M3_Macro_Oil_RegQuality__primary__Oil_Rent_Intensive_Pre2016_ge5pct,Regulatory_Quality_lag1,primary,Inward_FDI_Net_Flow_asinh,Oil_Rent_Intensive_Pre2016_ge5pct,Future_Period,train_to_2014__test_from_2015,RandomForest,321,44,3579645352,signal_increment,M2_Macro_Oil,M3_Macro_Oil_RegQuality,2000,-0.0122300559151924,-0.0121819865594971,-0.0117889365367995,-0.0522676237599184,0.0328831672904673,4.806935569529047e-05,4.806935569529047e-05,0.27,0.2305,0.1985,0.135,-0.0061976932442666,-0.0058145046407416,-0.1023017289647314,0.0858919939072058,Setup-dependent,44,2000,44,44,21,28.0,34,16.0,True,a126f8dc58e169811a963f591ce9b3e36030170f5553a45a2553e1895a961ad3
M2_Macro_Oil_vs_M3_Macro_Oil_RegQuality__primary__Oil_Rent_Intensive_Pre2016_ge5pct,Regulatory_Quality_lag1,primary,Inward_FDI_Net_Flow_asinh,Oil_Rent_Intensive_Pre2016_ge5pct,Future_Period,train_to_2014__test_from_2015,Ridge,321,44,3579645352,signal_increment,M2_Macro_Oil,M3_Macro_Oil_RegQuality,2000,0.0019886750186075,0.0019684609157208,0.0019210293487051,-0.0005720830390188,0.0042649945412131,-2.021410288666204e-05,2.021410288666204e-05,0.939,0.3125,0.0045,0.0,0.0002860057700142,0.0004012932859629,-0.0154582956886521,0.0171886631696968,Directionally positive but marginal,44,2000,44,44,21,28.0,34,16.0,True,a126f8dc58e169811a963f591ce9b3e36030170f5553a45a2553e1895a961ad3
M2_Macro_Oil_vs_M3_Macro_Oil_RegQuality__primary__Oil_Rent_Intensive_Pre2016_ge5pct,Regulatory_Quality_lag1,primary,Inward_FDI_Net_Flow_asinh,Oil_Rent_Intensive_Pre2016_ge5pct,Future_Period,train_to_2015__test_from_2016,ElasticNet,279,42,951138406,signal_increment,M2_Macro_Oil,M3_Macro_Oil_RegQuality,2000,0.0014397090248411,0.0014332661288126,0.0014198931210926,-0.0001346113781812,0.0029316872017097,-6.442896028469036e-06,6.442896028469036e-06,0.9615,0.0775,0.0,0.0,-0.0006519119385299,-0.0005284688301057,-0.0114536115188862,0.0104270824289567,Directionally positive but marginal,42,2000,42,42,20,27.0,33,15.0,True,b3649e99b5cb910f9e640bb3f54cfcdb52ead896b30a890f221d333c82a90e45
M2_Macro_Oil_vs_M3_Macro_Oil_RegQuality__primary__Oil_Rent_Intensive_Pre2016_ge5pct,Regulatory_Quality_lag1,primary,Inward_FDI_Net_Flow_asinh,Oil_Rent_Intensive_Pre2016_ge5pct,Future_Period,train_to_2015__test_from_2016,RandomForest,279,42,951138406,signal_increment,M2_Macro_Oil,M3_Macro_Oil_RegQuality,2000,0.0128657112605679,0.012157732558784,0.0117548704003953,-0.0312927377481714,0.0520903660047148,-0.0007079787017838,0.0007079787017838,0.7105,0.6725,0.6275,0.54,-0.0510924712276383,-0.0491110736792881,-0.1663913438412276,0.0683420551200236,Setup-dependent,42,2000,42,42,20,27.0,33,15.0,True,b3649e99b5cb910f9e640bb3f54cfcdb52ead896b30a890f221d333c82a90e45
M2_Macro_Oil_vs_M3_Macro_Oil_RegQuality__primary__Oil_Rent_Intensive_Pre2016_ge5pct,Regulatory_Quality_lag1,primary,Inward_FDI_Net_Flow_asinh,Oil_Rent_Intensive_Pre2016_ge5pct,Future_Period,train_to_2015__test_from_2016,Ridge,279,42,951138406,signal_increment,M2_Macro_Oil,M3_Macro_Oil_RegQuality,2000,0.001534037418126,0.0015177564300308,0.0015136828314096,-7.962069611076013e-05,0.003052944669752,-1.6280988095251914e-05,1.6280988095251914e-05,0.968,0.104,0.0,0.0,-0.0007188572021648,-0.0006416585010662,-0.0117429000257395,0.0104409785729274,Directionally positive but marginal,42,2000,42,42,20,27.0,33,15.0,True,b3649e99b5cb910f9e640bb3f54cfcdb52ead896b30a890f221d333c82a90e45
M2_Macro_Oil_vs_M3_Macro_Oil_RegQuality__primary__Oil_Rent_Intensive_Pre2016_ge5pct,Regulatory_Quality_lag1,primary,Inward_FDI_Net_Flow_asinh,Oil_Rent_Intensive_Pre2016_ge5pct,Future_Period,train_to_2016__test_from_2017,ElasticNet,238,41,3401238536,signal_increment,M2_Macro_Oil,M3_Macro_Oil_RegQuality,2000,0.0013376264627423,0.0013316221390282,0.0013520993118874,0.0003209368605185,0.0025705003986906,-6.004323714170479e-06,6.004323714170479e-06,0.9905,0.032,0.0,0.0,-0.0011863393260513,-0.0012258090225967,-0.0113587650444624,0.0086736251714625,Directionally positive but marginal,41,2000,41,41,19,26.0,32,15.0,True,ae0f9def1859b650c640ce99187c94dd14e8175fa6b1e4034552153e909aa229
M2_Macro_Oil_vs_M3_Macro_Oil_RegQuality__primary__Oil_Rent_Intensive_Pre2016_ge5pct,Regulatory_Quality_lag1,primary,Inward_FDI_Net_Flow_asinh,Oil_Rent_Intensive_Pre2016_ge5pct,Future_Period,train_to_2016__test_from_2017,RandomForest,238,41,3401238536,signal_increment,M2_Macro_Oil,M3_Macro_Oil_RegQuality,2000,0.0009419043046536,0.0008431866359308,0.0021306319715182,-0.0396852942421476,0.0527040164464594,-9.87176687228808e-05,9.87176687228808e-05,0.5185,0.471,0.4235,0.344,0.0003567635521939,-0.0032424625944529,-0.1055188333656551,0.109794361667631,Setup-dependent,41,2000,41,41,19,26.0,32,15.0,True,ae0f9def1859b650c640ce99187c94dd14e8175fa6b1e4034552153e909aa229
M2_Macro_Oil_vs_M3_Macro_Oil_RegQuality__primary__Oil_Rent_Intensive_Pre2016_ge5pct,Regulatory_Quality_lag1,primary,Inward_FDI_Net_Flow_asinh,Oil_Rent_Intensive_Pre2016_ge5pct,Future_Period,train_to_2016__test_from_2017,Ridge,238,41,3401238536,signal_increment,M2_Macro_Oil,M3_Macro_Oil_RegQuality,2000,0.0014573452902428,0.0014562417691939,0.0014716730153572,0.0003634017904113,0.0027867638418214,-1.103521048928524e-06,1.103521048928524e-06,0.992,0.052,0.0,0.0,-0.0011014289912725,-0.0011063062834162,-0.0121288228747927,0.0094650847911698,Directionally positive but marginal,41,2000,41,41,19,26.0,32,15.0,True,ae0f9def1859b650c640ce99187c94dd14e8175fa6b1e4034552153e909aa229
M2_Macro_Oil_vs_M3_Macro_Oil_RegQuality__primary__Oil_Rent_Intensive_Pre2016_ge5pct,Regulatory_Quality_lag1,primary,Inward_FDI_Net_Flow_asinh,Oil_Rent_Intensive_Pre2016_ge5pct,Future_Period,train_to_2018__test_from_2019,ElasticNet,158,41,1789317699,signal_increment,M2_Macro_Oil,M3_Macro_Oil_RegQuality,2000,0.0018757155856741,0.0019279472655416,0.0019576740469086,-0.0016488677536111,0.0053737027881125,5.223167986750932e-05,5.223167986750932e-05,0.878,0.3805,0.045,0.0,0.0035748822407648,0.0032489133757922,-0.0208429203421208,0.0279056126361606,Directionally positive but marginal,41,2000,41,41,19,26.0,32,15.0,True,d3bd3e4ea16de2bff22662a462dd0d8d25a808d52593bf564a2d56228c218661
M2_Macro_Oil_vs_M3_Macro_Oil_RegQuality__primary__Oil_Rent_Intensive_Pre2016_ge5pct,Regulatory_Quality_lag1,primary,Inward_FDI_Net_Flow_asinh,Oil_Rent_Intensive_Pre2016_ge5pct,Future_Period,train_to_2018__test_from_2019,RandomForest,158,41,1789317699,signal_increment,M2_Macro_Oil,M3_Macro_Oil_RegQuality,2000,0.0238273879044343,0.0222918313140531,0.0267403085240936,-0.0303576715972817,0.1064672565064408,-0.0015355565903812,0.0015355565903812,0.7645,0.7355,0.7095,0.65,-0.0592092722056487,-0.0607438487778315,-0.2164792358501957,0.0994784664702249,Setup-dependent,41,2000,41,41,19,26.0,32,15.0,True,d3bd3e4ea16de2bff22662a462dd0d8d25a808d52593bf564a2d56228c218661
M2_Macro_Oil_vs_M3_Macro_Oil_RegQuality__primary__Oil_Rent_Intensive_Pre2016_ge5pct,Regulatory_Quality_lag1,primary,Inward_FDI_Net_Flow_asinh,Oil_Rent_Intensive_Pre2016_ge5pct,Future_Period,train_to_2018__test_from_2019,Ridge,158,41,1789317699,signal_increment,M2_Macro_Oil,M3_Macro_Oil_RegQuality,2000,0.001952207705409,0.0020119028450604,0.0020379802651296,-0.0018017969392278,0.0056890187732023,5.969513965142781e-05,5.969513965142781e-05,0.8755,0.4045,0.0595,0.0,0.0046317898794963,0.0042680161175585,-0.0211319719439823,0.0304018356198715,Directionally positive but marginal,41,2000,41,41,19,26.0,32,15.0,True,d3bd3e4ea16de2bff22662a462dd0d8d25a808d52593bf564a2d56228c218661
