sample_id,signal,target_role,target,universe,validation,split_id,algorithm,test_rows,test_countries,bootstrap_seed,comparison_type,left_predictor,right_predictor,bootstrap_replicates,point_delta_r2,bootstrap_median_delta_r2,bootstrap_mean_delta_r2,bootstrap_ci_low_delta_r2,bootstrap_ci_high_delta_r2,bootstrap_median_minus_point_delta_r2,bootstrap_abs_median_minus_point_delta_r2,p_delta_r2_gt_0,p_delta_r2_gt_0p0025,p_delta_r2_gt_0p005,p_delta_r2_gt_0p01,point_delta_mae,bootstrap_median_delta_mae,bootstrap_ci_low_delta_mae,bootstrap_ci_high_delta_mae,five_way_unit_verdict,countries_N,replicates,draws_min,draws_max,distinct_countries_min,distinct_countries_median,distinct_countries_max,duplicate_draws_median,all_replicates_exact_N_draws,draw_count_matrix_sha256
M2_Macro_Oil_vs_M3_Macro_Oil_RegQuality_Score__normalized__All_Eligible,Regulatory_Quality_Score_lag1,normalized,Inward_FDI_Net_Flow_GDP_Pct_asinh,All_Eligible,Country_Holdout_CV,OOF_ALL_FOLDS,ElasticNet,3828,184,2433254131,added_model_vs_strongest_benchmark,Lagged_Flow,M3_Macro_Oil_RegQuality_Score,2000,0.1757701504924858,0.17431885364063088,0.17526307161814933,0.11416400789718104,0.2458249050854368,-0.0014512968518549108,0.0014512968518549108,1.0,1.0,1.0,1.0,0.0071057649311283555,0.00707904527623443,-0.01699511131385267,0.03393278634731772,Supported and practically material,184,2000,184,184,102,117.0,131,67.0,True,f071421e8edadd75f769513a23c2071aa9def15022c1717aefe632bc1284ecc7
M2_Macro_Oil_vs_M3_Macro_Oil_RegQuality_Score__normalized__All_Eligible,Regulatory_Quality_Score_lag1,normalized,Inward_FDI_Net_Flow_GDP_Pct_asinh,All_Eligible,Country_Holdout_CV,OOF_ALL_FOLDS,RandomForest,3828,184,2433254131,added_model_vs_strongest_benchmark,Lagged_Flow,M3_Macro_Oil_RegQuality_Score,2000,0.16176319157754449,0.15892691650555224,0.16079003490927027,0.07968423085439329,0.25153739464561536,-0.0028362750719922447,0.0028362750719922447,1.0,1.0,1.0,1.0,0.01407924851143827,0.014183970427821935,-0.017875982085750995,0.04677251430852394,Supported and practically material,184,2000,184,184,102,117.0,131,67.0,True,f071421e8edadd75f769513a23c2071aa9def15022c1717aefe632bc1284ecc7
M2_Macro_Oil_vs_M3_Macro_Oil_RegQuality_Score__normalized__All_Eligible,Regulatory_Quality_Score_lag1,normalized,Inward_FDI_Net_Flow_GDP_Pct_asinh,All_Eligible,Country_Holdout_CV,OOF_ALL_FOLDS,Ridge,3828,184,2433254131,added_model_vs_strongest_benchmark,Lagged_Flow,M3_Macro_Oil_RegQuality_Score,2000,0.17535682631019234,0.17381770617337716,0.1748255419898712,0.11409925785071219,0.24529178352611083,-0.0015391201368151752,0.0015391201368151752,1.0,1.0,1.0,1.0,0.006570997681296653,0.006645421907490068,-0.017133576234958092,0.033685968872788796,Supported and practically material,184,2000,184,184,102,117.0,131,67.0,True,f071421e8edadd75f769513a23c2071aa9def15022c1717aefe632bc1284ecc7
M2_Macro_Oil_vs_M3_Macro_Oil_RegQuality_Score__normalized__All_Eligible,Regulatory_Quality_Score_lag1,normalized,Inward_FDI_Net_Flow_GDP_Pct_asinh,All_Eligible,Future_Period,train_to_2012__test_from_2013,ElasticNet,1760,183,1103515508,added_model_vs_strongest_benchmark,Lagged_Flow,M3_Macro_Oil_RegQuality_Score,2000,0.21806475179353746,0.21756255516414713,0.21701277182171755,0.13816004921585048,0.2940982590628227,-0.0005021966293903279,0.0005021966293903279,1.0,1.0,1.0,1.0,-0.020112078537305567,-0.020210692165191724,-0.04858887684223085,0.008643779798639178,Supported and practically material,183,2000,183,183,103,116.0,132,67.0,True,8981b20830ef79f2790c8dd623c6f541f5cfcefdab927ca025489dc3204c2214
M2_Macro_Oil_vs_M3_Macro_Oil_RegQuality_Score__normalized__All_Eligible,Regulatory_Quality_Score_lag1,normalized,Inward_FDI_Net_Flow_GDP_Pct_asinh,All_Eligible,Future_Period,train_to_2012__test_from_2013,RandomForest,1760,183,1103515508,added_model_vs_strongest_benchmark,Lagged_Flow,M3_Macro_Oil_RegQuality_Score,2000,0.19810964235914796,0.19814522184557753,0.19760522775909015,0.058718546340147754,0.32996320555006775,3.5579486429571094e-05,3.5579486429571094e-05,0.9985,0.9985,0.9985,0.998,-0.023198178853524487,-0.023805340922740614,-0.06713224665590639,0.020164984391162398,Supported and practically material,183,2000,183,183,103,116.0,132,67.0,True,8981b20830ef79f2790c8dd623c6f541f5cfcefdab927ca025489dc3204c2214
M2_Macro_Oil_vs_M3_Macro_Oil_RegQuality_Score__normalized__All_Eligible,Regulatory_Quality_Score_lag1,normalized,Inward_FDI_Net_Flow_GDP_Pct_asinh,All_Eligible,Future_Period,train_to_2012__test_from_2013,Ridge,1760,183,1103515508,added_model_vs_strongest_benchmark,Lagged_Flow,M3_Macro_Oil_RegQuality_Score,2000,0.2181754572118385,0.21766442152485693,0.21712783925542262,0.1386802476689198,0.29334606099061833,-0.0005110356869815758,0.0005110356869815758,1.0,1.0,1.0,1.0,-0.02126006085028409,-0.021171638618056488,-0.04944188931899127,0.0066572205166228315,Supported and practically material,183,2000,183,183,103,116.0,132,67.0,True,8981b20830ef79f2790c8dd623c6f541f5cfcefdab927ca025489dc3204c2214
M2_Macro_Oil_vs_M3_Macro_Oil_RegQuality_Score__normalized__All_Eligible,Regulatory_Quality_Score_lag1,normalized,Inward_FDI_Net_Flow_GDP_Pct_asinh,All_Eligible,Future_Period,train_to_2014__test_from_2015,ElasticNet,1401,183,2179153686,added_model_vs_strongest_benchmark,Lagged_Flow,M3_Macro_Oil_RegQuality_Score,2000,0.2352513968768094,0.233954308250427,0.23434957135503381,0.14945400165097456,0.325929334438549,-0.0012970886263823922,0.0012970886263823922,1.0,1.0,1.0,1.0,-0.021001805757711378,-0.02145528506754696,-0.0520967575092126,0.008958422440797463,Supported and practically material,183,2000,183,183,102,116.0,130,67.0,True,2ec6a0de5cec66e1a3259b5e2946b37379a332fb28627e578d65c17cac880c01
M2_Macro_Oil_vs_M3_Macro_Oil_RegQuality_Score__normalized__All_Eligible,Regulatory_Quality_Score_lag1,normalized,Inward_FDI_Net_Flow_GDP_Pct_asinh,All_Eligible,Future_Period,train_to_2014__test_from_2015,RandomForest,1401,183,2179153686,added_model_vs_strongest_benchmark,Lagged_Flow,M3_Macro_Oil_RegQuality_Score,2000,0.23325923112495972,0.23320644157983544,0.2329340779270777,0.10634161341285352,0.36953043889544107,-5.278954512427658e-05,5.278954512427658e-05,1.0,1.0,1.0,1.0,-0.03363692385836292,-0.0336253066996115,-0.07705965421641287,0.007446359848087591,Supported and practically material,183,2000,183,183,102,116.0,130,67.0,True,2ec6a0de5cec66e1a3259b5e2946b37379a332fb28627e578d65c17cac880c01
M2_Macro_Oil_vs_M3_Macro_Oil_RegQuality_Score__normalized__All_Eligible,Regulatory_Quality_Score_lag1,normalized,Inward_FDI_Net_Flow_GDP_Pct_asinh,All_Eligible,Future_Period,train_to_2014__test_from_2015,Ridge,1401,183,2179153686,added_model_vs_strongest_benchmark,Lagged_Flow,M3_Macro_Oil_RegQuality_Score,2000,0.2345822696543618,0.23317469941871843,0.23367388230248923,0.14978129225247186,0.3240458780875085,-0.0014075702356433628,0.0014075702356433628,1.0,1.0,1.0,1.0,-0.02126657072274074,-0.021786801038223724,-0.05166920840505996,0.008389464174613087,Supported and practically material,183,2000,183,183,102,116.0,130,67.0,True,2ec6a0de5cec66e1a3259b5e2946b37379a332fb28627e578d65c17cac880c01
M2_Macro_Oil_vs_M3_Macro_Oil_RegQuality_Score__normalized__All_Eligible,Regulatory_Quality_Score_lag1,normalized,Inward_FDI_Net_Flow_GDP_Pct_asinh,All_Eligible,Future_Period,train_to_2015__test_from_2016,ElasticNet,1222,180,1682767197,added_model_vs_strongest_benchmark,Training_Mean,M3_Macro_Oil_RegQuality_Score,2000,0.234115339834029,0.2385714266444875,0.2378547585165204,0.060465997550916695,0.41922629729828376,0.004456086810458504,0.004456086810458504,0.9975,0.997,0.997,0.996,-0.2828208606903726,-0.28160549092970966,-0.36177283856240783,-0.2067256082877793,Supported and practically material,180,2000,180,180,95,114.0,129,66.0,True,5bfc54b4f8e1023dafe4e9778a30cc0e59f9da0f922d112344846b372a219718
M2_Macro_Oil_vs_M3_Macro_Oil_RegQuality_Score__normalized__All_Eligible,Regulatory_Quality_Score_lag1,normalized,Inward_FDI_Net_Flow_GDP_Pct_asinh,All_Eligible,Future_Period,train_to_2015__test_from_2016,RandomForest,1222,180,1682767197,added_model_vs_strongest_benchmark,Training_Mean,M3_Macro_Oil_RegQuality_Score,2000,0.21613883540704648,0.2177092114582545,0.22022329417961095,0.060751258885350594,0.39174668604488844,0.0015703760512080223,0.0015703760512080223,0.9985,0.9985,0.9975,0.997,-0.2891736803573923,-0.2880012883745615,-0.3664587590416836,-0.2149579931175887,Supported and practically material,180,2000,180,180,95,114.0,129,66.0,True,5bfc54b4f8e1023dafe4e9778a30cc0e59f9da0f922d112344846b372a219718
M2_Macro_Oil_vs_M3_Macro_Oil_RegQuality_Score__normalized__All_Eligible,Regulatory_Quality_Score_lag1,normalized,Inward_FDI_Net_Flow_GDP_Pct_asinh,All_Eligible,Future_Period,train_to_2015__test_from_2016,Ridge,1222,180,1682767197,added_model_vs_strongest_benchmark,Training_Mean,M3_Macro_Oil_RegQuality_Score,2000,0.23329181328027482,0.23763577194473745,0.23700598568898182,0.0580678844922422,0.41926224423672737,0.004343958664462633,0.004343958664462633,0.9975,0.997,0.9965,0.996,-0.283194337583486,-0.2819364974010555,-0.36300285100337804,-0.2061035232544266,Supported and practically material,180,2000,180,180,95,114.0,129,66.0,True,5bfc54b4f8e1023dafe4e9778a30cc0e59f9da0f922d112344846b372a219718
M2_Macro_Oil_vs_M3_Macro_Oil_RegQuality_Score__normalized__All_Eligible,Regulatory_Quality_Score_lag1,normalized,Inward_FDI_Net_Flow_GDP_Pct_asinh,All_Eligible,Future_Period,train_to_2016__test_from_2017,ElasticNet,1045,180,269361961,added_model_vs_strongest_benchmark,Training_Mean,M3_Macro_Oil_RegQuality_Score,2000,0.23712176940133123,0.24471642936570465,0.24227057819252804,0.05005508302660674,0.4244747650865239,0.007594659964373418,0.007594659964373418,0.993,0.992,0.991,0.9895,-0.2813220914348533,-0.28141521947205195,-0.3647446502070513,-0.20453091688761724,Supported and practically material,180,2000,180,180,100,114.0,128,66.0,True,e8364c9128722b3bdbba68ffe54622e51489b7325aa414c700071b5319db051c
M2_Macro_Oil_vs_M3_Macro_Oil_RegQuality_Score__normalized__All_Eligible,Regulatory_Quality_Score_lag1,normalized,Inward_FDI_Net_Flow_GDP_Pct_asinh,All_Eligible,Future_Period,train_to_2016__test_from_2017,RandomForest,1045,180,269361961,added_model_vs_strongest_benchmark,Training_Mean,M3_Macro_Oil_RegQuality_Score,2000,0.22930262030192272,0.23507633596309008,0.23548582486588954,0.056441847892660206,0.4113889771476094,0.005773715661167356,0.005773715661167356,0.996,0.995,0.995,0.9925,-0.30202041076302477,-0.3020875125714529,-0.38794996128151854,-0.2200937313631743,Supported and practically material,180,2000,180,180,100,114.0,128,66.0,True,e8364c9128722b3bdbba68ffe54622e51489b7325aa414c700071b5319db051c
M2_Macro_Oil_vs_M3_Macro_Oil_RegQuality_Score__normalized__All_Eligible,Regulatory_Quality_Score_lag1,normalized,Inward_FDI_Net_Flow_GDP_Pct_asinh,All_Eligible,Future_Period,train_to_2016__test_from_2017,Ridge,1045,180,269361961,added_model_vs_strongest_benchmark,Training_Mean,M3_Macro_Oil_RegQuality_Score,2000,0.23637713456641618,0.24364655021268938,0.24153561422052341,0.04813302801961884,0.42476416070199385,0.007269415646273203,0.007269415646273203,0.993,0.9915,0.99,0.9895,-0.2817811893012734,-0.28193942213247974,-0.36648439911863034,-0.2038628760979581,Supported and practically material,180,2000,180,180,100,114.0,128,66.0,True,e8364c9128722b3bdbba68ffe54622e51489b7325aa414c700071b5319db051c
M2_Macro_Oil_vs_M3_Macro_Oil_RegQuality_Score__normalized__All_Eligible,Regulatory_Quality_Score_lag1,normalized,Inward_FDI_Net_Flow_GDP_Pct_asinh,All_Eligible,Future_Period,train_to_2018__test_from_2019,ElasticNet,693,177,1333751051,added_model_vs_strongest_benchmark,Training_Mean,M3_Macro_Oil_RegQuality_Score,2000,0.18851270697218336,0.19939568289682852,0.19299442571523429,-0.08743634348611666,0.4481015710567476,0.010882975924645155,0.010882975924645155,0.9115,0.9075,0.904,0.8975,-0.2730297244891916,-0.27122970107019984,-0.3661787300591216,-0.17957869834117965,Directionally positive but marginal,177,2000,177,177,98,112.0,128,65.0,True,fd9b034caef89bcfe8dcea6b1bcac2e31c56de87ca79fcf209abf8e6b8dcb5ee
M2_Macro_Oil_vs_M3_Macro_Oil_RegQuality_Score__normalized__All_Eligible,Regulatory_Quality_Score_lag1,normalized,Inward_FDI_Net_Flow_GDP_Pct_asinh,All_Eligible,Future_Period,train_to_2018__test_from_2019,RandomForest,693,177,1333751051,added_model_vs_strongest_benchmark,Training_Mean,M3_Macro_Oil_RegQuality_Score,2000,0.22768866215068395,0.2355494310468052,0.2328830238724504,0.009097562532473616,0.4418483134453207,0.00786076889612125,0.00786076889612125,0.9775,0.977,0.976,0.9735,-0.2977469636952085,-0.29540038212143394,-0.38915464417276274,-0.20687809451406472,Supported and practically material,177,2000,177,177,98,112.0,128,65.0,True,fd9b034caef89bcfe8dcea6b1bcac2e31c56de87ca79fcf209abf8e6b8dcb5ee
M2_Macro_Oil_vs_M3_Macro_Oil_RegQuality_Score__normalized__All_Eligible,Regulatory_Quality_Score_lag1,normalized,Inward_FDI_Net_Flow_GDP_Pct_asinh,All_Eligible,Future_Period,train_to_2018__test_from_2019,Ridge,693,177,1333751051,added_model_vs_strongest_benchmark,Training_Mean,M3_Macro_Oil_RegQuality_Score,2000,0.18643923439484633,0.1972948574967811,0.190919254264107,-0.09048283802243037,0.4469600267558295,0.010855623101934775,0.010855623101934775,0.9075,0.9025,0.8995,0.8925,-0.2715890562317639,-0.26970644971194074,-0.3653913873843763,-0.17727019700028476,Directionally positive but marginal,177,2000,177,177,98,112.0,128,65.0,True,fd9b034caef89bcfe8dcea6b1bcac2e31c56de87ca79fcf209abf8e6b8dcb5ee
M2_Macro_Oil_vs_M3_Macro_Oil_RegQuality_Score__normalized__Oil_Rent_Intensive_Pre2016_ge10pct,Regulatory_Quality_Score_lag1,normalized,Inward_FDI_Net_Flow_GDP_Pct_asinh,Oil_Rent_Intensive_Pre2016_ge10pct,Country_Holdout_CV,OOF_ALL_FOLDS,ElasticNet,654,34,3278150188,added_model_vs_strongest_benchmark,Lagged_Flow,M3_Macro_Oil_RegQuality_Score,2000,0.12719617682925932,0.12772724073639086,0.12844412456733953,0.05547187371194017,0.20228752182478207,0.0005310639071315348,0.0005310639071315348,0.9995,0.9995,0.9995,0.9995,0.04303774621243339,0.043721205456021595,-0.0018662473980215729,0.0886875591985271,Supported and practically material,34,2000,34,34,16,22.0,27,12.0,True,9a0d6a1ab9a0754d3c11d94e958802cbfa21805c60af1f0b4067dd180002d85a
M2_Macro_Oil_vs_M3_Macro_Oil_RegQuality_Score__normalized__Oil_Rent_Intensive_Pre2016_ge10pct,Regulatory_Quality_Score_lag1,normalized,Inward_FDI_Net_Flow_GDP_Pct_asinh,Oil_Rent_Intensive_Pre2016_ge10pct,Country_Holdout_CV,OOF_ALL_FOLDS,RandomForest,654,34,3278150188,added_model_vs_strongest_benchmark,Lagged_Flow,M3_Macro_Oil_RegQuality_Score,2000,0.091873738106101,0.09143862973861183,0.09053016107951492,-0.02163118003083177,0.19643122407410402,-0.0004351083674891676,0.0004351083674891676,0.9485,0.944,0.9395,0.926,0.07658368156176754,0.07762645064122953,0.0076992227725277895,0.1510024292486984,Directionally positive but marginal,34,2000,34,34,16,22.0,27,12.0,True,9a0d6a1ab9a0754d3c11d94e958802cbfa21805c60af1f0b4067dd180002d85a
M2_Macro_Oil_vs_M3_Macro_Oil_RegQuality_Score__normalized__Oil_Rent_Intensive_Pre2016_ge10pct,Regulatory_Quality_Score_lag1,normalized,Inward_FDI_Net_Flow_GDP_Pct_asinh,Oil_Rent_Intensive_Pre2016_ge10pct,Country_Holdout_CV,OOF_ALL_FOLDS,Ridge,654,34,3278150188,added_model_vs_strongest_benchmark,Lagged_Flow,M3_Macro_Oil_RegQuality_Score,2000,0.12172609015566382,0.12269990407523446,0.1228886218299153,0.052559732353929876,0.19339587637632524,0.0009738139195706319,0.0009738139195706319,0.9995,0.9995,0.9995,0.999,0.047195700418228625,0.04769480361856071,0.002254753610932327,0.09315145966569519,Supported and practically material,34,2000,34,34,16,22.0,27,12.0,True,9a0d6a1ab9a0754d3c11d94e958802cbfa21805c60af1f0b4067dd180002d85a
M2_Macro_Oil_vs_M3_Macro_Oil_RegQuality_Score__normalized__Oil_Rent_Intensive_Pre2016_ge10pct,Regulatory_Quality_Score_lag1,normalized,Inward_FDI_Net_Flow_GDP_Pct_asinh,Oil_Rent_Intensive_Pre2016_ge10pct,Future_Period,train_to_2012__test_from_2013,ElasticNet,295,33,1491868304,added_model_vs_strongest_benchmark,Lagged_Flow,M3_Macro_Oil_RegQuality_Score,2000,0.1896239191902338,0.192461129984639,0.19363898373509728,0.08455735780095999,0.30555748199910726,0.002837210794405187,0.002837210794405187,1.0,0.9995,0.9995,0.999,-0.006951511344262196,-0.006578056018887279,-0.06876305761267706,0.057693771907612115,Supported and practically material,33,2000,33,33,15,21.0,28,12.0,True,5a75d08302f015c08c400ceaa398c146f7198d94619076260e89e5499c309757
M2_Macro_Oil_vs_M3_Macro_Oil_RegQuality_Score__normalized__Oil_Rent_Intensive_Pre2016_ge10pct,Regulatory_Quality_Score_lag1,normalized,Inward_FDI_Net_Flow_GDP_Pct_asinh,Oil_Rent_Intensive_Pre2016_ge10pct,Future_Period,train_to_2012__test_from_2013,RandomForest,295,33,1491868304,added_model_vs_strongest_benchmark,Lagged_Flow,M3_Macro_Oil_RegQuality_Score,2000,0.1515578930146091,0.15519828921476264,0.15709556698429047,-0.04568209141153198,0.35141470523256146,0.0036403962001535506,0.0036403962001535506,0.943,0.9405,0.937,0.93,0.040609424903143676,0.039141203200980024,-0.08289856316831805,0.1909357470472874,Directionally positive but marginal,33,2000,33,33,15,21.0,28,12.0,True,5a75d08302f015c08c400ceaa398c146f7198d94619076260e89e5499c309757
M2_Macro_Oil_vs_M3_Macro_Oil_RegQuality_Score__normalized__Oil_Rent_Intensive_Pre2016_ge10pct,Regulatory_Quality_Score_lag1,normalized,Inward_FDI_Net_Flow_GDP_Pct_asinh,Oil_Rent_Intensive_Pre2016_ge10pct,Future_Period,train_to_2012__test_from_2013,Ridge,295,33,1491868304,added_model_vs_strongest_benchmark,Lagged_Flow,M3_Macro_Oil_RegQuality_Score,2000,0.1891347647448629,0.19235354178473701,0.19329922198993268,0.0854149084087961,0.30392801500660277,0.00321877703987411,0.00321877703987411,1.0,1.0,0.9995,0.999,-0.010189723993431876,-0.01028589663316648,-0.07049597200739122,0.051888164643930125,Supported and practically material,33,2000,33,33,15,21.0,28,12.0,True,5a75d08302f015c08c400ceaa398c146f7198d94619076260e89e5499c309757
M2_Macro_Oil_vs_M3_Macro_Oil_RegQuality_Score__normalized__Oil_Rent_Intensive_Pre2016_ge10pct,Regulatory_Quality_Score_lag1,normalized,Inward_FDI_Net_Flow_GDP_Pct_asinh,Oil_Rent_Intensive_Pre2016_ge10pct,Future_Period,train_to_2014__test_from_2015,ElasticNet,232,33,3525356782,added_model_vs_strongest_benchmark,Lagged_Flow,M3_Macro_Oil_RegQuality_Score,2000,0.20410831779152316,0.210696474784478,0.21173095078650897,0.08150414057319445,0.3529881859571829,0.006588156992954841,0.006588156992954841,0.9995,0.999,0.999,0.999,-0.0046339703384972175,-0.0053678555619451895,-0.07784696079431976,0.06845171440076472,Supported and practically material,33,2000,33,33,14,21.0,27,12.0,True,21a7660d8fe395d1245a4cb48209c7002782d02fbd67f91774a99a8b47ed7698
M2_Macro_Oil_vs_M3_Macro_Oil_RegQuality_Score__normalized__Oil_Rent_Intensive_Pre2016_ge10pct,Regulatory_Quality_Score_lag1,normalized,Inward_FDI_Net_Flow_GDP_Pct_asinh,Oil_Rent_Intensive_Pre2016_ge10pct,Future_Period,train_to_2014__test_from_2015,RandomForest,232,33,3525356782,added_model_vs_strongest_benchmark,Lagged_Flow,M3_Macro_Oil_RegQuality_Score,2000,0.17454305233274214,0.18271058041014787,0.18590597776194523,-0.017216861667442192,0.41035310171931627,0.008167528077405728,0.008167528077405728,0.962,0.96,0.9565,0.9525,0.03648310204434424,0.03382575440822827,-0.09489212254232811,0.17886822912668607,Directionally positive but marginal,33,2000,33,33,14,21.0,27,12.0,True,21a7660d8fe395d1245a4cb48209c7002782d02fbd67f91774a99a8b47ed7698
M2_Macro_Oil_vs_M3_Macro_Oil_RegQuality_Score__normalized__Oil_Rent_Intensive_Pre2016_ge10pct,Regulatory_Quality_Score_lag1,normalized,Inward_FDI_Net_Flow_GDP_Pct_asinh,Oil_Rent_Intensive_Pre2016_ge10pct,Future_Period,train_to_2014__test_from_2015,Ridge,232,33,3525356782,added_model_vs_strongest_benchmark,Lagged_Flow,M3_Macro_Oil_RegQuality_Score,2000,0.2013210646773398,0.2078160744489368,0.20879638060435565,0.08118867463507824,0.3479970253211104,0.0064950097715970045,0.0064950097715970045,0.9995,0.999,0.999,0.999,-0.004703001315934707,-0.005284180450114417,-0.07639773262013494,0.06584079228523967,Supported and practically material,33,2000,33,33,14,21.0,27,12.0,True,21a7660d8fe395d1245a4cb48209c7002782d02fbd67f91774a99a8b47ed7698
M2_Macro_Oil_vs_M3_Macro_Oil_RegQuality_Score__normalized__Oil_Rent_Intensive_Pre2016_ge10pct,Regulatory_Quality_Score_lag1,normalized,Inward_FDI_Net_Flow_GDP_Pct_asinh,Oil_Rent_Intensive_Pre2016_ge10pct,Future_Period,train_to_2015__test_from_2016,ElasticNet,201,30,3189347324,added_model_vs_strongest_benchmark,Lagged_Flow,M3_Macro_Oil_RegQuality_Score,2000,0.20655796034453067,0.20913290257894324,0.21089306302726568,0.07000960153336726,0.35330865417782975,0.0025749422344125694,0.0025749422344125694,0.999,0.9985,0.9985,0.9985,-0.005973952188153109,-0.005854553019353614,-0.0805047112325545,0.0741590611510319,Supported and practically material,30,2000,30,30,14,19.0,24,11.0,True,e9d29a7b6ea536764e712938a42e15bcfc0831bb8362c82e772927bcb879967d
M2_Macro_Oil_vs_M3_Macro_Oil_RegQuality_Score__normalized__Oil_Rent_Intensive_Pre2016_ge10pct,Regulatory_Quality_Score_lag1,normalized,Inward_FDI_Net_Flow_GDP_Pct_asinh,Oil_Rent_Intensive_Pre2016_ge10pct,Future_Period,train_to_2015__test_from_2016,RandomForest,201,30,3189347324,added_model_vs_strongest_benchmark,Lagged_Flow,M3_Macro_Oil_RegQuality_Score,2000,0.18628654439374825,0.19157002653510785,0.19372216173183343,-0.0018020542437491166,0.40023286441958356,0.005283482141359597,0.005283482141359597,0.974,0.9725,0.969,0.964,0.030482468094372273,0.02722728761178911,-0.08385366658370473,0.16354259298560564,Directionally positive but marginal,30,2000,30,30,14,19.0,24,11.0,True,e9d29a7b6ea536764e712938a42e15bcfc0831bb8362c82e772927bcb879967d
M2_Macro_Oil_vs_M3_Macro_Oil_RegQuality_Score__normalized__Oil_Rent_Intensive_Pre2016_ge10pct,Regulatory_Quality_Score_lag1,normalized,Inward_FDI_Net_Flow_GDP_Pct_asinh,Oil_Rent_Intensive_Pre2016_ge10pct,Future_Period,train_to_2015__test_from_2016,Ridge,201,30,3189347324,added_model_vs_strongest_benchmark,Lagged_Flow,M3_Macro_Oil_RegQuality_Score,2000,0.20578099770468183,0.20784054269979868,0.20998880702366715,0.07103040768987487,0.35226056674919337,0.0020595449951168465,0.0020595449951168465,0.999,0.999,0.9985,0.9985,-0.006862134589047497,-0.006419144181254333,-0.07982979086274808,0.07114045905044633,Supported and practically material,30,2000,30,30,14,19.0,24,11.0,True,e9d29a7b6ea536764e712938a42e15bcfc0831bb8362c82e772927bcb879967d
M2_Macro_Oil_vs_M3_Macro_Oil_RegQuality_Score__normalized__Oil_Rent_Intensive_Pre2016_ge10pct,Regulatory_Quality_Score_lag1,normalized,Inward_FDI_Net_Flow_GDP_Pct_asinh,Oil_Rent_Intensive_Pre2016_ge10pct,Future_Period,train_to_2016__test_from_2017,ElasticNet,172,30,4167694068,added_model_vs_strongest_benchmark,Lagged_Flow,M3_Macro_Oil_RegQuality_Score,2000,0.19846919810331765,0.19851618020421502,0.20252811684199146,0.03524357684138508,0.3909409428932432,4.698210089737476e-05,4.698210089737476e-05,0.9915,0.9915,0.9895,0.988,0.01255653737832474,0.014075012817209964,-0.08357234213767978,0.11983156916000855,Supported and practically material,30,2000,30,30,13,19.0,24,11.0,True,44be54e380467ab665a0bb753ac57dc97b4964fb677fbe9715b27299a50946f5
M2_Macro_Oil_vs_M3_Macro_Oil_RegQuality_Score__normalized__Oil_Rent_Intensive_Pre2016_ge10pct,Regulatory_Quality_Score_lag1,normalized,Inward_FDI_Net_Flow_GDP_Pct_asinh,Oil_Rent_Intensive_Pre2016_ge10pct,Future_Period,train_to_2016__test_from_2017,RandomForest,172,30,4167694068,added_model_vs_strongest_benchmark,Lagged_Flow,M3_Macro_Oil_RegQuality_Score,2000,0.21005376235290962,0.20825644511150038,0.21250135127219807,-0.020558586396082466,0.4726600644407084,-0.0017973172414092464,0.0017973172414092464,0.9605,0.9575,0.957,0.9555,0.02589909389581413,0.02891065491801109,-0.1301865891389065,0.19125157824569267,Directionally positive but marginal,30,2000,30,30,13,19.0,24,11.0,True,44be54e380467ab665a0bb753ac57dc97b4964fb677fbe9715b27299a50946f5
M2_Macro_Oil_vs_M3_Macro_Oil_RegQuality_Score__normalized__Oil_Rent_Intensive_Pre2016_ge10pct,Regulatory_Quality_Score_lag1,normalized,Inward_FDI_Net_Flow_GDP_Pct_asinh,Oil_Rent_Intensive_Pre2016_ge10pct,Future_Period,train_to_2016__test_from_2017,Ridge,172,30,4167694068,added_model_vs_strongest_benchmark,Lagged_Flow,M3_Macro_Oil_RegQuality_Score,2000,0.19665269114922201,0.19661995568096052,0.20064763961490553,0.03704139241600688,0.3867832072605984,-3.2735468261491096e-05,3.2735468261491096e-05,0.9915,0.9905,0.9895,0.9885,0.012554298347360993,0.013909318155490458,-0.08251235842541613,0.1189235851973707,Supported and practically material,30,2000,30,30,13,19.0,24,11.0,True,44be54e380467ab665a0bb753ac57dc97b4964fb677fbe9715b27299a50946f5
M2_Macro_Oil_vs_M3_Macro_Oil_RegQuality_Score__normalized__Oil_Rent_Intensive_Pre2016_ge10pct,Regulatory_Quality_Score_lag1,normalized,Inward_FDI_Net_Flow_GDP_Pct_asinh,Oil_Rent_Intensive_Pre2016_ge10pct,Future_Period,train_to_2018__test_from_2019,ElasticNet,114,30,173656384,added_model_vs_strongest_benchmark,Lagged_Flow,M3_Macro_Oil_RegQuality_Score,2000,0.24972827526896701,0.2515185041388027,0.25470977179729193,0.04634973216932034,0.47930652643871396,0.0017902288698357083,0.0017902288698357083,0.994,0.994,0.9935,0.992,-0.015083459887984096,-0.015213087374146617,-0.12919869648725504,0.09720562357499535,Coverage-limited,30,2000,30,30,13,19.0,24,11.0,True,9405572924d76e0bef1e2c6c22d19b8933758fc243f008b9cee94c096b11ee87
M2_Macro_Oil_vs_M3_Macro_Oil_RegQuality_Score__normalized__Oil_Rent_Intensive_Pre2016_ge10pct,Regulatory_Quality_Score_lag1,normalized,Inward_FDI_Net_Flow_GDP_Pct_asinh,Oil_Rent_Intensive_Pre2016_ge10pct,Future_Period,train_to_2018__test_from_2019,RandomForest,114,30,173656384,added_model_vs_strongest_benchmark,Lagged_Flow,M3_Macro_Oil_RegQuality_Score,2000,0.3167976940260804,0.3184190387914053,0.32258607598858136,0.06268042434567657,0.597900426666814,0.001621344765324939,0.001621344765324939,0.9965,0.996,0.995,0.994,-0.050834989097173766,-0.04913046344565242,-0.20039081029327543,0.09640178111338427,Coverage-limited,30,2000,30,30,13,19.0,24,11.0,True,9405572924d76e0bef1e2c6c22d19b8933758fc243f008b9cee94c096b11ee87
M2_Macro_Oil_vs_M3_Macro_Oil_RegQuality_Score__normalized__Oil_Rent_Intensive_Pre2016_ge10pct,Regulatory_Quality_Score_lag1,normalized,Inward_FDI_Net_Flow_GDP_Pct_asinh,Oil_Rent_Intensive_Pre2016_ge10pct,Future_Period,train_to_2018__test_from_2019,Ridge,114,30,173656384,added_model_vs_strongest_benchmark,Lagged_Flow,M3_Macro_Oil_RegQuality_Score,2000,0.24511506395577587,0.24708486773027344,0.24983301453675477,0.043727555379287866,0.47524177011724716,0.0019698037744975694,0.0019698037744975694,0.994,0.994,0.9925,0.991,-0.012630542730414196,-0.012038513365891124,-0.1265737435121356,0.09840622699996843,Coverage-limited,30,2000,30,30,13,19.0,24,11.0,True,9405572924d76e0bef1e2c6c22d19b8933758fc243f008b9cee94c096b11ee87
M2_Macro_Oil_vs_M3_Macro_Oil_RegQuality_Score__normalized__Oil_Rent_Intensive_Pre2016_ge15pct,Regulatory_Quality_Score_lag1,normalized,Inward_FDI_Net_Flow_GDP_Pct_asinh,Oil_Rent_Intensive_Pre2016_ge15pct,Country_Holdout_CV,OOF_ALL_FOLDS,ElasticNet,570,30,309467140,added_model_vs_strongest_benchmark,Lagged_Flow,M3_Macro_Oil_RegQuality_Score,2000,0.08612332220756391,0.08792079254853968,0.0872227452144959,0.022795192111460097,0.1506933184386156,0.0017974703409757709,0.0017974703409757709,0.9955,0.995,0.994,0.9885,0.06117930808462979,0.06123987361841349,0.016659428043740473,0.10746372316012331,Supported and practically material,30,2000,30,30,13,19.0,25,11.0,True,4085825d54a109ae82f0e50f248ac5b60c90395768e796242baa16f5879465b9
M2_Macro_Oil_vs_M3_Macro_Oil_RegQuality_Score__normalized__Oil_Rent_Intensive_Pre2016_ge15pct,Regulatory_Quality_Score_lag1,normalized,Inward_FDI_Net_Flow_GDP_Pct_asinh,Oil_Rent_Intensive_Pre2016_ge15pct,Country_Holdout_CV,OOF_ALL_FOLDS,RandomForest,570,30,309467140,added_model_vs_strongest_benchmark,Lagged_Flow,M3_Macro_Oil_RegQuality_Score,2000,0.039779605467365586,0.03975139472014766,0.039676032541843646,-0.059209655576968154,0.13466063401372122,-2.8210747217927157e-05,2.8210747217927157e-05,0.7965,0.785,0.768,0.736,0.10948941392439593,0.10888445258333024,0.03965823140128926,0.18001052389695366,Setup-dependent,30,2000,30,30,13,19.0,25,11.0,True,4085825d54a109ae82f0e50f248ac5b60c90395768e796242baa16f5879465b9
M2_Macro_Oil_vs_M3_Macro_Oil_RegQuality_Score__normalized__Oil_Rent_Intensive_Pre2016_ge15pct,Regulatory_Quality_Score_lag1,normalized,Inward_FDI_Net_Flow_GDP_Pct_asinh,Oil_Rent_Intensive_Pre2016_ge15pct,Country_Holdout_CV,OOF_ALL_FOLDS,Ridge,570,30,309467140,added_model_vs_strongest_benchmark,Lagged_Flow,M3_Macro_Oil_RegQuality_Score,2000,0.07778246861303717,0.07911376884896026,0.07868511033304101,0.015946786997331548,0.13940675338906416,0.001331300235923094,0.001331300235923094,0.993,0.9915,0.9885,0.9825,0.06729787592161773,0.06722625391850473,0.02192944366603149,0.11327573990111962,Supported and practically material,30,2000,30,30,13,19.0,25,11.0,True,4085825d54a109ae82f0e50f248ac5b60c90395768e796242baa16f5879465b9
M2_Macro_Oil_vs_M3_Macro_Oil_RegQuality_Score__normalized__Oil_Rent_Intensive_Pre2016_ge15pct,Regulatory_Quality_Score_lag1,normalized,Inward_FDI_Net_Flow_GDP_Pct_asinh,Oil_Rent_Intensive_Pre2016_ge15pct,Future_Period,train_to_2012__test_from_2013,ElasticNet,257,29,1213738499,added_model_vs_strongest_benchmark,Lagged_Flow,M3_Macro_Oil_RegQuality_Score,2000,0.13979747100469264,0.1431839430135073,0.1424691385716564,0.021431841345946837,0.26610392744685474,0.003386472008814645,0.003386472008814645,0.994,0.992,0.9905,0.987,0.02889421829431249,0.026425687274334475,-0.040815444722396295,0.10419726364170082,Supported and practically material,29,2000,29,29,13,19.0,24,10.0,True,dd373205ed24474a30f5a947e202609609d48d3d441b81221c5e84f7d8f1e06b
M2_Macro_Oil_vs_M3_Macro_Oil_RegQuality_Score__normalized__Oil_Rent_Intensive_Pre2016_ge15pct,Regulatory_Quality_Score_lag1,normalized,Inward_FDI_Net_Flow_GDP_Pct_asinh,Oil_Rent_Intensive_Pre2016_ge15pct,Future_Period,train_to_2012__test_from_2013,RandomForest,257,29,1213738499,added_model_vs_strongest_benchmark,Lagged_Flow,M3_Macro_Oil_RegQuality_Score,2000,0.048235596516198354,0.055593285575857354,0.054509099996331925,-0.17226341003840587,0.27361097605181994,0.0073576890596590006,0.0073576890596590006,0.682,0.678,0.6695,0.653,0.09262589936183141,0.08327652035561345,-0.033164189769548234,0.26072909243009723,Setup-dependent,29,2000,29,29,13,19.0,24,10.0,True,dd373205ed24474a30f5a947e202609609d48d3d441b81221c5e84f7d8f1e06b
M2_Macro_Oil_vs_M3_Macro_Oil_RegQuality_Score__normalized__Oil_Rent_Intensive_Pre2016_ge15pct,Regulatory_Quality_Score_lag1,normalized,Inward_FDI_Net_Flow_GDP_Pct_asinh,Oil_Rent_Intensive_Pre2016_ge15pct,Future_Period,train_to_2012__test_from_2013,Ridge,257,29,1213738499,added_model_vs_strongest_benchmark,Lagged_Flow,M3_Macro_Oil_RegQuality_Score,2000,0.13821143808377645,0.14151351501718717,0.14083319606965058,0.020700165310382587,0.26281869879122466,0.0033020769334107247,0.0033020769334107247,0.9935,0.9905,0.99,0.987,0.028588000275699077,0.02573755740464423,-0.041899095197972996,0.10372225725969274,Supported and practically material,29,2000,29,29,13,19.0,24,10.0,True,dd373205ed24474a30f5a947e202609609d48d3d441b81221c5e84f7d8f1e06b
M2_Macro_Oil_vs_M3_Macro_Oil_RegQuality_Score__normalized__Oil_Rent_Intensive_Pre2016_ge15pct,Regulatory_Quality_Score_lag1,normalized,Inward_FDI_Net_Flow_GDP_Pct_asinh,Oil_Rent_Intensive_Pre2016_ge15pct,Future_Period,train_to_2014__test_from_2015,ElasticNet,202,29,2400647028,added_model_vs_strongest_benchmark,Lagged_Flow,M3_Macro_Oil_RegQuality_Score,2000,0.1360047108982646,0.1393358533898439,0.14031438495308612,0.007165109007547073,0.2823978755784418,0.0033311424915792864,0.0033311424915792864,0.9835,0.9815,0.9775,0.9735,0.03739933081937896,0.0345116804437835,-0.03856110603254085,0.12249940736988396,Supported and practically material,29,2000,29,29,13,18.0,23,11.0,True,9fc704fe0795f1238f56302e883ec90656983e9744456d5fec4741df2b459396
M2_Macro_Oil_vs_M3_Macro_Oil_RegQuality_Score__normalized__Oil_Rent_Intensive_Pre2016_ge15pct,Regulatory_Quality_Score_lag1,normalized,Inward_FDI_Net_Flow_GDP_Pct_asinh,Oil_Rent_Intensive_Pre2016_ge15pct,Future_Period,train_to_2014__test_from_2015,RandomForest,202,29,2400647028,added_model_vs_strongest_benchmark,Lagged_Flow,M3_Macro_Oil_RegQuality_Score,2000,0.05139808221946596,0.05907570003163104,0.06166343264723595,-0.13035345776030968,0.27562822921004065,0.007677617812165083,0.007677617812165083,0.7255,0.719,0.7125,0.6915,0.08233664290173481,0.07485109191681005,-0.03753265348483337,0.22869727856523905,Setup-dependent,29,2000,29,29,13,18.0,23,11.0,True,9fc704fe0795f1238f56302e883ec90656983e9744456d5fec4741df2b459396
M2_Macro_Oil_vs_M3_Macro_Oil_RegQuality_Score__normalized__Oil_Rent_Intensive_Pre2016_ge15pct,Regulatory_Quality_Score_lag1,normalized,Inward_FDI_Net_Flow_GDP_Pct_asinh,Oil_Rent_Intensive_Pre2016_ge15pct,Future_Period,train_to_2014__test_from_2015,Ridge,202,29,2400647028,added_model_vs_strongest_benchmark,Lagged_Flow,M3_Macro_Oil_RegQuality_Score,2000,0.13341909609998848,0.1363400792525209,0.13751182358776515,0.006517105017364376,0.2792330229703466,0.0029209831525324192,0.0029209831525324192,0.9805,0.978,0.9755,0.973,0.03825812761911651,0.03547323382077294,-0.037450345873091755,0.1234232517118474,Supported and practically material,29,2000,29,29,13,18.0,23,11.0,True,9fc704fe0795f1238f56302e883ec90656983e9744456d5fec4741df2b459396
M2_Macro_Oil_vs_M3_Macro_Oil_RegQuality_Score__normalized__Oil_Rent_Intensive_Pre2016_ge15pct,Regulatory_Quality_Score_lag1,normalized,Inward_FDI_Net_Flow_GDP_Pct_asinh,Oil_Rent_Intensive_Pre2016_ge15pct,Future_Period,train_to_2015__test_from_2016,ElasticNet,175,26,2875854895,added_model_vs_strongest_benchmark,Lagged_Flow,M3_Macro_Oil_RegQuality_Score,2000,0.13704898507889263,0.1311199324760547,0.13472618595787667,-0.00635401414709082,0.288863869599993,-0.0059290526028379364,0.0059290526028379364,0.9675,0.965,0.9635,0.9545,0.038850190493926906,0.04042860363333978,-0.04402471136194499,0.1285037884077987,Directionally positive but marginal,26,2000,26,26,12,17.0,22,9.0,True,35be3d6054d4a1d0421827b75278964c6abeb690f0b5e46a141a8677c7b355c4
M2_Macro_Oil_vs_M3_Macro_Oil_RegQuality_Score__normalized__Oil_Rent_Intensive_Pre2016_ge15pct,Regulatory_Quality_Score_lag1,normalized,Inward_FDI_Net_Flow_GDP_Pct_asinh,Oil_Rent_Intensive_Pre2016_ge15pct,Future_Period,train_to_2015__test_from_2016,RandomForest,175,26,2875854895,added_model_vs_strongest_benchmark,Lagged_Flow,M3_Macro_Oil_RegQuality_Score,2000,0.05670377097307833,0.05304348715947804,0.05915906591965029,-0.1198074038423119,0.26862046478123547,-0.0036602838136002847,0.0036602838136002847,0.7195,0.7105,0.699,0.6755,0.08599640415002252,0.08450105296856886,-0.038857205042566886,0.24093796369073842,Setup-dependent,26,2000,26,26,12,17.0,22,9.0,True,35be3d6054d4a1d0421827b75278964c6abeb690f0b5e46a141a8677c7b355c4
M2_Macro_Oil_vs_M3_Macro_Oil_RegQuality_Score__normalized__Oil_Rent_Intensive_Pre2016_ge15pct,Regulatory_Quality_Score_lag1,normalized,Inward_FDI_Net_Flow_GDP_Pct_asinh,Oil_Rent_Intensive_Pre2016_ge15pct,Future_Period,train_to_2015__test_from_2016,Ridge,175,26,2875854895,added_model_vs_strongest_benchmark,Lagged_Flow,M3_Macro_Oil_RegQuality_Score,2000,0.13441899499359578,0.1284508248750218,0.13192397057069666,-0.00689174363519832,0.28607387327402906,-0.005968170118573979,0.005968170118573979,0.9655,0.963,0.9615,0.9535,0.04036743326911518,0.04151093988475518,-0.043524907864920796,0.13048268812482391,Directionally positive but marginal,26,2000,26,26,12,17.0,22,9.0,True,35be3d6054d4a1d0421827b75278964c6abeb690f0b5e46a141a8677c7b355c4
M2_Macro_Oil_vs_M3_Macro_Oil_RegQuality_Score__normalized__Oil_Rent_Intensive_Pre2016_ge15pct,Regulatory_Quality_Score_lag1,normalized,Inward_FDI_Net_Flow_GDP_Pct_asinh,Oil_Rent_Intensive_Pre2016_ge15pct,Future_Period,train_to_2016__test_from_2017,ElasticNet,150,26,2164518189,added_model_vs_strongest_benchmark,Lagged_Flow,M3_Macro_Oil_RegQuality_Score,2000,0.10619575988136987,0.10836412647117721,0.10845255621178357,-0.05150023141919308,0.2744598146787089,0.0021683665898073468,0.0021683665898073468,0.891,0.886,0.882,0.8695,0.06809147492260081,0.06698206393381906,-0.04020378269784793,0.184686972302216,Directionally positive but marginal,26,2000,26,26,11,17.0,22,9.0,True,f133f8cb6facb3fa452299d44642234f15b8eba3b953cad35cec563bec6331f3
M2_Macro_Oil_vs_M3_Macro_Oil_RegQuality_Score__normalized__Oil_Rent_Intensive_Pre2016_ge15pct,Regulatory_Quality_Score_lag1,normalized,Inward_FDI_Net_Flow_GDP_Pct_asinh,Oil_Rent_Intensive_Pre2016_ge15pct,Future_Period,train_to_2016__test_from_2017,RandomForest,150,26,2164518189,added_model_vs_strongest_benchmark,Lagged_Flow,M3_Macro_Oil_RegQuality_Score,2000,0.011527753939573726,0.012546110929034904,0.017196641304446307,-0.1948989071027677,0.22622594958843284,0.0010183569894611777,0.0010183569894611777,0.552,0.5405,0.53,0.509,0.14418335521693515,0.13960918118880417,0.004680434109764146,0.31850540790144344,Setup-dependent,26,2000,26,26,11,17.0,22,9.0,True,f133f8cb6facb3fa452299d44642234f15b8eba3b953cad35cec563bec6331f3
M2_Macro_Oil_vs_M3_Macro_Oil_RegQuality_Score__normalized__Oil_Rent_Intensive_Pre2016_ge15pct,Regulatory_Quality_Score_lag1,normalized,Inward_FDI_Net_Flow_GDP_Pct_asinh,Oil_Rent_Intensive_Pre2016_ge15pct,Future_Period,train_to_2016__test_from_2017,Ridge,150,26,2164518189,added_model_vs_strongest_benchmark,Lagged_Flow,M3_Macro_Oil_RegQuality_Score,2000,0.10385757900883064,0.10580243826267355,0.1059541021026676,-0.05252540963399504,0.2711789542920781,0.0019448592538429121,0.0019448592538429121,0.8885,0.884,0.8785,0.867,0.06895103787877066,0.06726425026899002,-0.040808137889469735,0.18445776611374293,Directionally positive but marginal,26,2000,26,26,11,17.0,22,9.0,True,f133f8cb6facb3fa452299d44642234f15b8eba3b953cad35cec563bec6331f3
M2_Macro_Oil_vs_M3_Macro_Oil_RegQuality_Score__normalized__Oil_Rent_Intensive_Pre2016_ge15pct,Regulatory_Quality_Score_lag1,normalized,Inward_FDI_Net_Flow_GDP_Pct_asinh,Oil_Rent_Intensive_Pre2016_ge15pct,Future_Period,train_to_2018__test_from_2019,ElasticNet,100,26,3875216240,added_model_vs_strongest_benchmark,Lagged_Flow,M3_Macro_Oil_RegQuality_Score,2000,0.1481238876118004,0.14685423437605355,0.15171500249151113,-0.05074972961323973,0.39618771921088136,-0.0012696532357468482,0.0012696532357468482,0.913,0.9085,0.905,0.8975,0.03968997619591519,0.04080537359790415,-0.09640215391522726,0.16755408013872916,Coverage-limited,26,2000,26,26,12,17.0,21,9.0,True,088a50bdbb9ef120efe923f0115589b111fc7d86131a09e38469ed7984237fc8
M2_Macro_Oil_vs_M3_Macro_Oil_RegQuality_Score__normalized__Oil_Rent_Intensive_Pre2016_ge15pct,Regulatory_Quality_Score_lag1,normalized,Inward_FDI_Net_Flow_GDP_Pct_asinh,Oil_Rent_Intensive_Pre2016_ge15pct,Future_Period,train_to_2018__test_from_2019,RandomForest,100,26,3875216240,added_model_vs_strongest_benchmark,Lagged_Flow,M3_Macro_Oil_RegQuality_Score,2000,0.05047579615269915,0.04545169204331034,0.05616827403288759,-0.14970496070193473,0.3373441165989934,-0.005024104109388805,0.005024104109388805,0.6615,0.652,0.6445,0.6265,0.10964304139390268,0.10853207061608972,-0.05160012076610446,0.2708285270094932,Coverage-limited,26,2000,26,26,12,17.0,21,9.0,True,088a50bdbb9ef120efe923f0115589b111fc7d86131a09e38469ed7984237fc8
M2_Macro_Oil_vs_M3_Macro_Oil_RegQuality_Score__normalized__Oil_Rent_Intensive_Pre2016_ge15pct,Regulatory_Quality_Score_lag1,normalized,Inward_FDI_Net_Flow_GDP_Pct_asinh,Oil_Rent_Intensive_Pre2016_ge15pct,Future_Period,train_to_2018__test_from_2019,Ridge,100,26,3875216240,added_model_vs_strongest_benchmark,Lagged_Flow,M3_Macro_Oil_RegQuality_Score,2000,0.14327738515531951,0.1412041641087906,0.14657981742007234,-0.05785271391458146,0.3913308793424844,-0.002073221046528906,0.002073221046528906,0.9045,0.902,0.897,0.89,0.04380684059151574,0.04506636454343821,-0.09166752177088525,0.17131303765872216,Coverage-limited,26,2000,26,26,12,17.0,21,9.0,True,088a50bdbb9ef120efe923f0115589b111fc7d86131a09e38469ed7984237fc8
M2_Macro_Oil_vs_M3_Macro_Oil_RegQuality_Score__normalized__Oil_Rent_Intensive_Pre2016_ge1pct,Regulatory_Quality_Score_lag1,normalized,Inward_FDI_Net_Flow_GDP_Pct_asinh,Oil_Rent_Intensive_Pre2016_ge1pct,Country_Holdout_CV,OOF_ALL_FOLDS,ElasticNet,1390,69,1526732898,added_model_vs_strongest_benchmark,Lagged_Flow,M3_Macro_Oil_RegQuality_Score,2000,0.1599115907969152,0.1607091805917789,0.16158645105583297,0.1005117524626906,0.22897747719772732,0.0007975897948637178,0.0007975897948637178,1.0,1.0,1.0,1.0,0.009250492944952282,0.009500701242582288,-0.022420734885301812,0.03895508021154799,Supported and practically material,69,2000,69,69,35,44.0,51,25.0,True,9c4d529a655da26eb5f84d91d6f95fbd4f5753a0fe7545743516cc461066e8d3
M2_Macro_Oil_vs_M3_Macro_Oil_RegQuality_Score__normalized__Oil_Rent_Intensive_Pre2016_ge1pct,Regulatory_Quality_Score_lag1,normalized,Inward_FDI_Net_Flow_GDP_Pct_asinh,Oil_Rent_Intensive_Pre2016_ge1pct,Country_Holdout_CV,OOF_ALL_FOLDS,RandomForest,1390,69,1526732898,added_model_vs_strongest_benchmark,Lagged_Flow,M3_Macro_Oil_RegQuality_Score,2000,0.12647224521339362,0.12471654468045229,0.12587451242603523,0.03387617046086628,0.2196133245292844,-0.0017557005329413289,0.0017557005329413289,0.997,0.996,0.995,0.993,0.032615703119494355,0.03370773514213021,-0.012559909282219247,0.0773406356138509,Supported and practically material,69,2000,69,69,35,44.0,51,25.0,True,9c4d529a655da26eb5f84d91d6f95fbd4f5753a0fe7545743516cc461066e8d3
M2_Macro_Oil_vs_M3_Macro_Oil_RegQuality_Score__normalized__Oil_Rent_Intensive_Pre2016_ge1pct,Regulatory_Quality_Score_lag1,normalized,Inward_FDI_Net_Flow_GDP_Pct_asinh,Oil_Rent_Intensive_Pre2016_ge1pct,Country_Holdout_CV,OOF_ALL_FOLDS,Ridge,1390,69,1526732898,added_model_vs_strongest_benchmark,Lagged_Flow,M3_Macro_Oil_RegQuality_Score,2000,0.1586653772273885,0.1593406843772862,0.1602541552573152,0.10067363232827957,0.22626228727928493,0.0006753071498977192,0.0006753071498977192,1.0,1.0,1.0,1.0,0.009302789132995204,0.009641327599377192,-0.020447561836588166,0.0384665216182021,Supported and practically material,69,2000,69,69,35,44.0,51,25.0,True,9c4d529a655da26eb5f84d91d6f95fbd4f5753a0fe7545743516cc461066e8d3
M2_Macro_Oil_vs_M3_Macro_Oil_RegQuality_Score__normalized__Oil_Rent_Intensive_Pre2016_ge1pct,Regulatory_Quality_Score_lag1,normalized,Inward_FDI_Net_Flow_GDP_Pct_asinh,Oil_Rent_Intensive_Pre2016_ge1pct,Future_Period,train_to_2012__test_from_2013,ElasticNet,627,68,3896865375,added_model_vs_strongest_benchmark,Lagged_Flow,M3_Macro_Oil_RegQuality_Score,2000,0.19843113687671154,0.20181579892751966,0.20334197544299384,0.1053960407526733,0.30844198367209047,0.003384662050808118,0.003384662050808118,1.0,1.0,1.0,1.0,-0.005698501319105875,-0.00655015387069996,-0.04853383990011196,0.0355122490433138,Supported and practically material,68,2000,68,68,34,43.0,53,25.0,True,3e750784ff3da4ba301d2862cba3b840c4fa61ad8a5f3d90fdd0ac9ca071fa16
M2_Macro_Oil_vs_M3_Macro_Oil_RegQuality_Score__normalized__Oil_Rent_Intensive_Pre2016_ge1pct,Regulatory_Quality_Score_lag1,normalized,Inward_FDI_Net_Flow_GDP_Pct_asinh,Oil_Rent_Intensive_Pre2016_ge1pct,Future_Period,train_to_2012__test_from_2013,RandomForest,627,68,3896865375,added_model_vs_strongest_benchmark,Lagged_Flow,M3_Macro_Oil_RegQuality_Score,2000,0.18823207404277387,0.1904692438162613,0.19574891552946866,0.03342669019435821,0.3691905879646892,0.002237169773487424,0.002237169773487424,0.993,0.993,0.993,0.9925,0.008225447721179613,0.0063349717972782105,-0.0542059689153771,0.07241451035208935,Supported and practically material,68,2000,68,68,34,43.0,53,25.0,True,3e750784ff3da4ba301d2862cba3b840c4fa61ad8a5f3d90fdd0ac9ca071fa16
M2_Macro_Oil_vs_M3_Macro_Oil_RegQuality_Score__normalized__Oil_Rent_Intensive_Pre2016_ge1pct,Regulatory_Quality_Score_lag1,normalized,Inward_FDI_Net_Flow_GDP_Pct_asinh,Oil_Rent_Intensive_Pre2016_ge1pct,Future_Period,train_to_2012__test_from_2013,Ridge,627,68,3896865375,added_model_vs_strongest_benchmark,Lagged_Flow,M3_Macro_Oil_RegQuality_Score,2000,0.19967371177759397,0.2028324588705278,0.20456309095326913,0.107929543696374,0.30720761391192253,0.0031587470929338446,0.0031587470929338446,1.0,1.0,1.0,1.0,-0.0068576527812153065,-0.0076538213908570185,-0.04804072856792454,0.033409128487586585,Supported and practically material,68,2000,68,68,34,43.0,53,25.0,True,3e750784ff3da4ba301d2862cba3b840c4fa61ad8a5f3d90fdd0ac9ca071fa16
M2_Macro_Oil_vs_M3_Macro_Oil_RegQuality_Score__normalized__Oil_Rent_Intensive_Pre2016_ge1pct,Regulatory_Quality_Score_lag1,normalized,Inward_FDI_Net_Flow_GDP_Pct_asinh,Oil_Rent_Intensive_Pre2016_ge1pct,Future_Period,train_to_2014__test_from_2015,ElasticNet,496,68,4002381505,added_model_vs_strongest_benchmark,Lagged_Flow,M3_Macro_Oil_RegQuality_Score,2000,0.2060225219953581,0.2048019928345401,0.20759764441351894,0.09171950524587186,0.3304243113801857,-0.0012205291608179958,0.0012205291608179958,1.0,1.0,1.0,1.0,0.0015828956086647583,0.0019607165339267096,-0.04213056462502455,0.048376941715473194,Supported and practically material,68,2000,68,68,36,43.0,52,25.0,True,b7a8ebaca8184a1e04d8fee32ea26919e7f9e4354c901d9377330b2dab9e5cef
M2_Macro_Oil_vs_M3_Macro_Oil_RegQuality_Score__normalized__Oil_Rent_Intensive_Pre2016_ge1pct,Regulatory_Quality_Score_lag1,normalized,Inward_FDI_Net_Flow_GDP_Pct_asinh,Oil_Rent_Intensive_Pre2016_ge1pct,Future_Period,train_to_2014__test_from_2015,RandomForest,496,68,4002381505,added_model_vs_strongest_benchmark,Lagged_Flow,M3_Macro_Oil_RegQuality_Score,2000,0.18490729236347214,0.18617653920066318,0.1881431650559237,-0.0025577496681435503,0.3891575839014633,0.0012692468371910404,0.0012692468371910404,0.9735,0.973,0.972,0.969,0.019712364449958053,0.01930585398263901,-0.05520245728159854,0.10197990969551879,Directionally positive but marginal,68,2000,68,68,36,43.0,52,25.0,True,b7a8ebaca8184a1e04d8fee32ea26919e7f9e4354c901d9377330b2dab9e5cef
M2_Macro_Oil_vs_M3_Macro_Oil_RegQuality_Score__normalized__Oil_Rent_Intensive_Pre2016_ge1pct,Regulatory_Quality_Score_lag1,normalized,Inward_FDI_Net_Flow_GDP_Pct_asinh,Oil_Rent_Intensive_Pre2016_ge1pct,Future_Period,train_to_2014__test_from_2015,Ridge,496,68,4002381505,added_model_vs_strongest_benchmark,Lagged_Flow,M3_Macro_Oil_RegQuality_Score,2000,0.20627807252459351,0.20572357051403506,0.20786575947529673,0.09462345997297604,0.3282414279597938,-0.0005545020105584553,0.0005545020105584553,1.0,1.0,1.0,1.0,0.0010326245234694165,0.000766192548397715,-0.04066012078512614,0.046981113205792284,Supported and practically material,68,2000,68,68,36,43.0,52,25.0,True,b7a8ebaca8184a1e04d8fee32ea26919e7f9e4354c901d9377330b2dab9e5cef
M2_Macro_Oil_vs_M3_Macro_Oil_RegQuality_Score__normalized__Oil_Rent_Intensive_Pre2016_ge1pct,Regulatory_Quality_Score_lag1,normalized,Inward_FDI_Net_Flow_GDP_Pct_asinh,Oil_Rent_Intensive_Pre2016_ge1pct,Future_Period,train_to_2015__test_from_2016,ElasticNet,431,65,1446855793,added_model_vs_strongest_benchmark,Lagged_Flow,M3_Macro_Oil_RegQuality_Score,2000,0.2110259948475669,0.21449443483612246,0.21480833258725923,0.09372764098719043,0.3468358409395356,0.0034684399885555606,0.0034684399885555606,0.9995,0.9995,0.9995,0.9995,0.00017054396360005608,-0.00014555704120366997,-0.04870818838887243,0.052097629900305586,Supported and practically material,65,2000,65,65,33,41.0,50,24.0,True,4dcb76870663c0e817bd3c163508e2362e9d4175fd2cb47a050c2fdafc39b612
M2_Macro_Oil_vs_M3_Macro_Oil_RegQuality_Score__normalized__Oil_Rent_Intensive_Pre2016_ge1pct,Regulatory_Quality_Score_lag1,normalized,Inward_FDI_Net_Flow_GDP_Pct_asinh,Oil_Rent_Intensive_Pre2016_ge1pct,Future_Period,train_to_2015__test_from_2016,RandomForest,431,65,1446855793,added_model_vs_strongest_benchmark,Lagged_Flow,M3_Macro_Oil_RegQuality_Score,2000,0.20153436585834683,0.20356661906179435,0.20483692155647307,0.03671878538417039,0.38506964960511464,0.0020322532034475205,0.0020322532034475205,0.9925,0.9925,0.9915,0.9895,0.013786144794903699,0.014449120378715596,-0.05715849700350193,0.085944852003767,Supported and practically material,65,2000,65,65,33,41.0,50,24.0,True,4dcb76870663c0e817bd3c163508e2362e9d4175fd2cb47a050c2fdafc39b612
M2_Macro_Oil_vs_M3_Macro_Oil_RegQuality_Score__normalized__Oil_Rent_Intensive_Pre2016_ge1pct,Regulatory_Quality_Score_lag1,normalized,Inward_FDI_Net_Flow_GDP_Pct_asinh,Oil_Rent_Intensive_Pre2016_ge1pct,Future_Period,train_to_2015__test_from_2016,Ridge,431,65,1446855793,added_model_vs_strongest_benchmark,Lagged_Flow,M3_Macro_Oil_RegQuality_Score,2000,0.2115046651067859,0.2146195899450804,0.21513955030655335,0.09581699862690024,0.3455287227647192,0.0031149248382945083,0.0031149248382945083,1.0,0.9995,0.9995,0.9995,-0.00045780082000512756,-0.0007396540728912826,-0.04831872543245383,0.049900496307444794,Supported and practically material,65,2000,65,65,33,41.0,50,24.0,True,4dcb76870663c0e817bd3c163508e2362e9d4175fd2cb47a050c2fdafc39b612
M2_Macro_Oil_vs_M3_Macro_Oil_RegQuality_Score__normalized__Oil_Rent_Intensive_Pre2016_ge1pct,Regulatory_Quality_Score_lag1,normalized,Inward_FDI_Net_Flow_GDP_Pct_asinh,Oil_Rent_Intensive_Pre2016_ge1pct,Future_Period,train_to_2016__test_from_2017,ElasticNet,368,65,802932972,added_model_vs_strongest_benchmark,Lagged_Flow,M3_Macro_Oil_RegQuality_Score,2000,0.21147417955166037,0.21282773783332654,0.21898553599861573,0.050839847245537396,0.40355513527502396,0.0013535582816661673,0.0013535582816661673,0.9975,0.996,0.996,0.9955,0.010586681587801405,0.01020767265087319,-0.04619261862496904,0.07096595986949523,Supported and practically material,65,2000,65,65,33,41.0,49,24.0,True,82540b14ad07641d2a7c710688900f505c50c470d0e24d0d316dd04e06c50299
M2_Macro_Oil_vs_M3_Macro_Oil_RegQuality_Score__normalized__Oil_Rent_Intensive_Pre2016_ge1pct,Regulatory_Quality_Score_lag1,normalized,Inward_FDI_Net_Flow_GDP_Pct_asinh,Oil_Rent_Intensive_Pre2016_ge1pct,Future_Period,train_to_2016__test_from_2017,RandomForest,368,65,802932972,added_model_vs_strongest_benchmark,Lagged_Flow,M3_Macro_Oil_RegQuality_Score,2000,0.2116524517466979,0.21002153595825035,0.22167799700089966,-4.1135769982890156e-05,0.4903276937309657,-0.00163091578844754,0.00163091578844754,0.9745,0.9735,0.9725,0.968,0.018712672813867903,0.018819794271546564,-0.06677070740799833,0.10674726385908047,Directionally positive but marginal,65,2000,65,65,33,41.0,49,24.0,True,82540b14ad07641d2a7c710688900f505c50c470d0e24d0d316dd04e06c50299
M2_Macro_Oil_vs_M3_Macro_Oil_RegQuality_Score__normalized__Oil_Rent_Intensive_Pre2016_ge1pct,Regulatory_Quality_Score_lag1,normalized,Inward_FDI_Net_Flow_GDP_Pct_asinh,Oil_Rent_Intensive_Pre2016_ge1pct,Future_Period,train_to_2016__test_from_2017,Ridge,368,65,802932972,added_model_vs_strongest_benchmark,Lagged_Flow,M3_Macro_Oil_RegQuality_Score,2000,0.21220733125940328,0.21406652396869008,0.21964047167425713,0.05426665093963203,0.4025857316934335,0.0018591927092868055,0.0018591927092868055,0.9985,0.9975,0.9975,0.9955,0.010368577970705783,0.010039095944472831,-0.04397564863044041,0.06984352889860604,Supported and practically material,65,2000,65,65,33,41.0,49,24.0,True,82540b14ad07641d2a7c710688900f505c50c470d0e24d0d316dd04e06c50299
M2_Macro_Oil_vs_M3_Macro_Oil_RegQuality_Score__normalized__Oil_Rent_Intensive_Pre2016_ge1pct,Regulatory_Quality_Score_lag1,normalized,Inward_FDI_Net_Flow_GDP_Pct_asinh,Oil_Rent_Intensive_Pre2016_ge1pct,Future_Period,train_to_2018__test_from_2019,ElasticNet,244,63,2097743263,added_model_vs_strongest_benchmark,Lagged_Flow,M3_Macro_Oil_RegQuality_Score,2000,0.20494166632326327,0.20358148983238683,0.2075980375513793,0.04208001901238098,0.4065971855014401,-0.0013601764908764413,0.0013601764908764413,0.9935,0.9935,0.992,0.99,0.004785987579945417,0.0055243266524115375,-0.07088016457485148,0.07635520934148232,Supported and practically material,63,2000,63,63,32,40.0,48,23.0,True,d6df988f6bc83271ed817aaa8f1b24496bea5300337484a0ccc0a92c90406322
M2_Macro_Oil_vs_M3_Macro_Oil_RegQuality_Score__normalized__Oil_Rent_Intensive_Pre2016_ge1pct,Regulatory_Quality_Score_lag1,normalized,Inward_FDI_Net_Flow_GDP_Pct_asinh,Oil_Rent_Intensive_Pre2016_ge1pct,Future_Period,train_to_2018__test_from_2019,RandomForest,244,63,2097743263,added_model_vs_strongest_benchmark,Lagged_Flow,M3_Macro_Oil_RegQuality_Score,2000,0.22850147402130283,0.2274685643793642,0.23062731482400642,0.02582765172481965,0.473631786294543,-0.0010329096419386397,0.0010329096419386397,0.984,0.983,0.981,0.979,-0.0029694027295158465,-0.0021334335450482467,-0.09477289699609147,0.08584123012493024,Supported and practically material,63,2000,63,63,32,40.0,48,23.0,True,d6df988f6bc83271ed817aaa8f1b24496bea5300337484a0ccc0a92c90406322
M2_Macro_Oil_vs_M3_Macro_Oil_RegQuality_Score__normalized__Oil_Rent_Intensive_Pre2016_ge1pct,Regulatory_Quality_Score_lag1,normalized,Inward_FDI_Net_Flow_GDP_Pct_asinh,Oil_Rent_Intensive_Pre2016_ge1pct,Future_Period,train_to_2018__test_from_2019,Ridge,244,63,2097743263,added_model_vs_strongest_benchmark,Lagged_Flow,M3_Macro_Oil_RegQuality_Score,2000,0.203333132057414,0.2016812843114179,0.2057723447941765,0.042869262821902884,0.40215437121972347,-0.0016518477459960823,0.0016518477459960823,0.994,0.993,0.992,0.9915,0.005660638738742896,0.00626911758576959,-0.06709946308841755,0.0770901408704175,Supported and practically material,63,2000,63,63,32,40.0,48,23.0,True,d6df988f6bc83271ed817aaa8f1b24496bea5300337484a0ccc0a92c90406322
M2_Macro_Oil_vs_M3_Macro_Oil_RegQuality_Score__normalized__Oil_Rent_Intensive_Pre2016_ge5pct,Regulatory_Quality_Score_lag1,normalized,Inward_FDI_Net_Flow_GDP_Pct_asinh,Oil_Rent_Intensive_Pre2016_ge5pct,Country_Holdout_CV,OOF_ALL_FOLDS,ElasticNet,892,45,81889760,added_model_vs_strongest_benchmark,Lagged_Flow,M3_Macro_Oil_RegQuality_Score,2000,0.12264801878653775,0.12417659672527664,0.12426060241496888,0.058573823357039624,0.19374639441550462,0.0015285779387388954,0.0015285779387388954,1.0,1.0,1.0,0.9995,0.029904024151332975,0.029843395511895743,-0.004956340125036159,0.06409777864438657,Supported and practically material,45,2000,45,45,22,29.0,36,16.0,True,cf5472c88de24fa46dd62c5b8a37f69379c62bf2534e58e2065a45ef98c2f8bc
M2_Macro_Oil_vs_M3_Macro_Oil_RegQuality_Score__normalized__Oil_Rent_Intensive_Pre2016_ge5pct,Regulatory_Quality_Score_lag1,normalized,Inward_FDI_Net_Flow_GDP_Pct_asinh,Oil_Rent_Intensive_Pre2016_ge5pct,Country_Holdout_CV,OOF_ALL_FOLDS,RandomForest,892,45,81889760,added_model_vs_strongest_benchmark,Lagged_Flow,M3_Macro_Oil_RegQuality_Score,2000,0.04388596616338236,0.0446055966085645,0.04210247735654082,-0.06576326300976235,0.13799826740363658,0.00071963044518214,0.00071963044518214,0.7875,0.7755,0.7625,0.736,0.0970004329681039,0.09602993921362696,0.03458397439944105,0.16585541933092673,Setup-dependent,45,2000,45,45,22,29.0,36,16.0,True,cf5472c88de24fa46dd62c5b8a37f69379c62bf2534e58e2065a45ef98c2f8bc
M2_Macro_Oil_vs_M3_Macro_Oil_RegQuality_Score__normalized__Oil_Rent_Intensive_Pre2016_ge5pct,Regulatory_Quality_Score_lag1,normalized,Inward_FDI_Net_Flow_GDP_Pct_asinh,Oil_Rent_Intensive_Pre2016_ge5pct,Country_Holdout_CV,OOF_ALL_FOLDS,Ridge,892,45,81889760,added_model_vs_strongest_benchmark,Lagged_Flow,M3_Macro_Oil_RegQuality_Score,2000,0.12024444826393055,0.12156943973336021,0.12179630897825786,0.05805728710811952,0.18931202050706206,0.0013249914694296594,0.0013249914694296594,1.0,1.0,1.0,1.0,0.030070442021725485,0.030004662709934016,-0.002970669238958702,0.06317350805527357,Supported and practically material,45,2000,45,45,22,29.0,36,16.0,True,cf5472c88de24fa46dd62c5b8a37f69379c62bf2534e58e2065a45ef98c2f8bc
M2_Macro_Oil_vs_M3_Macro_Oil_RegQuality_Score__normalized__Oil_Rent_Intensive_Pre2016_ge5pct,Regulatory_Quality_Score_lag1,normalized,Inward_FDI_Net_Flow_GDP_Pct_asinh,Oil_Rent_Intensive_Pre2016_ge5pct,Future_Period,train_to_2012__test_from_2013,ElasticNet,405,44,316400300,added_model_vs_strongest_benchmark,Lagged_Flow,M3_Macro_Oil_RegQuality_Score,2000,0.17277795255092288,0.17764882173521657,0.17810319940378797,0.07684467439858741,0.2821262725795733,0.004870869184293691,0.004870869184293691,0.9995,0.9995,0.9995,0.9995,-0.0034231467771533852,-0.0041395762623985255,-0.05012361449589569,0.044501546175757994,Supported and practically material,44,2000,44,44,21,28.0,35,16.0,True,3e27743d25cdc8f9f04a1c45107f39266d15eed5804cc79247216bd670cc7c4b
M2_Macro_Oil_vs_M3_Macro_Oil_RegQuality_Score__normalized__Oil_Rent_Intensive_Pre2016_ge5pct,Regulatory_Quality_Score_lag1,normalized,Inward_FDI_Net_Flow_GDP_Pct_asinh,Oil_Rent_Intensive_Pre2016_ge5pct,Future_Period,train_to_2012__test_from_2013,RandomForest,405,44,316400300,added_model_vs_strongest_benchmark,Lagged_Flow,M3_Macro_Oil_RegQuality_Score,2000,0.18207468584203823,0.190761307336202,0.19185171566006218,0.024485871918240594,0.3586664221456791,0.008686621494163771,0.008686621494163771,0.9875,0.987,0.986,0.9835,0.010770496335503754,0.00709326039657715,-0.07183223893135157,0.10453403347704143,Supported and practically material,44,2000,44,44,21,28.0,35,16.0,True,3e27743d25cdc8f9f04a1c45107f39266d15eed5804cc79247216bd670cc7c4b
M2_Macro_Oil_vs_M3_Macro_Oil_RegQuality_Score__normalized__Oil_Rent_Intensive_Pre2016_ge5pct,Regulatory_Quality_Score_lag1,normalized,Inward_FDI_Net_Flow_GDP_Pct_asinh,Oil_Rent_Intensive_Pre2016_ge5pct,Future_Period,train_to_2012__test_from_2013,Ridge,405,44,316400300,added_model_vs_strongest_benchmark,Lagged_Flow,M3_Macro_Oil_RegQuality_Score,2000,0.1741549997440166,0.17880355034320028,0.17953259086774498,0.08165435365971851,0.28098056310812697,0.004648550599183676,0.004648550599183676,1.0,0.9995,0.9995,0.9995,-0.007790993902522914,-0.008465203042161695,-0.052513125959238786,0.037605747486532004,Supported and practically material,44,2000,44,44,21,28.0,35,16.0,True,3e27743d25cdc8f9f04a1c45107f39266d15eed5804cc79247216bd670cc7c4b
M2_Macro_Oil_vs_M3_Macro_Oil_RegQuality_Score__normalized__Oil_Rent_Intensive_Pre2016_ge5pct,Regulatory_Quality_Score_lag1,normalized,Inward_FDI_Net_Flow_GDP_Pct_asinh,Oil_Rent_Intensive_Pre2016_ge5pct,Future_Period,train_to_2014__test_from_2015,ElasticNet,320,44,2727026215,added_model_vs_strongest_benchmark,Lagged_Flow,M3_Macro_Oil_RegQuality_Score,2000,0.1868541065769972,0.18946598646952734,0.19073807062792045,0.07636627807242213,0.3149711460295871,0.0026118798925301445,0.0026118798925301445,1.0,1.0,1.0,1.0,-0.0024162724018668147,-0.00217044309979747,-0.053021177622684816,0.054445158042119794,Supported and practically material,44,2000,44,44,20,28.0,35,16.0,True,442a0f7e90253f7d2f2cf60eaaf17721f28f8565987c7e8fd776bc328d4118e8
M2_Macro_Oil_vs_M3_Macro_Oil_RegQuality_Score__normalized__Oil_Rent_Intensive_Pre2016_ge5pct,Regulatory_Quality_Score_lag1,normalized,Inward_FDI_Net_Flow_GDP_Pct_asinh,Oil_Rent_Intensive_Pre2016_ge5pct,Future_Period,train_to_2014__test_from_2015,RandomForest,320,44,2727026215,added_model_vs_strongest_benchmark,Lagged_Flow,M3_Macro_Oil_RegQuality_Score,2000,0.13474087831288895,0.13744396113946428,0.1408377005099254,-0.024508496841937434,0.3235900781135198,0.0027030828265753315,0.0027030828265753315,0.9505,0.9475,0.9445,0.9365,0.043058017418116434,0.04350823937629755,-0.04606754534488375,0.14052604981875172,Directionally positive but marginal,44,2000,44,44,20,28.0,35,16.0,True,442a0f7e90253f7d2f2cf60eaaf17721f28f8565987c7e8fd776bc328d4118e8
M2_Macro_Oil_vs_M3_Macro_Oil_RegQuality_Score__normalized__Oil_Rent_Intensive_Pre2016_ge5pct,Regulatory_Quality_Score_lag1,normalized,Inward_FDI_Net_Flow_GDP_Pct_asinh,Oil_Rent_Intensive_Pre2016_ge5pct,Future_Period,train_to_2014__test_from_2015,Ridge,320,44,2727026215,added_model_vs_strongest_benchmark,Lagged_Flow,M3_Macro_Oil_RegQuality_Score,2000,0.18556657648999408,0.18864925241366332,0.1893883645973013,0.07824249151968159,0.3115387888739469,0.0030826759236692314,0.0030826759236692314,1.0,1.0,1.0,1.0,-0.0035943876082867865,-0.0030640128389265997,-0.053368919861021484,0.050815616026570934,Supported and practically material,44,2000,44,44,20,28.0,35,16.0,True,442a0f7e90253f7d2f2cf60eaaf17721f28f8565987c7e8fd776bc328d4118e8
M2_Macro_Oil_vs_M3_Macro_Oil_RegQuality_Score__normalized__Oil_Rent_Intensive_Pre2016_ge5pct,Regulatory_Quality_Score_lag1,normalized,Inward_FDI_Net_Flow_GDP_Pct_asinh,Oil_Rent_Intensive_Pre2016_ge5pct,Future_Period,train_to_2015__test_from_2016,ElasticNet,278,41,1631355922,added_model_vs_strongest_benchmark,Lagged_Flow,M3_Macro_Oil_RegQuality_Score,2000,0.18758960746912245,0.1880170106481902,0.1898963624956721,0.06392725011517231,0.3228934415280122,0.0004274031790677535,0.0004274031790677535,0.9995,0.999,0.9985,0.998,-0.0019815632892858925,-0.0017929444423946395,-0.06020278864670763,0.059350244184920964,Supported and practically material,41,2000,41,41,19,26.0,32,15.0,True,d8ba7a5301640bcbd2f112f3f59b79e8f8430b8ea24b22a370685699fff10c37
M2_Macro_Oil_vs_M3_Macro_Oil_RegQuality_Score__normalized__Oil_Rent_Intensive_Pre2016_ge5pct,Regulatory_Quality_Score_lag1,normalized,Inward_FDI_Net_Flow_GDP_Pct_asinh,Oil_Rent_Intensive_Pre2016_ge5pct,Future_Period,train_to_2015__test_from_2016,RandomForest,278,41,1631355922,added_model_vs_strongest_benchmark,Lagged_Flow,M3_Macro_Oil_RegQuality_Score,2000,0.15627820575353435,0.15856483194599114,0.16135928025671953,-0.018771239788910835,0.3622391270434003,0.0022866261924567866,0.0022866261924567866,0.959,0.957,0.9555,0.9485,0.0303650444842809,0.028194437442161824,-0.06550504524113361,0.13703439328205996,Directionally positive but marginal,41,2000,41,41,19,26.0,32,15.0,True,d8ba7a5301640bcbd2f112f3f59b79e8f8430b8ea24b22a370685699fff10c37
M2_Macro_Oil_vs_M3_Macro_Oil_RegQuality_Score__normalized__Oil_Rent_Intensive_Pre2016_ge5pct,Regulatory_Quality_Score_lag1,normalized,Inward_FDI_Net_Flow_GDP_Pct_asinh,Oil_Rent_Intensive_Pre2016_ge5pct,Future_Period,train_to_2015__test_from_2016,Ridge,278,41,1631355922,added_model_vs_strongest_benchmark,Lagged_Flow,M3_Macro_Oil_RegQuality_Score,2000,0.18853376673264188,0.18898303869227778,0.19078259141241904,0.06570756015995036,0.32177278065143183,0.0004492719596358996,0.0004492719596358996,0.9995,0.9995,0.999,0.9985,-0.004337830184024782,-0.0042777150247242934,-0.060965383558861254,0.05487517979394843,Supported and practically material,41,2000,41,41,19,26.0,32,15.0,True,d8ba7a5301640bcbd2f112f3f59b79e8f8430b8ea24b22a370685699fff10c37
M2_Macro_Oil_vs_M3_Macro_Oil_RegQuality_Score__normalized__Oil_Rent_Intensive_Pre2016_ge5pct,Regulatory_Quality_Score_lag1,normalized,Inward_FDI_Net_Flow_GDP_Pct_asinh,Oil_Rent_Intensive_Pre2016_ge5pct,Future_Period,train_to_2016__test_from_2017,ElasticNet,238,41,135806537,added_model_vs_strongest_benchmark,Lagged_Flow,M3_Macro_Oil_RegQuality_Score,2000,0.18135830873380443,0.17882346529255072,0.1826421279793583,0.03275518129011919,0.35722565985191174,-0.002534843441253709,0.002534843441253709,0.9915,0.9915,0.9905,0.987,0.008301813558195037,0.009085923398233442,-0.06018832185271166,0.0855160623784327,Supported and practically material,41,2000,41,41,20,26.0,34,15.0,True,1a5f0392960bfcccff6f44e41e5719fb64598c5fae6e158e69e51928985a80d0
M2_Macro_Oil_vs_M3_Macro_Oil_RegQuality_Score__normalized__Oil_Rent_Intensive_Pre2016_ge5pct,Regulatory_Quality_Score_lag1,normalized,Inward_FDI_Net_Flow_GDP_Pct_asinh,Oil_Rent_Intensive_Pre2016_ge5pct,Future_Period,train_to_2016__test_from_2017,RandomForest,238,41,135806537,added_model_vs_strongest_benchmark,Lagged_Flow,M3_Macro_Oil_RegQuality_Score,2000,0.21020003739793425,0.20417678531079397,0.21091271071687168,0.011612596717217852,0.4660857489940864,-0.006023252087140274,0.006023252087140274,0.982,0.98,0.979,0.977,0.028519143050819373,0.03063422219277606,-0.07918446694175718,0.14054918281551657,Supported and practically material,41,2000,41,41,20,26.0,34,15.0,True,1a5f0392960bfcccff6f44e41e5719fb64598c5fae6e158e69e51928985a80d0
M2_Macro_Oil_vs_M3_Macro_Oil_RegQuality_Score__normalized__Oil_Rent_Intensive_Pre2016_ge5pct,Regulatory_Quality_Score_lag1,normalized,Inward_FDI_Net_Flow_GDP_Pct_asinh,Oil_Rent_Intensive_Pre2016_ge5pct,Future_Period,train_to_2016__test_from_2017,Ridge,238,41,135806537,added_model_vs_strongest_benchmark,Lagged_Flow,M3_Macro_Oil_RegQuality_Score,2000,0.18145858520750657,0.1790862998211698,0.18271996117332565,0.034624850279662736,0.35544510849331873,-0.00237228538633677,0.00237228538633677,0.994,0.992,0.991,0.989,0.006780291754613144,0.0072504794674848605,-0.05968559073754026,0.08376932682967948,Supported and practically material,41,2000,41,41,20,26.0,34,15.0,True,1a5f0392960bfcccff6f44e41e5719fb64598c5fae6e158e69e51928985a80d0
M2_Macro_Oil_vs_M3_Macro_Oil_RegQuality_Score__normalized__Oil_Rent_Intensive_Pre2016_ge5pct,Regulatory_Quality_Score_lag1,normalized,Inward_FDI_Net_Flow_GDP_Pct_asinh,Oil_Rent_Intensive_Pre2016_ge5pct,Future_Period,train_to_2018__test_from_2019,ElasticNet,158,41,1473492214,added_model_vs_strongest_benchmark,Lagged_Flow,M3_Macro_Oil_RegQuality_Score,2000,0.22570675933693896,0.23060479380012017,0.2318404320478199,0.05531155149014852,0.4305162445695714,0.004898034463181211,0.004898034463181211,0.995,0.995,0.9945,0.9925,-0.00800429638220368,-0.008250056849330611,-0.09178392524735023,0.07363912576941463,Supported and practically material,41,2000,41,41,20,26.0,34,15.0,True,6f1f4ce29994acde21638bc1acb42561d63a39eee92481c4be7bbdd6edb20fb1
M2_Macro_Oil_vs_M3_Macro_Oil_RegQuality_Score__normalized__Oil_Rent_Intensive_Pre2016_ge5pct,Regulatory_Quality_Score_lag1,normalized,Inward_FDI_Net_Flow_GDP_Pct_asinh,Oil_Rent_Intensive_Pre2016_ge5pct,Future_Period,train_to_2018__test_from_2019,RandomForest,158,41,1473492214,added_model_vs_strongest_benchmark,Lagged_Flow,M3_Macro_Oil_RegQuality_Score,2000,0.26018764848438247,0.2627817676746423,0.2702766248439072,0.04507176772600981,0.5260348885516991,0.0025941191902598137,0.0025941191902598137,0.995,0.994,0.994,0.993,-0.01142471088286634,-0.012718216431929108,-0.1234042287681028,0.09504384071533577,Supported and practically material,41,2000,41,41,20,26.0,34,15.0,True,6f1f4ce29994acde21638bc1acb42561d63a39eee92481c4be7bbdd6edb20fb1
M2_Macro_Oil_vs_M3_Macro_Oil_RegQuality_Score__normalized__Oil_Rent_Intensive_Pre2016_ge5pct,Regulatory_Quality_Score_lag1,normalized,Inward_FDI_Net_Flow_GDP_Pct_asinh,Oil_Rent_Intensive_Pre2016_ge5pct,Future_Period,train_to_2018__test_from_2019,Ridge,158,41,1473492214,added_model_vs_strongest_benchmark,Lagged_Flow,M3_Macro_Oil_RegQuality_Score,2000,0.22258799048623434,0.22728477046562706,0.2285220052044346,0.05197608224468305,0.42598606899809366,0.004696779979392718,0.004696779979392718,0.995,0.9945,0.9935,0.992,-0.006748940834699235,-0.0066160291867123355,-0.08774272506367406,0.07300762710774016,Supported and practically material,41,2000,41,41,20,26.0,34,15.0,True,6f1f4ce29994acde21638bc1acb42561d63a39eee92481c4be7bbdd6edb20fb1
M2_Macro_Oil_vs_M3_Macro_Oil_RegQuality_Score__primary__All_Eligible,Regulatory_Quality_Score_lag1,primary,Inward_FDI_Net_Flow_asinh,All_Eligible,Country_Holdout_CV,OOF_ALL_FOLDS,ElasticNet,3829,184,3668648123,added_model_vs_strongest_benchmark,Lagged_Flow,M3_Macro_Oil_RegQuality_Score,2000,0.27889806226475944,0.2779586707538302,0.27876288159012713,0.18085154751836013,0.37796230290011185,-0.000939391510929255,0.000939391510929255,1.0,1.0,1.0,1.0,0.15384778818314393,0.15460753649089698,0.04308910842051265,0.26983201529078527,Supported and practically material,184,2000,184,184,101,117.0,130,67.0,True,af1809c262ab78144c4204c95b965fac92e10e6e2ccece68f2d46f551ffc75b4
M2_Macro_Oil_vs_M3_Macro_Oil_RegQuality_Score__primary__All_Eligible,Regulatory_Quality_Score_lag1,primary,Inward_FDI_Net_Flow_asinh,All_Eligible,Country_Holdout_CV,OOF_ALL_FOLDS,RandomForest,3829,184,3668648123,added_model_vs_strongest_benchmark,Lagged_Flow,M3_Macro_Oil_RegQuality_Score,2000,0.28372819925995674,0.28188868591333355,0.2829809872563715,0.16481294892902681,0.4008216793326989,-0.0018395133466231894,0.0018395133466231894,1.0,1.0,1.0,1.0,0.1556004533918698,0.1585545505508179,0.03371618128880678,0.2822505699413239,Supported and practically material,184,2000,184,184,101,117.0,130,67.0,True,af1809c262ab78144c4204c95b965fac92e10e6e2ccece68f2d46f551ffc75b4
M2_Macro_Oil_vs_M3_Macro_Oil_RegQuality_Score__primary__All_Eligible,Regulatory_Quality_Score_lag1,primary,Inward_FDI_Net_Flow_asinh,All_Eligible,Country_Holdout_CV,OOF_ALL_FOLDS,Ridge,3829,184,3668648123,added_model_vs_strongest_benchmark,Lagged_Flow,M3_Macro_Oil_RegQuality_Score,2000,0.27878398600376286,0.27778986683950707,0.2786401958124679,0.1810585335759399,0.37723078584078357,-0.0009941191642557912,0.0009941191642557912,1.0,1.0,1.0,1.0,0.1537526628122594,0.15437138786021243,0.043992157982542225,0.2698379232483333,Supported and practically material,184,2000,184,184,101,117.0,130,67.0,True,af1809c262ab78144c4204c95b965fac92e10e6e2ccece68f2d46f551ffc75b4
M2_Macro_Oil_vs_M3_Macro_Oil_RegQuality_Score__primary__All_Eligible,Regulatory_Quality_Score_lag1,primary,Inward_FDI_Net_Flow_asinh,All_Eligible,Future_Period,train_to_2012__test_from_2013,ElasticNet,1761,183,512650454,added_model_vs_strongest_benchmark,Training_Mean,M3_Macro_Oil_RegQuality_Score,2000,0.24615463264098458,0.24835075176936294,0.2472181213977563,0.15296108190120644,0.3383891250314417,0.00219611912837836,0.00219611912837836,1.0,1.0,1.0,1.0,-1.1368440261707677,-1.1358697514301617,-1.3459059803097948,-0.9342689111759358,Supported and practically material,183,2000,183,183,98,116.0,128,67.0,True,e30ada65137ca980b3f30de28f9cdaf2631c671e02f2573c1048c385c5de73d1
M2_Macro_Oil_vs_M3_Macro_Oil_RegQuality_Score__primary__All_Eligible,Regulatory_Quality_Score_lag1,primary,Inward_FDI_Net_Flow_asinh,All_Eligible,Future_Period,train_to_2012__test_from_2013,RandomForest,1761,183,512650454,added_model_vs_strongest_benchmark,Training_Mean,M3_Macro_Oil_RegQuality_Score,2000,0.19828678212459727,0.20100116830904008,0.20087898973968543,0.0905496157972808,0.3236407112079357,0.0027143861844428074,0.0027143861844428074,1.0,1.0,1.0,1.0,-1.1835471784655753,-1.1804941686572563,-1.3839759078100633,-0.9981941368431085,Supported and practically material,183,2000,183,183,98,116.0,128,67.0,True,e30ada65137ca980b3f30de28f9cdaf2631c671e02f2573c1048c385c5de73d1
M2_Macro_Oil_vs_M3_Macro_Oil_RegQuality_Score__primary__All_Eligible,Regulatory_Quality_Score_lag1,primary,Inward_FDI_Net_Flow_asinh,All_Eligible,Future_Period,train_to_2012__test_from_2013,Ridge,1761,183,512650454,added_model_vs_strongest_benchmark,Training_Mean,M3_Macro_Oil_RegQuality_Score,2000,0.24623850328685348,0.24834641902562105,0.247288333364243,0.15282928677443738,0.338685593490743,0.002107915738767563,0.002107915738767563,1.0,1.0,1.0,1.0,-1.139078180289935,-1.1379949388729536,-1.3486641728167943,-0.9355021211079845,Supported and practically material,183,2000,183,183,98,116.0,128,67.0,True,e30ada65137ca980b3f30de28f9cdaf2631c671e02f2573c1048c385c5de73d1
M2_Macro_Oil_vs_M3_Macro_Oil_RegQuality_Score__primary__All_Eligible,Regulatory_Quality_Score_lag1,primary,Inward_FDI_Net_Flow_asinh,All_Eligible,Future_Period,train_to_2014__test_from_2015,ElasticNet,1402,183,198186962,added_model_vs_strongest_benchmark,Lagged_Flow,M3_Macro_Oil_RegQuality_Score,2000,0.25805794048607555,0.2629039432970979,0.26207615093196385,0.12600249927366539,0.3983010804764697,0.004846002811022321,0.004846002811022321,1.0,1.0,1.0,1.0,0.04885815380737446,0.04253546450959722,-0.137310505377224,0.25601259631871054,Supported and practically material,183,2000,183,183,101,116.0,131,67.0,True,4c6b4643a52d3420f7e5ca3ca9a66808883157ad797db1c89521688b22edd6c9
M2_Macro_Oil_vs_M3_Macro_Oil_RegQuality_Score__primary__All_Eligible,Regulatory_Quality_Score_lag1,primary,Inward_FDI_Net_Flow_asinh,All_Eligible,Future_Period,train_to_2014__test_from_2015,RandomForest,1402,183,198186962,added_model_vs_strongest_benchmark,Lagged_Flow,M3_Macro_Oil_RegQuality_Score,2000,0.22554811031855426,0.22717164584513788,0.2310022741482097,0.06914995161467233,0.40378035019982295,0.0016235355265836193,0.0016235355265836193,0.9985,0.998,0.998,0.998,-0.007392418401366285,-0.011050380852166364,-0.21832282286435806,0.20569510196072677,Supported and practically material,183,2000,183,183,101,116.0,131,67.0,True,4c6b4643a52d3420f7e5ca3ca9a66808883157ad797db1c89521688b22edd6c9
M2_Macro_Oil_vs_M3_Macro_Oil_RegQuality_Score__primary__All_Eligible,Regulatory_Quality_Score_lag1,primary,Inward_FDI_Net_Flow_asinh,All_Eligible,Future_Period,train_to_2014__test_from_2015,Ridge,1402,183,198186962,added_model_vs_strongest_benchmark,Lagged_Flow,M3_Macro_Oil_RegQuality_Score,2000,0.25845856880206397,0.26320120184571116,0.26246220870809644,0.12714785499969805,0.3983269309373117,0.004742633043647193,0.004742633043647193,1.0,1.0,1.0,1.0,0.04657627121119079,0.040352548966300805,-0.13825922963698095,0.25304291050425776,Supported and practically material,183,2000,183,183,101,116.0,131,67.0,True,4c6b4643a52d3420f7e5ca3ca9a66808883157ad797db1c89521688b22edd6c9
M2_Macro_Oil_vs_M3_Macro_Oil_RegQuality_Score__primary__All_Eligible,Regulatory_Quality_Score_lag1,primary,Inward_FDI_Net_Flow_asinh,All_Eligible,Future_Period,train_to_2015__test_from_2016,ElasticNet,1223,181,2442830287,added_model_vs_strongest_benchmark,Training_Mean,M3_Macro_Oil_RegQuality_Score,2000,0.26300480464907994,0.2661739325095762,0.2651914100354683,0.16571471213993286,0.3621687850766519,0.003169127860496279,0.003169127860496279,1.0,1.0,1.0,1.0,-1.15795372659064,-1.1601597919942959,-1.3720931025189058,-0.9424059718744122,Supported and practically material,181,2000,181,181,99,115.0,129,66.0,True,71fa71bbe22e6eeeff23b4bb1dae1fdfd024d1e21737e4770bfe2d46a85a86c5
M2_Macro_Oil_vs_M3_Macro_Oil_RegQuality_Score__primary__All_Eligible,Regulatory_Quality_Score_lag1,primary,Inward_FDI_Net_Flow_asinh,All_Eligible,Future_Period,train_to_2015__test_from_2016,RandomForest,1223,181,2442830287,added_model_vs_strongest_benchmark,Training_Mean,M3_Macro_Oil_RegQuality_Score,2000,0.22409303699344096,0.22600442403560522,0.227297888840243,0.09612652432051115,0.3675912616805728,0.0019113870421642587,0.0019113870421642587,0.999,0.999,0.999,0.999,-1.2051016384028772,-1.2089978706100666,-1.4595643812083752,-0.9537265926328025,Supported and practically material,181,2000,181,181,99,115.0,129,66.0,True,71fa71bbe22e6eeeff23b4bb1dae1fdfd024d1e21737e4770bfe2d46a85a86c5
M2_Macro_Oil_vs_M3_Macro_Oil_RegQuality_Score__primary__All_Eligible,Regulatory_Quality_Score_lag1,primary,Inward_FDI_Net_Flow_asinh,All_Eligible,Future_Period,train_to_2015__test_from_2016,Ridge,1223,181,2442830287,added_model_vs_strongest_benchmark,Training_Mean,M3_Macro_Oil_RegQuality_Score,2000,0.2633851612186072,0.26673580835957267,0.2655585975649114,0.16548575884511638,0.36309710163715053,0.003350647140965446,0.003350647140965446,1.0,1.0,1.0,1.0,-1.1603328881280288,-1.162345496107098,-1.375191752399228,-0.9432274245867885,Supported and practically material,181,2000,181,181,99,115.0,129,66.0,True,71fa71bbe22e6eeeff23b4bb1dae1fdfd024d1e21737e4770bfe2d46a85a86c5
M2_Macro_Oil_vs_M3_Macro_Oil_RegQuality_Score__primary__All_Eligible,Regulatory_Quality_Score_lag1,primary,Inward_FDI_Net_Flow_asinh,All_Eligible,Future_Period,train_to_2016__test_from_2017,ElasticNet,1045,180,2946056579,added_model_vs_strongest_benchmark,Lagged_Flow,M3_Macro_Oil_RegQuality_Score,2000,0.25564476083034304,0.25821220287634145,0.2605317432612011,0.11102724806228631,0.4172766090432551,0.0025674420459984026,0.0025674420459984026,0.9995,0.999,0.999,0.9985,0.09855948149720817,0.09369132141739456,-0.12062707320875798,0.3477084884489762,Supported and practically material,180,2000,180,180,101,114.0,130,66.0,True,498a5bcddfe9c9d63ba6b261a95a0934521a2f6c2954def1d98fd6a6e027ec8a
M2_Macro_Oil_vs_M3_Macro_Oil_RegQuality_Score__primary__All_Eligible,Regulatory_Quality_Score_lag1,primary,Inward_FDI_Net_Flow_asinh,All_Eligible,Future_Period,train_to_2016__test_from_2017,RandomForest,1045,180,2946056579,added_model_vs_strongest_benchmark,Lagged_Flow,M3_Macro_Oil_RegQuality_Score,2000,0.20549191839254055,0.20885261712585496,0.21308273438831593,0.043084621701778576,0.413322104627444,0.0033606987333144045,0.0033606987333144045,0.992,0.9915,0.9915,0.9905,0.0010982332655435911,-0.00271527395392801,-0.2711979604502963,0.2589078570715191,Supported and practically material,180,2000,180,180,101,114.0,130,66.0,True,498a5bcddfe9c9d63ba6b261a95a0934521a2f6c2954def1d98fd6a6e027ec8a
M2_Macro_Oil_vs_M3_Macro_Oil_RegQuality_Score__primary__All_Eligible,Regulatory_Quality_Score_lag1,primary,Inward_FDI_Net_Flow_asinh,All_Eligible,Future_Period,train_to_2016__test_from_2017,Ridge,1045,180,2946056579,added_model_vs_strongest_benchmark,Lagged_Flow,M3_Macro_Oil_RegQuality_Score,2000,0.2561664052250965,0.25863581857748497,0.26104219414341123,0.11227196651287967,0.4172866047054167,0.002469413352388483,0.002469413352388483,0.9995,0.9995,0.999,0.9985,0.09679806040581296,0.09205681755720341,-0.12094665890033589,0.34544745965151796,Supported and practically material,180,2000,180,180,101,114.0,130,66.0,True,498a5bcddfe9c9d63ba6b261a95a0934521a2f6c2954def1d98fd6a6e027ec8a
M2_Macro_Oil_vs_M3_Macro_Oil_RegQuality_Score__primary__All_Eligible,Regulatory_Quality_Score_lag1,primary,Inward_FDI_Net_Flow_asinh,All_Eligible,Future_Period,train_to_2018__test_from_2019,ElasticNet,693,177,1845065906,added_model_vs_strongest_benchmark,Training_Mean,M3_Macro_Oil_RegQuality_Score,2000,0.2827749542856899,0.2838774055969542,0.28459678103683506,0.1664751872270517,0.3942115465064688,0.0011024513112642964,0.0011024513112642964,1.0,1.0,1.0,1.0,-1.1215858459773251,-1.1211657905805654,-1.3678121742684268,-0.8763669245123804,Supported and practically material,177,2000,177,177,98,112.0,128,65.0,True,eb1647aad434ce821a0e21e3d3994875d4effd211e838faedad8c8639dacc9fc
M2_Macro_Oil_vs_M3_Macro_Oil_RegQuality_Score__primary__All_Eligible,Regulatory_Quality_Score_lag1,primary,Inward_FDI_Net_Flow_asinh,All_Eligible,Future_Period,train_to_2018__test_from_2019,RandomForest,693,177,1845065906,added_model_vs_strongest_benchmark,Training_Mean,M3_Macro_Oil_RegQuality_Score,2000,0.2736665192693051,0.272973675834815,0.27623209579605984,0.14166647391129633,0.420700621694261,-0.0006928434344900536,0.0006928434344900536,1.0,1.0,1.0,1.0,-1.245503244199095,-1.2444787368362213,-1.5453082009240986,-0.961592489417472,Supported and practically material,177,2000,177,177,98,112.0,128,65.0,True,eb1647aad434ce821a0e21e3d3994875d4effd211e838faedad8c8639dacc9fc
M2_Macro_Oil_vs_M3_Macro_Oil_RegQuality_Score__primary__All_Eligible,Regulatory_Quality_Score_lag1,primary,Inward_FDI_Net_Flow_asinh,All_Eligible,Future_Period,train_to_2018__test_from_2019,Ridge,693,177,1845065906,added_model_vs_strongest_benchmark,Training_Mean,M3_Macro_Oil_RegQuality_Score,2000,0.2833572689142454,0.28416916230278433,0.28516662017451827,0.1663265844783649,0.3954486251785689,0.0008118933885389312,0.0008118933885389312,1.0,1.0,1.0,1.0,-1.1215019293554263,-1.1210655287218843,-1.369132841713773,-0.8746325370915304,Supported and practically material,177,2000,177,177,98,112.0,128,65.0,True,eb1647aad434ce821a0e21e3d3994875d4effd211e838faedad8c8639dacc9fc
M2_Macro_Oil_vs_M3_Macro_Oil_RegQuality_Score__primary__Oil_Rent_Intensive_Pre2016_ge10pct,Regulatory_Quality_Score_lag1,primary,Inward_FDI_Net_Flow_asinh,Oil_Rent_Intensive_Pre2016_ge10pct,Country_Holdout_CV,OOF_ALL_FOLDS,ElasticNet,655,34,2584578201,added_model_vs_strongest_benchmark,Lagged_Flow,M3_Macro_Oil_RegQuality_Score,2000,0.15303664850735654,0.15549212646593247,0.1587693371777385,0.020735483764757277,0.3194191121388173,0.0024554779585759245,0.0024554779585759245,0.9855,0.985,0.9845,0.9825,0.6365417912443205,0.6306854789347505,0.32307561500300375,0.9895138062958694,Supported and practically material,34,2000,34,34,15,22.0,27,12.0,True,99391b0e4b22d4720b6c470caa9b0997646eccb35ff26d317e4f9eb4a52021c2
M2_Macro_Oil_vs_M3_Macro_Oil_RegQuality_Score__primary__Oil_Rent_Intensive_Pre2016_ge10pct,Regulatory_Quality_Score_lag1,primary,Inward_FDI_Net_Flow_asinh,Oil_Rent_Intensive_Pre2016_ge10pct,Country_Holdout_CV,OOF_ALL_FOLDS,RandomForest,655,34,2584578201,added_model_vs_strongest_benchmark,Lagged_Flow,M3_Macro_Oil_RegQuality_Score,2000,0.12746121478585537,0.13014185495377112,0.13217923057571482,-0.018830800815380157,0.2909920686963749,0.0026806401679157488,0.0026806401679157488,0.9605,0.958,0.954,0.946,0.64340140784119,0.6400975323238038,0.3210408862482879,1.0070705218047804,Directionally positive but marginal,34,2000,34,34,15,22.0,27,12.0,True,99391b0e4b22d4720b6c470caa9b0997646eccb35ff26d317e4f9eb4a52021c2
M2_Macro_Oil_vs_M3_Macro_Oil_RegQuality_Score__primary__Oil_Rent_Intensive_Pre2016_ge10pct,Regulatory_Quality_Score_lag1,primary,Inward_FDI_Net_Flow_asinh,Oil_Rent_Intensive_Pre2016_ge10pct,Country_Holdout_CV,OOF_ALL_FOLDS,Ridge,655,34,2584578201,added_model_vs_strongest_benchmark,Lagged_Flow,M3_Macro_Oil_RegQuality_Score,2000,0.15190531097735827,0.15439297279246023,0.15758368434311354,0.0208278840925886,0.31640052638881494,0.0024876618151019603,0.0024876618151019603,0.9855,0.9855,0.9845,0.9825,0.6377499996243392,0.6317357900649638,0.323920519010822,0.9888167051921819,Supported and practically material,34,2000,34,34,15,22.0,27,12.0,True,99391b0e4b22d4720b6c470caa9b0997646eccb35ff26d317e4f9eb4a52021c2
M2_Macro_Oil_vs_M3_Macro_Oil_RegQuality_Score__primary__Oil_Rent_Intensive_Pre2016_ge10pct,Regulatory_Quality_Score_lag1,primary,Inward_FDI_Net_Flow_asinh,Oil_Rent_Intensive_Pre2016_ge10pct,Future_Period,train_to_2012__test_from_2013,ElasticNet,296,33,3990949860,added_model_vs_strongest_benchmark,Lagged_Flow,M3_Macro_Oil_RegQuality_Score,2000,0.17181285181373196,0.17318578536054902,0.1814244252862812,-0.024170802969273833,0.4294660081833051,0.0013729335468170567,0.0013729335468170567,0.957,0.951,0.949,0.94,0.2487804476109554,0.23765734655038506,-0.3096494117516526,0.9215487030502577,Directionally positive but marginal,33,2000,33,33,14,21.0,26,12.0,True,eb79d2c26e9f339b6a760fb4edc1289bfae523f4ed00ce5d9970edaa385e9922
M2_Macro_Oil_vs_M3_Macro_Oil_RegQuality_Score__primary__Oil_Rent_Intensive_Pre2016_ge10pct,Regulatory_Quality_Score_lag1,primary,Inward_FDI_Net_Flow_asinh,Oil_Rent_Intensive_Pre2016_ge10pct,Future_Period,train_to_2012__test_from_2013,RandomForest,296,33,3990949860,added_model_vs_strongest_benchmark,Lagged_Flow,M3_Macro_Oil_RegQuality_Score,2000,0.11628837845901707,0.11974182152582313,0.1275864427629986,-0.15448487592607493,0.45044442537471585,0.003453443066806061,0.003453443066806061,0.776,0.77,0.766,0.7585,0.36898446220361203,0.34449908911666594,-0.3612932611941181,1.2629851211974477,Setup-dependent,33,2000,33,33,14,21.0,26,12.0,True,eb79d2c26e9f339b6a760fb4edc1289bfae523f4ed00ce5d9970edaa385e9922
M2_Macro_Oil_vs_M3_Macro_Oil_RegQuality_Score__primary__Oil_Rent_Intensive_Pre2016_ge10pct,Regulatory_Quality_Score_lag1,primary,Inward_FDI_Net_Flow_asinh,Oil_Rent_Intensive_Pre2016_ge10pct,Future_Period,train_to_2012__test_from_2013,Ridge,296,33,3990949860,added_model_vs_strongest_benchmark,Lagged_Flow,M3_Macro_Oil_RegQuality_Score,2000,0.1718062016140245,0.1731416395294113,0.18137928586787383,-0.0234133784098332,0.4278729030668108,0.0013354379153868168,0.0013354379153868168,0.9575,0.9525,0.9495,0.9415,0.2501238641407073,0.23852184878959037,-0.3081416583396648,0.919103586464193,Directionally positive but marginal,33,2000,33,33,14,21.0,26,12.0,True,eb79d2c26e9f339b6a760fb4edc1289bfae523f4ed00ce5d9970edaa385e9922
M2_Macro_Oil_vs_M3_Macro_Oil_RegQuality_Score__primary__Oil_Rent_Intensive_Pre2016_ge10pct,Regulatory_Quality_Score_lag1,primary,Inward_FDI_Net_Flow_asinh,Oil_Rent_Intensive_Pre2016_ge10pct,Future_Period,train_to_2014__test_from_2015,ElasticNet,233,33,2905250126,added_model_vs_strongest_benchmark,Lagged_Flow,M3_Macro_Oil_RegQuality_Score,2000,0.1531300245437759,0.15750911949095003,0.1690714811872551,-0.05424881465830595,0.4647354740961073,0.004379094947174145,0.004379094947174145,0.9115,0.908,0.905,0.894,0.35822537724936465,0.33169889438716527,-0.29947934919640085,1.1503354622624065,Directionally positive but marginal,33,2000,33,33,15,21.0,26,12.0,True,871fceea271f8436b7ad93c4773a6f8ebe8c6234a904795f99a8efd041ed4087
M2_Macro_Oil_vs_M3_Macro_Oil_RegQuality_Score__primary__Oil_Rent_Intensive_Pre2016_ge10pct,Regulatory_Quality_Score_lag1,primary,Inward_FDI_Net_Flow_asinh,Oil_Rent_Intensive_Pre2016_ge10pct,Future_Period,train_to_2014__test_from_2015,RandomForest,233,33,2905250126,added_model_vs_strongest_benchmark,Lagged_Flow,M3_Macro_Oil_RegQuality_Score,2000,0.15082811274929564,0.15041233372527896,0.16675171295779767,-0.07943680127021485,0.4986806946473962,-0.00041577902401668254,0.00041577902401668254,0.877,0.8715,0.8665,0.8535,0.3887533238847056,0.36921176338294726,-0.3644600375574385,1.2238631096902641,Directionally positive but marginal,33,2000,33,33,15,21.0,26,12.0,True,871fceea271f8436b7ad93c4773a6f8ebe8c6234a904795f99a8efd041ed4087
M2_Macro_Oil_vs_M3_Macro_Oil_RegQuality_Score__primary__Oil_Rent_Intensive_Pre2016_ge10pct,Regulatory_Quality_Score_lag1,primary,Inward_FDI_Net_Flow_asinh,Oil_Rent_Intensive_Pre2016_ge10pct,Future_Period,train_to_2014__test_from_2015,Ridge,233,33,2905250126,added_model_vs_strongest_benchmark,Lagged_Flow,M3_Macro_Oil_RegQuality_Score,2000,0.15327763642997716,0.1575005135480571,0.16914672856486118,-0.052883834885772224,0.4634442081983505,0.0042228771180799485,0.0042228771180799485,0.9115,0.9105,0.906,0.8955,0.3566540759224903,0.3303432194817131,-0.2994946629729665,1.1447338091512553,Directionally positive but marginal,33,2000,33,33,15,21.0,26,12.0,True,871fceea271f8436b7ad93c4773a6f8ebe8c6234a904795f99a8efd041ed4087
M2_Macro_Oil_vs_M3_Macro_Oil_RegQuality_Score__primary__Oil_Rent_Intensive_Pre2016_ge10pct,Regulatory_Quality_Score_lag1,primary,Inward_FDI_Net_Flow_asinh,Oil_Rent_Intensive_Pre2016_ge10pct,Future_Period,train_to_2015__test_from_2016,ElasticNet,202,31,1153608530,added_model_vs_strongest_benchmark,Lagged_Flow,M3_Macro_Oil_RegQuality_Score,2000,0.15858726747053575,0.16863250872532776,0.17898838803295422,-0.04864017536569066,0.4695269313325626,0.010045241254792003,0.010045241254792003,0.9185,0.9155,0.9105,0.9015,0.3799056669281766,0.3309834767433486,-0.2978785528753061,1.1606739001013082,Directionally positive but marginal,31,2000,31,31,15,20.0,26,11.0,True,5b24e3ae70cb323573f5bb3de5508b3ab65ecec017281afa856d5aa2d54f0bab
M2_Macro_Oil_vs_M3_Macro_Oil_RegQuality_Score__primary__Oil_Rent_Intensive_Pre2016_ge10pct,Regulatory_Quality_Score_lag1,primary,Inward_FDI_Net_Flow_asinh,Oil_Rent_Intensive_Pre2016_ge10pct,Future_Period,train_to_2015__test_from_2016,RandomForest,202,31,1153608530,added_model_vs_strongest_benchmark,Lagged_Flow,M3_Macro_Oil_RegQuality_Score,2000,0.1692548611003789,0.176273182150744,0.1891934371535782,-0.056044455460849796,0.5070998390697942,0.007018321050365095,0.007018321050365095,0.9145,0.9085,0.905,0.897,0.4774765077708434,0.446086969255175,-0.24292100954260934,1.2385350074111607,Directionally positive but marginal,31,2000,31,31,15,20.0,26,11.0,True,5b24e3ae70cb323573f5bb3de5508b3ab65ecec017281afa856d5aa2d54f0bab
M2_Macro_Oil_vs_M3_Macro_Oil_RegQuality_Score__primary__Oil_Rent_Intensive_Pre2016_ge10pct,Regulatory_Quality_Score_lag1,primary,Inward_FDI_Net_Flow_asinh,Oil_Rent_Intensive_Pre2016_ge10pct,Future_Period,train_to_2015__test_from_2016,Ridge,202,31,1153608530,added_model_vs_strongest_benchmark,Lagged_Flow,M3_Macro_Oil_RegQuality_Score,2000,0.15878321352590985,0.168933442913264,0.17909095377290205,-0.047467916018753505,0.4682793181204971,0.01015022938735416,0.01015022938735416,0.9185,0.9165,0.912,0.9035,0.377923888978863,0.3291360608821141,-0.29717752742477793,1.1560099049455415,Directionally positive but marginal,31,2000,31,31,15,20.0,26,11.0,True,5b24e3ae70cb323573f5bb3de5508b3ab65ecec017281afa856d5aa2d54f0bab
M2_Macro_Oil_vs_M3_Macro_Oil_RegQuality_Score__primary__Oil_Rent_Intensive_Pre2016_ge10pct,Regulatory_Quality_Score_lag1,primary,Inward_FDI_Net_Flow_asinh,Oil_Rent_Intensive_Pre2016_ge10pct,Future_Period,train_to_2016__test_from_2017,ElasticNet,172,30,829328821,added_model_vs_strongest_benchmark,Lagged_Flow,M3_Macro_Oil_RegQuality_Score,2000,0.1407019921558621,0.14321453433259862,0.1589542427860273,-0.09140628408961834,0.49685597922366864,0.002512542176736521,0.002512542176736521,0.847,0.8405,0.838,0.8305,0.5642833499213236,0.5358522027932056,-0.22015413490677724,1.393239687679045,Directionally positive but marginal,30,2000,30,30,13,19.0,25,11.0,True,e3359c762cc8e22c35e8e6fdadd57ede12310ecff600c9b46acaacc8bc1bddce
M2_Macro_Oil_vs_M3_Macro_Oil_RegQuality_Score__primary__Oil_Rent_Intensive_Pre2016_ge10pct,Regulatory_Quality_Score_lag1,primary,Inward_FDI_Net_Flow_asinh,Oil_Rent_Intensive_Pre2016_ge10pct,Future_Period,train_to_2016__test_from_2017,RandomForest,172,30,829328821,added_model_vs_strongest_benchmark,Lagged_Flow,M3_Macro_Oil_RegQuality_Score,2000,0.17864185951278533,0.17621029214589545,0.1930286584930373,-0.0557002604069086,0.5481482629700579,-0.002431567366889875,0.002431567366889875,0.91,0.906,0.898,0.8905,0.5736811250593306,0.5601010004151421,-0.19124825375778018,1.2670320694006485,Directionally positive but marginal,30,2000,30,30,13,19.0,25,11.0,True,e3359c762cc8e22c35e8e6fdadd57ede12310ecff600c9b46acaacc8bc1bddce
M2_Macro_Oil_vs_M3_Macro_Oil_RegQuality_Score__primary__Oil_Rent_Intensive_Pre2016_ge10pct,Regulatory_Quality_Score_lag1,primary,Inward_FDI_Net_Flow_asinh,Oil_Rent_Intensive_Pre2016_ge10pct,Future_Period,train_to_2016__test_from_2017,Ridge,172,30,829328821,added_model_vs_strongest_benchmark,Lagged_Flow,M3_Macro_Oil_RegQuality_Score,2000,0.1411041295221509,0.14376566267704682,0.15927004826372723,-0.09011550465607669,0.49575605917844107,0.002661533154895923,0.002661533154895923,0.849,0.8445,0.8385,0.8315,0.5619991037838115,0.533264534460214,-0.21887309180658746,1.3896499241769746,Directionally positive but marginal,30,2000,30,30,13,19.0,25,11.0,True,e3359c762cc8e22c35e8e6fdadd57ede12310ecff600c9b46acaacc8bc1bddce
M2_Macro_Oil_vs_M3_Macro_Oil_RegQuality_Score__primary__Oil_Rent_Intensive_Pre2016_ge10pct,Regulatory_Quality_Score_lag1,primary,Inward_FDI_Net_Flow_asinh,Oil_Rent_Intensive_Pre2016_ge10pct,Future_Period,train_to_2018__test_from_2019,ElasticNet,114,30,4244818735,added_model_vs_strongest_benchmark,Lagged_Flow,M3_Macro_Oil_RegQuality_Score,2000,0.1899971555664446,0.19493629128225998,0.21139380240683006,-0.037425061936920676,0.5508202822112034,0.00493913571581539,0.00493913571581539,0.946,0.943,0.94,0.934,0.5076786532907782,0.4720427051747138,-0.2882267163243172,1.3419858473815356,Coverage-limited,30,2000,30,30,14,19.0,25,11.0,True,7ce684f06c1697c9f6fcb00b50794bd0946887ce462f2737be3a89a4644172c4
M2_Macro_Oil_vs_M3_Macro_Oil_RegQuality_Score__primary__Oil_Rent_Intensive_Pre2016_ge10pct,Regulatory_Quality_Score_lag1,primary,Inward_FDI_Net_Flow_asinh,Oil_Rent_Intensive_Pre2016_ge10pct,Future_Period,train_to_2018__test_from_2019,RandomForest,114,30,4244818735,added_model_vs_strongest_benchmark,Lagged_Flow,M3_Macro_Oil_RegQuality_Score,2000,0.2810286635030248,0.2819815413268604,0.30349757956577045,0.014914856184141814,0.7419145764508923,0.000952877823835574,0.000952877823835574,0.9805,0.979,0.9785,0.9765,0.21053401291840546,0.20889426337914085,-0.609050933430672,0.9095918641916803,Coverage-limited,30,2000,30,30,14,19.0,25,11.0,True,7ce684f06c1697c9f6fcb00b50794bd0946887ce462f2737be3a89a4644172c4
M2_Macro_Oil_vs_M3_Macro_Oil_RegQuality_Score__primary__Oil_Rent_Intensive_Pre2016_ge10pct,Regulatory_Quality_Score_lag1,primary,Inward_FDI_Net_Flow_asinh,Oil_Rent_Intensive_Pre2016_ge10pct,Future_Period,train_to_2018__test_from_2019,Ridge,114,30,4244818735,added_model_vs_strongest_benchmark,Lagged_Flow,M3_Macro_Oil_RegQuality_Score,2000,0.19000886556303564,0.19501565767268625,0.21128664013201934,-0.03613943631671035,0.5490436424736473,0.005006792109650604,0.005006792109650604,0.946,0.944,0.941,0.9345,0.506772661713669,0.47035825818683263,-0.28211377555428024,1.3360612259582754,Coverage-limited,30,2000,30,30,14,19.0,25,11.0,True,7ce684f06c1697c9f6fcb00b50794bd0946887ce462f2737be3a89a4644172c4
M2_Macro_Oil_vs_M3_Macro_Oil_RegQuality_Score__primary__Oil_Rent_Intensive_Pre2016_ge15pct,Regulatory_Quality_Score_lag1,primary,Inward_FDI_Net_Flow_asinh,Oil_Rent_Intensive_Pre2016_ge15pct,Country_Holdout_CV,OOF_ALL_FOLDS,ElasticNet,571,30,1585115778,added_model_vs_strongest_benchmark,Lagged_Flow,M3_Macro_Oil_RegQuality_Score,2000,0.09676514407115577,0.1025050922491057,0.10460962338850448,-0.001920061666145774,0.21546678723513302,0.005739948177949927,0.005739948177949927,0.97,0.9675,0.9635,0.956,0.7131723703703865,0.7065697563545206,0.3997691490916571,1.0546363847625682,Directionally positive but marginal,30,2000,30,30,13,19.0,25,11.0,True,e7c0ffa3971b923c6d43a49bbaaf15aec5f2fb5cd4be111fe775cd66bc8d4a61
M2_Macro_Oil_vs_M3_Macro_Oil_RegQuality_Score__primary__Oil_Rent_Intensive_Pre2016_ge15pct,Regulatory_Quality_Score_lag1,primary,Inward_FDI_Net_Flow_asinh,Oil_Rent_Intensive_Pre2016_ge15pct,Country_Holdout_CV,OOF_ALL_FOLDS,RandomForest,571,30,1585115778,added_model_vs_strongest_benchmark,Lagged_Flow,M3_Macro_Oil_RegQuality_Score,2000,0.11091467611910588,0.11133489881314673,0.11622645875401734,0.012004832057314369,0.2368009628899443,0.00042022269404085044,0.00042022269404085044,0.9865,0.9845,0.9815,0.9765,0.751134439552458,0.7487820881206562,0.4616303932766686,1.0595603661662285,Supported and practically material,30,2000,30,30,13,19.0,25,11.0,True,e7c0ffa3971b923c6d43a49bbaaf15aec5f2fb5cd4be111fe775cd66bc8d4a61
M2_Macro_Oil_vs_M3_Macro_Oil_RegQuality_Score__primary__Oil_Rent_Intensive_Pre2016_ge15pct,Regulatory_Quality_Score_lag1,primary,Inward_FDI_Net_Flow_asinh,Oil_Rent_Intensive_Pre2016_ge15pct,Country_Holdout_CV,OOF_ALL_FOLDS,Ridge,571,30,1585115778,added_model_vs_strongest_benchmark,Lagged_Flow,M3_Macro_Oil_RegQuality_Score,2000,0.09474251311577675,0.10052012036712765,0.10244300640969263,-0.003521698222143454,0.21277120373655067,0.0057776072513509025,0.0057776072513509025,0.969,0.965,0.9615,0.9525,0.71631473180223,0.7108842055655242,0.4008152131221017,1.055690769392464,Directionally positive but marginal,30,2000,30,30,13,19.0,25,11.0,True,e7c0ffa3971b923c6d43a49bbaaf15aec5f2fb5cd4be111fe775cd66bc8d4a61
M2_Macro_Oil_vs_M3_Macro_Oil_RegQuality_Score__primary__Oil_Rent_Intensive_Pre2016_ge15pct,Regulatory_Quality_Score_lag1,primary,Inward_FDI_Net_Flow_asinh,Oil_Rent_Intensive_Pre2016_ge15pct,Future_Period,train_to_2012__test_from_2013,ElasticNet,258,29,3946109080,added_model_vs_strongest_benchmark,Lagged_Flow,M3_Macro_Oil_RegQuality_Score,2000,0.05157187195863977,0.05841230182347468,0.06556845746879697,-0.10827000527247338,0.26882442695673586,0.006840429864834907,0.006840429864834907,0.744,0.733,0.7215,0.701,0.5518465061512403,0.5159996043800155,-0.03373371980226405,1.382855243063023,Setup-dependent,29,2000,29,29,13,19.0,24,10.0,True,0108a2bb76802c46f2404333911e7626de0ea39d3cf4e5a8715e01494a150ee4
M2_Macro_Oil_vs_M3_Macro_Oil_RegQuality_Score__primary__Oil_Rent_Intensive_Pre2016_ge15pct,Regulatory_Quality_Score_lag1,primary,Inward_FDI_Net_Flow_asinh,Oil_Rent_Intensive_Pre2016_ge15pct,Future_Period,train_to_2012__test_from_2013,RandomForest,258,29,3946109080,added_model_vs_strongest_benchmark,Lagged_Flow,M3_Macro_Oil_RegQuality_Score,2000,-0.013491856507809818,-0.0019516254793183196,0.004449788990900235,-0.24541912604484772,0.27201280184970206,0.011540231028491499,0.011540231028491499,0.496,0.485,0.4755,0.461,0.6952204654354661,0.656461854944747,-0.017493265317550535,1.7296295051162607,Setup-dependent,29,2000,29,29,13,19.0,24,10.0,True,0108a2bb76802c46f2404333911e7626de0ea39d3cf4e5a8715e01494a150ee4
M2_Macro_Oil_vs_M3_Macro_Oil_RegQuality_Score__primary__Oil_Rent_Intensive_Pre2016_ge15pct,Regulatory_Quality_Score_lag1,primary,Inward_FDI_Net_Flow_asinh,Oil_Rent_Intensive_Pre2016_ge15pct,Future_Period,train_to_2012__test_from_2013,Ridge,258,29,3946109080,added_model_vs_strongest_benchmark,Lagged_Flow,M3_Macro_Oil_RegQuality_Score,2000,0.05126027263929911,0.058097390092405,0.06518195828767281,-0.10820789487148208,0.267027459535378,0.00683711745310589,0.00683711745310589,0.7435,0.7315,0.7195,0.702,0.554702291799146,0.5194246985562565,-0.029524757672230593,1.3811674197246688,Setup-dependent,29,2000,29,29,13,19.0,24,10.0,True,0108a2bb76802c46f2404333911e7626de0ea39d3cf4e5a8715e01494a150ee4
M2_Macro_Oil_vs_M3_Macro_Oil_RegQuality_Score__primary__Oil_Rent_Intensive_Pre2016_ge15pct,Regulatory_Quality_Score_lag1,primary,Inward_FDI_Net_Flow_asinh,Oil_Rent_Intensive_Pre2016_ge15pct,Future_Period,train_to_2014__test_from_2015,ElasticNet,203,29,926533910,added_model_vs_strongest_benchmark,Lagged_Flow,M3_Macro_Oil_RegQuality_Score,2000,0.026315273023784558,0.03056046284890257,0.03894420483155865,-0.1423285266284059,0.2606623703291839,0.004245189825118012,0.004245189825118012,0.6175,0.609,0.6025,0.587,0.6379448630368736,0.6144809361116592,-0.02801531254092081,1.506902272653642,Setup-dependent,29,2000,29,29,13,18.0,24,11.0,True,2746a877aa32d4ae0aa713715ddb2a7d6027d206baa07f16f56d5c45d80493c9
M2_Macro_Oil_vs_M3_Macro_Oil_RegQuality_Score__primary__Oil_Rent_Intensive_Pre2016_ge15pct,Regulatory_Quality_Score_lag1,primary,Inward_FDI_Net_Flow_asinh,Oil_Rent_Intensive_Pre2016_ge15pct,Future_Period,train_to_2014__test_from_2015,RandomForest,203,29,926533910,added_model_vs_strongest_benchmark,Lagged_Flow,M3_Macro_Oil_RegQuality_Score,2000,0.09258182830540373,0.09468561969650485,0.10513824691146971,-0.052767282912723014,0.30791646651880306,0.0021037913911011175,0.0021037913911011175,0.881,0.876,0.8675,0.849,0.43938841118483163,0.4232900424606416,-0.10015349549374408,1.114532406500129,Directionally positive but marginal,29,2000,29,29,13,18.0,24,11.0,True,2746a877aa32d4ae0aa713715ddb2a7d6027d206baa07f16f56d5c45d80493c9
M2_Macro_Oil_vs_M3_Macro_Oil_RegQuality_Score__primary__Oil_Rent_Intensive_Pre2016_ge15pct,Regulatory_Quality_Score_lag1,primary,Inward_FDI_Net_Flow_asinh,Oil_Rent_Intensive_Pre2016_ge15pct,Future_Period,train_to_2014__test_from_2015,Ridge,203,29,926533910,added_model_vs_strongest_benchmark,Lagged_Flow,M3_Macro_Oil_RegQuality_Score,2000,0.026343453683530194,0.030363267866598098,0.038910476402359506,-0.14162736953751162,0.2596378455473665,0.004019814183067905,0.004019814183067905,0.6185,0.6095,0.6015,0.587,0.638309536930922,0.6144634745997251,-0.026948887078022406,1.504892567552883,Setup-dependent,29,2000,29,29,13,18.0,24,11.0,True,2746a877aa32d4ae0aa713715ddb2a7d6027d206baa07f16f56d5c45d80493c9
M2_Macro_Oil_vs_M3_Macro_Oil_RegQuality_Score__primary__Oil_Rent_Intensive_Pre2016_ge15pct,Regulatory_Quality_Score_lag1,primary,Inward_FDI_Net_Flow_asinh,Oil_Rent_Intensive_Pre2016_ge15pct,Future_Period,train_to_2015__test_from_2016,ElasticNet,176,27,1780883900,added_model_vs_strongest_benchmark,Lagged_Flow,M3_Macro_Oil_RegQuality_Score,2000,0.03676542192845933,0.047474322455465456,0.05428962993596731,-0.12185889839356873,0.2775252695123907,0.010708900527006127,0.010708900527006127,0.6855,0.6765,0.668,0.65,0.6583452147746613,0.6037277589105852,-0.03732583610770468,1.4876597867547474,Setup-dependent,27,2000,27,27,11,17.0,23,10.0,True,80dd78ea92364b954a7ee44fb011b45b8908d77f7b8734c205b0281e7c81f968
M2_Macro_Oil_vs_M3_Macro_Oil_RegQuality_Score__primary__Oil_Rent_Intensive_Pre2016_ge15pct,Regulatory_Quality_Score_lag1,primary,Inward_FDI_Net_Flow_asinh,Oil_Rent_Intensive_Pre2016_ge15pct,Future_Period,train_to_2015__test_from_2016,RandomForest,176,27,1780883900,added_model_vs_strongest_benchmark,Lagged_Flow,M3_Macro_Oil_RegQuality_Score,2000,0.08123793802866086,0.0888614816162871,0.09678023908834275,-0.06531455619849258,0.31994121778242735,0.007623543587626236,0.007623543587626236,0.86,0.853,0.8445,0.823,0.543290563854093,0.5024497455793102,-0.06655159955900782,1.244800742863169,Directionally positive but marginal,27,2000,27,27,11,17.0,23,10.0,True,80dd78ea92364b954a7ee44fb011b45b8908d77f7b8734c205b0281e7c81f968
M2_Macro_Oil_vs_M3_Macro_Oil_RegQuality_Score__primary__Oil_Rent_Intensive_Pre2016_ge15pct,Regulatory_Quality_Score_lag1,primary,Inward_FDI_Net_Flow_asinh,Oil_Rent_Intensive_Pre2016_ge15pct,Future_Period,train_to_2015__test_from_2016,Ridge,176,27,1780883900,added_model_vs_strongest_benchmark,Lagged_Flow,M3_Macro_Oil_RegQuality_Score,2000,0.03615390589105871,0.04682536444996088,0.053568747783689676,-0.12164056480145845,0.27554565073970416,0.01067145855890217,0.01067145855890217,0.6845,0.6745,0.6665,0.6475,0.6581439564932561,0.6033290016315924,-0.03373095514769879,1.4834797687071768,Setup-dependent,27,2000,27,27,11,17.0,23,10.0,True,80dd78ea92364b954a7ee44fb011b45b8908d77f7b8734c205b0281e7c81f968
M2_Macro_Oil_vs_M3_Macro_Oil_RegQuality_Score__primary__Oil_Rent_Intensive_Pre2016_ge15pct,Regulatory_Quality_Score_lag1,primary,Inward_FDI_Net_Flow_asinh,Oil_Rent_Intensive_Pre2016_ge15pct,Future_Period,train_to_2016__test_from_2017,ElasticNet,150,26,1855290529,added_model_vs_strongest_benchmark,Lagged_Flow,M3_Macro_Oil_RegQuality_Score,2000,-0.005670659606315742,-0.001880910887757603,0.005037591729106132,-0.1747411475173916,0.21637148307503123,0.003789748718558139,0.003789748718558139,0.493,0.4825,0.4735,0.4495,0.859224706867789,0.8362375516318787,0.12553514953764175,1.8128997132632063,Setup-dependent,26,2000,26,26,10,17.0,22,9.0,True,7b8a6942e968b43870c3a1418fc1518606151579ca4bb03a07a483779e5e40b7
M2_Macro_Oil_vs_M3_Macro_Oil_RegQuality_Score__primary__Oil_Rent_Intensive_Pre2016_ge15pct,Regulatory_Quality_Score_lag1,primary,Inward_FDI_Net_Flow_asinh,Oil_Rent_Intensive_Pre2016_ge15pct,Future_Period,train_to_2016__test_from_2017,RandomForest,150,26,1855290529,added_model_vs_strongest_benchmark,Lagged_Flow,M3_Macro_Oil_RegQuality_Score,2000,0.024437907842141504,0.02494945547492733,0.030561580464623234,-0.12510056355181787,0.2168514675808342,0.0005115476327858248,0.0005115476327858248,0.6115,0.599,0.5905,0.5665,0.9028441428909142,0.8907693877367624,0.24823224322412313,1.6227714616612818,Setup-dependent,26,2000,26,26,10,17.0,22,9.0,True,7b8a6942e968b43870c3a1418fc1518606151579ca4bb03a07a483779e5e40b7
M2_Macro_Oil_vs_M3_Macro_Oil_RegQuality_Score__primary__Oil_Rent_Intensive_Pre2016_ge15pct,Regulatory_Quality_Score_lag1,primary,Inward_FDI_Net_Flow_asinh,Oil_Rent_Intensive_Pre2016_ge15pct,Future_Period,train_to_2016__test_from_2017,Ridge,150,26,1855290529,added_model_vs_strongest_benchmark,Lagged_Flow,M3_Macro_Oil_RegQuality_Score,2000,-0.005304884429976564,-0.0012626448369676968,0.005336442447744906,-0.17388979173540392,0.2158079167359905,0.004042239593008867,0.004042239593008867,0.494,0.4825,0.475,0.451,0.8588735592260393,0.8358960892343144,0.12548794498561858,1.8107680570591134,Setup-dependent,26,2000,26,26,10,17.0,22,9.0,True,7b8a6942e968b43870c3a1418fc1518606151579ca4bb03a07a483779e5e40b7
M2_Macro_Oil_vs_M3_Macro_Oil_RegQuality_Score__primary__Oil_Rent_Intensive_Pre2016_ge15pct,Regulatory_Quality_Score_lag1,primary,Inward_FDI_Net_Flow_asinh,Oil_Rent_Intensive_Pre2016_ge15pct,Future_Period,train_to_2018__test_from_2019,ElasticNet,100,26,2818907840,added_model_vs_strongest_benchmark,Lagged_Flow,M3_Macro_Oil_RegQuality_Score,2000,0.06966267095658218,0.07325833867657972,0.08164322716109243,-0.11157020456676513,0.3218716183069392,0.0035956677199975307,0.0035956677199975307,0.779,0.771,0.763,0.748,0.7502544294954925,0.7269843639053675,-0.005006740462904574,1.6835831432807966,Coverage-limited,26,2000,26,26,12,17.0,21,9.0,True,f33ab0b65cb2deef1218141ac1a9a1a3cadecd904372bbc6c80cc6dd692a5107
M2_Macro_Oil_vs_M3_Macro_Oil_RegQuality_Score__primary__Oil_Rent_Intensive_Pre2016_ge15pct,Regulatory_Quality_Score_lag1,primary,Inward_FDI_Net_Flow_asinh,Oil_Rent_Intensive_Pre2016_ge15pct,Future_Period,train_to_2018__test_from_2019,RandomForest,100,26,2818907840,added_model_vs_strongest_benchmark,Lagged_Flow,M3_Macro_Oil_RegQuality_Score,2000,0.06929400912897421,0.06711193609845278,0.08062584880192321,-0.10175025158517191,0.3475390216853856,-0.0021820730305214253,0.0021820730305214253,0.7455,0.741,0.7325,0.7125,0.8523593799667362,0.8620774672854916,0.09911421127019503,1.6058993871830216,Coverage-limited,26,2000,26,26,12,17.0,21,9.0,True,f33ab0b65cb2deef1218141ac1a9a1a3cadecd904372bbc6c80cc6dd692a5107
M2_Macro_Oil_vs_M3_Macro_Oil_RegQuality_Score__primary__Oil_Rent_Intensive_Pre2016_ge15pct,Regulatory_Quality_Score_lag1,primary,Inward_FDI_Net_Flow_asinh,Oil_Rent_Intensive_Pre2016_ge15pct,Future_Period,train_to_2018__test_from_2019,Ridge,100,26,2818907840,added_model_vs_strongest_benchmark,Lagged_Flow,M3_Macro_Oil_RegQuality_Score,2000,0.06990514599369413,0.07332605520077123,0.08179243991468264,-0.11032455875824701,0.3207039601732899,0.0034209092070771052,0.0034209092070771052,0.779,0.7735,0.764,0.749,0.7484928794373018,0.7260041200380098,-0.002228439990309145,1.6761175888886852,Coverage-limited,26,2000,26,26,12,17.0,21,9.0,True,f33ab0b65cb2deef1218141ac1a9a1a3cadecd904372bbc6c80cc6dd692a5107
M2_Macro_Oil_vs_M3_Macro_Oil_RegQuality_Score__primary__Oil_Rent_Intensive_Pre2016_ge1pct,Regulatory_Quality_Score_lag1,primary,Inward_FDI_Net_Flow_asinh,Oil_Rent_Intensive_Pre2016_ge1pct,Country_Holdout_CV,OOF_ALL_FOLDS,ElasticNet,1391,69,2985981845,added_model_vs_strongest_benchmark,Lagged_Flow,M3_Macro_Oil_RegQuality_Score,2000,0.20773389869766112,0.21335161041252965,0.2144862479100769,0.06762880751837559,0.37387962754370885,0.005617711714868523,0.005617711714868523,0.998,0.998,0.998,0.998,0.29616391668413145,0.28788472264267784,0.08483128887897698,0.5369743673904258,Supported and practically material,69,2000,69,69,34,44.0,53,25.0,True,07983cd89d54b10dbd55c982cafe28bcda9328b89396658361fb0b24344727a4
M2_Macro_Oil_vs_M3_Macro_Oil_RegQuality_Score__primary__Oil_Rent_Intensive_Pre2016_ge1pct,Regulatory_Quality_Score_lag1,primary,Inward_FDI_Net_Flow_asinh,Oil_Rent_Intensive_Pre2016_ge1pct,Country_Holdout_CV,OOF_ALL_FOLDS,RandomForest,1391,69,2985981845,added_model_vs_strongest_benchmark,Lagged_Flow,M3_Macro_Oil_RegQuality_Score,2000,0.23090756616134345,0.23158411070737583,0.23682243111446677,0.06968174166656903,0.4240599839643469,0.0006765445460323871,0.0006765445460323871,0.9985,0.9985,0.9985,0.9975,0.37379738744417845,0.3679194093716289,0.1714184125210233,0.5863523029064033,Supported and practically material,69,2000,69,69,34,44.0,53,25.0,True,07983cd89d54b10dbd55c982cafe28bcda9328b89396658361fb0b24344727a4
M2_Macro_Oil_vs_M3_Macro_Oil_RegQuality_Score__primary__Oil_Rent_Intensive_Pre2016_ge1pct,Regulatory_Quality_Score_lag1,primary,Inward_FDI_Net_Flow_asinh,Oil_Rent_Intensive_Pre2016_ge1pct,Country_Holdout_CV,OOF_ALL_FOLDS,Ridge,1391,69,2985981845,added_model_vs_strongest_benchmark,Lagged_Flow,M3_Macro_Oil_RegQuality_Score,2000,0.20744561360051006,0.21311071707971352,0.2141502982102725,0.06824723334882017,0.37245544412499154,0.005665103479203459,0.005665103479203459,0.998,0.998,0.998,0.998,0.29573662940902445,0.2872568761247142,0.08451205362823175,0.5361097472267558,Supported and practically material,69,2000,69,69,34,44.0,53,25.0,True,07983cd89d54b10dbd55c982cafe28bcda9328b89396658361fb0b24344727a4
M2_Macro_Oil_vs_M3_Macro_Oil_RegQuality_Score__primary__Oil_Rent_Intensive_Pre2016_ge1pct,Regulatory_Quality_Score_lag1,primary,Inward_FDI_Net_Flow_asinh,Oil_Rent_Intensive_Pre2016_ge1pct,Future_Period,train_to_2012__test_from_2013,ElasticNet,628,68,335614021,added_model_vs_strongest_benchmark,Lagged_Flow,M3_Macro_Oil_RegQuality_Score,2000,0.1981425399912884,0.20220003914613022,0.209264207183175,0.0023792721827684653,0.46065108368351065,0.004057499154841826,0.004057499154841826,0.977,0.9745,0.974,0.968,0.12120021909250722,0.10519917894940767,-0.21168383293784804,0.5096385495026762,Supported and practically material,68,2000,68,68,35,43.0,53,25.0,True,9a87155a26923b5352697f5cb044040b83bc6cc5788effffb00ae7b829c10e4b
M2_Macro_Oil_vs_M3_Macro_Oil_RegQuality_Score__primary__Oil_Rent_Intensive_Pre2016_ge1pct,Regulatory_Quality_Score_lag1,primary,Inward_FDI_Net_Flow_asinh,Oil_Rent_Intensive_Pre2016_ge1pct,Future_Period,train_to_2012__test_from_2013,RandomForest,628,68,335614021,added_model_vs_strongest_benchmark,Lagged_Flow,M3_Macro_Oil_RegQuality_Score,2000,0.19076239287149088,0.1932791274302883,0.20258504767989008,-0.046374711691649764,0.5115661360562989,0.0025167345587974177,0.0025167345587974177,0.9415,0.937,0.934,0.9275,0.07846733853516685,0.06891257677681306,-0.3218523420732924,0.520555156707954,Directionally positive but marginal,68,2000,68,68,35,43.0,53,25.0,True,9a87155a26923b5352697f5cb044040b83bc6cc5788effffb00ae7b829c10e4b
M2_Macro_Oil_vs_M3_Macro_Oil_RegQuality_Score__primary__Oil_Rent_Intensive_Pre2016_ge1pct,Regulatory_Quality_Score_lag1,primary,Inward_FDI_Net_Flow_asinh,Oil_Rent_Intensive_Pre2016_ge1pct,Future_Period,train_to_2012__test_from_2013,Ridge,628,68,335614021,added_model_vs_strongest_benchmark,Lagged_Flow,M3_Macro_Oil_RegQuality_Score,2000,0.19776761912831486,0.20163471693317458,0.20883862063413033,0.0027522948190341406,0.4591029613756828,0.0038670978048597204,0.0038670978048597204,0.977,0.975,0.974,0.968,0.12059494739857834,0.10440989971472903,-0.21174313453975882,0.5074324526101243,Supported and practically material,68,2000,68,68,35,43.0,53,25.0,True,9a87155a26923b5352697f5cb044040b83bc6cc5788effffb00ae7b829c10e4b
M2_Macro_Oil_vs_M3_Macro_Oil_RegQuality_Score__primary__Oil_Rent_Intensive_Pre2016_ge1pct,Regulatory_Quality_Score_lag1,primary,Inward_FDI_Net_Flow_asinh,Oil_Rent_Intensive_Pre2016_ge1pct,Future_Period,train_to_2014__test_from_2015,ElasticNet,497,68,1077112231,added_model_vs_strongest_benchmark,Lagged_Flow,M3_Macro_Oil_RegQuality_Score,2000,0.16629115389232518,0.17326651166129298,0.18097515420491533,-0.030225900229472906,0.4551353776711628,0.006975357768967794,0.006975357768967794,0.9445,0.942,0.9405,0.9295,0.17696232487430086,0.15636080927000617,-0.22435533104930727,0.6402410651667672,Directionally positive but marginal,68,2000,68,68,34,43.0,52,25.0,True,9da0aecb7b45c778a2daf2c8cf0696faaa95d34cd44bfb98fd8c67c199c7e242
M2_Macro_Oil_vs_M3_Macro_Oil_RegQuality_Score__primary__Oil_Rent_Intensive_Pre2016_ge1pct,Regulatory_Quality_Score_lag1,primary,Inward_FDI_Net_Flow_asinh,Oil_Rent_Intensive_Pre2016_ge1pct,Future_Period,train_to_2014__test_from_2015,RandomForest,497,68,1077112231,added_model_vs_strongest_benchmark,Lagged_Flow,M3_Macro_Oil_RegQuality_Score,2000,0.22502509556157424,0.22678902955491143,0.2380192400393177,0.02499387904010988,0.5435641438568298,0.0017639339933371856,0.0017639339933371856,0.9885,0.987,0.9855,0.9835,0.04897791997234924,0.04207645916688474,-0.36943528012839316,0.4512096579244011,Supported and practically material,68,2000,68,68,34,43.0,52,25.0,True,9da0aecb7b45c778a2daf2c8cf0696faaa95d34cd44bfb98fd8c67c199c7e242
M2_Macro_Oil_vs_M3_Macro_Oil_RegQuality_Score__primary__Oil_Rent_Intensive_Pre2016_ge1pct,Regulatory_Quality_Score_lag1,primary,Inward_FDI_Net_Flow_asinh,Oil_Rent_Intensive_Pre2016_ge1pct,Future_Period,train_to_2014__test_from_2015,Ridge,497,68,1077112231,added_model_vs_strongest_benchmark,Lagged_Flow,M3_Macro_Oil_RegQuality_Score,2000,0.16645442143109002,0.17342951154784592,0.18108064745667776,-0.029393952298660892,0.4542262508223025,0.0069750901167559,0.0069750901167559,0.946,0.9425,0.941,0.932,0.17505742643582467,0.15419117962324103,-0.22446638917711273,0.6378742465836421,Directionally positive but marginal,68,2000,68,68,34,43.0,52,25.0,True,9da0aecb7b45c778a2daf2c8cf0696faaa95d34cd44bfb98fd8c67c199c7e242
M2_Macro_Oil_vs_M3_Macro_Oil_RegQuality_Score__primary__Oil_Rent_Intensive_Pre2016_ge1pct,Regulatory_Quality_Score_lag1,primary,Inward_FDI_Net_Flow_asinh,Oil_Rent_Intensive_Pre2016_ge1pct,Future_Period,train_to_2015__test_from_2016,ElasticNet,432,66,3688939853,added_model_vs_strongest_benchmark,Lagged_Flow,M3_Macro_Oil_RegQuality_Score,2000,0.17797019525796876,0.1825068287090627,0.19440776645437427,-0.02002255862059775,0.47356426331474455,0.004536633451093952,0.004536633451093952,0.956,0.9545,0.952,0.947,0.1972577932095918,0.1832705894525708,-0.2164177030918607,0.6341766524511848,Directionally positive but marginal,66,2000,66,66,33,42.0,52,24.0,True,f1edd5037665bdcbd08ae2821ad321bb6cca27ab35da31fc4faefd1876b3eb1c
M2_Macro_Oil_vs_M3_Macro_Oil_RegQuality_Score__primary__Oil_Rent_Intensive_Pre2016_ge1pct,Regulatory_Quality_Score_lag1,primary,Inward_FDI_Net_Flow_asinh,Oil_Rent_Intensive_Pre2016_ge1pct,Future_Period,train_to_2015__test_from_2016,RandomForest,432,66,3688939853,added_model_vs_strongest_benchmark,Lagged_Flow,M3_Macro_Oil_RegQuality_Score,2000,0.24115225053981815,0.23853011552647524,0.25268562628625485,0.05770239886600812,0.5201957556720693,-0.0026221350133429078,0.0026221350133429078,0.9985,0.9985,0.9985,0.998,0.05974323517847102,0.06238909324681474,-0.34636694680383245,0.40647392278081484,Supported and practically material,66,2000,66,66,33,42.0,52,24.0,True,f1edd5037665bdcbd08ae2821ad321bb6cca27ab35da31fc4faefd1876b3eb1c
M2_Macro_Oil_vs_M3_Macro_Oil_RegQuality_Score__primary__Oil_Rent_Intensive_Pre2016_ge1pct,Regulatory_Quality_Score_lag1,primary,Inward_FDI_Net_Flow_asinh,Oil_Rent_Intensive_Pre2016_ge1pct,Future_Period,train_to_2015__test_from_2016,Ridge,432,66,3688939853,added_model_vs_strongest_benchmark,Lagged_Flow,M3_Macro_Oil_RegQuality_Score,2000,0.17782352435985016,0.18223581435759384,0.1941956287728643,-0.019559059322879817,0.47256831431941704,0.004412289997743679,0.004412289997743679,0.9575,0.9545,0.952,0.947,0.19541923808788697,0.18133669002559982,-0.21645932440736185,0.6311550720702733,Directionally positive but marginal,66,2000,66,66,33,42.0,52,24.0,True,f1edd5037665bdcbd08ae2821ad321bb6cca27ab35da31fc4faefd1876b3eb1c
M2_Macro_Oil_vs_M3_Macro_Oil_RegQuality_Score__primary__Oil_Rent_Intensive_Pre2016_ge1pct,Regulatory_Quality_Score_lag1,primary,Inward_FDI_Net_Flow_asinh,Oil_Rent_Intensive_Pre2016_ge1pct,Future_Period,train_to_2016__test_from_2017,ElasticNet,368,65,3899291952,added_model_vs_strongest_benchmark,Lagged_Flow,M3_Macro_Oil_RegQuality_Score,2000,0.14684131804742495,0.1464075774800716,0.16017274422643177,-0.08048140455732937,0.4737283523998329,-0.00043374056735334676,0.00043374056735334676,0.883,0.8775,0.873,0.861,0.32545245831239034,0.314567930053111,-0.12236044935759224,0.8571450057998512,Directionally positive but marginal,65,2000,65,65,32,41.0,49,24.0,True,b3c9cd30abdf4f93a1a86fe4fc2bb88a6916a6a285c3a3f1714921510a5044f7
M2_Macro_Oil_vs_M3_Macro_Oil_RegQuality_Score__primary__Oil_Rent_Intensive_Pre2016_ge1pct,Regulatory_Quality_Score_lag1,primary,Inward_FDI_Net_Flow_asinh,Oil_Rent_Intensive_Pre2016_ge1pct,Future_Period,train_to_2016__test_from_2017,RandomForest,368,65,3899291952,added_model_vs_strongest_benchmark,Lagged_Flow,M3_Macro_Oil_RegQuality_Score,2000,0.17575856604671447,0.16891615966824597,0.1870353886726962,-0.07812330280399042,0.554316798978673,-0.006842406378468502,0.006842406378468502,0.8945,0.8885,0.887,0.878,0.23986733337179245,0.24068784533974696,-0.30910752386764356,0.7597476813800815,Directionally positive but marginal,65,2000,65,65,32,41.0,49,24.0,True,b3c9cd30abdf4f93a1a86fe4fc2bb88a6916a6a285c3a3f1714921510a5044f7
M2_Macro_Oil_vs_M3_Macro_Oil_RegQuality_Score__primary__Oil_Rent_Intensive_Pre2016_ge1pct,Regulatory_Quality_Score_lag1,primary,Inward_FDI_Net_Flow_asinh,Oil_Rent_Intensive_Pre2016_ge1pct,Future_Period,train_to_2016__test_from_2017,Ridge,368,65,3899291952,added_model_vs_strongest_benchmark,Lagged_Flow,M3_Macro_Oil_RegQuality_Score,2000,0.14763820937988348,0.14709983177353447,0.16091166016348724,-0.07901454638694118,0.4733502477784412,-0.0005383776063490053,0.0005383776063490053,0.8845,0.8805,0.8755,0.8645,0.32355329704544666,0.31335490389445986,-0.12213832103133751,0.8533850575176808,Directionally positive but marginal,65,2000,65,65,32,41.0,49,24.0,True,b3c9cd30abdf4f93a1a86fe4fc2bb88a6916a6a285c3a3f1714921510a5044f7
M2_Macro_Oil_vs_M3_Macro_Oil_RegQuality_Score__primary__Oil_Rent_Intensive_Pre2016_ge1pct,Regulatory_Quality_Score_lag1,primary,Inward_FDI_Net_Flow_asinh,Oil_Rent_Intensive_Pre2016_ge1pct,Future_Period,train_to_2018__test_from_2019,ElasticNet,244,63,3473014058,added_model_vs_strongest_benchmark,Lagged_Flow,M3_Macro_Oil_RegQuality_Score,2000,0.1855154726121595,0.18317911329096592,0.19640936812487586,-0.021929931279342618,0.4769034726699521,-0.002336359321193582,0.002336359321193582,0.9535,0.95,0.9475,0.9435,0.2693119591433071,0.26084632901614047,-0.17376779474875761,0.7839106554373853,Directionally positive but marginal,63,2000,63,63,31,40.0,49,23.0,True,12921702d85927ee5968c4a24619501eb6a22fdc40bbe63be75267163d538f2a
M2_Macro_Oil_vs_M3_Macro_Oil_RegQuality_Score__primary__Oil_Rent_Intensive_Pre2016_ge1pct,Regulatory_Quality_Score_lag1,primary,Inward_FDI_Net_Flow_asinh,Oil_Rent_Intensive_Pre2016_ge1pct,Future_Period,train_to_2018__test_from_2019,RandomForest,244,63,3473014058,added_model_vs_strongest_benchmark,Lagged_Flow,M3_Macro_Oil_RegQuality_Score,2000,0.2208508544249419,0.21516958175907652,0.2300467173549237,-0.013413497351056904,0.5683490142829855,-0.005681272665865378,0.005681272665865378,0.96,0.958,0.956,0.9535,0.13526659725276158,0.1492874559483155,-0.3809723578770099,0.639422151430429,Directionally positive but marginal,63,2000,63,63,31,40.0,49,23.0,True,12921702d85927ee5968c4a24619501eb6a22fdc40bbe63be75267163d538f2a
M2_Macro_Oil_vs_M3_Macro_Oil_RegQuality_Score__primary__Oil_Rent_Intensive_Pre2016_ge1pct,Regulatory_Quality_Score_lag1,primary,Inward_FDI_Net_Flow_asinh,Oil_Rent_Intensive_Pre2016_ge1pct,Future_Period,train_to_2018__test_from_2019,Ridge,244,63,3473014058,added_model_vs_strongest_benchmark,Lagged_Flow,M3_Macro_Oil_RegQuality_Score,2000,0.18619669317922094,0.18384284736948442,0.19702986393344735,-0.020107178947551364,0.47587410933085,-0.002353845809736521,0.002353845809736521,0.956,0.952,0.9495,0.945,0.2681115562634999,0.25918080339017613,-0.1735299617381761,0.7791256289159081,Directionally positive but marginal,63,2000,63,63,31,40.0,49,23.0,True,12921702d85927ee5968c4a24619501eb6a22fdc40bbe63be75267163d538f2a
M2_Macro_Oil_vs_M3_Macro_Oil_RegQuality_Score__primary__Oil_Rent_Intensive_Pre2016_ge5pct,Regulatory_Quality_Score_lag1,primary,Inward_FDI_Net_Flow_asinh,Oil_Rent_Intensive_Pre2016_ge5pct,Country_Holdout_CV,OOF_ALL_FOLDS,ElasticNet,893,45,698243256,added_model_vs_strongest_benchmark,Lagged_Flow,M3_Macro_Oil_RegQuality_Score,2000,0.14151532649924903,0.14261829915425722,0.1456005856119887,0.03159987251579768,0.27541490314194506,0.0011029726550081942,0.0011029726550081942,0.9935,0.992,0.991,0.988,0.448982672979519,0.4449165964031385,0.21943513067761775,0.7049060009803577,Supported and practically material,45,2000,45,45,22,29.0,35,16.0,True,63aa2f8c5a10daf6bb7da2431b714923f005f0afd7593f30bc85091901869ec4
M2_Macro_Oil_vs_M3_Macro_Oil_RegQuality_Score__primary__Oil_Rent_Intensive_Pre2016_ge5pct,Regulatory_Quality_Score_lag1,primary,Inward_FDI_Net_Flow_asinh,Oil_Rent_Intensive_Pre2016_ge5pct,Country_Holdout_CV,OOF_ALL_FOLDS,RandomForest,893,45,698243256,added_model_vs_strongest_benchmark,Lagged_Flow,M3_Macro_Oil_RegQuality_Score,2000,0.08683603645339388,0.0903677602819048,0.08986835144367597,-0.06898697923095395,0.25145735052202933,0.003531723828510913,0.003531723828510913,0.8595,0.8535,0.846,0.8325,0.6822227403959389,0.6659519512168275,0.30974518657080524,1.070170972096225,Directionally positive but marginal,45,2000,45,45,22,29.0,35,16.0,True,63aa2f8c5a10daf6bb7da2431b714923f005f0afd7593f30bc85091901869ec4
M2_Macro_Oil_vs_M3_Macro_Oil_RegQuality_Score__primary__Oil_Rent_Intensive_Pre2016_ge5pct,Regulatory_Quality_Score_lag1,primary,Inward_FDI_Net_Flow_asinh,Oil_Rent_Intensive_Pre2016_ge5pct,Country_Holdout_CV,OOF_ALL_FOLDS,Ridge,893,45,698243256,added_model_vs_strongest_benchmark,Lagged_Flow,M3_Macro_Oil_RegQuality_Score,2000,0.14083630584984774,0.14167410328691066,0.14488833385046793,0.03176826687623648,0.2734115154710466,0.0008377974370629149,0.0008377974370629149,0.9935,0.9925,0.991,0.988,0.4482840352025692,0.44427581648915515,0.21707453576315916,0.705829675643797,Supported and practically material,45,2000,45,45,22,29.0,35,16.0,True,63aa2f8c5a10daf6bb7da2431b714923f005f0afd7593f30bc85091901869ec4
M2_Macro_Oil_vs_M3_Macro_Oil_RegQuality_Score__primary__Oil_Rent_Intensive_Pre2016_ge5pct,Regulatory_Quality_Score_lag1,primary,Inward_FDI_Net_Flow_asinh,Oil_Rent_Intensive_Pre2016_ge5pct,Future_Period,train_to_2012__test_from_2013,ElasticNet,406,44,555302807,added_model_vs_strongest_benchmark,Lagged_Flow,M3_Macro_Oil_RegQuality_Score,2000,0.15177576176552698,0.15481705969959436,0.16245304132847427,-0.005776214866139558,0.3613664159408191,0.0030412979340673774,0.0030412979340673774,0.9685,0.966,0.9625,0.958,0.17011829576179593,0.1511940687100699,-0.22225198108515598,0.6434914500760889,Directionally positive but marginal,44,2000,44,44,21,28.0,34,16.0,True,19232fa958bfa554351e73e12ec83320b49ae93c83042f5962136ec68c4bbf74
M2_Macro_Oil_vs_M3_Macro_Oil_RegQuality_Score__primary__Oil_Rent_Intensive_Pre2016_ge5pct,Regulatory_Quality_Score_lag1,primary,Inward_FDI_Net_Flow_asinh,Oil_Rent_Intensive_Pre2016_ge5pct,Future_Period,train_to_2012__test_from_2013,RandomForest,406,44,555302807,added_model_vs_strongest_benchmark,Lagged_Flow,M3_Macro_Oil_RegQuality_Score,2000,0.1315499406250309,0.14365876863734323,0.14610683001921757,-0.10146116314280745,0.4113107322703876,0.012108828012312334,0.012108828012312334,0.8565,0.8555,0.8525,0.846,0.18336587719383246,0.1506468392345266,-0.32515137519662957,0.8280024079927506,Directionally positive but marginal,44,2000,44,44,21,28.0,34,16.0,True,19232fa958bfa554351e73e12ec83320b49ae93c83042f5962136ec68c4bbf74
M2_Macro_Oil_vs_M3_Macro_Oil_RegQuality_Score__primary__Oil_Rent_Intensive_Pre2016_ge5pct,Regulatory_Quality_Score_lag1,primary,Inward_FDI_Net_Flow_asinh,Oil_Rent_Intensive_Pre2016_ge5pct,Future_Period,train_to_2012__test_from_2013,Ridge,406,44,555302807,added_model_vs_strongest_benchmark,Lagged_Flow,M3_Macro_Oil_RegQuality_Score,2000,0.15174422166744173,0.1546000506407868,0.1623518134412014,-0.00509960044577616,0.36020531416370444,0.002855828973345076,0.002855828973345076,0.969,0.967,0.9625,0.9595,0.16993916232762052,0.15095141868645534,-0.2189910808926966,0.640732872928514,Directionally positive but marginal,44,2000,44,44,21,28.0,34,16.0,True,19232fa958bfa554351e73e12ec83320b49ae93c83042f5962136ec68c4bbf74
M2_Macro_Oil_vs_M3_Macro_Oil_RegQuality_Score__primary__Oil_Rent_Intensive_Pre2016_ge5pct,Regulatory_Quality_Score_lag1,primary,Inward_FDI_Net_Flow_asinh,Oil_Rent_Intensive_Pre2016_ge5pct,Future_Period,train_to_2014__test_from_2015,ElasticNet,321,44,335788807,added_model_vs_strongest_benchmark,Lagged_Flow,M3_Macro_Oil_RegQuality_Score,2000,0.13488867783545377,0.13819235135878338,0.14717364014490136,-0.03348123592529631,0.37336700046305465,0.003303673523329609,0.003303673523329609,0.9315,0.926,0.9225,0.9115,0.24822975541959913,0.22279299719050916,-0.1966691620947821,0.7864589677274861,Directionally positive but marginal,44,2000,44,44,22,28.0,34,16.0,True,b9fefb556e73a9d55d8508f82cd302d387621a0555a548e2c953beb2c0959f2b
M2_Macro_Oil_vs_M3_Macro_Oil_RegQuality_Score__primary__Oil_Rent_Intensive_Pre2016_ge5pct,Regulatory_Quality_Score_lag1,primary,Inward_FDI_Net_Flow_asinh,Oil_Rent_Intensive_Pre2016_ge5pct,Future_Period,train_to_2014__test_from_2015,RandomForest,321,44,335788807,added_model_vs_strongest_benchmark,Lagged_Flow,M3_Macro_Oil_RegQuality_Score,2000,0.15759696692094038,0.156154247599623,0.1689051921469233,-0.029399123893219404,0.4385271637784888,-0.0014427193213173983,0.0014427193213173983,0.9345,0.9325,0.929,0.92,0.2410931943371919,0.23208622238547105,-0.2680834662831536,0.7574255060381597,Directionally positive but marginal,44,2000,44,44,22,28.0,34,16.0,True,b9fefb556e73a9d55d8508f82cd302d387621a0555a548e2c953beb2c0959f2b
M2_Macro_Oil_vs_M3_Macro_Oil_RegQuality_Score__primary__Oil_Rent_Intensive_Pre2016_ge5pct,Regulatory_Quality_Score_lag1,primary,Inward_FDI_Net_Flow_asinh,Oil_Rent_Intensive_Pre2016_ge5pct,Future_Period,train_to_2014__test_from_2015,Ridge,321,44,335788807,added_model_vs_strongest_benchmark,Lagged_Flow,M3_Macro_Oil_RegQuality_Score,2000,0.13514032124989317,0.13840308593346462,0.1473476693550557,-0.03225657693751592,0.3723595331672101,0.0032627646835714508,0.0032627646835714508,0.933,0.93,0.9235,0.914,0.24618802651074434,0.22116113692328399,-0.19790245163957554,0.7815459459205969,Directionally positive but marginal,44,2000,44,44,22,28.0,34,16.0,True,b9fefb556e73a9d55d8508f82cd302d387621a0555a548e2c953beb2c0959f2b
M2_Macro_Oil_vs_M3_Macro_Oil_RegQuality_Score__primary__Oil_Rent_Intensive_Pre2016_ge5pct,Regulatory_Quality_Score_lag1,primary,Inward_FDI_Net_Flow_asinh,Oil_Rent_Intensive_Pre2016_ge5pct,Future_Period,train_to_2015__test_from_2016,ElasticNet,279,42,2704330661,added_model_vs_strongest_benchmark,Lagged_Flow,M3_Macro_Oil_RegQuality_Score,2000,0.13836236341982777,0.13711633154249936,0.15183672963103725,-0.039623533796052185,0.4064640968671679,-0.001246031877328413,0.001246031877328413,0.9275,0.92,0.915,0.9095,0.264802139868324,0.24671823352453193,-0.23249943173834356,0.835743136295072,Directionally positive but marginal,42,2000,42,42,20,27.0,33,15.0,True,eac0250fa86c58384373c09fd08c994a510b54be7ce0a08837ab783e642f9106
M2_Macro_Oil_vs_M3_Macro_Oil_RegQuality_Score__primary__Oil_Rent_Intensive_Pre2016_ge5pct,Regulatory_Quality_Score_lag1,primary,Inward_FDI_Net_Flow_asinh,Oil_Rent_Intensive_Pre2016_ge5pct,Future_Period,train_to_2015__test_from_2016,RandomForest,279,42,2704330661,added_model_vs_strongest_benchmark,Lagged_Flow,M3_Macro_Oil_RegQuality_Score,2000,0.2041835145859432,0.19855084769382808,0.2156477509478492,0.019634702809105523,0.4929249907165388,-0.005632666892115112,0.005632666892115112,0.9905,0.989,0.9875,0.985,0.12429914556859467,0.12254261988394899,-0.34887891470901977,0.5881823314916212,Supported and practically material,42,2000,42,42,20,27.0,33,15.0,True,eac0250fa86c58384373c09fd08c994a510b54be7ce0a08837ab783e642f9106
M2_Macro_Oil_vs_M3_Macro_Oil_RegQuality_Score__primary__Oil_Rent_Intensive_Pre2016_ge5pct,Regulatory_Quality_Score_lag1,primary,Inward_FDI_Net_Flow_asinh,Oil_Rent_Intensive_Pre2016_ge5pct,Future_Period,train_to_2015__test_from_2016,Ridge,279,42,2704330661,added_model_vs_strongest_benchmark,Lagged_Flow,M3_Macro_Oil_RegQuality_Score,2000,0.13859900748970055,0.13704020110097825,0.15200487756590617,-0.03851081116937523,0.40534799062443516,-0.0015588063887223003,0.0015588063887223003,0.9305,0.9235,0.9175,0.9115,0.2620885536330575,0.244887779479956,-0.23240611081966248,0.8300450225035816,Directionally positive but marginal,42,2000,42,42,20,27.0,33,15.0,True,eac0250fa86c58384373c09fd08c994a510b54be7ce0a08837ab783e642f9106
M2_Macro_Oil_vs_M3_Macro_Oil_RegQuality_Score__primary__Oil_Rent_Intensive_Pre2016_ge5pct,Regulatory_Quality_Score_lag1,primary,Inward_FDI_Net_Flow_asinh,Oil_Rent_Intensive_Pre2016_ge5pct,Future_Period,train_to_2016__test_from_2017,ElasticNet,238,41,658243806,added_model_vs_strongest_benchmark,Lagged_Flow,M3_Macro_Oil_RegQuality_Score,2000,0.12587261251935355,0.12199159871726184,0.13868888511397098,-0.06946268702388927,0.42886038996295817,-0.003881013802091715,0.003881013802091715,0.873,0.8645,0.859,0.847,0.39837444493943286,0.38533455258873883,-0.15934436093165183,1.0358483298911798,Directionally positive but marginal,41,2000,41,41,20,26.0,34,15.0,True,6fa79d4c8344601854858b758fb282cdd753f440fd12a4142423a4277a0c3117
M2_Macro_Oil_vs_M3_Macro_Oil_RegQuality_Score__primary__Oil_Rent_Intensive_Pre2016_ge5pct,Regulatory_Quality_Score_lag1,primary,Inward_FDI_Net_Flow_asinh,Oil_Rent_Intensive_Pre2016_ge5pct,Future_Period,train_to_2016__test_from_2017,RandomForest,238,41,658243806,added_model_vs_strongest_benchmark,Lagged_Flow,M3_Macro_Oil_RegQuality_Score,2000,0.19104261666468725,0.1805613705592286,0.20264169026396803,-0.02047381569516434,0.5599607671324802,-0.010481246105458641,0.010481246105458641,0.953,0.9505,0.9445,0.934,0.20422936276530157,0.2036049550143264,-0.3782097499938192,0.7377723974100504,Directionally positive but marginal,41,2000,41,41,20,26.0,34,15.0,True,6fa79d4c8344601854858b758fb282cdd753f440fd12a4142423a4277a0c3117
M2_Macro_Oil_vs_M3_Macro_Oil_RegQuality_Score__primary__Oil_Rent_Intensive_Pre2016_ge5pct,Regulatory_Quality_Score_lag1,primary,Inward_FDI_Net_Flow_asinh,Oil_Rent_Intensive_Pre2016_ge5pct,Future_Period,train_to_2016__test_from_2017,Ridge,238,41,658243806,added_model_vs_strongest_benchmark,Lagged_Flow,M3_Macro_Oil_RegQuality_Score,2000,0.1264174385734813,0.12238557441309078,0.1391606968813851,-0.06802114813296727,0.4279691198721791,-0.00403186416039053,0.00403186416039053,0.8735,0.868,0.8615,0.8495,0.3956784734411354,0.3824448614291269,-0.15994735330956183,1.0295808496280616,Directionally positive but marginal,41,2000,41,41,20,26.0,34,15.0,True,6fa79d4c8344601854858b758fb282cdd753f440fd12a4142423a4277a0c3117
M2_Macro_Oil_vs_M3_Macro_Oil_RegQuality_Score__primary__Oil_Rent_Intensive_Pre2016_ge5pct,Regulatory_Quality_Score_lag1,primary,Inward_FDI_Net_Flow_asinh,Oil_Rent_Intensive_Pre2016_ge5pct,Future_Period,train_to_2018__test_from_2019,ElasticNet,158,41,1705581643,added_model_vs_strongest_benchmark,Lagged_Flow,M3_Macro_Oil_RegQuality_Score,2000,0.16756481736980855,0.17111242881941013,0.18644649043143993,-0.012840232496036458,0.478480266396645,0.0035476114496015843,0.0035476114496015843,0.961,0.96,0.9575,0.9505,0.35591922487328986,0.3316342605046334,-0.2330889958698021,0.9575000120062022,Directionally positive but marginal,41,2000,41,41,19,26.0,33,15.0,True,90954559469f1eed5dbf110978f130ff90005911d3316fa7e9af4568e5efbc4d
M2_Macro_Oil_vs_M3_Macro_Oil_RegQuality_Score__primary__Oil_Rent_Intensive_Pre2016_ge5pct,Regulatory_Quality_Score_lag1,primary,Inward_FDI_Net_Flow_asinh,Oil_Rent_Intensive_Pre2016_ge5pct,Future_Period,train_to_2018__test_from_2019,RandomForest,158,41,1705581643,added_model_vs_strongest_benchmark,Lagged_Flow,M3_Macro_Oil_RegQuality_Score,2000,0.2207786898284314,0.21855208525678288,0.2409938801949622,0.0006891048678539768,0.6033696362371215,-0.002226604571648527,0.002226604571648527,0.9755,0.9725,0.971,0.968,0.16564272171436034,0.17292226610851502,-0.4497754258884419,0.7058498807937508,Supported and practically material,41,2000,41,41,19,26.0,33,15.0,True,90954559469f1eed5dbf110978f130ff90005911d3316fa7e9af4568e5efbc4d
M2_Macro_Oil_vs_M3_Macro_Oil_RegQuality_Score__primary__Oil_Rent_Intensive_Pre2016_ge5pct,Regulatory_Quality_Score_lag1,primary,Inward_FDI_Net_Flow_asinh,Oil_Rent_Intensive_Pre2016_ge5pct,Future_Period,train_to_2018__test_from_2019,Ridge,158,41,1705581643,added_model_vs_strongest_benchmark,Lagged_Flow,M3_Macro_Oil_RegQuality_Score,2000,0.16785036182629698,0.17127371149966458,0.18662304611737118,-0.011490789441912615,0.47640268450926965,0.003423349673367604,0.003423349673367604,0.963,0.9605,0.958,0.9505,0.35468730782629265,0.3311758873180417,-0.2298728503660232,0.9526895233240033,Directionally positive but marginal,41,2000,41,41,19,26.0,33,15.0,True,90954559469f1eed5dbf110978f130ff90005911d3316fa7e9af4568e5efbc4d
M2_Macro_Oil_vs_M3_Macro_Oil_RegQuality_Score__raw_ratio_stress__All_Eligible,Regulatory_Quality_Score_lag1,raw_ratio_stress,Inward_FDI_Net_Flow_GDP_Pct,All_Eligible,Country_Holdout_CV,OOF_ALL_FOLDS,ElasticNet,3828,184,4022318589,added_model_vs_strongest_benchmark,Lagged_Flow,M3_Macro_Oil_RegQuality_Score,2000,0.12242069658656263,0.1209088825248405,0.1354790461209627,0.04691825783961423,0.2903519525776396,-0.0015118140617221276,0.0015118140617221276,0.996,0.9955,0.995,0.994,0.5549033203430058,0.5540856847015889,0.2570817842733107,0.8656250563281859,Supported and practically material,184,2000,184,184,101,117.0,133,67.0,True,eb38d927d23e85a2829d0fcfd56a774dd7e4459a1b810fd24ba12fcfa32e775e
M2_Macro_Oil_vs_M3_Macro_Oil_RegQuality_Score__raw_ratio_stress__All_Eligible,Regulatory_Quality_Score_lag1,raw_ratio_stress,Inward_FDI_Net_Flow_GDP_Pct,All_Eligible,Country_Holdout_CV,OOF_ALL_FOLDS,RandomForest,3828,184,4022318589,added_model_vs_strongest_benchmark,Lagged_Flow,M3_Macro_Oil_RegQuality_Score,2000,-0.017158888859279187,-0.01575082863863586,-0.10624393082098534,-0.8260446413545067,0.05624521425900749,0.0014080602206433257,0.0014080602206433257,0.411,0.4005,0.388,0.3495,0.860213473509722,0.8081718129594755,0.027230835457447956,2.2997500592534394,Setup-dependent,184,2000,184,184,101,117.0,133,67.0,True,eb38d927d23e85a2829d0fcfd56a774dd7e4459a1b810fd24ba12fcfa32e775e
M2_Macro_Oil_vs_M3_Macro_Oil_RegQuality_Score__raw_ratio_stress__All_Eligible,Regulatory_Quality_Score_lag1,raw_ratio_stress,Inward_FDI_Net_Flow_GDP_Pct,All_Eligible,Country_Holdout_CV,OOF_ALL_FOLDS,Ridge,3828,184,4022318589,added_model_vs_strongest_benchmark,Lagged_Flow,M3_Macro_Oil_RegQuality_Score,2000,0.12261424687155664,0.12105267730219521,0.1352928719292325,0.04714171079555902,0.2882924698589333,-0.0015615695693614318,0.0015615695693614318,0.9955,0.995,0.995,0.9935,0.5624174247715725,0.5626546231005096,0.2628486911122826,0.8742086278644675,Supported and practically material,184,2000,184,184,101,117.0,133,67.0,True,eb38d927d23e85a2829d0fcfd56a774dd7e4459a1b810fd24ba12fcfa32e775e
M2_Macro_Oil_vs_M3_Macro_Oil_RegQuality_Score__raw_ratio_stress__All_Eligible,Regulatory_Quality_Score_lag1,raw_ratio_stress,Inward_FDI_Net_Flow_GDP_Pct,All_Eligible,Future_Period,train_to_2012__test_from_2013,ElasticNet,1760,183,10699793,added_model_vs_strongest_benchmark,Lagged_Flow,M3_Macro_Oil_RegQuality_Score,2000,0.09995416823052694,0.0995355576459157,0.1082653530104198,0.06728205680970312,0.20088566830551172,-0.00041861058461123424,0.00041861058461123424,1.0,1.0,1.0,1.0,-0.01546840700519514,-0.011614661109723201,-0.21377154631078032,0.16452143105882872,Supported and practically material,183,2000,183,183,104,116.0,129,67.0,True,43285fce3c7acc6f1f14bd14d4d5bda601bf16c7c1274128a8e0910a9fe730f0
M2_Macro_Oil_vs_M3_Macro_Oil_RegQuality_Score__raw_ratio_stress__All_Eligible,Regulatory_Quality_Score_lag1,raw_ratio_stress,Inward_FDI_Net_Flow_GDP_Pct,All_Eligible,Future_Period,train_to_2012__test_from_2013,RandomForest,1760,183,10699793,added_model_vs_strongest_benchmark,Lagged_Flow,M3_Macro_Oil_RegQuality_Score,2000,0.1930323743568929,0.19612249515817853,0.23356411600438104,0.14515725575812138,0.4918565478552096,0.003090120801285623,0.003090120801285623,0.997,0.9965,0.9965,0.9965,-0.39529264249450424,-0.37473194011008415,-1.1139478790215263,0.09000676348248945,Supported and practically material,183,2000,183,183,104,116.0,129,67.0,True,43285fce3c7acc6f1f14bd14d4d5bda601bf16c7c1274128a8e0910a9fe730f0
M2_Macro_Oil_vs_M3_Macro_Oil_RegQuality_Score__raw_ratio_stress__All_Eligible,Regulatory_Quality_Score_lag1,raw_ratio_stress,Inward_FDI_Net_Flow_GDP_Pct,All_Eligible,Future_Period,train_to_2012__test_from_2013,Ridge,1760,183,10699793,added_model_vs_strongest_benchmark,Lagged_Flow,M3_Macro_Oil_RegQuality_Score,2000,0.09753307477198281,0.09713478414247606,0.1055682739166338,0.06582483718142446,0.19548195466229534,-0.0003982906295067479,0.0003982906295067479,1.0,1.0,1.0,1.0,-0.015522754786983839,-0.01190661180538033,-0.208534205956866,0.15892009271400193,Supported and practically material,183,2000,183,183,104,116.0,129,67.0,True,43285fce3c7acc6f1f14bd14d4d5bda601bf16c7c1274128a8e0910a9fe730f0
M2_Macro_Oil_vs_M3_Macro_Oil_RegQuality_Score__raw_ratio_stress__All_Eligible,Regulatory_Quality_Score_lag1,raw_ratio_stress,Inward_FDI_Net_Flow_GDP_Pct,All_Eligible,Future_Period,train_to_2014__test_from_2015,ElasticNet,1401,183,765330065,added_model_vs_strongest_benchmark,Training_Mean,M3_Macro_Oil_RegQuality_Score,2000,-0.15447591150388518,-0.15757347939536814,-0.16913828975883238,-0.6661916808291363,0.3758182821143466,-0.0030975678914829663,0.0030975678914829663,0.125,0.123,0.1205,0.115,-2.300019737623056,-2.333934399103304,-3.51809128426093,-0.9159877112285395,Unsupported,183,2000,183,183,102,116.0,132,67.0,True,454d35843be2a1533d8d646506926500cefb5da5ddbf282aef4c58a0d7981a7f
M2_Macro_Oil_vs_M3_Macro_Oil_RegQuality_Score__raw_ratio_stress__All_Eligible,Regulatory_Quality_Score_lag1,raw_ratio_stress,Inward_FDI_Net_Flow_GDP_Pct,All_Eligible,Future_Period,train_to_2014__test_from_2015,RandomForest,1401,183,765330065,added_model_vs_strongest_benchmark,Training_Mean,M3_Macro_Oil_RegQuality_Score,2000,0.27254945244831164,0.26834959193023794,0.1750322255943296,-0.40702292682237295,0.4254329550078791,-0.004199860518073695,0.004199860518073695,0.802,0.8,0.7995,0.796,-2.9202496834820746,-2.9375501155168133,-4.060613333865008,-1.8021563234210172,Directionally positive but marginal,183,2000,183,183,102,116.0,132,67.0,True,454d35843be2a1533d8d646506926500cefb5da5ddbf282aef4c58a0d7981a7f
M2_Macro_Oil_vs_M3_Macro_Oil_RegQuality_Score__raw_ratio_stress__All_Eligible,Regulatory_Quality_Score_lag1,raw_ratio_stress,Inward_FDI_Net_Flow_GDP_Pct,All_Eligible,Future_Period,train_to_2014__test_from_2015,Ridge,1401,183,765330065,added_model_vs_strongest_benchmark,Training_Mean,M3_Macro_Oil_RegQuality_Score,2000,-0.16135662709406473,-0.16478281850596688,-0.1756222149647599,-0.6737151267526231,0.37239224683323807,-0.0034261914119021464,0.0034261914119021464,0.1195,0.116,0.1135,0.1105,-2.288072820490701,-2.3187687765328966,-3.5078538471613805,-0.899103821053437,Unsupported,183,2000,183,183,102,116.0,132,67.0,True,454d35843be2a1533d8d646506926500cefb5da5ddbf282aef4c58a0d7981a7f
M2_Macro_Oil_vs_M3_Macro_Oil_RegQuality_Score__raw_ratio_stress__All_Eligible,Regulatory_Quality_Score_lag1,raw_ratio_stress,Inward_FDI_Net_Flow_GDP_Pct,All_Eligible,Future_Period,train_to_2015__test_from_2016,ElasticNet,1222,180,4005493251,added_model_vs_strongest_benchmark,Training_Mean,M3_Macro_Oil_RegQuality_Score,2000,-3.653425443646468,-3.267290717059707,-7.593495593201509,-59.52415698875692,0.21342308082054337,0.38613472658676073,0.38613472658676073,0.051,0.051,0.051,0.051,-0.8552395475443948,-1.0401587733378541,-3.350564164074197,3.0290861675944982,Unsupported,180,2000,180,180,99,114.0,130,66.0,True,27982822a3e09438af55787c6ea8d85e59266d00bbda7ad27daa29aba72d82bf
M2_Macro_Oil_vs_M3_Macro_Oil_RegQuality_Score__raw_ratio_stress__All_Eligible,Regulatory_Quality_Score_lag1,raw_ratio_stress,Inward_FDI_Net_Flow_GDP_Pct,All_Eligible,Future_Period,train_to_2015__test_from_2016,RandomForest,1222,180,4005493251,added_model_vs_strongest_benchmark,Training_Mean,M3_Macro_Oil_RegQuality_Score,2000,-0.67352030536535,-0.6801636644770209,-1.103257465808072,-6.409183346054092,0.1591923874083071,-0.00664335911167091,0.00664335911167091,0.084,0.084,0.0835,0.082,-2.432723777175825,-2.491625657598176,-3.718813727854558,-0.6638127747783257,Unsupported,180,2000,180,180,99,114.0,130,66.0,True,27982822a3e09438af55787c6ea8d85e59266d00bbda7ad27daa29aba72d82bf
M2_Macro_Oil_vs_M3_Macro_Oil_RegQuality_Score__raw_ratio_stress__All_Eligible,Regulatory_Quality_Score_lag1,raw_ratio_stress,Inward_FDI_Net_Flow_GDP_Pct,All_Eligible,Future_Period,train_to_2015__test_from_2016,Ridge,1222,180,4005493251,added_model_vs_strongest_benchmark,Training_Mean,M3_Macro_Oil_RegQuality_Score,2000,-3.6937964258032134,-3.3050842452953964,-7.672888620891199,-60.12467017400975,0.20722757602338954,0.3887121805078171,0.3887121805078171,0.051,0.051,0.051,0.0505,-0.8238153966283885,-1.01226227853157,-3.333203051291664,3.0721185078848112,Unsupported,180,2000,180,180,99,114.0,130,66.0,True,27982822a3e09438af55787c6ea8d85e59266d00bbda7ad27daa29aba72d82bf
M2_Macro_Oil_vs_M3_Macro_Oil_RegQuality_Score__raw_ratio_stress__All_Eligible,Regulatory_Quality_Score_lag1,raw_ratio_stress,Inward_FDI_Net_Flow_GDP_Pct,All_Eligible,Future_Period,train_to_2016__test_from_2017,ElasticNet,1045,180,362906425,added_model_vs_strongest_benchmark,Training_Mean,M3_Macro_Oil_RegQuality_Score,2000,0.08505716038291211,0.08451668166189324,0.0715093328214585,-0.28689786359998015,0.5033175530622891,-0.0005404787210188666,0.0005404787210188666,0.6095,0.6035,0.6025,0.6,-2.8238013364531938,-2.7982238169631035,-4.056280985305674,-1.77878867641711,Setup-dependent,180,2000,180,180,99,114.0,128,66.0,True,a638801ba7109803fc6ec66ed523e78e8a133767a00796f47c94a98ae9e4cd8f
M2_Macro_Oil_vs_M3_Macro_Oil_RegQuality_Score__raw_ratio_stress__All_Eligible,Regulatory_Quality_Score_lag1,raw_ratio_stress,Inward_FDI_Net_Flow_GDP_Pct,All_Eligible,Future_Period,train_to_2016__test_from_2017,RandomForest,1045,180,362906425,added_model_vs_strongest_benchmark,Training_Mean,M3_Macro_Oil_RegQuality_Score,2000,0.04029351940456316,0.0352073487535447,0.014567914465724318,-0.3390235727383374,0.4628620937614512,-0.005086170651018462,0.005086170651018462,0.5335,0.532,0.5305,0.5235,-3.30503890255597,-3.2973606883481614,-4.494188400101914,-2.2203597933059487,Setup-dependent,180,2000,180,180,99,114.0,128,66.0,True,a638801ba7109803fc6ec66ed523e78e8a133767a00796f47c94a98ae9e4cd8f
M2_Macro_Oil_vs_M3_Macro_Oil_RegQuality_Score__raw_ratio_stress__All_Eligible,Regulatory_Quality_Score_lag1,raw_ratio_stress,Inward_FDI_Net_Flow_GDP_Pct,All_Eligible,Future_Period,train_to_2016__test_from_2017,Ridge,1045,180,362906425,added_model_vs_strongest_benchmark,Training_Mean,M3_Macro_Oil_RegQuality_Score,2000,0.08338946354061216,0.0827677405556903,0.06955142767991802,-0.2899059476972829,0.5034030375867156,-0.0006217229849218575,0.0006217229849218575,0.604,0.6025,0.6015,0.597,-2.8073514726434574,-2.7820425747790534,-4.036396688341027,-1.7604516477408017,Setup-dependent,180,2000,180,180,99,114.0,128,66.0,True,a638801ba7109803fc6ec66ed523e78e8a133767a00796f47c94a98ae9e4cd8f
M2_Macro_Oil_vs_M3_Macro_Oil_RegQuality_Score__raw_ratio_stress__All_Eligible,Regulatory_Quality_Score_lag1,raw_ratio_stress,Inward_FDI_Net_Flow_GDP_Pct,All_Eligible,Future_Period,train_to_2018__test_from_2019,ElasticNet,693,177,884455725,added_model_vs_strongest_benchmark,Training_Mean,M3_Macro_Oil_RegQuality_Score,2000,-0.15750613567037286,-0.1592254881989219,-0.12074425490091514,-0.5733510482241251,0.4925426975372528,-0.0017193525285490452,0.0017193525285490452,0.3155,0.308,0.305,0.3025,-2.268340410324458,-2.3009587139530816,-3.6887747628643073,-0.7637561311481765,Setup-dependent,177,2000,177,177,98,112.0,125,65.0,True,e5b59c54d132ee966c34c1af851a06ebdf4b2d3ad67b28965b91196bbdb80958
M2_Macro_Oil_vs_M3_Macro_Oil_RegQuality_Score__raw_ratio_stress__All_Eligible,Regulatory_Quality_Score_lag1,raw_ratio_stress,Inward_FDI_Net_Flow_GDP_Pct,All_Eligible,Future_Period,train_to_2018__test_from_2019,RandomForest,693,177,884455725,added_model_vs_strongest_benchmark,Training_Mean,M3_Macro_Oil_RegQuality_Score,2000,-0.6270824551553573,-0.5832444546621857,-0.5636753987116931,-1.359248573090161,0.16712117168030854,0.04383800049317166,0.04383800049317166,0.032,0.0315,0.0315,0.0315,-2.4104672403979013,-2.422643915883654,-3.3719484950188567,-1.2808063567458876,Unsupported,177,2000,177,177,98,112.0,125,65.0,True,e5b59c54d132ee966c34c1af851a06ebdf4b2d3ad67b28965b91196bbdb80958
M2_Macro_Oil_vs_M3_Macro_Oil_RegQuality_Score__raw_ratio_stress__All_Eligible,Regulatory_Quality_Score_lag1,raw_ratio_stress,Inward_FDI_Net_Flow_GDP_Pct,All_Eligible,Future_Period,train_to_2018__test_from_2019,Ridge,693,177,884455725,added_model_vs_strongest_benchmark,Training_Mean,M3_Macro_Oil_RegQuality_Score,2000,-0.16106459606283252,-0.16277384846778642,-0.12422932023652694,-0.5791325452926466,0.4906158628660172,-0.0017092524049538982,0.0017092524049538982,0.306,0.3045,0.3025,0.3025,-2.253780896633719,-2.2899469816350644,-3.676419805381625,-0.7413985311642141,Setup-dependent,177,2000,177,177,98,112.0,125,65.0,True,e5b59c54d132ee966c34c1af851a06ebdf4b2d3ad67b28965b91196bbdb80958
M2_Macro_Oil_vs_M3_Macro_Oil_RegQuality_Score__normalized__All_Eligible,Regulatory_Quality_Score_lag1,normalized,Inward_FDI_Net_Flow_GDP_Pct_asinh,All_Eligible,Country_Holdout_CV,OOF_ALL_FOLDS,ElasticNet,3828,184,2433254131,signal_increment,M2_Macro_Oil,M3_Macro_Oil_RegQuality_Score,2000,0.00325986584385185,0.0032236958284848627,0.0032454945217579743,0.00028487987142412354,0.006287910017371742,-3.6170015366987496e-05,3.6170015366987496e-05,0.9855,0.697,0.13,0.0,-0.0028958614797901516,-0.0028723943405001284,-0.0065446071197032985,0.0006675777408658054,Directionally positive but marginal,184,2000,184,184,102,117.0,131,67.0,True,f071421e8edadd75f769513a23c2071aa9def15022c1717aefe632bc1284ecc7
M2_Macro_Oil_vs_M3_Macro_Oil_RegQuality_Score__normalized__All_Eligible,Regulatory_Quality_Score_lag1,normalized,Inward_FDI_Net_Flow_GDP_Pct_asinh,All_Eligible,Country_Holdout_CV,OOF_ALL_FOLDS,RandomForest,3828,184,2433254131,signal_increment,M2_Macro_Oil,M3_Macro_Oil_RegQuality_Score,2000,0.01650337783754474,0.016093966705542084,0.0166706196234855,0.003158519119156303,0.03217719302970347,-0.0004094111320026572,0.0004094111320026572,0.9925,0.9775,0.949,0.811,-0.011650390970330049,-0.0117873836407697,-0.021128730744898617,-0.0031229100948101628,Supported and practically material,184,2000,184,184,102,117.0,131,67.0,True,f071421e8edadd75f769513a23c2071aa9def15022c1717aefe632bc1284ecc7
M2_Macro_Oil_vs_M3_Macro_Oil_RegQuality_Score__normalized__All_Eligible,Regulatory_Quality_Score_lag1,normalized,Inward_FDI_Net_Flow_GDP_Pct_asinh,All_Eligible,Country_Holdout_CV,OOF_ALL_FOLDS,Ridge,3828,184,2433254131,signal_increment,M2_Macro_Oil,M3_Macro_Oil_RegQuality_Score,2000,0.0030664005422256224,0.0030524883713731743,0.0030340759445200427,-0.0013090161668770461,0.007371958682188375,-1.3912170852448114e-05,1.3912170852448114e-05,0.903,0.604,0.1955,0.0005,-0.0021510925543024584,-0.002133675499055021,-0.007273011284818458,0.002677781343701665,Directionally positive but marginal,184,2000,184,184,102,117.0,131,67.0,True,f071421e8edadd75f769513a23c2071aa9def15022c1717aefe632bc1284ecc7
M2_Macro_Oil_vs_M3_Macro_Oil_RegQuality_Score__normalized__All_Eligible,Regulatory_Quality_Score_lag1,normalized,Inward_FDI_Net_Flow_GDP_Pct_asinh,All_Eligible,Future_Period,train_to_2012__test_from_2013,ElasticNet,1760,183,1103515508,signal_increment,M2_Macro_Oil,M3_Macro_Oil_RegQuality_Score,2000,0.005722402528753667,0.0056917283875045355,0.005730466970523046,0.00318004067949132,0.008431388497273226,-3.0674141249131814e-05,3.0674141249131814e-05,1.0,0.994,0.706,0.0015,-0.0033812631995728815,-0.0033025940543865984,-0.007182754716007944,0.0006531497570164315,Directionally positive but marginal,183,2000,183,183,103,116.0,132,67.0,True,8981b20830ef79f2790c8dd623c6f541f5cfcefdab927ca025489dc3204c2214
M2_Macro_Oil_vs_M3_Macro_Oil_RegQuality_Score__normalized__All_Eligible,Regulatory_Quality_Score_lag1,normalized,Inward_FDI_Net_Flow_GDP_Pct_asinh,All_Eligible,Future_Period,train_to_2012__test_from_2013,RandomForest,1760,183,1103515508,signal_increment,M2_Macro_Oil,M3_Macro_Oil_RegQuality_Score,2000,-0.012416084578421471,-0.012521328270060417,-0.012486710487763321,-0.026414299903644634,0.0014824799305135192,-0.00010524369163894542,0.00010524369163894542,0.039,0.02,0.0115,0.002,-0.0005761027639316074,-0.0006276751061732311,-0.012638897506206725,0.011641425192628656,Unsupported,183,2000,183,183,103,116.0,132,67.0,True,8981b20830ef79f2790c8dd623c6f541f5cfcefdab927ca025489dc3204c2214
M2_Macro_Oil_vs_M3_Macro_Oil_RegQuality_Score__normalized__All_Eligible,Regulatory_Quality_Score_lag1,normalized,Inward_FDI_Net_Flow_GDP_Pct_asinh,All_Eligible,Future_Period,train_to_2012__test_from_2013,Ridge,1760,183,1103515508,signal_increment,M2_Macro_Oil,M3_Macro_Oil_RegQuality_Score,2000,0.007010130177977247,0.006981202826920385,0.007012675803416227,0.0038673088429481035,0.010327972193955004,-2.892735105686217e-05,2.892735105686217e-05,1.0,0.9965,0.896,0.0395,-0.0038248690926018236,-0.0037888641239216536,-0.008494701454815427,0.0011065063883416997,Supported and practically material,183,2000,183,183,103,116.0,132,67.0,True,8981b20830ef79f2790c8dd623c6f541f5cfcefdab927ca025489dc3204c2214
M2_Macro_Oil_vs_M3_Macro_Oil_RegQuality_Score__normalized__All_Eligible,Regulatory_Quality_Score_lag1,normalized,Inward_FDI_Net_Flow_GDP_Pct_asinh,All_Eligible,Future_Period,train_to_2014__test_from_2015,ElasticNet,1401,183,2179153686,signal_increment,M2_Macro_Oil,M3_Macro_Oil_RegQuality_Score,2000,0.005145038464844043,0.005198695409072918,0.005146843497369847,0.0020807425017589755,0.00820076899235492,5.365694422887479e-05,5.365694422887479e-05,0.9995,0.957,0.5485,0.0015,-0.002334332889436519,-0.002265498222348006,-0.006959911761332672,0.002343549144408446,Directionally positive but marginal,183,2000,183,183,102,116.0,130,67.0,True,2ec6a0de5cec66e1a3259b5e2946b37379a332fb28627e578d65c17cac880c01
M2_Macro_Oil_vs_M3_Macro_Oil_RegQuality_Score__normalized__All_Eligible,Regulatory_Quality_Score_lag1,normalized,Inward_FDI_Net_Flow_GDP_Pct_asinh,All_Eligible,Future_Period,train_to_2014__test_from_2015,RandomForest,1401,183,2179153686,signal_increment,M2_Macro_Oil,M3_Macro_Oil_RegQuality_Score,2000,0.019835987212359463,0.0198141700861586,0.020165469809018333,-0.0001690880545178487,0.04386865686869909,-2.1817126200862624e-05,2.1817126200862624e-05,0.9735,0.948,0.92,0.8155,-0.009583395880949364,-0.009530624483638506,-0.02238138097517649,0.0033186769056197914,Directionally positive but marginal,183,2000,183,183,102,116.0,130,67.0,True,2ec6a0de5cec66e1a3259b5e2946b37379a332fb28627e578d65c17cac880c01
M2_Macro_Oil_vs_M3_Macro_Oil_RegQuality_Score__normalized__All_Eligible,Regulatory_Quality_Score_lag1,normalized,Inward_FDI_Net_Flow_GDP_Pct_asinh,All_Eligible,Future_Period,train_to_2014__test_from_2015,Ridge,1401,183,2179153686,signal_increment,M2_Macro_Oil,M3_Macro_Oil_RegQuality_Score,2000,0.006036613336157903,0.006069438464786525,0.006024266736563833,0.0022215876353050613,0.00976927497893997,3.282512862862186e-05,3.282512862862186e-05,0.999,0.968,0.704,0.0175,-0.0022642786842973495,-0.0021654082661949348,-0.007855942546812367,0.0032093897822715535,Directionally positive but marginal,183,2000,183,183,102,116.0,130,67.0,True,2ec6a0de5cec66e1a3259b5e2946b37379a332fb28627e578d65c17cac880c01
M2_Macro_Oil_vs_M3_Macro_Oil_RegQuality_Score__normalized__All_Eligible,Regulatory_Quality_Score_lag1,normalized,Inward_FDI_Net_Flow_GDP_Pct_asinh,All_Eligible,Future_Period,train_to_2015__test_from_2016,ElasticNet,1222,180,1682767197,signal_increment,M2_Macro_Oil,M3_Macro_Oil_RegQuality_Score,2000,0.005403359086207926,0.005435632753610753,0.005461906090616165,0.0029183887736591043,0.008139829469421808,3.227366740282678e-05,3.227366740282678e-05,1.0,0.989,0.628,0.0005,-0.00219295258769836,-0.0021918771887307065,-0.0061275373035546326,0.0017336836994083329,Directionally positive but marginal,180,2000,180,180,95,114.0,129,66.0,True,5bfc54b4f8e1023dafe4e9778a30cc0e59f9da0f922d112344846b372a219718
M2_Macro_Oil_vs_M3_Macro_Oil_RegQuality_Score__normalized__All_Eligible,Regulatory_Quality_Score_lag1,normalized,Inward_FDI_Net_Flow_GDP_Pct_asinh,All_Eligible,Future_Period,train_to_2015__test_from_2016,RandomForest,1222,180,1682767197,signal_increment,M2_Macro_Oil,M3_Macro_Oil_RegQuality_Score,2000,-0.01359162025021976,-0.013138272387868744,-0.013505800350027441,-0.04021907077141719,0.01245808127477047,0.00045334786235101676,0.00045334786235101676,0.153,0.12,0.087,0.0415,-0.005736416941225619,-0.005764117321082951,-0.021069583154475036,0.009818723628704056,Unsupported,180,2000,180,180,95,114.0,129,66.0,True,5bfc54b4f8e1023dafe4e9778a30cc0e59f9da0f922d112344846b372a219718
M2_Macro_Oil_vs_M3_Macro_Oil_RegQuality_Score__normalized__All_Eligible,Regulatory_Quality_Score_lag1,normalized,Inward_FDI_Net_Flow_GDP_Pct_asinh,All_Eligible,Future_Period,train_to_2015__test_from_2016,Ridge,1222,180,1682767197,signal_increment,M2_Macro_Oil,M3_Macro_Oil_RegQuality_Score,2000,0.006500492740853625,0.006528148149379298,0.0065562431745002795,0.0034253798068945686,0.009763418889908762,2.7655408525673053e-05,2.7655408525673053e-05,1.0,0.993,0.837,0.018,-0.002385373372738364,-0.0024218367210896985,-0.007108327365065454,0.002252730493062892,Supported and practically material,180,2000,180,180,95,114.0,129,66.0,True,5bfc54b4f8e1023dafe4e9778a30cc0e59f9da0f922d112344846b372a219718
M2_Macro_Oil_vs_M3_Macro_Oil_RegQuality_Score__normalized__All_Eligible,Regulatory_Quality_Score_lag1,normalized,Inward_FDI_Net_Flow_GDP_Pct_asinh,All_Eligible,Future_Period,train_to_2016__test_from_2017,ElasticNet,1045,180,269361961,signal_increment,M2_Macro_Oil,M3_Macro_Oil_RegQuality_Score,2000,0.005193660187489013,0.005241720583232856,0.00525912194608401,0.0022882540156632467,0.00850331540210199,4.806039574384302e-05,4.806039574384302e-05,0.9995,0.9675,0.5585,0.002,-0.0016128696950590271,-0.0015733603446106414,-0.0062185091328568,0.003304611740064981,Directionally positive but marginal,180,2000,180,180,100,114.0,128,66.0,True,e8364c9128722b3bdbba68ffe54622e51489b7325aa414c700071b5319db051c
M2_Macro_Oil_vs_M3_Macro_Oil_RegQuality_Score__normalized__All_Eligible,Regulatory_Quality_Score_lag1,normalized,Inward_FDI_Net_Flow_GDP_Pct_asinh,All_Eligible,Future_Period,train_to_2016__test_from_2017,RandomForest,1045,180,269361961,signal_increment,M2_Macro_Oil,M3_Macro_Oil_RegQuality_Score,2000,0.010145773565010341,0.009898039385523694,0.010129484957043406,-0.01367249854179457,0.03661015662079554,-0.0002477341794866472,0.0002477341794866472,0.7885,0.738,0.6695,0.4945,-0.014862061359017575,-0.015042854767883529,-0.02898711787359888,-0.0014376340643595237,Setup-dependent,180,2000,180,180,100,114.0,128,66.0,True,e8364c9128722b3bdbba68ffe54622e51489b7325aa414c700071b5319db051c
M2_Macro_Oil_vs_M3_Macro_Oil_RegQuality_Score__normalized__All_Eligible,Regulatory_Quality_Score_lag1,normalized,Inward_FDI_Net_Flow_GDP_Pct_asinh,All_Eligible,Future_Period,train_to_2016__test_from_2017,Ridge,1045,180,269361961,signal_increment,M2_Macro_Oil,M3_Macro_Oil_RegQuality_Score,2000,0.006269743224899482,0.0063191106979290645,0.006333766530909976,0.0028181854076653814,0.010149482859927257,4.936747302958233e-05,4.936747302958233e-05,0.9995,0.983,0.7655,0.0275,-0.0017680561837963849,-0.0017270159331326251,-0.007218407451962382,0.004043795972001902,Directionally positive but marginal,180,2000,180,180,100,114.0,128,66.0,True,e8364c9128722b3bdbba68ffe54622e51489b7325aa414c700071b5319db051c
M2_Macro_Oil_vs_M3_Macro_Oil_RegQuality_Score__normalized__All_Eligible,Regulatory_Quality_Score_lag1,normalized,Inward_FDI_Net_Flow_GDP_Pct_asinh,All_Eligible,Future_Period,train_to_2018__test_from_2019,ElasticNet,693,177,1333751051,signal_increment,M2_Macro_Oil,M3_Macro_Oil_RegQuality_Score,2000,0.005482543763741021,0.00548994190155061,0.005511193155000853,0.001990166257393375,0.009060118747834548,7.398137809588867e-06,7.398137809588867e-06,0.999,0.9525,0.615,0.0045,-0.0009126646000016114,-0.0008697583691198441,-0.005576915627984823,0.0038691112796508235,Directionally positive but marginal,177,2000,177,177,98,112.0,128,65.0,True,fd9b034caef89bcfe8dcea6b1bcac2e31c56de87ca79fcf209abf8e6b8dcb5ee
M2_Macro_Oil_vs_M3_Macro_Oil_RegQuality_Score__normalized__All_Eligible,Regulatory_Quality_Score_lag1,normalized,Inward_FDI_Net_Flow_GDP_Pct_asinh,All_Eligible,Future_Period,train_to_2018__test_from_2019,RandomForest,693,177,1333751051,signal_increment,M2_Macro_Oil,M3_Macro_Oil_RegQuality_Score,2000,-0.0239199201004896,-0.02353627541641834,-0.023648859855014803,-0.05901611420151907,0.010066066376100755,0.0003836446840712604,0.0003836446840712604,0.0935,0.07,0.051,0.0255,-0.004144853613821775,-0.004023652818512413,-0.02260940980479511,0.013637705792966621,Unsupported,177,2000,177,177,98,112.0,128,65.0,True,fd9b034caef89bcfe8dcea6b1bcac2e31c56de87ca79fcf209abf8e6b8dcb5ee
M2_Macro_Oil_vs_M3_Macro_Oil_RegQuality_Score__normalized__All_Eligible,Regulatory_Quality_Score_lag1,normalized,Inward_FDI_Net_Flow_GDP_Pct_asinh,All_Eligible,Future_Period,train_to_2018__test_from_2019,Ridge,693,177,1333751051,signal_increment,M2_Macro_Oil,M3_Macro_Oil_RegQuality_Score,2000,0.0065196679512430356,0.006553993573282291,0.006540023651832213,0.0017203592070337873,0.0114116328215396,3.4325622039255155e-05,3.4325622039255155e-05,0.994,0.946,0.739,0.0785,0.0004054161267625922,0.00044189470827404875,-0.005643176807348838,0.006953788491170082,Directionally positive but marginal,177,2000,177,177,98,112.0,128,65.0,True,fd9b034caef89bcfe8dcea6b1bcac2e31c56de87ca79fcf209abf8e6b8dcb5ee
M2_Macro_Oil_vs_M3_Macro_Oil_RegQuality_Score__normalized__Oil_Rent_Intensive_Pre2016_ge10pct,Regulatory_Quality_Score_lag1,normalized,Inward_FDI_Net_Flow_GDP_Pct_asinh,Oil_Rent_Intensive_Pre2016_ge10pct,Country_Holdout_CV,OOF_ALL_FOLDS,ElasticNet,654,34,3278150188,signal_increment,M2_Macro_Oil,M3_Macro_Oil_RegQuality_Score,2000,-0.008187297635246615,-0.007631315109962622,-0.008393298635355746,-0.019925643458839706,-0.0007188795382603204,0.0005559825252839934,0.0005559825252839934,0.0145,0.0,0.0,0.0,0.00910586497311705,0.008700670046278669,-1.9678644096245723e-05,0.020512478535021604,Unsupported,34,2000,34,34,16,22.0,27,12.0,True,9a0d6a1ab9a0754d3c11d94e958802cbfa21805c60af1f0b4067dd180002d85a
M2_Macro_Oil_vs_M3_Macro_Oil_RegQuality_Score__normalized__Oil_Rent_Intensive_Pre2016_ge10pct,Regulatory_Quality_Score_lag1,normalized,Inward_FDI_Net_Flow_GDP_Pct_asinh,Oil_Rent_Intensive_Pre2016_ge10pct,Country_Holdout_CV,OOF_ALL_FOLDS,RandomForest,654,34,3278150188,signal_increment,M2_Macro_Oil,M3_Macro_Oil_RegQuality_Score,2000,-0.018180455370831128,-0.01914897054987602,-0.02040205624794448,-0.061419648898282074,0.010663102354853337,-0.0009685151790448931,0.0009685151790448931,0.1185,0.0845,0.059,0.03,0.02957842554561463,0.029956679559295818,-0.004504127212178592,0.07422242317833778,Unsupported,34,2000,34,34,16,22.0,27,12.0,True,9a0d6a1ab9a0754d3c11d94e958802cbfa21805c60af1f0b4067dd180002d85a
M2_Macro_Oil_vs_M3_Macro_Oil_RegQuality_Score__normalized__Oil_Rent_Intensive_Pre2016_ge10pct,Regulatory_Quality_Score_lag1,normalized,Inward_FDI_Net_Flow_GDP_Pct_asinh,Oil_Rent_Intensive_Pre2016_ge10pct,Country_Holdout_CV,OOF_ALL_FOLDS,Ridge,654,34,3278150188,signal_increment,M2_Macro_Oil,M3_Macro_Oil_RegQuality_Score,2000,-0.011711872663269673,-0.010925237195641924,-0.011969943239589722,-0.028241434147956643,-0.0010181856134692917,0.0007866354676277498,0.0007866354676277498,0.012,0.0005,0.0,0.0,0.012283022144783162,0.011676431785040797,0.000349302198293933,0.027142860051779124,Unsupported,34,2000,34,34,16,22.0,27,12.0,True,9a0d6a1ab9a0754d3c11d94e958802cbfa21805c60af1f0b4067dd180002d85a
M2_Macro_Oil_vs_M3_Macro_Oil_RegQuality_Score__normalized__Oil_Rent_Intensive_Pre2016_ge10pct,Regulatory_Quality_Score_lag1,normalized,Inward_FDI_Net_Flow_GDP_Pct_asinh,Oil_Rent_Intensive_Pre2016_ge10pct,Future_Period,train_to_2012__test_from_2013,ElasticNet,295,33,1491868304,signal_increment,M2_Macro_Oil,M3_Macro_Oil_RegQuality_Score,2000,0.0004264040260054669,0.0004511714912097675,0.00047320495138426945,-0.00023997983213717706,0.0013158654068596075,2.476746520430062e-05,2.476746520430062e-05,0.905,0.0,0.0,0.0,-0.0009419517233015817,-0.0009375805712559804,-0.002386935138927223,0.00046981956281786323,Directionally positive but marginal,33,2000,33,33,15,21.0,28,12.0,True,5a75d08302f015c08c400ceaa398c146f7198d94619076260e89e5499c309757
M2_Macro_Oil_vs_M3_Macro_Oil_RegQuality_Score__normalized__Oil_Rent_Intensive_Pre2016_ge10pct,Regulatory_Quality_Score_lag1,normalized,Inward_FDI_Net_Flow_GDP_Pct_asinh,Oil_Rent_Intensive_Pre2016_ge10pct,Future_Period,train_to_2012__test_from_2013,RandomForest,295,33,1491868304,signal_increment,M2_Macro_Oil,M3_Macro_Oil_RegQuality_Score,2000,-0.04424528662102034,-0.04548180484601916,-0.04447883801271849,-0.07207289224524678,-0.01041165818385333,-0.0012365182249988171,0.0012365182249988171,0.0075,0.007,0.0055,0.004,0.02862224651462497,0.02876066962187529,0.000408367001499824,0.06033565657311528,Unsupported,33,2000,33,33,15,21.0,28,12.0,True,5a75d08302f015c08c400ceaa398c146f7198d94619076260e89e5499c309757
M2_Macro_Oil_vs_M3_Macro_Oil_RegQuality_Score__normalized__Oil_Rent_Intensive_Pre2016_ge10pct,Regulatory_Quality_Score_lag1,normalized,Inward_FDI_Net_Flow_GDP_Pct_asinh,Oil_Rent_Intensive_Pre2016_ge10pct,Future_Period,train_to_2012__test_from_2013,Ridge,295,33,1491868304,signal_increment,M2_Macro_Oil,M3_Macro_Oil_RegQuality_Score,2000,0.001184985836683583,0.0012589527015793855,0.0013342131536602513,-0.001127940017999831,0.004172736254420857,7.396686489580251e-05,7.396686489580251e-05,0.8535,0.18,0.0115,0.0,-0.003402166553077679,-0.0033696504161750407,-0.007827442350520866,0.0010721417199949402,Directionally positive but marginal,33,2000,33,33,15,21.0,28,12.0,True,5a75d08302f015c08c400ceaa398c146f7198d94619076260e89e5499c309757
M2_Macro_Oil_vs_M3_Macro_Oil_RegQuality_Score__normalized__Oil_Rent_Intensive_Pre2016_ge10pct,Regulatory_Quality_Score_lag1,normalized,Inward_FDI_Net_Flow_GDP_Pct_asinh,Oil_Rent_Intensive_Pre2016_ge10pct,Future_Period,train_to_2014__test_from_2015,ElasticNet,232,33,3525356782,signal_increment,M2_Macro_Oil,M3_Macro_Oil_RegQuality_Score,2000,-0.0005104029937612609,-0.0004073485711583169,-0.0005421838329834796,-0.005138264690674537,0.0030561622461271424,0.00010305442260294395,0.00010305442260294395,0.412,0.051,0.0015,0.0,-9.478403170926075e-05,-0.0001787640750571251,-0.005465628798960659,0.005854598850699891,Setup-dependent,33,2000,33,33,14,21.0,27,12.0,True,21a7660d8fe395d1245a4cb48209c7002782d02fbd67f91774a99a8b47ed7698
M2_Macro_Oil_vs_M3_Macro_Oil_RegQuality_Score__normalized__Oil_Rent_Intensive_Pre2016_ge10pct,Regulatory_Quality_Score_lag1,normalized,Inward_FDI_Net_Flow_GDP_Pct_asinh,Oil_Rent_Intensive_Pre2016_ge10pct,Future_Period,train_to_2014__test_from_2015,RandomForest,232,33,3525356782,signal_increment,M2_Macro_Oil,M3_Macro_Oil_RegQuality_Score,2000,0.02179976153462193,0.021423056723062994,0.022030818498145494,-0.004666118756042428,0.05125025773392738,-0.00037670481155893665,0.00037670481155893665,0.9515,0.926,0.897,0.817,-0.005975300885090906,-0.005832108521185431,-0.02819118530370642,0.016255414035730473,Directionally positive but marginal,33,2000,33,33,14,21.0,27,12.0,True,21a7660d8fe395d1245a4cb48209c7002782d02fbd67f91774a99a8b47ed7698
M2_Macro_Oil_vs_M3_Macro_Oil_RegQuality_Score__normalized__Oil_Rent_Intensive_Pre2016_ge10pct,Regulatory_Quality_Score_lag1,normalized,Inward_FDI_Net_Flow_GDP_Pct_asinh,Oil_Rent_Intensive_Pre2016_ge10pct,Future_Period,train_to_2014__test_from_2015,Ridge,232,33,3525356782,signal_increment,M2_Macro_Oil,M3_Macro_Oil_RegQuality_Score,2000,-0.0010737943891173662,-0.0008876866449058496,-0.0011321374813056746,-0.008801668433019685,0.0047507320615544,0.00018610774421151666,0.00018610774421151666,0.389,0.1325,0.0205,0.0,-4.916153987122307e-06,-0.00014715058970410366,-0.008553005398824939,0.009567778108787579,Setup-dependent,33,2000,33,33,14,21.0,27,12.0,True,21a7660d8fe395d1245a4cb48209c7002782d02fbd67f91774a99a8b47ed7698
M2_Macro_Oil_vs_M3_Macro_Oil_RegQuality_Score__normalized__Oil_Rent_Intensive_Pre2016_ge10pct,Regulatory_Quality_Score_lag1,normalized,Inward_FDI_Net_Flow_GDP_Pct_asinh,Oil_Rent_Intensive_Pre2016_ge10pct,Future_Period,train_to_2015__test_from_2016,ElasticNet,201,30,3189347324,signal_increment,M2_Macro_Oil,M3_Macro_Oil_RegQuality_Score,2000,3.519403289908851e-07,3.4009108990096237e-07,3.4366881614122935e-07,-1.0112980398019328e-06,1.54211854129227e-06,-1.1849239089922747e-08,1.1849239089922747e-08,0.717,0.0,0.0,0.0,-1.9723661881521082e-07,-2.1494835966695547e-07,-1.5860392025668356e-06,1.2384360875222754e-06,Setup-dependent,30,2000,30,30,14,19.0,24,11.0,True,e9d29a7b6ea536764e712938a42e15bcfc0831bb8362c82e772927bcb879967d
M2_Macro_Oil_vs_M3_Macro_Oil_RegQuality_Score__normalized__Oil_Rent_Intensive_Pre2016_ge10pct,Regulatory_Quality_Score_lag1,normalized,Inward_FDI_Net_Flow_GDP_Pct_asinh,Oil_Rent_Intensive_Pre2016_ge10pct,Future_Period,train_to_2015__test_from_2016,RandomForest,201,30,3189347324,signal_increment,M2_Macro_Oil,M3_Macro_Oil_RegQuality_Score,2000,0.00942808413555618,0.009772124033730512,0.009857004090024312,-0.032456269563324563,0.04984090368047149,0.0003440398981743309,0.0003440398981743309,0.681,0.6325,0.5855,0.495,-0.014596618122401095,-0.014152792219978672,-0.0593021931263912,0.02441457184935713,Setup-dependent,30,2000,30,30,14,19.0,24,11.0,True,e9d29a7b6ea536764e712938a42e15bcfc0831bb8362c82e772927bcb879967d
M2_Macro_Oil_vs_M3_Macro_Oil_RegQuality_Score__normalized__Oil_Rent_Intensive_Pre2016_ge10pct,Regulatory_Quality_Score_lag1,normalized,Inward_FDI_Net_Flow_GDP_Pct_asinh,Oil_Rent_Intensive_Pre2016_ge10pct,Future_Period,train_to_2015__test_from_2016,Ridge,201,30,3189347324,signal_increment,M2_Macro_Oil,M3_Macro_Oil_RegQuality_Score,2000,0.0008128279993565579,0.0008556371121611894,0.0008422893438433048,-0.0009505141813647517,0.0024902237841296,4.280911280463151e-05,4.280911280463151e-05,0.8535,0.025,0.0,0.0,-0.000573084673275992,-0.0006348944938661671,-0.003265030463713505,0.002338317913966193,Directionally positive but marginal,30,2000,30,30,14,19.0,24,11.0,True,e9d29a7b6ea536764e712938a42e15bcfc0831bb8362c82e772927bcb879967d
M2_Macro_Oil_vs_M3_Macro_Oil_RegQuality_Score__normalized__Oil_Rent_Intensive_Pre2016_ge10pct,Regulatory_Quality_Score_lag1,normalized,Inward_FDI_Net_Flow_GDP_Pct_asinh,Oil_Rent_Intensive_Pre2016_ge10pct,Future_Period,train_to_2016__test_from_2017,ElasticNet,172,30,4167694068,signal_increment,M2_Macro_Oil,M3_Macro_Oil_RegQuality_Score,2000,-7.263159194081936e-07,-4.6920177365628035e-07,-5.632683470079835e-07,-5.708012738081524e-06,4.272791165527145e-06,2.5711414575191327e-07,2.5711414575191327e-07,0.416,0.0,0.0,0.0,-7.297616021473274e-07,-8.998351245792513e-07,-7.1130379233591555e-06,5.557713271808761e-06,Setup-dependent,30,2000,30,30,13,19.0,24,11.0,True,44be54e380467ab665a0bb753ac57dc97b4964fb677fbe9715b27299a50946f5
M2_Macro_Oil_vs_M3_Macro_Oil_RegQuality_Score__normalized__Oil_Rent_Intensive_Pre2016_ge10pct,Regulatory_Quality_Score_lag1,normalized,Inward_FDI_Net_Flow_GDP_Pct_asinh,Oil_Rent_Intensive_Pre2016_ge10pct,Future_Period,train_to_2016__test_from_2017,RandomForest,172,30,4167694068,signal_increment,M2_Macro_Oil,M3_Macro_Oil_RegQuality_Score,2000,0.001845098182283511,0.002000874048971313,0.0018273806688412955,-0.03115751199661789,0.03398567070402679,0.00015577586668780175,0.00015577586668780175,0.559,0.487,0.427,0.2985,-0.0040122057455175275,-0.004440207009425823,-0.03316273754640784,0.023726163410895968,Setup-dependent,30,2000,30,30,13,19.0,24,11.0,True,44be54e380467ab665a0bb753ac57dc97b4964fb677fbe9715b27299a50946f5
M2_Macro_Oil_vs_M3_Macro_Oil_RegQuality_Score__normalized__Oil_Rent_Intensive_Pre2016_ge10pct,Regulatory_Quality_Score_lag1,normalized,Inward_FDI_Net_Flow_GDP_Pct_asinh,Oil_Rent_Intensive_Pre2016_ge10pct,Future_Period,train_to_2016__test_from_2017,Ridge,172,30,4167694068,signal_increment,M2_Macro_Oil,M3_Macro_Oil_RegQuality_Score,2000,0.0006569349842477923,0.0006782543236690808,0.0007109657951178893,-0.0002682523701170609,0.001893165220015079,2.1319339421288497e-05,2.1319339421288497e-05,0.918,0.0045,0.0,0.0,-0.00044521395375896056,-0.0004838340699939714,-0.002283501184915071,0.0015381781288764955,Directionally positive but marginal,30,2000,30,30,13,19.0,24,11.0,True,44be54e380467ab665a0bb753ac57dc97b4964fb677fbe9715b27299a50946f5
M2_Macro_Oil_vs_M3_Macro_Oil_RegQuality_Score__normalized__Oil_Rent_Intensive_Pre2016_ge10pct,Regulatory_Quality_Score_lag1,normalized,Inward_FDI_Net_Flow_GDP_Pct_asinh,Oil_Rent_Intensive_Pre2016_ge10pct,Future_Period,train_to_2018__test_from_2019,ElasticNet,114,30,173656384,signal_increment,M2_Macro_Oil,M3_Macro_Oil_RegQuality_Score,2000,-2.973446199250329e-05,1.1430800781420114e-05,-6.268913402466986e-05,-0.0026394318679441695,0.002202308271956521,4.1165262773923406e-05,4.1165262773923406e-05,0.504,0.0145,0.0,0.0,0.00013802830795039966,0.0001012639874617971,-0.0030480161252260407,0.003640644944166424,Coverage-limited,30,2000,30,30,13,19.0,24,11.0,True,9405572924d76e0bef1e2c6c22d19b8933758fc243f008b9cee94c096b11ee87
M2_Macro_Oil_vs_M3_Macro_Oil_RegQuality_Score__normalized__Oil_Rent_Intensive_Pre2016_ge10pct,Regulatory_Quality_Score_lag1,normalized,Inward_FDI_Net_Flow_GDP_Pct_asinh,Oil_Rent_Intensive_Pre2016_ge10pct,Future_Period,train_to_2018__test_from_2019,RandomForest,114,30,173656384,signal_increment,M2_Macro_Oil,M3_Macro_Oil_RegQuality_Score,2000,0.09671646544105128,0.09742740055122967,0.0963076321990934,0.033338496678969425,0.153144363717529,0.0007109351101783901,0.0007109351101783901,0.998,0.9965,0.996,0.9935,-0.06524414453164795,-0.06197934418180895,-0.14168662828192538,-0.0013619640110865718,Coverage-limited,30,2000,30,30,13,19.0,24,11.0,True,9405572924d76e0bef1e2c6c22d19b8933758fc243f008b9cee94c096b11ee87
M2_Macro_Oil_vs_M3_Macro_Oil_RegQuality_Score__normalized__Oil_Rent_Intensive_Pre2016_ge10pct,Regulatory_Quality_Score_lag1,normalized,Inward_FDI_Net_Flow_GDP_Pct_asinh,Oil_Rent_Intensive_Pre2016_ge10pct,Future_Period,train_to_2018__test_from_2019,Ridge,114,30,173656384,signal_increment,M2_Macro_Oil,M3_Macro_Oil_RegQuality_Score,2000,-0.00023159887839763194,-0.00014735234995211233,-0.00031985590860126575,-0.006586021471454291,0.005150081534200188,8.424652844551961e-05,8.424652844551961e-05,0.482,0.164,0.0295,0.0,-0.00020354013423218298,-0.00029107360961827533,-0.007778955268541647,0.008003558877742846,Coverage-limited,30,2000,30,30,13,19.0,24,11.0,True,9405572924d76e0bef1e2c6c22d19b8933758fc243f008b9cee94c096b11ee87
M2_Macro_Oil_vs_M3_Macro_Oil_RegQuality_Score__normalized__Oil_Rent_Intensive_Pre2016_ge15pct,Regulatory_Quality_Score_lag1,normalized,Inward_FDI_Net_Flow_GDP_Pct_asinh,Oil_Rent_Intensive_Pre2016_ge15pct,Country_Holdout_CV,OOF_ALL_FOLDS,ElasticNet,570,30,309467140,signal_increment,M2_Macro_Oil,M3_Macro_Oil_RegQuality_Score,2000,-0.012849176363702197,-0.012471904851579396,-0.013185911074084221,-0.0266326929256139,-0.0037586941599240236,0.00037727151212280097,0.00037727151212280097,0.0005,0.0,0.0,0.0,0.014760055405839245,0.014594692017183108,0.005138393511005438,0.026280151648249515,Unsupported,30,2000,30,30,13,19.0,25,11.0,True,4085825d54a109ae82f0e50f248ac5b60c90395768e796242baa16f5879465b9
M2_Macro_Oil_vs_M3_Macro_Oil_RegQuality_Score__normalized__Oil_Rent_Intensive_Pre2016_ge15pct,Regulatory_Quality_Score_lag1,normalized,Inward_FDI_Net_Flow_GDP_Pct_asinh,Oil_Rent_Intensive_Pre2016_ge15pct,Country_Holdout_CV,OOF_ALL_FOLDS,RandomForest,570,30,309467140,signal_increment,M2_Macro_Oil,M3_Macro_Oil_RegQuality_Score,2000,-0.004315182359427183,-0.0046412029304911395,-0.0045081412527413125,-0.02942634728259617,0.02164910530395622,-0.0003260205710639563,0.0003260205710639563,0.359,0.2905,0.219,0.124,0.011473102458135487,0.01149178558243813,-0.013649928600918007,0.039498431913892025,Setup-dependent,30,2000,30,30,13,19.0,25,11.0,True,4085825d54a109ae82f0e50f248ac5b60c90395768e796242baa16f5879465b9
M2_Macro_Oil_vs_M3_Macro_Oil_RegQuality_Score__normalized__Oil_Rent_Intensive_Pre2016_ge15pct,Regulatory_Quality_Score_lag1,normalized,Inward_FDI_Net_Flow_GDP_Pct_asinh,Oil_Rent_Intensive_Pre2016_ge15pct,Country_Holdout_CV,OOF_ALL_FOLDS,Ridge,570,30,309467140,signal_increment,M2_Macro_Oil,M3_Macro_Oil_RegQuality_Score,2000,-0.019846900250711452,-0.019362169611283175,-0.020335175708701088,-0.04018924803678208,-0.006627691028492495,0.0004847306394282769,0.0004847306394282769,0.0,0.0,0.0,0.0,0.020487088797700892,0.020219947859775933,0.007646508295998112,0.03618308129277691,Unsupported,30,2000,30,30,13,19.0,25,11.0,True,4085825d54a109ae82f0e50f248ac5b60c90395768e796242baa16f5879465b9
M2_Macro_Oil_vs_M3_Macro_Oil_RegQuality_Score__normalized__Oil_Rent_Intensive_Pre2016_ge15pct,Regulatory_Quality_Score_lag1,normalized,Inward_FDI_Net_Flow_GDP_Pct_asinh,Oil_Rent_Intensive_Pre2016_ge15pct,Future_Period,train_to_2012__test_from_2013,ElasticNet,257,29,1213738499,signal_increment,M2_Macro_Oil,M3_Macro_Oil_RegQuality_Score,2000,-0.0023015300834146046,-0.002431557288052555,-0.0025279694549891784,-0.00652790386134292,0.0009959266627536842,-0.00013002720463795026,0.00013002720463795026,0.093,0.001,0.0005,0.0,0.0050144512779387584,0.004978394055363322,-0.0007071790725051812,0.010995440957759098,Unsupported,29,2000,29,29,13,19.0,24,10.0,True,dd373205ed24474a30f5a947e202609609d48d3d441b81221c5e84f7d8f1e06b
M2_Macro_Oil_vs_M3_Macro_Oil_RegQuality_Score__normalized__Oil_Rent_Intensive_Pre2016_ge15pct,Regulatory_Quality_Score_lag1,normalized,Inward_FDI_Net_Flow_GDP_Pct_asinh,Oil_Rent_Intensive_Pre2016_ge15pct,Future_Period,train_to_2012__test_from_2013,RandomForest,257,29,1213738499,signal_increment,M2_Macro_Oil,M3_Macro_Oil_RegQuality_Score,2000,-0.012118832214117137,-0.011881921257999362,-0.01107890336344079,-0.053312617024349834,0.032815068440313865,0.00023691095611777513,0.00023691095611777513,0.294,0.252,0.216,0.1615,-0.008836064150420042,-0.00895030450476575,-0.04141709526903717,0.023990134984479872,Setup-dependent,29,2000,29,29,13,19.0,24,10.0,True,dd373205ed24474a30f5a947e202609609d48d3d441b81221c5e84f7d8f1e06b
M2_Macro_Oil_vs_M3_Macro_Oil_RegQuality_Score__normalized__Oil_Rent_Intensive_Pre2016_ge15pct,Regulatory_Quality_Score_lag1,normalized,Inward_FDI_Net_Flow_GDP_Pct_asinh,Oil_Rent_Intensive_Pre2016_ge15pct,Future_Period,train_to_2012__test_from_2013,Ridge,257,29,1213738499,signal_increment,M2_Macro_Oil,M3_Macro_Oil_RegQuality_Score,2000,-0.002286552905887529,-0.0024078604263210734,-0.002515992999037189,-0.006564071090145741,0.001060580830647855,-0.00012130752043354454,0.00012130752043354454,0.0975,0.001,0.0005,0.0,0.004932126265889014,0.0048905511770570564,-0.0005799567043354574,0.010730761640544465,Unsupported,29,2000,29,29,13,19.0,24,10.0,True,dd373205ed24474a30f5a947e202609609d48d3d441b81221c5e84f7d8f1e06b
M2_Macro_Oil_vs_M3_Macro_Oil_RegQuality_Score__normalized__Oil_Rent_Intensive_Pre2016_ge15pct,Regulatory_Quality_Score_lag1,normalized,Inward_FDI_Net_Flow_GDP_Pct_asinh,Oil_Rent_Intensive_Pre2016_ge15pct,Future_Period,train_to_2014__test_from_2015,ElasticNet,202,29,2400647028,signal_increment,M2_Macro_Oil,M3_Macro_Oil_RegQuality_Score,2000,-0.00034807804630287986,-0.000394082506707083,-0.00039614625379720726,-0.0017399600818318148,0.0009870177040881907,-4.600446040420314e-05,4.600446040420314e-05,0.269,0.0005,0.0,0.0,0.00047802065096991253,0.000512703646383228,-0.0014216907514615295,0.0024046525447782093,Setup-dependent,29,2000,29,29,13,18.0,23,11.0,True,9fc704fe0795f1238f56302e883ec90656983e9744456d5fec4741df2b459396
M2_Macro_Oil_vs_M3_Macro_Oil_RegQuality_Score__normalized__Oil_Rent_Intensive_Pre2016_ge15pct,Regulatory_Quality_Score_lag1,normalized,Inward_FDI_Net_Flow_GDP_Pct_asinh,Oil_Rent_Intensive_Pre2016_ge15pct,Future_Period,train_to_2014__test_from_2015,RandomForest,202,29,2400647028,signal_increment,M2_Macro_Oil,M3_Macro_Oil_RegQuality_Score,2000,0.020826270236429023,0.021913847611795767,0.021907522921058388,-0.02734825440793047,0.06806562165645282,0.001087577375366744,0.001087577375366744,0.811,0.7885,0.761,0.6865,-0.024039060725758454,-0.023790531956541905,-0.05871697624937264,0.009444801024069834,Directionally positive but marginal,29,2000,29,29,13,18.0,23,11.0,True,9fc704fe0795f1238f56302e883ec90656983e9744456d5fec4741df2b459396
M2_Macro_Oil_vs_M3_Macro_Oil_RegQuality_Score__normalized__Oil_Rent_Intensive_Pre2016_ge15pct,Regulatory_Quality_Score_lag1,normalized,Inward_FDI_Net_Flow_GDP_Pct_asinh,Oil_Rent_Intensive_Pre2016_ge15pct,Future_Period,train_to_2014__test_from_2015,Ridge,202,29,2400647028,signal_increment,M2_Macro_Oil,M3_Macro_Oil_RegQuality_Score,2000,-0.0003640388520540494,-0.0004123145354705815,-0.0004141430318492439,-0.0017507224728903921,0.0009426536544064115,-4.82756834165321e-05,4.82756834165321e-05,0.259,0.0005,0.0,0.0,0.0005838201592566206,0.0006321683904105813,-0.001222784660752141,0.002383513370650576,Setup-dependent,29,2000,29,29,13,18.0,23,11.0,True,9fc704fe0795f1238f56302e883ec90656983e9744456d5fec4741df2b459396
M2_Macro_Oil_vs_M3_Macro_Oil_RegQuality_Score__normalized__Oil_Rent_Intensive_Pre2016_ge15pct,Regulatory_Quality_Score_lag1,normalized,Inward_FDI_Net_Flow_GDP_Pct_asinh,Oil_Rent_Intensive_Pre2016_ge15pct,Future_Period,train_to_2015__test_from_2016,ElasticNet,175,26,2875854895,signal_increment,M2_Macro_Oil,M3_Macro_Oil_RegQuality_Score,2000,-0.002977177191774927,-0.0030756780641068016,-0.0031240693936710287,-0.008050442155532894,0.0015174956740429703,-9.850087233187477e-05,9.850087233187477e-05,0.0875,0.01,0.0025,0.0,0.003649489533528616,0.0038294600181935645,-0.00375703474588917,0.01102364208079363,Unsupported,26,2000,26,26,12,17.0,22,9.0,True,35be3d6054d4a1d0421827b75278964c6abeb690f0b5e46a141a8677c7b355c4
M2_Macro_Oil_vs_M3_Macro_Oil_RegQuality_Score__normalized__Oil_Rent_Intensive_Pre2016_ge15pct,Regulatory_Quality_Score_lag1,normalized,Inward_FDI_Net_Flow_GDP_Pct_asinh,Oil_Rent_Intensive_Pre2016_ge15pct,Future_Period,train_to_2015__test_from_2016,RandomForest,175,26,2875854895,signal_increment,M2_Macro_Oil,M3_Macro_Oil_RegQuality_Score,2000,0.015265717394561729,0.014244089375552771,0.014485616708211465,-0.04734270231771478,0.07960219719739178,-0.0010216280190089577,0.0010216280190089577,0.657,0.63,0.601,0.5465,6.622653434884551e-05,0.0009853162547709404,-0.04534384504700598,0.04309872852079063,Setup-dependent,26,2000,26,26,12,17.0,22,9.0,True,35be3d6054d4a1d0421827b75278964c6abeb690f0b5e46a141a8677c7b355c4
M2_Macro_Oil_vs_M3_Macro_Oil_RegQuality_Score__normalized__Oil_Rent_Intensive_Pre2016_ge15pct,Regulatory_Quality_Score_lag1,normalized,Inward_FDI_Net_Flow_GDP_Pct_asinh,Oil_Rent_Intensive_Pre2016_ge15pct,Future_Period,train_to_2015__test_from_2016,Ridge,175,26,2875854895,signal_increment,M2_Macro_Oil,M3_Macro_Oil_RegQuality_Score,2000,-0.0035317585387767414,-0.003679782748119975,-0.0037385030202461687,-0.009137522203283968,0.001285911414092459,-0.0001480242093432338,0.0001480242093432338,0.066,0.008,0.0015,0.0,0.0037316278180786755,0.004074532164086986,-0.004071598930232506,0.011279047432022888,Unsupported,26,2000,26,26,12,17.0,22,9.0,True,35be3d6054d4a1d0421827b75278964c6abeb690f0b5e46a141a8677c7b355c4
M2_Macro_Oil_vs_M3_Macro_Oil_RegQuality_Score__normalized__Oil_Rent_Intensive_Pre2016_ge15pct,Regulatory_Quality_Score_lag1,normalized,Inward_FDI_Net_Flow_GDP_Pct_asinh,Oil_Rent_Intensive_Pre2016_ge15pct,Future_Period,train_to_2016__test_from_2017,ElasticNet,150,26,2164518189,signal_increment,M2_Macro_Oil,M3_Macro_Oil_RegQuality_Score,2000,-0.0020725578239203513,-0.002180555699607789,-0.0022751176392738996,-0.005682033659448807,0.0005527463181609098,-0.0001079978756874378,0.0001079978756874378,0.0615,0.002,0.0,0.0,0.0024615416709358184,0.002555711772829261,-0.003195015617999227,0.008287517006918134,Unsupported,26,2000,26,26,11,17.0,22,9.0,True,f133f8cb6facb3fa452299d44642234f15b8eba3b953cad35cec563bec6331f3
M2_Macro_Oil_vs_M3_Macro_Oil_RegQuality_Score__normalized__Oil_Rent_Intensive_Pre2016_ge15pct,Regulatory_Quality_Score_lag1,normalized,Inward_FDI_Net_Flow_GDP_Pct_asinh,Oil_Rent_Intensive_Pre2016_ge15pct,Future_Period,train_to_2016__test_from_2017,RandomForest,150,26,2164518189,signal_increment,M2_Macro_Oil,M3_Macro_Oil_RegQuality_Score,2000,-0.006709439693123098,-0.0042924795367472734,-0.005219160747183642,-0.04727474117366885,0.03230310926897507,0.0024169601563758247,0.0024169601563758247,0.4175,0.37,0.3285,0.2345,-0.00413729781591099,-0.004395783880908388,-0.037711528424994735,0.02487994685419393,Setup-dependent,26,2000,26,26,11,17.0,22,9.0,True,f133f8cb6facb3fa452299d44642234f15b8eba3b953cad35cec563bec6331f3
M2_Macro_Oil_vs_M3_Macro_Oil_RegQuality_Score__normalized__Oil_Rent_Intensive_Pre2016_ge15pct,Regulatory_Quality_Score_lag1,normalized,Inward_FDI_Net_Flow_GDP_Pct_asinh,Oil_Rent_Intensive_Pre2016_ge15pct,Future_Period,train_to_2016__test_from_2017,Ridge,150,26,2164518189,signal_increment,M2_Macro_Oil,M3_Macro_Oil_RegQuality_Score,2000,-0.002153964436622191,-0.002272153190803261,-0.0023672521264763327,-0.005805352888225925,0.00048736935331823326,-0.00011818875418107,0.00011818875418107,0.0575,0.002,0.0,0.0,0.0024863295825505727,0.002591783672804826,-0.0031040435934423876,0.008254496209603657,Unsupported,26,2000,26,26,11,17.0,22,9.0,True,f133f8cb6facb3fa452299d44642234f15b8eba3b953cad35cec563bec6331f3
M2_Macro_Oil_vs_M3_Macro_Oil_RegQuality_Score__normalized__Oil_Rent_Intensive_Pre2016_ge15pct,Regulatory_Quality_Score_lag1,normalized,Inward_FDI_Net_Flow_GDP_Pct_asinh,Oil_Rent_Intensive_Pre2016_ge15pct,Future_Period,train_to_2018__test_from_2019,ElasticNet,100,26,3875216240,signal_increment,M2_Macro_Oil,M3_Macro_Oil_RegQuality_Score,2000,-1.2832723402800283e-06,-2.3491218667515135e-06,-1.0656710978420025e-06,-2.9747901390581027e-05,3.616935597411385e-05,-1.0658495264714851e-06,1.0658495264714851e-06,0.433,0.0,0.0,0.0,5.2127648434430185e-06,5.975969382232549e-06,-3.4337809411147394e-05,4.267549275961121e-05,Coverage-limited,26,2000,26,26,12,17.0,21,9.0,True,088a50bdbb9ef120efe923f0115589b111fc7d86131a09e38469ed7984237fc8
M2_Macro_Oil_vs_M3_Macro_Oil_RegQuality_Score__normalized__Oil_Rent_Intensive_Pre2016_ge15pct,Regulatory_Quality_Score_lag1,normalized,Inward_FDI_Net_Flow_GDP_Pct_asinh,Oil_Rent_Intensive_Pre2016_ge15pct,Future_Period,train_to_2018__test_from_2019,RandomForest,100,26,3875216240,signal_increment,M2_Macro_Oil,M3_Macro_Oil_RegQuality_Score,2000,0.006382388959203622,0.0067140401206163824,0.0072304546886761524,-0.024172464733388375,0.04080449913126239,0.0003316511614127604,0.0003316511614127604,0.675,0.613,0.5495,0.4155,-0.03142001421845597,-0.030742387282824746,-0.074026386506418,0.004770898637207996,Coverage-limited,26,2000,26,26,12,17.0,21,9.0,True,088a50bdbb9ef120efe923f0115589b111fc7d86131a09e38469ed7984237fc8
M2_Macro_Oil_vs_M3_Macro_Oil_RegQuality_Score__normalized__Oil_Rent_Intensive_Pre2016_ge15pct,Regulatory_Quality_Score_lag1,normalized,Inward_FDI_Net_Flow_GDP_Pct_asinh,Oil_Rent_Intensive_Pre2016_ge15pct,Future_Period,train_to_2018__test_from_2019,Ridge,100,26,3875216240,signal_increment,M2_Macro_Oil,M3_Macro_Oil_RegQuality_Score,2000,6.57444918217287e-06,1.8871790279761935e-05,4.251044385827962e-06,-0.00035346023928603515,0.00027664107851806395,1.2297341097589065e-05,1.2297341097589065e-05,0.548,0.0,0.0,0.0,-8.84113517577445e-05,-9.19609319570136e-05,-0.0004633054753596682,0.00031341129147146587,Coverage-limited,26,2000,26,26,12,17.0,21,9.0,True,088a50bdbb9ef120efe923f0115589b111fc7d86131a09e38469ed7984237fc8
M2_Macro_Oil_vs_M3_Macro_Oil_RegQuality_Score__normalized__Oil_Rent_Intensive_Pre2016_ge1pct,Regulatory_Quality_Score_lag1,normalized,Inward_FDI_Net_Flow_GDP_Pct_asinh,Oil_Rent_Intensive_Pre2016_ge1pct,Country_Holdout_CV,OOF_ALL_FOLDS,ElasticNet,1390,69,1526732898,signal_increment,M2_Macro_Oil,M3_Macro_Oil_RegQuality_Score,2000,-0.00147310828284819,-0.0014128751827957586,-0.0015071879133635954,-0.00421433100963859,0.0007652826250094072,6.023310005243143e-05,6.023310005243143e-05,0.114,0.001,0.0,0.0,-0.00017509756452538383,-0.00014435473467183657,-0.0027008010029064985,0.002380487498973906,Unsupported,69,2000,69,69,35,44.0,51,25.0,True,9c4d529a655da26eb5f84d91d6f95fbd4f5753a0fe7545743516cc461066e8d3
M2_Macro_Oil_vs_M3_Macro_Oil_RegQuality_Score__normalized__Oil_Rent_Intensive_Pre2016_ge1pct,Regulatory_Quality_Score_lag1,normalized,Inward_FDI_Net_Flow_GDP_Pct_asinh,Oil_Rent_Intensive_Pre2016_ge1pct,Country_Holdout_CV,OOF_ALL_FOLDS,RandomForest,1390,69,1526732898,signal_increment,M2_Macro_Oil,M3_Macro_Oil_RegQuality_Score,2000,0.00044382352953187265,0.0004546547573897608,-0.00012140611063279388,-0.028440061975688567,0.024207857155155093,1.0831227857888148e-05,1.0831227857888148e-05,0.517,0.4395,0.3595,0.2195,-0.0005915027262337613,-0.0007876980949365064,-0.019587795312707428,0.02321536151929826,Setup-dependent,69,2000,69,69,35,44.0,51,25.0,True,9c4d529a655da26eb5f84d91d6f95fbd4f5753a0fe7545743516cc461066e8d3
M2_Macro_Oil_vs_M3_Macro_Oil_RegQuality_Score__normalized__Oil_Rent_Intensive_Pre2016_ge1pct,Regulatory_Quality_Score_lag1,normalized,Inward_FDI_Net_Flow_GDP_Pct_asinh,Oil_Rent_Intensive_Pre2016_ge1pct,Country_Holdout_CV,OOF_ALL_FOLDS,Ridge,1390,69,1526732898,signal_increment,M2_Macro_Oil,M3_Macro_Oil_RegQuality_Score,2000,-0.001519515238368907,-0.0014484655997486495,-0.0015815369825820764,-0.006998908667971006,0.002683109388407477,7.104963862025748e-05,7.104963862025748e-05,0.273,0.035,0.001,0.0,-0.0006128880474787213,-0.0006590764614938793,-0.004739549412774982,0.0038880834924343638,Setup-dependent,69,2000,69,69,35,44.0,51,25.0,True,9c4d529a655da26eb5f84d91d6f95fbd4f5753a0fe7545743516cc461066e8d3
M2_Macro_Oil_vs_M3_Macro_Oil_RegQuality_Score__normalized__Oil_Rent_Intensive_Pre2016_ge1pct,Regulatory_Quality_Score_lag1,normalized,Inward_FDI_Net_Flow_GDP_Pct_asinh,Oil_Rent_Intensive_Pre2016_ge1pct,Future_Period,train_to_2012__test_from_2013,ElasticNet,627,68,3896865375,signal_increment,M2_Macro_Oil,M3_Macro_Oil_RegQuality_Score,2000,-4.725912734482307e-07,-4.981646086199554e-07,-4.996072647704408e-07,-1.959744320856326e-06,9.194561444797465e-07,-2.5573335171724665e-08,2.5573335171724665e-08,0.257,0.0,0.0,0.0,-6.541866068854318e-07,-6.47052386559821e-07,-2.1615216382636635e-06,8.624973324100614e-07,Setup-dependent,68,2000,68,68,34,43.0,53,25.0,True,3e750784ff3da4ba301d2862cba3b840c4fa61ad8a5f3d90fdd0ac9ca071fa16
M2_Macro_Oil_vs_M3_Macro_Oil_RegQuality_Score__normalized__Oil_Rent_Intensive_Pre2016_ge1pct,Regulatory_Quality_Score_lag1,normalized,Inward_FDI_Net_Flow_GDP_Pct_asinh,Oil_Rent_Intensive_Pre2016_ge1pct,Future_Period,train_to_2012__test_from_2013,RandomForest,627,68,3896865375,signal_increment,M2_Macro_Oil,M3_Macro_Oil_RegQuality_Score,2000,0.021500050578490915,0.020820625143870897,0.020319835777271308,-0.017271229571451142,0.05902050584794185,-0.0006794254346200179,0.0006794254346200179,0.8615,0.8285,0.7935,0.7145,-0.01632171876721944,-0.016160293619298827,-0.03925359752788401,0.007061525805794562,Directionally positive but marginal,68,2000,68,68,34,43.0,53,25.0,True,3e750784ff3da4ba301d2862cba3b840c4fa61ad8a5f3d90fdd0ac9ca071fa16
M2_Macro_Oil_vs_M3_Macro_Oil_RegQuality_Score__normalized__Oil_Rent_Intensive_Pre2016_ge1pct,Regulatory_Quality_Score_lag1,normalized,Inward_FDI_Net_Flow_GDP_Pct_asinh,Oil_Rent_Intensive_Pre2016_ge1pct,Future_Period,train_to_2012__test_from_2013,Ridge,627,68,3896865375,signal_increment,M2_Macro_Oil,M3_Macro_Oil_RegQuality_Score,2000,0.0015996033234394469,0.0016170088131881033,0.0016389873004515165,0.00019585255568892195,0.0032112874153895792,1.740548974865641e-05,1.740548974865641e-05,0.987,0.1315,0.0005,0.0,-0.0011232679792692046,-0.001114896603867821,-0.003046476375741058,0.0007499434113999611,Directionally positive but marginal,68,2000,68,68,34,43.0,53,25.0,True,3e750784ff3da4ba301d2862cba3b840c4fa61ad8a5f3d90fdd0ac9ca071fa16
M2_Macro_Oil_vs_M3_Macro_Oil_RegQuality_Score__normalized__Oil_Rent_Intensive_Pre2016_ge1pct,Regulatory_Quality_Score_lag1,normalized,Inward_FDI_Net_Flow_GDP_Pct_asinh,Oil_Rent_Intensive_Pre2016_ge1pct,Future_Period,train_to_2014__test_from_2015,ElasticNet,496,68,4002381505,signal_increment,M2_Macro_Oil,M3_Macro_Oil_RegQuality_Score,2000,0.0006451537438009192,0.0006693985529422353,0.0006640796837004965,-0.00046240872683610815,0.0017730823156260733,2.4244809141316104e-05,2.4244809141316104e-05,0.8885,0.002,0.0,0.0,-0.00028455993737486196,-0.0002916980141968728,-0.0015130123508685504,0.0009425589144925246,Directionally positive but marginal,68,2000,68,68,36,43.0,52,25.0,True,b7a8ebaca8184a1e04d8fee32ea26919e7f9e4354c901d9377330b2dab9e5cef
M2_Macro_Oil_vs_M3_Macro_Oil_RegQuality_Score__normalized__Oil_Rent_Intensive_Pre2016_ge1pct,Regulatory_Quality_Score_lag1,normalized,Inward_FDI_Net_Flow_GDP_Pct_asinh,Oil_Rent_Intensive_Pre2016_ge1pct,Future_Period,train_to_2014__test_from_2015,RandomForest,496,68,4002381505,signal_increment,M2_Macro_Oil,M3_Macro_Oil_RegQuality_Score,2000,0.005652291029991097,0.005505868787522239,0.0054985267497392395,-0.020499065616110722,0.03303309636220068,-0.0001464222424688577,0.0001464222424688577,0.6485,0.5825,0.5115,0.3655,-0.007589945249265373,-0.007333210280576208,-0.0282415178163306,0.012156606160690258,Setup-dependent,68,2000,68,68,36,43.0,52,25.0,True,b7a8ebaca8184a1e04d8fee32ea26919e7f9e4354c901d9377330b2dab9e5cef
M2_Macro_Oil_vs_M3_Macro_Oil_RegQuality_Score__normalized__Oil_Rent_Intensive_Pre2016_ge1pct,Regulatory_Quality_Score_lag1,normalized,Inward_FDI_Net_Flow_GDP_Pct_asinh,Oil_Rent_Intensive_Pre2016_ge1pct,Future_Period,train_to_2014__test_from_2015,Ridge,496,68,4002381505,signal_increment,M2_Macro_Oil,M3_Macro_Oil_RegQuality_Score,2000,0.0017639393011582571,0.0018714721521783662,0.001812678709752048,-0.0025033759642122044,0.005709716904131655,0.00010753285102010901,0.00010753285102010901,0.817,0.376,0.055,0.0005,-0.000791686496301014,-0.0008150075727162975,-0.005201810692318045,0.0035481599810131305,Directionally positive but marginal,68,2000,68,68,36,43.0,52,25.0,True,b7a8ebaca8184a1e04d8fee32ea26919e7f9e4354c901d9377330b2dab9e5cef
M2_Macro_Oil_vs_M3_Macro_Oil_RegQuality_Score__normalized__Oil_Rent_Intensive_Pre2016_ge1pct,Regulatory_Quality_Score_lag1,normalized,Inward_FDI_Net_Flow_GDP_Pct_asinh,Oil_Rent_Intensive_Pre2016_ge1pct,Future_Period,train_to_2015__test_from_2016,ElasticNet,431,65,1446855793,signal_increment,M2_Macro_Oil,M3_Macro_Oil_RegQuality_Score,2000,-1.2201135879408298e-08,-1.8413350233448256e-08,-8.321122267951342e-09,-2.3483171314175873e-07,2.539668350592936e-07,-6.212214354039958e-09,6.212214354039958e-09,0.4485,0.0,0.0,0.0,-8.6024276146901e-08,-8.591140415736831e-08,-3.2217041092408297e-07,1.4584372617365552e-07,Setup-dependent,65,2000,65,65,33,41.0,50,24.0,True,4dcb76870663c0e817bd3c163508e2362e9d4175fd2cb47a050c2fdafc39b612
M2_Macro_Oil_vs_M3_Macro_Oil_RegQuality_Score__normalized__Oil_Rent_Intensive_Pre2016_ge1pct,Regulatory_Quality_Score_lag1,normalized,Inward_FDI_Net_Flow_GDP_Pct_asinh,Oil_Rent_Intensive_Pre2016_ge1pct,Future_Period,train_to_2015__test_from_2016,RandomForest,431,65,1446855793,signal_increment,M2_Macro_Oil,M3_Macro_Oil_RegQuality_Score,2000,-0.014723409232414553,-0.014296591007745107,-0.01469587205660893,-0.043904308876386106,0.011519304479667439,0.0004268182246694452,0.0004268182246694452,0.1405,0.0935,0.0665,0.033,-0.0019836232253441777,-0.0022108827747145954,-0.028723548879843415,0.02319915030380044,Unsupported,65,2000,65,65,33,41.0,50,24.0,True,4dcb76870663c0e817bd3c163508e2362e9d4175fd2cb47a050c2fdafc39b612
M2_Macro_Oil_vs_M3_Macro_Oil_RegQuality_Score__normalized__Oil_Rent_Intensive_Pre2016_ge1pct,Regulatory_Quality_Score_lag1,normalized,Inward_FDI_Net_Flow_GDP_Pct_asinh,Oil_Rent_Intensive_Pre2016_ge1pct,Future_Period,train_to_2015__test_from_2016,Ridge,431,65,1446855793,signal_increment,M2_Macro_Oil,M3_Macro_Oil_RegQuality_Score,2000,0.0013437266188428554,0.001329153730683763,0.0013564827760116187,0.00024545548628515966,0.002585311530977888,-1.4572888159092301e-05,1.4572888159092301e-05,0.992,0.036,0.0,0.0,-0.0005775636779810078,-0.000557259925252851,-0.001983149897829209,0.0008109296443527357,Directionally positive but marginal,65,2000,65,65,33,41.0,50,24.0,True,4dcb76870663c0e817bd3c163508e2362e9d4175fd2cb47a050c2fdafc39b612
M2_Macro_Oil_vs_M3_Macro_Oil_RegQuality_Score__normalized__Oil_Rent_Intensive_Pre2016_ge1pct,Regulatory_Quality_Score_lag1,normalized,Inward_FDI_Net_Flow_GDP_Pct_asinh,Oil_Rent_Intensive_Pre2016_ge1pct,Future_Period,train_to_2016__test_from_2017,ElasticNet,368,65,802932972,signal_increment,M2_Macro_Oil,M3_Macro_Oil_RegQuality_Score,2000,7.246069866351235e-08,5.694167432013231e-08,6.961052785753318e-08,-6.380329564070749e-07,8.342128906130272e-07,-1.551902434338004e-08,1.551902434338004e-08,0.5645,0.0,0.0,0.0,-2.1470610933604917e-07,-2.0804798195328544e-07,-8.39235249533443e-07,3.9435533309983835e-07,Setup-dependent,65,2000,65,65,33,41.0,49,24.0,True,82540b14ad07641d2a7c710688900f505c50c470d0e24d0d316dd04e06c50299
M2_Macro_Oil_vs_M3_Macro_Oil_RegQuality_Score__normalized__Oil_Rent_Intensive_Pre2016_ge1pct,Regulatory_Quality_Score_lag1,normalized,Inward_FDI_Net_Flow_GDP_Pct_asinh,Oil_Rent_Intensive_Pre2016_ge1pct,Future_Period,train_to_2016__test_from_2017,RandomForest,368,65,802932972,signal_increment,M2_Macro_Oil,M3_Macro_Oil_RegQuality_Score,2000,-0.034502695704058506,-0.03403456664847815,-0.033321716020284955,-0.05668542805194609,-0.004365408996438933,0.00046812905558035744,0.00046812905558035744,0.014,0.009,0.0055,0.003,0.007349837071131904,0.007126735416905505,-0.014623146862083089,0.02891623330931293,Unsupported,65,2000,65,65,33,41.0,49,24.0,True,82540b14ad07641d2a7c710688900f505c50c470d0e24d0d316dd04e06c50299
M2_Macro_Oil_vs_M3_Macro_Oil_RegQuality_Score__normalized__Oil_Rent_Intensive_Pre2016_ge1pct,Regulatory_Quality_Score_lag1,normalized,Inward_FDI_Net_Flow_GDP_Pct_asinh,Oil_Rent_Intensive_Pre2016_ge1pct,Future_Period,train_to_2016__test_from_2017,Ridge,368,65,802932972,signal_increment,M2_Macro_Oil,M3_Macro_Oil_RegQuality_Score,2000,0.0020383771587514365,0.0020086377062368266,0.0021316176372632245,0.00019564518899643508,0.004562312853456319,-2.9739452514609965e-05,2.9739452514609965e-05,0.9845,0.344,0.015,0.0,-0.0004906107101887436,-0.0004205095732944808,-0.003121524599899081,0.0023176596332028926,Directionally positive but marginal,65,2000,65,65,33,41.0,49,24.0,True,82540b14ad07641d2a7c710688900f505c50c470d0e24d0d316dd04e06c50299
M2_Macro_Oil_vs_M3_Macro_Oil_RegQuality_Score__normalized__Oil_Rent_Intensive_Pre2016_ge1pct,Regulatory_Quality_Score_lag1,normalized,Inward_FDI_Net_Flow_GDP_Pct_asinh,Oil_Rent_Intensive_Pre2016_ge1pct,Future_Period,train_to_2018__test_from_2019,ElasticNet,244,63,2097743263,signal_increment,M2_Macro_Oil,M3_Macro_Oil_RegQuality_Score,2000,0.0006166033325287756,0.0006343323076726803,0.0006118631650056106,-0.001251400387205534,0.002346583335742545,1.77289751439047e-05,1.77289751439047e-05,0.757,0.017,0.0,0.0,-0.00028959349483181906,-0.00025990321620023016,-0.0020453191801698824,0.001616065845827729,Setup-dependent,63,2000,63,63,32,40.0,48,23.0,True,d6df988f6bc83271ed817aaa8f1b24496bea5300337484a0ccc0a92c90406322
M2_Macro_Oil_vs_M3_Macro_Oil_RegQuality_Score__normalized__Oil_Rent_Intensive_Pre2016_ge1pct,Regulatory_Quality_Score_lag1,normalized,Inward_FDI_Net_Flow_GDP_Pct_asinh,Oil_Rent_Intensive_Pre2016_ge1pct,Future_Period,train_to_2018__test_from_2019,RandomForest,244,63,2097743263,signal_increment,M2_Macro_Oil,M3_Macro_Oil_RegQuality_Score,2000,0.025672768805413693,0.025457319590528604,0.02601156677794211,-0.009482099406826457,0.0649786400704275,-0.0002154492148850884,0.0002154492148850884,0.924,0.8995,0.8775,0.8075,-0.028880893030749033,-0.028416565319600795,-0.05745954141928122,-0.0021344207847347127,Directionally positive but marginal,63,2000,63,63,32,40.0,48,23.0,True,d6df988f6bc83271ed817aaa8f1b24496bea5300337484a0ccc0a92c90406322
M2_Macro_Oil_vs_M3_Macro_Oil_RegQuality_Score__normalized__Oil_Rent_Intensive_Pre2016_ge1pct,Regulatory_Quality_Score_lag1,normalized,Inward_FDI_Net_Flow_GDP_Pct_asinh,Oil_Rent_Intensive_Pre2016_ge1pct,Future_Period,train_to_2018__test_from_2019,Ridge,244,63,2097743263,signal_increment,M2_Macro_Oil,M3_Macro_Oil_RegQuality_Score,2000,0.0012772617261017638,0.001334943300295044,0.0012305343751229407,-0.004477613893566059,0.006445252458579519,5.768157419328013e-05,5.768157419328013e-05,0.6865,0.325,0.0725,0.0005,-0.00035171490282526197,-0.00031219858316205995,-0.005544565352959462,0.005205288068368274,Setup-dependent,63,2000,63,63,32,40.0,48,23.0,True,d6df988f6bc83271ed817aaa8f1b24496bea5300337484a0ccc0a92c90406322
M2_Macro_Oil_vs_M3_Macro_Oil_RegQuality_Score__normalized__Oil_Rent_Intensive_Pre2016_ge5pct,Regulatory_Quality_Score_lag1,normalized,Inward_FDI_Net_Flow_GDP_Pct_asinh,Oil_Rent_Intensive_Pre2016_ge5pct,Country_Holdout_CV,OOF_ALL_FOLDS,ElasticNet,892,45,81889760,signal_increment,M2_Macro_Oil,M3_Macro_Oil_RegQuality_Score,2000,-0.0038586508474112158,-0.0035777439284256363,-0.003975184622992748,-0.010710745649738503,0.0012169459817018156,0.0002809069189855795,0.0002809069189855795,0.082,0.005,0.0005,0.0,0.003152025736914865,0.0030727900937742025,-0.002976047704189871,0.010435795320044928,Unsupported,45,2000,45,45,22,29.0,36,16.0,True,cf5472c88de24fa46dd62c5b8a37f69379c62bf2534e58e2065a45ef98c2f8bc
M2_Macro_Oil_vs_M3_Macro_Oil_RegQuality_Score__normalized__Oil_Rent_Intensive_Pre2016_ge5pct,Regulatory_Quality_Score_lag1,normalized,Inward_FDI_Net_Flow_GDP_Pct_asinh,Oil_Rent_Intensive_Pre2016_ge5pct,Country_Holdout_CV,OOF_ALL_FOLDS,RandomForest,892,45,81889760,signal_increment,M2_Macro_Oil,M3_Macro_Oil_RegQuality_Score,2000,-0.0219674123750333,-0.022635920177578872,-0.024143025509040333,-0.07426228638842024,0.017118630242691026,-0.0006685078025455704,0.0006685078025455704,0.133,0.1105,0.088,0.053,0.02267354982164993,0.023329578900604164,-0.003938386626014796,0.052694724991650614,Unsupported,45,2000,45,45,22,29.0,36,16.0,True,cf5472c88de24fa46dd62c5b8a37f69379c62bf2534e58e2065a45ef98c2f8bc
M2_Macro_Oil_vs_M3_Macro_Oil_RegQuality_Score__normalized__Oil_Rent_Intensive_Pre2016_ge5pct,Regulatory_Quality_Score_lag1,normalized,Inward_FDI_Net_Flow_GDP_Pct_asinh,Oil_Rent_Intensive_Pre2016_ge5pct,Country_Holdout_CV,OOF_ALL_FOLDS,Ridge,892,45,81889760,signal_increment,M2_Macro_Oil,M3_Macro_Oil_RegQuality_Score,2000,-0.004881131266776695,-0.004527013733371277,-0.005023042413227065,-0.015318951282150474,0.002846630406955395,0.00035411753340541807,0.00035411753340541807,0.1355,0.033,0.0045,0.0,0.002845315462495668,0.002711957322732772,-0.005754234913869163,0.013117098527574743,Unsupported,45,2000,45,45,22,29.0,36,16.0,True,cf5472c88de24fa46dd62c5b8a37f69379c62bf2534e58e2065a45ef98c2f8bc
M2_Macro_Oil_vs_M3_Macro_Oil_RegQuality_Score__normalized__Oil_Rent_Intensive_Pre2016_ge5pct,Regulatory_Quality_Score_lag1,normalized,Inward_FDI_Net_Flow_GDP_Pct_asinh,Oil_Rent_Intensive_Pre2016_ge5pct,Future_Period,train_to_2012__test_from_2013,ElasticNet,405,44,316400300,signal_increment,M2_Macro_Oil,M3_Macro_Oil_RegQuality_Score,2000,0.00026882837438024776,0.0002713738743854721,0.0002738363281580074,-0.0004021444453505049,0.0009337793127720068,2.545500005224355e-06,2.545500005224355e-06,0.802,0.0,0.0,0.0,-0.00045847510359930954,-0.00045787389643303644,-0.0013768576515645918,0.00037949594872997423,Directionally positive but marginal,44,2000,44,44,21,28.0,35,16.0,True,3e27743d25cdc8f9f04a1c45107f39266d15eed5804cc79247216bd670cc7c4b
M2_Macro_Oil_vs_M3_Macro_Oil_RegQuality_Score__normalized__Oil_Rent_Intensive_Pre2016_ge5pct,Regulatory_Quality_Score_lag1,normalized,Inward_FDI_Net_Flow_GDP_Pct_asinh,Oil_Rent_Intensive_Pre2016_ge5pct,Future_Period,train_to_2012__test_from_2013,RandomForest,405,44,316400300,signal_increment,M2_Macro_Oil,M3_Macro_Oil_RegQuality_Score,2000,0.022588631327143727,0.022657691228888777,0.022821165206952265,-0.002262091272961784,0.049995077530554655,6.905990174504995e-05,6.905990174504995e-05,0.9615,0.9425,0.9105,0.8375,-0.00755808309677708,-0.008279868171534088,-0.026753671272045042,0.011534290632315881,Directionally positive but marginal,44,2000,44,44,21,28.0,35,16.0,True,3e27743d25cdc8f9f04a1c45107f39266d15eed5804cc79247216bd670cc7c4b
M2_Macro_Oil_vs_M3_Macro_Oil_RegQuality_Score__normalized__Oil_Rent_Intensive_Pre2016_ge5pct,Regulatory_Quality_Score_lag1,normalized,Inward_FDI_Net_Flow_GDP_Pct_asinh,Oil_Rent_Intensive_Pre2016_ge5pct,Future_Period,train_to_2012__test_from_2013,Ridge,405,44,316400300,signal_increment,M2_Macro_Oil,M3_Macro_Oil_RegQuality_Score,2000,0.0021869218993295636,0.002234158900520533,0.002325967105837064,-7.446557390372429e-06,0.005033389400215734,4.723700119096952e-05,4.723700119096952e-05,0.974,0.428,0.026,0.0,-0.0032204547312780774,-0.0032456420935936814,-0.006967797109235601,-6.33227372943194e-05,Directionally positive but marginal,44,2000,44,44,21,28.0,35,16.0,True,3e27743d25cdc8f9f04a1c45107f39266d15eed5804cc79247216bd670cc7c4b
M2_Macro_Oil_vs_M3_Macro_Oil_RegQuality_Score__normalized__Oil_Rent_Intensive_Pre2016_ge5pct,Regulatory_Quality_Score_lag1,normalized,Inward_FDI_Net_Flow_GDP_Pct_asinh,Oil_Rent_Intensive_Pre2016_ge5pct,Future_Period,train_to_2014__test_from_2015,ElasticNet,320,44,2727026215,signal_increment,M2_Macro_Oil,M3_Macro_Oil_RegQuality_Score,2000,0.0009233359058516966,0.0010121959949648818,0.0009643581679106146,-0.0029223017929128257,0.004566295406153109,8.886008911318521e-05,8.886008911318521e-05,0.713,0.1925,0.015,0.0,-0.0008685296576675938,-0.0008470212991187887,-0.005526093843095295,0.0036773038233538407,Setup-dependent,44,2000,44,44,20,28.0,35,16.0,True,442a0f7e90253f7d2f2cf60eaaf17721f28f8565987c7e8fd776bc328d4118e8
M2_Macro_Oil_vs_M3_Macro_Oil_RegQuality_Score__normalized__Oil_Rent_Intensive_Pre2016_ge5pct,Regulatory_Quality_Score_lag1,normalized,Inward_FDI_Net_Flow_GDP_Pct_asinh,Oil_Rent_Intensive_Pre2016_ge5pct,Future_Period,train_to_2014__test_from_2015,RandomForest,320,44,2727026215,signal_increment,M2_Macro_Oil,M3_Macro_Oil_RegQuality_Score,2000,-0.030774998947400767,-0.030224123042363715,-0.030342274124625198,-0.060465712704924464,0.0011365010338309392,0.0005508759050370515,0.0005508759050370515,0.0275,0.0215,0.0145,0.0075,0.009266807999114501,0.009170601915614307,-0.01054068138124822,0.026863567430007625,Unsupported,44,2000,44,44,20,28.0,35,16.0,True,442a0f7e90253f7d2f2cf60eaaf17721f28f8565987c7e8fd776bc328d4118e8
M2_Macro_Oil_vs_M3_Macro_Oil_RegQuality_Score__normalized__Oil_Rent_Intensive_Pre2016_ge5pct,Regulatory_Quality_Score_lag1,normalized,Inward_FDI_Net_Flow_GDP_Pct_asinh,Oil_Rent_Intensive_Pre2016_ge5pct,Future_Period,train_to_2014__test_from_2015,Ridge,320,44,2727026215,signal_increment,M2_Macro_Oil,M3_Macro_Oil_RegQuality_Score,2000,0.0011228393669234782,0.0013043161598817465,0.0011713442312146984,-0.005611886642983854,0.0072100569200117285,0.00018147679295826835,0.00018147679295826835,0.6655,0.336,0.106,0.003,-0.0013658438254672278,-0.0013647289139406826,-0.008835094366987581,0.006116470131822673,Setup-dependent,44,2000,44,44,20,28.0,35,16.0,True,442a0f7e90253f7d2f2cf60eaaf17721f28f8565987c7e8fd776bc328d4118e8
M2_Macro_Oil_vs_M3_Macro_Oil_RegQuality_Score__normalized__Oil_Rent_Intensive_Pre2016_ge5pct,Regulatory_Quality_Score_lag1,normalized,Inward_FDI_Net_Flow_GDP_Pct_asinh,Oil_Rent_Intensive_Pre2016_ge5pct,Future_Period,train_to_2015__test_from_2016,ElasticNet,278,41,1631355922,signal_increment,M2_Macro_Oil,M3_Macro_Oil_RegQuality_Score,2000,0.0004962769055834038,0.0005001663685753055,0.0005134437991823045,-8.624076434302618e-05,0.001145718627418185,3.889462991901738e-06,3.889462991901738e-06,0.956,0.0,0.0,0.0,-0.00022161454564162408,-0.0002285634565099559,-0.0011511291845600733,0.0006672267439644301,Directionally positive but marginal,41,2000,41,41,19,26.0,32,15.0,True,d8ba7a5301640bcbd2f112f3f59b79e8f8430b8ea24b22a370685699fff10c37
M2_Macro_Oil_vs_M3_Macro_Oil_RegQuality_Score__normalized__Oil_Rent_Intensive_Pre2016_ge5pct,Regulatory_Quality_Score_lag1,normalized,Inward_FDI_Net_Flow_GDP_Pct_asinh,Oil_Rent_Intensive_Pre2016_ge5pct,Future_Period,train_to_2015__test_from_2016,RandomForest,278,41,1631355922,signal_increment,M2_Macro_Oil,M3_Macro_Oil_RegQuality_Score,2000,-0.03573873443761877,-0.03374914396885431,-0.033781985032423544,-0.09220459719086604,0.024453862802901103,0.0019895904687644572,0.0019895904687644572,0.13,0.11,0.095,0.067,0.017548138817467862,0.017658635478979723,-0.013799851132984198,0.05329689777786805,Unsupported,41,2000,41,41,19,26.0,32,15.0,True,d8ba7a5301640bcbd2f112f3f59b79e8f8430b8ea24b22a370685699fff10c37
M2_Macro_Oil_vs_M3_Macro_Oil_RegQuality_Score__normalized__Oil_Rent_Intensive_Pre2016_ge5pct,Regulatory_Quality_Score_lag1,normalized,Inward_FDI_Net_Flow_GDP_Pct_asinh,Oil_Rent_Intensive_Pre2016_ge5pct,Future_Period,train_to_2015__test_from_2016,Ridge,278,41,1631355922,signal_increment,M2_Macro_Oil,M3_Macro_Oil_RegQuality_Score,2000,0.0020926703061576735,0.002128598086085398,0.0021651428355029187,-0.00044506936498916105,0.004847428545254298,3.592777992772467e-05,3.592777992772467e-05,0.951,0.383,0.0205,0.0,-0.0012043675085696703,-0.0012441304883055726,-0.005142621717586215,0.0024940235617696644,Directionally positive but marginal,41,2000,41,41,19,26.0,32,15.0,True,d8ba7a5301640bcbd2f112f3f59b79e8f8430b8ea24b22a370685699fff10c37
M2_Macro_Oil_vs_M3_Macro_Oil_RegQuality_Score__normalized__Oil_Rent_Intensive_Pre2016_ge5pct,Regulatory_Quality_Score_lag1,normalized,Inward_FDI_Net_Flow_GDP_Pct_asinh,Oil_Rent_Intensive_Pre2016_ge5pct,Future_Period,train_to_2016__test_from_2017,ElasticNet,238,41,135806537,signal_increment,M2_Macro_Oil,M3_Macro_Oil_RegQuality_Score,2000,0.00029056925514026055,0.0002865001898890718,0.00030105765921858865,7.313973535350019e-06,0.0006607389724130219,-4.069065251188775e-06,4.069065251188775e-06,0.9795,0.0,0.0,0.0,-0.0001066815984374081,-9.820689898915047e-05,-0.0005879689915717938,0.00040110236844814414,Directionally positive but marginal,41,2000,41,41,20,26.0,34,15.0,True,1a5f0392960bfcccff6f44e41e5719fb64598c5fae6e158e69e51928985a80d0
M2_Macro_Oil_vs_M3_Macro_Oil_RegQuality_Score__normalized__Oil_Rent_Intensive_Pre2016_ge5pct,Regulatory_Quality_Score_lag1,normalized,Inward_FDI_Net_Flow_GDP_Pct_asinh,Oil_Rent_Intensive_Pre2016_ge5pct,Future_Period,train_to_2016__test_from_2017,RandomForest,238,41,135806537,signal_increment,M2_Macro_Oil,M3_Macro_Oil_RegQuality_Score,2000,0.032026046600102664,0.031434065751124896,0.03191740564875095,-0.004641666495125773,0.0693267539497059,-0.0005919808489777689,0.0005919808489777689,0.956,0.939,0.924,0.8855,-0.010871328693362936,-0.010593212747738334,-0.04160281537194294,0.0183325522723841,Directionally positive but marginal,41,2000,41,41,20,26.0,34,15.0,True,1a5f0392960bfcccff6f44e41e5719fb64598c5fae6e158e69e51928985a80d0
M2_Macro_Oil_vs_M3_Macro_Oil_RegQuality_Score__normalized__Oil_Rent_Intensive_Pre2016_ge5pct,Regulatory_Quality_Score_lag1,normalized,Inward_FDI_Net_Flow_GDP_Pct_asinh,Oil_Rent_Intensive_Pre2016_ge5pct,Future_Period,train_to_2016__test_from_2017,Ridge,238,41,135806537,signal_increment,M2_Macro_Oil,M3_Macro_Oil_RegQuality_Score,2000,0.0020663039456497723,0.002036846128313008,0.002138980962589018,-9.433926868748515e-06,0.004730525922407945,-2.9457817336764336e-05,2.9457817336764336e-05,0.9735,0.3465,0.018,0.0,-0.0009023811799361292,-0.0008361111121103493,-0.004433228043002137,0.00277360600322354,Directionally positive but marginal,41,2000,41,41,20,26.0,34,15.0,True,1a5f0392960bfcccff6f44e41e5719fb64598c5fae6e158e69e51928985a80d0
M2_Macro_Oil_vs_M3_Macro_Oil_RegQuality_Score__normalized__Oil_Rent_Intensive_Pre2016_ge5pct,Regulatory_Quality_Score_lag1,normalized,Inward_FDI_Net_Flow_GDP_Pct_asinh,Oil_Rent_Intensive_Pre2016_ge5pct,Future_Period,train_to_2018__test_from_2019,ElasticNet,158,41,1473492214,signal_increment,M2_Macro_Oil,M3_Macro_Oil_RegQuality_Score,2000,0.0008960210824884296,0.0009742258775190527,0.0009188400618295186,-0.0029727979724545823,0.00433831381952018,7.820479503062305e-05,7.820479503062305e-05,0.7115,0.186,0.0115,0.0,-3.959334106795609e-06,-6.340215953598571e-05,-0.0042706957839355264,0.004220832304147711,Setup-dependent,41,2000,41,41,20,26.0,34,15.0,True,6f1f4ce29994acde21638bc1acb42561d63a39eee92481c4be7bbdd6edb20fb1
M2_Macro_Oil_vs_M3_Macro_Oil_RegQuality_Score__normalized__Oil_Rent_Intensive_Pre2016_ge5pct,Regulatory_Quality_Score_lag1,normalized,Inward_FDI_Net_Flow_GDP_Pct_asinh,Oil_Rent_Intensive_Pre2016_ge5pct,Future_Period,train_to_2018__test_from_2019,RandomForest,158,41,1473492214,signal_increment,M2_Macro_Oil,M3_Macro_Oil_RegQuality_Score,2000,-0.0024435888825705687,-0.0021986184041534185,-0.0015451205617344858,-0.03385702838253609,0.03543670583456124,0.00024497047841715025,0.00024497047841715025,0.4505,0.395,0.353,0.248,-0.00546512930403531,-0.006008812624597293,-0.03382428981397091,0.023347084473969854,Setup-dependent,41,2000,41,41,20,26.0,34,15.0,True,6f1f4ce29994acde21638bc1acb42561d63a39eee92481c4be7bbdd6edb20fb1
M2_Macro_Oil_vs_M3_Macro_Oil_RegQuality_Score__normalized__Oil_Rent_Intensive_Pre2016_ge5pct,Regulatory_Quality_Score_lag1,normalized,Inward_FDI_Net_Flow_GDP_Pct_asinh,Oil_Rent_Intensive_Pre2016_ge5pct,Future_Period,train_to_2018__test_from_2019,Ridge,158,41,1473492214,signal_increment,M2_Macro_Oil,M3_Macro_Oil_RegQuality_Score,2000,0.001450309755838819,0.0015848118767099462,0.0014779123121869114,-0.006217562216703702,0.007978322198748344,0.00013450212087112723,0.00013450212087112723,0.6815,0.3915,0.1505,0.0065,-6.181635758151227e-05,-0.00016997160935994238,-0.00807466281751251,0.007820512454639307,Setup-dependent,41,2000,41,41,20,26.0,34,15.0,True,6f1f4ce29994acde21638bc1acb42561d63a39eee92481c4be7bbdd6edb20fb1
M2_Macro_Oil_vs_M3_Macro_Oil_RegQuality_Score__primary__All_Eligible,Regulatory_Quality_Score_lag1,primary,Inward_FDI_Net_Flow_asinh,All_Eligible,Country_Holdout_CV,OOF_ALL_FOLDS,ElasticNet,3829,184,3668648123,signal_increment,M2_Macro_Oil,M3_Macro_Oil_RegQuality_Score,2000,0.0014129659814485773,0.0014049965384433927,0.0013988546679989747,-0.0008025495461721762,0.003488353206325226,-7.969443005184651e-06,7.969443005184651e-06,0.897,0.1645,0.001,0.0,-0.004839903406961055,-0.004930205981891422,-0.017089746813431117,0.00718853673210182,Directionally positive but marginal,184,2000,184,184,101,117.0,130,67.0,True,af1809c262ab78144c4204c95b965fac92e10e6e2ccece68f2d46f551ffc75b4
M2_Macro_Oil_vs_M3_Macro_Oil_RegQuality_Score__primary__All_Eligible,Regulatory_Quality_Score_lag1,primary,Inward_FDI_Net_Flow_asinh,All_Eligible,Country_Holdout_CV,OOF_ALL_FOLDS,RandomForest,3829,184,3668648123,signal_increment,M2_Macro_Oil,M3_Macro_Oil_RegQuality_Score,2000,0.015926858407040445,0.016231884710861733,0.015894522117318368,-0.0041695460380297466,0.03415645789413158,0.0003050263038212875,0.0003050263038212875,0.9445,0.9065,0.8625,0.733,-0.016774375358158178,-0.016966422383366653,-0.05366285766108891,0.020725316180119215,Directionally positive but marginal,184,2000,184,184,101,117.0,130,67.0,True,af1809c262ab78144c4204c95b965fac92e10e6e2ccece68f2d46f551ffc75b4
M2_Macro_Oil_vs_M3_Macro_Oil_RegQuality_Score__primary__All_Eligible,Regulatory_Quality_Score_lag1,primary,Inward_FDI_Net_Flow_asinh,All_Eligible,Country_Holdout_CV,OOF_ALL_FOLDS,Ridge,3829,184,3668648123,signal_increment,M2_Macro_Oil,M3_Macro_Oil_RegQuality_Score,2000,0.0013984061439628048,0.0014046178823953204,0.0013754489072360352,-0.0010510951477048361,0.0036576986631957575,6.211738432515546e-06,6.211738432515546e-06,0.8795,0.178,0.002,0.0,-0.0037013503711449403,-0.0037539757503949334,-0.016726616136318366,0.009084201329153318,Directionally positive but marginal,184,2000,184,184,101,117.0,130,67.0,True,af1809c262ab78144c4204c95b965fac92e10e6e2ccece68f2d46f551ffc75b4
M2_Macro_Oil_vs_M3_Macro_Oil_RegQuality_Score__primary__All_Eligible,Regulatory_Quality_Score_lag1,primary,Inward_FDI_Net_Flow_asinh,All_Eligible,Future_Period,train_to_2012__test_from_2013,ElasticNet,1761,183,512650454,signal_increment,M2_Macro_Oil,M3_Macro_Oil_RegQuality_Score,2000,0.0028991033452551163,0.0028943083931072255,0.00288601226480583,0.0014197196802968415,0.00428560492684685,-4.794952147890719e-06,4.794952147890719e-06,1.0,0.7105,0.003,0.0,0.005499987568422293,0.005523090337451131,-0.002754250507765586,0.014176517863556524,Directionally positive but marginal,183,2000,183,183,98,116.0,128,67.0,True,e30ada65137ca980b3f30de28f9cdaf2631c671e02f2573c1048c385c5de73d1
M2_Macro_Oil_vs_M3_Macro_Oil_RegQuality_Score__primary__All_Eligible,Regulatory_Quality_Score_lag1,primary,Inward_FDI_Net_Flow_asinh,All_Eligible,Future_Period,train_to_2012__test_from_2013,RandomForest,1761,183,512650454,signal_increment,M2_Macro_Oil,M3_Macro_Oil_RegQuality_Score,2000,0.017666243410094817,0.016916597962452373,0.017480391061831843,-0.0006941415360320377,0.03876268754765876,-0.0007496454476424441,0.0007496454476424441,0.969,0.943,0.897,0.7615,-0.039092230735069844,-0.038724683166262985,-0.07757509777601977,0.0009000271304175867,Directionally positive but marginal,183,2000,183,183,98,116.0,128,67.0,True,e30ada65137ca980b3f30de28f9cdaf2631c671e02f2573c1048c385c5de73d1
M2_Macro_Oil_vs_M3_Macro_Oil_RegQuality_Score__primary__All_Eligible,Regulatory_Quality_Score_lag1,primary,Inward_FDI_Net_Flow_asinh,All_Eligible,Future_Period,train_to_2012__test_from_2013,Ridge,1761,183,512650454,signal_increment,M2_Macro_Oil,M3_Macro_Oil_RegQuality_Score,2000,0.003043059099740897,0.0030371177188553977,0.0030272456065023696,0.0016264487335479584,0.004342597076672068,-5.941380885499115e-06,5.941380885499115e-06,1.0,0.7815,0.0035,0.0,0.005394936377105086,0.005431514189506603,-0.002593075842603796,0.013942437101419533,Directionally positive but marginal,183,2000,183,183,98,116.0,128,67.0,True,e30ada65137ca980b3f30de28f9cdaf2631c671e02f2573c1048c385c5de73d1
M2_Macro_Oil_vs_M3_Macro_Oil_RegQuality_Score__primary__All_Eligible,Regulatory_Quality_Score_lag1,primary,Inward_FDI_Net_Flow_asinh,All_Eligible,Future_Period,train_to_2014__test_from_2015,ElasticNet,1402,183,198186962,signal_increment,M2_Macro_Oil,M3_Macro_Oil_RegQuality_Score,2000,0.00274007199869275,0.00275628965069169,0.0027570745027769954,0.0010010677073159565,0.004512819521764411,1.6217651998939875e-05,1.6217651998939875e-05,0.999,0.6155,0.007,0.0,0.0075322053184643245,0.0074118771762548,-0.0021559870416758935,0.017129665159881517,Directionally positive but marginal,183,2000,183,183,101,116.0,131,67.0,True,4c6b4643a52d3420f7e5ca3ca9a66808883157ad797db1c89521688b22edd6c9
M2_Macro_Oil_vs_M3_Macro_Oil_RegQuality_Score__primary__All_Eligible,Regulatory_Quality_Score_lag1,primary,Inward_FDI_Net_Flow_asinh,All_Eligible,Future_Period,train_to_2014__test_from_2015,RandomForest,1402,183,198186962,signal_increment,M2_Macro_Oil,M3_Macro_Oil_RegQuality_Score,2000,-0.011443071453279718,-0.011493767983794423,-0.011492242729925974,-0.03938898318967903,0.016340742673475545,-5.069653051470446e-05,5.069653051470446e-05,0.213,0.1665,0.1185,0.0625,-0.037983642731231004,-0.038223927447528006,-0.08203610013780344,0.008442815468825585,Setup-dependent,183,2000,183,183,101,116.0,131,67.0,True,4c6b4643a52d3420f7e5ca3ca9a66808883157ad797db1c89521688b22edd6c9
M2_Macro_Oil_vs_M3_Macro_Oil_RegQuality_Score__primary__All_Eligible,Regulatory_Quality_Score_lag1,primary,Inward_FDI_Net_Flow_asinh,All_Eligible,Future_Period,train_to_2014__test_from_2015,Ridge,1402,183,198186962,signal_increment,M2_Macro_Oil,M3_Macro_Oil_RegQuality_Score,2000,0.002969214991572211,0.002985302643871146,0.002981764992802728,0.0012589456274202527,0.004713741814701385,1.608765229893505e-05,1.608765229893505e-05,1.0,0.7055,0.0115,0.0,0.008890199701484747,0.008740078783331828,-0.0008621444740996068,0.018640268803851955,Directionally positive but marginal,183,2000,183,183,101,116.0,131,67.0,True,4c6b4643a52d3420f7e5ca3ca9a66808883157ad797db1c89521688b22edd6c9
M2_Macro_Oil_vs_M3_Macro_Oil_RegQuality_Score__primary__All_Eligible,Regulatory_Quality_Score_lag1,primary,Inward_FDI_Net_Flow_asinh,All_Eligible,Future_Period,train_to_2015__test_from_2016,ElasticNet,1223,181,2442830287,signal_increment,M2_Macro_Oil,M3_Macro_Oil_RegQuality_Score,2000,0.0024375026317703385,0.0024599123209437246,0.002460584560185551,0.000707256565954889,0.004184796933816783,2.2409689173386038e-05,2.2409689173386038e-05,0.9955,0.4815,0.0045,0.0,0.008262629778247543,0.008431843308373987,-0.001226576835650858,0.01829816402724005,Directionally positive but marginal,181,2000,181,181,99,115.0,129,66.0,True,71fa71bbe22e6eeeff23b4bb1dae1fdfd024d1e21737e4770bfe2d46a85a86c5
M2_Macro_Oil_vs_M3_Macro_Oil_RegQuality_Score__primary__All_Eligible,Regulatory_Quality_Score_lag1,primary,Inward_FDI_Net_Flow_asinh,All_Eligible,Future_Period,train_to_2015__test_from_2016,RandomForest,1223,181,2442830287,signal_increment,M2_Macro_Oil,M3_Macro_Oil_RegQuality_Score,2000,-0.031525681526974325,-0.030225504484102383,-0.030897596207075,-0.062084818271861436,-0.0025934573041657884,0.0013001770428719417,0.0013001770428719417,0.0145,0.01,0.0045,0.002,-0.020565894954780894,-0.020525348318506054,-0.06669283536703502,0.024681869012320768,Unsupported,181,2000,181,181,99,115.0,129,66.0,True,71fa71bbe22e6eeeff23b4bb1dae1fdfd024d1e21737e4770bfe2d46a85a86c5
M2_Macro_Oil_vs_M3_Macro_Oil_RegQuality_Score__primary__All_Eligible,Regulatory_Quality_Score_lag1,primary,Inward_FDI_Net_Flow_asinh,All_Eligible,Future_Period,train_to_2015__test_from_2016,Ridge,1223,181,2442830287,signal_increment,M2_Macro_Oil,M3_Macro_Oil_RegQuality_Score,2000,0.0026458786738292606,0.002663324530550626,0.002663728094647129,0.0009435648236459182,0.004383117057865023,1.7445856721365338e-05,1.7445856721365338e-05,0.997,0.5735,0.005,0.0,0.008970066542638211,0.009130291684130931,-0.0004599487250097828,0.018958607454886055,Directionally positive but marginal,181,2000,181,181,99,115.0,129,66.0,True,71fa71bbe22e6eeeff23b4bb1dae1fdfd024d1e21737e4770bfe2d46a85a86c5
M2_Macro_Oil_vs_M3_Macro_Oil_RegQuality_Score__primary__All_Eligible,Regulatory_Quality_Score_lag1,primary,Inward_FDI_Net_Flow_asinh,All_Eligible,Future_Period,train_to_2016__test_from_2017,ElasticNet,1045,180,2946056579,signal_increment,M2_Macro_Oil,M3_Macro_Oil_RegQuality_Score,2000,0.002405558149975895,0.0024829855209346774,0.002472537836630544,0.00028059760874644686,0.004643749805945162,7.742737095878249e-05,7.742737095878249e-05,0.9875,0.4945,0.0145,0.0,0.010058980408811813,0.009653445330557453,-0.0012325156216731045,0.02175101354424602,Directionally positive but marginal,180,2000,180,180,101,114.0,130,66.0,True,498a5bcddfe9c9d63ba6b261a95a0934521a2f6c2954def1d98fd6a6e027ec8a
M2_Macro_Oil_vs_M3_Macro_Oil_RegQuality_Score__primary__All_Eligible,Regulatory_Quality_Score_lag1,primary,Inward_FDI_Net_Flow_asinh,All_Eligible,Future_Period,train_to_2016__test_from_2017,RandomForest,1045,180,2946056579,signal_increment,M2_Macro_Oil,M3_Macro_Oil_RegQuality_Score,2000,-0.009199479075039596,-0.008149013205714206,-0.007841780645072304,-0.04944712863411958,0.03411941840413528,0.0010504658693253899,0.0010504658693253899,0.3575,0.3155,0.2675,0.208,-0.03008540465788556,-0.030587950404794895,-0.09711004530453543,0.040289796229093885,Setup-dependent,180,2000,180,180,101,114.0,130,66.0,True,498a5bcddfe9c9d63ba6b261a95a0934521a2f6c2954def1d98fd6a6e027ec8a
M2_Macro_Oil_vs_M3_Macro_Oil_RegQuality_Score__primary__All_Eligible,Regulatory_Quality_Score_lag1,primary,Inward_FDI_Net_Flow_asinh,All_Eligible,Future_Period,train_to_2016__test_from_2017,Ridge,1045,180,2946056579,signal_increment,M2_Macro_Oil,M3_Macro_Oil_RegQuality_Score,2000,0.0026932530107123265,0.002753344427854909,0.002753900171280066,0.0005455700922931407,0.004974872266552769,6.009141714258259e-05,6.009141714258259e-05,0.9925,0.583,0.024,0.0,0.011635624118202514,0.011248629537170651,4.2409469118157535e-05,0.023397904570809987,Directionally positive but marginal,180,2000,180,180,101,114.0,130,66.0,True,498a5bcddfe9c9d63ba6b261a95a0934521a2f6c2954def1d98fd6a6e027ec8a
M2_Macro_Oil_vs_M3_Macro_Oil_RegQuality_Score__primary__All_Eligible,Regulatory_Quality_Score_lag1,primary,Inward_FDI_Net_Flow_asinh,All_Eligible,Future_Period,train_to_2018__test_from_2019,ElasticNet,693,177,1845065906,signal_increment,M2_Macro_Oil,M3_Macro_Oil_RegQuality_Score,2000,0.002353406552255133,0.0023403311826328266,0.0023705135606587563,2.3402215055457526e-05,0.0048486400762942665,-1.3075369622306265e-05,1.3075369622306265e-05,0.976,0.4455,0.018,0.0,0.012833655529763455,0.012937710612527908,-7.625025741124569e-07,0.025094302445520533,Directionally positive but marginal,177,2000,177,177,98,112.0,128,65.0,True,eb1647aad434ce821a0e21e3d3994875d4effd211e838faedad8c8639dacc9fc
M2_Macro_Oil_vs_M3_Macro_Oil_RegQuality_Score__primary__All_Eligible,Regulatory_Quality_Score_lag1,primary,Inward_FDI_Net_Flow_asinh,All_Eligible,Future_Period,train_to_2018__test_from_2019,RandomForest,693,177,1845065906,signal_increment,M2_Macro_Oil,M3_Macro_Oil_RegQuality_Score,2000,-0.023331449674899418,-0.020652169775332296,-0.02285390645545253,-0.09110159880080052,0.03518153189488405,0.002679279899567122,0.002679279899567122,0.2485,0.221,0.199,0.1605,-0.015468301813204466,-0.013823635625229702,-0.09078696771444952,0.06437564945845727,Setup-dependent,177,2000,177,177,98,112.0,128,65.0,True,eb1647aad434ce821a0e21e3d3994875d4effd211e838faedad8c8639dacc9fc
M2_Macro_Oil_vs_M3_Macro_Oil_RegQuality_Score__primary__All_Eligible,Regulatory_Quality_Score_lag1,primary,Inward_FDI_Net_Flow_asinh,All_Eligible,Future_Period,train_to_2018__test_from_2019,Ridge,693,177,1845065906,signal_increment,M2_Macro_Oil,M3_Macro_Oil_RegQuality_Score,2000,0.002573001174428491,0.002554912972684009,0.002584508216960248,8.6304667502557e-05,0.005172362158423857,-1.808820174448167e-05,1.808820174448167e-05,0.9795,0.5185,0.0325,0.0,0.016324174766423116,0.016285289519244683,0.0028980504059314127,0.029361871497341513,Directionally positive but marginal,177,2000,177,177,98,112.0,128,65.0,True,eb1647aad434ce821a0e21e3d3994875d4effd211e838faedad8c8639dacc9fc
M2_Macro_Oil_vs_M3_Macro_Oil_RegQuality_Score__primary__Oil_Rent_Intensive_Pre2016_ge10pct,Regulatory_Quality_Score_lag1,primary,Inward_FDI_Net_Flow_asinh,Oil_Rent_Intensive_Pre2016_ge10pct,Country_Holdout_CV,OOF_ALL_FOLDS,ElasticNet,655,34,2584578201,signal_increment,M2_Macro_Oil,M3_Macro_Oil_RegQuality_Score,2000,-0.005704508498184713,-0.005466386180923155,-0.006046418293299224,-0.018909692482933865,0.0026046592534015043,0.00023812231726155764,0.00023812231726155764,0.1075,0.0255,0.005,0.0,0.04583269067646478,0.044708336366207524,-0.006559828120696153,0.10519300536210914,Unsupported,34,2000,34,34,15,22.0,27,12.0,True,99391b0e4b22d4720b6c470caa9b0997646eccb35ff26d317e4f9eb4a52021c2
M2_Macro_Oil_vs_M3_Macro_Oil_RegQuality_Score__primary__Oil_Rent_Intensive_Pre2016_ge10pct,Regulatory_Quality_Score_lag1,primary,Inward_FDI_Net_Flow_asinh,Oil_Rent_Intensive_Pre2016_ge10pct,Country_Holdout_CV,OOF_ALL_FOLDS,RandomForest,655,34,2584578201,signal_increment,M2_Macro_Oil,M3_Macro_Oil_RegQuality_Score,2000,0.011619254846707228,0.012401575408608034,0.012108879429519798,-0.02640187192344745,0.052928021521448376,0.0007823205619008067,0.0007823205619008067,0.7325,0.691,0.6395,0.5485,-0.06700340893104428,-0.06421903746302804,-0.18646791590152467,0.030836387561729073,Setup-dependent,34,2000,34,34,15,22.0,27,12.0,True,99391b0e4b22d4720b6c470caa9b0997646eccb35ff26d317e4f9eb4a52021c2
M2_Macro_Oil_vs_M3_Macro_Oil_RegQuality_Score__primary__Oil_Rent_Intensive_Pre2016_ge10pct,Regulatory_Quality_Score_lag1,primary,Inward_FDI_Net_Flow_asinh,Oil_Rent_Intensive_Pre2016_ge10pct,Country_Holdout_CV,OOF_ALL_FOLDS,Ridge,655,34,2584578201,signal_increment,M2_Macro_Oil,M3_Macro_Oil_RegQuality_Score,2000,-0.006685218827602868,-0.006386976867417349,-0.007058731047699105,-0.02135151016056526,0.0024039988693779777,0.00029824196018551907,0.00029824196018551907,0.096,0.0235,0.005,0.0,0.05021280196729894,0.04835650352969134,-0.005214197730225783,0.1137087120942192,Unsupported,34,2000,34,34,15,22.0,27,12.0,True,99391b0e4b22d4720b6c470caa9b0997646eccb35ff26d317e4f9eb4a52021c2
M2_Macro_Oil_vs_M3_Macro_Oil_RegQuality_Score__primary__Oil_Rent_Intensive_Pre2016_ge10pct,Regulatory_Quality_Score_lag1,primary,Inward_FDI_Net_Flow_asinh,Oil_Rent_Intensive_Pre2016_ge10pct,Future_Period,train_to_2012__test_from_2013,ElasticNet,296,33,3990949860,signal_increment,M2_Macro_Oil,M3_Macro_Oil_RegQuality_Score,2000,0.0021127444329400724,0.0021461816797255784,0.002148277992928965,-0.00024269836283739805,0.004422157972920331,3.343724678550597e-05,3.343724678550597e-05,0.9615,0.388,0.0105,0.0,-0.005532117821533511,-0.005455605859362889,-0.02940115009800451,0.02040706930901493,Directionally positive but marginal,33,2000,33,33,14,21.0,26,12.0,True,eb79d2c26e9f339b6a760fb4edc1289bfae523f4ed00ce5d9970edaa385e9922
M2_Macro_Oil_vs_M3_Macro_Oil_RegQuality_Score__primary__Oil_Rent_Intensive_Pre2016_ge10pct,Regulatory_Quality_Score_lag1,primary,Inward_FDI_Net_Flow_asinh,Oil_Rent_Intensive_Pre2016_ge10pct,Future_Period,train_to_2012__test_from_2013,RandomForest,296,33,3990949860,signal_increment,M2_Macro_Oil,M3_Macro_Oil_RegQuality_Score,2000,-0.005385889123158072,-0.004273983461592079,-0.005354717974928567,-0.03574109117548343,0.021182465153388685,0.0011119056615659928,0.0011119056615659928,0.3905,0.3265,0.273,0.1685,0.0367473936484668,0.03306203836021426,-0.041258891543205514,0.1292251094953634,Setup-dependent,33,2000,33,33,14,21.0,26,12.0,True,eb79d2c26e9f339b6a760fb4edc1289bfae523f4ed00ce5d9970edaa385e9922
M2_Macro_Oil_vs_M3_Macro_Oil_RegQuality_Score__primary__Oil_Rent_Intensive_Pre2016_ge10pct,Regulatory_Quality_Score_lag1,primary,Inward_FDI_Net_Flow_asinh,Oil_Rent_Intensive_Pre2016_ge10pct,Future_Period,train_to_2012__test_from_2013,Ridge,296,33,3990949860,signal_increment,M2_Macro_Oil,M3_Macro_Oil_RegQuality_Score,2000,0.0022725974082156153,0.0023046497531595267,0.0023096868142305016,-0.00021755212801744753,0.004739415058315956,3.2052344943911404e-05,3.2052344943911404e-05,0.965,0.447,0.0175,0.0,-0.005178882550421093,-0.005015258510588927,-0.030767457117348254,0.022176497728292253,Directionally positive but marginal,33,2000,33,33,14,21.0,26,12.0,True,eb79d2c26e9f339b6a760fb4edc1289bfae523f4ed00ce5d9970edaa385e9922
M2_Macro_Oil_vs_M3_Macro_Oil_RegQuality_Score__primary__Oil_Rent_Intensive_Pre2016_ge10pct,Regulatory_Quality_Score_lag1,primary,Inward_FDI_Net_Flow_asinh,Oil_Rent_Intensive_Pre2016_ge10pct,Future_Period,train_to_2014__test_from_2015,ElasticNet,233,33,2905250126,signal_increment,M2_Macro_Oil,M3_Macro_Oil_RegQuality_Score,2000,0.0014046687533475488,0.0013607769317843244,0.0012930047445044327,-0.0025312271692673905,0.004506719628444399,-4.3891821563224465e-05,4.3891821563224465e-05,0.775,0.252,0.0135,0.0,0.002275356450563315,0.0020874789402989258,-0.02677215913179627,0.03330744825964496,Setup-dependent,33,2000,33,33,15,21.0,26,12.0,True,871fceea271f8436b7ad93c4773a6f8ebe8c6234a904795f99a8efd041ed4087
M2_Macro_Oil_vs_M3_Macro_Oil_RegQuality_Score__primary__Oil_Rent_Intensive_Pre2016_ge10pct,Regulatory_Quality_Score_lag1,primary,Inward_FDI_Net_Flow_asinh,Oil_Rent_Intensive_Pre2016_ge10pct,Future_Period,train_to_2014__test_from_2015,RandomForest,233,33,2905250126,signal_increment,M2_Macro_Oil,M3_Macro_Oil_RegQuality_Score,2000,0.0032022212971293262,0.0042065897411797115,0.004864100949702124,-0.026456420129422148,0.03873008080347989,0.0010043684440503853,0.0010043684440503853,0.606,0.545,0.4775,0.3615,-0.12199124539132589,-0.12285799201088765,-0.2558776380715602,0.002770781030856393,Setup-dependent,33,2000,33,33,15,21.0,26,12.0,True,871fceea271f8436b7ad93c4773a6f8ebe8c6234a904795f99a8efd041ed4087
M2_Macro_Oil_vs_M3_Macro_Oil_RegQuality_Score__primary__Oil_Rent_Intensive_Pre2016_ge10pct,Regulatory_Quality_Score_lag1,primary,Inward_FDI_Net_Flow_asinh,Oil_Rent_Intensive_Pre2016_ge10pct,Future_Period,train_to_2014__test_from_2015,Ridge,233,33,2905250126,signal_increment,M2_Macro_Oil,M3_Macro_Oil_RegQuality_Score,2000,0.0015074399719801068,0.0014627635983104903,0.0013911076733069767,-0.002570842315381858,0.004783983405212574,-4.467637366961652e-05,4.467637366961652e-05,0.7835,0.275,0.019,0.0,0.00244136658237748,0.0021355970465011254,-0.027957880338512823,0.035017419426184776,Setup-dependent,33,2000,33,33,15,21.0,26,12.0,True,871fceea271f8436b7ad93c4773a6f8ebe8c6234a904795f99a8efd041ed4087
M2_Macro_Oil_vs_M3_Macro_Oil_RegQuality_Score__primary__Oil_Rent_Intensive_Pre2016_ge10pct,Regulatory_Quality_Score_lag1,primary,Inward_FDI_Net_Flow_asinh,Oil_Rent_Intensive_Pre2016_ge10pct,Future_Period,train_to_2015__test_from_2016,ElasticNet,202,31,1153608530,signal_increment,M2_Macro_Oil,M3_Macro_Oil_RegQuality_Score,2000,0.0012495332097416378,0.0012660967329206074,0.0012102958979795617,-0.001001129461306686,0.003234288305269568,1.6563523178969586e-05,1.6563523178969586e-05,0.8595,0.1145,0.0,0.0,0.0012777486550277217,0.0011966516820574036,-0.015424411169667349,0.021215827245160968,Directionally positive but marginal,31,2000,31,31,15,20.0,26,11.0,True,5b24e3ae70cb323573f5bb3de5508b3ab65ecec017281afa856d5aa2d54f0bab
M2_Macro_Oil_vs_M3_Macro_Oil_RegQuality_Score__primary__Oil_Rent_Intensive_Pre2016_ge10pct,Regulatory_Quality_Score_lag1,primary,Inward_FDI_Net_Flow_asinh,Oil_Rent_Intensive_Pre2016_ge10pct,Future_Period,train_to_2015__test_from_2016,RandomForest,202,31,1153608530,signal_increment,M2_Macro_Oil,M3_Macro_Oil_RegQuality_Score,2000,-0.025378625900190133,-0.022766826381457217,-0.022532341965373365,-0.06701252028792362,0.022052356780947906,0.0026117995187329157,0.0026117995187329157,0.174,0.146,0.1235,0.0735,0.10408052621745734,0.09550284679507359,-0.0652950230672064,0.3051525891093044,Unsupported,31,2000,31,31,15,20.0,26,11.0,True,5b24e3ae70cb323573f5bb3de5508b3ab65ecec017281afa856d5aa2d54f0bab
M2_Macro_Oil_vs_M3_Macro_Oil_RegQuality_Score__primary__Oil_Rent_Intensive_Pre2016_ge10pct,Regulatory_Quality_Score_lag1,primary,Inward_FDI_Net_Flow_asinh,Oil_Rent_Intensive_Pre2016_ge10pct,Future_Period,train_to_2015__test_from_2016,Ridge,202,31,1153608530,signal_increment,M2_Macro_Oil,M3_Macro_Oil_RegQuality_Score,2000,0.0013558614510358336,0.001372936661655444,0.0013154500783045834,-0.0010379646975960993,0.0034575292452811183,1.707521061961037e-05,1.707521061961037e-05,0.869,0.1555,0.0005,0.0,0.0008875534008834229,0.0008214805580677442,-0.016811719191126562,0.021996130331944294,Directionally positive but marginal,31,2000,31,31,15,20.0,26,11.0,True,5b24e3ae70cb323573f5bb3de5508b3ab65ecec017281afa856d5aa2d54f0bab
M2_Macro_Oil_vs_M3_Macro_Oil_RegQuality_Score__primary__Oil_Rent_Intensive_Pre2016_ge10pct,Regulatory_Quality_Score_lag1,primary,Inward_FDI_Net_Flow_asinh,Oil_Rent_Intensive_Pre2016_ge10pct,Future_Period,train_to_2016__test_from_2017,ElasticNet,172,30,829328821,signal_increment,M2_Macro_Oil,M3_Macro_Oil_RegQuality_Score,2000,0.001170446495780797,0.0011921284838944946,0.0011787128486993304,-0.0003280028883375743,0.0026040953375892854,2.1681988113697592e-05,2.1681988113697592e-05,0.942,0.0325,0.0,0.0,0.0007076794366667194,0.0005212772886391548,-0.013879952489341783,0.01678324092288035,Directionally positive but marginal,30,2000,30,30,13,19.0,25,11.0,True,e3359c762cc8e22c35e8e6fdadd57ede12310ecff600c9b46acaacc8bc1bddce
M2_Macro_Oil_vs_M3_Macro_Oil_RegQuality_Score__primary__Oil_Rent_Intensive_Pre2016_ge10pct,Regulatory_Quality_Score_lag1,primary,Inward_FDI_Net_Flow_asinh,Oil_Rent_Intensive_Pre2016_ge10pct,Future_Period,train_to_2016__test_from_2017,RandomForest,172,30,829328821,signal_increment,M2_Macro_Oil,M3_Macro_Oil_RegQuality_Score,2000,0.012825803877985154,0.013354884224234365,0.013610659778484378,-0.010439066494475195,0.03977385029927948,0.0005290803462492111,0.0005290803462492111,0.8695,0.822,0.7565,0.6115,-0.09061029972937318,-0.09170747656944367,-0.1812346054923049,-0.003145146397502525,Directionally positive but marginal,30,2000,30,30,13,19.0,25,11.0,True,e3359c762cc8e22c35e8e6fdadd57ede12310ecff600c9b46acaacc8bc1bddce
M2_Macro_Oil_vs_M3_Macro_Oil_RegQuality_Score__primary__Oil_Rent_Intensive_Pre2016_ge10pct,Regulatory_Quality_Score_lag1,primary,Inward_FDI_Net_Flow_asinh,Oil_Rent_Intensive_Pre2016_ge10pct,Future_Period,train_to_2016__test_from_2017,Ridge,172,30,829328821,signal_increment,M2_Macro_Oil,M3_Macro_Oil_RegQuality_Score,2000,0.0012757038444718427,0.0013077253879940631,0.0012833839853293233,-0.00035781800409161456,0.0028480689187518,3.202154352222042e-05,3.202154352222042e-05,0.942,0.059,0.0,0.0,0.000650159265958905,0.00038539033216045127,-0.014807715801952436,0.018220476806526165,Directionally positive but marginal,30,2000,30,30,13,19.0,25,11.0,True,e3359c762cc8e22c35e8e6fdadd57ede12310ecff600c9b46acaacc8bc1bddce
M2_Macro_Oil_vs_M3_Macro_Oil_RegQuality_Score__primary__Oil_Rent_Intensive_Pre2016_ge10pct,Regulatory_Quality_Score_lag1,primary,Inward_FDI_Net_Flow_asinh,Oil_Rent_Intensive_Pre2016_ge10pct,Future_Period,train_to_2018__test_from_2019,ElasticNet,114,30,4244818735,signal_increment,M2_Macro_Oil,M3_Macro_Oil_RegQuality_Score,2000,0.0005885218518864033,0.0006950262756720837,0.0005305788512019821,-0.004521914620450729,0.0046302642431833765,0.00010650442378568048,0.00010650442378568048,0.6225,0.2065,0.013,0.0,0.007507412021052318,0.00751993724029365,-0.025683304628961307,0.04085823353834042,Coverage-limited,30,2000,30,30,14,19.0,25,11.0,True,7ce684f06c1697c9f6fcb00b50794bd0946887ce462f2737be3a89a4644172c4
M2_Macro_Oil_vs_M3_Macro_Oil_RegQuality_Score__primary__Oil_Rent_Intensive_Pre2016_ge10pct,Regulatory_Quality_Score_lag1,primary,Inward_FDI_Net_Flow_asinh,Oil_Rent_Intensive_Pre2016_ge10pct,Future_Period,train_to_2018__test_from_2019,RandomForest,114,30,4244818735,signal_increment,M2_Macro_Oil,M3_Macro_Oil_RegQuality_Score,2000,0.011592873083074773,0.010892785517695625,0.01219226709710518,-0.0336071147886268,0.06545961827346707,-0.0007000875653791483,0.0007000875653791483,0.679,0.6375,0.5965,0.5165,-0.07385588741443927,-0.06821365377337929,-0.261481590232731,0.12168468095720472,Coverage-limited,30,2000,30,30,14,19.0,25,11.0,True,7ce684f06c1697c9f6fcb00b50794bd0946887ce462f2737be3a89a4644172c4
M2_Macro_Oil_vs_M3_Macro_Oil_RegQuality_Score__primary__Oil_Rent_Intensive_Pre2016_ge10pct,Regulatory_Quality_Score_lag1,primary,Inward_FDI_Net_Flow_asinh,Oil_Rent_Intensive_Pre2016_ge10pct,Future_Period,train_to_2018__test_from_2019,Ridge,114,30,4244818735,signal_increment,M2_Macro_Oil,M3_Macro_Oil_RegQuality_Score,2000,0.0005568033198894984,0.0006785632630734173,0.0004904407093225548,-0.004947982570071663,0.0048672996126268315,0.00012175994318391892,0.00012175994318391892,0.613,0.2195,0.0215,0.0,0.008267266774887094,0.008292041030023345,-0.026893070993549716,0.04371213680783647,Coverage-limited,30,2000,30,30,14,19.0,25,11.0,True,7ce684f06c1697c9f6fcb00b50794bd0946887ce462f2737be3a89a4644172c4
M2_Macro_Oil_vs_M3_Macro_Oil_RegQuality_Score__primary__Oil_Rent_Intensive_Pre2016_ge15pct,Regulatory_Quality_Score_lag1,primary,Inward_FDI_Net_Flow_asinh,Oil_Rent_Intensive_Pre2016_ge15pct,Country_Holdout_CV,OOF_ALL_FOLDS,ElasticNet,571,30,1585115778,signal_increment,M2_Macro_Oil,M3_Macro_Oil_RegQuality_Score,2000,-0.012124051582617867,-0.011886861658440995,-0.013025459032036522,-0.030855294405641116,-0.0022412175314531616,0.00023718992417687268,0.00023718992417687268,0.0055,0.0015,0.0,0.0,0.07650056108300118,0.07359846046590279,0.024405762744979145,0.14035681010591125,Unsupported,30,2000,30,30,13,19.0,25,11.0,True,e7c0ffa3971b923c6d43a49bbaaf15aec5f2fb5cd4be111fe775cd66bc8d4a61
M2_Macro_Oil_vs_M3_Macro_Oil_RegQuality_Score__primary__Oil_Rent_Intensive_Pre2016_ge15pct,Regulatory_Quality_Score_lag1,primary,Inward_FDI_Net_Flow_asinh,Oil_Rent_Intensive_Pre2016_ge15pct,Country_Holdout_CV,OOF_ALL_FOLDS,RandomForest,571,30,1585115778,signal_increment,M2_Macro_Oil,M3_Macro_Oil_RegQuality_Score,2000,0.0032718569114971174,0.0028753426801287896,0.003429016940805343,-0.020697456378743293,0.02988322666084514,-0.00039651423136832786,0.00039651423136832786,0.5995,0.5125,0.438,0.294,0.04729391695025864,0.04404995040567372,-0.03763283627978625,0.13913746245129016,Setup-dependent,30,2000,30,30,13,19.0,25,11.0,True,e7c0ffa3971b923c6d43a49bbaaf15aec5f2fb5cd4be111fe775cd66bc8d4a61
M2_Macro_Oil_vs_M3_Macro_Oil_RegQuality_Score__primary__Oil_Rent_Intensive_Pre2016_ge15pct,Regulatory_Quality_Score_lag1,primary,Inward_FDI_Net_Flow_asinh,Oil_Rent_Intensive_Pre2016_ge15pct,Country_Holdout_CV,OOF_ALL_FOLDS,Ridge,571,30,1585115778,signal_increment,M2_Macro_Oil,M3_Macro_Oil_RegQuality_Score,2000,-0.013769212476815507,-0.013507639968445062,-0.014768773936613544,-0.03459016505479332,-0.002759516057255511,0.00026157250837044455,0.00026157250837044455,0.0035,0.001,0.0,0.0,0.08350245077193108,0.08036257241153799,0.0272392502299431,0.15301922885505073,Unsupported,30,2000,30,30,13,19.0,25,11.0,True,e7c0ffa3971b923c6d43a49bbaaf15aec5f2fb5cd4be111fe775cd66bc8d4a61
M2_Macro_Oil_vs_M3_Macro_Oil_RegQuality_Score__primary__Oil_Rent_Intensive_Pre2016_ge15pct,Regulatory_Quality_Score_lag1,primary,Inward_FDI_Net_Flow_asinh,Oil_Rent_Intensive_Pre2016_ge15pct,Future_Period,train_to_2012__test_from_2013,ElasticNet,258,29,3946109080,signal_increment,M2_Macro_Oil,M3_Macro_Oil_RegQuality_Score,2000,-0.0029165908897633708,-0.0029559313230923534,-0.0029400759019891187,-0.00485296531857772,-0.0009368707987327255,-3.934043332898263e-05,3.934043332898263e-05,0.0005,0.0,0.0,0.0,0.01552861186854626,0.015313508825006705,-0.00306328444993381,0.03447990016119098,Unsupported,29,2000,29,29,13,19.0,24,10.0,True,0108a2bb76802c46f2404333911e7626de0ea39d3cf4e5a8715e01494a150ee4
M2_Macro_Oil_vs_M3_Macro_Oil_RegQuality_Score__primary__Oil_Rent_Intensive_Pre2016_ge15pct,Regulatory_Quality_Score_lag1,primary,Inward_FDI_Net_Flow_asinh,Oil_Rent_Intensive_Pre2016_ge15pct,Future_Period,train_to_2012__test_from_2013,RandomForest,258,29,3946109080,signal_increment,M2_Macro_Oil,M3_Macro_Oil_RegQuality_Score,2000,-0.005384569542491002,-0.005216193948491821,-0.005824285182746413,-0.02801398983882952,0.012646772998202873,0.00016837559399918156,0.00016837559399918156,0.306,0.22,0.156,0.056,0.058697959815710465,0.05767332981104145,0.0011831433304806546,0.12630056190515884,Setup-dependent,29,2000,29,29,13,19.0,24,10.0,True,0108a2bb76802c46f2404333911e7626de0ea39d3cf4e5a8715e01494a150ee4
M2_Macro_Oil_vs_M3_Macro_Oil_RegQuality_Score__primary__Oil_Rent_Intensive_Pre2016_ge15pct,Regulatory_Quality_Score_lag1,primary,Inward_FDI_Net_Flow_asinh,Oil_Rent_Intensive_Pre2016_ge15pct,Future_Period,train_to_2012__test_from_2013,Ridge,258,29,3946109080,signal_increment,M2_Macro_Oil,M3_Macro_Oil_RegQuality_Score,2000,-0.0034591757217046215,-0.0035076580878878327,-0.0034920979437288863,-0.005658531217536741,-0.0012692517118696996,-4.848236618321122e-05,4.848236618321122e-05,0.0005,0.0,0.0,0.0,0.017784636862529624,0.017442198137630704,-0.003520457567900259,0.03929385850656495,Unsupported,29,2000,29,29,13,19.0,24,10.0,True,0108a2bb76802c46f2404333911e7626de0ea39d3cf4e5a8715e01494a150ee4
M2_Macro_Oil_vs_M3_Macro_Oil_RegQuality_Score__primary__Oil_Rent_Intensive_Pre2016_ge15pct,Regulatory_Quality_Score_lag1,primary,Inward_FDI_Net_Flow_asinh,Oil_Rent_Intensive_Pre2016_ge15pct,Future_Period,train_to_2014__test_from_2015,ElasticNet,203,29,926533910,signal_increment,M2_Macro_Oil,M3_Macro_Oil_RegQuality_Score,2000,-0.0011240601262488825,-0.0011089030716222026,-0.0011210893340783215,-0.002200182773494899,-0.00012477600551143853,1.5157054626679933e-05,1.5157054626679933e-05,0.0145,0.0,0.0,0.0,0.004637027731911658,0.004541526983760535,-0.0035105432328123216,0.01271859242600032,Unsupported,29,2000,29,29,13,18.0,24,11.0,True,2746a877aa32d4ae0aa713715ddb2a7d6027d206baa07f16f56d5c45d80493c9
M2_Macro_Oil_vs_M3_Macro_Oil_RegQuality_Score__primary__Oil_Rent_Intensive_Pre2016_ge15pct,Regulatory_Quality_Score_lag1,primary,Inward_FDI_Net_Flow_asinh,Oil_Rent_Intensive_Pre2016_ge15pct,Future_Period,train_to_2014__test_from_2015,RandomForest,203,29,926533910,signal_increment,M2_Macro_Oil,M3_Macro_Oil_RegQuality_Score,2000,0.022899102357743062,0.022371465819803926,0.02275782796639151,-0.01023947553269482,0.05759374554915624,-0.0005276365379391357,0.0005276365379391357,0.903,0.873,0.8385,0.7515,-0.06997875893149219,-0.07041224304435612,-0.21996710394444513,0.05200542464003224,Directionally positive but marginal,29,2000,29,29,13,18.0,24,11.0,True,2746a877aa32d4ae0aa713715ddb2a7d6027d206baa07f16f56d5c45d80493c9
M2_Macro_Oil_vs_M3_Macro_Oil_RegQuality_Score__primary__Oil_Rent_Intensive_Pre2016_ge15pct,Regulatory_Quality_Score_lag1,primary,Inward_FDI_Net_Flow_asinh,Oil_Rent_Intensive_Pre2016_ge15pct,Future_Period,train_to_2014__test_from_2015,Ridge,203,29,926533910,signal_increment,M2_Macro_Oil,M3_Macro_Oil_RegQuality_Score,2000,-0.0014284736734234693,-0.0014086607566844989,-0.0014257372805993108,-0.002773508643209879,-0.000185265814858765,1.9812916738970454e-05,1.9812916738970454e-05,0.013,0.0,0.0,0.0,0.005954715099154129,0.0058848659402954695,-0.00417317415010654,0.015985822876065668,Unsupported,29,2000,29,29,13,18.0,24,11.0,True,2746a877aa32d4ae0aa713715ddb2a7d6027d206baa07f16f56d5c45d80493c9
M2_Macro_Oil_vs_M3_Macro_Oil_RegQuality_Score__primary__Oil_Rent_Intensive_Pre2016_ge15pct,Regulatory_Quality_Score_lag1,primary,Inward_FDI_Net_Flow_asinh,Oil_Rent_Intensive_Pre2016_ge15pct,Future_Period,train_to_2015__test_from_2016,ElasticNet,176,27,1780883900,signal_increment,M2_Macro_Oil,M3_Macro_Oil_RegQuality_Score,2000,-0.000847933513277499,-0.0008287992563064672,-0.0008192446111302081,-0.0024871532322275733,0.0008050003107328561,1.913425697103177e-05,1.913425697103177e-05,0.159,0.0,0.0,0.0,0.006785404993332911,0.006737063995360115,-0.0047706288222799965,0.01797898854544335,Unsupported,27,2000,27,27,11,17.0,23,10.0,True,80dd78ea92364b954a7ee44fb011b45b8908d77f7b8734c205b0281e7c81f968
M2_Macro_Oil_vs_M3_Macro_Oil_RegQuality_Score__primary__Oil_Rent_Intensive_Pre2016_ge15pct,Regulatory_Quality_Score_lag1,primary,Inward_FDI_Net_Flow_asinh,Oil_Rent_Intensive_Pre2016_ge15pct,Future_Period,train_to_2015__test_from_2016,RandomForest,176,27,1780883900,signal_increment,M2_Macro_Oil,M3_Macro_Oil_RegQuality_Score,2000,-0.0007749202912701314,-0.0011265660625291996,-0.0010829550377573548,-0.02719846170360903,0.02487395853388251,-0.00035164577125906815,0.00035164577125906815,0.465,0.383,0.317,0.1835,-0.08422357064835051,-0.07639137107769267,-0.23258896848628416,0.03716501472621555,Setup-dependent,27,2000,27,27,11,17.0,23,10.0,True,80dd78ea92364b954a7ee44fb011b45b8908d77f7b8734c205b0281e7c81f968
M2_Macro_Oil_vs_M3_Macro_Oil_RegQuality_Score__primary__Oil_Rent_Intensive_Pre2016_ge15pct,Regulatory_Quality_Score_lag1,primary,Inward_FDI_Net_Flow_asinh,Oil_Rent_Intensive_Pre2016_ge15pct,Future_Period,train_to_2015__test_from_2016,Ridge,176,27,1780883900,signal_increment,M2_Macro_Oil,M3_Macro_Oil_RegQuality_Score,2000,-0.0019070081161050023,-0.0018923793005501954,-0.0019067292696409116,-0.0037346833906986786,-0.0002354902843673237,1.4628815554806884e-05,1.4628815554806884e-05,0.013,0.0,0.0,0.0,0.008186092706320203,0.008154273339592288,-0.007327197492879833,0.021146976777111862,Unsupported,27,2000,27,27,11,17.0,23,10.0,True,80dd78ea92364b954a7ee44fb011b45b8908d77f7b8734c205b0281e7c81f968
M2_Macro_Oil_vs_M3_Macro_Oil_RegQuality_Score__primary__Oil_Rent_Intensive_Pre2016_ge15pct,Regulatory_Quality_Score_lag1,primary,Inward_FDI_Net_Flow_asinh,Oil_Rent_Intensive_Pre2016_ge15pct,Future_Period,train_to_2016__test_from_2017,ElasticNet,150,26,1855290529,signal_increment,M2_Macro_Oil,M3_Macro_Oil_RegQuality_Score,2000,-4.144256152338599e-05,-4.179402670156929e-05,-4.214197319332208e-05,-8.867072210881621e-05,3.349070010580346e-06,-3.514651781832967e-07,3.514651781832967e-07,0.0365,0.0,0.0,0.0,0.00019133211234168002,0.000190784714890313,-0.0002635104388072462,0.0006252322281235289,Unsupported,26,2000,26,26,10,17.0,22,9.0,True,7b8a6942e968b43870c3a1418fc1518606151579ca4bb03a07a483779e5e40b7
M2_Macro_Oil_vs_M3_Macro_Oil_RegQuality_Score__primary__Oil_Rent_Intensive_Pre2016_ge15pct,Regulatory_Quality_Score_lag1,primary,Inward_FDI_Net_Flow_asinh,Oil_Rent_Intensive_Pre2016_ge15pct,Future_Period,train_to_2016__test_from_2017,RandomForest,150,26,1855290529,signal_increment,M2_Macro_Oil,M3_Macro_Oil_RegQuality_Score,2000,0.00555451807002294,0.005332771396887925,0.0059848431640418445,-0.03361754715911093,0.04632683301497977,-0.00022174667313501484,0.00022174667313501484,0.6065,0.5525,0.5055,0.4255,-0.033427130996151355,-0.033133530166602476,-0.22217858858882106,0.14148183456079894,Setup-dependent,26,2000,26,26,10,17.0,22,9.0,True,7b8a6942e968b43870c3a1418fc1518606151579ca4bb03a07a483779e5e40b7
M2_Macro_Oil_vs_M3_Macro_Oil_RegQuality_Score__primary__Oil_Rent_Intensive_Pre2016_ge15pct,Regulatory_Quality_Score_lag1,primary,Inward_FDI_Net_Flow_asinh,Oil_Rent_Intensive_Pre2016_ge15pct,Future_Period,train_to_2016__test_from_2017,Ridge,150,26,1855290529,signal_increment,M2_Macro_Oil,M3_Macro_Oil_RegQuality_Score,2000,-0.0002313639307975901,-0.00023516213985014245,-0.00023500289953298087,-0.0004914069570149781,1.996909844917941e-05,-3.798209052552348e-06,3.798209052552348e-06,0.0335,0.0,0.0,0.0,0.0011109155053823372,0.00110679229580124,-0.0014703188106889409,0.0035800430619815416,Unsupported,26,2000,26,26,10,17.0,22,9.0,True,7b8a6942e968b43870c3a1418fc1518606151579ca4bb03a07a483779e5e40b7
M2_Macro_Oil_vs_M3_Macro_Oil_RegQuality_Score__primary__Oil_Rent_Intensive_Pre2016_ge15pct,Regulatory_Quality_Score_lag1,primary,Inward_FDI_Net_Flow_asinh,Oil_Rent_Intensive_Pre2016_ge15pct,Future_Period,train_to_2018__test_from_2019,ElasticNet,100,26,2818907840,signal_increment,M2_Macro_Oil,M3_Macro_Oil_RegQuality_Score,2000,-0.0001328593174420023,-0.00013317462407552716,-0.000271236168746232,-0.004026543264600035,0.0028079643480572484,-3.153066335248589e-07,3.153066335248589e-07,0.4725,0.041,0.0005,0.0,-0.006106271733872681,-0.006652109178660881,-0.031442600772565395,0.023531737849249956,Coverage-limited,26,2000,26,26,12,17.0,21,9.0,True,f33ab0b65cb2deef1218141ac1a9a1a3cadecd904372bbc6c80cc6dd692a5107
M2_Macro_Oil_vs_M3_Macro_Oil_RegQuality_Score__primary__Oil_Rent_Intensive_Pre2016_ge15pct,Regulatory_Quality_Score_lag1,primary,Inward_FDI_Net_Flow_asinh,Oil_Rent_Intensive_Pre2016_ge15pct,Future_Period,train_to_2018__test_from_2019,RandomForest,100,26,2818907840,signal_increment,M2_Macro_Oil,M3_Macro_Oil_RegQuality_Score,2000,-0.005121849408109558,-0.006298498388507989,-0.006099841319240691,-0.044726632744043725,0.03621840202887226,-0.0011766489803984315,0.0011766489803984315,0.3735,0.332,0.2925,0.219,0.11672389704597252,0.11793629662954253,-0.06622359388639353,0.31962661923914365,Coverage-limited,26,2000,26,26,12,17.0,21,9.0,True,f33ab0b65cb2deef1218141ac1a9a1a3cadecd904372bbc6c80cc6dd692a5107
M2_Macro_Oil_vs_M3_Macro_Oil_RegQuality_Score__primary__Oil_Rent_Intensive_Pre2016_ge15pct,Regulatory_Quality_Score_lag1,primary,Inward_FDI_Net_Flow_asinh,Oil_Rent_Intensive_Pre2016_ge15pct,Future_Period,train_to_2018__test_from_2019,Ridge,100,26,2818907840,signal_increment,M2_Macro_Oil,M3_Macro_Oil_RegQuality_Score,2000,-0.00017849704988748272,-0.00018380630546854793,-0.00033216701985272734,-0.004450721055852237,0.003032296347952265,-5.309255581065209e-06,5.309255581065209e-06,0.463,0.05,0.0005,0.0,-0.0064924349153900884,-0.007090153980765956,-0.034145145224350366,0.02596905015189985,Coverage-limited,26,2000,26,26,12,17.0,21,9.0,True,f33ab0b65cb2deef1218141ac1a9a1a3cadecd904372bbc6c80cc6dd692a5107
M2_Macro_Oil_vs_M3_Macro_Oil_RegQuality_Score__primary__Oil_Rent_Intensive_Pre2016_ge1pct,Regulatory_Quality_Score_lag1,primary,Inward_FDI_Net_Flow_asinh,Oil_Rent_Intensive_Pre2016_ge1pct,Country_Holdout_CV,OOF_ALL_FOLDS,ElasticNet,1391,69,2985981845,signal_increment,M2_Macro_Oil,M3_Macro_Oil_RegQuality_Score,2000,0.00044038293220871605,0.0005398847947431507,0.00045191940086280937,-0.002755779027426801,0.0031123867815735767,9.95018625344346e-05,9.95018625344346e-05,0.6385,0.0875,0.001,0.0,-0.004819197011106446,-0.004916424996480373,-0.022015203925233987,0.011741115512044875,Setup-dependent,69,2000,69,69,34,44.0,53,25.0,True,07983cd89d54b10dbd55c982cafe28bcda9328b89396658361fb0b24344727a4
M2_Macro_Oil_vs_M3_Macro_Oil_RegQuality_Score__primary__Oil_Rent_Intensive_Pre2016_ge1pct,Regulatory_Quality_Score_lag1,primary,Inward_FDI_Net_Flow_asinh,Oil_Rent_Intensive_Pre2016_ge1pct,Country_Holdout_CV,OOF_ALL_FOLDS,RandomForest,1391,69,2985981845,signal_increment,M2_Macro_Oil,M3_Macro_Oil_RegQuality_Score,2000,0.022924340988847103,0.022354090970993723,0.022785222668767466,-0.0025968030411667614,0.049060845121770835,-0.0005702500178533798,0.0005702500178533798,0.9575,0.9445,0.915,0.839,-0.03537453088232967,-0.034220890617117306,-0.10970390498137478,0.03754152354335292,Directionally positive but marginal,69,2000,69,69,34,44.0,53,25.0,True,07983cd89d54b10dbd55c982cafe28bcda9328b89396658361fb0b24344727a4
M2_Macro_Oil_vs_M3_Macro_Oil_RegQuality_Score__primary__Oil_Rent_Intensive_Pre2016_ge1pct,Regulatory_Quality_Score_lag1,primary,Inward_FDI_Net_Flow_asinh,Oil_Rent_Intensive_Pre2016_ge1pct,Country_Holdout_CV,OOF_ALL_FOLDS,Ridge,1391,69,2985981845,signal_increment,M2_Macro_Oil,M3_Macro_Oil_RegQuality_Score,2000,0.00042402335439550853,0.0005188359439757817,0.0004334877534088502,-0.0032005369228630676,0.0034152384290843424,9.481258958027317e-05,9.481258958027317e-05,0.623,0.107,0.0015,0.0,-0.004350148513848406,-0.004479368999215527,-0.02237213311308432,0.013543204925106979,Setup-dependent,69,2000,69,69,34,44.0,53,25.0,True,07983cd89d54b10dbd55c982cafe28bcda9328b89396658361fb0b24344727a4
M2_Macro_Oil_vs_M3_Macro_Oil_RegQuality_Score__primary__Oil_Rent_Intensive_Pre2016_ge1pct,Regulatory_Quality_Score_lag1,primary,Inward_FDI_Net_Flow_asinh,Oil_Rent_Intensive_Pre2016_ge1pct,Future_Period,train_to_2012__test_from_2013,ElasticNet,628,68,335614021,signal_increment,M2_Macro_Oil,M3_Macro_Oil_RegQuality_Score,2000,-0.0014768455866118746,-0.0014749275393970418,-0.0014749631292666784,-0.002235145456185439,-0.0006684816016484569,1.9180472148327965e-06,1.9180472148327965e-06,0.0,0.0,0.0,0.0,0.0005310158992113401,0.0006083939893072321,-0.00470844342887311,0.005855261543759842,Unsupported,68,2000,68,68,35,43.0,53,25.0,True,9a87155a26923b5352697f5cb044040b83bc6cc5788effffb00ae7b829c10e4b
M2_Macro_Oil_vs_M3_Macro_Oil_RegQuality_Score__primary__Oil_Rent_Intensive_Pre2016_ge1pct,Regulatory_Quality_Score_lag1,primary,Inward_FDI_Net_Flow_asinh,Oil_Rent_Intensive_Pre2016_ge1pct,Future_Period,train_to_2012__test_from_2013,RandomForest,628,68,335614021,signal_increment,M2_Macro_Oil,M3_Macro_Oil_RegQuality_Score,2000,-0.0030420088805070966,-0.0029187015559368756,-0.002994162684897507,-0.03186195313602062,0.022975873980349868,0.00012330732457022098,0.00012330732457022098,0.4215,0.3515,0.2895,0.181,-0.050825923465596556,-0.05210047169914134,-0.126247588516107,0.02434461439425002,Setup-dependent,68,2000,68,68,35,43.0,53,25.0,True,9a87155a26923b5352697f5cb044040b83bc6cc5788effffb00ae7b829c10e4b
M2_Macro_Oil_vs_M3_Macro_Oil_RegQuality_Score__primary__Oil_Rent_Intensive_Pre2016_ge1pct,Regulatory_Quality_Score_lag1,primary,Inward_FDI_Net_Flow_asinh,Oil_Rent_Intensive_Pre2016_ge1pct,Future_Period,train_to_2012__test_from_2013,Ridge,628,68,335614021,signal_increment,M2_Macro_Oil,M3_Macro_Oil_RegQuality_Score,2000,-0.0022358869827291405,-0.0022272895436742934,-0.0022352649930749004,-0.0033580378180233235,-0.0010665456977031848,8.597439054847111e-06,8.597439054847111e-06,0.0,0.0,0.0,0.0,0.0014493566379560896,0.0015924762836589945,-0.006247449517982671,0.009432294554962976,Unsupported,68,2000,68,68,35,43.0,53,25.0,True,9a87155a26923b5352697f5cb044040b83bc6cc5788effffb00ae7b829c10e4b
M2_Macro_Oil_vs_M3_Macro_Oil_RegQuality_Score__primary__Oil_Rent_Intensive_Pre2016_ge1pct,Regulatory_Quality_Score_lag1,primary,Inward_FDI_Net_Flow_asinh,Oil_Rent_Intensive_Pre2016_ge1pct,Future_Period,train_to_2014__test_from_2015,ElasticNet,497,68,1077112231,signal_increment,M2_Macro_Oil,M3_Macro_Oil_RegQuality_Score,2000,-2.7210642039587896e-07,-2.5917874663106133e-07,-2.5738503861960635e-07,-5.26575230769266e-07,2.6718507700750977e-08,1.2927673764817627e-08,1.2927673764817627e-08,0.039,0.0,0.0,0.0,-1.5454053388097577e-06,-1.5349515845031192e-06,-2.6462109608105243e-06,-4.78048582652768e-07,Unsupported,68,2000,68,68,34,43.0,52,25.0,True,9da0aecb7b45c778a2daf2c8cf0696faaa95d34cd44bfb98fd8c67c199c7e242
M2_Macro_Oil_vs_M3_Macro_Oil_RegQuality_Score__primary__Oil_Rent_Intensive_Pre2016_ge1pct,Regulatory_Quality_Score_lag1,primary,Inward_FDI_Net_Flow_asinh,Oil_Rent_Intensive_Pre2016_ge1pct,Future_Period,train_to_2014__test_from_2015,RandomForest,497,68,1077112231,signal_increment,M2_Macro_Oil,M3_Macro_Oil_RegQuality_Score,2000,0.0006739516766257614,0.0011702025070626232,0.0006143055131453893,-0.04544012042152595,0.043660112718155064,0.0004962508304368618,0.0004962508304368618,0.522,0.477,0.431,0.3465,-0.04060858848989257,-0.04049923557913104,-0.14141796485952265,0.05647566330390898,Setup-dependent,68,2000,68,68,34,43.0,52,25.0,True,9da0aecb7b45c778a2daf2c8cf0696faaa95d34cd44bfb98fd8c67c199c7e242
M2_Macro_Oil_vs_M3_Macro_Oil_RegQuality_Score__primary__Oil_Rent_Intensive_Pre2016_ge1pct,Regulatory_Quality_Score_lag1,primary,Inward_FDI_Net_Flow_asinh,Oil_Rent_Intensive_Pre2016_ge1pct,Future_Period,train_to_2014__test_from_2015,Ridge,497,68,1077112231,signal_increment,M2_Macro_Oil,M3_Macro_Oil_RegQuality_Score,2000,-0.0003292476481459028,-0.00032956169008369063,-0.0003243233707185118,-0.0005338116648579139,-0.0001114256766214129,-3.140419377878345e-07,3.140419377878345e-07,0.003,0.0,0.0,0.0,2.2328788642056452e-05,4.238440381554298e-06,-0.0012720113094447261,0.0012386103293362534,Unsupported,68,2000,68,68,34,43.0,52,25.0,True,9da0aecb7b45c778a2daf2c8cf0696faaa95d34cd44bfb98fd8c67c199c7e242
M2_Macro_Oil_vs_M3_Macro_Oil_RegQuality_Score__primary__Oil_Rent_Intensive_Pre2016_ge1pct,Regulatory_Quality_Score_lag1,primary,Inward_FDI_Net_Flow_asinh,Oil_Rent_Intensive_Pre2016_ge1pct,Future_Period,train_to_2015__test_from_2016,ElasticNet,432,66,3688939853,signal_increment,M2_Macro_Oil,M3_Macro_Oil_RegQuality_Score,2000,-0.001618720717535438,-0.0016239052008864552,-0.0016316907714029076,-0.0025360478190785602,-0.000768439298310192,-5.184483351017288e-06,5.184483351017288e-06,0.0,0.0,0.0,0.0,0.0005477179052109094,0.0006444314605102974,-0.004688294554997357,0.0060606904234931525,Unsupported,66,2000,66,66,33,42.0,52,24.0,True,f1edd5037665bdcbd08ae2821ad321bb6cca27ab35da31fc4faefd1876b3eb1c
M2_Macro_Oil_vs_M3_Macro_Oil_RegQuality_Score__primary__Oil_Rent_Intensive_Pre2016_ge1pct,Regulatory_Quality_Score_lag1,primary,Inward_FDI_Net_Flow_asinh,Oil_Rent_Intensive_Pre2016_ge1pct,Future_Period,train_to_2015__test_from_2016,RandomForest,432,66,3688939853,signal_increment,M2_Macro_Oil,M3_Macro_Oil_RegQuality_Score,2000,0.015309282207833785,0.015356958001203291,0.013337317417063026,-0.035995662932651044,0.04830666098096597,4.7675793369506e-05,4.7675793369506e-05,0.7765,0.7415,0.6995,0.6095,-0.1336028704648995,-0.1346866729410945,-0.24316103771240585,-0.015108390888619807,Setup-dependent,66,2000,66,66,33,42.0,52,24.0,True,f1edd5037665bdcbd08ae2821ad321bb6cca27ab35da31fc4faefd1876b3eb1c
M2_Macro_Oil_vs_M3_Macro_Oil_RegQuality_Score__primary__Oil_Rent_Intensive_Pre2016_ge1pct,Regulatory_Quality_Score_lag1,primary,Inward_FDI_Net_Flow_asinh,Oil_Rent_Intensive_Pre2016_ge1pct,Future_Period,train_to_2015__test_from_2016,Ridge,432,66,3688939853,signal_increment,M2_Macro_Oil,M3_Macro_Oil_RegQuality_Score,2000,-0.0023274485628763664,-0.002333872449598262,-0.002346928059506873,-0.0036296270506486618,-0.0011465903970449642,-6.423886721895755e-06,6.423886721895755e-06,0.0,0.0,0.0,0.0,0.0010032204331023031,0.0011217098539739734,-0.006233436625822252,0.008808493903297483,Unsupported,66,2000,66,66,33,42.0,52,24.0,True,f1edd5037665bdcbd08ae2821ad321bb6cca27ab35da31fc4faefd1876b3eb1c
M2_Macro_Oil_vs_M3_Macro_Oil_RegQuality_Score__primary__Oil_Rent_Intensive_Pre2016_ge1pct,Regulatory_Quality_Score_lag1,primary,Inward_FDI_Net_Flow_asinh,Oil_Rent_Intensive_Pre2016_ge1pct,Future_Period,train_to_2016__test_from_2017,ElasticNet,368,65,3899291952,signal_increment,M2_Macro_Oil,M3_Macro_Oil_RegQuality_Score,2000,7.59074770595447e-07,6.983775478475174e-07,6.960163856006285e-07,-6.977907605537622e-07,1.9498549058083426e-06,-6.069722274792966e-08,6.069722274792966e-08,0.8465,0.0,0.0,0.0,6.6419174991061425e-06,6.593413360289624e-06,1.759034162429619e-06,1.1675043788550435e-05,Directionally positive but marginal,65,2000,65,65,32,41.0,49,24.0,True,b3c9cd30abdf4f93a1a86fe4fc2bb88a6916a6a285c3a3f1714921510a5044f7
M2_Macro_Oil_vs_M3_Macro_Oil_RegQuality_Score__primary__Oil_Rent_Intensive_Pre2016_ge1pct,Regulatory_Quality_Score_lag1,primary,Inward_FDI_Net_Flow_asinh,Oil_Rent_Intensive_Pre2016_ge1pct,Future_Period,train_to_2016__test_from_2017,RandomForest,368,65,3899291952,signal_increment,M2_Macro_Oil,M3_Macro_Oil_RegQuality_Score,2000,-0.01144364470336634,-0.008253378830753555,-0.010915135993280001,-0.07383957630293368,0.03746159473184779,0.0031902658726127853,0.0031902658726127853,0.384,0.351,0.316,0.246,-0.09318613390197461,-0.09839835236285044,-0.2325376923269364,0.058024967156132805,Setup-dependent,65,2000,65,65,32,41.0,49,24.0,True,b3c9cd30abdf4f93a1a86fe4fc2bb88a6916a6a285c3a3f1714921510a5044f7
M2_Macro_Oil_vs_M3_Macro_Oil_RegQuality_Score__primary__Oil_Rent_Intensive_Pre2016_ge1pct,Regulatory_Quality_Score_lag1,primary,Inward_FDI_Net_Flow_asinh,Oil_Rent_Intensive_Pre2016_ge1pct,Future_Period,train_to_2016__test_from_2017,Ridge,368,65,3899291952,signal_increment,M2_Macro_Oil,M3_Macro_Oil_RegQuality_Score,2000,9.909859091405959e-05,9.935272059830025e-05,9.921106009907105e-05,4.034142092871896e-05,0.0001611021505509541,2.5412968424065596e-07,2.5412968424065596e-07,0.9985,0.0,0.0,0.0,3.499249241967206e-05,3.122778931219372e-05,-0.0003481162187915385,0.0004146069953444352,Directionally positive but marginal,65,2000,65,65,32,41.0,49,24.0,True,b3c9cd30abdf4f93a1a86fe4fc2bb88a6916a6a285c3a3f1714921510a5044f7
M2_Macro_Oil_vs_M3_Macro_Oil_RegQuality_Score__primary__Oil_Rent_Intensive_Pre2016_ge1pct,Regulatory_Quality_Score_lag1,primary,Inward_FDI_Net_Flow_asinh,Oil_Rent_Intensive_Pre2016_ge1pct,Future_Period,train_to_2018__test_from_2019,ElasticNet,244,63,3473014058,signal_increment,M2_Macro_Oil,M3_Macro_Oil_RegQuality_Score,2000,0.0017427850110930398,0.0017254065582319456,0.0017005697630212277,-0.0002307986211464302,0.003620956907694869,-1.7378452861094296e-05,1.7378452861094296e-05,0.956,0.1955,0.001,0.0,0.0015496879550989107,0.0014957236554425934,-0.010946716052307003,0.013656163261882714,Directionally positive but marginal,63,2000,63,63,31,40.0,49,23.0,True,12921702d85927ee5968c4a24619501eb6a22fdc40bbe63be75267163d538f2a
M2_Macro_Oil_vs_M3_Macro_Oil_RegQuality_Score__primary__Oil_Rent_Intensive_Pre2016_ge1pct,Regulatory_Quality_Score_lag1,primary,Inward_FDI_Net_Flow_asinh,Oil_Rent_Intensive_Pre2016_ge1pct,Future_Period,train_to_2018__test_from_2019,RandomForest,244,63,3473014058,signal_increment,M2_Macro_Oil,M3_Macro_Oil_RegQuality_Score,2000,0.011549221742877758,0.012371094953809503,0.01125193264108915,-0.04074865671916686,0.05910525367736271,0.000821873210931745,0.000821873210931745,0.691,0.652,0.6185,0.5395,-0.06705119811200344,-0.06368352857403614,-0.21866961214680697,0.09438564836895734,Setup-dependent,63,2000,63,63,31,40.0,49,23.0,True,12921702d85927ee5968c4a24619501eb6a22fdc40bbe63be75267163d538f2a
M2_Macro_Oil_vs_M3_Macro_Oil_RegQuality_Score__primary__Oil_Rent_Intensive_Pre2016_ge1pct,Regulatory_Quality_Score_lag1,primary,Inward_FDI_Net_Flow_asinh,Oil_Rent_Intensive_Pre2016_ge1pct,Future_Period,train_to_2018__test_from_2019,Ridge,244,63,3473014058,signal_increment,M2_Macro_Oil,M3_Macro_Oil_RegQuality_Score,2000,0.00195629647972162,0.0019290440506301576,0.0019039993617774535,-0.0003422284393559542,0.004051611876415892,-2.7252429091462194e-05,2.7252429091462194e-05,0.955,0.293,0.0035,0.0,0.0023343067834606934,0.002367538206516473,-0.011440662084708937,0.015425252269300188,Directionally positive but marginal,63,2000,63,63,31,40.0,49,23.0,True,12921702d85927ee5968c4a24619501eb6a22fdc40bbe63be75267163d538f2a
M2_Macro_Oil_vs_M3_Macro_Oil_RegQuality_Score__primary__Oil_Rent_Intensive_Pre2016_ge5pct,Regulatory_Quality_Score_lag1,primary,Inward_FDI_Net_Flow_asinh,Oil_Rent_Intensive_Pre2016_ge5pct,Country_Holdout_CV,OOF_ALL_FOLDS,ElasticNet,893,45,698243256,signal_increment,M2_Macro_Oil,M3_Macro_Oil_RegQuality_Score,2000,-0.000917269877450666,-0.0007059417434033266,-0.0010110254204079077,-0.007192883802468961,0.003985100337185479,0.0002113281340473394,0.0002113281340473394,0.381,0.098,0.0065,0.0,0.008967041069699366,0.00796941302892984,-0.023822825173435085,0.04457261965419133,Setup-dependent,45,2000,45,45,22,29.0,35,16.0,True,63aa2f8c5a10daf6bb7da2431b714923f005f0afd7593f30bc85091901869ec4
M2_Macro_Oil_vs_M3_Macro_Oil_RegQuality_Score__primary__Oil_Rent_Intensive_Pre2016_ge5pct,Regulatory_Quality_Score_lag1,primary,Inward_FDI_Net_Flow_asinh,Oil_Rent_Intensive_Pre2016_ge5pct,Country_Holdout_CV,OOF_ALL_FOLDS,RandomForest,893,45,698243256,signal_increment,M2_Macro_Oil,M3_Macro_Oil_RegQuality_Score,2000,0.010060331015710355,0.011068227729492897,0.010456751187568756,-0.025378197890446808,0.04526761101616858,0.0010078967137825412,0.0010078967137825412,0.7205,0.674,0.6175,0.5185,-0.0616308909620078,-0.0616149204385823,-0.15566221107270956,0.03211395193888058,Setup-dependent,45,2000,45,45,22,29.0,35,16.0,True,63aa2f8c5a10daf6bb7da2431b714923f005f0afd7593f30bc85091901869ec4
M2_Macro_Oil_vs_M3_Macro_Oil_RegQuality_Score__primary__Oil_Rent_Intensive_Pre2016_ge5pct,Regulatory_Quality_Score_lag1,primary,Inward_FDI_Net_Flow_asinh,Oil_Rent_Intensive_Pre2016_ge5pct,Country_Holdout_CV,OOF_ALL_FOLDS,Ridge,893,45,698243256,signal_increment,M2_Macro_Oil,M3_Macro_Oil_RegQuality_Score,2000,-0.0014965500188912628,-0.0012559711390874861,-0.0016011786095338674,-0.008608892146207324,0.00386888186491983,0.00024057887980377668,0.00024057887980377668,0.3315,0.0895,0.0065,0.0,0.011532491923095911,0.010460258748108076,-0.02292359256968752,0.04932995928264255,Setup-dependent,45,2000,45,45,22,29.0,35,16.0,True,63aa2f8c5a10daf6bb7da2431b714923f005f0afd7593f30bc85091901869ec4
M2_Macro_Oil_vs_M3_Macro_Oil_RegQuality_Score__primary__Oil_Rent_Intensive_Pre2016_ge5pct,Regulatory_Quality_Score_lag1,primary,Inward_FDI_Net_Flow_asinh,Oil_Rent_Intensive_Pre2016_ge5pct,Future_Period,train_to_2012__test_from_2013,ElasticNet,406,44,555302807,signal_increment,M2_Macro_Oil,M3_Macro_Oil_RegQuality_Score,2000,0.0006834247469437171,0.0007248909866708342,0.0006864393074683891,-0.0009482593396169136,0.002130369166223313,4.146623972711705e-05,4.146623972711705e-05,0.813,0.0065,0.0,0.0,-0.0055386895973237316,-0.005657216818847566,-0.015307497728874686,0.0036319364937153365,Directionally positive but marginal,44,2000,44,44,21,28.0,34,16.0,True,19232fa958bfa554351e73e12ec83320b49ae93c83042f5962136ec68c4bbf74
M2_Macro_Oil_vs_M3_Macro_Oil_RegQuality_Score__primary__Oil_Rent_Intensive_Pre2016_ge5pct,Regulatory_Quality_Score_lag1,primary,Inward_FDI_Net_Flow_asinh,Oil_Rent_Intensive_Pre2016_ge5pct,Future_Period,train_to_2012__test_from_2013,RandomForest,406,44,555302807,signal_increment,M2_Macro_Oil,M3_Macro_Oil_RegQuality_Score,2000,-0.014148293026536418,-0.013651647685953117,-0.013299565866864893,-0.03846426775167668,0.014054334339079499,0.0004966453405833016,0.0004966453405833016,0.1695,0.12,0.096,0.0515,0.02061446883018281,0.01947565424479336,-0.04724538208820487,0.09165895791140927,Unsupported,44,2000,44,44,21,28.0,34,16.0,True,19232fa958bfa554351e73e12ec83320b49ae93c83042f5962136ec68c4bbf74
M2_Macro_Oil_vs_M3_Macro_Oil_RegQuality_Score__primary__Oil_Rent_Intensive_Pre2016_ge5pct,Regulatory_Quality_Score_lag1,primary,Inward_FDI_Net_Flow_asinh,Oil_Rent_Intensive_Pre2016_ge5pct,Future_Period,train_to_2012__test_from_2013,Ridge,406,44,555302807,signal_increment,M2_Macro_Oil,M3_Macro_Oil_RegQuality_Score,2000,0.0014546383464545398,0.0014825521199276492,0.0014900599775285652,0.0003762172360901735,0.0026660113860053456,2.7913773473109416e-05,2.7913773473109416e-05,0.996,0.041,0.0,0.0,-0.00454396892189779,-0.004622896040721081,-0.013830165348679122,0.004799658502370568,Directionally positive but marginal,44,2000,44,44,21,28.0,34,16.0,True,19232fa958bfa554351e73e12ec83320b49ae93c83042f5962136ec68c4bbf74
M2_Macro_Oil_vs_M3_Macro_Oil_RegQuality_Score__primary__Oil_Rent_Intensive_Pre2016_ge5pct,Regulatory_Quality_Score_lag1,primary,Inward_FDI_Net_Flow_asinh,Oil_Rent_Intensive_Pre2016_ge5pct,Future_Period,train_to_2014__test_from_2015,ElasticNet,321,44,335788807,signal_increment,M2_Macro_Oil,M3_Macro_Oil_RegQuality_Score,2000,0.0018650968428408632,0.0018499251125272953,0.001830577190415229,-0.0005149723880972258,0.004113689549189555,-1.5171730313567888e-05,1.5171730313567888e-05,0.937,0.2685,0.0045,0.0,7.453704391702232e-05,9.409405755156364e-05,-0.015420424811765239,0.017351925326355263,Directionally positive but marginal,44,2000,44,44,22,28.0,34,16.0,True,b9fefb556e73a9d55d8508f82cd302d387621a0555a548e2c953beb2c0959f2b
M2_Macro_Oil_vs_M3_Macro_Oil_RegQuality_Score__primary__Oil_Rent_Intensive_Pre2016_ge5pct,Regulatory_Quality_Score_lag1,primary,Inward_FDI_Net_Flow_asinh,Oil_Rent_Intensive_Pre2016_ge5pct,Future_Period,train_to_2014__test_from_2015,RandomForest,321,44,335788807,signal_increment,M2_Macro_Oil,M3_Macro_Oil_RegQuality_Score,2000,-0.01223005591519244,-0.012832259183408579,-0.012014299613860325,-0.05126063066748061,0.028551755234118237,-0.0006022032682161393,0.0006022032682161393,0.2755,0.238,0.208,0.1505,-0.006197693244266667,-0.006691909198657475,-0.10451790251334957,0.0907427411307085,Setup-dependent,44,2000,44,44,22,28.0,34,16.0,True,b9fefb556e73a9d55d8508f82cd302d387621a0555a548e2c953beb2c0959f2b
M2_Macro_Oil_vs_M3_Macro_Oil_RegQuality_Score__primary__Oil_Rent_Intensive_Pre2016_ge5pct,Regulatory_Quality_Score_lag1,primary,Inward_FDI_Net_Flow_asinh,Oil_Rent_Intensive_Pre2016_ge5pct,Future_Period,train_to_2014__test_from_2015,Ridge,321,44,335788807,signal_increment,M2_Macro_Oil,M3_Macro_Oil_RegQuality_Score,2000,0.001988675022892461,0.0019792431065821514,0.00195364668414924,-0.0004594126899169597,0.004294093821808195,-9.431916310309596e-06,9.431916310309596e-06,0.9435,0.3145,0.007,0.0,0.0002860057674882732,0.0003047703865333151,-0.01576292370267117,0.018230089978717706,Directionally positive but marginal,44,2000,44,44,22,28.0,34,16.0,True,b9fefb556e73a9d55d8508f82cd302d387621a0555a548e2c953beb2c0959f2b
M2_Macro_Oil_vs_M3_Macro_Oil_RegQuality_Score__primary__Oil_Rent_Intensive_Pre2016_ge5pct,Regulatory_Quality_Score_lag1,primary,Inward_FDI_Net_Flow_asinh,Oil_Rent_Intensive_Pre2016_ge5pct,Future_Period,train_to_2015__test_from_2016,ElasticNet,279,42,2704330661,signal_increment,M2_Macro_Oil,M3_Macro_Oil_RegQuality_Score,2000,0.0014397090295773518,0.0014816491498083062,0.0014807718512649295,-0.0001363958503443893,0.003085683101321786,4.194012023095439e-05,4.194012023095439e-05,0.965,0.1,0.0,0.0,-0.0006519119412415897,-0.000649159312651193,-0.011121274606328954,0.010337170012864504,Directionally positive but marginal,42,2000,42,42,20,27.0,33,15.0,True,eac0250fa86c58384373c09fd08c994a510b54be7ce0a08837ab783e642f9106
M2_Macro_Oil_vs_M3_Macro_Oil_RegQuality_Score__primary__Oil_Rent_Intensive_Pre2016_ge5pct,Regulatory_Quality_Score_lag1,primary,Inward_FDI_Net_Flow_asinh,Oil_Rent_Intensive_Pre2016_ge5pct,Future_Period,train_to_2015__test_from_2016,RandomForest,279,42,2704330661,signal_increment,M2_Macro_Oil,M3_Macro_Oil_RegQuality_Score,2000,0.012865711260567902,0.01172677328145233,0.011887287771188347,-0.031815970308988695,0.052774114722910846,-0.001138937979115573,0.001138937979115573,0.722,0.681,0.635,0.535,-0.05109247122763838,-0.048181946687316124,-0.1641201013577023,0.05964441478962923,Setup-dependent,42,2000,42,42,20,27.0,33,15.0,True,eac0250fa86c58384373c09fd08c994a510b54be7ce0a08837ab783e642f9106
M2_Macro_Oil_vs_M3_Macro_Oil_RegQuality_Score__primary__Oil_Rent_Intensive_Pre2016_ge5pct,Regulatory_Quality_Score_lag1,primary,Inward_FDI_Net_Flow_asinh,Oil_Rent_Intensive_Pre2016_ge5pct,Future_Period,train_to_2015__test_from_2016,Ridge,279,42,2704330661,signal_increment,M2_Macro_Oil,M3_Macro_Oil_RegQuality_Score,2000,0.001534037423151724,0.0015777547112558743,0.0015773936783192001,-7.140521938173387e-05,0.0032313186918863355,4.371728810415032e-05,4.371728810415032e-05,0.9685,0.127,0.0,0.0,-0.0007188572035579099,-0.0006444277498036666,-0.011378669253811445,0.01043195793567197,Directionally positive but marginal,42,2000,42,42,20,27.0,33,15.0,True,eac0250fa86c58384373c09fd08c994a510b54be7ce0a08837ab783e642f9106
M2_Macro_Oil_vs_M3_Macro_Oil_RegQuality_Score__primary__Oil_Rent_Intensive_Pre2016_ge5pct,Regulatory_Quality_Score_lag1,primary,Inward_FDI_Net_Flow_asinh,Oil_Rent_Intensive_Pre2016_ge5pct,Future_Period,train_to_2016__test_from_2017,ElasticNet,238,41,658243806,signal_increment,M2_Macro_Oil,M3_Macro_Oil_RegQuality_Score,2000,0.00133762647063429,0.0013429773450087112,0.0013615978453284411,0.0002719609163958692,0.0025698089025991216,5.350874374421277e-06,5.350874374421277e-06,0.994,0.031,0.0,0.0,-0.0011863393319186954,-0.0011495240721677291,-0.011142358418248064,0.009695418371916596,Directionally positive but marginal,41,2000,41,41,20,26.0,34,15.0,True,6fa79d4c8344601854858b758fb282cdd753f440fd12a4142423a4277a0c3117
M2_Macro_Oil_vs_M3_Macro_Oil_RegQuality_Score__primary__Oil_Rent_Intensive_Pre2016_ge5pct,Regulatory_Quality_Score_lag1,primary,Inward_FDI_Net_Flow_asinh,Oil_Rent_Intensive_Pre2016_ge5pct,Future_Period,train_to_2016__test_from_2017,RandomForest,238,41,658243806,signal_increment,M2_Macro_Oil,M3_Macro_Oil_RegQuality_Score,2000,0.0009419043046536846,-0.0007565849336880759,0.0013566300341949491,-0.03992660877150204,0.05375917079784581,-0.0016984892383417605,0.0016984892383417605,0.487,0.449,0.402,0.338,0.0003567635521939394,0.0012269686759736054,-0.10940526285607075,0.11392171792016924,Setup-dependent,41,2000,41,41,20,26.0,34,15.0,True,6fa79d4c8344601854858b758fb282cdd753f440fd12a4142423a4277a0c3117
M2_Macro_Oil_vs_M3_Macro_Oil_RegQuality_Score__primary__Oil_Rent_Intensive_Pre2016_ge5pct,Regulatory_Quality_Score_lag1,primary,Inward_FDI_Net_Flow_asinh,Oil_Rent_Intensive_Pre2016_ge5pct,Future_Period,train_to_2016__test_from_2017,Ridge,238,41,658243806,signal_increment,M2_Macro_Oil,M3_Macro_Oil_RegQuality_Score,2000,0.0014573452982058477,0.0014594183438585984,0.0014828509858276365,0.00032024353873798836,0.0027729158501567605,2.0730456527506824e-06,2.0730456527506824e-06,0.9955,0.057,0.0,0.0,-0.0011014289961286394,-0.0010517333953015129,-0.011789601407820037,0.010586366134601765,Directionally positive but marginal,41,2000,41,41,20,26.0,34,15.0,True,6fa79d4c8344601854858b758fb282cdd753f440fd12a4142423a4277a0c3117
M2_Macro_Oil_vs_M3_Macro_Oil_RegQuality_Score__primary__Oil_Rent_Intensive_Pre2016_ge5pct,Regulatory_Quality_Score_lag1,primary,Inward_FDI_Net_Flow_asinh,Oil_Rent_Intensive_Pre2016_ge5pct,Future_Period,train_to_2018__test_from_2019,ElasticNet,158,41,1705581643,signal_increment,M2_Macro_Oil,M3_Macro_Oil_RegQuality_Score,2000,0.0018757155851462093,0.0018511136292239105,0.0018078915679786132,-0.001750189036342295,0.0051522995694680655,-2.4601955922298746e-05,2.4601955922298746e-05,0.8475,0.344,0.0295,0.0,0.0035748822398309343,0.0041086287304819,-0.019522952510808086,0.027306696215511357,Directionally positive but marginal,41,2000,41,41,19,26.0,33,15.0,True,90954559469f1eed5dbf110978f130ff90005911d3316fa7e9af4568e5efbc4d
M2_Macro_Oil_vs_M3_Macro_Oil_RegQuality_Score__primary__Oil_Rent_Intensive_Pre2016_ge5pct,Regulatory_Quality_Score_lag1,primary,Inward_FDI_Net_Flow_asinh,Oil_Rent_Intensive_Pre2016_ge5pct,Future_Period,train_to_2018__test_from_2019,RandomForest,158,41,1705581643,signal_increment,M2_Macro_Oil,M3_Macro_Oil_RegQuality_Score,2000,0.023827387904434394,0.022815571518924216,0.02580079767108629,-0.03083797173948935,0.10501166923533853,-0.001011816385510178,0.001011816385510178,0.757,0.726,0.696,0.6375,-0.059209272205648755,-0.0612859438705291,-0.21559098175405708,0.08625700745465785,Setup-dependent,41,2000,41,41,19,26.0,33,15.0,True,90954559469f1eed5dbf110978f130ff90005911d3316fa7e9af4568e5efbc4d
M2_Macro_Oil_vs_M3_Macro_Oil_RegQuality_Score__primary__Oil_Rent_Intensive_Pre2016_ge5pct,Regulatory_Quality_Score_lag1,primary,Inward_FDI_Net_Flow_asinh,Oil_Rent_Intensive_Pre2016_ge5pct,Future_Period,train_to_2018__test_from_2019,Ridge,158,41,1705581643,signal_increment,M2_Macro_Oil,M3_Macro_Oil_RegQuality_Score,2000,0.0019522077044969999,0.0019306452116307216,0.0018760244584988958,-0.0019607316568305134,0.005399190136134543,-2.1562492866278316e-05,2.1562492866278316e-05,0.8405,0.369,0.0445,0.0,0.004631789879101511,0.005182627469696888,-0.020049955654668716,0.029922787116795926,Directionally positive but marginal,41,2000,41,41,19,26.0,33,15.0,True,90954559469f1eed5dbf110978f130ff90005911d3316fa7e9af4568e5efbc4d
M2_Macro_Oil_vs_M3_Macro_Oil_RegQuality_Score__raw_ratio_stress__All_Eligible,Regulatory_Quality_Score_lag1,raw_ratio_stress,Inward_FDI_Net_Flow_GDP_Pct,All_Eligible,Country_Holdout_CV,OOF_ALL_FOLDS,ElasticNet,3828,184,4022318589,signal_increment,M2_Macro_Oil,M3_Macro_Oil_RegQuality_Score,2000,-0.0007876171802203569,-0.0007723313446501567,-0.0006056141176126673,-0.0015201728267045464,0.0006766126385478799,1.5285835570200135e-05,1.5285835570200135e-05,0.2295,0.0015,0.0,0.0,0.04177831584134939,0.042100434993336044,-0.006878531433450292,0.09821899215816357,Setup-dependent,184,2000,184,184,101,117.0,133,67.0,True,eb38d927d23e85a2829d0fcfd56a774dd7e4459a1b810fd24ba12fcfa32e775e
M2_Macro_Oil_vs_M3_Macro_Oil_RegQuality_Score__raw_ratio_stress__All_Eligible,Regulatory_Quality_Score_lag1,raw_ratio_stress,Inward_FDI_Net_Flow_GDP_Pct,All_Eligible,Country_Holdout_CV,OOF_ALL_FOLDS,RandomForest,3828,184,4022318589,signal_increment,M2_Macro_Oil,M3_Macro_Oil_RegQuality_Score,2000,-0.024924673596279368,-0.02582820373199829,-0.06686107939882448,-0.38202840675426947,0.0046863969199697235,-0.0009035301357189218,0.0009035301357189218,0.098,0.056,0.02,0.0,0.23072357129404963,0.20848163994751578,-0.018953724829561737,0.5820052291482943,Unsupported,184,2000,184,184,101,117.0,133,67.0,True,eb38d927d23e85a2829d0fcfd56a774dd7e4459a1b810fd24ba12fcfa32e775e
M2_Macro_Oil_vs_M3_Macro_Oil_RegQuality_Score__raw_ratio_stress__All_Eligible,Regulatory_Quality_Score_lag1,raw_ratio_stress,Inward_FDI_Net_Flow_GDP_Pct,All_Eligible,Country_Holdout_CV,OOF_ALL_FOLDS,Ridge,3828,184,4022318589,signal_increment,M2_Macro_Oil,M3_Macro_Oil_RegQuality_Score,2000,-0.0008657892615328011,-0.0008497077069132275,-0.0006767314348214859,-0.0015237886782003488,0.0005532542137510427,1.6081554619573613e-05,1.6081554619573613e-05,0.2015,0.0005,0.0,0.0,0.03912598600922035,0.03943073634437866,-0.007738326876134939,0.09380583275683797,Setup-dependent,184,2000,184,184,101,117.0,133,67.0,True,eb38d927d23e85a2829d0fcfd56a774dd7e4459a1b810fd24ba12fcfa32e775e
M2_Macro_Oil_vs_M3_Macro_Oil_RegQuality_Score__raw_ratio_stress__All_Eligible,Regulatory_Quality_Score_lag1,raw_ratio_stress,Inward_FDI_Net_Flow_GDP_Pct,All_Eligible,Future_Period,train_to_2012__test_from_2013,ElasticNet,1760,183,10699793,signal_increment,M2_Macro_Oil,M3_Macro_Oil_RegQuality_Score,2000,0.00041408541377174757,0.0004208425747435074,0.0006596545541215752,0.0003391731749772947,0.00181679079112209,6.7571609717598236e-06,6.7571609717598236e-06,1.0,0.02,0.014,0.0,-0.04773252723801402,-0.04809848620986412,-0.07489731200010645,-0.0217764257319576,Directionally positive but marginal,183,2000,183,183,104,116.0,129,67.0,True,43285fce3c7acc6f1f14bd14d4d5bda601bf16c7c1274128a8e0910a9fe730f0
M2_Macro_Oil_vs_M3_Macro_Oil_RegQuality_Score__raw_ratio_stress__All_Eligible,Regulatory_Quality_Score_lag1,raw_ratio_stress,Inward_FDI_Net_Flow_GDP_Pct,All_Eligible,Future_Period,train_to_2012__test_from_2013,RandomForest,1760,183,10699793,signal_increment,M2_Macro_Oil,M3_Macro_Oil_RegQuality_Score,2000,0.015372009872167913,0.01499701089747213,0.025542031607835584,-0.002369112271772474,0.12005879989005619,-0.0003749989746957838,0.0003749989746957838,0.956,0.9325,0.841,0.6495,-0.18953027534647138,-0.1863964653523582,-0.39346698586342105,-0.02623475761644504,Directionally positive but marginal,183,2000,183,183,104,116.0,129,67.0,True,43285fce3c7acc6f1f14bd14d4d5bda601bf16c7c1274128a8e0910a9fe730f0
M2_Macro_Oil_vs_M3_Macro_Oil_RegQuality_Score__raw_ratio_stress__All_Eligible,Regulatory_Quality_Score_lag1,raw_ratio_stress,Inward_FDI_Net_Flow_GDP_Pct,All_Eligible,Future_Period,train_to_2012__test_from_2013,Ridge,1760,183,10699793,signal_increment,M2_Macro_Oil,M3_Macro_Oil_RegQuality_Score,2000,0.00036825165218823397,0.00037337914439727893,0.000638545863899068,0.0002879239014378004,0.0020837764648304695,5.127492209044959e-06,5.127492209044959e-06,1.0,0.0205,0.015,0.0,-0.050353104397901305,-0.050594116433170466,-0.07783734297611385,-0.023664550096729138,Directionally positive but marginal,183,2000,183,183,104,116.0,129,67.0,True,43285fce3c7acc6f1f14bd14d4d5bda601bf16c7c1274128a8e0910a9fe730f0
M2_Macro_Oil_vs_M3_Macro_Oil_RegQuality_Score__raw_ratio_stress__All_Eligible,Regulatory_Quality_Score_lag1,raw_ratio_stress,Inward_FDI_Net_Flow_GDP_Pct,All_Eligible,Future_Period,train_to_2014__test_from_2015,ElasticNet,1401,183,765330065,signal_increment,M2_Macro_Oil,M3_Macro_Oil_RegQuality_Score,2000,0.0002138823354560504,0.00020954177561649523,0.00019216977896231675,7.894120566840912e-05,0.00024474899372961545,-4.340559839555169e-06,4.340559839555169e-06,0.9945,0.0,0.0,0.0,0.0014816114087548016,0.0014872222275599256,-0.006046216554069915,0.009271354168630999,Directionally positive but marginal,183,2000,183,183,102,116.0,132,67.0,True,454d35843be2a1533d8d646506926500cefb5da5ddbf282aef4c58a0d7981a7f
M2_Macro_Oil_vs_M3_Macro_Oil_RegQuality_Score__raw_ratio_stress__All_Eligible,Regulatory_Quality_Score_lag1,raw_ratio_stress,Inward_FDI_Net_Flow_GDP_Pct,All_Eligible,Future_Period,train_to_2014__test_from_2015,RandomForest,1401,183,765330065,signal_increment,M2_Macro_Oil,M3_Macro_Oil_RegQuality_Score,2000,0.003952914854164602,0.005441142567172819,0.013590062773839886,-0.044818716954384934,0.12290730969685501,0.0014882277130082167,0.0014882277130082167,0.5725,0.535,0.5095,0.4285,0.12327657686725324,0.09981230222799686,-0.16619683133586338,0.5825710194602121,Setup-dependent,183,2000,183,183,102,116.0,132,67.0,True,454d35843be2a1533d8d646506926500cefb5da5ddbf282aef4c58a0d7981a7f
M2_Macro_Oil_vs_M3_Macro_Oil_RegQuality_Score__raw_ratio_stress__All_Eligible,Regulatory_Quality_Score_lag1,raw_ratio_stress,Inward_FDI_Net_Flow_GDP_Pct,All_Eligible,Future_Period,train_to_2014__test_from_2015,Ridge,1401,183,765330065,signal_increment,M2_Macro_Oil,M3_Macro_Oil_RegQuality_Score,2000,0.00015106066925429928,0.00014879565397740713,0.00013738174094034505,4.348283475178465e-05,0.00017534011527438608,-2.265015276892157e-06,2.265015276892157e-06,0.994,0.0,0.0,0.0,0.0006148902758864594,0.0006423905136987429,-0.005719348678725499,0.007191830384927121,Directionally positive but marginal,183,2000,183,183,102,116.0,132,67.0,True,454d35843be2a1533d8d646506926500cefb5da5ddbf282aef4c58a0d7981a7f
M2_Macro_Oil_vs_M3_Macro_Oil_RegQuality_Score__raw_ratio_stress__All_Eligible,Regulatory_Quality_Score_lag1,raw_ratio_stress,Inward_FDI_Net_Flow_GDP_Pct,All_Eligible,Future_Period,train_to_2015__test_from_2016,ElasticNet,1222,180,4005493251,signal_increment,M2_Macro_Oil,M3_Macro_Oil_RegQuality_Score,2000,-0.001776052751869095,-0.0015874921783403106,-0.0035819911421734597,-0.02715923630274588,0.00026345304534710587,0.0001885605735287843,0.0001885605735287843,0.079,0.005,0.0005,0.0,-0.027697292600628032,-0.027332104048791717,-0.04541979115000707,-0.010771757931526104,Unsupported,180,2000,180,180,99,114.0,130,66.0,True,27982822a3e09438af55787c6ea8d85e59266d00bbda7ad27daa29aba72d82bf
M2_Macro_Oil_vs_M3_Macro_Oil_RegQuality_Score__raw_ratio_stress__All_Eligible,Regulatory_Quality_Score_lag1,raw_ratio_stress,Inward_FDI_Net_Flow_GDP_Pct,All_Eligible,Future_Period,train_to_2015__test_from_2016,RandomForest,1222,180,4005493251,signal_increment,M2_Macro_Oil,M3_Macro_Oil_RegQuality_Score,2000,0.048258797715843516,0.047887377388838304,-0.00932490963586174,-0.6795965410579037,0.11291291517847138,-0.0003714203270052119,0.0003714203270052119,0.7185,0.708,0.7,0.6835,-0.011565581551994164,-0.012375858569634524,-0.2741815347260122,0.28394790140535603,Setup-dependent,180,2000,180,180,99,114.0,130,66.0,True,27982822a3e09438af55787c6ea8d85e59266d00bbda7ad27daa29aba72d82bf
M2_Macro_Oil_vs_M3_Macro_Oil_RegQuality_Score__raw_ratio_stress__All_Eligible,Regulatory_Quality_Score_lag1,raw_ratio_stress,Inward_FDI_Net_Flow_GDP_Pct,All_Eligible,Future_Period,train_to_2015__test_from_2016,Ridge,1222,180,4005493251,signal_increment,M2_Macro_Oil,M3_Macro_Oil_RegQuality_Score,2000,-0.0019104441128376948,-0.0017086983024563462,-0.003845395604340123,-0.02888970650822902,0.0003364378061167737,0.00020174581038134853,0.00020174581038134853,0.085,0.0075,0.0005,0.0,-0.02964832635640846,-0.029382828540267303,-0.0503635639078664,-0.009879537030664466,Unsupported,180,2000,180,180,99,114.0,130,66.0,True,27982822a3e09438af55787c6ea8d85e59266d00bbda7ad27daa29aba72d82bf
M2_Macro_Oil_vs_M3_Macro_Oil_RegQuality_Score__raw_ratio_stress__All_Eligible,Regulatory_Quality_Score_lag1,raw_ratio_stress,Inward_FDI_Net_Flow_GDP_Pct,All_Eligible,Future_Period,train_to_2016__test_from_2017,ElasticNet,1045,180,362906425,signal_increment,M2_Macro_Oil,M3_Macro_Oil_RegQuality_Score,2000,0.00045857123878323414,0.0004836134955565341,0.000964860615936439,0.00013316657138184594,0.007547767221670401,2.5042256773299965e-05,2.5042256773299965e-05,0.996,0.0485,0.039,0.0145,-0.05227334592152211,-0.051852548386203345,-0.09613494704476958,-0.00949200863249869,Directionally positive but marginal,180,2000,180,180,99,114.0,128,66.0,True,a638801ba7109803fc6ec66ed523e78e8a133767a00796f47c94a98ae9e4cd8f
M2_Macro_Oil_vs_M3_Macro_Oil_RegQuality_Score__raw_ratio_stress__All_Eligible,Regulatory_Quality_Score_lag1,raw_ratio_stress,Inward_FDI_Net_Flow_GDP_Pct,All_Eligible,Future_Period,train_to_2016__test_from_2017,RandomForest,1045,180,362906425,signal_increment,M2_Macro_Oil,M3_Macro_Oil_RegQuality_Score,2000,0.08013224102838212,0.07808497899635564,0.06670023637739309,-0.13169502834727237,0.12293881139736518,-0.0020472620320264867,0.0020472620320264867,0.9525,0.952,0.9515,0.947,0.022471467307966897,0.012265647460444562,-0.2698584972606574,0.3390583978842282,Directionally positive but marginal,180,2000,180,180,99,114.0,128,66.0,True,a638801ba7109803fc6ec66ed523e78e8a133767a00796f47c94a98ae9e4cd8f
M2_Macro_Oil_vs_M3_Macro_Oil_RegQuality_Score__raw_ratio_stress__All_Eligible,Regulatory_Quality_Score_lag1,raw_ratio_stress,Inward_FDI_Net_Flow_GDP_Pct,All_Eligible,Future_Period,train_to_2016__test_from_2017,Ridge,1045,180,362906425,signal_increment,M2_Macro_Oil,M3_Macro_Oil_RegQuality_Score,2000,0.00043678324671603264,0.0004616653517614533,0.0009470019966044949,0.00013114595307260341,0.007584957616520581,2.4882105045420655e-05,2.4882105045420655e-05,0.998,0.049,0.0395,0.014,-0.051755660324293906,-0.05152447380691294,-0.09007362984964584,-0.013867357528747383,Directionally positive but marginal,180,2000,180,180,99,114.0,128,66.0,True,a638801ba7109803fc6ec66ed523e78e8a133767a00796f47c94a98ae9e4cd8f
M2_Macro_Oil_vs_M3_Macro_Oil_RegQuality_Score__raw_ratio_stress__All_Eligible,Regulatory_Quality_Score_lag1,raw_ratio_stress,Inward_FDI_Net_Flow_GDP_Pct,All_Eligible,Future_Period,train_to_2018__test_from_2019,ElasticNet,693,177,884455725,signal_increment,M2_Macro_Oil,M3_Macro_Oil_RegQuality_Score,2000,0.00041592685440172694,0.0004424084756142199,0.0010125848287665113,-8.779535064615813e-05,0.008928751336413335,2.648162121249298e-05,2.648162121249298e-05,0.9445,0.044,0.037,0.022,-0.046241035024713995,-0.046324307667383824,-0.09885262274289126,0.0058701782647200855,Directionally positive but marginal,177,2000,177,177,98,112.0,125,65.0,True,e5b59c54d132ee966c34c1af851a06ebdf4b2d3ad67b28965b91196bbdb80958
M2_Macro_Oil_vs_M3_Macro_Oil_RegQuality_Score__raw_ratio_stress__All_Eligible,Regulatory_Quality_Score_lag1,raw_ratio_stress,Inward_FDI_Net_Flow_GDP_Pct,All_Eligible,Future_Period,train_to_2018__test_from_2019,RandomForest,693,177,884455725,signal_increment,M2_Macro_Oil,M3_Macro_Oil_RegQuality_Score,2000,-0.015037267840146473,-0.005613115285554859,-0.0044587286818785505,-0.1452466178961305,0.10375659828171759,0.009424152554591614,0.009424152554591614,0.469,0.455,0.445,0.4205,-0.0005672066121702457,-0.007103026559951875,-0.24701883118939513,0.2589862335021968,Setup-dependent,177,2000,177,177,98,112.0,125,65.0,True,e5b59c54d132ee966c34c1af851a06ebdf4b2d3ad67b28965b91196bbdb80958
M2_Macro_Oil_vs_M3_Macro_Oil_RegQuality_Score__raw_ratio_stress__All_Eligible,Regulatory_Quality_Score_lag1,raw_ratio_stress,Inward_FDI_Net_Flow_GDP_Pct,All_Eligible,Future_Period,train_to_2018__test_from_2019,Ridge,693,177,884455725,signal_increment,M2_Macro_Oil,M3_Macro_Oil_RegQuality_Score,2000,0.0004119129947546263,0.00044711872788405493,0.0010172728531408627,-8.970132420506578e-05,0.009024988006397155,3.520573312942865e-05,3.520573312942865e-05,0.9435,0.044,0.0385,0.0225,-0.048717133510342236,-0.04899974965990861,-0.0965961367164741,-0.0013413704361933214,Directionally positive but marginal,177,2000,177,177,98,112.0,125,65.0,True,e5b59c54d132ee966c34c1af851a06ebdf4b2d3ad67b28965b91196bbdb80958
