Row_ID,Country Name,ISO3,Year,Country_Fold,Max_Oil_Rents_Pre2016,Inward_FDI_Net_Flow_asinh,Electricity_Access_Pct_lag1,GDP_log_lag1,Inflation_CPI_Annual_Pct_lag1,Inward_FDI_Net_Flow_asinh_lag1,Oil_Rents_GDP_Pct_lag1,Population_log_lag1,Regulatory_Quality_lag1
AGO-2001,Angola,AGO,2001,0,57.5134839616206,8.364261156451073,24.2,22.93478716815446,324.9968716013207,7.4714999991752284,57.5134839616206,16.60020508338647,-1.8066
AGO-2003,Angola,AGO,2003,0,57.5134839616206,8.875419050034438,26.3,23.57463757575465,108.897436089429,8.156799423150828,31.7610292464785,16.667816935053647,-1.6064493
AGO-2004,Angola,AGO,2004,0,57.5134839616206,8.388098995300833,27.4,23.735959849082032,98.22414365733042,8.875419050034438,27.1162657537214,16.702750360850082,-1.6437919
AGO-2005,Angola,AGO,2005,0,57.5134839616206,-7.866214008605291,28.4,24.01902780745321,43.54210675196869,8.388098995300833,32.9626955078503,16.738694934122538,-1.4291062
AGO-2006,Angola,AGO,2006,0,57.5134839616206,-4.323377073451837,29.4,24.44646546773358,22.95351385139399,-7.866214008605291,42.2206783158613,16.775157621533175,-1.4091843
AGO-2007,Angola,AGO,2007,0,57.5134839616206,-7.488117150249233,30.5,24.79491581385931,13.30521017800316,-4.323377073451837,40.2786520912475,16.812006539818828,-1.0973468
AGO-2008,Angola,AGO,2008,0,57.5134839616206,8.119083659944216,37.5,25.014243252518305,12.25149744594868,-7.488117150249233,45.3976036521592,16.849432340085887,-1.072509
AGO-2009,Angola,AGO,2009,0,57.5134839616206,8.391765239728212,38.5,25.3162666049298,12.47582913263979,8.119083659944216,52.1013581243545,16.887215235966003,-1.0819619
AGO-2010,Angola,AGO,2010,0,57.5134839616206,-8.77252083682057,33.8,25.126383183316232,13.73028392884085,8.391765239728212,29.7782995191992,16.92523085298683,-1.0724612
AGO-2011,Angola,AGO,2011,0,57.5134839616206,-8.707407203523235,35.0,25.28288327011974,14.46965649325768,-8.77252083682057,37.7085091832735,16.9637418337911,-1.085063
AGO-2012,Angola,AGO,2012,0,57.5134839616206,-7.982503855169895,34.6,25.5559829428232,13.48246792185111,-8.707407203523235,38.6184358197859,17.002621292125475,-1.1090351
AGO-2013,Angola,AGO,2013,0,57.5134839616206,-9.563812637150273,37.3,25.690108809528063,10.27790492188394,-7.982503855169895,34.3328389540912,17.041457126105513,-1.0374151
AGO-2014,Angola,AGO,2014,0,57.5134839616206,8.897686342385464,38.4,25.72617268134446,8.777814293326237,-9.563812637150273,29.0014846107501,17.079956931502593,-1.0979742
AGO-2015,Angola,AGO,2015,0,57.5134839616206,9.906305098280518,32.0,25.756639708901066,7.280387303611207,8.897686342385464,21.736607448329,17.117284210768364,-1.0271452
AGO-2016,Angola,AGO,2016,0,57.5134839616206,-5.883428296696874,42.0,25.353548721343,9.35597215533784,9.906305098280518,12.7187303090272,17.15333492568806,-1.0904945
AGO-2017,Angola,AGO,2017,0,57.5134839616206,-9.602016912270305,41.8,24.83036290172726,30.69441508067191,-5.883428296696874,19.7483988340046,17.189099338838567,-1.1804234999999998
AGO-2018,Angola,AGO,2018,0,57.5134839616206,-9.465924232422816,42.9,25.173296839008568,29.84447990156793,-9.602016912270305,24.7110060055382,17.22450545979518,-1.1799885
AGO-2019,Angola,AGO,2019,0,57.5134839616206,-9.011518342122592,45.3,25.228682667489498,19.62893797015208,-9.465924232422816,30.7304027285905,17.259037788762317,-1.0624393
AGO-2020,Angola,AGO,2020,0,57.5134839616206,-8.224950466724518,45.6,25.120104896594093,17.08095414343803,-9.011518342122592,27.504828641196,17.292916629916387,-0.9960854
AGO-2021,Angola,AGO,2021,0,57.5134839616206,-9.072253845634943,47.0,24.792498276130445,22.27153924705097,-8.224950466724518,18.5719595053837,17.325596215414812,-1.0388818
AGO-2022,Angola,AGO,2022,0,57.5134839616206,-9.487767949853732,48.2,25.08360810015005,25.75429488418906,-9.072253845634943,28.2744398825844,17.357409440478254,-0.8486184
ARE-2009,United Arab Emirates,ARE,2009,0,35.3156119922356,7.726907918591651,100.0,26.477344058455397,12.25042024481392,9.22285613194936,26.67204274176,15.656483117788786,0.8400373
ARE-2010,United Arab Emirates,ARE,2010,0,35.3156119922356,9.775287030500593,100.0,26.258816462047022,1.5618131744907,7.726907918591651,18.418263242659,15.718671111822667,0.8210812
ARE-2011,United Arab Emirates,ARE,2011,0,35.3156119922356,9.568307901260097,100.0,26.452509242061463,0.8779832882858672,9.775287030500593,22.679737867780705,15.742651228698303,0.7402639999999999
ARE-2012,United Arab Emirates,ARE,2012,0,35.3156119922356,9.859185695324587,100.0,26.63374002782177,0.8773465956851202,9.568307901260097,28.5990789001782,15.7762444335237,0.8903941999999999
ARE-2013,United Arab Emirates,ARE,2013,0,35.3156119922356,9.879698273766069,100.0,26.69655001576627,0.6622689002690088,9.859185695324587,27.0648520266069,15.81583434948212,0.8455589
ARE-2014,United Arab Emirates,ARE,2014,0,35.3156119922356,10.005280044192435,100.0,26.73852643559476,1.101118363757104,9.879698273766069,26.2480640478396,15.855825542058056,0.9903687
ARE-2015,United Arab Emirates,ARE,2015,0,35.3156119922356,9.746939219879474,100.0,26.7752040158964,2.346268656716426,10.005280044192435,22.9458647037024,15.902354757238944,1.0740463999999998
ARE-2016,United Arab Emirates,ARE,2016,0,35.3156119922356,9.863162624669098,100.0,26.668616117200592,4.069966083615932,9.746939219879474,13.1025344354216,15.956192766959662,1.1787876
ARE-2017,United Arab Emirates,ARE,2017,0,35.3156119922356,9.938296917691757,100.0,26.66794587983633,1.617488089041977,9.863162624669098,11.0807563620506,16.005497450782077,1.0781755
ARE-2018,United Arab Emirates,ARE,2018,0,35.3156119922356,9.941292458529643,100.0,26.72310783521386,1.96682557818842,9.938296917691757,13.4985731745503,16.037235425875135,1.1113817
ARE-2019,United Arab Emirates,ARE,2019,0,35.3156119922356,10.484286527744697,100.0,26.811312489078404,3.068633792519967,9.941292458529643,17.0989945007163,16.050534111769245,1.079234
ARE-2020,United Arab Emirates,ARE,2020,0,35.3156119922356,10.590841485222592,100.0,26.79614035356957,-1.931081147821727,10.484286527744697,15.681591549088,16.061079274089465,1.1457173
ARE-2021,United Arab Emirates,ARE,2021,0,35.3156119922356,10.629446491747656,100.0,26.601454670906858,-2.079403179409438,10.590841485222592,10.4940977026696,16.056330773046923,1.0663205999999998
ARE-2022,United Arab Emirates,ARE,2022,0,35.3156119922356,10.724876462820196,100.0,26.7693162976056,0.1799353361744314,10.629446491747656,15.6730945329946,16.07468207201559,1.0613347
AZE-2001,Azerbaijan,AZE,2001,1,39.5813073807196,7.401938346526038,98.9,22.385792418671677,1.805003037043562,5.560211705085625,32.9457476254157,15.901008845471845,-0.8631614
AZE-2003,Azerbaijan,AZE,2003,1,39.5813073807196,8.989027659250137,100.0,22.55361885784457,2.771164719982698,8.306263310383162,23.2537194764338,15.916218238817484,-0.7817506999999999
AZE-2004,Azerbaijan,AZE,2004,1,39.5813073807196,9.152522057550556,98.8,22.707903868958677,2.233864929670494,8.989027659250137,23.6510138139512,15.92379474745002,-0.6355594999999999
AZE-2005,Azerbaijan,AZE,2005,1,39.5813073807196,9.099720730404442,99.0,22.88433410898946,6.708930427977857,9.152522057550556,26.8343888172544,15.932549019196312,-0.6217811999999999
AZE-2006,Azerbaijan,AZE,2006,1,39.5813073807196,9.101856328899334,99.1,23.30691781132128,9.679507319170504,9.099720730404442,37.4466296016638,15.942771673895882,-0.542242
AZE-2007,Azerbaijan,AZE,2007,1,39.5813073807196,9.125704510359697,99.5,23.766927404161358,8.328924828632093,9.101856328899334,39.5813073807196,15.953757538338117,-0.488286
AZE-2008,Azerbaijan,AZE,2008,1,39.5813073807196,8.983893135174407,99.5,24.2212698367426,16.6997549618244,9.125704510359697,36.8683513686981,15.965096091670851,-0.4496343
AZE-2009,Azerbaijan,AZE,2009,1,39.5813073807196,8.665623571034489,99.7,24.61204669996572,20.84908717727123,8.983893135174407,39.5007730331452,15.98609462957528,-0.3763567
AZE-2010,Azerbaijan,AZE,2010,1,39.5813073807196,8.810757054541499,99.9,24.51407955550117,1.457048359703213,8.665623571034489,26.6788300895754,16.006856109869055,-0.3326616
AZE-2011,Azerbaijan,AZE,2011,1,39.5813073807196,9.101667722975485,99.9,24.691844865346606,5.72687224669605,8.810757054541499,25.5154476387508,16.018753985625754,-0.4634625
AZE-2012,Azerbaijan,AZE,2012,1,39.5813073807196,9.267334892418669,99.9,24.912205117469277,7.8583333333334,9.101667722975485,29.7979549979878,16.031783992744764,-0.4419223
AZE-2013,Azerbaijan,AZE,2013,1,39.5813073807196,8.563861905163153,100.0,24.96717837306665,1.066213397203028,9.267334892418669,25.8177819240506,16.045071629579173,-0.4893907999999999
AZE-2014,Azerbaijan,AZE,2014,1,39.5813073807196,9.089407242676677,100.0,25.029498311097417,2.415717452794191,8.563861905163153,22.5837832214089,16.05800609846676,-0.3899694999999999
AZE-2015,Azerbaijan,AZE,2015,1,39.5813073807196,8.9990339994471,100.0,25.043945989874672,1.37344181533176,9.089407242676677,20.2463063109853,16.070488187123043,-0.2770165
AZE-2016,Azerbaijan,AZE,2016,1,39.5813073807196,9.10490564368904,100.0,24.69499511992658,4.027685737427259,8.9990339994471,12.069575141696,16.082400284461865,-0.2618170999999999
AZE-2017,Azerbaijan,AZE,2017,1,39.5813073807196,8.654338526391815,100.0,24.357345775053272,12.44337485843723,9.10490564368904,12.7825654497772,16.093578855411227,-0.2166787999999999
AZE-2018,Azerbaijan,AZE,2018,1,39.5813073807196,7.939513962151103,100.0,24.43357960978113,12.93591841873347,8.654338526391815,17.1235678602694,16.103391472455574,-0.1853699999999999
AZE-2019,Azerbaijan,AZE,2019,1,39.5813073807196,8.00897627283971,100.0,24.57580355988587,2.268546903739991,7.939513962151103,24.1724100094907,16.11205464074393,-0.2005079
AZE-2020,Azerbaijan,AZE,2020,1,39.5813073807196,6.921958519615099,100.0,24.5980901776412,2.610571827992152,8.00897627283971,20.4577104992688,16.12052110715989,-0.1045151
AZE-2021,Azerbaijan,AZE,2021,1,39.5813073807196,-8.13603007116496,100.0,24.477300809339468,2.759809470081272,6.921958519615099,11.1476827315754,16.127364759733396,-0.1055885
AZE-2022,Azerbaijan,AZE,2022,1,39.5813073807196,-9.099292839376243,100.0,24.72741964176855,6.650299127087786,-8.13603007116496,20.983375083624,16.131776736655397,-0.0594814
BHR-1997,Bahrain,BHR,1997,0,37.0437374677071,6.490070585246056,100.0,22.66030342041977,-0.4522273825303477,8.317840383531275,18.4494024419669,13.260023983082386,0.2681370999999999
BHR-1999,Bahrain,BHR,1999,0,37.0437374677071,6.81066797672708,100.0,22.67363873362119,-0.366533864541774,5.883076154128659,10.6376958646887,13.312724199203725,0.5256756
BHR-2001,Bahrain,BHR,2001,0,37.0437374677071,5.079688226105184,100.0,22.927454876811588,-0.7048529530907899,6.589099803764535,18.711078045797,13.365439743618376,0.5704864
BHR-2003,Bahrain,BHR,2003,0,37.0437374677071,6.940611087270069,100.0,22.9843527317729,-0.4955401387511543,6.072989388739255,14.4906538546743,13.473800226446144,0.8018609999999999
BHR-2004,Bahrain,BHR,2004,0,37.0437374677071,7.456233164451941,100.0,23.127939342875127,1.593625498007866,6.940611087270069,14.9880274040125,13.547000848874603,0.8143363
BHR-2005,Bahrain,BHR,2005,0,37.0437374677071,7.648359873665232,100.0,23.29969973051314,2.352941176470619,7.456233164451941,16.6530213443367,13.621612653067324,0.8293334
BHR-2006,Bahrain,BHR,2006,0,37.0437374677071,8.670655618706002,100.0,23.49389785892468,2.586206896551728,7.648359873665232,20.0931217396654,13.697653394560495,0.8246032
BHR-2007,Bahrain,BHR,2007,0,37.0437374677071,8.164118989660782,100.0,23.641293867780465,2.00746965452849,8.670655618706002,20.3670614713082,13.77513117381093,0.8170927
BHR-2008,Bahrain,BHR,2008,0,37.0437374677071,8.185349383656588,100.0,23.801959631260768,3.256666666667031,8.164118989660782,18.9906048191926,13.85405411882476,0.9343915
BHR-2009,Bahrain,BHR,2009,0,37.0437374677071,6.242808827884673,100.0,23.97018102899113,3.526003163637211,8.185349383656588,21.6815768768211,13.913994786052667,0.807801
BHR-2010,Bahrain,BHR,2010,0,37.0437374677071,5.741544522378849,100.0,23.856070268477445,2.795512835504117,6.242808827884673,14.4351176966592,13.9796817217709,0.8294237
BHR-2011,Bahrain,BHR,2011,0,37.0437374677071,7.35353202291093,100.0,24.011890984746,1.96188468334623,5.741544522378849,17.3156329535965,14.021340286337807,0.8816128999999999
BHR-2012,Bahrain,BHR,2012,0,37.0437374677071,8.035719884438912,100.0,24.121615195239563,-0.40004069748808,7.35353202291093,23.3980559518896,13.9936743164151,0.9001857999999999
BHR-2013,Bahrain,BHR,2013,0,37.0437374677071,8.91669732362989,100.0,24.18785746832721,2.757396699629792,8.035719884438912,20.0940234657871,14.005275179632806,0.8032498
BHR-2014,Bahrain,BHR,2014,0,37.0437374677071,8.01870263421172,100.0,24.244416474494315,3.300011568884423,8.91669732362989,20.8660137007827,14.041204454381962,0.8199639999999999
BHR-2015,Bahrain,BHR,2015,0,37.0437374677071,4.865955808927493,100.0,24.272093446323968,2.647553212461889,8.01870263421172,18.8709266924557,14.089014848972042,0.6266024
BHR-2016,Bahrain,BHR,2016,0,37.0437374677071,6.1876565099722205,100.0,24.20522252710364,1.848627423749767,4.865955808927493,9.82474436918962,14.13055703643913,0.7369814
BHR-2017,Bahrain,BHR,2017,0,37.0437374677071,7.955820664885209,100.0,24.246228856929232,2.786793476020443,6.1876565099722205,7.62960432748572,14.168788639091533,0.5338814
BHR-2018,Bahrain,BHR,2018,0,37.0437374677071,8.1042535002469,100.0,24.33970399390695,1.386718305764061,7.955820664885209,8.93795259727704,14.221720055612453,0.4961675
BHR-2019,Bahrain,BHR,2019,0,37.0437374677071,7.540892957149655,100.0,24.401286010028304,2.08766938046978,8.1042535002469,11.3900811220261,14.22303487777331,0.4964201
BHR-2020,Bahrain,BHR,2020,0,37.0437374677071,7.621956108431668,100.0,24.423253577749502,1.005820047021369,7.540892957149655,9.8481886760226,14.210087942670793,0.5202512
BHR-2021,Bahrain,BHR,2021,0,37.0437374677071,8.177097455250644,100.0,24.302264378779597,-2.317706293313787,7.621956108431668,6.69558923237194,14.202271834878657,0.5553823999999999
BHR-2022,Bahrain,BHR,2022,0,37.0437374677071,8.26941360752877,100.0,24.432933039998098,-0.6063193851408502,8.177097455250644,10.9376756365994,14.223882104950684,0.7964884999999999
BRN-1997,Brunei Darussalam,BRN,1997,4,30.6838382585785,7.246710653288018,100.0,22.759718625233965,1.996136509980777,7.175643309320861,16.06642734769,12.605777863943212,1.2229837
BRN-1999,Brunei Darussalam,BRN,1999,4,30.6838382585785,7.310375015234015,100.0,22.437216189221505,-0.4413793103448995,7.044469863064469,8.7864524447592,12.651994881602889,0.5577641
BRN-2001,Brunei Darussalam,BRN,2001,4,30.6838382585785,4.799070488910246,100.0,22.605931726156825,1.558152476349458,7.0023519404198495,23.4896305488652,12.69595549227624,0.7352101
BRN-2003,Brunei Darussalam,BRN,2003,4,30.6838382585785,5.511999743034026,100.0,22.56905298085795,-2.314972424593207,6.129803931079938,16.1096999175722,12.736994970995289,1.2956322
BRN-2004,Brunei Darussalam,BRN,2004,4,30.6838382585785,5.422374680220116,100.0,22.692854183609818,0.299999999999967,5.511999743034026,16.6876107710204,12.756036286722557,1.1730273
BRN-2005,Brunei Darussalam,BRN,2005,4,30.6838382585785,5.858332757851327,100.0,22.877255647305667,0.8142239946826126,5.422374680220116,19.7780085437059,12.773974013052367,0.7918227
BRN-2006,Brunei Darussalam,BRN,2006,4,30.6838382585785,5.168686634539489,100.0,23.07912650735138,1.244437118839653,5.858332757851327,25.956729633831,12.790846442968505,1.1720431999999998
BRN-2007,Brunei Darussalam,BRN,2007,4,30.6838382585785,6.244697586415444,100.0,23.26049738206423,0.1598880783451209,5.168686634539489,30.500356671909,12.806731660654956,1.1694272
BRN-2008,Brunei Darussalam,BRN,2008,4,30.6838382585785,6.096660585274119,100.0,23.32090795188014,0.9677741195251012,6.244697586415444,27.5236863460397,12.823617661263231,1.1739818
BRN-2009,Brunei Darussalam,BRN,2009,4,30.6838382585785,6.478778717000548,100.0,23.49124749519596,2.084980237154154,6.096660585274119,26.3149392802544,12.842104352504697,0.949121
BRN-2010,Brunei Darussalam,BRN,2010,4,30.6838382585785,6.868438546923048,100.0,23.20088806219036,1.035717742716134,6.478778717000548,16.6918809538917,12.860876527895726,1.0232638
BRN-2011,Brunei Darussalam,BRN,2011,4,30.6838382585785,7.23153390829466,100.0,23.34118131864024,0.3568691320175606,6.868438546923048,20.3808570661645,12.87986624795627,1.0035146
BRN-2012,Brunei Darussalam,BRN,2012,4,30.6838382585785,7.455767801851644,100.0,23.64237572944995,0.1379115631695401,7.23153390829466,24.1925755555505,12.897693662094072,1.0180884
BRN-2013,Brunei Darussalam,BRN,2013,4,30.6838382585785,7.346838669630928,100.0,23.67025122083771,0.1117662614003067,7.455767801851644,20.2405416655378,12.913019175601551,0.9898506
BRN-2014,Brunei Darussalam,BRN,2014,4,30.6838382585785,7.045613921573904,100.0,23.618854413531032,0.3892050531236322,7.346838669630928,16.496289516532,12.926842288816324,1.0783592
BRN-2015,Brunei Darussalam,BRN,2015,4,30.6838382585785,5.836508869458807,100.0,23.56221548438278,-0.2071087317198223,7.045613921573904,14.6726548413146,12.940244200130255,1.0142248
BRN-2016,Brunei Darussalam,BRN,2016,4,30.6838382585785,-5.707458960497302,100.0,23.28283898933704,-0.488347420743522,5.836508869458807,7.67941403200076,12.953265205016589,0.9482167
BRN-2017,Brunei Darussalam,BRN,2017,4,30.6838382585785,6.841461799256817,100.0,23.156902529413596,-0.2786932657530832,-5.707458960497302,6.61076862656256,12.965861602584637,0.7803650999999999
BRN-2018,Brunei Darussalam,BRN,2018,4,30.6838382585785,6.939647482811337,100.0,23.21879652179632,-1.260505646289603,6.841461799256817,8.33582039119995,12.977968620095218,0.8630799
BRN-2019,Brunei Darussalam,BRN,2019,4,30.6838382585785,6.615415541831847,100.0,23.33089945816685,1.025051792902122,6.939647482811337,11.046476859895,12.989542589383396,0.8702445999999999
BRN-2020,Brunei Darussalam,BRN,2020,4,30.6838382585785,7.030933012578094,100.0,23.323674060033856,-0.390522069165529,6.615415541831847,9.00049471310791,13.000604699344274,0.8013123
BRN-2021,Brunei Darussalam,BRN,2021,4,30.6838382585785,6.023273002697281,100.0,23.208655674562326,1.940319966071838,7.030933012578094,3.45811781195258,13.011219503657436,0.8099841999999999
BRN-2022,Brunei Darussalam,BRN,2022,4,30.6838382585785,-6.36361705594372,100.0,23.36278710310117,1.733413884505931,6.023273002697281,10.3734034426076,13.020822225349278,0.86713
COG-2001,"Congo, Rep.",COG,2001,3,55.9533665542603,-5.601982415158874,29.4,21.895106188893607,-0.8819915170254309,-5.279585226580189,55.9533665542603,14.963340221121792,-1.3348674
COG-2003,"Congo, Rep.",COG,2003,3,55.9533665542603,6.086956757401595,31.2,21.83323041879613,4.378759717808726,5.991948934175157,40.6339102482945,15.024701325013435,-0.9134471
COG-2004,"Congo, Rep.",COG,2004,3,55.9533665542603,5.176836729793205,32.1,21.977091979713048,-0.631844987363156,6.086956757401595,32.8203228243625,15.052653306406334,-1.113389
COG-2005,"Congo, Rep.",COG,2005,3,55.9533665542603,7.379401615568801,33.0,22.26163192002756,2.429766079617993,5.176836729793205,36.7574181614469,15.08683027993803,-0.967939
COG-2006,"Congo, Rep.",COG,2006,3,55.9533665542603,7.999017924502471,33.8,22.61788294446909,3.094490114561818,7.379401615568801,44.9456173814714,15.122868307793754,-1.197862
COG-2007,"Congo, Rep.",COG,2007,3,55.9533665542603,7.95454930121911,34.9,22.81170490794395,6.537843952996039,7.999017924502471,50.1208093428642,15.16030821783384,-1.1127562
COG-2008,"Congo, Rep.",COG,2008,3,55.9533665542603,8.267691825624016,35.8,22.896050105821388,2.654646450607025,7.95454930121911,43.9536353057112,15.19690066285481,-1.0866382
COG-2009,"Congo, Rep.",COG,2009,3,55.9533665542603,7.774058387188631,36.8,23.17855980009753,4.958750920231519,8.267691825624016,48.8603735696485,15.22978918141721,-1.1425067
COG-2010,"Congo, Rep.",COG,2010,3,55.9533665542603,8.021078043143559,37.1,22.997790895359408,4.415003747952232,7.774058387188631,32.0193923725837,15.269748573668853,-1.1476222
COG-2011,"Congo, Rep.",COG,2011,3,55.9533665542603,6.392518915934932,40.0,23.299565627112983,0.3915250112276121,8.021078043143559,40.9410251641332,15.311172869239355,-1.1313015
COG-2012,"Congo, Rep.",COG,2012,3,55.9533665542603,-4.930921705393033,40.8,23.47408069335061,1.759587042738031,6.392518915934932,48.6661331517592,15.343678760265108,-1.1564755
COG-2013,"Congo, Rep.",COG,2013,3,55.9533665542603,8.23156747383497,41.6,23.596429904630263,5.01018773134471,-4.930921705393033,38.0875246076633,15.37164283682433,-1.1262868
COG-2014,"Congo, Rep.",COG,2014,3,55.9533665542603,8.662540371133762,42.5,23.611341666776035,4.631616197294613,8.23156747383497,29.6858074019147,15.395952109956784,-1.0833788
COG-2015,"Congo, Rep.",COG,2015,3,55.9533665542603,9.05481791177776,43.4,23.60914535756056,0.9121395454500976,8.662540371133762,24.8226399767107,15.420112998324193,-1.0410129
COG-2016,"Congo, Rep.",COG,2016,3,55.9533665542603,4.617368280461733,44.3,23.24376433733393,3.169097967508294,9.05481791177776,12.2746700668843,15.444276867618186,-0.9831998
COG-2017,"Congo, Rep.",COG,2017,3,55.9533665542603,9.08635272948007,45.3,23.1148986461028,3.190561797237732,4.617368280461733,12.8004971968497,15.468493857117297,-1.0632459
COG-2018,"Congo, Rep.",COG,2018,3,55.9533665542603,9.063057946449524,46.2,23.194282553392085,0.4500638232855464,9.08635272948007,25.0227768251894,15.49279625986241,-1.18652
COG-2019,"Congo, Rep.",COG,2019,3,55.9533665542603,-7.956952810981318,47.0,23.416127966978703,1.152778963755232,9.063057946449524,38.248715891351,15.517184657597689,-1.1717606
COG-2020,"Congo, Rep.",COG,2020,3,55.9533665542603,-8.2856035685269,47.7,23.360653042750727,2.206073057815252,-7.956952810981318,35.8517991110343,15.541248095233655,-1.2153336
COG-2021,"Congo, Rep.",COG,2021,3,55.9533665542603,-6.462125143106717,48.7,23.162886329543745,1.795371470831075,-8.2856035685269,22.4084125429251,15.565195860142282,-1.3205808
COG-2022,"Congo, Rep.",COG,2022,3,55.9533665542603,6.970273109332573,49.7,23.419627338042616,1.715642754512603,-6.462125143106717,34.3828809069635,15.589137284861842,-1.1613755
DZA-2001,Algeria,DZA,2001,0,29.5343935472454,7.708056553912669,98.6,24.72678080699717,0.3391631890717681,6.3282970493098105,20.2038945100895,17.24639275334567,-0.8268561
DZA-2003,Algeria,DZA,2003,0,29.5343935472454,7.151255691332827,98.6,24.842564821502727,1.418301923450509,7.663839919743985,17.703706765696,17.273429613664987,-0.6972374
DZA-2004,Algeria,DZA,2004,0,29.5343935472454,7.478451522804053,98.6,25.020309910535595,4.268953958395005,7.151255691332827,19.6786326659537,17.286725765667956,-0.7089021999999999
DZA-2005,Algeria,DZA,2005,0,29.5343935472454,7.745868416870862,98.6,25.24411572341295,3.961800302571874,7.478451522804053,22.1269733272223,17.30069016948995,-0.609134
DZA-2006,Algeria,DZA,2006,0,29.5343935472454,8.21121143555501,98.6,25.39653026503492,1.382446566621185,7.745868416870862,27.9141141505655,17.315323257500037,-0.6243901
DZA-2007,Algeria,DZA,2007,0,29.5343935472454,8.123698167888142,98.7,25.536134987825456,2.311499185144237,8.21121143555501,29.5343935472454,17.330735993413512,-0.5132168
DZA-2008,Algeria,DZA,2008,0,29.5343935472454,8.571153634627585,98.7,25.682486705184605,3.678995747416992,8.123698167888142,27.9267087662485,17.347426709700578,-0.4402714
DZA-2009,Algeria,DZA,2009,0,29.5343935472454,8.61138668438547,99.3,25.918352908039687,4.858590628149388,8.571153634627585,29.1086401323721,17.365615239790287,-0.5662990999999999
DZA-2010,Algeria,DZA,2010,0,29.5343935472454,8.433972105608518,98.8,25.736014177522403,5.737060361456279,8.61138668438547,19.9046263657492,17.384774091463974,-0.7719014
DZA-2011,Algeria,DZA,2011,0,29.5343935472454,8.545289613022447,98.9,25.903841095416,3.91106195534028,8.433972105608518,21.9939993236664,17.404244679238634,-0.9696248
DZA-2012,Algeria,DZA,2012,0,29.5343935472454,8.006635944624213,99.0,26.10928243393753,4.5242115050527,8.545289613022447,25.0260096148481,17.423813622438452,-1.134794
DZA-2013,Algeria,DZA,2013,0,29.5343935472454,8.126746848083556,98.8,26.14884889664397,8.891450910623172,8.006635944624213,22.6025382987382,17.443741700918686,-1.088001
DZA-2014,Algeria,DZA,2014,0,29.5343935472454,8.00783737826938,99.2,26.160046173409874,3.254239109988475,8.126746848083556,20.8724313901278,17.463937011971144,-0.7990613999999999
DZA-2015,Algeria,DZA,2015,0,29.5343935472454,-6.9806216256660445,99.3,26.199489461326017,2.91692692067458,8.00783737826938,19.3167294732848,17.484315663869246,-1.0284052
DZA-2016,Algeria,DZA,2016,0,29.5343935472454,8.094539669080605,99.4,25.957011911741763,4.784447006938895,-6.9806216256660445,11.7459031918092,17.504878142922962,-0.9107414
DZA-2017,Algeria,DZA,2017,0,29.5343935472454,7.808114702065262,99.4,25.92045726226385,6.397694802687569,8.094539669080605,10.0262189142963,17.5254350535327,-0.9245888
DZA-2018,Algeria,DZA,2018,0,29.5343935472454,7.983519349462639,99.5,25.96966285414941,5.591115909616639,7.808114702065262,12.1565741270026,17.54575505911875,-0.945914
DZA-2019,Algeria,DZA,2019,0,29.5343935472454,7.923855313028156,99.6,25.993978082405565,4.269990204670837,7.983519349462639,15.9428081774505,17.565133120992417,-1.0402376
DZA-2020,Algeria,DZA,2020,0,29.5343935472454,7.735362002206276,99.5,25.988334863041977,1.951768210528918,7.923855313028156,14.1421031504305,17.583537249707327,-1.1291834
DZA-2021,Algeria,DZA,2021,0,29.5343935472454,7.460713940929458,99.7,25.82844383657273,2.415130940834139,7.735362002206276,9.03841379679424,17.600656370961218,-1.0810329
DZA-2022,Algeria,DZA,2022,0,29.5343935472454,6.181245974353436,99.8,25.950254777775037,7.226063074154774,7.460713940929458,14.4615654623053,17.61685001661988,-0.9720042
ECU-1997,Ecuador,ECU,1997,1,18.654574856841,7.27786998679196,92.0513763427734,23.95115663248741,24.41145921506743,6.907116075374439,7.78787008443719,16.284537709910413,-0.4950283
ECU-1999,Ecuador,ECU,1999,1,18.654574856841,7.167670987502154,92.726642,24.054823600507326,36.09843316238856,7.461617733748233,3.21214311967333,16.32113322497039,-0.1012523999999999
ECU-2001,Ecuador,ECU,2001,1,18.654574856841,6.982062875740903,93.7,23.587718736084742,96.09637569260964,-3.8480189070795343,16.3324950885101,16.356262347588256,-0.7136521
ECU-2003,Ecuador,ECU,2003,1,18.654574856841,7.463378766430115,94.2,24.021107987356697,12.48359800820948,7.356613574032653,8.07370405839442,16.391055354222164,-0.8296019
ECU-2004,Ecuador,ECU,2004,1,18.654574856841,7.422899435570963,95.0,24.156130088607597,7.929364874615559,7.463378766430115,8.39147653417875,16.408696484679165,-0.7609294999999999
ECU-2005,Ecuador,ECU,2005,1,18.654574856841,6.894496452370554,94.8,24.28416835813806,2.743231989267045,7.422899435570963,12.2508252521177,16.42621999902884,-0.7975237
ECU-2006,Ecuador,ECU,2006,1,18.654574856841,6.2968506256229695,95.8,24.419092329438158,2.168277011837205,6.894496452370554,16.5366396462506,16.443518784726013,-0.8610709
ECU-2007,Ecuador,ECU,2007,1,18.654574856841,5.960354697220592,96.3,24.545161970014387,3.298748462582153,6.2968506256229695,17.9868791091883,16.46070132525026,-0.9164806
ECU-2008,Ecuador,ECU,2008,1,18.654574856841,7.656719549871289,96.8,24.63225875631704,2.27618478002121,5.960354697220592,16.5138217754915,16.477780241364155,-0.9445398
ECU-2009,Ecuador,ECU,2009,1,18.654574856841,6.425292597519588,97.2,24.83642296136489,8.400095939874621,7.656719549871289,18.654574856841,16.49483221806267,-1.1198786
ECU-2010,Ecuador,ECU,2010,1,18.654574856841,5.804501197900224,96.5,24.819192114280707,5.159968291810473,6.425292597519588,8.82457083402611,16.51188991898578,-1.2985597
ECU-2011,Ecuador,ECU,2011,1,18.654574856841,7.164077860930544,97.5,24.944996496014,3.554377345678426,5.804501197900224,11.1941478463167,16.528660798395343,-1.2560471
ECU-2012,Ecuador,ECU,2012,1,18.654574856841,7.034242970420621,96.9,25.09254466248361,4.4745326579584,7.164077860930544,16.0118572281981,16.54507616708198,-1.1368099
ECU-2013,Ecuador,ECU,2013,1,18.654574856841,7.282185825260268,97.2,25.197587291622828,5.101721809586659,7.034242970420621,13.9638597674194,16.56099751011032,-0.9981981
ECU-2014,Ecuador,ECU,2014,1,18.654574856841,7.342637133626476,98.0,25.293537429560654,2.72177577710371,7.282185825260268,12.2978605117168,16.575971598767588,-0.8297139
ECU-2015,Ecuador,ECU,2015,1,18.654574856841,7.88057871552988,99.0,25.35525120081049,3.589220166166633,7.342637133626476,11.0826381316277,16.590292186526465,-0.7603968999999999
ECU-2016,Ecuador,ECU,2016,1,18.654574856841,7.334884280256561,98.8,25.30013487692202,3.966646232553579,7.88057871552988,4.19483660505841,16.604601491624386,-0.9664965
ECU-2017,Ecuador,ECU,2017,1,18.654574856841,7.142544052924475,98.7,25.304874958162607,1.728264633245326,7.334884280256561,3.26158550456448,16.619182405511555,-0.8667598
ECU-2018,Ecuador,ECU,2018,1,18.654574856841,7.930309757422194,99.2,25.372141721191163,0.4173355886668246,7.142544052924475,4.51289936555742,16.63447701298995,-0.937257
ECU-2019,Ecuador,ECU,2019,1,18.654574856841,7.585346846067396,98.7,25.400560953741508,-0.2241032460055521,7.930309757422194,6.75910009874679,16.651634251078466,-0.8243339
ECU-2020,Ecuador,ECU,2020,1,18.654574856841,7.713583724713297,99.1,25.401647729285568,0.2660125154661552,7.585346846067396,5.52629823993135,16.668527798058655,-0.7315769999999999
ECU-2021,Ecuador,ECU,2021,1,18.654574856841,7.171838887425006,98.9,25.286211722736827,-0.3388723925621392,7.713583724713297,2.56275988674609,16.680340323204483,-0.7359599
ECU-2022,Ecuador,ECU,2022,1,18.654574856841,7.475555864931994,100.0,25.397766861313546,0.1332513860963892,7.171838887425006,6.40325083301788,16.68808346300003,-0.5551263
EGY-1997,"Egypt, Arab Rep.",EGY,1997,1,16.9450404713831,7.484986745171579,96.1543273925781,24.93731332372681,7.18710369719992,7.148346361952578,8.40318332983217,18.02062173154026,-0.3276597
EGY-1999,"Egypt, Arab Rep.",EGY,1999,1,16.9450404713831,7.664159129467721,96.6465225219727,25.16390103381332,3.872575464274898,7.674153137212839,3.42870521918816,18.0631954002999,-0.3008312999999999
EGY-2001,"Egypt, Arab Rep.",EGY,2001,1,16.9450404713831,6.927362770165489,97.7,25.32682015773799,2.683805353485461,7.811973593532225,6.47222160611776,18.107110239202743,-0.3139849
EGY-2003,"Egypt, Arab Rep.",EGY,2003,1,16.9450404713831,6.162898098573643,97.5,25.167634058804563,2.737238550003342,7.165339501010021,5.90580704386046,18.149385510845462,-0.5474032999999999
EGY-2004,"Egypt, Arab Rep.",EGY,2004,1,16.9450404713831,7.826682691335917,98.8,25.108891755662395,4.507776363193035,6.162898098573643,7.50637371077042,18.17034004287379,-0.5819430999999999
EGY-2005,"Egypt, Arab Rep.",EGY,2005,1,16.9450404713831,9.282772663884248,97.8,25.08995631582485,11.27061933205195,7.826682691335917,9.49448631419397,18.19098381609706,-0.5956608999999999
EGY-2006,"Egypt, Arab Rep.",EGY,2006,1,16.9450404713831,9.90775842186551,99.4,25.21929436399287,4.869396968719882,9.282772663884248,11.8509312061057,18.211205911117368,-0.4997625
EGY-2007,"Egypt, Arab Rep.",EGY,2007,1,16.9450404713831,10.050017844096844,99.0,25.400068884848316,7.644526445264343,9.90775842186551,11.7296934107586,18.230735045108958,-0.3747774
EGY-2008,"Egypt, Arab Rep.",EGY,2008,1,16.9450404713831,9.851625678256688,98.4,25.594162539249016,9.318969057992298,10.050017844096844,10.7818588338143,18.249610366590566,-0.1790641999999999
EGY-2009,"Egypt, Arab Rep.",EGY,2009,1,16.9450404713831,9.504739837725422,99.8,25.815899966214893,18.31683168316841,9.851625678256688,12.4545677729971,18.268284407697465,-0.1092085999999999
EGY-2010,"Egypt, Arab Rep.",EGY,2010,1,16.9450404713831,9.45494792098549,98.9,25.96579035626199,11.76349543864433,9.504739837725422,6.24755741424533,18.28716805972427,-0.0191401
EGY-2011,"Egypt, Arab Rep.",EGY,2011,1,16.9450404713831,-6.872543596189309,99.4,26.112262979792817,11.26518826531855,9.45494792098549,7.41778712942652,18.30634757191745,-0.0846898
EGY-2012,"Egypt, Arab Rep.",EGY,2012,1,16.9450404713831,8.629700142534702,99.4,26.18705388244944,10.0649259874818,-6.872543596189309,9.74186285549743,18.327392179306383,-0.2206717
EGY-2013,"Egypt, Arab Rep.",EGY,2013,1,16.9450404713831,9.034128129571528,99.7,26.35489569146237,7.111729433430828,8.629700142534702,8.38345897037217,18.349839758611708,-0.5120719
EGY-2014,"Egypt, Arab Rep.",EGY,2014,1,16.9450404713831,9.12960743789541,99.9,26.38773250349214,9.46971981064921,9.034128129571528,7.82863019779494,18.37289239479865,-0.7386307999999999
EGY-2015,"Egypt, Arab Rep.",EGY,2015,1,16.9450404713831,9.536069397277718,99.8,26.44552787088072,10.0702154687481,9.12960743789541,6.82340013626772,18.39565679022458,-0.7425351
EGY-2016,"Egypt, Arab Rep.",EGY,2016,1,16.9450404713831,9.693605679009108,99.3,26.520437182694263,10.370490343517,9.536069397277718,3.05526433674059,18.41664604549217,-0.7363711
EGY-2017,"Egypt, Arab Rep.",EGY,2017,1,16.9450404713831,9.603557449417096,100.0,26.529730396843284,13.81360621482898,9.693605679009108,2.35006516963224,18.43699287478265,-0.7670926
EGY-2018,"Egypt, Arab Rep.",EGY,2018,1,16.9450404713831,9.697852335736558,100.0,26.238156303552078,29.50660839400387,9.603557449417096,4.12683269397819,18.45697465897674,-0.7082554
EGY-2019,"Egypt, Arab Rep.",EGY,2019,1,16.9450404713831,9.799248632959376,100.0,26.293854509712613,14.40146578074216,9.697852335736558,5.47658822874947,18.475946041978823,-0.7426752999999999
EGY-2020,"Egypt, Arab Rep.",EGY,2020,1,16.9450404713831,9.367651773066612,100.0,26.48744958452795,9.152799593248035,9.799248632959376,3.8819618632175,18.49349578563159,-0.7028437
EGY-2021,"Egypt, Arab Rep.",EGY,2021,1,16.9450404713831,9.234506026003144,100.0,26.673433906016143,5.044932889775388,9.367651773066612,1.85770095140202,18.509745324176897,-0.6355909
EGY-2022,"Egypt, Arab Rep.",EGY,2022,1,16.9450404713831,10.034507044897936,100.0,26.77458239090828,5.214049405130425,9.234506026003144,2.98581458250197,18.524653377947843,-0.5701379
GAB-2001,Gabon,GAB,2001,3,43.6933433166058,-5.304477709224985,73.6,22.348672296668727,0.5049200258348586,6.320991762255728,43.6933433166058,14.058906047384149,-0.1815097
GAB-2003,Gabon,GAB,2003,3,43.6933433166058,5.294998488503324,77.8,22.397639273117537,0.0366828893971394,0.9905741315565282,27.1895735624659,14.112005681147911,-0.1673127999999999
GAB-2004,Gabon,GAB,2004,3,43.6933433166058,6.4424496792215775,78.5,22.596897626236107,2.235353135515361,5.294998488503324,21.2503487601086,14.139296230801866,-0.2828663
GAB-2005,Gabon,GAB,2005,3,43.6933433166058,6.480543346674311,79.2,22.773564187442627,0.4082053074392502,6.4424496792215775,25.0988473562294,14.167300590125356,-0.625024
GAB-2006,Gabon,GAB,2006,3,43.6933433166058,6.283409770075687,81.6,22.983233991289453,3.708333333333035,6.480543346674311,34.837420996188,14.196338651936443,-0.4182339
GAB-2007,Gabon,GAB,2007,3,43.6933433166058,7.177490707972487,80.5,23.05808559618844,-1.409401366009797,6.283409770075687,33.9084565801093,14.22651894036592,-0.5483222
GAB-2008,Gabon,GAB,2008,3,43.6933433166058,7.234915218260566,81.3,23.24542087057445,5.03031883679951,7.177490707972487,34.283912273453,14.257781928322052,-0.4859785
GAB-2009,Gabon,GAB,2009,3,43.6933433166058,7.14783515780409,82.0,23.468698417972707,5.264301455752853,7.234915218260566,37.187729257242,14.289989159568975,-0.4264347
GAB-2010,Gabon,GAB,2010,3,43.6933433166058,6.95452355927572,82.7,23.21760280362914,1.885707545779184,7.14783515780409,24.5730772701098,14.32326567253802,-0.4637721999999999
GAB-2011,Gabon,GAB,2011,3,43.6933433166058,7.717384330380804,89.3,23.388588967612527,1.46154402720469,6.95452355927572,33.5096734280311,14.357765078913914,-0.4114898999999999
GAB-2012,Gabon,GAB,2012,3,43.6933433166058,7.211302434773215,88.7,23.62525363030049,1.26331707837421,7.717384330380804,37.4261753637161,14.39323903064084,-0.5188594
GAB-2013,Gabon,GAB,2013,3,43.6933433166058,6.473993203356658,89.3,23.56645653636304,2.652418286956261,7.211302434773215,38.2761163072887,14.42901370137103,-0.5270081
GAB-2014,Gabon,GAB,2014,3,43.6933433166058,7.834478795649784,86.4,23.590922936993987,0.5054410589156145,6.473993203356658,30.2411289292074,14.46421461227973,-0.6584268
GAB-2015,Gabon,GAB,2015,3,43.6933433166058,4.423976686185089,87.1,23.62490536864405,4.690457518262837,7.834478795649784,22.1627532667092,14.497798995189344,-0.6875047
GAB-2016,Gabon,GAB,2016,3,43.6933433166058,7.818961394893369,87.3,23.389320282975277,-0.3387951887534059,4.423976686185089,9.98640233955356,14.52894554222094,-0.6567197
GAB-2017,Gabon,GAB,2017,3,43.6933433166058,7.874000845299236,88.1,23.364028159831825,2.106707127840543,7.818961394893369,9.0185416132992,14.557594082485055,-0.6099754
GAB-2018,Gabon,GAB,2018,3,43.6933433166058,7.922312544541557,86.3,23.426604120122786,2.651925831439018,7.874000845299236,14.3932577694784,14.584183027238714,-0.622216
GAB-2019,Gabon,GAB,2019,3,43.6933433166058,8.0411792425486,89.6,23.54864423860691,4.749066520832215,7.922312544541557,18.3274076798358,14.609551844608168,-0.7564955999999999
GAB-2020,Gabon,GAB,2020,3,43.6933433166058,8.141196583789558,90.3,23.549063841463084,2.464567561511867,8.0411792425486,16.6842425426461,14.634279746771677,-0.8766721
GAB-2021,Gabon,GAB,2021,3,43.6933433166058,8.025661074178142,91.1,23.453875395729288,1.352761106753326,8.141196583789558,9.97982419987045,14.658171972342055,-0.8995732
GAB-2022,Gabon,GAB,2022,3,43.6933433166058,7.700378736669784,91.8,23.690852466838773,1.086907465194095,8.025661074178142,15.5565091491463,14.681233206106262,-0.8324927999999999
GNQ-2001,Equatorial Guinea,GNQ,2001,3,82.776896134566,7.5398155594985905,64.8,20.76823776610505,4.802288869013977,5.733349096351475,82.776896134566,13.46351038452506,-1.716091
GNQ-2006,Equatorial Guinea,GNQ,2006,3,82.776896134566,6.844829414092946,65.0,22.82951593318437,5.631633513576132,7.338428658621975,55.1960848556935,13.761442892249455,-1.6099789
GNQ-2007,Equatorial Guinea,GNQ,2007,3,82.776896134566,7.818214071041845,65.1,23.034466578408196,4.415899841695609,6.844829414092946,52.3927895781938,13.80580763650288,-1.568346
GNQ-2008,Equatorial Guinea,GNQ,2008,3,82.776896134566,-7.370070232105825,65.1,23.29371686012464,2.803738317757037,7.818214071041845,48.2167537217234,13.850921137151673,-1.574244
GNQ-2009,Equatorial Guinea,GNQ,2009,3,82.776896134566,8.093291030259037,65.2,23.70641393776359,6.551766911845354,-7.370070232105825,43.6095454927149,13.896658193441732,-1.5833663999999998
GNQ-2010,Equatorial Guinea,GNQ,2010,3,82.776896134566,8.606668231289746,65.4,23.4331673349551,4.691065677473749,8.093291030259037,24.4384804506248,13.942736865247952,-1.5345535
GNQ-2011,Equatorial Guinea,GNQ,2011,3,82.776896134566,8.281470921987454,66.1,23.515316652851144,7.789165479911835,8.606668231289746,33.0485071859477,13.988695502746069,-1.5976619
GNQ-2012,Equatorial Guinea,GNQ,2012,3,82.776896134566,7.586049360114838,66.1,23.78466148328374,4.805389221557,8.281470921987454,33.9272042714921,14.032101487668276,-1.5790898999999998
GNQ-2013,Equatorial Guinea,GNQ,2013,3,82.776896134566,7.061247105562775,65.7,23.831806309704486,3.656620482788057,7.586049360114838,34.9943032804264,14.07284991099171,-1.6259788
GNQ-2014,Equatorial Guinea,GNQ,2014,3,82.776896134566,5.816376778397663,65.9,23.81197986730268,2.948876946396622,7.061247105562775,29.0020263766332,14.112810480260965,-1.6351215
GNQ-2015,Equatorial Guinea,GNQ,2015,3,82.776896134566,7.772920467021833,66.0,23.80358982877892,4.309998661491074,5.816376778397663,22.8648774988219,14.151860644268298,-1.5390838
GNQ-2016,Equatorial Guinea,GNQ,2016,3,82.776896134566,8.163543627781895,66.1,23.30238334144298,1.676630853159882,7.772920467021833,12.576041460388,14.1897766661084,-1.5095134
GNQ-2017,Equatorial Guinea,GNQ,2017,3,82.776896134566,6.645958888284377,66.2,23.142816640467665,1.411939154790155,8.163543627781895,11.7086428410267,14.226418825167055,-1.398269
GNQ-2018,Equatorial Guinea,GNQ,2018,3,82.776896134566,-5.666201752733402,66.4,23.224776694075448,0.7443547466124104,6.645958888284377,16.1366726241749,14.261731738419876,-1.3973309
GNQ-2019,Equatorial Guinea,GNQ,2019,3,82.776896134566,7.404173737382591,66.5,23.29564995981199,1.060074106621712,-5.666201752733402,20.3264698484548,14.295726241236425,-1.4958505
GNQ-2020,Equatorial Guinea,GNQ,2020,3,82.776896134566,-2.9014174886084447,66.6,23.153728052959035,1.53027528964189,7.404173737382591,18.813552099543,14.328440765539312,-1.443702
GNQ-2021,Equatorial Guinea,GNQ,2021,3,82.776896134566,7.023930026765189,66.7,23.015175753332784,4.766695239442282,-2.9014174886084447,10.7521167179464,14.355779831710974,-1.4963872
GNQ-2022,Equatorial Guinea,GNQ,2022,3,82.776896134566,7.9289045109904865,66.8,23.22600242067051,-0.0971007664640198,7.023930026765189,14.9400221325798,14.380134924858249,-1.4969104
IRN-2001,"Iran, Islamic Rep.",IRN,2001,4,31.6076762648214,6.7047068919892965,97.9,25.42002754986828,14.47675131885666,4.356873151729317,30.6637746707723,18.011488599063174,-1.6776936999999998
IRN-2003,"Iran, Islamic Rep.",IRN,2003,4,31.6076762648214,8.657817922136909,98.1,25.580181938703557,14.33593373784039,8.859187419749375,20.4437414632993,18.03518469046705,-1.3953366
IRN-2004,"Iran, Islamic Rep.",IRN,2004,4,31.6076762648214,8.711871396840907,98.2,25.746562122163496,16.46801162447918,8.657817922136909,22.0449174416527,18.046268578583245,-1.3519161
IRN-2005,"Iran, Islamic Rep.",IRN,2005,4,31.6076762648214,8.661879253530778,98.3,25.958401474823773,14.76150869706724,8.711871396840907,25.1990020398231,18.0676607838436,-1.2344334
IRN-2006,"Iran, Islamic Rep.",IRN,2006,4,31.6076762648214,8.441408137137596,98.4,26.139234547482843,13.43311800850802,8.661879253530778,31.6076762648214,18.089791278622965,-1.2647461
IRN-2007,"Iran, Islamic Rep.",IRN,2007,4,31.6076762648214,8.302906241317181,98.4,26.30526549022503,10.01589825119239,8.441408137137596,31.5582038058527,18.111335687613675,-1.2655921
IRN-2008,"Iran, Islamic Rep.",IRN,2008,4,31.6076762648214,8.283993312444405,98.7,26.5804461133266,17.34104046242766,8.302906241317181,26.1252401169156,18.127686573926923,-1.3434552
IRN-2009,"Iran, Islamic Rep.",IRN,2009,4,31.6076762648214,8.693973421310117,98.8,26.729793733878903,25.41050903119872,8.283993312444405,30.5659738980313,18.139831342217438,-1.3877209
IRN-2010,"Iran, Islamic Rep.",IRN,2010,4,31.6076762648214,8.895348074768016,99.7,26.749274542010408,13.55155482815062,8.693973421310117,17.5512587993854,18.15224985266064,-1.4986655
IRN-2011,"Iran, Islamic Rep.",IRN,2011,4,31.6076762648214,9.054088527554262,99.4,26.91167280498997,10.08936292879791,8.895348074768016,20.2248363529261,18.16476659171376,-1.4215061999999998
IRN-2012,"Iran, Islamic Rep.",IRN,2012,4,31.6076762648214,9.140290038779648,99.5,27.16752786009395,26.2933856738608,9.054088527554262,22.3514589221281,18.17712526700744,-1.1976073
IRN-2013,"Iran, Islamic Rep.",IRN,2013,4,31.6076762648214,8.71602604408739,99.5,27.19099455484408,27.25681272429084,9.140290038779648,18.4120723402826,18.189638341186416,-1.2487391
IRN-2014,"Iran, Islamic Rep.",IRN,2014,4,31.6076762648214,8.345452634872334,99.8,26.93867329547692,36.60303551910293,8.71602604408739,21.2565665523955,18.20270739159566,-1.3745965
IRN-2015,"Iran, Islamic Rep.",IRN,2015,4,31.6076762648214,8.318742312180794,100.0,26.85944697378467,16.60655323574489,8.345452634872334,21.2353758265799,18.21613868219046,-1.3019342
IRN-2016,"Iran, Islamic Rep.",IRN,2016,4,31.6076762648214,8.816408521668635,100.0,26.73744955434066,12.48468156115333,8.318742312180794,12.2663527393474,18.229754629905592,-1.0907749
IRN-2017,"Iran, Islamic Rep.",IRN,2017,4,31.6076762648214,9.21413318013931,100.0,26.894168756948638,7.245425489529789,8.816408521668635,10.8895031509112,18.24408948559304,-1.0558723
IRN-2018,"Iran, Islamic Rep.",IRN,2018,4,31.6076762648214,8.465057481391776,99.9,26.958146831323383,8.044924376602776,9.21413318013931,14.6204399688795,18.258476529632457,-1.0828666999999998
IRN-2019,"Iran, Islamic Rep.",IRN,2019,4,31.6076762648214,8.011686839063168,100.0,26.744054458766684,18.01411833718742,8.465057481391776,27.6646471563106,18.2712289951696,-1.2929956
IRN-2020,"Iran, Islamic Rep.",IRN,2020,4,31.6076762648214,7.895063636906089,100.0,26.575434985587822,39.90734556977835,8.011686839063168,20.0780490508657,18.282012167135186,-1.3605617
IRN-2021,"Iran, Islamic Rep.",IRN,2021,4,31.6076762648214,7.955074396377478,100.0,26.361386775339888,30.59413903872951,7.895063636906089,13.2733495355914,18.289699742029168,-1.3929587
IRN-2022,"Iran, Islamic Rep.",IRN,2022,4,31.6076762648214,8.00636767876134,100.0,26.732940286736717,43.38901626815144,7.955074396377478,18.2658980929233,18.298010034304266,-1.3936204
IRQ-2001,Iraq,IRQ,2001,3,65.1575951980304,-2.5942617517228004,96.8,24.60202676091638,4.978962131837313,-0.0319945411817162,48.5807178166885,17.01107914716419,-2.0951628
IRQ-2003,Iraq,IRQ,2003,3,65.1575951980304,7.600902709541988,97.1,24.217603004612062,19.31669460197901,-0.3204855261882171,46.6719927539111,17.073859371853832,-1.9833932
IRQ-2004,Iraq,IRQ,2004,3,65.1575951980304,6.39693243298235,97.2,23.810736896819623,33.61621059923828,7.600902709541988,53.0047978158982,17.104011694287102,-1.5473328
IRQ-2005,Iraq,IRQ,2005,3,65.1575951980304,6.937897377391492,97.3,24.324233579902376,26.96190681932714,6.39693243298235,64.6550924823725,17.1325245238189,-1.5796388
IRQ-2006,Iraq,IRQ,2006,3,65.1575951980304,6.641183874022173,97.4,24.636590088762453,36.9594809201871,6.937897377391492,65.1575951980304,17.162161957472154,-1.4331865
IRQ-2007,Iraq,IRQ,2007,3,65.1575951980304,7.572297467251317,97.6,24.89991288882607,53.23096291142799,6.641183874022173,63.5551402676835,17.169494591628702,-1.3863282
IRQ-2008,Iraq,IRQ,2008,3,65.1575951980304,8.2191645155082,98.1,25.210069712062023,-10.06749257689777,7.572297467251317,52.9273802567399,17.161604166507043,-1.3291863
IRQ-2009,Iraq,IRQ,2009,3,65.1575951980304,8.06984312179864,97.9,25.60314253184811,12.6628528269228,8.2191645155082,55.3793146361864,17.181807164755558,-1.1713667
IRQ-2010,Iraq,IRQ,2010,3,65.1575951980304,7.934656848342491,98.1,25.438702706589485,6.873615472125553,8.06984312179864,39.1145928006965,17.218646293138203,-1.1212805
IRQ-2011,Iraq,IRQ,2011,3,65.1575951980304,8.334231487408653,98.4,25.654256896444547,2.429868268377534,7.934656848342491,43.2562312170542,17.25096014426062,-0.9629582
IRQ-2012,Iraq,IRQ,2012,3,65.1575951980304,8.824677912790495,98.0,25.947665714057827,5.6040514426601,8.334231487408653,50.9263659501053,17.286278310994888,-0.9193194
IRQ-2013,Iraq,IRQ,2013,3,65.1575951980304,-8.449042867908583,99.3,26.10777225806765,6.0890964159516,8.824677912790495,49.6110993818029,17.331667526433154,-1.0140703
IRQ-2014,Iraq,IRQ,2014,3,65.1575951980304,-9.920973775957483,99.0,26.181308353322592,1.879498007494163,-8.449042867908583,45.3313602184612,17.378883193407802,-1.0144949
IRQ-2015,Iraq,IRQ,2015,3,65.1575951980304,-9.625650199157064,99.2,26.15443285955921,2.235974079047261,-9.920973775957483,46.6038527995508,17.41419338574558,-1.0708086
IRQ-2016,Iraq,IRQ,2016,3,65.1575951980304,-9.434427484390538,99.4,25.83990606877659,1.393330287802677,-9.625650199157064,37.2575416723352,17.441464482703047,-1.0179473
IRQ-2017,Iraq,IRQ,2017,3,65.1575951980304,-9.21679947690857,99.7,25.83972288680495,0.5565213971555476,-9.434427484390538,32.9650560560142,17.465379604809097,-0.9696252
IRQ-2018,Iraq,IRQ,2018,3,65.1575951980304,-9.187092226132314,99.9,25.95553773442325,0.1840588988475531,-9.21679947690857,38.9203120843433,17.48768510887667,-1.0692718
IRQ-2019,Iraq,IRQ,2019,3,65.1575951980304,-8.724402490146945,99.9,26.149833351894912,0.3674414889368281,-9.187092226132314,45.7658631354446,17.511008685256968,-1.1611811
IRQ-2020,Iraq,IRQ,2020,3,65.1575951980304,-8.65140938011843,100.0,26.177030604221372,-0.1989653800238823,-8.724402490146945,40.2312783051026,17.533758796267467,-1.1604354
IRQ-2021,Iraq,IRQ,2021,3,65.1575951980304,-8.570658162028733,100.0,25.921203582105417,0.5741626794258561,-8.65140938011843,27.035001916172,17.555952662686117,-1.2511236
IRQ-2022,Iraq,IRQ,2022,3,65.1575951980304,-8.337204967747784,100.0,26.068905365504847,6.041864890580429,-8.570658162028733,42.7870984915076,17.578365396871188,-1.1622157
KAZ-1997,Kazakhstan,KAZ,1997,4,24.7022127271689,7.879594383332089,99.1921157836914,23.769470570144552,39.18254236541106,7.729295867693775,8.61228017412449,16.6137687326042,-0.6679486
KAZ-1999,Kazakhstan,KAZ,1999,4,24.7022127271689,8.062748000349055,99.3427505493164,23.82043699447924,7.146326654523337,7.741881241378095,2.25218755062942,16.5658399952941,-0.7054359
KAZ-2001,Kazakhstan,KAZ,2001,4,24.7022127271689,8.636512162919898,99.6,23.629729132302312,13.18089058657313,7.916093697464364,24.7022127271689,16.556421805159488,-0.7662314
KAZ-2003,Kazakhstan,KAZ,2003,4,24.7022127271689,8.510471986910682,99.8,23.927498919347165,5.836924521056426,8.551977600470089,18.663679662836,16.566408093201105,-1.0182681999999998
KAZ-2004,Kazakhstan,KAZ,2004,4,24.7022127271689,9.326390883950262,99.9,24.15187385438628,6.438218101189398,8.510471986910682,19.0561886830313,16.57218462369463,-0.8605155999999999
KAZ-2005,Kazakhstan,KAZ,2005,4,24.7022127271689,8.535451807022241,100.0,24.48798642300836,6.882054389818987,9.326390883950262,21.3287460118204,16.578690152873836,-0.8387300999999999
KAZ-2006,Kazakhstan,KAZ,2006,4,24.7022127271689,9.63051916533787,100.0,24.76848443398489,7.579999291257655,8.535451807022241,24.6119449899113,16.586104667285635,-0.5786196
KAZ-2007,Kazakhstan,KAZ,2007,4,24.7022127271689,10.083543462158952,99.8,25.117762701974744,8.721693860917256,9.63051916533787,21.1400400879889,16.59456067287363,-0.427037
KAZ-2008,Kazakhstan,KAZ,2008,4,24.7022127271689,10.423405160358136,100.0,25.37579578417838,10.84683620755567,10.083543462158952,18.7183777371544,16.604047368201186,-0.4277090999999999
KAZ-2009,Kazakhstan,KAZ,2009,4,24.7022127271689,10.259474435532065,100.0,25.616930131992667,17.13989977720698,10.423405160358136,22.9379468470309,16.614408025173073,-0.2820625
KAZ-2010,Kazakhstan,KAZ,2010,4,24.7022127271689,9.609937354210548,100.0,25.470878603468176,7.316078582885775,10.259474435532065,15.4811753728879,16.62610814157303,-0.3978898999999999
KAZ-2011,Kazakhstan,KAZ,2011,4,24.7022127271689,10.222689479807666,100.0,25.720797980098503,7.400463563413957,9.609937354210548,14.3876480168855,16.639078178299272,-0.3591992
KAZ-2012,Kazakhstan,KAZ,2012,4,24.7022127271689,10.214505297265305,99.8,25.984018734026037,8.4529046617679,10.222689479807666,18.3529532976804,16.65259891386677,-0.3110066999999999
KAZ-2013,Kazakhstan,KAZ,2013,4,24.7022127271689,9.904616246349468,100.0,26.06079703617593,5.195683690350729,10.214505297265305,16.1210271615703,16.666570002956473,-0.3353459
KAZ-2014,Kazakhstan,KAZ,2014,4,24.7022127271689,9.589887516447432,100.0,26.189783030586693,5.942838716484185,9.904616246349468,13.575329365067,16.680934980553214,-0.3372732
KAZ-2015,Kazakhstan,KAZ,2015,4,24.7022127271689,9.484606464428632,100.0,26.12330737685032,6.849449770033578,9.589887516447432,13.4439854013249,16.695623540776573,-0.1482337
KAZ-2016,Kazakhstan,KAZ,2016,4,24.7022127271689,10.447194001835372,100.0,25.940310264893544,6.678285856152362,9.484606464428632,6.77396398337604,16.71054752792754,-0.0714085
KAZ-2017,Kazakhstan,KAZ,2017,4,24.7022127271689,9.160603100688284,100.0,25.64527623546937,14.36109423862478,10.447194001835372,6.9499320090465,16.72588105682268,-0.1353542999999999
KAZ-2018,Kazakhstan,KAZ,2018,4,24.7022127271689,6.56044283314972,100.0,25.840096031474083,7.442663213067925,9.160603100688284,9.66346231175396,16.741460291182065,0.0833098999999999
KAZ-2019,Kazakhstan,KAZ,2019,4,24.7022127271689,8.917540247998952,100.0,25.912549158078004,6.163662475777625,6.56044283314972,15.0881830400628,16.756402622681176,0.0552752
KAZ-2020,Kazakhstan,KAZ,2020,4,24.7022127271689,9.575814961872862,100.0,25.92544219535308,5.333560989166689,8.917540247998952,13.3329218324239,16.77091842151563,0.1127249999999999
KAZ-2021,Kazakhstan,KAZ,2021,4,24.7022127271689,9.119674792747793,100.0,25.865410949192565,6.718154548614583,9.575814961872862,7.12577724575059,16.785007577167708,0.0538786999999999
KAZ-2022,Kazakhstan,KAZ,2022,4,24.7022127271689,9.22654484313748,100.0,26.007039227566874,8.04147134028401,9.119674792747793,14.8448016221428,16.79834014876002,0.0132366999999999
KWT-1997,Kuwait,KWT,1997,2,58.3689295808333,3.678416934523308,100.0,24.173011236312167,3.553985696842866,6.543486357510082,40.1364091145126,14.363774730849116,-0.1161721999999999
KWT-1999,Kuwait,KWT,1999,2,58.3689295808333,4.973601968272768,100.0,23.979194865511683,0.1296582876740268,4.771835598153245,27.927039066817,14.427611986302985,-0.5037683
KWT-2001,Kuwait,KWT,2001,2,58.3689295808333,-5.407337912900411,100.0,24.35342298241438,1.81294613887089,3.485241766743054,50.2892381187247,14.485752402802586,-0.4185483
KWT-2003,Kuwait,KWT,2003,2,58.3689295808333,-4.899558088155283,100.0,24.364419006659315,0.8884501480749066,1.9980262882195567,37.2003716194143,14.538204404769791,0.1488541
KWT-2004,Kuwait,KWT,2004,2,58.3689295808333,3.861297527133665,100.0,24.591850558196885,0.9613502935421122,-4.899558088155283,39.816851302288,14.562142579717818,0.2014184
KWT-2005,Kuwait,KWT,2005,2,58.3689295808333,6.148062993273167,100.0,24.808217937804336,1.248564436798894,3.861297527133665,46.1128336408051,14.584377732101526,0.3098327999999999
KWT-2006,Kuwait,KWT,2006,2,58.3689295808333,5.491477120288463,100.0,25.11522584859195,4.142975836310232,6.148062993273167,53.3164834648164,14.620551913269908,0.4106112999999999
KWT-2007,Kuwait,KWT,2007,2,58.3689295808333,5.407511907012748,100.0,25.343889310692543,3.057013391667222,5.491477120288463,51.0394540758358,14.676176100009606,0.2859223999999999
KWT-2008,Kuwait,KWT,2008,2,58.3689295808333,-2.483816882507521,100.0,25.4650106596144,5.484949832775961,5.407511907012748,48.1550015709463,14.734951522640502,0.3255243
KWT-2009,Kuwait,KWT,2009,2,58.3689295808333,7.708489937711099,100.0,25.71627833934673,10.58270978651442,-2.483816882507521,52.8912935555667,14.790606657815667,0.3732247999999999
KWT-2010,Kuwait,KWT,2010,2,58.3689295808333,7.86682016584828,100.0,25.386409528057868,4.609595484477873,7.708489937711099,38.854853146546,14.84351617366803,0.3831092
KWT-2011,Kuwait,KWT,2011,2,58.3689295808333,8.782343610690404,100.0,25.471810954446763,4.496402877697866,7.86682016584828,48.1906069290048,14.895066760604914,0.4485080999999999
KWT-2012,Kuwait,KWT,2012,2,58.3689295808333,8.656116190409875,100.0,25.76047315527339,4.8394034987095,8.782343610690404,58.3689295808333,14.957442519355896,0.2857251
KWT-2013,Kuwait,KWT,2013,2,58.3689295808333,7.961112580327033,100.0,25.88259502210502,3.255146002872105,8.656116190409875,57.4129637304674,15.020615720930104,0.1507127999999999
KWT-2014,Kuwait,KWT,2014,2,58.3689295808333,6.878958961042394,100.0,25.883286856690336,2.682296840850394,7.961112580327033,55.5579394462588,15.070512446777398,0.1194098
KWT-2015,Kuwait,KWT,2015,2,58.3689295808333,6.344402273626465,100.0,25.8148692607548,2.908926728586248,6.878958961042394,53.239569150436,15.114578155264091,-0.0650589
KWT-2016,Kuwait,KWT,2016,2,58.3689295808333,6.3699946985951446,100.0,25.464587592179463,3.271701660921334,6.344402273626465,36.4482994431389,15.159569165260343,-0.0254842
KWT-2017,Kuwait,KWT,2017,2,58.3689295808333,5.42066133746151,100.0,25.41833773170648,3.198397766583738,6.3699946985951446,31.6732106195044,15.202828644898034,-0.0488498
KWT-2018,Kuwait,KWT,2018,2,58.3689295808333,-3.7560359639810974,100.0,25.516470726966308,2.171832985100056,5.42066133746151,36.0090908245608,15.239777979242035,-0.0306017
KWT-2019,Kuwait,KWT,2019,2,58.3689295808333,6.938513466997099,100.0,25.6551920406908,0.5431331481995668,-3.7560359639810974,44.0490671354298,15.27957951808122,0.0185723
KWT-2020,Kuwait,KWT,2020,2,58.3689295808333,-7.017606443558154,100.0,25.671006732165942,1.09184802655856,6.938513466997099,38.6553473115018,15.30668664514054,0.1059595
KWT-2021,Kuwait,KWT,2021,2,58.3689295808333,-6.3001846051089565,100.0,25.43320559948264,2.101729548274,-7.017606443558154,27.5816891390019,15.297176006124516,0.1356131
LBY-2001,Libya,LBY,2001,0,64.8164362995569,-5.583510441559146,99.8,24.367957067850416,-2.900000000000242,5.641919645521111,33.5852838997618,15.484164477052724,-1.5339076
LBY-2003,Libya,LBY,2003,0,64.8164362995569,5.656004036132364,95.2,23.74280690653164,-9.797647058823555,5.669892813374867,48.3822928740602,15.521786754783228,-1.6910017
LBY-2004,Libya,LBY,2004,0,64.8164362995569,6.570884923902754,93.5,23.991526887033427,-2.191151919866467,5.656004036132364,47.8421621561942,15.54173527664966,-1.6909816
LBY-2005,Libya,LBY,2005,0,64.8164362995569,7.638198476316319,91.8,24.223472840766465,-2.197567740558977,6.570884923902754,54.7869519679771,15.562393644179965,-1.3810190999999998
LBY-2006,Libya,LBY,2006,0,64.8164362995569,8.325548365845517,90.1,24.580509293689733,2.650205761316574,7.638198476316319,61.0171738102836,15.58345519174286,-1.3536844
LBY-2007,Libya,LBY,2007,0,64.8164362995569,9.14612181102003,88.4,24.819179693975084,1.459268762027218,8.325548365845517,60.9295741290035,15.603966576803442,-1.2786635
LBY-2008,Libya,LBY,2008,0,64.8164362995569,9.01464175453101,86.8,24.94325840090657,6.25098782993553,9.14612181102003,59.9292830144719,15.624517268085002,-1.1435433
LBY-2009,Libya,LBY,2009,0,64.8164362995569,7.916442993126354,85.1,25.18584390467271,10.3607288954998,9.01464175453101,64.8164362995569,15.645758260609352,-0.9755728
LBY-2010,Libya,LBY,2010,0,64.8164362995569,8.179760572250636,83.5,24.83099643893844,2.459900256099543,7.916442993126354,49.9122829981053,15.666589798060926,-1.1573267
LBY-2013,Libya,LBY,2013,0,64.8164362995569,7.247081091886447,78.7,25.250916957937434,6.059803921568547,7.955074396377478,57.6300935046394,15.636720247487288,-1.3472691
LBY-2022,Libya,LBY,2022,0,64.8164362995569,7.247081091886447,70.2,24.284823028919945,2.868330277510149,7.09506506483816,56.3779371892049,15.780547475722692,-1.9018167
MRT-2001,Mauritania,MRT,2001,2,11.4339025984773,5.033091382344636,19.1,21.29961000067657,3.254067458333583,4.384579225705887,0.0,14.77617868442664,-0.4272832
MRT-2003,Mauritania,MRT,2003,2,11.4339025984773,5.317731702118469,21.7,21.29822473351945,3.895705257584902,4.902961917388302,0.0,14.8229778470755,0.2599767
MRT-2004,Mauritania,MRT,2004,2,11.4339025984773,6.694816107076476,23.0,21.441665282114453,5.151901507695781,5.317731702118469,0.0,14.84586077947146,0.1316029
MRT-2005,Mauritania,MRT,2005,2,11.4339025984773,7.392486778654623,24.3,21.582986650873877,10.36762334730735,6.694816107076476,0.0,14.869357322722395,-0.3986832999999999
MRT-2006,Mauritania,MRT,2006,2,11.4339025984773,5.734009384035068,18.2,21.800320598426705,12.12564871855412,7.392486778654623,0.0,14.893600360299848,-0.3332112
MRT-2007,Mauritania,MRT,2007,2,11.4339025984773,5.630312551304618,27.0,22.08924964996658,6.241033281428202,5.734009384035068,11.4339025984773,14.918666176726653,-0.5720193
MRT-2008,Mauritania,MRT,2008,2,11.4339025984773,6.530210902158351,33.0,22.192570579995973,7.254108413048872,5.630312551304618,5.94490221432553,14.94467145012115,-0.4757283
MRT-2009,Mauritania,MRT,2009,2,11.4339025984773,-1.8409846380375947,30.0,22.37316161901774,7.346635412497862,6.530210902158351,5.46163646578312,14.973419528302932,-0.678917
MRT-2010,Mauritania,MRT,2010,2,11.4339025984773,5.564752604608346,31.1,22.27392896966029,2.220920323817791,-1.8409846380375947,2.65898185019521,15.004709463716566,-0.6482334
MRT-2011,Mauritania,MRT,2011,2,11.4339025984773,7.071148799781802,34.2,22.451176111660267,6.283540874277036,5.564752604608346,2.43044511982911,15.036625394516664,-0.5076316
MRT-2012,Mauritania,MRT,2012,2,11.4339025984773,7.9273958086741985,35.3,22.634973070728964,5.686319595759542,7.071148799781802,2.80489508955736,15.069076632455102,-0.4821211999999999
MRT-2013,Mauritania,MRT,2013,2,11.4339025984773,7.719578413429079,36.4,22.6295747991504,4.902427272179972,7.9273958086741985,2.34921054003086,15.101717973678998,-0.6788529999999999
MRT-2014,Mauritania,MRT,2014,2,11.4339025984773,6.912922568001661,37.6,22.70159422795744,4.129101737833927,7.719578413429079,1.92187619455113,15.133076030607777,-0.8388686
MRT-2015,Mauritania,MRT,2015,2,11.4339025984773,6.911203853831537,38.8,22.612678731037207,3.534368561473237,6.912922568001661,1.48326200444495,15.163197917571363,-0.8327688999999999
MRT-2016,Mauritania,MRT,2016,2,11.4339025984773,6.295766861392725,39.5,22.54495680231485,3.25472688117631,6.911203853831537,0.513819837621705,15.193258502282324,-0.8218413999999999
MRT-2017,Mauritania,MRT,2017,2,11.4339025984773,7.070244161639734,41.2,22.580797550690143,1.471710456500036,6.295766861392725,0.407544888538057,15.2232380790842,-0.6847164
MRT-2018,Mauritania,MRT,2018,2,11.4339025984773,7.343284955858234,42.9,22.64202102868404,2.254276519348126,7.070244161639734,0.541318938190263,15.253115950814408,-0.707577
MRT-2019,Mauritania,MRT,2019,2,11.4339025984773,-7.477107964835804,43.6,22.73489300581043,3.067359960583556,7.343284955858234,0.0,15.282851584162232,-0.7617925
MRT-2020,Mauritania,MRT,2020,2,11.4339025984773,7.526088968778699,44.9,22.789465704200843,2.300092621179372,-7.477107964835804,0.0,15.312386307238194,-0.7614288
MRT-2021,Mauritania,MRT,2021,2,11.4339025984773,7.668797321806107,45.4,22.834759109507395,2.385694884563199,7.526088968778699,0.0,15.341595556699785,-0.8732894
MRT-2022,Mauritania,MRT,2022,2,11.4339025984773,7.938531626794955,47.7,22.944754172626247,3.565164846501848,7.668797321806107,0.0,15.370465885098625,-0.9699003
MYS-2001,Malaysia,MYS,2001,2,10.2305989016965,7.010217674653005,98.6,25.26432127165359,1.534740236976995,8.932643387516547,5.00305271845637,16.94960453314419,0.4097445999999999
MYS-2003,Malaysia,MYS,2003,2,10.2305989016965,8.769956885563998,98.6,25.33685574058868,1.807872462815361,8.761830430402318,3.7943040184147,16.99782521475187,0.5675736
MYS-2004,Malaysia,MYS,2004,2,10.2305989016965,9.07704956497046,98.7,25.42558422546742,1.089676325772861,8.769956885563998,4.23640666645896,17.02148767097257,0.7165568999999999
MYS-2005,Malaysia,MYS,2005,2,10.2305989016965,8.968214464952334,98.7,25.54957335261291,1.421271159374023,9.07704956497046,5.61137530219416,17.044604915340127,0.5752967999999999
MYS-2006,Malaysia,MYS,2006,2,10.2305989016965,9.640918333229465,98.7,25.68984060521619,2.975070926844491,8.968214464952334,7.08944062793991,17.06728221293972,0.5598434
MYS-2007,Malaysia,MYS,2007,2,10.2305989016965,9.806025744502817,98.8,25.81512626742134,3.60923564224389,9.640918333229465,7.01882709402704,17.08955274719203,0.6788801999999999
MYS-2008,Malaysia,MYS,2008,2,10.2305989016965,9.625427369594084,98.9,25.98879948962625,2.027353177795685,9.806025744502817,5.89566119166293,17.111287792561058,0.7212038
MYS-2009,Malaysia,MYS,2009,2,10.2305989016965,5.435176096903135,99.0,26.164867692547265,5.44078221100769,9.625427369594084,7.12611467503542,17.132240959276174,0.6129114999999999
MYS-2010,Malaysia,MYS,2010,2,10.2305989016965,9.988361819368729,99.3,26.032807242824788,0.583308405623702,5.435176096903135,3.92901312526175,17.15216156068021,0.5057859
MYS-2011,Malaysia,MYS,2011,2,10.2305989016965,10.316883741013694,99.5,26.264598550130675,1.622852355770353,9.988361819368729,4.63501988366743,17.170865621286968,0.6535173
MYS-2012,Malaysia,MYS,2012,2,10.2305989016965,9.786478823392883,99.5,26.420197124646737,3.1744709215131,10.316883741013694,5.48169161167852,17.188378421505462,0.5248522999999999
MYS-2013,Malaysia,MYS,2013,2,10.2305989016965,10.025375886450314,99.8,26.474068808113227,1.663571024792059,9.786478823392883,4.89957757600977,17.205405372246748,0.754922
MYS-2014,Malaysia,MYS,2014,2,10.2305989016965,9.963587952880244,99.6,26.501773013023165,2.10501231233612,10.025375886450314,4.34705959022544,17.222499999879854,0.8446929999999999
MYS-2015,Malaysia,MYS,2015,2,10.2305989016965,9.889100771028478,99.7,26.54650726094045,3.142990508790954,9.963587952880244,3.85543153552736,17.239647406598586,0.8827965
MYS-2016,Malaysia,MYS,2016,2,10.2305989016965,10.201374126955177,99.9,26.431555694625324,2.104389802383585,9.889100771028478,1.86528956443024,17.25697935060338,0.7623928
MYS-2017,Malaysia,MYS,2017,2,10.2305989016965,9.838252239292292,99.9,26.4312263509991,2.090566595257424,10.201374126955177,1.5297271888572,17.274652455518293,0.729094
MYS-2018,Malaysia,MYS,2018,2,10.2305989016965,9.71769768069586,100.0,26.488798869233293,3.871201157742374,9.838252239292292,2.07911297067253,17.292299061369842,0.7662251999999999
MYS-2019,Malaysia,MYS,2019,2,10.2305989016965,9.81519408627722,100.0,26.605999878892884,0.884709160571235,9.71769768069586,2.71329599019211,17.309316534039066,0.7479363
MYS-2020,Malaysia,MYS,2020,2,10.2305989016965,9.001782367590016,100.0,26.6236499789392,0.6628918657643263,9.81519408627722,1.83020222238435,17.325281198892228,0.7557539999999999
MYS-2021,Malaysia,MYS,2021,2,10.2305989016965,10.608818080749572,100.0,26.544701454266853,-1.138702153930499,9.001782367590016,0.685563649053848,17.33861753081046,0.637551
MYS-2022,Malaysia,MYS,2022,2,10.2305989016965,10.310817103307055,100.0,26.64694540695932,2.477102414654468,10.608818080749572,1.84561185301968,17.35014266091176,0.7295908
NGA-1997,Nigeria,NGA,1997,0,28.7054393824039,6.844980645973586,39.5453186035156,25.947561117580857,29.26829268292715,6.906308853802894,16.7094356163404,18.549555636890457,-1.0728714
NGA-1999,Nigeria,NGA,1999,0,28.7054393824039,7.605806295546284,41.2505683898926,26.10966825697505,9.996378123868064,6.395486924298172,7.09759652792726,18.601720270963884,-1.0626256
NGA-2001,Nigeria,NGA,2001,0,28.7054393824039,7.775375676502796,43.2,24.95985406572364,6.933292155651596,7.732077882419736,22.0499275524037,18.654823541162504,-1.2023868
NGA-2003,Nigeria,NGA,2003,0,28.7054393824039,8.296722907601444,44.6,25.27771161200417,12.87657920310986,8.229015468971392,11.1446404443733,18.70940220105673,-1.1555737
NGA-2004,Nigeria,NGA,2004,0,28.7054393824039,8.229010204395015,52.2,25.37473694164657,14.03178361314368,8.296722907601444,12.1202192108891,18.73696955149589,-1.1482554
NGA-2005,Nigeria,NGA,2005,0,28.7054393824039,9.206841052571988,46.1,25.634189310289567,14.99803381832511,8.229010204395015,14.4183481253408,18.764674948081677,-1.23812
NGA-2006,Nigeria,NGA,2006,0,28.7054393824039,9.180778500031668,46.8,25.891876316517845,17.86349336616049,9.206841052571988,17.695803965512,18.79236328640918,-1.0189616
NGA-2007,Nigeria,NGA,2007,0,28.7054393824039,9.39864755349616,47.6,26.197446438327752,8.227436781209072,9.180778500031668,14.8803763188218,18.819975756107524,-0.8992521
NGA-2008,Nigeria,NGA,2008,0,28.7054393824039,9.704313416511116,50.1,26.351824808556486,5.38610421570143,9.39864755349616,13.8343651228424,18.84769376591522,-0.8413883
NGA-2009,Nigeria,NGA,2009,0,28.7054393824039,9.747534086191216,50.3,26.550669903031658,11.58305479668096,9.704313416511116,15.529944090028,18.875539104177133,-0.7606817
NGA-2010,Nigeria,NGA,2010,0,28.7054393824039,9.397027906143952,50.0,26.41027114328517,12.5379242951095,9.747534086191216,8.67398818858118,18.90341218609621,-0.7510414999999999
NGA-2011,Nigeria,NGA,2011,0,28.7054393824039,9.780309473663724,48.0,26.628601573297782,13.74005213636941,9.397027906143952,12.0986066267503,18.931363679538883,-0.9112702
NGA-2012,Nigeria,NGA,2012,0,28.7054393824039,9.55674999216698,55.9,26.75025841464022,10.8261371880018,9.780309473663724,15.5113433318503,18.95939153137289,-0.8755063999999999
NGA-2013,Nigeria,NGA,2013,0,28.7054393824039,9.317014470340265,53.0,26.863087926532867,12.2242413020582,9.55674999216698,13.0904727134596,18.98713382424097,-0.7528414999999999
NGA-2014,Nigeria,NGA,2014,0,28.7054393824039,9.147151059747006,55.6,26.977319969894552,8.495518382656781,9.317014470340265,9.88011499667836,19.01428072319634,-0.7409667999999999
NGA-2015,Nigeria,NGA,2015,0,28.7054393824039,8.720678862001929,54.2,27.07621532734836,8.047410879679072,9.147151059747006,7.0738580847829,19.040702862989782,-0.7940186
NGA-2016,Nigeria,NGA,2016,0,28.7054393824039,8.84022073190481,52.5,26.923829132854365,9.009434980077064,8.720678862001929,2.78345150643408,19.066064597714888,-0.7402000999999999
NGA-2017,Nigeria,NGA,2017,0,28.7054393824039,8.481762893806142,59.3,26.726286171148875,15.69681263879722,8.84022073190481,2.68429043488445,19.090782921492547,-0.8149879
NGA-2018,Nigeria,NGA,2018,0,28.7054393824039,7.346329800749148,54.4,26.65217850438236,16.50226621396411,8.481762893806142,5.47262882301734,19.11510001506193,-0.7780788
NGA-2019,Nigeria,NGA,2019,0,28.7054393824039,8.436026484360788,56.5,26.76765307259445,12.09510651734316,7.346329800749148,7.69068153465603,19.13822174124813,-0.8300183999999999
NGA-2020,Nigeria,NGA,2020,0,28.7054393824039,8.47021804281385,55.4,27.22788328663633,11.39642233781149,8.436026484360788,6.51475056054778,19.160165760371655,-0.8646096999999999
NGA-2021,Nigeria,NGA,2021,0,28.7054393824039,8.798819990283754,55.4,27.117837410435914,13.24602342765982,8.47021804281385,3.31241719212516,19.18146873170548,-0.8874002
NGA-2022,Nigeria,NGA,2022,0,28.7054393824039,-5.923152340194982,59.5,27.1353266318392,16.95284572216079,8.798819990283754,6.24674969005013,19.202430600131088,-0.8726579
NOR-1997,Norway,NOR,1997,4,11.563574057982,9.10822113879466,100.0,25.813497690796645,1.262532491645015,8.943113147126413,7.37375599562261,15.29286448691453,1.3571661
NOR-1999,Norway,NOR,1999,4,11.563574057982,9.362565814904231,100.0,25.753415861819107,2.252413299964293,9.331826828631314,1.83600242485291,15.304240787126467,1.340771
NOR-2001,Norway,NOR,2001,4,11.563574057982,8.760991131838175,100.0,25.86270661884037,3.085506091312787,9.721013450027678,11.563574057982,15.317578826682654,1.2405151
NOR-2003,Norway,NOR,2003,4,11.563574057982,9.031065485283865,100.0,25.998109739601944,1.286725284151835,8.703424765237418,7.51237284652343,15.32803220152321,1.4267535999999998
NOR-2004,Norway,NOR,2004,4,11.563574057982,9.19390505649578,100.0,26.15782887613683,2.487825534617815,9.031065485283865,7.33585281468421,15.333897527154416,1.4191127
NOR-2005,Norway,NOR,2005,4,11.563574057982,9.9093463417123,100.0,26.30549434123475,0.4544985022208631,9.19390505649578,8.3587259592575,15.339806835260614,1.5761098
NOR-2006,Norway,NOR,2006,4,11.563574057982,10.075583994838622,100.0,26.4643996726666,1.532133676092485,9.9093463417123,9.62679537974438,15.346617563424326,1.6422972999999998
NOR-2007,Norway,NOR,2007,4,11.563574057982,10.811991691941712,100.0,26.58055102053042,2.329349807575503,10.075583994838622,9.19503274522247,15.354671489080898,1.4781227
NOR-2008,Norway,NOR,2008,4,11.563574057982,10.625135679756308,100.0,26.734076471274754,0.7125890736342008,10.811991691941712,7.98287863833131,15.36501883202499,1.554125
NOR-2009,Norway,NOR,2009,4,11.563574057982,9.7568145194146,100.0,26.880372534056463,3.753930817610049,10.625135679756308,9.87352536152341,15.377482159548316,1.6201132
NOR-2010,Norway,NOR,2010,4,11.563574057982,10.675180891073628,100.0,26.703832436600937,2.197385868535682,9.7568145194146,5.99263870550393,15.390093429813826,1.6011759
NOR-2011,Norway,NOR,2011,4,11.563574057982,9.93268931046018,100.0,26.810340833378948,2.418906394810032,10.675180891073628,5.61799364871918,15.402550089045748,1.6371606
NOR-2012,Norway,NOR,2012,4,11.563574057982,10.929456326251794,100.0,26.963285473136107,1.2849515880916,9.93268931046018,7.50443616793107,15.415521980316669,1.7953532
NOR-2013,Norway,NOR,2013,4,11.563574057982,-7.914696152078038,100.0,26.986822066885225,0.6968641114982627,10.929456326251794,6.46713141316121,15.428656387569143,1.8217161
NOR-2014,Norway,NOR,2014,4,11.563574057982,8.777166959464633,100.0,27.01507986377693,2.120486203531125,-7.914696152078038,5.54926522150093,15.440747801067332,1.91434
NOR-2015,Norway,NOR,2015,4,11.563574057982,9.58522075363527,100.0,26.96904225503617,2.041702867072112,8.777166959464633,5.54233636695862,15.45202516563318,1.7656125
NOR-2016,Norway,NOR,2016,4,11.563574057982,-10.52774397217147,100.0,26.7164019220857,2.171136653895269,9.58522075363527,3.14606557734506,15.461976011075365,1.7813823
NOR-2017,Norway,NOR,2017,4,11.563574057982,9.375957307939206,100.0,26.67204218994362,3.550000000000069,-10.52774397217147,2.60460301891109,15.470785707538528,1.8051537
NOR-2018,Norway,NOR,2018,4,11.563574057982,-9.335089206638338,100.0,26.753165167158095,1.875100595525449,9.375957307939206,3.63541371456372,15.478862437820617,1.8376808
NOR-2019,Norway,NOR,2019,4,11.563574057982,10.393895609147938,100.0,26.842659268988324,2.764831345287971,-9.335089206638338,4.96722177394478,15.485463345016337,1.8168864
NOR-2020,Norway,NOR,2020,4,11.563574057982,-8.78914855477054,100.0,26.77357668763427,2.167730033054107,10.393895609147938,4.53800306780214,15.492213957482228,1.7665668
NOR-2021,Norway,NOR,2021,4,11.563574057982,10.510804950901877,100.0,26.669347268844263,1.286584907079962,-8.78914855477054,3.22981815901586,15.49810152962498,1.6975606
NOR-2022,Norway,NOR,2022,4,11.563574057982,10.259631785858446,100.0,26.98015189390761,3.483880552666694,10.510804950901877,6.06347788332955,15.503449251452285,1.6492378
OMN-2003,Oman,OMN,2003,1,49.6173962343468,3.911122570377344,100.0,23.861605551163446,-0.2795788225713726,5.386649240637658,33.51317909328,14.66443894546222,0.7170181
OMN-2004,Oman,OMN,2004,1,49.6173962343468,5.40317786129738,100.0,23.9314317187724,0.2313286822671425,3.911122570377344,33.3255110511249,14.675779782416566,0.7088289
OMN-2005,Oman,OMN,2005,1,49.6173962343468,8.031620459653542,100.0,24.068912935072643,0.6249690626313674,5.40317786129738,36.7966643908859,14.692986446308929,0.6970510999999999
OMN-2006,Oman,OMN,2006,1,49.6173962343468,8.068464978125633,99.9,24.292992657362547,1.909835535318648,8.031620459653542,42.841561539357,14.715591823401054,0.7691608
OMN-2007,Oman,OMN,2007,1,49.6173962343468,8.804511110847777,99.9,24.474594912222237,3.544985916050331,8.068464978125633,40.7520000982427,14.737702244906034,0.7040891
OMN-2008,Oman,OMN,2008,1,49.6173962343468,8.683346629202575,100.0,24.60070547455027,5.830484180927101,8.804511110847777,37.7986997972135,14.759484547938367,0.7334568
OMN-2009,Oman,OMN,2009,1,49.6173962343468,8.01250399154874,100.0,24.968966913311306,12.37540915299119,8.683346629202575,37.9131008037865,14.781174141355468,0.8308675999999999
OMN-2010,Oman,OMN,2010,1,49.6173962343468,7.81815106738565,100.0,24.738821420509726,3.468810237548931,8.01250399154874,30.5131215016084,14.8030646484842,0.8407639
OMN-2011,Oman,OMN,2011,1,49.6173962343468,8.088957487964633,100.0,24.897553071845092,3.256579590786242,7.81815106738565,32.5688653439524,14.829815809616832,0.8483843
OMN-2012,Oman,OMN,2012,1,49.6173962343468,7.911785475537867,100.0,25.07351189227852,4.0421886711639,8.088957487964633,40.4074409203453,14.939388953280185,0.7404489
OMN-2013,Oman,OMN,2013,1,49.6173962343468,8.078645510385073,100.0,25.19386228901866,2.947734952572092,7.911785475537867,37.5396768679582,15.081642899638512,0.8307365
OMN-2014,Oman,OMN,2014,1,49.6173962343468,7.852708176769751,100.0,25.2223643745622,1.053548202659318,8.078645510385073,35.9895065337986,15.159396771454563,0.8178219999999999
OMN-2015,Oman,OMN,2015,1,49.6173962343468,-8.376749665330404,100.0,25.2526244899222,1.014014839241558,7.852708176769751,31.6791185960483,15.20241473310979,0.7762583
OMN-2016,Oman,OMN,2016,1,49.6173962343468,8.418949659349142,100.0,25.0890461270448,0.0652901330286599,-8.376749665330404,18.8680645519097,15.24699241093982,0.6495172
OMN-2017,Oman,OMN,2017,1,49.6173962343468,8.658186948680479,100.0,25.042468993922416,1.109208058070266,8.418949659349142,16.2724873177614,15.29503976505402,0.6980708999999999
OMN-2018,Oman,OMN,2018,1,49.6173962343468,9.323808383060266,100.0,25.11594425206975,1.589094135677986,8.658186948680479,19.3050063067708,15.327864057573082,0.7080042
OMN-2019,Oman,OMN,2019,1,49.6173962343468,8.293139015083906,100.0,25.239668760806182,0.8893123709704039,9.323808383060266,23.7087990780384,15.341105450677912,0.5279849999999999
OMN-2020,Oman,OMN,2020,1,49.6173962343468,8.247740210224338,100.0,25.201293983518568,0.4908153628206712,8.293139015083906,21.6117797561797,15.339661133669628,0.5010361
OMN-2021,Oman,OMN,2021,1,49.6173962343468,9.769458175560104,100.0,25.052807583999726,-0.4064029194658499,8.247740210224338,14.994277961787,15.324575054018212,0.4719412
OMN-2022,Oman,OMN,2022,1,49.6173962343468,9.528325858334847,100.0,25.19288885302559,1.682211858760845,9.769458175560104,23.5387435070386,15.319682394725398,0.4254017
PNG-1997,Papua New Guinea,PNG,1997,1,15.1343158261002,4.036772715450082,11.0,22.36329329757816,11.62417829084481,5.392124635548061,10.3285381227809,15.38690635842178,-0.7799368
PNG-1999,Papua New Guinea,PNG,1999,1,15.1343158261002,6.390323882552281,4.29508972167969,22.055484883662107,13.57419176568089,5.388530814054286,4.33852138425411,15.457684936959236,-0.5905169
PNG-2001,Papua New Guinea,PNG,2001,1,15.1343158261002,4.839250118849718,12.4,21.98210735075985,15.59589331075352,5.262669183945221,15.1343158261002,15.526975134945156,-0.4355658
PNG-2003,Papua New Guinea,PNG,2003,1,15.1343158261002,5.820710991943491,13.1,21.821715126063363,11.79944709726063,3.6974832640653834,8.30071007566483,15.594523129589044,-0.7959588999999999
PNG-2004,Papua New Guinea,PNG,2004,1,15.1343158261002,4.175944997121362,13.4,21.98637844136993,14.70907796635569,5.820710991943491,8.5315713263891,15.627725709175726,-0.8827398
PNG-2005,Papua New Guinea,PNG,2005,1,15.1343158261002,4.381591976497932,13.8,22.09118181238734,2.158931312669455,4.175944997121362,9.98265210787866,15.660501425575742,-0.7122151999999999
PNG-2006,Papua New Guinea,PNG,2006,1,15.1343158261002,5.549466418091522,14.1,22.30551608626025,1.780804399258265,4.381591976497932,13.5759956853375,15.69282153353361,-0.8534659
PNG-2007,Papua New Guinea,PNG,2007,1,15.1343158261002,5.565568214503459,12.4,22.84611535162433,2.368462384168295,5.549466418091522,9.32165114223731,15.724715376209367,-0.5024183999999999
PNG-2008,Papua New Guinea,PNG,2008,1,15.1343158261002,4.56151309086126,14.9,22.97928632663349,0.9113504556752402,5.565568214503459,8.10660630103675,15.756170663915162,-0.3703479
PNG-2009,Papua New Guinea,PNG,2009,1,15.1343158261002,6.733495596095708,15.3,23.180363784305825,10.76141823268266,4.56151309086126,8.52783686957129,15.787228098709642,-0.4476401
PNG-2010,Papua New Guinea,PNG,2010,1,15.1343158261002,4.26544605425098,17.2,23.17594681019055,6.918325326012237,6.733495596095708,4.00467749044639,15.817860314961417,-0.4401124999999999
PNG-2011,Papua New Guinea,PNG,2011,1,15.1343158261002,4.2884345673254805,19.5,23.38007794745497,6.013608935678564,4.26544605425098,4.61457234233034,15.848060157710348,-0.4333699
PNG-2012,Papua New Guinea,PNG,2012,1,15.1343158261002,4.053709579644903,17.3,23.612811590842675,4.44083401028971,4.2884345673254805,4.85140837264189,15.87721408207374,-0.4280705999999999
PNG-2013,Papua New Guinea,PNG,2013,1,15.1343158261002,3.982047069036615,17.5,23.781746060775063,4.537205081669719,4.053709579644903,3.56540758499502,15.905074569145915,-0.5009861
PNG-2014,Papua New Guinea,PNG,2014,1,15.1343158261002,4.07568672155793,17.8,23.78015614606776,4.960317460317502,3.982047069036615,3.43617432270382,15.932091200629923,-0.4653449
PNG-2015,Papua New Guinea,PNG,2015,1,15.1343158261002,4.095550565411292,18.1,23.867884558037662,5.222117202268408,4.07568672155793,4.5168090264406,15.958330807833592,-0.2587839
PNG-2016,Papua New Guinea,PNG,2016,1,15.1343158261002,-4.359772056540524,18.4,23.80165756125651,5.995957781271074,4.095550565411292,2.27122940050953,15.983792188936338,-0.3927754
PNG-2017,Papua New Guinea,PNG,2017,1,15.1343158261002,-5.882026876014606,13.5,23.75623979713454,6.673728813559295,-4.359772056540524,1.86576642511912,16.008472619228314,-0.4591785
PNG-2018,Papua New Guinea,PNG,2018,1,15.1343158261002,6.418829201608673,19.2,23.84751001388712,5.422045680238336,-5.882026876014606,2.22581954930201,16.032397774585302,-0.5227809
PNG-2019,Papua New Guinea,PNG,2019,1,15.1343158261002,6.508986398878387,16.6,23.90588343366166,4.374489214531625,6.418829201608673,2.22689061511957,16.05563645984825,-0.4670821
PNG-2020,Papua New Guinea,PNG,2020,1,15.1343158261002,5.420489387944228,23.6,23.932116619818096,3.928672909395973,6.508986398878387,1.5719422304623,16.078211862018872,-0.5079956
PNG-2021,Papua New Guinea,PNG,2021,1,15.1343158261002,-4.231943404998093,20.5,23.89498497252392,4.871673985655547,5.420489387944228,0.709889074758713,16.099498490794595,-0.5871307
PNG-2022,Papua New Guinea,PNG,2022,1,15.1343158261002,7.777596869107627,20.9,23.98571479247032,4.483590140423982,-4.231943404998093,1.87502650776602,16.119384520009646,-0.7514953999999999
QAT-1997,Qatar,QAT,1997,1,48.6558768141096,6.729419203866942,100.0,22.92706217955625,4.904534606205324,6.5187659106366205,36.8699208406966,13.178781517309128,-0.3748363999999999
QAT-1999,Qatar,QAT,1999,1,48.6558768141096,5.422764436675649,100.0,23.05107944832176,2.951388888888905,6.543338212974869,26.4784043103748,13.271715706394293,-0.0773016
QAT-2001,Qatar,QAT,2001,1,48.6558768141096,6.3818865596354,100.0,23.600208387041413,1.650335224342319,6.220991654650195,40.7661397416806,13.376990091781757,-0.0745125
QAT-2003,Qatar,QAT,2003,1,48.6558768141096,7.130771462266904,100.0,23.68666788905589,0.2399999999999517,7.129169977799156,31.8348108510858,13.47471739959169,0.2244282
QAT-2004,Qatar,QAT,2004,1,48.6558768141096,7.782365488333206,100.0,23.88170314909493,2.264565043894687,7.130771462266904,33.8929726986092,13.520713903453752,0.2244525
QAT-2005,Qatar,QAT,2005,1,48.6558768141096,8.517193231416234,100.0,24.180656575998192,6.799336650082785,7.782365488333206,34.825040164201,13.558465023939808,0.1337505
QAT-2006,Qatar,QAT,2006,1,48.6558768141096,8.853665448445613,100.0,24.51944006123733,8.81439532334683,8.517193231416234,38.1771562134119,13.623634300045389,0.1714164
QAT-2007,Qatar,QAT,2007,1,48.6558768141096,9.148464979575431,100.0,24.83220574794451,11.83580961974312,8.853665448445613,34.1520126219521,13.78796668438986,0.3030821999999999
QAT-2008,Qatar,QAT,2008,1,48.6558768141096,8.930263026459453,100.0,25.101683632434177,13.75816257599642,9.148464979575431,30.8003611618771,14.004969913289688,0.4319444
QAT-2009,Qatar,QAT,2009,1,48.6558768141096,9.695815730710573,100.0,25.47054113291034,15.05014515703332,8.930263026459453,32.6040710093919,14.17104214852357,0.7048314999999999
QAT-2010,Qatar,QAT,2010,1,48.6558768141096,9.142132133340652,100.0,25.30617355954404,-4.863278016225647,9.695815730710573,23.0165618959946,14.291063759806711,0.8928752
QAT-2011,Qatar,QAT,2011,1,48.6558768141096,7.537447883943764,100.0,25.55255711828284,-2.425256751617138,9.142132133340652,26.6026039782648,14.295979855551032,0.8609387
QAT-2012,Qatar,QAT,2012,1,48.6558768141096,6.674257690105802,100.0,25.84589127045785,1.13836623529202,7.537447883943764,29.9468705202351,14.300871901480974,0.8503316
QAT-2013,Qatar,QAT,2013,1,48.6558768141096,-7.427007197046166,100.0,25.953483695501813,2.315348534316611,6.674257690105802,28.3389822463275,14.359251867599912,0.9514299
QAT-2014,Qatar,QAT,2014,1,48.6558768141096,7.640493157781193,100.0,26.015201095942423,3.221977568292933,-7.427007197046166,25.3595869913171,14.465973072808575,0.9455132
QAT-2015,Qatar,QAT,2015,1,48.6558768141096,7.669382596980041,100.0,26.05223169613987,3.349720856595234,7.640493157781193,21.5388184142326,14.581790163557978,0.7014796
QAT-2016,Qatar,QAT,2016,1,48.6558768141096,7.344591684203397,100.0,25.8092556699629,1.814077239377604,7.669382596980041,13.0300594635573,14.667607455956048,0.7674283
QAT-2017,Qatar,QAT,2017,1,48.6558768141096,7.586792647214329,100.0,25.74538284232568,2.676591700981896,7.344591684203397,11.1615579117458,14.722604730827872,0.7654833
QAT-2018,Qatar,QAT,2018,1,48.6558768141096,-8.383096542202164,100.0,25.80528567848802,0.3948789140830052,7.586792647214329,13.5394624768111,14.74996374926496,0.560855
QAT-2019,Qatar,QAT,2019,1,48.6558768141096,-8.635025097530674,100.0,25.9345806654822,0.2558153827244081,-8.383096542202164,16.2911609453974,14.763584800047068,0.6770845
QAT-2020,Qatar,QAT,2020,1,48.6558768141096,-8.490465584706811,100.0,25.895857085695248,-0.6666411248611472,-8.635025097530674,14.5084244384971,14.785781012543977,0.7893471
QAT-2021,Qatar,QAT,2021,1,48.6558768141096,-7.690200806300591,100.0,25.695931753886857,-2.540315030047598,-8.490465584706811,10.5957303632833,14.84303814593833,0.8435123
QAT-2022,Qatar,QAT,2022,1,48.6558768141096,5.025224172421618,100.0,25.91473274264957,2.304465657420031,-7.690200806300591,15.2784667126988,14.733763762927818,0.8424347
RUS-1997,Russian Federation,RUS,1997,0,15.355993811466,9.182897240710233,100.0,26.69382562103072,47.75201220099391,8.548432172405212,6.32131864255256,18.813804206291564,-0.6383112
RUS-1999,Russian Federation,RUS,1999,0,15.355993811466,8.781564694422322,100.0,26.325220389218316,27.68567980767421,8.616625804317543,2.22399348794497,18.81049592834292,-0.8033636
RUS-2001,Russian Federation,RUS,2001,0,15.355993811466,8.6472736672016,97.8,26.28283200836792,20.79876065587041,8.585983943996693,15.355993811466,18.803196996574982,-0.7831363
RUS-2003,Russian Federation,RUS,2003,0,15.355993811466,9.67138272257615,97.9,26.56817307685141,15.78873079144626,8.846160211935144,10.4623662427989,18.79435584880689,-0.3705029999999999
RUS-2004,Russian Federation,RUS,2004,0,15.355993811466,10.335464107013747,97.9,26.787858673335617,13.66329302286657,9.67138272257615,10.9344981048,18.78981804215799,-0.3141585
RUS-2005,Russian Federation,RUS,2005,0,15.355993811466,10.342261704527449,98.0,27.10511009546537,10.88861573262158,10.335464107013747,11.6957615431619,18.7857912274726,-0.1538045999999999
RUS-2006,Russian Federation,RUS,2006,0,15.355993811466,11.227767404695422,98.0,27.361854533593466,12.68530395073494,10.342261704527449,13.686863716874,18.78197669955171,-0.2338844
RUS-2007,Russian Federation,RUS,2007,0,15.355993811466,11.623995888115768,98.1,27.620902162926544,9.668654547892643,11.227767404695422,12.4450132664814,18.77870224687348,-0.3143867999999999
RUS-2008,Russian Federation,RUS,2008,0,15.355993811466,11.915491842526786,98.2,27.893157260903884,9.00729868861079,11.623995888115768,10.7326206704977,18.77699142655599,-0.1586062
RUS-2009,Russian Federation,RUS,2009,0,15.355993811466,11.200488844863596,98.3,28.138349466339463,14.11076778404423,11.915491842526786,12.3954143055606,18.77655193396744,-0.2972532
RUS-2010,Russian Federation,RUS,2010,0,15.355993811466,11.365996843320922,98.4,27.83203839682396,11.64732957641177,11.200488844863596,9.19214468199248,18.776853004567,-0.3406416
RUS-2011,Russian Federation,RUS,2011,0,15.355993811466,11.609755035452782,99.3,28.052960911529333,6.849392302550247,11.365996843320922,8.57128659193273,18.77730196944829,-0.3620188
RUS-2012,Russian Federation,RUS,2012,0,15.355993811466,11.524608155904804,99.2,28.346870027808315,8.4404648593257,11.609755035452782,10.6778918258558,18.778482424884498,-0.3810158999999999
RUS-2013,Russian Federation,RUS,2013,0,15.355993811466,11.838176261845089,100.0,28.423241185632865,5.07474300799149,11.524608155904804,9.61307623916807,18.780998181947652,-0.4318993
RUS-2014,Russian Federation,RUS,2014,0,15.355993811466,10.693368445167724,100.0,28.460650989016816,6.754668339034861,11.838176261845089,8.68048261508321,18.78397321666873,-0.4057335999999999
RUS-2015,Russian Federation,RUS,2015,0,15.355993811466,9.525584599814678,100.0,28.353358870697765,7.820169700138449,10.693368445167724,9.08748946492807,18.786969890972525,-0.4501625999999999
RUS-2016,Russian Federation,RUS,2016,0,15.355993811466,11.08333875644946,95.5,27.941062971452286,15.53439599357014,9.525584599814678,5.93285842314704,18.78976341173081,-0.5155363
RUS-2017,Russian Federation,RUS,2017,0,15.355993811466,10.95281995744814,99.4,27.87536737348624,7.042437254137072,11.08333875644946,5.00613659535062,18.792350922286737,-0.4243033
RUS-2018,Russian Federation,RUS,2018,0,15.355993811466,9.773931109715914,100.0,28.084767916156142,3.683330723344951,10.95281995744814,6.22864519091822,18.79426474756128,-0.3965476
RUS-2019,Russian Federation,RUS,2019,0,15.355993811466,11.06584961410602,100.0,28.13622824957505,2.878313826149806,9.773931109715914,9.65476095672088,18.79498610372172,-0.357656
RUS-2020,Russian Federation,RUS,2020,0,15.355993811466,9.849961243286108,99.8,28.15759114513006,4.472026318379035,11.06584961410602,8.49370743083853,18.795365575856646,-0.3542324
RUS-2021,Russian Federation,RUS,2021,0,15.355993811466,11.300969103199376,99.9,28.03185946665856,3.382197969480676,9.849961243286108,4.70777096931075,18.79393355554822,-0.4450265
RUS-2022,Russian Federation,RUS,2022,0,15.355993811466,-11.284793096004869,100.0,28.23489256846784,6.694458919576123,11.300969103199376,9.67159402978612,18.790496311473028,-0.3720054
SAU-1997,Saudi Arabia,SAU,1997,1,54.085800995618,8.712584548033655,100.0,25.79004503648198,1.222060548777561,-7.720875884235186,33.4650950203584,16.442423730620103,-0.3620158
SAU-1999,Saudi Arabia,SAU,1999,1,54.085800995618,-7.351073055005161,100.0,25.712169818368128,-0.37126675171199,9.05566512376079,21.2667758956326,16.51835965675296,-0.2693391
SAU-2001,Saudi Arabia,SAU,2001,1,54.085800995618,3.671362976713521,100.0,25.96773366223914,-1.124998385176451,-8.23274152202678,41.6691708446825,16.599145730395897,-0.0587033999999999
SAU-2003,Saudi Arabia,SAU,2003,1,54.085800995618,-7.067331942218831,100.0,25.968213368628643,0.2471864923396855,-7.113359903246748,31.342447837027,16.700920638181593,-0.2456209999999999
SAU-2004,Saudi Arabia,SAU,2004,1,54.085800995618,-6.505248035431009,100.0,26.09765372478329,0.6121953581729663,-7.067331942218831,37.0345220176731,16.748663350208478,-0.1704605
SAU-2005,Saudi Arabia,SAU,2005,1,54.085800995618,9.079196174236827,100.0,26.2790977784912,0.5155078977672995,-6.505248035431009,42.6409301097693,16.794578804658727,-0.0935170999999999
SAU-2006,Saudi Arabia,SAU,2006,1,54.085800995618,9.3886350703031,100.0,26.51767971073629,0.4792316716309551,9.079196174236827,48.8606315090549,16.838852696980766,-0.0157996
SAU-2007,Saudi Arabia,SAU,2007,1,54.085800995618,9.421463349619556,100.0,26.65524609145756,2.209023140696472,9.3886350703031,49.6700972841917,16.88166145280743,-0.0911401
SAU-2008,Saudi Arabia,SAU,2008,1,54.085800995618,9.306737962878616,100.0,26.75386578028491,4.167823584315785,9.421463349619556,47.4394429695294,16.923155961828446,0.0553877
SAU-2009,Saudi Arabia,SAU,2009,1,54.085800995618,6.771596104223353,100.0,26.976703802922845,9.87024816760266,9.306737962878616,54.085800995618,16.963443525644305,0.2717268
SAU-2010,Saudi Arabia,SAU,2010,1,54.085800995618,9.185821105891463,100.0,26.784950857287782,5.057222761483297,6.771596104223353,34.6315417084598,17.002592470592536,0.263414
SAU-2011,Saudi Arabia,SAU,2011,1,54.085800995618,9.145024147896466,100.0,26.992754972771,5.339417330209054,9.185821105891463,37.9011314342465,16.992667653031962,0.3480315
SAU-2012,Saudi Arabia,SAU,2012,1,54.085800995618,9.21732808109084,100.0,27.246329927966254,5.8262163739404,9.145024147896466,49.1612188808623,17.038054367544092,0.3943428
SAU-2013,Saudi Arabia,SAU,2013,1,54.085800995618,8.816233078210896,100.0,27.345897545496506,2.866270299050528,9.21732808109084,47.4093852263553,17.080080788654453,0.2391932
SAU-2014,Saudi Arabia,SAU,2014,1,54.085800995618,8.012391555592455,100.0,27.369339072030307,3.51104209799866,8.816233078210896,44.4564985480281,17.134195699053976,0.2721716
SAU-2015,Saudi Arabia,SAU,2015,1,54.085800995618,8.979830794878811,100.0,27.39168856031214,2.241853487790632,8.012391555592455,40.3219689900701,17.158700012110717,0.1946553
SAU-2016,Saudi Arabia,SAU,2016,1,54.085800995618,10.689889798113482,100.0,27.26489363721706,1.22269318552328,8.979830794878811,23.9567993223384,17.210568565510837,0.2373093999999999
SAU-2017,Saudi Arabia,SAU,2017,1,54.085800995618,7.614867244131244,99.9,27.25891263772128,2.05347076823965,10.689889798113482,20.0051771356735,17.248019218328665,0.1880057
SAU-2018,Saudi Arabia,SAU,2018,1,54.085800995618,10.09750068352815,100.0,27.33162555205938,-0.8348457350271624,7.614867244131244,23.6170719123709,17.248767043926755,0.1004203999999999
SAU-2019,Saudi Arabia,SAU,2019,1,54.085800995618,8.725577911414982,99.9,27.510620056237087,2.465943089948431,10.09750068352815,28.0842811588989,17.22322936218334,0.0805221
SAU-2020,Saudi Arabia,SAU,2020,1,54.085800995618,8.084108767121952,100.0,27.51323948027231,-1.192986445333281,8.725577911414982,24.3295780055005,17.218832348138534,0.1793191999999999
SAU-2021,Saudi Arabia,SAU,2021,1,54.085800995618,10.94554265866446,100.0,27.36699202640986,3.372349610123027,8.084108767121952,15.9789107766923,17.26716373174017,0.1732095
SAU-2022,Saudi Arabia,SAU,2022,1,54.085800995618,10.88594281323156,100.0,27.61353010279348,3.063289889415482,10.94554265866446,23.6862940574499,17.242518106382246,0.3876301
SDN-1997,Sudan,SDN,1997,3,17.885274592108,5.277119813101943,29.35231590271,22.92252176365708,132.8237773741385,0.3900353197707152,0.0956575689513029,17.043604921238376,-1.5185358999999998
SDN-1999,Sudan,SDN,1999,3,17.885274592108,6.608811832525832,30.3065280914307,23.143653657647253,24.62187854615864,6.608542109971943,0.170280620046711,17.091106923041977,-1.3434282
SDN-2001,Sudan,SDN,2001,3,17.885274592108,7.045777335659257,23.0,23.229387445330005,7.121258971722906,6.66492071958565,10.6869859368028,17.14114877140713,-1.5290222999999998
SDN-2003,Sudan,SDN,2003,3,17.885274592108,7.900407009259328,29.7,23.62122696642088,22.22472414959051,7.262881515051147,7.14772574801421,17.190662619205884,-1.3743504
SDN-2004,Sudan,SDN,2004,3,17.885274592108,8.0137205781845,29.9,23.784565717288068,6.489432086733376,7.900407009259328,6.97515874031986,17.213236454321205,-1.4704393999999998
SDN-2005,Sudan,SDN,2005,3,17.885274592108,8.046671128272354,30.2,24.00590515463525,9.657546286059446,8.0137205781845,10.1194980180566,17.235092503121706,-1.1810323
SDN-2006,Sudan,SDN,2006,3,17.885274592108,8.211664246633102,30.5,24.283820662226464,8.50585075933117,8.046671128272354,12.4599426156015,17.25792809487018,-1.1657875
SDN-2007,Sudan,SDN,2007,3,17.885274592108,8.009283315767115,30.8,24.535774131879357,7.19912990114709,8.211664246633102,12.500471606345,17.28101005782303,-1.1506794
SDN-2008,Sudan,SDN,2008,3,17.885274592108,8.103567153344489,31.1,24.80823558889778,14.75427707800844,8.009283315767115,13.6134936785449,17.30484506050634,-1.2108619
SDN-2009,Sudan,SDN,2009,3,17.885274592108,8.14688200814359,20.0,24.895081854128485,14.29712244814345,8.103567153344489,17.885274592108,17.330750090594364,-1.2923713
SDN-2010,Sudan,SDN,2010,3,17.885274592108,8.325418026776994,29.0,24.667195257260985,11.25675870630097,8.14688200814359,9.59675943554232,17.358471182411144,-1.2320392
SDN-2011,Sudan,SDN,2011,3,17.885274592108,8.151550810576706,36.0,24.80017559297328,12.97766638980141,8.325418026776994,11.493125709502,17.382629075052602,-1.3279497999999998
SDN-2012,Sudan,SDN,2012,3,17.885274592108,8.43878218588944,38.3,24.73093655087378,18.0966171221351,8.151550810576706,15.1004983871528,17.402933172707495,-1.3131857
SDN-2013,Sudan,SDN,2013,3,17.885274592108,8.124378326656668,40.7,24.35114503534348,35.55905741470241,8.43878218588944,3.69537931902747,17.424350068984186,-1.3993306
SDN-2014,Sudan,SDN,2014,3,17.885274592108,7.825070357372675,43.1,24.485024356777583,36.52234491391544,8.124378326656668,4.59958496637169,17.447445251883284,-1.4772031
SDN-2015,Sudan,SDN,2015,3,17.885274592108,8.148083280216492,44.9,24.625576805230533,36.90664278635953,7.825070357372675,2.65704566740931,17.474531629216873,-1.431484
SDN-2016,Sudan,SDN,2016,3,17.885274592108,7.662719565689495,48.0,24.669241060536844,16.90957060509773,8.148083280216492,0.798069583603201,17.505000625615814,-1.4597243
SDN-2017,Sudan,SDN,2017,3,17.885274592108,7.664157703970918,50.5,24.475832887787845,17.75025383119596,7.662719565689495,0.586718855776161,17.535401472293305,-1.4119321
SDN-2018,Sudan,SDN,2018,3,17.885274592108,7.728228600494001,53.0,24.44373159907542,32.35162609684366,7.664157703970918,0.823819483095822,17.57004448062728,-1.4265577
SDN-2019,Sudan,SDN,2019,3,17.885274592108,7.408961135047616,55.3,24.199378353004423,63.29250734558878,7.728228600494001,3.36467879804277,17.604927347379462,-1.5053915999999998
SDN-2020,Sudan,SDN,2020,3,17.885274592108,7.268139418360997,57.6,24.19951129434964,50.99405150029646,7.408961135047616,2.99936703162155,17.63428113696067,-1.5295444
SDN-2021,Sudan,SDN,2021,3,17.885274592108,6.952480229424668,59.7,24.02038313288737,163.2577823554576,7.268139418360997,1.87511902407651,17.66116364894407,-1.5008577
SDN-2022,Sudan,SDN,2022,3,17.885274592108,7.044913714637387,61.8,24.2563540847716,359.0930407789987,6.952480229424668,3.30226845710475,17.68810486861246,-1.4884613999999998
SSD-2013,South Sudan,SSD,2013,2,58.2776601424041,-7.368970799746274,3.3,23.20244546615477,45.52589783717057,5.774561190094516,3.55150590979899,16.1909967022188,-1.4227969
SSD-2014,South Sudan,SSD,2014,2,58.2776601424041,0.9064806858911876,3.8,23.63705400144733,-0.0580909784225664,-7.368970799746274,13.3083956321822,16.228408722440566,-1.5704737
SSD-2015,South Sudan,SSD,2015,2,58.2776601424041,0.1494431201849576,4.3,23.35962043521853,1.674299062955201,0.9064806858911876,26.3604396814303,16.234551050139732,-1.6687592999999998
SSD-2016,South Sudan,SSD,2016,2,58.2776601424041,-2.757693203919761,4.8,23.207989200040448,52.76633041921427,0.1494431201849576,10.3913729191421,16.22313669559071,-1.6736197
SUR-2001,Suriname,SUR,2001,3,10.4429452069185,-3.981896959552405,95.4,20.669518977868155,59.40168654507903,-5.2699443520508185,9.6570386910926,13.074525159989774,-0.9441599
SUR-2003,Suriname,SUR,2003,3,10.4429452069185,-5.025238611503971,95.2,20.812717497349038,15.5273989185702,-4.991838354447064,6.6713651664465,13.115443490115156,-0.7832787999999999
SUR-2004,Suriname,SUR,2004,3,10.4429452069185,-4.312320148149697,95.1,20.965576764744338,23.00223217782186,-5.025238611503971,5.97914212009237,13.135111770226496,-0.7832338999999999
SUR-2005,Suriname,SUR,2005,3,10.4429452069185,4.025670415869822,95.0,21.118069337837216,9.986325119748775,-4.312320148149697,6.45522246853907,13.149830673582768,-0.8560529
SUR-2006,Suriname,SUR,2006,3,10.4429452069185,-5.789357726304523,94.9,21.307384894607143,9.898004895614646,4.025670415869822,8.63608457094893,13.160263988837391,-0.6536769
SUR-2007,Suriname,SUR,2007,3,10.4429452069185,-6.201324311798243,91.0,21.68887247521239,11.28130432739748,-5.789357726304523,7.84880116051496,13.171149732042696,-0.5428746
SUR-2008,Suriname,SUR,2008,3,10.4429452069185,-6.137299664173142,94.7,21.80052238062691,6.426279344705242,-6.201324311798243,8.36431435476551,13.182549314777518,-0.4818642999999999
SUR-2009,Suriname,SUR,2009,3,10.4429452069185,-5.230067182587832,94.7,21.985404440951125,14.66714274379119,-6.137299664173142,10.4429452069185,13.194211369153637,-0.464786
SUR-2010,Suriname,SUR,2010,3,10.4429452069185,-6.237155886488859,94.6,22.07791725856308,-0.1336366467148769,-5.230067182587832,4.70070969381809,13.20591193240711,-0.4536055
SUR-2011,Suriname,SUR,2011,3,10.4429452069185,5.67188224238923,91.2,22.19765600743266,6.94108221639996,-6.237155886488859,5.82683537587144,13.217535365842483,-0.4704013999999999
SUR-2012,Suriname,SUR,2012,3,10.4429452069185,5.825667665634921,94.6,22.209920473460176,17.71177964145582,5.67188224238923,9.41801678852129,13.2290090668724,-0.4169159
SUR-2013,Suriname,SUR,2013,3,10.4429452069185,5.923005653426883,94.6,22.32869572818377,5.00686319367273,5.825667665634921,7.99471670842876,13.240384606912526,-0.3865734999999999
SUR-2014,Suriname,SUR,2014,3,10.4429452069185,-4.782099351267727,94.6,22.36143844063248,1.923436041083054,5.923005653426883,7.07724159024642,13.251672619281557,-0.3517802
SUR-2015,Suriname,SUR,2015,3,10.4429452069185,5.90627268028729,94.6,22.379702989203032,3.383412727494775,-4.782099351267727,6.48885277692169,13.262775543121071,-0.648578
SUR-2016,Suriname,SUR,2016,3,10.4429452069185,6.1384521681667525,95.0,22.357637824956974,6.893903591682384,5.90627268028729,2.53674856688081,13.273586347096252,-0.6175389
SUR-2017,Suriname,SUR,2017,3,10.4429452069185,5.258309174027197,95.8,21.922453706438592,55.41238797631955,6.1384521681667525,2.93811167650529,13.284070577538948,-0.6416001
SUR-2018,Suriname,SUR,2018,3,10.4429452069185,5.568059541539312,96.6,22.00188573841489,21.99694301733036,5.258309174027197,4.01262933516518,13.294153000913871,-0.6673958
SUR-2021,Suriname,SUR,2021,3,10.4429452069185,6.237650514015736,98.4,21.792039858365712,34.88978430907801,0.909307411283464,2.99417364471055,13.32500703438819,-0.6956302999999999
SUR-2022,Suriname,SUR,2022,3,10.4429452069185,6.231741343942154,98.8,21.857220558390235,59.11966262519767,6.237650514015736,7.93252614181898,13.334077055882728,-0.6285837
SYR-2001,Syrian Arab Republic,SYR,2001,3,18.8708007318397,5.3936482068690905,93.4,23.66438518648686,-3.846153846153788,6.291572568895961,6.13966972588644,16.62719312232878,-1.330385
SYR-2003,Syrian Arab Republic,SYR,2003,3,18.8708007318397,5.768330761275724,86.6,23.757592982707557,-0.1305052824174015,5.438098211978882,5.18459530453076,16.675900256836155,-0.942551
SYR-2004,Syrian Arab Republic,SYR,2004,3,18.8708007318397,6.309921583995249,92.6,23.806466014754907,5.796829449058412,5.768330761275724,5.5304418274807,16.699713159016888,-0.9493156
SYR-2005,Syrian Arab Republic,SYR,2005,3,18.8708007318397,6.907756278980637,92.3,23.945612051001884,4.433141367198388,6.309921583995249,4.57641557385435,16.72442467222453,-1.1142691
SYR-2006,Syrian Arab Republic,SYR,2006,3,18.8708007318397,7.183871290726099,92.0,24.08568557395885,7.240349393485349,6.907756278980637,5.29082341663287,16.750116721477628,-1.1161833
SYR-2007,Syrian Arab Republic,SYR,2007,3,18.8708007318397,7.817592685999406,99.5,24.242299970144867,10.02411053775713,7.183871290726099,5.16369608370094,16.79292727099002,-1.3072372
SYR-2008,Syrian Arab Republic,SYR,2008,3,18.8708007318397,7.983183247530368,91.5,24.42371142029576,3.907709504436073,7.817592685999406,4.59093161345655,16.854499906821328,-1.1238074999999998
SYR-2009,Syrian Arab Republic,SYR,2009,3,18.8708007318397,8.544632611031469,91.3,24.68518151091432,15.74532522197086,7.983183247530368,5.19652182902386,16.88989526551676,-0.9100977
SYR-2010,Syrian Arab Republic,SYR,2010,3,18.8708007318397,7.985618475474312,91.1,24.71431665450457,2.920897118053667,8.544632611031469,2.96166778457661,16.90550564484394,-0.8409517
SYR-2011,Syrian Arab Republic,SYR,2011,3,18.8708007318397,7.382949104429761,92.7,24.840526365736743,4.397413831500702,7.985618475474312,3.83125650391356,16.928244317399727,-0.7452067
TCD-1999,Chad,TCD,1999,3,32.6666259924004,3.893254349324399,2.42038726806641,21.2799026390859,4.258851102251403,3.770837083496937,0.0,15.887277852795394,-1.2587591
TCD-2001,Chad,TCD,2001,3,32.6666259924004,6.824084353489699,3.1,21.05149474232801,3.822600880863059,5.439596336938072,0.0,15.95699853373567,-1.2526783
TCD-2003,Chad,TCD,2003,3,32.6666259924004,7.26215696213555,3.8,21.414914750572677,5.191818951954464,7.521988551772587,0.0,16.025562840690075,-1.0419419
TCD-2004,Chad,TCD,2004,3,32.6666259924004,6.839035282193191,4.1,21.732250628683285,-1.752569412486548,7.26215696213555,4.74383447804891,16.065520904282444,-1.1759627
TCD-2005,Chad,TCD,2005,3,32.6666259924004,-5.291746188390651,3.5,22.21005140175409,-5.355400288848158,6.839035282193191,29.8599644670772,16.110067209092808,-0.99722
TCD-2006,Chad,TCD,2006,3,32.6666259924004,-6.322259620305605,4.8,22.881506127588008,7.890365674629931,-5.291746188390651,32.6666259924004,16.150378216115634,-1.2715808
TCD-2007,Chad,TCD,2007,3,32.6666259924004,-6.466629139481782,5.1,22.996383663013848,8.03628897951331,-6.322259620305605,30.8512410137952,16.186354586513506,-1.2042054
TCD-2008,Chad,TCD,2008,3,32.6666259924004,6.837615041656883,5.5,23.108847897105928,-8.974739620092704,-6.466629139481782,28.9574096374403,16.22080213779536,-1.2038333
TCD-2009,Chad,TCD,2009,3,32.6666259924004,6.619808283023371,5.9,23.317444890322037,10.29697582212537,6.837615041656883,29.6642941556194,16.255794335846105,-1.2303822
TCD-2010,Chad,TCD,2010,3,32.6666259924004,6.43935292291795,6.3,23.23429611190389,9.952422907488645,6.619808283023371,14.6756159361222,16.291524030415367,-1.1806962
TCD-2011,Chad,TCD,2011,3,32.6666259924004,6.334702724600977,6.4,23.36649350607536,-2.077865746418658,6.43935292291795,20.0317465897842,16.326131737032263,-1.2069765
TCD-2012,Chad,TCD,2012,3,32.6666259924004,7.05581913652881,9.0,23.53779690637669,2.0292405367826,6.334702724600977,24.3983730486377,16.36143375275678,-1.2004469
TCD-2013,Chad,TCD,2013,3,32.6666259924004,6.947362899168111,7.8,23.607632297468168,7.516623646638329,7.05581913652881,20.5311950776099,16.39656029816599,-1.2158533
TCD-2014,Chad,TCD,2014,3,32.6666259924004,-7.208668862734255,8.1,23.606127066150368,0.2226715646245507,6.947362899168111,15.7791942816497,16.432255083853516,-1.2243702
TCD-2015,Chad,TCD,2015,3,32.6666259924004,7.020445308094855,8.4,23.621624332701057,1.681973139256705,-7.208668862734255,11.3679339086533,16.46795495107476,-1.1659712
TCD-2016,Chad,TCD,2016,3,32.6666259924004,6.193111255008673,7.7,23.401516372502915,4.377126650656541,7.020445308094855,6.2969962979888,16.499788559432787,-1.150013
TCD-2017,Chad,TCD,2017,3,32.6666259924004,6.588602705676985,9.2,23.290235447458645,-0.792440525236102,6.193111255008673,6.59687876223435,16.531175427087884,-1.14236
TCD-2018,Chad,TCD,2018,3,32.6666259924004,6.82630886683596,10.9,23.314710414698887,-1.537099629808404,6.588602705676985,10.2750096848343,16.56423938330971,-1.0916494
TCD-2019,Chad,TCD,2019,3,32.6666259924004,7.032870287597187,10.1,23.45288183226579,4.274621986105452,6.82630886683596,16.6121673665612,16.597834984066104,-1.124001
TCD-2020,Chad,TCD,2020,3,32.6666259924004,7.016955719578126,8.4,23.42499729972578,-0.971939175419401,7.032870287597187,15.5707595430138,16.63003409530974,-1.151166
TCD-2021,Chad,TCD,2021,3,32.6666259924004,7.251488397994337,10.9,23.4268325235846,4.464144372328608,7.016955719578126,9.22817147863275,16.661853797042664,-1.1473695
TCD-2022,Chad,TCD,2022,3,32.6666259924004,7.113172917928862,11.3,23.548917587523928,-0.7728443703591396,7.251488397994337,16.7515661611417,16.696296182012823,-1.0888251
TLS-2016,Timor-Leste,TLS,2016,1,24.2895242064057,2.402241705911357,67.3,21.187177448099465,0.5527960262778531,4.454377848713765,24.2895242064057,14.0020996624759,-0.9621484
TLS-2017,Timor-Leste,TLS,2017,1,24.2895242064057,2.603127853036506,76.5,21.218245331955234,-1.338538761851631,2.402241705911357,12.5519849690425,14.021152241204794,-0.9476691
TLS-2018,Timor-Leste,TLS,2018,1,24.2895242064057,4.56290716232806,79.5,21.18377352272065,0.557215537430361,2.603127853036506,13.2190114443342,14.04001638096492,-0.9406859
TLS-2019,Timor-Leste,TLS,2019,1,24.2895242064057,-5.758448550469595,85.2,21.1653769368403,2.636472010158919,4.56290716232806,14.4948180632868,14.059209394433132,-0.9373986
TLS-2020,Timor-Leste,TLS,2020,1,24.2895242064057,-6.552392786945025,90.6,21.43255719661876,0.9588127397031412,-5.758448550469595,12.5972177320814,14.078602250099786,-0.7789421999999999
TLS-2021,Timor-Leste,TLS,2021,1,24.2895242064057,-6.16970374261845,96.0,21.494585917100867,0.495499215459571,-6.552392786945025,2.79171478872949,14.097718172880649,-0.8651416
TLS-2022,Timor-Leste,TLS,2022,1,24.2895242064057,4.675964740074659,100.0,22.01112682895472,3.697920946667864,-6.16970374261845,5.29715520859989,14.11571884874146,-0.86557
TTO-2001,Trinidad and Tobago,TTO,2001,2,19.1790340751601,7.42045954980995,91.3,22.82181639742959,3.55541319666877,7.214505008515808,10.7143816589503,14.092971825488071,0.5663805
TTO-2003,Trinidad and Tobago,TTO,2003,2,19.1790340751601,7.388080839943474,96.5,22.921412014989624,4.150058616647196,7.608672442951512,8.99788059666471,14.1022011390509,0.6994174
TTO-2004,Trinidad and Tobago,TTO,2004,2,19.1790340751601,7.599000903205106,96.7,23.148551614389557,3.811106243968699,7.388080839943474,7.97468958608519,14.107217021679606,0.7440268
TTO-2005,Trinidad and Tobago,TTO,2005,2,19.1790340751601,7.53870813906298,96.8,23.30954696799511,3.721549389959654,7.599000903205106,8.45563862422733,14.11218780227978,0.6289755
TTO-2006,Trinidad and Tobago,TTO,2006,2,19.1790340751601,7.476132893444631,95.0,23.494753266698936,6.874534595835164,7.53870813906298,11.8042199194259,14.073631215671098,0.6578672999999999
TTO-2007,Trinidad and Tobago,TTO,2007,2,19.1790340751601,7.414573244247764,100.0,23.63394995578574,8.329603514653467,7.476132893444631,12.247324628027,14.07629280246706,0.5450022
TTO-2008,Trinidad and Tobago,TTO,2008,2,19.1790340751601,8.630807582069941,100.0,23.797884151844134,7.894388347572995,7.414573244247764,9.2559242789235,14.080324895473144,0.6166944
TTO-2009,Trinidad and Tobago,TTO,2009,2,19.1790340751601,7.257144238062563,100.0,24.0508736323455,12.03034454771769,8.630807582069941,9.42207714451534,14.084459251270273,0.5899607
TTO-2010,Trinidad and Tobago,TTO,2010,2,19.1790340751601,7.001974782472481,99.0,23.6767253363217,6.978087252515469,7.257144238062563,6.48871343601529,14.085619371231068,0.5289539999999999
TTO-2011,Trinidad and Tobago,TTO,2011,2,19.1790340751601,4.40802434806069,100.0,23.82146085838322,10.54920031799876,7.001974782472481,7.31966084875628,14.091409733939752,0.5390950999999999
TTO-2012,Trinidad and Tobago,TTO,2012,2,19.1790340751601,-8.245042037076061,97.5,23.95931367278388,5.1071328926456,4.40802434806069,9.46888642049548,14.099199669146076,0.5212437999999999
TTO-2013,Trinidad and Tobago,TTO,2013,2,19.1790340751601,-7.7230902218000335,100.0,24.024545270402847,9.26028137068292,-8.245042037076061,7.63529240284805,14.104587906565412,0.4267824999999999
TTO-2014,Trinidad and Tobago,TTO,2014,2,19.1790340751601,7.187526971839139,100.0,24.07529177879823,5.199817404656111,-7.7230902218000335,6.44936933049536,14.108596503159664,0.405446
TTO-2015,Trinidad and Tobago,TTO,2015,2,19.1790340751601,5.868342552036708,100.0,24.10678046300435,5.684418145956593,7.187526971839139,5.58054269528671,14.112160300398315,0.1342879
TTO-2016,Trinidad and Tobago,TTO,2016,2,19.1790340751601,-3.854765504263432,100.0,24.013201688913103,4.661215980982641,5.868342552036708,2.24547082740531,14.115369194243948,0.0459646
TTO-2017,Trinidad and Tobago,TTO,2017,2,19.1790340751601,-6.847757066826524,100.0,23.885542619697816,3.070667424640243,-3.854765504263432,1.82556957376394,14.11849692005089,0.0143626999999999
TTO-2018,Trinidad and Tobago,TTO,2018,2,19.1790340751601,-7.244493277782508,100.0,23.89424263833232,1.880384401835318,-6.847757066826524,2.68355173716595,14.120517189836695,0.0118333
TTO-2019,Trinidad and Tobago,TTO,2019,2,19.1790340751601,5.907942298663425,100.0,23.896435177749872,1.018569301888219,-7.244493277782508,3.66055639102177,14.122402434968729,-0.0646447
TTO-2020,Trinidad and Tobago,TTO,2020,2,19.1790340751601,7.65536165242972,100.0,23.87931882187576,1.000542930272373,5.907942298663425,2.7745812273373,14.125921853403252,-0.1061981999999999
TTO-2021,Trinidad and Tobago,TTO,2021,2,19.1790340751601,-7.533460597981768,100.0,23.76246533221104,0.5989863308246433,7.65536165242972,1.42924604742787,14.127928656698185,-0.1286426
TTO-2022,Trinidad and Tobago,TTO,2022,2,19.1790340751601,7.760011954896663,100.0,23.910566915387697,2.059227469154577,-7.533460597981768,2.71054174202227,14.12853795677171,-0.0548088
VEN-2010,"Venezuela, RB",VEN,2010,0,28.0600250559547,8.060224340205936,99.0,26.521714735542016,27.08094144661304,-7.729295867693775,9.95847654408777,17.163247350984037,-1.4445751
VEN-2011,"Venezuela, RB",VEN,2011,0,28.0600250559547,9.368198463884427,99.1,26.697564780756863,28.1874647092039,8.060224340205936,11.6928975467648,17.1763407722122,-1.5468556999999998
VEN-2012,"Venezuela, RB",VEN,2012,0,28.0600250559547,9.207536454699683,98.8,26.480532807757463,26.0902123160959,9.368198463884427,23.1450195251423,17.189172734863057,-1.3475102
VEN-2013,"Venezuela, RB",VEN,2013,0,28.0600250559547,8.364042066257777,99.3,26.641747267967915,21.06899563318759,9.207536454699683,17.9387823718967,17.201723802737035,-1.4702376
VEN-2014,"Venezuela, RB",VEN,2014,0,28.0600250559547,7.727535304540869,99.4,26.278209484479007,40.63942751615894,8.364042066257777,16.7771388276982,17.213776948465313,-1.5140943
VEN-2015,"Venezuela, RB",VEN,2015,0,28.0600250559547,8.684739491238911,100.0,26.093153607063524,62.16864997948285,7.727535304540869,11.3021511747501,17.22514160937923,-1.7057535
YEM-1997,"Yemen, Rep.",YEM,1997,4,41.2105414506176,-5.624030538814523,44.399169921875,22.59447762678245,30.7337332718043,-4.789226228456824,36.2783449702496,16.666978503599875,-0.6631627999999999
YEM-1999,"Yemen, Rep.",YEM,1999,4,41.2105414506176,-6.421950060391051,46.7996101379395,22.56732922114616,5.976508521418603,-6.084048921939856,21.3900899508087,16.730358861749647,-0.6418294999999999
YEM-2001,"Yemen, Rep.",YEM,2001,4,41.2105414506176,5.737491948152139,49.2,22.99325715425489,4.589999999999812,2.555417905676596,41.2105414506176,16.79227110093179,-0.8039022
YEM-2003,"Yemen, Rep.",YEM,2003,4,41.2105414506176,-5.183016559794004,51.5,23.09289541905948,12.2385339389711,5.432010383642278,30.9035311720644,16.85214899849592,-1.1761534
YEM-2004,"Yemen, Rep.",YEM,2004,4,41.2105414506176,5.660037749176495,52.6,23.189459541877856,10.83236070232415,-5.183016559794004,32.0731170610088,16.881532595010448,-1.2195338999999998
YEM-2005,"Yemen, Rep.",YEM,2005,4,41.2105414506176,-6.403764790414346,49.6,23.352823499587284,12.51509514952074,5.660037749176495,34.0644750012843,16.910869500048282,-0.8346829
YEM-2006,"Yemen, Rep.",YEM,2006,4,41.2105414506176,7.715097040407842,54.8,23.540562994792364,11.81126393749489,-6.403764790414346,41.093106599265,16.941836174799654,-0.7156292
YEM-2007,"Yemen, Rep.",YEM,2007,4,41.2105414506176,7.51458205018539,55.8,23.671022641346887,10.84479869142567,7.715097040407842,40.4372276843013,16.974342662260238,-0.5518717
YEM-2008,"Yemen, Rep.",YEM,2008,4,41.2105414506176,8.042140138177743,57.2,23.798295710269667,7.905117789887304,7.51458205018539,32.9618903118727,17.006730787942306,-0.5323671999999999
YEM-2009,"Yemen, Rep.",YEM,2009,4,41.2105414506176,5.55452374823238,58.4,24.0157956037915,18.97625743180765,8.042140138177743,33.8268519294838,17.038854067848504,-0.4953484999999999
YEM-2010,"Yemen, Rep.",YEM,2010,4,41.2105414506176,5.933004162119897,59.6,23.947339259413862,5.407760980775217,5.55452374823238,20.6195697250514,17.07082341745292,-0.4588199
YEM-2011,"Yemen, Rep.",YEM,2011,4,41.2105414506176,-6.942820082231702,60.8,24.154240428525604,11.17483386050437,5.933004162119897,22.1800547456639,17.102209055236806,-0.4133849
YEM-2012,"Yemen, Rep.",YEM,2012,4,41.2105414506176,-3.3503758318153505,62.0,24.21144847490511,19.5435617131144,-6.942820082231702,23.3981676874913,17.13270650095145,-0.698998
YEM-2013,"Yemen, Rep.",YEM,2013,4,41.2105414506176,-5.587793583045175,52.4,24.29001527249708,9.885387144848714,-3.3503758318153505,17.0272517537375,17.16308379055554,-0.8370000999999999
YEM-2014,"Yemen, Rep.",YEM,2014,4,41.2105414506176,-6.144639355450974,75.6,24.42247261611892,10.9684421500198,-5.587793583045175,11.1124026574675,17.19354005820914,-0.8665183
YEM-2015,"Yemen, Rep.",YEM,2015,4,41.2105414506176,-3.4314664878767003,66.1,24.48976781064745,8.10472583623915,-6.144639355450974,9.0008580090252,17.224223295130543,-0.9495107
