Row_ID,Country Name,ISO3,Year,Country_Fold,Max_Oil_Rents_Pre2016,Inward_FDI_Net_Flow_GDP_Pct_asinh,Electricity_Access_Pct_lag1,GDP_log_lag1,Inflation_CPI_Annual_Pct_lag1,Inward_FDI_Net_Flow_GDP_Pct_asinh_lag1,Oil_Rents_GDP_Pct_lag1,Population_log_lag1
ABW-1991,Aruba,ABW,1991,2,0.001956400084591,3.747003629685812,100.0,20.455130764707583,5.83668775158165,3.5309493089254573,0.0,11.046977599982323
ABW-1992,Aruba,ABW,1992,2,0.001956400084591,-2.059636462972706,99.1536560058594,20.586376859773743,5.55555555555579,3.747003629685812,0.0,11.095848195933886
ABW-1993,Aruba,ABW,1993,2,0.001956400084591,-1.2780324036847504,99.1971282958984,20.68104621920264,3.87337536996479,-2.059636462972706,0.0,11.141948736320636
ABW-1994,Aruba,ABW,1994,2,0.001956400084591,-2.470924824097651,99.2399139404297,20.80322259427742,5.2155599603571,-1.2780324036847504,0.0,11.207568100838438
ABW-1995,Aruba,ABW,1995,2,0.001956400084591,-0.4074167367554769,100.0,20.943051803368466,6.31107971270439,-2.470924824097651,0.0,11.259271158450996
ABW-1996,Aruba,ABW,1996,2,0.001956400084591,2.5180595138616093,100.0,21.00140531739479,3.36139107320898,-0.4074167367554769,0.0,11.287353968581352
ABW-1997,Aruba,ABW,1997,2,0.001956400084591,3.252949579840427,100.0,21.04526836845833,3.22528797213979,2.5180595138616093,0.0,11.32686091189744
ABW-1998,Aruba,ABW,1998,2,0.001956400084591,2.617344470149331,100.0,21.14973779888668,2.99994809778412,3.252949579840427,0.0,11.365608051774014
ABW-1999,Aruba,ABW,1999,2,0.001956400084591,3.994378533956762,100.0,21.233309032390157,1.8694885361554,2.617344470149331,0.0,11.39021531097729
ABW-2000,Aruba,ABW,2000,2,0.001956400084591,-2.6196040528153586,100.0,21.267277673375247,2.28037198258753,3.994378533956762,0.0,11.40378001770943
ABW-2001,Aruba,ABW,2001,2,0.001956400084591,-3.338810863920887,91.7,21.3510488302491,4.04402131190512,-2.6196040528153586,0.0009594888861472,11.414088071856408
ABW-2002,Aruba,ABW,2002,2,0.001956400084591,3.5242284464489866,100.0,21.36325323718043,2.88360430316263,-3.338810863920887,0.000698232167894,11.423438298468692
ABW-2003,Aruba,ABW,2003,2,0.001956400084591,2.7534419385933213,100.0,21.397150468315424,3.31524678585423,3.5242284464489866,0.0007207029193188,11.430358741313269
ABW-2004,Aruba,ABW,2004,2,0.001956400084591,-2.2492639324010875,100.0,21.438229171611653,3.65636507938418,2.7534419385933213,0.0007606510865598,11.44174090777954
ABW-2005,Aruba,ABW,2005,2,0.001956400084591,-2.871668812901849,100.0,21.536340741565528,2.52912946932762,-2.2492639324010875,0.0009061665960825,11.463094259104883
ABW-2006,Aruba,ABW,2006,2,0.001956400084591,2.884622435759973,100.0,21.581934794700963,3.39778677828805,-2.871668812901849,0.0013140529343261,11.489001556850855
ABW-2007,Aruba,ABW,2007,2,0.001956400084591,-3.561302720182083,100.0,21.627396000948075,3.60802438784541,2.884622435759973,0.0015257728032441,11.506967752995982
ABW-2008,Aruba,ABW,2008,2,0.001956400084591,0.6230714087614929,100.0,21.708202147607047,5.39256784475516,-3.561302720182083,0.0015397398572783,11.51443432606658
ABW-2009,Aruba,ABW,2009,2,0.001956400084591,-0.4045150260616151,100.0,21.768134316080037,8.95598705177784,0.6230714087614929,0.001956400084591,11.522063584881254
ABW-2010,Aruba,ABW,2010,2,0.001956400084591,2.7271173924686107,100.0,21.6608456582703,-2.13542872046937,-0.4045150260616151,0.0010942970473633,11.528848025514044
ABW-2011,Aruba,ABW,2011,2,0.001956400084591,3.611959504248158,93.4,21.620821032723203,2.07814071860786,2.7271173924686107,0.0015696065369167,11.531148413858649
ABW-2012,Aruba,ABW,2012,2,0.001956400084591,-3.1825371285328807,100.0,21.693233523205315,4.31629742195203,3.611959504248158,0.0019268976544637,11.538515235969223
ABW-2013,Aruba,ABW,2013,2,0.001956400084591,2.9956781209902656,100.0,21.684609618052637,0.627471992893372,-3.1825371285328807,0.001490306298153,11.553212916647912
ABW-2014,Aruba,ABW,2014,2,0.001956400084591,2.7078627416562187,100.0,21.72677928324763,-2.37206524252261,2.9956781209902656,0.0,11.568133088366324
ABW-2015,Aruba,ABW,2015,2,0.001956400084591,-0.8142567602842422,100.0,21.749611946149276,0.421440918881214,2.7078627416562187,0.0,11.578788109069931
ABW-2016,Aruba,ABW,2016,2,0.001956400084591,0.826157144573953,100.0,21.80943661834304,0.474763597342641,-0.8142567602842422,0.0,11.589025024026094
ABW-2017,Aruba,ABW,2017,2,0.001956400084591,2.360955922382688,100.0,21.81640900760528,-0.93119598707956,0.826157144573953,0.0,11.596604629635184
ABW-2018,Aruba,ABW,2018,2,0.001956400084591,2.1873812412929885,100.0,21.852222358470588,-1.02828178762012,2.360955922382688,0.0,11.596678205031605
ABW-2019,Aruba,ABW,2019,2,0.001956400084591,-1.5490217966905546,100.0,21.9099462999823,3.6260414135296,2.1873812412929885,0.0,11.598267950134272
ABW-2020,Aruba,ABW,2020,2,0.001956400084591,2.577578124282688,100.0,21.931498078958,4.25746204335427,-1.5490217966905546,0.0,11.600972971658708
AFG-2006,Afghanistan,AFG,2006,0,0.109823883946021,1.941758319385381,28.7,22.5483402394431,12.68626872167151,2.1804554544316668,0.0258476198749782,17.010280885855995
AFG-2007,Afghanistan,AFG,2007,0,0.109823883946021,1.41450500225267,33.5,22.66513329436656,6.784596550016551,1.941758319385381,0.0214070372585048,17.05120790437846
AFG-2008,Afghanistan,AFG,2008,0,0.109823883946021,0.4409330612161717,38.4,23.000316297261023,8.680570785134057,1.41450500225267,0.0144464639818204,17.07013387903706
AFG-2009,Afghanistan,AFG,2009,0,0.109823883946021,0.4377718119942882,42.4,23.0367213372492,26.41866415474439,0.4409330612161717,0.015736313879498,17.09199934001861
AFG-2010,Afghanistan,AFG,2010,0,0.109823883946021,1.0179676931980943,48.3,23.24226410162095,-6.811161088989959,0.4377718119942882,0.0052417380028876,17.12846314774784
AFG-2011,Afghanistan,AFG,2011,0,0.109823883946021,0.288986006480224,42.7,23.48685597792578,2.178537523894187,1.0179676931980943,0.0051494556486691,17.157810013712236
AFG-2012,Afghanistan,AFG,2012,0,0.109823883946021,0.2817003565917355,43.2,23.60275066937642,11.8041858089129,0.288986006480224,0.0066023954370691,17.194725043270065
AFG-2013,Afghanistan,AFG,2013,0,0.109823883946021,0.2375604190327901,69.1,23.71435383144207,6.44121280934117,0.2817003565917355,0.109823883946021,17.235203667549897
AFG-2014,Afghanistan,AFG,2014,0,0.109823883946021,0.2081582891545947,68.0,23.72629228116838,7.385771783978554,0.2375604190327901,0.0672901618424767,17.269385933208728
AFG-2015,Afghanistan,AFG,2015,0,0.109823883946021,0.7969271737381297,89.5,23.743550642874983,4.673996035363445,0.2081582891545947,0.0407438655716957,17.305711120545837
AFG-2016,Afghanistan,AFG,2016,0,0.109823883946021,0.4960152157445404,71.5,23.67474427800341,-0.6617091647137416,0.7969271737381297,0.0136357996041316,17.33691071202379
AFG-2017,Afghanistan,AFG,2017,0,0.109823883946021,0.2714508207636708,97.7,23.620092958303584,4.383891955139149,0.4960152157445404,0.0094450804292938,17.362267910467104
AFG-2018,Afghanistan,AFG,2018,0,0.109823883946021,0.6209012972141936,97.7,23.6546439189766,4.975951505538328,0.2714508207636708,0.0134270806666745,17.390351282749602
AFG-2019,Afghanistan,AFG,2019,0,0.109823883946021,0.12417660878436,93.4,23.61659004808285,0.6261491491688467,0.6209012972141936,0.018854416706035,17.419459377931894
AFG-2020,Afghanistan,AFG,2020,0,0.109823883946021,0.0649482858750844,97.7,23.657093158000688,2.302372515168337,0.12417660878436,0.0127772897517024,17.449303268493857
AFG-2021,Afghanistan,AFG,2021,0,0.109823883946021,0.1439690873614191,97.7,23.716792131775,5.601887914822242,0.0649482858750844,0.0051776190588676,17.480839359703
AGO-2001,Angola,AGO,2001,0,57.5134839616206,3.8720125114313935,24.2,22.93478716815446,324.9968716013207,2.960081623535694,57.5134839616206,16.60020508338647
AGO-2002,Angola,AGO,2002,0,57.5134839616206,3.005298147034833,20.0,22.913362752605558,152.5610224692988,3.8720125114313935,42.5915766791073,16.633742175485878
AGO-2003,Angola,AGO,2003,0,57.5134839616206,3.560947487015071,26.3,23.57463757575465,108.897436089429,3.005298147034833,31.7610292464785,16.667816935053647
AGO-2004,Angola,AGO,2004,0,57.5134839616206,2.7935051260438537,27.4,23.735959849082032,98.22414365733042,3.560947487015071,27.1162657537214,16.702750360850082
AGO-2005,Angola,AGO,2005,0,57.5134839616206,-1.8647278729869496,28.4,24.01902780745321,43.54210675196869,2.7935051260438537,32.9626955078503,16.738694934122538
AGO-2006,Angola,AGO,2006,0,57.5134839616206,-0.0642567213434682,29.4,24.44646546773358,22.95351385139399,-1.8647278729869496,42.2206783158613,16.775157621533175
AGO-2007,Angola,AGO,2007,0,57.5134839616206,-1.030692151481282,30.5,24.79491581385931,13.30521017800316,-0.0642567213434682,40.2786520912475,16.812006539818828
AGO-2008,Angola,AGO,2008,0,57.5134839616206,1.3005810578692538,37.5,25.014243252518305,12.25149744594868,-1.030692151481282,45.3976036521592,16.849432340085887
AGO-2009,Angola,AGO,2009,0,57.5134839616206,1.7187365821574412,38.5,25.3162666049298,12.47582913263979,1.3005810578692538,52.1013581243545,16.887215235966003
AGO-2010,Angola,AGO,2010,0,57.5134839616206,-1.9315449878660305,33.8,25.126383183316232,13.73028392884085,1.7187365821574412,29.7782995191992,16.92523085298683
AGO-2011,Angola,AGO,2011,0,57.5134839616206,-1.6126594122972413,35.0,25.28288327011974,14.46965649325768,-1.9315449878660305,37.7085091832735,16.9637418337911
AGO-2012,Angola,AGO,2012,0,57.5134839616206,-0.8955351290840982,34.6,25.5559829428232,13.48246792185111,-1.6126594122972413,38.6184358197859,17.002621292125475
AGO-2013,Angola,AGO,2013,0,57.5134839616206,-2.2690715234323573,37.3,25.690108809528063,10.27790492188394,-0.8955351290840982,34.3328389540912,17.041457126105513
AGO-2014,Angola,AGO,2014,0,57.5134839616206,1.6030824938380608,38.4,25.72617268134446,8.777814293326237,-2.2690715234323573,29.0014846107501,17.079956931502593
AGO-2015,Angola,AGO,2015,0,57.5134839616206,2.976040926566074,32.0,25.756639708901066,7.280387303611207,1.6030824938380608,21.736607448329,17.117284210768364
AGO-2016,Angola,AGO,2016,0,57.5134839616206,-0.2912688321938951,42.0,25.353548721343,9.35597215533784,2.976040926566074,12.7187303090272,17.15333492568806
AGO-2017,Angola,AGO,2017,0,57.5134839616206,-2.85273408093762,41.8,24.83036290172726,30.69441508067191,-0.2912688321938951,19.7483988340046,17.189099338838567
AGO-2018,Angola,AGO,2018,0,57.5134839616206,-2.662799612311164,42.9,25.173296839008568,29.84447990156793,-2.85273408093762,24.7110060055382,17.22450545979518
AGO-2019,Angola,AGO,2019,0,57.5134839616206,-2.321764457934368,45.3,25.228682667489498,19.62893797015208,-2.662799612311164,30.7304027285905,17.259037788762317
AGO-2020,Angola,AGO,2020,0,57.5134839616206,-1.8768429596434129,45.6,25.120104896594093,17.08095414343803,-2.321764457934368,27.504828641196,17.292916629916387
AGO-2021,Angola,AGO,2021,0,57.5134839616206,-2.4173079846167127,47.0,24.792498276130445,22.27153924705097,-1.8768429596434129,18.5719595053837,17.325596215414812
AGO-2022,Angola,AGO,2022,0,57.5134839616206,-2.3406368585580988,48.2,25.08360810015005,25.75429488418906,-2.4173079846167127,28.2744398825844,17.357409440478254
ALB-1993,Albania,ALB,1993,4,4.8458773941323,2.2912775414028004,100.0,20.29582347626864,226.0054212535257,1.8393185406609716,4.67814330470611,14.993254370072854
ALB-1994,Albania,ALB,1994,4,4.8458773941323,1.7591733828904852,100.0,20.893274795059604,85.00475123871566,2.2912775414028004,2.64923826281687,14.987152714030442
ALB-1995,Albania,ALB,1995,4,4.8458773941323,1.6131092149297308,100.0,21.355043265400003,22.56505269336958,1.7591733828904852,1.52228488071084,14.981013910869152
ALB-1996,Albania,ALB,1996,4,4.8458773941323,1.7483761630212236,100.0,21.789731171531518,7.793218537892147,1.6131092149297308,1.15951602844704,14.97483687621653
ALB-1997,Albania,ALB,1997,4,4.8458773941323,1.4749095475953813,100.0,21.89713593715356,12.72547780871024,1.7483761630212236,1.16070259405485,14.968621764182094
ALB-1998,Albania,ALB,1998,4,4.8458773941323,1.316390443027183,100.0,21.553417261355683,33.18027437539564,1.4749095475953813,1.08835644606329,14.96236746519347
ALB-1999,Albania,ALB,1999,4,4.8458773941323,1.0504571220424817,100.0,21.67891458031959,20.64285886705962,1.316390443027183,0.233494630433512,14.956074123273492
ALB-2000,Albania,ALB,2000,4,4.8458773941323,2.092119179850089,100.0,21.912310218237806,0.3894376535616283,1.0504571220424817,0.494725403679998,14.949740602564484
ALB-2001,Albania,ALB,2001,4,4.8458773941323,2.333226772224002,99.4,21.999904405860416,0.0500181363468103,2.092119179850089,1.07150056484779,14.94336703628178
ALB-2002,Albania,ALB,2002,4,4.8458773941323,1.8152893119860327,99.4,22.124218250518545,3.10758827031435,2.333226772224002,0.699922137592021,14.933982335057037
ALB-2003,Albania,ALB,2003,4,4.8458773941323,1.839946363857316,99.4,22.230671714331255,7.770525834315506,1.8152893119860327,0.687177627386246,14.930983569067594
ALB-2004,Albania,ALB,2004,4,4.8458773941323,2.232474622780489,99.4,22.481418890508184,0.4840026118185026,1.839946363857316,0.692722774590139,14.92724207860329
ALB-2005,Albania,ALB,2005,4,4.8458773941323,1.8735804573226384,99.4,22.725643514453463,2.280019169380986,2.232474622780489,0.793153163005221,14.923062766201856
ALB-2006,Albania,ALB,2006,4,4.8458773941323,1.9802390420900475,99.4,22.83428577249921,2.366581956797953,1.8735804573226384,1.02095374629243,14.917944866732752
ALB-2007,Albania,ALB,2007,4,4.8458773941323,2.469743400188754,99.4,22.93707743404096,2.370728319042841,1.9802390420900475,1.19244921679704,14.911635756385875
ALB-2008,Albania,ALB,2008,4,4.8458773941323,2.9373778412740768,99.4,23.13173571652138,2.932682481623171,2.469743400188754,1.24943402811758,14.904078571366576
ALB-2009,Albania,ALB,2009,4,4.8458773941323,3.0846304509148825,100.0,23.307905174066388,3.320870903892749,2.9373778412740768,1.60465469310703,14.896405144368725
ALB-2010,Albania,ALB,2010,4,4.8458773941323,2.8953691708384603,99.6,23.235750417106257,2.266922094508263,3.0846304509148825,0.923660115710382,14.889666206198394
ALB-2011,Albania,ALB,2011,4,4.8458773941323,2.7867508898575184,99.6,23.21535874050736,3.627100915174796,2.8953691708384603,1.30954317181467,14.88470158826458
ALB-2012,Albania,ALB,2012,4,4.8458773941323,2.711933223533617,99.7,23.28619437512248,3.42807130141501,2.7867508898575184,2.4548890851063,14.882011415871675
ALB-2013,Albania,ALB,2013,4,4.8458773941323,2.9781589833911264,99.9,23.228505998329343,2.031592683952962,2.711933223533617,2.86635104305394,14.86658005417129
ALB-2014,Albania,ALB,2014,4,4.8458773941323,2.853854977758822,99.9,23.272475502576214,1.937620802052232,2.9781589833911264,3.03392407525612,14.851148612470835
ALB-2015,Albania,ALB,2015,4,4.8458773941323,2.851433071294592,100.0,23.31075333688675,1.625865044026138,2.853854977758822,3.12207615711342,14.835717242617529
ALB-2016,Albania,ALB,2016,4,4.8458773941323,2.861066080068343,100.0,23.16301574861693,1.896174025923564,2.851433071294592,1.45260618469079,14.820286047536092
ALB-2017,Albania,ALB,2017,4,4.8458773941323,2.7403736539104027,99.9,23.20722777277123,1.275431683674233,2.861066080068343,0.884410718287188,14.80485470614354
ALB-2018,Albania,ALB,2018,4,4.8458773941323,2.755300946199194,99.9,23.307887227702352,1.986661331711943,2.7403736539104027,1.12614227560188,14.7894231962491
ALB-2019,Albania,ALB,2019,4,4.8458773941323,2.739357708663571,100.0,23.456301832421683,2.028059630711346,2.755300946199194,1.46983381887842,14.773992202961924
ALB-2020,Albania,ALB,2020,4,4.8458773941323,2.64675504993027,100.0,23.46958191183641,1.411090789542422,2.739357708663571,1.42437109584124,14.758560838015676
ALB-2021,Albania,ALB,2021,4,4.8458773941323,2.6092912426805306,100.0,23.44728510083896,1.620886617170209,2.64675504993027,0.582225701330423,14.743129285137378
ALB-2022,Albania,ALB,2022,4,4.8458773941323,2.722897107797649,100.0,23.61541321605097,2.041471631395449,2.6092912426805306,1.04218369204761,14.727698083188026
ARE-2009,United Arab Emirates,ARE,2009,0,35.3156119922356,0.433647731702406,100.0,26.477344058455397,12.25042024481392,1.2515640377939687,26.67204274176,15.656483117788786
ARE-2010,United Arab Emirates,ARE,2010,0,35.3156119922356,1.7727379068311284,100.0,26.258816462047022,1.5618131744907,0.433647731702406,18.418263242659,15.718671111822667
ARE-2011,United Arab Emirates,ARE,2011,0,35.3156119922356,1.4159547775950687,100.0,26.452509242061463,0.8779832882858672,1.7727379068311284,22.679737867780705,15.742651228698303
ARE-2012,United Arab Emirates,ARE,2012,0,35.3156119922356,1.623022249855346,100.0,26.63374002782177,0.8773465956851202,1.4159547775950687,28.5990789001782,15.7762444335237
ARE-2013,United Arab Emirates,ARE,2013,0,35.3156119922356,1.6031979648844856,100.0,26.69655001576627,0.6622689002690088,1.623022249855346,27.0648520266069,15.81583434948212
ARE-2014,United Arab Emirates,ARE,2014,0,35.3156119922356,1.6857017025063197,100.0,26.73852643559476,1.101118363757104,1.6031979648844856,26.2480640478396,15.855825542058056
ARE-2015,United Arab Emirates,ARE,2015,0,35.3156119922356,1.5455236299657604,100.0,26.7752040158964,2.346268656716426,1.6857017025063197,22.9458647037024,15.902354757238944
ARE-2016,United Arab Emirates,ARE,2016,0,35.3156119922356,1.6532313726652463,100.0,26.668616117200592,4.069966083615932,1.5455236299657604,13.1025344354216,15.956192766959662
ARE-2017,United Arab Emirates,ARE,2017,0,35.3156119922356,1.6718166760468984,100.0,26.66794587983633,1.617488089041977,1.6532313726652463,11.0807563620506,16.005497450782077
ARE-2018,United Arab Emirates,ARE,2018,0,35.3156119922356,1.5928860924737134,100.0,26.72310783521386,1.96682557818842,1.6718166760468984,13.4985731745503,16.037235425875135
ARE-2019,United Arab Emirates,ARE,2019,0,35.3156119922356,2.123244753031767,100.0,26.811312489078404,3.068633792519967,1.5928860924737134,17.0989945007163,16.050534111769245
ARE-2020,United Arab Emirates,ARE,2020,0,35.3156119922356,2.4180373845634,100.0,26.79614035356957,-1.931081147821727,2.123244753031767,15.681591549088,16.061079274089465
ARE-2021,United Arab Emirates,ARE,2021,0,35.3156119922356,2.29109608917199,100.0,26.601454670906858,-2.079403179409438,2.4180373845634,10.4940977026696,16.056330773046923
ARE-2022,United Arab Emirates,ARE,2022,0,35.3156119922356,2.197547108369436,100.0,26.7693162976056,0.1799353361744314,2.29109608917199,15.6730945329946,16.07468207201559
ARG-2019,Argentina,ARG,2019,4,4.58801102253871,1.186417649479639,100.0,26.98632097850956,34.27722371310032,1.5430402707936155,1.31095340723836,17.614474221009356
ARG-2020,Argentina,ARG,2020,4,4.58801102253871,1.0576541662214307,100.0,26.827511338170268,53.5483043492339,1.186417649479639,1.29099565501431,17.621583229381496
ARG-2021,Argentina,ARG,2021,4,4.58801102253871,1.1194653302475044,100.0,26.67843072241182,42.01509473765087,1.0576541662214307,0.677055565819106,17.626429885641404
ARG-2022,Argentina,ARG,2022,4,4.58801102253871,1.608845488286309,100.0,26.910634457504624,48.40937862551991,1.1194653302475044,1.54438228879011,17.629088679533112
ARM-2001,Armenia,ARM,2001,2,0.0,1.908713400419959,98.9,21.371187419387272,-0.7908837689347572,2.397153440138872,0.0,14.985233784543238
ARM-2002,Armenia,ARM,2002,2,0.0,2.243376256057847,100.0,21.473958982473068,3.1459046468502,1.908713400419959,0.0,14.98234239696137
ARM-2003,Armenia,ARM,2003,2,0.0,2.182216010177833,98.0,21.5888252425624,1.060049293416667,2.243376256057847,0.0,14.978599178336232
ARM-2004,Armenia,ARM,2004,2,0.0,2.631297945812411,99.1,21.75540386892817,4.721553366053402,2.182216010177833,0.0,14.973177923632033
ARM-2005,Armenia,ARM,2005,2,0.0,2.485200158779208,99.1,21.99768272683511,6.961261358757952,2.631297945812411,0.0,14.967632333450345
ARM-2006,Armenia,ARM,2006,2,0.0,2.6866723958652226,99.8,22.31259685626897,0.6389280024100973,2.485200158779208,0.0,14.96176981792323
ARM-2007,Armenia,ARM,2007,2,0.0,2.679189944812736,99.1,22.577131507167437,2.892356624590039,2.6866723958652226,0.0,14.955616935246796
ARM-2008,Armenia,ARM,2008,2,0.0,2.787862179406706,99.2,22.943154007288467,4.407360896445163,2.679189944812736,0.0,14.949297243452431
ARM-2009,Armenia,ARM,2009,2,0.0,2.8698343430682183,99.2,23.17960502098323,8.949953353533871,2.787862179406706,0.0,14.942743020798124
ARM-2010,Armenia,ARM,2010,2,0.0,2.443988175977395,99.3,22.88058664184707,3.406766826838013,2.8698343430682183,0.0,14.935884664571704
ARM-2011,Armenia,ARM,2011,2,0.0,2.5617523682523053,99.8,22.94900074437504,8.176361384739518,2.443988175977395,0.0,14.928946103952764
ARM-2012,Armenia,ARM,2012,2,0.0,2.2469849254557324,99.5,23.03996208024776,7.650008078592943,2.5617523682523053,0.0,14.923380198156904
ARM-2013,Armenia,ARM,2013,2,0.0,1.8532604205070249,99.5,23.085940884984318,2.558020077579073,2.2469849254557324,0.0,14.92212441519471
ARM-2014,Armenia,ARM,2014,2,0.0,1.9663011124600875,99.4,23.13214281116643,5.789667785446507,1.8532604205070249,0.0,14.921429752721451
ARM-2015,Armenia,ARM,2015,2,0.0,1.3232836329038793,99.7,23.175090706522862,2.981308689336724,1.9663011124600875,0.0,14.918712630773156
ARM-2016,Armenia,ARM,2016,2,0.0,1.8694822625051375,100.0,23.07970799939066,3.731691192616935,1.3232836329038793,0.0,14.91565533843341
ARM-2017,Armenia,ARM,2017,2,0.0,1.5265830304859644,99.8,23.07902539628358,-1.403607559008996,1.8694822625051375,0.0,14.91155321462078
ARM-2018,Armenia,ARM,2018,2,0.0,1.505414492828331,99.7,23.167997740170648,0.9695532688161378,1.5265830304859644,0.0,14.90723283156562
ARM-2019,Armenia,ARM,2019,2,0.0,0.6821880540141575,99.9,23.24562406343147,2.520233820016377,1.505414492828331,0.0,14.90373609055958
ARM-2020,Armenia,ARM,2020,2,0.0,0.4482466611413653,100.0,23.33475304675245,1.443446607706982,0.6821880540141575,0.0,14.90154440197821
ARM-2021,Armenia,ARM,2021,2,0.0,1.6980574677484548,100.0,23.260266598299317,1.211435778384646,0.4482466611413653,0.0,14.901206792365825
ARM-2022,Armenia,ARM,2022,2,0.0,2.31242184020329,100.0,23.353636159966637,7.184836294433707,1.6980574677484548,0.0,14.901476889173535
ATG-2000,Antigua and Barbuda,ATG,2000,0,0.0,3.066568413715069,97.303352355957,20.543594100808008,1.121287895711461,2.5239236820587414,0.0,11.207310216708422
ATG-2001,Antigua and Barbuda,ATG,2001,0,0.0,3.5041638639690267,97.7,20.61901992733297,0.7717797969001801,3.066568413715069,0.0,11.224082719197696
ATG-2002,Antigua and Barbuda,ATG,2002,0,0.0,3.032013349582732,97.7,20.59289980080423,1.402796635739881,3.5041638639690267,0.0,11.239409247991349
ATG-2003,Antigua and Barbuda,ATG,2003,0,0.0,3.2346990167206475,100.0,20.6157837318558,2.407658012934909,3.032013349582732,0.0,11.251989180453888
ATG-2004,Antigua and Barbuda,ATG,2004,0,0.0,3.016891224413037,97.9,20.669970540942927,1.993530551524539,3.2346990167206475,0.0,11.262988658760706
ATG-2005,Antigua and Barbuda,ATG,2005,0,0.0,3.0765490262277013,97.9,20.749254809513243,2.030077578532364,3.016891224413037,0.0,11.273652531726135
ATG-2006,Antigua and Barbuda,ATG,2006,0,0.0,3.791382147197162,92.2,20.857706076578605,2.09875196709308,3.0765490262277013,0.0,11.28492011423911
ATG-2007,Antigua and Barbuda,ATG,2007,0,0.0,3.842038217428209,100.0,20.9884523267822,1.787785374191205,3.791382147197162,0.0,11.2973159613101
ATG-2008,Antigua and Barbuda,ATG,2008,0,0.0,2.984130162470625,100.0,21.12028301656709,1.416052594097406,3.842038217428209,0.0,11.310870478485883
ATG-2009,Antigua and Barbuda,ATG,2009,0,0.0,2.5011063625084957,100.0,21.1664381684218,5.333806398202332,2.984130162470625,0.0,11.32554714426942
ATG-2010,Antigua and Barbuda,ATG,2010,0,0.0,2.674571913426496,98.5,21.050061779958323,-0.5501599955089137,2.5011063625084957,0.0,11.340641363946828
ATG-2011,Antigua and Barbuda,ATG,2011,0,0.0,2.389617621614182,98.7,20.984358638946546,3.370025402201479,2.674571913426496,0.0,11.354175893097942
ATG-2012,Antigua and Barbuda,ATG,2012,0,0.0,2.9095584528216776,94.6,20.975858872107136,3.4567496723461,2.389617621614182,0.0,11.36596719100225
ATG-2013,Antigua and Barbuda,ATG,2013,0,0.0,2.6451940338631954,100.0,21.03422217316552,3.37688044338874,2.9095584528216776,0.0,11.37665890661652
ATG-2014,Antigua and Barbuda,ATG,2014,0,0.0,1.9252585524719064,100.0,21.005052790250215,1.059497823561693,2.6451940338631954,0.0,11.385830457166396
ATG-2015,Antigua and Barbuda,ATG,2015,0,0.0,2.76803144842514,100.0,21.044412236600557,1.089441574353553,1.9252585524719064,0.0,11.393758972779011
ATG-2016,Antigua and Barbuda,ATG,2016,0,0.0,2.576999438018076,100.0,21.0861610253202,0.9689934588256384,2.76803144842514,0.0,11.400987811729363
ATG-2017,Antigua and Barbuda,ATG,2017,0,0.0,2.9837667279827427,100.0,21.121775951529973,-0.4894377962304987,2.576999438018076,0.0,11.407231560411164
ATG-2018,Antigua and Barbuda,ATG,2018,0,0.0,3.194420372825626,100.0,21.151702113594084,2.432487890413628,2.9837667279827427,0.0,11.412762529570834
ATG-2019,Antigua and Barbuda,ATG,2019,0,0.0,2.7457828183142112,100.0,21.23100447926204,1.207157933670076,3.194420372825626,0.0,11.417812265763953
ATG-2020,Antigua and Barbuda,ATG,2020,0,0.0,2.619449452059299,100.0,21.269332041993582,1.431355981829838,2.7457828183142112,0.0,11.422617751938697
ATG-2021,Antigua and Barbuda,ATG,2021,0,0.0,3.5779158758644662,100.0,21.068015887758545,0.6259897070467194,2.619449452059299,0.0,11.42787942816103
ATG-2022,Antigua and Barbuda,ATG,2022,0,0.0,3.495403784486241,100.0,21.1945972885744,2.062996385453344,3.5779158758644662,0.0,11.433340985627384
AUS-1991,Australia,AUS,1991,1,1.18927836382777,0.7328441396170825,100.0,26.465758209908525,7.33302368375269,1.723284494282253,1.18927836382777,16.65254769962634
AUS-1992,Australia,AUS,1992,1,1.18927836382777,1.2036066019920757,100.0,26.51143972795732,3.17666872277308,0.7328441396170825,0.645649685055411,16.665293916739838
AUS-1993,Australia,AUS,1993,1,1.18927836382777,1.3006200047226302,100.0,26.51011096842792,1.01222824105977,1.2036066019920757,0.613094302495831,16.676489893110393
AUS-1994,Australia,AUS,1994,1,1.18927836382777,1.1258237968709903,100.0,26.4680906303633,1.75365751770527,1.3006200047226302,0.610539248128821,16.6853852908593
AUS-1995,Australia,AUS,1995,1,1.18927836382777,1.992456113628507,100.0,26.50175204439193,1.96963507094102,1.1258237968709903,0.467145046577168,16.695016215262573
AUS-1996,Australia,AUS,1996,1,1.18927836382777,0.973962725664567,100.0,26.633317288023267,4.62776445368168,1.992456113628507,0.472621236603855,16.706153556849053
AUS-1997,Australia,AUS,1997,1,1.18927836382777,1.376223002535617,100.0,26.719624681119104,2.61537902431631,0.973962725664567,0.49172140428228,16.71829210601117
AUS-1998,Australia,AUS,1998,1,1.18927836382777,1.3969208439096574,100.0,26.80164611698121,0.224895027032537,1.376223002535617,0.390188127605254,16.729112504616612
AUS-1999,Australia,AUS,1999,1,1.18927836382777,0.5397978386774194,100.0,26.7156337946201,0.860129922016289,1.3969208439096574,0.214859613602787,16.739079851256285
AUS-2000,Australia,AUS,2000,1,1.18927836382777,1.9853947426229648,100.0,26.69030394264473,1.48313946657267,0.5397978386774194,0.302021117738925,16.750019608700995
AUS-2001,Australia,AUS,2001,1,1.18927836382777,1.7591410815113424,100.0,26.756116928381164,4.45743705920869,1.9853947426229648,0.876745345389259,16.76146433661087
AUS-2002,Australia,AUS,2002,1,1.18927836382777,2.018480736743005,100.0,26.66438459554186,4.40712998561533,1.7591410815113424,0.720452604163645,16.77430401685317
AUS-2003,Australia,AUS,2003,1,1.18927836382777,1.4062606915708793,100.0,26.70578289253023,2.98157117047457,2.018480736743005,0.803940893602656,16.785679403628286
AUS-2004,Australia,AUS,2004,1,1.18927836382777,2.6398081046773294,100.0,26.87283861059041,2.73259754838937,1.4062606915708793,0.757626170343175,16.797181330373597
AUS-2005,Australia,AUS,2005,1,1.18927836382777,-1.9931402258000837,100.0,27.14593316859971,2.34325687131265,2.6398081046773294,0.73789012235773,16.80787331105489
AUS-2006,Australia,AUS,2006,1,1.18927836382777,2.112759428419993,100.0,27.269780751461585,2.69182949622197,-1.9931402258000837,0.887355262985534,16.820046217753134
AUS-2007,Australia,AUS,2007,1,1.18927836382777,2.348663245254869,100.0,27.342950128304384,3.55528696972984,2.112759428419993,0.865992075121712,16.833540725398702
AUS-2008,Australia,AUS,2008,1,1.18927836382777,2.157646200759806,100.0,27.476241099905693,2.32761442623159,2.348663245254869,0.871982126285964,16.851790692467347
AUS-2009,Australia,AUS,2009,1,1.18927836382777,1.8511959037712604,100.0,27.6878250307801,4.35029726664093,2.157646200759806,0.935960985495543,16.87182980556721
AUS-2010,Australia,AUS,2010,1,1.18927836382777,1.844935493730582,100.0,27.560342921266084,1.77112025681656,1.8511959037712604,0.553069182846371,16.892438136235018
AUS-2011,Australia,AUS,2011,1,1.18927836382777,2.246486860158831,100.0,27.773012425350423,2.9183370211222,1.844935493730582,0.706854443143111,16.907995198143787
AUS-2012,Australia,AUS,2012,1,1.18927836382777,2.0212807024052197,100.0,27.96959105701022,3.30384784681081,2.246486860158831,0.877828805391789,16.921890470673638
AUS-2013,Australia,AUS,2013,1,1.18927836382777,1.9489665267170897,100.0,28.071034758388954,1.76278299052228,2.0212807024052197,0.679385653265247,16.93934866990568
AUS-2014,Australia,AUS,2014,1,1.18927836382777,2.161838507740262,100.0,28.090808651850438,2.44988248109259,1.9489665267170897,0.538515503941203,16.956560183554945
AUS-2015,Australia,AUS,2015,1,1.18927836382777,1.9535947207318165,100.0,28.019460103820244,2.48792932080492,2.161838507740262,0.488872500922202,16.971475847806104
AUS-2016,Australia,AUS,2016,1,1.18927836382777,1.9784452261484429,100.0,27.936154406173564,1.50836803138463,1.9535947207318165,0.197899254363141,16.98586801372342
AUS-2017,Australia,AUS,2017,1,1.18927836382777,1.9985976231784863,100.0,27.822953117783587,1.27699365720306,1.9784452261484429,0.173168975942925,17.001487418053717
AUS-2018,Australia,AUS,2018,1,1.18927836382777,2.15007376362772,100.0,27.916869424023048,1.94864309065653,1.9985976231784863,0.198665473505862,17.017955695352033
AUS-2019,Australia,AUS,2019,1,1.18927836382777,1.7433539161314775,100.0,27.990892431159303,1.91140002818579,2.15007376362772,0.264744671813473,17.03291566185238
AUS-2020,Australia,AUS,2020,1,1.18927836382777,1.1075363818858122,100.0,27.96631380212314,1.610770929127,1.7433539161314775,0.229199447926395,17.047690568370708
AUS-2021,Australia,AUS,2021,1,1.18927836382777,1.4505121218374082,100.0,27.918705534614396,0.846900734607273,1.1075363818858122,0.108188865636013,17.060024850399984
AUS-2022,Australia,AUS,2022,1,1.18927836382777,2.1072844761730254,100.0,28.076102687847097,2.86391284709318,1.4505121218374082,0.264201375268924,17.061433801178023
AUT-1991,Austria,AUT,1991,1,0.0884445033789297,0.2064856824296471,100.0,25.8341166682719,3.261872318785734,0.3842921662067344,0.0765118886958938,15.853850248259242
AUT-1992,Austria,AUT,1992,1,0.0884445033789297,0.7047015097847645,100.0,25.877212994654226,3.337427034747917,0.2064856824296471,0.0396873742577725,15.86383442799677
AUT-1993,Austria,AUT,1993,1,0.0884445033789297,0.5630745785684885,100.0,25.99274140923529,4.020847800385543,0.7047015097847645,0.0352680260830231,15.87483994945066
AUT-1994,Austria,AUT,1994,1,0.0884445033789297,0.898169067257798,100.0,25.96836189030254,3.631785249431805,0.5630745785684885,0.0340668448552991,15.88308622781321
AUT-1995,Austria,AUT,1995,1,0.0884445033789297,0.7012521893016838,100.0,26.035180456092267,2.953409367610805,0.898169067257798,0.0270900120712639,15.8869349227941
AUT-1996,Austria,AUT,1996,1,0.0884445033789297,1.366051541052034,100.0,26.20429705629289,2.243366315008982,0.7012521893016838,0.0240556789265433,15.888465985208352
AUT-1997,Austria,AUT,1997,1,0.0884445033789297,1.0541894337334985,100.0,26.186896694805224,1.860971157604368,1.366051541052034,0.032850191717391,15.88981618337608
AUT-1998,Austria,AUT,1998,1,0.0884445033789297,1.4901388370435686,100.0,26.078553213077324,1.305978572276913,1.0541894337334985,0.0280351908089642,15.890949349317015
AUT-1999,Austria,AUT,1999,1,0.0884445033789297,1.1230113546105576,100.0,26.103476900799613,0.9224671966808494,1.4901388370435686,0.0083748684983236,15.892046632860392
AUT-2000,Austria,AUT,2000,1,0.0884445033789297,2.1725178949312256,100.0,26.100495160388288,0.5689937658855305,1.1230113546105576,0.026292282564808,15.893992264149366
AUT-2001,Austria,AUT,2001,1,0.0884445033789297,1.7849448322905903,100.0,26.002306596969746,2.344862853572807,2.1725178949312256,0.0610377226881713,15.89639693037332
AUT-2002,Austria,AUT,2002,1,0.0884445033789297,0.06495536356888,100.0,26.003812265753297,2.650000772795294,1.7849448322905903,0.0440884027065614,15.900224923841256
AUT-2003,Austria,AUT,2003,1,0.0884445033789297,1.6000029289532465,100.0,26.08379350404025,1.810357877641286,0.06495536356888,0.0420533656435616,15.905144727873571
AUT-2004,Austria,AUT,2004,1,0.0884445033789297,0.9259238815194084,100.0,26.28694234169764,1.355553708964453,1.6000029289532465,0.0392050238257237,15.910016066220562
AUT-2005,Austria,AUT,2005,1,0.0884445033789297,3.9450854641857727,100.0,26.424412880087772,2.061206180328696,0.9259238815194084,0.048536725746942,15.916220196732349
AUT-2006,Austria,AUT,2006,1,0.0884445033789297,1.863248335417935,100.0,26.472506955692147,2.299137856392859,3.9450854641857727,0.060495702750532,15.923032868384515
AUT-2007,Austria,AUT,2007,1,0.0884445033789297,3.573459660489123,100.0,26.534125291293275,1.441548511190167,1.863248335417935,0.0662743642127353,15.927980845535616
AUT-2008,Austria,AUT,2008,1,0.0884445033789297,1.1768784538810753,100.0,26.681070641736586,2.168555288007567,3.573459660489123,0.0586899562102081,15.931222310497084
AUT-2009,Austria,AUT,2009,1,0.0884445033789297,1.9878380746749928,100.0,26.785268991502477,3.215950332398797,1.1768784538810753,0.0884445033789297,15.934352724496929
AUT-2010,Austria,AUT,2010,1,0.0884445033789297,-2.4317411726251184,100.0,26.712954104361856,0.5063088276965044,1.9878380746749928,0.0534302351399535,15.93697225608161
AUT-2011,Austria,AUT,2011,1,0.0884445033789297,2.380358119203692,100.0,26.68897091244501,1.813534389950618,-2.4317411726251184,0.0599149361185314,15.939376198788835
AUT-2012,Austria,AUT,2012,1,0.0884445033789297,1.068044950332432,100.0,26.78461724230121,3.2865791487538,2.380358119203692,0.073845969443668,15.942747006804789
AUT-2013,Austria,AUT,2013,1,0.0884445033789297,-0.2981945469498054,100.0,26.731465781826863,2.485675621770146,1.068044950332432,0.0843342386593595,15.947306380985893
AUT-2014,Austria,AUT,2014,1,0.0884445033789297,0.3803219081573174,100.0,26.77906693816616,2.000156169005974,-0.2981945469498054,0.0749501568832041,15.953200252835725
AUT-2015,Austria,AUT,2015,1,0.0884445033789297,-1.352427774742528,100.0,26.80675339676508,1.605811829544736,0.3803219081573174,0.0769140310885635,15.961015668242924
AUT-2016,Austria,AUT,2016,1,0.0884445033789297,-2.677490200496049,100.0,26.662241894920893,0.8965633352603198,-1.352427774742528,0.0340776955534437,15.972225591962284
AUT-2017,Austria,AUT,2017,1,0.0884445033789297,1.932731941713974,100.0,26.69882292813551,0.8915917526553624,-2.677490200496049,0.0232518762283344,15.98303955370508
AUT-2018,Austria,AUT,2018,1,0.0884445033789297,-2.516335798218841,100.0,26.75136636093597,2.081269113855869,1.932731941713974,0.0301638333518207,15.98998576394882
AUT-2019,Austria,AUT,2019,1,0.0884445033789297,-1.7707598396003843,100.0,26.83823545089589,1.998379814295489,-2.516335798218841,0.0426588456107289,15.994856482644211
AUT-2020,Austria,AUT,2020,1,0.0884445033789297,-1.7408201337100813,100.0,26.816798681643544,1.530895641526437,-1.7707598396003843,0.0368255085399603,15.999303218532384
AUT-2021,Austria,AUT,2021,1,0.0884445033789297,2.083519327064418,100.0,26.79722608427717,1.381910633518537,-1.7408201337100813,0.0172756920777442,16.003454985381463
AUT-2022,Austria,AUT,2022,1,0.0884445033789297,1.8254308469560132,100.0,26.89802305911409,2.7666666666667,2.083519327064418,0.0378037868173202,16.007811701734497
AZE-2000,Azerbaijan,AZE,2000,1,39.5813073807196,1.6339183006328164,97.0,22.245237410911948,-8.52517000536063,3.105631333263116,17.0099980276687,15.892793646860005
AZE-2001,Azerbaijan,AZE,2001,1,39.5813073807196,3.3587616844439863,98.9,22.385792418671677,1.805003037043562,1.6339183006328164,32.9457476254157,15.901008845471845
AZE-2002,Azerbaijan,AZE,2002,1,39.5813073807196,4.173562241025911,98.6,22.465067296164484,1.547195901522798,3.3587616844439863,23.7019953992356,15.90875650390682
AZE-2003,Azerbaijan,AZE,2003,1,39.5813073807196,4.701886934673546,100.0,22.55361885784457,2.771164719982698,4.173562241025911,23.2537194764338,15.916218238817484
AZE-2004,Azerbaijan,AZE,2004,1,39.5813073807196,4.688953257046972,98.8,22.707903868958677,2.233864929670494,4.701886934673546,23.6510138139512,15.92379474745002
AZE-2005,Azerbaijan,AZE,2005,1,39.5813073807196,4.213702463099208,99.0,22.88433410898946,6.708930427977857,4.688953257046972,26.8343888172544,15.932549019196312
AZE-2006,Azerbaijan,AZE,2006,1,39.5813073807196,3.756156122010448,99.1,23.30691781132128,9.679507319170504,4.213702463099208,37.4466296016638,15.942771673895882
AZE-2007,Azerbaijan,AZE,2007,1,39.5813073807196,3.3264066258327847,99.5,23.766927404161358,8.328924828632093,3.756156122010448,39.5813073807196,15.953757538338117
AZE-2008,Azerbaijan,AZE,2008,1,39.5813073807196,2.796259750201038,99.5,24.2212698367426,16.6997549618244,3.3264066258327847,36.8683513686981,15.965096091670851
AZE-2009,Azerbaijan,AZE,2009,1,39.5813073807196,2.578006052169304,99.7,24.61204669996572,20.84908717727123,2.796259750201038,39.5007730331452,15.98609462957528
AZE-2010,Azerbaijan,AZE,2010,1,39.5813073807196,2.5457605518052167,99.9,24.51407955550117,1.457048359703213,2.578006052169304,26.6788300895754,16.006856109869055
AZE-2011,Azerbaijan,AZE,2011,1,39.5813073807196,2.61550580178958,99.9,24.691844865346606,5.72687224669605,2.5457605518052167,25.5154476387508,16.018753985625754
AZE-2012,Azerbaijan,AZE,2012,1,39.5813073807196,2.72514159299413,99.9,24.912205117469277,7.8583333333334,2.61550580178958,29.7979549979878,16.031783992744764
AZE-2013,Azerbaijan,AZE,2013,1,39.5813073807196,1.9745061890360904,100.0,24.96717837306665,1.066213397203028,2.72514159299413,25.8177819240506,16.045071629579173
AZE-2014,Azerbaijan,AZE,2014,1,39.5813073807196,2.473275250721048,100.0,25.029498311097417,2.415717452794191,1.9745061890360904,22.5837832214089,16.05800609846676
AZE-2015,Azerbaijan,AZE,2015,1,39.5813073807196,2.728990866308398,100.0,25.043945989874672,1.37344181533176,2.473275250721048,20.2463063109853,16.070488187123043
AZE-2016,Azerbaijan,AZE,2016,1,39.5813073807196,3.1700064379610784,100.0,24.69499511992658,4.027685737427259,2.728990866308398,12.069575141696,16.082400284461865
AZE-2017,Azerbaijan,AZE,2017,1,39.5813073807196,2.6464791743961875,100.0,24.357345775053272,12.44337485843723,3.1700064379610784,12.7825654497772,16.093578855411227
AZE-2018,Azerbaijan,AZE,2018,1,39.5813073807196,1.8114587199626504,100.0,24.43357960978113,12.93591841873347,2.6464791743961875,17.1235678602694,16.103391472455574
AZE-2019,Azerbaijan,AZE,2019,1,39.5813073807196,1.856284434091256,100.0,24.57580355988587,2.268546903739991,1.8114587199626504,24.1724100094907,16.11205464074393
AZE-2020,Azerbaijan,AZE,2020,1,39.5813073807196,1.008206288551451,100.0,24.5980901776412,2.610571827992152,1.856284434091256,20.4577104992688,16.12052110715989
AZE-2021,Azerbaijan,AZE,2021,1,39.5813073807196,-1.854117492889782,100.0,24.477300809339468,2.759809470081272,1.008206288551451,11.1476827315754,16.127364759733396
AZE-2022,Azerbaijan,AZE,2022,1,39.5813073807196,-2.4373663841866917,100.0,24.72741964176855,6.650299127087786,-1.854117492889782,20.983375083624,16.131776736655397
BDI-2000,Burundi,BDI,2000,3,0.0,1.1038925773790091,2.07094931602478,20.51016818662848,3.385424273404549,-0.0587713456527538,0.0,15.661940645329464
BDI-2001,Burundi,BDI,2001,3,0.0,-0.0013048561032786,2.5,20.584562311166348,24.4320242102151,1.1038925773790091,0.0,15.682716805126464
BDI-2005,Burundi,BDI,2005,3,0.0,0.052316552798877,3.7,20.63471581255057,8.176429374820534,0.0048828377412797,0.0,15.80484370456826
BDI-2006,Burundi,BDI,2006,3,0.0,0.002481102882336,3.2,20.834013588020863,13.25206991882235,0.052316552798877,0.0,15.841986354859154
BDI-2007,Burundi,BDI,2007,3,0.0,0.0368774482043779,2.7,20.964936755266528,2.745420002142409,0.002481102882336,0.0,15.878002767826038
BDI-2008,Burundi,BDI,2008,3,0.0,0.2356298192172986,4.7,21.027952057265,8.412062857725438,0.0368774482043779,0.0,15.914984479956807
BDI-2009,Burundi,BDI,2009,3,0.0,0.0196216926899654,4.8,21.200639650812757,24.40695103539137,0.2356298192172986,0.0,15.956239795695874
BDI-2010,Burundi,BDI,2010,3,0.0,0.0384024733766722,5.4,21.297345113060487,10.55543552995293,0.0196216926899654,0.0,16.00690115065752
BDI-2011,Burundi,BDI,2011,3,0.0,0.1494997302888221,5.3,21.432352896443824,6.493265914739934,0.0384024733766722,0.0,16.05371125127676
BDI-2012,Burundi,BDI,2012,3,0.0,0.0259882680264881,6.2,21.52787070383905,9.5921660597967,0.1494997302888221,0.0,16.089488233007184
BDI-2013,Burundi,BDI,2013,3,0.0,2.2645003153219965,6.5,21.56801861728427,18.16104530654508,0.0259882680264881,0.0,16.125173444181293
BDI-2014,Burundi,BDI,2014,3,0.0,1.934980130814323,6.9,21.6200167595627,7.937958074924175,2.2645003153219965,0.0,16.16109211161257
BDI-2015,Burundi,BDI,2015,3,0.0,0.2617053864729931,7.0,21.71867330300594,4.40535234185293,1.934980130814323,0.0,16.195036877083318
BDI-2016,Burundi,BDI,2016,3,0.0,0.0021047257108004,7.9,21.75663995124328,5.544688912597794,0.2617053864729931,0.0,16.217722047935712
BDI-2017,Burundi,BDI,2017,3,0.0,1.573070114822101,8.5,21.68571207528614,5.55768961400965,0.0021047257108004,0.0,16.234940646792882
BDI-2018,Burundi,BDI,2018,3,0.0,0.2267783027560256,9.3,21.764023778848383,16.05253530303918,1.573070114822101,0.0,16.258445507434633
BDI-2019,Burundi,BDI,2019,3,0.0,0.9193982477937468,9.5,21.79259053716828,-2.81469807668465,0.2267783027560256,0.0,16.288635323128048
BDI-2020,Burundi,BDI,2020,3,0.0,0.6236008027363984,9.8,21.77811964582122,-0.6867721707973587,0.9193982477937468,0.0,16.321472073546268
BDI-2021,Burundi,BDI,2021,3,0.0,0.6133843417953191,9.1,21.88277124303302,7.321106434155209,0.6236008027363984,0.0,16.3505586014569
BDI-2022,Burundi,BDI,2022,3,0.0,0.5926704245991237,10.2,21.954404677803296,8.404538450763408,0.6133843417953191,0.0,16.377801153278895
BEL-1991,Belgium,BEL,1991,4,0.048118822461714,2.197903770278577,100.0,26.047892790753693,3.448312179618077,2.0748509812762608,0.0,16.11482831903801
BEL-1992,Belgium,BEL,1992,4,0.048118822461714,2.273854648130803,100.0,26.072803742434463,3.215310692608096,2.197903770278577,0.0,16.11854425032258
BEL-1993,Belgium,BEL,1993,4,0.048118822461714,2.2691099455206,100.0,26.181921780653283,2.427955671646152,2.273854648130803,0.0,16.122601384876432
BEL-1994,Belgium,BEL,1994,4,0.048118822461714,1.9592650920542012,100.0,26.13812901058781,2.754426434734624,2.2691099455206,0.0,16.126507769666578
BEL-1995,Belgium,BEL,1995,4,0.048118822461714,2.0221330475830395,100.0,26.22405099477117,2.377540844764004,1.9592650920542012,0.0,16.1295897400983
BEL-1996,Belgium,BEL,1996,4,0.048118822461714,2.319705474614046,100.0,26.386315161737212,1.467966990902718,2.0221330475830395,0.0,16.131684108271674
BEL-1997,Belgium,BEL,1997,4,0.048118822461714,2.2617575778588246,100.0,26.35519934115153,2.077021073506751,2.319705474614046,0.0,16.13363803984149
BEL-1998,Belgium,BEL,1998,4,0.048118822461714,2.8684880959734085,100.0,26.25550071241526,1.628160495129544,2.2617575778588246,0.0,16.13605795845335
BEL-1999,Belgium,BEL,1999,4,0.048118822461714,4.529451542340979,100.0,26.27827115595753,0.94925028835061,2.8684880959734085,0.0,16.138193234750556
BEL-2000,Belgium,BEL,2000,4,0.048118822461714,4.317007522585245,100.0,26.27717742292184,1.120848234178475,4.529451542340979,0.0,16.14048512555648
BEL-2001,Belgium,BEL,2001,4,0.048118822461714,4.3111528485698205,100.0,26.190449899556924,2.544517761909,4.317007522585245,0.0,16.142910304881834
BEL-2002,Belgium,BEL,2002,4,0.048118822461714,2.6458763158042533,100.0,26.190254271542397,2.469258230860827,4.3111528485698205,0.0,16.146349816123124
BEL-2003,Belgium,BEL,2003,4,0.048118822461714,3.0807933734112902,100.0,26.277711136934123,1.645214361753608,2.6458763158042533,0.0,16.150832504636536
BEL-2004,Belgium,BEL,2004,4,0.048118822461714,3.1841036888152785,100.0,26.48557670966493,1.588963999703718,3.0807933734112902,0.0,16.155018919312916
BEL-2005,Belgium,BEL,2005,4,0.048118822461714,2.862855516060092,100.0,26.63464418830499,2.097283112393156,3.1841036888152785,0.0,16.159346801378007
BEL-2006,Belgium,BEL,2006,4,0.048118822461714,3.362124008335869,100.0,26.67836397529656,2.781432636700292,2.862855516060092,5.74329868610464e-05,16.16484735793252
BEL-2007,Belgium,BEL,2007,4,0.048118822461714,3.714296696508223,100.0,26.735169673515216,1.791207700704539,3.362124008335869,0.0015350435137962,16.171442939454966
BEL-2008,Belgium,BEL,2008,4,0.048118822461714,4.298908907784952,100.0,26.877958644077488,1.823056300268095,3.714296696508223,0.0,16.17878624706899
BEL-2009,Belgium,BEL,2009,4,0.048118822461714,3.463518781542579,100.0,26.97194310964225,4.489444205084045,4.298908907784952,0.0,16.186686014783263
BEL-2010,Belgium,BEL,2010,4,0.048118822461714,3.953902895166295,100.0,26.907444677937367,-0.0531456741254176,3.463518781542579,0.0,16.194732009761214
BEL-2011,Belgium,BEL,2011,4,0.048118822461714,4.128576613075082,100.0,26.900289410668336,2.189299204224584,3.953902895166295,0.0276859283389536,16.20386840283515
BEL-2012,Belgium,BEL,2012,4,0.048118822461714,1.597670041057672,100.0,26.99083946398712,3.5320821072274,4.128576613075082,0.0465608455427308,16.216878430665854
BEL-2013,Belgium,BEL,2013,4,0.048118822461714,-2.433522384217257,100.0,26.93469762612702,2.839663434458995,1.597670041057672,0.0447323666928789,16.223080065899136
BEL-2014,Belgium,BEL,2014,4,0.048118822461714,-1.7620833366174495,100.0,26.9849426693928,1.113095940275396,-2.433522384217257,0.0397728832079876,16.227793466915436
BEL-2015,Belgium,BEL,2015,4,0.048118822461714,-2.149638379257421,100.0,27.011101012383754,0.3400028333569217,-1.7620833366174495,0.048118822461714,16.232232759403264
BEL-2016,Belgium,BEL,2016,4,0.048118822461714,3.19068323412737,100.0,26.856760984871457,0.5614291527901578,-2.149638379257421,0.0157279649794816,16.23802722130459
BEL-2017,Belgium,BEL,2017,4,0.048118822461714,-2.705068529996528,100.0,26.88504592019562,1.973852646531627,3.19068323412737,0.0115678220486407,16.24309022088116
BEL-2018,Belgium,BEL,2018,4,0.048118822461714,-2.734233380260657,100.0,26.939689820356104,2.125970860026162,-2.705068529996528,0.0205164347675808,16.246942500725574
BEL-2019,Belgium,BEL,2019,4,0.048118822461714,-1.4312825791242865,100.0,27.019709951202977,2.053164998651776,-2.734233380260657,0.029217776231573,16.251494347279078
BEL-2020,Belgium,BEL,2020,4,0.048118822461714,-2.439526797196391,100.0,27.0087542008319,1.436819569964382,-1.4312825791242865,0.0271254076077426,16.256898960078367
BEL-2021,Belgium,BEL,2021,4,0.048118822461714,2.437312089182528,100.0,26.995566212183626,0.7407918122203436,-2.439526797196391,0.0147576977551149,16.261208927855034
BEL-2022,Belgium,BEL,2022,4,0.048118822461714,1.5383040869312314,100.0,27.117729825307592,2.44024851144084,2.437312089182528,0.0312735679835233,16.26532494746437
BEN-1997,Benin,BEN,1997,3,1.5756167070246,0.5141550652409609,14.5,21.58240041632101,4.914239726372014,-0.5867026125782995,0.395654415709238,15.670535707361418
BEN-1998,Benin,BEN,1998,3,1.5756167070246,0.4451782963824858,18.5896263122559,21.54229721549669,3.466295905647761,0.5141550652409609,0.303942178232137,15.7000567226563
BEN-1999,Benin,BEN,1999,3,1.5756167070246,0.2506651786093554,19.578254699707,21.62143035200042,5.753314584170641,0.4451782963824858,0.101033020834667,15.730886386257394
BEN-2005,Benin,BEN,2005,3,1.5756167070246,-0.1334241474618052,25.2,22.54624460306029,0.8738908308684998,-0.6184947437208027,0.0,15.914643813926924
BEN-2006,Benin,BEN,2006,3,1.5756167070246,-0.1748720326447884,26.1,22.605422673518795,5.364520858323421,-0.1334241474618052,0.0,15.946849930012956
BEN-2007,Benin,BEN,2007,3,1.5756167070246,1.3027808027685366,27.9,22.67403719627647,3.782176965403747,-0.1748720326447884,0.0,15.978056615196332
BEN-2008,Benin,BEN,2008,3,1.5756167070246,0.4745500871009422,28.0,22.82361826214804,1.298068133341521,1.3027808027685366,0.0,16.00760756731954
BEN-2009,Benin,BEN,2009,3,1.5756167070246,-0.1919410303063592,29.0,23.004395859890906,7.947298760678541,0.4745500871009422,0.0,16.03780350384402
BEN-2010,Benin,BEN,2010,3,1.5756167070246,0.5352226294901153,30.0,22.99936593007864,0.8960723557490692,-0.1919410303063592,0.0,16.067793864863926
BEN-2011,Benin,BEN,2011,3,1.5756167070246,1.1994360661420622,34.2,22.978271259589945,2.207835325365237,0.5352226294901153,0.0,16.097636278051944
BEN-2012,Benin,BEN,2012,3,1.5756167070246,1.6572335378082477,36.9,23.092885212010785,2.7042390774728,1.1994360661420622,0.0,16.127414495337156
BEN-2013,Benin,BEN,2013,3,1.5756167070246,1.7793531954945847,38.4,23.133929977560392,6.744682533407122,1.6572335378082477,0.0,16.157091146444312
BEN-2014,Benin,BEN,2014,3,1.5756167070246,1.8354511619454503,34.7,23.250421073182856,0.4288888888888836,1.7793531954945847,0.0,16.18657965966323
BEN-2015,Benin,BEN,2015,3,1.5756167070246,1.0875708398360455,34.1,23.30986587528636,-0.5487575509481809,1.8354511619454503,0.0,16.216129844538738
BEN-2016,Benin,BEN,2016,3,1.5756167070246,0.9603202169405114,29.6,23.155840143755576,0.2187859235362453,1.0875708398360455,0.0533746520369224,16.245669004666507
BEN-2017,Benin,BEN,2017,3,1.5756167070246,1.2392469313008387,37.0,23.193149018664684,-0.793310145785624,0.9603202169405114,0.0514773561767198,16.27491502379742
BEN-2018,Benin,BEN,2018,3,1.5756167070246,1.114946279772917,34.5,23.264998202852787,0.0432648555103608,1.2392469313008387,0.0874965519938235,16.30372680831075
BEN-2019,Benin,BEN,2019,3,1.5756167070246,1.2037201954292207,39.0,23.380893108006997,0.9191707178860538,1.114946279772917,0.116502415263534,16.33186322484685
BEN-2020,Benin,BEN,2020,3,1.5756167070246,0.9566178893161812,40.0,23.38991653753055,0.7328493712410664,1.2037201954292207,0.09788725913474,16.359217106951007
BEN-2021,Benin,BEN,2021,3,1.5756167070246,1.4238225464861094,41.0,23.476081726610683,3.022721196637592,0.9566178893161812,0.0451182412067022,16.385843092401814
BEN-2022,Benin,BEN,2022,3,1.5756167070246,1.5120180883630476,42.0,23.596130996429256,1.733539626940358,1.4238225464861094,0.0,16.411766107194964
BFA-1994,Burkina Faso,BFA,1994,2,0.0,0.8595183331111841,6.1,21.8862717819576,0.5534557235419172,0.0991761036711403,0.0,16.105184053881064
BFA-1995,Burkina Faso,BFA,1995,2,0.0,0.4016634471070069,6.12501001358032,21.362638034747075,25.17787622499625,0.8595183331111841,0.0,16.13039954663734
BFA-1996,Burkina Faso,BFA,1996,2,0.0,0.5920831865531008,6.62533283233643,21.590163773143075,7.458844978283243,0.4016634471070069,0.0,16.15603891390403
BFA-1997,Burkina Faso,BFA,1997,2,0.0,0.3890918947768514,7.1229362487793,21.67359100894477,6.097804391217415,0.5920831865531008,0.0,16.1816283226489
BFA-1998,Burkina Faso,BFA,1998,2,0.0,0.1564833415687501,7.61713981628418,21.61840202209732,2.318690621766833,0.3890918947768514,0.0,16.207408244782933
BFA-1999,Burkina Faso,BFA,1999,2,0.0,0.2317535736449352,8.10726451873779,21.754634568950564,5.08433344145324,0.1564833415687501,0.0,16.235048564380783
BFA-2000,Burkina Faso,BFA,2000,2,0.0,0.7157584173133199,6.9,21.943967937090445,-1.072613627595337,0.2317535736449352,0.0,16.26435202400847
BFA-2001,Burkina Faso,BFA,2001,2,0.0,0.1951948265353656,9.1,21.811278847401745,-0.3042121684868028,0.7157584173133199,0.0,16.294193463707646
BFA-2002,Burkina Faso,BFA,2002,2,0.0,0.4037560449201297,9.5,21.88340307360712,5.007432908223731,0.1951948265353656,0.0,16.32470339630017
BFA-2003,Burkina Faso,BFA,2003,2,0.0,0.5810477910173155,9.9,22.01038884109148,2.175694806646081,0.4037560449201297,0.0,16.355607324654997
BFA-2004,Burkina Faso,BFA,2004,2,0.0,0.2602428705021106,11.4,22.279465015151427,2.034565740538153,0.5810477910173155,0.0,16.386788539678978
BFA-2005,Burkina Faso,BFA,2005,2,0.0,0.7698240559463044,10.7,22.41919122123424,-0.4002287021154518,0.2602428705021106,0.0,16.41823979818191
BFA-2006,Burkina Faso,BFA,2006,2,0.0,1.0665951574075547,11.1,22.53912476310219,6.415040183696842,0.7698240559463044,0.0,16.449707810801662
BFA-2007,Burkina Faso,BFA,2007,2,0.0,0.2810051020877214,11.6,22.602336888586724,2.333108563722199,1.0665951574075547,0.0,16.480911262347526
BFA-2008,Burkina Faso,BFA,2008,2,0.0,0.3443254068863872,12.0,22.75479295334267,-0.2306273062730493,0.2810051020877214,0.0,16.511239023988956
BFA-2009,Burkina Faso,BFA,2009,2,0.0,0.5683694648629457,12.5,22.969432470737505,10.6597978997424,0.3443254068863872,0.0,16.540620674315917
BFA-2010,Burkina Faso,BFA,2010,2,0.0,0.3755985052531928,12.6,22.969354319049906,2.60817666368314,0.5683694648629457,0.0,16.5698122750222
BFA-2011,Burkina Faso,BFA,2011,2,0.0,1.0100346741919752,13.1,23.03675325717445,-0.764230734676768,0.3755985052531928,0.0,16.599070067936722
BFA-2012,Burkina Faso,BFA,2012,2,0.0,1.6914192281081253,14.8,23.21484153068961,2.759767248545341,1.0100346741919752,0.0,16.62863577397285
BFA-2013,Burkina Faso,BFA,2013,2,0.0,2.0055159394201034,15.1,23.253863819367485,3.818152402523803,1.6914192281081253,0.0,16.65880747967442
BFA-2014,Burkina Faso,BFA,2014,2,0.0,1.6702149375741495,15.4,23.321821097559283,0.5337385070905363,2.0055159394201034,0.0,16.688815841880388
BFA-2015,Burkina Faso,BFA,2015,2,0.0,1.4255693703365144,19.2,23.358244580263676,-0.2580895175352913,1.6702149375741495,0.0,16.718549634425617
BFA-2016,Burkina Faso,BFA,2016,2,0.0,1.8322080742745803,16.2,23.194087027158595,0.7248389810705168,1.4255693703365144,0.0,16.74816926347939
BFA-2017,Burkina Faso,BFA,2017,2,0.0,0.0182360234561208,16.6,23.27531410486832,0.441041448058809,1.8322080742745803,0.0,16.77742008708204
BFA-2018,Burkina Faso,BFA,2018,2,0.0,1.2953313627519325,17.0,23.36993381881877,1.482998971613255,0.0182360234561208,0.0,16.805949245180287
BFA-2019,Burkina Faso,BFA,2019,2,0.0,0.8929779430978201,14.4,23.48895998503124,1.955943026725324,1.2953313627519325,0.0,16.83292061138116
BFA-2020,Burkina Faso,BFA,2020,2,0.0,-0.531849074814423,17.6,23.4979033030996,-3.233389339833215,0.8929779430978201,0.0,16.85821959055728
BFA-2021,Burkina Faso,BFA,2021,2,0.0,-0.395531907160612,18.5,23.59824250363956,1.884700665188471,-0.531849074814423,0.0,16.88257188533831
BFA-2022,Burkina Faso,BFA,2022,2,0.0,1.9918739254201163,19.0,23.703758387857665,3.653267618255089,-0.395531907160612,0.0,16.90633680613375
BGD-1992,Bangladesh,BGD,1992,4,0.207602557921387,0.0117373069048622,14.29,24.15588061461941,6.357364122782342,0.0044914491430346,0.0113715162813764,18.549839804348306
BGD-1993,Bangladesh,BGD,1993,4,0.207602557921387,0.042348995465567,9.90541934967041,24.179862434332787,3.634076917984911,0.0117373069048622,0.0140449207472924,18.56868853481167
BGD-1994,Bangladesh,BGD,1994,4,0.207602557921387,0.0330062377513533,12.7178802490234,24.224806752804533,3.014818599897985,0.042348995465567,0.0123153025022102,18.58731625718057
BGD-1995,Bangladesh,BGD,1995,4,0.207602557921387,0.0049983573753859,17.8,24.24279901653908,5.313740079364979,0.0330062377513533,0.0172049134880783,18.605858052536146
BGD-1996,Bangladesh,BGD,1996,4,0.207602557921387,0.0291308349184739,18.3380451202393,24.35926517965109,10.2978117947206,0.0049983573753859,0.0131964705068302,18.62444060756295
BGD-1997,Bangladesh,BGD,1997,4,0.207602557921387,0.2850217896233902,21.1443862915039,24.56139435130922,2.377129029532233,0.0291308349184739,0.0178010302921139,18.64272112700016
BGD-1998,Bangladesh,BGD,1998,4,0.207602557921387,0.3716231477447796,22.4,24.59954371237612,5.305601056688016,0.2850217896233902,0.0173308738284211,18.66125603579921
BGD-1999,Bangladesh,BGD,1999,4,0.207602557921387,0.3435087490548706,26.7461929321289,24.634979984130077,8.40223795613228,0.3716231477447796,0.0080104572643324,18.68013564956749
BGD-2000,Bangladesh,BGD,2000,4,0.207602557921387,0.5037805529635564,29.5402145385742,24.66038273804064,6.106695898419582,0.3435087490548706,0.0179507388011089,18.69913082743166
BGD-2001,Bangladesh,BGD,2001,4,0.207602557921387,0.1449359403010838,32.0,24.700510642266984,2.208256209375351,0.5037805529635564,0.0353231482134216,18.717404107968648
BGD-2002,Bangladesh,BGD,2002,4,0.207602557921387,0.0954344364560673,35.0,24.712088571340004,2.007173742138401,0.1449359403010838,0.0543710423247111,18.73407304032073
BGD-2003,Bangladesh,BGD,2003,4,0.207602557921387,0.4323634405474181,37.8,24.72556969613975,3.332564932719127,0.0954344364560673,0.0837501114858241,18.74950710378248
BGD-2004,Bangladesh,BGD,2004,4,0.207602557921387,0.6440206411971047,40.5,24.82025571704886,5.668707734414762,0.4323634405474181,0.0708422538942109,18.764060156729165
BGD-2005,Bangladesh,BGD,2005,4,0.207602557921387,0.9970483513585784,40.6,24.899321625644543,7.587536385046896,0.6440206411971047,0.0886657388470392,18.777675635702337
BGD-2006,Bangladesh,BGD,2006,4,0.207602557921387,0.5993337435164897,44.2,24.9642472239921,7.046618162220388,0.9970483513585784,0.0854314760057084,18.79028228724006
BGD-2007,Bangladesh,BGD,2007,4,0.207602557921387,0.7464741096780774,50.5,24.99709092646226,6.765261170547572,0.5993337435164897,0.101110752410513,18.801893964669876
BGD-2008,Bangladesh,BGD,2008,4,0.207602557921387,1.166510103073502,46.5,25.10042621275965,9.106984969053828,0.7464741096780774,0.146631401064833,18.812650389915355
BGD-2009,Bangladesh,BGD,2009,4,0.207602557921387,0.7935644185622461,54.3,25.241100928521064,8.901944894651537,1.166510103073502,0.207602557921387,18.82263479550892
BGD-2010,Bangladesh,BGD,2010,4,0.207602557921387,0.9293101376754422,57.1,25.3528862470487,5.423472361746793,0.7935644185622461,0.0809215445999961,18.83195372036144
BGD-2011,Bangladesh,BGD,2011,4,0.207602557921387,0.8695863146151397,55.3,25.4705910999318,8.126676391699174,0.9293101376754422,0.110401376114165,18.8407190256461
BGD-2012,Bangladesh,BGD,2012,4,0.207602557921387,1.0085926664974512,59.6,25.58003082988286,11.39516515523992,0.8695863146151397,0.148237511200664,18.849804284542497
BGD-2013,Bangladesh,BGD,2013,4,0.207602557921387,1.3185913994002507,65.5,25.61594868807129,6.217504220692839,1.0085926664974512,0.165239328703379,18.85938784360757
BGD-2014,Bangladesh,BGD,2014,4,0.207602557921387,1.1772764665122917,61.5,25.73389418058642,7.530406409131722,1.3185913994002507,0.136547577119521,18.868771927048552
BGD-2015,Bangladesh,BGD,2015,4,0.207602557921387,1.1671484753176562,62.4,25.875901792599237,6.991638892208488,1.1772764665122917,0.0959581611484122,18.87788360432871
BGD-2016,Bangladesh,BGD,2016,4,0.207602557921387,0.7935728268437846,74.0,25.99701695393798,6.194280229849836,1.1671484753176562,0.0516183234195442,18.88682179805005
BGD-2017,Bangladesh,BGD,2017,4,0.207602557921387,0.5827872591407287,75.9,26.30384253320292,5.513525726929953,0.7935728268437846,0.0314940256004778,18.895746122154705
BGD-2018,Bangladesh,BGD,2018,4,0.207602557921387,0.695984069674137,88.0,26.405935144451124,5.702070157172389,0.5827872591407287,0.0460395273977644,18.90425529525891
BGD-2019,Bangladesh,BGD,2019,4,0.207602557921387,0.5195524243886249,86.9,26.49583639194327,5.543621394864763,0.695984069674137,0.0613027609024662,18.912464847186925
BGD-2020,Bangladesh,BGD,2020,4,0.207602557921387,0.3973231217212181,92.2,26.584711827346958,5.591996399306291,0.5195524243886249,0.0401609167939213,18.920928959653363
BGD-2021,Bangladesh,BGD,2021,4,0.207602557921387,0.4031115718692816,96.2,26.647466665906872,5.691074747462114,0.3973231217212181,0.0164788319009585,18.929292067965157
BGD-2022,Bangladesh,BGD,2022,4,0.207602557921387,0.3412954956410096,99.0,26.754603883884577,5.545654307734731,0.4031115718692816,0.0315771885826906,18.93744184785328
BGR-1991,Bulgaria,BGR,1991,0,0.105709691779651,0.6792924095394067,100.0,23.75468400902216,23.80000000000027,0.0192976689568717,0.105709691779651,15.980933675737433
BGR-1992,Bulgaria,BGR,1992,0,0.105709691779651,0.4654119900513925,100.0,22.75519177544805,338.4491114701119,0.6792924095394067,0.0292033619087007,15.971029417078116
BGR-1993,Bulgaria,BGR,1993,0,0.105709691779651,0.3613589041479476,100.0,22.87536218450972,91.29793272693038,0.4654119900513925,0.029445833366527,15.960290886421198
BGR-1994,Bulgaria,BGR,1994,0,0.105709691779651,0.9406018869889567,100.0,23.10577439324953,72.8787913866333,0.3613589041479476,0.0187795648595516,15.952314228843786
BGR-1995,Bulgaria,BGR,1995,0,0.105709691779651,0.4596252948271462,100.0,22.99634283313628,96.0573382686505,0.9406018869889567,0.0271668036563252,15.948918368450435
BGR-1996,Bulgaria,BGR,1996,0,0.105709691779651,0.798796319562391,100.0,23.667304138292263,62.05483368379921,0.4596252948271462,0.0145595594944047,15.944464383974388
BGR-1997,Bulgaria,BGR,1997,0,0.105709691779651,2.2007783167299357,100.0,23.232506411003875,121.60754244925,0.798796319562391,0.0217715233132045,15.939307085793128
BGR-1998,Bulgaria,BGR,1998,0,0.105709691779651,1.985996889804449,100.0,23.149545914509787,1058.373559219733,2.2007783167299357,0.0161313187847838,15.933219112977948
BGR-1999,Bulgaria,BGR,1999,0,0.105709691779651,2.492407132148461,100.0,23.433435243556087,18.67220444206407,1.985996889804449,0.0050276720983797,15.926546086772785
BGR-2000,Bulgaria,BGR,2000,0,0.105709691779651,2.720419186224413,100.0,23.33611073544032,2.573042818902122,2.492407132148461,0.0163645931817806,15.92093960520591
BGR-2001,Bulgaria,BGR,2001,0,0.105709691779651,2.44662084989665,88.1,23.307012003441965,10.31626212899892,2.720419186224413,0.0741391525631751,15.916000641642595
BGR-2002,Bulgaria,BGR,2002,0,0.105709691779651,2.4087233894363105,88.6,23.375392413538982,7.360939272318406,2.44662084989665,0.0192284252329358,15.896094322059644
BGR-2003,Bulgaria,BGR,2003,0,0.105709691779651,2.989804781019927,89.1,23.52078377695386,5.810143657218256,2.4087233894363105,0.0210526231438115,15.87438733699655
BGR-2004,Bulgaria,BGR,2004,0,0.105709691779651,3.15843641863372,89.6,23.77471842561757,2.348641695827577,2.989804781019927,0.0161830349966762,15.866466201634925
BGR-2005,Bulgaria,BGR,2005,0,0.105709691779651,3.3133111819130057,90.1,23.98746214671139,6.147130742462669,3.15843641863372,0.0286550756706803,15.85891823309662
BGR-2006,Bulgaria,BGR,2006,0,0.105709691779651,3.8248785491521975,90.6,24.12012657648464,5.038838071119101,3.3133111819130057,0.037174267548741,15.851388459621122
BGR-2007,Bulgaria,BGR,2007,0,0.105709691779651,4.1346876181748575,91.2,24.260807602799733,7.261594627699469,3.8248785491521975,0.0372114671373268,15.843793401461244
BGR-2008,Bulgaria,BGR,2008,0,0.105709691779651,3.632944801424953,91.7,24.517260015345126,8.402534190058935,4.1346876181748575,0.032067929991172,15.83644057959224
BGR-2009,Bulgaria,BGR,2009,0,0.105709691779651,2.711112940825809,92.3,24.72116308513178,12.34871959940207,3.632944801424953,0.0385928436056197,15.829421353080326
BGR-2010,Bulgaria,BGR,2010,0,0.105709691779651,2.002296624811306,92.9,24.675018297071176,2.753202239148194,2.711112940825809,0.0216533526362494,15.822978540317528
BGR-2011,Bulgaria,BGR,2011,0,0.105709691779651,2.005369463503828,93.5,24.649026945641157,2.438990605041172,2.002296624811306,0.0253291596859351,15.816395786738337
BGR-2012,Bulgaria,BGR,2012,0,0.105709691779651,1.9072509473596104,94.1,24.77824990525837,4.219903466018721,2.005369463503828,0.0367278516384984,15.80998349840301
BGR-2013,Bulgaria,BGR,2013,0,0.105709691779651,1.982932851079118,94.7,24.71778685211438,2.954568298310121,1.9072509473596104,0.0377761581591458,15.80419129322989
BGR-2014,Bulgaria,BGR,2014,0,0.105709691779651,1.4053237465471418,95.3,24.745435969427312,0.8900935409130964,1.982932851079118,0.0340056163950494,15.784021376925304
BGR-2015,Bulgaria,BGR,2015,0,0.105709691779651,2.181983653880152,95.9,24.767786502596053,-1.418183802648398,1.4053237465471418,0.0309655080286577,15.771876285037104
BGR-2016,Bulgaria,BGR,2016,0,0.105709691779651,1.7396280185316286,96.6,24.65054216025545,-0.1046332610084791,2.181983653880152,0.0148484893305972,15.75916473565728
BGR-2017,Bulgaria,BGR,2017,0,0.105709691779651,1.935725033388636,97.3,24.71099265194369,-0.7986498864536171,1.7396280185316286,0.0107367793608996,15.746182333366534
BGR-2018,Bulgaria,BGR,2018,0,0.105709691779651,1.7321819252147606,98.1,24.80369183457932,2.061596194431414,1.935725033388636,0.0150539945411986,15.732943187124386
BGR-2019,Bulgaria,BGR,2019,0,0.105709691779651,1.8923665948189097,98.7,24.91444376194127,2.81454473824838,1.7321819252147606,0.0215683047004454,15.719228577864842
BGR-2020,Bulgaria,BGR,2020,0,0.105709691779651,2.088421320172488,99.2,24.9502635900856,3.103729447967714,1.8923665948189097,0.0184983412131835,15.7051113947757
BGR-2021,Bulgaria,BGR,2021,0,0.105709691779651,1.6578420343179452,99.7,24.978743475077465,1.672440968557562,2.088421320172488,0.0096733360627292,15.695082014163797
BGR-2022,Bulgaria,BGR,2022,0,0.105709691779651,2.359640858852448,99.8,25.158583515999396,3.297744352995063,1.6578420343179452,0.0193926462885907,15.688435488956925
BHR-1991,Bahrain,BHR,1991,0,37.0437374677071,3.1631071357558795,99.9413986206055,22.29386125400825,0.9293354374890926,1.4016202252609726,37.0437374677071,13.151529869692675
BHR-1992,Bahrain,BHR,1992,0,37.0437374677071,3.471617727398005,99.9673919677734,22.381286496080957,0.7644197359276086,3.1631071357558795,20.4853120745387,13.12845081132432
BHR-1993,Bahrain,BHR,1993,0,37.0437374677071,-2.241542532965602,99.9871826171875,22.41007812134452,-0.1724137931033124,3.471617727398005,20.7616769769703,13.15475118394573
BHR-1994,Bahrain,BHR,1994,0,37.0437374677071,1.90621849367958,99.9971389770508,22.50041933386792,2.538860103626954,-2.241542532965602,17.9580307941121,13.181058609733563
BHR-1995,Bahrain,BHR,1995,0,37.0437374677071,2.5668288784604267,99.9997711181641,22.568665266686903,0.8169108977597781,1.90621849367958,14.682952911195,13.207378930728911
BHR-1996,Bahrain,BHR,1996,0,37.0437374677071,4.078504407466115,100.0,22.6180602475891,2.704034750647041,2.5668288784604267,15.2459702602519,13.23369006004066
BHR-1997,Bahrain,BHR,1997,0,37.0437374677071,2.22251641109654,100.0,22.66030342041977,-0.4522273825303477,4.078504407466115,18.4494024419669,13.260023983082386
BHR-1998,Bahrain,BHR,1998,0,37.0437374677071,1.666452137975676,100.0,22.70003875238173,2.431551339559264,2.22251641109654,16.418731399958,13.28637838721564
BHR-1999,Bahrain,BHR,1999,0,37.0437374677071,2.496202418465739,100.0,22.67363873362119,-0.366533864541774,1.666452137975676,10.6376958646887,13.312724199203725
BHR-2000,Bahrain,BHR,2000,0,37.0437374677071,2.097508965410363,100.0,22.74195755794866,-1.287587971849095,2.496202418465739,14.7940799756461,13.339070257726378
BHR-2001,Bahrain,BHR,2001,0,37.0437374677071,0.8053276047706855,100.0,22.927454876811588,-0.7048529530907899,2.097508965410363,18.711078045797,13.365439743618376
BHR-2002,Bahrain,BHR,2002,0,37.0437374677071,1.554943540965077,100.0,22.91784211167963,-1.207571801566593,0.8053276047706855,15.0074471454831,13.40198858027321
BHR-2003,Bahrain,BHR,2003,0,37.0437374677071,2.244643711395203,100.0,22.9843527317729,-0.4955401387511543,1.554943540965077,14.4906538546743,13.473800226446144
BHR-2004,Bahrain,BHR,2004,0,37.0437374677071,2.5829382547798057,100.0,23.127939342875127,1.593625498007866,2.244643711395203,14.9880274040125,13.547000848874603
BHR-2005,Bahrain,BHR,2005,0,37.0437374677071,2.5808905021654995,100.0,23.29969973051314,2.352941176470619,2.5829382547798057,16.6530213443367,13.621612653067324
BHR-2006,Bahrain,BHR,2006,0,37.0437374677071,3.451048645557633,100.0,23.49389785892468,2.586206896551728,2.5808905021654995,20.0931217396654,13.697653394560495
BHR-2007,Bahrain,BHR,2007,0,37.0437374677071,2.7866452148460468,100.0,23.641293867780465,2.00746965452849,3.451048645557633,20.3670614713082,13.77513117381093
BHR-2008,Bahrain,BHR,2008,0,37.0437374677071,2.640944799658405,100.0,23.801959631260768,3.256666666667031,2.7866452148460468,18.9906048191926,13.85405411882476
BHR-2009,Bahrain,BHR,2009,0,37.0437374677071,0.9644347558345616,100.0,23.97018102899113,3.526003163637211,2.640944799658405,21.6815768768211,13.913994786052667
BHR-2010,Bahrain,BHR,2010,0,37.0437374677071,0.5525555001556877,100.0,23.856070268477445,2.795512835504117,0.9644347558345616,14.4351176966592,13.9796817217709
BHR-2011,Bahrain,BHR,2011,0,37.0437374677071,1.6874200902110423,100.0,24.011890984746,1.96188468334623,0.5525555001556877,17.3156329535965,14.021340286337807
BHR-2012,Bahrain,BHR,2012,0,37.0437374677071,2.279079704403235,100.0,24.121615195239563,-0.40004069748808,1.6874200902110423,23.3980559518896,13.9936743164151
BHR-2013,Bahrain,BHR,2013,0,37.0437374677071,3.0950134503955726,100.0,24.18785746832721,2.757396699629792,2.279079704403235,20.0940234657871,14.005275179632806
BHR-2014,Bahrain,BHR,2014,0,37.0437374677071,2.1801467583083225,100.0,24.244416474494315,3.300011568884423,3.0950134503955726,20.8660137007827,14.041204454381962
BHR-2015,Bahrain,BHR,2015,0,37.0437374677071,0.1982288571259699,100.0,24.272093446323968,2.647553212461889,2.1801467583083225,18.8709266924557,14.089014848972042
BHR-2016,Bahrain,BHR,2016,0,37.0437374677071,0.667491953549401,100.0,24.20522252710364,1.848627423749767,0.1982288571259699,9.82474436918962,14.13055703643913
BHR-2017,Bahrain,BHR,2017,0,37.0437374677071,2.0533948063602008,100.0,24.246228856929232,2.786793476020443,0.667491953549401,7.62960432748572,14.168788639091533
BHR-2018,Bahrain,BHR,2018,0,37.0437374677071,2.1376535394226086,100.0,24.33970399390695,1.386718305764061,2.0533948063602008,8.93795259727704,14.221720055612453
BHR-2019,Bahrain,BHR,2019,0,37.0437374677071,1.5815359625266954,100.0,24.401286010028304,2.08766938046978,2.1376535394226086,11.3900811220261,14.22303487777331
BHR-2020,Bahrain,BHR,2020,0,37.0437374677071,1.7698252168459967,100.0,24.423253577749502,1.005820047021369,1.5815359625266954,9.8481886760226,14.210087942670793
BHR-2021,Bahrain,BHR,2021,0,37.0437374677071,2.1777638339990277,100.0,24.302264378779597,-2.317706293313787,1.7698252168459967,6.69558923237194,14.202271834878657
BHR-2022,Bahrain,BHR,2022,0,37.0437374677071,2.142154655951811,100.0,24.432933039998098,-0.6063193851408502,2.1777638339990277,10.9376756365994,14.223882104950684
BHS-1991,"Bahamas, The",BHS,1991,1,0.0,-0.0417729078176373,100.0,21.875734798721087,4.669319120186763,-0.5140189382047841,0.0,12.52796047338299
BHS-1992,"Bahamas, The",BHS,1992,1,0.0,0.0096492552153187,100.0,21.858261484269065,7.114681202036279,-0.0417729078176373,0.0,12.54515575656489
BHS-1993,"Bahamas, The",BHS,1993,1,0.0,0.7961202004962868,100.0,21.857566968344678,5.738198861734471,0.0096492552153187,0.0,12.56349530985633
BHS-1994,"Bahamas, The",BHS,1994,1,0.0,0.6723375753518143,100.0,21.852083967995004,2.722897669705908,0.7961202004962868,0.0,12.58224624900294
BHS-1995,"Bahamas, The",BHS,1995,1,0.0,1.854970776633992,100.0,21.90468623710868,1.399334237455483,0.6723375753518143,0.0,12.599836223663996
BHS-1996,"Bahamas, The",BHS,1996,1,0.0,1.6219829737455684,100.0,21.955534510718824,2.066994954100418,1.854970776633992,0.0,12.616399250721866
BHS-1997,"Bahamas, The",BHS,1997,1,0.0,1.9139902232647956,100.0,22.006696562884148,1.379137412236664,1.6219829737455684,0.0,12.632219079732948
BHS-1998,"Bahamas, The",BHS,1998,1,0.0,1.508685446117169,100.0,22.568938831581505,0.5441503833786876,1.9139902232647956,0.0,12.647242678259117
BHS-1999,"Bahamas, The",BHS,1999,1,0.0,1.4178641166581172,100.0,22.645061849065616,1.336613366133708,1.508685446117169,0.0,12.661498660792107
BHS-2000,"Bahamas, The",BHS,2000,1,0.0,1.8491452688056376,100.0,22.762389163568017,1.254248260236301,1.4178641166581172,0.0,12.67487242543999
BHS-2001,"Bahamas, The",BHS,2001,1,0.0,1.0354980988290865,100.0,22.81222073295472,1.606329417405789,1.8491452688056376,0.0,12.687992493786243
BHS-2002,"Bahamas, The",BHS,2002,1,0.0,1.3111094019576686,100.0,22.84166724057331,2.044989775051206,1.0354980988290865,0.0,12.700271812625587
BHS-2003,"Bahamas, The",BHS,2003,1,0.0,1.5063604011026184,100.0,22.90719801616228,2.17357792508093,1.3111094019576686,0.0,12.711729936443357
BHS-2004,"Bahamas, The",BHS,2004,1,0.0,1.8252041312605265,100.0,22.90595077989061,3.02504526252236,1.5063604011026184,0.0,12.723731866990496
BHS-2005,"Bahamas, The",BHS,2005,1,0.0,2.4460426410896408,100.0,22.92661495438408,0.981914036757662,1.8252041312605265,0.0,12.73606245753938
BHS-2006,"Bahamas, The",BHS,2006,1,0.0,2.6366831628324148,100.0,23.00933529466419,1.591606180798021,2.4460426410896408,0.0,12.748091657204457
BHS-2007,"Bahamas, The",BHS,2007,1,0.0,2.603445321811252,100.0,23.042437607393204,2.389826274392541,2.6366831628324148,0.0,12.761037635250169
BHS-2008,"Bahamas, The",BHS,2008,1,0.0,2.7975506423494987,100.0,23.08584853178565,2.492577949393963,2.603445321811252,0.0,12.775171894390148
BHS-2009,"Bahamas, The",BHS,2009,1,0.0,2.593607742922045,100.0,23.077114223973,4.489559953750598,2.7975506423494987,0.0,12.788626197104296
BHS-2010,"Bahamas, The",BHS,2010,1,0.0,2.852536163655116,100.0,23.024045300873,2.062734734526817,2.593607742922045,0.0,12.801637316498876
BHS-2011,"Bahamas, The",BHS,2011,1,0.0,2.5888354641579223,100.0,23.03538137077096,1.344027383928359,2.852536163655116,0.0,12.81442145314517
BHS-2012,"Bahamas, The",BHS,2012,1,0.0,2.294259819733749,100.0,23.03287122996741,3.1987814166032,2.5888354641579223,0.0,12.825923063278648
BHS-2013,"Bahamas, The",BHS,2013,1,0.0,2.0058890702477203,100.0,23.09541430541905,1.97336755976254,2.294259819733749,0.0,12.835933853519307
BHS-2014,"Bahamas, The",BHS,2014,1,0.0,1.5525168891813286,100.0,23.07228594205811,0.7224147845305513,2.0058890702477203,0.0,12.84517010466672
BHS-2015,"Bahamas, The",BHS,2015,1,0.0,0.6050626968552877,100.0,23.133727278325495,1.513756430508313,1.5525168891813286,0.0,12.853958303934288
BHS-2016,"Bahamas, The",BHS,2016,1,0.0,1.905190472710692,100.0,23.19454674323708,1.86148302863371,0.6050626968552877,0.0,12.861899506045434
BHS-2017,"Bahamas, The",BHS,2017,1,0.0,1.6274017910907523,100.0,23.19819790567137,-0.3463769299893969,1.905190472710692,0.0,12.86890493808776
BHS-2018,"Bahamas, The",BHS,2018,1,0.0,2.0534806832601484,100.0,23.244737432948888,1.518207007361473,1.6274017910907523,0.0,12.875147396146728
BHS-2019,"Bahamas, The",BHS,2019,1,0.0,2.001382543174114,100.0,23.274209884073727,2.265863466787356,2.0534806832601484,0.0,12.880847076032063
BHS-2020,"Bahamas, The",BHS,2020,1,0.0,2.140647815687269,100.0,23.309299051935493,2.491235273680459,2.001382543174114,0.0,12.885820454127002
BHS-2021,"Bahamas, The",BHS,2021,1,0.0,1.8745989850285687,100.0,23.061526906489423,0.0385210980054557,2.140647815687269,0.0,12.888825996906103
BHS-2022,"Bahamas, The",BHS,2022,1,0.0,2.050207976304286,100.0,23.21125107642709,2.904912629284783,1.8745989850285687,0.0,12.890113488974016
BIH-2007,Bosnia and Herzegovina,BIH,2007,4,0.0,3.152320601909957,99.4,23.277763993988547,6.125566156202847,2.582271479391674,0.0,15.21749936444285
BIH-2008,Bosnia and Herzegovina,BIH,2008,4,0.0,2.3617243866617867,99.7,23.48192893782757,1.500777106115417,3.152320601909957,0.0,15.20515554944756
BIH-2009,Bosnia and Herzegovina,BIH,2009,4,0.0,0.72199052804849,99.3,23.673623927982664,7.427043103329526,2.3617243866617867,0.0,15.188604424666972
BIH-2010,Bosnia and Herzegovina,BIH,2010,4,0.0,1.6779928714525585,99.4,23.591956987137547,-0.3814642824530569,0.72199052804849,0.0,15.171292875152089
BIH-2011,Bosnia and Herzegovina,BIH,2011,4,0.0,1.6581418585688614,99.5,23.56679728374941,1.996212367458867,1.6779928714525585,0.0,15.15352628656011
BIH-2012,Bosnia and Herzegovina,BIH,2012,4,0.0,1.5604250471665675,99.7,23.64880274155896,3.67125,1.6581418585688614,0.0,15.135077069782364
BIH-2013,Bosnia and Herzegovina,BIH,2013,4,0.0,1.3126139951187463,99.7,23.56972843232024,2.05267452001717,1.5604250471665675,0.0,15.11573328221862
BIH-2014,Bosnia and Herzegovina,BIH,2014,4,0.0,1.7979797892027676,99.5,23.623538926166862,-0.0930456838317588,1.3126139951187463,0.0,15.099456529084296
BIH-2015,Bosnia and Herzegovina,BIH,2015,4,0.0,1.5842607235892676,99.9,23.644206356598406,-0.8971940541943332,1.7979797892027676,0.0,15.086626924859026
BIH-2016,Bosnia and Herzegovina,BIH,2016,4,0.0,1.3648013602769715,99.7,23.52081228066214,-1.036023034254743,1.5842607235892676,0.0,15.073557257222427
BIH-2017,Bosnia and Herzegovina,BIH,2017,4,0.0,1.746399281746929,100.0,23.563333667878474,-1.584008333333358,1.3648013602769715,0.0,15.060530483467558
BIH-2018,Bosnia and Herzegovina,BIH,2018,4,0.0,1.798595578768951,100.0,23.63160701433256,0.810039425333895,1.746399281746929,0.0,15.047686780394104
BIH-2019,Bosnia and Herzegovina,BIH,2019,4,0.0,1.52410721698984,100.0,23.742912763686345,1.417108140180337,1.798595578768951,0.0,15.035455427046395
BIH-2020,Bosnia and Herzegovina,BIH,2020,4,0.0,1.6053495440268175,100.0,23.74284202086596,0.56278215406123,1.52410721698984,0.0,15.023136880058765
BIH-2021,Bosnia and Herzegovina,BIH,2021,4,0.0,1.8924076327363668,100.0,23.730236639533217,-1.051296007634898,1.6053495440268175,0.0,15.00923603733866
BIH-2022,Bosnia and Herzegovina,BIH,2022,4,0.0,2.042039397830969,100.0,23.88758883448585,1.98163900587622,1.8924076327363668,0.0,14.992597556408716
BLR-1994,Belarus,BLR,1994,1,1.78844487580508,0.0702636089889304,100.0,23.51290054287919,1190.22923349187,0.1079311596204254,0.683699221725561,16.14171949749972
BLR-1995,Belarus,BLR,1995,1,1.78844487580508,0.1050121649681239,100.0,23.426734574692908,2221.016569920392,0.0702636089889304,0.662921666065701,16.140537537441944
BLR-1996,Belarus,BLR,1996,1,1.78844487580508,0.6695161727391452,100.0,23.36037006582791,709.3460321186064,0.1050121649681239,0.764551766430683,16.137293389463803
BLR-1997,Belarus,BLR,1997,1,1.78844487580508,1.6429900709372762,100.0,23.39744465976777,52.71207675319539,0.6695161727391452,0.962363803239676,16.133926676384327
BLR-1998,Belarus,BLR,1998,1,1.78844487580508,1.0995572643861966,100.0,23.371453399324352,63.93736633574796,1.6429900709372762,0.782137211300665,16.129770632360252
BLR-1999,Belarus,BLR,1999,1,1.78844487580508,2.008187988344117,100.0,23.446008418575733,72.8697170535353,1.0995572643861966,0.225994396151491,16.125266280434644
BLR-2000,Belarus,BLR,2000,1,1.78844487580508,0.8329950496763332,100.0,23.219646947015335,293.6787508897726,2.008187988344117,0.852060708251057,16.120765982447526
BLR-2001,Belarus,BLR,2001,1,1.78844487580508,0.7133480716143141,89.0,23.267765739930653,168.6202358509334,0.8329950496763332,1.78844487580508,16.116054669572076
BLR-2002,Belarus,BLR,2002,1,1.78844487580508,1.2972948641389055,89.5,23.237312119007445,61.1349331618477,0.7133480716143141,1.34865249857526,16.110925003203995
BLR-2003,Belarus,BLR,2003,1,1.78844487580508,0.855536679218292,90.0,23.4039380543686,42.53754813487939,1.2972948641389055,1.17776447049082,16.104559347182825
BLR-2004,Belarus,BLR,2004,1,1.78844487580508,0.6590589532317399,90.5,23.603892752472017,28.39783991334737,0.855536679218292,1.13171633278447,16.09756125598547
BLR-2005,Belarus,BLR,2005,1,1.78844487580508,0.8918651674493863,91.0,23.864896244145783,18.10824249376463,0.6590589532317399,1.1746798782904,16.090739561961733
BLR-2006,Belarus,BLR,2006,1,1.78844487580508,0.8572200554225234,91.5,24.131441872321485,10.33887944579323,0.8918651674493863,1.28297270844558,16.083909507065975
BLR-2007,Belarus,BLR,2007,1,1.78844487580508,2.0927133155600712,92.1,24.33315333463448,6.997129035355908,0.8572200554225234,1.21065194701197,16.0777865457212
BLR-2008,Belarus,BLR,2008,1,1.78844487580508,1.993198790820727,92.6,24.536036566640277,8.426752735053059,2.0927133155600712,1.09295340297526,16.073198070843794
BLR-2009,Belarus,BLR,2009,1,1.78844487580508,2.016278080481249,93.2,24.83006759096313,14.83787648282536,1.993198790820727,1.1998245861583,16.06974392066271
BLR-2010,Belarus,BLR,2010,1,1.78844487580508,1.6226857534945534,93.8,24.65260145700463,12.94565634104023,2.016278080481249,0.730286719935005,16.067284766508173
BLR-2011,Belarus,BLR,2011,1,1.78844487580508,2.567817755075389,94.4,24.770377351581395,7.735748043125154,1.6226857534945534,0.772806204282758,16.065099539178743
BLR-2012,Belarus,BLR,2012,1,1.78844487580508,1.5412600362825968,95.0,24.846560315897797,53.2286983118172,2.567817755075389,1.17084554095057,16.06275671028449
BLR-2013,Belarus,BLR,2013,1,1.78844487580508,1.8101545017235536,95.6,24.908149981989627,59.21973602325191,1.5412600362825968,1.04464650090861,16.061190534447658
BLR-2014,Belarus,BLR,2014,1,1.78844487580508,1.5949384369259825,96.2,25.04776344603439,18.31226103778727,1.8101545017235536,0.832270804096301,16.060806734485627
BLR-2015,Belarus,BLR,2015,1,1.78844487580508,1.7950304316231405,96.8,25.090344671860365,18.11955435267339,1.5949384369259825,0.734771849347757,16.06136825010128
BLR-2016,Belarus,BLR,2016,1,1.78844487580508,1.688312675904991,97.4,24.756705620797284,13.53448976497342,1.7950304316231405,0.439126030844868,16.062696782328022
BLR-2017,Belarus,BLR,2017,1,1.78844487580508,1.5830382151687017,98.0,24.58869072568005,11.83658076534969,1.688312675904991,0.386692377932086,16.06357399311405
BLR-2018,Belarus,BLR,2018,1,1.78844487580508,1.6002728129648325,98.7,24.725593894711697,6.031837251777954,1.5830382151687017,0.509192771843037,16.062476170000544
BLR-2019,Belarus,BLR,2019,1,1.78844487580508,1.4332395709144978,99.3,24.81812737513441,4.872302205506857,1.6002728129648325,0.81482381135107,16.060337928156862
BLR-2020,Belarus,BLR,2020,1,1.78844487580508,1.5582921068280406,100.0,24.888537387004213,5.598155950398481,1.4332395709144978,0.652174604477283,16.058320062361155
BLR-2021,Belarus,BLR,2021,1,1.78844487580508,1.334009205864946,100.0,24.84021421948608,5.548143574565193,1.5582921068280406,0.36508491305747,16.054085310308874
BLR-2022,Belarus,BLR,2022,1,1.78844487580508,1.5202894524093926,100.0,24.96708942856495,9.460283896230989,1.334009205864946,0.81410582144289,16.045802983986842
BLZ-1992,Belize,BLZ,1992,4,5.39177359139515,1.5469908658293343,67.0,20.20689503539417,0.7619515008068796,1.561981742638807,0.0,12.13908312314156
BLZ-1993,Belize,BLZ,1993,4,5.39177359139515,1.030607736532893,72.2249145507813,20.36048823964045,2.396700730251883,1.5469908658293343,0.0,12.159944933886388
BLZ-1994,Belize,BLZ,1994,4,5.39177359139515,1.439731531926587,73.1233291625977,20.438586120908614,1.472596946936799,1.030607736532893,0.0,12.180257277886168
BLZ-1995,Belize,BLZ,1995,4,5.39177359139515,1.67346096565916,74.0203857421875,20.464285242704623,2.56934304644295,1.439731531926587,0.0,12.201552444798418
BLZ-1996,Belize,BLZ,1996,4,5.39177359139515,1.4209620196358297,74.915397644043,20.52309421259422,2.889615843721514,1.67346096565916,0.0,12.2265956015626
BLZ-1997,Belize,BLZ,1997,4,5.39177359139515,1.1201535099576103,75.8076934814453,20.56114577024524,5.965020975372424,1.4209620196358297,0.0,12.256342666552063
BLZ-1998,Belize,BLZ,1998,4,5.39177359139515,1.3979034619451702,76.6965866088867,20.587349947668034,1.149037567605397,1.1201535099576103,0.0,12.28971042165561
BLZ-1999,Belize,BLZ,1999,4,5.39177359139515,2.469983717996456,77.5814056396484,20.6496698886092,2.1952625003759,1.3979034619451702,0.0,12.32462871565174
BLZ-2000,Belize,BLZ,2000,4,5.39177359139515,1.6828931364180597,78.4613800048828,20.72297884676867,2.621395245827462,2.469983717996456,0.0,12.359051210127255
BLZ-2001,Belize,BLZ,2001,4,5.39177359139515,2.354601476934554,79.0,20.852659519417788,3.067439669305853,1.6828931364180597,0.0,12.391721992416803
BLZ-2002,Belize,BLZ,2002,4,5.39177359139515,1.4643989920621587,80.2,20.8820160521032,3.651417865615023,2.354601476934554,0.0,12.422715110502024
BLZ-2003,Belize,BLZ,2003,4,5.39177359139515,-0.75980210314514,81.0,20.941527130211085,4.240266606886452,1.4643989920621587,0.0,12.45297178519878
BLZ-2004,Belize,BLZ,2004,4,5.39177359139515,2.7718554382888163,81.8,20.991979326205517,2.318082746631012,-0.75980210314514,0.0,12.482874492410676
BLZ-2005,Belize,BLZ,2005,4,5.39177359139515,2.849202889897027,82.6,21.05988234958791,6.394430997423989,2.7718554382888163,0.0,12.512413308764906
BLZ-2006,Belize,BLZ,2006,4,5.39177359139515,2.621607760861934,83.5,21.111448053236945,-1.104310444119097,2.849202889897027,0.0302356662908637,12.541587280940522
BLZ-2007,Belize,BLZ,2007,4,5.39177359139515,2.8042805058144653,91.0,21.1872910692616,-7.113767712650139,2.621607760861934,2.1564696584244,12.570295531946122
BLZ-2008,Belize,BLZ,2008,4,5.39177359139515,2.97402667327423,85.2,21.257528915775687,2.318082746420205,2.8042805058144653,2.82529999150958,12.5984558913214
BLZ-2009,Belize,BLZ,2009,4,5.39177359139515,2.5628496311976567,86.1,21.276261819956236,6.394431002500336,2.97402667327423,4.54726478814353,12.625973061434594
BLZ-2010,Belize,BLZ,2010,4,5.39177359139515,2.4086691633995776,86.9,21.2468177870016,-1.104310448643554,2.5628496311976567,2.97041788271908,12.6527276804632
BLZ-2011,Belize,BLZ,2011,4,5.39177359139515,2.3520235908819687,89.9,21.28230340117129,0.9179773788088876,2.4086691633995776,3.81365912702217,12.676844729438978
BLZ-2012,Belize,BLZ,2012,4,5.39177359139515,3.0110802466133504,91.7,21.32844301809413,1.602056156402,2.3520235908819687,5.39177359139515,12.698629405183658
BLZ-2013,Belize,BLZ,2013,4,5.39177359139515,2.216402149588962,90.9,21.374070858225085,1.300580745478581,3.0110802466133504,3.61620294980385,12.720138015645992
BLZ-2014,Belize,BLZ,2014,4,5.39177359139515,2.585718389354023,91.1,21.433855730531285,0.5097477689832204,2.216402149588962,2.37815923726399,12.74147770475054
BLZ-2015,Belize,BLZ,2015,4,5.39177359139515,1.717556685759014,91.5,21.483249927043325,1.201399644810576,2.585718389354023,1.66821698471204,12.762609412427334
BLZ-2016,Belize,BLZ,2016,4,5.39177359139515,1.1732557168695494,91.8,21.5085796939498,-0.8615840094277477,1.717556685759014,0.50187422826991,12.783623772244711
BLZ-2017,Belize,BLZ,2017,4,5.39177359139515,1.1407291745801604,93.3,21.52956532609919,0.6634271679176011,1.1732557168695494,0.324173047828252,12.806846828539696
BLZ-2018,Belize,BLZ,2018,4,5.39177359139515,2.3768157424984278,94.2,21.541294466817845,1.14765339305816,1.1407291745801604,0.383066806127611,12.829877786508224
BLZ-2019,Belize,BLZ,2019,4,5.39177359139515,2.081001006824829,91.7,21.55003224108613,0.2699826226463354,2.3768157424984278,0.502364606863084,12.84852372177013
BLZ-2020,Belize,BLZ,2020,4,5.39177359139515,2.025021316831509,92.7,21.590865297181107,0.1870693851814241,2.081001006824829,0.336504088611723,12.863152136928242
BLZ-2021,Belize,BLZ,2021,4,5.39177359139515,2.34474821576118,96.8,21.43978016718069,0.1214346446148936,2.025021316831509,0.135640326595164,12.87598446369473
BLZ-2022,Belize,BLZ,2022,4,5.39177359139515,2.302592413105722,97.7,21.61058337049157,3.235636592370709,2.34474821576118,0.280281956428533,12.887519139257307
BOL-1993,Bolivia,BOL,1993,3,7.33080300030145,1.512473196693194,60.0279006958008,22.453835615826268,12.06032360182898,1.2749701788824306,1.42097317088114,15.82108177232754
BOL-1994,Bolivia,BOL,1994,3,7.33080300030145,1.5200232651330587,61.3840293884277,22.469801186826054,8.527876956880027,1.512473196693194,1.3937400044077,15.8409176833913
BOL-1995,Bolivia,BOL,1995,3,7.33080300030145,2.4664714847199893,64.1,22.511890875613304,7.874044214674342,1.5200232651330587,1.32063764470926,15.86027304751741
BOL-1996,Bolivia,BOL,1996,3,7.33080300030145,2.5569435371195626,64.0915298461914,22.62763375199665,10.19320676307455,2.4664714847199893,1.67539093460871,15.87916272596178
BOL-1997,Bolivia,BOL,1997,3,7.33080300030145,2.9172421295194915,71.0,22.724333472058824,12.4254866180049,2.5569435371195626,2.08266621438735,15.897665539933016
BOL-1998,Bolivia,BOL,1998,3,7.33080300030145,3.108512749256567,67.330431,22.793381126829583,4.708444360281928,2.9172421295194915,1.64557088716868,15.915722518283058
BOL-1999,Bolivia,BOL,1999,3,7.33080300030145,3.1959845553905986,71.2,22.86303721030521,7.673228956750834,3.108512749256567,1.24033297671521,15.93337862732327
BOL-2000,Bolivia,BOL,2000,3,7.33080300030145,2.867527199531708,70.929888,22.837720265171672,2.159516268355976,3.1959845553905986,1.83148099301924,15.950836918083407
BOL-2001,Bolivia,BOL,2001,3,7.33080300030145,2.856165571431789,70.0,22.851242210888056,4.60822998872598,2.867527199531708,3.20071915897547,15.96800818840528
BOL-2002,Bolivia,BOL,2002,3,7.33080300030145,2.8433974575356933,69.3,22.820242354561447,1.589653778795676,2.856165571431789,2.70191454521148,15.984877009422076
BOL-2003,Bolivia,BOL,2003,3,7.33080300030145,1.6256027461855689,64.0,22.790822677950267,0.9282588516110698,2.8433974575356933,3.20143436722118,16.001601833902388
BOL-2004,Bolivia,BOL,2004,3,7.33080300030145,0.6897618358126495,72.3,22.81295465060376,3.337274996715339,1.6256027461855689,3.57840976144804,16.018352771239886
BOL-2005,Bolivia,BOL,2005,3,7.33080300030145,-1.6468107412450232,75.9,22.894996152271084,4.437380801017246,0.6897618358126495,5.08868092656529,16.035180020391003
BOL-2006,Bolivia,BOL,2006,3,7.33080300030145,1.6291373554092567,68.3,22.979715144952024,5.39323106890663,-1.6468107412450232,7.33080300030145,16.0520365075939
BOL-2007,Bolivia,BOL,2007,3,7.33080300030145,1.7504855164792064,76.2,23.16141668088601,4.282396048025615,1.6291373554092567,6.90511113358437,16.069082912020964
BOL-2008,Bolivia,BOL,2008,3,7.33080300030145,1.841161286881559,80.2,23.297411852848263,8.70560923578869,1.7504855164792064,4.87482833139779,16.086188075507305
BOL-2009,Bolivia,BOL,2009,3,7.33080300030145,1.6245921626911497,84.7,23.53713302672052,14.00681077025194,1.841161286881559,5.13358898631882,16.10306921746769
BOL-2010,Bolivia,BOL,2010,3,7.33080300030145,1.8695007581999392,86.8,23.57628135816792,3.346454201420136,1.6245921626911497,1.99901854108232,16.119721927852904
BOL-2011,Bolivia,BOL,2011,3,7.33080300030145,1.9886581506018663,88.0,23.70132911526988,2.503276058442407,1.8695007581999392,2.81120414194023,16.136165994403104
BOL-2012,Bolivia,BOL,2012,3,7.33080300030145,2.0735292878243343,88.3,23.89978368400876,9.884464198238833,1.9886581506018663,3.57882129837961,16.15239369068889
BOL-2013,Bolivia,BOL,2013,3,7.33080300030145,2.4423643615828525,90.4,24.022227352548743,4.515602913993759,2.0735292878243343,3.58582706729094,16.168390206772496
BOL-2014,Bolivia,BOL,2014,3,7.33080300030145,1.4390757302226054,89.5,24.14620314742677,5.736400237196069,2.4423643615828525,3.31838837807072,16.184127650052286
BOL-2015,Bolivia,BOL,2015,3,7.33080300030145,1.2910077336976278,90.0,24.2196578771456,5.766600745791436,1.4390757302226054,3.03332355757079,16.199573236394517
BOL-2016,Bolivia,BOL,2016,3,7.33080300030145,0.872919813267392,91.5,24.219779405968016,4.059610411356446,1.2910077336976278,1.14024731448316,16.214741846986296
BOL-2017,Bolivia,BOL,2017,3,7.33080300030145,1.2228886495000555,91.8,24.247893278138395,3.623214317641381,0.872919813267392,0.788114698375915,16.229638904043668
BOL-2018,Bolivia,BOL,2018,3,7.33080300030145,0.5897601239880166,91.8,24.550328587938623,2.822758055471704,1.2228886495000555,1.02986757658124,16.24425135997914
BOL-2019,Bolivia,BOL,2019,3,7.33080300030145,-0.4283825701892412,92.8,24.603055667355083,2.272059872301549,0.5897601239880166,1.4498952900262,16.258585067790193
BOL-2020,Bolivia,BOL,2020,3,7.33080300030145,-1.708340165398858,95.1,24.61624145904587,1.839545049690259,-0.4283825701892412,1.0303191682966,16.27265084895707
BOL-2021,Bolivia,BOL,2021,3,7.33080300030145,1.0280070680438784,97.2,24.46837873473992,0.9407421533818492,-1.708340165398858,0.497346305966912,16.28499049217369
BOL-2022,Bolivia,BOL,2022,3,7.33080300030145,0.0122388868477758,98.6,24.591919698357312,0.7373837214522746,1.0280070680438784,1.26335187425347,16.295183619724273
BRA-1991,Brazil,BRA,1991,2,2.44556560201409,0.3166914533132359,87.475116,26.67640479743112,2947.732772482995,0.2541645876866024,1.03088670277662,18.820417637118634
BRA-1992,Brazil,BRA,1992,2,2.44556560201409,0.5926743034662725,90.6065444946289,26.55963702519928,432.7866619264613,0.3166914533132359,0.635770130186733,18.837575332656574
BRA-1993,Brazil,BRA,1993,2,2.44556560201409,0.3439846294547211,88.803833,26.516864365338904,951.962053052818,0.5926743034662725,0.721680504993654,18.8542478007258
BRA-1994,Brazil,BRA,1994,2,2.44556560201409,0.5556881255713514,89.999927,26.632142032093924,1927.380790160265,0.3439846294547211,0.627722800383303,18.87044708620108
BRA-1995,Brazil,BRA,1995,2,2.44556560201409,0.5957203496800846,91.8837280273438,26.98736759925595,2075.88839757325,0.5556881255713514,0.444187728125844,18.88608008345547
BRA-1996,Brazil,BRA,1996,2,2.44556560201409,1.181356854287153,91.728598,27.3687898089061,66.00703355424814,0.5957203496800846,0.362004918741715,18.90147020888028
BRA-1997,Brazil,BRA,1997,2,2.44556560201409,1.5089643263550492,92.867095,27.469003746502302,15.75766560026064,1.181356854287153,0.471367837068537,18.91661128470367
BRA-1998,Brazil,BRA,1998,2,2.44556560201409,1.9210650624708332,93.354139,27.50682450942332,6.92671251629154,1.5089643263550492,0.425301553735655,18.931476327267145
BRA-1999,Brazil,BRA,1999,2,2.44556560201409,2.2588433924504145,94.193812,27.48450378032472,3.195076292800515,1.9210650624708332,0.269584542259557,18.946353536988816
BRA-2000,Brazil,BRA,2000,2,2.44556560201409,2.3190683735358766,94.76296,27.11959868797792,4.858447499026666,2.2588433924504145,0.755293266193,18.960918813619266
BRA-2001,Brazil,BRA,2001,2,2.44556560201409,2.129901331240061,94.4,27.208585162179507,7.044141059472658,2.3190683735358766,1.41179870802297,18.974670926371484
BRA-2002,Brazil,BRA,2002,2,2.44556560201409,1.895724613395487,96.0,27.051173396677125,6.840359024875233,2.129901331240061,1.27147695936395,18.98770447661307
BRA-2003,Brazil,BRA,2003,2,2.44556560201409,1.3569301581148665,96.7,26.9572750581662,8.450164377083315,1.895724613395487,1.67933238308169,19.000118682802903
BRA-2004,Brazil,BRA,2004,2,2.44556560201409,1.7237412640226395,97.0,27.04804361063351,14.71491972281472,1.3569301581148665,1.73818665052402,19.01192082228545
BRA-2005,Brazil,BRA,2005,2,2.44556560201409,1.317878898723177,96.8,27.229482426550632,6.597185099859633,1.7237412640226395,1.88707133960992,19.02321996392645
BRA-2006,Brazil,BRA,2006,2,2.44556560201409,1.3274475069319749,97.1,27.516321391859893,6.86953720898964,1.317878898723177,2.36913016995635,19.03417902511945
BRA-2007,Brazil,BRA,2007,2,2.44556560201409,1.877123634142079,97.6,27.733240590971565,4.18356812896909,1.3274475069319749,2.44556560201409,19.04476240931544
BRA-2008,Brazil,BRA,2008,2,2.44556560201409,1.815472722388641,98.1,27.965430144434404,3.641272991026522,1.877123634142079,2.06708286540223,19.05488609132504
BRA-2009,Brazil,BRA,2009,2,2.44556560201409,1.392621242787159,98.5,28.15920820359714,5.67859390284168,1.815472722388641,2.44243714676148,19.064465937633432
BRA-2010,Brazil,BRA,2010,2,2.44556560201409,2.0270618338332778,98.9,28.14204458327167,4.888034798767986,1.392621242787159,1.33048498208149,19.073422259981363
BRA-2011,Brazil,BRA,2011,2,2.44556560201409,2.0739327371461043,98.6,28.423487585926647,5.038726901080747,2.0270618338332778,1.49436765608812,19.081831092189223
BRA-2012,Brazil,BRA,2012,2,2.44556560201409,2.033502574912902,99.3,28.592727266363767,6.6364496221309,2.0739327371461043,2.04628720532789,19.08996923098976
BRA-2013,Brazil,BRA,2013,2,2.44556560201409,1.8314916692816727,99.5,28.53330533408536,5.403499140369971,2.033502574912902,2.04370817642662,19.098085215782188
BRA-2014,Brazil,BRA,2014,2,2.44556560201409,1.9851400266805983,99.6,28.536380127910324,6.204310666401007,1.8314916692816727,1.82332429100899,19.106190332216418
BRA-2015,Brazil,BRA,2015,2,2.44556560201409,1.9907324483297,99.7,28.52957293028942,6.329040155161389,1.9851400266805983,1.86374490964098,19.1142534739533
BRA-2016,Brazil,BRA,2016,2,2.44556560201409,2.127504101618634,99.7,28.22003603001012,9.029901024161363,1.9907324483297,1.03926987894612,19.122170691649817
BRA-2017,Brazil,BRA,2017,2,2.44556560201409,1.9203111279780656,99.7,28.21641240468101,8.739143523293931,2.127504101618634,0.832280473743435,19.129790418317143
BRA-2018,Brazil,BRA,2018,2,2.44556560201409,2.113598840008829,99.8,28.35543194434709,3.446373350326692,1.9203111279780656,1.12836853918598,19.13707288488161
BRA-2019,Brazil,BRA,2019,2,2.44556560201409,2.0173472653803257,99.7,28.281748097400666,3.664850283767288,2.113598840008829,1.90111531664903,19.1439072805626
BRA-2020,Brazil,BRA,2020,2,2.44556560201409,1.681097058732372,99.8,28.25871640105062,3.732976212168936,2.0173472653803257,1.6761311575078,19.15042722399188
BRA-2021,Brazil,BRA,2021,2,2.44556560201409,1.7464099865969538,99.7,28.020429489407988,3.211768038033762,1.681097058732372,1.07872778605369,19.156220731061115
BRA-2022,Brazil,BRA,2022,2,2.44556560201409,2.062198439170684,99.5,28.144232331250443,8.30165975585673,1.7464099865969538,2.60445733698427,19.160474340112938
BRB-1991,Barbados,BRB,1991,0,0.44650222837092,0.3596598886929865,99.9842529296875,21.42246042416009,3.074572710780188,0.5318528081091899,0.400105606628418,12.462972004566597
BRB-1992,Barbados,BRB,1992,0,0.44650222837092,0.6838212748980369,99.9934387207031,21.42665226854046,6.257526632700231,0.3596598886929865,0.215801509024324,12.46602631453798
BRB-1993,Barbados,BRB,1993,0,0.44650222837092,0.4412184205667519,99.9986877441406,21.39467852587133,6.093893029946383,0.6838212748980369,0.259967750227605,12.469467148350608
BRB-1994,Barbados,BRB,1994,0,0.44650222837092,0.5704954688152993,100.0,21.44759289249663,1.113439336044829,0.4412184205667519,0.220950034231678,12.472382960244262
BRB-1995,Barbados,BRB,1995,0,0.44650222837092,1.7791326726152716,100.0,21.489359019476947,0.0772043884602322,0.5704954688152993,0.203752656578402,12.474652170572655
BRB-1996,Barbados,BRB,1996,0,0.44650222837092,0.6279185883350691,100.0,21.519409083865774,1.878862793572321,1.7791326726152716,0.23589004398015,12.476252442845812
BRB-1997,Barbados,BRB,1997,0,0.44650222837092,0.969627988804419,100.0,21.58347092713045,2.386152228423248,0.6279185883350691,0.215160119006138,12.477186977792003
BRB-1998,Barbados,BRB,1998,0,0.44650222837092,0.9059975270438624,100.0,21.63891001211477,7.710538789698831,0.969627988804419,0.16364458574617,12.47759865886697
BRB-1999,Barbados,BRB,1999,0,0.44650222837092,1.2545425194694528,100.0,21.75896795953268,-1.268886607012135,0.9059975270438624,0.133788317191513,12.477766332209208
BRB-2000,Barbados,BRB,2000,0,0.44650222837092,1.6128135900996048,100.0,21.805688513396685,1.560062402496051,1.2545425194694528,0.260829730780095,12.478074930091474
BRB-2001,Barbados,BRB,2001,0,0.44650222837092,1.8170988057886373,100.0,21.84151734119372,2.435813034891383,1.6128135900996048,0.366975715871392,12.476344027722162
BRB-2002,Barbados,BRB,2002,0,0.44650222837092,2.6925106775731336,100.0,21.839881750381483,2.577834904312878,1.8170988057886373,0.233968575112161,12.477724416509297
BRB-2003,Barbados,BRB,2003,0,0.44650222837092,2.450651468152418,100.0,21.85676252778993,0.1252494580560195,2.6925106775731336,0.233345874765377,12.48426861685749
BRB-2004,Barbados,BRB,2004,0,0.44650222837092,2.590236220584873,100.0,21.889380999027683,1.619433198380538,2.450651468152418,0.216001790781783,12.490412890290754
BRB-2005,Barbados,BRB,2005,0,0.44650222837092,3.019135247262024,99.9,21.960044593287844,1.394422310756912,2.590236220584873,0.231208899358295,12.49612316100516
BRB-2006,Barbados,BRB,2006,0,0.44650222837092,2.7907282044290165,99.9,22.0633853612075,6.08218729535043,3.019135247262024,0.344768895111478,12.501376845622644
BRB-2007,Barbados,BRB,2007,0,0.44650222837092,3.016835671169904,100.0,22.16246649859721,7.307662628289402,2.7907282044290165,0.381788552150649,12.506188349029896
BRB-2008,Barbados,BRB,2008,0,0.44650222837092,3.2472808428868447,100.0,22.2656592537902,4.034229828850696,3.016835671169904,0.337029001675535,12.510939952303469
BRB-2009,Barbados,BRB,2009,0,0.44650222837092,2.77275419062896,100.0,22.28988192340466,8.108108108107798,3.2472808428868447,0.381152347371583,12.516182572821483
BRB-2010,Barbados,BRB,2010,0,0.44650222837092,2.755795862952146,100.0,22.21994025494705,3.643861892583371,2.77275419062896,0.195379735576456,12.521335837742718
BRB-2011,Barbados,BRB,2011,0,0.44650222837092,2.8082932315574616,100.0,22.41496244627375,5.824218533118662,2.755795862952146,0.274995862501036,12.525413255982215
BRB-2012,Barbados,BRB,2012,0,0.44650222837092,2.960142278513574,100.0,22.439432497760897,9.4322024017722,2.8082932315574616,0.44650222837092,12.528663262470143
BRB-2013,Barbados,BRB,2013,0,0.44650222837092,1.3692335206869848,100.0,22.42555645771017,4.533347538887749,2.960142278513574,0.421754818765643,12.53155254431174
BRB-2014,Barbados,BRB,2014,0,0.44650222837092,3.279145483260639,100.0,22.45670027698573,1.814104360490962,1.3692335206869848,0.345790863079305,12.534174231517603
BRB-2015,Barbados,BRB,2015,0,0.44650222837092,3.186424476503501,100.0,22.461079549925163,1.769503220897288,3.279145483260639,0.293287641580527,12.536631001005954
BRB-2016,Barbados,BRB,2016,0,0.44650222837092,2.97982894188477,100.0,22.463665193940617,-1.112789925109584,3.186424476503501,0.105085270554838,12.538934802218684
BRB-2017,Barbados,BRB,2017,0,0.44650222837092,1.2300137343057067,100.0,22.46004618377649,1.281928130618953,2.97982894188477,0.0786113955245193,12.541111712797486
BRB-2018,Barbados,BRB,2018,0,0.44650222837092,2.100967733637461,100.0,22.489259808419416,4.660184639559953,1.2300137343057067,0.113958458217943,12.543158979269434
BRB-2019,Barbados,BRB,2019,0,0.44650222837092,1.9636479998521652,100.0,22.51520888115688,3.106005724205903,2.100967733637461,0.193101287398602,12.545084511703395
BRB-2020,Barbados,BRB,2020,0,0.44650222837092,2.282747375791124,100.0,22.54243143725589,1.676624732769876,1.9636479998521652,0.211318147181856,12.5468498880161
BRN-1991,Brunei Darussalam,BRN,1991,4,30.6838382585785,0.0794771609207326,100.0,22.521650161229395,2.138662931637952,0.1156384248565651,30.6838382585785,12.450167184130605
BRN-1992,Brunei Darussalam,BRN,1992,4,30.6838382585785,0.1103956832563327,100.0,22.561351690882017,1.600000000000005,0.0794771609207326,17.8487047904996,12.478375816566231
BRN-1993,Brunei Darussalam,BRN,1993,4,30.6838382585785,0.1286079636147997,100.0,22.56824476337909,1.279527559055146,0.1103956832563327,19.1281731093251,12.505584469735531
BRN-1994,Brunei Darussalam,BRN,1994,4,30.6838382585785,0.090941355914104,100.0,22.54835367962311,4.251700680272123,0.1286079636147997,18.7936196786674,12.53167169702775
BRN-1995,Brunei Darussalam,BRN,1995,4,30.6838382585785,2.7214358752943206,100.0,22.590099153903388,2.462518449467897,0.090941355914104,16.0500449703665,12.557053408346896
BRN-1996,Brunei Darussalam,BRN,1996,4,30.6838382585785,2.8400240759530124,100.0,22.76450487603905,5.966641394996126,2.7214358752943206,13.7981248795186,12.581751858946587
BRN-1997,Brunei Darussalam,BRN,1997,4,30.6838382585785,2.893963777509746,100.0,22.759718625233965,1.996136509980777,2.8400240759530124,16.06642734769,12.605777863943212
BRN-1998,Brunei Darussalam,BRN,1998,4,30.6838382585785,3.030269526090473,100.0,22.776496143091325,1.711560044893353,2.893963777509746,14.8382113343604,12.629187738864807
BRN-1999,Brunei Darussalam,BRN,1999,4,30.6838382585785,3.1675755860378336,100.0,22.437216189221505,-0.4413793103448995,3.030269526090473,8.7864524447592,12.651994881602889
BRN-2000,Brunei Darussalam,BRN,2000,4,30.6838382585785,2.820654660209321,100.0,22.56525417754257,-0.4156275976724536,3.1675755860378336,14.7734214326029,12.67423708450188
BRN-2001,Brunei Darussalam,BRN,2001,4,30.6838382585785,0.8782742001222069,100.0,22.605931726156825,1.558152476349458,2.820654660209321,23.4896305488652,12.69595549227624
BRN-2002,Brunei Darussalam,BRN,2002,4,30.6838382585785,1.999915553165251,100.0,22.530924207560307,0.5958904109589899,0.8782742001222069,16.742683402114,12.716936268574182
BRN-2003,Brunei Darussalam,BRN,2003,4,30.6838382585785,1.3146694656790168,100.0,22.56905298085795,-2.314972424593207,1.999915553165251,16.1096999175722,12.736994970995289
BRN-2004,Brunei Darussalam,BRN,2004,4,30.6838382585785,1.0866058644027146,100.0,22.692854183609818,0.299999999999967,1.3146694656790168,16.6876107710204,12.756036286722557
BRN-2005,Brunei Darussalam,BRN,2005,4,30.6838382585785,1.2802870206993322,100.0,22.877255647305667,0.8142239946826126,1.0866058644027146,19.7780085437059,12.773974013052367
BRN-2006,Brunei Darussalam,BRN,2006,4,30.6838382585785,0.6482996038173959,100.0,23.07912650735138,1.244437118839653,1.2802870206993322,25.956729633831,12.790846442968505
BRN-2007,Brunei Darussalam,BRN,2007,4,30.6838382585785,1.406383161506643,100.0,23.26049738206423,0.1598880783451209,0.6482996038173959,30.500356671909,12.806731660654956
BRN-2008,Brunei Darussalam,BRN,2008,4,30.6838382585785,1.1351107558673037,100.0,23.32090795188014,0.9677741195251012,1.406383161506643,27.5236863460397,12.823617661263231
BRN-2009,Brunei Darussalam,BRN,2009,4,30.6838382585785,1.7304726567186342,100.0,23.49124749519596,2.084980237154154,1.1351107558673037,26.3149392802544,12.842104352504697
BRN-2010,Brunei Darussalam,BRN,2010,4,30.6838382585785,1.967669380948548,100.0,23.20088806219036,1.035717742716134,1.7304726567186342,16.6918809538917,12.860876527895726
BRN-2011,Brunei Darussalam,BRN,2011,4,30.6838382585785,2.0273318329759205,100.0,23.34118131864024,0.3568691320175606,1.967669380948548,20.3808570661645,12.87986624795627
BRN-2012,Brunei Darussalam,BRN,2012,4,30.6838382585785,2.218108301427873,100.0,23.64237572944995,0.1379115631695401,2.0273318329759205,24.1925755555505,12.897693662094072
BRN-2013,Brunei Darussalam,BRN,2013,4,30.6838382585785,2.1619998988882534,100.0,23.67025122083771,0.1117662614003067,2.218108301427873,20.2405416655378,12.913019175601551
BRN-2014,Brunei Darussalam,BRN,2014,4,30.6838382585785,1.925563353155498,100.0,23.618854413531032,0.3892050531236322,2.1619998988882534,16.496289516532,12.926842288816324
BRN-2015,Brunei Darussalam,BRN,2015,4,30.6838382585785,1.0934286410414644,100.0,23.56221548438278,-0.2071087317198223,1.925563353155498,14.6726548413146,12.940244200130255
BRN-2016,Brunei Darussalam,BRN,2016,4,30.6838382585785,-1.0909431212261496,100.0,23.28283898933704,-0.488347420743522,1.0934286410414644,7.67941403200076,12.953265205016589
BRN-2017,Brunei Darussalam,BRN,2017,4,30.6838382585785,2.05973164770172,100.0,23.156902529413596,-0.2786932657530832,-1.0909431212261496,6.61076862656256,12.965861602584637
BRN-2018,Brunei Darussalam,BRN,2018,4,30.6838382585785,2.0462657084073994,100.0,23.21879652179632,-1.260505646289603,2.05973164770172,8.33582039119995,12.977968620095218
BRN-2019,Brunei Darussalam,BRN,2019,4,30.6838382585785,1.743491217168354,100.0,23.33089945816685,1.025051792902122,2.0462657084073994,11.046476859895,12.989542589383396
BRN-2020,Brunei Darussalam,BRN,2020,4,30.6838382585785,2.254038105652623,100.0,23.323674060033856,-0.390522069165529,1.743491217168354,9.00049471310791,13.000604699344274
BRN-2021,Brunei Darussalam,BRN,2021,4,30.6838382585785,1.1802819129065216,100.0,23.208655674562326,1.940319966071838,2.254038105652623,3.45811781195258,13.011219503657436
BRN-2022,Brunei Darussalam,BRN,2022,4,30.6838382585785,-1.32066053685931,100.0,23.36278710310117,1.733413884505931,1.1802819129065216,10.3734034426076,13.020822225349278
BTN-2003,Bhutan,BTN,2003,1,0.0,0.496338430727173,44.1,20.14227748751709,2.455357142857143,0.4210631327708403,0.0,13.344562482869929
BTN-2004,Bhutan,BTN,2004,1,0.0,1.0190798629459354,41.1,20.29545608326065,2.572308616933394,0.496338430727173,0.0,13.36556677783231
BTN-2005,Bhutan,BTN,2005,1,0.0,0.6704888130712728,51.9,20.41585508280708,4.105936982729576,1.0190798629459354,0.0,13.385565752097769
BTN-2006,Bhutan,BTN,2006,1,0.0,0.6106891758594338,59.8,20.572897496471978,5.3126310463775,0.6704888130712728,0.0,13.402818397511648
BTN-2007,Bhutan,BTN,2007,1,0.0,2.472079322784499,59.7,20.66444945129517,5.000454380225408,0.6106891758594338,0.0,13.416226308931192
BTN-2008,Bhutan,BTN,2008,1,0.0,0.2364219779790651,71.8,20.95101314668753,5.156111387584626,2.472079322784499,0.0,13.427849021547884
BTN-2009,Bhutan,BTN,2009,1,0.0,1.123087644814499,67.6,20.999015375744825,8.327160493827126,0.2364219779790651,0.0,13.439145894640738
BTN-2010,Bhutan,BTN,2010,1,0.0,2.188500933648855,71.5,21.009454644112147,4.361122191198046,1.123087644814499,0.0,13.450211389219234
BTN-2011,Bhutan,BTN,2011,1,0.0,1.2354521589226224,73.3,21.259104450001978,7.036383160730186,2.188500933648855,0.0,13.46116575428176
BTN-2012,Bhutan,BTN,2012,1,0.0,1.0384860394045174,81.8,21.40521488160789,8.848985699468,1.2354521589226224,0.0,13.472143808717853
BTN-2013,Bhutan,BTN,2013,1,0.0,0.917170859316342,91.5,21.403017308776853,10.91965694468303,1.0384860394045174,0.0,13.483221559389266
BTN-2014,Bhutan,BTN,2014,1,0.0,0.9681018958099225,87.4,21.387857642280363,8.776383452682126,0.917170859316342,0.0,13.494304793473349
BTN-2015,Bhutan,BTN,2015,1,0.0,0.290744606956085,91.4,21.459989409548324,8.271060939493278,0.9681018958099225,0.0,13.505091958538625
BTN-2016,Bhutan,BTN,2016,1,0.0,0.4848752408384207,95.4,21.506169533487263,4.54814395082205,0.290744606956085,0.0,13.515241602006997
BTN-2017,Bhutan,BTN,2017,1,0.0,-0.601815097403913,99.3,21.580869592315413,3.219886893957179,0.4848752408384207,0.0,13.52498043366036
BTN-2018,Bhutan,BTN,2018,1,0.0,0.1023804784975191,97.7,21.67544790350944,4.955083669851294,-0.601815097403913,0.0,13.533593171071674
BTN-2019,Bhutan,BTN,2019,1,0.0,0.4592974092244319,100.0,21.672347316620822,2.723963861837134,0.1023804784975191,0.0,13.540757872916837
BTN-2020,Bhutan,BTN,2020,1,0.0,-0.1131598693111752,100.0,21.72964717631273,2.726430373888325,0.4592974092244319,0.0,13.547402328469596
BTN-2021,Bhutan,BTN,2021,1,0.0,0.2425969585809584,100.0,21.622452864795168,5.629365226325079,-0.1131598693111752,0.0,13.554154884697637
BTN-2022,Bhutan,BTN,2022,1,0.0,0.2859901414223919,100.0,21.74168091974165,7.346814405335302,0.2425969585809584,0.0,13.561189757930284
BWA-1992,Botswana,BWA,1992,3,0.0,-0.037714398005238,10.1,22.095176421875912,11.76501608395347,-0.2067846547222127,0.0,14.10949050709273
BWA-1993,Botswana,BWA,1993,3,0.0,-2.629535673880607,9.39822673797607,22.145521901511994,16.16761239633391,-0.037714398005238,0.0,14.137618694511044
BWA-1994,Botswana,BWA,1994,3,0.0,-0.326493072023679,11.6420764923096,22.14881196258981,14.33080333658878,-2.629535673880607,0.0,14.166249116381833
BWA-1995,Botswana,BWA,1995,3,0.0,1.1883465929701107,13.8845663070679,22.17236118051592,10.54292099382184,-0.326493072023679,0.0,14.193963431905576
BWA-1996,Botswana,BWA,1996,3,0.0,1.1770808593842956,16.1250171661377,22.27731769589559,10.51254608157901,1.1883465929701107,0.0,14.220200032012764
BWA-1997,Botswana,BWA,1997,3,0.0,1.4409994393276495,18.3627471923828,22.301782005820453,10.08285806521079,1.1770808593842956,0.0,14.244636852616852
BWA-1998,Botswana,BWA,1998,3,0.0,1.4390377019850735,20.5970783233643,22.336748683127627,8.719931271477469,1.4409994393276495,0.0,14.267663304021562
BWA-1999,Botswana,BWA,1999,3,0.0,0.6268633931908795,22.8273296356201,22.28989676736229,6.661398656657521,1.4390377019850735,0.0,14.289817415029844
BWA-2000,Botswana,BWA,2000,3,0.0,0.8726494950154854,25.0527400970459,22.425148618624256,7.749296192028481,0.6268633931908795,0.0,14.311424350966972
BWA-2001,Botswana,BWA,2001,3,0.0,0.5332505829612684,26.5,22.47910959125344,8.601485148514906,0.8726494950154854,0.0,14.332745398748768
BWA-2002,Botswana,BWA,2002,3,0.0,2.7126659869835583,24.8,22.426122742138222,6.559037670148618,0.5332505829612684,0.0,14.353321773190212
BWA-2003,Botswana,BWA,2003,3,0.0,2.417670409483945,27.0,22.4168360495156,8.032796625274859,2.7126659869835583,0.0,14.372129860919422
BWA-2004,Botswana,BWA,2004,3,0.0,2.1793757043124407,33.1,22.73971195621617,9.18990265632739,2.417670409483945,0.0,14.389726105982914
BWA-2005,Botswana,BWA,2005,3,0.0,2.1520119551495123,35.3,22.91575340206129,6.945703636546746,2.1793757043124407,0.0,14.40725991656998
BWA-2006,Botswana,BWA,2006,3,0.0,2.2943968180836696,37.5,23.01770858172005,8.610225285464399,2.1520119551495123,0.0,14.425209823039111
BWA-2007,Botswana,BWA,2007,3,0.0,2.247838912467117,39.7,23.01773392434357,11.5552187914379,2.2943968180836696,0.0,14.44386158420207
BWA-2008,Botswana,BWA,2008,3,0.0,2.283477608848549,41.9,23.08102738744936,7.080998471726926,2.247838912467117,0.0,14.463242921456144
BWA-2009,Botswana,BWA,2009,3,0.0,1.4712681656183435,44.5,23.09638666156468,12.70218839200757,2.283477608848549,0.0,14.483325058634472
BWA-2010,Botswana,BWA,2010,3,0.0,1.3149614425445542,43.4,23.037627240530764,8.027297031095818,1.4712681656183435,0.0,14.503983832824328
BWA-2011,Botswana,BWA,2011,3,0.0,1.416662786074818,52.0,23.25991649275515,6.948876587431035,1.3149614425445542,0.0,14.525078182091557
BWA-2012,Botswana,BWA,2012,3,0.0,0.916567300667024,53.2,23.43866520750412,8.459872334085834,1.416662786074818,0.0,14.544765920466252
BWA-2013,Botswana,BWA,2013,3,0.0,0.4545974845085027,56.0,23.355691547413528,7.53690261091916,0.916567300667024,0.0,14.561543314558246
BWA-2014,Botswana,BWA,2014,3,0.0,1.9179949531511125,58.0,23.381547120450573,5.884607070568166,0.4545974845085027,0.0,14.57663549495618
BWA-2015,Botswana,BWA,2015,3,0.0,1.7524660430773191,60.0,23.462174222377424,4.402253092434274,1.9179949531511125,0.0,14.591179678053388
BWA-2016,Botswana,BWA,2016,3,0.0,0.8419030628422896,62.1,23.32823062464149,3.062031695805576,1.7524660430773191,0.0,14.605454993901557
BWA-2017,Botswana,BWA,2017,3,0.0,1.2584643458650044,64.2,23.43681006388176,2.814957913619439,0.8419030628422896,0.0,14.619652004765468
BWA-2018,Botswana,BWA,2018,3,0.0,1.290090055662667,67.4,23.502405297284163,3.30828076768219,1.2584643458650044,0.0,14.63385676318741
BWA-2019,Botswana,BWA,2019,3,0.0,0.5339217265825912,68.3,23.558356428877683,3.238015589477153,1.290090055662667,0.0,14.648046567823087
BWA-2020,Botswana,BWA,2020,3,0.0,0.2109459385898153,70.1,23.540224740413212,2.772864428633207,0.5339217265825912,0.0,14.662272846386983
BWA-2021,Botswana,BWA,2021,3,0.0,-1.3016388244870192,71.8,23.42866262812226,1.8903591682421,0.2109459385898153,0.0,14.67666694383748
BWA-2022,Botswana,BWA,2022,3,0.0,1.9635333306858336,73.7,23.654469308634056,7.240977655884423,-1.3016388244870192,0.0,14.691579948223428
CAF-1996,Central African Republic,CAF,1996,3,0.0,0.939616810003711,3.0,20.832469664831848,19.18940397350982,0.5306529847325673,0.0,15.02388954081268
CAF-1997,Central African Republic,CAF,1997,3,0.0,0.15901270842322,3.33491563796997,20.731026770936392,3.724941103258018,0.939616810003711,0.0,15.049808666810316
CAF-1998,Central African Republic,CAF,1998,3,0.0,0.6969101330640046,3.83021020889282,20.658984897581515,1.611313477609107,0.15901270842322,0.0,15.077290182535949
CAF-1999,Central African Republic,CAF,1999,3,0.0,0.5671155525384474,4.32142543792725,20.69005893082854,-1.885200961579104,0.6969101330640046,0.0,15.10442028909513
CAF-2000,Central African Republic,CAF,2000,3,0.0,0.0968263842522281,4.80779838562012,20.72274321208846,-1.414202200825513,0.5671155525384474,0.0,15.13177159580063
CAF-2001,Central African Republic,CAF,2001,3,0.0,0.5305786741616618,6.0,20.63637512579454,3.203400915631124,0.0968263842522281,0.0,15.15926713051414
CAF-2002,Central African Republic,CAF,2002,3,0.0,0.5400241071403397,5.7,20.653539059522032,3.834860602373617,0.5305786741616618,0.0,15.181471590991226
CAF-2003,Central African Republic,CAF,2003,3,0.0,0.873729549067516,6.1,20.719326232771504,2.331817035162349,0.5400241071403397,0.0,15.203323265812156
CAF-2004,Central African Republic,CAF,2004,3,0.0,1.0074762214692148,6.6,20.856323200333133,4.134709051509959,0.873729549067516,0.0,15.227250175196597
CAF-2005,Central African Republic,CAF,2005,3,0.0,0.6970766102741476,7.0,20.964139688061817,-2.066406011363026,1.0074762214692148,0.0,15.24888576606012
CAF-2006,Central African Republic,CAF,2006,3,0.0,1.59847361672334,7.4,21.01436285662587,2.883520733590217,0.6970766102741476,0.0,15.271520096312171
CAF-2007,Central African Republic,CAF,2007,3,0.0,1.920410431621632,7.8,21.1029752725615,6.695264657733543,1.59847361672334,0.0,15.292006618246427
CAF-2008,Central African Republic,CAF,2008,3,0.0,2.4709960450956703,8.4,21.253783079464625,0.9599176194571096,1.920410431621632,0.0,15.31128043151746
CAF-2009,Central African Republic,CAF,2009,3,0.0,1.4636243003321772,7.5,21.41311151829976,9.25895099417076,2.4709960450956703,0.0,15.332610568994948
CAF-2010,Central African Republic,CAF,2010,3,0.0,1.7769391160811152,9.4,21.4495487480389,3.521262272386427,1.4636243003321772,0.0,15.326022320848274
CAF-2011,Central African Republic,CAF,2011,3,0.0,1.202445278679123,9.8,21.485281933964853,1.491023700478021,1.7769391160811152,0.0,15.318030297778142
CAF-2012,Central African Republic,CAF,2012,3,0.0,1.7498955553541886,10.4,21.61443677451065,1.1944757244985,1.202445278679123,0.0,15.333933891276702
CAF-2013,Central African Republic,CAF,2013,3,0.0,0.1093146246269724,11.0,21.6435989924965,5.47829594346117,1.7498955553541886,0.0,15.343922562875568
CAF-2014,Central African Republic,CAF,2014,3,0.0,0.1823830938637865,11.5,21.24890762399188,6.98879341970198,0.1093146246269724,0.0,15.350746339965749
CAF-2015,Central African Republic,CAF,2015,3,0.0,0.1759950115156104,12.0,21.36238619591061,14.89868417975499,0.1823830938637865,0.0,15.34659398687218
CAF-2016,Central African Republic,CAF,2016,3,0.0,0.3877967805316968,12.7,21.25143560676733,1.402970171368163,0.1759950115156104,0.0,15.347920763040102
CAF-2017,Central African Republic,CAF,2017,3,0.0,0.3265764342869082,13.4,21.324855766756617,4.945432761065182,0.3877967805316968,0.0,15.365976082890793
CAF-2018,Central African Republic,CAF,2018,3,0.0,0.7409339822952243,14.1,21.45194905329768,4.180723318712666,0.3265764342869082,0.0,15.382773894886062
CAF-2019,Central African Republic,CAF,2019,3,0.0,0.9852251148831506,14.6,21.52121399285128,1.612156869915552,0.7409339822952243,0.0,15.400380740009895
CAF-2020,Central African Republic,CAF,2020,3,0.0,0.074600678077839,14.3,21.52135905587797,2.685373552667865,0.9852251148831506,0.0,15.41382766280449
CAF-2021,Central African Republic,CAF,2021,3,0.0,0.213358041910805,15.4,21.56772577482982,1.710156595231529,0.074600678077839,0.0,15.430260138479198
CAF-2022,Central African Republic,CAF,2022,3,0.0,0.8879329468583105,15.7,21.646134253727016,4.259364175428684,0.213358041910805,0.0,15.447121032277822
CAN-1991,Canada,CAN,1991,4,2.54002352343034,0.5461634669097275,100.0,27.113633327113646,4.780476933363043,1.1434936138142002,1.48748684267335,17.136623028284554
CAN-1992,Canada,CAN,1992,4,2.54002352343034,1.0035922413061305,100.0,27.14086002294034,5.625864085930052,0.5461634669097275,1.00432007393102,17.149050640151703
CAN-1993,Canada,CAN,1993,4,2.54002352343034,0.6702735636835849,100.0,27.11079706215585,1.490132903745452,1.0035922413061305,1.08494897339021,17.16088739514591
CAN-1994,Canada,CAN,1994,4,2.54002352343034,1.272679301001699,100.0,27.08466081756453,1.865079365079389,0.6702735636835849,1.00984609631256,17.17187670354948
CAN-1995,Canada,CAN,1995,4,2.54002352343034,1.55172981594398,100.0,27.086197982104164,0.1655629139072914,1.272679301001699,0.968662410274702,17.18282928424035
CAN-1996,Canada,CAN,1996,4,2.54002352343034,1.1369830339857947,100.0,27.130081613136174,2.14876033057849,1.55172981594398,1.03435296028991,17.193176978724065
CAN-1997,Canada,CAN,1997,4,2.54002352343034,1.577419086467157,100.0,27.169950261004843,1.570531125071379,1.1369830339857947,1.29674202820292,17.20363009620037
CAN-1998,Canada,CAN,1998,4,2.54002352343034,2.0800425743108564,100.0,27.20788232750033,1.621216380845306,1.577419086467157,0.806571445967673,17.21356798178106
CAN-1999,Canada,CAN,1999,4,2.54002352343034,2.106071109065496,100.0,27.17531372816452,0.9959424566580196,2.0800425743108564,0.35126817314169,17.22186707503794
CAN-2000,Canada,CAN,2000,4,2.54002352343034,2.9121553745765723,100.0,27.24302387568909,1.734842951059185,2.106071109065496,0.764045566591957,17.22999550100664
CAN-2001,Canada,CAN,2001,4,2.54002352343034,2.055642219207229,100.0,27.336345869378317,2.719439956919762,2.9121553745765723,1.47117947256471,17.239308316236258
CAN-2002,Canada,CAN,2002,4,2.54002352343034,1.885557744578284,100.0,27.328539119372376,2.525120139799056,2.055642219207229,0.858857509112782,17.250170310431866
CAN-2003,Canada,CAN,2003,4,2.54002352343034,0.7193118523338,100.0,27.357439967898067,2.258394409408551,1.885557744578284,0.955943439201293,17.261018242917007
CAN-2004,Canada,CAN,2004,4,2.54002352343034,0.140998140509708,100.0,27.52069504124704,2.758563213601121,0.7193118523338,1.12578576172741,17.27001051073153
CAN-2005,Canada,CAN,2005,4,2.54002352343034,1.520579595542278,100.0,27.65736213200264,1.857258718572564,0.140998140509708,1.49755944499054,17.27933238007978
CAN-2006,Canada,CAN,2006,4,2.54002352343034,2.287424226675405,100.0,27.79068670471201,2.213552034397675,1.520579595542278,1.78498681477884,17.288803242481354
CAN-2007,Canada,CAN,2007,4,2.54002352343034,2.801046466956956,100.0,27.908115780518973,2.002025395341613,2.287424226675405,1.79784487204702,17.29893883608308
CAN-2008,Canada,CAN,2008,4,2.54002352343034,2.2126238068283093,100.0,28.015480750904743,2.13838399266837,2.801046466956956,1.79572860434846,17.30864537751968
CAN-2009,Canada,CAN,2009,4,2.54002352343034,1.208073079944798,100.0,28.071205435714727,2.370270674442985,2.2126238068283093,2.54002352343034,17.319484088683843
CAN-2010,Canada,CAN,2010,4,2.54002352343034,1.3683890592727788,100.0,27.949204095197544,0.299466803009299,1.208073079944798,1.33142171181656,17.33093116518916
CAN-2011,Canada,CAN,2011,4,2.54002352343034,1.503625556554154,100.0,28.1118096237924,1.77687154092627,1.3683890592727788,1.36035981724265,17.342044685157695
CAN-2012,Canada,CAN,2012,4,2.54002352343034,1.7191141413692346,100.0,28.21509853669449,2.91213508872351,1.503625556554154,1.65206257737853,17.351798757381967
CAN-2013,Canada,CAN,2013,4,2.54002352343034,2.0007892094564226,100.0,28.234440220104894,1.515678231245166,1.7191141413692346,0.873035162318975,17.362636222291435
CAN-2014,Canada,CAN,2014,4,2.54002352343034,1.980423426216944,100.0,28.2443584703793,0.9382918978153169,2.0007892094564226,1.25009355545576,17.37317003179511
CAN-2015,Canada,CAN,2015,4,2.54002352343034,2.0586528357048426,100.0,28.22199806911712,1.906635907178614,1.980423426216944,1.16512699520053,17.383184259980037
CAN-2016,Canada,CAN,2016,4,2.54002352343034,1.5454153362579073,100.0,28.073467495743344,1.125241360942775,2.0586528357048426,0.0345891578218769,17.390787261218673
CAN-2017,Canada,CAN,2017,4,2.54002352343034,1.2153954089494954,100.0,28.05497835290149,1.428759547010855,1.5454153362579073,0.471724709301756,17.402102658306244
CAN-2018,Canada,CAN,2018,4,2.54002352343034,1.6357724102109583,100.0,28.13135357642297,1.596884128529766,1.2153954089494954,0.816766635206739,17.414057015522324
CAN-2019,Canada,CAN,2019,4,2.54002352343034,1.755500374211484,100.0,28.176439879186667,2.268225672481033,1.6357724102109583,1.50562872928079,17.428389276700873
CAN-2020,Canada,CAN,2020,4,2.54002352343034,1.3303388024742218,100.0,28.18704701199613,1.949269024115927,1.755500374211484,1.6199500962193,17.443006402303272
CAN-2021,Canada,CAN,2021,4,2.54002352343034,1.8108881700058548,100.0,28.13523712436323,0.7169996323078274,1.3303388024742218,0.8889084820818,17.453850091727897
CAN-2022,Canada,CAN,2022,4,2.54002352343034,1.5730130114427925,100.0,28.33529513839578,3.395193185275278,1.8108881700058548,2.82978528865474,17.459389115806516
CHE-1991,Switzerland,CHE,1991,0,0.0009600137277195,0.9093950190863008,100.0,26.32082905160926,5.403959092189372,1.4681368469736191,0.0,15.71993182351163
CHE-1992,Switzerland,CHE,1992,0,0.0009600137277195,0.38739698680493,100.0,26.332567821916506,5.859596634686774,0.9093950190863008,0.0,15.732430081906273
CHE-1993,Switzerland,CHE,1993,0,0.0009600137277195,0.5839392624983211,100.0,26.37273089916666,4.037030207787398,0.38739698680493,0.0,15.743455291016728
CHE-1994,Switzerland,CHE,1994,0,0.0009600137277195,1.0184199274357657,100.0,26.34489690283357,3.292621803136066,0.5839392624983211,0.0,15.752562445356018
CHE-1995,Switzerland,CHE,1995,0,0.0009600137277195,0.990782218746636,100.0,26.446577476017463,0.8521169951206644,1.0184199274357657,0.0,15.760534028321905
CHE-1996,Switzerland,CHE,1996,0,0.0009600137277195,1.145530000496343,100.0,26.604224766379065,1.799827768671498,0.990782218746636,0.0,15.767216450631954
CHE-1997,Switzerland,CHE,1997,0,0.0009600137277195,1.755882583279247,100.0,26.567892703425727,0.811634064628187,1.145530000496343,0.0,15.771632814073136
CHE-1998,Switzerland,CHE,1998,0,0.0009600137277195,2.0184053622876807,100.0,26.423268679567364,0.5202254227366403,1.755882583279247,0.0,15.77404172583447
CHE-1999,Switzerland,CHE,1999,0,0.0009600137277195,2.275785761698277,100.0,26.44981302167769,0.0179384378439321,2.0184053622876807,0.0,15.777013083073337
CHE-2000,Switzerland,CHE,2000,0,0.0009600137277195,2.7979744892018044,100.0,26.43339899704701,0.8064443809594591,2.275785761698277,0.0,15.781782281717016
CHE-2001,Switzerland,CHE,2001,0,0.0009600137277195,1.92806674023348,100.0,26.366333057228584,1.558529196790081,2.7979744892018044,0.0,15.787401827106612
CHE-2002,Switzerland,CHE,2002,0,0.0009600137277195,1.694647350808028,100.0,26.393698822046368,0.9890203298325452,1.92806674023348,0.0,15.793729538608805
CHE-2003,Switzerland,CHE,2003,0,0.0009600137277195,2.3843586761458044,100.0,26.47243893167895,0.6427115065432779,1.694647350808028,0.0,15.801294229024816
CHE-2004,Switzerland,CHE,2004,0,0.0009600137277195,1.3191541173996677,100.0,26.627438838619256,0.6382729308871896,2.3843586761458044,0.0,15.808713424043855
CHE-2005,Switzerland,CHE,2005,0,0.0009600137277195,0.5924827622022334,100.0,26.737012556135475,0.802908730955226,1.3191541173996677,0.0001852692365648,15.81558768271272
CHE-2006,Switzerland,CHE,2006,0,0.0009600137277195,3.178988888610329,100.0,26.77420386833185,1.171954203337026,0.5924827622022334,0.0003177655135726,15.821993697251036
CHE-2007,Switzerland,CHE,2007,0,0.0009600137277195,2.973777923752333,100.0,26.82887276002986,1.059509283248046,3.178988888610329,0.0006371193447155,15.828269281143315
CHE-2008,Switzerland,CHE,2008,0,0.0009600137277195,0.4994106771104329,100.0,26.93585959872582,0.7323506031222364,2.973777923752333,0.000749164452712,15.837206189732724
CHE-2009,Switzerland,CHE,2009,0,0.0009600137277195,2.831408159153057,100.0,27.077120867163217,2.426041170601574,0.4994106771104329,0.0009600137277195,15.849912368799258
CHE-2010,Switzerland,CHE,2010,0,0.0009600137277195,1.7853108178806505,100.0,27.057716285529125,-0.4804819364233047,2.831408159153057,0.0002032025500118,15.862407213488352
CHE-2011,Switzerland,CHE,2011,0,0.0009600137277195,1.7716598503313248,100.0,27.13672412779043,0.6882387072199749,1.7853108178806505,0.0003013510522918,15.872822792726904
CHE-2012,Switzerland,CHE,2012,0,0.0009600137277195,2.445278015302487,100.0,27.312510884230207,0.2313492076509,1.7716598503313248,0.000356657639592,15.883941580740146
CHE-2013,Switzerland,CHE,2013,0,0.0009600137277195,-1.9569024955044736,100.0,27.27131663998543,-0.6925520181051634,2.445278015302487,0.000416318750538,15.894559772693956
CHE-2014,Switzerland,CHE,2014,0,0.0009600137277195,1.7645307559493593,100.0,27.300777206113693,-0.2173231551156726,-1.9569024955044736,0.0002682146217397,15.9060585688424
CHE-2015,Switzerland,CHE,2015,0,0.0009600137277195,3.532768660264627,100.0,27.331493318583725,-0.0132025387515945,1.7645307559493593,0.0002434873143646,15.918259607077609
CHE-2016,Switzerland,CHE,2016,0,0.0009600137277195,3.890423749669481,100.0,27.283162916984114,-1.143908672281782,3.532768660264627,0.0001250641115047,15.929642977220125
CHE-2017,Switzerland,CHE,2017,0,0.0009600137277195,3.7272755677859606,100.0,27.272355304091917,-0.4346186642858147,3.890423749669481,0.0001166601338747,15.940563287647526
CHE-2018,Switzerland,CHE,2018,0,0.0009600137277195,-3.777493273290449,100.0,27.283816109715232,0.533787839825876,3.7272755677859606,0.0001785775350507,15.94989484542566
CHE-2019,Switzerland,CHE,2019,0,0.0009600137277195,1.829704865222572,100.0,27.33095134033633,0.9363354641135724,-3.777493273290449,0.0002173572725704,15.95726118430902
CHE-2020,Switzerland,CHE,2020,0,0.0009600137277195,-4.1450366269138526,100.0,27.325018596463213,0.3628861799406741,1.829704865222572,0.0004447948217574,15.964394320158664
CHE-2021,Switzerland,CHE,2021,0,0.0009600137277195,-3.359237432347622,100.0,27.35143442755115,-0.7258749333134028,-4.1450366269138526,0.0002312519110674,15.971701081260171
CHE-2022,Switzerland,CHE,2022,0,0.0009600137277195,-1.1644604433274546,100.0,27.45751263779802,0.5818141684898557,-3.359237432347622,0.0005122900578712,15.979356090772336
CHL-1991,Chile,CHL,1991,2,0.378183852893491,1.5095505402998508,92.257427,24.232677073098763,26.0364811362364,1.433729884079717,0.378183852893491,16.413535826353954
CHL-1992,Chile,CHL,1992,2,0.378183852893491,1.448738046083696,94.781623840332,24.36694735371424,21.78441242777575,1.5095505402998508,0.15702683344808,16.430164825922386
CHL-1993,Chile,CHL,1993,2,0.378183852893491,1.475072395595312,94.560057,24.563554266279667,15.42580646889275,1.448738046083696,0.123100470876911,16.446289285751273
CHL-1994,Chile,CHL,1994,2,0.378183852893491,2.208356845939237,95.2737274169922,24.63398686160297,12.72776694909637,1.475072395595312,0.101835542669396,16.461846831672094
CHL-1995,Chile,CHL,1995,2,0.378183852893491,2.096085939473515,95.5180740356445,24.77397670538602,11.44311964449727,2.208356845939237,0.0759573406290912,16.476906302648803
CHL-1996,Chile,CHL,1996,2,0.378183852893491,2.5123988940938604,95.760383605957,25.02490130129756,8.232630341161142,2.096085939473515,0.0577970101150581,16.491545840372165
CHL-1997,Chile,CHL,1997,2,0.378183852893491,2.515826788432478,95.617315,25.087435212921125,7.359117817887671,2.5123988940938604,0.0596959389109353,16.50567149612072
CHL-1998,Chile,CHL,1998,2,0.378183852893491,2.431561741106034,96.2361679077148,25.17460180469992,6.133864643579274,2.515826788432478,0.038289499179926,16.519046250657645
CHL-1999,Chile,CHL,1999,2,0.378183852893491,3.145310291980925,97.241124,25.12986325611993,5.110249545175593,2.431561741106034,0.0234700874281488,16.532044668714793
CHL-2000,Chile,CHL,2000,2,0.378183852893491,2.5247372343438923,96.6955490112305,25.048440145678747,3.336879175260233,3.145310291980925,0.0418250296937214,16.544624943206266
CHL-2001,Chile,CHL,2001,2,0.378183852893491,2.469786651757805,97.9,25.08432098318215,3.843272957065652,2.5247372343438923,0.0648093154178196,16.5565851350249
CHL-2002,Chile,CHL,2002,2,0.378183852893491,2.0005840217846766,97.1,24.994008049257296,3.569100530014667,2.469786651757805,0.0510190743548732,16.56814207846186
CHL-2003,Chile,CHL,2003,2,0.378183852893491,2.221627929394694,97.3,24.97552606738484,2.489398166507051,2.0005840217846766,0.0501709401792536,16.579179996389165
CHL-2004,Chile,CHL,2004,2,0.378183852893491,2.31538980691482,98.8,25.060459574970498,2.810178757436101,2.221627929394694,0.0506283318232754,16.589645147235682
CHL-2005,Chile,CHL,2005,2,0.378183852893491,2.292377167599848,97.5,25.319152925755574,1.054738714035168,2.31538980691482,0.0480418034693177,16.599738963001315
CHL-2006,Chile,CHL,2006,2,0.378183852893491,1.8468430853775109,97.7,25.529695005756007,3.052576213878492,2.292377167599848,0.0466681498310735,16.609663773619847
CHL-2007,Chile,CHL,2007,2,0.378183852893491,2.510267848868144,99.4,25.75920180699732,3.392017336994053,1.8468430853775109,0.0305200002965691,16.619428116951603
CHL-2008,Chile,CHL,2008,2,0.378183852893491,3.042707845578029,98.0,25.87361133894839,4.407799383980443,2.510267848868144,0.0244412955141765,16.629216151243956
CHL-2009,Chile,CHL,2009,2,0.378183852893491,2.702178611366189,98.2,25.91563693007184,8.716268730396072,3.042707845578029,0.0394143420844663,16.63920752934679
CHL-2010,Chile,CHL,2010,2,0.378183852893491,2.621445392123522,99.6,25.86946820390868,0.3530451783609367,2.702178611366189,0.0241963153528489,16.64929620880995
CHL-2011,Chile,CHL,2011,2,0.378183852893491,3.0458123328494024,99.5,26.103399149925213,1.410711079543209,2.621445392123522,0.0177167005915164,16.65934174445872
CHL-2012,Chile,CHL,2012,2,0.378183852893491,3.17226203557029,99.6,26.25024181445055,3.341216942593021,3.0458123328494024,0.0202996901928584,16.669207785098518
CHL-2013,Chile,CHL,2013,2,0.378183852893491,2.7274158716477817,100.0,26.31060730934588,3.007448402130474,3.17226203557029,0.0339242699071752,16.678803413900532
CHL-2014,Chile,CHL,2014,2,0.378183852893491,2.9816696328781864,99.6,26.348708388081267,1.789555539845903,2.7274158716477817,0.0371419227856785,16.688340860187758
CHL-2015,Chile,CHL,2015,2,0.378183852893491,2.6894465880291403,100.0,26.282257495475445,4.718675278546717,2.9816696328781864,0.0299545823134528,16.698309044228775
CHL-2016,Chile,CHL,2016,2,0.378183852893491,2.2216547489561305,99.7,26.21406280814728,4.348773532170441,2.6894465880291403,0.0070217503844221,16.70852471054748
CHL-2017,Chile,CHL,2017,2,0.378183852893491,1.3963532223948405,100.0,26.24210277088978,3.786193558931184,2.2216547489561305,0.0071656778225496,16.720618864247875
CHL-2018,Chile,CHL,2018,2,0.378183852893491,1.7136944503101443,99.7,26.34422545950849,2.182718468685193,1.3963532223948405,0.0083333916899708,16.736458345965563
CHL-2019,Chile,CHL,2019,2,0.378183852893491,2.2884583938162937,100.0,26.413143969347946,2.434889813530572,1.7136944503101443,0.0122096396579944,16.75431220349786
CHL-2020,Chile,CHL,2020,2,0.378183852893491,2.210433930283984,100.0,26.351995826779675,2.557544757033266,2.2884583938162937,0.01138461169495,16.770303382183798
CHL-2021,Chile,CHL,2021,2,0.378183852893491,2.274542824180116,100.0,26.261008329622918,3.045490848043265,2.210433930283984,0.0073483419512708,16.779268301253957
CHL-2022,Chile,CHL,2022,2,0.378183852893491,2.529614041326509,100.0,26.47744827073518,4.524568382591437,2.274542824180116,0.0126983242549898,16.78368328193861
CHN-2001,China,CHN,2001,2,5.54445902741075,1.958124888116011,96.7,27.832945051189217,0.3478112268645869,1.9490626044857524,2.03905175243341,20.956474564796
CHN-2002,China,CHN,2002,2,5.54445902741075,1.9827270946565512,97.0,27.934849573772016,0.7191256091201137,1.958124888116011,1.32058497741337,20.96373837116865
CHN-2003,China,CHN,2003,2,5.54445902741075,1.948685154823404,97.2,28.02967755224864,-0.7319709023502436,1.9827270946565512,1.24409369454799,20.970438366840987
CHN-2004,China,CHN,2004,2,5.54445902741075,1.9471466571032487,97.4,28.152135613143525,1.127603487296372,1.948685154823404,1.28559248986066,20.976666976197475
CHN-2005,China,CHN,2005,2,5.54445902741075,2.2076510123389586,97.7,28.316235188080583,3.824637431081595,1.9471466571032487,1.63506369666261,20.982606304344
CHN-2006,China,CHN,2006,2,5.54445902741075,2.1973459591396414,97.9,28.47153226922367,1.776414076675707,2.2076510123389586,2.23061473485701,20.988487554235046
CHN-2007,China,CHN,2007,2,5.54445902741075,2.172998568005588,98.2,28.657599654609207,1.649430994558598,2.1973459591396414,2.2255244607283,20.994071297904505
CHN-2008,China,CHN,2008,2,5.54445902741075,2.012771705811223,98.5,28.913080944614794,4.816767673788345,2.172998568005588,1.75983053566581,20.99929401656445
CHN-2009,China,CHN,2009,2,5.54445902741075,1.6566196395050978,98.8,29.171611806523188,5.925251370410918,2.012771705811223,1.9902860340032,21.00441788587695
CHN-2010,China,CHN,2010,2,5.54445902741075,2.078929406550629,99.1,29.277673325200283,-0.7281652509328982,1.6566196395050978,0.899050539990343,21.009391699882052
CHN-2011,China,CHN,2011,2,5.54445902741075,2.006315198750672,99.7,29.454370474549645,3.175324752691991,2.078929406550629,1.22257362123247,21.014221296765218
CHN-2012,China,CHN,2012,2,5.54445902741075,1.7468162918947174,99.9,29.668566806482893,5.553898922574932,2.006315198750672,1.54520918045373,21.019685872709942
CHN-2013,China,CHN,2013,2,5.54445902741075,1.8140058466904825,99.9,29.79131250636247,2.619524326455406,1.7468162918947174,1.28348679227813,21.026469327293388
CHN-2014,China,CHN,2014,2,5.54445902741075,1.651515456193961,100.0,29.90758294675562,2.621050017481148,1.8140058466904825,1.07614082250695,21.03313005706539
CHN-2015,China,CHN,2015,2,5.54445902741075,1.5085931157923012,100.0,29.998881942776304,1.921641627885208,1.651515456193961,0.888100390466572,21.0394333209562
CHN-2016,China,CHN,2016,2,5.54445902741075,1.2087676128677398,100.0,30.05412459232152,1.437023809356548,1.5085931157923012,0.335243616051991,21.045247882418547
CHN-2017,China,CHN,2017,2,5.54445902741075,1.0934153392147172,100.0,30.06953682853316,2.000001821919434,1.2087676128677398,0.245866848453772,21.050978391475105
CHN-2018,China,CHN,2018,2,5.54445902741075,1.282227071700449,100.0,30.15974998005567,1.593136000714356,1.0934153392147172,0.313804041024999,21.057030841605584
CHN-2019,China,CHN,2019,2,5.54445902741075,1.069574428063156,100.0,30.28057783164737,2.07479039965576,1.282227071700449,0.413038667779282,21.061707562136863
CHN-2020,China,CHN,2020,2,5.54445902741075,1.294571123559226,100.0,30.3093106353678,2.899234163582267,1.069574428063156,0.298457754882779,21.065254971036047
CHN-2021,China,CHN,2021,2,5.54445902741075,1.3934928095369454,100.0,30.338832232900163,2.419421894577823,1.294571123559226,0.114304451775114,21.067635379736657
CHN-2022,China,CHN,2022,2,5.54445902741075,0.9082769824544884,100.0,30.532536041895572,0.9810151355448816,1.3934928095369454,0.308578757061099,21.06852790173644
CIV-1995,Côte d'Ivoire,CIV,1995,2,3.70627347527892,1.4096160204493815,36.5,22.84115345422286,26.08157199471616,1.1459874179475436,0.263283893930115,16.47487472947486
CIV-1996,Côte d'Ivoire,CIV,1996,2,3.70627347527892,1.1890009272369757,43.6312522888184,23.121174406703062,14.29506908519446,1.4096160204493815,0.230815868459038,16.513885167802272
CIV-1997,Côte d'Ivoire,CIV,1997,2,3.70627347527892,1.5710829762956904,44.6482124328613,23.61758273761239,2.480806691875511,1.1890009272369757,0.380359773738748,16.552621897040634
CIV-1998,Côte d'Ivoire,CIV,1998,2,3.70627347527892,2.0637341373196536,45.6617698669434,23.616276223858478,4.020833333333058,1.5710829762956904,0.319862757443427,16.59104313032214
CIV-1999,Côte d'Ivoire,CIV,1999,2,3.70627347527892,1.0458087003001344,46.6712455749512,23.699797694429265,4.611447595153724,2.0637341373196536,0.101604151054954,16.62875820142858
CIV-2000,Côte d'Ivoire,CIV,2000,2,3.70627347527892,1.147121000145414,48.2,23.66089178935655,0.7023758059559609,1.0458087003001344,0.162964832198363,16.66134602446462
CIV-2001,Côte d'Ivoire,CIV,2001,2,3.70627347527892,1.2606265138457722,48.7,23.531314235716053,2.530775167379969,1.147121000145414,0.308013121439312,16.689018981274685
CIV-2002,Côte d'Ivoire,CIV,2002,2,3.70627347527892,1.0014532544155716,49.7,23.545271731794788,4.361529140072564,1.2606265138457722,0.184450908626382,16.715772908955746
CIV-2003,Côte d'Ivoire,CIV,2003,2,3.70627347527892,0.7155896430525944,51.4,23.61665433555928,3.077264851574272,1.0014532544155716,0.449871788392484,16.74161254263829
CIV-2004,Côte d'Ivoire,CIV,2004,2,3.70627347527892,1.0182935389507886,51.5,23.779705286152964,3.29680746974208,0.7155896430525944,0.547536157690114,16.76653532943069
CIV-2005,Côte d'Ivoire,CIV,2005,2,3.70627347527892,1.1679419732432588,52.4,23.88071618590079,1.457988356007414,1.0182935389507886,0.868358242832743,16.790785040649293
CIV-2006,Côte d'Ivoire,CIV,2006,2,3.70627347527892,1.1311228304245202,58.9,23.90285676469525,3.885830398864819,1.1679419732432588,2.12719162540331,16.814659936559117
CIV-2007,Côte d'Ivoire,CIV,2007,2,3.70627347527892,1.218444497726285,60.2,23.953335309107537,2.467191485969148,1.1311228304245202,3.70627347527892,16.838215915027817
CIV-2008,Côte d'Ivoire,CIV,2008,2,3.70627347527892,1.1230227880690198,55.3,24.082254532322352,1.892006293495979,1.218444497726285,2.92984750032697,16.861487128400267
CIV-2009,Côte d'Ivoire,CIV,2009,2,3.70627347527892,0.9988262330728116,60.3,24.2519249030162,6.308527691525781,1.1230227880690198,3.23685198449427,16.884234895563782
CIV-2010,Côte d'Ivoire,CIV,2010,2,3.70627347527892,0.8996829323836376,57.3,24.24629178601671,1.019504577311376,0.9988262330728116,1.55323608726763,16.906459416033595
CIV-2011,Côte d'Ivoire,CIV,2011,2,3.70627347527892,0.750492356404232,58.4,24.276792468669672,1.226456121354798,0.8996829323836376,1.97607516845206,16.928495326462812
CIV-2012,Côte d'Ivoire,CIV,2012,2,3.70627347527892,0.8160869726742198,55.8,24.32587120953972,4.9124339505245,0.750492356404232,2.38568766510419,16.95022190231203
CIV-2013,Côte d'Ivoire,CIV,2013,2,3.70627347527892,0.8478934790065659,55.8,24.315147016378464,1.304511199156063,0.8160869726742198,2.01610713884301,16.97110910332852
CIV-2014,Côte d'Ivoire,CIV,2014,2,3.70627347527892,0.8085167440277351,61.5,24.478874430235177,2.581170372529356,0.8478934790065659,1.32089224861062,16.991051901325182
CIV-2015,Côte d'Ivoire,CIV,2015,2,3.70627347527892,0.9362428867669388,61.9,24.611877024318115,0.4486820767661412,0.8085167440277351,0.691789500523942,17.015301254872075
CIV-2016,Côte d'Ivoire,CIV,2016,2,3.70627347527892,1.0119709669001673,62.6,24.547877498214508,1.251499547814676,0.9362428867669388,0.366602851194199,17.044191871513355
CIV-2017,Côte d'Ivoire,CIV,2017,2,3.70627347527892,1.3776662668195805,64.3,24.60292598983514,0.7231784575133081,1.0119709669001673,0.384370728252087,17.073199551412287
CIV-2018,Côte d'Ivoire,CIV,2018,2,3.70627347527892,0.9231611705877908,65.6,24.68431410267225,0.6858810653046031,1.3776662668195805,0.811412807702894,17.101423267958054
CIV-2019,Côte d'Ivoire,CIV,2019,2,3.70627347527892,1.1413662786769263,67.1,24.792676753071586,0.401297817263547,0.9231611705877908,0.930497052970617,17.128392949666154
CIV-2020,Côte d'Ivoire,CIV,2020,2,3.70627347527892,0.971114371534598,68.6,24.823971701420035,0.7908555120536607,1.1413662786769263,0.857465003549306,17.15458463284249
CIV-2021,Côte d'Ivoire,CIV,2021,2,3.70627347527892,1.4039565466090016,69.9,24.8668425736754,2.412526171890529,0.971114371534598,0.371217181360166,17.179886612310003
CIV-2022,Côte d'Ivoire,CIV,2022,2,3.70627347527892,1.5520759017074923,71.1,25.01090811711065,4.159196579117976,1.4039565466090016,0.70017290136454,17.204626485208394
CMR-1992,Cameroon,CMR,1992,1,8.68450877617334,0.2396182067004128,29.0,23.19476570760394,0.0600513305003454,-0.1221438163302409,4.65315901033898,16.27229041552812
CMR-1993,Cameroon,CMR,1993,1,8.68450877617334,0.0316397075602133,32.6975250244141,23.214135947904403,-0.0160550458717418,0.2396182067004128,4.7419927824119,16.300946567616617
CMR-1994,Cameroon,CMR,1994,1,8.68450877617334,0.0412614467908567,33.849193572998,23.507153900107657,-3.20655456915868,0.0316397075602133,3.08798938410601,16.329420192125262
CMR-1995,Cameroon,CMR,1995,1,8.68450877617334,0.1385899162306351,34.9995040893555,22.909591935825723,35.09446184594641,0.0412614467908567,3.96666682607101,16.35749861862757
CMR-1996,Cameroon,CMR,1996,1,8.68450877617334,0.8392093255759043,36.1477737426758,23.108791509055344,9.06969071921509,0.1385899162306351,3.7645468556202,16.38495112253187
CMR-1997,Cameroon,CMR,1997,1,8.68450877617334,1.130211345377592,37.2933235168457,23.129628689971508,3.924063727497982,0.8392093255759043,4.21594793357001,16.411866002171134
CMR-1998,Cameroon,CMR,1998,1,8.68450877617334,0.4712192735280416,38.435474395752,23.10183542345001,4.786238818603755,1.130211345377592,4.60078884361968,16.43838152086693
CMR-1999,Cameroon,CMR,1999,1,8.68450877617334,0.2982585889739543,40.7,23.1479043891368,3.170751853869066,0.4712192735280416,2.051675402548,16.4648619358756
CMR-2000,Cameroon,CMR,2000,1,8.68450877617334,1.201094892016874,40.7067756652832,23.1713205927563,1.871745006720085,0.2982585889739543,2.7393088165397,16.491391568056166
CMR-2001,Cameroon,CMR,2001,1,8.68450877617334,-0.1063262537422,41.0,23.0809619606084,1.227190129761323,1.201094892016874,5.65350106318017,16.517719196983666
CMR-2002,Cameroon,CMR,2002,1,8.68450877617334,2.1113093862692422,46.2,23.11692353937725,4.419772458811458,-0.1063262537422,3.59717199204675,16.543983520836914
CMR-2003,Cameroon,CMR,2003,1,8.68450877617334,1.486168106881557,44.0,23.24235258070569,2.834422601280668,2.1113093862692422,3.05284107934737,16.570796000684467
CMR-2004,Cameroon,CMR,2004,1,8.68450877617334,0.3536970932207395,45.1,23.49399752571579,0.6231635573743164,1.486168106881557,2.31676395154355,16.59807071231974
CMR-2005,Cameroon,CMR,2005,1,8.68450877617334,1.0467233374531408,47.1,23.65851610452295,0.2336473800675835,0.3536970932207395,2.75939445890458,16.62554486104953
CMR-2006,Cameroon,CMR,2006,1,8.68450877617334,0.2791018436656917,47.2,23.69418541635715,2.013539501759865,1.0467233374531408,5.28439433394488,16.65310224425257
CMR-2007,Cameroon,CMR,2007,1,8.68450877617334,0.7266369516609696,49.0,23.76351788265098,5.117578160194693,0.2791018436656917,6.18342969188823,16.68058775546917
CMR-2008,Cameroon,CMR,2008,1,8.68450877617334,0.0756823977284952,48.2,23.898325624369317,0.9214022456500954,0.7266369516609696,6.03958891829607,16.70865053635569
CMR-2009,Cameroon,CMR,2009,1,8.68450877617334,1.7091666056595922,50.6,24.045244744607967,5.337806276274985,0.0756823977284952,7.12107584128101,16.73727638011924
CMR-2010,Cameroon,CMR,2010,1,8.68450877617334,1.4208312632674691,51.7,24.053073559910857,3.043618479399991,1.7091666056595922,3.18641938368574,16.765930300865584
CMR-2011,Cameroon,CMR,2011,1,8.68450877617334,1.5014547649584684,52.8,24.037724597945896,1.275380462423383,1.4208312632674691,4.14191421736693,16.794506914056875
CMR-2012,Cameroon,CMR,2012,1,8.68450877617334,1.3253223382413313,53.7,24.14527548298485,2.93969946305091,1.5014547649584684,5.25804310748538,16.82279114234682
CMR-2013,Cameroon,CMR,2013,1,8.68450877617334,1.2610938938334395,55.2,24.12961865084381,2.735296775295393,1.3253223382413313,5.26170344833076,16.850921612819235
CMR-2014,Cameroon,CMR,2014,1,8.68450877617334,1.4413269373770066,56.3,24.241612607073648,2.050347180017408,1.2610938938334395,4.19597685270569,16.87901254859009
CMR-2015,Cameroon,CMR,2015,1,8.68450877617334,1.5111493623059302,56.8,24.31746489234699,1.854898503667769,1.4413269373770066,3.67835628658685,16.909271766701025
CMR-2016,Cameroon,CMR,2016,1,8.68450877617334,1.4271236632895468,58.6,24.19555003470784,2.676235314198996,1.5111493623059302,1.89664344480798,16.94066519990367
CMR-2017,Cameroon,CMR,2017,1,8.68450877617334,1.5526770765869602,59.8,24.244150722439606,0.874190383288856,1.4271236632895468,1.55546940126434,16.97055852111667
CMR-2018,Cameroon,CMR,2018,1,8.68450877617334,1.4048972251255043,60.9,24.30951845311419,0.6404091498819502,1.5526770765869602,2.19707562839754,16.99890849974382
CMR-2019,Cameroon,CMR,2019,1,8.68450877617334,1.6777696373834463,62.2,24.41103347799507,1.068858113129201,1.4048972251255043,2.78430133697793,17.02661159736337
CMR-2020,Cameroon,CMR,2020,1,8.68450877617334,1.2782720929751112,63.2,24.40380454173416,2.452802140627324,1.6777696373834463,2.42269397588966,17.054428040382177
CMR-2021,Cameroon,CMR,2021,1,8.68450877617334,1.504807480980263,64.3,24.4312918497114,2.437608821822364,1.2782720929751112,1.28058779283346,17.08167290280966
CMR-2022,Cameroon,CMR,2022,1,8.68450877617334,1.4820309240585965,65.4,24.53019356593411,2.271857625036371,1.504807480980263,2.36159953238547,17.108222509468124
COD-2001,"Congo, Dem. Rep.",COD,2001,1,2.83293568116403,1.1229439268733257,6.7,23.672328128262837,513.9068437475354,0.4753477118782675,0.862629545247728,17.73763126952393
COD-2002,"Congo, Dem. Rep.",COD,2002,1,2.83293568116403,1.5085116516870407,7.1,22.729893255806317,359.9366142645858,1.1229439268733257,1.71728779678104,17.76930193235908
COD-2003,"Congo, Dem. Rep.",COD,2003,1,2.83293568116403,2.1824548238611947,7.7,22.889806499553178,31.52258260254952,1.5085116516870407,1.45214336853988,17.799863992366205
COD-2004,"Congo, Dem. Rep.",COD,2004,1,2.83293568116403,2.087938833950504,8.3,22.91352924825336,12.87396571874048,2.1824548238611947,1.59353042142954,17.82907642507385
COD-2005,"Congo, Dem. Rep.",COD,2005,1,2.83293568116403,1.1538451822495102,9.0,23.05516538021622,3.994384008159708,2.087938833950504,2.13752329731202,17.85852221097908
COD-2006,"Congo, Dem. Rep.",COD,2006,1,2.83293568116403,1.2772400802631676,6.0,23.257734462036797,21.31681672293408,1.1538451822495102,2.66413154294407,17.88923948749085
COD-2007,"Congo, Dem. Rep.",COD,2007,1,2.83293568116403,2.9821302936440315,10.2,23.463075945889805,13.05269497451011,1.2772400802631676,2.58333183654341,17.920067941338424
COD-2008,"Congo, Dem. Rep.",COD,2008,1,2.83293568116403,2.725489553924868,15.2,23.634246420686804,16.94510065419499,2.9821302936440315,2.54642184974013,17.95032109934068
COD-2009,"Congo, Dem. Rep.",COD,2009,1,2.83293568116403,-1.0827220109397089,11.6,23.846664972020285,17.30138457001566,2.725489553924868,2.83293568116403,17.980479227151672
COD-2010,"Congo, Dem. Rep.",COD,2010,1,2.83293568116403,3.1242831144548497,12.3,23.6468176362271,2.799999999999817,-1.0827220109397089,1.37907393656144,18.011388998597972
COD-2011,"Congo, Dem. Rep.",COD,2011,1,2.83293568116403,2.4995249722695987,13.0,23.90803216846676,7.100000000000371,3.1242831144548497,1.80606291179953,18.043264157409112
COD-2012,"Congo, Dem. Rep.",COD,2012,1,2.83293568116403,2.960639519201231,13.7,23.99634115553601,15.316515913949,2.4995249722695987,2.44284320183572,18.0760658133975
COD-2013,"Congo, Dem. Rep.",COD,2013,1,2.83293568116403,2.285687761030353,15.4,24.125441737360624,9.721828062733644,2.960639519201231,2.05735950238427,18.109451861893856
COD-2014,"Congo, Dem. Rep.",COD,2014,1,2.83293568116403,2.072631024495904,15.2,24.275500174719912,0.8082231014871106,2.285687761030353,1.5624595976329,18.14346894636736
COD-2015,"Congo, Dem. Rep.",COD,2015,1,2.83293568116403,1.7867558053771693,13.5,24.37009808152757,1.243038897608026,2.072631024495904,1.0574581164719,18.17737584926105
COD-2016,"Congo, Dem. Rep.",COD,2016,1,2.83293568116403,1.6153694803978094,16.6,24.416624606214985,0.74419899478147,1.7867558053771693,0.345534121829134,18.21039828311729
COD-2017,"Congo, Dem. Rep.",COD,2017,1,2.83293568116403,1.750473603566208,17.3,24.37652392209133,2.885851072899884,1.6153694803978094,0.306678110044986,18.245808365011783
COG-2001,"Congo, Rep.",COG,2001,3,55.9533665542603,-2.281428904968949,29.4,21.895106188893607,-0.8819915170254309,-1.8311429100049308,55.9533665542603,14.963340221121792
COG-2002,"Congo, Rep.",COG,2002,3,55.9533665542603,2.5850927428319355,30.3,21.751707634233263,0.0559899218140582,-2.281428904968949,43.2924415564204,15.00107638861627
COG-2003,"Congo, Rep.",COG,2003,3,55.9533665542603,2.536819630260618,31.2,21.83323041879613,4.378759717808726,2.5850927428319355,40.6339102482945,15.024701325013435
COG-2004,"Congo, Rep.",COG,2004,3,55.9533665542603,1.3987529260529905,32.1,21.977091979713048,-0.631844987363156,2.536819630260618,32.8203228243625,15.052653306406334
COG-2005,"Congo, Rep.",COG,2005,3,55.9533665542603,3.18391637358783,33.0,22.26163192002756,2.429766079617993,1.3987529260529905,36.7574181614469,15.08683027993803
COG-2006,"Congo, Rep.",COG,2006,3,55.9533665542603,3.6087275842481352,33.8,22.61788294446909,3.094490114561818,3.18391637358783,44.9456173814714,15.122868307793754
COG-2007,"Congo, Rep.",COG,2007,3,55.9533665542603,3.480129118179303,34.9,22.81170490794395,6.537843952996039,3.6087275842481352,50.1208093428642,15.16030821783384
COG-2008,"Congo, Rep.",COG,2008,3,55.9533665542603,3.5107056671508428,35.8,22.896050105821388,2.654646450607025,3.480129118179303,43.9536353057112,15.19690066285481
COG-2009,"Congo, Rep.",COG,2009,3,55.9533665542603,3.198615612781837,36.8,23.17855980009753,4.958750920231519,3.5107056671508428,48.8603735696485,15.22978918141721
COG-2010,"Congo, Rep.",COG,2010,3,55.9533665542603,3.144053056885649,37.1,22.997790895359408,4.415003747952232,3.198615612781837,32.0193923725837,15.269748573668853
COG-2011,"Congo, Rep.",COG,2011,3,55.9533665542603,1.4016415121429011,40.0,23.299565627112983,0.3915250112276121,3.144053056885649,40.9410251641332,15.311172869239355
COG-2012,"Congo, Rep.",COG,2012,3,55.9533665542603,-0.3820380696894471,40.8,23.47408069335061,1.759587042738031,1.4016415121429011,48.6661331517592,15.343678760265108
COG-2013,"Congo, Rep.",COG,2013,3,55.9533665542603,3.0431827265626343,41.6,23.596429904630263,5.01018773134471,-0.3820380696894471,38.0875246076633,15.37164283682433
COG-2014,"Congo, Rep.",COG,2014,3,55.9533665542603,3.475034755911748,42.5,23.611341666776035,4.631616197294613,3.0431827265626343,29.6858074019147,15.395952109956784
COG-2015,"Congo, Rep.",COG,2015,3,55.9533665542603,4.231945276841862,43.4,23.60914535756056,0.9121395454500976,3.475034755911748,24.8226399767107,15.420112998324193
COG-2016,"Congo, Rep.",COG,2016,3,55.9533665542603,0.4478478753052436,44.3,23.24376433733393,3.169097967508294,4.231945276841862,12.2746700668843,15.444276867618186
COG-2017,"Congo, Rep.",COG,2017,3,55.9533665542603,4.312930329137635,45.3,23.1148986461028,3.190561797237732,0.4478478753052436,12.8004971968497,15.468493857117297
COG-2018,"Congo, Rep.",COG,2018,3,55.9533665542603,4.0679036154906765,46.2,23.194282553392085,0.4500638232855464,4.312930329137635,25.0227768251894,15.49279625986241
COG-2019,"Congo, Rep.",COG,2019,3,55.9533665542603,-3.019367809238191,47.0,23.416127966978703,1.152778963755232,4.0679036154906765,38.248715891351,15.517184657597689
COG-2020,"Congo, Rep.",COG,2020,3,55.9533665542603,-3.544232944864951,47.7,23.360653042750727,2.206073057815252,-3.019367809238191,35.8517991110343,15.541248095233655
COG-2021,"Congo, Rep.",COG,2021,3,55.9533665542603,-1.5129105825947489,48.7,23.162886329543745,1.795371470831075,-3.544232944864951,22.4084125429251,15.565195860142282
COG-2022,"Congo, Rep.",COG,2022,3,55.9533665542603,1.9279801338150373,49.7,23.419627338042616,1.715642754512603,-1.5129105825947489,34.3828809069635,15.589137284861842
COL-1991,Colombia,COL,1991,4,6.932640671944,0.8303555238694196,89.9,24.591213451106057,29.15202459762154,0.9128804174785902,5.85725180474062,17.294904945038997
COL-1992,Colombia,COL,1992,4,6.932640671944,1.0459480478978698,91.8366546630859,24.61866270928069,30.38782048544356,0.8303555238694196,3.02073717145768,17.31499468506064
COL-1993,Colombia,COL,1993,4,6.932640671944,1.1629573499058974,92.1326599121094,24.790906767173848,27.01062662313608,1.0459480478978698,2.83229170281085,17.33480417067646
COL-1994,Colombia,COL,1994,4,6.932640671944,1.335985872544584,92.4279937744141,24.919667536729488,22.44248285332751,1.1629573499058974,2.45619870164746,17.3547720356788
COL-1995,Colombia,COL,1995,4,6.932640671944,0.9140836188502643,92.7219619750977,25.126362687919254,22.84624175530448,1.335985872544584,1.94674410530817,17.374492323831923
COL-1996,Colombia,COL,1996,4,6.932640671944,1.8806470736974457,91.2,25.250553174412083,20.8917930194849,0.9140836188502643,2.53983784015495,17.3935886942856
COL-1997,Colombia,COL,1997,4,6.932640671944,2.3537409032046512,93.3031005859375,25.29962606581018,20.79757551274016,1.8806470736974457,3.29062171473192,17.41180163979288
COL-1998,Colombia,COL,1998,4,6.932640671944,1.7776811451187136,93.5889129638672,25.39290743187249,18.47002171190891,2.3537409032046512,2.73078985975652,17.429697446005832
COL-1999,Colombia,COL,1999,4,6.932640671944,1.3256958961486258,93.8706436157227,25.312751053845982,18.67697992766719,1.7776811451187136,1.79752139116737,17.447612390433594
COL-2000,Colombia,COL,2000,4,6.932640671944,1.6245274327992054,94.1475296020508,25.179775429632127,10.87368708574707,1.3256958961486258,3.89182280764251,17.464995747865814
COL-2001,Colombia,COL,2001,4,6.932640671944,1.6796138901299895,95.2,25.32718599149092,9.225348185853658,1.6245274327992054,5.13691457442314,17.481375574938387
COL-2002,Colombia,COL,2002,4,6.932640671944,1.520705631443101,98.5,25.31027858186178,7.96556090304834,1.6796138901299895,3.3895291211657,17.497095043378415
COL-2003,Colombia,COL,2003,4,6.932640671944,1.3590716095236943,94.9,25.30768023212193,6.351507287788722,1.520705631443101,3.4723491449574,17.5124742712189
COL-2004,Colombia,COL,2004,4,6.932640671944,1.705361796410374,95.1,25.273398561135227,7.129788629418602,1.3590716095236943,3.70073313323441,17.52755536143462
COL-2005,Colombia,COL,2005,4,6.932640671944,2.6483255074772107,95.3,25.486229345993195,5.904020055465022,1.705361796410374,3.84640284854431,17.542243733631764
COL-2006,Colombia,COL,2006,4,6.932640671944,2.1356957508354912,96.8,25.704132610111746,5.051019626896957,2.6483255074772107,4.6618753019502,17.556246375412684
COL-2007,Colombia,COL,2007,4,6.932640671944,2.166980298964162,95.7,25.80958332335483,4.293423636289266,2.1356957508354912,5.14627956079988,17.56950067419941
COL-2008,Colombia,COL,2008,4,6.932640671944,2.177686059540777,96.0,26.05225566173706,5.544384858151555,2.166980298964162,4.23708928157192,17.582169583867444
COL-2009,Colombia,COL,2009,4,6.932640671944,1.9536371949757163,96.8,26.2142846625339,6.996884955545109,2.177686059540777,5.53392629328463,17.594203499071423
COL-2010,Colombia,COL,2010,4,6.932640671944,1.5478551496685686,96.1,26.172021270569847,4.202516612164816,1.9536371949757163,3.27049268265203,17.60585263581619
COL-2011,Colombia,COL,2011,4,6.932640671944,2.181352554083905,96.8,26.38099925649462,2.272002278920081,1.5478551496685686,4.39207978728564,17.617212319197417
COL-2012,Colombia,COL,2012,4,6.932640671944,2.1085122752789607,96.7,26.53729527352985,3.4150334477625,2.181352554083905,6.932640671944,17.627925691726062
COL-2013,Colombia,COL,2013,4,6.932640671944,2.1519145768414707,97.0,26.638635054233472,3.169301888400553,2.1085122752789607,6.20532168790636,17.637954769771113
COL-2014,Colombia,COL,2014,4,6.932640671944,2.1515813996022617,97.8,26.668931695787386,2.016992243103834,2.1519145768414707,5.87412217837008,17.647441862852087
COL-2015,Colombia,COL,2015,4,6.932640671944,2.0848179196893155,97.8,26.66669720241282,2.898837877617376,2.1515813996022617,5.26376178203189,17.65636897829878
COL-2016,Colombia,COL,2016,4,6.932640671944,2.292964778997821,98.2,26.40511747994537,4.989831158495299,2.0848179196893155,2.62770808784162,17.66501840188146
COL-2017,Colombia,COL,2017,4,6.932640671944,2.185909706466762,98.4,26.36772320024053,7.513460246276745,2.292964778997821,1.86176731845908,17.67492388716488
COL-2018,Colombia,COL,2018,4,6.932640671944,1.93245769360307,98.5,26.465842251514864,4.314313256950107,2.185909706466762,2.42584234973897,17.689438659478032
COL-2019,Colombia,COL,2019,4,6.932640671944,2.171920824059476,98.5,26.5350001212541,3.240569329305694,1.93245769360307,3.64006660382347,17.707830037585527
COL-2020,Colombia,COL,2020,4,6.932640671944,1.7393128145715273,99.4,26.501016301464013,3.523019327414469,2.171920824059476,3.14271008185612,17.72569158799686
COL-2021,Colombia,COL,2021,4,6.932640671944,1.8190019053978053,99.7,26.32297712197133,2.526635000847062,1.7393128145715273,1.56279790261714,17.74005480444382
COL-2022,Colombia,COL,2022,4,6.932640671944,2.3067826586471023,100.0,26.486965650338096,3.495057573994483,1.8190019053978053,3.42402487593374,17.751019086768043
COM-2002,Comoros,COM,2002,1,0.0,0.1005465075663471,42.0,19.736409087464907,5.554593948168124,0.3027760869049752,0.0,13.212608021747076
COM-2003,Comoros,COM,2003,1,0.0,0.1445582083981315,44.8,19.873137474221608,3.533042143080776,0.1005465075663471,0.0,13.233768785828047
COM-2004,Comoros,COM,2004,1,0.0,0.1078017356245963,46.5,20.11964860194181,3.799081366719004,0.1445582083981315,0.0,13.25303894604265
COM-2005,Comoros,COM,2005,1,0.0,0.0851711781694834,48.7,20.24954275730729,4.474992890781065,0.1078017356245963,0.0,13.271998161620989
COM-2006,Comoros,COM,2006,1,0.0,0.1128210356929429,51.0,20.300718296720664,3.013323950581202,0.0851711781694834,0.0,13.292406528814716
COM-2007,Comoros,COM,2007,1,0.0,0.8576456373918246,53.2,20.35002390447168,3.374363601212043,0.1128210356929429,0.0,13.31257704275383
COM-2008,Comoros,COM,2008,1,0.0,0.4882609207703389,55.5,20.49469904876524,4.466167100981319,0.8576456373918246,0.0,13.332507602399197
COM-2009,Comoros,COM,2009,1,0.0,1.2105570904038812,57.8,20.635154701588707,1.700781762845304,0.4882609207703389,0.0,13.35237608197196
COM-2010,Comoros,COM,2010,1,0.0,0.8234155766480555,60.1,20.623822418142517,4.362348293257194,1.2105570904038812,0.0,13.372262582506938
COM-2011,Comoros,COM,2011,1,0.0,1.55407985706476,69.7,20.626732301308937,3.354757703289194,0.8234155766480555,0.0,13.392141628686025
COM-2012,Comoros,COM,2012,1,0.0,0.8963821713650628,69.3,20.74609083021472,1.8426630075619,1.55407985706476,0.0,13.41212877821976
COM-2013,Comoros,COM,2013,1,0.0,0.3705641607174947,69.3,20.738984555707127,6.314744503151774,0.8963821713650628,0.0,13.43224373468366
COM-2014,Comoros,COM,2014,1,0.0,0.3969890004542014,69.4,20.833216598515783,-4.294873315367564,0.3705641607174947,0.0,13.453382199726912
COM-2015,Comoros,COM,2015,1,0.0,0.4910553869645143,71.8,20.86266907418369,7.547553790967113,0.3969890004542014,0.0,13.47513631842175
COM-2016,Comoros,COM,2016,1,0.0,0.3455410416459772,74.1,20.688705035457,-0.1171738841900699,0.4910553869645143,0.0,13.496245622908775
COM-2017,Comoros,COM,2017,1,0.0,0.356196482313758,76.4,20.736019654349548,0.7975174308884871,0.3455410416459772,0.0,13.516756752789885
COM-2018,Comoros,COM,2018,1,0.0,0.4606814358203313,78.7,20.797853468954138,-0.2373622241546134,0.356196482313758,0.0,13.536682506066116
COM-2019,Comoros,COM,2019,1,0.0,0.3525456238068891,81.0,20.896208087229848,2.151550844130334,0.4606814358203313,0.0,13.556209895871037
COM-2020,Comoros,COM,2020,1,0.0,0.3113316180212472,83.3,20.90142836772023,3.582135444692111,0.3525456238068891,0.0,13.575448441445744
COM-2021,Comoros,COM,2021,1,0.0,0.3050726010264298,85.6,20.9262386784809,0.7866419294991515,0.3113316180212472,0.0,13.595068354721723
COM-2022,Comoros,COM,2022,1,0.0,0.3173156222470876,87.9,20.98489083839769,-0.0044179368234698,0.3050726010264298,0.0,13.614831529134069
CPV-2001,Cabo Verde,CPV,2001,3,0.0,1.2490528226498634,58.6,20.105647707207048,-2.47745668519835,2.546628225017258,0.0,13.024349144942684
CPV-2002,Cabo Verde,CPV,2002,3,0.0,1.6011543672205302,60.3,20.148950903876216,3.349964723178944,1.2490528226498634,0.0,13.039620694743189
CPV-2003,Cabo Verde,CPV,2003,3,0.0,2.2769457349577054,58.6,20.24604806981633,1.884534100767649,1.6011543672205302,0.0,13.054185173985214
CPV-2004,Cabo Verde,CPV,2004,3,0.0,2.687405044851708,63.7,20.51656199734963,1.188170386205281,2.2769457349577054,0.0,13.067662177434242
CPV-2005,Cabo Verde,CPV,2005,3,0.0,2.810764011399101,65.4,20.645239442386643,-1.890821723061803,2.687405044851708,0.0,13.08023010687067
CPV-2006,Cabo Verde,CPV,2006,3,0.0,3.1694708217667973,67.0,20.695114971341653,0.4188916128551701,2.810764011399101,0.0,13.09214331657951
CPV-2007,Cabo Verde,CPV,2007,3,0.0,3.1481282899924645,68.8,20.82543558051641,5.369076870655489,3.1694708217667973,0.0,13.10364731957768
CPV-2008,Cabo Verde,CPV,2008,3,0.0,3.07136412513223,70.5,21.223811849872487,4.410997041934888,3.1481282899924645,0.0,13.114716212227703
CPV-2009,Cabo Verde,CPV,2009,3,0.0,2.615784875022714,72.3,21.39601674518888,6.774435463711429,3.07136412513223,0.0,13.125071706567704
CPV-2010,Cabo Verde,CPV,2010,3,0.0,2.5505447147415525,74.1,21.339712613536022,0.991103480568085,2.615784875022714,0.0,13.13457254131076
CPV-2011,Cabo Verde,CPV,2011,3,0.0,2.311532321744918,81.1,21.32470963329888,2.078664709064239,2.5505447147415525,0.0,13.141744347188022
CPV-2012,Cabo Verde,CPV,2012,3,0.0,2.599492526606031,82.3,21.439552223307388,4.473883421650231,2.311532321744918,0.0,13.145001197426827
CPV-2013,Cabo Verde,CPV,2013,3,0.0,2.1876987752355888,83.2,21.37198097888929,2.540396441671086,2.599492526606031,0.0,13.145993962828806
CPV-2014,Cabo Verde,CPV,2014,3,0.0,2.876075717299923,84.3,21.430764991535177,1.506542857014072,2.1876987752355888,0.0,13.146521212880565
CPV-2015,Cabo Verde,CPV,2015,3,0.0,2.404312622001496,85.3,21.437161337900584,-0.2387781449906236,2.876075717299923,0.0,13.14671837203256
CPV-2016,Cabo Verde,CPV,2016,3,0.0,2.619564061885439,86.4,21.2828002623453,0.1311879990245447,2.404312622001496,0.0,13.146851090955543
CPV-2017,Cabo Verde,CPV,2017,3,0.0,2.422859351163918,87.5,21.338337949049848,-1.407816370917059,2.619564061885439,0.0,13.147163301309806
CPV-2018,Cabo Verde,CPV,2018,3,0.0,2.2509979463602168,88.6,21.414782459344075,0.7844152511013344,2.422859351163918,0.0,13.147824475122157
CPV-2019,Cabo Verde,CPV,2019,3,0.0,2.398497768391084,90.2,21.514038473171613,1.256995666905092,2.2509979463602168,0.0,13.14884171171736
CPV-2020,Cabo Verde,CPV,2020,3,0.0,2.022434941454517,91.4,21.535163196583856,1.106666742960629,2.398497768391084,0.0,13.150182803730594
CPV-2021,Cabo Verde,CPV,2021,3,0.0,2.200043741430048,93.7,21.32296219610071,0.6057958083953855,2.022434941454517,0.0,13.151300627298928
CPV-2022,Cabo Verde,CPV,2022,3,0.0,2.3934855552790277,95.5,21.44200406526364,1.862152974946467,2.200043741430048,0.0,13.1551209416425
CRI-2001,Costa Rica,CRI,2001,3,0.177814056910713,2.0682639693762384,96.9,23.43222426416344,10.9615496593622,2.276200320544341,0.0,15.186117512639456
CRI-2002,Costa Rica,CRI,2002,3,0.177814056910713,2.17897140675193,98.2,23.4943643542094,11.25561570911717,2.0682639693762384,0.0,15.204039420724856
CRI-2003,Costa Rica,CRI,2003,3,0.177814056910713,2.20577073765984,98.5,23.53139186230815,9.167520485091188,2.17897140675193,0.0283908073416018,15.220554541184528
CRI-2004,Costa Rica,CRI,2004,3,0.177814056910713,2.462276995169715,98.7,23.57233865780303,9.447580916169835,2.20577073765984,0.0374595979479728,15.235912824467457
CRI-2005,Costa Rica,CRI,2005,3,0.177814056910713,2.7292985726961385,99.0,23.64699687081488,12.3148150178852,2.462276995169715,0.0613781507663448,15.250613892600509
CRI-2006,Costa Rica,CRI,2006,3,0.177814056910713,2.7675650884244,99.1,23.72102816961989,13.79829491089871,2.7292985726961385,0.13263457054308,15.265070990375698
CRI-2007,Costa Rica,CRI,2007,3,0.177814056910713,2.817478932735962,99.1,23.846315123825462,11.47059681490522,2.7675650884244,0.145655110180747,15.279076328717675
CRI-2008,Costa Rica,CRI,2008,3,0.177814056910713,2.765122315427772,99.2,24.01482321412873,9.357244564171571,2.817478932735962,0.177661149458376,15.292616130051837
CRI-2009,Costa Rica,CRI,2009,3,0.177814056910713,2.360607204611428,99.3,24.15083720403086,13.42446355072837,2.765122315427772,0.177814056910713,15.30617777216384
CRI-2010,Costa Rica,CRI,2010,3,0.177814056910713,2.32485729579767,99.4,24.14901644703,7.842701677006535,2.360607204611428,0.0442489217587359,15.319541731450046
CRI-2011,Costa Rica,CRI,2011,3,0.177814056910713,2.554215336930701,99.0,24.351827635302623,5.66275708420021,2.32485729579767,0.0,15.331947482357322
CRI-2012,Costa Rica,CRI,2012,3,0.177814056910713,2.442716263130346,99.2,24.47893004812912,4.877998309707021,2.554215336930701,0.0,15.343702405647711
CRI-2013,Costa Rica,CRI,2013,3,0.177814056910713,2.538568585896123,99.5,24.57833017198228,4.495453143546053,2.442716263130346,0.0649850267861909,15.355370070380188
CRI-2014,Costa Rica,CRI,2014,3,0.177814056910713,2.529368618334648,99.6,24.65410409539348,5.231336141744284,2.538568585896123,0.0577584252152377,15.366502922674544
CRI-2015,Costa Rica,CRI,2015,3,0.177814056910713,2.357775647247477,99.4,24.67482505992771,4.519200985169537,2.529368618334648,0.0518301508258059,15.377252906934949
CRI-2016,Costa Rica,CRI,2016,3,0.177814056910713,2.1990926075564587,99.4,24.75647799753729,0.8019820050996231,2.357775647247477,0.0200960578384208,15.387877556769274
CRI-2017,Costa Rica,CRI,2017,3,0.177814056910713,2.279205502320606,99.5,24.79820702516677,-0.0174788505908217,2.1990926075564587,0.0158677459016205,15.39798808335019
CRI-2018,Costa Rica,CRI,2018,3,0.177814056910713,2.2761152294478357,99.6,24.82617436784429,1.625906929917316,2.279205502320606,0.0058555348343444,15.407431540903598
CRI-2019,Costa Rica,CRI,2019,3,0.177814056910713,2.1418915908265244,99.7,24.85951606146495,2.221114615265805,2.2761152294478357,0.0090072249417001,15.41647648425498
CRI-2020,Costa Rica,CRI,2020,3,0.177814056910713,1.9232113068898515,99.7,24.893853663181208,2.09604635327807,2.1418915908265244,0.0069863479612975,15.424859266419816
CRI-2021,Costa Rica,CRI,2021,3,0.177814056910713,2.402072251055157,99.9,24.86332586599111,0.7249114781313759,1.9232113068898515,0.0034159082601099,15.431789219032966
CRI-2022,Costa Rica,CRI,2022,3,0.177814056910713,2.69111796166035,100.0,24.90667290264296,1.726477551092413,2.402072251055157,0.0089657936912584,15.436874867348244
CYM-2011,Cayman Islands,CYM,2011,4,0.0,7.304786305717189,100.0,22.14802127381728,0.2761408617501083,6.916463208749281,0.0,10.898589464834572
CYM-2012,Cayman Islands,CYM,2012,4,0.0,6.9093668207623535,100.0,22.155028925053845,1.325435757796641,7.304786305717189,0.0,10.9260643715946
CYM-2013,Cayman Islands,CYM,2013,4,0.0,7.368112679298919,100.0,22.179786697492204,1.188948452456078,6.9093668207623535,0.0,10.953207171781322
CYM-2014,Cayman Islands,CYM,2014,4,0.0,7.609893220434576,100.0,22.20618678924449,2.160611468133909,7.368112679298919,0.0,10.979445150639432
CYM-2015,Cayman Islands,CYM,2015,4,0.0,8.13729487639544,100.0,22.24121405694257,1.273979115333875,7.609893220434576,0.0,11.004779580825998
CYM-2016,Cayman Islands,CYM,2016,4,0.0,4.694660761172284,100.0,22.2725645468837,-2.347527701656152,8.13729487639544,0.0,11.029114957944724
CYM-2017,Cayman Islands,CYM,2017,4,0.0,4.575144580309213,100.0,22.314401732216496,-0.6252583586181402,4.694660761172284,0.0,11.052491896264268
CYP-1991,Cyprus,CYP,1991,3,0.0150445662460913,1.1483959146298346,100.0,22.444447289485147,4.502054628958404,1.556062364605337,0.0,13.57769996960666
CYP-1992,Cyprus,CYP,1992,3,0.0150445662460913,1.2245543799941805,100.0,22.475972119565203,5.035274388481045,1.1483959146298346,0.0,13.591047386334044
CYP-1993,Cyprus,CYP,1993,3,0.0150445662460913,1.057548369985933,100.0,22.65654663576382,6.510219530658193,1.2245543799941805,0.0,13.605211659760124
CYP-1994,Cyprus,CYP,1994,3,0.0150445662460913,0.8900790221116182,100.0,22.608863349780275,4.854166666666941,1.057548369985933,0.0,13.624392424486766
CYP-1995,Cyprus,CYP,1995,3,0.0150445662460913,1.6276433320790804,100.0,22.72821332247092,4.698589310549796,0.8900790221116182,0.0,13.646698929725831
CYP-1996,Cyprus,CYP,1996,3,0.0150445662460913,1.584032270526082,100.0,23.019142189487784,2.615817879563358,1.6276433320790804,0.0,13.667817648447915
CYP-1997,Cyprus,CYP,1997,3,0.0150445662460913,2.4453634175246446,100.0,23.02704168881065,2.978924864812664,1.584032270526082,0.0,13.688007813609389
CYP-1998,Cyprus,CYP,1998,3,0.0150445662460913,1.9294343908813596,100.0,22.979578318239025,3.605344443646296,2.4453634175246446,0.0,13.70744527661228
CYP-1999,Cyprus,CYP,1999,3,0.0150445662460913,2.7443260127306828,100.0,23.05040878020987,2.227707326543158,1.9294343908813596,0.0,13.726186326569543
CYP-2000,Cyprus,CYP,2000,3,0.0150445662460913,2.8437415518469358,100.0,23.07444176268432,1.629999999999973,2.7443260127306828,0.0,13.74426694116363
CYP-2001,Cyprus,CYP,2001,3,0.0150445662460913,2.90288580020705,100.0,23.02443465898753,4.141657647020552,2.8437415518469358,0.0,13.761759508928511
CYP-2002,Cyprus,CYP,2002,3,0.0150445662460913,2.9640396572516257,100.0,23.06486959461638,1.973041917299169,2.90288580020705,0.0,13.778979344861176
CYP-2003,Cyprus,CYP,2003,3,0.0150445662460913,2.530915571546972,100.0,23.15865208012882,2.801155051807451,2.9640396572516257,0.0,13.796777178818491
CYP-2004,Cyprus,CYP,2004,3,0.0150445662460913,2.5646559171860046,100.0,23.40067327827757,4.139065386868518,2.530915571546972,0.0,13.81510147430096
CYP-2005,Cyprus,CYP,2005,3,0.0150445662460913,2.540505324475661,100.0,23.57515956699916,2.286217068016785,2.5646559171860046,0.0,13.833228661207857
CYP-2006,Cyprus,CYP,2006,3,0.0150445662460913,2.928769158619477,100.0,23.637430752197822,2.560161323302347,2.540505324475661,0.001201771639014,13.851024409186229
CYP-2007,Cyprus,CYP,2007,3,0.0150445662460913,2.954858106195792,100.0,23.722629259284176,2.304687329785527,2.928769158619477,0.0012743349855961,13.868500462294886
CYP-2008,Cyprus,CYP,2008,3,0.0150445662460913,4.485719539644328,100.0,23.90001577904467,2.37265183669718,2.954858106195792,0.0011798865812592,13.885703375894112
CYP-2009,Cyprus,CYP,2009,3,0.0150445662460913,6.225226158006558,100.0,24.053982988495605,4.669008419024907,4.485719539644328,0.0150445662460913,13.902630012446654
CYP-2010,Cyprus,CYP,2010,3,0.0150445662460913,5.523656360995114,100.0,23.98321415077181,0.3262766522497934,6.225226158006558,0.0086811159973184,13.91930464741691
CYP-2011,Cyprus,CYP,2011,3,0.0150445662460913,5.715306227365469,100.0,23.97363801945336,2.430040841022509,5.523656360995114,0.0054958172488735,13.935794463836222
CYP-2012,Cyprus,CYP,2012,3,0.0150445662460913,6.362541841313639,100.0,24.0425860282631,3.2894493956421,5.715306227365469,0.0100066330418738,13.952219147947606
CYP-2013,Cyprus,CYP,2013,3,0.0150445662460913,5.376135878318018,100.0,23.9440371881924,2.389054100423264,6.362541841313639,0.0105936802654269,13.968573217540676
CYP-2014,Cyprus,CYP,2014,3,0.0150445662460913,6.144901628643967,100.0,23.89963946309537,-0.3993576764644253,5.376135878318018,0.0031621616968066,13.98432125273028
CYP-2015,Cyprus,CYP,2015,3,0.0150445662460913,5.61475137998668,100.0,23.86853439684916,-1.354988854463146,6.144901628643967,0.0022848977248968,13.99933265505099
CYP-2016,Cyprus,CYP,2016,3,0.0150445662460913,3.4558758546930357,100.0,23.71445124243738,-2.096997690531198,5.61475137998668,0.0,14.013953956659686
CYP-2017,Cyprus,CYP,2017,3,0.0150445662460913,5.908384732980768,100.0,23.769997837424096,-1.429166666666652,3.4558758546930357,0.0002762972912372,14.028290997242884
CYP-2018,Cyprus,CYP,2018,3,0.0150445662460913,6.420279657685502,100.0,23.856434889888902,0.5317664961744674,5.908384732980768,0.0,14.042069071651278
CYP-2019,Cyprus,CYP,2019,3,0.0150445662460913,6.761084582291768,100.0,23.97185623806724,1.435491195317592,6.420279657685502,0.0,14.05510839202238
CYP-2020,Cyprus,CYP,2020,3,0.0150445662460913,-6.383554532421036,100.0,23.98889778467122,0.2503709967584932,6.761084582291768,0.0,14.067569597842033
CYP-2021,Cyprus,CYP,2021,3,0.0150445662460913,3.776367015091018,100.0,23.96410204840009,-0.6384227979788614,-6.383554532421036,0.0,14.079602559802842
CYP-2022,Cyprus,CYP,2022,3,0.0150445662460913,0.1717775323554644,100.0,24.136807958269888,2.446088671754738,3.776367015091018,0.0,14.091102336474307
CZE-1994,Czechia,CZE,1994,4,0.0508088454131561,1.361312527137369,100.0,24.440627155194083,20.8130295438428,1.243546593724841,0.0143009433982058,16.15054890101802
CZE-1995,Czechia,CZE,1995,4,0.0508088454131561,2.1510682671898635,100.0,24.598385790848045,10.03942983514303,1.361312527137369,0.0125335992840751,16.150910118638915
CZE-1996,Czechia,CZE,1996,4,0.0508088454131561,1.494683410761355,100.0,24.82710487221067,8.990523614784488,2.1510682671898635,0.0137249404827816,16.15029697807103
CZE-1997,Czechia,CZE,1997,4,0.0508088454131561,1.4688747561671145,100.0,24.93988858066224,8.75877472878111,1.494683410761355,0.0239398023552188,16.14913316519144
CZE-1998,Czechia,CZE,1998,4,0.0508088454131561,2.4073555799782285,100.0,24.85906843399832,8.596156667155643,1.4688747561671145,0.0158931801493376,16.148055537803224
CZE-1999,Czechia,CZE,1999,4,0.0508088454131561,2.960181474167433,100.0,24.930748848059284,10.69836552748885,2.4073555799782285,0.0050770264010698,16.147108090378644
CZE-2000,Czechia,CZE,2000,4,0.0508088454131561,2.779067852651457,100.0,24.906636673588945,2.135448444173297,2.960181474167433,0.0159526982087267,16.146086331134995
CZE-2001,Czechia,CZE,2001,4,0.0508088454131561,2.8104592074388948,100.0,24.85322915612149,3.77538829151729,2.779067852651457,0.0350742549672057,16.143282190327263
CZE-2002,Czechia,CZE,2002,4,0.0508088454131561,3.0262343823575644,100.0,24.94476133669276,4.662675569882577,2.8104592074388948,0.02445812874736,16.139524993650966
CZE-2003,Czechia,CZE,2003,4,0.0508088454131561,1.4492129337462922,100.0,25.137370786670854,1.902980970190268,3.0262343823575644,0.0304619403231985,16.13759597766432
CZE-2004,Czechia,CZE,2004,4,0.0508088454131561,2.378185513452808,100.0,25.332785795998863,0.1187392055268148,1.4492129337462922,0.0351709363162619,16.1373097717852
CZE-2005,Czechia,CZE,2005,4,0.0508088454131561,2.998494472619131,100.0,25.511989320696134,2.760107816711535,2.378185513452808,0.0383298465371606,16.137614120238375
CZE-2006,Czechia,CZE,2006,4,0.0508088454131561,2.223326968769254,100.0,25.64517326789392,1.85709789109228,2.998494472619131,0.0508088454131561,16.138997379903284
CZE-2007,Czechia,CZE,2007,4,0.0508088454131561,2.6815786384821245,100.0,25.774635175375984,2.533992583436333,2.223326968769254,0.0436075630517138,16.14170533593077
CZE-2008,Czechia,CZE,2008,4,0.0508088454131561,2.026369501881601,100.0,25.970504108732506,2.853124372111702,2.6815786384821245,0.0367473553909014,16.147540757416355
CZE-2009,Czechia,CZE,2009,4,0.0508088454131561,1.6645534879375572,100.0,26.189240533977664,6.358663801523701,2.026369501881601,0.0429704222612688,16.15583488264427
CZE-2010,Czechia,CZE,2010,4,0.0508088454131561,2.275502139701344,100.0,26.055848788646195,1.019377353292298,1.6645534879375572,0.0244055189347667,16.16153217661138
CZE-2011,Czechia,CZE,2011,4,0.0508088454131561,1.3552586211054858,100.0,26.07592302212533,1.472727272727282,2.275502139701344,0.0217719950834572,16.164445793074613
CZE-2012,Czechia,CZE,2012,4,0.0508088454131561,2.2059239959284183,100.0,26.167540604400447,1.9172191363555,1.3552586211054858,0.0306168472969245,16.16651326955079
CZE-2013,Czechia,CZE,2013,4,0.0508088454131561,1.9529690070003949,100.0,26.07210150732584,3.287623066104114,2.2059239959284183,0.0305352758913579,16.16791252597498
CZE-2014,Czechia,CZE,2014,4,0.0508088454131561,2.0539229369253422,100.0,26.084672364858573,1.438297872340401,1.9529690070003949,0.0274970082447114,16.168244225403928
CZE-2015,Czechia,CZE,2015,4,0.0508088454131561,0.8080591223625088,100.0,26.074703432144588,0.3439885896467939,2.0539229369253422,0.0252681890510458,16.16929700111913
CZE-2016,Czechia,CZE,2016,4,0.0508088454131561,2.4016964584924763,100.0,25.96558252337874,0.3093645484949753,0.8080591223625088,0.0102914811209634,16.171262888417264
CZE-2017,Czechia,CZE,2017,4,0.0508088454131561,2.3262030498644943,100.0,26.012343949256312,0.6835042093857026,2.4016964584924763,0.0069249128799782,16.17318337239376
CZE-2018,Czechia,CZE,2018,4,0.0508088454131561,1.910300131203892,100.0,26.12397540871198,2.450533984601403,2.3262030498644943,0.0088162227585879,16.175839798778178
CZE-2019,Czechia,CZE,2019,4,0.0508088454131561,2.1391097514671493,100.0,26.25266460956674,2.149494949494928,1.910300131203892,0.0125584051035841,16.17918407108604
CZE-2020,Czechia,CZE,2020,4,0.0508088454131561,1.9353764687562127,100.0,26.271540858000822,2.847875959180411,2.1391097514671493,0.0083220468689857,16.18312195935834
CZE-2021,Czechia,CZE,2021,4,0.0508088454131561,2.1941139406793413,100.0,26.24915557550224,3.161295284978102,1.9353764687562127,0.0050720792275744,16.185554185952824
CZE-2022,Czechia,CZE,2022,4,0.0508088454131561,1.8276949993468108,100.0,26.39649533505957,3.839844915001462,2.1941139406793413,0.0096569642955021,16.16743547356168
DEU-1991,Germany,DEU,1991,1,0.034054769495246,0.2494193383033277,100.0,28.206601472628503,2.696468242923923,0.1432925749633955,0.022824397451738,18.190424834677664
DEU-1992,Germany,DEU,1992,1,0.034054769495246,-0.0974184955889155,100.0,28.26005239277351,4.047032597534664,0.2494193383033277,0.0098174380632187,18.197710890051887
DEU-1993,Germany,DEU,1993,1,0.034054769495246,0.0177115765742057,100.0,28.39247046821617,5.056977967317309,-0.0974184955889155,0.0089691067742224,18.20531435942443
DEU-1994,Germany,DEU,1994,1,0.034054769495246,0.3167360905411369,100.0,28.36288610312789,4.474576507528081,0.0177115765742057,0.0083135699848586,18.21188827152404
DEU-1995,Germany,DEU,1995,1,0.034054769495246,0.448528221928102,100.0,28.42640111050801,2.693056398549544,0.3167360905411369,0.0066846661801401,18.21535683796768
DEU-1996,Germany,DEU,1996,1,0.034054769495246,0.2593004969168827,100.0,28.5838570971336,1.706160413170763,0.448528221928102,0.0063393390797232,18.218295882368807
DEU-1997,Germany,DEU,1997,1,0.034054769495246,0.5271101451905781,100.0,28.54993901503848,1.449727019632387,0.2593004969168827,0.0090419036366161,18.22119063132797
DEU-1998,Germany,DEU,1998,1,0.034054769495246,0.9463870356133844,100.0,28.427983517733903,1.939369682215742,0.5271101451905781,0.0077800806854251,18.22265376412574
DEU-1999,Germany,DEU,1999,1,0.034054769495246,2.066737244807044,100.0,28.440955442885954,0.9111846871962244,0.9463870356133844,0.0024977050695113,18.222805200632447
DEU-2000,Germany,DEU,2000,1,0.034054769495246,3.2290898092195777,100.0,28.42576479798919,0.5854341921386225,2.066737244807044,0.0071320679965299,18.223451546403624
DEU-2001,Germany,DEU,2001,1,0.034054769495246,1.7850708577474987,100.0,28.30752084397372,1.440268387197411,3.2290898092195777,0.0201562303638046,18.22480586239107
DEU-2002,Germany,DEU,2002,1,0.034054769495246,1.624188384412242,100.0,28.307216165951264,1.983857313344713,1.7850708577474987,0.0153289209077331,18.226488115984
DEU-2003,Germany,DEU,2003,1,0.034054769495246,1.6766228935546554,100.0,28.37407726233105,1.42080615551526,1.624188384412242,0.016056222546191,18.228169399157668
DEU-2004,Germany,DEU,2004,1,0.034054769495246,-0.6653208757543579,100.0,28.561102525116205,1.034222186285621,1.6766228935546554,0.0165037382126426,18.22872303218683
DEU-2005,Germany,DEU,2005,1,0.034054769495246,1.4736362346195422,100.0,28.67915303165077,1.665736966559917,-0.6653208757543579,0.0185417711460884,18.228505934912963
DEU-2006,Germany,DEU,2006,1,0.034054769495246,1.7766780671710836,100.0,28.69345104259529,1.546911147513284,1.4736362346195422,0.027268431145628,18.22793815230149
DEU-2007,Germany,DEU,2007,1,0.034054769495246,1.1720432868691275,100.0,28.744951728912497,1.57742642840563,1.7766780671710836,0.0291731982459974,18.226810177338727
DEU-2008,Germany,DEU,2008,1,0.034054769495246,0.7426669326769589,100.0,28.879218443688853,2.298344007009506,1.1720432868691275,0.028013355499561,18.22547299162897
DEU-2009,Germany,DEU,2009,1,0.034054769495246,1.2648013030572691,100.0,28.968177153811748,2.628379816372193,0.7426669326769589,0.034054769495246,18.223571563205144
DEU-2010,Germany,DEU,2010,1,0.034054769495246,1.640355345186874,100.0,28.877635367371717,0.3127390073684469,1.2648013030572691,0.0184514937131976,18.22103772913441
DEU-2011,Germany,DEU,2011,1,0.034054769495246,1.6659689761074177,100.0,28.87433782860768,1.103810377892605,1.640355345186874,0.0190328024560215,18.21950574468376
DEU-2012,Germany,DEU,2012,1,0.034054769495246,1.3599397281577394,100.0,28.972207174994534,2.075172837358741,1.6659689761074177,0.0301021983000363,18.20096859862497
DEU-2013,Germany,DEU,2013,1,0.034054769495246,1.3333900139463173,100.0,28.91097760432366,2.008488847829562,1.3599397281577394,0.030322053441343,18.202845876607284
DEU-2014,Germany,DEU,2014,1,0.034054769495246,0.4248646585456546,100.0,28.96786884417672,1.504723302518763,1.3333900139463173,0.0270022581641135,18.205574878720217
DEU-2015,Germany,DEU,2015,1,0.034054769495246,1.3612673963118682,100.0,29.008494369162808,0.906794000434246,0.4248646585456546,0.0223645319543507,18.209743652260315
DEU-2016,Germany,DEU,2016,1,0.034054769495246,1.2718975927217515,100.0,28.86215166130684,0.5144261371254562,1.3612673963118682,0.0109585492863493,18.218400678593376
DEU-2017,Germany,DEU,2017,1,0.034054769495246,1.7827959287654556,100.0,28.894240056918093,0.4917470084451745,1.2718975927217515,0.0079542764068523,18.22647286388069
DEU-2018,Germany,DEU,2018,1,0.034054769495246,2.0949135297288404,100.0,28.9568623662078,1.509494851096283,1.7827959287654556,0.0108326903342219,18.23021010943436
DEU-2019,Germany,DEU,2019,1,0.034054769495246,1.400646759560882,100.0,29.03107863263609,1.732168797669418,2.0949135297288404,0.0150774778092678,18.23321537641797
DEU-2020,Germany,DEU,2020,1,0.034054769495246,2.206139816863205,100.0,29.00723857368046,1.445659768882534,1.400646759560882,0.0127922924108005,18.23547057513293
DEU-2021,Germany,DEU,2021,1,0.034054769495246,1.7960819765642593,100.0,29.00255684146509,0.1448779258139819,2.206139816863205,0.006730031424642,18.2362875067096
DEU-2022,Germany,DEU,2022,1,0.034054769495246,1.3614091079268698,100.0,29.102403578385445,3.06666666666673,1.7960819765642593,0.0140349033815617,18.23671077727706
DJI-2002,Djibouti,DJI,2002,1,0.0,0.5521611794385162,56.1,20.165379076566257,1.74665224985434,0.5625912650864224,0.0,13.555850832930703
DJI-2003,Djibouti,DJI,2003,1,0.0,1.564978501325327,49.7,20.19753305253202,0.63761955366632,0.5521611794385162,0.0,13.586820402642706
DJI-2004,Djibouti,DJI,2004,1,0.0,2.4560920625562903,56.4,20.2485224592426,1.98196734627545,1.564978501325327,0.0,13.609125790465018
DJI-2005,Djibouti,DJI,2005,1,0.0,1.859766171315308,56.6,20.316908485073395,3.12226204699352,2.4560920625562903,0.0,13.624501372772754
DJI-2006,Djibouti,DJI,2006,1,0.0,3.339440306786891,56.8,20.37884859621703,3.10496640148299,1.859766171315308,0.0,13.640166203783338
DJI-2007,Djibouti,DJI,2007,1,0.0,3.8308016594459136,55.5,20.460437255243043,3.48340699677866,3.339440306786891,0.0,13.659751084722595
DJI-2008,Djibouti,DJI,2008,1,0.0,3.819767806050346,57.2,20.55829558789833,4.96597654553301,3.8308016594459136,0.0,13.6814407346977
DJI-2009,Djibouti,DJI,2009,1,0.0,2.918802705263534,57.4,20.72237077676726,11.9586206896552,3.819767806050346,0.0,13.702045063299298
DJI-2010,Djibouti,DJI,2010,1,0.0,1.8900014359080688,57.6,20.771208676261253,1.67549587285963,2.918802705263534,0.0,13.72287759122477
DJI-2011,Djibouti,DJI,2011,1,0.0,2.551686390225591,57.9,20.84425413147835,3.95007875923886,1.8900014359080688,0.0,13.743210796166244
DJI-2012,Djibouti,DJI,2012,1,0.0,2.791999139139974,58.1,20.93768706134429,5.0687139477798,2.551686390225591,0.0,13.762699269901828
DJI-2013,Djibouti,DJI,2013,1,0.0,3.332720396703722,54.6,21.026057883488694,3.73120950756887,2.791999139139974,0.0,13.78169314068023
DJI-2014,Djibouti,DJI,2014,1,0.0,2.6284193542225496,58.6,21.438389967565545,2.70603242872186,3.332720396703722,0.0,13.800219239395316
DJI-2015,Djibouti,DJI,2015,1,0.0,2.480657012454971,58.9,21.52106036418234,1.34186494340162,2.6284193542225496,0.0,13.818224870881757
DJI-2016,Djibouti,DJI,2016,1,0.0,2.5148697510727147,59.1,21.608846520161958,-0.522166521445793,2.480657012454971,0.0,13.835620981023732
DJI-2017,Djibouti,DJI,2017,1,0.0,2.48685831042653,59.8,21.68068132570892,2.4025290543489,2.5148697510727147,0.0,13.852472953806734
DJI-2018,Djibouti,DJI,2018,1,0.0,2.4642807667619757,60.2,21.739431345972648,0.577285724560661,2.48685831042653,0.0,13.868901550643526
DJI-2019,Djibouti,DJI,2019,1,0.0,2.4352423221309496,62.4,21.79260881441984,0.138836400011405,2.4642807667619757,0.0,13.88492747286544
DJI-2020,Djibouti,DJI,2020,1,0.0,2.3188006896992075,64.7,21.85106516015285,3.31763203299603,2.4352423221309496,0.0,13.90050406709392
DJI-2021,Djibouti,DJI,2021,1,0.0,2.295596437998359,64.5,21.868805030429677,1.77900535643955,2.3188006896992075,0.0,13.915526919032176
DJI-2022,Djibouti,DJI,2022,1,0.0,2.360193613597977,65.4,21.94492047836706,1.18086783934059,2.295596437998359,0.0,13.929953800492983
DMA-1999,Dominica,DMA,1999,4,0.0,2.390234820477314,75.0,19.591338034848658,0.9991474579107484,1.4523248606216752,0.0,11.143671738824636
DMA-2000,Dominica,DMA,2000,4,0.0,2.3616572211363733,79.6219177246094,19.619920144153287,1.179477873941749,2.390234820477314,0.0,11.13999046854368
DMA-2001,Dominica,DMA,2001,4,0.0,2.064433237904345,81.1,19.62506457790516,0.8569468053584828,2.3616572211363733,0.0,11.13476419138941
DMA-2002,Dominica,DMA,2002,4,0.0,2.3779927644083205,82.1,19.748983013133,1.3038940346596,2.064433237904345,0.0,11.131503978415498
DMA-2003,Dominica,DMA,2003,4,0.0,2.8243853192222192,87.7,19.74296977776159,0.1700553301976812,2.3779927644083205,0.0,11.132660157883809
DMA-2004,Dominica,DMA,2004,4,0.0,2.5704189574246894,84.0,19.73794255293693,1.453368004372508,2.8243853192222192,0.0,11.135056068452863
DMA-2005,Dominica,DMA,2005,4,0.0,2.2787131613906992,85.0,19.79871889646384,2.394109820502985,2.5704189574246894,0.0,11.136776411196116
DMA-2006,Dominica,DMA,2006,4,0.0,2.5371690824480577,86.0,19.78538254602025,1.681900798775527,2.2787131613906992,0.0,11.13801380990552
DMA-2007,Dominica,DMA,2007,4,0.0,2.902518425992469,87.0,19.847814879612223,2.202391326316698,2.5371690824480577,0.0,11.139060762931893
DMA-2008,Dominica,DMA,2008,4,0.0,3.1555183472201658,88.1,19.912877142997097,3.632221293178206,2.902518425992469,0.0,11.13965645507838
DMA-2009,Dominica,DMA,2009,4,0.0,3.0940154471999533,90.9,19.98930437996914,6.35992183336295,3.1555183472201658,0.0,11.139758123161226
DMA-2010,Dominica,DMA,2010,4,0.0,3.092079404380726,90.2,20.06087774676773,0.0062635710706685,3.0940154471999533,0.0,11.139903345351431
DMA-2011,Dominica,DMA,2011,4,0.0,2.9456375509065538,91.3,20.069068679558946,2.999366305490001,3.092079404380726,0.0,11.139830736892517
DMA-2012,Dominica,DMA,2012,4,0.0,3.0769707281773035,90.1,20.092307198136908,1.1312313652648,2.9456375509065538,0.0,11.142644086196546
DMA-2013,Dominica,DMA,2013,4,0.0,2.657210364916885,93.5,20.07002289848744,1.356771478088595,3.0769707281773035,0.0,11.143584935780687
DMA-2014,Dominica,DMA,2014,4,0.0,1.511969661304284,94.6,20.11689420493495,-0.0464116468805991,2.657210364916885,0.0,11.152185125641571
DMA-2015,Dominica,DMA,2015,4,0.0,1.0336622901607828,95.7,20.16509622676389,0.7992503726874923,1.511969661304284,0.0,11.16157915574956
DMA-2016,Dominica,DMA,2016,4,0.0,2.629594469057688,96.7,20.18400263569992,-0.84382698463833,1.0336622901607828,0.0,11.162104779940377
DMA-2017,Dominica,DMA,2017,4,0.0,2.100850041823513,97.8,20.233404113831583,0.1418162257323122,2.629594469057688,0.0,11.150620415977857
DMA-2018,Dominica,DMA,2018,4,0.0,3.2173269497694377,98.9,20.149421525942078,0.2962528892794868,2.100850041823513,0.0,11.134545227670822
DMA-2019,Dominica,DMA,2019,4,0.0,2.976583217756392,99.6,20.25843989303484,0.9891911191898896,3.2173269497694377,0.0,11.129833207713787
DMA-2020,Dominica,DMA,2020,4,0.0,2.168971390919765,99.9,20.28361178109816,1.504623538581412,2.976583217756392,0.0,11.125511451119438
DMA-2021,Dominica,DMA,2021,4,0.0,2.319145842028452,100.0,20.08639396624436,1.220264422424764,2.168971390919765,0.0,11.120978572662972
DMA-2022,Dominica,DMA,2022,4,0.0,1.7245897615868857,100.0,20.148632291065685,2.228913307003439,2.319145842028452,0.0,11.11547316837192
DNK-1991,Denmark,DNK,1991,2,1.70355050889399,0.9607125349927892,100.0,25.65209610969025,2.641603063820013,0.7475161752427996,0.479073854272228,15.452746500088384
DNK-1992,Denmark,DNK,1992,2,1.70355050889399,0.623843928870354,100.0,25.65903754471607,2.395153317244164,0.9607125349927892,0.272818388965526,15.455341681705384
DNK-1993,Denmark,DNK,1993,2,1.70355050889399,1.0139274417001352,100.0,25.753484742595464,2.096044429332137,0.623843928870354,0.297883018458222,15.458648395082031
DNK-1994,Denmark,DNK,1994,2,1.70355050889399,1.882461354058654,100.0,25.686888528110455,1.257856679532604,1.0139274417001352,0.3259609735924,15.461980058395474
DNK-1995,Denmark,DNK,1995,2,1.70355050889399,1.5458281739604411,100.0,25.77323670440988,1.99201463809517,1.882461354058654,0.294240233120455,15.465357131508144
DNK-1996,Denmark,DNK,1996,2,1.70355050889399,0.4016577009618342,100.0,25.942802304871105,2.083608423828546,1.5458281739604411,0.278953388003317,15.470566752320872
DNK-1997,Denmark,DNK,1997,2,1.70355050889399,1.255028139464165,100.0,25.95694418582313,2.126298022755773,0.4016577009618342,0.433297740669085,15.476226014661892
DNK-1998,Denmark,DNK,1998,2,1.70355050889399,2.038291728694487,100.0,25.877951636755665,2.182166779071203,1.255028139464165,0.403535371493423,15.48038166356726
DNK-1999,Denmark,DNK,1999,2,1.70355050889399,2.944167395981706,100.0,25.898720850937877,1.845651220078834,2.038291728694487,0.127015619249163,15.484013288117357
DNK-2000,Denmark,DNK,2000,2,1.70355050889399,3.782590370783248,100.0,25.90441840470827,2.49779544404529,2.944167395981706,0.521371441625143,15.487322149956434
DNK-2001,Denmark,DNK,2001,2,1.70355050889399,2.4294308136001947,100.0,25.82339940728359,2.903282032364614,3.782590370783248,1.36695481609054,15.49066448551773
DNK-2002,Denmark,DNK,2002,2,1.70355050889399,1.6390987676879074,100.0,25.82849344364404,2.337870002552627,2.4294308136001947,0.95285040740933,15.494247641637434
DNK-2003,Denmark,DNK,2003,2,1.70355050889399,0.5188542443651559,100.0,25.909467755449533,2.424436612196945,1.6390987676879074,0.977649521931382,15.4974425122956
DNK-2004,Denmark,DNK,2004,2,1.70355050889399,-1.9640456361993293,100.0,26.10969111565699,2.075078206465062,0.5188542443651559,0.93307700460479,15.500162616230629
DNK-2005,Denmark,DNK,2005,2,1.70355050889399,2.2816171250425423,100.0,26.25263998497985,1.154356931249341,-1.9640456361993293,1.15749023574584,15.50274693857236
DNK-2006,Denmark,DNK,2006,2,1.70355050889399,0.7648971492167266,100.0,26.30356187133464,1.817814582912544,2.2816171250425423,1.57548312247966,15.505501755397429
DNK-2007,Denmark,DNK,2007,2,1.70355050889399,2.0161239664185047,100.0,26.37007629760568,1.92422138464584,0.7648971492167266,1.5417001087756,15.508788206381205
DNK-2008,Denmark,DNK,2008,2,1.70355050889399,0.5835854012323362,100.0,26.49225272846996,1.693265862203241,2.0161239664185047,1.37515571112353,15.51322286611062
DNK-2009,Denmark,DNK,2009,2,1.70355050889399,0.9975524341587662,100.0,26.5953257992883,3.416267942583741,0.5835854012323362,1.70355050889399,15.519098340940554
DNK-2010,Denmark,DNK,2010,2,1.70355050889399,-1.9842198080056528,100.0,26.49973836911954,1.304709910243358,0.9975524341587662,0.914832469823829,15.524449130589948
DNK-2011,Denmark,DNK,2011,2,1.70355050889399,2.079546489847833,100.0,26.49889008047397,2.310924369747864,-1.9842198080056528,0.983292205895114,15.528891101332572
DNK-2012,Denmark,DNK,2012,2,1.70355050889399,-2.313050102778916,100.0,26.564824501833403,2.7586822605125,2.079546489847833,1.3683944127568,15.533008479143868
DNK-2013,Denmark,DNK,2013,2,1.70355050889399,0.1961505891693692,100.0,26.512591477048524,2.397914856646402,-2.313050102778916,1.2608873326792,15.536771200895874
DNK-2014,Denmark,DNK,2014,2,1.70355050889399,1.3811796318561362,100.0,26.565740165597138,0.7890717800780622,0.1961505891693692,0.967648067154255,15.540940213759358
DNK-2015,Denmark,DNK,2015,2,1.70355050889399,0.5780216410406254,100.0,26.589259566292128,0.5640205404495403,1.3811796318561362,0.834668694474792,15.5460107456887
DNK-2016,Denmark,DNK,2016,2,1.70355050889399,1.6471686388995712,100.0,26.43289426513193,0.4520341536915749,0.5780216410406254,0.389980667105512,15.553074982938227
DNK-2017,Denmark,DNK,2017,2,1.70355050889399,0.942118663876664,100.0,26.46685170551972,0.2500000000000313,1.6471686388995712,0.261758496429453,15.560878908011835
DNK-2018,Denmark,DNK,2018,2,1.70355050889399,1.6347925442768592,100.0,26.527227207715885,1.147132169576017,0.942118663876664,0.367052364111918,15.56731241592965
DNK-2019,Denmark,DNK,2019,2,1.70355050889399,-0.950798206601542,100.0,26.59620969334132,0.8136094674556311,1.6347925442768592,0.459098841781269,15.57227080433048
DNK-2020,Denmark,DNK,2020,2,1.70355050889399,0.3562885789075593,100.0,26.567973267310045,0.7581315725116201,-0.950798206601542,0.372447675054216,15.575852112872369
DNK-2021,Denmark,DNK,2021,2,1.70355050889399,2.1387219264781177,100.0,26.597159575061838,0.4207119741100246,0.3562885789075593,0.137036781200766,15.578768524146282
DNK-2022,Denmark,DNK,2022,2,1.70355050889399,2.630576505669822,100.0,26.729890294938123,1.853045439896895,2.1387219264781177,0.270290117190291,15.583102668298746
DOM-1992,Dominican Republic,DOM,1992,2,0.0,1.2213248413276308,78.2,23.008143407155693,47.07915741053597,1.181322735508597,0.0,15.803364905918617
DOM-1993,Dominican Republic,DOM,1993,2,0.0,1.1711443269384252,82.4854049682617,23.174734836491545,4.259026388933923,1.2213248413276308,0.0,15.823385606732788
DOM-1994,Dominican Republic,DOM,1994,2,0.0,1.1501211321992113,83.2554931640625,23.2944298740661,5.250338806909707,1.1711443269384252,0.0,15.842944471233382
DOM-1995,Dominican Republic,DOM,1995,2,0.0,1.650498085525278,84.0242233276367,23.40734669486851,8.26076798575834,1.1501211321992113,0.0,15.86213121383867
DOM-1996,Dominican Republic,DOM,1996,2,0.0,0.6816519280550278,84.7909088134766,23.5349172574616,12.53595945589626,1.650498085525278,0.0,15.880867881038832
DOM-1997,Dominican Republic,DOM,1997,2,0.0,1.4621384307080545,85.5548782348633,23.626971773151137,5.39929385038922,0.6816519280550278,0.0,15.899055543988734
DOM-1998,Dominican Republic,DOM,1998,2,0.0,1.8454325546507877,86.3154449462891,23.719870232207064,8.296567547920457,1.4621384307080545,0.0,15.916478607850456
DOM-1999,Dominican Republic,DOM,1999,2,0.0,2.5041108177338463,87.0719375610352,23.79929688758987,4.831665585918953,1.8454325546507877,0.0,15.933013848188056
DOM-2000,Dominican Republic,DOM,2000,2,0.0,2.111310891559893,91.0,23.82049725355189,6.470541868469282,2.5041108177338463,0.0,15.949228259611491
DOM-2001,Dominican Republic,DOM,2001,2,0.0,2.153469356916444,88.8,23.91398004499708,7.724135661816155,2.111310891559893,0.0,15.965432813744105
DOM-2002,Dominican Republic,DOM,2002,2,0.0,1.9413328701615495,89.8,23.965929423729563,8.883068488129606,2.153469356916444,0.0,15.98116236416215
DOM-2003,Dominican Republic,DOM,2003,2,0.0,1.779982212962913,89.7,24.02418019019565,5.223367697594469,1.9413328701615495,0.0,15.996180640439352
DOM-2004,Dominican Republic,DOM,2004,2,0.0,2.138931610648056,89.2,23.786804778352657,27.44971273943949,1.779982212962913,0.0,16.01057959156221
DOM-2005,Dominican Republic,DOM,2005,2,0.0,1.8575500027142464,90.3,23.82885593036561,51.46085983380652,2.138931610648056,0.0,16.02432251929006
DOM-2006,Dominican Republic,DOM,2006,2,0.0,2.103324548091865,90.1,24.300586737323854,4.190202604720564,1.8575500027142464,0.0,16.03743154192161
DOM-2007,Dominican Republic,DOM,2007,2,0.0,2.3365191151548794,90.1,24.3576846196487,7.572805238530736,2.103324548091865,0.0,16.049943568766107
DOM-2008,Dominican Republic,DOM,2008,2,0.0,2.436606806006508,96.9,24.506670128689347,6.143566552480474,2.3365191151548794,0.0,16.062123956218045
DOM-2009,Dominican Republic,DOM,2009,2,0.0,1.9699659617185064,97.6,24.59636990163127,10.64462109537119,2.436606806006508,0.0,16.074470878155346
DOM-2010,Dominican Republic,DOM,2010,2,0.0,1.9331295286401888,97.9,24.59911812798281,1.442151318343533,1.9699659617185064,0.0,16.087148283105613
DOM-2011,Dominican Republic,DOM,2011,2,0.0,2.0430350992894764,98.1,24.70855888298383,6.329932201461462,1.9331295286401888,0.0,16.099949602776967
DOM-2012,Dominican Republic,DOM,2012,2,0.0,2.430863942271214,97.9,24.782816408300462,5.796768092065332,2.0430350992894764,0.0,16.11264301230637
DOM-2013,Dominican Republic,DOM,2013,2,0.0,1.6684032569689964,97.9,24.826927452920927,3.694497078847768,2.430863942271214,0.0,16.125112177462572
DOM-2014,Dominican Republic,DOM,2014,2,0.0,1.981908913773588,98.4,24.85931867947078,4.830950967408,1.6684032569689964,0.0,16.137293585660856
DOM-2015,Dominican Republic,DOM,2015,2,0.0,1.861360498025629,98.5,24.928172300643517,2.998642261252189,1.981908913773588,0.0,16.149160987709564
DOM-2016,Dominican Republic,DOM,2016,2,0.0,1.9180099010849896,98.6,24.98547775343293,0.8367463467245569,1.861360498025629,0.0,16.16065980703347
DOM-2017,Dominican Republic,DOM,2017,2,0.0,2.2201921733569576,98.9,25.048098945002675,1.614166072452228,1.9180099010849896,0.0,16.17177204849853
DOM-2018,Dominican Republic,DOM,2018,2,0.0,1.8884850337264227,100.0,25.093602847718618,3.279556946785462,2.2201921733569576,0.0,16.1826507969577
DOM-2019,Dominican Republic,DOM,2019,2,0.0,1.8719790766107889,98.9,25.16585511563786,3.564434260135075,1.8884850337264227,0.0,16.193393643328456
DOM-2020,Dominican Republic,DOM,2020,2,0.0,1.8595827642511205,99.0,25.21354277869532,1.810603770429594,1.8719790766107889,0.0,16.203726775838106
DOM-2021,Dominican Republic,DOM,2021,2,0.0,1.9743518294461984,100.0,25.08695883802416,3.781031799155165,1.8595827642511205,0.0,16.21416018253143
DOM-2022,Dominican Republic,DOM,2022,2,0.0,1.984497501252508,98.1,25.275570119146977,8.243003479818094,1.9743518294461984,0.0,16.224568477768667
DZA-2001,Algeria,DZA,2001,0,29.5343935472454,1.3855846715310642,98.6,24.72678080699717,0.3391631890717681,0.4912255645380461,20.2038945100895,17.24639275334567
DZA-2002,Algeria,DZA,2002,0,29.5343935472454,1.3165269002040971,98.6,24.807785642661933,4.225988348546735,1.3855846715310642,16.7197713612172,17.26012566631711
DZA-2003,Algeria,DZA,2003,0,29.5343935472454,0.7849192681077084,98.6,24.842564821502727,1.418301923450509,1.3165269002040971,17.703706765696,17.273429613664987
DZA-2004,Algeria,DZA,2004,0,29.5343935472454,0.8546695510665496,98.6,25.020309910535595,4.268953958395005,0.7849192681077084,19.6786326659537,17.286725765667956
DZA-2005,Algeria,DZA,2005,0,29.5343935472454,0.9367605713578832,98.6,25.24411572341295,3.961800302571874,0.8546695510665496,22.1269733272223,17.30069016948995
DZA-2006,Algeria,DZA,2006,0,29.5343935472454,1.1923886162210198,98.6,25.39653026503492,1.382446566621185,0.9367605713578832,27.9141141505655,17.315323257500037
DZA-2007,Algeria,DZA,2007,0,29.5343935472454,1.005572404502752,98.7,25.536134987825456,2.311499185144237,1.1923886162210198,29.5343935472454,17.330735993413512
DZA-2008,Algeria,DZA,2008,0,29.5343935472454,1.1739346560773969,98.7,25.682486705184605,3.678995747416992,1.005572404502752,27.9267087662485,17.347426709700578
DZA-2009,Algeria,DZA,2009,0,29.5343935472454,1.3636808609579785,99.3,25.918352908039687,4.858590628149388,1.1739346560773969,29.1086401323721,17.365615239790287
DZA-2010,Algeria,DZA,2010,0,29.5343935472454,1.0747291923946878,98.8,25.736014177522403,5.737060361456279,1.3636808609579785,19.9046263657492,17.384774091463974
DZA-2011,Algeria,DZA,2011,0,29.5343935472454,1.001601076427293,98.9,25.903841095416,3.91106195534028,1.0747291923946878,21.9939993236664,17.404244679238634
DZA-2012,Algeria,DZA,2012,0,29.5343935472454,0.6200501911899836,99.0,26.10928243393753,4.5242115050527,1.001601076427293,25.0260096148481,17.423813622438452
DZA-2013,Algeria,DZA,2013,0,29.5343935472454,0.6823597308112196,98.8,26.14884889664397,8.891450910623172,0.6200501911899836,22.6025382987382,17.443741700918686
DZA-2014,Algeria,DZA,2014,0,29.5343935472454,0.5932693306758748,99.2,26.160046173409874,3.254239109988475,0.6823597308112196,20.8724313901278,17.463937011971144
DZA-2015,Algeria,DZA,2015,0,29.5343935472454,-0.2830380688407098,99.3,26.199489461326017,2.91692692067458,0.5932693306758748,19.3167294732848,17.484315663869246
DZA-2016,Algeria,DZA,2016,0,29.5343935472454,0.8135428832002145,99.4,25.957011911741763,4.784447006938895,-0.2830380688407098,11.7459031918092,17.504878142922962
DZA-2017,Algeria,DZA,2017,0,29.5343935472454,0.6094650003895573,99.4,25.92045726226385,6.397694802687569,0.8135428832002145,10.0262189142963,17.5254350535327
DZA-2018,Algeria,DZA,2018,0,29.5343935472454,0.6960055963452674,99.5,25.96966285414941,5.591115909616639,0.6094650003895573,12.1565741270026,17.54575505911875
DZA-2019,Algeria,DZA,2019,0,29.5343935472454,0.6640552100434033,99.6,25.993978082405565,4.269990204670837,0.6960055963452674,15.9428081774505,17.565133120992417
DZA-2020,Algeria,DZA,2020,0,29.5343935472454,0.647593089229435,99.5,25.988334863041977,1.951768210528918,0.6640552100434033,14.1421031504305,17.583537249707327
DZA-2021,Algeria,DZA,2021,0,29.5343935472454,0.4512566930378621,99.7,25.82844383657273,2.415130940834139,0.647593089229435,9.03841379679424,17.600656370961218
DZA-2022,Algeria,DZA,2022,0,29.5343935472454,0.1069836152800304,99.8,25.950254777775037,7.226063074154774,0.4512566930378621,14.4615654623053,17.61685001661988
ECU-1996,Ecuador,ECU,1996,1,18.654574856841,1.4350079993592415,89.830167,23.919195784964803,22.93413441458025,1.375385767652428,6.45365140471758,16.26569764918637
ECU-1997,Ecuador,ECU,1997,1,18.654574856841,1.6731577985047037,92.0513763427734,23.95115663248741,24.41145921506743,1.4350079993592415,7.78787008443719,16.284537709910413
ECU-1998,Ecuador,ECU,1998,1,18.654574856841,1.852388052881814,92.429817199707,24.06124127138533,30.65756757221726,1.6731577985047037,6.17219683622489,16.303007849141178
ECU-1999,Ecuador,ECU,1999,1,18.654574856841,1.9094452459076283,92.726642,24.054823600507326,36.09843316238856,1.852388052881814,3.21214311967333,16.32113322497039
ECU-2000,Ecuador,ECU,2000,1,18.654574856841,-0.1332433385536721,93.071434,23.701102568064563,52.24200518582255,1.9094452459076283,7.86330811758721,16.338900148818645
ECU-2001,Ecuador,ECU,2001,1,18.654574856841,1.5816774061073036,93.7,23.587718736084742,96.09637569260964,-0.1332433385536721,16.3324950885101,16.356262347588256
ECU-2002,Ecuador,ECU,2002,1,18.654574856841,1.784759682058186,94.0,23.86426898130476,37.67674545180943,1.5816774061073036,9.09069290930629,16.37357015854204
ECU-2003,Ecuador,ECU,2003,1,18.654574856841,1.7580920545022851,94.2,24.021107987356697,12.48359800820948,1.784759682058186,8.07370405839442,16.391055354222164
ECU-2004,Ecuador,ECU,2004,1,18.654574856841,1.6009473059789567,95.0,24.156130088607597,7.929364874615559,1.7580920545022851,8.39147653417875,16.408696484679165
ECU-2005,Ecuador,ECU,2005,1,18.654574856841,1.031876640281786,94.8,24.28416835813806,2.743231989267045,1.6009473059789567,12.2508252521177,16.42621999902884
ECU-2006,Ecuador,ECU,2006,1,18.654574856841,0.5637215447587299,95.8,24.419092329438158,2.168277011837205,1.031876640281786,16.5366396462506,16.443518784726013
ECU-2007,Ecuador,ECU,2007,1,18.654574856841,0.3797298713751331,96.3,24.545161970014387,3.298748462582153,0.5637215447587299,17.9868791091883,16.46070132525026
ECU-2008,Ecuador,ECU,2008,1,18.654574856841,1.315679692409096,96.8,24.63225875631704,2.27618478002121,0.3797298713751331,16.5138217754915,16.477780241364155
ECU-2009,Ecuador,ECU,2009,1,18.654574856841,0.4933163096000107,97.2,24.83642296136489,8.400095939874621,1.315679692409096,18.654574856841,16.49483221806267
ECU-2010,Ecuador,ECU,2010,1,18.654574856841,0.2410770989996758,96.5,24.819192114280707,5.159968291810473,0.4933163096000107,8.82457083402611,16.51188991898578
ECU-2011,Ecuador,ECU,2011,1,18.654574856841,0.7466363768093809,97.5,24.944996496014,3.554377345678426,0.2410770989996758,11.1941478463167,16.528660798395343
ECU-2012,Ecuador,ECU,2012,1,18.654574856841,0.6084886185097195,96.9,25.09254466248361,4.4745326579584,0.7466363768093809,16.0118572281981,16.54507616708198
ECU-2013,Ecuador,ECU,2013,1,18.654574856841,0.6954681814496925,97.2,25.197587291622828,5.101721809586659,0.6084886185097195,13.9638597674194,16.56099751011032
ECU-2014,Ecuador,ECU,2014,1,18.654574856841,0.6947091693084297,98.0,25.293537429560654,2.72177577710371,0.6954681814496925,12.2978605117168,16.575971598767588
ECU-2015,Ecuador,ECU,2015,1,18.654574856841,1.1149073806076502,99.0,25.35525120081049,3.589220166166633,0.6947091693084297,11.0826381316277,16.590292186526465
ECU-2016,Ecuador,ECU,2016,1,18.654574856841,0.7206740236637148,98.8,25.30013487692202,3.966646232553579,1.1149073806076502,4.19483660505841,16.604601491624386
ECU-2017,Ecuador,ECU,2017,1,18.654574856841,0.5733468680425601,98.7,25.304874958162607,1.728264633245326,0.7206740236637148,3.26158550456448,16.619182405511555
ECU-2018,Ecuador,ECU,2018,1,18.654574856841,1.074426733373015,99.2,25.372141721191163,0.4173355886668246,0.5733468680425601,4.51289936555742,16.63447701298995
ECU-2019,Ecuador,ECU,2019,1,18.654574856841,0.8200178072558464,98.7,25.400560953741508,-0.2241032460055521,1.074426733373015,6.75910009874679,16.651634251078466
ECU-2020,Ecuador,ECU,2020,1,18.654574856841,0.9950305857001776,99.1,25.401647729285568,0.2660125154661552,0.8200178072558464,5.52629823993135,16.668527798058655
ECU-2021,Ecuador,ECU,2021,1,18.654574856841,0.5752496542922233,98.9,25.286211722736827,-0.3388723925621392,0.9950305857001776,2.56275988674609,16.680340323204483
ECU-2022,Ecuador,ECU,2022,1,18.654574856841,0.700839399349602,100.0,25.397766861313546,0.1332513860963892,0.5752496542922233,6.40325083301788,16.68808346300003
EGY-1993,"Egypt, Arab Rep.",EGY,1993,1,16.9450404713831,0.9220890489904774,93.4,24.457500670734635,13.63742417172183,0.9480695800089032,11.1221302701088,17.934233228040764
EGY-1994,"Egypt, Arab Rep.",EGY,1994,1,16.9450404713831,1.6171536558154656,95.3922424316406,24.5644077204124,12.08979228689772,0.9220890489904774,9.87234453989827,17.957306006971706
EGY-1995,"Egypt, Arab Rep.",EGY,1995,1,16.9450404713831,0.8771447402971115,95.6485366821289,24.672545770749583,8.154231285870964,1.6171536558154656,7.89742762113067,17.978846058338124
EGY-1996,"Egypt, Arab Rep.",EGY,1996,1,16.9450404713831,0.8386069208092048,95.5,24.82026096766375,15.74223050215958,0.8771447402971115,7.50906073379094,17.99988811221805
EGY-1997,"Egypt, Arab Rep.",EGY,1997,1,16.9450404713831,0.9739352785622644,96.1543273925781,24.93731332372681,7.18710369719992,0.8386069208092048,8.40318332983217,18.02062173154026
EGY-1998,"Egypt, Arab Rep.",EGY,1998,1,16.9450404713831,1.0590589474224614,96.4024658203125,25.08555621381577,4.625605788264381,0.9739352785622644,6.09921817559871,18.041347324662613
EGY-1999,"Egypt, Arab Rep.",EGY,1999,1,16.9450404713831,0.9994760224636676,96.6465225219727,25.16390103381332,3.872575464274898,1.0590589474224614,3.42870521918816,18.0631954002999
EGY-2000,"Egypt, Arab Rep.",EGY,2000,1,16.9450404713831,1.039444397289551,96.8857345581055,25.230941211445423,3.079499126383321,0.9994760224636676,5.19186775765069,18.085501041648666
EGY-2001,"Egypt, Arab Rep.",EGY,2001,1,16.9450404713831,0.5055703755056107,97.7,25.32682015773799,2.683805353485461,1.039444397289551,6.47222160611776,18.107110239202743
EGY-2002,"Egypt, Arab Rep.",EGY,2002,1,16.9450404713831,0.7009315095527208,97.4,25.29472034487565,2.269757204759556,0.5055703755056107,5.17066273278314,18.12834827514973
EGY-2003,"Egypt, Arab Rep.",EGY,2003,1,16.9450404713831,0.291536462062743,97.5,25.167634058804563,2.737238550003342,0.7009315095527208,5.90580704386046,18.149385510845462
EGY-2004,"Egypt, Arab Rep.",EGY,2004,1,16.9450404713831,1.24411649134193,98.8,25.108891755662395,4.507776363193035,0.291536462062743,7.50637371077042,18.17034004287379
EGY-2005,"Egypt, Arab Rep.",EGY,2005,1,16.9450404713831,2.491042417615268,97.8,25.08995631582485,11.27061933205195,1.24411649134193,9.49448631419397,18.19098381609706
EGY-2006,"Egypt, Arab Rep.",EGY,2006,1,16.9450404713831,2.931218634114964,99.4,25.21929436399287,4.869396968719882,2.491042417615268,11.8509312061057,18.211205911117368
EGY-2007,"Egypt, Arab Rep.",EGY,2007,1,16.9450404713831,2.879694068484985,99.0,25.400068884848316,7.644526445264343,2.931218634114964,11.7296934107586,18.230735045108958
EGY-2008,"Egypt, Arab Rep.",EGY,2008,1,16.9450404713831,2.4636784590699032,98.4,25.594162539249016,9.318969057992298,2.879694068484985,10.7818588338143,18.249610366590566
EGY-2009,"Egypt, Arab Rep.",EGY,2009,1,16.9450404713831,1.9789194232912892,99.8,25.815899966214893,18.31683168316841,2.4636784590699032,12.4545677729971,18.268284407697465
EGY-2010,"Egypt, Arab Rep.",EGY,2010,1,16.9450404713831,1.79154860782212,98.9,25.96579035626199,11.76349543864433,1.9789194232912892,6.24755741424533,18.28716805972427
EGY-2011,"Egypt, Arab Rep.",EGY,2011,1,16.9450404713831,-0.2031427812594149,99.4,26.112262979792817,11.26518826531855,1.79154860782212,7.41778712942652,18.30634757191745
EGY-2012,"Egypt, Arab Rep.",EGY,2012,1,16.9450404713831,0.8830277562325084,99.4,26.18705388244944,10.0649259874818,-0.2031427812594149,9.74186285549743,18.327392179306383
EGY-2013,"Egypt, Arab Rep.",EGY,2013,1,16.9450404713831,1.1686524803607432,99.7,26.35489569146237,7.111729433430828,0.8830277562325084,8.38345897037217,18.349839758611708
EGY-2014,"Egypt, Arab Rep.",EGY,2014,1,16.9450404713831,1.1998834990354577,99.9,26.38773250349214,9.46971981064921,1.1686524803607432,7.82863019779494,18.37289239479865
EGY-2015,"Egypt, Arab Rep.",EGY,2015,1,16.9450404713831,1.4885920616607546,99.8,26.44552787088072,10.0702154687481,1.1998834990354577,6.82340013626772,18.39565679022458
EGY-2016,"Egypt, Arab Rep.",EGY,2016,1,16.9450404713831,1.6241690598937502,99.3,26.520437182694263,10.370490343517,1.4885920616607546,3.05526433674059,18.41664604549217
EGY-2017,"Egypt, Arab Rep.",EGY,2017,1,16.9450404713831,1.8130617641221216,100.0,26.529730396843284,13.81360621482898,1.6241690598937502,2.35006516963224,18.43699287478265
EGY-2018,"Egypt, Arab Rep.",EGY,2018,1,16.9450404713831,1.8497267115521407,100.0,26.238156303552078,29.50660839400387,1.8130617641221216,4.12683269397819,18.45697465897674
EGY-2019,"Egypt, Arab Rep.",EGY,2019,1,16.9450404713831,1.7623812192022636,100.0,26.293854509712613,14.40146578074216,1.8497267115521407,5.47658822874947,18.475946041978823
EGY-2020,"Egypt, Arab Rep.",EGY,2020,1,16.9450404713831,1.2083480052158737,100.0,26.48744958452795,9.152799593248035,1.7623812192022636,3.8819618632175,18.49349578563159
EGY-2021,"Egypt, Arab Rep.",EGY,2021,1,16.9450404713831,1.0199225825819558,100.0,26.673433906016143,5.044932889775388,1.2083480052158737,1.85770095140202,18.509745324176897
EGY-2022,"Egypt, Arab Rep.",EGY,2022,1,16.9450404713831,1.6060405957248425,100.0,26.77458239090828,5.214049405130425,1.0199225825819558,2.98581458250197,18.524653377947843
ESP-1991,Spain,ESP,1991,1,0.0167206636998013,1.5155217147579338,100.0,27.007727046169773,6.721819522286635,1.6866217708289075,0.0167206636998013,17.47566442986243
ESP-1992,Spain,ESP,1992,1,0.0167206636998013,1.4899317125479166,100.0,27.08068150003349,5.934213443359302,1.5155217147579338,0.0101230266230823,17.478209704042538
ESP-1993,Spain,ESP,1993,1,0.0167206636998013,1.4700952639068692,100.0,27.16972403998841,5.924531262284876,1.4899317125479166,0.010093392985894,17.483107282971556
ESP-1994,Spain,ESP,1994,1,0.0167206636998013,1.2775912731954968,100.0,26.986093598976147,4.569071736818048,1.4700952639068692,0.0095136073994548,17.48829271804814
ESP-1995,Spain,ESP,1995,1,0.0167206636998013,1.1076331974824178,100.0,26.99648929615259,4.718413739673329,1.2775912731954968,0.0077527597151699,17.49305372347916
ESP-1996,Spain,ESP,1996,1,0.0167206636998013,1.2091525633539555,100.0,27.14353760408249,4.673803376247014,1.1076331974824178,0.0060286233651504,17.497467380863185
ESP-1997,Spain,ESP,1997,1,0.0167206636998013,1.248787727761005,100.0,27.188245671547172,3.558845593385609,1.2091525633539555,0.0063573803908436,17.50163253874068
ESP-1998,Spain,ESP,1998,1,0.0167206636998013,1.6619187834788225,100.0,27.102947213376787,1.971073955829265,1.248787727761005,0.0039843224053494,17.50582373380785
ESP-1999,Spain,ESP,1999,1,0.0167206636998013,1.856392201630465,100.0,27.1509372264642,1.834329999084142,1.6619187834788225,0.0016603722596544,17.50996220851589
ESP-2000,Spain,ESP,2000,1,0.0167206636998013,2.616710534608839,100.0,27.17593747505931,2.31034813987063,1.856392201630465,0.0027374390042391,17.514015438670558
ESP-2001,Spain,ESP,2001,1,0.0167206636998013,2.2354726358118038,100.0,27.117028574028637,3.433515634187641,2.616710534608839,0.0048350604862431,17.518486808705447
ESP-2002,Spain,ESP,2002,1,0.0167206636998013,2.4141769566346145,100.0,27.165485382562228,3.589834133381174,2.2354726358118038,0.0061348233895011,17.5254274893783
ESP-2003,Spain,ESP,2003,1,0.0167206636998013,1.9420706686694305,100.0,27.28703423308889,3.065656859022114,2.4141769566346145,0.0044256137815808,17.53955344308251
ESP-2004,Spain,ESP,2004,1,0.0167206636998013,1.6082516494704513,100.0,27.53446970487985,3.038888393966615,1.9420706686694305,0.0040117888311546,17.557637987331773
ESP-2005,Spain,ESP,2005,1,0.0167206636998013,1.628280288087416,100.0,27.69852029609514,3.039248810909235,1.6082516494704513,0.0036654446717559,17.57489264996077
ESP-2006,Spain,ESP,2006,1,0.0167206636998013,1.75652772993123,100.0,27.774833584510745,3.368814097503834,1.628280288087416,0.0032744655840555,17.59178614004169
ESP-2007,Spain,ESP,2007,1,0.0167206636998013,2.2642326350449595,100.0,27.863597385564635,3.515575768321227,1.75652772993123,0.0029154908429331,17.608689665220332
ESP-2008,Spain,ESP,2008,1,0.0167206636998013,2.178688929322306,100.0,28.02086232195605,2.786797458049502,2.2642326350449595,0.0028466450350846,17.62720047789175
ESP-2009,Spain,ESP,2009,1,0.0167206636998013,0.4859533724532893,100.0,28.123345918620288,4.075343359573405,2.178688929322306,0.0033744712688285,17.643153782532448
ESP-2010,Spain,ESP,2010,1,0.0167206636998013,1.6542122451238166,100.0,28.03420869299653,-0.2878130835352406,0.4859533724532893,0.0016595111430676,17.652011142146286
ESP-2011,Spain,ESP,2011,1,0.0167206636998013,1.32061692959655,100.0,27.987288331999935,1.799864577287689,1.6542122451238166,0.0022176314385651,17.65661522509772
ESP-2012,Spain,ESP,2012,1,0.0167206636998013,1.1646115693098995,100.0,28.02816413077475,3.196101888337921,1.32061692959655,0.0028817985927768,17.66016860898628
ESP-2013,Spain,ESP,2013,1,0.0167206636998013,1.9549107954519165,100.0,27.916947757265792,2.446127823668086,1.1646115693098995,0.0044266059857127,17.660817868598013
ESP-2014,Spain,ESP,2014,1,0.0167206636998013,1.576806954076198,100.0,27.940112555912112,1.408581091830093,1.9549107954519165,0.010347316151723,17.657201180875298
ESP-2015,Spain,ESP,2015,1,0.0167206636998013,1.430733933496595,100.0,27.95328181777529,-0.1511148375272347,1.576806954076198,0.0079086346486516,17.654118083718117
ESP-2016,Spain,ESP,2016,1,0.0167206636998013,1.997435666234116,100.0,27.818466836371396,-0.5003657099032428,1.430733933496595,0.0029307758008732,17.653290591357393
ESP-2017,Spain,ESP,2017,1,0.0167206636998013,1.6621288179508928,100.0,27.848561533299744,-0.2025980004263583,1.997435666234116,0.0013292731433236,17.65406225006691
ESP-2018,Spain,ESP,2018,1,0.0167206636998013,2.202269843313553,100.0,27.909980825546747,1.956076333639539,1.6621288179508928,0.0016398936365538,17.65649359088035
ESP-2019,Spain,ESP,2019,1,0.0167206636998013,1.513202554295865,100.0,27.989843718526185,1.674981368637994,2.202269843313553,0.001764912494645,17.661009328028673
ESP-2020,Spain,ESP,2020,1,0.0167206636998013,1.7933776272001627,100.0,27.96998765895613,0.6995189944586482,1.513202554295865,0.0007440005101594,17.668176305630777
ESP-2021,Spain,ESP,2021,1,0.0167206636998013,2.1924466601484447,100.0,27.885495752022408,-0.3227530172996493,1.7933776272001627,0.0002957349879874,17.673276407419024
ESP-2022,Spain,ESP,2022,1,0.0167206636998013,2.242660604590106,100.0,28.010309860832635,3.093135119764018,2.1924466601484447,0.000151493558291,17.67505687433268
EST-1996,Estonia,EST,1996,0,1.58302746810645,1.9561484253537111,100.0,22.228003213679933,28.77661372085138,2.229260071335964,1.01486539396069,14.177814131405556
EST-1997,Estonia,EST,1997,0,1.58302746810645,2.372745300518908,100.0,22.288964794073053,23.05034334951698,1.9561484253537111,1.27526802566813,14.163060495376
EST-1998,Estonia,EST,1998,0,1.58302746810645,3.0464639531521684,100.0,22.36312056211188,10.58187893221463,2.372745300518908,0.875477580930388,14.15165131107947
EST-1999,Estonia,EST,1999,0,1.58302746810645,2.4344408906600763,100.0,22.459174368488885,8.208333333332979,3.0464639531521684,0.233221617830374,14.142045727930064
EST-2000,Estonia,EST,2000,0,1.58302746810645,2.688287709988568,100.0,22.47366710312117,3.296110897189092,2.4344408906600763,0.648546109503094,14.14499054856789
EST-2001,Estonia,EST,2001,0,1.58302746810645,2.945720668559332,100.0,22.46137480567671,4.018489525087634,2.688287709988568,1.53035528821004,14.149827616714296
EST-2002,Estonia,EST,2002,0,1.58302746810645,2.22853102955453,100.0,22.555882247876323,5.74827981651373,2.945720668559332,0.940432350616132,14.14345799004385
EST-2003,Estonia,EST,2003,0,1.58302746810645,3.047935647494613,100.0,22.72069977374568,3.571912701640268,2.22853102955453,0.769330159854059,14.137123656657357
EST-2004,Estonia,EST,2004,0,1.58302746810645,2.8875362065569696,100.0,23.013433707285216,1.33499116549955,3.047935647494613,0.628213867743043,14.130847436741202
EST-2005,Estonia,EST,2005,0,1.58302746810645,3.76961828514506,100.0,23.220479364824964,3.048111075234161,2.8875362065569696,0.718607971781233,14.124869236011667
EST-2006,Estonia,EST,2006,0,1.58302746810645,3.030203383882992,100.0,23.370113553812438,4.079714231998485,3.76961828514506,1.00907540024629,14.119146684976991
EST-2007,Estonia,EST,2007,0,1.58302746810645,3.2979821267207154,100.0,23.55798814848612,4.437620423892135,3.030203383882992,1.05803169914904,14.11325013374387
EST-2008,Estonia,EST,2008,0,1.58302746810645,2.7915579774933423,100.0,23.83456821798921,6.601326030556375,3.2979821267207154,1.12130367695077,14.108688251787884
EST-2009,Estonia,EST,2009,0,1.58302746810645,2.9477671256455857,100.0,23.91550751725657,10.36235803136826,2.7915579774933423,1.58302746810645,14.106006916595137
EST-2010,Estonia,EST,2010,0,1.58302746810645,3.2805980759669326,100.0,23.700527801770782,-0.0784083112809768,2.9477671256455857,0.956769785029067,14.104079237264022
EST-2011,Estonia,EST,2011,0,1.58302746810645,2.272931616179369,100.0,23.694928519068984,2.972045120156935,3.2805980759669326,0.720826423519741,14.101798659289598
EST-2012,Estonia,EST,2012,0,1.58302746810645,2.7374825677168126,100.0,23.87188724330131,4.9819013145361,2.272931616179369,0.895652000201936,14.09876283333667
EST-2013,Estonia,EST,2013,0,1.58302746810645,2.168169359637313,100.0,23.86902914985236,3.933399872969854,2.7374825677168126,1.01314866161022,14.095183391923564
EST-2014,Estonia,EST,2014,0,1.58302746810645,2.583675115501642,100.0,23.96002215993517,2.780566589549876,2.168169359637313,0.908405977818845,14.091624476592756
EST-2015,Estonia,EST,2015,0,1.58302746810645,-1.8400758336636405,100.0,24.02116313450685,-0.1061751465217099,2.583675115501642,0.967779937618074,14.089001916834196
EST-2016,Estonia,EST,2016,0,1.58302746810645,2.037168306631476,100.0,23.87222755548996,-0.4923260065473701,-1.8400758336636405,0.577870298883675,14.089657441631106
EST-2017,Estonia,EST,2017,0,1.58302746810645,2.542899769966605,100.0,23.924426787427496,0.1486849076273729,2.037168306631476,0.395237695104046,14.08994856366536
EST-2018,Estonia,EST,2018,0,1.58302746810645,2.113972661413213,100.0,24.036340748951982,3.417235494880541,2.542899769966605,0.648969670439222,14.09115926906045
EST-2019,Estonia,EST,2019,0,1.58302746810645,2.974888565721913,100.0,24.164409077168965,3.436326884204463,2.113972661413213,0.995460170965617,14.094639657802952
EST-2020,Estonia,EST,2020,0,1.58302746810645,3.181011708799352,100.0,24.18504858541238,2.277259312435221,2.974888565721913,0.924587689843327,14.09835519888795
EST-2021,Estonia,EST,2021,0,1.58302746810645,3.70088034202877,100.0,24.18338510515916,-0.4445310976798297,3.181011708799352,0.480973513029608,14.100330789252316
EST-2022,Estonia,EST,2022,0,1.58302746810645,2.2158099711963466,100.0,24.339604199174083,4.653166738474728,3.70088034202877,0.962229214145247,14.101390758018583
ETH-2001,Ethiopia,ETH,2001,2,0.0089660103734654,2.152427207446502,12.7,22.83255128814121,0.6624581092664819,1.2666134264473623,0.0,18.02632611030214
ETH-2002,Ethiopia,ETH,2002,2,0.0089660103734654,1.8941051900442236,10.2,22.831212958641764,-8.237844533911366,2.152427207446502,0.0,18.05666122309009
ETH-2003,Ethiopia,ETH,2003,2,0.0089660103734654,2.386575903920805,11.9,22.78388248433726,0.6750891021708005,1.8941051900442236,0.0,18.08710157038558
ETH-2004,Ethiopia,ETH,2004,2,0.0089660103734654,2.384438983001516,13.5,22.877779055138525,13.67404520282718,2.386575903920805,0.0,18.11731179327751
ETH-2005,Ethiopia,ETH,2005,2,0.0089660103734654,1.5036165210866417,15.2,23.038884350949587,3.327370478948471,2.384438983001516,0.0,18.147259264171065
ETH-2006,Ethiopia,ETH,2006,2,0.0089660103734654,1.9842991266599608,14.0,23.241054196865782,9.969971235128916,1.5036165210866417,0.0,18.176919488507085
ETH-2007,Ethiopia,ETH,2007,2,0.0089660103734654,0.9680365040193322,18.6,23.449867021947764,12.29947631148247,1.9842991266599608,0.0,18.206292391288425
ETH-2008,Ethiopia,ETH,2008,2,0.0089660103734654,0.3909609763271959,20.3,23.70427103622898,17.24040083408976,0.9680365040193322,0.0,18.235593983504305
ETH-2009,Ethiopia,ETH,2009,2,0.0089660103734654,0.6384605233522933,22.0,24.02157788294982,44.35668587669515,0.3909609763271959,0.0089660103734654,18.26453755205736
ETH-2010,Ethiopia,ETH,2010,2,0.0089660103734654,0.8549892176532595,23.7,24.202577579509462,8.483644045302823,0.6384605233522933,0.0035679982906305,18.292934152767867
ETH-2011,Ethiopia,ETH,2011,2,0.0089660103734654,1.428940880130895,25.5,24.122253790797583,8.149264029650821,0.8549892176532595,0.0058556774728312,18.321285898247123
ETH-2012,Ethiopia,ETH,2012,2,0.0089660103734654,0.6054912488988723,23.0,24.187524495731097,33.24995988233441,1.428940880130895,0.0081746694968384,18.349721343686003
ETH-2013,Ethiopia,ETH,2013,2,0.0089660103734654,1.7600709121296705,29.0,24.491666049043754,23.60041767731703,0.6054912488988723,0.0058150126399149,18.377760382733136
ETH-2014,Ethiopia,ETH,2014,2,0.0089660103734654,1.919573754701212,30.8,24.587112298627854,7.464021929445171,1.7600709121296705,0.0079039679631487,18.4049451056335
ETH-2015,Ethiopia,ETH,2015,2,0.0089660103734654,2.148867951480899,27.2,24.74166894629689,6.890019515971918,1.919573754701212,0.0067708864607757,18.431775083544263
ETH-2016,Ethiopia,ETH,2016,2,0.0089660103734654,2.5000017308555447,29.0,24.852066867572603,9.568899559686232,2.148867951480899,0.0028568298955423,18.458623101896155
ETH-2017,Ethiopia,ETH,2017,2,0.0089660103734654,2.362268244196912,42.9,24.949747275061085,6.628133372309241,2.5000017308555447,0.0027240103115128,18.485701926715077
ETH-2018,Ethiopia,ETH,2018,2,0.0089660103734654,2.10251254505757,44.3,25.058804478620686,10.68711502842382,2.362268244196912,0.0,18.512954336169543
ETH-2019,Ethiopia,ETH,2019,2,0.0089660103734654,1.744910910333897,44.8,25.14616927751401,13.83303565866615,2.10251254505757,0.0,18.53992185387941
ETH-2020,Ethiopia,ETH,2020,2,0.0089660103734654,1.6201257287083075,48.0,25.24325406732872,15.80963217193442,1.744910910333897,0.0,18.566834251469874
ETH-2021,Ethiopia,ETH,2021,2,0.0089660103734654,2.071461497120562,51.1,25.315115812144967,20.35634685590615,1.6201257287083075,0.0,18.593941979716885
ETH-2022,Ethiopia,ETH,2022,2,0.0089660103734654,1.812208842844894,54.2,25.415264519945683,26.83952215577222,2.071461497120562,0.0,18.62066693337552
FIN-1991,Finland,FIN,1991,4,0.0536121904628334,-0.1812549811872393,100.0,25.675184706643982,6.149565311798576,0.5465694590477682,0.0,15.422231181911664
FIN-1992,Finland,FIN,1992,4,0.0536121904628334,0.345306953367793,100.0,25.57368888807578,4.31021289843461,-0.1812549811872393,0.0,15.427692901001214
FIN-1993,Finland,FIN,1993,4,0.0536121904628334,0.8593065154941824,100.0,25.44655525550816,2.919323192850195,0.345306953367793,0.0,15.433311998391078
FIN-1994,Finland,FIN,1994,4,0.0536121904628334,0.2661178340598553,100.0,25.21316102927847,2.190653195564313,0.8593065154941824,0.0,15.43815053832233
FIN-1995,Finland,FIN,1995,4,0.0536121904628334,0.9382736434032848,100.0,25.35976701877997,1.088556775894019,0.2661178340598553,0.0,15.442461026501666
FIN-1996,Finland,FIN,1996,4,0.0536121904628334,0.5433354077257633,100.0,25.621556710650797,0.7912394069384603,0.9382736434032848,0.0,15.446277579087608
FIN-1997,Finland,FIN,1997,4,0.0536121904628334,1.413921865704529,100.0,25.6060069633654,0.6291942381210538,0.5433354077257633,0.0,15.449557957582703
FIN-1998,Finland,FIN,1998,4,0.0536121904628334,2.930320346902879,100.0,25.566372830890952,1.19255883425843,1.413921865704529,0.0,15.452531730307536
FIN-1999,Finland,FIN,1999,4,0.0536121904628334,2.4525857300192846,100.0,25.621037550441592,1.399473785798365,2.930320346902879,0.0,15.45518645941608
FIN-2000,Finland,FIN,2000,4,0.0536121904628334,3.0673027172010903,100.0,25.630274237120933,1.162231556694407,2.4525857300192846,0.0,15.45750762145739
FIN-2001,Finland,FIN,2001,4,0.0536121904628334,1.6434159936842052,100.0,25.559292323277557,3.042100806677916,3.0673027172010903,0.0,15.459583686210028
FIN-2002,Finland,FIN,2002,4,0.0536121904628334,2.452727721180246,100.0,25.5870986206015,2.57844080098903,1.6434159936842052,0.0,15.46186055918952
FIN-2003,Finland,FIN,2003,4,0.0536121904628334,1.959123354157612,100.0,25.667483254357464,1.571220127893796,2.452727721180246,0.0,15.464284369225224
FIN-2004,Finland,FIN,2004,4,0.0536121904628334,1.9469162544414849,100.0,25.868507007999423,0.8774403862547294,1.959123354157612,0.0,15.466668941167931
FIN-2005,Finland,FIN,2005,4,0.0536121904628334,2.370565616426473,100.0,26.008793247806057,0.1871205590844737,1.9469162544414849,0.0001894694238869,15.469572444226957
FIN-2006,Finland,FIN,2006,4,0.0536121904628334,1.503463004878696,100.0,26.045589574780774,0.6238744500252236,2.370565616426473,0.0011893485185809,15.47299492951632
FIN-2007,Finland,FIN,2007,4,0.0536121904628334,2.845272410777283,100.0,26.10336624929354,1.566663807043785,1.503463004878696,0.0023565839001993,15.476832700149226
FIN-2008,Finland,FIN,2008,4,0.0536121904628334,2.6143704387156306,100.0,26.269849524775,2.510665652403401,2.845272410777283,0.0,15.481086997664107
FIN-2009,Finland,FIN,2009,4,0.0536121904628334,-1.960776164087568,100.0,26.378203463190356,4.065953553583826,2.6143704387156306,0.0,15.485742489630963
FIN-2010,Finland,FIN,2010,4,0.0536121904628334,2.2925552913543084,100.0,26.25855385213568,-9.17360424903996e-07,-1.960776164087568,0.0,15.490524952667863
FIN-2011,Finland,FIN,2011,4,0.0536121904628334,-1.523043550017523,100.0,26.24244260285599,1.184135231546505,2.2925552913543084,0.0351012330705767,15.495099897167568
FIN-2012,Finland,FIN,2012,4,0.0536121904628334,1.4050197374495863,100.0,26.34049833911888,3.4168075425521,-1.523043550017523,0.0362541272728247,15.499735483380253
FIN-2013,Finland,FIN,2013,4,0.0536121904628334,-1.3672624856483324,100.0,26.27406566683328,2.808336225615738,1.4050197374495863,0.0475826843159529,15.504493577366135
FIN-2014,Finland,FIN,2014,4,0.0536121904628334,2.5578642913246727,100.0,26.322680031765135,1.478286156888099,-1.3672624856483324,0.0522484933642708,15.509100814244954
FIN-2015,Finland,FIN,2015,4,0.0536121904628334,2.717475780782499,100.0,26.33448895099517,1.041196211784302,2.5578642913246727,0.0536121904628334,15.513236415561355
FIN-2016,Finland,FIN,2016,4,0.0536121904628334,1.5253151135629983,100.0,26.175208317410064,-0.2079288399051769,2.717475780782499,0.0321566445749805,15.516530253817432
FIN-2017,Finland,FIN,2017,4,0.0536121904628334,2.595058613804204,100.0,26.198799328026755,0.3566845008916954,1.5253151135629983,0.0049874789259069,15.519404467310524
FIN-2018,Finland,FIN,2018,4,0.0536121904628334,-2.056308333239373,100.0,26.25999416625248,0.7540150470844377,2.595058613804204,0.0205287132946789,15.521751172201045
FIN-2019,Finland,FIN,2019,4,0.0536121904628334,2.5076148971587315,100.0,26.335916660099222,1.083820984092959,-2.056308333239373,0.0359430063476326,15.523077582368314
FIN-2020,Finland,FIN,2020,4,0.0536121904628334,-0.8376589087581622,100.0,26.310570003657773,1.024093929634307,2.5076148971587315,0.0395237238079271,15.52417949907355
FIN-2021,Finland,FIN,2021,4,0.0536121904628334,2.778215063072514,100.0,26.32168895004496,0.2905545556532394,-0.8376589087581622,0.0208151367431629,15.525615910785724
FIN-2022,Finland,FIN,2022,4,0.0536121904628334,2.244930344311487,100.0,26.40760453560181,2.194574323399983,2.778215063072514,0.0456314892036643,15.52768879635531
FJI-1997,Fiji,FJI,1997,0,0.0,-1.7797254273215393,66.9,21.47877572544655,3.050161812297976,-1.935375011893793,0.0,13.597093320014151
FJI-1998,Fiji,FJI,1998,0,0.0,1.0350505103893224,71.7715148925781,21.46053570499516,3.368140064379439,-1.7797254273215393,0.0,13.60742801807537
FJI-1999,Fiji,FJI,1999,0,0.0,-2.72500875112276,73.0895843505859,21.225946410214537,5.711681604131184,1.0350505103893224,0.0,13.619810709567563
FJI-2000,Fiji,FJI,2000,0,0.0,0.0352309570800265,74.4028167724609,21.384127394189704,1.968673660009193,-2.72500875112276,0.0,13.631382169833245
FJI-2001,Fiji,FJI,2001,0,0.0,1.6470141456472709,76.8,21.24099925222738,1.092164599773878,0.0352309570800265,0.0,13.642239917770734
FJI-2002,Fiji,FJI,2002,0,0.0,1.2871000810514217,77.7,21.22553214876775,4.272670244651052,1.6470141456472709,0.0,13.652517398390131
FJI-2003,Fiji,FJI,2003,0,0.0,1.3270160234445736,79.6,21.32937254174832,0.7620320855612064,1.2871000810514217,0.0,13.662417651830449
FJI-2004,Fiji,FJI,2004,0,0.0,2.9210783071945388,80.0,21.556389052754504,4.172747777630344,1.3270160234445736,0.0,13.671971541416797
FJI-2005,Fiji,FJI,2005,0,0.0,2.4588596537242524,80.6,21.719505171499023,2.827485193912008,2.9210783071945388,0.0,13.681255474967603
FJI-2006,Fiji,FJI,2006,0,0.0,3.637384482519277,81.6,21.815324646980205,2.365764538304339,2.4588596537242524,0.0,13.690378081206722
FJI-2007,Fiji,FJI,2007,0,0.0,3.3148873135548005,82.6,21.846995185956494,2.490836387870788,3.637384482519277,0.0,13.699387893129048
FJI-2008,Fiji,FJI,2008,0,0.0,3.652814190835159,88.9,21.940642783252443,4.803706413069889,3.3148873135548005,0.0,13.707739361170391
FJI-2009,Fiji,FJI,2009,0,0.0,3.069504224459375,86.2,21.982631508276164,7.732278579184217,3.652814190835159,0.0,13.71392070220264
FJI-2010,Fiji,FJI,2010,0,0.0,2.436268348374615,85.6,21.77779548647966,3.13103559015967,3.069504224459375,0.0,13.718162302694372
FJI-2011,Fiji,FJI,2011,0,0.0,2.449109119226765,92.4,21.86754172902284,3.689012296707605,2.436268348374615,0.0,13.721661310478456
FJI-2012,Fiji,FJI,2012,0,0.0,2.641524381351908,92.5,22.052834252562366,7.278117827085,2.449109119226765,0.0,13.724480206614604
FJI-2013,Fiji,FJI,2013,0,0.0,2.4614510599290225,92.6,22.102542659003923,3.423375234019793,2.641524381351908,0.0,13.726590815748962
FJI-2014,Fiji,FJI,2014,0,0.0,2.748773338455064,91.8,22.15595893350385,2.91354193603992,2.4614510599290225,0.0,13.728156940598906
FJI-2015,Fiji,FJI,2015,0,0.0,2.1843126578718857,93.0,22.30370837097884,0.5193064745791065,2.748773338455064,0.0,13.72950158748823
FJI-2016,Fiji,FJI,2016,0,0.0,2.769409778773738,93.2,22.26709369862153,1.374885426214466,2.1843126578718857,0.0,13.73058318973727
FJI-2017,Fiji,FJI,2017,0,0.0,2.6775331418570567,93.4,22.318648159836187,3.863225382212778,2.769409778773738,0.0,13.731223104088944
FJI-2018,Fiji,FJI,2018,0,0.0,2.8249483466189265,96.0,22.40101063172,3.34757834757831,2.6775331418570567,0.0,13.73078021380369
FJI-2019,Fiji,FJI,2019,0,0.0,2.496653718750918,95.1,22.442710015926625,4.081476376445425,2.8249483466189265,0.0,13.729060114531087
FJI-2020,Fiji,FJI,2020,0,0.0,2.43466278090006,96.1,22.399410010733163,1.793886475145553,2.496653718750918,0.0,13.726570048667629
FJI-2021,Fiji,FJI,2021,0,0.0,2.983781639532337,97.1,22.164928647883976,-1.700141678473175,2.43466278090006,0.0,13.726639999221357
FJI-2022,Fiji,FJI,2022,0,0.0,1.4792167194129116,92.1,22.1485099988482,1.534548537515916,2.983781639532337,0.0,13.728548634297264
FRA-1991,France,FRA,1991,4,0.0266357974593468,1.0182695911615522,100.0,27.86026557068858,3.194283380294818,0.9150819401360736,0.0266357974593468,17.88044369691735
FRA-1992,France,FRA,1992,4,0.0266357974593468,1.2338174982294807,100.0,27.86130848818995,3.213407324096771,1.0182695911615522,0.012641000783178,17.885464113358413
FRA-1993,France,FRA,1993,4,0.0266357974593468,1.2377977369228337,100.0,27.96008244024399,2.363760462693559,1.2338174982294807,0.012057977543871,17.890444361099817
FRA-1994,France,FRA,1994,4,0.0266357974593468,0.9769283971446782,100.0,27.904388749968508,2.104462771246424,1.2377977369228337,0.0118039460062411,17.894793849871455
FRA-1995,France,FRA,1995,4,0.0266357974593468,1.188068643172963,100.0,27.95731514331805,1.655515329269993,0.9769283971446782,0.0102733020572934,17.89853906782667
FRA-1996,France,FRA,1996,4,0.0266357974593468,1.122892326685057,100.0,28.09803236340799,1.796481420955893,1.188068643172963,0.008798394321969,17.902180663399353
FRA-1997,France,FRA,1997,4,0.0266357974593468,1.243766473076,100.0,28.100330264432863,1.982883650897388,1.122892326685057,0.0105605201828983,17.905755143423185
FRA-1998,France,FRA,1998,4,0.0266357974593468,1.4310258449994826,100.0,28.00216542791964,1.203942940269637,1.243766473076,0.0077530518573603,17.909322761842148
FRA-1999,France,FRA,1999,4,0.0266357974593468,1.847057392414141,100.0,28.03442168235872,0.6511268678330727,1.4310258449994826,0.0022073524421779,17.913028164087205
FRA-2000,France,FRA,2000,4,0.0266357974593468,1.831385862731536,100.0,28.0277252113309,0.537141639134596,1.847057392414141,0.0060100955132444,17.918186765436957
FRA-2001,France,FRA,2001,4,0.0266357974593468,2.0085072308876866,100.0,27.939210765287086,1.675959887209284,1.831385862731536,0.0128162153938784,17.925050122519572
FRA-2002,France,FRA,2002,4,0.0266357974593468,1.953043731826212,100.0,27.946106764911804,1.63478079549599,2.0085072308876866,0.0093601296341591,17.932340061891324
FRA-2003,France,FRA,2003,4,0.0266357974593468,1.5733940501820305,100.0,28.031425276608427,1.923412287270638,1.953043731826212,0.0083087629463596,17.939610391799686
FRA-2004,France,FRA,2004,4,0.0266357974593468,1.2946052305528504,100.0,28.238117902906414,2.098472191469195,1.5733940501820305,0.0073791013617469,17.946666780053402
FRA-2005,France,FRA,2005,4,0.0266357974593468,2.066120407885408,100.0,28.377610621243303,2.142089646402386,1.2946052305528504,0.0081039825740849,17.953993034961417
FRA-2006,France,FRA,2006,4,0.0266357974593468,1.9397008132141411,100.0,28.415902272487077,1.74586936380487,2.066120407885408,0.0111412257646513,17.96151188601018
FRA-2007,France,FRA,2007,4,0.0266357974593468,1.8662017806802589,100.0,28.47166612855821,1.675124496087263,1.9397008132141411,0.011867928639494,17.968475271648632
FRA-2008,France,FRA,2008,4,0.0266357974593468,1.579516441547693,100.0,28.60777341138189,1.487998059538595,1.8662017806802589,0.0105907897754201,17.974657528377694
FRA-2009,France,FRA,2009,4,0.0266357974593468,0.6381153772055083,100.0,28.70493179700801,2.812861949147852,1.579516441547693,0.014247070185208,17.98023773442225
FRA-2010,France,FRA,2010,4,0.0266357974593468,1.1777905790881718,100.0,28.62430099318093,0.0876204781574653,0.6381153772055083,0.0076761497248791,17.985371244475964
FRA-2011,France,FRA,2011,4,0.0266357974593468,1.2167771888767431,100.0,28.604157112079083,1.531122704209187,1.1777905790881718,0.0089175389577351,17.99030100811029
FRA-2012,France,FRA,2012,4,0.0266357974593468,1.033712923483017,100.0,28.685475488875877,2.11159795175,1.2167771888767431,0.0108192692036986,17.995127682146315
FRA-2013,France,FRA,2013,4,0.0266357974593468,1.0084189081069357,100.0,28.6179593320902,1.954195316135097,1.033712923483017,0.0126937537821637,17.999964831266816
FRA-2014,France,FRA,2014,4,0.0266357974593468,0.1760631560740219,100.0,28.66636611345973,0.8637154978618041,1.0084189081069357,0.0109314252317,18.00513398131846
FRA-2015,France,FRA,2015,4,0.0266357974593468,1.3337899302909275,100.0,28.6822748545722,0.5077588229379897,0.1760631560740219,0.0094716180532004,18.009882459708397
FRA-2016,France,FRA,2016,4,0.0266357974593468,1.1621557918698473,100.0,28.52403644607827,0.0375143805125181,1.3337899302909275,0.0051246206563185,18.013438152055453
FRA-2017,France,FRA,2017,4,0.0266357974593468,1.2953727742866286,100.0,28.535404281203025,0.1833348611237648,1.1621557918698473,0.0038516541853126,18.01607683990151
FRA-2018,France,FRA,2018,4,0.0266357974593468,1.7484900757591435,100.0,28.58224195535653,1.03228275064681,1.2953727742866286,0.0051866236409001,18.01897886102159
FRA-2019,France,FRA,2019,4,0.0266357974593468,1.4278133099750605,100.0,28.65403890483614,1.850815083154928,1.7484900757591435,0.0083911303924397,18.02256380678628
FRA-2020,France,FRA,2020,4,0.0266357974593468,0.678258591587097,100.0,28.632679496841437,1.108254922882936,1.4278133099750605,0.0067826003275288,18.02588939802712
FRA-2021,France,FRA,2021,4,0.0266357974593468,1.9104487887690715,100.0,28.6047978288064,0.4764988527250654,0.678258591587097,0.0032971078988929,18.029134975789383
FRA-2022,France,FRA,2022,4,0.0266357974593468,2.0990766763865505,100.0,28.718381570131378,1.642331410383937,1.9104487887690715,0.0071021867060762,18.032703999060573
GAB-2001,Gabon,GAB,2001,3,43.6933433166058,-1.4449713744830606,73.6,22.348672296668727,0.5049200258348586,2.4012402176933345,43.6933433166058,14.058906047384149
GAB-2002,Gabon,GAB,2002,3,43.6933433166058,0.0217529268704014,77.2,22.33734604010777,2.137620527014649,-1.4449713744830606,28.5621391754189,14.085224669090543
GAB-2003,Gabon,GAB,2003,3,43.6933433166058,1.2115757320197489,77.8,22.397639273117537,0.0366828893971394,0.0217529268704014,27.1895735624659,14.112005681147911
GAB-2004,Gabon,GAB,2004,3,43.6933433166058,2.104535388630257,78.5,22.596897626236107,2.235353135515361,1.2115757320197489,21.2503487601086,14.139296230801866
GAB-2005,Gabon,GAB,2005,3,43.6933433166058,1.938901176885436,79.2,22.773564187442627,0.4082053074392502,2.104535388630257,25.0988473562294,14.167300590125356
GAB-2006,Gabon,GAB,2006,3,43.6933433166058,1.6812634894051537,81.6,22.983233991289453,3.708333333333035,1.938901176885436,34.837420996188,14.196338651936443
GAB-2007,Gabon,GAB,2007,3,43.6933433166058,2.3616750700245324,80.5,23.05808559618844,-1.409401366009797,1.6812634894051537,33.9084565801093,14.22651894036592
GAB-2008,Gabon,GAB,2008,3,43.6933433166058,2.199268550775137,81.3,23.24542087057445,5.03031883679951,2.3616750700245324,34.283912273453,14.257781928322052
GAB-2009,Gabon,GAB,2009,3,43.6933433166058,2.359869975605501,82.0,23.468698417972707,5.264301455752853,2.199268550775137,37.187729257242,14.289989159568975
GAB-2010,Gabon,GAB,2010,3,43.6933433166058,2.004917300106356,82.7,23.21760280362914,1.885707545779184,2.359869975605501,24.5730772701098,14.32326567253802
GAB-2011,Gabon,GAB,2011,3,43.6933433166058,2.5193149732788136,89.3,23.388588967612527,1.46154402720469,2.004917300106356,33.5096734280311,14.357765078913914
GAB-2012,Gabon,GAB,2012,3,43.6933433166058,2.0812181556803866,88.7,23.62525363030049,1.26331707837421,2.5193149732788136,37.4261753637161,14.39323903064084
GAB-2013,Gabon,GAB,2013,3,43.6933433166058,1.370437580638974,89.3,23.56645653636304,2.652418286956261,2.0812181556803866,38.2761163072887,14.42901370137103
GAB-2014,Gabon,GAB,2014,3,43.6933433166058,2.635406695116738,86.4,23.590922936993987,0.5054410589156145,1.370437580638974,30.2411289292074,14.46421461227973
GAB-2015,Gabon,GAB,2015,3,43.6933433166058,0.286059610810095,87.1,23.62490536864405,4.690457518262837,2.635406695116738,22.1627532667092,14.497798995189344
GAB-2016,Gabon,GAB,2016,3,43.6933433166058,2.8787776416653337,87.3,23.389320282975277,-0.3387951887534059,0.286059610810095,9.98640233955356,14.52894554222094
GAB-2017,Gabon,GAB,2017,3,43.6933433166058,2.8712889677017674,88.1,23.364028159831825,2.106707127840543,2.8787776416653337,9.0185416132992,14.557594082485055
GAB-2018,Gabon,GAB,2018,3,43.6933433166058,2.798068005594732,86.3,23.426604120122786,2.651925831439018,2.8712889677017674,14.3932577694784,14.584183027238714
GAB-2019,Gabon,GAB,2019,3,43.6933433166058,2.915734119731753,89.6,23.54864423860691,4.749066520832215,2.798068005594732,18.3274076798358,14.609551844608168
GAB-2020,Gabon,GAB,2020,3,43.6933433166058,3.109993101124198,90.3,23.549063841463084,2.464567561511867,2.915734119731753,16.6842425426461,14.634279746771677
GAB-2021,Gabon,GAB,2021,3,43.6933433166058,2.759507104057988,91.1,23.453875395729288,1.352761106753326,3.109993101124198,9.97982419987045,14.658171972342055
GAB-2022,Gabon,GAB,2022,3,43.6933433166058,2.388720730191873,91.8,23.690852466838773,1.086907465194095,2.759507104057988,15.5565091491463,14.681233206106262
GBR-1991,United Kingdom,GBR,1991,4,0.996222101169364,1.4587262509286656,100.0,27.720102289515665,8.063460909388327,2.040898624651872,0.882565641379211,17.862896051038735
GBR-1992,United Kingdom,GBR,1992,4,0.996222101169364,1.4213521651022938,100.0,27.76450003804159,7.461782957469335,1.4587262509286656,0.412174585640108,17.865988530307995
GBR-1993,United Kingdom,GBR,1993,4,0.996222101169364,1.3767314265230386,100.0,27.796246978586133,4.591549295774609,1.4213521651022938,0.45037018743077,17.86869284208178
GBR-1994,United Kingdom,GBR,1994,4,0.996222101169364,1.3084864941381225,100.0,27.69059928193662,2.558577969297048,1.3767314265230386,0.507917987549076,17.87109029643306
GBR-1995,United Kingdom,GBR,1995,4,0.996222101169364,1.5126344208773668,100.0,27.762478887788955,2.219012605042045,1.3084864941381225,0.520900545480459,17.873636161257597
GBR-1996,United Kingdom,GBR,1996,4,0.996222101169364,1.5599084549061837,100.0,27.930454526606837,2.697495183044318,1.5126344208773668,0.510075233528374,17.87628163538053
GBR-1997,United Kingdom,GBR,1997,4,0.996222101169364,1.900447201166092,100.0,27.98539434900016,2.851782363977489,1.5599084549061837,0.692863039051656,17.878827899178848
GBR-1998,United Kingdom,GBR,1998,4,0.996222101169364,2.5877402160490885,100.0,28.08166179281855,2.201143135108819,1.900447201166092,0.48646780134821,17.88140343236743
GBR-1999,United Kingdom,GBR,1999,4,0.996222101169364,2.73471161367146,100.0,28.138333453763867,1.820561637315566,2.5877402160490885,0.145754867132571,17.884317493171856
GBR-2000,United Kingdom,GBR,2000,4,0.996222101169364,2.9800260906499028,100.0,28.15779429114889,1.752950800514202,2.73471161367146,0.442618243757321,17.88765155193679
GBR-2001,United Kingdom,GBR,2001,4,0.996222101169364,1.9341433117325717,100.0,28.14480106406992,1.182956242104084,2.9800260906499028,0.899607457881131,17.891224560750228
GBR-2002,United Kingdom,GBR,2002,4,0.996222101169364,2.314995425127864,100.0,28.135529432906427,1.532349602724177,1.9341433117325717,0.623069756321262,17.895074320380626
GBR-2003,United Kingdom,GBR,2003,4,0.996222101169364,1.324446746278802,100.0,28.213536451054505,1.52040245947455,2.314995425127864,0.59707481885464,17.899307691105534
GBR-2004,United Kingdom,GBR,2004,4,0.996222101169364,1.9882845582519115,100.0,28.354322918816827,1.37650038542013,1.324446746278802,0.559752287291694,17.903964102163318
GBR-2005,United Kingdom,GBR,2005,4,0.996222101169364,2.9884930838232755,100.0,28.518819697284545,1.390397566804219,1.9882845582519115,0.575171956513235,17.909653533202416
GBR-2006,United Kingdom,GBR,2006,4,0.996222101169364,2.7108581241880216,100.0,28.56764837889309,2.089136490250696,2.9884930838232755,0.720225579643724,17.916519646149087
GBR-2007,United Kingdom,GBR,2007,4,0.996222101169364,2.607885222660328,100.0,28.631490636609893,2.455661664392905,2.7108581241880216,0.708171759768897,17.923870132812052
GBR-2008,United Kingdom,GBR,2008,4,0.996222101169364,2.8489094784182223,100.0,28.763938169622424,2.386561507733271,2.607885222660328,0.6818533676487,17.931656793808987
GBR-2009,United Kingdom,GBR,2009,4,0.996222101169364,0.567799583535814,100.0,28.71121544320836,3.521408563425387,2.8489094784182223,0.996222101169364,17.939527119904337
GBR-2010,United Kingdom,GBR,2010,4,0.996222101169364,1.7095862118081957,100.0,28.518648204843007,1.961731735601091,0.567799583535814,0.61738163928542,17.947091028378356
GBR-2011,United Kingdom,GBR,2011,4,0.996222101169364,0.888126953549384,100.0,28.546007269633787,2.492654724670655,1.7095862118081957,0.639286356112083,17.95492991471944
GBR-2012,United Kingdom,GBR,2012,4,0.996222101169364,1.3103931480957411,100.0,28.61519104546017,3.8561124468282,0.888126953549384,0.82160437614263,17.96274498021778
GBR-2013,United Kingdom,GBR,2013,4,0.996222101169364,1.4199624718562351,100.0,28.631548564879584,2.573234796545302,1.3103931480957411,0.656341548365418,17.96986780578842
GBR-2014,United Kingdom,GBR,2014,4,0.996222101169364,1.402045177995587,100.0,28.65953575638443,2.291666666666594,1.4199624718562351,0.535996112164923,17.97654758554467
GBR-2015,United Kingdom,GBR,2015,4,0.996222101169364,1.2162222882301164,100.0,28.75769016328725,1.451120162932792,1.402045177995587,0.450978748469466,17.984019058631098
GBR-2016,United Kingdom,GBR,2016,4,0.996222101169364,3.17977412101349,100.0,28.71132682035801,0.3680468423253604,1.2162222882301164,0.240246459981823,17.991235409821254
GBR-2017,United Kingdom,GBR,2017,4,0.996222101169364,2.240210300917622,100.0,28.62679105146003,1.008417368114095,3.17977412101349,0.205683569636128,17.999177728388936
GBR-2018,United Kingdom,GBR,2018,4,0.996222101169364,-0.782523724402017,100.0,28.623946312608997,2.557755775577473,2.240210300917622,0.306336104823879,18.004619711790582
GBR-2019,United Kingdom,GBR,2019,4,0.996222101169364,0.642976422635947,100.0,28.694706503263102,2.292839903459376,-0.782523724402017,0.495559267583983,18.009504372584743
GBR-2020,United Kingdom,GBR,2020,4,0.996222101169364,2.453312085632346,100.0,28.687320744035745,1.738104600865128,0.642976422635947,0.457125858504922,18.01463548258784
GBR-2021,United Kingdom,GBR,2021,4,0.996222101169364,1.881782166426919,100.0,28.633123046912285,0.9894867037724911,2.453312085632346,0.240228124941138,18.01631504627102
GBR-2022,United Kingdom,GBR,2022,4,0.996222101169364,1.7916581730991992,100.0,28.79247022520249,2.51837109614213,1.881782166426919,0.416142083269318,18.0198747801552
GEO-2001,Georgia,GEO,2001,2,0.421504288803926,1.941465787318977,99.8,21.84085535883353,4.063962013825961,2.1649814910616665,0.4032554633902,15.220904358024884
GEO-2002,Georgia,GEO,2002,2,0.421504288803926,2.256716157252307,99.8,21.89248018349084,4.64604442058634,1.941465787318977,0.240596285001512,15.205391977889382
GEO-2003,Georgia,GEO,2003,2,0.421504288803926,2.823763266723474,99.9,21.945795398286457,5.587837300007943,2.256716157252307,0.205552828360089,15.196419443407828
GEO-2004,Georgia,GEO,2004,2,0.421504288803926,2.959021716425901,100.0,22.107402347864163,0.837734531536568,2.823763266723474,0.388733097796932,15.189665787052444
GEO-2005,Georgia,GEO,2005,2,0.421504288803926,2.653657022581805,99.9,22.35746761660034,5.656326361911319,2.959021716425901,0.292409031788746,15.183473164524123
GEO-2006,Georgia,GEO,2006,2,0.421504288803926,3.4105236312850846,97.9,22.58126738338466,8.247090431141581,2.653657022581805,0.345173611414446,15.17712024396229
GEO-2007,Georgia,GEO,2007,2,0.421504288803926,3.6169930354068223,100.0,22.7703456840744,9.160965083944967,3.4105236312850846,0.193175812294926,15.171435398299131
GEO-2008,Georgia,GEO,2008,2,0.421504288803926,3.222240030846169,100.0,23.042996214879334,9.244897455924036,3.6169930354068223,0.155450439934669,15.166218932302504
GEO-2009,Georgia,GEO,2009,2,0.421504288803926,2.514108204765753,100.0,23.27233164935513,9.99948761552747,3.222240030846169,0.182671461157239,15.163181027797275
GEO-2010,Georgia,GEO,2010,2,0.421504288803926,2.7005880706027,100.0,23.099744313848387,1.727514611379096,2.514108204765753,0.116317204104687,15.154299179687955
GEO-2011,Georgia,GEO,2011,2,0.421504288803926,2.720495957715958,100.0,23.243129955945616,7.110178974860989,2.7005880706027,0.108975029413952,15.14700442903804
GEO-2012,Georgia,GEO,2012,2,0.421504288803926,2.4465416244047757,100.0,23.46251042563409,8.5429333333333,2.720495957715958,0.143424766442677,15.13898279076799
GEO-2013,Georgia,GEO,2013,2,0.421504288803926,2.487550329156995,100.0,23.55024757151257,-0.943658853270964,2.4465416244047757,0.130105358248411,15.131617137547895
GEO-2014,Georgia,GEO,2014,2,0.421504288803926,3.0202864340162114,100.0,23.586475360150104,-0.5120584109470924,2.487550329156995,0.110437873003737,15.128607416942188
GEO-2015,Georgia,GEO,2015,2,0.421504288803926,3.1285606331337124,100.0,23.611747760803077,3.068812103795431,3.0202864340162114,0.099561569009553,15.129076955818467
GEO-2016,Georgia,GEO,2016,2,0.421504288803926,3.069930389581934,100.0,23.44612557679804,4.003578206950973,3.1285606331337124,0.0409780341464866,15.130651769447155
GEO-2017,Georgia,GEO,2017,2,0.421504288803926,3.1561202875129304,100.0,23.460521956219257,2.134927139391212,3.069930389581934,0.0204652117157031,15.131249935277683
GEO-2018,Georgia,GEO,2018,2,0.421504288803926,2.683509015798329,100.0,23.524996124886265,6.035317252721169,3.1561202875129304,0.0277796234542378,15.131383795988436
GEO-2019,Georgia,GEO,2019,2,0.421504288803926,2.76715554856902,99.9,23.60820871184667,2.615244713976705,2.683509015798329,0.0347328226740541,15.130993430629678
GEO-2020,Georgia,GEO,2020,2,0.421504288803926,1.960203300492828,100.0,23.59334061538955,4.852898216967227,2.76715554856902,0.0303108940592379,15.129277773688225
GEO-2021,Georgia,GEO,2021,2,0.421504288803926,2.621756993544486,100.0,23.4965336545912,5.202464889753404,1.960203300492828,0.0156199754640174,15.129964335998416
GEO-2022,Georgia,GEO,2022,2,0.421504288803926,2.897469469006821,100.0,23.65994402046173,9.566914338247692,2.621756993544486,0.0292949219912809,15.126167970949863
GHA-1994,Ghana,GHA,1994,2,5.08048685091895,2.160036815706064,30.6,22.509832336076727,24.95984247424968,1.4849778622062657,0.105856028449236,16.624281728655834
GHA-1995,Ghana,GHA,1995,2,5.08048685091895,1.273886935310046,30.36940574646,22.41821768919509,24.87025543695763,2.160036815706064,0.0841195455913022,16.648323292375395
GHA-1996,Ghana,GHA,1996,2,5.08048685091895,1.3163595917361262,32.4504508972168,22.589573378051345,59.46155369914462,1.273886935310046,0.227977824150616,16.671924325810533
GHA-1997,Ghana,GHA,1997,2,5.08048685091895,1.0076106827157192,34.5287704467773,22.659557265557098,46.56101967622823,1.3163595917361262,0.374611791074058,16.695280874191734
GHA-1998,Ghana,GHA,1998,2,5.08048685091895,1.545007805132156,36.6036949157715,22.65354636204801,27.88520864075274,1.0076106827157192,0.29045479328698,16.71907046861335
GHA-1999,Ghana,GHA,1999,2,5.08048685091895,1.867112261811614,42.6,22.735775216804523,14.62416666666746,1.545007805132156,0.128039085702873,16.743394144488267
GHA-2000,Ghana,GHA,2000,2,5.08048685091895,1.917771224965691,40.7405395507813,22.76683535018846,4.865397850775285,1.867112261811614,0.246256638723101,16.767806223957724
GHA-2001,Ghana,GHA,2001,2,5.08048685091895,1.2909254766739715,43.7,22.32926798654283,40.24093312391401,1.917771224965691,0.989341728951404,16.792930581058577
GHA-2002,Ghana,GHA,2002,2,5.08048685091895,0.8496951810497301,44.8,22.39377492661797,41.50949628780302,1.2909254766739715,0.677053371360246,16.819561634132963
GHA-2003,Ghana,GHA,2003,2,5.08048685091895,1.346374004134408,46.8,22.54234825296181,9.360932395603127,0.8496951810497301,0.616348326370289,16.847063009785597
GHA-2004,Ghana,GHA,2004,2,5.08048685091895,1.2319571672463632,48.3,22.75571057224095,29.77297971603836,1.346374004134408,0.506473855028264,16.874062970833112
GHA-2005,Ghana,GHA,2005,2,5.08048685091895,1.1081199066560683,50.8,22.90722705549606,18.04273882325649,1.2319571672463632,0.620473077410875,16.900548611850326
GHA-2006,Ghana,GHA,2006,2,5.08048685091895,1.8326720010977071,41.3,23.09766619708058,15.43899201559083,1.1081199066560683,0.699403468222941,16.92677618297617
GHA-2007,Ghana,GHA,2007,2,5.08048685091895,2.418714631447413,55.1,23.762298835118795,11.67918393924918,1.8326720010977071,0.439256307347706,16.952772905479257
GHA-2008,Ghana,GHA,2008,2,5.08048685091895,2.9436781530901786,56.9,23.93521126759445,10.7342665456292,2.418714631447413,0.421654318546372,16.978547192551996
GHA-2009,Ghana,GHA,2009,2,5.08048685091895,2.905309915290157,60.5,24.079444347637427,16.49463961341201,2.9436781530901786,0.507726368620134,17.00392498977837
GHA-2010,Ghana,GHA,2010,2,5.08048685091895,2.757628066107335,61.1,23.983234467912595,19.24694822208571,2.905309915290157,0.266591066260126,17.028877838623096
GHA-2011,Ghana,GHA,2011,2,5.08048685091895,2.8077206672667288,64.2,24.19515947838445,10.73338983549149,2.757628066107335,0.391372890188776,17.053207980056367
GHA-2012,Ghana,GHA,2012,2,5.08048685091895,2.77430127842762,64.1,24.395422950884747,8.7284593709302,2.8077206672667288,5.08048685091895,17.077257693668894
GHA-2013,Ghana,GHA,2013,2,5.08048685091895,2.338537188132244,56.5,24.443442897742592,11.18634094410672,2.77430127842762,4.78155703124787,17.10145678355615
GHA-2014,Ghana,GHA,2014,2,5.08048685091895,2.516338089619426,70.7,24.86394870221692,11.66619230717286,2.338537188132244,3.51474407100181,17.12554957576071
GHA-2015,Ghana,GHA,2015,2,5.08048685091895,2.564312567059526,78.3,24.724737034377306,15.48961603333184,2.516338089619426,3.42103394358244,17.149199430214516
GHA-2016,Ghana,GHA,2016,2,5.08048685091895,2.5253830715378967,74.0,24.6239610491315,17.14996950078776,2.564312567059526,1.29146546233544,17.172270702707674
GHA-2017,Ghana,GHA,2017,2,5.08048685091895,2.38625417646754,79.3,24.751188851116517,17.45463470708676,2.5253830715378967,1.00121845985195,17.195032822314534
GHA-2018,Ghana,GHA,2018,2,5.08048685091895,2.197136578318285,79.0,24.82401334707399,12.37192155070485,2.38625417646754,2.60564944915053,17.2169864008525
GHA-2019,Ghana,GHA,2019,2,5.08048685091895,2.4370996081283893,80.4,24.93182193819618,7.80876516610703,2.197136578318285,4.1465494257117,17.23773811383211
GHA-2020,Ghana,GHA,2020,2,5.08048685091895,1.7118641171562434,83.5,24.947945866781865,7.143640033308569,2.4370996081283893,4.069102005933,17.257816165178674
GHA-2021,Ghana,GHA,2021,2,5.08048685091895,1.875778777132188,85.4,24.971878841502445,9.887289562699442,1.7118641171562434,2.25284947216201,17.277734363062724
GHA-2022,Ghana,GHA,2022,2,5.08048685091895,1.412989134470972,86.3,25.099201518512707,9.971088675044395,1.875778777132188,4.05501917796431,17.297324820892296
GIN-2006,Guinea,GIN,2006,3,0.0,1.806383645518906,20.2,22.177795464821084,31.3733025877534,1.629201283985368,0.0,16.039684819383734
GIN-2007,Guinea,GIN,2007,3,0.0,2.515024926343405,22.8,22.16310566788929,34.69527059970722,1.806383645518906,0.0,16.060590682957766
GIN-2008,Guinea,GIN,2008,3,0.0,2.4031011365890724,24.1,22.560941221000125,18.17556561085974,2.515024926343405,0.0,16.0837404101744
GIN-2009,Guinea,GIN,2009,3,0.0,1.1116858691833384,25.4,22.66404570345981,23.06561293879799,2.4031011365890724,0.0,16.107931268197678
GIN-2012,Guinea,GIN,2012,3,0.0,2.767527909272366,29.5,22.638000351743088,21.3169268542577,3.3399050514185302,0.0,16.181709776223645
GIN-2013,Guinea,GIN,2013,3,0.0,0.0022682177730897,26.2,22.756407459438737,15.2262941038638,2.767527909272366,0.0,16.206251389583
GIN-2014,Guinea,GIN,2014,3,0.0,-0.7637686679473097,32.2,22.848709557627,11.88758844818276,0.0022682177730897,0.0,16.230698537222622
GIN-2015,Guinea,GIN,2015,3,0.0,0.5737646052717588,33.5,22.89556835405636,6.150505567064199,-0.7637686679473097,0.0,16.25550046967284
GIN-2016,Guinea,GIN,2016,3,0.0,3.629197290996256,34.9,22.89735844852059,11.78008250298339,0.5737646052717588,0.0,16.280815595251266
GIN-2017,Guinea,GIN,2017,3,0.0,2.42278457079958,33.5,22.874557606720227,8.172681122751316,3.629197290996256,0.0,16.306484680024308
GIN-2018,Guinea,GIN,2018,3,0.0,1.810546841729982,35.4,23.057801846670717,8.91435947913097,2.42278457079958,0.0,16.332049909756208
GIN-2019,Guinea,GIN,2019,3,0.0,0.3245586577403606,45.0,23.19618680858876,9.827617012591912,1.810546841729982,0.0,16.35748846501642
GIN-2020,Guinea,GIN,2020,3,0.0,1.0486626191173325,42.2,23.32171405841562,9.470010392530124,0.3245586577403606,0.0,16.383098508199232
GIN-2021,Guinea,GIN,2021,3,0.0,0.9886123572489316,44.7,23.368638450535663,10.60162033871666,1.0486626191173325,0.0,16.40861250162694
GIN-2022,Guinea,GIN,2022,3,0.0,1.9111004939303105,46.8,23.560536570350408,12.59728825669343,0.9886123572489316,0.0,16.4336735417183
GMB-1994,"Gambia, The",GMB,1994,1,0.0,1.0794263327908675,17.7,20.442282577379483,6.463804227538466,1.1510488633707487,0.0,13.98808981226566
GMB-1995,"Gambia, The",GMB,1995,1,0.0,0.8695619489311645,18.2500495910645,20.43089807430918,1.710206323056372,1.0794263327908675,0.0,14.020267710656883
GMB-1996,"Gambia, The",GMB,1996,1,0.0,1.051425767588335,19.921443939209,20.482467179706823,6.98097441830556,0.8695619489311645,0.0,14.050040240559886
GMB-1997,"Gambia, The",GMB,1997,1,0.0,1.1676783271034124,21.5901184082031,20.55867352089784,1.099488707710178,1.051425767588335,0.0,14.078959618443138
GMB-1998,"Gambia, The",GMB,1998,1,0.0,1.76009172398882,23.255392074585,20.504653682669577,2.781227900232293,1.1676783271034124,0.0,14.107351470439893
GMB-1999,"Gambia, The",GMB,1999,1,0.0,2.5037465788387965,24.9165878295898,20.549251994092263,1.114188411747133,1.76009172398882,0.0,14.135409063075867
GMB-2000,"Gambia, The",GMB,2000,1,0.0,2.4165095912581838,26.572940826416,20.51836000412862,3.812372053660197,2.5037465788387965,0.0,14.163191173933424
GMB-2001,"Gambia, The",GMB,2001,1,0.0,2.343609636437426,34.3,20.47853325149336,0.8449695667737002,2.4165095912581838,0.0,14.190574876125378
GMB-2002,"Gambia, The",GMB,2002,1,0.0,2.7000317394834847,29.9,20.348442409696712,4.492596092397543,2.343609636437426,0.0,14.217644791530562
GMB-2003,"Gambia, The",GMB,2003,1,0.0,2.032688466771204,31.5,20.175491455082064,8.60912474386327,2.7000317394834847,0.0,14.244491651749431
GMB-2004,"Gambia, The",GMB,2004,1,0.0,2.453682719626284,27.8,20.00385411535696,17.03286654319883,2.032688466771204,0.0,14.27142286929245
GMB-2005,"Gambia, The",GMB,2005,1,0.0,2.3547741132224327,34.8,20.684421731387964,14.20674328455688,2.453682719626284,0.0,14.298746872762967
GMB-2006,"Gambia, The",GMB,2006,1,0.0,2.751202078809268,30.5,20.750590172350407,4.838621775431567,2.3547741132224327,0.0,14.326558956914033
GMB-2007,"Gambia, The",GMB,2007,1,0.0,2.508504126287551,38.1,20.77596500693137,2.056503423659901,2.751202078809268,0.0,14.355084558578469
GMB-2008,"Gambia, The",GMB,2008,1,0.0,2.216446838619772,39.8,20.96989389423049,5.369134738019567,2.508504126287551,0.0,14.38410024546062
GMB-2009,"Gambia, The",GMB,2009,1,0.0,1.7260581122265162,41.5,21.16908368179797,4.443654909450098,2.216446838619772,0.0,14.41316669236456
GMB-2010,"Gambia, The",GMB,2010,1,0.0,1.6119722132703138,43.2,21.09492767101713,4.561506876709827,1.7260581122265162,0.0,14.4422096620124
GMB-2011,"Gambia, The",GMB,2011,1,0.0,1.6690024861120398,46.8,21.1571855313193,5.049680758574017,1.6119722132703138,0.0,14.471283439698372
GMB-2012,"Gambia, The",GMB,2012,1,0.0,1.7897517161443064,48.3,21.06663821129361,4.7958826618311,1.6690024861120398,0.0,14.50051719401935
GMB-2013,"Gambia, The",GMB,2013,1,0.0,2.30614387874962,49.9,21.07039871734074,4.254321998138986,1.7897517161443064,0.0,14.529976372963397
GMB-2014,"Gambia, The",GMB,2014,1,0.0,1.3848268593125366,51.5,21.04216270945418,5.69912989637382,2.30614387874962,0.0,14.559265773174936
GMB-2015,"Gambia, The",GMB,2015,1,0.0,2.3551765658527057,53.0,20.92984228648734,5.947999356966258,1.3848268593125366,0.0,14.58771334378782
GMB-2016,"Gambia, The",GMB,2016,1,0.0,2.2526097979081814,54.7,21.044027165282067,6.8084549457960994,2.3551765658527057,0.0,14.615056215313963
GMB-2017,"Gambia, The",GMB,2017,1,0.0,2.159393290978296,56.4,21.1183969911882,7.228792720579224,2.2526097979081814,0.0,14.641338144162006
GMB-2018,"Gambia, The",GMB,2018,1,0.0,2.2919426588417515,56.2,21.131998576324595,8.034189745459113,2.159393290978296,0.0,14.666596947090836
GMB-2019,"Gambia, The",GMB,2019,1,0.0,2.074985883002172,60.3,21.23649137590072,6.520968239465726,2.2919426588417515,0.0,14.690826366958564
GMB-2020,"Gambia, The",GMB,2020,1,0.0,3.0431041838516983,62.1,21.318585002037405,7.115676256311922,2.074985883002172,0.0,14.714388564450283
GMB-2021,"Gambia, The",GMB,2021,1,0.0,3.220680919395584,62.2,21.31779135148368,5.931276365624406,3.0431041838516983,0.0,14.73807516784293
GMB-2022,"Gambia, The",GMB,2022,1,0.0,3.0467430948349143,63.7,21.423467497619324,7.370347588766179,3.220680919395584,0.0,14.7617526363836
GNB-2003,Guinea-Bissau,GNB,2003,3,0.0,0.6718269634385149,1.3,19.961355141957128,3.300121752837517,0.7007481737529498,0.0,14.069616198297076
GNB-2004,Guinea-Bissau,GNB,2004,3,0.0,0.3233845897808124,2.6,20.13197969808393,-3.50258551103421,0.6718269634385149,0.0,14.092238098021252
GNB-2005,Guinea-Bissau,GNB,2005,3,0.0,1.113724513014274,3.9,20.182272788377823,0.8833026969309434,0.3233845897808124,0.0,14.11529213528788
GNB-2006,Guinea-Bissau,GNB,2006,3,0.0,1.7592114714118356,5.2,20.276628738214665,3.329199228028556,1.113724513014274,0.0,14.138742672584344
GNB-2007,Guinea-Bissau,GNB,2007,3,0.0,1.644319976842667,14.5,20.26879203683945,1.954737176289165,1.7592114714118356,0.0,14.162854906973854
GNB-2008,Guinea-Bissau,GNB,2008,3,0.0,0.6493441639081764,7.9,20.43979222849428,4.617437722419966,1.644319976842667,0.0,14.187754572487805
GNB-2009,Guinea-Bissau,GNB,2009,3,0.0,1.4969413491325936,9.3,20.6747765497981,10.46007313547063,0.6493441639081764,0.0,14.212980456057672
GNB-2010,Guinea-Bissau,GNB,2010,3,0.0,1.7502570733490934,4.7,20.60692058085553,-1.65139733620775,1.4969413491325936,0.0,14.238408166574388
GNB-2011,Guinea-Bissau,GNB,2011,3,0.0,1.514116325990978,6.0,20.66151014939869,2.517851401717014,1.7502570733490934,0.0,14.264257353067409
GNB-2012,Guinea-Bissau,GNB,2012,3,0.0,0.5954767446443967,13.5,20.86916051835328,5.046102263202,1.514116325990978,0.0,14.29054961314671
GNB-2013,Guinea-Bissau,GNB,2013,3,0.0,1.3357034362820377,14.9,20.771496013984823,2.130545802745028,0.5954767446443967,0.0,14.31714487074862
GNB-2014,Guinea-Bissau,GNB,2014,3,0.0,1.662545201238035,16.3,20.827340068317536,1.207125556684045,1.3357034362820377,0.0,14.343767765027795
GNB-2015,Guinea-Bissau,GNB,2015,3,0.0,1.2552835190588094,17.2,20.85011936395834,-1.509244605704939,1.662545201238035,0.0,14.370040865307068
GNB-2016,Guinea-Bissau,GNB,2016,3,0.0,1.410726323464004,20.1,20.86509882261826,1.476720489104847,1.2552835190588094,0.0,14.395745446513494
GNB-2017,Guinea-Bissau,GNB,2017,3,0.0,0.9282688194292976,22.9,20.942461015769965,1.503120558610882,1.410726323464004,0.0,14.420860962280234
GNB-2018,Guinea-Bissau,GNB,2018,3,0.0,1.092498942897265,26.0,21.108513684652543,1.691114618222977,0.9282688194292976,0.0,14.445224206661072
GNB-2019,Guinea-Bissau,GNB,2019,3,0.0,2.207021395137547,28.4,21.164184053611844,0.3813247027909915,1.092498942897265,0.0,14.4689647938872
GNB-2020,Guinea-Bissau,GNB,2020,3,0.0,1.0356835967156892,30.9,21.190900838913848,0.2466002681478295,2.207021395137547,0.0,14.49237438132612
GNB-2021,Guinea-Bissau,GNB,2021,3,0.0,0.8609744962394389,33.4,21.25686741083776,1.140009393932222,1.0356835967156892,0.0,14.515263869909155
GNB-2022,Guinea-Bissau,GNB,2022,3,0.0,0.9945230901258618,35.8,21.369117662398907,2.242488795776585,0.8609744962394389,0.0,14.5376542467858
GNQ-2001,Equatorial Guinea,GNQ,2001,3,82.776896134566,4.858074204012103,64.8,20.76823776610505,4.802288869013977,3.3869255393110484,82.776896134566,13.46351038452506
GNQ-2006,Equatorial Guinea,GNQ,2006,3,82.776896134566,2.242386000091818,65.0,22.82951593318437,5.631633513576132,2.932434474817248,55.1960848556935,13.761442892249455
GNQ-2007,Equatorial Guinea,GNQ,2007,3,82.776896134566,2.947932379997801,65.1,23.034466578408196,4.415899841695609,2.242386000091818,52.3927895781938,13.80580763650288
GNQ-2008,Equatorial Guinea,GNQ,2008,3,82.776896134566,-2.099462173493071,65.1,23.29371686012464,2.803738317757037,2.947932379997801,48.2167537217234,13.850921137151673
GNQ-2009,Equatorial Guinea,GNQ,2009,3,82.776896134566,3.082906564147868,65.2,23.70641393776359,6.551766911845354,-2.099462173493071,43.6095454927149,13.896658193441732
GNQ-2010,Equatorial Guinea,GNQ,2010,3,82.776896134566,3.51292130251148,65.4,23.4331673349551,4.691065677473749,3.082906564147868,24.4384804506248,13.942736865247952
GNQ-2011,Equatorial Guinea,GNQ,2011,3,82.776896134566,2.920400862187882,66.1,23.515316652851144,7.789165479911835,3.51292130251148,33.0485071859477,13.988695502746069
GNQ-2012,Equatorial Guinea,GNQ,2012,3,82.776896134566,2.1875893042211056,66.1,23.78466148328374,4.805389221557,2.920400862187882,33.9272042714921,14.032101487668276
GNQ-2013,Equatorial Guinea,GNQ,2013,3,82.776896134566,1.7036397297982089,65.7,23.831806309704486,3.656620482788057,2.1875893042211056,34.9943032804264,14.07284991099171
GNQ-2014,Equatorial Guinea,GNQ,2014,3,82.776896134566,0.7100937439716598,65.9,23.81197986730268,2.948876946396622,1.7036397297982089,29.0020263766332,14.112810480260965
GNQ-2015,Equatorial Guinea,GNQ,2015,3,82.776896134566,2.8942847507455007,66.0,23.80358982877892,4.309998661491074,0.7100937439716598,22.8648774988219,14.151860644268298
GNQ-2016,Equatorial Guinea,GNQ,2016,3,82.776896134566,3.4424313306621235,66.1,23.30238334144298,1.676630853159882,2.8942847507455007,12.576041460388,14.1897766661084
GNQ-2017,Equatorial Guinea,GNQ,2017,3,82.776896134566,1.86609292841188,66.2,23.142816640467665,1.411939154790155,3.4424313306621235,11.7086428410267,14.226418825167055
GNQ-2018,Equatorial Guinea,GNQ,2018,3,82.776896134566,-0.9523928082597736,66.4,23.224776694075448,0.7443547466124104,1.86609292841188,16.1366726241749,14.261731738419876
GNQ-2019,Equatorial Guinea,GNQ,2019,3,82.776896134566,2.67587715512054,66.5,23.29564995981199,1.060074106621712,-0.9523928082597736,20.3264698484548,14.295726241236425
GNQ-2020,Equatorial Guinea,GNQ,2020,3,82.776896134566,-0.091570566157724,66.6,23.153728052959035,1.53027528964189,2.67587715512054,18.813552099543,14.328440765539312
GNQ-2021,Equatorial Guinea,GNQ,2021,3,82.776896134566,2.230231861450075,66.7,23.015175753332784,4.766695239442282,-0.091570566157724,10.7521167179464,14.355779831710974
GNQ-2022,Equatorial Guinea,GNQ,2022,3,82.776896134566,3.0122475041050256,66.8,23.22600242067051,-0.0971007664640198,2.230231861450075,14.9400221325798,14.380134924858249
GRC-1991,Greece,GRC,1991,3,0.0876249965060038,0.9467806897225652,100.0,25.29311540218701,20.43349910946295,0.9101610020059416,0.0876249965060038,16.13758381705205
GRC-1992,Greece,GRC,1992,3,0.0876249965060038,0.8800885894628915,100.0,25.36458340008901,19.45584564457454,0.9467806897225652,0.0409932626719774,16.149587341249166
GRC-1993,Greece,GRC,1993,3,0.0876249965060038,0.8167012158123077,100.0,25.4647850034838,15.87707379239191,0.8800885894628915,0.0340991709335008,16.157226167736336
GRC-1994,Greece,GRC,1994,3,0.0876249965060038,0.773667165119111,100.0,25.398854453344004,14.4112644439348,0.8167012158123077,0.027914867470905,16.163108786364717
GRC-1995,Greece,GRC,1995,3,0.0876249965060038,0.7170902654379895,100.0,25.468024586830456,10.87407568091316,0.773667165119111,0.0212498498688806,16.16811582026595
GRC-1996,Greece,GRC,1996,3,0.0876249965060038,0.6870886800644463,100.0,25.628352552626676,8.934514159615174,0.7170902654379895,0.0167824540591655,16.17278779271458
GRC-1997,Greece,GRC,1997,3,0.0876249965060038,0.6601114095355424,100.0,25.682628777811008,8.194552176327276,0.6870886800644463,0.028361222747864,16.17719449760689
GRC-1998,Greece,GRC,1998,3,0.0876249965060038,0.0509761045230422,100.0,25.656055385686955,5.536002667734803,0.6601114095355424,0.0199893340891594,16.182127168591332
GRC-1999,Greece,GRC,1999,3,0.0876249965060038,0.0602714322964598,100.0,25.662138800833542,4.766225723976405,0.0509761045230422,0.0047851897736694,16.18766928710216
GRC-2000,Greece,GRC,2000,3,0.0876249965060038,-0.0065166988308764,100.0,25.644205222694147,2.636633060219802,0.0602714322964598,0.0008554944713184,16.191503999861332
GRC-2001,Greece,GRC,2001,3,0.0876249965060038,0.0015155309364461,100.0,25.55764248739651,3.151181624938296,-0.0065166988308764,0.0232566956333818,16.1955944178644
GRC-2002,Greece,GRC,2002,3,0.0876249965060038,0.0227465788911532,100.0,25.606450070692784,3.373968322138674,0.0015155309364461,0.0145861146476774,16.200793262024153
GRC-2003,Greece,GRC,2003,3,0.0876249965060038,0.6649256044337998,100.0,25.735591701801397,3.629358718788736,0.0227465788911532,0.0121627100438154,16.204458926308778
GRC-2004,Greece,GRC,2004,3,0.0876249965060038,0.8193041947653215,100.0,26.006116761397323,3.530650277655515,0.6649256044337998,0.0079429315668772,16.206845357843346
GRC-2005,Greece,GRC,2005,3,0.0876249965060038,0.2804367131623998,100.0,26.182764606474,2.898848107581697,0.8193041947653215,0.0059975558721724,16.209319493045452
GRC-2006,Greece,GRC,2006,3,0.0876249965060038,1.4485997907476371,100.0,26.21350712887872,3.545072733350776,0.2804367131623998,0.0104685935888285,16.21225198351869
GRC-2007,Greece,GRC,2007,3,0.0876249965060038,0.5883092340511372,100.0,26.31825009877227,3.195946841445446,1.4485997907476371,0.0094138052022079,16.21525530125542
GRC-2008,Greece,GRC,2008,3,0.0876249965060038,1.266290332278256,100.0,26.47338148188107,2.895003215165783,0.5883092340511372,0.0055358429967853,16.217802876843905
GRC-2009,Greece,GRC,2009,3,0.0876249965060038,0.7684956850290124,100.0,26.5843978682705,4.152797081102934,1.266290332278256,0.0068041400508131,16.220457454971218
GRC-2010,Greece,GRC,2010,3,0.0876249965060038,0.1788344575777653,100.0,26.512703102612203,1.210072691978091,0.7684956850290124,0.0044785244563224,16.223087718747564
GRC-2011,Greece,GRC,2011,3,0.0876249965060038,0.3766533522213413,100.0,26.41503525762839,4.712989077603883,0.1788344575777653,0.011192934454184,16.224376522958284
GRC-2012,Greece,GRC,2012,3,0.0876249965060038,0.6493027059147587,100.0,26.36951834560585,3.3298532335065,0.3766533522213413,0.015063918086912,16.222897010317396
GRC-2013,Greece,GRC,2013,3,0.0876249965060038,1.0445044163941624,100.0,26.19906448176417,1.501526961777577,0.6493027059147587,0.018570397878743,16.217489481300227
GRC-2014,Greece,GRC,2014,3,0.0876249965060038,0.9856281010248168,100.0,26.189451985455,-0.9212694542569938,1.0445044163941624,0.0141521711708186,16.210238273892546
GRC-2015,Greece,GRC,2015,3,0.0876249965060038,0.6130550883768259,100.0,26.178209024154945,-1.312260964055063,0.9856281010248168,0.0144293246870193,16.203577141601734
GRC-2016,Greece,GRC,2016,3,0.0876249965060038,1.136531314916357,100.0,25.994044334261293,-1.735888047652842,0.6130550883768259,0.0056584753292537,16.196988528599828
GRC-2017,Greece,GRC,2017,3,0.0876249965060038,1.3090532716422123,100.0,25.986459728023195,-0.8256539783909733,1.136531314916357,0.0106382707042441,16.19282939870222
GRC-2018,Greece,GRC,2018,3,0.0876249965060038,1.3920367214613434,100.0,26.02348691022087,1.121254520314194,1.3090532716422123,0.0125578547961713,16.190851566638344
GRC-2019,Greece,GRC,2019,3,0.0876249965060038,1.613937020774845,100.0,26.085960181094222,0.6256214134536403,1.3920367214613434,0.0275504477019287,16.188822764444588
GRC-2020,Greece,GRC,2020,3,0.0876249965060038,1.3141180965095762,100.0,26.05746011066228,0.2530075220381571,1.613937020774845,0.0208423218441195,16.187769370615545
GRC-2021,Greece,GRC,2021,3,0.0876249965060038,1.8236582987238588,100.0,25.977437909363,-1.247983555814052,1.3141180965095762,0.0065235819853923,16.185623449750192
GRC-2022,Greece,GRC,2022,3,0.0876249965060038,2.018342615185079,100.0,26.10915351627519,1.223825010198543,1.8236582987238588,0.0116928580271195,16.17354275133632
GRD-1999,Grenada,GRD,1999,4,0.0,2.850643161691057,85.04,19.91561332875472,1.377693303894964,3.085679953946551,0.0,11.571288708267144
GRD-2000,Grenada,GRD,2000,4,0.0,3.0980432039057426,85.5294647216797,19.993474114502984,0.5774276386771193,2.850643161691057,0.0,11.578038820858644
GRD-2001,Grenada,GRD,2001,4,0.0,3.53953651198938,86.0,20.06942469545779,2.18181818181821,3.0980432039057426,0.0,11.584799515205946
GRD-2002,Grenada,GRD,2002,4,0.0,3.36215886498946,86.3,20.07019320911725,3.140993052025434,3.53953651198938,0.0,11.589775388821948
GRD-2003,Grenada,GRD,2003,4,0.0,3.5133666929929634,86.6,20.107703441705453,1.067215479928745,3.36215886498946,0.0,11.59362949238519
GRD-2004,Grenada,GRD,2004,4,0.0,3.7426213849747536,86.9,20.19735772278276,2.154928099086793,3.5133666929929634,0.0,11.598047558387051
GRD-2005,Grenada,GRD,2005,4,0.0,3.157379437597219,87.2,20.21097012244735,2.312916782261104,3.7426213849747536,0.0,11.60207122920064
GRD-2006,Grenada,GRD,2006,4,0.0,3.3822730155071827,87.5,20.360221446159898,3.475806937554001,3.157379437597219,0.0,11.605823647336958
GRD-2007,Grenada,GRD,2007,4,0.0,3.774561178228684,87.9,20.364732979106403,4.251953219779671,3.3822730155071827,0.0,11.60947124474278
GRD-2008,Grenada,GRD,2008,4,0.0,3.555350471183065,88.2,20.44709537570728,3.858829224696526,3.774561178228684,0.0,11.612978923077202
GRD-2009,Grenada,GRD,2009,4,0.0,3.3401192979905696,90.0,20.532076321424075,8.033273276503401,3.555350471183065,0.0,11.616357121574907
GRD-2010,Grenada,GRD,2010,4,0.0,2.674530098519609,89.0,20.46355626917368,-0.3086547795856416,3.3401192979905696,0.0,11.619580142838768
GRD-2011,Grenada,GRD,2011,4,0.0,3.096247899462885,89.4,20.4632181477046,3.436509059433511,2.674530098519609,0.0,11.62255983468896
GRD-2012,Grenada,GRD,2012,4,0.0,2.528529413423378,88.8,20.473079345020345,3.0334728033474,3.096247899462885,0.0,11.626968181010888
GRD-2013,Grenada,GRD,2013,4,0.0,3.4332816251319,90.2,20.499974127759216,2.410777040218625,2.528529413423378,0.0,11.633158829450762
GRD-2014,Grenada,GRD,2014,4,0.0,2.9138578137693845,90.6,20.552024886283224,-0.0439997864828058,3.4332816251319,0.0,11.639452383441869
GRD-2015,Grenada,GRD,2015,4,0.0,3.4332984907674926,91.0,20.63059808986552,-0.9836030555549796,2.9138578137693845,0.0,11.645119714016602
GRD-2016,Grenada,GRD,2016,4,0.0,3.02825083112518,91.4,20.72026875859801,-0.5154480314353295,3.4332984907674926,0.0,11.649874759906268
GRD-2017,Grenada,GRD,2017,4,0.0,3.3057715229177806,91.8,20.78308141792177,1.650389944315728,3.02825083112518,0.0,11.653825889463397
GRD-2018,Grenada,GRD,2018,4,0.0,3.4632201983171016,92.2,20.84165774159128,0.9084582558742492,3.3057715229177806,0.0,11.65649753090157
GRD-2019,Grenada,GRD,2019,4,0.0,3.5384046313088646,92.3,20.877286350429383,0.8041023132770334,3.4632201983171016,0.0,11.65868676645238
GRD-2020,Grenada,GRD,2020,4,0.0,3.30015377777651,93.0,20.91676237554524,0.5981497647360223,3.5384046313088646,0.0,11.661190285634223
GRD-2021,Grenada,GRD,2021,4,0.0,3.3019574886050536,93.4,20.76576109840108,-0.7407325970454977,3.30015377777651,0.0,11.664289408308909
GRD-2022,Grenada,GRD,2022,4,0.0,3.2833563291391163,93.7,20.838576684348496,1.219511939168379,3.3019574886050536,0.0,11.667267555048804
GTM-1996,Guatemala,GTM,1996,3,0.887868748053499,0.472784184758161,60.8,23.408075007745,8.411413122705664,0.4929169578551062,0.235558848536854,16.148915502403177
GTM-1997,Guatemala,GTM,1997,3,0.887868748053499,1.9791441401173755,67.6799392700195,23.47532243641289,11.05691653219874,0.472784184758161,0.474906148545347,16.174809293680035
GTM-1998,Guatemala,GTM,1998,3,0.887868748053499,2.635785555896083,68.9040756225586,23.60190381263172,9.232902948849349,1.9791441401173755,0.490537549251469,16.200390129184857
GTM-1999,Guatemala,GTM,1999,3,0.887868748053499,2.321688373229089,70.1241302490234,23.688306504569653,6.613460705180581,2.635785555896083,0.31390362110712,16.225976128842607
GTM-2000,Guatemala,GTM,2000,3,0.887868748053499,-2.1159221096092686,70.9,23.631172524989186,5.213610586011222,2.321688373229089,0.52323815345972,16.251136448260635
GTM-2001,Guatemala,GTM,2001,3,0.887868748053499,-2.329590688248801,73.3,23.68279714293714,5.977577347371358,-2.1159221096092686,0.803745468310096,16.27489365210766
GTM-2002,Guatemala,GTM,2002,3,0.887868748053499,-2.307424834303621,73.7,23.63590017047793,7.285873666101375,-2.329590688248801,0.631161134109658,16.29786587252937
GTM-2003,Guatemala,GTM,2003,3,0.887868748053499,0.0902016022500721,78.7,23.7409653537176,8.13263054281054,-2.307424834303621,0.709990191144289,16.320784708157333
GTM-2004,Guatemala,GTM,2004,3,0.887868748053499,1.1163903492775171,78.5,23.794863727800823,5.60347675434469,0.0902016022500721,0.741431850463022,16.343304508059518
GTM-2005,Guatemala,GTM,2005,3,0.887868748053499,1.4508458436437217,77.2,23.88355014091259,7.578622473097291,1.1163903492775171,0.729374795918745,16.36553392107952
GTM-2006,Guatemala,GTM,2006,3,0.887868748053499,1.502800284720355,78.3,24.01104772987801,9.108649857192203,1.4508458436437217,0.887868748053499,16.387178067253906
GTM-2007,Guatemala,GTM,2007,3,0.887868748053499,1.6691384691465592,83.7,24.115901566310377,6.560852827953838,1.502800284720355,0.851581475418594,16.408333953468397
GTM-2008,Guatemala,GTM,2008,3,0.887868748053499,1.3977757569396427,80.7,24.23683462518903,6.821617535903265,1.6691384691465592,0.750244545606685,16.429399592227195
GTM-2009,Guatemala,GTM,2009,3,0.887868748053499,1.106355165537435,81.9,24.37402070280085,11.355761126315,1.3977757569396427,0.835430467135192,16.449926777125754
GTM-2010,Guatemala,GTM,2010,3,0.887868748053499,1.7226256477764987,83.1,24.33758736330513,1.859102547330285,1.106355165537435,0.412561078443355,16.469851355253386
GTM-2011,Guatemala,GTM,2011,3,0.887868748053499,1.384119306387986,84.3,24.42891829506348,3.859509098331602,1.7226256477764987,0.470505869677804,16.489667000463886
GTM-2012,Guatemala,GTM,2012,3,0.887868748053499,1.760790653137809,84.0,24.570771788168997,6.214123930671,1.384119306387986,0.592110785237876,16.509605637734253
GTM-2013,Guatemala,GTM,2013,3,0.887868748053499,1.777226417151909,86.8,24.62713427383481,3.781807546796779,1.760790653137809,0.521031752267051,16.52951950376553
GTM-2014,Guatemala,GTM,2014,3,0.887868748053499,1.6220644458594329,88.1,24.693490204414346,4.343371312795206,1.777226417151909,0.418795559663063,16.54905552139343
GTM-2015,Guatemala,GTM,2015,3,0.887868748053499,1.4142232618235806,85.5,24.781156610695646,3.418361696629597,1.6220644458594329,0.36376572238644,16.568006643359173
GTM-2016,Guatemala,GTM,2016,3,0.887868748053499,1.0664799609380735,90.5,24.85339680112569,2.388720328395503,1.4142232618235806,0.123828267830097,16.58633171898771
GTM-2017,Guatemala,GTM,2017,3,0.887868748053499,1.1340753393594758,91.8,24.913729466990517,4.448441999428269,1.0664799609380735,0.0807153215443387,16.604757323867695
GTM-2018,Guatemala,GTM,2018,3,0.887868748053499,1.052519018217452,93.3,24.9951117566313,4.424536551825459,1.1340753393594758,0.119195049269519,16.622944931910354
GTM-2019,Guatemala,GTM,2019,3,0.887868748053499,1.2041952068708497,94.2,25.01821321971742,3.75186186704508,1.052519018217452,0.176634659797847,16.6396051582441
GTM-2020,Guatemala,GTM,2020,3,0.887868748053499,1.07374987586085,95.4,25.06930683199651,3.699983980086048,1.2041952068708497,0.139922256710481,16.654811452873542
GTM-2021,Guatemala,GTM,2021,3,0.887868748053499,2.140833892113252,96.6,25.07637161955585,3.214440621973451,1.07374987586085,0.0532892177587073,16.669525223074228
GTM-2022,Guatemala,GTM,2022,3,0.887868748053499,1.2039681809670977,97.9,25.182895925274316,4.261051274228131,2.140833892113252,0.118140036355359,16.683332809343522
GUY-1996,Guyana,GUY,1996,0,0.0,2.820635947593151,71.3519821166992,20.247850449582607,12.21052631578947,3.177441948943605,0.0,13.538951725598352
GUY-1997,Guyana,GUY,1997,0,0.0,2.635786617115678,71.9872665405273,20.374284084979383,7.094711972760445,2.820635947593151,0.0,13.54176689300985
GUY-1998,Guyana,GUY,1998,0,0.0,2.5132743277206986,72.6191558837891,20.434433784273487,3.555670905788083,2.635786617115678,0.0,13.54402461721456
GUY-1999,Guyana,GUY,1999,0,0.0,2.5890541349423324,73.246955871582,20.39132627007676,4.586466165413507,2.5132743277206986,0.0,13.54578234606859
GUY-2000,Guyana,GUY,2000,0,0.0,2.938294157616261,73.8699188232422,20.35906980793324,7.53821939851392,2.5890541349423324,0.0,13.546956375420669
GUY-2001,Guyana,GUY,2001,0,0.0,2.759374914842972,74.6,20.38452608828029,6.148543330248718,2.938294157616261,0.0,13.547412788324024
GUY-2002,Guyana,GUY,2002,0,0.0,2.4925066636483284,75.1,20.38382362594233,2.627413142033333,2.759374914842972,0.0,13.546948526958772
GUY-2003,Guyana,GUY,2003,0,0.0,1.9691443601111325,75.7,20.40324159733336,5.341015213774075,2.4925066636483284,0.0,13.545868776492153
GUY-2004,Guyana,GUY,2004,0,0.0,2.047063066432256,76.2,20.426292670738164,5.980978140664734,1.9691443601111325,0.0,13.545146984162772
GUY-2005,Guyana,GUY,2005,0,0.0,2.927155050716132,76.8,20.484773061931644,4.668466223698812,2.047063066432256,0.0,13.544251552312751
GUY-2006,Guyana,GUY,2006,0,0.0,2.16566213982853,77.5,20.530749147566677,6.92554303890158,2.927155050716132,0.0,13.54227693546748
GUY-2007,Guyana,GUY,2007,0,0.0,2.420346252373871,73.4,21.590289847626423,6.677157904100276,2.16566213982853,0.0,13.53971357717169
GUY-2008,Guyana,GUY,2008,0,0.0,2.472516722114088,78.5,21.72792327894293,12.20015444466476,2.420346252373871,0.0,13.53693621725429
GUY-2009,Guyana,GUY,2009,0,0.0,2.347253407122236,79.1,21.830238888273755,8.10202206969276,2.472516722114088,0.0,13.533952362907169
GUY-2010,Guyana,GUY,2010,0,0.0,2.4528518651371507,77.6,21.87562839784076,2.952300963810008,2.347253407122236,0.0,13.530617924740277
GUY-2011,Guyana,GUY,2011,0,0.0,2.5986852801903,83.3,21.956674868407,4.300553403389601,2.4528518651371507,0.0,13.526837327811275
GUY-2012,Guyana,GUY,2012,0,0.0,2.6212173954411417,84.2,22.029267378717098,4.4073041447003,2.5986852801903,0.0,13.52268729219762
GUY-2013,Guyana,GUY,2013,0,0.0,2.274904447324126,85.1,22.125209244697427,2.390575266537416,2.6212173954411417,0.0,13.522868203629908
GUY-2014,Guyana,GUY,2014,0,0.0,2.4515229269164056,86.0,22.150654378701084,1.911125091740803,2.274904447324126,0.0,13.527857818415614
GUY-2015,Guyana,GUY,2015,0,0.0,1.8850436784347848,86.9,22.14097653441312,0.6837002503546367,2.4515229269164056,0.0,13.533452640262714
GUY-2016,Guyana,GUY,2016,0,0.0,1.0747042226311665,88.0,22.177181508157208,-0.8654012892337422,1.8850436784347848,0.0,13.539469795095846
GUY-2017,Guyana,GUY,2017,0,0.0,2.202808519835805,89.0,22.22349078647046,0.826177341246544,1.0747042226311665,0.0,13.545732579708543
GUY-2018,Guyana,GUY,2018,0,0.0,3.941101909301628,90.0,22.281026030614623,1.945716177393309,2.202808519835805,0.0,13.552169816898653
GUY-2019,Guyana,GUY,2019,0,0.0,4.644473113175755,90.9,22.289302806992243,1.251285670370444,3.941101909301628,0.0,13.581757170871324
GUY-2020,Guyana,GUY,2020,0,0.0,3.848513145515682,91.6,22.366865571133324,2.11238986774464,4.644473113175755,0.0849006439782914,13.601903885707182
GUY-2021,Guyana,GUY,2021,0,0.0,4.018955729991861,92.3,22.42277415199284,0.7224340455017867,3.848513145515682,7.3763575857274,13.601676042808828
GUY-2022,Guyana,GUY,2022,0,0.0,-3.707417946772184,92.9,22.807864322617696,4.506198589258929,4.018955729991861,22.0821753098304,13.61153585471924
HKG-1991,"Hong Kong SAR, China",HKG,1991,1,0.0157873788944443,0.9819572479534028,100.0,25.06614595579793,10.42654028436023,2.155293790518648,0.0,15.556766070318748
HKG-1992,"Hong Kong SAR, China",HKG,1992,1,0.0157873788944443,2.0265871787107006,100.0,25.21145264385301,11.15879828326175,0.9819572479534028,0.0,15.565058352235578
HKG-1993,"Hong Kong SAR, China",HKG,1993,1,0.0157873788944443,2.4511413723505977,100.0,25.370273574948342,9.65250965250966,2.0265871787107006,0.0,15.573454851096514
HKG-1994,"Hong Kong SAR, China",HKG,1994,1,0.0157873788944443,2.452188392971998,100.0,25.5137050024408,8.802816901408573,2.4511413723505977,0.0,15.590632555502092
HKG-1995,"Hong Kong SAR, China",HKG,1995,1,0.0157873788944443,2.163969226376796,100.0,25.63453572745546,8.737864077669848,2.452188392971998,0.0,15.613152856039571
HKG-1996,"Hong Kong SAR, China",HKG,1996,1,0.0157873788944443,2.578259902161421,100.0,25.69759873664685,9.077380952380906,2.163969226376796,0.0,15.632954180563951
HKG-1997,"Hong Kong SAR, China",HKG,1997,1,0.0157873788944443,2.5570195821315287,100.0,25.796676746372867,6.275579809004117,2.578259902161421,0.0,15.67734025145964
HKG-1998,"Hong Kong SAR, China",HKG,1998,1,0.0157873788944443,2.807463049784217,100.0,25.90140891961683,5.776636713735212,2.5570195821315287,0.0,15.685665378719516
HKG-1999,"Hong Kong SAR, China",HKG,1999,1,0.0157873788944443,3.4217865680652007,100.0,25.852486473867216,2.912621359223991,2.807463049784217,0.0,15.69401346551182
HKG-2000,"Hong Kong SAR, China",HKG,2000,1,0.0157873788944443,4.408450286826084,100.0,25.83385563285924,-4.009433962264453,3.4217865680652007,0.0,15.703564722202476
HKG-2001,"Hong Kong SAR, China",HKG,2001,1,0.0157873788944443,3.610114455071407,100.0,25.868833407277585,-3.685503685503691,4.408450286826084,0.0,15.712380661632444
HKG-2002,"Hong Kong SAR, China",HKG,2002,1,0.0157873788944443,2.108313047448726,100.0,25.855554165577164,-1.658163265306094,3.610114455071407,0.0,15.719750287212172
HKG-2003,"Hong Kong SAR, China",HKG,2003,1,0.0157873788944443,3.137809530052475,100.0,25.83735302322913,-2.983138780804155,2.108313047448726,0.0,15.724178754826893
HKG-2004,"Hong Kong SAR, China",HKG,2004,1,0.0157873788944443,3.2691093222835894,100.0,25.80706211419931,-2.673796791443942,3.137809530052475,0.0,15.722204713855168
HKG-2005,"Hong Kong SAR, China",HKG,2005,1,0.0157873788944443,3.8098430463341937,100.0,25.853754726062267,-0.2747252747252529,3.2691093222835894,0.0,15.730003898324014
HKG-2006,"Hong Kong SAR, China",HKG,2006,1,0.0157873788944443,3.837798573220094,100.0,25.92490330063532,0.8264462809918274,3.8098430463341937,0.0,15.734372611742458
HKG-2007,"Hong Kong SAR, China",HKG,2007,1,0.0157873788944443,4.073008316375515,100.0,25.988726500071387,2.000251603975343,3.837798573220094,0.0,15.740795315631557
HKG-2008,"Hong Kong SAR, China",HKG,2008,1,0.0157873788944443,4.113458683349477,100.0,26.077949096867886,2.035027133695113,4.073008316375515,0.0,15.749391647105458
HKG-2009,"Hong Kong SAR, China",HKG,2009,1,0.0157873788944443,3.926583370735496,100.0,26.11360958453181,4.303154841049208,4.113458683349477,0.0,15.755374034112569
HKG-2010,"Hong Kong SAR, China",HKG,2010,1,0.0157873788944443,4.281695615620389,100.0,26.08946517123648,0.5794414184726076,3.926583370735496,0.0,15.757527567146838
HKG-2011,"Hong Kong SAR, China",HKG,2011,1,0.0157873788944443,4.348741041688927,100.0,26.15540872854406,2.292890886046734,4.281695615620389,0.0006386972780036,15.764872030060776
HKG-2012,"Hong Kong SAR, China",HKG,2012,1,0.0157873788944443,4.043864946557749,100.0,26.238763480491865,5.3052489299392,4.348741041688927,0.0066843256857796,15.771597462024708
HKG-2013,"Hong Kong SAR, China",HKG,2013,1,0.0157873788944443,4.021289348250041,100.0,26.2940077161582,4.053909509038435,4.043864946557749,0.0010034959059633,15.782637040444548
HKG-2014,"Hong Kong SAR, China",HKG,2014,1,0.0157873788944443,4.489900886451164,100.0,26.34256783766862,4.337993421052668,4.021289348250041,0.0026579247870943,15.786656865242056
HKG-2015,"Hong Kong SAR, China",HKG,2015,1,0.0157873788944443,4.762560942995082,100.0,26.39816859825896,4.423645320196988,4.489900886451164,0.0157873788944443,15.79368057377246
HKG-2016,"Hong Kong SAR, China",HKG,2016,1,0.0157873788944443,4.419752362070628,100.0,26.45785430536427,2.990848193225807,4.762560942995082,0.0001975048549428,15.802192551710933
HKG-2017,"Hong Kong SAR, China",HKG,2017,1,0.0157873788944443,4.299849109365365,100.0,26.49427171759509,2.409307438622238,4.419752362070628,0.0001528210678769,15.808386214317425
HKG-2018,"Hong Kong SAR, China",HKG,2018,1,0.0157873788944443,3.982848235211895,100.0,26.55594942883979,1.493872439395217,4.299849109365365,0.0002825572571715,15.81607135205008
HKG-2019,"Hong Kong SAR, China",HKG,2019,1,0.0157873788944443,3.470268547669142,100.0,26.61416687488777,2.406134320465339,3.982848235211895,0.0004010629647818,15.82407365694169
HKG-2020,"Hong Kong SAR, China",HKG,2020,1,0.0157873788944443,4.221185472520388,100.0,26.617874008457022,2.883208537739963,3.470268547669142,0.0002937884238587,15.831466490666598
HKG-2021,"Hong Kong SAR, China",HKG,2021,1,0.0157873788944443,4.309201643468012,100.0,26.5666454566054,0.2509620210807999,4.221185472520388,0.0001197873472851,15.827877164526502
HKG-2022,"Hong Kong SAR, China",HKG,2022,1,0.0157873788944443,4.223478365168938,100.0,26.633938272053324,1.568758344459223,4.309201643468012,0.0003562928932535,15.818759398259385
HND-1992,Honduras,HND,1992,4,0.0032878914982759,0.9865431832788224,54.781937,22.031431398313007,33.97226025358643,1.1428221415943725,0.0,15.449405543056272
HND-1993,Honduras,HND,1993,4,0.0032878914982759,0.6003882354949941,58.913112,22.139809758325697,8.759886252554823,0.9865431832788224,0.0,15.477812610361736
HND-1994,Honduras,HND,1994,4,0.0032878914982759,0.7694113717695851,61.100156,22.156151189460005,10.74864671637205,0.6003882354949941,0.0,15.506205824705308
HND-1995,Honduras,HND,1995,4,0.0032878914982759,0.9301013595635612,64.733947,22.13563889848044,21.72934688381899,0.7694113717695851,0.0,15.534563662071989
HND-1996,Honduras,HND,1996,4,0.0032878914982759,1.3952984497259242,66.122022,22.264927179674,29.4645292281585,0.9301013595635612,0.0,15.562906700104902
HND-1997,Honduras,HND,1997,4,0.0032878914982759,1.5220409525101168,61.68112,22.291638904636915,23.83783530733584,1.3952984497259242,0.0,15.59113302328218
HND-1998,Honduras,HND,1998,4,0.0032878914982759,1.2522521414927312,64.794754,22.440513430862083,20.19986675549621,1.5220409525101168,0.0,15.619108837771034
HND-1999,Honduras,HND,1999,4,0.0032878914982759,2.0221889358658203,66.859519,22.54194430587999,13.66810774858682,1.2522521414927312,0.0,15.645598034309812
HND-2000,Honduras,HND,2000,4,0.0032878914982759,2.286587705340214,67.394103,22.578640055975164,11.66374097913004,2.0221889358658203,0.0,15.671881045701902
HND-2001,Honduras,HND,2001,4,0.0032878914982759,2.106626365795951,67.4,22.695489309625454,11.04803493449755,2.286587705340214,0.0,15.699206948193526
HND-2002,Honduras,HND,2002,4,0.0032878914982759,2.007773939520159,64.2,22.758123408321747,9.674155568647809,2.106626365795951,0.0,15.72623665841934
HND-2003,Honduras,HND,2003,4,0.0032878914982759,2.260244864790839,63.1,22.784830461227184,7.690509720342905,2.007773939520159,0.0,15.75264805386031
HND-2004,Honduras,HND,2004,4,0.0032878914982759,2.597238333345786,65.1,22.831099401862367,7.674166393977434,2.260244864790839,0.0,15.778307884035948
HND-2005,Honduras,HND,2005,4,0.0032878914982759,2.517793474547839,67.1,22.905861626239112,8.113790970933833,2.597238333345786,0.0,15.803247225408189
HND-2006,Honduras,HND,2006,4,0.0032878914982759,2.5818353047393736,68.9,23.00125211445112,8.809060748198174,2.517793474547839,0.0001322462350347,15.8275235396979
HND-2007,Honduras,HND,2007,4,0.0032878914982759,2.754178217847563,71.3,23.1136307427624,5.577752076542921,2.5818353047393736,0.0028725914659074,15.85110900974902
HND-2008,Honduras,HND,2008,4,0.0032878914982759,2.854054515154763,73.5,23.23783303797109,6.936214708957858,2.754178217847563,0.0026648146416326,15.87408577932704
HND-2009,Honduras,HND,2009,4,0.0032878914982759,1.935017573420312,76.4,23.353839559223065,11.40342708139316,2.854054515154763,0.0032878914982759,15.896524362990066
HND-2010,Honduras,HND,2010,4,0.0032878914982759,2.0537978359218543,78.3,23.403430576131026,5.496342737722029,1.935017573420312,0.0015543729867685,15.9184122457425
HND-2011,Honduras,HND,2011,4,0.0032878914982759,2.472999363840249,81.0,23.485762845771102,4.698890649762317,2.0537978359218543,0.0020222635719966,15.939671967575835
HND-2012,Honduras,HND,2012,4,0.0032878914982759,2.4644720713670627,82.2,23.597410855328487,6.7622795731476,2.472999363840249,0.0028650360528408,15.960339947501607
HND-2013,Honduras,HND,2013,4,0.0032878914982759,2.454716292576597,83.6,23.642578860091923,5.196186155318475,2.4644720713670627,0.0026315283445152,15.980565072238592
HND-2014,Honduras,HND,2014,4,0.0032878914982759,2.851616189941403,87.2,23.641021931945406,5.161898985814935,2.454716292576597,0.0024028896400638,16.00035650183891
HND-2015,Honduras,HND,2015,4,0.0032878914982759,2.5361585836682883,88.7,23.706750107649377,6.129249303130309,2.851616189941403,0.0020505241706927,16.019724320609836
HND-2016,Honduras,HND,2016,4,0.0032878914982759,2.366214581793689,90.0,23.766825510714455,3.157831179809151,2.5361585836682883,0.0,16.038760842664882
HND-2017,Honduras,HND,2017,4,0.0032878914982759,2.12008697536962,91.6,23.80138905674161,2.724612232952886,2.366214581793689,0.0,16.05753650824808
HND-2018,Honduras,HND,2018,4,0.0032878914982759,2.490770138623989,86.5,23.8646664017276,3.934360844420368,2.12008697536962,0.0007657984190389,16.076037267424073
HND-2019,Honduras,HND,2019,4,0.0032878914982759,2.054771003199567,91.6,23.90413863865421,4.347349377775359,2.490770138623989,0.0011680190121189,16.094336729842368
HND-2020,Honduras,HND,2020,4,0.0032878914982759,0.8889069347903866,91.1,23.937419559932398,4.365871598192737,2.054771003199567,0.0008968606448063,16.112443105381082
HND-2021,Honduras,HND,2021,4,0.0032878914982759,1.7677971880347174,93.1,23.87395842611649,3.468411779511706,0.8889069347903866,0.0004455419082145,16.129988746886067
HND-2022,Honduras,HND,2022,4,0.0032878914982759,1.6143973019323294,94.1,24.060611803852304,4.480879634134455,1.7677971880347174,0.0010115304038689,16.146671251568907
HRV-1996,Croatia,HRV,1996,2,0.630971359439616,1.4610873184215851,100.0,23.848807391090187,3.950103950104058,0.4582842120116949,0.403625878898592,15.34591197299212
HRV-1997,Croatia,HRV,1997,2,0.630971359439616,1.6350772394121345,100.0,23.90761107306144,4.299999999999929,1.4610873184215851,0.474760445855423,15.332196575391126
HRV-1998,Croatia,HRV,1998,2,0.630971359439616,2.064758226572553,100.0,23.908596153199856,4.170661553211859,1.6350772394121345,0.3626472631518,15.32731822131349
HRV-1999,Croatia,HRV,1999,2,0.630971359439616,2.5110421717396494,100.0,23.97711542521684,6.396686608375552,2.064758226572553,0.0917244271785271,15.326703909505904
HRV-2000,Croatia,HRV,2000,2,0.630971359439616,2.227837334191505,100.0,23.891982072759596,4.019138755980841,2.5110421717396494,0.288928699417176,15.322383598838975
HRV-2001,Croatia,HRV,2001,2,0.630971359439616,2.208162010112308,100.0,23.82038387610141,4.611315547378011,2.227837334191505,0.630971359439616,15.312519252449295
HRV-2002,Croatia,HRV,2002,2,0.630971359439616,2.010203494428715,100.0,23.861671960408167,3.776702466658887,2.208162010112308,0.407483342326942,15.274042553961356
HRV-2003,Croatia,HRV,2003,2,0.630971359439616,2.358242491170047,100.0,24.01008562861645,1.671784373933838,2.010203494428715,0.356223054391995,15.274631266736522
HRV-2004,Croatia,HRV,2004,2,0.630971359439616,1.862194376117717,100.0,24.285583761823982,1.767337807606286,2.358242491170047,0.301237202501552,15.274915965901489
HRV-2005,Croatia,HRV,2005,2,0.630971359439616,2.102344909387514,99.9,24.45702535034368,2.05539679050328,1.862194376117717,0.332637436119168,15.275195008621813
HRV-2006,Croatia,HRV,2006,2,0.630971359439616,2.608048090741604,99.9,24.530212217672,3.317178244480427,2.102344909387514,0.422317306157924,15.276482336216173
HRV-2007,Croatia,HRV,2007,2,0.630971359439616,2.755879876265824,99.8,24.6269268390508,3.189825914729492,2.608048090741604,0.419644384243852,15.276717567399167
HRV-2008,Croatia,HRV,2008,2,0.630971359439616,2.734258464507928,99.8,24.80571572476537,2.899282755833895,2.755879876265824,0.370493477014705,15.276499040847208
HRV-2009,Croatia,HRV,2009,2,0.630971359439616,2.2978024096760645,100.0,24.9497068551465,6.076968387983519,2.734258464507928,0.441053907428522,15.27638024629621
HRV-2010,Croatia,HRV,2010,2,0.630971359439616,1.690839558580833,100.0,24.85547523539258,2.378528459046711,2.2978024096760645,0.257276727386522,15.27532997137311
HRV-2011,Croatia,HRV,2011,2,0.630971359439616,1.4373575394280156,100.0,24.80038161911777,1.030555053335757,1.690839558580833,0.283128862746704,15.27306175919238
HRV-2012,Croatia,HRV,2012,2,0.630971359439616,1.6641433203185114,100.0,24.86463950398201,2.27272727272722,1.4373575394280156,0.422234790549554,15.269609117712706
HRV-2013,Croatia,HRV,2013,2,0.630971359439616,1.245758411221086,100.0,24.77587645875633,3.412073490813682,1.6641433203185114,0.424759009341811,15.264866334212591
HRV-2014,Croatia,HRV,2014,2,0.630971359439616,2.378483179864348,100.0,24.81505497017049,2.216582064297788,1.245758411221086,0.380362350794203,15.258639544399156
HRV-2015,Croatia,HRV,2015,2,0.630971359439616,0.8514784976822511,100.0,24.811040692464008,-0.2151961595761757,2.378483179864348,0.332340412986531,15.250975725086017
HRV-2016,Croatia,HRV,2016,2,0.630971359439616,1.815397534782967,100.0,24.65507717661928,-0.4644990046450029,0.8514784976822511,0.188549002176531,15.239034709357403
HRV-2017,Croatia,HRV,2017,2,0.630971359439616,1.8917934129168343,100.0,24.68694734707435,-1.125000000000021,1.815397534782967,0.152408109394096,15.22817125217383
HRV-2018,Croatia,HRV,2018,2,0.630971359439616,1.708268244823169,100.0,24.751866264105686,1.129372102823469,1.8917934129168343,0.222493492276796,15.212103704071623
HRV-2019,Croatia,HRV,2019,2,0.630971359439616,2.566671094569621,100.0,24.845035546545404,1.50012501041747,1.708268244823169,0.320303857626588,15.198994974886157
HRV-2020,Croatia,HRV,2020,2,0.630971359439616,1.6617139763113995,100.0,24.84177053418065,0.7718203464981119,2.566671094569621,0.276145552955415,15.189071947775586
HRV-2021,Croatia,HRV,2021,2,0.630971359439616,2.702845145674933,100.0,24.783015921944,0.1548113745621064,1.6617139763113995,0.141105225031332,15.180123312611736
HRV-2022,Croatia,HRV,2022,2,0.630971359439616,2.408965917474189,100.0,24.957405130947866,2.554506996420408,2.702845145674933,0.280358036189526,15.171083306040108
HTI-1996,Haiti,HTI,1996,4,0.0,0.1405505562717573,31.3,21.757628728831435,27.60818517276012,0.2600926495742274,0.0,15.838718596177957
HTI-1997,Haiti,HTI,1997,4,0.0,0.1195134562450546,30.0130176544189,21.790565497288785,20.58359621451124,0.1405505562717573,0.0,15.85771196385198
HTI-1998,Haiti,HTI,1998,4,0.0,0.2850674518009553,30.5570373535156,21.92892196945992,20.55900733958331,0.1195134562450546,0.0,15.87657158316882
HTI-1999,Haiti,HTI,1999,4,0.0,0.6707936388994012,31.0969753265381,22.03803834335189,5.269035470422009,0.2850674518009553,0.0,15.895220063738526
HTI-2000,Haiti,HTI,2000,4,0.0,0.1932597124229449,31.6320724487305,22.147271571980557,3.004394215507343,0.6707936388994012,0.0,15.913687613659738
HTI-2001,Haiti,HTI,2001,4,0.0,0.0694328372010203,33.7,22.64218147641589,9.33322197565603,0.1932597124229449,0.0,15.93214575971276
HTI-2002,Haiti,HTI,2002,4,0.0,0.0917202063559111,31.5,22.56887729249024,13.31672224250995,0.0694328372010203,0.0,15.95037722748917
HTI-2003,Haiti,HTI,2003,4,0.0,0.268834882979613,33.1,22.54875778369357,7.032874062246006,0.0917202063559111,0.0,15.968160971299517
HTI-2004,Haiti,HTI,2004,4,0.0,0.0967710277358272,31.6,22.346990762086858,28.6995777887374,0.268834882979613,0.0,15.985696531356409
HTI-2005,Haiti,HTI,2005,4,0.0,0.3618849801768529,34.1,22.529480439721077,21.0318339277222,0.0967710277358272,0.0,16.002714428637674
HTI-2006,Haiti,HTI,2006,4,0.0,1.4885319020689014,34.5,22.67347384145211,13.973008326384,0.3618849801768529,0.0,16.019520286234908
HTI-2007,Haiti,HTI,2007,4,0.0,0.7383349081815338,33.9,22.756498390336343,11.34521522442992,1.4885319020689014,0.0,16.03651274946165
HTI-2008,Haiti,HTI,2008,4,0.0,0.2818852261515221,35.5,22.945577287211567,6.557227726380661,0.7383349081815338,0.0,16.05337545998645
HTI-2009,Haiti,HTI,2009,4,0.0,0.4617309670969398,36.1,23.068236115085355,15.28177448237724,0.2818852261515221,0.0,16.07003659446453
HTI-2010,Haiti,HTI,2010,4,0.0,1.195279059666358,36.6,23.17401252544786,0.393886040173341,0.4617309670969398,0.0,16.086561845681608
HTI-2011,Haiti,HTI,2011,4,0.0,0.819804550648601,37.2,23.196379279945223,4.827341900746726,1.195279059666358,0.0,16.09822911161981
HTI-2012,Haiti,HTI,2012,4,0.0,0.9756320983289088,37.8,23.288887740497096,6.332794838490421,0.819804550648601,0.0,16.10954973844787
HTI-2013,Haiti,HTI,2013,4,0.0,0.9412491060150532,37.9,23.34131295240396,5.018041554292463,0.9756320983289088,0.0,16.12504862292899
HTI-2014,Haiti,HTI,2014,4,0.0,0.6142400588958067,38.9,23.424794056437506,4.765024047791418,0.9412491060150532,0.0,16.140088329321397
HTI-2015,Haiti,HTI,2015,4,0.0,0.6621988354857894,39.6,23.441060638079477,3.438166599586007,0.6142400588958067,0.0,16.154739585528915
HTI-2016,Haiti,HTI,2016,4,0.0,0.6896204244078668,40.8,23.421240739567224,6.731840696589971,0.6621988354857894,0.0,16.16909698773039
HTI-2017,Haiti,HTI,2017,4,0.0,1.6411264758344606,40.4,23.3672593582986,11.50290739426665,0.6896204244078668,0.0,16.183083258741387
HTI-2018,Haiti,HTI,2018,4,0.0,0.6028991181146447,43.3,23.437520560936328,10.6800887242584,1.6411264758344606,0.0,16.1966993237176
HTI-2019,Haiti,HTI,2019,4,0.0,0.4807325489628538,44.4,23.52078279150665,12.4814111170435,0.6028991181146447,0.0,16.209978418435114
HTI-2020,Haiti,HTI,2020,4,0.0,0.1714745160633174,45.4,23.43238819178717,18.70378256725062,0.4807325489628538,0.0,16.222920783324085
HTI-2021,Haiti,HTI,2021,4,0.0,0.2447149978159498,46.3,23.39798139594601,22.79631136425277,0.1714745160633174,0.0,16.235331781533823
HTI-2022,Haiti,HTI,2022,4,0.0,0.1947258209476381,47.2,23.75605196584732,16.84152401987848,0.2447149978159498,0.0,16.24689221444984
HUN-1992,Hungary,HUN,1992,4,0.425007394601361,2.0467208326819484,100.0,24.27481547508388,34.81754290727044,2.140592415874869,0.425007394601361,16.154755491721325
HUN-1993,Hungary,HUN,1993,4,0.425007394601361,2.464605092218282,100.0,24.383162805208745,23.65572078065521,2.0467208326819484,0.405846584465721,16.154364125926378
HUN-1994,Hungary,HUN,1994,4,0.425007394601361,1.6986234082763143,100.0,24.418530694941747,22.46423461338092,2.464605092218282,0.367007077476078,16.153223770092488
HUN-1995,Hungary,HUN,1995,4,0.425007394601361,3.0290194426223014,100.0,24.49160205536706,18.86807498692827,1.6986234082763143,0.294098578756702,16.151854939181703
HUN-1996,Hungary,HUN,1996,4,0.425007394601361,2.6473083216941937,100.0,24.564385889056336,28.30546837066536,3.0290194426223014,0.304408450491375,16.150462739280382
HUN-1997,Hungary,HUN,1997,4,0.425007394601361,2.869454649103835,100.0,24.56987029945813,23.46903019191848,2.6473083216941937,0.362825153663463,16.148745023360533
HUN-1998,Hungary,HUN,1998,4,0.425007394601361,2.5986875930868765,100.0,24.581857786713293,18.30507441437988,2.869454649103835,0.219233411220824,16.14673043419275
HUN-1999,Hungary,HUN,1999,4,0.425007394601361,2.6278085657389507,100.0,24.610676685351724,14.15378965453398,2.5986875930868765,0.0624360896482294,16.14440364105046
HUN-2000,Hungary,HUN,2000,4,0.425007394601361,2.4604042893919056,100.0,24.61835027945626,9.997744093033676,2.6278085657389507,0.178412634960964,16.141571035221904
HUN-2001,Hungary,HUN,2001,4,0.425007394601361,2.718298599245629,100.0,24.57926764018103,9.803610169081251,2.4604042893919056,0.373626435642133,16.138973386393086
HUN-2002,Hungary,HUN,2002,4,0.425007394601361,2.3856014148628177,100.0,24.708540569295447,9.116809116809106,2.718298599245629,0.234436692691698,16.1366795947849
HUN-2003,Hungary,HUN,2003,4,0.425007394601361,2.2886794829233663,100.0,24.93741315124669,5.265448215839854,2.3856014148628177,0.187700537212006,16.133832081292837
HUN-2004,Hungary,HUN,2004,4,0.425007394601361,2.1791693386733,100.0,25.16815539975996,4.661016949152537,2.2886794829233663,0.17971724484931,16.130967748893916
HUN-2005,Hungary,HUN,2005,4,0.425007394601361,3.884294498023,100.0,25.367804447113272,6.744346795694687,2.1791693386733,0.188780374253933,16.128753355326218
HUN-2006,Hungary,HUN,2006,4,0.425007394601361,3.4764869998490946,99.9,25.451522637028678,3.561517113783518,3.884294498023,0.214107473091597,16.126764567090813
HUN-2007,Hungary,HUN,2007,4,0.425007394601361,4.613366151419267,99.9,25.473437358409846,3.930326038410014,3.4764869998490946,0.238336091702377,16.12520740239879
HUN-2008,Hungary,HUN,2008,4,0.425007394601361,4.548424435479528,100.0,25.66578877819487,7.958745165449096,4.613366151419267,0.194767249769338,16.123658250972117
HUN-2009,Hungary,HUN,2009,4,0.425007394601361,-1.5634007944372774,100.0,25.787304548358787,6.042512538810601,4.548424435479528,0.240895210564367,16.121907277471646
HUN-2010,Hungary,HUN,2010,4,0.425007394601361,-3.4595392526337942,100.0,25.596992163320504,4.211711711711715,-1.5634007944372774,0.148972460616952,16.120358189486577
HUN-2011,Hungary,HUN,2011,4,0.425007394601361,2.7064234197351147,100.0,25.6053003230239,4.85555795691956,-3.4595392526337942,0.152616225507853,16.11809805095544
HUN-2012,Hungary,HUN,2012,4,0.425007394601361,2.81366957242075,100.0,25.6770683462142,3.9299209893507,2.7064234197351147,0.227052369950292,16.11526444687973
HUN-2013,Hungary,HUN,2013,4,0.425007394601361,-1.736231092180873,100.0,25.578963350240144,5.652145170886461,2.81366957242075,0.237336346667221,16.11010007133349
HUN-2014,Hungary,HUN,2014,4,0.425007394601361,2.9073177222754074,100.0,25.633314784434557,1.73319984983101,-1.736231092180873,0.194311507285997,16.1052874753542
HUN-2015,Hungary,HUN,2015,4,0.425007394601361,-2.180139185008509,100.0,25.67293805155025,-0.2275662709882186,2.9073177222754074,0.168537005640249,16.101258599990572
HUN-2016,Hungary,HUN,2016,4,0.425007394601361,4.679375694922978,100.0,25.55353068259262,-0.0616446800641672,-2.180139185008509,0.0838041826706206,16.097663937829136
HUN-2017,Hungary,HUN,2017,4,0.425007394601361,-2.85188760496115,100.0,25.58295079804252,0.3947693066863919,4.679375694922978,0.0703386643669383,16.09377795807677
HUN-2018,Hungary,HUN,2018,4,0.425007394601361,-4.384884501599317,100.0,25.68845107544489,2.348242811501539,-2.85188760496115,0.0926984004070823,16.09039109953068
HUN-2019,Hungary,HUN,2019,4,0.425007394601361,4.780496420793379,100.0,25.805816693618503,2.850247925946455,-4.384884501599317,0.133636368428239,16.08835422704245
HUN-2020,Hungary,HUN,2020,4,0.425007394601361,5.353166491552909,100.0,25.82882749195547,3.338586353820081,4.780496420793379,0.144282544677301,16.08710279595446
HUN-2021,Hungary,HUN,2021,4,0.425007394601361,3.598822836909351,100.0,25.78882159507271,3.326743857667376,5.353166491552909,0.0833512506762371,16.08458229978514
HUN-2022,Hungary,HUN,2022,4,0.425007394601361,-0.9179909079573044,100.0,25.934295527109395,5.110965343828553,3.598822836909351,0.183887560301271,16.080490663816487
IDN-1992,Indonesia,IDN,1992,0,9.91945749843524,1.130980811182636,48.9,25.48220373988198,9.41906784347004,1.0605039113093628,5.59365035937227,19.04543258339709
IDN-1993,Indonesia,IDN,1993,0,9.91945749843524,1.0589745127406305,66.6965637207031,25.575506755090647,7.523510062426775,1.130980811182636,5.36966700706448,19.062764840466432
IDN-1994,Indonesia,IDN,1994,0,9.91945749843524,1.0110034744806935,55.43,25.785903276052284,9.671910892640105,1.0589745127406305,4.21951518114362,19.07978068463841
IDN-1995,Indonesia,IDN,1995,0,9.91945749843524,1.5088069444472691,62.8,25.898806027473697,8.531998291891433,1.0110034744806935,3.18630434473207,19.09664020326735
IDN-1996,Indonesia,IDN,1996,0,9.91945749843524,1.727423168367072,66.86,26.03218692838436,9.420303005729956,1.5088069444472691,2.9733252636664,19.1132680578162
IDN-1997,Indonesia,IDN,1997,0,9.91945749843524,1.51625331777549,72.39,26.149843073295287,7.973280965133457,1.727423168367072,3.29829614660024,19.129722675998625
IDN-1998,Indonesia,IDN,1998,0,9.91945749843524,-0.2496879218967858,80.3,26.097381525465277,6.226151548872136,1.51625331777549,2.9527366047692,19.145985754121263
IDN-1999,Indonesia,IDN,1999,0,9.91945749843524,-1.0981563301894242,80.94,25.281821742486212,58.45104135155258,-0.2496879218967858,3.10513870524274,19.161792934049565
IDN-2000,Indonesia,IDN,2000,0,9.91945749843524,-1.7388170989750331,83.73,25.66491791105529,20.47783244288924,-1.0981563301894242,3.7780928159414,19.17682464362125
IDN-2001,Indonesia,IDN,2001,0,9.91945749843524,-1.3771688986088375,86.3,25.829338648671367,3.688620370566819,-1.7388170989750331,6.51396124227823,19.19114904433085
IDN-2002,Indonesia,IDN,2002,0,9.91945749843524,0.0740838525371228,86.3,25.801229181484995,11.50011605508873,-1.3771688986088375,4.50279039188872,19.205029233547734
IDN-2003,Indonesia,IDN,2003,0,9.91945749843524,-0.251593621514393,87.6,25.999647419584143,11.90012003384135,0.0740838525371228,3.50125448115221,19.218586491035104
IDN-2004,Indonesia,IDN,2004,0,9.91945749843524,0.6837158189189423,87.9,26.18188264300099,6.757312563335641,-0.251593621514393,3.06092866032223,19.23182431074117
IDN-2005,Indonesia,IDN,2005,0,9.91945749843524,1.791580481037781,89.0,26.271706993844557,6.064061891336475,0.6837158189189423,3.94237539539958,19.244534424632462
IDN-2006,Indonesia,IDN,2006,0,9.91945749843524,1.1073472420443908,84.8,26.378798168785195,10.45320018733474,1.791580481037781,5.20636964649797,19.257372490693577
IDN-2007,Indonesia,IDN,2007,0,9.91945749843524,1.2505778491214004,90.6,26.621985828173763,13.10867098534595,1.1073472420443908,4.55289184316296,19.270625040863848
IDN-2008,Indonesia,IDN,2008,0,9.91945749843524,1.3631562325710485,91.1,26.792193007191727,6.406560879660048,1.2505778491214004,3.6879578095142,19.283833694049065
IDN-2009,Indonesia,IDN,2009,0,9.91945749843524,0.8117773799323583,92.7,26.95812476611496,10.22666632724826,1.3631562325710485,4.60202331049434,19.29680719829635
IDN-2010,Indonesia,IDN,2010,0,9.91945749843524,1.454839557084813,93.6,27.014057054767623,4.386413117920736,0.8117773799323583,2.12191492904716,19.309477060750737
IDN-2011,Indonesia,IDN,2011,0,9.91945749843524,1.5714678105412725,94.2,27.350108290502888,5.134206390158854,1.454839557084813,2.31580791993823,19.32208247471269
IDN-2012,Indonesia,IDN,2012,0,9.91945749843524,1.5741712537513068,94.8,27.51781781987185,5.356048491125821,1.5714678105412725,2.96041980198707,19.334849357725844
IDN-2013,Indonesia,IDN,2013,0,9.91945749843524,1.6661373394389196,96.0,27.545321510917347,4.279514269194305,1.5741712537513068,2.51944833801451,19.34770773933785
IDN-2014,Indonesia,IDN,2014,0,9.91945749843524,1.7599252503264846,96.5,27.539480373252157,6.412494579003911,1.6661373394389196,2.24228816443479,19.360111539445967
IDN-2015,Indonesia,IDN,2015,0,9.91945749843524,1.5693277230557587,97.0,27.51540233655541,6.394928823965593,1.7599252503264846,1.97502549820142,19.37186514852068
IDN-2016,Indonesia,IDN,2016,0,9.91945749843524,0.4698889938893084,97.5,27.481191027026423,6.363120611966463,1.5693277230557587,0.796675128718901,19.38308854665369
IDN-2017,Indonesia,IDN,2017,0,9.91945749843524,1.452317490469256,97.6,27.560467059324647,3.525804528154512,0.4698889938893084,0.62227933803086,19.393833428615125
IDN-2018,Indonesia,IDN,2018,0,9.91945749843524,1.357359499572712,98.1,27.64651914284996,3.808798576919489,1.452317490469256,0.799367966127144,19.404056722553797
IDN-2019,Indonesia,IDN,2019,0,9.91945749843524,1.5433797018692434,98.5,27.67242361359429,3.198347559249961,1.357359499572712,1.13230201999671,19.413754156612946
IDN-2020,Indonesia,IDN,2020,0,9.91945749843524,1.3555692764051148,98.9,27.74354579181301,3.030584609416606,1.5433797018692434,0.740134609514678,19.4231102061708
IDN-2021,Indonesia,IDN,2021,0,9.91945749843524,1.3445276657366896,97.0,27.68839796845854,1.919835272707928,1.3555692764051148,0.287189045702826,19.431608218013537
IDN-2022,Indonesia,IDN,2022,0,9.91945749843524,1.3851837035371208,99.2,27.802037080583,1.560078829833344,1.3445276657366896,0.766028339629635,19.43865423120725
IND-1994,India,IND,1994,1,1.72936446209105,0.2931689482343678,50.9,26.35553673148593,6.326890487798671,0.1958028855355104,0.859559953245587,20.642184176748565
IND-1995,India,IND,1995,1,1.72936446209105,0.5645209598535388,49.8113098144531,26.514066154700423,10.24793555561189,0.2931689482343678,0.79702774897854,20.662627718538896
IND-1996,India,IND,1996,1,1.72936446209105,0.5837554174901441,51.4087753295898,26.61015264429336,10.22488616375453,0.5645209598535388,0.865833520899187,20.68275738180921
IND-1997,India,IND,1997,1,1.72936446209105,0.7789964681019738,53.0035209655762,26.69681298741772,8.977152338264526,0.5837554174901441,0.960764449555637,20.70273497273008
IND-1998,India,IND,1998,1,1.72936446209105,0.5903863708380659,54.5948638916016,26.75363268977581,7.164252114627213,0.7789964681019738,0.850995097336145,20.722399224546336
IND-1999,India,IND,1999,1,1.72936446209105,0.456611195853239,56.1821327209473,26.766732805363617,13.23083897679773,0.5903863708380659,0.429736693495449,20.741758862971416
IND-2000,India,IND,2000,1,1.72936446209105,0.7052721340026318,60.1,26.851926107410414,4.669820380375897,0.456611195853239,0.70843039067171,20.76077915486813
IND-2001,India,IND,2001,1,1.72936446209105,0.9206838746898338,60.3,26.872578907683742,4.009435910451904,0.7052721340026318,1.19880896935781,20.77957313746993
IND-2002,India,IND,2002,1,1.72936446209105,0.8895308179197803,62.0,26.908321819867357,3.779293122356374,0.9206838746898338,0.869871197224191,20.798279219663684
IND-2003,India,IND,2003,1,1.72936446209105,0.5738671328542663,62.3,26.96731455649064,4.297152039295619,0.8895308179197803,0.898515923740017,20.816392162056825
IND-2004,India,IND,2004,1,1.72936446209105,0.7055779864235115,65.4,27.132948306971265,3.805858995288526,0.5738671328542663,0.860363359311968,20.833735982483084
IND-2005,India,IND,2005,1,1.72936446209105,0.798498166551849,64.4,27.287336754711458,3.767251734775172,0.7055779864235115,1.06043123794654,20.85077168714705
IND-2006,India,IND,2006,1,1.72936446209105,1.5003778331110094,68.8,27.433038072008333,4.246343620319236,0.798498166551849,1.28780837185882,20.86708590181881
IND-2007,India,IND,2007,1,1.72936446209105,1.475984613374107,67.9,27.569422151432427,5.796523375616339,1.5003778331110094,1.33146821912931,20.88272715405806
IND-2008,India,IND,2008,1,1.72936446209105,1.9983141963864008,72.3,27.82719334019902,6.372881355932311,1.475984613374107,1.15214697247781,20.89778706848453
IND-2009,India,IND,2009,1,1.72936446209105,1.702104621950484,74.1,27.812421531107567,8.349267049075747,1.9983141963864008,1.58498271088646,20.912174786647206
IND-2010,India,IND,2010,1,1.72936446209105,1.267406405068131,75.0,27.925098706134847,10.88235294117645,1.702104621950484,0.638793187629364,20.92663495983085
IND-2011,India,IND,2011,1,1.72936446209105,1.444557903232867,76.3,28.1472016880234,11.98938992042449,1.267406405068131,0.815747227430213,20.94118099600737
IND-2012,India,IND,2012,1,1.72936446209105,1.0863128053086195,79.5,28.23153304232105,8.9117933648336,1.444557903232867,1.34852705756453,20.955349272150496
IND-2013,India,IND,2013,1,1.72936446209105,1.203757996037326,79.9,28.23404531460709,9.478996914197928,1.0863128053086195,1.31387208215422,20.969089833800005
IND-2014,India,IND,2014,1,1.72936446209105,1.298617662220496,83.1,28.249833418082574,10.01787847461043,1.203757996037326,1.19335415579377,20.9824168768404
IND-2015,India,IND,2015,1,1.72936446209105,1.4840877054706638,85.1,28.343542635589984,6.665656718678994,1.298617662220496,0.945192923172492,20.995029779543263
IND-2016,India,IND,2016,1,1.72936446209105,1.4152677547970176,88.0,28.374665745296767,4.906973441272494,1.4840877054706638,0.359940708852176,21.00695833587266
IND-2017,India,IND,2017,1,1.72936446209105,1.1988144718709448,89.6,28.46166545254586,4.948216340621341,1.4152677547970176,0.220297977730946,21.018874632503948
IND-2018,India,IND,2018,1,1.72936446209105,1.2266271760969738,91.8,28.60613692680345,3.328173374613047,1.1988144718709448,0.313225226270499,21.030498593930048
IND-2019,India,IND,2019,1,1.72936446209105,1.343047938695653,95.7,28.625357353157757,3.938826466916426,1.2266271760969738,0.446629594682818,21.041471584592312
IND-2020,India,IND,2020,1,1.72936446209105,1.611821145168521,95.9,28.673276877357058,3.729505735391232,1.343047938695653,0.30502831579148,21.0518717240946
IND-2021,India,IND,2021,1,1.72936446209105,1.14503599884101,96.5,28.614915010097288,6.623436776285296,1.611821145168521,0.144343868543637,21.061606110556724
IND-2022,India,IND,2022,1,1.72936446209105,1.214923855015198,99.6,28.78389133081679,5.131407471763637,1.14503599884101,0.325610194100608,21.06983259275217
IRL-1991,Ireland,IRL,1991,0,0.0084342457466574,1.7311251450181764,100.0,24.621304159126343,3.317328866801183,1.0546566737700238,0.0,15.072258433304327
IRL-1992,Ireland,IRL,1992,0,0.0084342457466574,1.686495579037026,100.0,24.631029817299208,3.210810371423778,1.7311251450181764,0.0,15.07800770948496
IRL-1993,Ireland,IRL,1993,0,0.0084342457466574,1.468558310385483,100.0,24.74716179222694,3.069998538359037,1.686495579037026,0.0,15.084830275340972
IRL-1994,Ireland,IRL,1994,0,0.0084342457466574,1.1952626158079975,100.0,24.68250591492536,1.469415224114222,1.468558310385483,0.0,15.089828678810942
IRL-1995,Ireland,IRL,1995,0,0.0084342457466574,1.481865111923039,100.0,24.768028903150405,2.309201926109509,1.1952626158079975,0.0,15.093770554097416
IRL-1996,Ireland,IRL,1996,0,0.0084342457466574,1.9528845493720184,100.0,24.959396714788127,2.524864467808019,1.481865111923039,0.0,15.09889750322629
IRL-1997,Ireland,IRL,1997,0,0.0084342457466574,1.627956907337368,100.0,25.05124256932166,1.755744696074194,1.9528845493720184,0.0,15.106810214512295
IRL-1998,Ireland,IRL,1998,0,0.0084342457466574,2.9806712038975727,100.0,25.140377828164645,1.541802022613698,1.627956907337368,0.0,15.116838359121388
IRL-1999,Ireland,IRL,1999,0,0.0084342457466574,3.607011811850122,100.0,25.22528872426533,2.40768094534715,2.9806712038975727,0.0,15.127269124658314
IRL-2000,Ireland,IRL,2000,0,0.0084342457466574,3.941027881605592,100.0,25.31731398436268,1.629886052214069,3.607011811850122,0.0,15.138542117203974
IRL-2001,Ireland,IRL,2001,0,0.0084342457466574,2.874041347820176,100.0,25.33050997511722,5.57763269940387,3.941027881605592,0.0,15.151872540335956
IRL-2002,Ireland,IRL,2002,0,0.0084342457466574,3.820521182575277,100.0,25.417789123895133,4.852802796074768,2.874041347820176,0.0,15.167794051088844
IRL-2003,Ireland,IRL,2003,0,0.0084342457466574,3.3216125885302,100.0,25.579941818487757,4.628205128205152,3.820521182575277,0.0,15.184645535339772
IRL-2004,Ireland,IRL,2004,0,0.0084342457466574,-2.3984051576545475,100.0,25.82721399183938,3.49221909079765,3.3216125885302,0.0,15.200935040849776
IRL-2005,Ireland,IRL,2005,0,0.0084342457466574,3.7929932017418633,100.0,25.993040277542445,2.178546057305227,-2.3984051576545475,0.0,15.21921817449567
IRL-2006,Ireland,IRL,2006,0,0.0084342457466574,2.94777932279008,100.0,26.07927170574809,2.456546929316387,3.7929932017418633,0.0001045547744813,15.241005199336389
IRL-2007,Ireland,IRL,2007,0,0.0084342457466574,3.793365648118959,100.0,26.170781427976976,3.935761140013537,2.94777932279008,0.0002203409932964,15.267965249378014
IRL-2008,Ireland,IRL,2008,0,0.0084342457466574,2.8313245095897663,100.0,26.32198138032801,4.885745375408018,3.793365648118959,0.0,15.29687484275657
IRL-2009,Ireland,IRL,2009,0,0.0084342457466574,3.821597308301101,100.0,26.34166278112456,4.03568834941391,2.8313245095897663,0.0,15.317261918280671
IRL-2010,Ireland,IRL,2010,0,0.0084342457466574,3.528650227946907,100.0,26.188973491020345,-4.447546868767464,3.821597308301101,0.0,15.327418548789067
IRL-2011,Ireland,IRL,2011,0,0.0084342457466574,2.981643042384848,100.0,26.1247390012671,-0.918388645376774,3.528650227946907,0.0084342457466574,15.332867391431718
IRL-2012,Ireland,IRL,2012,0,0.0084342457466574,3.936093712160331,100.0,26.20796264529045,2.5489783020855,2.981643042384848,0.0051812534442973,15.337228114870118
IRL-2013,Ireland,IRL,2013,0,0.0084342457466574,4.089990657851778,100.0,26.14787142458623,1.694741166803664,3.936093712160331,0.0058080278809924,15.341465551979866
IRL-2014,Ireland,IRL,2014,0,0.0084342457466574,4.366184938992316,100.0,26.21601548567484,0.5150994849005732,4.089990657851778,0.0042598855963756,15.346731112426628
IRL-2015,Ireland,IRL,2015,0,0.0084342457466574,5.008235984578584,100.0,26.308604215463795,0.1909163987137449,4.366184938992316,0.0039316133352251,15.354041124617302
IRL-2016,Ireland,IRL,2016,0,0.0084342457466574,3.956419714577992,100.0,26.43402852167826,-0.3309597833717876,5.008235984578584,0.0012754601047334,15.363489575673054
IRL-2017,Ireland,IRL,2017,0,0.0084342457466574,3.710118986386157,100.0,26.4449905581879,0.0201247735963236,3.956419714577992,0.0010324209743161,15.37633012146786
IRL-2018,Ireland,IRL,2018,0,0.0084342457466574,3.707329300584002,100.0,26.57648852190902,0.3621730382293778,3.710118986386157,0.0013727324876272,15.38982810730821
IRL-2019,Ireland,IRL,2019,0,0.0084342457466574,2.735290894719175,100.0,26.70412514633598,0.4711307137129156,3.707329300584002,0.0022263627344311,15.404342212277427
IRL-2020,Ireland,IRL,2020,0,0.0084342457466574,2.7879981313566824,100.0,26.73259926493057,0.937842961189274,2.735290894719175,0.001920754597327,15.420228750020057
IRL-2021,Ireland,IRL,2021,0,0.0084342457466574,3.379007813207271,100.0,26.80092878609013,-0.3261836512800329,2.7879981313566824,0.0009604724278913,15.43286663879751
IRL-2022,Ireland,IRL,2022,0,0.0084342457466574,-2.56897432014696,100.0,26.996886197006248,2.340341134470437,3.379007813207271,0.0019446568064729,15.446824632708688
IRN-2001,"Iran, Islamic Rep.",IRN,2001,4,31.6076762648214,0.316357051731209,97.9,25.42002754986828,14.47675131885666,0.0355791271202073,30.6637746707723,18.011488599063174
IRN-2002,"Iran, Islamic Rep.",IRN,2002,4,31.6076762648214,1.7315218680117754,98.1,25.5664977452963,11.27424713321167,0.316357051731209,21.4882168458321,18.026926880724357
IRN-2003,"Iran, Islamic Rep.",IRN,2003,4,31.6076762648214,1.3952873889439046,98.1,25.580181938703557,14.33593373784039,1.7315218680117754,20.4437414632993,18.03518469046705
IRN-2004,"Iran, Islamic Rep.",IRN,2004,4,31.6076762648214,1.2583255139287342,98.2,25.746562122163496,16.46801162447918,1.3952873889439046,22.0449174416527,18.046268578583245
IRN-2005,"Iran, Islamic Rep.",IRN,2005,4,31.6076762648214,1.068814079760675,98.3,25.958401474823773,14.76150869706724,1.2583255139287342,25.1990020398231,18.0676607838436
IRN-2006,"Iran, Islamic Rep.",IRN,2006,4,31.6076762648214,0.7883313429483044,98.4,26.139234547482843,13.43311800850802,1.068814079760675,31.6076762648214,18.089791278622965
IRN-2007,"Iran, Islamic Rep.",IRN,2007,4,31.6076762648214,0.5489561234215583,98.4,26.30526549022503,10.01589825119239,0.7883313429483044,31.5582038058527,18.111335687613675
IRN-2008,"Iran, Islamic Rep.",IRN,2008,4,31.6076762648214,0.4700904294791623,98.7,26.5804461133266,17.34104046242766,0.5489561234215583,26.1252401169156,18.127686573926923
IRN-2009,"Iran, Islamic Rep.",IRN,2009,4,31.6076762648214,0.6694046607840025,98.8,26.729793733878903,25.41050903119872,0.4700904294791623,30.5659738980313,18.139831342217438
IRN-2010,"Iran, Islamic Rep.",IRN,2010,4,31.6076762648214,0.6924819488613287,99.7,26.749274542010408,13.55155482815062,0.6694046607840025,17.5512587993854,18.15224985266064
IRN-2011,"Iran, Islamic Rep.",IRN,2011,4,31.6076762648214,0.6360681700224209,99.4,26.91167280498997,10.08936292879791,0.6924819488613287,20.2248363529261,18.16476659171376
IRN-2012,"Iran, Islamic Rep.",IRN,2012,4,31.6076762648214,0.6720958561356832,99.5,27.16752786009395,26.2933856738608,0.6360681700224209,22.3514589221281,18.17712526700744
IRN-2013,"Iran, Islamic Rep.",IRN,2013,4,31.6076762648214,0.576955353476666,99.5,27.19099455484408,27.25681272429084,0.6720958561356832,18.4120723402826,18.189638341186416
IRN-2014,"Iran, Islamic Rep.",IRN,2014,4,31.6076762648214,0.4410180884393471,99.8,26.93867329547692,36.60303551910293,0.576955353476666,21.2565665523955,18.20270739159566
IRN-2015,"Iran, Islamic Rep.",IRN,2015,4,31.6076762648214,0.4820950721369403,100.0,26.85944697378467,16.60655323574489,0.4410180884393471,21.2353758265799,18.21613868219046
IRN-2016,"Iran, Islamic Rep.",IRN,2016,4,31.6076762648214,0.6563723963944844,100.0,26.73744955434066,12.48468156115333,0.4820950721369403,12.2663527393474,18.229754629905592
IRN-2017,"Iran, Islamic Rep.",IRN,2017,4,31.6076762648214,0.8697685401003211,100.0,26.894168756948638,7.245425489529789,0.6563723963944844,10.8895031509112,18.24408948559304
IRN-2018,"Iran, Islamic Rep.",IRN,2018,4,31.6076762648214,0.548228359781509,99.9,26.958146831323383,8.044924376602776,0.8697685401003211,14.6204399688795,18.258476529632457
IRN-2019,"Iran, Islamic Rep.",IRN,2019,4,31.6076762648214,0.4208171282862944,100.0,26.744054458766684,18.01411833718742,0.548228359781509,27.6646471563106,18.2712289951696
IRN-2020,"Iran, Islamic Rep.",IRN,2020,4,31.6076762648214,0.4611702067602031,100.0,26.575434985587822,39.90734556977835,0.4208171282862944,20.0780490508657,18.282012167135186
IRN-2021,"Iran, Islamic Rep.",IRN,2021,4,31.6076762648214,0.3430530071317468,100.0,26.361386775339888,30.59413903872951,0.4611702067602031,13.2733495355914,18.289699742029168
IRN-2022,"Iran, Islamic Rep.",IRN,2022,4,31.6076762648214,0.3478365921267372,100.0,26.732940286736717,43.38901626815144,0.3430530071317468,18.2658980929233,18.298010034304266
IRQ-2001,Iraq,IRQ,2001,3,65.1575951980304,-0.0183976818880789,96.8,24.60202676091638,4.978962131837313,-6.616457270012715e-05,48.5807178166885,17.01107914716419
IRQ-2002,Iraq,IRQ,2002,3,65.1575951980304,-0.0009900250406169,96.9,24.311673642332995,16.37408149632623,-0.0183976818880789,49.1960317224957,17.042268874208197
IRQ-2003,Iraq,IRQ,2003,3,65.1575951980304,2.2226492907678543,97.1,24.217603004612062,19.31669460197901,-0.0009900250406169,46.6719927539111,17.073859371853832
IRQ-2004,Iraq,IRQ,2004,3,65.1575951980304,0.7473732742430313,97.2,23.810736896819623,33.61621059923828,2.2226492907678543,53.0047978158982,17.104011694287102
IRQ-2005,Iraq,IRQ,2005,3,65.1575951980304,0.9019127963154308,97.3,24.324233579902376,26.96190681932714,0.7473732742430313,64.6550924823725,17.1325245238189
IRQ-2006,Iraq,IRQ,2006,3,65.1575951980304,0.5584222175559973,97.4,24.636590088762453,36.9594809201871,0.9019127963154308,65.1575951980304,17.162161957472154
IRQ-2007,Iraq,IRQ,2007,3,65.1575951980304,0.946246070222856,97.6,24.89991288882607,53.23096291142799,0.5584222175559973,63.5551402676835,17.169494591628702
IRQ-2008,Iraq,IRQ,2008,3,65.1575951980304,1.1437527943622745,98.1,25.210069712062023,-10.06749257689777,0.946246070222856,52.9273802567399,17.161604166507043
IRQ-2009,Iraq,IRQ,2009,3,65.1575951980304,1.1561155249644943,97.9,25.60314253184811,12.6628528269228,1.1437527943622745,55.3793146361864,17.181807164755558
IRQ-2010,Iraq,IRQ,2010,3,65.1575951980304,0.8869944501003594,98.1,25.438702706589485,6.873615472125553,1.1561155249644943,39.1145928006965,17.218646293138203
IRQ-2011,Iraq,IRQ,2011,3,65.1575951980304,0.964308597462328,98.4,25.654256896444547,2.429868268377534,0.8869944501003594,43.2562312170542,17.25096014426062
IRQ-2012,Iraq,IRQ,2012,3,65.1575951980304,1.2273833375915082,98.0,25.947665714057827,5.6040514426601,0.964308597462328,50.9263659501053,17.286278310994888
IRQ-2013,Iraq,IRQ,2013,3,65.1575951980304,-0.8780315418699077,99.3,26.10777225806765,6.0890964159516,1.2273833375915082,49.6110993818029,17.331667526433154
IRQ-2014,Iraq,IRQ,2014,3,65.1575951980304,-2.1995853006951718,99.0,26.181308353322592,1.879498007494163,-0.8780315418699077,45.3313602184612,17.378883193407802
IRQ-2015,Iraq,IRQ,2015,3,65.1575951980304,-2.2183308484344075,99.2,26.15443285955921,2.235974079047261,-2.1995853006951718,46.6038527995508,17.41419338574558
IRQ-2016,Iraq,IRQ,2016,3,65.1575951980304,-2.032690658224678,99.4,25.83990606877659,1.393330287802677,-2.2183308484344075,37.2575416723352,17.441464482703047
IRQ-2017,Iraq,IRQ,2017,3,65.1575951980304,-1.7148739214362334,99.7,25.83972288680495,0.5565213971555476,-2.032690658224678,32.9650560560142,17.465379604809097
IRQ-2018,Iraq,IRQ,2018,3,65.1575951980304,-1.5081608977008931,99.9,25.95553773442325,0.1840588988475531,-1.7148739214362334,38.9203120843433,17.48768510887667
IRQ-2019,Iraq,IRQ,2019,3,65.1575951980304,-1.0884145679105743,99.9,26.149833351894912,0.3674414889368281,-1.5081608977008931,45.7658631354446,17.511008685256968
IRQ-2020,Iraq,IRQ,2020,3,65.1575951980304,-1.2386012227523415,100.0,26.177030604221372,-0.1989653800238823,-1.0884145679105743,40.2312783051026,17.533758796267467
IRQ-2021,Iraq,IRQ,2021,3,65.1575951980304,-1.0523954517250935,100.0,25.921203582105417,0.5741626794258561,-1.2386012227523415,27.035001916172,17.555952662686117
IRQ-2022,Iraq,IRQ,2022,3,65.1575951980304,-0.6743651457100672,100.0,26.068905365504847,6.041864890580429,-1.0523954517250935,42.7870984915076,17.578365396871188
ISL-1991,Iceland,ISL,1991,3,0.0,-0.2550286096585716,100.0,22.62460458437525,15.510721994253,-0.0716830991074085,0.0,12.44834016252931
ISL-1992,Iceland,ISL,1992,3,0.0,0.1177339860390161,100.0,22.690554410722623,6.808778879436312,-0.2550286096585716,0.0,12.45993161150523
ISL-1993,Iceland,ISL,1993,3,0.0,-1.8256279996449216e-05,100.0,22.71503636598499,3.947711768240335,0.1177339860390161,0.0,12.472497883839353
ISL-1994,Iceland,ISL,1994,3,0.0,0.0361975899244404,100.0,22.58516563516976,4.042852910769509,-1.8256279996449216e-05,0.0,12.48266596437143
ISL-1995,Iceland,ISL,1995,3,0.0,-0.1259310612174453,100.0,22.61227361519737,1.552656274957724,0.0361975899244404,0.0,12.491334291110736
ISL-1996,Iceland,ISL,1996,3,0.0,0.940062480926772,100.0,22.72104171097578,1.651231501166556,-0.1259310612174453,0.0,12.496758950752216
ISL-1997,Iceland,ISL,1997,3,0.0,1.4063805213861986,100.0,22.762739980587387,2.260418982672951,0.940062480926772,0.0,12.5021580607867
ISL-1998,Iceland,ISL,1998,3,0.0,1.3425615582103694,100.0,22.766663249314124,1.815430802822539,1.4063805213861986,0.0,12.5103500013629
ISL-1999,Iceland,ISL,1999,3,0.0,0.6784311180358861,100.0,22.87940594810984,1.659241709534191,1.3425615582103694,0.0,12.5210585525093
ISL-2000,Iceland,ISL,2000,3,0.0,1.2995875386047413,100.0,22.93237997382115,3.231832609064706,0.6784311180358861,0.0,12.533150896509518
ISL-2001,Iceland,ISL,2001,3,0.0,1.4272780185876728,100.0,22.935944704009383,5.136471232451444,1.2995875386047413,0.0,12.546842775817614
ISL-2002,Iceland,ISL,2002,3,0.0,0.8643265158723757,100.0,22.842336880988444,6.405085503868684,1.4272780185876728,0.0,12.560135681404867
ISL-2003,Iceland,ISL,2003,3,0.0,1.786281736721164,100.0,22.965697415318758,5.197022302166296,0.8643265158723757,0.0,12.569061613996295
ISL-2004,Iceland,ISL,2004,3,0.0,2.389658323892328,100.0,23.171222132091152,2.05566329753744,1.786281736721164,0.0,12.575986566199395
ISL-2005,Iceland,ISL,2005,3,0.0,3.5866569259152565,100.0,23.359744361801237,3.15819324298459,2.389658323892328,0.0,12.58476589758535
ISL-2006,Iceland,ISL,2006,3,0.0,3.7818216987709863,100.0,23.565054691948838,3.987047828065927,3.5866569259152565,0.0,12.600594763595351
ISL-2007,Iceland,ISL,2007,3,0.0,4.136824783842248,100.0,23.59522748871334,6.687079061366673,3.7818216987709863,0.0,12.624068909711092
ISL-2008,Iceland,ISL,2008,3,0.0,2.585352269048226,100.0,23.812493464114468,5.051557364921427,4.136824783842248,0.0,12.64936968236398
ISL-2009,Iceland,ISL,2009,3,0.0,0.4643976643439025,100.0,23.627317012474883,12.6943942775877,2.585352269048226,0.0,12.66796534493698
ISL-2010,Iceland,ISL,2010,3,0.0,1.3724583226657194,100.0,23.30443250609475,12.00312984617426,0.4643976643439025,0.0,12.671377753994356
ISL-2011,Iceland,ISL,2011,3,0.0,2.6707551770463023,100.0,23.356787270117252,5.396731131674841,1.3724583226657194,0.0,12.669938728512816
ISL-2012,Iceland,ISL,2012,3,0.0,2.623181239948736,100.0,23.45724404158042,4.0010266434312,2.6707551770463023,0.0,12.67299340260506
ISL-2013,Iceland,ISL,2013,3,0.0,1.7893906788080935,100.0,23.42755951275572,5.185899887506977,2.623181239948736,0.0,12.678314393319036
ISL-2014,Iceland,ISL,2014,3,0.0,2.153066893831477,100.0,23.511009143675764,3.872279237482403,1.7893906788080935,0.0,12.68777322296892
ISL-2015,Iceland,ISL,2015,3,0.0,2.566713654824828,100.0,23.616532484817256,2.044614815393424,2.153066893831477,0.0,12.69889823635014
ISL-2016,Iceland,ISL,2016,3,0.0,-2.323633022875494,100.0,23.59685798790994,1.633055581813349,2.566713654824828,0.0,12.709317608555711
ISL-2017,Iceland,ISL,2017,3,0.0,-4.023256094467532,100.0,23.77176669840133,1.696927619977336,-2.323633022875494,0.0,12.723198381844645
ISL-2018,Iceland,ISL,2018,3,0.0,-1.5838430747482488,100.0,23.944542237680928,1.76041559180605,-4.023256094467532,0.0,12.746654139497185
ISL-2019,Iceland,ISL,2019,3,0.0,-1.5408299313983973,100.0,24.00709206856628,2.68291768267392,-1.5838430747482488,0.0,12.773435490235748
ISL-2020,Iceland,ISL,2020,3,0.0,-2.0914844969361206,100.0,23.94156897878479,3.013971791560609,-1.5408299313983973,0.0,12.795424751157
ISL-2021,Iceland,ISL,2021,3,0.0,1.210373917715059,100.0,23.815882733935357,2.847924015186568,-2.0914844969361206,0.0,12.811655569017733
ISL-2022,Iceland,ISL,2022,3,0.0,2.2598359694195995,100.0,23.99035537047337,4.444239701897464,1.210373917715059,0.0,12.82804869105162
ISR-1996,Israel,ISR,1996,2,0.0118850270586983,1.025108982849642,100.0,25.381335025797803,9.93389990557126,1.0666450617161176,0.0006616611989177,15.52840735910924
ISR-1997,Israel,ISR,1997,2,0.0118850270586983,1.1195145826363138,100.0,25.468649668306643,11.45851228311294,1.025108982849642,0.000433694580558,15.554572413877036
ISR-1998,Israel,ISR,1998,2,0.0118850270586983,1.162268398520663,100.0,25.505655444848024,8.954993834771836,1.1195145826363138,0.0012568150304001,15.579556359975038
ISR-1999,Israel,ISR,1999,2,0.0118850270586983,1.9436322778640909,100.0,25.514655466809952,5.488753713396558,1.162268398520663,0.0002931789185075,15.60242514300525
ISR-2000,Israel,ISR,2000,2,0.0118850270586983,2.4751213916087687,100.0,25.521773679432915,5.189754592999825,1.9436322778640909,0.0003585383906217,15.627889477660355
ISR-2001,Israel,ISR,2001,2,0.0118850270586983,1.0864447036062417,100.0,25.63893017966659,1.032636409994893,2.4751213916087687,0.0005380298516414,15.65431279253342
ISR-2002,Israel,ISR,2002,2,0.0118850270586983,1.0561951136920606,100.0,25.62771923722056,1.123028391167207,1.0864447036062417,0.0004430091814892,15.677883961823929
ISR-2003,Israel,ISR,2003,2,0.0118850270586983,1.6584959459832,100.0,25.553305788333414,5.802345894684293,1.0561951136920606,0.0006072721548168,15.698024542667785
ISR-2004,Israel,ISR,2004,2,0.0118850270586983,1.4900810774105333,100.0,25.60058981184878,0.7076306168180703,1.6584959459832,0.000405868612191,15.716079737533128
ISR-2005,Israel,ISR,2005,2,0.0118850270586983,1.900574021818051,100.0,25.664375424956248,-0.4215950345474161,1.4900810774105333,0.000336237600645,15.733755971329536
ISR-2006,Israel,ISR,2006,2,0.0118850270586983,2.90120119935326,100.0,25.716049642695754,1.340703281194921,1.900574021818051,0.0004721828596713,15.751384945374456
ISR-2007,Israel,ISR,2007,2,0.0118850270586983,2.2662918775898286,100.0,25.79032252225351,2.054079145874429,2.90120119935326,0.0018314801442047,15.76906300158178
ISR-2008,Israel,ISR,2008,2,0.0118850270586983,2.2413723495314573,100.0,25.94063820216208,0.4662269729360654,2.2662918775898286,0.0009826596638425,15.786824007777838
ISR-2009,Israel,ISR,2009,2,0.0118850270586983,1.5137051546481728,100.0,26.121213458363368,4.527447651386513,2.2413723495314573,0.0016717099523263,15.804589796385075
ISR-2010,Israel,ISR,2010,2,0.0118850270586983,1.7921647284572382,100.0,26.085086734192515,3.367623172712499,1.5137051546481728,0.0010385914844318,15.828491866533655
ISR-2011,Israel,ISR,2011,2,0.0118850270586983,1.889328074734278,100.0,26.201288246597866,2.702702702702734,1.7921647284572382,0.000829577584663,15.846759388214242
ISR-2012,Israel,ISR,2012,2,0.0118850270586983,1.9452988870174224,100.0,26.313279779322507,3.488372093023231,1.889328074734278,0.0053564506932549,15.865240164428313
ISR-2013,Israel,ISR,2013,2,0.0118850270586983,2.088213564903691,100.0,26.29607404328801,1.675537157500518,1.9452988870174224,0.0032913846396943,15.883701675285508
ISR-2014,Israel,ISR,2014,2,0.0118850270586983,1.409164014190152,100.0,26.42051140831777,1.589763474214757,2.088213564903691,0.0118850270586983,15.902362201896292
ISR-2015,Israel,ISR,2015,2,0.0118850270586983,2.030492214887178,100.0,26.473857978844123,0.4675572519085031,1.409164014190152,0.0117966062119145,15.921557637523248
ISR-2016,Israel,ISR,2016,2,0.0118850270586983,2.027991067228848,100.0,26.43647438049577,-0.6173425776427646,2.030492214887178,0.0064472044027384,15.9413705248916
ISR-2017,Israel,ISR,2017,2,0.0118850270586983,2.2574462563885525,100.0,26.494968467311384,-0.5351681957186954,2.027991067228848,0.0073820403232374,15.960974012199909
ISR-2018,Israel,ISR,2018,2,0.0118850270586983,2.446393552634416,100.0,26.60201179979929,0.2498078401230083,2.2574462563885525,0.0058293245500582,15.98036126669729
ISR-2019,Israel,ISR,2019,2,0.0118850270586983,2.1761099003735533,100.0,26.65144553606123,0.8050603795285264,2.446393552634416,0.0087876889369425,15.99962749315935
ISR-2020,Israel,ISR,2020,2,0.0118850270586983,2.33244168054652,100.0,26.712747847834056,0.8176459402927937,2.1761099003735533,0.008262374941763,16.018717317426457
ISR-2021,Israel,ISR,2021,2,0.0118850270586983,2.062545602797173,100.0,26.741637371672216,-0.5752546208977557,2.33244168054652,0.0076086822303689,16.036354109416664
ISR-2022,Israel,ISR,2022,2,0.0118850270586983,2.177948372288976,100.0,26.91713030558916,1.479654747225614,2.062545602797173,0.0115224616168168,16.053173162781505
ITA-1991,Italy,ITA,1991,0,0.108313381680821,0.1912398038331236,100.0,27.79987330917085,6.456609061463996,0.5202242433591185,0.0444156422831305,17.853624058575342
ITA-1992,Italy,ITA,1992,0,0.108313381680821,0.2335526793157077,100.0,27.853438355158204,6.249999297902911,0.1912398038331236,0.0190572160816962,17.854316370452672
ITA-1993,Italy,ITA,1993,0,0.108313381680821,0.3434838146656927,100.0,27.911077448963223,5.270589985929301,0.2335526793157077,0.0196278174654375,17.854995614771518
ITA-1994,Italy,ITA,1994,0,0.108313381680821,0.1991400408438489,100.0,27.69625869361139,4.62673468331298,0.3434838146656927,0.0243464642435962,17.855606973290786
ITA-1995,Italy,ITA,1995,0,0.108313381680821,0.4006135620315607,100.0,27.727921085622626,4.051842180657162,0.1991400408438489,0.0219757631427477,17.85581069402666
ITA-1996,Italy,ITA,1996,0,0.108313381680821,0.2667522168669318,100.0,27.79430376774294,5.235422580443013,0.4006135620315607,0.0243272748034026,17.85582657964947
ITA-1997,Italy,ITA,1997,0,0.108313381680821,0.292001492144408,100.0,27.90468781196085,4.006976689810401,0.2667522168669318,0.0327950110404903,17.8561076237246
ITA-1998,Italy,ITA,1998,0,0.108313381680821,0.2059737713145822,100.0,27.85014714896867,2.043107797501358,0.292001492144408,0.0296277236320651,17.856636693217904
ITA-1999,Italy,ITA,1999,0,0.108313381680821,0.5282184380144472,100.0,27.87218514824173,1.955085577193811,0.2059737713145822,0.0086039880194592,17.85692443337162
ITA-2000,Italy,ITA,2000,0,0.108313381680821,0.9808166004198814,100.0,27.85816046258085,1.663459950077144,0.5282184380144472,0.0238337432543426,17.85709264181322
ITA-2001,Italy,ITA,2001,0,0.108313381680821,1.0596651273438191,100.0,27.770488548366327,2.537685320950017,0.9808166004198814,0.0491103009051332,17.857545678116647
ITA-2002,Italy,ITA,2002,0,0.108313381680821,1.1055868133895672,100.0,27.789768206462664,2.785165427135539,1.0596651273438191,0.0322847284179457,17.858157919678323
ITA-2003,Italy,ITA,2003,0,0.108313381680821,1.0391300730721642,100.0,27.87924453845603,2.46532319171165,1.1055868133895672,0.0407901667424972,17.86013646260031
ITA-2004,Italy,ITA,2004,0,0.108313381680821,0.9562653103421558,100.0,28.090298686462805,2.672555527728498,1.0391300730721642,0.0400847934902141,17.86554066258272
ITA-2005,Italy,ITA,2005,0,0.108313381680821,1.4306699421178963,100.0,28.22589855581383,2.20673661423657,0.9562653103421558,0.0463733545125626,17.872986758084604
ITA-2006,Italy,ITA,2006,0,0.108313381680821,1.789616378089853,100.0,28.254272657605284,1.985292985279804,1.4306699421178963,0.0747436239867356,17.8788232917409
ITA-2007,Italy,ITA,2007,0,0.108313381680821,1.808436600331481,100.0,28.303232491125687,2.090843910127544,1.789616378089853,0.0777499536900344,17.882824084781966
ITA-2008,Italy,ITA,2008,0,0.108313381680821,-0.3835578536543426,100.0,28.42966465157762,1.829741122024028,1.808436600331481,0.0770690066986577,17.888908054270065
ITA-2009,Italy,ITA,2009,0,0.108313381680821,0.6944524561924289,100.0,28.513758544800663,3.347832584010218,-0.3835578536543426,0.0935556302345291,17.896620967152817
ITA-2010,Italy,ITA,2010,0,0.108313381680821,0.447852261200558,100.0,28.423780264417413,0.7747681313873811,0.6944524561924289,0.048036487144922,17.902418453264595
ITA-2011,Italy,ITA,2011,0,0.108313381680821,1.1914132813137928,100.0,28.394130949701903,1.525516021182476,0.447852261200558,0.0632419734880662,17.906840714761373
ITA-2012,Italy,ITA,2012,0,0.108313381680821,0.0016635934142584,100.0,28.466957833799373,2.780632728793231,1.1914132813137928,0.101021789830648,17.910302386814408
ITA-2013,Italy,ITA,2013,0,0.108313381680821,0.8141179108094547,100.0,28.37197201958138,3.041363332267748,0.0016635934142584,0.108313381680821,17.913037517650253
ITA-2014,Italy,ITA,2014,0,0.108313381680821,0.7199235019330257,100.0,28.39798810445733,1.21999342274306,0.8141179108094547,0.0998160374945312,17.915035246800137
ITA-2015,Italy,ITA,2015,0,0.108313381680821,0.6696933934381204,100.0,28.407247393349323,0.2410474298267557,0.7199235019330257,0.0967846101416793,17.915186018995623
ITA-2016,Italy,ITA,2016,0,0.108313381680821,1.1142578402936445,100.0,28.243732371303476,0.0387903996579732,0.6696933934381204,0.0462003289451814,17.91367458340794
ITA-2017,Italy,ITA,2017,0,0.108313381680821,0.4299701376516798,100.0,28.2660683038318,-0.09401665691575,1.1142578402936445,0.0238823821426404,17.91177367857567
ITA-2018,Italy,ITA,2018,0,0.108313381680821,1.49078671657248,100.0,28.30942053315228,1.226533166458118,0.4299701376516798,0.0386725733265151,17.90989266948139
ITA-2019,Italy,ITA,2019,0,0.108313381680821,1.336107008257036,100.0,28.372689503758767,1.137487636003906,1.49078671657248,0.0660288682863186,17.90780672365395
ITA-2020,Italy,ITA,2020,0,0.108313381680821,-0.8043035291720552,100.0,28.33392395323771,0.611246943765304,1.336107008257036,0.055800623981932,17.905329595429155
ITA-2021,Italy,ITA,2021,0,0.108313381680821,1.01900609071552,100.0,28.27680468869561,-0.1377075739165103,-0.8043035291720552,0.0398531422796994,17.90045864459373
ITA-2022,Italy,ITA,2022,0,0.108313381680821,1.7998840698298315,100.0,28.40998252007452,1.873783257624806,1.01900609071552,0.077005203060734,17.89530264469225
JAM-1991,Jamaica,JAM,1991,2,1.06917692280528,1.8928675612835015,70.334586,22.247626810200984,21.96017511650829,1.8193671347059728,0.0,14.682559783829593
JAM-1992,Jamaica,JAM,1992,2,1.06917692280528,2.1014244806947486,77.2288665771484,22.135765726611098,51.07109773043131,1.8928675612835015,0.0,14.691341729630922
JAM-1993,Jamaica,JAM,1993,2,1.06917692280528,1.1564221437666244,78.0329208374023,21.986109280812254,77.2965929559651,2.1014244806947486,0.0,14.701219188204606
JAM-1994,Jamaica,JAM,1994,2,1.06917692280528,1.166057509981952,78.836296081543,22.41705880888307,22.06994941852923,1.1564221437666244,0.0,14.711564704396032
JAM-1995,Jamaica,JAM,1995,2,1.06917692280528,1.2209320949965747,79.638313293457,22.41935086717473,35.06339424847717,1.166057509981952,0.0,14.721840242927843
JAM-1996,Jamaica,JAM,1996,2,1.06917692280528,1.3674559237326478,80.4382934570313,22.60692370942537,19.90874883641681,1.2209320949965747,0.0,14.731862087990184
JAM-1997,Jamaica,JAM,1997,2,1.06917692280528,1.3761608645141348,85.706045,22.72392008034071,26.40665660740425,1.3674559237326478,0.0,14.741539320929874
JAM-1998,Jamaica,JAM,1998,2,1.06917692280528,2.0102359738112643,82.0294036865234,22.851502509991512,9.657552612685954,1.3761608645141348,0.0,14.750760031751714
JAM-1999,Jamaica,JAM,1999,2,1.06917692280528,2.377298366937079,82.8191757202148,22.89656145603637,8.631896130121444,2.0102359738112643,0.0,14.759314117004507
JAM-2000,Jamaica,JAM,2000,2,1.06917692280528,2.2433973288847486,84.554112,22.90786189788403,5.954239491130056,2.377298366937079,0.0,14.767089666094872
JAM-2001,Jamaica,JAM,2001,2,1.06917692280528,2.535206792709181,84.4,22.92105297556314,8.171083561202247,2.2433973288847486,0.0,14.774027865472632
JAM-2002,Jamaica,JAM,2002,2,1.06917692280528,2.223632059195237,87.7,22.9418960950076,6.801909307875903,2.535206792709181,0.0,14.7803643806096
JAM-2003,Jamaica,JAM,2003,2,1.06917692280528,2.678593046306399,86.7,22.997349546506857,7.07635009310985,2.223632059195237,0.11501979991379,14.786506497026089
JAM-2004,Jamaica,JAM,2004,2,1.06917692280528,2.40563588853335,86.5,22.96718683378928,10.08695652173914,2.678593046306399,0.178381887913983,14.792566701743477
JAM-2005,Jamaica,JAM,2005,2,1.06917692280528,2.436602249455768,87.2,23.043166629643903,13.55450236966824,2.40563588853335,0.165049939416478,14.79842239090024
JAM-2006,Jamaica,JAM,2006,2,1.06917692280528,2.652655405376272,88.0,23.143088552771907,15.05286588759049,2.436602249455768,0.252469011179102,14.803960822158365
JAM-2007,Jamaica,JAM,2007,2,1.06917692280528,2.546684550252249,88.7,23.202337084752905,8.561064087061569,2.652655405376272,0.683475577091461,14.809121155478234
JAM-2008,Jamaica,JAM,2008,2,1.06917692280528,3.002324432488693,89.4,23.272679761148225,9.244820672755624,2.546684550252249,0.624344515923789,14.813860793180917
JAM-2009,Jamaica,JAM,2009,2,1.06917692280528,2.0954053068597025,92.0,23.34134767683497,22.02283849918435,3.002324432488693,1.06917692280528,14.818212353342636
JAM-2010,Jamaica,JAM,2010,2,1.06917692280528,1.1410028044878884,91.0,23.2181606152092,9.592245989304816,2.0954053068597025,0.645410398235614,14.8223715265676
JAM-2011,Jamaica,JAM,2011,2,1.06917692280528,1.013405495365674,92.2,23.305038267271048,12.6105519975603,1.1410028044878884,0.242284268785806,14.826590970570248
JAM-2012,Jamaica,JAM,2012,2,1.06917692280528,1.7503516713481286,91.1,23.393590738478363,7.555856465809,1.013405495365674,0.526914868641309,14.83092056943852
JAM-2013,Jamaica,JAM,2013,2,1.06917692280528,2.049847985332336,93.1,23.41837172450515,6.873977086743093,1.7503516713481286,0.49393788378898,14.835235110611125
JAM-2014,Jamaica,JAM,2014,2,1.06917692280528,2.139411414856786,93.9,23.38101910001828,9.341500765696724,2.049847985332336,0.467457901037476,14.839287225190734
JAM-2015,Jamaica,JAM,2015,2,1.06917692280528,2.52119127032393,93.3,23.355098393551103,8.274078862314187,2.139411414856786,0.437195148150247,14.842895337344016
JAM-2016,Jamaica,JAM,2016,2,1.06917692280528,2.52865759933274,94.9,23.42888574839168,3.691542288557249,2.52119127032393,0.0,14.846034922699708
JAM-2017,Jamaica,JAM,2017,2,1.06917692280528,2.4292952887441466,96.6,23.424559917115808,2.351021974858462,2.52865759933274,0.0687391904547863,14.848665147624684
JAM-2018,Jamaica,JAM,2018,2,1.06917692280528,2.229893738958314,97.4,23.48223620121746,4.378398649915611,2.4292952887441466,0.179462172017927,14.850744541073237
JAM-2019,Jamaica,JAM,2019,2,1.06917692280528,2.072196485714618,98.2,23.54793976417107,3.736638821521633,2.229893738958314,0.268056625056229,14.852282194083518
JAM-2020,Jamaica,JAM,2020,2,1.06917692280528,1.3344549241880566,98.9,23.558023239127035,3.905100008658723,2.072196485714618,0.213213396731904,14.85340705399335
JAM-2021,Jamaica,JAM,2021,2,1.06917692280528,1.446998522812864,99.7,23.43133031909624,5.2267777929352,1.3344549241880566,0.11529077951409,14.856048719537352
JAM-2022,Jamaica,JAM,2022,2,1.06917692280528,1.2978689485763837,100.0,23.49359484403657,5.86278242801063,1.446998522812864,0.294903461359937,14.858498432084255
JOR-1991,Jordan,JOR,1991,4,0.0698817164768138,-0.2703174081310734,96.8,22.14880194677591,16.19213756152335,0.8125428466991165,0.0698817164768138,15.102511792869128
JOR-1992,Jordan,JOR,1992,4,0.0698817164768138,0.7065195486164956,97.8546829223633,22.192168963116156,8.155495978552125,-0.2703174081310734,0.0165074302206483,15.180364200849317
JOR-1993,Jordan,JOR,1993,4,0.0698817164768138,-0.5674498426467566,97.9748611450195,22.393014570360037,3.995835605571898,0.7065195486164956,0.005996773193273,15.23322945548895
JOR-1994,Jordan,JOR,1994,4,0.0698817164768138,0.0457601074628292,98.0943603515625,22.447174678987448,3.316666666667064,-0.5674498426467566,0.0026916778762667,15.28523135701838
JOR-1995,Jordan,JOR,1995,4,0.0698817164768138,0.1965455346575812,98.2125015258789,22.55365225001197,3.516696241328858,0.0457601074628292,0.0021914684395179,15.333141686529574
JOR-1996,Jordan,JOR,1996,4,0.0698817164768138,0.2221284196843703,98.3285980224609,22.629483863792935,2.353124513012733,0.1965455346575812,0.0019996615050287,15.3740965522742
JOR-1997,Jordan,JOR,1997,4,0.0698817164768138,2.3087477897967656,98.4419784545898,22.658765343844998,6.501218026795858,0.2221284196843703,0.0031698526154232,15.407296995713462
JOR-1998,Jordan,JOR,1998,4,0.0698817164768138,2.074665768068414,98.9,22.703693239158625,3.037884203002503,2.3087477897967656,0.002743247474295,15.434163085134244
JOR-1999,Jordan,JOR,1999,4,0.0698817164768138,1.4156906705945491,98.6578521728516,22.79168065779803,3.091666666667033,2.074665768068414,0.0016900846715067,15.45727721920114
JOR-2000,Jordan,JOR,2000,4,0.0698817164768138,3.074276956974177,98.7589111328125,22.82127511129527,0.6062565677794267,1.4156906705945491,0.0023458832560269,15.478763133462722
JOR-2001,Jordan,JOR,2001,4,0.0698817164768138,1.8336745440766784,99.0,22.85870836860039,0.6668809255979599,3.074276956974177,0.0038251872831013,15.49948917748026
JOR-2002,Jordan,JOR,2002,4,0.0698817164768138,1.6420255606828214,99.0,22.91779953642929,1.772204373510166,1.8336745440766784,0.0027049773145521,15.520057720926856
JOR-2003,Jordan,JOR,2003,4,0.0698817164768138,2.38156806958317,99.5,22.98320545923917,1.832993890020495,1.6420255606828214,0.0023658101689277,15.54114215481605
JOR-2004,Jordan,JOR,2004,4,0.0698817164768138,2.802094624760165,99.0,23.045224803135696,1.629999999999981,2.38156806958317,0.0023639985254128,15.563288358655432
JOR-2005,Jordan,JOR,2005,4,0.0698817164768138,3.4518581439352807,99.2,23.15790556282168,3.361868214766011,2.802094624760165,0.0025250709342341,15.587417938672964
JOR-2006,Jordan,JOR,2006,4,0.0698817164768138,3.852184164680305,99.0,23.256089141772687,3.493685346195308,3.4518581439352807,0.0029941737071591,15.612189241327648
JOR-2007,Jordan,JOR,2007,4,0.0698817164768138,3.423684137497788,100.0,23.43510761860151,6.251724666564432,3.852184164680305,0.0033669546922726,15.676076303493703
JOR-2008,Jordan,JOR,2008,4,0.0698817164768138,3.0948886893340517,98.8,23.562954478968365,4.743906390216475,3.423684137497788,0.0032269913821269,15.736429292649554
JOR-2009,Jordan,JOR,2009,4,0.0698817164768138,2.8696300455511285,100.0,23.967872596883137,13.97123100127292,3.0948886893340517,0.0047965442664046,15.759972086847286
JOR-2010,Jordan,JOR,2010,4,0.0698817164768138,2.422067203692725,99.4,24.036087136220463,-0.7390697431447768,2.8696300455511285,0.0022318051309287,15.781468962410022
JOR-2011,Jordan,JOR,2011,4,0.0698817164768138,2.220744074647434,100.0,24.13119959559136,4.845518758521161,2.422067203692725,0.0022248570371061,15.802979892604869
JOR-2012,Jordan,JOR,2012,4,0.0698817164768138,2.1968360670705964,99.6,24.208813299303152,4.1624416292779,2.220744074647434,0.0022986497041862,15.827800166518388
JOR-2013,Jordan,JOR,2013,4,0.0698817164768138,2.339484150525444,99.5,24.274434258420627,4.515229566709903,2.1968360670705964,0.0024752289881027,15.841963685141389
JOR-2014,Jordan,JOR,2014,4,0.0698817164768138,2.383308599258392,99.7,24.357513877630524,4.824623142695372,2.339484150525444,0.001912678401558,15.893927825254153
JOR-2015,Jordan,JOR,2015,4,0.0698817164768138,2.0385896407435715,99.8,24.425434067665083,2.89947905006057,2.383308599258392,0.0016199879026499,15.98931990373371
JOR-2016,Jordan,JOR,2016,4,0.0698817164768138,1.980617013789214,99.9,24.47027384256061,-0.876851359704049,2.0385896407435715,0.0004299110432784,16.07149972768061
JOR-2017,Jordan,JOR,2017,4,0.0698817164768138,2.2000711925847107,100.0,24.500350717529365,-0.7784304630541418,1.980617013789214,0.0002508125934632,16.118732248287237
JOR-2018,Jordan,JOR,2018,4,0.0698817164768138,1.4494772383239765,100.0,24.54176059007232,3.323894475760973,2.2000711925847107,0.000211794657558,16.14124824906659
JOR-2019,Jordan,JOR,2019,4,0.0698817164768138,1.1948934486526352,99.9,24.582644117817225,4.462311084754812,1.4494772383239765,0.0009805159456756,16.163289546775793
JOR-2020,Jordan,JOR,2020,4,0.0698817164768138,1.2416331655586468,99.9,24.607717703778796,0.7615140472656008,1.1948934486526352,0.0007877314129404,16.183123927146305
JOR-2021,Jordan,JOR,2021,4,0.0698817164768138,1.0327775156779613,99.9,24.59304439888069,0.3332943506283782,1.2416331655586468,0.0004677203344639,16.20107824830283
JOR-2022,Jordan,JOR,2022,4,0.0698817164768138,1.34974221081071,99.9,24.64924975349264,1.346093772431178,1.0327775156779613,0.0143633135367042,16.219420162899397
JPN-1991,Japan,JPN,1991,3,0.0036977302079416,0.0344712279732727,100.0,28.810596992704514,3.078516286951604,0.0554907983813797,0.002799224373737,18.631573568610698
JPN-1992,Japan,JPN,1992,3,0.0036977302079416,0.0677445528556669,100.0,28.94605780592623,3.25143848753308,0.0344712279732727,0.0017066467040879,18.635501766903765
JPN-1993,Japan,JPN,1993,3,0.0036977302079416,0.0045425925827101,100.0,29.03331912468068,1.760283060592702,0.0677445528556669,0.0019312153165334,18.639213690745866
JPN-1994,Japan,JPN,1994,3,0.0036977302079416,0.0174045566360788,100.0,29.16411358896478,1.243045897079241,0.0045425925827101,0.001682798065669,18.64245536671129
JPN-1995,Japan,JPN,1995,3,0.0036977302079416,0.0007352064059539,100.0,29.26105810044176,0.6954580578690037,0.0174045566360788,0.0012484904444971,18.64524729032869
JPN-1996,Japan,JPN,1996,3,0.0036977302079416,-0.0007608092565779,100.0,29.36084307915325,-0.1278990450204464,0.0007352064059539,0.0012694526503513,18.647593192044106
JPN-1997,Japan,JPN,1997,3,0.0036977302079416,0.0542758385657447,100.0,29.244738183473324,0.1366003585759094,-0.0007608092565779,0.0016809144090308,18.649862039350648
JPN-1998,Japan,JPN,1998,3,0.0036977302079416,0.0604885185948188,100.0,29.15267225121329,1.747804586921331,0.0542758385657447,0.0013473311921959,18.65224475150764
JPN-1999,Japan,JPN,1999,3,0.0036977302079416,0.3102181383747287,100.0,29.054215970854997,0.6619741913859108,0.0604885185948188,0.0007146920411912,18.654962047588423
JPN-2000,Japan,JPN,2000,3,0.0036977302079416,0.2104106462586397,100.0,29.17623692641327,-0.3412969283275536,0.3102181383747287,0.0010895373971705,18.656787911315394
JPN-2001,Japan,JPN,2001,3,0.0036977302079416,0.1107503353585256,100.0,29.248899673350877,-0.6765786835951751,0.2104106462586397,0.0020460072848765,18.658460667083325
JPN-2002,Japan,JPN,2002,3,0.0036977302079416,0.2689438899003588,100.0,29.12140355181087,-0.7400555041627376,0.1107503353585256,0.0011351191409413,18.66087019293956
JPN-2003,Japan,JPN,2003,3,0.0036977302079416,0.1906372681868492,100.0,29.07698599222004,-0.9234940269423204,0.2689438899003588,0.0011255959762716,18.663195464792352
JPN-2004,Japan,JPN,2004,3,0.0036977302079416,0.1517586274255727,100.0,29.151280914429723,-0.2565418163160245,0.1906372681868492,0.0011508719842473,18.665335274263377
JPN-2005,Japan,JPN,2005,3,0.0036977302079416,0.1117445740775214,100.0,29.22868703429723,-0.0085733882031027,0.1517586274255727,0.0011240016271445,18.665671896843467
JPN-2006,Japan,JPN,2006,3,0.0036977302079416,-0.0515451440827587,100.0,29.215274234376142,-0.2829460687643906,0.1117445740775214,0.0019079926144148,18.66576581780831
JPN-2007,Japan,JPN,2007,3,0.0036977302079416,0.4521686532262283,100.0,29.167470814121582,0.2493551160790849,-0.0515451440827587,0.0021472029958577,18.66639955369753
JPN-2008,Japan,JPN,2008,3,0.0036977302079416,0.4607332013310221,100.0,29.162426171843254,0.0600394544986689,0.4521686532262283,0.002489062183549,18.66754864216581
JPN-2009,Japan,JPN,2009,3,0.0036977302079416,0.2271407151684421,100.0,29.271995907071293,1.380078861649201,0.4607332013310221,0.0025418789008744,18.66803289610801
JPN-2010,Japan,JPN,2010,3,0.0036977302079416,0.1276898812306806,100.0,29.30564091079713,-1.352836729517185,0.2271407151684421,0.0012121453968408,18.66790794979669
JPN-2011,Japan,JPN,2011,3,0.0036977302079416,-0.0135472809318548,100.0,29.39087326943681,-0.7282432075177788,0.1276898812306806,0.0015807909918811,18.668087555210484
JPN-2012,Japan,JPN,2012,3,0.0036977302079416,0.0086355040413123,100.0,29.46829914157898,-0.2724556161012401,-0.0135472809318548,0.0023460232142381,18.66623529036085
JPN-2013,Japan,JPN,2013,3,0.0036977302079416,0.2006211770026513,100.0,29.476922108212023,-0.0440645104432601,0.0086355040413123,0.0024863866562075,18.664638183614912
JPN-2014,Japan,JPN,2014,3,0.0036977302079416,0.3864797259307623,100.0,29.293487253991877,0.3350379121847414,0.2006211770026513,0.0027988858049721,18.663195464792352
JPN-2015,Japan,JPN,2015,3,0.0036977302079416,0.1155720666519463,100.0,29.237607624885253,2.759226713532531,0.3864797259307623,0.0036977302079416,18.6618685225813
JPN-2016,Japan,JPN,2016,3,0.0036977302079416,0.7337577000735023,100.0,29.142722394808118,0.7952796305798392,0.1155720666519463,0.0019760449394356,18.66080727265218
JPN-2017,Japan,JPN,2017,3,0.0036977302079416,0.3650307315722308,100.0,29.262290455713373,-0.1272588444897537,0.7337577000735023,0.0012056707749437,18.660295898504067
JPN-2018,Japan,JPN,2018,3,0.0036977302079416,0.4728302960653247,100.0,29.2480762697099,0.4841997961263851,0.3650307315722308,0.0018821884916651,18.65947715555005
JPN-2019,Japan,JPN,2019,3,0.0036977302079416,0.7025359340158926,100.0,29.27085121559788,0.989094598021848,0.4728302960653247,0.0025412292342122,18.65820835487916
JPN-2020,Japan,JPN,2020,3,0.0036977302079416,1.019845445092457,100.0,29.288440294124825,0.4687761593839499,0.7025359340158926,0.0019334499880418,18.656803705111464
JPN-2021,Japan,JPN,2021,3,0.0036977302079416,0.6281296401388361,100.0,29.27760018528433,-0.024995834027731,1.019845445092457,0.0007107925057107,18.65386175895723
JPN-2022,Japan,JPN,2022,3,0.0036977302079416,0.938592213380338,100.0,29.28465456208002,-0.2333527793982636,0.6281296401388361,0.0022313211196428,18.649262234835668
KAZ-1996,Kazakhstan,KAZ,1996,4,24.7022127271689,2.38895500683086,99.9,23.73754026988674,176.1552989423702,2.2585667425986844,5.82930724272583,16.63274617047537
KAZ-1997,Kazakhstan,KAZ,1997,4,24.7022127271689,2.485414203029944,99.1921157836914,23.769470570144552,39.18254236541106,2.38895500683086,8.61228017412449,16.6137687326042
KAZ-1998,Kazakhstan,KAZ,1998,4,24.7022127271689,2.3512389778305103,99.2694702148438,23.82182235541951,17.40804106073569,2.485414203029944,7.15860668434788,16.590798882995173
KAZ-1999,Kazakhstan,KAZ,1999,4,24.7022127271689,2.9373908340710337,99.3427505493164,23.82043699447924,7.146326654523337,2.3512389778305103,2.25218755062942,16.5658399952941
KAZ-2000,Kazakhstan,KAZ,2000,4,24.7022127271689,2.7114691050834985,97.0,23.54885117232992,8.296027653425645,2.9373908340710337,10.6811071898123,16.553499747927614
KAZ-2001,Kazakhstan,KAZ,2001,4,24.7022127271689,3.237510796558859,99.6,23.629729132302312,13.18089058657313,2.7114691050834985,24.7022127271689,16.556421805159488
KAZ-2002,Kazakhstan,KAZ,2002,4,24.7022127271689,3.047416419955358,99.7,23.821224733782977,8.354137771613443,3.237510796558859,16.8769158317887,16.561212999219094
KAZ-2003,Kazakhstan,KAZ,2003,4,24.7022127271689,2.783111072715757,99.8,23.927498919347165,5.836924521056426,3.047416419955358,18.663679662836,16.566408093201105
KAZ-2004,Kazakhstan,KAZ,2004,4,24.7022127271689,3.2605583059854,99.9,24.15187385438628,6.438218101189398,2.783111072715757,19.0561886830313,16.57218462369463
KAZ-2005,Kazakhstan,KAZ,2005,4,24.7022127271689,2.200001373344567,100.0,24.48798642300836,6.882054389818987,3.2605583059854,21.3287460118204,16.578690152873836
KAZ-2006,Kazakhstan,KAZ,2006,4,24.7022127271689,2.9362569605602062,100.0,24.76848443398489,7.579999291257655,2.200001373344567,24.6119449899113,16.586104667285635
KAZ-2007,Kazakhstan,KAZ,2007,4,24.7022127271689,3.130340192327428,99.8,25.117762701974744,8.721693860917256,2.9362569605602062,21.1400400879889,16.59456067287363
KAZ-2008,Kazakhstan,KAZ,2008,4,24.7022127271689,3.228725791825704,100.0,25.37579578417838,10.84683620755567,3.130340192327428,18.7183777371544,16.604047368201186
KAZ-2009,Kazakhstan,KAZ,2009,4,24.7022127271689,3.2109036132498585,100.0,25.616930131992667,17.13989977720698,3.228725791825704,22.9379468470309,16.614408025173073
KAZ-2010,Kazakhstan,KAZ,2010,4,24.7022127271689,2.3195338452661165,100.0,25.470878603468176,7.316078582885775,3.2109036132498585,15.4811753728879,16.62610814157303
KAZ-2011,Kazakhstan,KAZ,2011,4,24.7022127271689,2.664214977426106,100.0,25.720797980098503,7.400463563413957,2.3195338452661165,14.3876480168855,16.639078178299272
KAZ-2012,Kazakhstan,KAZ,2012,4,24.7022127271689,2.580145569278974,99.8,25.984018734026037,8.4529046617679,2.664214977426106,18.3529532976804,16.65259891386677
KAZ-2013,Kazakhstan,KAZ,2013,4,24.7022127271689,2.149197505300178,100.0,26.06079703617593,5.195683690350729,2.580145569278974,16.1210271615703,16.666570002956473
KAZ-2014,Kazakhstan,KAZ,2014,4,24.7022127271689,1.909457027112299,100.0,26.189783030586693,5.942838716484185,2.149197505300178,13.575329365067,16.680934980553214
KAZ-2015,Kazakhstan,KAZ,2015,4,24.7022127271689,1.9840666886929317,100.0,26.12330737685032,6.849449770033578,1.909457027112299,13.4439854013249,16.695623540776573
KAZ-2016,Kazakhstan,KAZ,2016,4,24.7022127271689,3.2241828711822844,100.0,25.940310264893544,6.678285856152362,1.9840666886929317,6.77396398337604,16.71054752792754
KAZ-2017,Kazakhstan,KAZ,2017,4,24.7022127271689,1.7705948134366298,100.0,25.64527623546937,14.36109423862478,3.2241828711822844,6.9499320090465,16.72588105682268
KAZ-2018,Kazakhstan,KAZ,2018,4,24.7022127271689,0.1957430365835573,100.0,25.840096031474083,7.442663213067925,1.7705948134366298,9.66346231175396,16.741460291182065
KAZ-2019,Kazakhstan,KAZ,2019,4,24.7022127271689,1.4673858239708129,100.0,25.912549158078004,6.163662475777625,0.1957430365835573,15.0881830400628,16.756402622681176
KAZ-2020,Kazakhstan,KAZ,2020,4,24.7022127271689,2.144887581127431,100.0,25.92544219535308,5.333560989166689,1.4673858239708129,13.3329218324239,16.77091842151563
KAZ-2021,Kazakhstan,KAZ,2021,4,24.7022127271689,1.5769402944656707,100.0,25.865410949192565,6.718154548614583,2.144887581127431,7.12577724575059,16.785007577167708
KAZ-2022,Kazakhstan,KAZ,2022,4,24.7022127271689,1.5516005636655774,100.0,26.007039227566874,8.04147134028401,1.5769402944656707,14.8448016221428,16.79834014876002
KEN-1994,Kenya,KEN,1994,3,0.0288123870707702,0.1037903045828652,10.9,22.472776364110924,45.97888130362185,1.659180023777684,0.0,17.039062990436438
KEN-1995,Kenya,KEN,1995,3,0.0288123870707702,0.4519326922668601,3.47343683242798,22.69011921816896,28.81438943067315,0.1037903045828652,0.0,17.068096981611145
KEN-1996,Kenya,KEN,1996,3,0.0288123870707702,0.8104712954490044,5.42734336853027,22.92562391047124,1.554328160550088,0.4519326922668601,0.0,17.0964876362446
KEN-1997,Kenya,KEN,1997,3,0.0288123870707702,0.4573411546082539,7.37853050231934,23.211987317433813,8.864087415775224,0.8104712954490044,0.0,17.124015437379427
KEN-1998,Kenya,KEN,1998,3,0.0288123870707702,0.187269103422473,9.32631778717041,23.29708072986963,11.36184505057833,0.4573411546082539,0.0,17.151343086059125
KEN-1999,Kenya,KEN,1999,3,0.0288123870707702,0.392693682685965,14.5,23.36901492988256,6.722436507539278,0.187269103422473,0.0,17.1789388496915
KEN-2000,Kenya,KEN,2000,3,0.0288123870707702,0.7885848199367659,13.2088918685913,23.28018383384335,5.742001095204835,0.392693682685965,0.0,17.20778185372194
KEN-2001,Kenya,KEN,2001,3,0.0288123870707702,0.0408220194533016,15.2,23.265289009325056,9.98002515350979,0.7885848199367659,0.0,17.23791125217153
KEN-2002,Kenya,KEN,2002,3,0.0288123870707702,0.2085473833064783,17.0,23.28713826294676,5.738598143414668,0.0408220194533016,0.0,17.269274171818104
KEN-2003,Kenya,KEN,2003,3,0.0288123870707702,0.5240890172577498,18.9,23.29951548186347,1.961308217391622,0.2085473833064783,0.0,17.30073681504333
KEN-2004,Kenya,KEN,2004,3,0.0288123870707702,0.2824247200609733,16.0,23.424930201986047,9.81569062979654,0.5240890172577498,0.0,17.33158970399584
KEN-2005,Kenya,KEN,2005,3,0.0288123870707702,0.1129616773664858,22.6,23.50179544554972,11.62403554424262,0.2824247200609733,0.0,17.3626379507293
KEN-2006,Kenya,KEN,2006,3,0.0288123870707702,0.1949818146611836,24.5,23.65381380829046,10.31277835746826,0.1129616773664858,0.0,17.39336026219299
KEN-2007,Kenya,KEN,2007,3,0.0288123870707702,1.562773953229585,26.4,23.97462868855262,14.45373420817078,0.1949818146611836,0.0,17.423830748095767
KEN-2008,Kenya,KEN,2008,3,0.0288123870707702,0.2632405417048446,28.3,24.18769448513731,9.75888023027529,1.562773953229585,0.0,17.454052839407947
KEN-2009,Kenya,KEN,2009,3,0.0288123870707702,0.2711976366662675,30.3,24.30386811855926,26.23981664450627,0.2632405417048446,0.0,17.484349332449824
KEN-2010,Kenya,KEN,2010,3,0.0288123870707702,0.3827502523948484,23.0,24.469168563181007,9.234125923946518,0.2711976366662675,0.0,17.514560417723047
KEN-2011,Kenya,KEN,2011,3,0.0288123870707702,1.847978696338924,19.2,24.53890161418641,3.961388891153851,0.3827502523948484,0.0166382187818553,17.54357630156208
KEN-2012,Kenya,KEN,2012,3,0.0288123870707702,1.6274636616900755,36.2,24.57063240818653,14.02249130147042,1.847978696338924,0.0288123870707702,17.571077675279675
KEN-2013,Kenya,KEN,2013,3,0.0288123870707702,1.3573018522016025,38.1,24.75567656595228,9.377770035475985,1.6274636616900755,0.0230878177338188,17.597158418858097
KEN-2014,Kenya,KEN,2014,3,0.0288123870707702,1.0173861656178254,40.1,24.84508678239569,5.717493570377329,1.3573018522016025,0.0251947780243645,17.621879493540668
KEN-2015,Kenya,KEN,2015,3,0.0288123870707702,0.7967769263541034,36.0,24.94696762458063,6.878154992759489,1.0173861656178254,0.0225273671136455,17.645269612249837
KEN-2016,Kenya,KEN,2016,3,0.0288123870707702,0.5923397954256374,41.6,24.973480270308222,6.582154292847786,0.7967769263541034,0.0076633080251844,17.66753994120384
KEN-2017,Kenya,KEN,2017,3,0.0288123870707702,1.2704301665084077,53.1,25.03828616353166,6.297249538146249,0.5923397954256374,0.0065870720582815,17.689617509201398
KEN-2018,Kenya,KEN,2018,3,0.0288123870707702,0.7579889301531813,55.8,25.13043023972717,8.005649677099447,1.2704301665084077,0.0,17.71135879425369
KEN-2019,Kenya,KEN,2019,3,0.0288123870707702,0.4525612670186424,61.2,25.247258287879127,4.689806467763299,0.7579889301531813,0.0014697438220376,17.731667168264025
KEN-2020,Kenya,KEN,2020,3,0.0288123870707702,-0.0053684286071039,69.7,25.33221324233469,5.239637957647923,0.4525612670186424,0.0028424927071065,17.751305322859373
KEN-2021,Kenya,KEN,2021,3,0.0288123870707702,0.3738261710436911,71.5,25.3349895590441,5.40516207933392,-0.0053684286071039,0.0,17.770925085846418
KEN-2022,Kenya,KEN,2022,3,0.0288123870707702,0.6458092595756276,76.5,25.421048557417897,6.107936036591763,0.3738261710436911,0.0,17.789929171380802
KGZ-1998,Kyrgyz Republic,KGZ,1998,2,0.901919856447568,2.591307017360092,99.8,21.293037895896717,23.4354278497005,2.26040157644326,0.393096429371806,15.362311500166369
KGZ-1999,Kyrgyz Republic,KGZ,1999,2,0.901919856447568,1.9809091977928548,99.553825378418,21.22159191637766,10.45738258467212,2.591307017360092,0.091713922237507,15.377650552275782
KGZ-2000,Kyrgyz Republic,KGZ,2000,2,0.901919856447568,-0.1714695849118154,99.5655822753906,20.9456582966736,37.03092583693441,1.9809091977928548,0.346301645426506,15.39251267156816
KGZ-2001,Kyrgyz Republic,KGZ,2001,2,0.901919856447568,0.3226575535383227,99.6,21.037849177990072,18.70073428380231,-0.1714695849118154,0.900163529762309,15.404411625630502
KGZ-2002,Kyrgyz Republic,KGZ,2002,2,0.901919856447568,0.2864165804640439,99.5,21.14533655313007,6.919679894230396,0.3226575535383227,0.589736237550232,15.4139024875377
KGZ-2003,Kyrgyz Republic,KGZ,2003,2,0.901919856447568,1.599136091583517,100.0,21.1967902022025,2.13420986310243,0.2864165804640439,0.445969369196253,15.42308774031339
KGZ-2004,Kyrgyz Republic,KGZ,2004,2,0.901919856447568,2.7682279968541006,99.4,21.37507427048024,2.97461295184355,1.599136091583517,0.398560924925991,15.4335729722335
KGZ-2005,Kyrgyz Republic,KGZ,2005,2,0.901919856447568,1.3159926374471118,99.3,21.516952494310843,4.110650847233807,2.7682279968541006,0.475114651060121,15.445674984505162
KGZ-2006,Kyrgyz Republic,KGZ,2006,2,0.901919856447568,2.558952431065764,99.4,21.623527493816688,4.338673918443104,1.3159926374471118,0.900674260856272,15.456958828227116
KGZ-2007,Kyrgyz Republic,KGZ,2007,2,0.901919856447568,2.4002945771508832,98.9,21.76501457080062,5.552123331625423,2.558952431065764,0.901919856447568,15.467696417081536
KGZ-2008,Kyrgyz Republic,KGZ,2008,2,0.901919856447568,2.690356543830801,99.5,22.058943136445254,10.23010326604841,2.4002945771508832,0.372572936622736,15.47723461175022
KGZ-2009,Kyrgyz Republic,KGZ,2009,2,0.901919856447568,2.1038506285814016,99.5,22.360310922253003,24.52010242341016,2.690356543830801,0.419785696717881,15.48674511101473
KGZ-2010,Kyrgyz Republic,KGZ,2010,2,0.901919856447568,2.984288046367636,99.5,22.26871150708069,6.83656248105368,2.1038506285814016,0.240382537421539,15.499989892466422
KGZ-2011,Kyrgyz Republic,KGZ,2011,2,0.901919856447568,3.0989378815162985,99.0,22.29070645279944,7.967722255796837,2.984288046367636,0.293982876159289,15.514251552757464
KGZ-2012,Kyrgyz Republic,KGZ,2012,2,0.901919856447568,2.082604379361422,98.3,22.54745473911074,16.63632627314951,3.0989378815162985,0.386664882614064,15.528693521896344
KGZ-2013,Kyrgyz Republic,KGZ,2013,2,0.901919856447568,2.8182317908295937,99.8,22.61111440759544,2.768442365409567,2.082604379361422,0.358817908971423,15.547533646189864
KGZ-2014,Kyrgyz Republic,KGZ,2014,2,0.901919856447568,2.229328244197738,98.9,22.71592785679121,6.613752023580815,2.8182317908295937,0.308548395714406,15.569421212555786
KGZ-2015,Kyrgyz Republic,KGZ,2015,2,0.901919856447568,3.5349011015554117,99.8,22.733906776201163,7.534247297758903,2.229328244197738,0.290808188479066,15.59145377373938
KGZ-2016,Kyrgyz Republic,KGZ,2016,2,0.901919856447568,2.903190121972349,98.7,22.622110959825147,6.503318389933836,3.5349011015554117,0.0350561205770026,15.613920695720047
KGZ-2017,Kyrgyz Republic,KGZ,2017,2,0.901919856447568,-1.133231657657258,99.7,22.642112388363813,0.388838296895799,2.903190121972349,0.0524748993735499,15.636074337756856
KGZ-2018,Kyrgyz Republic,KGZ,2018,2,0.901919856447568,1.322763757252333,100.0,22.76486770085909,3.175309863799396,-1.133231657657258,0.0925684065781225,15.657122642633489
KGZ-2019,Kyrgyz Republic,KGZ,2019,2,0.901919856447568,2.167190492363065,100.0,22.83603410202001,1.542661452384359,1.322763757252333,0.134682037189741,15.678672437851228
KGZ-2020,Kyrgyz Republic,KGZ,2020,2,0.901919856447568,-2.283566795465564,99.9,22.96091502482885,1.133622577188036,2.167190492363065,0.103713879600644,15.701096075915723
KGZ-2021,Kyrgyz Republic,KGZ,2021,2,0.901919856447568,1.6268709015466432,99.9,22.83595700885554,6.325422963380776,-2.283566795465564,0.0514871230911807,15.721579927379096
KGZ-2022,Kyrgyz Republic,KGZ,2022,2,0.901919856447568,0.4378661591401645,99.7,22.94779575676477,11.90503981851468,1.6268709015466432,0.0824296570356698,15.73993802636664
KHM-1999,Cambodia,KHM,1999,3,0.0,1.7884308368107482,18.67,21.86123520884796,14.80650354377626,2.022733053642633,0.0,16.305253328181145
KHM-2000,Cambodia,KHM,2000,3,0.0,1.8806316364064943,8.82003688812256,21.980943132689152,4.008207020887823,1.7884308368107482,0.0,16.32231991591584
KHM-2001,Cambodia,KHM,2001,3,0.0,1.9748495599114344,16.6,22.030021462214343,-0.7919925294735668,1.8806316364064943,0.0,16.338221613928983
KHM-2002,Cambodia,KHM,2002,3,0.0,1.789383092002533,9.5,22.145329281126937,-0.6006483001236859,1.9748495599114344,0.0,16.353838299273043
KHM-2003,Cambodia,KHM,2003,3,0.0,1.257704878609526,13.1,22.227616002657307,0.211466568022607,1.789383092002533,0.0,16.369262223864713
KHM-2004,Cambodia,KHM,2004,3,0.0,1.543524891302321,19.3,22.341999110405123,0.94174611779921,1.257704878609526,0.0,16.384372941849932
KHM-2005,Cambodia,KHM,2005,3,0.0,2.381808426023565,14.2,22.49538318334525,4.319336774347855,1.543524891302321,0.0,16.39911044643301
KHM-2006,Cambodia,KHM,2006,3,0.0,2.4560709287035283,20.5,22.67860234146512,6.615259120015872,2.381808426023565,0.0,16.41368659070569
KHM-2007,Cambodia,KHM,2007,3,0.0,2.844030094349192,27.5,22.84559096871615,5.810685504643064,2.4560709287035283,0.0,16.428446020162344
KHM-2008,Cambodia,KHM,2008,3,0.0,2.600173711733337,20.2,23.038561453982684,8.708827705680491,2.844030094349192,0.0,16.44320146239505
KHM-2009,Cambodia,KHM,2009,3,0.0,2.70256081011037,26.4,23.222593337963247,24.09685193060504,2.600173711733337,0.0,16.45838060990745
KHM-2011,Cambodia,KHM,2011,3,0.0,2.957451518328952,31.1,23.3485627308946,3.996395281072181,3.014978925197253,0.0,16.489709344064973
KHM-2012,Cambodia,KHM,2012,3,0.0,3.106814051065967,37.4,23.497891360049955,5.4784474961745,2.957451518328952,0.0,16.50489326726017
KHM-2013,Cambodia,KHM,2013,3,0.0,3.041369231881325,42.3,23.60395400995452,2.93431609293951,3.106814051065967,0.0,16.519893108116538
KHM-2014,Cambodia,KHM,2014,3,0.0,2.8259690271818445,50.9,23.70930807608735,2.941625095473491,3.041369231881325,0.0,16.534844128421636
KHM-2015,Cambodia,KHM,2015,3,0.0,2.7177770478279464,56.1,23.816191242296565,3.855688614242069,2.8259690271818445,0.0,16.549668499971595
KHM-2016,Cambodia,KHM,2016,3,0.0,2.9285153163855955,62.7,23.9085505600164,1.22393195511119,2.7177770478279464,0.0,16.5642708753286
KHM-2017,Cambodia,KHM,2017,3,0.0,2.946946560360359,68.8,24.002542076074214,3.01913975139128,2.9285153163855955,0.0,16.578856951158446
KHM-2018,Cambodia,KHM,2018,3,0.0,2.967140200139862,89.1,24.102751410953708,2.912635573714778,2.946946560360359,0.0,16.592674609901806
KHM-2019,Cambodia,KHM,2019,3,0.0,2.9967293291349275,80.7,24.22418462945644,2.459085153801459,2.967140200139862,0.0,16.605111436873635
KHM-2020,Cambodia,KHM,2020,3,0.0,3.038236003397752,84.0,24.32564350444532,1.94257500833107,2.9967293291349275,0.0,16.617737266203687
KHM-2021,Cambodia,KHM,2021,3,0.0,2.9438903384225688,86.4,24.27340245391745,2.940295142639697,3.038236003397752,0.000136728305235,16.632443564173183
KHM-2022,Cambodia,KHM,2022,3,0.0,2.8877185560981973,82.5,24.328496355317725,2.920734775929485,2.9438903384225688,0.0410317572268778,16.647211346920844
KIR-2008,Kiribati,KIR,2008,3,0.0,-0.780552009975973,67.7,18.74316232795811,3.592521312664173,0.7599249313873537,0.0,11.53340433415155
KIR-2009,Kiribati,KIR,2009,3,0.0,1.9830837071482847,69.4,18.80606487868531,13.66539952524415,-0.780552009975973,0.0,11.554288113310864
KIR-2010,Kiribati,KIR,2010,3,0.0,-2.092384150449021,64.2,18.75841921531272,9.816438845086568,1.9830837071482847,0.0,11.57559974949805
KIR-2011,Kiribati,KIR,2011,3,0.0,-0.177028347398102,63.2,18.92423056792984,-3.899550406516491,-2.092384150449021,0.0,11.59639307021149
KIR-2012,Kiribati,KIR,2012,3,0.0,-0.985285051088474,74.9,19.09347286462229,1.4974097987597,-0.177028347398102,0.0,11.614109270304544
KIR-2013,Kiribati,KIR,2013,3,0.0,0.404363346353897,76.7,19.148236823989688,-3.045862927755707,-0.985285051088474,0.0,11.62879556101264
KIR-2014,Kiribati,KIR,2014,3,0.0,1.0870699606268253,78.8,19.12244499943929,-1.488059084680996,0.404363346353897,0.0,11.642540448466544
KIR-2015,Kiribati,KIR,2015,3,0.0,-0.4158815593547675,83.4,19.115263308758973,2.10398520925043,1.0870699606268253,0.0,11.655526850569164
KIR-2016,Kiribati,KIR,2016,3,0.0,0.7903037685849742,90.6,19.07070849962866,0.5720157436342556,-0.4158815593547675,0.0,11.668355326295869
KIR-2017,Kiribati,KIR,2017,3,0.0,0.344995389768743,92.6,19.145655120464628,1.917310902333777,0.7903037685849742,0.0,11.682491008662982
KIR-2018,Kiribati,KIR,2018,3,0.0,-0.4716561786225204,85.7,19.22281624665408,0.3555208885468283,0.344995389768743,0.0,11.697544380812866
KIR-2019,Kiribati,KIR,2019,3,0.0,-0.2546399636888692,87.5,19.27022991620075,0.5640304914934757,-0.4716561786225204,0.0,11.712472802429252
KIR-2020,Kiribati,KIR,2020,3,0.0,1.0081779025943134,89.3,19.194907980206683,-1.813079953029471,-0.2546399636888692,0.0,11.727407614405314
KIR-2021,Kiribati,KIR,2021,3,0.0,0.3538812075456212,91.0,19.213262803088043,2.553245544146301,1.0081779025943134,0.0,11.744830521953013
KIR-2022,Kiribati,KIR,2022,3,0.0,1.2353700309412403,92.8,19.469582994419483,2.053616767739075,0.3538812075456212,0.0,11.762734315993836
KNA-1991,St. Kitts and Nevis,KNA,1991,0,0.0,2.9705060616087566,91.3068161010742,19.196601946100134,4.010984077556172,3.805148115333108,0.0,10.607401562206968
KNA-1992,St. Kitts and Nevis,KNA,1992,0,0.0,2.3461181739533368,91.6711730957031,19.21159300558261,4.323739443554205,2.9705060616087566,0.0,10.605569697153651
KNA-1993,St. Kitts and Nevis,KNA,1993,0,0.0,2.354069115109381,92.0354309082031,19.30501439672929,2.858446725144581,2.3461181739533368,0.0,10.61437641457223
KNA-1994,St. Kitts and Nevis,KNA,1994,0,0.0,2.350917188845248,92.3990020751953,19.39053331004185,1.794861464337821,2.354069115109381,0.0,10.62723668039297
KNA-1995,St. Kitts and Nevis,KNA,1995,0,0.0,2.5753558926655526,92.7612075805664,19.503025633914884,1.44226958804943,2.350917188845248,0.0,10.640101227841235
KNA-1996,St. Kitts and Nevis,KNA,1996,0,0.0,3.0498978466740088,93.1213836669922,19.563262663922977,2.956800250926198,2.5753558926655526,0.0,10.653180459281268
KNA-1997,St. Kitts and Nevis,KNA,1997,0,0.0,2.3604095630546804,93.4788360595703,19.62648520610178,2.086573851691215,3.0498978466740088,0.0,10.666114152865877
KNA-1998,St. Kitts and Nevis,KNA,1998,0,0.0,2.816612557312409,93.8328857421875,19.74147961678669,8.90518339116016,2.3604095630546804,0.0,10.678882699705406
KNA-1999,St. Kitts and Nevis,KNA,1999,0,0.0,3.3476349420052705,94.182861328125,19.764217207706643,3.446358659552734,2.816612557312409,0.0,10.691922185369403
KNA-2000,St. Kitts and Nevis,KNA,2000,0,0.0,3.710970872983342,94.5279922485352,19.823329355735492,3.363036303630454,3.3476349420052705,0.0,10.705533980052063
KNA-2001,St. Kitts and Nevis,KNA,2001,0,0.0,3.5963618782736826,95.4,19.859794689840125,2.148855327436962,3.710970872983342,0.0,10.719935849436364
KNA-2002,St. Kitts and Nevis,KNA,2002,0,0.0,3.450452155625332,93.5,19.9437844973367,2.303447483492547,3.5963618782736826,0.0,10.731209331392291
KNA-2003,St. Kitts and Nevis,KNA,2003,0,0.0,3.471106772079076,95.8,19.991538677232835,2.041091026202084,3.450452155625332,0.0,10.736853093036018
KNA-2004,St. Kitts and Nevis,KNA,2004,0,0.0,2.901643879067952,96.0,19.96796634384303,2.235436643745526,3.471106772079076,0.0,10.74023711761076
KNA-2005,St. Kitts and Nevis,KNA,2005,0,0.0,2.9884090046259075,96.3,20.043824305415352,2.314554622380927,2.901643879067952,0.0,10.743242752732163
KNA-2006,St. Kitts and Nevis,KNA,2006,0,0.0,3.4413454709918785,96.5,20.12033169454155,3.377819039882376,2.9884090046259075,0.0,10.745873368562313
KNA-2007,St. Kitts and Nevis,KNA,2007,0,0.0,3.596831000693651,96.7,20.28385320064589,8.487485758458785,3.4413454709918785,0.0,10.748711835976422
KNA-2008,St. Kitts and Nevis,KNA,2008,0,0.0,3.651699059372711,97.0,20.351165656525545,4.480886086147258,3.596831000693651,0.0,10.751649325357784
KNA-2009,St. Kitts and Nevis,KNA,2009,0,0.0,3.542595656318248,97.3,20.471841880143668,5.300296750725844,3.651699059372711,0.0,10.754407416968617
KNA-2010,St. Kitts and Nevis,KNA,2010,0,0.0,3.4539624548776424,97.6,20.467436471037512,2.057937090418363,3.542595656318248,0.0,10.756135362104326
KNA-2011,St. Kitts and Nevis,KNA,2011,0,0.0,3.0549278639030666,99.8,20.47316020287456,0.8508786497958443,3.4539624548776424,0.0,10.754642251464746
KNA-2012,St. Kitts and Nevis,KNA,2012,0,0.0,3.318680229168741,100.0,20.54424992280165,5.8351651957086,3.0549278639030666,0.0,10.755495730510304
KNA-2013,St. Kitts and Nevis,KNA,2013,0,0.0,3.4966411499896526,100.0,20.530391013226303,0.816089281562459,3.318680229168741,0.0,10.758626023416776
KNA-2014,St. Kitts and Nevis,KNA,2014,0,0.0,3.4946266623065294,100.0,20.58921790996744,1.106985540001294,3.4966411499896526,0.0,10.759391134395187
KNA-2015,St. Kitts and Nevis,KNA,2015,0,0.0,3.289859905115087,100.0,20.67419230034747,0.2478653923649418,3.4946266623065294,0.0,10.7598159432376
KNA-2016,St. Kitts and Nevis,KNA,2016,0,0.0,3.184697825412056,100.0,20.679546130634773,-2.301875630456158,3.289859905115087,0.0,10.759773470473254
KNA-2017,St. Kitts and Nevis,KNA,2017,0,0.0,2.2187883808809032,100.0,20.73006121549261,-0.6870371232940393,3.184697825412056,0.0,10.759518595997552
KNA-2018,St. Kitts and Nevis,KNA,2018,0,0.0,2.0245664301503705,100.0,20.77867952069752,0.6949167116136044,2.2187883808809032,0.0,10.758987398772785
KNA-2019,St. Kitts and Nevis,KNA,2019,0,0.0,2.430423887253973,100.0,20.797025601263243,-1.037122141315725,2.0245664301503705,0.0,10.75809435172215
KNA-2020,St. Kitts and Nevis,KNA,2020,0,0.0,0.3158718114861447,100.0,20.825692052653828,-0.3295620636639773,2.430423887253973,0.0,10.756902380358612
KNA-2021,St. Kitts and Nevis,KNA,2021,0,0.0,1.544100658332257,100.0,20.599879633950916,-1.167245017693531,0.3158718114861447,0.0,10.755154426298285
KNA-2022,St. Kitts and Nevis,KNA,2022,0,0.0,2.139082122939165,100.0,20.57083959651111,1.195688870384002,1.544100658332257,0.0,10.75286895512671
KOR-1991,"Korea, Rep.",KOR,1991,0,0.0596703107786387,0.4149218273792954,99.8828430175781,26.40023955129934,8.573272257286767,0.3507662081820225,0.0,17.573666136778517
KOR-1992,"Korea, Rep.",KOR,1992,0,0.0596703107786387,0.2696928471782505,99.9126739501953,26.55471404635636,9.332790481614952,0.4149218273792954,0.0,17.583563996366987
KOR-1993,"Korea, Rep.",KOR,1993,0,0.0596703107786387,0.2037365118132262,99.9422149658203,26.628413198310216,6.21328146355184,0.2696928471782505,0.0,17.593955609683945
KOR-1994,"Korea, Rep.",KOR,1994,0,0.0596703107786387,0.2350263006464714,99.9694366455078,26.728892877932267,4.800996602153537,0.2037365118132262,0.0,17.604113823827173
KOR-1995,"Korea, Rep.",KOR,1995,0,0.0596703107786387,0.4124210547553583,99.9891204833984,26.895345890993088,6.265859500396792,0.2350263006464714,0.0,17.614175396050825
KOR-1996,"Korea, Rep.",KOR,1996,0,0.0596703107786387,0.4276868017864058,100.0,27.09707436270668,4.480741085572481,0.4124210547553583,0.0,17.62423740437233
KOR-1997,"Korea, Rep.",KOR,1997,0,0.0596703107786387,0.534455936149472,100.0,27.170883637770043,4.924543542927537,0.4276868017864058,0.0,17.63376519838057
KOR-1998,"Korea, Rep.",KOR,1998,0,0.0596703107786387,1.1989085537617483,100.0,27.102035809416293,4.438931845746301,0.534455936149472,0.0045441462305219,17.643142336264752
KOR-1999,"Korea, Rep.",KOR,1999,0,0.0596703107786387,1.4788338924696292,100.0,26.707950493684507,7.513580080793069,1.1989085537617483,0.0042366697066015,17.650360986284134
KOR-2000,"Korea, Rep.",KOR,2000,0,0.0596703107786387,1.4101818731794074,100.0,26.96878537440383,0.8129572544463699,1.4788338924696292,0.00668755018612,17.65746893206173
KOR-2001,"Korea, Rep.",KOR,2001,0,0.0596703107786387,0.9830232081502092,100.0,27.11599865354276,2.259165800801571,1.4101818731794074,0.0171114384123705,17.665830740526083
KOR-2002,"Korea, Rep.",KOR,2002,0,0.0596703107786387,0.7653627321481463,100.0,27.06462077579345,4.066575878977922,0.9830232081502092,0.0117084529963086,17.673503158111096
KOR-2003,"Korea, Rep.",KOR,2003,0,0.0596703107786387,0.8544119931254344,100.0,27.20026034031593,2.762262102965993,0.7653627321481463,0.0095743357150873,17.679282730757585
KOR-2004,"Korea, Rep.",KOR,2004,0,0.0596703107786387,1.2568359224617582,100.0,27.314276104309243,3.514874514599392,0.8544119931254344,0.0089188228034682,17.684465945178935
KOR-2005,"Korea, Rep.",KOR,2005,0,0.0596703107786387,1.140302758104491,100.0,27.436527103649677,3.590662988825776,1.2568359224617582,0.0104071686453881,17.688429259463323
KOR-2006,"Korea, Rep.",KOR,2006,0,0.0596703107786387,0.7609699344839712,100.0,27.602354455494552,2.753791627350392,1.140302758104491,0.0152754218373255,17.690549237260456
KOR-2007,"Korea, Rep.",KOR,2007,0,0.0596703107786387,0.6713876455297089,100.0,27.721935775489683,2.242340285189206,0.7609699344839712,0.0186508346760964,17.69580123655673
KOR-2008,"Korea, Rep.",KOR,2008,0,0.0596703107786387,0.8988643309165856,100.0,27.830619158244545,2.534573821379323,0.6713876455297089,0.0198193989631689,17.700853576781892
KOR-2009,"Korea, Rep.",KOR,2009,0,0.0596703107786387,0.821988732457157,100.0,27.71864793832419,4.67389655533408,0.8988643309165856,0.0327981749761399,17.708446743445023
KOR-2010,"Korea, Rep.",KOR,2010,0,0.0596703107786387,0.729703936728017,100.0,27.613941325611748,2.756496544939298,0.821988732457157,0.023956728591914,17.71359357161573
KOR-2011,"Korea, Rep.",KOR,2011,0,0.0596703107786387,0.6912931323272677,100.0,27.807349764180497,2.939286526556858,0.729703936728017,0.0438448106743931,17.718575822358947
KOR-2012,"Korea, Rep.",KOR,2012,0,0.0596703107786387,0.6617529144397127,100.0,27.898834718989985,4.0259650043609,0.6912931323272677,0.0596703107786387,17.72626553979019
KOR-2013,"Korea, Rep.",KOR,2013,0,0.0596703107786387,0.80131342450889,100.0,27.920209742786124,2.187071044333137,0.6617529144397127,0.0569097069190274,17.731522676291195
KOR-2014,"Korea, Rep.",KOR,2014,0,0.0596703107786387,0.5653000279430809,100.0,27.9919557550221,1.301347545474125,0.80131342450889,0.0461384584384727,17.736074862422367
KOR-2015,"Korea, Rep.",KOR,2015,0,0.0596703107786387,0.2635739630012468,100.0,28.07330175347721,1.274774464013219,0.5653000279430809,0.0403191275638592,17.74235636091253
KOR-2016,"Korea, Rep.",KOR,2016,0,0.0596703107786387,0.7063005343851636,100.0,28.06229190872856,0.7063317724557499,0.2635739630012468,0.0184101263141833,17.747629245782978
KOR-2017,"Korea, Rep.",KOR,2017,0,0.0596703107786387,0.9145085437259312,100.0,28.08790817214743,0.971685739912168,0.7063005343851636,0.0154774466539604,17.751597763939152
KOR-2018,"Korea, Rep.",KOR,2018,0,0.0596703107786387,0.6260992023260186,100.0,28.167629542229893,1.944332307863661,0.9145085437259312,0.0156129162216889,17.754407444067386
KOR-2019,"Korea, Rep.",KOR,2019,0,0.0596703107786387,0.5256579990043673,100.0,28.232190856800447,1.475839350026451,0.6260992023260186,0.0251346708672274,17.758742634259296
KOR-2020,"Korea, Rep.",KOR,2020,0,0.0596703107786387,0.4834952838579643,100.0,28.191234297991777,0.3830003036081358,0.5256579990043673,0.0191641999802525,17.76222138387775
KOR-2021,"Korea, Rep.",KOR,2021,0,0.0596703107786387,0.9742020419085994,100.0,28.18724273668968,0.5372880234117372,0.4834952838579643,0.0089868127458981,17.763600076513605
KOR-2022,"Korea, Rep.",KOR,2022,0,0.0596703107786387,1.133244383047727,100.0,28.294900935671727,2.498333333333394,0.9742020419085994,0.0283124162355571,17.76231250338371
KWT-1991,Kuwait,KWT,1991,2,58.3689295808333,0.0072660619269371,100.0,23.63712502505752,9.83363531543402,0.030384230294235,38.8702984792295,14.337169291136597
KWT-1992,Kuwait,KWT,1992,2,58.3689295808333,0.1768340899719236,100.0,23.122069215850445,9.05818836232758,0.0072660619269371,13.2175755622103,14.116651650100213
KWT-1993,Kuwait,KWT,1993,2,58.3689295808333,0.0553240284729894,100.0,23.711900744464167,-0.54547121378821,0.1768340899719236,28.1344138531383,14.307130120453186
KWT-1994,Kuwait,KWT,1994,2,58.3689295808333,2.510314822571542,100.0,23.89887465534258,0.3825413651659155,0.0553240284729894,39.371407198475,14.329621977585711
KWT-1995,Kuwait,KWT,1995,2,58.3689295808333,0.0246465867240793,100.0,23.936062575128062,2.534435261707919,2.510314822571542,36.6059380592587,14.324952424780063
KWT-1996,Kuwait,KWT,1996,2,58.3689295808333,0.952343344953096,100.0,24.02600404299381,2.686727565824844,0.0246465867240793,36.227064016639,14.335205136027296
KWT-1997,Kuwait,KWT,1997,2,58.3689295808333,0.0651239231587681,100.0,24.173011236312167,3.553985696842866,0.952343344953096,40.1364091145126,14.363774730849116
KWT-1998,Kuwait,KWT,1998,2,58.3689295808333,0.2257389596616946,100.0,24.136068637972084,0.6821914347076039,0.0651239231587681,38.3929185854833,14.39643148531558
KWT-1999,Kuwait,KWT,1999,2,58.3689295808333,0.2376768042344548,100.0,23.979194865511683,0.1296582876740268,0.2257389596616946,27.927039066817,14.427611986302985
KWT-2000,Kuwait,KWT,2000,2,58.3689295808333,0.0432007111038773,100.0,24.12853378427853,2.990810359231657,0.2376768042344548,33.8805324667688,14.45738075979304
KWT-2001,Kuwait,KWT,2001,2,58.3689295808333,-0.3144202452066318,100.0,24.35342298241438,1.81294613887089,0.0432007111038773,50.2892381187247,14.485752402802586
KWT-2002,Kuwait,KWT,2002,2,58.3689295808333,0.0094907901253364,100.0,24.27545347730005,1.299999999999992,-0.3144202452066318,42.7980143074398,14.512710514920238
KWT-2003,Kuwait,KWT,2003,2,58.3689295808333,-0.1397267955409922,100.0,24.364419006659315,0.8884501480749066,0.0094907901253364,37.2003716194143,14.538204404769791
KWT-2004,Kuwait,KWT,2004,2,58.3689295808333,0.0399512364116382,100.0,24.591850558196885,0.9613502935421122,-0.1397267955409922,39.816851302288,14.562142579717818
KWT-2005,Kuwait,KWT,2005,2,58.3689295808333,0.2855920468298514,100.0,24.808217937804336,1.248564436798894,0.0399512364116382,46.1128336408051,14.584377732101526
KWT-2006,Kuwait,KWT,2006,2,58.3689295808333,0.1191632184254619,100.0,25.11522584859195,4.142975836310232,0.2855920468298514,53.3164834648164,14.620551913269908
KWT-2007,Kuwait,KWT,2007,2,58.3689295808333,0.097144314617725,100.0,25.343889310692543,3.057013391667222,0.1191632184254619,51.0394540758358,14.676176100009606
KWT-2008,Kuwait,KWT,2008,2,58.3689295808333,-0.0040383683632756,100.0,25.4650106596144,5.484949832775961,0.097144314617725,48.1550015709463,14.734951522640502
KWT-2009,Kuwait,KWT,2009,2,58.3689295808333,0.916887253945714,100.0,25.71627833934673,10.58270978651442,-0.0040383683632756,52.8912935555667,14.790606657815667
KWT-2010,Kuwait,KWT,2010,2,58.3689295808333,0.9706207275103188,100.0,25.386409528057868,4.609595484477873,0.916887253945714,38.854853146546,14.84351617366803
KWT-2011,Kuwait,KWT,2011,2,58.3689295808333,1.4942288159768848,100.0,25.471810954446763,4.496402877697866,0.9706207275103188,48.1906069290048,14.895066760604914
KWT-2012,Kuwait,KWT,2012,2,58.3689295808333,1.275428043680155,100.0,25.76047315527339,4.8394034987095,1.4942288159768848,58.3689295808333,14.957442519355896
KWT-2013,Kuwait,KWT,2013,2,58.3689295808333,0.7506282236150011,100.0,25.88259502210502,3.255146002872105,1.275428043680155,57.4129637304674,15.020615720930104
KWT-2014,Kuwait,KWT,2014,2,58.3689295808333,0.2944098374637227,100.0,25.883286856690336,2.682296840850394,0.7506282236150011,55.5579394462588,15.070512446777398
KWT-2015,Kuwait,KWT,2015,2,58.3689295808333,0.2459284280039238,100.0,25.8148692607548,2.908926728586248,0.2944098374637227,53.239569150436,15.114578155264091
KWT-2016,Kuwait,KWT,2016,2,58.3689295808333,0.2638464206648149,100.0,25.464587592179463,3.271701660921334,0.2459284280039238,36.4482994431389,15.159569165260343
KWT-2017,Kuwait,KWT,2017,2,58.3689295808333,0.0935038993959739,100.0,25.41833773170648,3.198397766583738,0.2638464206648149,31.6732106195044,15.202828644898034
KWT-2018,Kuwait,KWT,2018,2,58.3689295808333,-0.0154181679167125,100.0,25.516470726966308,2.171832985100056,0.0935038993959739,36.0090908245608,15.239777979242035
KWT-2019,Kuwait,KWT,2019,2,58.3689295808333,0.3583406821091427,100.0,25.6551920406908,0.5431331481995668,-0.0154181679167125,44.0490671354298,15.27957951808122
KWT-2020,Kuwait,KWT,2020,2,58.3689295808333,-0.4834886422489415,100.0,25.671006732165942,1.09184802655856,0.3583406821091427,38.6553473115018,15.30668664514054
KWT-2021,Kuwait,KWT,2021,2,58.3689295808333,-0.1825596291629133,100.0,25.43320559948264,2.101729548274,-0.4834886422489415,27.5816891390019,15.297176006124516
LAO-1994,Lao PDR,LAO,1994,3,0.0,2.0539413971762,31.0,21.006750631298264,6.267222415190292,1.5509424077282563,0.0,15.359889493847378
LAO-1995,Lao PDR,LAO,1995,3,0.0,2.386658225250311,25.6057929992676,21.157387298863675,6.784480786202299,2.0539413971762,0.0,15.386045674703984
LAO-1996,Lao PDR,LAO,1996,3,0.0,2.8400045855803477,25.0,21.29058689463552,19.5939189878584,2.386658225250311,0.0,15.410729863400803
LAO-1997,Lao PDR,LAO,1997,3,0.0,2.352603989956706,31.2476997375488,21.35116573931122,13.02441569634619,2.8400045855803477,0.0,15.434042791415283
LAO-1998,Lao PDR,LAO,1998,3,0.0,1.98893136254963,34.0638961791992,21.281172655900747,27.5088624491449,2.352603989956706,0.0,15.45489787595616
LAO-1999,Lao PDR,LAO,1999,3,0.0,2.3925177188816726,36.8760108947754,20.97026484250756,90.9807345622878,1.98893136254963,0.0,15.473408484836286
LAO-2000,Lao PDR,LAO,2000,3,0.0,1.4245129908711816,39.6832847595215,21.097880350644072,125.2721283992801,2.3925177188816726,0.0,15.490883203877704
LAO-2001,Lao PDR,LAO,2001,3,0.0,1.1095119631145642,42.6,21.272079504903463,25.08464142813154,1.4245129908711816,0.0,15.507673055544556
LAO-2002,Lao PDR,LAO,2002,3,0.0,0.2505473449431988,45.3,21.293464886564,7.811807947834706,1.1095119631145642,0.0,15.524157041591089
LAO-2003,Lao PDR,LAO,2003,3,0.0,0.8549453264797865,46.3,21.287543116984388,10.63134463233329,0.2505473449431988,0.0,15.54021991019234
LAO-2004,Lao PDR,LAO,2004,3,0.0,0.6648263692431521,48.0,21.42800774227777,15.48935292335251,0.8549453264797865,0.0,15.555616316985606
LAO-2005,Lao PDR,LAO,2005,3,0.0,0.8907618854303551,53.5,21.58463485582956,10.46226673142081,0.6648263692431521,0.0,15.570195688927551
LAO-2006,Lao PDR,LAO,2006,3,0.0,2.3918987025279423,57.2,21.729601542902017,7.16541759946639,0.8907618854303551,0.0,15.585284098226676
LAO-2007,Lao PDR,LAO,2007,3,0.0,2.733474129829967,57.0,21.963096995134997,6.545594390527871,2.3918987025279423,0.0,15.601117975402314
LAO-2008,Lao PDR,LAO,2008,3,0.0,2.137934967902169,55.0,22.163847780854265,4.66197269469701,2.733474129829967,0.0,15.616599208076082
LAO-2009,Lao PDR,LAO,2009,3,0.0,2.398708954562772,66.0,22.41822676501656,7.628808875775164,2.137934967902169,0.0,15.631795146081616
LAO-2010,Lao PDR,LAO,2010,3,0.0,2.072488986196615,67.4,22.487334998967004,0.1411876749803849,2.398708954562772,0.0,15.646754006969962
LAO-2011,Lao PDR,LAO,2011,3,0.0,1.948275178542948,70.2,22.68782542982848,5.982545215500817,2.072488986196615,0.0,15.661473291839863
LAO-2012,Lao PDR,LAO,2012,3,0.0,2.50170617101072,70.0,22.892331493607088,7.5689885610998,1.948275178542948,0.0,15.67595478455033
LAO-2013,Lao PDR,LAO,2013,3,0.0,2.438841286206966,76.4,23.04495197200708,4.255126778320897,2.50170617101072,0.0,15.69022832654852
LAO-2014,Lao PDR,LAO,2014,3,0.0,2.575948895318313,79.3,23.206775897586397,6.371427177829471,2.438841286206966,0.0,15.704303872147154
LAO-2015,Lao PDR,LAO,2015,3,0.0,2.708593122200877,82.5,23.30946819379389,4.129243068737711,2.575948895318313,0.0,15.718091554346142
LAO-2016,Lao PDR,LAO,2016,3,0.0,2.4714792839727475,89.7,23.3923243207881,1.277354271029923,2.708593122200877,0.0,15.732675199678354
LAO-2017,Lao PDR,LAO,2017,3,0.0,2.9860087407714584,89.0,23.490370909148183,1.596912275832041,2.4714792839727475,0.0,15.74830695353134
LAO-2018,Lao PDR,LAO,2018,3,0.0,2.7105667884330424,93.6,23.56065606229367,0.8254786075680259,2.9860087407714584,0.0,15.764009923532177
LAO-2019,Lao PDR,LAO,2019,3,0.0,2.1023221694959267,92.9,23.62147574561177,2.040392668902015,2.7105667884330424,0.0,15.77954770153508
LAO-2020,Lao PDR,LAO,2020,3,0.0,2.331492663370836,98.4,23.653956076677886,3.322558812569254,2.1023221694959267,0.0,15.794805329872489
LAO-2021,Lao PDR,LAO,2021,3,0.0,2.440087713350392,99.3,23.6667467389478,5.104072629599191,2.331492663370836,0.0,15.809739195341605
LAO-2022,Lao PDR,LAO,2022,3,0.0,2.250817747903512,100.0,23.658565735962306,3.755620366588772,2.440087713350392,0.0,15.824153357482382
LBN-2010,Lebanon,LBN,2010,0,0.0,3.105053358253773,99.3,24.28996587536956,1.195096711655427,3.302338456886244,0.0,15.423404879674957
LBN-2011,Lebanon,LBN,2011,0,0.0,2.75856979859684,99.5,24.37246605592312,3.983479418558331,3.105053358253773,0.0,15.433172361316334
LBN-2012,Lebanon,LBN,2012,0,0.0,2.653757995350823,99.7,24.41032177853465,4.971485716923842,2.75856979859684,0.0,15.443970597104766
LBN-2013,Lebanon,LBN,2013,0,0.0,2.4371288602324137,99.5,24.50783720519382,6.581474476836774,2.653757995350823,0.0,15.471019321537632
LBN-2014,Lebanon,LBN,2014,0,0.0,2.483817284623725,99.6,24.57085918105228,4.821019562973989,2.4371288602324137,0.0,15.563568369586047
LBN-2015,Lebanon,LBN,2015,0,0.0,2.1705945968292184,99.7,24.596448502820152,1.854604213409097,2.483817284623725,0.0,15.66349140029485
LBN-2016,Lebanon,LBN,2016,0,0.0,2.3166930970496398,99.7,24.633874599560773,-3.749145247996286,2.1705945968292184,0.0,15.683068355602884
LBN-2017,Lebanon,LBN,2017,0,0.0,2.26358799761898,99.8,24.65797571359289,-0.7833596243615077,2.3166930970496398,0.0,15.659713984313523
LBN-2018,Lebanon,LBN,2018,0,0.0,2.2808509467298017,99.9,24.694079891270704,4.321352183031908,2.26358799761898,0.0,15.633608276848872
LBN-2019,Lebanon,LBN,2019,0,0.0,2.017728627095959,99.7,24.72880685641886,6.076989078896069,2.2808509467298017,0.0,15.604619851911318
LBN-2020,Lebanon,LBN,2020,0,0.0,2.325519322327213,100.0,24.666902989825388,3.005389493903827,2.017728627095959,0.0,15.57243614447938
LBN-2021,Lebanon,LBN,2021,0,0.0,1.68119160258508,100.0,24.17996503944744,84.86433304720406,2.325519322327213,0.0,15.556397521453798
LBN-2022,Lebanon,LBN,2022,0,0.0,1.650813411848043,100.0,23.864480250773013,154.7560960233933,1.68119160258508,0.0,15.559151162650874
LBR-2008,Liberia,LBR,2008,4,0.0,3.4930199960614114,3.0,21.04026396446058,11.39189668071025,2.9563257910292298,0.0,15.11544360348611
LBR-2009,Liberia,LBR,2009,4,0.0,2.675956799532442,1.3,21.269072430187023,17.48944864299302,3.4930199960614114,0.0,15.156023773274864
LBR-2010,Liberia,LBR,2010,4,0.0,5.331169829044563,1.9,21.293114801727477,7.427643059149192,2.675956799532442,0.0,15.187459767638703
LBR-2011,Liberia,LBR,2011,4,0.0,5.158967026101075,5.3,21.415412517673275,7.289927968902182,5.331169829044563,0.0,15.21642034155556
LBR-2012,Liberia,LBR,2012,4,0.0,5.108973357034773,4.1,21.59790089396875,8.488167518494,5.158967026101075,0.0,15.25562503087804
LBR-2013,Liberia,LBR,2013,4,0.0,4.834865471586867,9.3,21.74988576049805,6.831787034185483,5.108973357034773,0.0,15.290969892086949
LBR-2014,Liberia,LBR,2014,4,0.0,3.4388009044215595,9.8,21.87926554502699,7.577306817413998,4.834865471586867,0.0,15.312952656423594
LBR-2015,Liberia,LBR,2015,4,0.0,2.6734236396452404,9.4,21.89440093761309,9.861112855749038,3.4388009044215595,0.0,15.33377440506732
LBR-2016,Liberia,LBR,2016,4,0.0,2.912250654919121,15.2,21.894842208371397,7.748696876213224,2.6734236396452404,0.0,15.354404110260814
LBR-2017,Liberia,LBR,2017,4,0.0,2.6869667469133303,17.7,21.946576337269423,8.834248683364876,2.912250654919121,0.0,15.374835321470414
LBR-2018,Liberia,LBR,2018,4,0.0,2.038053237122577,24.2,21.944303229735446,12.41963239071377,2.6869667469133303,0.0,15.394267795092508
LBR-2019,Liberia,LBR,2019,4,0.0,1.6877604566967446,22.8,21.953711561150445,23.56351489537417,2.038053237122577,0.0,15.41383231423489
LBR-2020,Liberia,LBR,2020,4,0.0,-1.8057321998105376,23.1,21.92310907664536,26.96627601978781,1.6877604566967446,0.0,15.433654859559956
LBR-2021,Liberia,LBR,2021,4,0.0,-0.9626866337942585,27.6,21.878928146857984,16.95572414962546,-1.8057321998105376,0.0,15.45440318955356
LBR-2022,Liberia,LBR,2022,4,0.0,1.8475524849308795,29.8,21.97975030093641,7.815593858586484,-0.9626866337942585,0.0,15.475513059344594
LBY-2001,Libya,LBY,2001,0,64.8164362995569,-0.3806331147564578,99.8,24.367957067850416,-2.900000000000242,0.3605621922263577,33.5852838997618,15.484164477052724
LBY-2002,Libya,LBY,2002,0,64.8164362995569,0.6591611658772694,96.9,24.25291781901127,-8.813937521455465,-0.3806331147564578,29.4914880458031,15.50258335852269
LBY-2003,Libya,LBY,2003,0,64.8164362995569,0.5206010727042618,95.2,23.74280690653164,-9.797647058823555,0.6591611658772694,48.3822928740602,15.521786754783228
LBY-2004,Libya,LBY,2004,0,64.8164362995569,0.9353466839958656,93.5,23.991526887033427,-2.191151919866467,0.5206010727042618,47.8421621561942,15.54173527664966
LBY-2005,Libya,LBY,2005,0,64.8164362995569,1.5267164163240594,91.8,24.223472840766465,-2.197567740558977,0.9353466839958656,54.7869519679771,15.562393644179965
LBY-2006,Libya,LBY,2006,0,64.8164362995569,1.9475984207952957,90.1,24.580509293689733,2.650205761316574,1.5267164163240594,61.0171738102836,15.58345519174286
LBY-2007,Libya,LBY,2007,0,64.8164362995569,2.628765896014041,88.4,24.819179693975084,1.459268762027218,1.9475984207952957,60.9295741290035,15.603966576803442
LBY-2008,Libya,LBY,2008,0,64.8164362995569,2.2604181198491595,86.8,24.94325840090657,6.25098782993553,2.628765896014041,59.9292830144719,15.624517268085002
LBY-2009,Libya,LBY,2009,0,64.8164362995569,1.5520313752115162,85.1,25.18584390467271,10.3607288954998,2.2604181198491595,64.8164362995569,15.645758260609352
LBY-2010,Libya,LBY,2010,0,64.8164362995569,1.5965343481064955,83.5,24.83099643893844,2.459900256099543,1.5520313752115162,49.9122829981053,15.666589798060926
LBY-2013,Libya,LBY,2013,0,64.8164362995569,0.8321995027001023,78.7,25.250916957937434,6.059803921568547,1.216671590664779,57.6300935046394,15.636720247487288
LBY-2022,Libya,LBY,2022,0,64.8164362995569,1.2612472013671916,70.2,24.284823028919945,2.868330277510149,1.30698602018334,56.3779371892049,15.780547475722692
LCA-2001,St. Lucia,LCA,2001,2,0.0,3.15825912611532,86.0,20.65347900063056,3.710786087136099,3.027952119276962,0.0,11.974247770332743
LCA-2002,St. Lucia,LCA,2002,2,0.0,3.102207025731104,89.9,20.60964081255902,5.307220810285471,3.15825912611532,0.0,11.984415488983725
LCA-2003,St. Lucia,LCA,2003,2,0.0,3.503060867006387,87.7,20.617905322399697,-0.2555366269165083,3.102207025731104,0.0,11.99313929229082
LCA-2004,St. Lucia,LCA,2004,2,0.0,3.1283052810768157,88.5,20.7105932867054,1.034253724262215,3.503060867006387,0.0,12.001364365538274
LCA-2005,St. Lucia,LCA,2005,2,0.0,3.0149841612885,89.3,20.78780435902148,1.460368144252453,3.1283052810768157,0.0,12.009084051692817
LCA-2006,St. Lucia,LCA,2006,2,0.0,3.819490456010074,90.1,20.850387845266376,3.898273707594762,3.0149841612885,0.0,12.016430357453585
LCA-2007,St. Lucia,LCA,2007,2,0.0,3.4150908719518487,90.9,20.960958385405053,2.395620825291682,3.819490456010074,0.0,12.023591075934853
LCA-2008,St. Lucia,LCA,2008,2,0.0,3.3050341004230805,91.8,21.013012388754547,2.823103737369294,3.4150908719518487,0.0,12.030283704661516
LCA-2009,St. Lucia,LCA,2009,2,0.0,2.9608114733299566,92.7,21.086332091355597,5.549547693839369,3.3050341004230805,0.0,12.036523177258209
LCA-2010,St. Lucia,LCA,2010,2,0.0,3.1590621071489893,93.5,21.060814558156476,-0.1569360871686694,2.9608114733299566,0.0,12.042788717613355
LCA-2011,St. Lucia,LCA,2011,2,0.0,2.523394236777515,94.2,21.11691823975623,3.250344091801288,3.1590621071489893,0.0,12.048874827890373
LCA-2012,St. Lucia,LCA,2012,2,0.0,2.69660396285906,95.4,21.173302937213432,2.769407941440931,2.523394236777515,0.0,12.05409792990807
LCA-2013,St. Lucia,LCA,2013,2,0.0,2.7211490088714267,95.3,21.192148468363424,4.177635871025146,2.69660396285906,0.0,12.058662530301405
LCA-2014,St. Lucia,LCA,2014,2,0.0,2.056462412808192,97.2,21.230319913516848,1.468565110354283,2.7211490088714267,0.0,12.063183317979933
LCA-2015,St. Lucia,LCA,2015,2,0.0,2.827505007591601,98.1,21.28241590855864,3.516955513692412,2.056462412808192,0.0,12.067609109860088
LCA-2016,St. Lucia,LCA,2016,2,0.0,2.8539326005445087,99.0,21.31528837438257,-0.9836009526969955,2.827505007591601,0.0,12.072003965735604
LCA-2017,St. Lucia,LCA,2017,2,0.0,2.2094430668291154,99.8,21.3484255933045,-3.078217656769267,2.8539326005445087,0.0,12.076231578128818
LCA-2018,St. Lucia,LCA,2018,2,0.0,1.5332922255490549,99.9,21.41566458985609,0.104262078958441,2.2094430668291154,0.0,12.080186241085622
LCA-2019,St. Lucia,LCA,2019,2,0.0,1.9962534323494183,100.0,21.446435574602603,1.935618931506019,1.5332922255490549,0.0,12.084006701300645
LCA-2020,St. Lucia,LCA,2020,2,0.0,2.5730339012587278,100.0,21.46046534491423,0.5390875591917574,1.9962534323494183,0.0,12.087638147718394
LCA-2021,St. Lucia,LCA,2021,2,0.0,2.0330170591418706,100.0,21.14312074136432,-1.755808335175935,2.5730339012587278,0.0,12.090947948358982
LCA-2022,St. Lucia,LCA,2022,2,0.0,1.6479708039157812,100.0,21.34979826895881,2.410703121743933,2.0330170591418706,0.0,12.0924727234418
LKA-2001,Sri Lanka,LKA,2001,3,0.0,0.9441084706172976,70.3,23.53242047863564,6.17627591012045,0.9108138157693128,0.0,16.77525574455594
LKA-2002,Sri Lanka,LKA,2002,3,0.0,1.0084471491016425,63.6,23.48009057072029,14.15845579912002,0.9441084706172976,0.0,16.79105864443741
LKA-2003,Sri Lanka,LKA,2003,3,0.0,1.0232046146446658,80.7,23.52883805164615,9.551031670072517,1.0084471491016425,0.0,16.80148300901723
LKA-2004,Sri Lanka,LKA,2004,3,0.0,0.968173538954024,75.0,23.661462501672165,6.314637870511745,1.0232046146446658,0.0,16.808815989116972
LKA-2005,Sri Lanka,LKA,2005,3,0.0,0.9611527513630352,76.5,23.751587555618407,7.575925829958563,0.968173538954024,0.0,16.815613565927485
LKA-2006,Sri Lanka,LKA,2006,3,0.0,1.2993020380546645,78.1,23.91808627902702,11.63968609711183,0.9611527513630352,0.0,16.822010897242052
LKA-2007,Sri Lanka,LKA,2007,3,0.0,1.38109368879694,82.1,24.06497540712787,10.02018360570346,1.2993020380546645,0.0,16.828709988627775
LKA-2008,Sri Lanka,LKA,2008,3,0.0,1.3732929147349753,80.0,24.1998872384356,15.84211149248431,1.38109368879694,0.0,16.835571768230484
LKA-2009,Sri Lanka,LKA,2009,3,0.0,0.8530862573851657,82.9,24.429833582173483,22.5644955300126,1.3732929147349753,0.0,16.84222678280086
LKA-2010,Sri Lanka,LKA,2010,3,0.0,0.7439090357897554,87.1,24.46251097758537,3.464963221060742,0.8530862573851657,0.0,16.84836692522332
LKA-2011,Sri Lanka,LKA,2011,3,0.0,1.1442917708244722,85.3,24.7946155249665,6.217648893046201,0.7439090357897554,0.0,16.854258737653495
LKA-2012,Sri Lanka,LKA,2012,3,0.0,1.1001617361886775,87.8,24.939138795652624,6.7167684358854,1.1442917708244722,0.0,16.860463807636805
LKA-2013,Sri Lanka,LKA,2013,3,0.0,1.023301755691704,87.0,24.978129569788788,7.54291373239437,1.1001617361886775,0.0,16.868070087753807
LKA-2014,Sri Lanka,LKA,2014,3,0.0,0.9387124313300632,90.2,25.066762173063708,6.908450348284521,1.023301755691704,0.0,16.840073261765202
LKA-2015,Sri Lanka,LKA,2015,3,0.0,0.7316889944634578,92.7,25.136441337472963,3.179002282360595,0.9387124313300632,0.0,16.84940534074044
LKA-2016,Sri Lanka,LKA,2016,3,0.0,0.8950054290901758,94.3,25.16697889301804,3.768367830620964,0.7316889944634578,0.0,16.858603450565273
LKA-2017,Sri Lanka,LKA,2017,3,0.0,1.1693289894990688,97.5,25.200605047775426,3.958888465930697,0.8950054290901758,0.0,16.869936225007276
LKA-2018,Sri Lanka,LKA,2018,3,0.0,1.3053175645439243,97.5,25.27048217984134,7.704137678506017,1.1693289894990688,0.0,16.88137510031217
LKA-2019,Sri Lanka,LKA,2019,3,0.0,0.7600480152998703,99.6,25.27133660012426,2.135037737132004,1.3053175645439243,0.0,16.89143941965929
LKA-2020,Sri Lanka,LKA,2020,3,0.0,0.494321593742232,99.8,25.21188766925826,3.528393582318115,0.7600480152998703,0.0,16.897558178835432
LKA-2021,Sri Lanka,LKA,2021,3,0.0,0.6269406535555649,100.0,25.15806961024919,6.153945083917376,0.494321593742232,0.0,16.90286444418801
LKA-2022,Sri Lanka,LKA,2022,3,0.0,1.011158526500369,100.0,25.20690885108844,7.014780712381947,0.6269406535555649,0.0,16.913618943269633
LSO-2001,Lesotho,LSO,2001,4,0.0,1.9918562497065808,4.3,20.60368433505461,6.131975387226955,2.0066617865937597,0.0,14.510612826094397
LSO-2002,Lesotho,LSO,2002,4,0.0,2.0086969071116743,1.3,20.53175050127495,-9.61615353858472,1.9918562497065808,0.0,14.509084647385665
LSO-2003,Lesotho,LSO,2003,4,0.0,2.043945625180417,3.4,20.46937597451211,33.81257833812596,2.0086969071116743,0.0,14.505994194437978
LSO-2004,Lesotho,LSO,2004,4,0.0,2.0150338654106767,5.4,20.86980945843826,6.62916357146762,2.043945625180417,0.0,14.501159698346862
LSO-2005,Lesotho,LSO,2005,4,0.0,1.2652765958428478,6.8,21.136194130422016,5.023420686162853,2.0150338654106767,0.0,14.494117540327158
LSO-2006,Lesotho,LSO,2006,4,0.0,1.109267869981297,9.6,21.24345361574817,3.437884230574427,1.2652765958428478,0.0,14.48491663560491
LSO-2007,Lesotho,LSO,2007,4,0.0,2.2083530863972314,9.7,21.311103925389997,6.072718797342934,1.109267869981297,0.0,14.480805439377647
LSO-2008,Lesotho,LSO,2008,4,0.0,0.5885511244385536,13.9,21.243327745911667,8.01243669043409,2.2083530863972314,0.0,14.485014937189128
LSO-2009,Lesotho,LSO,2009,4,0.0,2.3598017804881883,16.0,21.29249396945822,10.71566613096811,0.5885511244385536,0.0,14.491787228368109
LSO-2010,Lesotho,LSO,2010,4,0.0,0.4135974539346247,17.0,21.27766516610503,-16.85969105406442,2.3598017804881883,0.0,14.499053767681495
LSO-2011,Lesotho,LSO,2011,4,0.0,1.598460040052774,17.0,21.52739710054065,-2.405242545987059,0.4135974539346247,0.0,14.50678198038938
LSO-2012,Lesotho,LSO,2012,4,0.0,1.5648830952848245,22.5,21.67082638061209,5.0366305210156,1.598460040052774,0.0,14.515638317491614
LSO-2013,Lesotho,LSO,2013,4,0.0,1.5004500087306636,20.6,21.630597442338622,6.051436621399669,1.5648830952848245,0.0,14.52568937330156
LSO-2014,Lesotho,LSO,2014,4,0.0,2.062598788809448,26.9,21.58493687763796,4.865118994963848,1.5004500087306636,0.0,14.536518497965002
LSO-2015,Lesotho,LSO,2015,4,0.0,2.272052717611586,27.8,21.615699459673717,5.370289610085872,2.062598788809448,0.0,14.547921719972184
LSO-2016,Lesotho,LSO,2016,4,0.0,2.03153679037986,31.8,21.581794703756763,3.218445136559305,2.272052717611586,0.0,14.55964168506866
LSO-2017,Lesotho,LSO,2017,4,0.0,1.3639902486368505,35.1,21.47204943214937,6.596504906965434,2.03153679037986,0.0,14.571831109518213
LSO-2018,Lesotho,LSO,2018,4,0.0,1.2484464284940673,33.7,21.559101834701483,4.447699373763005,1.3639902486368505,0.0,14.584280384408869
LSO-2019,Lesotho,LSO,2019,4,0.0,1.191791064158101,47.0,21.66180611878088,4.751803016247396,1.2484464284940673,0.0,14.596487280725396
LSO-2020,Lesotho,LSO,2020,4,0.0,1.1165668683727306,44.6,21.594853007770045,5.187083591979818,1.191791064158101,0.0,14.608234259086036
LSO-2021,Lesotho,LSO,2021,4,0.0,-0.4927342662944025,47.5,21.44290881557348,4.978096762523092,1.1165668683727306,0.0,14.620077460061612
LSO-2022,Lesotho,LSO,2022,4,0.0,-0.3262467407881617,50.4,21.603776035401825,6.047745919506756,-0.4927342662944025,0.0,14.631557881648082
LTU-1996,Lithuania,LTU,1996,0,0.356954383456659,1.354215116340202,100.0,22.792809851877696,39.64762903282894,0.8207051076331214,0.0906223738693195,15.104496068266943
LTU-1997,Lithuania,LTU,1997,0,0.356954383456659,1.9828640726537352,100.0,22.85508718344313,24.62519538645,1.354215116340202,0.14514393938085,15.096892636288311
LTU-1998,Lithuania,LTU,1998,0,0.356954383456659,2.793513395511175,100.0,23.04253811165652,8.88104848465892,1.9828640726537352,0.135194229938002,15.089514334763832
LTU-1999,Lithuania,LTU,1999,0,0.356954383456659,2.336063298635969,100.0,23.147108973930223,5.067553858419683,2.793513395511175,0.049179324033605,15.082269974731505
LTU-2000,Lithuania,LTU,2000,0,0.356954383456659,1.9070107506388947,100.0,23.123167805397436,0.7275506265574238,2.336063298635969,0.124753394103413,15.075175084396832
LTU-2001,Lithuania,LTU,2001,0,0.356954383456659,1.99504383228913,99.5,23.17001150831078,0.9816154788575978,1.9070107506388947,0.350374403020056,15.06814123199483
LTU-2002,Lithuania,LTU,2002,0,0.356954383456659,2.236458057481724,99.5,23.22966986424626,1.367120308178191,1.99504383228913,0.356954383456659,15.059901147128738
LTU-2003,Lithuania,LTU,2003,0,0.356954383456659,0.9873739404433438,99.4,23.3822863317833,0.2815066103455753,2.236458057481724,0.298245654690125,15.05187349234346
LTU-2004,Lithuania,LTU,2004,0,0.356954383456659,2.062009032406322,99.4,23.65761184088901,-1.134308549902469,0.9873739404433438,0.236285179210918,15.043750713738172
LTU-2005,Lithuania,LTU,2005,0,0.356954383456659,2.302845264620089,99.4,23.84753047267606,1.164102521046706,2.062009032406322,0.213297786959526,15.03252080429658
LTU-2006,Lithuania,LTU,2006,0,0.356954383456659,2.712758143674264,99.4,23.985400637748448,2.658484840652617,2.302845264620089,0.199035520535653,15.01623679789864
LTU-2007,Lithuania,LTU,2007,0,0.356954383456659,2.578095623013644,99.4,24.12832882909624,3.739120040606639,2.712758143674264,0.163827335648741,15.000273019558891
LTU-2008,Lithuania,LTU,2008,0,0.356954383456659,1.9958345812878664,99.4,24.40535105279886,5.737173827998425,2.578095623013644,0.111123246183541,14.988393543640935
LTU-2009,Lithuania,LTU,2009,0,0.356954383456659,-0.853288712228251,99.4,24.590945116509378,10.9258856241655,1.9958345812878664,0.120394867137278,14.978108715085588
LTU-2010,Lithuania,LTU,2010,0,0.356954383456659,1.8215080299646424,99.5,24.347456893089703,4.453044565185352,-0.853288712228251,0.0715728904991753,14.96700526103296
LTU-2011,Lithuania,LTU,2011,0,0.356954383456659,2.17742018472668,99.7,24.324355298348088,1.319213620554631,1.8215080299646424,0.0803743997861436,14.946035833534188
LTU-2012,Lithuania,LTU,2012,0,0.356954383456659,1.2413052722454077,99.7,24.488793826514964,4.130275626450852,2.17742018472668,0.111619814532788,14.923451201920628
LTU-2013,Lithuania,LTU,2013,0,0.356954383456659,1.2803798165426257,100.0,24.477684219464187,3.089982770554172,1.2413052722454077,0.0974715128859943,14.910496278576684
LTU-2014,Lithuania,LTU,2014,0,0.356954383456659,0.6848862892221538,100.0,24.55848685372665,1.04747937065344,1.2803798165426257,0.0739349105055915,14.901122372150306
LTU-2015,Lithuania,LTU,2015,0,0.356954383456659,1.6458268065673445,100.0,24.60083292999202,0.1037580094337085,0.6848862892221538,0.0624235150052519,14.89298568924692
LTU-2016,Lithuania,LTU,2016,0,0.356954383456659,1.732962558564852,100.0,24.449945640643065,-0.8840974055005959,1.6458268065673445,0.028369813462494,14.884045009715644
LTU-2017,Lithuania,LTU,2017,0,0.356954383456659,1.7855104639123447,100.0,24.483785471072657,0.905525075460342,1.732962558564852,0.0181352318557627,14.872371948592589
LTU-2018,Lithuania,LTU,2018,0,0.356954383456659,1.6077060869955468,100.0,24.58938655895888,3.722888623037074,1.7855104639123447,0.0227232483962868,14.860243755812611
LTU-2019,Lithuania,LTU,2019,0,0.356954383456659,2.528959258570808,100.0,24.717086227845503,2.697927792083936,1.6077060869955468,0.0267898297704848,14.85196406943449
LTU-2020,Lithuania,LTU,2020,0,0.356954383456659,2.769433469786563,100.0,24.732815948921584,2.334509379880265,2.528959258570808,0.0168744393867326,14.849082866451909
LTU-2021,Lithuania,LTU,2021,0,0.356954383456659,2.0293086825136983,100.0,24.77351984884378,1.199894449835687,2.769433469786563,0.00844361118604,14.848826705239718
LTU-2022,Lithuania,LTU,2022,0,0.356954383456659,1.9448780637402932,100.0,24.929034977013,4.683544209034531,2.0293086825136983,0.015948543146471,14.848118718684312
LUX-2003,Luxembourg,LUX,2003,2,0.0,3.3660102745853613,100.0,23.88662186465382,2.074086135716425,3.581048725051355,0.0,13.008468771994748
LUX-2004,Luxembourg,LUX,2004,2,0.0,3.3869983299973696,100.0,24.113310195865424,2.049840305635157,3.3660102745853613,0.0,13.02062075372012
LUX-2005,Luxembourg,LUX,2005,2,0.0,3.206774278077233,100.0,24.28046486416704,2.225679164288937,3.3869983299973696,0.0,13.034834048118746
LUX-2006,Luxembourg,LUX,2006,2,0.0,5.011826156754253,100.0,24.35219121126085,2.487696651640809,3.206774278077233,0.0,13.05013456160675
LUX-2007,Luxembourg,LUX,2007,2,0.0,-4.745569475463215,100.0,24.48237432090398,2.666314945770769,5.011826156754253,0.0,13.06608504676576
LUX-2008,Luxembourg,LUX,2008,2,0.0,3.1876295451879395,100.0,24.66654332103297,2.312458617861261,-4.745569475463215,0.0,13.081528882805948
LUX-2009,Luxembourg,LUX,2009,2,0.0,4.60605950771664,100.0,24.798160430623863,3.401879630255698,3.1876295451879395,0.0,13.099403812219403
LUX-2010,Luxembourg,LUX,2010,2,0.0,4.936055211425291,100.0,24.72086617308473,0.3680419978888667,4.60605950771664,0.0,13.117921526976824
LUX-2011,Luxembourg,LUX,2011,2,0.0,3.3569522680966624,100.0,24.75243142388915,2.273679116215423,4.936055211425291,0.0,13.136175548674087
LUX-2012,Luxembourg,LUX,2012,2,0.0,2.256922219183213,100.0,24.8454894958185,3.4106834106835,3.3569522680966624,0.0,13.158402110346978
LUX-2013,Luxembourg,LUX,2013,2,0.0,4.269414849064301,100.0,24.813876495624957,2.662841655080113,2.256922219183213,0.0,13.182417483566477
LUX-2014,Luxembourg,LUX,2014,2,0.0,4.066081045261108,100.0,24.900775557192723,1.734039635191622,4.269414849064301,0.0,13.205529203063842
LUX-2015,Luxembourg,LUX,2015,2,0.0,5.019044231954219,100.0,24.954539558443777,0.6285439854407165,4.066081045261108,0.0,13.229098947241688
LUX-2016,Luxembourg,LUX,2016,2,0.0,4.034820950074405,100.0,24.81880275831136,0.4747431614378708,5.019044231954219,0.0,13.252698417131263
LUX-2017,Luxembourg,LUX,2017,2,0.0,-4.422616505128334,100.0,24.853892269897628,0.2908333333332254,4.034820950074405,0.0,13.274251499577328
LUX-2018,Luxembourg,LUX,2018,2,0.0,-5.457336859984217,100.0,24.90855013861728,1.730799591188963,-4.422616505128334,0.0,13.29856122249026
LUX-2019,Luxembourg,LUX,2019,2,0.0,6.149799393640613,100.0,24.987150952130367,1.528195243073704,-5.457336859984217,0.0,13.317849565595322
LUX-2020,Luxembourg,LUX,2020,2,0.0,-2.221894856553591,100.0,24.969931336246265,1.743320756538483,6.149799393640613,0.0,13.337477982822524
LUX-2021,Luxembourg,LUX,2021,2,0.0,4.050999059977595,100.0,25.02287211386537,0.8199573021270355,-2.221894856553591,0.0,13.354141542910876
LUX-2022,Luxembourg,LUX,2022,2,0.0,-6.663275105997959,100.0,25.182100256755973,2.52692009066166,4.050999059977595,0.0,13.369325012678733
LVA-1996,Latvia,LVA,1996,4,0.137675372248078,2.443549488696998,100.0,22.44749721600353,24.97593553167493,2.176607613903465,0.0,14.725806154875558
LVA-1997,Latvia,LVA,1997,4,0.137675372248078,2.708592399578586,100.0,22.48103155876828,17.61046984310327,2.443549488696998,0.0,14.71454240847554
LVA-1998,Latvia,LVA,1998,4,0.137675372248078,2.3743375019410986,100.0,22.571638915413644,8.447383420929608,2.708592399578586,0.0,14.704574789664706
LVA-1999,Latvia,LVA,1999,4,0.137675372248078,2.262757125323363,100.0,22.665470981264427,4.644214226607828,2.3743375019410986,0.0,14.69514560418759
LVA-2000,Latvia,LVA,2000,4,0.137675372248078,2.1367627941007874,100.0,22.71444880021457,2.364818361118051,2.262757125323363,0.0,14.687005995540057
LVA-2001,Latvia,LVA,2001,4,0.137675372248078,1.4952869335074428,99.9,22.77240957669541,2.654254777960478,2.1367627941007874,0.0,14.677366645521015
LVA-2002,Latvia,LVA,2002,4,0.137675372248078,1.3163782268012028,99.9,22.82628824426545,2.487040035554637,1.4952869335074428,0.0,14.664451781575854
LVA-2003,Latvia,LVA,2003,4,0.137675372248078,1.7586312902617154,99.8,22.947784544274096,1.938875738558863,1.3163782268012028,0.0,14.65283340433654
LVA-2004,Latvia,LVA,2004,4,0.137675372248078,2.160133104465658,99.8,23.143130525188663,2.94264752948478,1.7586312902617154,0.0,14.64316940052768
LVA-2005,Latvia,LVA,2005,4,0.137675372248078,2.3058137904319143,99.7,23.349894129349423,6.192385471974291,2.160133104465658,0.0103677175607095,14.632256275767878
LVA-2006,Latvia,LVA,2006,4,0.137675372248078,2.818597724668253,99.7,23.51485636998389,6.748450278931244,2.3058137904319143,0.0195425675565115,14.62145056599934
LVA-2007,Latvia,LVA,2007,4,0.137675372248078,2.9177589958744976,99.6,23.74051114912565,6.536199087658719,2.818597724668253,0.0177881524248426,14.612277840540472
LVA-2008,Latvia,LVA,2008,4,0.137675372248078,2.142515774092067,99.7,24.104957521680305,10.09297758491685,2.9177589958744976,0.0227668765867207,14.604116089168883
LVA-2009,Latvia,LVA,2009,4,0.137675372248078,-0.5550015936244059,99.7,24.253594976037395,15.40231910649862,2.142515774092067,0.0525767547664309,14.593606698526616
LVA-2010,Latvia,LVA,2010,4,0.137675372248078,1.4542884944190595,100.0,23.96942721978677,3.534106728589345,-0.5550015936244059,0.0511686185788562,14.57709645649647
LVA-2011,Latvia,LVA,2011,4,0.137675372248078,2.44428036102827,99.8,23.8789174583786,-1.084635950151549,1.4542884944190595,0.0638161948318141,14.556283415417637
LVA-2012,Latvia,LVA,2012,4,0.137675372248078,2.091247916464552,99.8,24.00325737815191,4.370735599392231,2.44428036102827,0.0951786230834513,14.538075754156765
LVA-2013,Latvia,LVA,2013,4,0.137675372248078,1.9360497963660608,100.0,24.02339532643303,2.257789243745852,2.091247916464552,0.137675372248078,14.525672168683348
LVA-2014,Latvia,LVA,2014,4,0.137675372248078,1.952392621048492,100.0,24.0957937545855,-0.0294547782578279,1.9360497963660608,0.0896165354483561,14.514961825943566
LVA-2015,Latvia,LVA,2015,4,0.137675372248078,1.845121898885409,100.0,24.133660915426084,0.6204906367324212,1.952392621048492,0.0891082785579314,14.505544397102453
LVA-2016,Latvia,LVA,2016,4,0.137675372248078,1.0394053214993724,100.0,23.994527862122688,0.1742422436251855,1.845121898885409,0.0345824404298269,14.49735813781574
LVA-2017,Latvia,LVA,2017,4,0.137675372248078,2.1064808813164224,100.0,24.023430548764384,0.1406333345053265,1.0394053214993724,0.0190916739437906,14.488219289136008
LVA-2018,Latvia,LVA,2018,4,0.137675372248078,1.0910508945112276,100.0,24.10395637553713,2.930363123746655,2.1064808813164224,0.036360085832959,14.479357137945756
LVA-2019,Latvia,LVA,2019,4,0.137675372248078,1.9296649322152344,100.0,24.22725851124409,2.534454241865981,1.0910508945112276,0.0795369079908762,14.47156575801103
LVA-2020,Latvia,LVA,2020,4,0.137675372248078,1.7579725968711617,100.0,24.2227841328681,2.81140920075624,1.9296649322152344,0.0593681954347841,14.464613370229792
LVA-2021,Latvia,LVA,2021,4,0.137675372248078,2.976025140970916,100.0,24.231220581289627,0.2190649048419849,1.7579725968711617,0.0314235592999339,14.457601258199269
LVA-2022,Latvia,LVA,2022,4,0.137675372248078,1.8808709466462632,100.0,24.365664785705075,3.275829374311651,2.976025140970916,0.0653994018600052,14.449168315875324
MAC-1991,"Macao SAR, China",MAC,1991,2,0.0,0.2809963820703857,99.8492813110352,21.90083754959239,7.969693843632214,0.0147847000790395,0.0,12.721739531452185
MAC-1992,"Macao SAR, China",MAC,1992,2,0.0,-0.3870587546629475,99.8805847167969,22.049080020591447,9.568877659348404,0.2809963820703857,0.0,12.77039448546879
MAC-1993,"Macao SAR, China",MAC,1993,2,0.0,-0.0634986234401892,99.9114303588867,22.315428424533543,7.713921683566107,-0.3870587546629475,0.0,12.82369045961856
MAC-1994,"Macao SAR, China",MAC,1994,2,0.0,0.0551120971810124,99.9416198730469,22.457679718783908,6.705885527700429,-0.0634986234401892,0.0,12.85840043573314
MAC-1995,"Macao SAR, China",MAC,1995,2,0.0,0.0310758110496985,100.0,22.565592902619983,6.252068902102717,0.0551120971810124,0.0,12.89119017455097
MAC-1996,"Macao SAR, China",MAC,1996,2,0.0,0.0826714180432822,100.0,22.675746884275032,8.558666043084472,0.0310758110496985,0.0,12.92220610567321
MAC-1997,"Macao SAR, China",MAC,1997,2,0.0,0.03177968608434,100.0,22.694132389774072,4.822486767834873,0.0826714180432822,0.0,12.936277143096287
MAC-1998,"Macao SAR, China",MAC,1998,2,0.0,-0.2602595694913122,100.0,22.706687945245097,3.49093715138855,0.03177968608434,0.0,12.941563062934309
MAC-1999,"Macao SAR, China",MAC,1999,2,0.0,0.1433871179582291,100.0,22.639734649508934,0.172630384568516,-0.2602595694913122,0.0,12.953473608904076
MAC-2000,"Macao SAR, China",MAC,2000,2,0.0,-0.0116620694190999,100.0,22.60229872152378,-3.20416248186587,0.1433871179582291,0.0,12.965477961593038
MAC-2001,"Macao SAR, China",MAC,2001,2,0.0,1.583098205080431,100.0,22.63634937698145,-1.609718839618973,-0.0116620694190999,0.0,12.972937186250622
MAC-2002,"Macao SAR, China",MAC,2002,2,0.0,2.377807300334577,100.0,22.64901301688182,-1.984650086416459,1.583098205080431,0.0,12.980571676462285
MAC-2003,"Macao SAR, China",MAC,2003,2,0.0,2.5141041924633503,100.0,22.72091320136497,-2.637516998161977,2.377807300334577,0.0,12.99088929563524
MAC-2004,"Macao SAR, China",MAC,2004,2,0.0,2.6786922129532567,100.0,22.833052227063984,-1.562452036713048,2.5141041924633503,0.0,13.002680788738946
MAC-2005,"Macao SAR, China",MAC,2005,2,0.0,3.375145838414912,100.0,23.088192059284825,0.9807284520394508,2.6786922129532567,0.0,13.027395339062938
MAC-2006,"Macao SAR, China",MAC,2006,2,0.0,3.6698554273100754,100.0,23.22142232888297,4.395892843356742,3.375145838414912,0.0,13.06790930353846
MAC-2007,"Macao SAR, China",MAC,2007,2,0.0,4.054538622343001,100.0,23.42288719446893,5.14997337750692,3.6698554273100754,0.0,13.120162958256822
MAC-2008,"Macao SAR, China",MAC,2008,2,0.0,3.63514299014034,100.0,23.637787057970705,5.571496891439518,4.054538622343001,0.0,13.163315283485712
MAC-2009,"Macao SAR, China",MAC,2009,2,0.0,-1.403221849914305,100.0,23.769074035043023,8.611018586369998,3.63514299014034,0.0,13.200621724822795
MAC-2010,"Macao SAR, China",MAC,2010,2,0.0,3.247973622083621,100.0,23.79547479137672,1.169066954537667,-1.403221849914305,0.0,13.190023895035274
MAC-2011,"Macao SAR, China",MAC,2011,2,0.0,2.2644341837231687,100.0,24.06415300192053,2.809472420608431,3.247973622083621,0.0,13.19375523568666
MAC-2012,"Macao SAR, China",MAC,2012,2,0.0,2.8076496205752357,100.0,24.330091114434737,5.806246166910432,2.2644341837231687,0.0,13.216947839393717
MAC-2013,"Macao SAR, China",MAC,2013,2,0.0,2.688504458954695,100.0,24.48895240777401,6.107389283365494,2.8076496205752357,0.0,13.249702386737368
MAC-2014,"Macao SAR, China",MAC,2014,2,0.0,2.1903581544680453,100.0,24.66599505116591,5.500577791784842,2.688504458954695,0.0,13.291094670151963
MAC-2015,"Macao SAR, China",MAC,2015,2,0.0,0.9385770825451863,100.0,24.7293346106255,6.048234520940761,2.1903581544680453,0.0,13.340214548748978
MAC-2016,"Macao SAR, China",MAC,2016,2,0.0,2.126888507471748,100.0,24.52860775189937,4.560563380281725,0.9385770825451863,0.0,13.373746025580427
MAC-2017,"Macao SAR, China",MAC,2017,2,0.0,1.9327635330582056,100.0,24.529147317914425,2.368957497058981,2.126888507471748,0.0,13.38856795074486
MAC-2018,"Macao SAR, China",MAC,2018,2,0.0,1.8575652766523416,100.0,24.64121183420885,1.228124040528088,1.9327635330582056,0.0,13.382264611100334
MAC-2019,"Macao SAR, China",MAC,2019,2,0.0,3.160913813840576,100.0,24.73198574451385,3.004462931669528,1.8575652766523416,0.0,13.398328574581743
MAC-2020,"Macao SAR, China",MAC,2020,2,0.0,-3.895412839430573,100.0,24.73105659051496,2.751930810519751,3.160913813840576,0.0,13.418015107599418
MAC-2021,"Macao SAR, China",MAC,2021,2,0.0,3.6047588600085696,100.0,23.953281944541995,0.8114105114915123,-3.895412839430573,0.0,13.437759347423624
MAC-2022,"Macao SAR, China",MAC,2022,2,0.0,3.2883630766813687,100.0,24.14537443479959,0.0264543647055503,3.6047588600085696,0.0,13.433519271241645
MAR-1993,Morocco,MAR,1993,2,0.0086331793463765,1.2235619328087952,49.2,24.24109209015609,5.7402466286874,1.0495966580563258,0.0035802606735623,17.042849231695012
MAR-1994,Morocco,MAR,1994,2,0.0086331793463765,1.220750226571981,56.7726516723633,24.17817691418025,5.183113960308015,1.2235619328087952,0.0032934305261153,17.05867255186024
MAR-1995,Morocco,MAR,1995,2,0.0086331793463765,0.7771039527998158,58.6088981628418,24.295727687814875,5.141671529533615,1.220750226571981,0.0021216430136692,17.073638749330936
MAR-1996,Morocco,MAR,1996,2,0.0086331793463765,0.754412114873801,56.5,24.38760373221375,6.123581647755232,0.7771039527998158,0.0013097799250287,17.088852976974366
MAR-1997,Morocco,MAR,1997,2,0.0086331793463765,1.738697812159967,62.2745933532715,24.48821638836565,2.986809227730167,0.754412114873801,0.0014831045779326,17.104214937039334
MAR-1998,Morocco,MAR,1998,2,0.0086331793463765,0.6228676936392031,64.1026840209961,24.390611201088078,1.038198950516136,1.738697812159967,0.0035620276937522,17.11921777872236
MAR-1999,Morocco,MAR,1999,2,0.0086331793463765,1.344313541282194,65.9266891479492,24.5626667229698,2.753113307644771,0.6228676936392031,0.002083701780773,17.134110407276946
MAR-2000,Morocco,MAR,2000,2,0.0086331793463765,0.8754085174382393,67.7458572387695,24.557682451866807,0.6847826086956428,1.344313541282194,0.0029532185556764,17.148685311586757
MAR-2001,Morocco,MAR,2001,2,0.0086331793463765,2.5622832682671,69.8,24.48487180986982,1.894634567634643,0.8754085174382393,0.0063127252230029,17.16272457409942
MAR-2002,Morocco,MAR,2002,2,0.0086331793463765,0.8956955572320738,71.6,24.50361812239357,0.6198018752979751,2.5622832682671,0.0038967899367192,17.1763942881002
MAR-2003,Morocco,MAR,2003,2,0.0086331793463765,2.0912189346433485,73.3,24.57505447840626,2.795619669369363,0.8956955572320738,0.0048209432798179,17.189615669325796
MAR-2004,Morocco,MAR,2004,2,0.0086331793463765,1.1092784653684555,75.1,24.7842149841302,1.167733674775924,2.0912189346433485,0.0035183313822751,17.202318777053467
MAR-2005,Morocco,MAR,2005,2,0.0086331793463765,1.619527173424092,78.2,24.914648561695937,1.493444033817744,1.1092784653684555,0.0044767617318117,17.21514067878118
MAR-2006,Morocco,MAR,2006,2,0.0086331793463765,1.892562879119072,78.6,24.955234668052213,0.9826416600159504,1.619527173424092,0.0040207024300055,17.228575408493263
MAR-2007,Morocco,MAR,2007,2,0.0086331793463765,1.89467017185536,96.5,25.05246936690433,3.284761669548109,1.892562879119072,0.0062368292429596,17.242089063106253
MAR-2008,Morocco,MAR,2008,2,0.0086331793463765,1.6179181151793758,82.2,25.18857507846767,2.042085126733442,1.89467017185536,0.0064888645629307,17.255494872813347
MAR-2009,Morocco,MAR,2009,2,0.0086331793463765,1.4200567404395654,84.1,25.34650093490565,3.714843114940642,1.6179181151793758,0.0061644205483407,17.268881832839664
MAR-2010,Morocco,MAR,2010,2,0.0086331793463765,1.0350268303653796,85.9,25.339919358747565,0.9718629986676364,1.4200567404395654,0.0032583737265042,17.2822078422387
MAR-2011,Morocco,MAR,2011,2,0.0086331793463765,1.5664714107247073,95.7,25.337052092516657,0.9935574012263922,1.0350268303653796,0.0054687744644496,17.29573527044085
MAR-2012,Morocco,MAR,2012,2,0.0086331793463765,1.7042186295664852,96.1,25.424478946338247,0.9069249096918,1.5664714107247073,0.0072686592110911,17.30936578692281
MAR-2013,Morocco,MAR,2013,2,0.0086331793463765,1.787598635706119,96.4,25.395509381581405,1.287122400792192,1.7042186295664852,0.0052845250346448,17.3227254993835
MAR-2014,Morocco,MAR,2014,2,0.0086331793463765,1.8054821932911995,97.2,25.47460597535827,1.880654667240859,1.787598635706119,0.0053581787411086,17.335603600530163
MAR-2015,Morocco,MAR,2015,2,0.0086331793463765,1.8012661208278524,97.3,25.503488233711533,0.4423100535570479,1.8054821932911995,0.0027200756134493,17.347875987584015
MAR-2016,Morocco,MAR,2016,2,0.0086331793463765,1.4118874727706514,97.3,25.42750117891605,1.557907113462602,1.8012661208278524,0.0014273089885363,17.359583551237606
MAR-2017,Morocco,MAR,2017,2,0.0086331793463765,1.5545848169421157,97.8,25.437944447166245,1.635311143270643,1.4118874727706514,0.0011328109364847,17.371528623522256
MAR-2018,Morocco,MAR,2018,2,0.0086331793463765,1.7476240147762363,100.0,25.498521130217338,0.7546632493236185,1.5545848169421157,0.0013107837217798,17.383532056823462
MAR-2019,Morocco,MAR,2019,2,0.0086331793463765,1.099490717304862,98.1,25.570135523453363,1.803916711418959,1.7476240147762363,0.0017548694429699,17.394568477521982
MAR-2020,Morocco,MAR,2020,2,0.0086331793463765,0.9960228090764244,99.6,25.5824599603704,0.3033860365903833,1.099490717304862,0.0013723705365759,17.404870708829375
MAR-2021,Morocco,MAR,2021,2,0.0086331793463765,1.245917657601785,100.0,25.521974806229863,0.7059686613382608,0.9960228090764244,0.0008395727088705,17.415127257183656
MAR-2022,Morocco,MAR,2022,2,0.0086331793463765,1.3249761857151972,100.0,25.679248223668203,1.401958839620059,1.245917657601785,0.0010111851115324,17.4251964417022
MDA-1996,Moldova,MDA,1996,1,0.104253032464958,1.1382662532276278,100.0,21.284594084335293,29.8656104095718,2.049316852825361,0.0198602406699322,14.89840022478283
MDA-1997,Moldova,MDA,1997,1,0.104253032464958,2.113844788563338,100.0,21.25102065477593,23.50567729633679,1.1382662532276278,0.027368035018493,14.896398019214196
MDA-1998,Moldova,MDA,1998,1,0.104253032464958,2.197372451746678,100.0,21.38082789588618,11.77283244944668,2.113844788563338,0.0178195291815185,14.892699666950213
MDA-1999,Moldova,MDA,1999,1,0.104253032464958,1.890129712610636,100.0,21.25313939486139,7.695765175172045,2.197372451746678,0.0059528029594244,14.892295691361738
MDA-2000,Moldova,MDA,2000,1,0.104253032464958,2.988109809127438,100.0,20.88093855713664,39.25598068917469,1.890129712610636,0.0245114225787651,14.890725586377473
MDA-2001,Moldova,MDA,2001,1,0.104253032464958,2.6421402850661684,98.7,20.9766897885727,31.29930158177841,2.988109809127438,0.0462293945531825,14.888691869851584
MDA-2002,Moldova,MDA,2002,1,0.104253032464958,2.323694509224331,98.8,21.115762952975984,9.764662857576226,2.6421402850661684,0.027932952617252,14.886455614244031
MDA-2003,Moldova,MDA,2003,1,0.104253032464958,2.0252549347368043,99.0,21.231178122715,5.301243902616014,2.323694509224331,0.0246158649690204,14.884139814418027
MDA-2004,Moldova,MDA,2004,1,0.104253032464958,2.460390338723608,98.8,21.40682087755814,11.74607920582318,2.0252549347368043,0.0230683030184434,14.881323790433433
MDA-2005,Moldova,MDA,2005,1,0.104253032464958,2.5526278317938145,99.1,21.678103807894868,12.5242768428228,2.460390338723608,0.0224885889043192,14.878849319746225
MDA-2006,Moldova,MDA,2006,1,0.104253032464958,2.7242652078724707,98.6,21.817984859356244,11.9591837222127,2.5526278317938145,0.0375729585706165,14.876416133469167
MDA-2007,Moldova,MDA,2007,1,0.104253032464958,3.194543631680643,98.9,21.94946639954538,12.77775578303503,2.7242652078724707,0.0298150598802193,14.873636906750551
MDA-2008,Moldova,MDA,2008,1,0.104253032464958,3.179828078848868,99.0,22.205136967999973,12.36716684143018,3.194543631680643,0.0519331771812052,14.871319724307074
MDA-2009,Moldova,MDA,2009,1,0.104253032464958,2.2831356784563197,99.1,22.524121187806383,12.78304726188209,3.179828078848868,0.104253032464958,14.869416233408062
MDA-2010,Moldova,MDA,2010,1,0.104253032464958,2.155639942141876,99.2,22.416940898433733,-0.0627185967109006,2.2831356784563197,0.0709039203172028,14.868153599931352
MDA-2011,Moldova,MDA,2011,1,0.104253032464958,2.194373910629132,99.3,22.665595637138324,7.483850863508532,2.155639942141876,0.0410121464400827,14.867155270539788
MDA-2012,Moldova,MDA,2012,1,0.104253032464958,1.7812184315369626,99.4,22.853204658831014,7.687251033561811,2.194373910629132,0.0658151040070292,14.866576908093112
MDA-2013,Moldova,MDA,2013,1,0.104253032464958,1.6645410474681386,99.5,22.88763872921549,4.546334273553021,1.7812184315369626,0.0520121651564088,14.86644581270355
MDA-2014,Moldova,MDA,2014,1,0.104253032464958,2.0137589472525703,99.6,22.97421208917645,4.597878973631359,1.6645410474681386,0.0398922117138423,14.866177975102444
MDA-2015,Moldova,MDA,2015,1,0.104253032464958,1.7852428511044538,99.8,22.964197856690472,5.088785546258694,2.0137589472525703,0.0299660461211061,14.86556825471363
MDA-2016,Moldova,MDA,2016,1,0.104253032464958,0.947392985273345,99.9,22.777090448695457,9.67624033101859,1.7852428511044538,0.0136446165022722,14.857897761811254
MDA-2017,Moldova,MDA,2017,1,0.104253032464958,1.2337873879208865,99.9,22.80031916370672,6.359308980379314,0.947392985273345,0.0086219649039266,14.846267542156378
MDA-2018,Moldova,MDA,2018,1,0.104253032464958,1.7368856820162597,100.0,22.97607269960137,6.570229974556044,1.2337873879208865,0.0092364999527787,14.82899696370838
MDA-2019,Moldova,MDA,2019,1,0.104253032464958,2.1967280358911148,100.0,23.143843136775004,3.045053973370577,1.7368856820162597,0.0127635798638785,14.81142692593432
MDA-2020,Moldova,MDA,2020,1,0.104253032464958,1.1088559416294328,100.0,23.18599479092884,4.837783514287286,2.1967280358911148,0.0102511321031361,14.795423766535375
MDA-2021,Moldova,MDA,2021,1,0.104253032464958,1.759957075278951,100.0,23.168282890334197,3.765971222453577,1.1088559416294328,0.0061908936452655,14.78444345409185
MDA-2022,Moldova,MDA,2022,1,0.104253032464958,2.103038386421182,100.0,23.3400680092982,5.106411290028356,1.759957075278951,0.0117069637364196,14.769409164605293
MDG-1993,Madagascar,MDG,1993,4,0.0862831212415832,0.3694804554784451,9.2,22.03563554585217,14.51237860757715,0.5419256474238067,0.0,16.365023773449764
MDG-1994,Madagascar,MDG,1994,4,0.0862831212415832,0.1619187109036483,10.1056232452393,22.125261022569124,10.00836120401402,0.3694804554784451,0.0,16.395526306735146
MDG-1995,Madagascar,MDG,1995,4,0.0862831212415832,0.2503701168472325,10.5616483688354,21.98235932342797,38.94179089892395,0.1619187109036483,0.0,16.426598288314306
MDG-1996,Madagascar,MDG,1996,4,0.0862831212415832,0.204615013444834,11.0156345367432,22.06824352515811,49.0802100590784,0.2503701168472325,0.0,16.458223768125617
MDG-1997,Madagascar,MDG,1997,4,0.0862831212415832,0.3228967403436171,11.4669008255005,22.318982246609817,19.7563545439776,0.204615013444834,0.0,16.490397693263663
MDG-1998,Madagascar,MDG,1998,4,0.0862831212415832,0.369447037446915,10.9,22.17323086321406,4.486382617373988,0.3228967403436171,0.0,16.52294823818053
MDG-1999,Madagascar,MDG,1999,4,0.0862831212415832,1.1173570241173574,12.3585548400879,22.20531746739693,6.208016086633199,0.369447037446915,0.0,16.555664217362967
MDG-2000,Madagascar,MDG,2000,4,0.0862831212415832,1.3465118362169468,12.7975006103516,22.17672895583693,9.929533993487809,1.1173570241173574,0.0,16.588130967202016
MDG-2001,Madagascar,MDG,2001,4,0.0862831212415832,1.3064710579672836,12.6,22.25566010107908,11.85968450002796,1.3465118362169468,0.0,16.61986069132845
MDG-2002,Madagascar,MDG,2002,4,0.0862831212415832,0.2706488311910029,14.8,22.416738344013066,7.916944845295859,1.3064710579672836,0.0,16.650659674262684
MDG-2003,Madagascar,MDG,2003,4,0.0862831212415832,0.2006761078046706,14.0,22.400680415395048,16.49852553158463,0.2706488311910029,0.0,16.68055960757924
MDG-2004,Madagascar,MDG,2004,4,0.0862831212415832,0.9126237033009512,20.3,22.57525752013306,-1.704004796162977,0.2006761078046706,0.0,16.70986631363608
MDG-2005,Madagascar,MDG,2005,4,0.0862831212415832,1.171242265644081,15.3,22.3455671849603,13.95580180332114,0.9126237033009512,0.0,16.739027398151958
MDG-2006,Madagascar,MDG,2006,4,0.0862831212415832,2.2324044661758147,16.0,22.49129081734584,18.36382464689321,1.171242265644081,0.0,16.76832009030735
MDG-2007,Madagascar,MDG,2007,4,0.0862831212415832,2.921766474580368,16.8,22.578893679679364,10.76563715548655,2.2324044661758147,0.0,16.797696999591036
MDG-2008,Madagascar,MDG,2008,4,0.0862831212415832,3.0541438415200237,17.5,22.866224388813663,10.28796631876714,2.921766474580368,0.0,16.82704649320707
MDG-2009,Madagascar,MDG,2009,4,0.0862831212415832,3.2933973400534007,18.3,23.095856143137706,9.29650839381057,3.0541438415200237,0.0,16.85639978451431
MDG-2010,Madagascar,MDG,2010,4,0.0862831212415832,2.90864229811908,17.4,22.98678566339027,8.954218023929492,3.2933973400534007,0.0,16.885760194859976
MDG-2011,Madagascar,MDG,2011,4,0.0862831212415832,2.6525414505652147,12.3,23.02412056763375,9.247321736441162,2.90864229811908,0.0,16.914852159742033
MDG-2012,Madagascar,MDG,2012,4,0.0862831212415832,2.6493124564926647,14.3,23.17010880426531,9.482540485829922,2.6525414505652147,0.0,16.94324872991792
MDG-2013,Madagascar,MDG,2013,4,0.0862831212415832,2.221133864529515,18.7,23.17245679592952,5.713844341910533,2.6493124564926647,0.0,16.970911359980075
MDG-2014,Madagascar,MDG,2014,4,0.0862831212415832,1.8113107947389828,12.9,23.24286014111476,5.826429444519803,2.221133864529515,0.0,16.998107842839854
MDG-2015,Madagascar,MDG,2015,4,0.0862831212415832,1.785452244100695,23.0,23.25082938879994,6.080408110883021,1.8113107947389828,0.0862831212415832,17.024915636560234
MDG-2016,Madagascar,MDG,2016,4,0.0862831212415832,2.223268125611248,23.8,23.150103720617334,7.404191742021292,1.785452244100695,0.065733337532039,17.05131047897335
MDG-2017,Madagascar,MDG,2017,4,0.0862831212415832,1.9733765811431216,22.9,23.195476723798823,6.035758581546788,2.223268125611248,0.058311086080069,17.07744407152502
MDG-2018,Madagascar,MDG,2018,4,0.0862831212415832,2.197988972372105,24.1,23.301686629974995,8.609050754229495,1.9733765811431216,0.0955254362506415,17.103478620049156
MDG-2019,Madagascar,MDG,2019,4,0.0862831212415832,1.9273290162276369,36.5,23.34503408829261,8.594229588704756,2.197988972372105,0.129091659780245,17.12951207289234
MDG-2020,Madagascar,MDG,2020,4,0.0862831212415832,1.735105214469285,31.0,23.36977140795269,5.610514414923647,1.9273290162276369,0.0932709055863001,17.155525735306426
MDG-2021,Madagascar,MDG,2021,4,0.0862831212415832,1.6437803752110387,32.0,23.292164401786188,4.201793121905574,1.735105214469285,0.0494868182948729,17.181203621447835
MDG-2022,Madagascar,MDG,2022,4,0.0862831212415832,1.8339620967124008,35.1,23.387345478476483,5.81225118787715,1.6437803752110387,0.0838298700394072,17.20635735668308
MDV-2001,Maldives,MDV,2001,2,0.0,1.5943154931603472,83.8,20.25220107895805,-1.174756811759459,1.9857948233726552,0.0,12.54973326939122
MDV-2002,Maldives,MDV,2002,2,0.0,1.7381898812163472,87.5,20.58404018021301,0.6725773700624702,1.5943154931603472,0.0,12.56642880547138
MDV-2003,Maldives,MDV,2003,2,0.0,1.824763456980181,88.3,20.614601258881077,4.178672399047897,1.7381898812163472,0.0,12.583196576457098
MDV-2004,Maldives,MDV,2004,2,0.0,2.1683353565192154,89.1,20.774074016587956,-1.260651134503543,1.824763456980181,0.0,12.59977551560566
MDV-2005,Maldives,MDV,2005,2,0.0,2.221209224233499,90.0,20.92769908797401,-1.685412124594662,2.1683353565192154,0.0,12.616240013996231
MDV-2006,Maldives,MDV,2006,2,0.0,2.107243180617576,90.9,20.87458030294758,1.300275009309971,2.221209224233499,0.0,12.632744623282736
MDV-2007,Maldives,MDV,2007,2,0.0,2.656497730034003,91.7,21.177648333908383,2.738421316020986,2.107243180617576,0.0,12.6566768161963
MDV-2008,Maldives,MDV,2008,2,0.0,2.773868462875688,92.6,21.348339435095923,6.79477353930168,2.656497730034003,0.0,12.6899791799449
MDV-2009,Maldives,MDV,2009,2,0.0,2.605981365437746,93.6,21.54377059878602,12.04145835051081,2.773868462875688,0.0,12.725375238056548
MDV-2010,Maldives,MDV,2010,2,0.0,2.820610628158148,99.9,21.5756769776343,4.530176591328005,2.605981365437746,0.0,12.76075054786454
MDV-2011,Maldives,MDV,2011,2,0.0,3.419842446994967,99.0,21.674219238971247,6.149885367501734,2.820610628158148,0.0,12.79605966565202
MDV-2012,Maldives,MDV,2012,2,0.0,2.763860921768949,99.1,21.743682409358367,11.2734146055937,3.419842446994967,0.0,12.831141714654017
MDV-2013,Maldives,MDV,2013,2,0.0,3.0886005701982064,99.2,21.78319412111855,10.88469565856303,2.763860921768949,0.0,12.86571216234764
MDV-2014,Maldives,MDV,2014,2,0.0,2.8952745388679038,99.4,21.915674808690905,3.805630009194298,3.0886005701982064,0.0,12.899397310338856
MDV-2015,Maldives,MDV,2015,2,0.0,2.6741846349406155,100.0,22.03088300603938,2.120001757181345,2.8952745388679038,0.0,12.932698121538852
MDV-2016,Maldives,MDV,2016,2,0.0,3.0329171965331,99.8,22.141423459537062,0.9532066587776068,2.6741846349406155,0.0,12.96724055853633
MDV-2017,Maldives,MDV,2017,2,0.0,2.947736112142484,100.0,22.207127516083656,0.5025094136116122,3.0329171965331,0.0,13.002022322805423
MDV-2018,Maldives,MDV,2018,2,0.0,3.061068936879734,99.8,22.29529804965944,2.817473382345089,2.947736112142484,0.0,13.035253086431965
MDV-2019,Maldives,MDV,2019,2,0.0,3.514428160642405,100.0,22.410468941859317,-0.1333733861175947,3.061068936879734,0.0,13.06706206161924
MDV-2020,Maldives,MDV,2020,2,0.0,3.168988793336116,100.0,22.468299599611218,0.2200297310653834,3.514428160642405,0.0,13.097521353652663
MDV-2021,Maldives,MDV,2021,2,0.0,3.199412360177223,100.0,22.03499951155161,-1.369774255698108,3.168988793336116,0.0,13.126592422374358
MDV-2022,Maldives,MDV,2022,2,0.0,3.166869343921816,100.0,22.381961874620448,0.5431496887370127,3.199412360177223,0.0,13.154162386953278
MEX-1993,Mexico,MEX,1993,3,6.8456871360715,0.7542773571252557,93.145981,26.61810337815805,15.50789625335729,1.0221470347565416,3.04098381617295,18.27037876503181
MEX-1994,Mexico,MEX,1994,3,6.8456871360715,1.4355391430699715,95.4484634399414,26.996446125165104,9.751460453575524,0.7542773571252557,2.11322234509591,18.28890561390975
MEX-1995,Mexico,MEX,1995,3,6.8456871360715,1.649412711824365,95.238294,27.03974120295688,6.965812371911233,1.4355391430699715,1.94028537233214,18.30705512176397
MEX-1996,Mexico,MEX,1996,3,6.8456871360715,1.4984003636622336,95.8944625854492,26.66385139821828,34.99927128895922,1.649412711824365,3.18458587486466,18.32485744852673
MEX-1997,Mexico,MEX,1997,3,6.8456871360715,1.6288814035349235,96.093624,26.792056971854983,34.37838322351676,1.4984003636622336,3.72059342746973,18.34220775279564
MEX-1998,Mexico,MEX,1998,3,6.8456871360715,1.5656308932092593,96.3295822143555,26.9837064547112,20.62562872592471,1.6288814035349235,2.84312857753682,18.35903093180786
MEX-1999,Mexico,MEX,1999,3,6.8456871360715,1.5331657385323827,96.092755,27.04665856678228,15.92839501193533,1.5656308932092593,1.46767139990085,18.375424411438285
MEX-2000,Mexico,MEX,2000,3,6.8456871360715,1.63872704282459,96.7482986450195,27.1709668032042,16.58561697075381,1.5331657385323827,2.1311082380075,18.391413691547697
MEX-2001,Mexico,MEX,2001,3,6.8456871360715,2.0389222409237626,98.0,27.332697731347853,9.491561494354023,1.63872704282459,3.33837327328532,18.406840944212185
MEX-2002,Mexico,MEX,2002,3,6.8456871360715,1.642339053678253,97.1,27.40294616340601,6.36773806235037,2.0389222409237626,2.39265778309786,18.42167125323604
MEX-2003,Mexico,MEX,2003,3,6.8456871360715,1.598568334825099,97.9,27.42112211258483,5.030727331512953,1.642339053678253,2.56123107950286,18.436048305770985
MEX-2004,Mexico,MEX,2004,3,6.8456871360715,1.8397985771204637,97.4,27.363860324753357,4.546900121187184,1.598568334825099,3.17250156374492,18.45003094191328
MEX-2005,Mexico,MEX,2005,3,6.8456871360715,1.7336091064776469,98.6,27.43191048084318,4.688408848431427,1.8397985771204637,3.91311549345697,18.463684024936597
MEX-2006,Mexico,MEX,2006,3,6.8456871360715,1.5167280140451318,98.9,27.54499672818294,3.988057145974374,1.7336091064776469,5.19854636227176,18.477169814387544
MEX-2007,Mexico,MEX,2007,3,6.8456871360715,1.7579229066966846,99.1,27.651083570136407,3.629467624391321,1.5167280140451318,5.53800257872389,18.490707306330087
MEX-2008,Mexico,MEX,2008,3,6.8456871360715,1.670407016776052,97.9,27.72847041970352,3.966849054582353,1.7579229066966846,5.08084054962981,18.50478621204216
MEX-2009,Mexico,MEX,2009,3,6.8456871360715,1.4802001688533928,98.9,27.78077941477495,5.124982745758964,1.670407016776052,6.04436562265737,18.519387775191547
MEX-2010,Mexico,MEX,2010,3,6.8456871360715,1.740451367539948,98.3,27.57279586670024,5.297355842288558,1.4802001688533928,3.43604404491316,18.53400694711343
MEX-2011,Mexico,MEX,2011,3,6.8456871360715,1.4184107583643946,99.2,27.731250303600152,4.156727226801737,1.740451367539948,4.0853189393579,18.548404394243097
MEX-2012,Mexico,MEX,2012,3,6.8456871360715,1.168173388172434,99.0,27.837233096505415,3.407378246057421,1.4184107583643946,5.72990793071681,18.562557882504613
MEX-2013,Mexico,MEX,2013,3,6.8456871360715,2.054326848049963,99.1,27.858244672484503,4.111509810702894,1.168173388172434,5.40265415074589,18.57612951518002
MEX-2014,Mexico,MEX,2014,3,6.8456871360715,1.4806505880937917,99.1,27.91427059677545,3.806390697472044,2.054326848049963,4.59508453903103,18.58910259587221
MEX-2015,Mexico,MEX,2015,3,6.8456871360715,1.8145934223019025,99.2,27.94181483313624,4.018616080786787,1.4806505880937917,3.9014361869158,18.60120286606772
MEX-2016,Mexico,MEX,2016,3,6.8456871360715,1.965082997612117,99.0,27.824360476243395,2.720640649640229,1.8145934223019025,1.54607339138936,18.61189850359447
MEX-2017,Mexico,MEX,2017,3,6.8456871360715,1.7475210755917367,99.5,27.73739126943883,2.821707847476604,1.965082997612117,1.23719531597201,18.621589745562805
MEX-2018,Mexico,MEX,2018,3,6.8456871360715,1.822920585775022,100.0,27.80558052156756,6.041457240189856,1.7475210755917367,1.55624412694841,18.63094213945166
MEX-2019,Mexico,MEX,2019,3,6.8456871360715,1.568887895554977,99.5,27.8591921546104,4.899350153565507,1.822920585775022,2.20735150189898,18.640408162925173
MEX-2020,Mexico,MEX,2020,3,6.8456871360715,1.7579301300665318,99.6,27.89653902090742,3.635961421270462,1.568887895554977,1.58229584530394,18.649909606147578
MEX-2021,Mexico,MEX,2021,3,6.8456871360715,1.7208921171346467,99.4,27.74530003459383,3.396834155700065,1.7579301300665318,0.867384554620089,18.65811414725824
MEX-2022,Mexico,MEX,2022,3,6.8456871360715,1.709518272626387,100.0,27.90605058079143,5.689208476837533,1.7208921171346467,2.06594374719816,18.664788200959087
MKD-1995,North Macedonia,MKD,1995,1,0.0230402748269549,0.2002713909953256,100.0,21.99291644345943,126.583368336245,0.63142838429025,0.0,14.504984500437924
MKD-1996,North Macedonia,MKD,1996,1,0.0230402748269549,0.2392020021140414,100.0,22.27232537694364,16.37358897235686,0.2002713909953256,0.0,14.507924970115011
MKD-1997,North Macedonia,MKD,1997,1,0.0230402748269549,0.3921238998928074,100.0,22.258415724130455,2.466600085829173,0.2392020021140414,0.0,14.514915120213011
MKD-1998,North Macedonia,MKD,1998,1,0.0230402748269549,2.0980985286937357,100.0,22.087566625855477,1.294364871550475,0.3921238998928074,0.0,14.507091512632538
MKD-1999,North Macedonia,MKD,1999,1,0.0230402748269549,1.5953994465044992,100.0,22.04921156021788,0.5441996525230735,2.0980985286937357,0.0,14.512412679899713
MKD-2000,North Macedonia,MKD,2000,1,0.0230402748269549,2.452399035669351,100.0,22.074870219917425,-1.279286575726275,1.5953994465044992,0.0,14.517192711795584
MKD-2001,North Macedonia,MKD,2001,1,0.0230402748269549,3.233003841390506,99.0,22.051098915768947,6.607422910385356,2.452399035669351,0.0,14.521747196563975
MKD-2002,North Macedonia,MKD,2002,1,0.0230402748269549,1.7671917693238974,99.0,22.03419960408088,5.198885257440481,3.233003841390506,0.0,14.525948881348503
MKD-2003,North Macedonia,MKD,2003,1,0.0230402748269549,1.612005825022394,99.0,22.114141126575635,2.31459794083216,1.7671917693238974,0.0,14.518686284140315
MKD-2004,North Macedonia,MKD,2004,1,0.0230402748269549,2.395250363367156,99.0,22.32190497191539,0.8555621227242188,1.612005825022394,0.0,14.519956664564472
MKD-2005,North Macedonia,MKD,2005,1,0.0230402748269549,1.5790460114155225,99.4,22.46070717362532,-0.4486502065519342,2.395250363367156,0.0,14.516718661808152
MKD-2006,North Macedonia,MKD,2006,1,0.0230402748269549,2.528880559181208,99.1,22.557222814030983,0.5255159507142468,1.5790460114155225,0.0,14.511319692379196
MKD-2007,North Macedonia,MKD,2007,1,0.0230402748269549,2.8709180976051285,99.0,22.64915212166405,3.213629296063449,2.528880559181208,0.0,14.505797652374335
MKD-2008,North Macedonia,MKD,2008,1,0.0230402748269549,2.5197834868977687,99.1,22.84390629906854,2.2517579830545,2.8709180976051285,0.0084809264073617,14.500088124043357
MKD-2009,North Macedonia,MKD,2009,1,0.0230402748269549,1.739843101098107,99.2,23.016765021353333,8.33189666968108,2.5197834868977687,0.0021136756246601,14.494302188927191
MKD-2010,North Macedonia,MKD,2010,1,0.0230402748269549,1.8811698399643413,99.2,22.96416027792354,-0.7396339630611923,1.739843101098107,0.001197837630768,14.48783391998971
MKD-2011,North Macedonia,MKD,2011,1,0.0230402748269549,2.280530064012095,99.5,22.96473803569105,1.509975220276131,1.8811698399643413,0.0054810597393639,14.481440178435127
MKD-2012,North Macedonia,MKD,2012,1,0.0230402748269549,1.956737326629285,99.7,23.0741292268086,3.9047542206974,2.280530064012095,0.0202744088961322,14.476856909818617
MKD-2013,North Macedonia,MKD,2013,1,0.0230402748269549,2.0245612008252256,99.6,23.000046983459008,3.316055666876466,1.956737326629285,0.0230402748269549,14.472938328648532
MKD-2014,North Macedonia,MKD,2014,1,0.0230402748269549,0.5130079473347883,99.7,23.104449735418054,2.785000567261089,2.0245612008252256,0.0175104064661129,14.46924984785432
MKD-2015,North Macedonia,MKD,2015,1,0.0230402748269549,1.8015607272585556,99.8,23.153563636503083,-0.281705032928494,0.5130079473347883,0.0217970329673458,14.46656305948448
MKD-2016,North Macedonia,MKD,2016,1,0.0230402748269549,2.3409731269204146,99.9,23.032282201265968,-0.2999204756314615,1.8015607272585556,0.0173255645490176,14.463885765600612
MKD-2017,North Macedonia,MKD,2017,1,0.0230402748269549,1.928601570406835,100.0,23.090933091493227,-0.2392907876845009,2.3409731269204146,0.0128591662869988,14.460682092544763
MKD-2018,North Macedonia,MKD,2018,1,0.0230402748269549,2.3347360086616584,100.0,23.14869377166452,1.351618896774421,1.928601570406835,0.0,14.45665787878868
MKD-2019,North Macedonia,MKD,2019,1,0.0230402748269549,2.178278021891696,99.8,23.263533721610894,1.458312985071263,2.3347360086616584,0.0,14.451585673897249
MKD-2020,North Macedonia,MKD,2020,1,0.0230402748269549,0.0622020682038177,100.0,23.257465575967174,0.7664395734598047,2.178278021891696,0.0,14.444792590619995
MKD-2021,North Macedonia,MKD,2021,1,0.0230402748269549,2.3071595638690336,100.0,23.23781517824364,1.200073488884688,0.0622020682038177,0.0,14.434001539198364
MKD-2022,North Macedonia,MKD,2022,1,0.0230402748269549,2.5130383236927534,100.0,23.362343439785835,3.230749121329278,2.3071595638690336,0.0,14.423706964306426
MLI-1997,Mali,MLI,1997,4,0.0,1.5203297144809378,6.2,22.04318089592295,6.805459967882332,0.6745800707300208,0.0,16.158016023139286
MLI-1998,Mali,MLI,1998,4,0.0,0.2429957599478777,4.28854084014893,21.951408039909545,-0.3629997959466946,1.5203297144809378,0.0,16.18074138189819
MLI-1999,Mali,MLI,1999,4,0.0,0.6992571972712174,6.06686353683472,22.08281404573026,4.036589459549863,0.2429957599478777,0.0,16.206067516531075
MLI-2000,Mali,MLI,2000,4,0.0,1.3074948643936122,7.84034395217896,22.13216430323013,-1.201903686375016,0.6992571972712174,0.0,16.233869202286115
MLI-2001,Mali,MLI,2001,4,0.0,2.325593349030573,9.6,21.982172998839328,-0.6776616590467694,1.3074948643936122,0.0,16.26300008714768
MLI-2002,Mali,MLI,2002,4,0.0,-0.2631555735538771,10.8,22.140157682702306,5.187011919440678,2.325593349030573,0.0,16.293070201141386
MLI-2003,Mali,MLI,2003,4,0.0,1.074584188660694,13.0,22.25953895699932,5.032822757111935,-0.2631555735538771,0.0,16.324137884751604
MLI-2004,Mali,MLI,2004,4,0.0,1.0848072712413352,14.7,22.44703425632007,-1.346726190476212,1.074584188660694,0.0,16.35592728234573
MLI-2005,Mali,MLI,2005,4,0.0,1.5119307832005398,16.4,22.592877143553387,-3.099781280639569,1.0848072712413352,0.0,16.388306740716722
MLI-2006,Mali,MLI,2006,4,0.0,1.3534598804255351,18.2,22.72866610940093,6.397882938978825,1.5119307832005398,0.0,16.42105896817332
MLI-2007,Mali,MLI,2007,4,0.0,1.4991998294146582,16.6,22.828863256097065,1.543525969275824,1.3534598804255351,0.0,16.453863353739557
MLI-2008,Mali,MLI,2008,4,0.0,1.5836713586824234,21.7,22.99529351594077,1.412002017145768,1.4991998294146582,0.0,16.48674295926978
MLI-2009,Mali,MLI,2009,4,0.0,2.3772132335752176,23.4,23.162345875507476,9.170988136676776,1.5836713586824234,0.0,16.51960514593416
MLI-2010,Mali,MLI,2010,4,0.0,1.7948232264339734,24.0,23.221024365887025,2.463751885722989,2.3772132335752176,0.0,16.55218320072916
MLI-2011,Mali,MLI,2011,4,0.0,1.993831868112906,27.0,23.265713076279088,1.108926906701861,1.7948232264339734,0.0,16.584668338749797
MLI-2012,Mali,MLI,2012,4,0.0,1.7152288895350034,28.8,23.46105552234389,2.955643952293921,1.993831868112906,0.0,16.61699341985878
MLI-2013,Mali,MLI,2013,4,0.0,1.4235686727033083,25.6,23.41756286887282,5.323128470640577,1.7152288895350034,0.0,16.646193290958905
MLI-2014,Mali,MLI,2014,4,0.0,0.7668622794365252,32.4,23.479927943918103,-0.606736356351563,1.4235686727033083,0.0,16.67540111500673
MLI-2015,Mali,MLI,2015,4,0.0,1.3348408442219104,34.2,23.56127249787381,0.8838145471378414,0.7668622794365252,0.0,16.707007682397915
MLI-2016,Mali,MLI,2016,4,0.0,1.4998841387205746,37.6,23.469458039563857,1.450690576059608,1.3348408442219104,0.0,16.738296960786123
MLI-2017,Mali,MLI,2017,4,0.0,1.838118904982363,38.8,23.54129368637582,-1.799647070833858,1.4998841387205746,0.0,16.769967088236275
MLI-2018,Mali,MLI,2018,4,0.0,1.5679877673168776,34.8,23.630623734561517,1.75985742927165,1.838118904982363,0.0,16.801849451539162
MLI-2019,Mali,MLI,2019,4,0.0,2.1410252839705284,50.9,23.737231633977267,0.299546507387843,1.5679877673168776,0.0,16.833103682355677
MLI-2020,Mali,MLI,2020,4,0.0,1.681467433165136,47.9,23.742588744698548,-1.658266948463649,2.1410252839705284,0.0,16.863285130331956
MLI-2021,Mali,MLI,2021,4,0.0,1.747312183442944,50.6,23.753330014983607,0.4380889403206689,1.681467433165136,0.0,16.89346026506804
MLI-2022,Mali,MLI,2022,4,0.0,1.872147299728067,53.4,23.858727237714188,3.925602831042767,1.747312183442944,0.0,16.924063843338033
MLT-1991,Malta,MLT,1991,2,0.0121328675494815,1.9016594249276084,100.0,21.65831109744832,2.983405860635602,1.0021247668848223,0.0,12.777535126331866
MLT-1992,Malta,MLT,1992,2,0.0121328675494815,1.7541182331535212,100.0,21.734945562931426,2.54219284786975,1.9016594249276084,0.0,12.804485980173508
MLT-1993,Malta,MLT,1993,2,0.0121328675494815,1.4802941905503122,100.0,21.829165759465944,1.633212098890449,1.7541182331535212,0.0,12.814802354743849
MLT-1994,Malta,MLT,1994,2,0.0121328675494815,2.3239353395477758,100.0,21.719916840622297,4.144819541804884,1.4802941905503122,0.0,12.824789879031115
MLT-1995,Malta,MLT,1995,2,0.0121328675494815,3.053664686564952,100.0,21.82137981119182,4.129921816382586,2.3239353395477758,0.0,12.834142493152871
MLT-1996,Malta,MLT,1996,2,0.0121328675494815,2.7995440777980827,100.0,22.034134921349867,4.426645502866542,3.053664686564952,0.0,12.841113904683088
MLT-1997,Malta,MLT,1997,2,0.0121328675494815,1.9974975714385912,100.0,22.06418283117464,2.054000000000089,2.7995440777980827,0.0,12.847679132680902
MLT-1998,Malta,MLT,1998,2,0.0121328675494815,2.784101207776038,100.0,22.054846232409098,3.112077919532723,1.9974975714385912,0.0,12.855247039700968
MLT-1999,Malta,MLT,1999,2,0.0121328675494815,3.4804750252402803,100.0,22.11208492146021,2.385251354176611,2.784101207776038,0.0,12.861746385566567
MLT-2000,Malta,MLT,2000,2,0.0121328675494815,3.606789598119025,100.0,22.137140791884985,2.134768888063856,3.4804750252402803,0.0,12.86767497796442
MLT-2001,Malta,MLT,2001,2,0.0121328675494815,3.0219017857433754,100.0,22.1187205555024,2.369592875318062,3.606789598119025,0.0,12.874127633678365
MLT-2002,Malta,MLT,2002,2,0.0121328675494815,-3.108694243807704,100.0,22.127121873775547,2.929492443241039,3.0219017857433754,0.0,12.88163867947755
MLT-2003,Malta,MLT,2003,2,0.0121328675494815,3.5167231588764016,100.0,22.217321494288104,2.188490480605487,-3.108694243807704,0.0,12.88909372979111
MLT-2004,Malta,MLT,2004,2,0.0121328675494815,5.5001330927437895,100.0,22.41305076025563,1.303837774426015,3.5167231588764016,0.0,12.895671036578872
MLT-2005,Malta,MLT,2005,2,0.0121328675494815,6.525054247639682,100.0,22.53223331252083,2.790828480677541,5.5001330927437895,0.0,12.902387304330214
MLT-2006,Malta,MLT,2006,2,0.0121328675494815,6.609091082225023,100.0,22.57850623168154,3.007966524503134,6.525054247639682,0.0107363531671732,12.908761657677235
MLT-2007,Malta,MLT,2007,2,0.0121328675494815,6.802497761158652,100.0,22.6327844693432,2.773780064814723,6.609091082225023,0.0121328675494815,12.912405018143357
MLT-2008,Malta,MLT,2008,2,0.0121328675494815,5.779303955517194,100.0,22.791192887435805,1.249219237976292,6.802497761158652,0.0056509041515729,12.91589256037737
MLT-2009,Malta,MLT,2009,2,0.0121328675494815,3.4959320871577924,100.0,22.939464765521883,4.258621718970734,5.779303955517194,0.0067133791839848,12.922399099037523
MLT-2010,Malta,MLT,2010,2,0.0121328675494815,5.314474674638265,100.0,22.89459094649829,2.084327460823426,3.4959320871577924,0.0041791563907397,12.929938150001266
MLT-2011,Malta,MLT,2011,2,0.0121328675494815,5.072069672713474,100.0,22.931215395784555,1.515635136185318,5.314474674638265,0.0,12.934849966228882
MLT-2012,Malta,MLT,2012,2,0.0121328675494815,4.236819389981666,100.0,23.00456223387249,2.9629852819288,5.072069672713474,0.0,12.939086964880705
MLT-2013,Malta,MLT,2013,2,0.0121328675494815,2.256856256535761,100.0,22.98602121585302,2.375820577603862,4.236819389981666,0.0,12.94807903549492
MLT-2014,Malta,MLT,2014,2,0.0121328675494815,1.0852760870903233,100.0,23.10251385952097,1.180284363665502,2.256856256535761,0.0,12.959399643113215
MLT-2015,Malta,MLT,2015,2,0.0121328675494815,4.1623313083362365,100.0,23.198797827660623,0.3103064721816645,1.0852760870903233,0.0,12.979605551849302
MLT-2016,Malta,MLT,2016,2,0.0121328675494815,3.8327570854942734,100.0,23.15167177186935,1.100548263789292,4.1623313083362365,0.0,13.004077465326793
MLT-2017,Malta,MLT,2017,2,0.0121328675494815,6.396348179822931,100.0,23.210318272812252,0.6427027715273043,3.8327570854942734,0.0,13.026966393832666
MLT-2018,Malta,MLT,2018,2,0.0121328675494815,6.80731909850551,100.0,23.373783996795435,1.364354481507084,6.396348179822931,0.0,13.05431363246226
MLT-2019,Malta,MLT,2019,2,0.0121328675494815,5.98242838462393,100.0,23.50542027510792,1.15782362451517,6.80731909850551,0.0,13.089641818917942
MLT-2020,Malta,MLT,2020,2,0.0121328675494815,5.950242320156365,100.0,23.516746597856905,1.642060017689402,5.98242838462393,0.0,13.130158913105504
MLT-2021,Malta,MLT,2021,2,0.0121328675494815,6.76528673487091,100.0,23.520831022259685,0.6385449567767122,5.950242320156365,0.0,13.15287512350886
MLT-2022,Malta,MLT,2022,2,0.0121328675494815,5.438007079806934,100.0,23.70541218998959,1.497892179347241,6.76528673487091,0.0,13.158021984553567
MMR-2001,Myanmar,MMR,2001,1,4.86297915814427,1.8845234556989363,41.9,22.909886183709443,-0.1091655146685647,1.7736082039337493,1.32847770525212,17.62861540666009
MMR-2002,Myanmar,MMR,2002,1,4.86297915814427,1.5381950370241064,43.0,22.591645346156007,21.10130537692296,1.8845234556989363,0.978658400478298,17.639164319464065
MMR-2003,Myanmar,MMR,2003,1,4.86297915814427,1.6008492288156648,47.0,22.63689369105715,57.07451126217031,1.5381950370241064,1.34949335508262,17.649196902925727
MMR-2004,Myanmar,MMR,2004,1,4.86297915814427,1.4437083223254494,45.1,23.071503794945738,36.58971753239244,1.6008492288156648,1.36774097417015,17.658551970413296
MMR-2005,Myanmar,MMR,2005,1,4.86297915814427,1.4254497476687178,46.2,23.08103527979695,4.534213741296925,1.4437083223254494,1.74505333251524,17.667120345478605
MMR-2006,Myanmar,MMR,2006,1,4.86297915814427,1.3988463028764422,47.3,23.207086265301974,9.36861814196704,1.4254497476687178,2.91494528517854,17.674941868552963
MMR-2007,Myanmar,MMR,2007,1,4.86297915814427,1.970521578163056,48.4,23.397590588854285,19.99648733592144,1.3988463028764422,3.19885684353995,17.682225186759773
MMR-2008,Myanmar,MMR,2008,1,4.86297915814427,1.7229595429474458,49.5,23.728080613491525,35.02459707176984,1.970521578163056,2.31016483558413,17.689313264857518
MMR-2009,Myanmar,MMR,2009,1,4.86297915814427,1.793990893879018,50.6,24.18469730466016,26.79953719340217,1.7229595429474458,2.15334545377525,17.69482014698372
MMR-2010,Myanmar,MMR,2010,1,4.86297915814427,1.3596174331532642,51.8,24.33164489108576,1.47234311385647,1.793990893879018,0.716107930719796,17.70037734862474
MMR-2011,Myanmar,MMR,2011,1,4.86297915814427,2.142407532067398,48.8,24.62606267878733,7.718381958736143,1.3596174331532642,0.976336261487368,17.70782834455188
MMR-2012,Myanmar,MMR,2012,1,4.86297915814427,1.5401213714745254,54.1,24.817232429196707,5.0214601462073,2.142407532067398,1.00643883600724,17.7158621365028
MMR-2013,Myanmar,MMR,2013,1,4.86297915814427,2.029865889000809,55.3,24.816573138886948,1.467583226746787,1.5401213714745254,0.771527109079778,17.72427720721495
MMR-2014,Myanmar,MMR,2014,1,4.86297915814427,1.9147824297165337,56.5,24.822095871974717,5.643038834255013,2.029865889000809,0.661094841513687,17.732772993574855
MMR-2015,Myanmar,MMR,2015,1,4.86297915814427,2.622860934008452,52.0,24.905794860335945,4.953299184843998,1.9147824297165337,0.528936281376954,17.74107417414387
MMR-2016,Myanmar,MMR,2016,1,4.86297915814427,2.34691451588499,60.5,24.811043725829222,9.454171895260185,2.622860934008452,0.146604102339128,17.749080883512836
MMR-2017,Myanmar,MMR,2017,1,4.86297915814427,2.682057521564385,55.6,24.871125288940487,6.928825258160756,2.34691451588499,0.103530840750173,17.757008808745127
MMR-2018,Myanmar,MMR,2018,1,4.86297915814427,1.6857631157987722,69.8,24.91372389992114,4.572536553175196,2.682057521564385,0.152347682977876,17.764731828930408
MMR-2019,Myanmar,MMR,2019,1,4.86297915814427,1.5750972927704212,66.1,24.94072020002421,6.872328656629354,1.6857631157987722,0.15681434683775,17.77197615722557
MMR-2020,Myanmar,MMR,2020,1,4.86297915814427,1.614783249142655,68.3,25.04162165696573,8.825066968045581,1.5750972927704212,0.101384700071059,17.779000408719135
MNE-2008,Montenegro,MNE,2008,4,0.0,3.756630977136873,99.0,22.026881184756835,4.347122156561121,3.930397357082639,0.0,13.330800923551056
MNE-2009,Montenegro,MNE,2009,4,0.0,4.31164661055226,99.0,22.240459077125674,8.758727695887984,3.756630977136873,0.0,13.332575679339133
MNE-2010,Montenegro,MNE,2010,4,0.0,3.6023688921828,99.1,22.14855572920274,3.466723732077934,4.31164661055226,0.0,13.334720968824652
MNE-2011,Montenegro,MNE,2011,4,0.0,3.20849518408422,99.2,22.14322131327076,0.6549465701484787,3.6023688921828,0.0,13.336553364927983
MNE-2012,Montenegro,MNE,2012,4,0.0,3.414246047001638,99.0,22.22892588864245,3.4501431124869,3.20849518408422,0.0,13.33803266587731
MNE-2013,Montenegro,MNE,2013,4,0.0,3.00773483184336,99.3,22.12735808026965,4.145247249811187,3.414246047001638,0.0,13.339760851592086
MNE-2014,Montenegro,MNE,2014,4,0.0,3.0796356895156607,99.7,22.209879864674026,2.205892681411779,3.00773483184336,0.0,13.341640262791692
MNE-2015,Montenegro,MNE,2015,4,0.0,3.5532446633792096,97.7,22.24488522593271,-0.7105140517102266,3.0796356895156607,0.0,13.343496909983672
MNE-2016,Montenegro,MNE,2016,4,0.0,2.3514201393356693,99.5,22.11227752972462,1.548691582224855,3.5532446633792096,0.0,13.344949973647854
MNE-2017,Montenegro,MNE,2017,4,0.0,3.152075234453451,99.6,22.195156814336247,-0.2713850233851755,2.3514201393356693,0.0,13.346073168374602
MNE-2018,Montenegro,MNE,2018,4,0.0,2.8865935583952043,100.0,22.292707390016496,2.380235990531304,3.152075234453451,0.0,13.34707849316397
MNE-2019,Montenegro,MNE,2019,4,0.0,2.7275792553314924,100.0,22.41584368249905,2.611223782637997,2.8865935583952043,0.0,13.347806682257024
MNE-2020,Montenegro,MNE,2020,4,0.0,3.1123122763002438,100.0,22.42503178393945,0.3615637045407673,2.7275792553314924,0.0,13.34830939813021
MNE-2021,Montenegro,MNE,2021,4,0.0,3.172617159723909,99.9,22.2780770304155,-0.2556556998485512,3.1123122763002438,0.0,13.348049294166945
MNE-2022,Montenegro,MNE,2022,4,0.0,3.329140279423467,99.8,22.485065795913176,2.410801984031652,3.172617159723909,0.0,13.345593324986272
MNG-2001,Mongolia,MNG,2001,3,3.63584891999233,2.306234469210105,67.3,20.851567688361868,11.59553875933271,2.256640338261852,0.119407654940596,14.68609237374478
MNG-2002,Mongolia,MNG,2002,3,3.63584891999233,2.418034370107228,71.7,20.96070506465768,6.277360204840061,2.306234469210105,0.0851257034195289,14.698348740794254
MNG-2003,Mongolia,MNG,2003,3,3.63584891999233,2.806469927454021,72.8,21.0572748430004,0.91707468718427,2.418034370107228,0.148943183083729,14.711201769107005
MNG-2004,Mongolia,MNG,2004,3,3.63584891999233,2.2444254170895337,76.3,21.190325986392452,5.12899499422419,2.806469927454021,0.196826822445144,14.723920316387554
MNG-2005,Mongolia,MNG,2005,3,3.63584891999233,2.7038372806423423,74.8,21.41243853424921,8.241154494176191,2.2444254170895337,0.271188019771381,14.735160840224085
MNG-2006,Mongolia,MNG,2006,3,3.63584891999233,2.6705968196877303,86.2,21.648901410304696,12.71656740660532,2.7038372806423423,0.305156747819831,14.746259464879683
MNG-2007,Mongolia,MNG,2007,3,3.63584891999233,2.8713247550865435,77.0,21.951166765408352,5.09516661663157,2.6705968196877303,0.498974379028602,14.758314293291974
MNG-2008,Mongolia,MNG,2008,3,3.63584891999233,3.403743423522396,78.1,22.166649095369337,9.63096309630964,2.8713247550865435,0.918313208985426,14.771733672771612
MNG-2009,Mongolia,MNG,2009,3,3.63584891999233,3.3048946943407924,79.2,22.45016968748552,27.95566502463056,3.403743423522396,1.36774431978469,14.787501618967106
MNG-2010,Mongolia,MNG,2010,3,3.63584891999233,3.8517190534770873,80.3,22.245805173786323,7.619505935194102,3.3048946943407924,1.34708748725095,14.80546653543178
MNG-2011,Mongolia,MNG,2011,3,3.63584891999233,4.475467004143454,78.5,22.695884961564,10.04620658816507,3.8517190534770873,1.51728063526244,14.822965797296767
MNG-2012,Mongolia,MNG,2012,3,3.63584891999233,4.241705792315954,72.1,23.06601325529712,8.411214953271012,4.475467004143454,1.92131227140389,14.840231568947438
MNG-2013,Mongolia,MNG,2013,3,3.63584891999233,3.489533790382235,83.7,23.23227717308001,14.33033483258381,4.241705792315954,2.12988232376644,14.859211083651946
MNG-2014,Mongolia,MNG,2014,3,3.63584891999233,1.740570888318866,81.2,23.25554280254349,10.49065675882415,3.489533790382235,2.7278590828164,14.879880547253626
MNG-2015,Mongolia,MNG,2015,3,3.63584891999233,0.7417857172739,86.0,23.22687276394225,12.25398081297595,1.740570888318866,3.63584891999233,14.901751300334643
MNG-2016,Mongolia,MNG,2016,3,3.63584891999233,-4.308901416933283,88.0,23.17598434492764,5.735682819383272,0.7417857172739,1.71657823790019,14.92303798839682
MNG-2017,Mongolia,MNG,2017,3,3.63584891999233,3.260801099609292,90.8,23.137513106889664,0.7332722273143972,-4.308901416933283,1.44692568738784,14.94331167753035
MNG-2018,Mongolia,MNG,2018,3,3.63584891999233,3.3895121934375045,93.6,23.16394607021037,4.301431053023421,3.260801099609292,1.74982078080304,14.962569459731412
MNG-2019,Mongolia,MNG,2019,3,3.63584891999233,3.5388389928346164,98.1,23.301821797263063,6.824247901455217,3.3895121934375045,2.22574065348702,14.981217473147366
MNG-2020,Mongolia,MNG,2020,3,3.63584891999233,3.25288384235089,98.9,23.37695551951821,7.301069535507288,3.5388389928346164,1.44391721947301,14.99958897478419
MNG-2021,Mongolia,MNG,2021,3,3.63584891999233,3.3488715491958194,99.5,23.31200544352472,3.723723061402598,3.25288384235089,0.567774921103161,15.017643170174798
MNG-2022,Mongolia,MNG,2022,3,3.63584891999233,3.37570202380497,100.0,23.45023211160081,7.35894657888155,3.3488715491958194,1.49715573696848,15.034492755666996
MOZ-2006,Mozambique,MOZ,2006,2,0.481285902978786,1.698312239957023,11.8,22.90577206223385,6.427552780700866,1.126489853235536,0.232148890251788,16.82635654182831
MOZ-2007,Mozambique,MOZ,2007,2,0.481285902978786,2.058717078236492,13.0,22.975592419761508,13.24508790709988,1.698312239957023,0.36782081784457,16.84984258268378
MOZ-2008,Mozambique,MOZ,2008,2,0.481285902978786,2.305405103433901,12.4,23.103872150271343,8.489486754974553,2.058717078236492,0.371732317927041,16.87363699265845
MOZ-2009,Mozambique,MOZ,2009,2,0.481285902978786,2.7235134781869377,13.6,23.282068725483164,14.50280530022677,2.305405103433901,0.481285902978786,16.898293403573092
MOZ-2010,Mozambique,MOZ,2010,2,0.481285902978786,3.0955939161893102,15.0,23.22992539979456,3.788613309146254,2.7235134781869377,0.0778446405127864,16.924202966776186
MOZ-2011,Mozambique,MOZ,2011,2,0.481285902978786,3.914912220881535,18.9,23.157922045304534,12.42554217351563,3.0955939161893102,0.14400760317542,16.95097155595041
MOZ-2012,Mozambique,MOZ,2012,2,0.481285902978786,4.212853403581122,20.2,23.405607041745863,11.1666056127874,3.914912220881535,0.208892298436241,16.978833080112167
MOZ-2013,Mozambique,MOZ,2013,2,0.481285902978786,4.35540756881623,21.2,23.53796257513077,2.602454569566181,4.212853403581122,0.239401568530512,17.007543186393512
MOZ-2014,Mozambique,MOZ,2014,2,0.481285902978786,4.018675828864225,22.4,23.568063182989707,4.261352509419634,4.35540756881623,0.260362393762375,17.036448734722097
MOZ-2015,Mozambique,MOZ,2015,2,0.481285902978786,3.8660193101377,24.8,23.612428341049068,2.55974875844295,4.018675828864225,0.114254490571332,17.06543828343991
MOZ-2016,Mozambique,MOZ,2016,2,0.481285902978786,3.948486628817689,24.0,23.50883160260667,3.550759673567459,3.8660193101377,0.050045182177423,17.09444888904447
MOZ-2017,Mozambique,MOZ,2017,2,0.481285902978786,3.55519946583386,26.2,23.213910264009492,17.41804181975971,3.948486628817689,0.0633248092640754,17.123755531426173
MOZ-2018,Mozambique,MOZ,2018,2,0.481285902978786,3.108745877678228,24.3,23.30836773383949,15.11320738993842,3.55519946583386,0.0872960927597713,17.153640123139063
MOZ-2019,Mozambique,MOZ,2019,2,0.481285902978786,3.774858124254187,31.1,23.43247263252497,3.911334399907289,3.108745877678228,0.11025673875252,17.183449112393617
MOZ-2020,Mozambique,MOZ,2020,2,0.481285902978786,3.802457883201885,29.7,23.46492868662357,2.802703079281112,3.774858124254187,0.0821437604923504,17.21284652729384
MOZ-2021,Mozambique,MOZ,2021,2,0.481285902978786,4.18235071264427,30.6,23.378999074289503,3.483935674932038,3.802457883201885,0.0473545337657661,17.24249552974581
MOZ-2022,Mozambique,MOZ,2022,2,0.481285902978786,3.4669416897040306,31.5,23.506303248291527,6.408476529756918,4.18235071264427,0.0793125662089328,17.272073296900817
MRT-2001,Mauritania,MRT,2001,2,11.4339025984773,2.1858111171051515,19.1,21.29961000067657,3.254067458333583,1.5514530762451817,0.0,14.77617868442664
MRT-2002,Mauritania,MRT,2002,2,11.4339025984773,2.0423347157935123,22.2,21.28062969611453,4.714896346896095,2.1858111171051515,0.0,14.8008649321544
MRT-2003,Mauritania,MRT,2003,2,11.4339025984773,2.3066908505553654,21.7,21.29822473351945,3.895705257584902,2.0423347157935123,0.0,14.8229778470755
MRT-2004,Mauritania,MRT,2004,2,11.4339025984773,3.533362056617317,23.0,21.441665282114453,5.151901507695781,2.3066908505553654,0.0,14.84586077947146
MRT-2005,Mauritania,MRT,2005,2,11.4339025984773,4.01317333834214,24.3,21.582986650873877,10.36762334730735,3.533362056617317,0.0,14.869357322722395
MRT-2006,Mauritania,MRT,2006,2,11.4339025984773,2.0811250233193253,18.2,21.800320598426705,12.12564871855412,4.01317333834214,0.0,14.893600360299848
MRT-2007,Mauritania,MRT,2007,2,11.4339025984773,1.8818794970520325,27.0,22.08924964996658,6.241033281428202,2.0811250233193253,11.4339025984773,14.918666176726653
MRT-2008,Mauritania,MRT,2008,2,11.4339025984773,2.583446477920941,33.0,22.192570579995973,7.254108413048872,1.8818794970520325,5.94490221432553,14.94467145012115
MRT-2009,Mauritania,MRT,2009,2,11.4339025984773,-0.0651141801551984,30.0,22.37316161901774,7.346635412497862,2.583446477920941,5.46163646578312,14.973419528302932
MRT-2010,Mauritania,MRT,2010,2,11.4339025984773,1.577790782947406,31.1,22.27392896966029,2.220920323817791,-0.0651141801551984,2.65898185019521,15.004709463716566
MRT-2011,Mauritania,MRT,2011,2,11.4339025984773,2.860139932093388,34.2,22.451176111660267,6.283540874277036,1.577790782947406,2.43044511982911,15.036625394516664
MRT-2012,Mauritania,MRT,2012,2,11.4339025984773,3.7190901515027712,35.3,22.634973070728964,5.686319595759542,2.860139932093388,2.80489508955736,15.069076632455102
MRT-2013,Mauritania,MRT,2013,2,11.4339025984773,3.439694035323663,36.4,22.6295747991504,4.902427272179972,3.7190901515027712,2.34921054003086,15.101717973678998
MRT-2014,Mauritania,MRT,2014,2,11.4339025984773,2.725227191532034,37.6,22.70159422795744,4.129101737833927,3.439694035323663,1.92187619455113,15.133076030607777
MRT-2015,Mauritania,MRT,2015,2,11.4339025984773,2.7907011951877907,38.8,22.612678731037207,3.534368561473237,2.725227191532034,1.48326200444495,15.163197917571363
MRT-2016,Mauritania,MRT,2016,2,11.4339025984773,2.149326644213746,39.5,22.54495680231485,3.25472688117631,2.7907011951877907,0.513819837621705,15.193258502282324
MRT-2017,Mauritania,MRT,2017,2,11.4339025984773,2.8522397255665424,41.2,22.580797550690143,1.471710456500036,2.149326644213746,0.407544888538057,15.2232380790842
MRT-2018,Mauritania,MRT,2018,2,11.4339025984773,3.0314028497449,42.9,22.64202102868404,2.254276519348126,2.8522397255665424,0.541318938190263,15.253115950814408
MRT-2019,Mauritania,MRT,2019,2,11.4339025984773,-3.110312664850799,43.6,22.73489300581043,3.067359960583556,3.0314028497449,0.0,15.282851584162232
MRT-2020,Mauritania,MRT,2020,2,11.4339025984773,3.113985713941632,44.9,22.789465704200843,2.300092621179372,-3.110312664850799,0.0,15.312386307238194
MRT-2021,Mauritania,MRT,2021,2,11.4339025984773,3.146574315539787,45.4,22.834759109507395,2.385694884563199,3.113985713941632,0.0,15.341595556699785
MRT-2022,Mauritania,MRT,2022,2,11.4339025984773,3.3792590955807,47.7,22.944754172626247,3.565164846501848,3.146574315539787,0.0,15.370465885098625
MUS-1991,Mauritius,MUS,1991,3,0.109303420945243,0.5689877844133462,99.0415649414063,21.71251433389438,13.48808879263709,1.2091572505584554,0.0,13.872624081907798
MUS-1992,Mauritius,MUS,1992,3,0.109303420945243,0.4363186681094833,99.0706787109375,21.78637347489756,7.001013775418793,0.5689877844133462,0.0,13.88341870802026
MUS-1993,Mauritius,MUS,1993,3,0.109303420945243,0.4319010260735518,99.0996780395508,21.90734542133617,4.643519298837085,0.4363186681094833,0.0,13.896576126952157
MUS-1994,Mauritius,MUS,1994,3,0.109303420945243,0.5292475684008718,99.1280059814453,21.919398626578054,10.51783844728956,0.4319010260735518,0.0,13.90843152222851
MUS-1995,Mauritius,MUS,1995,3,0.109303420945243,0.4419780483582822,99.1549682617188,22.00587906978495,7.323471544122941,0.5292475684008718,0.0,13.922432154501044
MUS-1996,Mauritius,MUS,1996,3,0.109303420945243,0.7467096623101488,99.1798858642578,22.13296946393418,6.029331884845317,0.4419780483582822,0.0,13.931031481417463
MUS-1997,Mauritius,MUS,1997,3,0.109303420945243,1.0800165843538323,99.2020950317383,22.22322136437744,6.550973360655728,0.7467096623101488,0.0,13.941259117763687
MUS-1998,Mauritius,MUS,1998,3,0.109303420945243,0.2841614712142485,99.2208938598633,22.168714400181223,6.83334334996102,1.0800165843538323,0.0,13.953780082890493
MUS-1999,Mauritius,MUS,1999,3,0.109303420945243,0.9644691668667944,99.2356185913086,22.164477736563665,6.810793237971935,0.2841614712142485,0.0,13.96429429002933
MUS-2000,Mauritius,MUS,2000,3,0.109303420945243,2.4274275656205706,99.2455062866211,22.20536870742688,6.909146248667734,0.9644691668667944,0.0,13.977006764659324
MUS-2001,Mauritius,MUS,2001,3,0.109303420945243,-0.5618625143340646,99.0,22.276367999678182,4.199288256228066,2.4274275656205706,0.0,13.986833517999624
MUS-2002,Mauritius,MUS,2002,3,0.109303420945243,0.6143130682026182,99.2,22.26565666965019,5.389344262295082,-0.5618625143340646,0.0,13.99473398717999
MUS-2003,Mauritius,MUS,2003,3,0.109303420945243,0.9248570189160092,99.4,22.313825521773296,6.419333722211492,0.6143130682026182,0.0,14.00167638274891
MUS-2004,Mauritius,MUS,2004,3,0.109303420945243,0.2069178410710652,99.1,22.49734898321729,3.921053575581875,0.9248570189160092,0.0,14.008912994419005
MUS-2005,Mauritius,MUS,2005,3,0.109303420945243,0.5988447274207168,99.0,22.620498628430347,4.710370601058835,0.2069178410710652,0.0,14.01518402909075
MUS-2006,Mauritius,MUS,2006,3,0.109303420945243,1.192370376823722,99.0,22.60670898612077,4.937170049817947,0.5988447274207168,0.0,14.021105020855094
MUS-2007,Mauritius,MUS,2007,3,0.109303420945243,2.1226490109952656,99.0,22.68865789155522,8.91350105650142,1.192370376823722,0.0,14.0257690523262
MUS-2008,Mauritius,MUS,2008,3,0.109303420945243,2.026956127933864,99.0,22.83680378913889,8.827292723932938,2.1226490109952656,0.0,14.030324312650151
MUS-2009,Mauritius,MUS,2009,3,0.109303420945243,1.7432905133889838,99.0,23.03854421974989,9.732283171468866,2.026956127933864,0.0,14.03394061821219
MUS-2010,Mauritius,MUS,2010,3,0.109303420945243,2.150895753903728,99.0,22.94945381350696,2.516091281451126,1.7432905133889838,0.0,14.036595992809012
MUS-2011,Mauritius,MUS,2011,3,0.109303420945243,2.022061805024872,99.4,23.04021883111771,2.932363013698569,2.150895753903728,0.09058786343855,14.038974857833166
MUS-2012,Mauritius,MUS,2012,3,0.109303420945243,2.3081233216997443,99.6,23.180948451379624,6.522492548693411,2.022061805024872,0.109303420945243,14.040576260761137
MUS-2013,Mauritius,MUS,2013,3,0.109303420945243,1.5936690990319928,99.4,23.194100931664877,3.852160333159827,2.3081233216997443,0.09302537199132,14.043349468805042
MUS-2014,Mauritius,MUS,2014,3,0.109303420945243,1.9500190181680424,99.4,23.243748468343657,3.543295739348387,1.5936690990319928,0.075948511699122,14.045771123146537
MUS-2015,Mauritius,MUS,2015,3,0.109303420945243,1.340556868278103,99.5,23.30578985766501,3.217691919946845,1.9500190181680424,0.0823071655778768,14.047581342688476
MUS-2016,Mauritius,MUS,2016,3,0.109303420945243,1.8085697374610408,99.6,23.2215995640604,1.286549707602317,1.340556868278103,0.0268410183705881,14.048905384942229
MUS-2017,Mauritius,MUS,2017,3,0.109303420945243,1.9529971975456928,99.7,23.269399346586077,0.977675134718965,1.8085697374610408,0.0234690891049759,14.049592466724071
MUS-2018,Mauritius,MUS,2018,3,0.109303420945243,1.843072423920004,99.6,23.35493438780532,3.666997026759247,1.9529971975456928,0.0,14.05049413867467
MUS-2019,Mauritius,MUS,2019,3,0.109303420945243,1.8285906694343463,99.8,23.428481071122626,3.216053831445703,1.843072423920004,0.0,14.05103949278502
MUS-2020,Mauritius,MUS,2020,3,0.109303420945243,1.4176065959344115,100.0,23.40738087756949,0.4056551903095534,1.8285906694343463,0.0,14.051361823173297
MUS-2021,Mauritius,MUS,2021,3,0.109303420945243,1.5468247960113937,99.5,23.171345205710868,2.580800771828295,1.4176065959344115,0.0,14.0513847299573
MUS-2022,Mauritius,MUS,2022,3,0.109303420945243,2.146718721450445,99.6,23.17616988073105,4.028528881573756,1.5468247960113937,0.0,14.051637459636613
MWI-1993,Malawi,MWI,1993,2,0.144130794366265,0.2624579055241602,3.2,21.68599648227512,23.75135302303987,-0.2678966769334926,0.0,16.131513231275665
MWI-1994,Malawi,MWI,1994,2,0.144130794366265,1.1685046614741856,1.55355584621429,21.826332410209528,22.7727102336625,0.2624579055241602,0.0,16.146102278325678
MWI-1995,Malawi,MWI,1995,2,0.144130794366265,0.2740339447284021,2.01366138458252,21.265511498114428,34.64963615083235,1.1685046614741856,0.0,16.13445067542901
MWI-1996,Malawi,MWI,1996,2,0.144130794366265,0.4595477456614263,2.47172713279724,21.433123368134897,83.32577475434584,0.2740339447284021,0.0,16.132995889000256
MWI-1997,Malawi,MWI,1997,2,0.144130794366265,0.3747944993954153,2.92707347869873,21.923102223262404,37.60204502350164,0.4595477456614263,0.0,16.152712416807358
MWI-1998,Malawi,MWI,1998,2,0.144130794366265,0.4588494889151564,3.37902021408081,22.07801428290163,9.137352430034948,0.3747944993954153,0.0,16.172776620688577
MWI-1999,Malawi,MWI,1999,2,0.144130794366265,1.5560730749614948,3.82688760757446,21.658421341201542,29.74865128282636,0.4588494889151564,0.0,16.194396937467182
MWI-2000,Malawi,MWI,2000,2,0.144130794366265,0.8987373817972268,4.26991271972656,21.67278974820876,44.80416428616744,1.5560730749614948,0.0,16.21774232366206
MWI-2001,Malawi,MWI,2001,2,0.144130794366265,0.7111411186302236,4.8,21.654369348420587,29.58148846316839,0.8987373817972268,0.0807881603585492,16.24172317427532
MWI-2002,Malawi,MWI,2002,2,0.144130794366265,0.1157159980963022,5.2,21.638759717686654,22.7,0.7111411186302236,0.0598971612045519,16.265917114917603
MWI-2003,Malawi,MWI,2003,2,0.144130794366265,1.1442959631670289,5.6,22.350018665057814,14.74463461016033,0.1157159980963022,0.0310630990812267,16.29040399242192
MWI-2004,Malawi,MWI,2004,2,0.144130794366265,1.5008144185638403,6.2,22.26437979012687,9.576797869192143,1.1442959631670289,0.0344193619672947,16.31543512223099
MWI-2005,Malawi,MWI,2005,2,0.144130794366265,1.6929187351950046,6.9,22.344380579369805,11.42980608221236,1.5008144185638403,0.0452942648318498,16.34129824052974
MWI-2006,Malawi,MWI,2006,2,0.144130794366265,0.5784120756802714,6.6,22.394816139680444,15.41034466042956,1.6929187351950046,0.0685179503607441,16.36807834843482
MWI-2007,Malawi,MWI,2007,2,0.144130794366265,1.4110310009954286,3.7,22.48427047770325,13.97429435483877,0.5784120756802714,0.0748603124282387,16.395629049388226
MWI-2008,Malawi,MWI,2008,2,0.144130794366265,1.6559983460491086,7.4,22.587533581179457,7.952209908640304,1.4110310009954286,0.0787195782768977,16.423839424408413
MWI-2009,Malawi,MWI,2009,2,0.144130794366265,0.521352812730776,7.8,22.77013477366659,8.712601866090434,1.6559983460491086,0.0912165620723904,16.452882038763207
MWI-2010,Malawi,MWI,2010,2,0.144130794366265,0.8512272518920957,8.3,22.921588472065395,8.422044276966554,0.521352812730776,0.0373878734787395,16.48244629122452
MWI-2011,Malawi,MWI,2011,2,0.144130794366265,2.6409369189639174,8.7,23.03860159477064,7.41159092883827,0.8512272518920957,0.0823566866553219,16.51192425008032
MWI-2012,Malawi,MWI,2012,2,0.144130794366265,-0.1011130439141094,7.6,23.17841260162257,7.6228226284852,2.6409369189639174,0.112587609355475,16.541074690864686
MWI-2013,Malawi,MWI,2013,2,0.144130794366265,2.427275751404897,7.4,22.89496781942383,21.27126500137791,-0.1011130439141094,0.144130794366265,16.5697811479996
MWI-2014,Malawi,MWI,2014,2,0.144130794366265,2.614765563455165,9.0,22.806646102736043,27.28333333333336,2.427275751404897,0.140975415777245,16.598162042855343
MWI-2015,Malawi,MWI,2015,2,0.144130794366265,1.856053851425872,11.9,22.898168248229187,23.79206494696866,2.614765563455165,0.101801477666212,16.626209942382506
MWI-2016,Malawi,MWI,2016,2,0.144130794366265,1.173909985276817,10.8,22.94458386424727,21.86734755425529,1.856053851425872,0.0421572569811812,16.653745859093828
MWI-2017,Malawi,MWI,2017,2,0.144130794366265,0.8874055723432477,11.0,22.791377009164982,21.71111321364988,1.173909985276817,0.0544029137872334,16.68100543629395
MWI-2018,Malawi,MWI,2018,2,0.144130794366265,0.7166104986222883,12.7,22.91419774519152,11.54339391887714,0.8874055723432477,0.0,16.70808632968104
MWI-2019,Malawi,MWI,2019,2,0.144130794366265,0.480957431732112,18.0,23.01369943418481,12.42017810892101,0.7166104986222883,0.0,16.73479808507909
MWI-2020,Malawi,MWI,2020,2,0.144130794366265,1.505682996632741,11.2,23.12586391724616,9.370836056056698,0.480957431732112,0.0,16.761304040429433
MWI-2021,Malawi,MWI,2021,2,0.144130794366265,0.913651931756246,11.5,23.18876143866371,8.625514696505519,1.505682996632741,0.0,16.787661412573495
MWI-2022,Malawi,MWI,2022,2,0.144130794366265,1.248392846530218,14.2,23.239196170212683,9.330144108352115,0.913651931756246,0.0,16.813602994142006
MYS-2001,Malaysia,MYS,2001,2,10.2305989016965,0.5662758914561338,98.6,25.26432127165359,1.534740236976995,2.103990964843833,5.00305271845637,16.94960453314419
MYS-2002,Malaysia,MYS,2002,2,10.2305989016965,1.86971029259934,98.6,25.25353948084268,1.416784732060981,0.5662758914561338,3.80612191711308,16.973639661062144
MYS-2003,Malaysia,MYS,2003,2,10.2305989016965,1.7931451858419294,98.6,25.33685574058868,1.807872462815361,1.86971029259934,3.7943040184147,16.99782521475187
MYS-2004,Malaysia,MYS,2004,2,10.2305989016965,1.9678810010069625,98.7,25.42558422546742,1.089676325772861,1.7931451858419294,4.23640666645896,17.02148767097257
MYS-2005,Malaysia,MYS,2005,2,10.2305989016965,1.7309286526390375,98.7,25.54957335261291,1.421271159374023,1.9678810010069625,5.61137530219416,17.044604915340127
MYS-2006,Malaysia,MYS,2006,2,10.2305989016965,2.257477236169749,98.7,25.68984060521619,2.975070926844491,1.7309286526390375,7.08944062793991,17.06728221293972
MYS-2007,Malaysia,MYS,2007,2,10.2305989016965,2.24909843258592,98.8,25.81512626742134,3.60923564224389,2.257477236169749,7.01882709402704,17.08955274719203
MYS-2008,Malaysia,MYS,2008,2,10.2305989016965,1.9036966685360088,98.9,25.98879948962625,2.027353177795685,2.24909843258592,5.89566119166293,17.111287792561058
MYS-2009,Malaysia,MYS,2009,2,10.2305989016965,0.0566619915532264,99.0,26.164867692547265,5.44078221100769,1.9036966685360088,7.12611467503542,17.132240959276174
MYS-2010,Malaysia,MYS,2010,2,10.2305989016965,2.157890130491201,99.3,26.032807242824788,0.583308405623702,0.0566619915532264,3.92901312526175,17.15216156068021
MYS-2011,Malaysia,MYS,2011,2,10.2305989016965,2.3269376284840924,99.5,26.264598550130675,1.622852355770353,2.157890130491201,4.63501988366743,17.170865621286968
MYS-2012,Malaysia,MYS,2012,2,10.2305989016965,1.762957238902125,99.5,26.420197124646737,3.1744709215131,2.3269376284840924,5.48169161167852,17.188378421505462
MYS-2013,Malaysia,MYS,2013,2,10.2305989016965,1.9641566166965048,99.8,26.474068808113227,1.663571024792059,1.762957238902125,4.89957757600977,17.205405372246748
MYS-2014,Malaysia,MYS,2014,2,10.2305989016965,1.86218555856441,99.6,26.501773013023165,2.10501231233612,1.9641566166965048,4.34705959022544,17.222499999879854
MYS-2015,Malaysia,MYS,2015,2,10.2305989016965,1.900813415645888,99.7,26.54650726094045,3.142990508790954,1.86218555856441,3.85543153552736,17.239647406598586
MYS-2016,Malaysia,MYS,2016,2,10.2305989016965,2.203104902166745,99.9,26.431555694625324,2.104389802383585,1.900813415645888,1.86528956443024,17.25697935060338
MYS-2017,Malaysia,MYS,2017,2,10.2305989016965,1.7979532999749055,99.9,26.4312263509991,2.090566595257424,2.203104902166745,1.5297271888572,17.274652455518293
MYS-2018,Malaysia,MYS,2018,2,10.2305989016965,1.57607938371681,100.0,26.488798869233293,3.871201157742374,1.7979532999749055,2.07911297067253,17.292299061369842
MYS-2019,Malaysia,MYS,2019,2,10.2305989016965,1.6498192479829203,100.0,26.605999878892884,0.884709160571235,1.57607938371681,2.71329599019211,17.309316534039066
MYS-2020,Malaysia,MYS,2020,2,10.2305989016965,1.0177354195465285,100.0,26.6236499789392,0.6628918657643263,1.6498192479829203,1.83020222238435,17.325281198892228
MYS-2021,Malaysia,MYS,2021,2,10.2305989016965,2.39096847669008,100.0,26.544701454266853,-1.138702153930499,1.0177354195465285,0.685563649053848,17.33861753081046
MYS-2022,Malaysia,MYS,2022,2,10.2305989016965,2.015303507888184,100.0,26.64694540695932,2.477102414654468,2.39096847669008,1.84561185301968,17.35014266091176
NAM-2004,Namibia,NAM,2004,1,0.0,1.9329507334357128,37.8,22.317882329685663,7.136153114586299,1.0915899405882463,0.0,14.466514559123455
NAM-2005,Namibia,NAM,2005,1,0.0,2.384081156645664,38.7,22.611729361926752,4.136632131447484,1.9329507334357128,0.0,14.479271666363976
NAM-2006,Namibia,NAM,2006,1,0.0,2.7289528706236945,39.6,22.70404312050887,2.281946070243065,2.384081156645664,0.0,14.491808076930004
NAM-2007,Namibia,NAM,2007,1,0.0,2.721719035558123,40.5,22.80292979789715,4.961166892989158,2.7289528706236945,0.0,14.504593992682535
NAM-2008,Namibia,NAM,2008,1,0.0,2.861850552169974,43.7,22.902500277492667,6.547881411017173,2.721719035558123,0.0,14.51791525517962
NAM-2009,Namibia,NAM,2009,1,0.0,2.9233350070064232,42.4,22.875891794794395,9.094643071928097,2.861850552169974,0.0,14.531913709883492
NAM-2010,Namibia,NAM,2010,1,0.0,1.6528812175729408,44.1,22.91367246816117,9.451726515217048,2.9233350070064232,0.0,14.54662526291823
NAM-2011,Namibia,NAM,2011,1,0.0,2.558085803653192,44.4,23.159630878608883,4.874919876439499,1.6528812175729408,0.0,14.562109401956585
NAM-2012,Namibia,NAM,2012,1,0.0,2.7747505047645515,42.3,23.250861492627767,5.005595180812,2.558085803653192,0.0,14.579268101166765
NAM-2013,Namibia,NAM,2013,1,0.0,2.563539664867989,46.4,23.291444865147263,6.72199777334886,2.7747505047645515,0.0,14.601535416739427
NAM-2014,Namibia,NAM,2014,1,0.0,1.9883206864264449,47.4,23.2117749299805,5.600925022904008,2.563539664867989,0.0,14.627555264017136
NAM-2015,Namibia,NAM,2015,1,0.0,2.6992527414030647,48.4,23.243815571472556,5.350169668596022,1.9883206864264449,0.0,14.653684060574326
NAM-2016,Namibia,NAM,2016,1,0.0,1.922445225502404,51.6,23.15117533205381,3.394015384105586,2.6992527414030647,0.0,14.680213636342014
NAM-2017,Namibia,NAM,2017,1,0.0,1.5192903684602943,49.7,23.09556528951434,6.728582345933377,1.922445225502404,0.0,14.70718641422646
NAM-2018,Namibia,NAM,2018,1,0.0,1.3073920574181543,52.5,23.280117370114624,6.145799811111642,1.5192903684602943,0.0,14.734539138508016
NAM-2019,Namibia,NAM,2019,1,0.0,-1.142105561511565,52.3,23.33934833162734,4.291591053378753,1.3073920574181543,0.0,14.762263761317811
NAM-2020,Namibia,NAM,2020,1,0.0,-1.1489183077125742,53.3,23.25234313261652,3.722394144226946,-1.142105561511565,0.0,14.790256972971696
NAM-2021,Namibia,NAM,2021,1,0.0,2.611810883216962,52.3,23.08258550521208,2.209382369334692,-1.1489183077125742,0.0,14.819358950921062
NAM-2022,Namibia,NAM,2022,1,0.0,2.8251005576763117,55.2,23.24116278822147,3.61690530108814,2.611810883216962,0.0,14.84889039589246
NCL-2012,New Caledonia,NCL,2012,3,0.0,4.017605648836243,100.0,23.06039225081102,2.428996937533831,3.526313954593008,0.0,12.493294612149498
NCL-2013,New Caledonia,NCL,2013,3,0.0,3.754512718647571,100.0,22.991171688191,1.749672346002621,4.017605648836243,0.0,12.51221085092606
NCL-2014,New Caledonia,NCL,2014,3,0.0,3.498706455882378,100.0,23.04087578282394,1.27761318992718,3.754512718647571,0.0,12.531133591759213
NCL-2015,New Caledonia,NCL,2015,3,0.0,3.317489764420148,100.0,23.08741963263136,0.1788510607855111,3.498706455882378,0.0,12.546910339661029
NCL-2016,New Caledonia,NCL,2016,3,0.0,2.924121563367377,100.0,22.890970407694923,0.5705081410484018,3.317489764420148,0.0,12.553799171533324
NCL-2017,New Caledonia,NCL,2017,3,0.0,2.370012375667595,100.0,22.889408900479044,0.578317435520754,2.924121563367377,0.0,12.55469928860931
NER-1993,Niger,NER,1993,3,4.23042002083649,-0.9630158852884046,4.4,21.94298380708316,-4.475617902471761,1.2830798364396845,0.0,15.992264138028188
NER-1994,Niger,NER,1994,3,4.23042002083649,0.2087919461347733,4.01213979721069,21.8392837157268,-1.215034965034964,-0.9630158852884046,0.0,16.023871780905846
NER-1995,Niger,NER,1995,3,4.23042002083649,0.0968633581050959,4.57177639007568,21.384952368650705,36.04105831342414,0.2087919461347733,0.0,16.056035017320273
NER-1996,Niger,NER,1996,3,4.23042002083649,0.3514764010611251,6.2,21.55727764007317,10.56328866918136,0.0968633581050959,0.0,16.08913326082771
NER-1997,Niger,NER,1997,3,4.23042002083649,0.7542330209344774,7.0,21.60110133009227,5.288857512648824,0.3514764010611251,0.0,16.12257092197775
NER-1998,Niger,NER,1998,3,4.23042002083649,-0.066704526904307,6.23572778701782,21.551956907352057,2.933452533944216,0.7542330209344774,0.0,16.155773828861744
NER-1999,Niger,NER,1999,3,4.23042002083649,0.0632124834374949,6.7,21.695318003781438,4.548015777187203,-0.066704526904307,0.0,16.189617295734603
NER-2000,Niger,NER,2000,3,4.23042002083649,0.6554030424344476,7.32568216323853,21.65455939023773,-2.302125038496478,0.0632124834374949,0.0,16.224023085887044
NER-2001,Niger,NER,2001,3,4.23042002083649,0.8254395978041659,6.5,21.53052407249111,2.900149735991085,0.6554030424344476,0.0,16.2586947211051
NER-2002,Niger,NER,2002,3,4.23042002083649,0.2777555473515919,8.4,21.61882911362907,4.005514283526785,0.8254395978041659,0.0,16.293782580540004
NER-2003,Niger,NER,2003,3,4.23042002083649,0.5219063303384152,8.8,21.74650525934272,2.628865979381362,0.2777555473515919,0.0,16.32909738787247
NER-2004,Niger,NER,2004,3,4.23042002083649,0.6105196703724954,9.3,21.94529996912018,-1.614407691755963,0.5219063303384152,0.0,16.364720154269325
NER-2005,Niger,NER,2005,3,4.23042002083649,0.9737314585384232,9.7,22.04780280295353,0.2625437572928378,0.6105196703724954,0.0,16.40070264194255
NER-2006,Niger,NER,2006,3,4.23042002083649,0.7693295256262269,7.1,22.20107134467077,7.797497817864402,0.9737314585384232,0.0,16.43699968067722
NER-2007,Niger,NER,2007,3,4.23042002083649,1.3152243998563016,9.3,22.28274877028714,0.0404858299595073,0.7693295256262269,0.0,16.473570615209326
NER-2008,Niger,NER,2008,3,4.23042002083649,2.064947985737046,11.2,22.469240505610625,0.0539592607581561,1.3152243998563016,0.0,16.510381695460968
NER-2009,Niger,NER,2009,3,4.23042002083649,2.850682573791256,11.8,22.71081139502856,11.30510988270191,2.064947985737046,0.0,16.547402017487798
NER-2010,Niger,NER,2010,3,4.23042002083649,3.0127141569728484,12.3,22.718256082386198,0.582906590801122,2.850682573791256,0.0,16.584572819544356
NER-2011,Niger,NER,2011,3,4.23042002083649,3.193354765911123,13.6,22.78393126845296,0.8040730808826587,3.0127141569728484,0.0,16.621826324987627
NER-2012,Niger,NER,2012,3,4.23042002083649,2.8849802587542808,14.3,22.894939049543662,2.9423851401332,3.193354765911123,0.897289901092115,16.65904015310364
NER-2013,Niger,NER,2013,3,4.23042002083649,2.6490817301793026,14.4,22.96683448322978,0.4550898203592894,2.8849802587542808,2.66870372209961,16.69677261491226
NER-2014,Niger,NER,2014,3,4.23042002083649,2.722448531456863,15.2,23.048091508396105,2.297231149553169,2.6490817301793026,4.23042002083649,16.73435633360372
NER-2015,Niger,NER,2015,3,4.23042002083649,2.4002498236578726,15.7,23.108623159343363,-0.9302872599844664,2.722448531456863,2.79681841817513,16.771249139693932
NER-2016,Niger,NER,2016,3,4.23042002083649,1.7908785445506568,16.6,22.99372723770564,-0.5760903698331888,2.4002498236578726,0.90069467580531,16.80821319680619
NER-2017,Niger,NER,2017,3,4.23042002083649,1.8126750525682456,17.0,23.05938488304584,1.653889223878056,1.7908785445506568,0.920918399439848,16.844955808748235
NER-2018,Niger,NER,2018,3,4.23042002083649,2.003671291967014,17.6,23.153300290834,2.796373188712845,1.8126750525682456,1.29768887354329,16.880556511540654
NER-2019,Niger,NER,2019,3,4.23042002083649,2.453884777950152,17.6,23.27278194183941,2.967603660044556,2.003671291967014,1.38714615007191,16.915065315010768
NER-2020,Niger,NER,2020,3,4.23042002083649,1.6988827316869068,18.5,23.242641262857536,-2.489792650708549,2.453884777950152,0.933683949773014,16.94873079906698
NER-2021,Niger,NER,2021,3,4.23042002083649,2.090454175947995,18.7,23.33688316728308,2.898193760262702,1.6988827316869068,0.393738499216623,16.98172853681504
NER-2022,Niger,NER,2022,3,4.23042002083649,2.5272122832915453,18.6,23.427050570818917,3.837868028405096,2.090454175947995,0.622678205533793,17.01427105945197
NGA-1991,Nigeria,NGA,1991,0,28.7054393824039,1.0138757727437333,27.3,24.71291254147492,7.364400305576967,0.9422175274208888,21.9637183323591,18.391467419826384
NGA-1992,Nigeria,NGA,1992,0,28.7054393824039,1.3121138593439292,35.2346000671387,24.80969302957341,13.00697310374273,1.0138757727437333,14.3917349452664,18.41787845119511
NGA-1993,Nigeria,NGA,1993,0,28.7054393824039,1.598577328581428,36.0994606018066,24.67562781186927,44.58884271502302,1.3121138593439292,17.3838477866202,18.4441313270067
NGA-1994,Nigeria,NGA,1994,0,28.7054393824039,1.6235199010437866,36.9636459350586,24.761411255731083,57.16525283492166,1.598577328581428,28.7054393824039,18.470632804287515
NGA-1995,Nigeria,NGA,1995,0,28.7054393824039,0.2361213135114843,37.8264694213867,25.11027520049085,57.03170891196598,1.6235199010437866,18.6990486531124,18.497046376386425
NGA-1996,Nigeria,NGA,1996,0,28.7054393824039,0.2656816211158772,38.6872520446777,25.671456607870397,72.83550229726364,0.2361213135114843,16.2953221371822,18.523412668890654
NGA-1997,Nigeria,NGA,1997,0,28.7054393824039,0.2317153027745937,39.5453186035156,25.947561117580857,29.26829268292715,0.2656816211158772,16.7094356163404,18.549555636890457
NGA-1998,Nigeria,NGA,1998,0,28.7054393824039,0.1367276405471383,40.3999824523926,26.025826177432,8.529874213836331,0.2317153027745937,14.538489437452,18.5755865072038
NGA-1999,Nigeria,NGA,1999,0,28.7054393824039,1.3003482622177065,41.2505683898926,26.10966825697505,9.996378123868064,0.1367276405471383,7.09759652792726,18.601720270963884
NGA-2000,Nigeria,NGA,2000,0,28.7054393824039,1.274318522997109,44.9,24.803259195507195,6.618373394797556,1.3003482622177065,10.1094177919185,18.62807956292679
NGA-2001,Nigeria,NGA,2001,0,28.7054393824039,1.2588084655856246,43.2,24.95985406572364,6.933292155651596,1.274318522997109,22.0499275524037,18.654823541162504
NGA-2002,Nigeria,NGA,2002,0,28.7054393824039,1.4308548108195756,43.9,25.021337873357048,18.87364620938625,1.2588084655856246,15.2354705757222,18.68198749560408
NGA-2003,Nigeria,NGA,2003,0,28.7054393824039,1.404787397800575,44.6,25.27771161200417,12.87657920310986,1.4308548108195756,11.1446404443733,18.70940220105673
NGA-2004,Nigeria,NGA,2004,0,28.7054393824039,1.126521402636103,52.2,25.37473694164657,14.03178361314368,1.404787397800575,12.1202192108891,18.73696955149589
NGA-2005,Nigeria,NGA,2005,0,28.7054393824039,1.7653662470887563,46.1,25.634189310289567,14.99803381832511,1.126521402636103,14.4183481253408,18.764674948081677
NGA-2006,Nigeria,NGA,2006,0,28.7054393824039,1.4595111727351064,46.8,25.891876316517845,17.86349336616049,1.7653662470887563,17.695803965512,18.79236328640918
NGA-2007,Nigeria,NGA,2007,0,28.7054393824039,1.5168389704420224,47.6,26.197446438327752,8.227436781209072,1.4595111727351064,14.8803763188218,18.819975756107524
NGA-2008,Nigeria,NGA,2008,0,28.7054393824039,1.6147093636452168,50.1,26.351824808556486,5.38610421570143,1.5168389704420224,13.8343651228424,18.84769376591522
NGA-2009,Nigeria,NGA,2009,0,28.7054393824039,1.7864212809456492,50.3,26.550669903031658,11.58305479668096,1.6147093636452168,15.529944090028,18.875539104177133
NGA-2010,Nigeria,NGA,2010,0,28.7054393824039,1.2710736311867217,50.0,26.41027114328517,12.5379242951095,1.7864212809456492,8.67398818858118,18.90341218609621
NGA-2011,Nigeria,NGA,2011,0,28.7054393824039,1.501630419590057,48.0,26.628601573297782,13.74005213636941,1.2710736311867217,12.0986066267503,18.931363679538883
NGA-2012,Nigeria,NGA,2012,0,28.7054393824039,1.207883294155241,55.9,26.75025841464022,10.8261371880018,1.501630419590057,15.5113433318503,18.95939153137289
NGA-2013,Nigeria,NGA,2013,0,28.7054393824039,0.9297006437907708,53.0,26.863087926532867,12.2242413020582,1.207883294155241,13.0904727134596,18.98713382424097
NGA-2014,Nigeria,NGA,2014,0,28.7054393824039,0.7462585379418188,55.6,26.977319969894552,8.495518382656781,0.9297006437907708,9.88011499667836,19.01428072319634
NGA-2015,Nigeria,NGA,2015,0,28.7054393824039,0.5871747483897417,54.2,27.07621532734836,8.047410879679072,0.7462585379418188,7.0738580847829,19.040702862989782
NGA-2016,Nigeria,NGA,2016,0,28.7054393824039,0.7738226162223611,52.5,26.923829132854365,9.009434980077064,0.5871747483897417,2.78345150643408,19.066064597714888
NGA-2017,Nigeria,NGA,2017,0,28.7054393824039,0.6046584345985546,59.3,26.726286171148875,15.69681263879722,0.7738226162223611,2.68429043488445,19.090782921492547
NGA-2018,Nigeria,NGA,2018,0,28.7054393824039,0.1828016956771513,54.4,26.65217850438236,16.50226621396411,0.6046584345985546,5.47262882301734,19.11510001506193
NGA-2019,Nigeria,NGA,2019,0,28.7054393824039,0.3384619326971753,56.5,26.76765307259445,12.09510651734316,0.1828016956771513,7.69068153465603,19.13822174124813
NGA-2020,Nigeria,NGA,2020,0,28.7054393824039,0.3886281529015826,55.4,27.22788328663633,11.39642233781149,0.3384619326971753,6.51475056054778,19.160165760371655
NGA-2021,Nigeria,NGA,2021,0,28.7054393824039,0.5201366685023383,55.4,27.117837410435914,13.24602342765982,0.3886281529015826,3.31241719212516,19.18146873170548
NGA-2022,Nigeria,NGA,2022,0,28.7054393824039,-0.0288687551541535,59.5,27.1353266318392,16.95284572216079,0.5201366685023383,6.24674969005013,19.202430600131088
NIC-2001,Nicaragua,NIC,2001,4,0.241718443242608,1.7554321514497322,73.0,22.354384425954198,7.069913522525169,2.3538836190817767,0.0,15.429465055255593
NIC-2002,Nicaragua,NIC,2002,4,0.241718443242608,2.070999253474776,72.2,22.40068982746249,5.986041862795179,1.7554321514497322,0.0,15.44236118530412
NIC-2003,Nicaragua,NIC,2003,4,0.241718443242608,2.040501141568446,74.1,22.37647702685916,3.750174657784661,2.070999253474776,0.0,15.45448979675906
NIC-2004,Nicaragua,NIC,2004,4,0.241718443242608,2.1685450493193987,74.6,22.39515791568039,5.302387732199364,2.040501141568446,0.0,15.46627542540462
NIC-2005,Nicaragua,NIC,2005,4,0.241718443242608,2.0486038111534137,75.2,22.47990453558795,8.470210635840766,2.1685450493193987,0.0,15.4780935192299
NIC-2006,Nicaragua,NIC,2006,4,0.241718443242608,2.1514040833747843,73.8,22.5671945611533,9.599099860644252,2.0486038111534137,0.0,15.4911305152107
NIC-2007,Nicaragua,NIC,2007,4,0.241718443242608,2.33988767619335,76.3,22.634831831211173,9.140199667777198,2.1514040833747843,0.0,15.505395281026695
NIC-2008,Nicaragua,NIC,2008,4,0.241718443242608,2.69683327458935,76.9,22.72789964458668,11.1269347446118,2.33988767619335,0.0,15.519757433705603
NIC-2009,Nicaragua,NIC,2009,4,0.241718443242608,2.356298994076129,77.5,22.8629751835876,19.82620312874285,2.69683327458935,0.241718443242608,15.53408875372584
NIC-2010,Nicaragua,NIC,2010,4,0.241718443242608,2.422623813454858,77.9,22.83936501303233,3.687001604987965,2.356298994076129,0.136614559984771,15.54833391653824
NIC-2011,Nicaragua,NIC,2011,4,0.241718443242608,2.9554519469049634,80.1,22.893302166832648,5.455134258874225,2.422623813454858,0.0252340770771501,15.562525593009456
NIC-2012,Nicaragua,NIC,2012,4,0.241718443242608,2.6944851892554413,81.2,23.003025330102176,8.082387980991,2.9554519469049634,0.0519123138385869,15.57664791984222
NIC-2013,Nicaragua,NIC,2013,4,0.241718443242608,2.8696683443062643,81.3,23.07768571481397,7.193550533389605,2.6944851892554413,0.0462955853539498,15.590681190135609
NIC-2014,Nicaragua,NIC,2014,4,0.241718443242608,2.90044722716477,81.9,23.119613389936,7.13546785289407,2.8696683443062643,0.0404742289870495,15.604574063011174
NIC-2015,Nicaragua,NIC,2015,4,0.241718443242608,2.723026873907229,81.9,23.198159088367856,6.03596861798425,2.90044722716477,0.0340990650048295,15.618291236595546
NIC-2016,Nicaragua,NIC,2016,4,0.241718443242608,2.7051202359006217,83.2,23.269322167708072,3.997379966943965,2.723026873907229,0.0,15.631868001158264
NIC-2017,Nicaragua,NIC,2017,4,0.241718443242608,2.7138621284554283,83.9,23.30998371532893,3.523173176284731,2.7051202359006217,0.0076947579467499,15.645314889046944
NIC-2018,Nicaragua,NIC,2018,4,0.241718443242608,2.560206584801945,84.6,23.34691166049748,3.850671662847271,2.7138621284554283,0.0128520280376942,15.658633385791992
NIC-2019,Nicaragua,NIC,2019,4,0.241718443242608,2.085193951651252,85.2,23.29015346668492,4.947237280398862,2.560206584801945,0.0215824227322452,15.67182120449981
NIC-2020,Nicaragua,NIC,2020,4,0.241718443242608,2.4694653902023496,85.7,23.264790946766112,5.376289908441255,2.085193951651252,0.0178636683851291,15.684795415227626
NIC-2021,Nicaragua,NIC,2021,4,0.241718443242608,2.695131575775906,86.0,23.26694617572808,3.681813416255719,2.4694653902023496,0.0084343580954292,15.697303887429609
NIC-2022,Nicaragua,NIC,2022,4,0.241718443242608,2.8048928516463234,86.3,23.37714276846189,4.928413969489675,2.695131575775906,0.0205645534300319,15.709336423190626
NLD-1991,Netherlands,NLD,1991,3,0.123024890879415,1.308235436027899,100.0,26.487826659625178,2.45408985919675,1.923305205800359,0.123024890879415,16.520322922927832
NLD-1992,Netherlands,NLD,1992,3,0.123024890879415,1.3018058336182234,100.0,26.516225529625512,3.15819751859096,1.308235436027899,0.0536064393908414,16.528203232756596
NLD-1993,Netherlands,NLD,1993,3,0.123024890879415,1.3514052725482624,100.0,26.61903701869122,3.18358569499581,1.3018058336182234,0.0457012196410724,16.535763798190754
NLD-1994,Netherlands,NLD,1994,3,0.123024890879415,1.3872063216486663,100.0,26.59276187140345,2.58418115634715,1.3514052725482624,0.0424748831970111,16.542733711034575
NLD-1995,Netherlands,NLD,1995,3,0.123024890879415,1.71721408876283,100.0,26.66261631142711,2.80152693672192,1.3872063216486663,0.045482278029272,16.548763095384178
NLD-1996,Netherlands,NLD,1996,3,0.123024890879415,2.013672564447046,100.0,26.83908585081253,1.92322457166359,1.71721408876283,0.033702618174493,16.55370236878903
NLD-1997,Netherlands,NLD,1997,3,0.123024890879415,1.698956454974845,100.0,26.835558886500174,2.11378787066774,2.013672564447046,0.0387344513492524,16.55831632596733
NLD-1998,Netherlands,NLD,1998,3,0.123024890879415,2.84558883634076,100.0,26.75756525988744,2.10924562739483,1.698956454974845,0.0304655261421261,16.5634639956579
NLD-1999,Netherlands,NLD,1999,3,0.123024890879415,2.914477163534668,100.0,26.80688224194701,1.95913632274257,2.84558883634076,0.0074630304410427,16.5696304005709
NLD-2000,Netherlands,NLD,2000,3,0.123024890879415,3.409643415451085,100.0,26.827564559033537,2.1571791805505,2.914477163534668,0.0203269079678711,16.576285332019353
NLD-2001,Netherlands,NLD,2001,3,0.123024890879415,3.1815994998604245,100.0,26.757907879374496,2.36052233801958,3.409643415451085,0.0428661703754643,16.583433035196766
NLD-2002,Netherlands,NLD,2002,3,0.123024890879415,2.380571751287543,100.0,26.792931904713438,4.15584127195612,3.1815994998604245,0.0288835905371522,16.590981435301916
NLD-2003,Netherlands,NLD,2003,3,0.123024890879415,1.9690731919509312,100.0,26.88769574980288,3.28753104712766,2.380571751287543,0.0447970205533278,16.597364351568086
NLD-2004,Netherlands,NLD,2004,3,0.123024890879415,3.745856954440184,100.0,27.090484487664583,2.09199838997655,1.9690731919509312,0.0444408788956073,16.602082495264494
NLD-2005,Netherlands,NLD,2005,3,0.123024890879415,4.111180820129678,100.0,27.217359840031705,1.26364739183177,3.745856954440184,0.0482013400128872,16.605557249171195
NLD-2006,Netherlands,NLD,2006,3,0.123024890879415,4.623294764570253,100.0,27.2572489868674,1.6881301786962,4.111180820129678,0.0486888872963133,16.607893880507234
NLD-2007,Netherlands,NLD,2007,3,0.123024890879415,5.14727890055376,100.0,27.326659368280403,1.10150106517709,4.623294764570253,0.0474303353534585,16.609500017097474
NLD-2008,Netherlands,NLD,2008,3,0.123024890879415,3.7098861901081137,100.0,27.472610747515272,1.61385859802102,5.14727890055376,0.0695823476637214,16.611675232976488
NLD-2009,Netherlands,NLD,2009,3,0.123024890879415,3.834250062247512,100.0,27.58801086020437,2.48650198289457,3.7098861901081137,0.0767004716623707,16.615568157354307
NLD-2010,Netherlands,NLD,2010,3,0.123024890879415,2.567348183972162,100.0,27.501998654937847,1.18977687021548,3.834250062247512,0.0342324179411298,16.62071100249067
NLD-2011,Netherlands,NLD,2011,3,0.123024890879415,4.357919616953464,100.0,27.471397968937065,1.27530569556679,2.567348183972162,0.0313299442533534,16.625840233186707
NLD-2012,Netherlands,NLD,2012,3,0.123024890879415,4.124302180783072,100.0,27.54015585827192,2.34107017751373,4.357919616953464,0.0513023587099409,16.63050452072865
NLD-2013,Netherlands,NLD,2013,3,0.123024890879415,4.295988874647676,100.0,27.463417536854266,2.45554765291614,4.124302180783072,0.0544334924427504,16.634205070855078
NLD-2014,Netherlands,NLD,2014,3,0.123024890879415,3.4659619461826106,100.0,27.507668077954307,2.50689852657875,4.295988874647676,0.0489230990645562,16.63715327861379
NLD-2015,Netherlands,NLD,2015,3,0.123024890879415,4.574211407198964,100.0,27.527388552897506,0.976035079699679,3.4659619461826106,0.0610565682264859,16.640751560127317
NLD-2016,Netherlands,NLD,2016,3,0.123024890879415,4.242736947750164,100.0,27.377087987233264,0.600248147278776,4.574211407198964,0.0277934109206209,16.64518376075545
NLD-2017,Netherlands,NLD,2017,3,0.123024890879415,3.85962231143436,100.0,27.40432620260031,0.316666666666652,4.242736947750164,0.0142927116318486,16.650505549238215
NLD-2018,Netherlands,NLD,2018,3,0.123024890879415,-4.116296161600504,100.0,27.46642183322748,1.38145871407216,3.85962231143436,0.0205884596366125,16.65641758255373
NLD-2019,Netherlands,NLD,2019,3,0.123024890879415,-3.315979446770592,100.0,27.558163930228297,1.70349794744479,-4.116296161600504,0.0285323898225818,16.662256916303075
NLD-2020,Netherlands,NLD,2020,3,0.123024890879415,-3.858477147135028,100.0,27.557270162965477,2.63369910249591,-3.315979446770592,0.0211765776530471,16.668807631672212
NLD-2021,Netherlands,NLD,2021,3,0.123024890879415,-3.09061791618834,100.0,27.5612002535755,1.27246037789161,-3.858477147135028,0.0111244987898519,16.674363039255358
NLD-2022,Netherlands,NLD,2022,3,0.123024890879415,1.1819471476420962,100.0,27.684061400717415,2.67572008805385,-3.09061791618834,0.024399192645775,16.679597944037692
NOR-1991,Norway,NOR,1991,4,11.563574057982,-0.2879384298687832,100.0,25.5052790795062,4.1310334831135,0.7632747346597071,7.38778559694277,15.260421408304266
NOR-1992,Norway,NOR,1992,4,11.563574057982,-0.4936442886037896,100.0,25.520289764744884,3.438195991091338,-0.2879384298687832,4.08595620770174,15.26518644303355
NOR-1993,Norway,NOR,1993,4,11.563574057982,0.7538917152638339,100.0,25.59079162277261,2.328085049118482,-0.4936442886037896,4.72988779950069,15.270958244364383
NOR-1994,Norway,NOR,1994,4,11.563574057982,1.5155693073560783,100.0,25.509437537534165,2.288269331930614,0.7538917152638339,5.26252270326991,15.27691053628168
NOR-1995,Norway,NOR,1995,4,11.563574057982,1.2403322117459523,100.0,25.56211894263393,1.375674980714781,1.5155693073560783,5.00755972112755,15.282604417242606
NOR-1996,Norway,NOR,1996,4,11.563574057982,1.5925505208526622,100.0,25.741099348166173,2.460367786937291,1.2403322117459523,5.03140095731558,15.287795671246757
NOR-1997,Norway,NOR,1997,4,11.563574057982,1.760399382235505,100.0,25.813497690796645,1.262532491645015,1.5925505208526622,7.37375599562261,15.29286448691453
NOR-1998,Norway,NOR,1998,4,11.563574057982,2.016955269075442,100.0,25.798524473425772,2.566923359002516,1.760399382235505,5.89130932999415,15.298286685040605
NOR-1999,Norway,NOR,1999,4,11.563574057982,1.9953460162992165,100.0,25.753415861819107,2.252413299964293,2.016955269075442,1.83600242485291,15.304240787126467
NOR-2000,Norway,NOR,2000,4,11.563574057982,2.289309725607862,100.0,25.806560470072476,2.365967365967327,1.9953460162992165,5.22432027600053,15.311088379920651
NOR-2001,Norway,NOR,2001,4,11.563574057982,1.3686413550282677,100.0,25.86270661884037,3.085506091312787,2.289309725607862,11.563574057982,15.317578826682654
NOR-2002,Norway,NOR,2002,4,11.563574057982,1.2176426706381247,100.0,25.87996766977906,3.004197039982331,1.3686413550282677,8.3238485310557,15.322639294664263
NOR-2003,Norway,NOR,2003,4,11.563574057982,1.3618076354666264,100.0,25.998109739601944,1.286725284151835,1.2176426706381247,7.51237284652343,15.32803220152321
NOR-2004,Norway,NOR,2004,4,11.563574057982,1.3751356566797248,100.0,26.15782887613683,2.487825534617815,1.3618076354666264,7.33585281468421,15.333897527154416
NOR-2005,Norway,NOR,2005,4,11.563574057982,1.8887720048569836,100.0,26.30549434123475,0.4544985022208631,1.3751356566797248,8.3587259592575,15.339806835260614
NOR-2006,Norway,NOR,2006,4,11.563574057982,1.9367195606974208,100.0,26.4643996726666,1.532133676092485,1.8887720048569836,9.62679537974438,15.346617563424326
NOR-2007,Norway,NOR,2007,4,11.563574057982,2.5052853854223165,100.0,26.58055102053042,2.329349807575503,1.9367195606974208,9.19503274522247,15.354671489080898
NOR-2008,Norway,NOR,2008,4,11.563574057982,2.1783474741402107,100.0,26.734076471274754,0.7125890736342008,2.5052853854223165,7.98287863833131,15.36501883202499
NOR-2009,Norway,NOR,2009,4,11.563574057982,1.522435556966207,100.0,26.880372534056463,3.753930817610049,2.1783474741402107,9.87352536152341,15.377482159548316
NOR-2010,Norway,NOR,2010,4,11.563574057982,2.295710976785787,100.0,26.703832436600937,2.197385868535682,1.522435556966207,5.99263870550393,15.390093429813826
NOR-2011,Norway,NOR,2011,4,11.563574057982,1.44702683167989,100.0,26.810340833378948,2.418906394810032,2.295710976785787,5.61799364871918,15.402550089045748
NOR-2012,Norway,NOR,2012,4,11.563574057982,2.372055882123304,100.0,26.963285473136107,1.2849515880916,1.44702683167989,7.50443616793107,15.415521980316669
NOR-2013,Norway,NOR,2013,4,11.563574057982,-0.2507478350000234,100.0,26.986822066885225,0.6968641114982627,2.372055882123304,6.46713141316121,15.428656387569143
NOR-2014,Norway,NOR,2014,4,11.563574057982,0.5931505832073413,100.0,27.01507986377693,2.120486203531125,-0.2507478350000234,5.54926522150093,15.440747801067332
NOR-2015,Norway,NOR,2015,4,11.563574057982,1.3579360669888796,100.0,26.96904225503617,2.041702867072112,0.5931505832073413,5.54233636695862,15.45202516563318
NOR-2016,Norway,NOR,2016,4,11.563574057982,-2.286757772457867,100.0,26.7164019220857,2.171136653895269,1.3579360669888796,3.14606557734506,15.461976011075365
NOR-2017,Norway,NOR,2017,4,11.563574057982,1.14928133050291,100.0,26.67204218994362,3.550000000000069,-2.286757772457867,2.60460301891109,15.470785707538528
NOR-2018,Norway,NOR,2018,4,11.563574057982,-1.045111346678812,100.0,26.753165167158095,1.875100595525449,1.14928133050291,3.63541371456372,15.478862437820617
NOR-2019,Norway,NOR,2019,4,11.563574057982,2.057461615755125,100.0,26.842659268988324,2.764831345287971,-1.045111346678812,4.96722177394478,15.485463345016337
NOR-2020,Norway,NOR,2020,4,11.563574057982,-0.7776374407266003,100.0,26.77357668763427,2.167730033054107,2.057461615755125,4.53800306780214,15.492213957482228
NOR-2021,Norway,NOR,2021,4,11.563574057982,1.9709365060275463,100.0,26.669347268844263,1.286584907079962,-0.7776374407266003,3.22981815901586,15.49810152962498
NOR-2022,Norway,NOR,2022,4,11.563574057982,1.5754163135828294,100.0,26.98015189390761,3.483880552666694,1.9709365060275463,6.06347788332955,15.503449251452285
NPL-1997,Nepal,NPL,1997,3,0.0,0.4530896371413903,17.9,22.232127411819672,9.22046662376986,0.4119947976792409,0.0,16.939717969052275
NPL-1998,Nepal,NPL,1998,3,0.0,0.2451489053909548,18.1328678131104,22.31630846168114,4.009988605231812,0.4530896371413903,0.0,16.960501450418924
NPL-1999,Nepal,NPL,1999,3,0.0,0.0863324820980312,21.7325325012207,22.303533411027573,11.24446778186142,0.2451489053909548,0.0,16.980156486109042
NPL-2000,Nepal,NPL,2000,3,0.0,-0.0088241384289197,25.3273544311523,22.33940969122865,7.451112609575463,0.0863324820980312,0.0,16.9987674953104
NPL-2001,Nepal,NPL,2001,3,0.0,0.340475455199976,29.9,22.426968329809924,2.478820207091362,-0.0088241384289197,0.0,17.016080243239806
NPL-2002,Nepal,NPL,2002,3,0.0,-0.0982168833558477,24.6,22.516200455944897,2.688303735456296,0.340475455199976,0.0,17.03225407107074
NPL-2003,Nepal,NPL,2003,3,0.0,0.2313737027578448,36.4,22.52346886010957,3.029399487148925,-0.0982168833558477,0.0,17.04745983167162
NPL-2004,Nepal,NPL,2004,3,0.0,-0.0057375258913517,39.6,22.56864080925766,5.707009318747377,0.2313737027578448,0.0,17.06156406118512
NPL-2005,Nepal,NPL,2005,3,0.0,0.030151726248275,37.2,22.707563703370752,2.8418113124898,-0.0057375258913517,0.0,17.074247544700842
NPL-2006,Nepal,NPL,2006,3,0.0,-0.0734433906790814,46.1,22.818858540924825,6.836332658928768,0.030151726248275,0.0,17.08543909028131
NPL-2007,Nepal,NPL,2007,3,0.0,0.0555777987369741,51.2,22.925335917723118,6.920335807075889,-0.0734433906790814,0.0,17.095121153876377
NPL-2008,Nepal,NPL,2008,3,0.0,0.0079320741735558,52.6,23.05789383050377,2.269219244390742,0.0555777987369741,0.0,17.10348298760561
NPL-2009,Nepal,NPL,2009,3,0.0,0.2934841003911529,56.0,23.25262297879976,9.907830053064798,0.0079320741735558,0.0,17.11097839292206
NPL-2010,Nepal,NPL,2010,3,0.0,0.5239856692656611,59.3,23.27699754698112,11.09482373869868,0.2934841003911529,0.0,17.11773571605067
NPL-2011,Nepal,NPL,2011,3,0.0,0.4230798471412952,68.6,23.496020572622363,9.326504107453951,0.5239856692656611,0.0,17.12393282050544
NPL-2012,Nepal,NPL,2012,3,0.0,0.4119414687292821,67.3,23.79474880936129,9.2270754612596,0.4230798471412952,0.0,17.128404637551764
NPL-2013,Nepal,NPL,2013,3,0.0,0.3287581110415666,75.2,23.80072098489365,9.459809803571249,0.4119414687292821,0.0,17.130965430011273
NPL-2014,Nepal,NPL,2014,3,0.0,0.1333506691368408,77.4,23.82165419412714,9.04016311917645,0.3287581110415666,0.0,17.132963837458416
NPL-2015,Nepal,NPL,2015,3,0.0,0.2114503008882037,84.9,23.84702243239849,8.364154696595627,0.1333506691368408,0.0,17.13594503656333
NPL-2016,Nepal,NPL,2016,3,0.0,0.4197756458601053,82.0,23.916241172833487,7.868908955908912,0.2114503008882037,0.0,17.141396217615444
NPL-2017,Nepal,NPL,2017,3,0.0,0.6340866821794151,90.7,23.922922531219918,8.7903433200464,0.4197756458601053,0.0,17.146123194638047
NPL-2018,Nepal,NPL,2018,3,0.0,0.2047241367048928,86.6,24.089581495044225,2.777039983002109,0.6340866821794151,0.0,17.148117094458925
NPL-2019,Nepal,NPL,2019,3,0.0,0.5191638559764916,93.9,24.2231472532298,4.406594101757142,0.2047241367048928,0.0,17.150557097174904
NPL-2020,Nepal,NPL,2020,3,0.0,0.3702234682320082,89.9,24.255087326256767,5.566160352437225,0.5191638559764916,0.0,17.162394827016247
NPL-2021,Nepal,NPL,2021,3,0.0,0.5093759298733306,89.9,24.232828993016604,5.056358262384993,0.3702234682320082,0.0,17.18165313700554
NPL-2022,Nepal,NPL,2022,3,0.0,0.1597253806134797,89.9,24.332150370033315,4.12676744440695,0.5093759298733306,0.0,17.199053377585265
NZL-1991,New Zealand,NZL,1991,4,1.05778347154292,2.0841922183344392,100.0,24.540871110712946,6.098444148102041,2.020088076561806,0.603822307255642,15.018423100411182
NZL-1992,New Zealand,NZL,1992,4,1.05778347154292,1.688305347799078,100.0,24.47852578035352,2.602392859997734,2.0841922183344392,0.385349735576981,15.06687283165882
NZL-1993,New Zealand,NZL,1993,4,1.05778347154292,2.257770095723849,100.0,24.452563120572147,1.014560271712361,1.688305347799078,0.40879460628373,15.077290182535949
NZL-1994,New Zealand,NZL,1994,4,1.05778347154292,2.2581550259564613,100.0,24.568627981459592,1.288207765743864,2.257770095723849,0.374716724926812,15.088692490392017
NZL-1995,New Zealand,NZL,1995,4,1.05778347154292,2.200355483111309,100.0,24.736305116507225,1.745377907737428,2.2581550259564613,0.256298823328335,15.10198486004501
NZL-1996,New Zealand,NZL,1996,4,1.05778347154292,2.4214661529026844,100.0,24.88087785515598,3.754944136775542,2.200355483111309,0.208650223142853,15.1166284939039
NZL-1997,New Zealand,NZL,1997,4,1.05778347154292,1.7869703486381947,100.0,24.973770990626807,2.285713054021946,2.4214661529026844,0.319966777938508,15.132455108902176
NZL-1998,New Zealand,NZL,1998,4,1.05778347154292,1.8938295898397748,100.0,24.91405846794512,1.187148331056325,1.7869703486381947,0.384457081951756,15.145578688273638
NZL-1999,New Zealand,NZL,1999,4,1.05778347154292,1.2501263764597483,100.0,24.75266592634672,1.265244099154061,1.8938295898397748,0.169233561075115,15.154451484823856
NZL-2000,New Zealand,NZL,2000,4,1.05778347154292,-1.7749656366278397,100.0,24.79676565971892,-0.114267129777524,1.2501263764597483,0.258126851839409,15.159706328812186
NZL-2001,New Zealand,NZL,2001,4,1.05778347154292,0.4644799859779839,100.0,24.68642448153153,2.615234462463196,-1.7749656366278397,0.520025634346264,15.165581968148423
NZL-2002,New Zealand,NZL,2002,4,1.05778347154292,2.159413991482256,100.0,24.709884605437693,2.625816303929026,0.4644799859779839,0.333507075013648,15.171474826975048
NZL-2003,New Zealand,NZL,2003,4,1.05778347154292,-2.0480251574741435,100.0,24.922386683883413,2.677092577116048,2.159413991482256,0.303997253208924,15.188846571180472
NZL-2004,New Zealand,NZL,2004,4,1.05778347154292,1.5430806640715675,100.0,25.20344956728469,1.753574447595574,-2.0480251574741435,0.200234078312301,15.20858215167464
NZL-2005,New Zealand,NZL,2005,4,1.05778347154292,1.281400032552051,100.0,25.36674487898237,2.290249028475706,1.5430806640715675,0.211058993281138,15.223444338835934
NZL-2006,New Zealand,NZL,2006,4,1.05778347154292,1.6878024381239716,100.0,25.465761343077897,3.037023326170119,1.281400032552051,0.278111552185467,15.234732071186736
NZL-2007,New Zealand,NZL,2007,4,1.05778347154292,1.86793790519286,100.0,25.4376384454309,3.365401961719926,1.6878024381239716,0.278552388345492,15.246921916858726
NZL-2008,New Zealand,NZL,2008,4,1.05778347154292,1.417603926783194,100.0,25.64462498679598,2.376143102906586,1.86793790519286,0.506514577589481,15.256245991516018
NZL-2009,New Zealand,NZL,2009,4,1.05778347154292,-0.0430444512834009,100.0,25.61689624198632,3.958949373120603,1.417603926783194,1.05778347154292,15.264733003539416
NZL-2010,New Zealand,NZL,2010,4,1.05778347154292,0.1937016703298343,100.0,25.52452437534227,2.115651105545602,-0.0430444512834009,0.544779024480274,15.274730281516302
NZL-2011,New Zealand,NZL,2011,4,1.05778347154292,0.7468541451170454,100.0,25.71293556496559,2.302023859585724,0.1937016703298343,0.660975990307668,15.28584753950698
NZL-2012,New Zealand,NZL,2012,4,1.05778347154292,1.521118895560002,100.0,25.849957276257204,4.0279066739204,0.7468541451170454,0.77791212195698,15.293472335712153
NZL-2013,New Zealand,NZL,2013,4,1.05778347154292,-0.0364006071575201,100.0,25.89663231633233,1.059913184456322,1.521118895560002,0.607739113456127,15.298954542438054
NZL-2014,New Zealand,NZL,2014,4,1.05778347154292,1.2564834572622487,100.0,25.975243296019467,1.13442266445817,-0.0364006071575201,0.453082035859237,15.306638020683645
NZL-2015,New Zealand,NZL,2015,4,1.05778347154292,-0.0411749172680411,100.0,26.02873479513793,1.227507505973999,1.2564834572622487,0.427387592230975,15.323248136982397
NZL-2016,New Zealand,NZL,2016,4,1.05778347154292,0.9249553062295396,100.0,25.905877455778118,0.2927046281361015,-0.0411749172680411,0.196512069556291,15.34360847160648
NZL-2017,New Zealand,NZL,2017,4,1.05778347154292,0.9881876247397816,100.0,25.96490888835783,0.6462402844545243,0.9249553062295396,0.127171106470809,15.366068787789631
NZL-2018,New Zealand,NZL,2018,4,1.05778347154292,0.9902743756578396,100.0,26.05386617072181,1.85078767452536,0.9881876247397816,0.150386335561469,15.38695601063298
NZL-2019,New Zealand,NZL,2019,4,1.05778347154292,1.1627332787585478,100.0,26.07855958794539,1.598297038016956,0.9902743756578396,0.174430202025453,15.404868408620809
NZL-2020,New Zealand,NZL,2020,4,1.05778347154292,1.5503102871642778,100.0,26.084971223650538,1.619631901840475,1.1627332787585478,0.12988820598752,15.418990959619206
NZL-2021,New Zealand,NZL,2021,4,1.05778347154292,1.483442571047258,100.0,26.08605045641876,1.714561700072449,1.5503102871642778,0.0439077405671644,15.4393248334882
NZL-2022,New Zealand,NZL,2022,4,1.05778347154292,2.0768656195693014,100.0,26.259546375715978,3.941120607787283,1.483442571047258,0.102256581182383,15.441727118309478
OMN-2002,Oman,OMN,2002,1,49.6173962343468,0.4574531397343157,100.0,23.82361582763988,-0.8166666666666562,0.0234222736214105,36.285347329679,14.652852450339564
OMN-2003,Oman,OMN,2003,1,49.6173962343468,0.1007746541232493,100.0,23.861605551163446,-0.2795788225713726,0.4574531397343157,33.51317909328,14.66443894546222
OMN-2004,Oman,OMN,2004,1,49.6173962343468,0.3819669964818633,100.0,23.9314317187724,0.2313286822671425,0.1007746541232493,33.3255110511249,14.675779782416566
OMN-2005,Oman,OMN,2005,1,49.6173962343468,2.1723682762581,100.0,24.068912935072643,0.6249690626313674,0.3819669964818633,36.7966643908859,14.692986446308929
OMN-2006,Oman,OMN,2006,1,49.6173962343468,2.0318842124463554,99.9,24.292992657362547,1.909835535318648,2.1723682762581,42.841561539357,14.715591823401054
OMN-2007,Oman,OMN,2007,1,49.6173962343468,2.629698356576819,99.9,24.474594912222237,3.544985916050331,2.0318842124463554,40.7520000982427,14.737702244906034
OMN-2008,Oman,OMN,2008,1,49.6173962343468,2.1487561464148297,100.0,24.60070547455027,5.830484180927101,2.629698356576819,37.7986997972135,14.759484547938367
OMN-2009,Oman,OMN,2009,1,49.6173962343468,1.726523890292739,100.0,24.968966913311306,12.37540915299119,2.1487561464148297,37.9131008037865,14.781174141355468
OMN-2010,Oman,OMN,2010,1,49.6173962343468,1.4035572204339104,100.0,24.738821420509726,3.468810237548931,1.726523890292739,30.5131215016084,14.8030646484842
OMN-2011,Oman,OMN,2011,1,49.6173962343468,1.488423455159187,100.0,24.897553071845092,3.256579590786242,1.4035572204339104,32.5688653439524,14.829815809616832
OMN-2012,Oman,OMN,2012,1,49.6173962343468,1.2282399469330862,100.0,25.07351189227852,4.0421886711639,1.488423455159187,40.4074409203453,14.939388953280185
OMN-2013,Oman,OMN,2013,1,49.6173962343468,1.346970162701581,100.0,25.19386228901866,2.947734952572092,1.2282399469330862,37.5396768679582,15.081642899638512
OMN-2014,Oman,OMN,2014,1,49.6173962343468,1.1307871342313232,100.0,25.2223643745622,1.053548202659318,1.346970162701581,35.9895065337986,15.159396771454563
OMN-2015,Oman,OMN,2015,1,49.6173962343468,-1.739695528264916,100.0,25.2526244899222,1.014014839241558,1.1307871342313232,31.6791185960483,15.20241473310979
OMN-2016,Oman,OMN,2016,1,49.6173962343468,1.8235725233769364,100.0,25.0890461270448,0.0652901330286599,-1.739695528264916,18.8680645519097,15.24699241093982
OMN-2017,Oman,OMN,2017,1,49.6173962343468,1.982089527337492,100.0,25.042468993922416,1.109208058070266,1.8235725233769364,16.2724873177614,15.29503976505402
OMN-2018,Oman,OMN,2018,1,49.6173962343468,2.511427832900666,100.0,25.11594425206975,1.589094135677986,1.982089527337492,19.3050063067708,15.327864057573082
OMN-2019,Oman,OMN,2019,1,49.6173962343468,1.5578834821379617,100.0,25.239668760806182,0.8893123709704039,2.511427832900666,23.7087990780384,15.341105450677912
OMN-2020,Oman,OMN,2020,1,49.6173962343468,1.6529672852540191,100.0,25.201293983518568,0.4908153628206712,1.5578834821379617,21.6117797561797,15.339661133669628
OMN-2021,Oman,OMN,2021,1,49.6173962343468,2.999733218808768,100.0,25.052807583999726,-0.4064029194658499,1.6529672852540191,14.994277961787,15.324575054018212
OMN-2022,Oman,OMN,2022,1,49.6173962343468,2.532928001333064,100.0,25.19288885302559,1.682211858760845,2.999733218808768,23.5387435070386,15.319682394725398
PAK-1999,Pakistan,PAK,1999,1,1.21484685318654,0.7672664484017695,70.46,24.853491500600462,6.228004154245431,0.7432606724984407,0.235044426782297,18.80268858228659
PAK-2000,Pakistan,PAK,2000,1,1.21484685318654,0.3048511842003047,70.2653503417969,24.86598551006464,4.142637180821711,0.7672664484017695,0.410262653806964,18.829907953142147
PAK-2001,Pakistan,PAK,2001,1,1.21484685318654,0.3799021450769822,72.8,25.323270729199027,4.366664512916805,0.3048511842003047,0.57523060801743,18.8581555513114
PAK-2002,Pakistan,PAK,2002,1,1.21484685318654,0.7662901036215638,73.9,25.299476911195967,3.148261445906179,0.3799021450769822,0.499846315824726,18.886117134222577
PAK-2003,Pakistan,PAK,2003,1,1.21484685318654,0.4589277292611173,74.9,25.30745038482249,3.290344726131526,0.7662901036215638,0.55283472801061,18.91062516496874
PAK-2004,Pakistan,PAK,2004,1,1.21484685318654,0.7678703409237455,76.0,25.445079865439567,2.914134700594792,0.4589277292611173,0.522591846064124,18.93416432621496
PAK-2005,Pakistan,PAK,2005,1,1.21484685318654,1.203468568579719,77.0,25.60770315140184,7.444624693427395,0.7678703409237455,0.661270328742457,18.958845237829987
PAK-2006,Pakistan,PAK,2006,1,1.21484685318654,1.6979183371141726,78.1,25.70143691116412,9.06332737030417,1.203468568579719,0.913653665209943,18.98288297273548
PAK-2007,Pakistan,PAK,2007,1,1.21484685318654,1.829681791317328,79.1,25.81006794023886,7.921084400587886,1.6979183371141726,0.883595451345289,19.00670302546737
PAK-2008,Pakistan,PAK,2008,1,1.21484685318654,1.7153522963638637,80.2,25.9389668994526,7.598684410507745,1.829681791317328,0.947147229187945,19.033123337845197
PAK-2009,Pakistan,PAK,2009,1,1.21484685318654,1.0463511763303877,81.4,26.032541682356257,20.28612109295543,1.7153522963638637,1.0846584932923,19.059894907014083
PAK-2010,Pakistan,PAK,2010,1,1.21484685318654,0.9009726345451136,82.5,25.95617915513605,13.64776506397613,1.0463511763303877,0.525570260608523,19.0853077379727
PAK-2011,Pakistan,PAK,2011,1,1.21484685318654,0.5473175218639617,87.1,26.004994477518142,12.93887056348892,0.9009726345451136,0.72864364053068,19.110015908000943
PAK-2012,Pakistan,PAK,2012,1,1.21484685318654,0.3370358797527615,87.8,26.163892251677368,11.9160927116277,0.5473175218639617,1.01863575475154,19.132385001923385
PAK-2013,Pakistan,PAK,2013,1,1.21484685318654,0.4949023861076302,88.6,26.245154527723592,9.68235186055684,0.3370358797527615,1.0633112529615,19.15144699995918
PAK-2014,Pakistan,PAK,2014,1,1.21484685318654,0.6488185895098826,89.3,26.278769592306887,7.692156118995647,0.4949023861076302,1.06026413011729,19.167719241364946
PAK-2015,Pakistan,PAK,2015,1,1.21484685318654,0.5322463316733306,90.1,26.32682448741085,7.189384028470276,0.6488185895098826,0.93400190583338,19.18272248183325
PAK-2016,Pakistan,PAK,2016,1,1.21484685318654,0.7492531276607416,91.0,26.426926939356544,2.529328172542286,0.5322463316733306,0.333804259360431,19.19674749312717
PAK-2017,Pakistan,PAK,2017,1,1.21484685318654,0.6817782892719481,91.8,26.47147978453161,3.765119163565805,0.7492531276607416,0.187153081394228,19.209769132449225
PAK-2018,Pakistan,PAK,2018,1,1.21484685318654,0.4702245180215835,92.7,26.54987205813109,4.08537368032608,0.6817782892719481,0.300559741011292,19.223910131420755
PAK-2019,Pakistan,PAK,2019,1,1.21484685318654,0.649506782293706,93.4,26.598556521844067,5.078057258689168,0.4702245180215835,0.443490416507805,19.240147279677647
PAK-2020,Pakistan,PAK,2020,1,1.21484685318654,0.6400833905240324,93.9,26.49442490401472,10.57803056720248,0.649506782293706,0.358191529536938,19.25706599207069
PAK-2021,Pakistan,PAK,2021,1,1.21484685318654,0.5825298566788263,94.5,26.428466005596025,9.740116193201256,0.6400833905240324,0.159470063577414,19.275103506123354
PAK-2022,Pakistan,PAK,2022,1,1.21484685318654,0.3807166925341024,94.9,26.57695183486161,9.496415772852052,0.5825298566788263,0.380197434318265,19.29397128575983
PAN-1991,Panama,PAN,1991,1,0.0277938429371604,1.332144546700942,70.19,22.58485713690334,0.7694853549560098,1.490063804838656,0.0,14.713875172795078
PAN-1992,Panama,PAN,1992,1,0.0277938429371604,1.3845737320698686,73.4431304931641,22.679787413840817,1.25626077674687,1.332144546700942,0.0,14.73510223571698
PAN-1993,Panama,PAN,1993,1,0.0277938429371604,1.4504800401583091,74.2556381225586,22.807985636705972,1.824521569899592,1.3845737320698686,0.0,14.75603994574752
PAN-1994,Panama,PAN,1994,1,0.0277938429371604,2.162092177472927,75.0674591064453,22.89603666605356,0.4539300788403601,1.4504800401583091,0.0,14.776812895667778
PAN-1995,Panama,PAN,1995,1,0.0277938429371604,1.7987277033509548,75.8779220581055,22.96027611747846,1.268431901061959,2.162092177472927,0.0,14.797419353060702
PAN-1996,Panama,PAN,1996,1,0.0277938429371604,2.2427882849596665,76.6863403320313,22.982297468880525,0.9942069829338702,1.7987277033509548,0.0,14.81781677108848
PAN-1997,Panama,PAN,1997,1,0.0277938429371604,3.2630350277687503,77.4920425415039,22.942197903845013,1.255716611115464,2.2427882849596665,0.0,14.838043496692311
PAN-1998,Panama,PAN,1998,1,0.0277938429371604,3.1743848735704887,78.2943496704102,23.03171911849341,1.324351221006078,3.2630350277687503,0.0,14.85815055260354
PAN-1999,Panama,PAN,1999,1,0.0277938429371604,2.8877804685026067,79.0925750732422,23.122937503840294,0.5590812934424944,3.1743848735704887,0.0,14.87812081462958
PAN-2000,Panama,PAN,2000,1,0.0277938429371604,2.632406609645431,79.8859558105469,23.179490462096854,1.247182569496352,2.8877804685026067,0.0,14.897933503555272
PAN-2001,Panama,PAN,2001,1,0.0277938429371604,2.303039340553474,81.4,23.205376665482607,1.498961116057782,2.632406609645431,0.0,14.917573552758611
PAN-2002,Panama,PAN,2002,1,0.0277938429371604,1.4120415619560187,81.5,23.229028994859263,0.3070624360287224,2.303039340553474,0.0,14.937037619639488
PAN-2003,Panama,PAN,2003,1,0.0277938429371604,2.741520253033134,82.1,23.272777513551056,1.005830903790395,1.4120415619560187,0.0,14.956334275441606
PAN-2004,Panama,PAN,2004,1,0.0277938429371604,2.832299815992163,87.8,23.333589715126568,0.3916666666667087,2.741520253033134,0.0,14.975471284861875
PAN-2005,Panama,PAN,2005,1,0.0277938429371604,2.5923946078443016,83.4,23.437974050941467,0.4747230782043617,2.832299815992163,0.0,14.9945211833701
PAN-2006,Panama,PAN,2006,1,0.0277938429371604,3.45282380639898,84.1,23.534107658980027,2.855883247609569,2.5923946078443016,0.0,15.013372830962076
PAN-2007,Panama,PAN,2007,1,0.0277938429371604,3.021884821280801,84.8,23.649633107334616,2.457893464421021,3.45282380639898,0.0,15.03191328966874
PAN-2008,Panama,PAN,2008,1,0.0277938429371604,2.925173254909562,85.5,23.80138117590676,4.168633002988798,3.021884821280801,0.0,15.05025240277172
PAN-2009,Panama,PAN,2009,1,0.0277938429371604,2.071636215782052,86.3,23.970586367992222,8.758683177287796,2.925173254909562,0.0,15.068458937841315
PAN-2010,Panama,PAN,2010,1,0.0277938429371604,2.82868730204004,87.0,24.04798581853524,2.409053040822011,2.071636215782052,0.0,15.086501244769671
PAN-2011,Panama,PAN,2011,1,0.0277938429371604,3.2057581248955485,86.9,24.13213403919278,3.491288726188089,2.82868730204004,0.0,15.104339819106258
PAN-2012,Panama,PAN,2012,1,0.0277938429371604,2.792525132999407,88.6,24.298073001776423,5.875802436787632,3.2057581248955485,0.0,15.12208670042504
PAN-2013,Panama,PAN,2013,1,0.0277938429371604,2.7877793152776262,89.3,24.45125637563252,5.698199591659925,2.792525132999407,0.0,15.139731889456383
PAN-2014,Panama,PAN,2014,1,0.0277938429371604,2.967115801773856,89.1,24.572338318389825,4.027159915710606,2.7877793152776262,0.0148663619351819,15.157155296031146
PAN-2015,Panama,PAN,2015,1,0.0277938429371604,2.913091994150063,90.8,24.66343120312078,2.62652699929143,2.967115801773856,0.0277938429371604,15.174459929549965
PAN-2016,Panama,PAN,2016,1,0.0277938429371604,2.8691067596540223,91.6,24.74446258823808,0.1374920584615882,2.913091994150063,0.00371461934835,15.191763674098432
PAN-2017,Panama,PAN,2017,1,0.0277938429371604,2.547080902142399,92.4,24.813616746827712,0.7397340252999499,2.8691067596540223,0.0045778550895998,15.209050357387854
PAN-2018,Panama,PAN,2018,1,0.0277938429371604,2.554573919711272,93.7,24.88725599448935,0.8755859187599626,2.547080902142399,0.0,15.226182360061962
PAN-2019,Panama,PAN,2019,1,0.0277938429371604,2.6027694278375466,93.8,24.93267078660933,0.7615783593999447,2.554573919711272,0.0,15.242913512531024
PAN-2020,Panama,PAN,2020,1,0.0277938429371604,-1.7731536443247953,93.9,24.96859881575044,-0.3550838210212455,2.6027694278375466,0.0,15.258823281450695
PAN-2021,Panama,PAN,2021,1,0.0277938429371604,1.7259144111042162,95.3,24.767366492594952,-1.550275408037605,-1.7731536443247953,0.0,15.27255737492751
PAN-2022,Panama,PAN,2022,1,0.0277938429371604,1.8473137680111853,95.3,24.933857329708196,1.630703373018981,1.7259144111042162,0.0,15.284629753052794
PER-1993,Peru,PER,1993,2,3.13283320915742,1.52284797075788,70.1,24.30584828993305,73.52829424426415,-0.2179211154707008,1.2179342533227,16.94866904820875
PER-1994,Peru,PER,1994,2,3.13283320915742,2.6895418180299173,64.7489929199219,24.273804558416327,48.57998644688849,1.52284797075788,1.30479276893617,16.968835466729352
PER-1995,Peru,PER,1995,2,3.13283320915742,2.2716634377956786,66.0529327392578,24.52730443772645,23.73690505650459,2.6895418180299173,0.994850062611212,16.988614407345775
PER-1996,Peru,PER,1996,2,3.13283320915742,2.537165906378092,67.3548355102539,24.699442170992207,11.12870297070885,2.2716634377956786,0.921671598814834,17.00799805332649
PER-1997,Peru,PER,1997,2,3.13283320915742,2.013772731521692,67.0,24.735177871073887,11.53794241151773,2.537165906378092,1.11407545596255,17.026804593568784
PER-1998,Peru,PER,1998,2,3.13283320915742,1.806358301812805,69.16024,24.786249110076945,8.56218948953653,2.013772731521692,0.909550276779091,17.04529261310383
PER-1999,Peru,PER,1999,2,3.13283320915742,2.061573403195293,72.072063,24.73967530560817,7.24782175213469,1.806358301812805,0.50318964076563,17.063482786922332
PER-2000,Peru,PER,2000,2,3.13283320915742,1.2301732536380097,74.078523,24.63902833313312,3.46965996293019,2.061573403195293,0.885131390279513,17.080754759698063
PER-2001,Peru,PER,2001,2,3.13283320915742,1.529339544678614,72.5,24.66958879793832,3.757338333444744,1.2301732536380097,1.47089124400805,17.09635906501886
PER-2002,Peru,PER,2002,2,3.13283320915742,2.0789788768250683,72.1,24.675089363875824,1.977098785020532,1.529339544678614,1.05261095605344,17.110035526770627
PER-2003,Peru,PER,2003,2,3.13283320915742,1.5594942791660853,74.4,24.72654633961758,0.1931350038537219,2.0789788768250683,1.02180114719449,17.12196559190828
PER-2004,Peru,PER,2004,2,3.13283320915742,1.607471542758354,74.4,24.79623404630432,2.259377533630723,1.5594942791660853,1.07774091532319,17.132619232926583
PER-2005,Peru,PER,2005,2,3.13283320915742,1.9351522923083624,75.7,24.92450029720321,3.662473200922334,1.607471542758354,1.06753835340617,17.14242219269735
PER-2006,Peru,PER,2006,2,3.13283320915742,2.072812739863087,77.2,25.054796307618908,1.616301938625438,1.9351522923083624,1.34041583277284,17.151322161890555
PER-2007,Peru,PER,2007,2,3.13283320915742,2.3833183702867786,80.2,25.207885082116388,2.002258012488186,2.072812739863087,1.43686129313732,17.159237430030842
PER-2008,Peru,PER,2008,2,3.13283320915742,2.448685260022384,82.0,25.349913532568483,1.779986446803718,2.3833183702867786,1.30152657637918,17.166491258465275
PER-2009,Peru,PER,2009,2,3.13283320915742,2.373777596642696,84.7,25.515335417226424,5.785875982067553,2.448685260022384,1.51772504698259,17.173070945041996
PER-2010,Peru,PER,2010,2,3.13283320915742,2.4465423215465907,86.4,25.517592390127195,2.936231535966997,2.373777596642696,0.697970782680752,17.179241835579223
PER-2011,Peru,PER,2011,2,3.13283320915742,2.203392304500061,88.1,25.71728132753248,1.52832059732901,2.4465423215465907,0.792083877152532,17.18576820433559
PER-2012,Peru,PER,2012,2,3.13283320915742,2.6940244298381617,89.7,25.869374103691143,3.369310953338531,2.203392304500061,1.03123460325427,17.19323755231435
PER-2013,Peru,PER,2013,2,3.13283320915742,2.2637052281378414,91.1,25.98414102039637,3.611212949401632,2.6940244298381617,0.846764293465381,17.201606721367007
PER-2014,Peru,PER,2014,2,3.13283320915742,1.4973400337358078,92.1,26.02744371496274,2.767896660820019,2.2637052281378414,0.697556616786882,17.210620113023694
PER-2015,Peru,PER,2015,2,3.13283320915742,2.070953082142964,92.9,26.02550674923205,3.411945798074646,1.4973400337358078,0.701848750280175,17.220561405480876
PER-2016,Peru,PER,2016,2,3.13283320915742,2.009423626448013,93.9,25.9692524041722,3.398091947463076,2.070953082142964,0.235255947792189,17.2318461433014
PER-2017,Peru,PER,2017,2,3.13283320915742,2.0086850978812096,94.2,25.98023036180486,3.557176635562789,2.009423626448013,0.125482139363681,17.245181849377758
PER-2018,Peru,PER,2018,2,3.13283320915742,1.7472428020659585,94.8,26.075161808957358,2.994900458094428,2.0086850978812096,0.183583190148902,17.259915502414668
PER-2019,Peru,PER,2019,2,3.13283320915742,1.553734209015169,95.2,26.12862884236535,1.509154230247419,1.7472428020659585,0.309747444730138,17.278040859560125
PER-2020,Peru,PER,2020,2,3.13283320915742,0.4496359179922215,95.6,26.1541278857507,2.25212191358027,1.553734209015169,0.262076250939903,17.295189552502226
PER-2021,Peru,PER,2021,2,3.13283320915742,1.8662431724839996,96.2,26.028606952899217,2.002412057592918,0.4496359179922215,0.104811146749273,17.30711460166235
PER-2022,Peru,PER,2022,2,3.13283320915742,2.2367521656826828,95.6,26.14559601599793,4.271663815367978,1.8662431724839996,0.249104440244954,17.316730724914255
PHL-1994,Philippines,PHL,1994,4,0.237100244347381,1.519143331846549,65.4,24.850989228302627,6.716311041099733,1.4416652973861208,0.0634476756612458,18.028091712229767
PHL-1995,Philippines,PHL,1995,4,0.237100244347381,1.3239760971743932,68.0185546875,25.015905596954408,10.38647342995175,1.519143331846549,0.0229908401686568,18.049896617685256
PHL-1996,Philippines,PHL,1996,4,0.237100244347381,1.2504554876678022,69.1331176757813,25.161723946570987,6.831996109895336,1.3239760971743932,0.0122620602147757,18.071779038533453
PHL-1997,Philippines,PHL,1997,4,0.237100244347381,1.077555266079235,70.2449569702148,25.273431475939827,7.476103777879099,1.2504554876678022,0.0047987924871754,18.09481545622687
PHL-1998,Philippines,PHL,1998,4,0.237100244347381,1.8403874393779835,71.3533935546875,25.26769101801196,5.590259396506009,1.077555266079235,0.0037034398862424,18.118342607498672
PHL-1999,Philippines,PHL,1999,4,0.237100244347381,1.5027174982756852,71.3,25.033963162934626,9.234934322671212,1.8403874393779835,0.002146031953046,18.1434904399084
PHL-2000,Philippines,PHL,2000,4,0.237100244347381,1.3393262272949602,71.8741709275167,25.173420297935,5.939049017808082,1.5027174982756852,0.0037479554737241,18.169051011682665
PHL-2001,Philippines,PHL,2001,4,0.237100244347381,0.8549566732924971,74.7,25.15014379800393,3.977125032492797,1.3393262272949602,0.0104038241654931,18.19284367027425
PHL-2002,Philippines,PHL,2002,4,0.237100244347381,1.4867409722510525,75.7,25.09171615987597,5.345501955671419,0.8549566732924971,0.0144915389746712,18.21490412318876
PHL-2003,Philippines,PHL,2003,4,0.237100244347381,0.5388111290465296,76.7,25.15773483799813,2.722772277227651,1.4867409722510525,0.0953215148068828,18.23518082150135
PHL-2004,Philippines,PHL,2004,4,0.237100244347381,0.5885698048605639,76.6,25.18962319921881,2.289156626506071,0.5388111290465296,0.0995952840686412,18.255001956770283
PHL-2005,Philippines,PHL,2005,4,0.237100244347381,1.221672350031627,87.6,25.277163777655225,4.829210836277951,0.5885698048605639,0.120921357203037,18.27443463221471
PHL-2006,Philippines,PHL,2006,4,0.237100244347381,1.4964402186860035,79.8,25.40001201028207,6.516853932584333,1.221672350031627,0.208173196873912,18.29302875371917
PHL-2007,Philippines,PHL,2007,4,0.237100244347381,1.3845105860133662,80.2,25.57258090531488,5.485232067510502,1.4964402186860035,0.189561366939243,18.309849591611812
PHL-2008,Philippines,PHL,2008,4,0.237100244347381,0.6833590658417845,82.0,25.772996250888948,2.900000000000028,1.3845105860133662,0.175523561601761,18.327195932149728
PHL-2009,Philippines,PHL,2009,4,0.237100244347381,0.9987337519745548,83.3,25.92520790145476,8.260447035957249,0.6833590658417845,0.237100244347381,18.34486927860072
PHL-2010,Philippines,PHL,2010,4,0.237100244347381,0.4934300474632747,84.3,25.89360638921062,4.21903052064628,0.9987337519745548,0.157110268663192,18.3628847845705
PHL-2011,Philippines,PHL,2011,4,0.237100244347381,0.7765337108736563,85.5,26.062575870579604,3.789836347975908,0.4934300474632747,0.174056441360051,18.383364326875824
PHL-2012,Philippines,PHL,2012,4,0.237100244347381,1.0335419657040688,87.2,26.17951272147799,4.7184170471842,0.7765337108736563,0.225427511195249,18.40301171192217
PHL-2013,Philippines,PHL,2013,4,0.237100244347381,1.088426796997565,87.1,26.291307015944437,3.026963911247963,1.0335419657040688,0.158243887624787,18.422434335511557
PHL-2014,Philippines,PHL,2014,4,0.237100244347381,1.4115975252169646,87.5,26.371897863706867,2.582687661417947,1.088426796997565,0.131161173186058,18.441231493296232
PHL-2015,Philippines,PHL,2015,4,0.237100244347381,1.3697890888266746,89.8,26.41862478423303,3.597823438642111,1.4115975252169646,0.135190051391655,18.45765982151688
PHL-2016,Philippines,PHL,2016,4,0.237100244347381,1.68320742584826,89.1,26.448306973931533,0.6741925368454084,1.3697890888266746,0.0435510310012169,18.472447359805635
PHL-2017,Philippines,PHL,2017,4,0.237100244347381,1.856454404735983,92.0,26.4872869860654,1.253698800809817,1.68320742584826,0.0331707917845771,18.48586643063313
PHL-2018,Philippines,PHL,2018,4,0.237100244347381,1.7759681014936737,93.0,26.517744033284902,2.853187725909474,1.856454404735983,0.0417218027567957,18.49874944917984
PHL-2019,Philippines,PHL,2019,4,0.237100244347381,1.5707469404591698,94.2,26.57213488363415,5.309346616277067,1.7759681014936737,0.0571201423493892,18.51111805239805
PHL-2020,Philippines,PHL,2020,4,0.237100244347381,1.391395157854857,95.3,26.655042485575997,2.392065344224044,1.5707469404591698,0.0343292239111028,18.52327960575215
PHL-2021,Philippines,PHL,2021,4,0.237100244347381,1.831266618877909,96.4,26.61422236887344,2.393162393162403,1.391395157854857,0.0120548345049257,18.534734746510345
PHL-2022,Philippines,PHL,2022,4,0.237100244347381,1.5890590728418754,97.5,26.699838447172237,3.927180221003324,1.831266618877909,0.0341868982411901,18.543791349539063
PNG-1997,Papua New Guinea,PNG,1997,1,15.1343158261002,0.5459918827403728,11.0,22.36329329757816,11.62417829084481,1.500507397030115,10.3285381227809,15.38690635842178
PNG-1998,Papua New Guinea,PNG,1998,1,15.1343158261002,1.7824157695566285,2.15848255157471,22.31994577133041,3.964378052284091,0.5459918827403728,6.63547270216546,15.42252232969769
PNG-1999,Papua New Guinea,PNG,1999,1,15.1343158261002,2.84494085209535,4.29508972167969,22.055484883662107,13.57419176568089,1.7824157695566285,4.33852138425411,15.457684936959236
PNG-2000,Papua New Guinea,PNG,2000,1,15.1343158261002,1.7329585813436057,6.42685508728027,21.96944667783737,14.9321817407701,2.84494085209535,9.35013445235168,15.492482625141855
PNG-2001,Papua New Guinea,PNG,2001,1,15.1343158261002,1.4660927257236025,12.4,21.98210735075985,15.59589331075352,1.7329585813436057,15.1343158261002,15.526975134945156
PNG-2002,Papua New Guinea,PNG,2002,1,15.1343158261002,0.6296799542981091,12.7,21.84852791548145,9.298173327839685,1.4660927257236025,10.0494445711599,15.560953102044278
PNG-2003,Papua New Guinea,PNG,2003,1,15.1343158261002,2.265825726433103,13.1,21.821715126063363,11.79944709726063,0.6296799542981091,8.30071007566483,15.594523129589044
PNG-2004,Papua New Guinea,PNG,2004,1,15.1343158261002,0.7548957548033526,13.4,21.98637844136993,14.70907796635569,2.265825726433103,8.5315713263891,15.627725709175726
PNG-2005,Papua New Guinea,PNG,2005,1,15.1343158261002,0.7494175342497021,13.8,22.09118181238734,2.158931312669455,0.7548957548033526,9.98265210787866,15.660501425575742
PNG-2006,Papua New Guinea,PNG,2006,1,15.1343158261002,1.2159828104104384,14.1,22.30551608626025,1.780804399258265,0.7494175342497021,13.5759956853375,15.69282153353361
PNG-2007,Papua New Guinea,PNG,2007,1,15.1343158261002,1.1196047178488495,12.4,22.84611535162433,2.368462384168295,1.2159828104104384,9.32165114223731,15.724715376209367
PNG-2008,Papua New Guinea,PNG,2008,1,15.1343158261002,0.3993692012849191,14.9,22.97928632663349,0.9113504556752402,1.1196047178488495,8.10660630103675,15.756170663915162
PNG-2009,Papua New Guinea,PNG,2009,1,15.1343158261002,1.996832149542716,15.3,23.180363784305825,10.76141823268266,0.3993692012849191,8.52783686957129,15.787228098709642
PNG-2010,Papua New Guinea,PNG,2010,1,15.1343158261002,0.2472237330266151,17.2,23.17594681019055,6.918325326012237,1.996832149542716,4.00467749044639,15.817860314961417
PNG-2011,Papua New Guinea,PNG,2011,1,15.1343158261002,0.2011376959533673,19.5,23.38007794745497,6.013608935678564,0.2472237330266151,4.61457234233034,15.848060157710348
PNG-2012,Papua New Guinea,PNG,2012,1,15.1343158261002,0.1348177075191644,17.3,23.612811590842675,4.44083401028971,0.2011376959533673,4.85140837264189,15.87721408207374
PNG-2013,Papua New Guinea,PNG,2013,1,15.1343158261002,0.1257377474884361,17.5,23.781746060775063,4.537205081669719,0.1348177075191644,3.56540758499502,15.905074569145915
PNG-2014,Papua New Guinea,PNG,2014,1,15.1343158261002,0.1264867504135935,17.8,23.78015614606776,4.960317460317502,0.1257377474884361,3.43617432270382,15.932091200629923
PNG-2015,Papua New Guinea,PNG,2015,1,15.1343158261002,0.1377915836019187,18.1,23.867884558037662,5.222117202268408,0.1264867504135935,4.5168090264406,15.958330807833592
PNG-2016,Papua New Guinea,PNG,2016,1,15.1343158261002,-0.1873196365411913,18.4,23.80165756125651,5.995957781271074,0.1377915836019187,2.27122940050953,15.983792188936338
PNG-2017,Papua New Guinea,PNG,2017,1,15.1343158261002,-0.7234559765184703,13.5,23.75623979713454,6.673728813559295,-0.1873196365411913,1.86576642511912,16.008472619228314
PNG-2018,Papua New Guinea,PNG,2018,1,15.1343158261002,1.0611734622938018,19.2,23.84751001388712,5.422045680238336,-0.7234559765184703,2.22581954930201,16.032397774585302
PNG-2019,Papua New Guinea,PNG,2019,1,15.1343158261002,1.1120275736110756,16.6,23.90588343366166,4.374489214531625,1.0611734622938018,2.22689061511957,16.05563645984825
PNG-2020,Papua New Guinea,PNG,2020,1,15.1343158261002,0.4576509574582938,23.6,23.932116619818096,3.928672909395973,1.1120275736110756,1.5719422304623,16.078211862018872
PNG-2021,Papua New Guinea,PNG,2021,1,15.1343158261002,-0.1314240899873189,20.5,23.89498497252392,4.871673985655547,0.4576509574582938,0.709889074758713,16.099498490794595
PNG-2022,Papua New Guinea,PNG,2022,1,15.1343158261002,2.0373159752141268,20.9,23.98571479247032,4.483590140423982,-0.1314240899873189,1.87502650776602,16.119384520009646
POL-1991,Poland,POL,1991,0,0.0680195690834472,0.3340970078769921,100.0,24.91258337381536,567.878800666191,0.1344881811148063,0.0167916861938739,17.456007818427487
POL-1992,Poland,POL,1992,0,0.0680195690834472,0.6679185769710999,100.0,25.171793159448978,76.76949920873469,0.3340970078769921,0.0093176477666693,17.459554610018067
POL-1993,Poland,POL,1993,0,0.0680195690834472,1.34345319163683,100.0,25.270139851798184,46.09856210374306,0.6679185769710999,0.0097763457104261,17.462621423846127
POL-1994,Poland,POL,1994,0,0.0680195690834472,1.29685013952533,100.0,25.288063482330767,36.96416661207178,1.34345319163683,0.0142175417105698,17.465165932919263
POL-1995,Poland,POL,1995,0,0.0680195690834472,1.6698812537423473,100.0,25.431025420185463,32.99127660935228,1.29685013952533,0.0112970514764707,17.467276056152652
POL-1996,Poland,POL,1996,0,0.0680195690834472,1.752650506407931,100.0,25.68498064819726,27.95138856330397,1.6698812537423473,0.0111794366658501,17.468633266456
POL-1997,Poland,POL,1997,0,0.0680195690834472,1.8405961268973148,100.0,25.80350819926635,19.79496691967066,1.752650506407931,0.0133583590986962,17.46939400825994
POL-1998,Poland,POL,1998,0,0.0680195690834472,2.0038984810479765,100.0,25.797776713221115,14.91315861495998,1.8405961268973148,0.011582347033565,17.470048561937247
POL-1999,Poland,POL,1999,0,0.0680195690834472,2.173830597757612,100.0,25.88966348096198,11.59785542572359,2.0038984810479765,0.0040010504471849,17.470406094941623
POL-2000,Poland,POL,2000,0,0.0680195690834472,2.3875384469278305,100.0,25.86319955144276,7.15407291179853,2.173830597757612,0.0150485769674635,17.470323067415517
POL-2001,Poland,POL,2001,0,0.0680195690834472,1.8055595600064855,100.0,25.876288765495527,9.900175388430652,2.3875384469278305,0.0465319775920722,17.45987971370328
POL-2002,Poland,POL,2002,0,0.0680195690834472,1.4651741766549575,100.0,25.97983995335417,5.408335455661495,1.8055595600064855,0.0366402877333744,17.45960384246321
POL-2003,Poland,POL,2003,0,0.0680195690834472,1.6313058237843434,100.0,26.020054351678706,1.905282150480542,1.4651741766549575,0.0319240191640549,17.45914065310282
POL-2004,Poland,POL,2004,0,0.0680195690834472,2.3901047326292524,99.9,26.11033202275431,0.6827013757876321,1.6313058237843434,0.0369313368575611,17.45846572610402
POL-2005,Poland,POL,2005,0,0.0680195690834472,1.9918766096559075,99.9,26.26949216922163,3.382646818846991,2.3901047326292524,0.0493919088310566,17.457880598768064
POL-2006,Poland,POL,2006,0,0.0680195690834472,2.5253956906746544,99.8,26.45011330163951,2.183798723902509,1.9918766096559075,0.0578824280780389,17.457441109246254
POL-2007,Poland,POL,2007,0,0.0680195690834472,2.4625977161612647,99.8,26.569408703306006,1.284693943664164,2.5253956906746544,0.0615454869644112,17.45680740351994
POL-2008,Poland,POL,2008,0,0.0680195690834472,1.7263203995691532,99.8,26.786388342696096,2.458743123853899,2.4625977161612647,0.0473205232861409,17.45626435332614
POL-2009,Poland,POL,2009,0,0.0680195690834472,1.8741974580936716,99.8,27.00667591255912,4.164971935247787,1.7263203995691532,0.0547816525517377,17.45640072711939
POL-2010,Poland,POL,2010,0,0.0680195690834472,2.081260152224733,100.0,26.812064587431475,3.795392424833992,1.8741974580936716,0.031855529279931,17.457078359371835
POL-2011,Poland,POL,2011,0,0.0680195690834472,1.9851230145932883,100.0,26.89311007916924,2.580693702505478,2.081260152224733,0.0346450541991475,17.454222268231455
POL-2012,Poland,POL,2012,0,0.0680195690834472,1.210666480981616,100.0,26.9920752291708,4.239401496259321,1.9851230145932883,0.0482151843545218,17.454759965306106
POL-2013,Poland,POL,2013,0,0.0680195690834472,0.2561723836146335,100.0,26.93416436281162,3.560371517027928,1.210666480981616,0.0514476768766974,17.454757574546136
POL-2014,Poland,POL,2014,0,0.0680195690834472,2.057899355656168,100.0,26.973588193484414,0.991982606332335,0.2561723836146335,0.0680195690834472,17.454153974387253
POL-2015,Poland,POL,2015,0,0.0680195690834472,1.907957067053817,100.0,27.01877934867468,0.0538213132399802,2.057899355656168,0.0603215388253716,17.453405512114017
POL-2016,Poland,POL,2016,0,0.0680195690834472,2.049114208814537,100.0,26.89716468154364,-0.8741258741258624,1.907957067053817,0.0284289039455379,17.452739101121896
POL-2017,Poland,POL,2017,0,0.0680195690834472,1.6009928484155556,100.0,26.88290996275567,-0.664767331433962,2.049114208814537,0.0235512516028107,17.452309249824474
POL-2018,Poland,POL,2018,0,0.0680195690834472,1.9231137409413008,100.0,26.993037504772023,2.075935536738593,1.6009928484155556,0.0316721725753569,17.45243405080703
POL-2019,Poland,POL,2019,0,0.0680195690834472,1.8662205140700352,100.0,27.11118271966883,1.812951565426885,1.9231137409413008,0.0456118701886835,17.452432049479256
POL-2020,Poland,POL,2020,0,0.0680195690834472,1.9136123775211584,100.0,27.12465846849457,2.227478809382914,1.8662205140700352,0.0402025974033284,17.452187778414693
POL-2021,Poland,POL,2021,0,0.0680195690834472,2.3958233458341893,100.0,27.130004291391263,3.37446972618589,1.9136123775211584,0.0207199460419149,17.440271376109855
POL-2022,Poland,POL,2022,0,0.0680195690834472,2.492808626950873,100.0,27.258754146625435,5.055027047192721,2.3958233458341893,0.0413524772617714,17.42592996799834
PRT-1991,Portugal,PRT,1991,1,0.0714397773870135,1.7341807021137217,100.0,25.08908509144494,13.6305705693074,1.9138432668165215,0.0,16.116416141371342
PRT-1992,Portugal,PRT,1992,1,0.0714397773870135,1.3215396233657517,100.0,25.21452347914547,11.84948417736744,1.7341807021137217,0.0,16.11411132405918
PRT-1993,Portugal,PRT,1993,1,0.0714397773870135,1.256614597889358,100.0,25.40161304617921,9.559260331775164,1.3215396233657517,0.0,16.113333831470147
PRT-1994,Portugal,PRT,1994,1,0.0714397773870135,1.0623012282645945,100.0,25.277245374881364,6.783779946654083,1.256614597889358,0.0,16.114556997302152
PRT-1995,Portugal,PRT,1995,1,0.0714397773870135,0.5512074173878804,100.0,25.325317578691116,5.420440192416256,1.0623012282645945,0.0,16.117247891711976
PRT-1996,Portugal,PRT,1996,1,0.0714397773870135,1.0670923127760985,100.0,25.49498388852205,4.222816140994875,0.5512074173878804,0.0,16.120709930749097
PRT-1997,Portugal,PRT,1997,1,0.0714397773870135,1.5768266885314104,100.0,25.532438260035992,3.068977325097857,1.0670923127760985,0.0,16.124469892248186
PRT-1998,Portugal,PRT,1998,1,0.0714397773870135,2.2923063051697032,100.0,25.485581087946173,2.336862983141135,1.5768266885314104,0.0,16.128934497855262
PRT-1999,Portugal,PRT,1999,1,0.0714397773870135,0.5525314653747785,100.0,25.5431144694728,2.572752259091311,2.2923063051697032,0.0,16.133988389690412
PRT-2000,Portugal,PRT,2000,1,0.0714397773870135,2.515922863433632,100.0,25.571149904434115,2.340094903121695,0.5525314653747785,0.0,16.13964469355962
PRT-2001,Portugal,PRT,2001,1,0.0714397773870135,2.317839648804528,100.0,25.499066107360857,2.853030392871556,2.515922863433632,0.0,16.14667329240735
PRT-2002,Portugal,PRT,2002,1,0.0714397773870135,0.423375346255723,100.0,25.52403658194424,4.369903305517917,2.317839648804528,0.0,16.153725598097637
PRT-2003,Portugal,PRT,2003,1,0.0714397773870135,2.534746026074108,100.0,25.627025138373277,3.600346582909154,0.423375346255723,0.0,16.15920227696719
PRT-2004,Portugal,PRT,2004,1,0.0714397773870135,1.0858963257424237,100.0,25.83058113304713,3.218990906828952,2.534746026074108,0.0,16.16295639075613
PRT-2005,Portugal,PRT,2005,1,0.0714397773870135,1.3045725497546603,100.0,25.967032623238985,2.365362040972997,1.0858963257424237,0.0,16.165347680423885
PRT-2006,Portugal,PRT,2006,1,0.0714397773870135,2.558011399601273,100.0,26.007757450248192,2.277163948878382,1.3045725497546603,0.0001123057819766,16.167203002913624
PRT-2007,Portugal,PRT,2007,1,0.0714397773870135,1.6475768130873176,100.0,26.064434094939536,3.1076654587105,2.558011399601273,0.009802601641711,16.169006327156865
PRT-2008,Portugal,PRT,2008,1,0.0714397773870135,1.808573906495425,100.0,26.20596990689772,2.453965281387463,1.6475768130873176,0.0132250729170734,16.17096937081536
PRT-2009,Portugal,PRT,2009,1,0.0714397773870135,1.590558806267059,100.0,26.29700186663101,2.588506576579558,1.808573906495425,0.0298507363601294,16.172411283477228
PRT-2010,Portugal,PRT,2010,1,0.0714397773870135,2.0383307469132705,100.0,26.223167057141133,-0.8355300215041566,1.590558806267059,0.0046028735659451,16.173364591979354
PRT-2011,Portugal,PRT,2011,1,0.0714397773870135,2.1505286202412486,100.0,26.197399752671117,1.402572898953722,2.0383307469132705,0.0338886834591529,16.173823692303106
PRT-2012,Portugal,PRT,2012,1,0.0714397773870135,2.6741259586127333,100.0,26.226264441013075,3.6530110043073,2.1505286202412486,0.0714397773870135,16.172352843656565
PRT-2013,Portugal,PRT,2013,1,0.0714397773870135,2.5611193186920835,100.0,26.101025777768445,2.773338540515764,2.6741259586127333,0.0566415168053355,16.16829862616388
PRT-2014,Portugal,PRT,2014,1,0.0714397773870135,2.3949995710148526,100.0,26.146793734852423,0.2744166666666631,2.5611193186920835,0.0588929000862641,16.162810474577736
PRT-2015,Portugal,PRT,2015,1,0.0714397773870135,0.5987920410114563,100.0,26.16168689746881,-0.2781533674674283,2.3949995710148526,0.0587105859995099,16.15741857042682
PRT-2016,Portugal,PRT,2016,1,0.0714397773870135,1.982839448937736,100.0,26.016764226456832,0.4879386239047196,0.5987920410114563,0.0246227517816,16.153277159805885
PRT-2017,Portugal,PRT,2017,1,0.0714397773870135,2.3164343142324992,100.0,26.05262358359243,0.6073970746417185,1.982839448937736,0.0185088381110048,16.15012256994094
PRT-2018,Portugal,PRT,2018,1,0.0714397773870135,1.9562942090458968,100.0,26.120808394939928,1.368614116434816,2.3164343142324992,0.0283872427651081,16.147683676073843
PRT-2019,Portugal,PRT,2019,1,0.0714397773870135,2.210191985919879,100.0,26.212587351198625,0.9937156834682334,1.9562942090458968,0.0422964969836641,16.146082636017937
PRT-2020,Portugal,PRT,2020,1,0.0714397773870135,1.3572898654560777,100.0,26.2043878521808,0.3381784100461243,2.210191985919879,0.0375136266059601,16.146319970941356
PRT-2021,Portugal,PRT,2021,1,0.0714397773870135,1.9950708711435268,100.0,26.15968626383131,-0.0124383299576209,1.3572898654560777,0.023939484713493,16.14737111209169
PRT-2022,Portugal,PRT,2022,1,0.0714397773870135,2.32872044582686,100.0,26.26866153531053,1.265657190690439,1.9950708711435268,0.0518131827535177,16.15363961313916
PRY-1996,Paraguay,PRY,1996,3,0.21578841647676,1.154277199590722,77.469114,22.927370191585688,13.42541436464065,0.9113169857985638,0.0,15.337167415464473
PRY-1997,Paraguay,PRY,1997,3,0.21578841647676,1.5770586474634245,86.2600555419922,23.00446300844465,9.799683390160828,1.154277199590722,0.0,15.360419335883416
PRY-1998,Paraguay,PRY,1998,3,0.21578841647676,2.01350324635374,86.412854,23.022367437524917,6.949566085341176,1.5770586474634245,0.0,15.382961839619185
PRY-1999,Paraguay,PRY,1999,3,0.21578841647676,0.8719750057016471,87.7623672485352,22.949021890021644,11.55326843558391,2.01350324635374,0.0,15.404751069189226
PRY-2000,Paraguay,PRY,2000,3,0.21578841647676,1.0269978094800576,88.518177,22.90222123745555,6.752265861027248,0.8719750057016471,0.0,15.42557547379066
PRY-2001,Paraguay,PRY,2001,3,0.21578841647676,0.9950874538315058,89.6,22.904327736920248,8.982159767500224,1.0269978094800576,0.0033852367083102,15.444921475336322
PRY-2002,Paraguay,PRY,2002,3,0.21578841647676,1.051465237609719,91.0,22.862838517898396,7.268060285848253,0.9950874538315058,0.0012965948720607,15.46179906935638
PRY-2003,Paraguay,PRY,2003,3,0.21578841647676,-0.6933005294970525,91.7,22.69682737498089,10.51024208566119,1.051465237609719,0.0016351759841967,15.475894214397284
PRY-2004,Paraguay,PRY,2004,3,0.21578841647676,0.8646313303721883,92.6,22.763364429385827,14.23679704991427,-0.6933005294970525,0.0016823879677269,15.48819309230926
PRY-2005,Paraguay,PRY,2005,3,0.21578841647676,0.0679337646717804,93.2,22.987571620606,4.323264929674911,0.8646313303721883,0.0088571448814193,15.499717481160785
PRY-2006,Paraguay,PRY,2006,3,0.21578841647676,1.137064058276089,94.7,23.097008141869107,6.80738203116377,0.0679337646717804,0.0721023170796774,15.510777114902268
PRY-2007,Paraguay,PRY,2007,3,0.21578841647676,0.5585290627714666,96.7,23.320714408104543,9.589349411292291,1.137064058276089,0.093411156274331,15.521194394075993
PRY-2008,Paraguay,PRY,2008,3,0.21578841647676,1.3673305722827882,96.5,23.60562744555256,8.130474176985771,0.5585290627714666,0.101460877412438,15.530998408350028
PRY-2009,Paraguay,PRY,2009,3,0.21578841647676,0.7793493196343426,96.7,23.926632724139523,10.15478464890229,1.3673305722827882,0.157606646082066,15.540698329440156
PRY-2010,Paraguay,PRY,2010,3,0.21578841647676,1.7402799880521234,96.9,23.83032260854168,2.591946734305668,0.7793493196343426,0.111570934639677,15.550917817694073
PRY-2011,Paraguay,PRY,2011,3,0.21578841647676,1.4250354040214188,97.4,24.02871877942225,4.651162790697648,1.7402799880521234,0.143936547562155,15.5626163957625
PRY-2012,Paraguay,PRY,2012,3,0.21578841647676,1.6879448985994532,98.2,24.242431089552227,8.2539682539683,1.4250354040214188,0.198340645226439,15.57588719742356
PRY-2013,Paraguay,PRY,2013,3,0.21578841647676,0.971944585345065,97.8,24.227979669142417,3.675918979744956,1.6879448985994532,0.21578841647676,15.58995583118124
PRY-2014,Paraguay,PRY,2014,3,0.21578841647676,1.65224716326207,99.0,24.373953224371867,2.683857387185824,0.971944585345065,0.191256763032491,15.60434007239714
PRY-2015,Paraguay,PRY,2015,3,0.21578841647676,1.5393453650375155,99.0,24.42154916809625,5.028827674567662,1.65224716326207,0.179139183622576,15.618838190562627
PRY-2016,Paraguay,PRY,2016,3,0.21578841647676,1.5583824640207369,99.3,24.31264114448956,3.129002744739254,1.5393453650375155,0.102441199876795,15.63344187038471
PRY-2017,Paraguay,PRY,2017,3,0.21578841647676,1.4195934267141388,98.4,24.309273349219872,4.086822805772415,1.5583824640207369,0.0771925125540579,15.647952331956423
PRY-2018,Paraguay,PRY,2018,3,0.21578841647676,0.7228422479164092,99.3,24.38675387715069,3.602477413489428,1.4195934267141388,0.0454333185625002,15.662178105369644
PRY-2019,Paraguay,PRY,2019,3,0.21578841647676,1.066337916131044,99.6,24.41776567560817,3.975610157406939,0.7228422479164092,0.0698851710974406,15.676078014922666
PRY-2020,Paraguay,PRY,2020,3,0.21578841647676,0.7456741015785572,99.7,24.3588852831735,2.757097275627747,1.066337916131044,0.0593329259382367,15.689626824524636
PRY-2021,Paraguay,PRY,2021,3,0.21578841647676,1.173750691121746,99.7,24.29088622921457,1.767515923566983,0.7456741015785572,0.0299623174238903,15.703146713168394
PRY-2022,Paraguay,PRY,2022,3,0.21578841647676,1.4630929214734574,100.0,24.410577994914934,4.787983101235999,1.173750691121746,0.0729632593043703,15.71525454713771
PSE-1998,West Bank and Gaza,PSE,1998,1,0.0,2.339006297541573,97.9,22.04763160171011,7.087005912057088,2.1729900234525057,0.0,14.811173865331236
PSE-1999,West Bank and Gaza,PSE,1999,1,0.0,2.196662541842799,98.5392990112305,22.126368149961504,5.579645058382677,2.339006297541573,0.0,14.836726550786668
PSE-2000,West Bank and Gaza,PSE,2000,1,0.0,1.159553539934731,98.6231536865234,22.175160655384374,5.544391803687468,2.196662541842799,0.0,14.862279225404196
PSE-2001,West Bank and Gaza,PSE,2001,1,0.0,0.4623206342740661,99.7,22.18503865947403,2.798198924357577,1.159553539934731,0.0,14.887831573531647
PSE-2002,West Bank and Gaza,PSE,2002,1,0.0,0.2624581462877108,99.1,22.110484770767204,1.222784758788984,0.4623206342740661,0.0,14.913384240596756
PSE-2003,West Bank and Gaza,PSE,2003,1,0.0,0.3189593586689296,99.2,21.99184591032797,5.709515859766259,0.2624581462877108,0.0,14.938937077843171
PSE-2004,West Bank and Gaza,PSE,2004,1,0.0,0.4322042951164119,99.1,22.10152802662105,4.40303221730888,0.3189593586689296,0.0,14.96448954519592
PSE-2005,West Bank and Gaza,PSE,2005,1,0.0,0.6584443448065699,99.5,22.24999582672476,3.004174986385933,0.4322042951164119,0.0,14.990042296117505
PSE-2006,West Bank and Gaza,PSE,2006,1,0.0,0.3409072197265287,99.6,22.3575329382049,4.10725070715931,0.6584443448065699,0.0,15.015594912057008
PSE-2007,West Bank and Gaza,PSE,2007,1,0.0,0.3308793367048583,99.7,22.4000445905365,3.842341256247821,0.3409072197265287,0.0,15.041147491210785
PSE-2008,West Bank and Gaza,PSE,2008,1,0.0,0.6564189019538075,98.8,22.483826994176,1.859743793511109,0.3308793367048583,0.0,15.066700003407036
PSE-2009,West Bank and Gaza,PSE,2009,1,0.0,2.023437699102874,99.8,22.712563828910078,9.889997886918492,0.6564189019538075,0.0,15.094213583663867
PSE-2010,West Bank and Gaza,PSE,2010,1,0.0,1.378553704935264,99.9,22.8133629064379,2.753934850831509,2.023437699102874,0.0,15.120893083828648
PSE-2011,West Bank and Gaza,PSE,2011,1,0.0,1.5024952953054882,99.9,22.993482685011017,3.74915727597096,1.378553704935264,0.0,15.146863399059429
PSE-2012,West Bank and Gaza,PSE,2012,1,0.0,0.495404042950223,99.7,23.13793777314136,2.8772435849594,1.5024952953054882,0.0,15.17211526078134
PSE-2013,West Bank and Gaza,PSE,2013,1,0.0,1.1394570039303151,99.8,23.22539007643339,2.779087682824923,0.495404042950223,0.0,15.196792126004308
PSE-2014,West Bank and Gaza,PSE,2014,1,0.0,0.9780674979223692,99.9,23.327103011994925,1.724399336269308,1.1394570039303151,0.0,15.220800603242228
PSE-2015,West Bank and Gaza,PSE,2015,1,0.0,0.6939756176578703,99.9,23.361587181576866,1.732985100374472,0.9780674979223692,0.0,15.244241369668607
PSE-2016,West Bank and Gaza,PSE,2016,1,0.0,1.4093417214666475,99.9,23.36034979223872,1.431611458104765,0.6939756176578703,0.0,15.267146164827114
PSE-2017,West Bank and Gaza,PSE,2017,1,0.0,0.9773619246444846,100.0,23.45798393431844,-0.2191066049073156,1.4093417214666475,0.0,15.28960721238368
PSE-2018,West Bank and Gaza,PSE,2018,1,0.0,1.0750705337369924,99.9,23.50382272889737,0.212570934228881,0.9773619246444846,0.0,15.309494071361987
PSE-2019,West Bank and Gaza,PSE,2019,1,0.0,0.7088486106108575,100.0,23.5129943305622,-0.1951077737307347,1.0750705337369924,0.0,15.33482418059193
PSE-2020,West Bank and Gaza,PSE,2020,1,0.0,0.4931949550890049,100.0,23.56430144837693,1.580183336394551,0.7088486106108575,0.0,15.359941999789523
PSE-2021,West Bank and Gaza,PSE,2021,1,0.0,1.4219340626713597,100.0,23.466148933731024,-0.7353320010921907,0.4931949550890049,0.0,15.384807493932676
PSE-2022,West Bank and Gaza,PSE,2022,1,0.0,1.2604793989635843,100.0,23.61967488926084,1.237481028313685,1.4219340626713597,0.0,15.409377875407417
QAT-1991,Qatar,QAT,1991,1,48.6558768141096,0.5841967361351192,100.0,22.719385490925525,3.000968054211097,0.0662519107791782,48.6558768141096,12.994929925915772
QAT-1992,Qatar,QAT,1992,1,48.6558768141096,0.4969388196920442,100.0,22.652395475251428,4.417293233082545,0.5841967361351192,27.8476783265963,13.027731767319487
QAT-1993,Qatar,QAT,1993,1,48.6558768141096,0.8861483190788231,100.0,22.757468593278187,3.060306030603112,0.4969388196920442,28.2611526136542,13.059760049239046
QAT-1994,Qatar,QAT,1994,1,48.6558768141096,1.344563877994042,100.0,22.69129992363687,-0.8733624454148003,0.8861483190788231,27.8285185550461,13.090967649046588
QAT-1995,Qatar,QAT,1995,1,48.6558768141096,0.983356581819866,100.0,22.72128723476309,1.32158590308376,1.344563877994042,27.8536283294125,13.121282793784085
QAT-1996,Qatar,QAT,1996,1,48.6558768141096,2.0297892155207444,100.0,22.819799483925426,2.956521739130301,0.983356581819866,26.8649643256338,13.150612584636464
QAT-1997,Qatar,QAT,1997,1,48.6558768141096,2.019979359468783,100.0,22.92706217955625,4.904534606205324,2.0297892155207444,36.8699208406966,13.178781517309128
QAT-1998,Qatar,QAT,1998,1,48.6558768141096,1.934056645115502,100.0,23.147874048066747,4.83448981913322,2.019979359468783,33.9039217305219,13.218584051673648
QAT-1999,Qatar,QAT,1999,1,48.6558768141096,0.8190985625956906,100.0,23.05107944832176,2.951388888888905,1.934056645115502,26.4784043103748,13.271715706394293
QAT-2000,Qatar,QAT,2000,1,48.6558768141096,1.1476363717846796,100.0,23.240408274586745,2.181703204047225,0.8190985625956906,32.8896055971835,13.325305854052749
QAT-2001,Qatar,QAT,2001,1,48.6558768141096,1.293181153439788,100.0,23.600208387041413,1.650335224342319,1.1476363717846796,40.7661397416806,13.376990091781757
QAT-2002,Qatar,QAT,2002,1,48.6558768141096,1.8864364198656656,100.0,23.58766210849633,1.47133434804683,1.293181153439788,34.9268648116195,13.42679341642306
QAT-2003,Qatar,QAT,2003,1,48.6558768141096,1.7034536549313262,100.0,23.68666788905589,0.2399999999999517,1.8864364198656656,31.8348108510858,13.47471739959169
QAT-2004,Qatar,QAT,2004,1,48.6558768141096,2.039460092174924,100.0,23.88170314909493,2.264565043894687,1.7034536549313262,33.8929726986092,13.520713903453752
QAT-2005,Qatar,QAT,2005,1,48.6558768141096,2.42627299188373,100.0,24.180656575998192,6.799336650082785,2.039460092174924,34.825040164201,13.558465023939808
QAT-2006,Qatar,QAT,2006,1,48.6558768141096,2.449620566880894,100.0,24.51944006123733,8.81439532334683,2.42627299188373,38.1771562134119,13.623634300045389
QAT-2007,Qatar,QAT,2007,1,48.6558768141096,2.474576736805998,100.0,24.83220574794451,11.83580961974312,2.449620566880894,34.1520126219521,13.78796668438986
QAT-2008,Qatar,QAT,2008,1,48.6558768141096,1.9028953003509677,100.0,25.101683632434177,13.75816257599642,2.474576736805998,30.8003611618771,14.004969913289688
QAT-2009,Qatar,QAT,2009,1,48.6558768141096,2.813925687671732,100.0,25.47054113291034,15.05014515703332,1.9028953003509677,32.6040710093919,14.17104214852357
QAT-2010,Qatar,QAT,2010,1,48.6558768141096,2.0277349586481304,100.0,25.30617355954404,-4.863278016225647,2.813925687671732,23.0165618959946,14.291063759806711
QAT-2011,Qatar,QAT,2011,1,48.6558768141096,0.5336909303960994,100.0,25.55255711828284,-2.425256751617138,2.0277349586481304,26.6026039782648,14.295979855551032
QAT-2012,Qatar,QAT,2012,1,48.6558768141096,0.210334402698525,100.0,25.84589127045785,1.13836623529202,0.5336909303960994,29.9468705202351,14.300871901480974
QAT-2013,Qatar,QAT,2013,1,48.6558768141096,-0.4111965403826506,100.0,25.953483695501813,2.315348534316611,0.210334402698525,28.3389822463275,14.359251867599912
QAT-2014,Qatar,QAT,2014,1,48.6558768141096,0.4852251181465454,100.0,26.015201095942423,3.221977568292933,-0.4111965403826506,25.3595869913171,14.465973072808575
QAT-2015,Qatar,QAT,2015,1,48.6558768141096,0.6213408373763433,100.0,26.05223169613987,3.349720856595234,0.4852251181465454,21.5388184142326,14.581790163557978
QAT-2016,Qatar,QAT,2016,1,48.6558768141096,0.4901774806766021,100.0,25.8092556699629,1.814077239377604,0.6213408373763433,13.0300594635573,14.667607455956048
QAT-2017,Qatar,QAT,2017,1,48.6558768141096,0.5791205682191162,100.0,25.74538284232568,2.676591700981896,0.4901774806766021,11.1615579117458,14.722604730827872
QAT-2018,Qatar,QAT,2018,1,48.6558768141096,-1.0111609234719563,100.0,25.80528567848802,0.3948789140830052,0.5791205682191162,13.5394624768111,14.74996374926496
QAT-2019,Qatar,QAT,2019,1,48.6558768141096,-1.2461844652074712,100.0,25.9345806654822,0.2558153827244081,-1.0111609234719563,16.2911609453974,14.763584800047068
QAT-2020,Qatar,QAT,2020,1,48.6558768141096,-1.293449643109972,100.0,25.895857085695248,-0.6666411248611472,-1.2461844652074712,14.5084244384971,14.785781012543977
QAT-2021,Qatar,QAT,2021,1,48.6558768141096,-0.5759750502457484,100.0,25.695931753886857,-2.540315030047598,-1.293449643109972,10.5957303632833,14.84303814593833
QAT-2022,Qatar,QAT,2022,1,48.6558768141096,0.0322794556804868,100.0,25.91473274264957,2.304465657420031,-0.5759750502457484,15.2784667126988,14.733763762927818
ROU-1992,Romania,ROU,1992,1,2.29357782835182,0.3019012798960264,100.0,24.08539783662045,230.6224949001783,0.1382047442513224,1.28822981550087,16.951055033499955
ROU-1993,Romania,ROU,1993,1,2.29357782835182,0.3494306549998346,100.0,23.9469965245806,211.2055876100818,0.3019012798960264,1.56374472534785,16.94202040460999
ROU-1994,Romania,ROU,1994,1,2.29357782835182,0.9729692433545932,100.0,23.99515756878966,255.1668618266981,0.3494306549998346,1.40427200203448,16.94065931324763
ROU-1995,Romania,ROU,1995,1,2.29357782835182,0.9633460569281714,100.0,24.126887115437505,136.7593928154407,0.9729692433545932,1.13809830972109,16.939205522666004
ROU-1996,Romania,ROU,1996,1,2.29357782835182,0.6624873488179681,100.0,24.345742689700614,32.2424847257597,0.9633460569281714,1.00099144053812,16.9371823347913
ROU-1997,Romania,ROU,1997,1,2.29357782835182,1.942187279537171,100.0,24.332481606612816,38.82930133828518,0.6624873488179681,1.42614316633189,16.93430104006319
ROU-1998,Romania,ROU,1998,1,2.29357782835182,2.2868123510177445,100.0,24.294914998592,154.763480436309,1.942187279537171,1.14873206278261,16.93142206067524
ROU-1999,Romania,ROU,1999,1,2.29357782835182,1.7848507465221914,100.0,24.453673243726485,59.09658275411668,2.2868123510177445,0.298065348562516,16.9293522583477
ROU-2000,Romania,ROU,2000,1,2.29357782835182,1.747703064438762,100.0,24.305482726847835,45.80378113263625,1.7848507465221914,0.981639514434116,16.927782472257253
ROU-2001,Romania,ROU,2001,1,2.29357782835182,1.7746074107689385,94.4,24.341018166320595,45.66659404402382,1.747703064438762,2.05194073825512,16.92648807191683
ROU-2002,Romania,ROU,2002,1,2.29357782835182,1.6410558998409284,94.6,24.42197473793613,34.47701234935274,1.7746074107689385,1.38020102615678,16.91253377267938
ROU-2003,Romania,ROU,2003,1,2.29357782835182,1.8768643406575285,94.9,24.553330192366065,22.53988626053857,1.6410558998409284,1.23167374745268,16.894227223577136
ROU-2004,Romania,ROU,2004,1,2.29357782835182,2.84754294097082,95.1,24.780365058846545,15.27348899362548,1.8768643406575285,1.11571675681484,16.88701460093623
ROU-2005,Romania,ROU,2005,1,2.29357782835182,2.586007880793673,95.3,25.04040264682025,11.87436359363988,2.84754294097082,1.1236125349855,16.88131673847576
ROU-2006,Romania,ROU,2006,1,2.29357782835182,2.8956568650657317,95.6,25.312859131860304,9.014912833438348,2.586007880793673,1.19701667171786,16.87514142919849
ROU-2007,Romania,ROU,2007,1,2.29357782835182,2.456108296806168,95.9,25.52748142008131,6.558514122769834,2.8956568650657317,1.03069280818371,16.86921740387689
ROU-2008,Romania,ROU,2008,1,2.29357782835182,2.552001499470713,96.1,25.885699233955872,4.837329283139891,2.456108296806168,0.811152284107306,16.8544451747593
ROU-2009,Romania,ROU,2009,1,2.29357782835182,1.7063496040768311,96.5,26.090717081330155,7.850802557144816,2.552001499470713,0.909321004650877,16.83778134913329
ROU-2010,Romania,ROU,2010,1,2.29357782835182,1.3931996653919323,96.8,25.882956179649785,5.587420042643928,1.7063496040768311,0.572798400996102,16.82945046199283
ROU-2011,Romania,ROU,2011,1,2.29357782835182,1.035307163776481,97.1,25.859442735740565,6.09141668601891,1.3931996653919323,0.651277335844004,16.823510870449436
ROU-2012,Romania,ROU,2012,1,2.29357782835182,1.3015491554182197,97.4,25.984005824382727,5.7892532881588,1.035307163776481,0.928598823680941,16.818592208564308
ROU-2013,Romania,ROU,2013,1,2.29357782835182,1.457416030243726,97.8,25.9113068644406,3.334922676934421,1.3015491554182197,0.944058149450528,16.814140429423773
ROU-2014,Romania,ROU,2014,1,2.29357782835182,1.4152329639397825,98.1,25.969229366679137,3.984712355481296,1.457416030243726,0.818028540119226,16.810427198980463
ROU-2015,Romania,ROU,2015,1,2.29357782835182,1.6198714117978144,98.4,26.020193837155578,1.068309876842982,1.4152329639397825,0.710972260249342,16.80668144419063
ROU-2016,Romania,ROU,2016,1,2.29357782835182,1.9305669451908691,98.8,25.90440384881843,-0.5941564374952033,1.6198714117978144,0.33486139473849,16.80198092214864
ROU-2017,Romania,ROU,2017,1,2.29357782835182,1.7641807447048488,99.1,25.94519209986224,-1.544796668138967,1.9305669451908691,0.237281273734058,16.796244313985177
ROU-2018,Romania,ROU,2018,1,2.29357782835182,1.8301282508404568,100.0,26.0710749589027,1.339021211043902,1.7641807447048488,0.306819119328612,16.79046424412793
ROU-2019,Romania,ROU,2019,1,2.29357782835182,1.8009826243779807,99.8,26.21134132050729,4.625484431377785,1.8301282508404568,0.417895750376407,16.78458931135469
ROU-2020,Romania,ROU,2020,1,2.29357782835182,1.159516216030046,100.0,26.245048417120167,3.827854325994376,1.8009826243779807,0.356049741091749,16.77932116340656
ROU-2021,Romania,ROU,2021,1,2.29357782835182,2.125375842744811,100.0,26.247221942727784,2.631073111847428,1.159516216030046,0.18364537995674,16.77381356476624
ROU-2022,Romania,ROU,2022,1,2.29357782835182,2.066809274630587,100.0,26.37600917774938,5.05232876096582,2.125375842744811,0.378228984068352,16.766353200369704
RUS-1994,Russian Federation,RUS,1994,0,15.355993811466,0.1736662473671466,100.0,26.798804295156216,874.2457203801879,0.2748148973354634,4.30486115047474,18.815817888446414
RUS-1995,Russian Federation,RUS,1995,0,15.355993811466,0.501029823882153,100.0,26.70234728206664,307.7226355531932,0.1736662473671466,3.85813139293591,18.81547520937841
RUS-1996,Russian Federation,RUS,1996,0,15.355993811466,0.6182992002677421,100.0,26.703510641822447,197.414268084251,0.501029823882153,4.54593521684435,18.81525872174774
RUS-1997,Russian Federation,RUS,1997,0,15.355993811466,1.0168427854294912,100.0,26.69382562103072,47.75201220099391,0.6182992002677421,6.32131864255256,18.813804206291564
RUS-1998,Russian Federation,RUS,1998,0,15.355993811466,0.8948286483747412,100.0,26.72697746691877,14.761329268806,1.0168427854294912,4.82777869917989,18.8121507897652
RUS-1999,Russian Federation,RUS,1999,0,15.355993811466,1.281537867342263,100.0,26.325220389218316,27.68567980767421,0.8948286483747412,2.22399348794497,18.81049592834292
RUS-2000,Russian Federation,RUS,2000,0,15.355993811466,0.9032370719155548,100.0,26.000906548942567,85.74649409606356,1.281537867342263,8.76039094628312,18.80740314644885
RUS-2001,Russian Federation,RUS,2001,0,15.355993811466,0.8300207205777106,97.8,26.28283200836792,20.79876065587041,0.9032370719155548,15.355993811466,18.803196996574982
RUS-2002,Russian Federation,RUS,2002,0,15.355993811466,0.8852826785069585,97.9,26.4488165568561,21.47700721171585,0.8300207205777106,10.3003624423723,18.79895609135612
RUS-2003,Russian Federation,RUS,2003,0,15.355993811466,1.3708384710346533,97.9,26.56817307685141,15.78873079144626,0.8852826785069585,10.4623662427989,18.79435584880689
RUS-2004,Russian Federation,RUS,2004,0,15.355993811466,1.6859612325364897,97.9,26.787858673335617,13.66329302286657,1.3708384710346533,10.9344981048,18.78981804215799
RUS-2005,Russian Federation,RUS,2005,0,15.355993811466,1.4568866706822952,98.0,27.10511009546537,10.88861573262158,1.6859612325364897,11.6957615431619,18.7857912274726
RUS-2006,Russian Federation,RUS,2006,0,15.355993811466,2.044445784230886,98.0,27.361854533593466,12.68530395073494,1.4568866706822952,13.686863716874,18.78197669955171
RUS-2007,Russian Federation,RUS,2007,0,15.355993811466,2.1647802451317806,98.1,27.620902162926544,9.668654547892643,2.044445784230886,12.4450132664814,18.77870224687348
RUS-2008,Russian Federation,RUS,2008,0,15.355993811466,2.2099320065377053,98.2,27.893157260903884,9.00729868861079,2.1647802451317806,10.7326206704977,18.77699142655599
RUS-2009,Russian Federation,RUS,2009,0,15.355993811466,1.8159533844953195,98.3,28.138349466339463,14.11076778404423,2.2099320065377053,12.3954143055606,18.77655193396744
RUS-2010,Russian Federation,RUS,2010,0,15.355993811466,1.7635473966106443,98.4,27.83203839682396,11.64732957641177,1.8159533844953195,9.19214468199248,18.776853004567
RUS-2011,Russian Federation,RUS,2011,0,15.355993811466,1.7163954741969396,99.3,28.052960911529333,6.849392302550247,1.7635473966106443,8.57128659193273,18.77730196944829
RUS-2012,Russian Federation,RUS,2012,0,15.355993811466,1.5666035599935206,99.2,28.346870027808315,8.4404648593257,1.7163954741969396,10.6778918258558,18.778482424884498
RUS-2013,Russian Federation,RUS,2013,0,15.355993811466,1.8245641552589331,100.0,28.423241185632865,5.07474300799149,1.5666035599935206,9.61307623916807,18.780998181947652
RUS-2014,Russian Federation,RUS,2014,0,15.355993811466,0.9299308134003988,100.0,28.460650989016816,6.754668339034861,1.8245641552589331,8.68048261508321,18.78397321666873
RUS-2015,Russian Federation,RUS,2015,0,15.355993811466,0.4835432391236244,100.0,28.353358870697765,7.820169700138449,0.9299308134003988,9.08748946492807,18.786969890972525
RUS-2016,Russian Federation,RUS,2016,0,15.355993811466,1.6650944976225657,95.5,27.941062971452286,15.53439599357014,0.4835432391236244,5.93285842314704,18.78976341173081
RUS-2017,Russian Federation,RUS,2017,0,15.355993811466,1.3572644888773806,99.4,27.87536737348624,7.042437254137072,1.6650944976225657,5.00613659535062,18.792350922286737
RUS-2018,Russian Federation,RUS,2018,0,15.355993811466,0.5079361255912659,100.0,28.084767916156142,3.683330723344951,1.3572644888773806,6.22864519091822,18.79426474756128
RUS-2019,Russian Federation,RUS,2019,0,15.355993811466,1.3926376564457386,100.0,28.13622824957505,2.878313826149806,0.5079361255912659,9.65476095672088,18.79498610372172
RUS-2020,Russian Federation,RUS,2020,0,15.355993811466,0.598478965518853,99.8,28.15759114513006,4.472026318379035,1.3926376564457386,8.49370743083853,18.795365575856646
RUS-2021,Russian Federation,RUS,2021,0,15.355993811466,1.534353438822636,99.9,28.03185946665856,3.382197969480676,0.598478965518853,4.70777096931075,18.79393355554822
RUS-2022,Russian Federation,RUS,2022,0,15.355993811466,-1.3190011166743578,100.0,28.23489256846784,6.694458919576123,1.534353438822636,9.67159402978612,18.790496311473028
RWA-1993,Rwanda,RWA,1993,4,0.0020406358081122,0.2920479866921011,2.3,21.43082218629664,9.560411876008164,0.2678515703526602,0.0,15.854555405295914
RWA-1998,Rwanda,RWA,1998,4,0.0020406358081122,0.3497286979899616,1.02783596515656,21.33929339088409,12.01542251956858,0.1394299724826922,0.0,15.863879172944449
RWA-1999,Rwanda,RWA,1999,4,0.0020406358081122,0.0805763260607063,2.17412757873535,21.41107054547084,6.210067094558102,0.3497286979899616,0.0,15.905110577150092
RWA-2000,Rwanda,RWA,2000,4,0.0020406358081122,0.3821544400866354,3.31557703018188,21.492034394955024,-2.405932097422587,0.0805763260607063,0.0,15.913272378804963
RWA-2001,Rwanda,RWA,2001,4,0.0020406358081122,0.8388214536038131,6.2,21.450252332342945,3.899529802847124,0.3821544400866354,0.0,15.921342294915554
RWA-2002,Rwanda,RWA,2002,4,0.0020406358081122,0.0762230849681911,4.7,21.39957236464384,3.342855067494094,0.8388214536038131,0.0,15.930210043503855
RWA-2003,Rwanda,RWA,2003,4,0.0020406358081122,0.2180746297939494,6.0,21.399268623416106,1.992585424539932,0.0762230849681911,0.0,15.943763811200444
RWA-2004,Rwanda,RWA,2004,4,0.0020406358081122,0.3185895725595702,7.4,21.483247625495142,7.449700140073658,0.2180746297939494,0.0,15.965745549117145
RWA-2005,Rwanda,RWA,2005,4,0.0020406358081122,0.2680955124461643,8.7,21.58889299948803,12.25071028943913,0.3185895725595702,0.0,15.992174654239014
RWA-2006,Rwanda,RWA,2006,4,0.0020406358081122,0.8353288125287793,4.8,21.799571085733515,9.014089180923394,0.2680955124461643,0.0,16.018775632485728
RWA-2007,Rwanda,RWA,2007,4,0.0020406358081122,1.464843232156564,11.4,21.90934182834557,8.882826547779235,0.8353288125287793,0.0,16.045443987103486
RWA-2008,Rwanda,RWA,2008,4,0.0020406358081122,1.442559795742976,12.8,22.11404450540388,9.08072205873158,1.464843232156564,0.0,16.072044801438267
RWA-2009,Rwanda,RWA,2009,4,0.0020406358081122,1.495118587023542,6.0,22.356548270978703,15.43821387092554,1.442559795742976,0.0,16.09832856303061
RWA-2010,Rwanda,RWA,2010,4,0.0020406358081122,1.9853379639292656,15.6,22.44663921764916,12.94439784017115,1.495118587023542,0.0020406358081122,16.1241207634591
RWA-2011,Rwanda,RWA,2011,4,0.0020406358081122,1.27430021498309,9.7,22.52370024958411,-0.2461286934369337,1.9853379639292656,0.0,16.149357274421202
RWA-2012,Rwanda,RWA,2012,4,0.0020406358081122,1.9842122353334768,10.8,22.640581906222824,3.0801706924026,1.27430021498309,0.0,16.17388355941799
RWA-2013,Rwanda,RWA,2013,4,0.0020406358081122,1.8279769789985465,17.5,22.74569688755973,10.27101823188757,1.9842122353334768,0.0,16.197821569998098
RWA-2014,Rwanda,RWA,2014,4,0.0020406358081122,2.0607404891407715,15.2,22.766338594550287,5.924268679848535,1.8279769789985465,0.0,16.221855576354702
RWA-2015,Rwanda,RWA,2015,4,0.0020406358081122,1.406729136175436,19.8,22.81882485211406,2.354490528203584,2.0607404891407715,0.0,16.246027721597287
RWA-2016,Rwanda,RWA,2016,4,0.0020406358081122,1.89587193268614,22.8,22.85708477176975,2.528502841924209,1.406729136175436,0.0,16.269959976210632
RWA-2017,Rwanda,RWA,2017,4,0.0020406358081122,1.815321174761158,29.4,22.874657301900577,7.174343019820087,1.89587193268614,0.0,16.293659760882395
RWA-2018,Rwanda,RWA,2018,4,0.0020406358081122,2.0436723067302074,34.1,22.93858629662133,8.27953672260832,1.815321174761158,0.0,16.3171154298619
RWA-2019,Rwanda,RWA,2019,4,0.0020406358081122,1.6479036200552668,38.0,22.990240450310896,-0.3112101603906995,2.0436723067302074,0.0,16.340278500946756
RWA-2020,Rwanda,RWA,2020,4,0.0020406358081122,1.1696808722476597,46.6,23.076474856628217,3.347876550376479,1.6479036200552668,0.0,16.363087109106846
RWA-2021,Rwanda,RWA,2021,4,0.0020406358081122,1.47624742489218,45.2,23.073416177958936,9.850399022742067,1.1696808722476597,0.0,16.385511595714206
RWA-2022,Rwanda,RWA,2022,4,0.0020406358081122,1.5376350429303305,48.7,23.143891257872507,-0.3913467483007914,1.47624742489218,0.0,16.407420947577464
SAU-1991,Saudi Arabia,SAU,1991,1,54.085800995618,0.1207140943550083,100.0,25.49081141744053,2.077151335311565,1.2395971635943732,46.4263034955234,16.180196077356904
SAU-1992,Saudi Arabia,SAU,1992,1,54.085800995618,-0.0575468820752492,100.0,25.60775747491414,4.861111111111374,0.1207140943550083,29.9055063618569,16.22791326896174
SAU-1993,Saudi Arabia,SAU,1993,1,54.085800995618,0.9011863885585364,100.0,25.643887801559348,-0.077006006469092,-0.0575468820752492,30.7693919537356,16.27396003298738
SAU-1994,Saudi Arabia,SAU,1994,1,54.085800995618,0.2556371785326966,100.0,25.61337401341507,1.055795314426953,0.9011863885585364,29.6876073953684,16.318245911017456
SAU-1995,Saudi Arabia,SAU,1995,1,54.085800995618,-1.0832085714471615,100.0,25.629835331452146,0.5643254785331487,0.2556371785326966,26.5482079082086,16.361045045249814
SAU-1996,Saudi Arabia,SAU,1996,1,54.085800995618,-0.6613344836615572,100.0,25.68850706277177,4.868431030560333,-1.0832085714471615,28.1270341731817,16.402465694693216
SAU-1997,Saudi Arabia,SAU,1997,1,54.085800995618,1.365591285400154,100.0,25.79004503648198,1.222060548777561,-0.6613344836615572,33.4650950203584,16.442423730620103
SAU-1998,Saudi Arabia,SAU,1998,1,54.085800995618,1.7923151761549685,100.0,25.835034835793277,0.0571506050626489,1.365591285400154,29.2775398263987,16.480997248987926
SAU-1999,Saudi Arabia,SAU,1999,1,54.085800995618,-0.464752013295276,100.0,25.712169818368128,-0.37126675171199,1.7923151761549685,21.2667758956326,16.51835965675296
SAU-2000,Saudi Arabia,SAU,2000,1,54.085800995618,-0.876109373323521,100.0,25.80911414321455,-1.333754896538959,-0.464752013295276,27.124767270241,16.554547408762424
SAU-2001,Saudi Arabia,SAU,2001,1,54.085800995618,0.0106657345579809,100.0,25.96773366223914,-1.124998385176451,-0.876109373323521,41.6691708446825,16.599145730395897
SAU-2002,Saudi Arabia,SAU,2002,1,54.085800995618,-0.3184882910085801,100.0,25.938949141165185,-1.120948048967913,0.0106657345579809,33.3526627413963,16.651156118253684
SAU-2003,Saudi Arabia,SAU,2003,1,54.085800995618,-0.2685337735187285,100.0,25.968213368628643,0.2471864923396855,-0.3184882910085801,31.342447837027,16.700920638181593
SAU-2004,Saudi Arabia,SAU,2004,1,54.085800995618,-0.1288528705892093,100.0,26.09765372478329,0.6121953581729663,-0.2685337735187285,37.0345220176731,16.748663350208478
SAU-2005,Saudi Arabia,SAU,2005,1,54.085800995618,1.099706911173199,100.0,26.2790977784912,0.5155078977672995,-0.1288528705892093,42.6409301097693,16.794578804658727
SAU-2006,Saudi Arabia,SAU,2006,1,54.085800995618,1.2412924318109135,100.0,26.51767971073629,0.4792316716309551,1.099706911173199,48.8606315090549,16.838852696980766
SAU-2007,Saudi Arabia,SAU,2007,1,54.085800995618,1.1861785453702671,100.0,26.65524609145756,2.209023140696472,1.2412924318109135,49.6700972841917,16.88166145280743
SAU-2008,Saudi Arabia,SAU,2008,1,54.085800995618,0.9226601349939482,100.0,26.75386578028491,4.167823584315785,1.1861785453702671,47.4394429695294,16.923155961828446
SAU-2009,Saudi Arabia,SAU,2009,1,54.085800995618,0.1015159353906372,100.0,26.976703802922845,9.87024816760266,0.9226601349939482,54.085800995618,16.963443525644305
SAU-2010,Saudi Arabia,SAU,2010,1,54.085800995618,0.8263575568767955,100.0,26.784950857287782,5.057222761483297,0.1015159353906372,34.6315417084598,17.002592470592536
SAU-2011,Saudi Arabia,SAU,2011,1,54.085800995618,0.6429181639671849,100.0,26.992754972771,5.339417330209054,0.8263575568767955,37.9011314342465,16.992667653031962
SAU-2012,Saudi Arabia,SAU,2012,1,54.085800995618,0.6276057610887829,100.0,27.246329927966254,5.8262163739404,0.6429181639671849,49.1612188808623,17.038054367544092
SAU-2013,Saudi Arabia,SAU,2013,1,54.085800995618,0.4250676730340706,100.0,27.345897545496506,2.866270299050528,0.6276057610887829,47.4093852263553,17.080080788654453
SAU-2014,Saudi Arabia,SAU,2014,1,54.085800995618,0.1905561864116932,100.0,27.369339072030307,3.51104209799866,0.4250676730340706,44.4564985480281,17.134195699053976
SAU-2015,Saudi Arabia,SAU,2015,1,54.085800995618,0.54520723912464,100.0,27.39168856031214,2.241853487790632,0.1905561864116932,40.3219689900701,17.158700012110717
SAU-2016,Saudi Arabia,SAU,2016,1,54.085800995618,1.8754356313153688,100.0,27.26489363721706,1.22269318552328,0.54520723912464,23.9567993223384,17.210568565510837
SAU-2017,Saudi Arabia,SAU,2017,1,54.085800995618,0.1363782632562587,99.9,27.25891263772128,2.05347076823965,1.8754356313153688,20.0051771356735,17.248019218328665
SAU-2018,Saudi Arabia,SAU,2018,1,54.085800995618,1.1201000384240138,100.0,27.33162555205938,-0.8348457350271624,0.1363782632562587,23.6170719123709,17.248767043926755
SAU-2019,Saudi Arabia,SAU,2019,1,54.085800995618,0.3398325870843516,99.9,27.510620056237087,2.465943089948431,1.1201000384240138,28.0842811588989,17.22322936218334
SAU-2020,Saudi Arabia,SAU,2020,1,54.085800995618,0.2095779383023107,100.0,27.51323948027231,-1.192986445333281,0.3398325870843516,24.3295780055005,17.218832348138534
SAU-2021,Saudi Arabia,SAU,2021,1,54.085800995618,1.7814590532086887,100.0,27.36699202640986,3.372349610123027,0.2095779383023107,15.9789107766923,17.26716373174017
SAU-2022,Saudi Arabia,SAU,2022,1,54.085800995618,1.5111513621610984,100.0,27.61353010279348,3.063289889415482,1.7814590532086887,23.6862940574499,17.242518106382246
SDN-1991,Sudan,SDN,1991,3,17.885274592108,-0.0014036292323797,32.8,24.239018003829383,65.15809799662031,-0.0924037288678363,0.0,16.907528989446416
SDN-1992,Sudan,SDN,1992,3,17.885274592108,0.0012798752367768,26.9192943572998,24.51133870242481,123.5781269029357,-0.0014036292323797,0.0,16.92772177276861
SDN-1993,Sudan,SDN,1993,3,17.885274592108,-0.0018015968417448,27.4086132049561,22.673727539498586,117.624468896394,0.0012798752367768,0.0174385079751148,16.947841340728193
SDN-1994,Sudan,SDN,1994,3,17.885274592108,0.713200840194728,27.897253036499,22.90718061240658,101.3804237638124,-0.0018015968417448,0.0133327100348666,16.97019310342545
SDN-1995,Sudan,SDN,1995,3,17.885274592108,0.0866571141840975,28.3845348358154,23.272226104234747,115.3981442927379,0.713200840194728,0.0025569300590992,16.995393922027645
SDN-1996,Sudan,SDN,1996,3,17.885274592108,0.0044354108461317,28.8697834014893,23.3501322947076,68.37519294854224,0.0866571141840975,0.0053287606501896,17.021185391904037
SDN-1997,Sudan,SDN,1997,3,17.885274592108,0.7621441286848392,29.35231590271,22.92252176365708,132.8237773741385,0.0044354108461317,0.0956575689513029,17.043604921238376
SDN-1998,Sudan,SDN,1998,3,17.885274592108,1.907836394030257,29.8314571380615,23.181244482681517,47.16853696471969,0.7621441286848392,0.170635538350137,17.06587815064324
SDN-1999,Sudan,SDN,1999,3,17.885274592108,1.9577923383813391,30.3065280914307,23.143653657647253,24.62187854615864,1.907836394030257,0.170280620046711,17.091106923041977
SDN-2000,Sudan,SDN,2000,3,17.885274592108,1.8797818837613016,30.7767562866211,23.091828571986277,17.1664454201761,1.9577923383813391,2.04975331963217,17.116173316151965
SDN-2001,Sudan,SDN,2001,3,17.885274592108,2.0067253648282146,23.0,23.229387445330005,7.121258971722906,1.8797818837613016,10.6869859368028,17.14114877140713
SDN-2002,Sudan,SDN,2002,3,17.885274592108,2.0781250087306504,29.4,23.477968159069476,1.935295720953327,2.0067253648282146,6.84045041990384,17.16600292830681
SDN-2003,Sudan,SDN,2003,3,17.885274592108,2.5427271873296733,29.7,23.62122696642088,22.22472414959051,2.0781250087306504,7.14772574801421,17.190662619205884
SDN-2004,Sudan,SDN,2004,3,17.885274592108,2.436180775623153,29.9,23.784565717288068,6.489432086733376,2.5427271873296733,6.97515874031986,17.213236454321205
SDN-2005,Sudan,SDN,2005,3,17.885274592108,2.195984664293112,30.2,24.00590515463525,9.657546286059446,2.436180775623153,10.1194980180566,17.235092503121706
SDN-2006,Sudan,SDN,2006,3,17.885274592108,2.1113386397467155,30.5,24.283820662226464,8.50585075933117,2.195984664293112,12.4599426156015,17.25792809487018
SDN-2007,Sudan,SDN,2007,3,17.885274592108,1.6586521506602816,30.8,24.535774131879357,7.19912990114709,2.1113386397467155,12.500471606345,17.28101005782303
SDN-2008,Sudan,SDN,2008,3,17.885274592108,1.665572833804131,31.1,24.80823558889778,14.75427707800844,1.6586521506602816,13.6134936785449,17.30484506050634
SDN-2009,Sudan,SDN,2009,3,17.885274592108,1.9220073583807715,20.0,24.895081854128485,14.29712244814345,1.665572833804131,17.885274592108,17.330750090594364
SDN-2010,Sudan,SDN,2010,3,17.885274592108,1.965732942638956,29.0,24.667195257260985,11.25675870630097,1.9220073583807715,9.59675943554232,17.358471182411144
SDN-2011,Sudan,SDN,2011,3,17.885274592108,1.865553095150955,36.0,24.80017559297328,12.97766638980141,1.965732942638956,11.493125709502,17.382629075052602
SDN-2012,Sudan,SDN,2012,3,17.885274592108,2.514879713582017,38.3,24.73093655087378,18.0966171221351,1.865553095150955,15.1004983871528,17.402933172707495
SDN-2013,Sudan,SDN,2013,3,17.885274592108,2.0758959480125405,40.7,24.35114503534348,35.55905741470241,2.514879713582017,3.69537931902747,17.424350068984186
SDN-2014,Sudan,SDN,2014,3,17.885274592108,1.6572068191860578,43.1,24.485024356777583,36.52234491391544,2.0758959480125405,4.59958496637169,17.447445251883284
SDN-2015,Sudan,SDN,2015,3,17.885274592108,1.9211982561630636,44.9,24.625576805230533,36.90664278635953,1.6572068191860578,2.65704566740931,17.474531629216873
SDN-2016,Sudan,SDN,2016,3,17.885274592108,1.6454944586730529,48.0,24.669241060536844,16.90957060509773,1.9211982561630636,0.798069583603201,17.505000625615814
SDN-2017,Sudan,SDN,2017,3,17.885274592108,1.6766979645794526,50.5,24.475832887787845,17.75025383119596,1.6454944586730529,0.586718855776161,17.535401472293305
SDN-2018,Sudan,SDN,2018,3,17.885274592108,1.9692022866374976,53.0,24.44373159907542,32.35162609684366,1.6766979645794526,0.823819483095822,17.57004448062728
SDN-2019,Sudan,SDN,2019,3,17.885274592108,1.66647058833367,55.3,24.199378353004423,63.29250734558878,1.9692022866374976,3.36467879804277,17.604927347379462
SDN-2020,Sudan,SDN,2020,3,17.885274592108,1.702226051696932,57.6,24.19951129434964,50.99405150029646,1.66647058833367,2.99936703162155,17.63428113696067
SDN-2021,Sudan,SDN,2021,3,17.885274592108,1.2099433736996568,59.7,24.02038313288737,163.2577823554576,1.702226051696932,1.87511902407651,17.66116364894407
SDN-2022,Sudan,SDN,2022,3,17.885274592108,0.9570597715519789,61.8,24.2563540847716,359.0930407789987,1.2099433736996568,3.30226845710475,17.68810486861246
SEN-1994,Senegal,SEN,1994,2,0.0016157127149988,1.0956101460618577,26.0,22.72041026866351,-0.5864346151201836,-0.01102387737272,0.0004256512069045,15.943300380483196
SEN-1995,Senegal,SEN,1995,2,0.0016157127149988,0.4818088308838511,27.190486907959,22.339597571600912,32.29366685695517,1.0956101460618577,0.0007476945031816,15.970068732571333
SEN-1996,Senegal,SEN,1996,2,0.0016157127149988,0.211173487387878,28.8571910858154,22.567988123246987,7.864007845701103,0.4818088308838511,0.0009255349261925,15.99571353070674
SEN-1997,Senegal,SEN,1997,2,0.0016157127149988,1.805627450071044,30.5211772918701,22.60421256195276,2.754306634824074,0.211173487387878,0.0013201424622602,16.02015366097777
SEN-1998,Senegal,SEN,1998,2,0.0016157127149988,0.9456250007775716,32.2,22.521914641264207,1.753164780972361,1.805627450071044,0.0016157127149988,16.043748757957594
SEN-1999,Senegal,SEN,1999,2,0.0016157127149988,1.629430743186787,33.8382682800293,22.5959303972813,1.156780703913414,0.9456250007775716,0.0004840618347657,16.067113150374635
SEN-2000,Senegal,SEN,2000,2,0.0016157127149988,1.1131736735478217,36.2,22.609249280181228,0.8272506082724965,1.629430743186787,0.0005529704408194,16.090815714129423
SEN-2001,Senegal,SEN,2001,2,0.0016157127149988,0.6467229987719338,37.7,22.51722039603016,0.7319819819815966,1.1131736735478217,0.0009626427316306,16.114916703454703
SEN-2002,Senegal,SEN,2002,2,0.0016157127149988,1.0032642132562215,38.9,22.59627110987804,2.974500839195664,0.6467229987719338,0.0,16.139166395422563
SEN-2003,Senegal,SEN,2003,2,0.0016157127149988,0.87176565892307,36.8,22.67009018524545,2.337301874542993,1.0032642132562215,0.0,16.163663008413018
SEN-2004,Senegal,SEN,2004,2,0.0016157127149988,1.1176737728323152,41.9,22.89445685895101,-0.0519970242714495,0.87176565892307,0.0,16.187731502356044
SEN-2005,Senegal,SEN,2005,2,0.0016157127149988,1.208832439630273,36.8,23.033503242928404,0.5147817810230156,1.1176737728323152,0.0,16.21119475176446
SEN-2006,Senegal,SEN,2006,2,0.0016157127149988,1.638920275871389,47.1,23.12198199444845,1.711333258555021,1.208832439630273,0.0,16.234586563293913
SEN-2007,Senegal,SEN,2007,2,0.0016157127149988,1.651477664292243,49.9,23.18267673505613,2.112285838771169,1.638920275871389,0.0,16.257865854168923
SEN-2008,Senegal,SEN,2008,2,0.0016157127149988,1.7204566448643368,48.1,23.361910110834604,5.853304284676812,1.651477664292243,0.0,16.281093790616563
SEN-2009,Senegal,SEN,2009,2,0.0016157127149988,1.467087590607054,49.7,23.547853238926027,7.34720236578406,1.7204566448643368,0.0,16.304488907122327
SEN-2010,Senegal,SEN,2010,2,0.0016157127149988,1.294609764505389,53.5,23.504929971267234,-2.248021478553397,1.467087590607054,0.0,16.32814504677734
SEN-2011,Senegal,SEN,2011,2,0.0016157127149988,1.3984965872053268,56.5,23.503408202831867,1.22868119673344,1.294609764505389,0.0,16.352014064393476
SEN-2012,Senegal,SEN,2012,2,0.0016157127149988,1.2295753763424218,56.5,23.603266424155134,3.40322829786971,1.3984965872053268,0.0,16.377293214408876
SEN-2013,Senegal,SEN,2013,2,0.0016157127149988,1.273019340128402,56.5,23.594617318140013,1.41822871177854,1.2295753763424218,0.0,16.404063454891087
SEN-2014,Senegal,SEN,2014,2,0.0016157127149988,1.4596780568636436,57.0,23.663414981911192,0.710245486695176,1.273019340128402,0.0,16.43369804815788
SEN-2015,Senegal,SEN,2015,2,0.0016157127149988,1.571055521964276,61.0,23.708809049937592,-1.090255074468949,1.4596780568636436,0.0,16.465373792918506
SEN-2016,Senegal,SEN,2016,2,0.0016157127149988,1.6401900963161515,60.5,23.60104568721489,0.1352119336351645,1.571055521964276,0.0,16.496075270024956
SEN-2017,Senegal,SEN,2017,2,0.0016157127149988,1.7552660533075444,64.5,23.669824270281516,0.8372849425574345,1.6401900963161515,0.0,16.525859581415173
SEN-2018,Senegal,SEN,2018,2,0.0016157127149988,2.0107878098472307,61.7,23.766123536128703,1.318153148477892,1.7552660533075444,0.0,16.55473657039598
SEN-2019,Senegal,SEN,2019,2,0.0016157127149988,2.220668593884348,66.0,23.863821204359045,0.4609856424641883,2.0107878098472307,0.0,16.582741138466734
SEN-2020,Senegal,SEN,2020,2,0.0016157127149988,2.7156266038064247,70.4,23.87617261366812,1.760111511929386,2.220668593884348,0.0,16.609917216087286
SEN-2021,Senegal,SEN,2021,2,0.0016157127149988,2.9371252476089,64.3,23.923183609745426,2.543146856816618,2.7156266038064247,0.0,16.63624757175066
SEN-2022,Senegal,SEN,2022,2,0.0016157127149988,3.050673737645232,68.0,24.03820734272885,2.180322780881468,2.9371252476089,0.0,16.66163246219756
SGP-1991,Singapore,SGP,1991,2,0.153787333426844,3.070103687940408,100.0,24.310786114072823,3.460753386528243,3.43009183520239,0.0,14.929711706506538
SGP-1992,Singapore,SGP,1992,2,0.153787333426844,2.1486784561890917,100.0,24.540234259447,3.425701730786426,3.070103687940408,0.0,14.958166525948572
SGP-1993,Singapore,SGP,1993,2,0.153787333426844,2.7427604276512465,100.0,24.677031757367843,2.26307118702851,2.1486784561890917,0.0,14.988209080454592
SGP-1994,Singapore,SGP,1994,2,0.153787333426844,3.146269947899336,100.0,24.82762369367087,2.289299643886411,2.7427604276512465,0.0,15.013507140195554
SGP-1995,Singapore,SGP,1995,2,0.153787333426844,3.304594824857584,100.0,25.023115631657483,3.100132625995023,3.146269947899336,0.0,15.04487300019467
SGP-1996,Singapore,SGP,1996,2,0.153787333426844,3.16913802823073,100.0,25.198470160980325,1.720533847885235,3.304594824857584,0.0,15.075251126291414
SGP-1997,Singapore,SGP,1997,2,0.153787333426844,3.446699364966051,100.0,25.29066236204241,1.383180524818762,3.16913802823073,0.0,15.11589429967492
SGP-1998,Singapore,SGP,1998,2,0.153787333426844,2.637113809083565,100.0,25.32967312956544,2.003586185389622,3.446699364966051,0.0,15.149468712631782
SGP-1999,Singapore,SGP,1999,2,0.153787333426844,3.777834918820936,100.0,25.174447754050288,-0.2675022928761528,2.637113809083565,0.0,15.183440826600457
SGP-2000,Singapore,SGP,2000,2,0.153787333426844,3.4759557876070204,100.0,25.1809430451619,0.0167098337370727,3.777834918820936,0.0,15.191432309083709
SGP-2001,Singapore,SGP,2001,2,0.153787333426844,3.63511211095048,100.0,25.288411001650243,1.36162392448456,3.4759557876070204,0.0,15.20875272707155
SGP-2002,Singapore,SGP,2002,2,0.153787333426844,2.5939149055551685,100.0,25.220781663657306,0.9971979561559432,3.63511211095048,0.0,15.235726278896998
SGP-2003,Singapore,SGP,2003,2,0.153787333426844,3.554016896641283,100.0,25.250889237287044,-0.3916768665850493,2.5939149055551685,0.0,15.244852674759295
SGP-2004,Singapore,SGP,2004,2,0.153787333426844,3.747832474348881,100.0,25.304618638460767,0.5079053002375505,3.554016896641283,0.0,15.230107349897274
SGP-2005,Singapore,SGP,2005,2,0.153787333426844,3.4098189383091424,100.0,25.46849003658356,1.662727198630715,3.747832474348881,0.0,15.24262651360434
SGP-2006,Singapore,SGP,2006,2,0.153787333426844,3.964108487663054,100.0,25.57379379116212,0.4251062765691068,3.4098189383091424,0.0002190947402181,15.26613162091461
SGP-2007,Singapore,SGP,2007,2,0.153787333426844,3.957819788659038,100.0,25.724707575269484,0.9656575190185116,3.964108487663054,0.0033318298961492,15.297425505252903
SGP-2008,Singapore,SGP,2008,2,0.153787333426844,2.647408553998105,100.0,25.9214407243901,2.109801667145736,3.957819788659038,0.0064600151031482,15.3390855246182
SGP-2009,Singapore,SGP,2009,2,0.153787333426844,3.1856722062324936,100.0,25.989149488881782,6.635440583953091,2.647408553998105,0.0247658429846694,15.392300684154378
SGP-2010,Singapore,SGP,2010,2,0.153787333426844,3.832126768723519,100.0,25.99189835473809,0.5891420196105159,3.1856722062324936,0.0062081095239493,15.42246017716292
SGP-2011,Singapore,SGP,2011,2,0.153787333426844,3.5616270332681914,100.0,26.20310435918722,2.828845276129583,3.832126768723519,0.0380589445820771,15.440178502434351
SGP-2012,Singapore,SGP,2012,2,0.153787333426844,3.6247063534091817,100.0,26.35575457763001,5.251156246393732,3.5616270332681914,0.153787333426844,15.461027522930689
SGP-2013,Singapore,SGP,2013,2,0.153787333426844,3.735114750745711,100.0,26.41055601856284,4.580844794230941,3.6247063534091817,0.142898804490871,15.485561421558472
SGP-2014,Singapore,SGP,2014,2,0.153787333426844,3.776429613587803,100.0,26.451989220473827,2.364397937427259,3.735114750745711,0.11912189370539,15.50175449952076
SGP-2015,Singapore,SGP,2015,2,0.153787333426844,3.813978454200301,100.0,26.475405305013023,1.033169558576293,3.776429613587803,0.104388992582944,15.514738898911338
SGP-2016,Singapore,SGP,2016,2,0.153787333426844,3.704666423601716,100.0,26.45336089676077,-0.5219756118957629,3.813978454200301,0.0340084198311141,15.526602666130149
SGP-2017,Singapore,SGP,2017,2,0.153787333426844,4.080331901312547,100.0,26.49395654599936,-0.5298097603754645,3.704666423601716,0.0289302386437418,15.539577024795092
SGP-2018,Singapore,SGP,2018,2,0.153787333426844,3.819783887902015,100.0,26.56621622022558,0.5767631911799955,4.080331901312547,0.0,15.540462979337086
SGP-2019,Singapore,SGP,2019,2,0.153787333426844,4.031925899966571,100.0,26.65809751177045,0.4387842151296228,3.819783887902015,0.0,15.545160021489265
SGP-2020,Singapore,SGP,2020,2,0.153787333426844,3.810896113774675,100.0,26.655053070645216,0.5678299884054472,4.031925899966571,0.0,15.556602852540376
SGP-2021,Singapore,SGP,2021,2,0.153787333426844,4.16729238269431,100.0,26.58469724726949,-0.1721118659253825,3.810896113774675,0.0,15.55348380347558
SGP-2022,Singapore,SGP,2022,2,0.153787333426844,4.026760267584878,100.0,26.81256216269454,2.316103157651459,4.16729238269431,0.0,15.511780447963556
SLB-2000,Solomon Islands,SLB,2000,3,0.0,0.4609115647579508,15.7,20.005876198968235,8.020368392968408,1.4563920878522252,0.0,12.972704925727596
SLB-2001,Solomon Islands,SLB,2001,3,0.0,-1.4893179170710225,4.7,19.85539061627673,7.88956186986721,0.4609115647579508,0.0,12.995597617612372
SLB-2002,Solomon Islands,SLB,2002,3,0.0,0.0420770483432234,7.6,19.83046834987921,6.92583732057426,-1.4893179170710225,0.0,13.01505875096497
SLB-2003,Solomon Islands,SLB,2003,3,0.0,-0.239374236012947,10.5,19.663124191406794,10.92963418726921,0.0420770483432234,0.0,13.03390804932801
SLB-2004,Solomon Islands,SLB,2004,3,0.0,-0.6046293325969392,13.4,19.85019415938781,8.26946349334406,-0.239374236012947,0.0,13.052273475828422
SLB-2005,Solomon Islands,SLB,2005,3,0.0,0.0989824093522678,16.3,19.96397911523538,6.985842026825674,-0.6046293325969392,0.0,13.070252907114217
SLB-2006,Solomon Islands,SLB,2006,3,0.0,2.6690031498356594,19.2,20.13065399342649,7.330663416332994,0.0989824093522678,0.0,13.08793962043768
SLB-2007,Solomon Islands,SLB,2007,3,0.0,3.2097728024244674,14.4,20.24079676996992,11.2199870214146,2.6690031498356594,0.0,13.105410485751667
SLB-2008,Solomon Islands,SLB,2008,3,0.0,2.966234482009068,12.9,20.359841335882965,7.666020134848055,3.2097728024244674,0.0,13.122677328116646
SLB-2009,Solomon Islands,SLB,2009,3,0.0,2.4968625645246063,28.1,20.47009536159435,17.32006519687743,2.966234482009068,0.0,13.139792602172358
SLB-2010,Solomon Islands,SLB,2010,3,0.0,3.610247022546465,21.2,20.507044882147945,7.092717168762857,2.4968625645246063,0.0,13.15800461494864
SLB-2011,Solomon Islands,SLB,2011,3,0.0,3.1185115200386813,35.4,20.61582377001776,1.051481633210381,3.610247022546465,0.0,13.1862185401057
SLB-2012,Solomon Islands,SLB,2012,3,0.0,1.4502997683711076,39.1,20.785205572650938,7.34270706018,3.1185115200386813,0.0,13.223015626550223
SLB-2013,Solomon Islands,SLB,2013,3,0.0,2.1317260238978557,42.9,20.893192253213737,5.912006024911552,1.4502997683711076,0.0,13.259699771819305
SLB-2014,Solomon Islands,SLB,2014,3,0.0,1.2351244131858574,44.7,20.97472933305928,5.3913638858756,2.1317260238978557,0.0,13.296225924106643
SLB-2015,Solomon Islands,SLB,2015,3,0.0,1.6336582850963983,50.5,21.01262906834555,5.165902379251711,1.2351244131858574,0.0,13.332476804165715
SLB-2016,Solomon Islands,SLB,2016,3,0.0,1.7215036172489158,55.1,20.991695373942463,-0.5744692863594901,1.6336582850963983,0.0,13.36831053875429
SLB-2017,Solomon Islands,SLB,2017,3,0.0,1.7920922888565052,58.2,21.04497701443149,0.5124856262687925,1.7215036172489158,0.0,13.403594688360648
SLB-2018,Solomon Islands,SLB,2018,3,0.0,1.2205938431495813,62.9,21.108385729213943,0.4886867602610835,1.7920922888565052,0.0,13.43815611667688
SLB-2019,Solomon Islands,SLB,2019,3,0.0,1.454740925508771,65.8,21.20289378552604,3.461474849737293,1.2205938431495813,0.0,13.471754659764771
SLB-2020,Solomon Islands,SLB,2020,3,0.0,0.5555608190304792,69.4,21.20516750603357,1.63485544012247,1.454740925508771,0.0,13.498259603220143
SLB-2021,Solomon Islands,SLB,2021,3,0.0,1.3463650788540351,72.9,21.15254084545668,2.963549920760649,0.5555608190304792,0.0,13.520466787921954
SLB-2022,Solomon Islands,SLB,2022,3,0.0,1.7452195279760092,76.3,21.166869088365043,-0.1154378944128394,1.3463650788540351,0.0,13.544478435923091
SLE-2008,Sierra Leone,SLE,2008,2,0.0,1.06433075993461,13.0,22.013312922721735,11.64997445181059,1.693708966831487,0.0,15.564597884703357
SLE-2009,Sierra Leone,SLE,2009,2,0.0,1.750971294740998,12.1,22.148274845496587,8.211124322896078,1.06433075993461,0.0,15.589568101875884
SLE-2010,Sierra Leone,SLE,2010,2,0.0,2.42250077628516,14.6,22.09784258908788,7.469018985409824,1.750971294740998,0.0,15.616501783100668
SLE-2011,Sierra Leone,SLE,2011,2,0.0,3.6668059414779126,11.5,22.173193458279027,7.185662756681626,2.42250077628516,0.0,15.643716864655904
SLE-2012,Sierra Leone,SLE,2012,2,0.0,3.159912466411426,14.2,22.30464020313638,6.791382919526211,3.6668059414779126,0.0,15.669814686908651
SLE-2013,Sierra Leone,SLE,2013,2,0.0,2.445832849487781,17.2,22.538361960903977,6.58776239392585,3.159912466411426,0.0,15.695140632162074
SLE-2014,Sierra Leone,SLE,2014,2,0.0,2.288644512079046,13.5,22.73853717148296,5.52412877994266,2.445832849487781,0.0,15.71971320150255
SLE-2015,Sierra Leone,SLE,2015,2,0.0,2.024118051900236,18.8,22.76268438668152,4.639311714096666,2.288644512079046,0.0,15.74360378119836
SLE-2016,Sierra Leone,SLE,2016,2,0.0,1.5609229653752272,19.7,22.63847418293452,6.689435624986811,2.024118051900236,0.0,15.7667857181471
SLE-2017,Sierra Leone,SLE,2017,2,0.0,2.671383552111632,20.3,22.5289770615806,10.88606094139033,1.5609229653752272,0.0,15.79033144910746
SLE-2018,Sierra Leone,SLE,2018,2,0.0,1.7879782732234448,23.4,22.47243900087433,18.22150940033864,2.671383552111632,0.0,15.81418934112951
SLE-2019,Sierra Leone,SLE,2019,2,0.0,1.38242930277781,26.1,22.57808064818424,16.02954476936986,1.7879782732234448,0.0,15.83766244189794
SLE-2020,Sierra Leone,SLE,2020,2,0.0,0.7031368567922015,22.7,22.598688772733347,14.80499909060209,1.38242930277781,0.0,15.860877084648674
SLE-2021,Sierra Leone,SLE,2021,2,0.0,1.8139896811170024,26.3,22.623626720438708,13.44687111010521,0.7031368567922015,0.0,15.883961801962853
SLE-2022,Sierra Leone,SLE,2022,2,0.0,1.4597061958841422,27.5,22.69274343402625,11.87395888402341,1.8139896811170024,0.0,15.906708101272343
SLV-1992,El Salvador,SLV,1992,1,0.577913009476031,0.260395424625427,69.60788,22.38193998566403,14.4026748806266,0.4627243539033014,0.0,15.51936334044159
SLV-1993,El Salvador,SLV,1993,1,0.577913009476031,0.2435634581062575,75.3321914672852,22.483431314343832,11.21448138019865,0.260395424625427,0.0,15.535704205649267
SLV-1998,El Salvador,SLV,1998,1,0.577913009476031,3.006393640999817,80.0315170288086,23.04777932569879,4.490136278552036,0.5495475410696347,0.0,15.581025122920384
SLV-1999,El Salvador,SLV,1999,1,0.577913009476031,1.4037630809521675,81.637983,23.11538719098428,2.547059775541512,3.006393640999817,0.0,15.587200304229276
SLV-2000,El Salvador,SLV,2000,1,0.577913009476031,1.178777025080234,79.129592,23.146669088370487,0.5148271301929789,1.4037630809521675,0.0,15.592816239315315
SLV-2001,El Salvador,SLV,2001,1,0.577913009476031,1.5585345499961474,84.5,23.190087238483272,2.27128756828723,1.178777025080234,0.0,15.597786365765376
SLV-2002,El Salvador,SLV,2002,1,0.577913009476031,2.022192219570472,87.1,23.231444057684183,3.7508205747202,1.5585345499961474,0.0,15.601932641993123
SLV-2003,El Salvador,SLV,2003,1,0.577913009476031,0.9273851363019824,87.5,23.26204418633894,1.865525036100772,2.022192219570472,0.0139375107962022,15.605039541507573
SLV-2004,El Salvador,SLV,2004,1,0.577913009476031,1.700417301134947,87.0,23.306802317138903,2.120390917333296,0.9273851363019824,0.0195408780039438,15.607036666632538
SLV-2005,El Salvador,SLV,2005,1,0.577913009476031,1.959552865685584,87.4,23.342471046542173,4.451943923950449,1.700417301134947,0.0217385679327602,15.608048390855387
SLV-2006,El Salvador,SLV,2006,1,0.577913009476031,1.1986801419355164,87.5,23.41097726712113,4.690948709037688,1.959552865685584,0.135195934882048,15.608199428498438
SLV-2007,El Salvador,SLV,2007,1,0.577913009476031,2.905992960592809,89.2,23.49584768422506,4.037123594296121,1.1986801419355164,0.56647035112419,15.607656619122706
SLV-2008,El Salvador,SLV,2008,1,0.577913009476031,2.316470569938577,91.1,23.55717011877955,4.578085723771535,2.905992960592809,0.458911583353226,15.60890618795101
SLV-2009,El Salvador,SLV,2009,1,0.577913009476031,1.4852724921070088,91.0,23.61290899620126,6.707922935159387,2.316470569938577,0.577913009476031,15.61214114401583
SLV-2010,El Salvador,SLV,2010,1,0.577913009476031,-0.5802865682813438,91.1,23.59125678026595,1.055950297312006,1.4852724921070088,0.138481519538933,15.61528449206616
SLV-2011,El Salvador,SLV,2011,1,0.577913009476031,0.5721926480395942,91.6,23.63821746400448,1.179335768736726,-0.5802865682813438,0.0,15.618580818338195
SLV-2012,El Salvador,SLV,2012,1,0.577913009476031,1.4486506446601572,92.6,23.73308738888268,5.1289237668161,0.5721926480395942,0.0003752310294187,15.6221796575276
SLV-2013,El Salvador,SLV,2013,1,0.577913009476031,0.9603384205218845,93.7,23.786009353237382,1.729734815813832,1.4486506446601572,0.0003419868074962,15.626087856008136
SLV-2014,El Salvador,SLV,2014,1,0.577913009476031,1.5464538610566707,95.0,23.813897296813018,0.7576691845229727,0.9603384205218845,0.0003032116047482,15.6301463571933
SLV-2015,El Salvador,SLV,2015,1,0.577913009476031,1.4917644443877285,95.1,23.840926763465173,1.141344675382328,1.5464538610566707,0.0002689571546547,15.634067090538723
SLV-2016,El Salvador,SLV,2016,1,0.577913009476031,1.4355476619804208,95.4,23.877634713554613,-0.7313844873879571,1.4917644443877285,0.0,15.63742363631995
SLV-2017,El Salvador,SLV,2017,1,0.577913009476031,1.4511610611724175,96.0,23.90926427519936,0.6040490869966101,1.4355476619804208,0.0,15.64018903521894
SLV-2018,El Salvador,SLV,2018,1,0.577913009476031,1.2416491383166195,96.8,23.94130891521739,1.012354033155798,1.4511610611724175,0.0001063947033347,15.64224037416944
SLV-2019,El Salvador,SLV,2019,1,0.577913009476031,1.6802350970920432,97.0,23.98216397671473,1.090330005818922,1.2416491383166195,0.0001620524890476,15.643249596071728
SLV-2020,El Salvador,SLV,2020,1,0.577913009476031,1.2227348417018062,97.4,24.014690762453537,0.0753241350024612,1.6802350970920432,0.0001255650591976,15.643653224813676
SLV-2021,El Salvador,SLV,2021,1,0.577913009476031,1.738343119848314,99.7,23.93898428257465,-0.3715902123240951,1.2227348417018062,6.48310040641576e-05,15.645636850244175
SLV-2022,El Salvador,SLV,2022,1,0.577913009476031,0.0822260944552344,97.9,24.09204814781393,3.466925853130816,1.738343119848314,0.000150418698822,15.64901687390492
SRB-2008,Serbia,SRB,2008,4,1.7969801995401,2.7098415883013125,99.6,24.52743698026845,6.391706443914125,2.98357281336103,0.42016623623444,15.814498265803124
SRB-2009,Serbia,SRB,2009,4,1.7969801995401,2.530208290499324,99.6,24.716327506890337,12.41098677517796,2.7098415883013125,0.512169486154177,15.810241210864822
SRB-2010,Serbia,SRB,2010,4,1.7969801995401,2.0674968710346904,99.6,24.57247649796517,8.116950922380816,2.530208290499324,0.335048938768352,15.806231262359454
SRB-2011,Serbia,SRB,2011,4,1.7969801995401,2.9597175466712837,99.7,24.49686847207429,6.142553602472484,2.0674968710346904,0.53158669566208,15.80221120390094
SRB-2012,Serbia,SRB,2012,4,1.7969801995401,1.7624712037240349,99.7,24.660002887107797,11.1373976342129,2.9597175466712837,0.890629908467004,15.794650985822992
SRB-2013,Serbia,SRB,2013,4,1.7969801995401,2.1142707067507085,99.8,24.53222058571386,7.330385895966456,1.7624712037240349,1.09069028770519,15.789799617901284
SRB-2014,Serbia,SRB,2014,4,1.7969801995401,2.1118364948261146,99.9,24.644358183390302,7.694263628966555,2.1142707067507085,0.939643703344488,15.784935483375971
SRB-2015,Serbia,SRB,2015,4,1.7969801995401,2.4366862846810338,99.7,24.617416505008947,2.082447938801538,2.1118364948261146,0.863046421127908,15.780072532341087
SRB-2016,Serbia,SRB,2016,4,1.7969801995401,2.4198656462197348,99.9,24.444065638482,1.392358220001869,2.4366862846810338,0.402583557210894,15.774954989733269
SRB-2017,Serbia,SRB,2017,4,1.7969801995401,2.539366411286629,99.9,24.46629004404883,1.12231397417769,2.4198656462197348,0.27662651720577,15.769718045842655
SRB-2018,Serbia,SRB,2018,4,1.7969801995401,2.740326385879636,100.0,24.55131650931427,3.131062485901151,2.539366411286629,0.363808378643262,15.764396133188413
SRB-2019,Serbia,SRB,2019,4,1.7969801995401,2.767110736464274,100.0,24.689540640818507,1.959840762938007,2.740326385879636,0.502181565265322,15.75893261428239
SRB-2020,Serbia,SRB,2020,4,1.7969801995401,2.530273927838048,99.8,24.70974106619864,1.849229845110863,2.767110736464274,0.426534457626405,15.753566514874729
SRB-2021,Serbia,SRB,2021,4,1.7969801995401,2.6374692036230045,100.0,24.74636530887545,1.575532900834149,2.530273927838048,0.213906994350929,15.746905439823808
SRB-2022,Serbia,SRB,2022,4,1.7969801995401,2.6303865190767626,100.0,24.91534013544645,4.085102853351022,2.6374692036230045,0.42442078759101,15.73746855950299
SSD-2013,South Sudan,SSD,2013,2,58.2776601424041,-2.1658300212736514,3.3,23.20244546615477,45.52589783717057,1.1081988589908007,3.55150590979899,16.1909967022188
SSD-2014,South Sudan,SSD,2014,2,58.2776601424041,0.0074187110587242,3.8,23.63705400144733,-0.0580909784225664,-2.1658300212736514,13.3083956321822,16.228408722440566
SSD-2015,South Sudan,SSD,2015,2,58.2776601424041,0.0012502288037695,4.3,23.35962043521853,1.674299062955201,0.0074187110587242,26.3604396814303,16.234551050139732
STP-2002,São Tomé and Principe,STP,2002,3,0.0,2.148297709062718,51.5,18.14560072274435,9.222037075608894,2.082491340885475,0.0,11.8939339326444
STP-2003,São Tomé and Principe,STP,2003,3,0.0,1.9180914274944167,52.5,18.26017243741745,10.12872467222902,2.148297709062718,0.0,11.917877107944395
STP-2004,São Tomé and Principe,STP,2004,3,0.0,1.8358357610596123,53.6,18.44132390146697,9.79241974934509,1.9180914274944167,0.0,11.943505860556789
STP-2005,São Tomé and Principe,STP,2005,3,0.0,3.135611056363546,54.7,18.55680376841441,13.28588608717963,1.8358357610596123,0.0,11.968487819151903
STP-2006,São Tomé and Principe,STP,2006,3,0.0,3.975402014537556,55.8,18.73147366689201,17.15220493543541,3.135611056363546,0.0,11.99312691919241
STP-2007,São Tomé and Principe,STP,2007,3,0.0,3.878124728470148,56.9,18.776781258509505,23.07703734513812,3.975402014537556,0.0,12.017566000452195
STP-2008,São Tomé and Principe,STP,2008,3,0.0,4.433165154277899,58.0,18.820442417612973,18.54851363257793,3.878124728470148,0.0,12.04179334395687
STP-2009,São Tomé and Principe,STP,2009,3,0.0,2.741669355784049,59.1,19.052065099581355,31.99010394925735,4.433165154277899,0.0,12.06562596877793
STP-2010,São Tomé and Principe,STP,2010,3,0.0,3.975485719302933,56.9,19.11716268816082,16.95747580259453,2.741669355784049,0.0,12.088718267986772
STP-2011,São Tomé and Principe,STP,2011,3,0.0,3.347494470448229,61.4,19.06264616858589,13.34005235377999,3.975485719302933,0.0,12.110678962239527
STP-2012,São Tomé and Principe,STP,2012,3,0.0,2.9778186646504974,62.6,19.23805681755729,14.32716676168013,3.347494470448229,0.0,12.131618459605226
STP-2013,São Tomé and Principe,STP,2013,3,0.0,2.221096954619552,57.9,19.250852861402887,10.63793534316276,2.9778186646504974,0.0,12.151827630677776
STP-2014,São Tomé and Principe,STP,2014,3,0.0,2.897551888797622,65.0,19.402915565880456,8.105832708754763,2.221096954619552,0.0,12.171217190757702
STP-2015,São Tomé and Principe,STP,2015,3,0.0,3.0692860949109764,68.6,19.49608971998216,6.998499439664208,2.897551888797622,0.0,12.189780648753196
STP-2016,São Tomé and Principe,STP,2016,3,0.0,2.774335572205132,67.3,19.37619081993036,5.245878350224542,3.0692860949109764,0.0,12.207531580766418
STP-2017,São Tomé and Principe,STP,2017,3,0.0,3.0584385829759198,69.4,19.493179260750964,5.430519661191558,2.774335572205132,0.0,12.224354509208188
STP-2018,São Tomé and Principe,STP,2018,3,0.0,2.5203062370476514,74.3,19.59007094269116,5.690296199290199,3.0584385829759198,0.0,12.2403339658147
STP-2019,São Tomé and Principe,STP,2019,3,0.0,2.468148449420659,71.0,19.76541671664333,7.868596288739091,2.5203062370476514,0.0,12.255757647308222
STP-2020,São Tomé and Principe,STP,2020,3,0.0,2.997995641064964,75.1,19.838900240339814,7.720245252132482,2.468148449420659,0.0,12.270890815062488
STP-2021,São Tomé and Principe,STP,2021,3,0.0,3.115566783995871,76.8,19.970855763910823,9.819327915401464,2.997995641064964,0.0,12.289659833336442
STP-2022,São Tomé and Principe,STP,2022,3,0.0,3.025897568701897,78.5,20.077769994335902,8.137770383787318,3.115566783995871,0.0,12.310261475031789
SUR-2000,Suriname,SUR,2000,3,10.4429452069185,-3.023447654470099,99.62406,20.60255555709688,98.77309141121636,-2.635461656330469,5.54774661240561,13.053906790662433
SUR-2001,Suriname,SUR,2001,3,10.4429452069185,-1.8835417827076189,95.4,20.669518977868155,59.40168654507903,-3.023447654470099,9.6570386910926,13.074525159989774
SUR-2002,Suriname,SUR,2002,3,10.4429452069185,-2.605229576041816,95.3,20.542078866823307,38.58628788726108,-1.8835417827076189,8.57701308174341,13.095117558154064
SUR-2003,Suriname,SUR,2003,3,10.4429452069185,-2.4872355983005745,95.2,20.812717497349038,15.5273989185702,-2.605229576041816,6.6713651664465,13.115443490115156
SUR-2004,Suriname,SUR,2004,3,10.4429452069185,-1.652166876085861,95.1,20.965576764744338,23.00223217782186,-2.4872355983005745,5.97914212009237,13.135111770226496
SUR-2005,Suriname,SUR,2005,3,10.4429452069185,1.2282767829321184,95.0,21.118069337837216,9.986325119748775,-1.652166876085861,6.45522246853907,13.149830673582768
SUR-2006,Suriname,SUR,2006,3,10.4429452069185,-2.5275537314537857,94.9,21.307384894607143,9.898004895614646,1.2282767829321184,8.63608457094893,13.160263988837391
SUR-2007,Suriname,SUR,2007,3,10.4429452069185,-2.825002269521504,91.0,21.68887247521239,11.28130432739748,-2.5275537314537857,7.84880116051496,13.171149732042696
SUR-2008,Suriname,SUR,2008,3,10.4429452069185,-2.57834864955456,94.7,21.80052238062691,6.426279344705242,-2.825002269521504,8.36431435476551,13.182549314777518
SUR-2009,Suriname,SUR,2009,3,10.4429452069185,-1.61330319258008,94.7,21.985404440951125,14.66714274379119,-2.57834864955456,10.4429452069185,13.194211369153637
SUR-2010,Suriname,SUR,2010,3,10.4429452069185,-2.467394761065812,94.6,22.07791725856308,-0.1336366467148769,-1.61330319258008,4.70070969381809,13.20591193240711
SUR-2011,Suriname,SUR,2011,3,10.4429452069185,1.9050265977459848,91.2,22.19765600743266,6.94108221639996,-2.467394761065812,5.82683537587144,13.217535365842483
SUR-2012,Suriname,SUR,2012,3,10.4429452069185,1.9385713473147488,94.6,22.209920473460176,17.71177964145582,1.9050265977459848,9.41801678852129,13.2290090668724
SUR-2013,Suriname,SUR,2013,3,10.4429452069185,2.000700130118059,94.6,22.32869572818377,5.00686319367273,1.9385713473147488,7.99471670842876,13.240384606912526
SUR-2014,Suriname,SUR,2014,3,10.4429452069185,-0.9761098529596832,94.6,22.36143844063248,1.923436041083054,2.000700130118059,7.07724159024642,13.251672619281557
SUR-2015,Suriname,SUR,2015,3,10.4429452069185,1.988237838833754,94.6,22.379702989203032,3.383412727494775,-0.9761098529596832,6.48885277692169,13.262775543121071
SUR-2016,Suriname,SUR,2016,3,10.4429452069185,2.6417619837766075,95.0,22.357637824956974,6.893903591682384,1.988237838833754,2.53674856688081,13.273586347096252
SUR-2017,Suriname,SUR,2017,3,10.4429452069185,1.7103152315281558,95.8,21.922453706438592,55.41238797631955,2.6417619837766075,2.93811167650529,13.284070577538948
SUR-2018,Suriname,SUR,2018,3,10.4429452069185,1.9026213916068608,96.6,22.00188573841489,21.99694301733036,1.7103152315281558,4.01262933516518,13.294153000913871
SUR-2021,Suriname,SUR,2021,3,10.4429452069185,2.8047763117863607,98.4,21.792039858365712,34.88978430907801,0.0357056151523722,2.99417364471055,13.32500703438819
SUR-2022,Suriname,SUR,2022,3,10.4429452069185,2.601874527487833,98.8,21.857220558390235,59.11966262519767,2.8047763117863607,7.93252614181898,13.334077055882728
SVK-1994,Slovak Republic,SVK,1994,1,0.0281402221439932,1.2840568186382575,100.0,23.361748948021766,23.28702766454496,1.1501625427517097,0.0213759915575167,15.487980732697457
SVK-1995,Slovak Republic,SVK,1995,1,0.0281402221439932,0.9919827042424132,100.0,23.507519713630888,13.41552034222461,1.2840568186382575,0.0156386182294211,15.491921276259268
SVK-1996,Slovak Republic,SVK,1996,1,0.0281402221439932,1.2513775220719103,100.0,23.73418692694736,9.841095798377612,0.9919827042424132,0.0149998130978498,15.494847597778042
SVK-1997,Slovak Republic,SVK,1997,1,0.0281402221439932,0.7344148535147519,100.0,23.808145942652487,5.775827861559398,1.2513775220719103,0.0223281669641781,15.496964341348008
SVK-1998,Slovak Republic,SVK,1998,1,0.0281402221439932,1.760666691454557,100.0,23.81552248466564,6.141989995956569,0.7344148535147519,0.016510382368542,15.498810640916778
SVK-1999,Slovak Republic,SVK,1999,1,0.0281402221439932,1.2638630956847992,100.0,23.85491390094854,6.665651231958224,1.760666691454557,0.0037940962216565,15.500151856652652
SVK-2000,Slovak Republic,SVK,2000,1,0.0281402221439932,3.054717764774076,100.0,23.758863860160098,10.57044160752243,1.2638630956847992,0.0084629982033908,15.501172388073892
SVK-2001,Slovak Republic,SVK,2001,1,0.0281402221439932,2.667758157462721,100.0,23.749844365819307,12.03578059742986,3.054717764774076,0.0241597051195618,15.499818623447002
SVK-2002,Slovak Republic,SVK,2002,1,0.0281402221439932,3.5276637351825486,100.0,23.785609343130567,7.329620191155322,2.667758157462721,0.0158003204347444,15.497988501076971
SVK-2003,Slovak Republic,SVK,2003,1,0.0281402221439932,1.7767479433334312,100.0,23.93282409045012,3.127142229846087,3.5276637351825486,0.0138850270798446,15.49762497563488
SVK-2004,Slovak Republic,SVK,2004,1,0.0281402221439932,2.9428580088666645,100.0,24.242593570146173,8.554143054066525,1.7767479433334312,0.0114928737044564,15.496966760687014
SVK-2005,Slovak Republic,SVK,2005,1,0.0281402221439932,2.780934873787628,100.0,24.483552290751284,7.548500881834233,2.9428580088666645,0.0115043850236051,15.496763143522314
SVK-2006,Slovak Republic,SVK,2006,1,0.0281402221439932,2.996535330219256,99.9,24.611483550523975,2.709084945883832,2.780934873787628,0.0123977111611511,15.496861234845786
SVK-2007,Slovak Republic,SVK,2007,1,0.0281402221439932,2.5810234016735945,99.9,24.76826518184078,4.483331204496153,2.996535330219256,0.0115567670110504,15.496907206025588
SVK-2008,Slovak Republic,SVK,2008,1,0.0281402221439932,2.272438744247393,100.0,25.067323734591703,2.756723716381353,2.5810234016735945,0.0082301455398637,15.497198989983223
SVK-2009,Slovak Republic,SVK,2009,1,0.0281402221439932,1.3020981294081768,100.0,25.294729206075026,4.59817976325028,2.272438744247393,0.0089820773880756,15.498056542818931
SVK-2010,Slovak Republic,SVK,2010,1,0.0281402221439932,1.5791059543973478,100.0,25.21574856062356,1.615104640582355,1.3020981294081768,0.0045867361308343,15.49938911578165
SVK-2011,Slovak Republic,SVK,2011,1,0.0281402221439932,2.3966524190346146,100.0,25.23535712079713,0.9570181329751736,1.5791059543973478,0.0046138618340476,15.500321028340618
SVK-2012,Slovak Republic,SVK,2012,1,0.0281402221439932,1.3865346605159568,100.0,25.325482713450366,3.91928599146291,2.3966524190346146,0.0079282610757199,15.50161039272886
SVK-2013,Slovak Republic,SVK,2013,1,0.0281402221439932,0.8903034592454815,100.0,25.2742373993102,3.606102635228899,1.3865346605159568,0.0077126838026071,15.503312230967138
SVK-2014,Slovak Republic,SVK,2014,1,0.0281402221439932,-0.3496358284584943,100.0,25.31974111001292,1.400473689630253,0.8903034592454815,0.0060061101829395,15.504386810863451
SVK-2015,Slovak Republic,SVK,2015,1,0.0281402221439932,1.3032876103622386,100.0,25.345421702039932,-0.076165329541987,-0.3496358284584943,0.0049117724875757,15.505357264900104
SVK-2016,Slovak Republic,SVK,2016,1,0.0281402221439932,2.365495735422404,100.0,25.21390636239068,-0.325219777427765,1.3032876103622386,0.0023961089915075,15.506307603511289
SVK-2017,Slovak Republic,SVK,2017,1,0.0281402221439932,2.187391674341108,100.0,25.226925566606837,-0.5200101962783584,2.365495735422404,0.0014293291046049,15.507596826573312
SVK-2018,Slovak Republic,SVK,2018,1,0.0281402221439932,1.4929275695969342,100.0,25.287386197629207,1.311945882232468,2.187391674341108,0.0015119312864531,15.50914861624467
SVK-2019,Slovak Republic,SVK,2019,1,0.0281402221439932,1.5104359527484523,100.0,25.392458848928907,2.514037128838027,1.4929275695969342,0.0019836339816227,15.510533697586313
SVK-2020,Slovak Republic,SVK,2020,1,0.0281402221439932,-0.9230031037612,100.0,25.385227408976096,2.664561334254404,1.5104359527484523,0.0015669428982889,15.511886978066434
SVK-2021,Slovak Republic,SVK,2021,1,0.0281402221439932,1.5529075784995674,100.0,25.402918094866127,1.936941266942229,-0.9230031037612,0.0004918748572735,15.512744672665397
SVK-2022,Slovak Republic,SVK,2022,1,0.0281402221439932,2.1348411828370937,100.0,25.515009078572003,3.149606299212595,1.5529075784995674,0.0017634878469993,15.510621084978716
SVN-1996,Slovenia,SVN,1996,0,8.94628877796405e-05,0.7382390186563224,100.0,23.785133270097177,13.46372961786689,0.6558384193484171,7.47604676557127e-05,14.503581375568672
SVN-1997,Slovenia,SVN,1997,0,8.94628877796405e-05,1.2562991810663289,100.0,23.78995502229849,9.864450615468536,0.7382390186563224,8.94628877796405e-05,14.502956014545584
SVN-1998,Slovenia,SVN,1998,0,8.94628877796405e-05,0.865622939312939,100.0,23.75469718536704,8.35967990704302,1.2562991810663289,6.01617847945739e-05,14.50161147179193
SVN-1999,Slovenia,SVN,1999,0,8.94628877796405e-05,0.4555581410215541,100.0,23.81696998645946,7.891166828566818,0.865622939312939,1.40135241061114e-05,14.499430296324078
SVN-2000,Slovenia,SVN,2000,0,8.94628877796405e-05,0.6309364104435612,100.0,23.84164348733608,6.155587544515603,0.4555581410215541,3.7464529598148e-05,14.50014460440888
SVN-2001,Slovenia,SVN,2001,0,8.94628877796405e-05,1.6189738427296652,100.0,23.726926135627476,8.911744186587573,0.6309364104435612,7.48466914379018e-05,14.50310535251856
SVN-2002,Slovenia,SVN,2002,0,8.94628877796405e-05,2.7725281542924365,100.0,23.75189447802528,8.379665874922077,1.6189738427296652,5.32255557663364e-05,14.504680339147782
SVN-2003,Slovenia,SVN,2003,0,8.94628877796405e-05,1.36214046452435,100.0,23.868046948775856,7.480777707037612,2.7725281542924365,4.39489545980475e-05,14.505919492949351
SVN-2004,Slovenia,SVN,2004,0,8.94628877796405e-05,1.5436913321906922,100.0,24.10291862608736,5.544164217528972,1.36214046452435,3.58600452949128e-05,14.506522460439706
SVN-2005,Slovenia,SVN,2005,0,8.94628877796405e-05,1.7192505772340037,100.0,24.254220302485898,3.592975942495101,1.5436913321906922,4.17014661148403e-05,14.50716312214141
SVN-2006,Slovenia,SVN,2006,0,8.94628877796405e-05,1.3321551925316115,100.0,24.305337529335244,2.451501323164773,1.7192505772340037,4.19073137576575e-05,14.50889521032556
SVN-2007,Slovenia,SVN,2007,0,8.94628877796405e-05,2.079040914791679,100.0,24.3934814205044,2.45792444195863,1.3321551925316115,4.43761975018317e-05,14.51208635409862
SVN-2018,Slovenia,SVN,2018,0,8.94628877796405e-05,1.774835320550472,100.0,24.59765343478188,1.42910743319306,1.641352413642381,8.56129547999711e-05,14.54131319748208
SVN-2019,Slovenia,SVN,2019,0,8.94628877796405e-05,2.092524038905057,100.0,24.706475235629764,1.7386086198818,1.774835320550472,0.0002827546108903,14.54493903968193
SVN-2020,Slovenia,SVN,2020,0,8.94628877796405e-05,0.8443693141686692,100.0,24.710580393215583,1.630522607543353,2.092524038905057,6.44611831761803e-05,14.551902076799454
SVN-2021,Slovenia,SVN,2021,0,8.94628877796405e-05,1.9944777416187187,100.0,24.700791151472234,-0.05485681576061,0.8443693141686692,1.39101147863392e-05,14.558599620164776
SVN-2022,Slovenia,SVN,2022,0,8.94628877796405e-05,2.0035154292548643,100.0,24.84296642356895,1.917065060892687,1.9944777416187187,2.90014634526052e-05,14.561288138587418
SWE-1991,Sweden,SWE,1991,1,0.0295942454553409,1.5779339115463984,100.0,26.28957229970084,10.36655338794934,0.6996897458595978,0.0001132140922169,15.962474757563218
SWE-1992,Sweden,SWE,1992,1,0.0295942454553409,-0.001908600382777,100.0,26.33577866128853,9.444627329441891,1.5779339115463984,3.50341886107007e-05,15.96929118794558
SWE-1993,Sweden,SWE,1993,1,0.0295942454553409,1.322074532447656,100.0,26.37191929991645,2.374367251118809,-0.001908600382777,1.83309389348241e-05,15.975156486554546
SWE-1994,Sweden,SWE,1994,1,0.0295942454553409,1.7332183595154385,100.0,26.08288807679007,4.728173046260488,1.322074532447656,1.30703650373528e-05,15.98096487402942
SWE-1997,Sweden,SWE,1997,1,0.0295942454553409,2.0523623640077937,100.0,26.39984701259121,0.5331319787662375,1.389164514187581,0.0,15.99491043727856
SWE-1998,Sweden,SWE,1998,1,0.0295942454553409,2.8499152788539344,100.0,26.315183790280454,0.6584102562435263,2.0523623640077937,0.0,15.995483059248038
SWE-1999,Sweden,SWE,1999,1,0.0295942454553409,3.826215028975952,100.0,26.324968729124173,-0.2671326683549713,2.8499152788539344,0.0,15.996038180407425
SWE-2000,Sweden,SWE,2000,1,0.0295942454553409,2.8573750606433457,100.0,26.337555158874068,0.4621757563391378,3.826215028975952,0.0,15.996817451828118
SWE-2001,Sweden,SWE,2001,1,0.0295942454553409,2.714124872333564,100.0,26.295053110930915,0.8991437340417145,2.8573750606433457,0.0,15.998423206492737
SWE-2002,Sweden,SWE,2002,1,0.0295942454553409,2.6262772766264173,100.0,26.214258464749825,2.405958341454364,2.714124872333564,0.0008551786349884,16.001107911470086
SWE-2003,Sweden,SWE,2003,1,0.0295942454553409,1.3496233834213958,100.0,26.31190643793436,2.158482135892664,2.6262772766264173,0.0018709938768809,16.00436229178189
SWE-2004,Sweden,SWE,2004,1,0.0295942454553409,2.183648604459991,100.0,26.534623703160623,1.925655348923831,1.3496233834213958,0.0017899679501674,16.008083220793743
SWE-2005,Sweden,SWE,2005,1,0.0295942454553409,2.3707349670699265,100.0,26.675327804021983,0.3736598287218242,2.183648604459991,0.0027203525656138,16.012016210269145
SWE-2006,Sweden,SWE,2006,1,0.0295942454553409,2.354547572947126,100.0,26.693732605469823,0.4531708525761384,2.3707349670699265,0.0045184557264244,16.016015637453407
SWE-2007,Sweden,SWE,2007,1,0.0295942454553409,2.9383785212629023,100.0,26.769522487308752,1.36021468627693,2.354547572947126,0.0069526892616705,16.021640475897037
SWE-2008,Sweden,SWE,2008,1,0.0295942454553409,2.782897381631833,100.0,26.917768752988103,2.212168834367327,2.9383785212629023,0.010650077737385,16.02905600022967
SWE-2009,Sweden,SWE,2009,1,0.0295942454553409,1.4715626136981002,100.0,26.96668313796147,3.437049106028748,2.782897381631833,0.0182062873540388,16.0368463322891
SWE-2010,Sweden,SWE,2010,1,0.0295942454553409,0.1265218401782764,100.0,26.797028349283675,-0.494460544378051,1.4715626136981002,0.0167686492033472,16.04536537549838
SWE-2011,Sweden,SWE,2011,1,0.0295942454553409,1.03079943455022,100.0,26.92326960386129,1.157988027156257,0.1265218401782764,0.0203671152425583,16.05389062087309
SWE-2012,Sweden,SWE,2012,1,0.0295942454553409,0.7149024162010318,100.0,27.069846630860194,2.9611507382214,1.03079943455022,0.0295942454553409,16.061442121407552
SWE-2013,Sweden,SWE,2013,1,0.0295942454553409,0.2520211835716883,100.0,27.03271068431518,0.888377506923735,0.7149024162010318,0.026228031109986,16.068839753351906
SWE-2014,Sweden,SWE,2014,1,0.0295942454553409,-0.9131418119090778,100.0,27.093381442495268,-0.044292970148682,0.2520211835716883,0.020164251116792,16.077313238987998
SWE-2015,Sweden,SWE,2015,1,0.0295942454553409,1.420714055885079,100.0,27.08236860384527,-0.179638494114635,-0.9131418119090778,0.0174025911395759,16.087235435245507
SWE-2016,Sweden,SWE,2016,1,0.0295942454553409,1.823286458037232,100.0,26.941073515075104,-0.0467847449832811,1.420714055885079,0.0096049689495981,16.097809981015825
SWE-2017,Sweden,SWE,2017,1,0.0295942454553409,2.2183253471157984,100.0,26.9636553461288,0.9842692445779916,1.823286458037232,0.0076934048407406,16.110374519592675
SWE-2018,Sweden,SWE,2018,1,0.0295942454553409,-0.1295660895851041,100.0,27.005854694175703,1.794499046655989,2.2183253471157984,0.0099777920128798,16.123848968839518
SWE-2019,Sweden,SWE,2019,1,0.0295942454553409,1.8044169596676531,100.0,27.03254635556419,1.953535301270278,-0.1295660895851041,0.0261727179380502,16.135465419290824
SWE-2020,Sweden,SWE,2020,1,0.0295942454553409,1.9276018408582196,100.0,26.99782844941022,1.784150974038347,1.8044169596676531,0.0253712710404297,16.14560264093414
SWE-2021,Sweden,SWE,2021,1,0.0295942454553409,2.9129850613658714,100.0,27.022703325719117,0.4973673188535717,1.9276018408582196,0.0132039613355993,16.15282967936241
SWE-2022,Sweden,SWE,2022,1,0.0295942454553409,2.931613691801712,100.0,27.171669878046533,2.163197364471434,2.9129850613658714,0.0272391808431431,16.158835594112453
SWZ-2001,Eswatini,SWZ,2001,4,0.42623661227343,1.4217803615647888,20.4,21.252223021315523,12.20853585458438,2.377347615933333,0.0,13.856090923294548
SWZ-2002,Eswatini,SWZ,2002,4,0.42623661227343,2.596011760243847,26.9,21.130642774264714,5.942109822816477,1.4217803615647888,0.0,13.865314493807796
SWZ-2003,Eswatini,SWZ,2003,4,0.42623661227343,-1.753244114579323,25.9,21.05540371640617,12.01971546992315,2.596011760243847,0.0,13.87325291238884
SWZ-2004,Eswatini,SWZ,2004,4,0.42623661227343,1.6719352842252244,28.7,21.48856270366914,7.289999999999992,-1.753244114579323,0.0,13.880081266083838
SWZ-2005,Eswatini,SWZ,2005,4,0.42623661227343,-1.1836311084194036,31.4,21.72033689469454,3.445335073166136,1.6719352842252244,0.0,13.886118125128228
SWZ-2006,Eswatini,SWZ,2006,4,0.42623661227343,2.035881072763174,34.2,21.854005268288716,4.774004045537119,-1.1836311084194036,0.0,13.891566560046453
SWZ-2007,Eswatini,SWZ,2007,4,0.42623661227343,0.954140136459321,35.2,21.89118896042283,5.304639463387275,2.035881072763174,0.0,13.896571516275396
SWZ-2008,Eswatini,SWZ,2008,4,0.42623661227343,1.899766682587448,39.8,21.9444269389422,8.076088278615886,0.954140136459321,0.0,13.902335750956071
SWZ-2009,Eswatini,SWZ,2009,4,0.42623661227343,1.38105078330999,42.6,21.89757947599104,12.65746018639152,1.899766682587448,0.0,13.909084686248274
SWZ-2010,Eswatini,SWZ,2010,4,0.42623661227343,1.8529653992621824,38.6,21.983206839725725,7.448234234457536,1.38105078330999,0.0,13.915495249739216
SWZ-2011,Eswatini,SWZ,2011,4,0.42623661227343,1.4831702017569526,45.6,22.19590172489719,4.50923691774369,1.8529653992621824,0.170197299227968,13.921356855610922
SWZ-2012,Eswatini,SWZ,2012,4,0.42623661227343,0.5322429782517418,51.2,22.275691405693067,6.107427145902511,1.4831702017569526,0.298564481507319,13.926903442245472
SWZ-2013,Eswatini,SWZ,2013,4,0.42623661227343,1.3660991686297852,54.3,22.28094994229117,8.939646827882116,0.5322429782517418,0.42623661227343,13.932283305673833
SWZ-2014,Eswatini,SWZ,2014,4,0.42623661227343,0.5702699935152891,57.5,22.21917579414504,5.621306234689477,1.3660991686297852,0.405654265154514,13.937720226055037
SWZ-2015,Eswatini,SWZ,2015,4,0.42623661227343,0.737303942165657,65.0,22.178401713506897,5.681348857764474,0.5702699935152891,0.312695221324426,13.9432879279061
SWZ-2016,Eswatini,SWZ,2016,4,0.42623661227343,0.6700960825816363,64.1,22.086347330887143,4.951244937049192,0.737303942165657,0.124269749067541,13.949004199876248
SWZ-2017,Eswatini,SWZ,2017,4,0.42623661227343,-1.0734305524113237,63.4,22.037609237278502,7.847274590856799,0.6700960825816363,0.116108859833854,13.954844582708786
SWZ-2018,Eswatini,SWZ,2018,4,0.42623661227343,0.628233013400491,73.5,22.21900650232122,6.221375289331178,-1.0734305524113237,0.0,13.962374180132912
SWZ-2019,Eswatini,SWZ,2019,4,0.42623661227343,1.7436750864161266,74.0,22.258788294754847,4.815061674615126,0.628233013400491,0.0,13.971599358421791
SWZ-2020,Eswatini,SWZ,2020,4,0.42623661227343,0.8369234088158166,77.0,22.253015086958577,2.598016203110773,1.7436750864161266,0.0,13.980919058627244
SYC-1995,Seychelles,SYC,1995,1,0.0,2.83496920409501,90.0,20.064655453942752,1.736972704714635,2.481641756121339,0.0,11.214600288419966
SYC-1996,Seychelles,SYC,1996,1,0.0,2.384926361415712,92.1736526489258,20.108436274609463,-0.2439024390244594,2.83496920409501,0.0,11.229301812645948
SYC-1997,Seychelles,SYC,1997,1,0.0,2.884027605983609,92.552490234375,20.0982451357645,-1.100244498777427,2.384926361415712,0.0,11.243973549499035
SYC-1998,Seychelles,SYC,1998,1,0.0,2.8034482100643108,92.0,20.210717034944867,0.6180469715698906,2.884027605983609,0.0,11.255707933322268
SYC-1999,Seychelles,SYC,1999,1,0.0,2.8166351436005903,93.2992935180664,20.288300921954548,2.5798525798524232,2.8034482100643108,0.0,11.27526454474284
SYC-2000,Seychelles,SYC,2000,1,0.0,2.024080586382948,93.6658096313477,20.312042103558632,6.347305389221562,2.8166351436005903,0.0,11.294906261729013
SYC-2001,Seychelles,SYC,2001,1,0.0,2.975942435414443,94.1,20.298942620109543,6.268768768768784,2.024080586382948,0.0,11.30383273687868
SYC-2002,Seychelles,SYC,2002,1,0.0,2.560082779284897,94.4,20.310873022982925,5.969622041681559,2.975942435414443,0.0,11.304707471280098
SYC-2003,Seychelles,SYC,2003,1,0.0,2.7489718845390616,96.1,20.425041507680227,0.1749999999999242,2.560082779284897,0.0,11.335280953727237
SYC-2004,Seychelles,SYC,2004,1,0.0,2.1552128329051685,94.9,20.43671276839549,3.302553864070886,2.7489718845390616,0.0,11.323965925436088
SYC-2005,Seychelles,SYC,2005,1,0.0,2.8076658532386896,95.2,20.610110822041467,3.857303913673989,2.1552128329051685,0.0,11.320262620909606
SYC-2006,Seychelles,SYC,2006,1,0.0,3.2593479016036206,95.5,20.70091734215252,0.9071877180739436,2.8076658532386896,0.0,11.324895647009209
SYC-2007,Seychelles,SYC,2007,1,0.0,3.487082255467455,99.0,20.801560510915465,-0.3534654986937563,3.2593479016036206,0.0,11.345701365855424
SYC-2008,Seychelles,SYC,2008,1,0.0,3.603903381703288,96.1,20.797731930165902,5.320600272851421,3.487082255467455,0.0,11.35080645549378
SYC-2009,Seychelles,SYC,2009,1,0.0,3.678120493994845,96.5,20.702652224089643,36.96475828752887,3.603903381703288,0.0,11.373169022579944
SYC-2010,Seychelles,SYC,2010,1,0.0,3.4839527779898978,96.8,20.56180707636892,31.75444077441784,3.678120493994845,0.0,11.377094287008363
SYC-2011,Seychelles,SYC,2011,1,0.0,3.2992034420605814,97.0,20.704711304650555,-2.404638751082275,3.4839527779898978,0.0,11.405017262267611
SYC-2012,Seychelles,SYC,2012,1,0.0,4.723712160504596,98.1,20.780514137882005,2.559267722309531,3.2992034420605814,0.0,11.378730995415925
SYC-2013,Seychelles,SYC,2013,1,0.0,2.164390773097223,98.3,20.808900119690865,7.110370623264027,4.723712160504596,0.0,11.388540685679285
SYC-2014,Seychelles,SYC,2014,1,0.0,2.752494090012936,98.0,21.010818207276102,4.338938483290987,2.164390773097223,0.0,11.40700923937868
SYC-2015,Seychelles,SYC,2015,1,0.0,2.698186475915162,100.0,21.05082552531207,1.38583454581263,2.752494090012936,0.0,11.422563024889838
SYC-2016,Seychelles,SYC,2016,1,0.0,2.177941877182548,100.0,21.082619537002763,4.041944107256171,2.698186475915162,0.0,11.4448607340561
SYC-2017,Seychelles,SYC,2017,1,0.0,3.1611076452434816,100.0,21.17339409632999,-1.015481916976257,2.177941877182548,0.0,11.458236939619429
SYC-2018,Seychelles,SYC,2018,1,0.0,3.5332585072461566,100.0,21.23930025655932,2.856795755684371,3.1611076452434816,0.0,11.47047714870539
SYC-2019,Seychelles,SYC,2019,1,0.0,3.31605466275776,100.0,21.30229982410345,3.702918391115683,3.5332585072461566,0.0,11.480019968790666
SYC-2020,Seychelles,SYC,2020,1,0.0,2.4567007089264394,100.0,21.348503539865515,1.807094008099823,3.31605466275776,0.0,11.488899130367374
SYC-2021,Seychelles,SYC,2021,1,0.0,2.716170816178636,100.0,21.04719672470648,1.202664639871229,2.4567007089264394,0.0,11.497436122074095
SYC-2022,Seychelles,SYC,2022,1,0.0,2.9463491259551566,100.0,21.12014337439734,9.769099369735416,2.716170816178636,0.0,11.505487874539
SYR-2001,Syrian Arab Republic,SYR,2001,3,18.8708007318397,0.523593073061373,93.4,23.66438518648686,-3.846153846153788,1.152874323680773,6.13966972588644,16.62719312232878
SYR-2002,Syrian Arab Republic,SYR,2002,3,18.8708007318397,0.5283093430260171,93.1,23.72292038964742,2.999999999999953,0.523593073061373,4.92261404061527,16.65173929233453
SYR-2003,Syrian Arab Republic,SYR,2003,3,18.8708007318397,0.6794905516329587,86.6,23.757592982707557,-0.1305052824174015,0.5283093430260171,5.18459530453076,16.675900256836155
SYR-2004,Syrian Arab Republic,SYR,2004,3,18.8708007318397,0.9477810675032756,92.6,23.806466014754907,5.796829449058412,0.6794905516329587,5.5304418274807,16.699713159016888
SYR-2005,Syrian Arab Republic,SYR,2005,3,18.8708007318397,1.3172152235133194,92.3,23.945612051001884,4.433141367198388,0.9477810675032756,4.57641557385435,16.72442467222453
SYR-2006,Syrian Arab Republic,SYR,2006,3,18.8708007318397,1.422183162318498,92.0,24.08568557395885,7.240349393485349,1.3172152235133194,5.29082341663287,16.750116721477628
SYR-2007,Syrian Arab Republic,SYR,2007,3,18.8708007318397,1.840103041893992,99.5,24.242299970144867,10.02411053775713,1.422183162318498,5.16369608370094,16.79292727099002
SYR-2008,Syrian Arab Republic,SYR,2008,3,18.8708007318397,1.7493834977493743,91.5,24.42371142029576,3.907709504436073,1.840103041893992,4.59093161345655,16.854499906821328
SYR-2009,Syrian Arab Republic,SYR,2009,3,18.8708007318397,2.261903573692852,91.3,24.68518151091432,15.74532522197086,1.7493834977493743,5.19652182902386,16.88989526551676
SYR-2010,Syrian Arab Republic,SYR,2010,3,18.8708007318397,1.606813991290058,91.1,24.71431665450457,2.920897118053667,2.261903573692852,2.96166778457661,16.90550564484394
SYR-2011,Syrian Arab Republic,SYR,2011,3,18.8708007318397,1.0099777858186765,92.7,24.840526365736743,4.397413831500702,1.606813991290058,3.83125650391356,16.928244317399727
TCD-1998,Chad,TCD,1998,3,32.6666259924004,1.0435317950632732,2.3,21.158088806673387,5.572257111253298,1.7756913926049305,0.0,15.852875020960132
TCD-1999,Chad,TCD,1999,3,32.6666259924004,1.24795348332235,2.42038726806641,21.2799026390859,4.258851102251403,1.0435317950632732,0.0,15.887277852795394
TCD-2000,Chad,TCD,2000,3,32.6666259924004,2.812377462432813,2.80621337890625,21.151583546674715,-8.025059627274542,1.24795348332235,0.0,15.922409909939184
TCD-2001,Chad,TCD,2001,3,32.6666259924004,3.984857463820287,3.1,21.05149474232801,3.822600880863059,2.812377462432813,0.0,15.95699853373567
TCD-2002,Chad,TCD,2002,3,32.6666259924004,4.527870978638126,3.4,21.260252289385573,12.43128652799407,3.984857463820287,0.0,15.990730919619471
TCD-2003,Chad,TCD,2003,3,32.6666259924004,3.95095668886226,3.8,21.414914750572677,5.191818951954464,4.527870978638126,0.0,16.025562840690075
TCD-2004,Chad,TCD,2004,3,32.6666259924004,3.0519003366803386,4.1,21.732250628683285,-1.752569412486548,3.95095668886226,4.74383447804891,16.065520904282444
TCD-2005,Chad,TCD,2005,3,32.6666259924004,-0.9820473021035976,3.5,22.21005140175409,-5.355400288848158,3.0519003366803386,29.8599644670772,16.110067209092808
TCD-2006,Chad,TCD,2006,3,32.6666259924004,-1.775659746379043,4.8,22.881506127588008,7.890365674629931,-0.9820473021035976,32.6666259924004,16.150378216115634
TCD-2007,Chad,TCD,2007,3,32.6666259924004,-1.805837521075154,5.1,22.996383663013848,8.03628897951331,-1.775659746379043,30.8512410137952,16.186354586513506
TCD-2008,Chad,TCD,2008,3,32.6666259924004,1.9608557036721987,5.5,23.108847897105928,-8.974739620092704,-1.805837521075154,28.9574096374403,16.22080213779536
TCD-2009,Chad,TCD,2009,3,32.6666259924004,1.8321473397379435,5.9,23.317444890322037,10.29697582212537,1.9608557036721987,29.6642941556194,16.255794335846105
TCD-2010,Chad,TCD,2010,3,32.6666259924004,1.5405349936878736,6.3,23.23429611190389,9.952422907488645,1.8321473397379435,14.6756159361222,16.291524030415367
TCD-2011,Chad,TCD,2011,3,32.6666259924004,1.29548757551161,6.4,23.36649350607536,-2.077865746418658,1.5405349936878736,20.0317465897842,16.326131737032263
TCD-2012,Chad,TCD,2012,3,32.6666259924004,1.891866958156157,9.0,23.53779690637669,2.0292405367826,1.29548757551161,24.3983730486377,16.36143375275678
TCD-2013,Chad,TCD,2013,3,32.6666259924004,1.790177098658754,7.8,23.607632297468168,7.516623646638329,1.891866958156157,20.5311950776099,16.39656029816599
TCD-2014,Chad,TCD,2014,3,32.6666259924004,-2.025290362621074,8.1,23.606127066150368,0.2226715646245507,1.790177098658754,15.7791942816497,16.432255083853516
TCD-2015,Chad,TCD,2015,3,32.6666259924004,2.056115577439868,8.4,23.621624332701057,1.681973139256705,-2.025290362621074,11.3679339086533,16.46795495107476
TCD-2016,Chad,TCD,2016,3,32.6666259924004,1.3878798549010032,7.7,23.401516372502915,4.377126650656541,2.056115577439868,6.2969962979888,16.499788559432787
TCD-2017,Chad,TCD,2017,3,32.6666259924004,1.7267190709954006,9.2,23.290235447458645,-0.792440525236102,1.3878798549010032,6.59687876223435,16.531175427087884
TCD-2018,Chad,TCD,2018,3,32.6666259924004,1.8206734055532503,10.9,23.314710414698887,-1.537099629808404,1.7267190709954006,10.2750096848343,16.56423938330971
TCD-2019,Chad,TCD,2019,3,32.6666259924004,2.045419590840781,10.1,23.45288183226579,4.274621986105452,1.8206734055532503,16.6121673665612,16.597834984066104
TCD-2020,Chad,TCD,2020,3,32.6666259924004,2.028263710508777,8.4,23.42499729972578,-0.971939175419401,2.045419590840781,15.5707595430138,16.63003409530974
TCD-2021,Chad,TCD,2021,3,32.6666259924004,2.137267346169282,10.9,23.4268325235846,4.464144372328608,2.028263710508777,9.22817147863275,16.661853797042664
TCD-2022,Chad,TCD,2022,3,32.6666259924004,1.95022854143613,11.3,23.548917587523928,-0.7728443703591396,2.137267346169282,16.7515661611417,16.696296182012823
TGO-1999,Togo,TGO,1999,1,0.0,0.6342903305474068,15.3,21.53047808935232,0.975338381088674,0.4775344737163388,0.0,15.33099728674033
TGO-2000,Togo,TGO,2000,1,0.0,1.6498212901977105,16.0729999542236,21.523731357585884,-0.0532136248823533,0.6342903305474068,0.0,15.355760222683871
TGO-2001,Togo,TGO,2001,1,0.0,1.957092082317018,17.0,21.46845918621972,1.862605954630672,1.6498212901977105,0.0,15.380729671598464
TGO-2002,Togo,TGO,2002,1,0.0,1.608823850345776,19.6,21.462102510749176,3.919591336531464,1.957092082317018,0.0,15.405591323860904
TGO-2003,Togo,TGO,2003,1,0.0,1.2123414070966625,21.3,21.6029751675248,3.059818575358837,1.608823850345776,0.0,15.430360001615064
TGO-2004,Togo,TGO,2004,1,0.0,1.649307961000945,23.0,21.81786476685106,-0.9300008840722136,1.2123414070966625,0.0,15.455305594672769
TGO-2005,Togo,TGO,2005,1,0.0,1.8120107091430493,24.8,21.883776135446897,0.3930786810316692,1.649307961000945,0.0,15.479686813784236
TGO-2006,Togo,TGO,2006,1,0.0,1.737015988583481,26.5,21.89324031543787,6.782928930283138,1.8120107091430493,0.0,15.5043426601373
TGO-2007,Togo,TGO,2007,1,0.0,1.280242871944563,27.9,21.923503992970364,2.228977794140268,1.737015988583481,0.0,15.532845466468196
TGO-2008,Togo,TGO,2008,1,0.0,0.9580384660400092,30.0,22.04767491511451,0.9456732717052136,1.280242871944563,0.0,15.564439767456742
TGO-2009,Togo,TGO,2009,1,0.0,0.8676140664504569,31.8,22.24471308148717,8.694828143639016,0.9580384660400092,0.0,15.59656947999724
TGO-2010,Togo,TGO,2010,1,0.0,1.6962104039193664,33.7,22.27547461507345,3.71360592035809,0.8676140664504569,0.0,15.628859782114407
TGO-2011,Togo,TGO,2011,1,0.0,3.292674796752127,30.8,22.280649511701775,1.445945174308637,1.6962104039193664,0.0,15.660145327881091
TGO-2012,Togo,TGO,2012,1,0.0,1.5479566680093917,39.7,22.413811579414528,3.5635147290396,3.292674796752127,0.0,15.687402423151443
TGO-2013,Togo,TGO,2013,1,0.0,1.8338117605653068,39.1,22.4121693644418,2.577181740558479,1.5479566680093917,0.0,15.710686504431386
TGO-2014,Togo,TGO,2014,1,0.0,0.7673851981903235,41.0,22.518640369090807,1.825394759091617,1.8338117605653068,0.0,15.732263891113568
TGO-2015,Togo,TGO,2015,1,0.0,2.205058650848377,45.7,22.578518704620056,0.19087507624975,0.7673851981903235,0.0,15.752472937719308
TGO-2016,Togo,TGO,2016,1,0.0,-0.7033225432743323,44.7,22.473414430607328,2.585003908015947,2.205058650848377,0.0,15.77158360368074
TGO-2017,Togo,TGO,2017,1,0.0,1.1300832969558396,46.8,22.52681677692968,1.285448470514168,-0.7033225432743323,0.0,15.789714493099316
TGO-2018,Togo,TGO,2018,1,0.0,-1.6745784777063335,48.0,22.57759693187832,-0.9818898689431192,1.1300832969558396,0.0,15.806720023358707
TGO-2019,Togo,TGO,2019,1,0.0,2.301301224576404,50.0,22.67334098142017,0.9277554264571826,-1.6745784777063335,0.0,15.82482559476614
TGO-2020,Togo,TGO,2020,1,0.0,-0.7255444348080925,52.5,22.66816725740523,0.674652770077525,2.301301224576404,0.0,15.846277216329584
TGO-2021,Togo,TGO,2021,1,0.0,-1.246217743216803,54.1,22.73630466267261,1.69928463299399,-0.7255444348080925,0.0,15.868101707596184
TGO-2022,Togo,TGO,2022,1,0.0,-1.4455560697291987,55.7,22.86822215848948,4.186215065235198,-1.246217743216803,0.0,15.886942231125548
THA-2001,Thailand,THA,2001,2,1.90791786682769,2.144941908130196,82.1,25.562655799795355,1.591969174609715,1.7061684455353698,0.687313150348311,17.95876934015263
THA-2002,Thailand,THA,2002,2,1.90791786682769,1.6428222783965525,90.4,25.513225167572852,1.626908873140913,2.144941908130196,0.524207577556559,17.968927824676335
THA-2003,Thailand,THA,2003,2,1.90791786682769,1.947971265931216,91.0,25.62334867463775,0.6973089766254486,1.6428222783965525,0.526342209841627,17.978548093374993
THA-2004,Thailand,THA,2004,2,1.90791786682769,1.9349052253488843,91.6,25.7489908086869,1.804349946357183,1.947971265931216,0.6555395444715,17.98786756827699
THA-2005,Thailand,THA,2005,2,1.90791786682769,2.173944833971173,92.2,25.87595427360221,2.759149262310822,1.9349052253488843,0.818270913353913,17.996828340892506
THA-2006,Thailand,THA,2006,2,1.90791786682769,2.099855204542652,92.8,25.966696135386663,4.54036919634536,2.173944833971173,1.3590750714862,18.005429219706283
THA-2007,Thailand,THA,2007,2,1.90791786682769,1.904498120299449,99.1,26.12485386903775,4.637474360117637,2.099855204542652,1.53654839015347,18.013729852614752
THA-2008,Thailand,THA,2008,2,1.90791786682769,1.7987360846161715,94.1,26.295201675953155,2.241540952868019,1.904498120299449,1.36661103193532,18.02173029430046
THA-2009,Thailand,THA,2009,2,1.90791786682769,1.5606275786268802,94.8,26.39790432966093,5.468489496498462,1.7987360846161715,1.90791786682769,18.02941185598032
THA-2010,Thailand,THA,2010,2,1.90791786682769,2.170260564314168,99.0,26.364146246964538,-0.8457160923167206,1.5606275786268802,1.00735619758168,18.03679728268746
THA-2011,Thailand,THA,2011,2,1.90791786682769,0.6254953579916805,99.7,26.55545549968344,3.247588424437253,2.170260564314168,1.3337808366326,18.04350345597278
THA-2012,Thailand,THA,2012,2,1.90791786682769,1.893072392750181,99.3,26.63897920772307,3.811916945583321,0.6254953579916805,1.77251079433152,18.04972153536493
THA-2013,Thailand,THA,2013,2,1.90791786682769,2.042802687784736,99.1,26.708607490540057,3.00948610403357,1.893072392750181,1.64099046582139,18.05591744874293
THA-2014,Thailand,THA,2014,2,1.90791786682769,1.0296350063160875,99.4,26.76431464854161,2.186177044189669,2.042802687784736,1.43416971462893,18.061790705645404
THA-2015,Thailand,THA,2015,2,1.90791786682769,1.5398281900057416,99.5,26.732911698219358,1.894556524815453,1.0296350063160875,1.25645532400063,18.06709200421108
THA-2016,Thailand,THA,2016,2,1.90791786682769,0.7661731802740143,99.6,26.717965740213437,-0.8981434105694334,1.5398281900057416,0.533712422055235,18.07170176708617
THA-2017,Thailand,THA,2017,2,1.90791786682769,1.3579447861272325,99.9,26.74760008211108,0.1862351910754533,0.7661731802740143,0.429121666160215,18.076214427650317
THA-2018,Thailand,THA,2018,2,1.90791786682769,1.7234876620462272,99.9,26.8465408263068,0.6644151398308925,1.3579447861272325,0.527823222383697,18.080444062692088
THA-2019,Thailand,THA,2019,2,1.90791786682769,0.89358797260211,99.8,26.95129192694159,1.066834873707576,1.7234876620462272,0.680804724043357,18.083473357174483
THA-2020,Thailand,THA,2020,2,1.90791786682769,-0.7775563210605313,99.9,27.02217223691916,0.7055248019103167,0.89358797260211,0.459890940562708,18.08551945566277
THA-2021,Thailand,THA,2021,2,1.90791786682769,1.8313711777581552,100.0,26.93842363981249,-0.8460875188617986,-0.7775563210605313,0.173930820486899,18.087184863585165
THA-2022,Thailand,THA,2022,2,1.90791786682769,1.6061911147192267,100.0,26.949900888401977,1.231045165498145,1.8313711777581552,0.481657874747012,18.08838244631561
TJK-2002,Tajikistan,TJK,2002,1,1.44203234686491,1.803665386584796,98.6,20.800941948557156,38.59188944885999,0.792856982524945,0.159928729256591,15.672960696851815
TJK-2003,Tajikistan,TJK,2003,1,1.44203234686491,1.4591501604352497,99.0,20.923023023611982,12.24998478458845,1.803665386584796,0.127446536342407,15.692173211281895
TJK-2004,Tajikistan,TJK,2004,1,1.44203234686491,3.267381398832612,100.0,21.16494603200025,16.30349120494906,1.4591501604352497,0.127382356278296,15.711416205841326
TJK-2005,Tajikistan,TJK,2005,1,1.44203234686491,1.592386225255394,98.5,21.453793996314044,7.141965086922526,3.267381398832612,0.0922315559393627,15.731042203200197
TJK-2006,Tajikistan,TJK,2006,1,1.44203234686491,3.176852006939027,99.3,21.5615310346737,7.091932440837731,1.592386225255394,0.134517641366481,15.750608320417395
TJK-2007,Tajikistan,TJK,2007,1,1.44203234686491,2.965638332009312,98.6,21.763618110983504,10.01086518864611,3.176852006939027,0.134455288777573,15.769610932511409
TJK-2008,Tajikistan,TJK,2008,1,1.44203234686491,2.939646236363592,98.6,22.036861685735463,13.1491247062982,2.965638332009312,0.106966593659828,15.78882434528949
TJK-2009,Tajikistan,TJK,2009,1,1.44203234686491,1.8163892570693057,98.6,22.364454269659547,20.47052191099642,2.939646236363592,0.0958394628921368,15.80863193825538
TJK-2010,Tajikistan,TJK,2010,1,1.44203234686491,1.2829167627355411,99.0,22.32858977165763,6.448234810666968,1.8163892570693057,0.049879787862125,15.82911019613932
TJK-2011,Tajikistan,TJK,2011,1,1.44203234686491,1.544675242730651,98.8,22.45354363702088,6.445314407806583,1.2829167627355411,0.0500741640314768,15.850496166610034
TJK-2012,Tajikistan,TJK,2012,1,1.44203234686491,1.869966465066116,98.9,22.59856286220831,12.4315490430406,1.544675242730651,0.0703343870138553,15.872806945773709
TJK-2013,Tajikistan,TJK,2013,1,1.44203234686491,1.9240773021355424,99.1,22.755751624557337,5.831166010314624,1.869966465066116,0.0871854413002674,15.89671117656071
TJK-2014,Tajikistan,TJK,2014,1,1.44203234686491,1.9885387961178864,99.0,22.857244251083763,5.00964645344951,1.9240773021355424,0.0751868970455604,15.921682269151145
TJK-2015,Tajikistan,TJK,2015,1,1.44203234686491,2.404075275952428,99.1,22.93292450736412,6.104427651296671,1.9885387961178864,0.0656854181326736,15.946779670030818
TJK-2016,Tajikistan,TJK,2016,1,1.44203234686491,1.9533964644232975,98.0,22.836073424845186,5.714559496497104,2.404075275952428,0.0242529873354977,15.97235760217782
TJK-2017,Tajikistan,TJK,2017,1,1.44203234686491,1.63442651317937,99.3,22.66809198409678,6.004580823221391,1.9533964644232975,0.0591268078088316,15.997692786545484
TLS-2016,Timor-Leste,TLS,2016,1,24.2895242064057,0.328056422030675,67.3,21.187177448099465,0.5527960262778531,1.7203150849464115,24.2895242064057,14.0020996624759
TLS-2017,Timor-Leste,TLS,2017,1,24.2895242064057,0.4119962082859285,76.5,21.218245331955234,-1.338538761851631,0.328056422030675,12.5519849690425,14.021152241204794
TLS-2018,Timor-Leste,TLS,2018,1,24.2895242064057,1.8434697442550825,79.5,21.18377352272065,0.557215537430361,0.4119962082859285,13.2190114443342,14.04001638096492
TLS-2019,Timor-Leste,TLS,2019,1,24.2895242064057,-2.7506519360018693,85.2,21.1653769368403,2.636472010158919,1.8434697442550825,14.4948180632868,14.059209394433132
TLS-2020,Timor-Leste,TLS,2020,1,24.2895242064057,-3.479436197869119,90.6,21.43255719661876,0.9588127397031412,-2.7506519360018693,12.5972177320814,14.078602250099786
TLS-2021,Timor-Leste,TLS,2021,1,24.2895242064057,-2.584954588758193,96.0,21.494585917100867,0.495499215459571,-3.479436197869119,2.79171478872949,14.097718172880649
TLS-2022,Timor-Leste,TLS,2022,1,24.2895242064057,1.2867857174051105,100.0,22.01112682895472,3.697920946667864,-2.584954588758193,5.29715520859989,14.11571884874146
TON-1995,Tonga,TON,1995,1,0.0,0.4743892282798529,80.0,19.093579232536545,1.012952066948561,1.0600535878659287,0.0,11.514594072070777
TON-1996,Tonga,TON,1996,1,0.0,0.1279662062308355,81.7884750366211,19.157230586637272,1.460006303509721,0.4743892282798529,0.0,11.515182915011444
TON-1997,Tonga,TON,1997,1,0.0,-0.004897849559208,82.5543670654297,19.218640888345664,2.995280239911408,0.1279662062308355,0.0,11.515681663163946
TON-1998,Tonga,TON,1998,1,0.0,0.0238665760044974,83.3168563842773,19.18610883327854,2.124731324080375,-0.004897849559208,0.0,11.519652785719655
TON-1999,Tonga,TON,1999,1,0.0,0.4641335938898524,84.0752716064453,19.07042392114824,3.274445542604692,0.0238665760044974,0.0,11.526719882992374
TON-2000,Tonga,TON,2000,1,0.0,2.208735228458742,84.8288421630859,19.10986366973688,4.464354676758908,0.4641335938898524,0.0,11.533188770451645
TON-2001,Tonga,TON,2001,1,0.0,2.144887891149499,85.6,19.1377811848564,6.327635514111527,2.208735228458742,0.0,11.539353156805507
TON-2002,Tonga,TON,2002,1,0.0,1.6719343471425971,86.3,19.01465506690017,8.290283188503324,2.144887891149499,0.0,11.545286163474485
TON-2003,Tonga,TON,2003,1,0.0,0.0900027426287373,87.0,19.02370780308101,10.35906079185068,1.6719343471425971,0.0,11.55094353215775
TON-2004,Tonga,TON,2004,1,0.0,1.6090029475691296,87.6,19.124998264393813,11.63862195807344,0.0900027426287373,0.0,11.556607366056353
TON-2005,Tonga,TON,2005,1,0.0,1.567769305075976,88.3,19.25653341050474,10.97340536795541,1.6090029475691296,0.0,11.562401108430754
TON-2006,Tonga,TON,2006,1,0.0,2.0347557687587594,89.0,19.383182340969867,8.665692211317513,1.567769305075976,0.0,11.5680952361037
TON-2007,Tonga,TON,2007,1,0.0,2.473592270711299,92.3,19.49306097540784,6.149116064565684,2.0347557687587594,0.0,11.573587733136854
TON-2008,Tonga,TON,2008,1,0.0,2.5316243942120744,90.5,19.514346231825503,5.842248749013804,2.473592270711299,0.0,11.578029451202276
TON-2009,Tonga,TON,2009,1,0.0,0.0789814324434546,91.2,19.657427115485834,10.44698751282228,2.5316243942120744,0.0,11.580780355869482
TON-2010,Tonga,TON,2010,1,0.0,1.0602852665877571,92.0,19.55984308439521,1.426859720705392,0.0789814324434546,0.0,11.582488840355545
TON-2011,Tonga,TON,2011,1,0.0,1.372156994610442,92.8,19.720565481510064,3.534912391898305,1.0602852665877571,0.0,11.58432477200052
TON-2012,Tonga,TON,2012,1,0.0,-0.177682341154655,92.2,19.841723885692964,6.270753029956921,1.372156994610442,0.0,11.585906373655035
TON-2013,Tonga,TON,2013,1,0.0,1.1308176933463414,92.8,19.970629705599716,1.147538537060552,-0.177682341154655,0.0,11.584883270027714
TON-2014,Tonga,TON,2014,1,0.0,1.819271877523545,95.1,19.928724706303697,0.7756293223674195,1.1308176933463414,0.0,11.581322158778578
TON-2015,Tonga,TON,2015,1,0.0,1.9303685366649843,95.9,19.90455029944947,2.510876332536964,1.819271877523545,0.0,11.57693259494452
TON-2016,Tonga,TON,2016,1,0.0,2.0826555347209568,100.0,19.896645638979265,-1.053998319712826,1.9303685366649843,0.0,11.572099623608649
TON-2017,Tonga,TON,2017,1,0.0,-1.9398760392054155,97.0,19.857735364333124,2.578155152450814,2.0826555347209568,0.0,11.5667031706507
TON-2018,Tonga,TON,2018,1,0.0,2.2524661284805,98.2,19.946686715981087,7.517062835511156,-1.9398760392054155,0.0,11.565109862207676
TON-2019,Tonga,TON,2019,1,0.0,-1.0205198029519815,99.0,20.01709576125821,5.032096919848827,2.2524661284805,0.0,11.567110574028307
TON-2020,Tonga,TON,2020,1,0.0,0.6971156280331479,98.4,20.042108981484528,1.179543348218005,-1.0205198029519815,0.0,11.568076309435076
TON-2021,Tonga,TON,2021,1,0.0,0.0497550151700213,99.9,20.04317601202217,-0.3497376967274187,0.6971156280331479,0.0,11.568407474429232
TON-2022,Tonga,TON,2022,1,0.0,0.5018446309638557,100.0,20.06800451815615,5.640511406367433,0.0497550151700213,0.0,11.566380920202446
TTO-2001,Trinidad and Tobago,TTO,2001,2,19.1790340751601,2.9430840488372234,91.3,22.82181639742959,3.55541319666877,2.8169498262683,10.7143816589503,14.092971825488071
TTO-2002,Trinidad and Tobago,TTO,2002,2,19.1790340751601,3.1099324216873323,96.3,22.90083735089859,5.536653263223002,2.9430840488372234,6.84812051633887,14.097351604791044
TTO-2003,Trinidad and Tobago,TTO,2003,2,19.1790340751601,2.665064796722942,96.5,22.921412014989624,4.150058616647196,3.1099324216873323,8.99788059666471,14.1022011390509
TTO-2004,Trinidad and Tobago,TTO,2004,2,19.1790340751601,2.714531286874578,96.7,23.148551614389557,3.811106243968699,2.665064796722942,7.97468958608519,14.107217021679606
TTO-2005,Trinidad and Tobago,TTO,2005,2,19.1790340751601,2.4717898983896425,96.8,23.30954696799511,3.721549389959654,2.714531286874578,8.45563862422733,14.11218780227978
TTO-2006,Trinidad and Tobago,TTO,2006,2,19.1790340751601,2.2735184872997825,95.0,23.494753266698936,6.874534595835164,2.4717898983896425,11.8042199194259,14.073631215671098
TTO-2007,Trinidad and Tobago,TTO,2007,2,19.1790340751601,2.053948466146505,100.0,23.63394995578574,8.329603514653467,2.2735184872997825,12.247324628027,14.07629280246706
TTO-2008,Trinidad and Tobago,TTO,2008,2,19.1790340751601,3.0030812252699275,100.0,23.797884151844134,7.894388347572995,2.053948466146505,9.2559242789235,14.080324895473144
TTO-2009,Trinidad and Tobago,TTO,2009,2,19.1790340751601,2.0188930006737813,100.0,24.0508736323455,12.03034454771769,3.0030812252699275,9.42207714451534,14.084459251270273
TTO-2010,Trinidad and Tobago,TTO,2010,2,19.1790340751601,1.6395810881169015,99.0,23.6767253363217,6.978087252515469,2.0188930006737813,6.48871343601529,14.085619371231068
TTO-2011,Trinidad and Tobago,TTO,2011,2,19.1790340751601,0.1607018351705977,100.0,23.82146085838322,10.54920031799876,1.6395810881169015,7.31966084875628,14.091409733939752
TTO-2012,Trinidad and Tobago,TTO,2012,2,19.1790340751601,-2.646219609405404,97.5,23.95931367278388,5.1071328926456,0.1607018351705977,9.46888642049548,14.099199669146076
TTO-2013,Trinidad and Tobago,TTO,2013,2,19.1790340751601,-2.08408076317203,100.0,24.024545270402847,9.26028137068292,-2.646219609405404,7.63529240284805,14.104587906565412
TTO-2014,Trinidad and Tobago,TTO,2014,2,19.1790340751601,1.5477362327488549,100.0,24.07529177879823,5.199817404656111,-2.08408076317203,6.44936933049536,14.108596503159664
TTO-2015,Trinidad and Tobago,TTO,2015,2,19.1790340751601,0.6185887181025174,100.0,24.10678046300435,5.684418145956593,1.5477362327488549,5.58054269528671,14.112160300398315
TTO-2016,Trinidad and Tobago,TTO,2016,2,19.1790340751601,-0.0997239795395475,100.0,24.013201688913103,4.661215980982641,0.6185887181025174,2.24547082740531,14.115369194243948
TTO-2017,Trinidad and Tobago,TTO,2017,2,19.1790340751601,-1.4328257935193238,100.0,23.885542619697816,3.070667424640243,-0.0997239795395475,1.82556957376394,14.11849692005089
TTO-2018,Trinidad and Tobago,TTO,2018,2,19.1790340751601,-1.796632162197818,100.0,23.89424263833232,1.880384401835318,-1.4328257935193238,2.68355173716595,14.120517189836695
TTO-2019,Trinidad and Tobago,TTO,2019,2,19.1790340751601,0.7198145780389271,100.0,23.896435177749872,1.018569301888219,-1.796632162197818,3.66055639102177,14.122402434968729
TTO-2020,Trinidad and Tobago,TTO,2020,2,19.1790340751601,2.323218898653978,100.0,23.87931882187576,1.000542930272373,0.7198145780389271,2.7745812273373,14.125921853403252
TTO-2021,Trinidad and Tobago,TTO,2021,2,19.1790340751601,-2.059953576804173,100.0,23.76246533221104,0.5989863308246433,2.323218898653978,1.42924604742787,14.127928656698185
TTO-2022,Trinidad and Tobago,TTO,2022,2,19.1790340751601,2.1274087665632395,100.0,23.910566915387697,2.059227469154577,-2.059953576804173,2.71054174202227,14.12853795677171
TUN-1995,Tunisia,TUN,1995,0,6.45080502980873,1.2115903117478888,86.8,23.472661051296527,4.733230639965955,1.7408500827301534,2.66718328891885,16.014782926033988
TUN-1996,Tunisia,TUN,1996,0,6.45080502980873,1.0266878976737543,88.7,23.61535149196726,6.244150287471464,1.2115903117478888,2.42755447750049,16.030494172620404
TUN-1997,Tunisia,TUN,1997,0,6.45080502980873,1.2761686120055882,90.4,23.698140178762355,3.725144726907154,1.0266878976737543,2.73801506099416,16.04492617673915
TUN-1998,Tunisia,TUN,1998,0,6.45080502980873,1.8135632667336672,92.0,23.75562943344214,3.652026207230707,1.2761686120055882,2.13042894995226,16.058480563140915
TUN-1999,Tunisia,TUN,1999,0,6.45080502980873,1.2024084038619995,93.2,23.80530853133343,3.125365796558624,1.8135632667336672,1.30206836638864,16.07117887090855
TUN-2000,Tunisia,TUN,2000,0,6.45080502980873,1.964628561124856,94.2,23.856287528093716,2.690124858115804,1.2024084038619995,1.92733312637189,16.08308631350069
TUN-2001,Tunisia,TUN,2001,0,6.45080502980873,1.4641153243259246,94.8,23.79008676518172,2.962307947386055,1.964628561124856,3.22928353115798,16.094308568251982
TUN-2002,Tunisia,TUN,2002,0,6.45080502980873,1.9421234931064144,97.3,23.817296206119757,1.983333333333369,1.4641153243259246,2.34162232250109,16.10497778676401
TUN-2003,Tunisia,TUN,2003,0,6.45080502980873,1.4278936097084636,97.8,23.86489841822176,2.721032848504548,1.9421234931064144,2.3626975077068,16.115243186547158
TUN-2004,Tunisia,TUN,2004,0,6.45080502980873,1.3974810340157469,98.4,24.035774153722297,2.712592474743517,1.4278936097084636,2.11725730006367,16.125233416393524
TUN-2005,Tunisia,TUN,2005,0,6.45080502980873,1.5331512431989844,99.0,24.16316729969072,3.632280049566251,1.3974810340157469,2.60869066831261,16.134575509064252
TUN-2006,Tunisia,TUN,2006,0,6.45080502980873,2.939287353950075,99.2,24.197471603212318,2.017786413571443,1.5331512431989844,3.79249223607583,16.143322072266976
TUN-2007,Tunisia,TUN,2007,0,6.45080502980873,2.068665872032179,99.4,24.260643816534227,3.225253374389166,2.939287353950075,4.1077575724331,16.152150254254337
TUN-2008,Tunisia,TUN,2008,0,6.45080502980873,2.457911024885685,99.4,24.38465471066749,2.966944324773489,2.068665872032179,5.51629477963382,16.161318249721084
TUN-2009,Tunisia,TUN,2009,0,6.45080502980873,1.9684315039034643,99.4,24.52679988052181,4.345028076230452,2.457911024885685,5.93514843614258,16.17093816468564
TUN-2010,Tunisia,TUN,2010,0,6.45080502980873,1.7824676267005266,99.5,24.495008797268397,3.664903306429192,1.9684315039034643,3.44832785220984,16.18113448562808
TUN-2011,Tunisia,TUN,2011,0,6.45080502980873,0.8081811155335591,99.5,24.55637748649203,3.338979636010688,1.7824676267005266,4.12711827435362,16.191901813286325
TUN-2012,Tunisia,TUN,2012,0,6.45080502980873,1.904969961881988,99.5,24.59703284091961,3.24002842009531,0.8081811155335591,5.01344964105154,16.20299142497063
TUN-2013,Tunisia,TUN,2013,0,6.45080502980873,1.5190211145989168,99.5,24.580017156538855,4.611844322066397,1.904969961881988,5.06594682844413,16.214282537252267
TUN-2014,Tunisia,TUN,2014,0,6.45080502980873,1.460689858763137,99.7,24.60864598079084,5.316235313266889,1.5190211145989168,4.28421078126965,16.2261750471085
TUN-2015,Tunisia,TUN,2015,0,6.45080502980873,1.4960451288466083,99.8,24.64071037768894,4.625550995340309,1.460689858763137,3.35507824664457,16.238035381497696
TUN-2016,Tunisia,TUN,2016,0,6.45080502980873,1.139983122160195,99.9,24.547102099485983,4.437371273215,1.4960451288466083,1.62596299660366,16.249322577840157
TUN-2017,Tunisia,TUN,2017,0,6.45080502980873,1.408804235014407,100.0,24.51560563787285,3.629399373843808,1.139983122160195,1.266744868786,16.260347968035465
TUN-2018,Tunisia,TUN,2018,0,6.45080502980873,1.579205387171152,100.0,24.46482148036652,5.308848395658444,1.408804235014407,1.48811485046411,16.27085956967672
TUN-2019,Tunisia,TUN,2019,0,6.45080502980873,1.4187081783629811,99.8,24.47714865244297,7.307591760316519,1.579205387171152,1.99021548871455,16.280683353091202
TUN-2020,Tunisia,TUN,2020,0,6.45080502980873,1.1759475203260996,100.0,24.458686318765764,6.72007532863799,1.4187081783629811,1.66141181151334,16.289952813124295
TUN-2021,Tunisia,TUN,2021,0,6.45080502980873,0.9919993415300544,99.9,24.472576504041815,5.634151158976247,1.1759475203260996,0.916677526611502,16.298253034284
TUN-2022,Tunisia,TUN,2022,0,6.45080502980873,1.156208349443607,99.9,24.574970403833102,5.706350208307002,0.9919993415300544,1.5489621013289,16.30446093751226
TUR-2001,Türkiye,TUR,2001,4,0.260691501215256,1.2792274030651083,99.9,26.339121836691305,54.91537058126835,0.3502148026051258,0.119531436272842,17.996429710131764
TUR-2002,Türkiye,TUR,2002,4,0.260691501215256,0.4354811000715436,99.9,26.032498812079684,54.40018876190743,1.2792274030651083,0.109672292151506,18.008872495599242
TUR-2003,Türkiye,TUR,2003,4,0.260691501215256,0.5163868720109476,99.8,26.20714121927881,44.96412094798498,0.4354811000715436,0.0924058667871047,18.02093121078204
TUR-2004,Türkiye,TUR,2004,4,0.260691501215256,0.6353849981333352,99.8,26.477084999882013,21.60243844905728,0.5163868720109476,0.0807835887459959,18.0325406522782
TUR-2005,Türkiye,TUR,2005,4,0.260691501215256,1.4316694542938204,99.7,26.739805324760123,8.598261681152618,0.6353849981333352,0.0808804569350874,18.043695477576367
TUR-2006,Türkiye,TUR,2006,4,0.260691501215256,1.9946011734105644,99.7,26.954365617360143,8.179160368020078,1.4316694542938204,0.098246344839956,18.054381895591845
TUR-2007,Türkiye,TUR,2007,4,0.260691501215256,1.885060629431172,99.7,27.050609798987978,9.597242122884465,1.9946011734105644,0.0976756856490614,18.064653447387645
TUR-2008,Türkiye,TUR,2008,4,0.260691501215256,1.6693034653886274,99.7,27.25301816852499,8.756180909726323,1.885060629431172,0.0869115725998382,18.06626200999946
TUR-2009,Türkiye,TUR,2009,4,0.260691501215256,1.0862937143224551,99.7,27.37666542469283,10.44412837648847,1.6693034653886274,0.122000589848402,18.07891804347377
TUR-2010,Türkiye,TUR,2010,4,0.260691501215256,0.9919019502833696,99.7,27.206211783822457,6.250976630906265,1.0862937143224551,0.0864578771745911,18.092721070437985
TUR-2011,Türkiye,TUR,2011,4,0.260691501215256,1.4058243060121671,100.0,27.38581811455174,8.56644420552976,0.9919019502833696,0.0855344494299421,18.10791537960499
TUR-2012,Türkiye,TUR,2012,4,0.260691501215256,1.2234930443384908,100.0,27.46164639484888,6.471879671151,1.4058243060121671,0.123984127335917,18.12259312105069
TUR-2013,Türkiye,TUR,2013,4,0.260691501215256,1.1435664259851852,100.0,27.50922360834183,8.891569965121626,1.2234930443384908,0.111617756938834,18.135340301078177
TUR-2014,Türkiye,TUR,2014,4,0.260691501215256,1.1468437503017597,100.0,27.59245453811561,7.493090305476931,1.1435664259851852,0.0974218835401561,18.14818444837521
TUR-2015,Türkiye,TUR,2015,4,0.260691501215256,1.5402656237096548,100.0,27.57163562250059,8.85457271364316,1.1468437503017597,0.0944984501615984,18.161675337201256
TUR-2016,Türkiye,TUR,2016,4,0.260691501215256,1.2429983085174623,100.0,27.486527052998436,7.670853648458848,1.5402656237096548,0.0446861002184748,18.175016494732592
TUR-2017,Türkiye,TUR,2017,4,0.260691501215256,1.0755986646156863,100.0,27.492698856160334,7.775134153283301,1.2429983085174623,0.0349237617230731,18.188470753912224
TUR-2018,Türkiye,TUR,2018,4,0.260691501215256,1.2379256464475648,100.0,27.484693366461016,11.14431108407642,1.0755986646156863,0.0537573237557546,18.201438310871755
TUR-2019,Türkiye,TUR,2019,4,0.260691501215256,1.0321079991100397,100.0,27.39321685185108,16.33246389889289,1.2379256464475648,0.108111878645291,18.214974340569192
TUR-2020,Türkiye,TUR,2020,4,0.260691501215256,0.8991611463799983,100.0,27.37722909208561,15.17682157200223,1.0321079991100397,0.102518297949539,18.2292713092058
TUR-2021,Türkiye,TUR,2021,4,0.260691501215256,1.1997008118062995,100.0,27.321268261945736,12.27895744625741,0.8991611463799983,0.0612400945022421,18.238975169402387
TUR-2022,Türkiye,TUR,2022,4,0.260691501215256,1.1883093239904756,100.0,27.45659471203851,19.5964926913324,1.1997008118062995,0.13797082409881,18.248079618319345
TZA-1993,Tanzania,TZA,1993,1,0.0003979686429835,0.3251199290364974,6.8,22.62268280229858,21.84684684684731,0.1811336624587679,0.0,17.128153154012416
TZA-1994,Tanzania,TZA,1994,1,0.0003979686429835,0.7037663129198495,2.33018779754639,22.54504884002728,25.27726432532299,0.3251199290364974,0.0,17.159526925531097
TZA-1995,Tanzania,TZA,1995,1,0.0003979686429835,1.2338421685541856,3.30064725875854,22.60280424038228,34.0833640722984,0.7037663129198495,0.0,17.19794490976153
TZA-1996,Tanzania,TZA,1996,1,0.0003979686429835,1.2440849142708306,4.26906728744507,22.755541324073373,27.42778541953229,1.2338421685541856,0.0,17.22941019004411
TZA-1997,Tanzania,TZA,1997,1,0.0003979686429835,1.1466520231416308,9.4,22.96753600480252,20.97725964306288,1.2440849142708306,0.0,17.24774664950052
TZA-1998,Tanzania,TZA,1998,1,0.0003979686429835,1.146960238607495,6.1970682144165,23.13544030621197,16.09065492832015,1.1466520231416308,0.0,17.267974083645413
TZA-1999,Tanzania,TZA,1999,1,0.0003979686429835,2.110864523150893,7.15528964996338,23.222468974644457,12.79975404796087,1.146960238607495,0.0,17.294300232098788
TZA-2000,Tanzania,TZA,2000,1,0.0003979686429835,1.956203860262579,8.0,23.265209047529545,7.890433360588766,2.110864523150893,0.0,17.32107789484121
TZA-2001,Tanzania,TZA,2001,1,0.0003979686429835,2.106642615095004,8.7,23.31641138707129,5.923961096374794,1.956203860262579,0.0,17.34949313725003
TZA-2002,Tanzania,TZA,2002,1,0.0003979686429835,1.753078644430803,9.7,23.33068432568639,5.147468002226182,2.106642615095004,0.0,17.376508343947517
TZA-2003,Tanzania,TZA,2003,1,0.0003979686429835,1.484539661719411,10.7,23.371541397577964,5.317833661182028,1.753078644430803,0.0,17.40239341542851
TZA-2004,Tanzania,TZA,2004,1,0.0003979686429835,1.703031710107286,11.1,23.445316749727525,5.303566215097816,1.484539661719411,0.0,17.428845978512484
TZA-2005,Tanzania,TZA,2005,1,0.0003979686429835,2.3290943799628825,11.4,23.537060228557724,4.735801439490581,1.703031710107286,0.0,17.45597858742791
TZA-2006,Tanzania,TZA,2006,1,0.0003979686429835,1.5148987854981015,13.8,23.635365581414906,5.034570092671631,2.3290943799628825,0.0,17.483729980816282
TZA-2007,Tanzania,TZA,2007,1,0.0003979686429835,1.7051070646227784,14.9,23.64749457902935,7.25097262082546,1.5148987854981015,0.0,17.511735542491294
TZA-2008,Tanzania,TZA,2008,1,0.0003979686429835,2.3024737342902752,15.9,23.80794421082729,7.025514369747714,1.7051070646227784,0.0,17.539648873026096
TZA-2009,Tanzania,TZA,2009,1,0.0003979686429835,1.891778710997278,11.5,24.053605087138425,10.27839376211348,2.3024737342902752,0.0,17.56667746239344
TZA-2010,Tanzania,TZA,2010,1,0.0003979686429835,2.434975221496906,11.2,24.104280019760875,12.14222787429879,1.891778710997278,0.0003979686429835,17.591346831329595
TZA-2011,Tanzania,TZA,2011,1,0.0003979686429835,1.9786094187564067,14.8,24.189404562363773,6.200155956474026,2.434975221496906,0.0,17.616791683018707
TZA-2012,Tanzania,TZA,2012,1,0.0003979686429835,2.2177269801981594,14.2,24.268769604773613,12.6909694699162,1.9786094187564067,0.0,17.644790185523192
TZA-2013,Tanzania,TZA,2013,1,0.0003979686429835,2.2249403287753284,15.3,24.403366731104637,16.00109385063382,2.2177269801981594,0.0,17.673589622300607
TZA-2014,Tanzania,TZA,2014,1,0.0003979686429835,1.7642464686643282,16.4,24.54424441066891,7.870723645739588,2.2249403287753284,0.0,17.703735195346187
TZA-2015,Tanzania,TZA,2015,1,0.0003979686429835,1.872781004642564,23.5,24.635023336364565,6.131614329880117,1.7642464686643282,0.0,17.734539226329797
TZA-2016,Tanzania,TZA,2016,1,0.0003979686429835,1.3188869356086763,26.2,24.582181689584743,5.588169529592981,1.872781004642564,0.0,17.76715732992416
TZA-2017,Tanzania,TZA,2017,1,0.0003979686429835,1.3309060158835633,32.8,24.63076682093885,5.174766293014932,1.3188869356086763,0.0,17.801230282421738
TZA-2018,Tanzania,TZA,2018,1,0.0003979686429835,1.3030541295188525,32.1,24.69873084756673,5.318716052289308,1.3309060158835633,0.0,17.834644584022023
TZA-2019,Tanzania,TZA,2019,1,0.0003979686429835,1.4412150148857268,34.9,24.76638224113473,3.494458488561813,1.3030541295188525,0.0,17.866201794840293
TZA-2020,Tanzania,TZA,2020,1,0.0003979686429835,1.15441329275383,37.7,24.83457783343593,3.464280579990205,1.4412150148857268,0.0,17.8960078882676
TZA-2021,Tanzania,TZA,2021,1,0.0003979686429835,1.2931612604966192,39.9,24.9139615186293,3.290290627983255,1.15441329275383,0.0,17.925938404653788
TZA-2022,Tanzania,TZA,2022,1,0.0003979686429835,1.3969783876656034,42.7,24.98108360530886,3.690919588021988,1.2931612604966192,0.0,17.95594979765054
UGA-1995,Uganda,UGA,1995,4,0.0,1.4899286832779128,0.533898532390594,22.1071649436615,10.03675987921753,1.5339094143331409,0.0,16.81666818762227
UGA-1996,Uganda,UGA,1996,4,0.0,1.444436406251303,6.8,22.4734771528377,6.550140189703707,1.4899286832779128,0.0,16.843984330593038
UGA-1997,Uganda,UGA,1997,4,0.0,1.750320787833211,2.81110429763794,22.522428721131384,7.191646604333442,1.444436406251303,0.0,16.870998888005726
UGA-1998,Uganda,UGA,1998,4,0.0,1.8766238620784137,3.94494771957397,22.558935856459566,8.169021441069631,1.750320787833211,0.0,16.89998819178958
UGA-1999,Uganda,UGA,1999,4,0.0,1.5850214540093597,5.07471179962158,22.60803220630301,0.0688041719983172,1.8766238620784137,0.0,16.92972815384696
UGA-2000,Uganda,UGA,2000,4,0.0,1.681861069826304,6.19963407516479,22.514785820657863,5.777368986878946,1.5850214540093597,0.0,16.962128845260487
UGA-2001,Uganda,UGA,2001,4,0.0,1.681546947910466,7.4,22.546725315704823,3.39202158512998,1.681861069826304,0.0,16.993570679959095
UGA-2002,Uganda,UGA,2002,4,0.0,1.8148122135413975,8.6,22.488082909091396,1.865125240847725,1.681546947910466,0.0,17.024161365056308
UGA-2003,Uganda,UGA,2003,4,0.0,1.8373543988559464,7.8,22.544351652940865,-0.2875085117651964,1.8148122135413975,0.0,17.055477238829166
UGA-2004,Uganda,UGA,2004,4,0.0,2.0246865608694624,10.5,22.61137801451321,8.680476515668836,1.8373543988559464,0.0,17.087059474861288
UGA-2005,Uganda,UGA,2005,4,0.0,2.121247161622783,11.6,22.79511456966593,3.721287439782284,2.0246865608694624,0.0,17.11705392568701
UGA-2006,Uganda,UGA,2006,4,0.0,2.564263881380293,8.9,22.946723494383853,8.448726422995321,2.121247161622783,0.0,17.14640313650482
UGA-2007,Uganda,UGA,2007,4,0.0,2.5943504830715605,9.0,23.0236131964784,7.310676135618637,2.564263881380293,0.0,17.17567772898626
UGA-2008,Uganda,UGA,2008,4,0.0,2.321686668107942,14.8,23.200019717702016,6.138510832850498,2.5943504830715605,0.0,17.205088393408122
UGA-2009,Uganda,UGA,2009,4,0.0,1.9234347976089248,15.9,23.3932959570835,12.05085554828855,2.321686668107942,0.0,17.234533253849825
UGA-2010,Uganda,UGA,2010,4,0.0,1.460944064979197,10.0,23.94724086147606,13.01725618891854,1.9234347976089248,0.0,17.263946170010623
UGA-2011,Uganda,UGA,2011,4,0.0,1.8824274094561209,12.1,24.006934204377973,3.976552884781682,1.460944064979197,0.0,17.29338508244255
UGA-2012,Uganda,UGA,2012,4,0.0,2.190605022361201,14.6,24.05087857973469,16.56434961745152,1.8824274094561209,0.0,17.322704572918525
UGA-2013,Uganda,UGA,2013,4,0.0,2.042561030107544,20.5,24.03036921572674,12.67903772246589,2.190605022361201,0.0,17.351746832900652
UGA-2014,Uganda,UGA,2014,4,0.0,1.8934645486142447,13.9,24.08765352921077,4.905208756945568,2.042561030107544,0.0,17.380442348463145
UGA-2015,Uganda,UGA,2015,4,0.0,1.5613123590872302,20.4,24.20795833703084,3.075706689586414,1.8934645486142447,0.0,17.409956797627338
UGA-2016,Uganda,UGA,2016,4,0.0,1.5056186450474252,18.5,24.201028617633742,5.589686062517254,1.5613123590872302,0.0,17.440689726189955
UGA-2017,Uganda,UGA,2017,4,0.0,1.6876450170266613,26.7,24.097571136113142,5.70637504616212,1.5056186450474252,0.0,17.47390897445832
UGA-2018,Uganda,UGA,2018,4,0.0,1.8813920546671288,32.4,24.148976102607225,5.209717059142092,1.6876450170266613,0.0,17.508814932661206
UGA-2019,Uganda,UGA,2019,4,0.0,2.0155208751307225,41.9,24.21755960495151,2.616011909522744,1.8813920546671288,0.0,17.542789041588083
UGA-2020,Uganda,UGA,2020,4,0.0,1.870519804842029,41.3,24.28865081689621,2.867588034468999,2.0155208751307225,0.0,17.57670225501775
UGA-2021,Uganda,UGA,2021,4,0.0,2.1107730430833365,42.1,24.350279680982226,3.313322895445018,1.870519804842029,0.0,17.61003642936227
UGA-2022,Uganda,UGA,2022,4,0.0,2.567872074931264,45.2,24.425303065376493,2.204572047574139,2.1107730430833365,0.0,17.64221379482615
UKR-1994,Ukraine,UKR,1994,2,0.991786006161771,0.2981351273789654,100.0,24.907581501492047,4734.914347445849,0.3001265008087498,0.376224331407413,17.773464921256863
UKR-1995,Ukraine,UKR,1995,2,0.991786006161771,0.5287922680015598,100.0,24.685022946907434,891.1877481337049,0.2981351273789654,0.409357925402319,17.76821472879672
UKR-1996,Ukraine,UKR,1996,2,0.991786006161771,0.9961316059336658,100.0,24.59891229531073,376.7461747682093,0.5287922680015598,0.485904965322784,17.760301579526033
UKR-1997,Ukraine,UKR,1997,2,0.991786006161771,1.0427332049230924,100.0,24.52007619806652,80.32550145517423,0.9961316059336658,0.739944616412603,17.751759920961348
UKR-1998,Ukraine,UKR,1998,2,0.991786006161771,1.3377486348063696,100.0,24.638314891121944,15.94059941494297,1.0427332049230924,0.512363843755259,17.743148729616067
UKR-1999,Ukraine,UKR,1999,2,0.991786006161771,1.233288283727482,100.0,24.458134472952697,10.57716114825143,1.3377486348063696,0.181694617548708,17.735099509303332
UKR-2000,Ukraine,UKR,2000,2,0.991786006161771,1.3686678814366513,100.0,24.175810097463387,22.6836718061345,1.233288283727482,0.702404231194259,17.727062392408804
UKR-2001,Ukraine,UKR,2001,2,0.991786006161771,1.450224038546552,99.1,24.20065494957508,28.20309723885524,1.3686678814366513,0.991786006161771,17.718627239574204
UKR-2002,Ukraine,UKR,2002,2,0.991786006161771,1.2365000790729348,99.2,24.394734117056725,11.95880853904594,1.450224038546552,0.595777693101294,17.709509216418134
UKR-2003,Ukraine,UKR,2003,2,0.991786006161771,1.7321400281012418,99.3,24.506458692724618,0.7574208463928603,1.2365000790729348,0.557285488022957,17.700722990506748
UKR-2004,Ukraine,UKR,2004,2,0.991786006161771,1.6661234087124022,99.3,24.67470868481656,5.17967781908315,1.7321400281012418,0.596245150941,17.69325546496984
UKR-2005,Ukraine,UKR,2005,2,0.991786006161771,2.865399323115751,99.4,24.931238952684904,9.048067860508883,1.6661234087124022,0.66971110889553,17.686284561050634
UKR-2006,Ukraine,UKR,2006,2,0.991786006161771,2.3141480961213587,99.9,25.21458248925738,13.56957649092478,2.865399323115751,0.781757652119267,17.678039848789414
UKR-2007,Ukraine,UKR,2007,2,0.991786006161771,2.623141017763009,99.5,25.44073518271413,9.05252491133248,2.3141480961213587,0.765715565056406,17.671570329158346
UKR-2008,Ukraine,UKR,2008,2,0.991786006161771,2.4391708565622987,99.8,25.725424380609777,12.83877961901812,2.623141017763009,0.626895264506606,17.666993416757858
UKR-2009,Ukraine,UKR,2009,2,0.991786006161771,2.075969557122544,99.8,25.960294811815515,25.22646170738403,2.4391708565622987,0.684740010329571,17.66180342055564
UKR-2010,Ukraine,UKR,2010,2,0.991786006161771,2.224079330439577,99.9,25.523609254089035,15.88119245944761,2.075969557122544,0.534186376625519,17.657620239847986
UKR-2011,Ukraine,UKR,2011,2,0.991786006161771,2.155022016266971,100.0,25.67350810627222,9.37293105078978,2.224079330439577,0.466160187976772,17.654016272137
UKR-2012,Ukraine,UKR,2012,2,0.991786006161771,2.204389954782867,100.0,25.855137959647003,7.955724662746522,2.155022016266971,0.604564339662443,17.650822137499816
UKR-2013,Ukraine,UKR,2013,2,0.991786006161771,1.5966488870921565,99.9,25.930518644333706,0.5687279718038623,2.204389954782867,0.512858516672917,17.64870801634493
UKR-2014,Ukraine,UKR,2014,2,0.991786006161771,0.5981305525288647,100.0,25.97291179244398,-0.2389486260454066,1.5966488870921565,0.429728228604793,17.646904055251827
UKR-2015,Ukraine,UKR,2015,2,0.991786006161771,-0.2158288643534587,100.0,25.617396317083173,12.0718562874251,0.5981305525288647,0.53740181709907,17.6435513610898
UKR-2016,Ukraine,UKR,2016,2,0.991786006161771,2.1922394313286877,100.0,25.23446559095792,48.69986464344236,-0.2158288643534587,0.298048598397704,17.63946483487636
UKR-2017,Ukraine,UKR,2017,2,0.991786006161771,1.9043500857919136,100.0,25.259684580211164,13.91271019977966,2.1922394313286877,0.2004056293323,17.6357873511043
UKR-2018,Ukraine,UKR,2018,2,0.991786006161771,2.045249569416481,100.0,25.44257246301564,14.43832274887494,1.9043500857919136,0.348582540397727,17.631816224710168
UKR-2019,Ukraine,UKR,2019,2,0.991786006161771,2.036466514883867,100.0,25.59763142728916,10.95185593531784,2.045249569416481,0.484549678010453,17.626804705030835
UKR-2020,Ukraine,UKR,2020,2,0.991786006161771,0.1929045658536556,100.0,25.75945871909617,7.886717456111332,2.036466514883867,0.363416965283388,17.621227245048654
UKR-2021,Ukraine,UKR,2021,2,0.991786006161771,2.090255145909317,100.0,25.777073781496988,2.732492094194272,0.1929045658536556,0.191284197093986,17.615036867885898
UKR-2022,Ukraine,UKR,2022,2,0.991786006161771,0.1360088655555271,100.0,26.02041181554707,9.363139176952233,2.090255145909317,0.279676988011674,17.606464557343905
URY-1993,Uruguay,URY,1993,0,0.0418304836494907,0.6333665815154593,96.1823120117188,23.27879781994307,68.45919383953743,0.0876333228168496,0.0,14.959638767423638
URY-1994,Uruguay,URY,1994,0,0.0418304836494907,0.7970324421725904,96.3630599975586,23.431458492713105,54.10079244251945,0.6333665815154593,0.0,14.96492558738484
URY-1995,Uruguay,URY,1995,0,0.0418304836494907,0.7416209238492617,96.5424499511719,23.584013599575933,44.73604215219331,0.7970324421725904,0.0,14.970136067952584
URY-1996,Uruguay,URY,1996,0,0.0418304836494907,0.6252679173098229,96.7197952270508,23.683249842497645,42.24831979837551,0.7416209238492617,0.0,14.975356224295844
URY-1997,Uruguay,URY,1997,0,0.0418304836494907,0.4562657441023231,95.9,23.74444449330465,28.34204860043087,0.6252679173098229,0.0,14.980635979440498
URY-1998,Uruguay,URY,1998,0,0.0418304836494907,0.608222048527031,97.0656509399414,23.90005800652237,19.81880931837786,0.4562657441023231,0.0,14.985930508433068
URY-1999,Uruguay,URY,1999,0,0.0418304836494907,0.8679266201612607,97.2328033447266,23.957459225784103,10.81107030556161,0.608222048527031,0.0,14.990861949561804
URY-2000,Uruguay,URY,2000,0,0.0418304836494907,0.9845932518828528,97.3951110839844,23.90065049309808,5.658688039279083,0.8679266201612607,0.0,14.995400483774231
URY-2001,Uruguay,URY,2001,0,0.0418304836494907,1.1865643161909447,97.6,23.85104650560102,4.763824727332512,0.9845932518828528,0.0,14.999139930785793
URY-2002,Uruguay,URY,2002,0,0.0418304836494907,1.0916786834858794,97.7,23.762955747427025,4.359340652172701,1.1865643161909447,0.0,15.00160000401837
URY-2003,Uruguay,URY,2003,0,0.0418304836494907,1.9217458465985509,97.8,23.333814612280467,13.97247259135153,1.0916786834858794,0.0,15.00300879884082
URY-2004,Uruguay,URY,2004,0,0.0418304836494907,1.6754971180043683,97.9,23.21196846893984,19.37973017439948,1.9217458465985509,0.0,15.003715805137748
URY-2005,Uruguay,URY,2005,0,0.0418304836494907,2.2644335487557097,98.0,23.339663353462047,9.157605075409974,1.6754971180043683,0.0,15.004313580772154
URY-2006,Uruguay,URY,2006,0,0.0418304836494907,2.730870079534244,98.0,23.57759914581421,4.699277390356404,2.2644335487557097,0.002229467802199,15.005112189901237
URY-2007,Uruguay,URY,2007,0,0.0418304836494907,2.4428629013555647,98.5,23.705984841051308,6.397649743851309,2.730870079534244,0.0032035069389435,15.0062482634889
URY-2008,Uruguay,URY,2008,0,0.0418304836494907,2.627440745162672,98.7,23.892857842884485,8.11464561179313,2.4428629013555647,0.004221228712006,15.007963462307616
URY-2009,Uruguay,URY,2009,0,0.0418304836494907,2.292564942603595,98.8,24.16110376431875,7.877073747308876,2.627440745162672,0.0037575912602981,15.010092808732493
URY-2010,Uruguay,URY,2010,0,0.0418304836494907,2.3552602414982,99.1,24.210895288564767,7.062218743885737,2.292564942603595,0.0050131491539772,15.012486541528917
URY-2011,Uruguay,URY,2011,0,0.0418304836494907,2.377688334151028,99.3,24.459752880381743,6.698708869781321,2.3552602414982,0.0173337959445058,15.015047839888584
URY-2012,Uruguay,URY,2012,0,0.0418304836494907,3.162205912969468,99.2,24.64211362185777,8.0928320630299,2.377688334151028,0.0333775517732152,15.017529254264153
URY-2013,Uruguay,URY,2013,0,0.0418304836494907,1.2537503303569604,99.6,24.71654188855035,8.097765805736024,3.162205912969468,0.0328611652405814,15.020103769797666
URY-2014,Uruguay,URY,2014,0,0.0418304836494907,2.592337152905297,99.6,24.839659226292564,8.57513504005397,1.2537503303569604,0.0356588037151128,15.023078292777448
URY-2015,Uruguay,URY,2015,0,0.0418304836494907,2.238060762898698,99.7,24.84224100942868,8.877353332298277,2.592337152905297,0.0418304836494907,15.026360162803162
URY-2016,Uruguay,URY,2016,0,0.0418304836494907,-0.8066967926545593,99.7,24.77818201644766,8.666269870793283,2.238060762898698,0.0129991340611707,15.029834998748123
URY-2017,Uruguay,URY,2017,0,0.0418304836494907,2.1264062003866693,99.7,24.774716597894145,9.639413476350796,-0.8066967926545593,0.0097407435739888,15.033174410699615
URY-2018,Uruguay,URY,2018,0,0.0418304836494907,1.6987943484799342,99.8,24.89774602269045,6.218093825618601,2.1264062003866693,0.0055166108928698,15.035879901330455
URY-2019,Uruguay,URY,2019,0,0.0418304836494907,1.5927849080030132,99.8,24.9029402960184,7.60653360377047,1.6987943484799342,0.0087147505921723,15.03767734346756
URY-2020,Uruguay,URY,2020,0,0.0418304836494907,1.3589117221341072,99.9,24.85397969457141,7.881988708796191,1.5927849080030132,0.0073499233467097,15.038464181406296
URY-2021,Uruguay,URY,2021,0,0.0418304836494907,2.8371282417818127,100.0,24.70405630583768,9.75640636078194,1.3589117221341072,0.0039642091130891,15.038982708307154
URY-2022,Uruguay,URY,2022,0,0.0418304836494907,3.209820547647048,100.0,24.829852841755137,7.74791402314762,2.8371282417818127,0.0097159151983236,15.038313752411074
USA-1991,United States,USA,1991,1,0.703237008212799,0.535137412018332,100.0,29.416618974696437,5.397956439903248,1.0124499888556335,0.703237008212799,19.33546234165617
USA-1992,United States,USA,1992,1,0.703237008212799,0.4495574895176334,100.0,29.448794113571463,4.234963964538487,0.535137412018332,0.477258781741128,19.34882494901037
USA-1993,United States,USA,1993,1,0.703237008212799,0.6789831340991053,100.0,29.505945643983857,3.028819678149688,0.4495574895176334,0.44187309463968,19.362693805880724
USA-1994,United States,USA,1994,1,0.703237008212799,0.7072023242388957,100.0,29.556518477292112,2.951656966385589,0.6789831340991053,0.348054380702048,19.37588060582743
USA-1995,United States,USA,1995,1,0.703237008212799,0.8119990039927786,100.0,29.61714544053401,2.607441592154526,0.7072023242388957,0.292003228041599,19.388143566669218
USA-1996,United States,USA,1996,1,0.703237008212799,1.022163747135699,100.0,29.66438586516428,2.805419688536616,0.8119990039927786,0.295556544481324,19.400051437533254
USA-1997,United States,USA,1997,1,0.703237008212799,1.1518909521605794,100.0,29.71956138832943,2.931204199934415,1.022163747135699,0.35131163624796,19.411685553689637
USA-1998,United States,USA,1998,1,0.703237008212799,1.582115806197404,100.0,29.78016967403324,2.337689937307354,1.1518909521605794,0.203604050521625,19.423725156615337
USA-1999,United States,USA,1999,1,0.703237008212799,1.892948278970914,100.0,29.83520111480804,1.552279098743638,1.582115806197404,0.0755585072910338,19.43538230183709
USA-2000,United States,USA,2000,1,0.703237008212799,1.939509273340788,100.0,29.8960260373449,2.188027196973577,1.892948278970914,0.164264516670651,19.446865702268603
USA-2001,United States,USA,2001,1,0.703237008212799,1.2648290467073926,100.0,29.958391695248945,3.376857271499291,1.939509273340788,0.307551276869583,19.4579933921969
USA-2002,United States,USA,2002,1,0.703237008212799,0.8927401207368405,100.0,29.990168850881364,2.826171118854072,1.2648290467073926,0.16943295765488,19.467890805984236
USA-2003,United States,USA,2003,1,0.703237008212799,0.896973377930434,100.0,30.02245080453976,1.586031626506012,0.8927401207368405,0.172817088546724,19.477168780808928
USA-2004,United States,USA,2004,1,0.703237008212799,1.3252481098151043,100.0,30.069574006101718,2.270094973361147,0.896973377930434,0.211788525599514,19.485763597907585
USA-2005,United States,USA,2005,1,0.703237008212799,0.9447267403327676,100.0,30.13386558344033,2.677236693091719,1.3252481098151043,0.283170634743015,19.495018437565264
USA-2006,United States,USA,2006,1,0.703237008212799,1.5131236488585666,100.0,30.19898109077642,3.392746845495504,0.9447267403327676,0.350823193456479,19.504235569205544
USA-2007,United States,USA,2007,1,0.703237008212799,1.6073939689789771,100.0,30.25681827392028,3.22594410070404,1.5131236488585666,0.349464272960025,19.513878108344432
USA-2008,United States,USA,2008,1,0.703237008212799,1.5740115505374757,100.0,30.30339080463207,2.852672481501383,1.6073939689789771,0.356897499234572,19.523388660740437
USA-2009,United States,USA,2009,1,0.703237008212799,0.9587962173960748,100.0,30.323609869164883,3.839100296650996,1.5740115505374757,0.521498895801413,19.532847313582007
USA-2010,United States,USA,2010,1,0.703237008212799,1.328144037100428,100.0,30.30365599949987,-0.3555462662997474,0.9587962173960748,0.259640404387642,19.541613826541333
USA-2011,United States,USA,2011,1,0.703237008212799,1.29528700239275,100.0,30.342330732693,1.640043442389904,1.328144037100428,0.293762700279441,19.55007512517219
USA-2012,United States,USA,2012,1,0.703237008212799,1.216861814195279,100.0,30.37827485054936,3.156841568622,1.29528700239275,0.370845235110237,19.55799906847832
USA-2013,United States,USA,2013,1,0.703237008212799,1.3042974948240849,100.0,30.4193583025584,2.069337265260666,1.216861814195279,0.205925846170308,19.565982897466537
USA-2014,United States,USA,2014,1,0.703237008212799,1.1554903977284208,100.0,30.45719106636316,1.464832655627167,1.3042974948240849,0.305650080049118,19.573548498276928
USA-2015,United States,USA,2015,1,0.703237008212799,1.751708313056729,100.0,30.499382297468717,1.622222977408174,1.1554903977284208,0.292226566231044,19.581508736229985
USA-2016,United States,USA,2016,1,0.703237008212799,1.6556219393073752,100.0,30.537649952934352,0.1186271355524506,1.751708313056729,0.0075251806478225,19.58948778333892
USA-2017,United States,USA,2017,1,0.703237008212799,1.4172893162891278,100.0,30.565139281411057,1.261583205705358,1.6556219393073752,0.0922955001311894,19.59734403817149
USA-2018,United States,USA,2018,1,0.703237008212799,0.9089985000456814,100.0,30.60716794060147,2.130110003659612,1.4172893162891278,0.162525850896316,19.60427310067612
USA-2019,United States,USA,2019,1,0.703237008212799,1.176297898237649,100.0,30.65905193035604,2.442583296928166,0.9089985000456814,0.319247607054063,19.61013743140944
USA-2020,United States,USA,2020,1,0.703237008212799,0.6038615004450506,100.0,30.70093195200189,1.812210075260205,1.176297898237649,0.368544560120872,19.61528851694395
USA-2021,United States,USA,2021,1,0.703237008212799,1.4501067304537902,100.0,30.69325627686384,1.233584396306293,0.6038615004450506,0.187625106322478,19.61937395069804
USA-2022,United States,USA,2022,1,0.703237008212799,1.2490162324155472,100.0,30.797577646567152,4.697858863637421,1.4501067304537902,0.61148265568772,19.62094718920743
UZB-2012,Uzbekistan,UZB,2012,0,5.40046980305752,0.8729519017108743,99.7,24.933979374854506,13.7797446476602,1.6079197814371446,2.07023379383746,17.176691072293167
UZB-2013,Uzbekistan,UZB,2013,0,5.40046980305752,0.7609231825333527,99.7,25.044996231700548,13.2088026688373,0.8729519017108743,2.00160011940789,17.19179702320951
UZB-2014,Uzbekistan,UZB,2014,0,5.40046980305752,0.7981987828123098,99.8,25.138173157483923,11.84143336220487,0.7609231825333527,1.81098984495042,17.20746757868497
UZB-2015,Uzbekistan,UZB,2015,0,5.40046980305752,0.9280951541778152,99.8,25.23745786263476,9.283093561626954,0.7981987828123098,1.40801898329424,17.22411361645009
UZB-2016,Uzbekistan,UZB,2016,0,5.40046980305752,1.3003402315470474,99.9,25.30378024179096,8.751881967375075,0.9280951541778152,0.526675674638226,17.24137931621896
UZB-2017,Uzbekistan,UZB,2017,0,5.40046980305752,1.6427974839905033,99.9,25.306919844415702,8.130886695235997,1.3003402315470474,0.356801760612992,17.258635530749462
UZB-2018,Uzbekistan,UZB,2018,0,5.40046980305752,0.8945767687106513,100.0,25.003763551275817,13.87574254416354,1.6427974839905033,0.661950141993753,17.275579779158274
UZB-2019,Uzbekistan,UZB,2019,0,5.40046980305752,1.909625703865364,100.0,24.839344695599653,17.52417965140548,0.8945767687106513,1.12073426200572,17.292850466859083
UZB-2020,Uzbekistan,UZB,2020,0,5.40046980305752,1.6339465856166684,100.0,24.974196148429264,14.52573595606866,1.909625703865364,0.819211930906664,17.310947910597882
UZB-2021,Uzbekistan,UZB,2021,0,5.40046980305752,1.7563440526041705,100.0,24.973575533793984,12.86772973626065,1.6339465856166684,0.395640310697318,17.32963097719332
UZB-2022,Uzbekistan,UZB,2022,0,5.40046980305752,1.75939587387469,99.9,25.1198121960288,10.8492397508122,1.7563440526041705,0.867176370586835,17.34901307653998
VCT-1992,St. Vincent and the Grenadines,VCT,1992,1,0.0,2.3125951217815826,66.8,19.35610576465637,5.492003870013334,1.9632659939701185,0.0,11.628243242150274
VCT-1993,St. Vincent and the Grenadines,VCT,1993,1,0.0,3.0901312046048117,69.1144332885742,19.442971790369384,3.463530427276544,2.3125951217815826,0.0,11.630797385565115
VCT-1994,St. Vincent and the Grenadines,VCT,1994,1,0.0,3.479663275562927,70.46484375,19.472576646112906,4.291375534466512,3.0901312046048117,0.0,11.632804081140964
VCT-1995,St. Vincent and the Grenadines,VCT,1995,1,0.0,2.967530796449215,71.8138961791992,19.48344834613241,1.008949552522505,3.479663275562927,0.0,11.634426026501078
VCT-1996,St. Vincent and the Grenadines,VCT,1996,1,0.0,3.2491272822991024,73.1609039306641,19.57127621560361,1.738372898805666,2.967530796449215,0.0,11.635567786262582
VCT-1997,St. Vincent and the Grenadines,VCT,1997,1,0.0,3.97401665158772,74.5052032470703,19.619104852364572,4.407901138464544,3.2491272822991024,0.0,11.6362044811304
VCT-1998,St. Vincent and the Grenadines,VCT,1998,1,0.0,3.8636180840341647,75.8460922241211,19.667052967556355,0.4436160298233483,3.97401665158772,0.0,11.636398945954978
VCT-1999,St. Vincent and the Grenadines,VCT,1999,1,0.0,3.3709821084482248,77.1829071044922,19.7387458335361,2.142406472683902,3.8636180840341647,0.0,11.636743586140785
VCT-2000,St. Vincent and the Grenadines,VCT,2000,1,0.0,3.2356195005080672,78.5148773193359,19.783497959768354,1.013550444388749,3.3709821084482248,0.0,11.638385622634528
VCT-2001,St. Vincent and the Grenadines,VCT,2001,1,0.0,2.0605408379985257,80.0,19.87450766624469,0.1676796374882787,3.2356195005080672,0.0,11.63996332014088
VCT-2002,St. Vincent and the Grenadines,VCT,2002,1,0.0,2.385804456358496,82.4,19.95123200461162,0.9008584858664996,2.0605408379985257,0.0,11.639575736893718
VCT-2003,St. Vincent and the Grenadines,VCT,2003,1,0.0,2.622862402898116,82.4,20.00534193860565,1.855503990466547,2.385804456358496,0.0,11.63821801131596
VCT-2004,St. Vincent and the Grenadines,VCT,2004,1,0.0,3.41026458893304,83.7,20.04813712417089,0.2059817088242544,2.622862402898116,0.0,11.636398945954978
VCT-2005,St. Vincent and the Grenadines,VCT,2005,1,0.0,2.6272565352484216,84.9,20.125247340058063,2.960039467192865,3.41026458893304,0.0,11.633690716065075
VCT-2006,St. Vincent and the Grenadines,VCT,2006,1,0.0,3.619372904766275,86.2,20.178450600603227,3.733429164670202,2.6272565352484216,0.0,11.630272850189185
VCT-2007,St. Vincent and the Grenadines,VCT,2007,1,0.0,3.1614815191597616,87.5,20.28243437077687,2.740675160706726,3.619372904766275,0.0,11.62638806988103
VCT-2008,St. Vincent and the Grenadines,VCT,2008,1,0.0,3.7594601169982855,88.8,20.385828469469544,7.23614701584807,3.1614815191597616,0.0,11.62206682422267
VCT-2009,St. Vincent and the Grenadines,VCT,2009,1,0.0,3.4221593530362795,90.1,20.41219675492125,10.06624182458489,3.7594601169982855,0.0,11.617546707432952
VCT-2010,St. Vincent and the Grenadines,VCT,2010,1,0.0,3.282988819547454,91.4,20.38681396448081,0.4215391256872154,3.4221593530362795,0.0,11.61285224458704
VCT-2011,St. Vincent and the Grenadines,VCT,2011,1,0.0,3.1678901707209555,92.7,20.3953836458596,0.747109026311474,3.282988819547454,0.0,11.607871942279182
VCT-2012,St. Vincent and the Grenadines,VCT,2012,1,0.0,3.5952484480534084,94.1,20.386108285469124,3.1860311155246,3.1678901707209555,0.0,11.602309026104914
VCT-2013,St. Vincent and the Grenadines,VCT,2013,1,0.0,3.693375701134039,95.4,20.40859973986696,2.598444141471008,3.5952484480534084,0.0,11.596687401575542
VCT-2014,St. Vincent and the Grenadines,VCT,2014,1,0.0,3.4754014887901983,96.8,20.455100416602185,0.8051278042679275,3.693375701134039,0.0,11.591144973163663
VCT-2015,St. Vincent and the Grenadines,VCT,2015,1,0.0,3.450967315441881,98.1,20.46306922272668,0.1938585607940153,3.4754014887901983,0.0,11.585580954209748
VCT-2016,St. Vincent and the Grenadines,VCT,2016,1,0.0,2.855264356028917,99.4,20.48317391567361,-1.733611949539591,3.450967315441881,0.0,11.580219561021574
VCT-2017,St. Vincent and the Grenadines,VCT,2017,1,0.0,3.66909231733098,99.7,20.51784395598332,-0.1496416476332843,2.855264356028917,0.0,11.574490820628384
VCT-2018,St. Vincent and the Grenadines,VCT,2018,1,0.0,2.2145675798559163,100.0,20.553711323599835,2.153336488405107,3.66909231733098,0.0,11.5680195272798
VCT-2019,St. Vincent and the Grenadines,VCT,2019,1,0.0,2.7204501945437296,100.0,20.600340436425096,2.324144853679213,2.2145675798559163,0.0,11.561020149254343
VCT-2020,St. Vincent and the Grenadines,VCT,2020,1,0.0,2.718588580398726,100.0,20.629484119178255,0.9130697253245904,2.7204501945437296,0.0,11.553760259408564
VCT-2021,St. Vincent and the Grenadines,VCT,2021,1,0.0,3.632564282662943,100.0,20.57773897713758,-0.6281313093546544,2.718588580398726,0.0,11.54758772723223
VCT-2022,St. Vincent and the Grenadines,VCT,2022,1,0.0,2.585180010706061,100.0,20.605245274207704,1.572729325005577,3.632564282662943,0.0,11.540949108876449
VEN-2010,"Venezuela, RB",VEN,2010,0,28.0600250559547,0.3924500641330992,99.0,26.521714735542016,27.08094144661304,-0.3382786394329666,9.95847654408777,17.163247350984037
VEN-2011,"Venezuela, RB",VEN,2011,0,28.0600250559547,1.3744801687790995,99.1,26.697564780756863,28.1874647092039,0.3924500641330992,11.6928975467648,17.1763407722122
VEN-2012,"Venezuela, RB",VEN,2012,0,28.0600250559547,1.1031293964982405,98.8,26.480532807757463,26.0902123160959,1.3744801687790995,23.1450195251423,17.189172734863057
VEN-2013,"Venezuela, RB",VEN,2013,0,28.0600250559547,0.7557289506185961,99.3,26.641747267967915,21.06899563318759,1.1031293964982405,17.9387823718967,17.201723802737035
VEN-2014,"Venezuela, RB",VEN,2014,0,28.0600250559547,0.5063826334534232,99.4,26.278209484479007,40.63942751615894,0.7557289506185961,16.7771388276982,17.213776948465313
VEN-2015,"Venezuela, RB",VEN,2015,0,28.0600250559547,1.5939746811530524,100.0,26.093153607063524,62.16864997948285,0.5063826334534232,11.3021511747501,17.22514160937923
VNM-1998,Viet Nam,VNM,1998,0,9.04473557257388,2.514733480179564,78.4,24.01329700998435,3.209526062613746,2.8094287738959025,3.07280393550162,18.12263704140881
VNM-1999,Viet Nam,VNM,1999,0,9.04473557257388,2.2971575050508544,86.1759872436523,24.02683576453521,7.26619804400963,2.514733480179564,1.76176859651124,18.13698619076796
VNM-2000,Viet Nam,VNM,2000,0,9.04473557257388,2.133721843287953,86.9944381713867,24.079593425006497,4.117102357717359,2.2971575050508544,3.72966002415473,18.15001903974425
VNM-2001,Viet Nam,VNM,2001,0,9.04473557257388,2.0892008792563725,88.2,24.16280272323716,-1.710337278511109,2.133721843287953,7.67987081900615,18.161314138013708
VNM-2002,Viet Nam,VNM,2002,0,9.04473557257388,2.09293736903439,88.9,24.210188176585685,-0.4315445117281805,2.0892008792563725,5.80548900026015,18.17182651261796
VNM-2003,Viet Nam,VNM,2003,0,9.04473557257388,2.0103547923142524,89.1,24.28044380889465,3.830828381684676,2.09293736903439,5.28727447254799,18.18207101807504
VNM-2004,Viet Nam,VNM,2004,0,9.04473557257388,1.9777604897414027,90.3,24.400895074853317,3.234648172939252,2.0103547923142524,5.58537873703382,18.19206949699657
VNM-2005,Viet Nam,VNM,2005,0,9.04473557257388,1.93516798496446,91.0,24.539391293376337,7.754947487096061,1.9777604897414027,8.1232104070861,18.201765391194925
VNM-2006,Viet Nam,VNM,2006,0,9.04473557257388,1.9971094965519784,96.1,24.777365594625387,8.28457243128667,1.93516798496446,9.04473557257388,18.21104941499168
VNM-2007,Viet Nam,VNM,2007,0,9.04473557257388,2.854572766119449,96.0,24.918536067683632,7.418017151084691,1.9971094965519784,8.77756808235261,18.22427524846784
VNM-2008,Viet Nam,VNM,2008,0,9.04473557257388,2.9641220876491023,93.1,25.072438976574684,8.344448897738468,2.854572766119449,6.63827611423842,18.241953232831825
VNM-2009,Viet Nam,VNM,2009,0,9.04473557257388,2.667717686681893,93.8,25.31970102467669,23.11544834744771,2.9641220876491023,7.24340907549005,18.26022778474988
VNM-2010,Viet Nam,VNM,2010,0,9.04473557257388,2.394317381862661,96.1,25.38684321929069,6.716982699886315,2.667717686681893,3.46240247909829,18.27519265695853
VNM-2011,Viet Nam,VNM,2011,0,9.04473557257388,2.166120276708125,97.4,25.71506601330439,9.207466487784126,2.394317381862661,3.39330269400776,18.286636682792928
VNM-2012,Viet Nam,VNM,2012,0,9.04473557257388,2.160094825159069,99.0,25.874213931435364,18.6777322770706,2.166120276708125,4.58244433557524,18.298155023273896
VNM-2013,Viet Nam,VNM,2013,0,9.04473557257388,2.1338668696846743,97.9,25.999289848674437,9.094703395571926,2.160094825159069,4.10988392212901,18.309864897220358
VNM-2014,Viet Nam,VNM,2014,0,9.04473557257388,2.080268752255902,98.5,26.08788023223677,6.592674758991924,2.1338668696846743,3.17047517147024,18.32166787263861
VNM-2015,Viet Nam,VNM,2015,0,9.04473557257388,2.2989961609329037,99.2,26.176240053668103,4.084554466376248,2.080268752255902,2.85117967459122,18.333810218860823
VNM-2016,Viet Nam,VNM,2016,0,9.04473557257388,2.2928143065455813,99.3,26.200809677050792,0.6312009051756847,2.2989961609329037,1.21986218030571,18.346207759035742
VNM-2017,Viet Nam,VNM,2017,0,9.04473557257388,2.3146886852176207,99.2,26.27271539753441,2.668248169690824,2.2928143065455813,0.828042589429339,18.35880659555264
VNM-2018,Viet Nam,VNM,2018,0,9.04473557257388,2.3121015927589257,100.0,26.362878099476827,3.520256888116176,2.3146886852176207,1.00099064325611,18.37124864278546
VNM-2019,Viet Nam,VNM,2019,0,9.04473557257388,2.2767306161466245,100.0,26.46018155414597,3.539628059426411,2.3121015927589257,1.12046207095372,18.38232778219392
VNM-2020,Viet Nam,VNM,2020,0,9.04473557257388,2.2219305847052286,99.4,26.535499856596267,2.795823674522436,2.2767306161466245,0.724494952926738,18.392011449081814
VNM-2021,Viet Nam,VNM,2021,0,9.04473557257388,2.1589158048483887,99.8,26.57148262156051,3.220934366525145,2.2219305847052286,0.242642397619719,18.40128579194532
VNM-2022,Viet Nam,VNM,2022,0,9.04473557257388,2.171671202076907,100.0,26.627195468511484,1.834715548104617,2.1589158048483887,0.669314214664457,18.40997462746517
VUT-1995,Vanuatu,VUT,1995,1,0.0,3.2165707138384123,18.0,19.26955437283753,2.302560791908685,3.239853373001319,0.0,12.00343613022081
VUT-1996,Vanuatu,VUT,1996,1,0.0,3.222327150520596,12.9416437149048,19.334300917387598,2.229701304164866,3.2165707138384123,0.0,12.02657509746732
VUT-1997,Vanuatu,VUT,1997,1,0.0,3.1006567856824936,14.7923612594604,19.38144775995853,0.9063444108762194,3.222327150520596,0.0,12.048904083139496
VUT-1998,Vanuatu,VUT,1998,1,0.0,2.747687602948693,16.6396789550781,19.42414394359043,2.830702231899785,3.1006567856824936,0.0,12.070407549607491
VUT-1999,Vanuatu,VUT,1999,1,0.0,2.312659160503718,18.4829177856445,19.38497432713063,3.282159872948633,2.747687602948693,0.0,12.09130132011816
VUT-2000,Vanuatu,VUT,2000,1,0.0,2.7053951140551398,19.1,19.406523559369035,1.998974884674519,2.312659160503718,0.0,12.112031160592064
VUT-2001,Vanuatu,VUT,2001,1,0.0,2.641344764103712,22.2,19.421366405296624,2.537688442211065,2.7053951140551398,0.0,12.135016933564335
VUT-2002,Vanuatu,VUT,2002,1,0.0,2.3867854444827525,24.0,19.368186702412025,3.577554520950739,2.641344764103712,0.0,12.160196232262647
VUT-2003,Vanuatu,VUT,2003,1,0.0,2.4459278168675507,25.7,19.386129330671466,1.963567541991954,2.3867854444827525,0.0,12.18517581981719
VUT-2004,Vanuatu,VUT,2004,1,0.0,2.394526349728432,27.5,19.56640373649764,3.016241299303942,2.4459278168675507,0.0,12.209800687737197
VUT-2005,Vanuatu,VUT,2005,1,0.0,1.925151058974432,29.2,19.71539933652265,1.418918918918926,2.394526349728432,0.0,12.23423241132403
VUT-2006,Vanuatu,VUT,2006,1,0.0,2.987090358729076,31.0,19.79430121461963,1.19920053297801,1.925151058974432,0.0,12.258480069045312
VUT-2007,Vanuatu,VUT,2007,1,0.0,2.588031502506542,26.4,19.90082646571621,2.040816326530617,2.987090358729076,0.0,12.282681772900064
VUT-2008,Vanuatu,VUT,2008,1,0.0,2.552525737539472,33.6,20.062378513345053,3.93548387096774,2.588031502506542,0.0,12.30717058932295
VUT-2009,Vanuatu,VUT,2009,1,0.0,2.3922806759207096,36.5,20.19690081706949,4.841713221601495,2.552525737539472,0.0,12.332251448996963
VUT-2010,Vanuatu,VUT,2010,1,0.0,2.937657639216225,33.3,20.20006785716944,4.297065729553574,2.3922806759207096,0.0,12.35764285595108
VUT-2011,Vanuatu,VUT,2011,1,0.0,2.768475716947838,44.1,20.32385185481445,2.762694694773476,2.937657639216225,0.0,12.381071624235869
VUT-2012,Vanuatu,VUT,2012,1,0.0,2.785740175274989,42.0,20.46210051943917,0.8737931047811,2.768475716947838,0.0,12.4027695468294
VUT-2013,Vanuatu,VUT,2013,1,0.0,2.6266882373179032,43.9,20.43269920648332,1.34740362877658,2.785740175274989,0.0,12.424742203444938
VUT-2014,Vanuatu,VUT,2014,1,0.0,1.199698340188091,31.7,20.576327454255257,1.458933717579207,2.6266882373179032,0.0,12.446989315099216
VUT-2015,Vanuatu,VUT,2015,1,0.0,1.9999541293085128,49.1,20.594506445332755,0.7988638380970228,1.199698340188091,0.0,12.469363403746677
VUT-2016,Vanuatu,VUT,2016,1,0.0,2.284927592786874,52.3,20.5670332722114,2.48326875660439,1.9999541293085128,0.0,12.491634972908976
VUT-2017,Vanuatu,VUT,2017,1,0.0,2.052097328643124,57.8,20.62755364151469,0.8420690840350609,2.284927592786874,0.0,12.513880822365545
VUT-2018,Vanuatu,VUT,2018,1,0.0,2.001723237285492,62.8,20.72180092036192,3.08452624403546,2.052097328643124,0.0,12.537202063251096
VUT-2019,Vanuatu,VUT,2019,1,0.0,2.308227746036586,61.6,20.757090229620296,2.330963795668661,2.001723237285492,0.0,12.561156324077412
VUT-2020,Vanuatu,VUT,2020,1,0.0,2.1056869593976844,64.5,20.782993599003223,2.76252019386111,2.308227746036586,0.0,12.58446113489553
VUT-2021,Vanuatu,VUT,2021,1,0.0,2.0791290744047406,67.3,20.74051949661952,5.32935073101715,2.1056869593976844,0.0,12.60772716924147
VUT-2022,Vanuatu,VUT,2022,1,0.0,0.829896687439478,70.0,20.812947561163966,2.343283582089533,2.0791290744047406,0.0,12.63091218469643
WSM-1992,Samoa,WSM,1992,4,0.0,2.039721819515737,78.8,18.64859056989047,-1.81919798798399,1.6619358812723803,0.0,12.0398350456344
WSM-1993,Samoa,WSM,1993,4,0.0,2.033750886774651,81.6401672363281,18.700605624758275,9.03113792907172,2.039721819515737,0.0,12.045504752698443
WSM-1994,Samoa,WSM,1994,4,0.0,1.1126512234797514,82.4245910644531,18.70678330610623,1.715091236588684,2.033750886774651,0.0,12.053940759899277
WSM-1995,Samoa,WSM,1995,4,0.0,1.2111813975734758,80.0,19.214117086355834,12.08038189097621,1.1126512234797514,0.0,12.061971301555916
WSM-1996,Samoa,WSM,1996,4,0.0,0.4489381213505117,83.9886932373047,19.231014037076232,-2.903528657461424,1.2111813975734758,0.0,12.070092542975429
WSM-1997,Samoa,WSM,1997,4,0.0,2.6444530411815483,84.7669982910156,19.3366028869957,5.37461972030278,0.4489381213505117,0.0,12.078648281274509
WSM-1998,Samoa,WSM,1998,4,0.0,0.959219499804743,85.5419082641602,19.469667094427,6.861823553108767,2.6444530411815483,0.0,12.086996273875236
WSM-1999,Samoa,WSM,1999,4,0.0,-0.2777378640948588,86.312744140625,19.41202419785392,2.21883468834654,0.959219499804743,0.0,12.094615807223962
WSM-2000,Samoa,WSM,2000,4,0.0,-0.4507856962477518,87.078727722168,19.35837306433589,0.2651201325603551,-0.2777378640948588,0.0,12.102244288850423
WSM-2001,Samoa,WSM,2001,4,0.0,0.5089446163326714,88.0,19.37178302441688,0.9667823500247296,-0.4507856962477518,0.0,12.1100352013332
WSM-2002,Samoa,WSM,2002,4,0.0,0.5408317714872862,88.7,19.400132520476674,3.83828463867725,0.5089446163326714,0.0,12.118153583992262
WSM-2003,Samoa,WSM,2003,4,0.0,0.7459363713013383,89.3,19.45667315047109,8.050314465408704,0.5408317714872862,0.0,12.12525296942816
WSM-2004,Samoa,WSM,2004,4,0.0,0.5760564041955271,89.9,19.624932077741647,0.1158301158301068,0.7459363713013383,0.0,12.130438124177513
WSM-2005,Samoa,WSM,2005,4,0.0,0.7243352280292049,90.5,19.82615883034141,16.31315079059008,0.5760564041955271,0.0,12.134845136241806
WSM-2006,Samoa,WSM,2006,4,0.0,2.184359532479254,91.1,19.9826114366266,1.856763925729489,0.7243352280292049,0.0,12.138751590065429
WSM-2007,Samoa,WSM,2007,4,0.0,1.0091629501610906,96.4,20.02996616232131,3.700086805555532,2.184359532479254,0.0,12.142653497660518
WSM-2008,Samoa,WSM,2008,4,0.0,2.666039083943899,92.5,20.167352991109137,5.577063932196288,1.0091629501610906,0.0,12.148199858939703
WSM-2009,Samoa,WSM,2009,4,0.0,1.23369549573533,98.1,20.2790799512534,11.56590683845396,2.666039083943899,0.0,12.1553476107052
WSM-2010,Samoa,WSM,2010,4,0.0,0.0494366300118815,97.9,20.25806046391379,6.324953362352282,1.23369549573533,0.0,12.162716191980255
WSM-2011,Samoa,WSM,2011,4,0.0,1.4620863938330115,96.4,20.33798697100657,0.7770072687776919,0.0494366300118815,0.0,12.170569812487518
WSM-2012,Samoa,WSM,2012,4,0.0,1.7189047142577598,96.7,20.42768202940992,5.235415914784342,1.4620863938330115,0.0,12.17928709427085
WSM-2013,Samoa,WSM,2013,4,0.0,1.3153583006675544,96.8,20.46597285258847,2.049018835211604,1.7189047142577598,0.0,12.18841262121998
WSM-2014,Samoa,WSM,2014,4,0.0,1.775890170263705,97.0,20.49728869390204,0.61008572090503,1.3153583006675544,0.0,12.197379973492511
WSM-2015,Samoa,WSM,2015,4,0.0,1.89761691242597,97.9,20.49596806955507,-0.4068160884248905,1.775890170263705,0.0,12.20626262748246
WSM-2016,Samoa,WSM,2016,4,0.0,0.2944129073161115,98.2,20.52986371640674,0.7244701348747289,1.89761691242597,0.0,12.214948141529517
WSM-2017,Samoa,WSM,2017,4,0.0,0.910394091259612,98.9,20.55357394633615,1.304718693031793,0.2944129073161115,0.0,12.223421283864786
WSM-2018,Samoa,WSM,2018,4,0.0,1.3992134754418384,96.8,20.60092235187652,1.749896774847051,0.910394091259612,0.0,12.232792470229557
WSM-2019,Samoa,WSM,2019,4,0.0,-0.2364471397799312,99.8,20.593667766548627,4.197458886637519,1.3992134754418384,0.0,12.243286538674218
WSM-2020,Samoa,WSM,2020,4,0.0,0.4896017821561657,99.2,20.63219218414654,0.982326569888117,-0.2364471397799312,0.0,12.253819408402888
WSM-2021,Samoa,WSM,2021,4,0.0,0.9100044371391997,100.0,20.582721227913648,-1.568912477408954,0.4896017821561657,0.0,12.264082086033074
WSM-2022,Samoa,WSM,2022,4,0.0,0.5163892090013643,98.3,20.572123055421265,3.13320473174494,0.9100044371391997,0.0,12.272702727827935
YEM-1993,"Yemen, Rep.",YEM,1993,4,41.2105414506176,2.13145907321338,44.1,23.6113776650686,29.41176470588236,2.0942064189475182,14.8783764632009,16.522860180385205
YEM-1994,"Yemen, Rep.",YEM,1994,4,41.2105414506176,0.0563594916031897,40.774715423584,23.80227263631679,35.75229801644908,2.13145907321338,20.5257986522656,16.560465651750672
YEM-1995,"Yemen, Rep.",YEM,1995,4,41.2105414506176,-1.3014626188254457,41.9851341247559,24.056165953864365,49.39415538132538,0.0563594916031897,36.4779409895171,16.597377850823367
YEM-1996,"Yemen, Rep.",YEM,1996,4,41.2105414506176,-0.8274526636164686,43.1935119628906,23.27242547336185,55.08110687022924,-1.3014626188254457,39.7732050391051,16.633315147511627
YEM-1997,"Yemen, Rep.",YEM,1997,4,41.2105414506176,-1.4549185711997856,44.399169921875,22.59447762678245,30.7337332718043,-0.8274526636164686,36.2783449702496,16.666978503599875
YEM-1998,"Yemen, Rep.",YEM,1998,4,41.2105414506176,-1.9575358376062155,42.6,22.645804784939287,2.176726673726458,-1.4549185711997856,29.5601635790483,16.698854176244552
YEM-1999,"Yemen, Rep.",YEM,1999,4,41.2105414506176,-2.101127883066159,46.7996101379395,22.56732922114616,5.976508521418603,-1.9575358376062155,21.3900899508087,16.730358861749647
YEM-2000,"Yemen, Rep.",YEM,2000,4,41.2105414506176,0.0660672339442998,47.9929466247559,22.756575124298788,8.660219493643458,-2.101127883066159,28.7433242438057,16.761496813165742
YEM-2001,"Yemen, Rep.",YEM,2001,4,41.2105414506176,1.2354212369897957,49.2,22.99325715425489,4.589999999999812,0.0660672339442998,41.2105414506176,16.79227110093179
YEM-2002,"Yemen, Rep.",YEM,2002,4,41.2105414506176,0.9292634093934148,50.4,23.01104086980108,11.9115912929855,1.2354212369897957,33.0145750680271,16.82248678073183
YEM-2003,"Yemen, Rep.",YEM,2003,4,41.2105414506176,-0.6984065490042682,51.5,23.09289541905948,12.2385339389711,0.9292634093934148,30.9035311720644,16.85214899849592
YEM-2004,"Yemen, Rep.",YEM,2004,4,41.2105414506176,0.9061474579037594,52.6,23.189459541877856,10.83236070232415,-0.6984065490042682,32.0731170610088,16.881532595010448
YEM-2005,"Yemen, Rep.",YEM,2005,4,41.2105414506176,-1.3530168609905968,49.6,23.352823499587284,12.51509514952074,0.9061474579037594,34.0644750012843,16.910869500048282
YEM-2006,"Yemen, Rep.",YEM,2006,4,41.2105414506176,2.4719078160878336,54.8,23.540562994792364,11.81126393749489,-1.3530168609905968,41.093106599265,16.941836174799654
YEM-2007,"Yemen, Rep.",YEM,2007,4,41.2105414506176,2.15061142971288,55.8,23.671022641346887,10.84479869142567,2.4719078160878336,40.4372276843013,16.974342662260238
YEM-2008,"Yemen, Rep.",YEM,2008,4,41.2105414506176,2.454433395799823,57.2,23.798295710269667,7.905117789887304,2.15061142971288,32.9618903118727,17.006730787942306
YEM-2009,"Yemen, Rep.",YEM,2009,4,41.2105414506176,0.4938060964687065,58.4,24.0157956037915,18.97625743180765,2.454433395799823,33.8268519294838,17.038854067848504
YEM-2010,"Yemen, Rep.",YEM,2010,4,41.2105414506176,0.5776864309740546,59.6,23.947339259413862,5.407760980775217,0.4938060964687065,20.6195697250514,17.07082341745292
YEM-2011,"Yemen, Rep.",YEM,2011,4,41.2105414506176,-1.2395857990098706,60.8,24.154240428525604,11.17483386050437,0.5776864309740546,22.1800547456639,17.102209055236806
YEM-2012,"Yemen, Rep.",YEM,2012,4,41.2105414506176,-0.0402113454174253,62.0,24.21144847490511,19.5435617131144,-1.2395857990098706,23.3981676874913,17.13270650095145
YEM-2013,"Yemen, Rep.",YEM,2013,4,41.2105414506176,-0.3247576655240204,52.4,24.29001527249708,9.885387144848714,-0.0402113454174253,17.0272517537375,17.16308379055554
YEM-2014,"Yemen, Rep.",YEM,2014,4,41.2105414506176,-0.5160286379344834,75.6,24.42247261611892,10.9684421500198,-0.3247576655240204,11.1124026574675,17.19354005820914
YEM-2015,"Yemen, Rep.",YEM,2015,4,41.2105414506176,-0.0363802272862007,66.1,24.48976781064745,8.10472583623915,-0.5160286379344834,9.0008580090252,17.224223295130543
ZAF-1997,South Africa,ZAF,1997,1,1.37926877732773,1.5522080537450127,57.6,25.818456260144423,7.354119720853326,0.4813294352657209,0.517240207134734,17.624903073376665
ZAF-1998,South Africa,ZAF,1998,1,1.37926877732773,0.3523992177092238,69.4833526611328,25.853034705148225,8.59777611252274,1.5522080537450127,0.464343725618029,17.636882968839796
ZAF-1999,South Africa,ZAF,1999,1,1.37926877732773,0.8758385800451195,64.9,25.75359254011664,6.880545210373508,0.3523992177092238,0.249196312082744,17.649007127264625
ZAF-2000,South Africa,ZAF,2000,1,1.37926877732773,0.6014958004304037,71.331787109375,25.7439633835501,5.181489051116974,0.8758385800451195,0.379937820037954,17.659904104892576
ZAF-2001,South Africa,ZAF,2001,1,1.37926877732773,2.3822309460555973,72.4,25.74551843618592,5.338959135998278,0.6014958004304037,0.875739339218175,17.669050696380875
ZAF-2002,South Africa,ZAF,2002,1,1.37926877732773,0.98117371402745,70.2,25.63172004396327,5.701894830496081,2.3822309460555973,0.745230225250187,17.677645617881485
ZAF-2003,South Africa,ZAF,2003,1,1.37926877732773,0.387706386324413,76.7,25.583756744510303,9.494713780996005,0.98117371402745,0.832634911746463,17.687115987084095
ZAF-2004,South Africa,ZAF,2004,1,1.37926877732773,0.2708751154006392,78.8,26.00656583165828,5.679424140687994,0.387706386324413,0.536032181150966,17.69708155175811
ZAF-2005,South Africa,ZAF,2005,1,1.37926877732773,1.5533288506844378,80.6,26.26768873352775,-0.6920394378576867,0.2708751154006392,0.667895474741674,17.707155779525404
ZAF-2006,South Africa,ZAF,2006,1,1.37926877732773,0.2037136187358694,80.8,26.389232963412667,2.062853082234273,1.5533288506844378,0.868907024012435,17.71728187393531
ZAF-2007,South Africa,ZAF,2007,1,1.37926877732773,1.4335536980474637,80.7,26.43982854659178,3.243907654192295,0.2037136187358694,0.921713555012485,17.72749912279935
ZAF-2008,South Africa,ZAF,2008,1,1.37926877732773,1.8578194478665124,82.0,26.53163988346297,6.177812148093879,1.4335536980474637,0.95369683953937,17.73804977370956
ZAF-2009,South Africa,ZAF,2009,1,1.37926877732773,1.5751221392649637,81.9,26.479423339660087,9.909984560054667,1.8578194478665124,1.37926877732773,17.749580728651093
ZAF-2010,South Africa,ZAF,2010,1,1.37926877732773,0.7976044324595825,82.6,26.52161294279138,7.238095238095269,1.5751221392649637,0.593295688910259,17.761519773484476
ZAF-2011,South Africa,ZAF,2011,1,1.37926877732773,0.8113782165008854,82.8,26.757224155103728,4.067495559502634,0.7976044324595825,0.707879978156825,17.77334886895931
ZAF-2012,South Africa,ZAF,2012,1,1.37926877732773,0.9265438645306776,83.6,26.85057050445938,5.0008533879502,0.8113782165008854,0.964145883537292,17.785712014595102
ZAF-2013,South Africa,ZAF,2013,1,1.37926877732773,1.4673439965270374,85.2,26.79723286036924,5.73797139141739,0.9265438645306776,0.9800580532574,17.800459957757965
ZAF-2014,South Africa,ZAF,2014,1,1.37926877732773,1.205436553947788,85.2,26.716942968474623,5.780169100691757,1.4673439965270374,0.949068014891185,17.816986477403347
ZAF-2015,South Africa,ZAF,2015,1,1.37926877732773,0.4257560360919296,85.9,26.666587043814157,6.132829530591491,1.205436553947788,0.692856799731489,17.833600931171414
ZAF-2016,South Africa,ZAF,2016,1,1.37926877732773,0.6400151216671511,85.3,26.571753928233665,4.518690948925061,0.4257560360919296,0.194337594746037,17.85369981482955
ZAF-2017,South Africa,ZAF,2017,1,1.37926877732773,0.5164129170296914,83.9,26.50272924262223,6.602908423948717,0.6400151216671511,0.182131538345159,17.863105033642757
ZAF-2018,South Africa,ZAF,2018,1,1.37926877732773,1.1229476931105424,84.4,26.667242510004908,5.186186555241493,0.5164129170296914,0.291332796001722,17.869643408155873
ZAF-2019,South Africa,ZAF,2019,1,1.37926877732773,1.087005172393796,84.7,26.727796459626678,4.509872648673875,1.1229476931105424,0.407106590566775,17.886467107069254
ZAF-2020,South Africa,ZAF,2020,1,1.37926877732773,0.8332491388324967,85.0,26.68769323275708,4.102850754611558,1.087005172393796,0.372819688324446,17.902962856342917
ZAF-2021,South Africa,ZAF,2021,1,1.37926877732773,2.965967210496726,90.0,26.546236745621112,3.232388316151135,0.8332491388324967,0.213036196999097,17.91918449921295
ZAF-2022,South Africa,ZAF,2022,1,1.37926877732773,1.556920649466021,89.3,26.76348789144385,4.61874544887136,2.965967210496726,0.395954206545834,17.934590073343788
ZMB-1991,Zambia,ZMB,1991,2,0.0,0.8924685691127344,13.9,21.913661426110814,107.0238095238085,2.51840911154044,0.0,15.867859640975311
ZMB-1992,Zambia,ZMB,1992,2,0.0,1.1460028101710211,12.7527027130127,21.94019633600137,97.64232317423834,0.8924685691127344,0.0,15.89265584025732
ZMB-1993,Zambia,ZMB,1993,2,0.0,2.958066013027802,19.2,21.88103055590179,165.7065270099896,1.1460028101710211,0.0,15.916796880520591
ZMB-1994,Zambia,ZMB,1994,2,0.0,0.9462041280302846,14.213207244873,21.909127218608837,183.3120414643934,2.958066013027802,0.0,15.940632910972823
ZMB-1995,Zambia,ZMB,1995,2,0.0,1.7567962320707933,14.9417591094971,22.01985597136971,54.60132184130161,0.9462041280302846,0.0,15.964509645006087
ZMB-1996,Zambia,ZMB,1996,2,0.0,1.974824070562429,15.6682720184326,22.06010295766908,34.9295874166667,1.7567962320707933,0.0,15.98864324224201
ZMB-1997,Zambia,ZMB,1997,2,0.0,2.276424931069017,17.3,22.003427429575822,43.07309799828819,1.974824070562429,0.0,16.013185478325294
ZMB-1998,Zambia,ZMB,1998,2,0.0,2.423227662340614,17.1124591827393,22.18264533031924,24.41872156894123,2.276424931069017,0.0,16.038734644207235
ZMB-1999,Zambia,ZMB,1999,2,0.0,2.263984879954123,19.0,21.986754491327883,24.4584563516656,2.423227662340614,0.0,16.06494895587378
ZMB-2000,Zambia,ZMB,2000,2,0.0,1.9322098636343867,18.5402450561523,21.948300737319563,26.78769667900287,2.263984879954123,0.0,16.091752291634954
ZMB-2001,Zambia,ZMB,2001,2,0.0,1.9770285566678711,16.7,22.004375253776622,26.03041178881214,1.9322098636343867,0.0,16.119857298345977
ZMB-2002,Zambia,ZMB,2002,2,0.0,2.6602465095493195,20.2,22.132896110807746,21.39378217925458,1.9770285566678711,0.0,16.150096711176957
ZMB-2003,Zambia,ZMB,2003,2,0.0,2.655222123253141,17.4,22.15688510985528,22.23334464309469,2.6602465095493195,0.0,16.180877943328554
ZMB-2004,Zambia,ZMB,2004,2,0.0,2.4670996942798853,18.5,22.312882553984096,21.40157839019952,2.655222123253141,0.0,16.211913444981484
ZMB-2005,Zambia,ZMB,2005,2,0.0,2.1613934538437034,20.3,22.55121421980433,17.96778910872861,2.4670996942798853,0.0,16.24368802530876
ZMB-2006,Zambia,ZMB,2006,2,0.0,2.2779594130627068,23.3,22.843353778148572,18.32443970117399,2.1613934538437034,0.0,16.27670665445045
ZMB-2007,Zambia,ZMB,2007,2,0.0,2.9385884111666294,24.1,23.26933491686925,9.019572472264858,2.2779594130627068,0.0,16.31115551190131
ZMB-2008,Zambia,ZMB,2008,2,0.0,2.35854697814246,18.5,23.366383339838976,10.65734960001529,2.9385884111666294,0.0,16.346432573345478
ZMB-2009,Zambia,ZMB,2009,2,0.0,2.216434070727317,25.7,23.608672993740587,12.44557934631924,2.35854697814246,0.0,16.382098956079894
ZMB-2010,Zambia,ZMB,2010,2,0.0,2.840526990502815,26.6,23.45296938992957,13.39525463258952,2.216434070727317,0.0,16.417488138069974
ZMB-2011,Zambia,ZMB,2011,2,0.0,2.257062547066682,22.0,23.73218870507661,8.501761333652647,2.840526990502815,0.0,16.45210736297007
ZMB-2012,Zambia,ZMB,2012,2,0.0,2.6138868924096337,28.3,23.878542018260823,6.4293968107234,2.257062547066682,0.0,16.48536011746327
ZMB-2013,Zambia,ZMB,2013,2,0.0,2.7110534774128365,29.2,23.96206429842021,6.575899707576976,2.6138868924096337,0.0,16.517786117873747
ZMB-2014,Zambia,ZMB,2014,2,0.0,2.415926316701412,30.1,24.05679944432742,6.977676054903073,2.7110534774128365,0.0,16.549813000331977
ZMB-2015,Zambia,ZMB,2015,2,0.0,2.7054916531152475,27.9,24.02431220468335,7.806875535663326,2.415926316701412,0.0,16.58153503259498
ZMB-2016,Zambia,ZMB,2016,2,0.0,1.868624110829137,31.1,23.77967999184342,10.11059289096177,2.7054916531152475,0.0,16.612736403450043
ZMB-2017,Zambia,ZMB,2017,2,0.0,2.1605904892543024,35.4,23.765805955902643,17.86973007952677,1.868624110829137,0.0,16.64367730700112
ZMB-2018,Zambia,ZMB,2018,2,0.0,1.2234384649633026,40.3,23.97648902955717,6.577311542056444,2.1605904892543024,0.0,16.674352718989415
ZMB-2019,Zambia,ZMB,2019,2,0.0,1.5903943877913225,40.2,23.993272219398843,7.494571927285201,1.2234384649633026,0.0,16.704412903469308
ZMB-2020,Zambia,ZMB,2020,2,0.0,1.1097062942856712,43.0,23.87209113616116,9.150316443162955,1.5903943877913225,0.0,16.734029118463276
ZMB-2021,Zambia,ZMB,2021,2,0.0,1.342682326126625,44.6,23.621262061895028,15.73306047213692,1.1097062942856712,0.0,16.763070766286322
ZMB-2022,Zambia,ZMB,2022,2,0.0,-0.2214717869627046,46.7,23.818681302597568,22.02076762457765,1.342682326126625,0.0,16.791224188892453
ZWE-2011,Zimbabwe,ZWE,2011,2,0.0623369671683315,1.624822806464031,38.9,23.212143757539657,3.022670025188917,0.8936986917977976,0.0,16.407517384322183
ZWE-2012,Zimbabwe,ZWE,2012,2,0.0623369671683315,1.4627453003917243,36.9,23.37007872864831,3.4661297281749,1.624822806464031,0.0,16.425243897053274
ZWE-2013,Zimbabwe,ZWE,2013,2,0.0623369671683315,1.4224461422858314,44.0,23.56371762607589,3.725326661106463,1.4627453003917243,0.0176585171987541,16.44147454262822
ZWE-2014,Zimbabwe,ZWE,2014,2,0.0623369671683315,1.6186035152306515,40.6,23.67299343829613,1.634950415438219,1.4224461422858314,0.004606921108768,16.455553758591822
ZWE-2015,Zimbabwe,ZWE,2015,2,0.0623369671683315,1.4430419660594542,32.3,23.693962314080444,-0.1977848101266099,1.6186035152306515,0.0623369671683315,16.469270698154485
ZWE-2016,Zimbabwe,ZWE,2016,2,0.0623369671683315,1.2846953324091244,33.7,23.71765971529899,-2.430968423834039,1.4430419660594542,0.0226080767805337,16.482670289979676
ZWE-2017,Zimbabwe,ZWE,2017,2,0.0623369671683315,0.5704603639321348,42.5,23.746576798317435,-1.54366960054161,1.2846953324091244,0.0227863385971937,16.49655229195389
ZWE-2018,Zimbabwe,ZWE,2018,2,0.0623369671683315,1.023745282339411,44.0,24.65579038951676,0.8939623160500274,0.5704603639321348,0.0475010544657409,16.51098082917964
ZWE-2019,Zimbabwe,ZWE,2019,2,0.0623369671683315,0.6918724385702729,45.4,24.25378437174053,10.61886586695751,1.023745282339411,0.0378599470385953,16.525854991967076
ZWE-2020,Zimbabwe,ZWE,2020,2,0.0623369671683315,0.4546634157537182,46.7,24.23064237571869,255.3049907578557,0.6918724385702729,0.050882518898508,16.541490326090443
ZWE-2021,Zimbabwe,ZWE,2021,2,0.0623369671683315,0.5474276377663516,52.7,24.188368840934675,557.2018173620507,0.4546634157537182,0.0291292966776496,16.558083853100246
ZWE-2022,Zimbabwe,ZWE,2022,2,0.0623369671683315,0.7530378307536205,49.0,24.443834165913312,98.54610509206238,0.5474276377663516,0.0477688089316108,16.575343963428544
