Row_ID,Country Name,ISO3,Year,Country_Fold,Max_Oil_Rents_Pre2016,Inward_FDI_Net_Flow_GDP_Pct_asinh,Electricity_Access_Pct_lag1,GDP_log_lag1,Inflation_CPI_Annual_Pct_lag1,Inward_FDI_Net_Flow_GDP_Pct_asinh_lag1,Oil_Rents_GDP_Pct_lag1,Population_log_lag1
AGO-2001,Angola,AGO,2001,0,57.5134839616206,3.8720125114313935,24.2,22.93478716815446,324.9968716013207,2.960081623535694,57.5134839616206,16.60020508338647
AGO-2002,Angola,AGO,2002,0,57.5134839616206,3.005298147034833,20.0,22.913362752605558,152.5610224692988,3.8720125114313935,42.5915766791073,16.633742175485878
AGO-2003,Angola,AGO,2003,0,57.5134839616206,3.560947487015071,26.3,23.57463757575465,108.897436089429,3.005298147034833,31.7610292464785,16.667816935053647
AGO-2004,Angola,AGO,2004,0,57.5134839616206,2.7935051260438537,27.4,23.735959849082032,98.22414365733042,3.560947487015071,27.1162657537214,16.702750360850082
AGO-2005,Angola,AGO,2005,0,57.5134839616206,-1.8647278729869496,28.4,24.01902780745321,43.54210675196869,2.7935051260438537,32.9626955078503,16.738694934122538
AGO-2006,Angola,AGO,2006,0,57.5134839616206,-0.0642567213434682,29.4,24.44646546773358,22.95351385139399,-1.8647278729869496,42.2206783158613,16.775157621533175
AGO-2007,Angola,AGO,2007,0,57.5134839616206,-1.030692151481282,30.5,24.79491581385931,13.30521017800316,-0.0642567213434682,40.2786520912475,16.812006539818828
AGO-2008,Angola,AGO,2008,0,57.5134839616206,1.3005810578692538,37.5,25.014243252518305,12.25149744594868,-1.030692151481282,45.3976036521592,16.849432340085887
AGO-2009,Angola,AGO,2009,0,57.5134839616206,1.7187365821574412,38.5,25.3162666049298,12.47582913263979,1.3005810578692538,52.1013581243545,16.887215235966003
AGO-2010,Angola,AGO,2010,0,57.5134839616206,-1.9315449878660305,33.8,25.126383183316232,13.73028392884085,1.7187365821574412,29.7782995191992,16.92523085298683
AGO-2011,Angola,AGO,2011,0,57.5134839616206,-1.6126594122972413,35.0,25.28288327011974,14.46965649325768,-1.9315449878660305,37.7085091832735,16.9637418337911
AGO-2012,Angola,AGO,2012,0,57.5134839616206,-0.8955351290840982,34.6,25.5559829428232,13.48246792185111,-1.6126594122972413,38.6184358197859,17.002621292125475
AGO-2013,Angola,AGO,2013,0,57.5134839616206,-2.2690715234323573,37.3,25.690108809528063,10.27790492188394,-0.8955351290840982,34.3328389540912,17.041457126105513
AGO-2014,Angola,AGO,2014,0,57.5134839616206,1.6030824938380608,38.4,25.72617268134446,8.777814293326237,-2.2690715234323573,29.0014846107501,17.079956931502593
AGO-2015,Angola,AGO,2015,0,57.5134839616206,2.976040926566074,32.0,25.756639708901066,7.280387303611207,1.6030824938380608,21.736607448329,17.117284210768364
AGO-2016,Angola,AGO,2016,0,57.5134839616206,-0.2912688321938951,42.0,25.353548721343,9.35597215533784,2.976040926566074,12.7187303090272,17.15333492568806
AGO-2017,Angola,AGO,2017,0,57.5134839616206,-2.85273408093762,41.8,24.83036290172726,30.69441508067191,-0.2912688321938951,19.7483988340046,17.189099338838567
AGO-2018,Angola,AGO,2018,0,57.5134839616206,-2.662799612311164,42.9,25.173296839008568,29.84447990156793,-2.85273408093762,24.7110060055382,17.22450545979518
AGO-2019,Angola,AGO,2019,0,57.5134839616206,-2.321764457934368,45.3,25.228682667489498,19.62893797015208,-2.662799612311164,30.7304027285905,17.259037788762317
AGO-2020,Angola,AGO,2020,0,57.5134839616206,-1.8768429596434129,45.6,25.120104896594093,17.08095414343803,-2.321764457934368,27.504828641196,17.292916629916387
AGO-2021,Angola,AGO,2021,0,57.5134839616206,-2.4173079846167127,47.0,24.792498276130445,22.27153924705097,-1.8768429596434129,18.5719595053837,17.325596215414812
AGO-2022,Angola,AGO,2022,0,57.5134839616206,-2.3406368585580988,48.2,25.08360810015005,25.75429488418906,-2.4173079846167127,28.2744398825844,17.357409440478254
ARE-2009,United Arab Emirates,ARE,2009,0,35.3156119922356,0.433647731702406,100.0,26.477344058455397,12.25042024481392,1.2515640377939687,26.67204274176,15.656483117788786
ARE-2010,United Arab Emirates,ARE,2010,0,35.3156119922356,1.7727379068311284,100.0,26.258816462047022,1.5618131744907,0.433647731702406,18.418263242659,15.718671111822667
ARE-2011,United Arab Emirates,ARE,2011,0,35.3156119922356,1.4159547775950687,100.0,26.452509242061463,0.8779832882858672,1.7727379068311284,22.679737867780705,15.742651228698303
ARE-2012,United Arab Emirates,ARE,2012,0,35.3156119922356,1.623022249855346,100.0,26.63374002782177,0.8773465956851202,1.4159547775950687,28.5990789001782,15.7762444335237
ARE-2013,United Arab Emirates,ARE,2013,0,35.3156119922356,1.6031979648844856,100.0,26.69655001576627,0.6622689002690088,1.623022249855346,27.0648520266069,15.81583434948212
ARE-2014,United Arab Emirates,ARE,2014,0,35.3156119922356,1.6857017025063197,100.0,26.73852643559476,1.101118363757104,1.6031979648844856,26.2480640478396,15.855825542058056
ARE-2015,United Arab Emirates,ARE,2015,0,35.3156119922356,1.5455236299657604,100.0,26.7752040158964,2.346268656716426,1.6857017025063197,22.9458647037024,15.902354757238944
ARE-2016,United Arab Emirates,ARE,2016,0,35.3156119922356,1.6532313726652463,100.0,26.668616117200592,4.069966083615932,1.5455236299657604,13.1025344354216,15.956192766959662
ARE-2017,United Arab Emirates,ARE,2017,0,35.3156119922356,1.6718166760468984,100.0,26.66794587983633,1.617488089041977,1.6532313726652463,11.0807563620506,16.005497450782077
ARE-2018,United Arab Emirates,ARE,2018,0,35.3156119922356,1.5928860924737134,100.0,26.72310783521386,1.96682557818842,1.6718166760468984,13.4985731745503,16.037235425875135
ARE-2019,United Arab Emirates,ARE,2019,0,35.3156119922356,2.123244753031767,100.0,26.811312489078404,3.068633792519967,1.5928860924737134,17.0989945007163,16.050534111769245
ARE-2020,United Arab Emirates,ARE,2020,0,35.3156119922356,2.4180373845634,100.0,26.79614035356957,-1.931081147821727,2.123244753031767,15.681591549088,16.061079274089465
ARE-2021,United Arab Emirates,ARE,2021,0,35.3156119922356,2.29109608917199,100.0,26.601454670906858,-2.079403179409438,2.4180373845634,10.4940977026696,16.056330773046923
ARE-2022,United Arab Emirates,ARE,2022,0,35.3156119922356,2.197547108369436,100.0,26.7693162976056,0.1799353361744314,2.29109608917199,15.6730945329946,16.07468207201559
AZE-2000,Azerbaijan,AZE,2000,1,39.5813073807196,1.6339183006328164,97.0,22.245237410911948,-8.52517000536063,3.105631333263116,17.0099980276687,15.892793646860005
AZE-2001,Azerbaijan,AZE,2001,1,39.5813073807196,3.3587616844439863,98.9,22.385792418671677,1.805003037043562,1.6339183006328164,32.9457476254157,15.901008845471845
AZE-2002,Azerbaijan,AZE,2002,1,39.5813073807196,4.173562241025911,98.6,22.465067296164484,1.547195901522798,3.3587616844439863,23.7019953992356,15.90875650390682
AZE-2003,Azerbaijan,AZE,2003,1,39.5813073807196,4.701886934673546,100.0,22.55361885784457,2.771164719982698,4.173562241025911,23.2537194764338,15.916218238817484
AZE-2004,Azerbaijan,AZE,2004,1,39.5813073807196,4.688953257046972,98.8,22.707903868958677,2.233864929670494,4.701886934673546,23.6510138139512,15.92379474745002
AZE-2005,Azerbaijan,AZE,2005,1,39.5813073807196,4.213702463099208,99.0,22.88433410898946,6.708930427977857,4.688953257046972,26.8343888172544,15.932549019196312
AZE-2006,Azerbaijan,AZE,2006,1,39.5813073807196,3.756156122010448,99.1,23.30691781132128,9.679507319170504,4.213702463099208,37.4466296016638,15.942771673895882
AZE-2007,Azerbaijan,AZE,2007,1,39.5813073807196,3.3264066258327847,99.5,23.766927404161358,8.328924828632093,3.756156122010448,39.5813073807196,15.953757538338117
AZE-2008,Azerbaijan,AZE,2008,1,39.5813073807196,2.796259750201038,99.5,24.2212698367426,16.6997549618244,3.3264066258327847,36.8683513686981,15.965096091670851
AZE-2009,Azerbaijan,AZE,2009,1,39.5813073807196,2.578006052169304,99.7,24.61204669996572,20.84908717727123,2.796259750201038,39.5007730331452,15.98609462957528
AZE-2010,Azerbaijan,AZE,2010,1,39.5813073807196,2.5457605518052167,99.9,24.51407955550117,1.457048359703213,2.578006052169304,26.6788300895754,16.006856109869055
AZE-2011,Azerbaijan,AZE,2011,1,39.5813073807196,2.61550580178958,99.9,24.691844865346606,5.72687224669605,2.5457605518052167,25.5154476387508,16.018753985625754
AZE-2012,Azerbaijan,AZE,2012,1,39.5813073807196,2.72514159299413,99.9,24.912205117469277,7.8583333333334,2.61550580178958,29.7979549979878,16.031783992744764
AZE-2013,Azerbaijan,AZE,2013,1,39.5813073807196,1.9745061890360904,100.0,24.96717837306665,1.066213397203028,2.72514159299413,25.8177819240506,16.045071629579173
AZE-2014,Azerbaijan,AZE,2014,1,39.5813073807196,2.473275250721048,100.0,25.029498311097417,2.415717452794191,1.9745061890360904,22.5837832214089,16.05800609846676
AZE-2015,Azerbaijan,AZE,2015,1,39.5813073807196,2.728990866308398,100.0,25.043945989874672,1.37344181533176,2.473275250721048,20.2463063109853,16.070488187123043
AZE-2016,Azerbaijan,AZE,2016,1,39.5813073807196,3.1700064379610784,100.0,24.69499511992658,4.027685737427259,2.728990866308398,12.069575141696,16.082400284461865
AZE-2017,Azerbaijan,AZE,2017,1,39.5813073807196,2.6464791743961875,100.0,24.357345775053272,12.44337485843723,3.1700064379610784,12.7825654497772,16.093578855411227
AZE-2018,Azerbaijan,AZE,2018,1,39.5813073807196,1.8114587199626504,100.0,24.43357960978113,12.93591841873347,2.6464791743961875,17.1235678602694,16.103391472455574
AZE-2019,Azerbaijan,AZE,2019,1,39.5813073807196,1.856284434091256,100.0,24.57580355988587,2.268546903739991,1.8114587199626504,24.1724100094907,16.11205464074393
AZE-2020,Azerbaijan,AZE,2020,1,39.5813073807196,1.008206288551451,100.0,24.5980901776412,2.610571827992152,1.856284434091256,20.4577104992688,16.12052110715989
AZE-2021,Azerbaijan,AZE,2021,1,39.5813073807196,-1.854117492889782,100.0,24.477300809339468,2.759809470081272,1.008206288551451,11.1476827315754,16.127364759733396
AZE-2022,Azerbaijan,AZE,2022,1,39.5813073807196,-2.4373663841866917,100.0,24.72741964176855,6.650299127087786,-1.854117492889782,20.983375083624,16.131776736655397
BHR-1991,Bahrain,BHR,1991,0,37.0437374677071,3.1631071357558795,99.9413986206055,22.29386125400825,0.9293354374890926,1.4016202252609726,37.0437374677071,13.151529869692675
BHR-1992,Bahrain,BHR,1992,0,37.0437374677071,3.471617727398005,99.9673919677734,22.381286496080957,0.7644197359276086,3.1631071357558795,20.4853120745387,13.12845081132432
BHR-1993,Bahrain,BHR,1993,0,37.0437374677071,-2.241542532965602,99.9871826171875,22.41007812134452,-0.1724137931033124,3.471617727398005,20.7616769769703,13.15475118394573
BHR-1994,Bahrain,BHR,1994,0,37.0437374677071,1.90621849367958,99.9971389770508,22.50041933386792,2.538860103626954,-2.241542532965602,17.9580307941121,13.181058609733563
BHR-1995,Bahrain,BHR,1995,0,37.0437374677071,2.5668288784604267,99.9997711181641,22.568665266686903,0.8169108977597781,1.90621849367958,14.682952911195,13.207378930728911
BHR-1996,Bahrain,BHR,1996,0,37.0437374677071,4.078504407466115,100.0,22.6180602475891,2.704034750647041,2.5668288784604267,15.2459702602519,13.23369006004066
BHR-1997,Bahrain,BHR,1997,0,37.0437374677071,2.22251641109654,100.0,22.66030342041977,-0.4522273825303477,4.078504407466115,18.4494024419669,13.260023983082386
BHR-1998,Bahrain,BHR,1998,0,37.0437374677071,1.666452137975676,100.0,22.70003875238173,2.431551339559264,2.22251641109654,16.418731399958,13.28637838721564
BHR-1999,Bahrain,BHR,1999,0,37.0437374677071,2.496202418465739,100.0,22.67363873362119,-0.366533864541774,1.666452137975676,10.6376958646887,13.312724199203725
BHR-2000,Bahrain,BHR,2000,0,37.0437374677071,2.097508965410363,100.0,22.74195755794866,-1.287587971849095,2.496202418465739,14.7940799756461,13.339070257726378
BHR-2001,Bahrain,BHR,2001,0,37.0437374677071,0.8053276047706855,100.0,22.927454876811588,-0.7048529530907899,2.097508965410363,18.711078045797,13.365439743618376
BHR-2002,Bahrain,BHR,2002,0,37.0437374677071,1.554943540965077,100.0,22.91784211167963,-1.207571801566593,0.8053276047706855,15.0074471454831,13.40198858027321
BHR-2003,Bahrain,BHR,2003,0,37.0437374677071,2.244643711395203,100.0,22.9843527317729,-0.4955401387511543,1.554943540965077,14.4906538546743,13.473800226446144
BHR-2004,Bahrain,BHR,2004,0,37.0437374677071,2.5829382547798057,100.0,23.127939342875127,1.593625498007866,2.244643711395203,14.9880274040125,13.547000848874603
BHR-2005,Bahrain,BHR,2005,0,37.0437374677071,2.5808905021654995,100.0,23.29969973051314,2.352941176470619,2.5829382547798057,16.6530213443367,13.621612653067324
BHR-2006,Bahrain,BHR,2006,0,37.0437374677071,3.451048645557633,100.0,23.49389785892468,2.586206896551728,2.5808905021654995,20.0931217396654,13.697653394560495
BHR-2007,Bahrain,BHR,2007,0,37.0437374677071,2.7866452148460468,100.0,23.641293867780465,2.00746965452849,3.451048645557633,20.3670614713082,13.77513117381093
BHR-2008,Bahrain,BHR,2008,0,37.0437374677071,2.640944799658405,100.0,23.801959631260768,3.256666666667031,2.7866452148460468,18.9906048191926,13.85405411882476
BHR-2009,Bahrain,BHR,2009,0,37.0437374677071,0.9644347558345616,100.0,23.97018102899113,3.526003163637211,2.640944799658405,21.6815768768211,13.913994786052667
BHR-2010,Bahrain,BHR,2010,0,37.0437374677071,0.5525555001556877,100.0,23.856070268477445,2.795512835504117,0.9644347558345616,14.4351176966592,13.9796817217709
BHR-2011,Bahrain,BHR,2011,0,37.0437374677071,1.6874200902110423,100.0,24.011890984746,1.96188468334623,0.5525555001556877,17.3156329535965,14.021340286337807
BHR-2012,Bahrain,BHR,2012,0,37.0437374677071,2.279079704403235,100.0,24.121615195239563,-0.40004069748808,1.6874200902110423,23.3980559518896,13.9936743164151
BHR-2013,Bahrain,BHR,2013,0,37.0437374677071,3.0950134503955726,100.0,24.18785746832721,2.757396699629792,2.279079704403235,20.0940234657871,14.005275179632806
BHR-2014,Bahrain,BHR,2014,0,37.0437374677071,2.1801467583083225,100.0,24.244416474494315,3.300011568884423,3.0950134503955726,20.8660137007827,14.041204454381962
BHR-2015,Bahrain,BHR,2015,0,37.0437374677071,0.1982288571259699,100.0,24.272093446323968,2.647553212461889,2.1801467583083225,18.8709266924557,14.089014848972042
BHR-2016,Bahrain,BHR,2016,0,37.0437374677071,0.667491953549401,100.0,24.20522252710364,1.848627423749767,0.1982288571259699,9.82474436918962,14.13055703643913
BHR-2017,Bahrain,BHR,2017,0,37.0437374677071,2.0533948063602008,100.0,24.246228856929232,2.786793476020443,0.667491953549401,7.62960432748572,14.168788639091533
BHR-2018,Bahrain,BHR,2018,0,37.0437374677071,2.1376535394226086,100.0,24.33970399390695,1.386718305764061,2.0533948063602008,8.93795259727704,14.221720055612453
BHR-2019,Bahrain,BHR,2019,0,37.0437374677071,1.5815359625266954,100.0,24.401286010028304,2.08766938046978,2.1376535394226086,11.3900811220261,14.22303487777331
BHR-2020,Bahrain,BHR,2020,0,37.0437374677071,1.7698252168459967,100.0,24.423253577749502,1.005820047021369,1.5815359625266954,9.8481886760226,14.210087942670793
BHR-2021,Bahrain,BHR,2021,0,37.0437374677071,2.1777638339990277,100.0,24.302264378779597,-2.317706293313787,1.7698252168459967,6.69558923237194,14.202271834878657
BHR-2022,Bahrain,BHR,2022,0,37.0437374677071,2.142154655951811,100.0,24.432933039998098,-0.6063193851408502,2.1777638339990277,10.9376756365994,14.223882104950684
BLZ-1992,Belize,BLZ,1992,4,5.39177359139515,1.5469908658293343,67.0,20.20689503539417,0.7619515008068796,1.561981742638807,0.0,12.13908312314156
BLZ-1993,Belize,BLZ,1993,4,5.39177359139515,1.030607736532893,72.2249145507813,20.36048823964045,2.396700730251883,1.5469908658293343,0.0,12.159944933886388
BLZ-1994,Belize,BLZ,1994,4,5.39177359139515,1.439731531926587,73.1233291625977,20.438586120908614,1.472596946936799,1.030607736532893,0.0,12.180257277886168
BLZ-1995,Belize,BLZ,1995,4,5.39177359139515,1.67346096565916,74.0203857421875,20.464285242704623,2.56934304644295,1.439731531926587,0.0,12.201552444798418
BLZ-1996,Belize,BLZ,1996,4,5.39177359139515,1.4209620196358297,74.915397644043,20.52309421259422,2.889615843721514,1.67346096565916,0.0,12.2265956015626
BLZ-1997,Belize,BLZ,1997,4,5.39177359139515,1.1201535099576103,75.8076934814453,20.56114577024524,5.965020975372424,1.4209620196358297,0.0,12.256342666552063
BLZ-1998,Belize,BLZ,1998,4,5.39177359139515,1.3979034619451702,76.6965866088867,20.587349947668034,1.149037567605397,1.1201535099576103,0.0,12.28971042165561
BLZ-1999,Belize,BLZ,1999,4,5.39177359139515,2.469983717996456,77.5814056396484,20.6496698886092,2.1952625003759,1.3979034619451702,0.0,12.32462871565174
BLZ-2000,Belize,BLZ,2000,4,5.39177359139515,1.6828931364180597,78.4613800048828,20.72297884676867,2.621395245827462,2.469983717996456,0.0,12.359051210127255
BLZ-2001,Belize,BLZ,2001,4,5.39177359139515,2.354601476934554,79.0,20.852659519417788,3.067439669305853,1.6828931364180597,0.0,12.391721992416803
BLZ-2002,Belize,BLZ,2002,4,5.39177359139515,1.4643989920621587,80.2,20.8820160521032,3.651417865615023,2.354601476934554,0.0,12.422715110502024
BLZ-2003,Belize,BLZ,2003,4,5.39177359139515,-0.75980210314514,81.0,20.941527130211085,4.240266606886452,1.4643989920621587,0.0,12.45297178519878
BLZ-2004,Belize,BLZ,2004,4,5.39177359139515,2.7718554382888163,81.8,20.991979326205517,2.318082746631012,-0.75980210314514,0.0,12.482874492410676
BLZ-2005,Belize,BLZ,2005,4,5.39177359139515,2.849202889897027,82.6,21.05988234958791,6.394430997423989,2.7718554382888163,0.0,12.512413308764906
BLZ-2006,Belize,BLZ,2006,4,5.39177359139515,2.621607760861934,83.5,21.111448053236945,-1.104310444119097,2.849202889897027,0.0302356662908637,12.541587280940522
BLZ-2007,Belize,BLZ,2007,4,5.39177359139515,2.8042805058144653,91.0,21.1872910692616,-7.113767712650139,2.621607760861934,2.1564696584244,12.570295531946122
BLZ-2008,Belize,BLZ,2008,4,5.39177359139515,2.97402667327423,85.2,21.257528915775687,2.318082746420205,2.8042805058144653,2.82529999150958,12.5984558913214
BLZ-2009,Belize,BLZ,2009,4,5.39177359139515,2.5628496311976567,86.1,21.276261819956236,6.394431002500336,2.97402667327423,4.54726478814353,12.625973061434594
BLZ-2010,Belize,BLZ,2010,4,5.39177359139515,2.4086691633995776,86.9,21.2468177870016,-1.104310448643554,2.5628496311976567,2.97041788271908,12.6527276804632
BLZ-2011,Belize,BLZ,2011,4,5.39177359139515,2.3520235908819687,89.9,21.28230340117129,0.9179773788088876,2.4086691633995776,3.81365912702217,12.676844729438978
BLZ-2012,Belize,BLZ,2012,4,5.39177359139515,3.0110802466133504,91.7,21.32844301809413,1.602056156402,2.3520235908819687,5.39177359139515,12.698629405183658
BLZ-2013,Belize,BLZ,2013,4,5.39177359139515,2.216402149588962,90.9,21.374070858225085,1.300580745478581,3.0110802466133504,3.61620294980385,12.720138015645992
BLZ-2014,Belize,BLZ,2014,4,5.39177359139515,2.585718389354023,91.1,21.433855730531285,0.5097477689832204,2.216402149588962,2.37815923726399,12.74147770475054
BLZ-2015,Belize,BLZ,2015,4,5.39177359139515,1.717556685759014,91.5,21.483249927043325,1.201399644810576,2.585718389354023,1.66821698471204,12.762609412427334
BLZ-2016,Belize,BLZ,2016,4,5.39177359139515,1.1732557168695494,91.8,21.5085796939498,-0.8615840094277477,1.717556685759014,0.50187422826991,12.783623772244711
BLZ-2017,Belize,BLZ,2017,4,5.39177359139515,1.1407291745801604,93.3,21.52956532609919,0.6634271679176011,1.1732557168695494,0.324173047828252,12.806846828539696
BLZ-2018,Belize,BLZ,2018,4,5.39177359139515,2.3768157424984278,94.2,21.541294466817845,1.14765339305816,1.1407291745801604,0.383066806127611,12.829877786508224
BLZ-2019,Belize,BLZ,2019,4,5.39177359139515,2.081001006824829,91.7,21.55003224108613,0.2699826226463354,2.3768157424984278,0.502364606863084,12.84852372177013
BLZ-2020,Belize,BLZ,2020,4,5.39177359139515,2.025021316831509,92.7,21.590865297181107,0.1870693851814241,2.081001006824829,0.336504088611723,12.863152136928242
BLZ-2021,Belize,BLZ,2021,4,5.39177359139515,2.34474821576118,96.8,21.43978016718069,0.1214346446148936,2.025021316831509,0.135640326595164,12.87598446369473
BLZ-2022,Belize,BLZ,2022,4,5.39177359139515,2.302592413105722,97.7,21.61058337049157,3.235636592370709,2.34474821576118,0.280281956428533,12.887519139257307
BOL-1993,Bolivia,BOL,1993,3,7.33080300030145,1.512473196693194,60.0279006958008,22.453835615826268,12.06032360182898,1.2749701788824306,1.42097317088114,15.82108177232754
BOL-1994,Bolivia,BOL,1994,3,7.33080300030145,1.5200232651330587,61.3840293884277,22.469801186826054,8.527876956880027,1.512473196693194,1.3937400044077,15.8409176833913
BOL-1995,Bolivia,BOL,1995,3,7.33080300030145,2.4664714847199893,64.1,22.511890875613304,7.874044214674342,1.5200232651330587,1.32063764470926,15.86027304751741
BOL-1996,Bolivia,BOL,1996,3,7.33080300030145,2.5569435371195626,64.0915298461914,22.62763375199665,10.19320676307455,2.4664714847199893,1.67539093460871,15.87916272596178
BOL-1997,Bolivia,BOL,1997,3,7.33080300030145,2.9172421295194915,71.0,22.724333472058824,12.4254866180049,2.5569435371195626,2.08266621438735,15.897665539933016
BOL-1998,Bolivia,BOL,1998,3,7.33080300030145,3.108512749256567,67.330431,22.793381126829583,4.708444360281928,2.9172421295194915,1.64557088716868,15.915722518283058
BOL-1999,Bolivia,BOL,1999,3,7.33080300030145,3.1959845553905986,71.2,22.86303721030521,7.673228956750834,3.108512749256567,1.24033297671521,15.93337862732327
BOL-2000,Bolivia,BOL,2000,3,7.33080300030145,2.867527199531708,70.929888,22.837720265171672,2.159516268355976,3.1959845553905986,1.83148099301924,15.950836918083407
BOL-2001,Bolivia,BOL,2001,3,7.33080300030145,2.856165571431789,70.0,22.851242210888056,4.60822998872598,2.867527199531708,3.20071915897547,15.96800818840528
BOL-2002,Bolivia,BOL,2002,3,7.33080300030145,2.8433974575356933,69.3,22.820242354561447,1.589653778795676,2.856165571431789,2.70191454521148,15.984877009422076
BOL-2003,Bolivia,BOL,2003,3,7.33080300030145,1.6256027461855689,64.0,22.790822677950267,0.9282588516110698,2.8433974575356933,3.20143436722118,16.001601833902388
BOL-2004,Bolivia,BOL,2004,3,7.33080300030145,0.6897618358126495,72.3,22.81295465060376,3.337274996715339,1.6256027461855689,3.57840976144804,16.018352771239886
BOL-2005,Bolivia,BOL,2005,3,7.33080300030145,-1.6468107412450232,75.9,22.894996152271084,4.437380801017246,0.6897618358126495,5.08868092656529,16.035180020391003
BOL-2006,Bolivia,BOL,2006,3,7.33080300030145,1.6291373554092567,68.3,22.979715144952024,5.39323106890663,-1.6468107412450232,7.33080300030145,16.0520365075939
BOL-2007,Bolivia,BOL,2007,3,7.33080300030145,1.7504855164792064,76.2,23.16141668088601,4.282396048025615,1.6291373554092567,6.90511113358437,16.069082912020964
BOL-2008,Bolivia,BOL,2008,3,7.33080300030145,1.841161286881559,80.2,23.297411852848263,8.70560923578869,1.7504855164792064,4.87482833139779,16.086188075507305
BOL-2009,Bolivia,BOL,2009,3,7.33080300030145,1.6245921626911497,84.7,23.53713302672052,14.00681077025194,1.841161286881559,5.13358898631882,16.10306921746769
BOL-2010,Bolivia,BOL,2010,3,7.33080300030145,1.8695007581999392,86.8,23.57628135816792,3.346454201420136,1.6245921626911497,1.99901854108232,16.119721927852904
BOL-2011,Bolivia,BOL,2011,3,7.33080300030145,1.9886581506018663,88.0,23.70132911526988,2.503276058442407,1.8695007581999392,2.81120414194023,16.136165994403104
BOL-2012,Bolivia,BOL,2012,3,7.33080300030145,2.0735292878243343,88.3,23.89978368400876,9.884464198238833,1.9886581506018663,3.57882129837961,16.15239369068889
BOL-2013,Bolivia,BOL,2013,3,7.33080300030145,2.4423643615828525,90.4,24.022227352548743,4.515602913993759,2.0735292878243343,3.58582706729094,16.168390206772496
BOL-2014,Bolivia,BOL,2014,3,7.33080300030145,1.4390757302226054,89.5,24.14620314742677,5.736400237196069,2.4423643615828525,3.31838837807072,16.184127650052286
BOL-2015,Bolivia,BOL,2015,3,7.33080300030145,1.2910077336976278,90.0,24.2196578771456,5.766600745791436,1.4390757302226054,3.03332355757079,16.199573236394517
BOL-2016,Bolivia,BOL,2016,3,7.33080300030145,0.872919813267392,91.5,24.219779405968016,4.059610411356446,1.2910077336976278,1.14024731448316,16.214741846986296
BOL-2017,Bolivia,BOL,2017,3,7.33080300030145,1.2228886495000555,91.8,24.247893278138395,3.623214317641381,0.872919813267392,0.788114698375915,16.229638904043668
BOL-2018,Bolivia,BOL,2018,3,7.33080300030145,0.5897601239880166,91.8,24.550328587938623,2.822758055471704,1.2228886495000555,1.02986757658124,16.24425135997914
BOL-2019,Bolivia,BOL,2019,3,7.33080300030145,-0.4283825701892412,92.8,24.603055667355083,2.272059872301549,0.5897601239880166,1.4498952900262,16.258585067790193
BOL-2020,Bolivia,BOL,2020,3,7.33080300030145,-1.708340165398858,95.1,24.61624145904587,1.839545049690259,-0.4283825701892412,1.0303191682966,16.27265084895707
BOL-2021,Bolivia,BOL,2021,3,7.33080300030145,1.0280070680438784,97.2,24.46837873473992,0.9407421533818492,-1.708340165398858,0.497346305966912,16.28499049217369
BOL-2022,Bolivia,BOL,2022,3,7.33080300030145,0.0122388868477758,98.6,24.591919698357312,0.7373837214522746,1.0280070680438784,1.26335187425347,16.295183619724273
BRN-1991,Brunei Darussalam,BRN,1991,4,30.6838382585785,0.0794771609207326,100.0,22.521650161229395,2.138662931637952,0.1156384248565651,30.6838382585785,12.450167184130605
BRN-1992,Brunei Darussalam,BRN,1992,4,30.6838382585785,0.1103956832563327,100.0,22.561351690882017,1.600000000000005,0.0794771609207326,17.8487047904996,12.478375816566231
BRN-1993,Brunei Darussalam,BRN,1993,4,30.6838382585785,0.1286079636147997,100.0,22.56824476337909,1.279527559055146,0.1103956832563327,19.1281731093251,12.505584469735531
BRN-1994,Brunei Darussalam,BRN,1994,4,30.6838382585785,0.090941355914104,100.0,22.54835367962311,4.251700680272123,0.1286079636147997,18.7936196786674,12.53167169702775
BRN-1995,Brunei Darussalam,BRN,1995,4,30.6838382585785,2.7214358752943206,100.0,22.590099153903388,2.462518449467897,0.090941355914104,16.0500449703665,12.557053408346896
BRN-1996,Brunei Darussalam,BRN,1996,4,30.6838382585785,2.8400240759530124,100.0,22.76450487603905,5.966641394996126,2.7214358752943206,13.7981248795186,12.581751858946587
BRN-1997,Brunei Darussalam,BRN,1997,4,30.6838382585785,2.893963777509746,100.0,22.759718625233965,1.996136509980777,2.8400240759530124,16.06642734769,12.605777863943212
BRN-1998,Brunei Darussalam,BRN,1998,4,30.6838382585785,3.030269526090473,100.0,22.776496143091325,1.711560044893353,2.893963777509746,14.8382113343604,12.629187738864807
BRN-1999,Brunei Darussalam,BRN,1999,4,30.6838382585785,3.1675755860378336,100.0,22.437216189221505,-0.4413793103448995,3.030269526090473,8.7864524447592,12.651994881602889
BRN-2000,Brunei Darussalam,BRN,2000,4,30.6838382585785,2.820654660209321,100.0,22.56525417754257,-0.4156275976724536,3.1675755860378336,14.7734214326029,12.67423708450188
BRN-2001,Brunei Darussalam,BRN,2001,4,30.6838382585785,0.8782742001222069,100.0,22.605931726156825,1.558152476349458,2.820654660209321,23.4896305488652,12.69595549227624
BRN-2002,Brunei Darussalam,BRN,2002,4,30.6838382585785,1.999915553165251,100.0,22.530924207560307,0.5958904109589899,0.8782742001222069,16.742683402114,12.716936268574182
BRN-2003,Brunei Darussalam,BRN,2003,4,30.6838382585785,1.3146694656790168,100.0,22.56905298085795,-2.314972424593207,1.999915553165251,16.1096999175722,12.736994970995289
BRN-2004,Brunei Darussalam,BRN,2004,4,30.6838382585785,1.0866058644027146,100.0,22.692854183609818,0.299999999999967,1.3146694656790168,16.6876107710204,12.756036286722557
BRN-2005,Brunei Darussalam,BRN,2005,4,30.6838382585785,1.2802870206993322,100.0,22.877255647305667,0.8142239946826126,1.0866058644027146,19.7780085437059,12.773974013052367
BRN-2006,Brunei Darussalam,BRN,2006,4,30.6838382585785,0.6482996038173959,100.0,23.07912650735138,1.244437118839653,1.2802870206993322,25.956729633831,12.790846442968505
BRN-2007,Brunei Darussalam,BRN,2007,4,30.6838382585785,1.406383161506643,100.0,23.26049738206423,0.1598880783451209,0.6482996038173959,30.500356671909,12.806731660654956
BRN-2008,Brunei Darussalam,BRN,2008,4,30.6838382585785,1.1351107558673037,100.0,23.32090795188014,0.9677741195251012,1.406383161506643,27.5236863460397,12.823617661263231
BRN-2009,Brunei Darussalam,BRN,2009,4,30.6838382585785,1.7304726567186342,100.0,23.49124749519596,2.084980237154154,1.1351107558673037,26.3149392802544,12.842104352504697
BRN-2010,Brunei Darussalam,BRN,2010,4,30.6838382585785,1.967669380948548,100.0,23.20088806219036,1.035717742716134,1.7304726567186342,16.6918809538917,12.860876527895726
BRN-2011,Brunei Darussalam,BRN,2011,4,30.6838382585785,2.0273318329759205,100.0,23.34118131864024,0.3568691320175606,1.967669380948548,20.3808570661645,12.87986624795627
BRN-2012,Brunei Darussalam,BRN,2012,4,30.6838382585785,2.218108301427873,100.0,23.64237572944995,0.1379115631695401,2.0273318329759205,24.1925755555505,12.897693662094072
BRN-2013,Brunei Darussalam,BRN,2013,4,30.6838382585785,2.1619998988882534,100.0,23.67025122083771,0.1117662614003067,2.218108301427873,20.2405416655378,12.913019175601551
BRN-2014,Brunei Darussalam,BRN,2014,4,30.6838382585785,1.925563353155498,100.0,23.618854413531032,0.3892050531236322,2.1619998988882534,16.496289516532,12.926842288816324
BRN-2015,Brunei Darussalam,BRN,2015,4,30.6838382585785,1.0934286410414644,100.0,23.56221548438278,-0.2071087317198223,1.925563353155498,14.6726548413146,12.940244200130255
BRN-2016,Brunei Darussalam,BRN,2016,4,30.6838382585785,-1.0909431212261496,100.0,23.28283898933704,-0.488347420743522,1.0934286410414644,7.67941403200076,12.953265205016589
BRN-2017,Brunei Darussalam,BRN,2017,4,30.6838382585785,2.05973164770172,100.0,23.156902529413596,-0.2786932657530832,-1.0909431212261496,6.61076862656256,12.965861602584637
BRN-2018,Brunei Darussalam,BRN,2018,4,30.6838382585785,2.0462657084073994,100.0,23.21879652179632,-1.260505646289603,2.05973164770172,8.33582039119995,12.977968620095218
BRN-2019,Brunei Darussalam,BRN,2019,4,30.6838382585785,1.743491217168354,100.0,23.33089945816685,1.025051792902122,2.0462657084073994,11.046476859895,12.989542589383396
BRN-2020,Brunei Darussalam,BRN,2020,4,30.6838382585785,2.254038105652623,100.0,23.323674060033856,-0.390522069165529,1.743491217168354,9.00049471310791,13.000604699344274
BRN-2021,Brunei Darussalam,BRN,2021,4,30.6838382585785,1.1802819129065216,100.0,23.208655674562326,1.940319966071838,2.254038105652623,3.45811781195258,13.011219503657436
BRN-2022,Brunei Darussalam,BRN,2022,4,30.6838382585785,-1.32066053685931,100.0,23.36278710310117,1.733413884505931,1.1802819129065216,10.3734034426076,13.020822225349278
CHN-2001,China,CHN,2001,2,5.54445902741075,1.958124888116011,96.7,27.832945051189217,0.3478112268645869,1.9490626044857524,2.03905175243341,20.956474564796
CHN-2002,China,CHN,2002,2,5.54445902741075,1.9827270946565512,97.0,27.934849573772016,0.7191256091201137,1.958124888116011,1.32058497741337,20.96373837116865
CHN-2003,China,CHN,2003,2,5.54445902741075,1.948685154823404,97.2,28.02967755224864,-0.7319709023502436,1.9827270946565512,1.24409369454799,20.970438366840987
CHN-2004,China,CHN,2004,2,5.54445902741075,1.9471466571032487,97.4,28.152135613143525,1.127603487296372,1.948685154823404,1.28559248986066,20.976666976197475
CHN-2005,China,CHN,2005,2,5.54445902741075,2.2076510123389586,97.7,28.316235188080583,3.824637431081595,1.9471466571032487,1.63506369666261,20.982606304344
CHN-2006,China,CHN,2006,2,5.54445902741075,2.1973459591396414,97.9,28.47153226922367,1.776414076675707,2.2076510123389586,2.23061473485701,20.988487554235046
CHN-2007,China,CHN,2007,2,5.54445902741075,2.172998568005588,98.2,28.657599654609207,1.649430994558598,2.1973459591396414,2.2255244607283,20.994071297904505
CHN-2008,China,CHN,2008,2,5.54445902741075,2.012771705811223,98.5,28.913080944614794,4.816767673788345,2.172998568005588,1.75983053566581,20.99929401656445
CHN-2009,China,CHN,2009,2,5.54445902741075,1.6566196395050978,98.8,29.171611806523188,5.925251370410918,2.012771705811223,1.9902860340032,21.00441788587695
CHN-2010,China,CHN,2010,2,5.54445902741075,2.078929406550629,99.1,29.277673325200283,-0.7281652509328982,1.6566196395050978,0.899050539990343,21.009391699882052
CHN-2011,China,CHN,2011,2,5.54445902741075,2.006315198750672,99.7,29.454370474549645,3.175324752691991,2.078929406550629,1.22257362123247,21.014221296765218
CHN-2012,China,CHN,2012,2,5.54445902741075,1.7468162918947174,99.9,29.668566806482893,5.553898922574932,2.006315198750672,1.54520918045373,21.019685872709942
CHN-2013,China,CHN,2013,2,5.54445902741075,1.8140058466904825,99.9,29.79131250636247,2.619524326455406,1.7468162918947174,1.28348679227813,21.026469327293388
CHN-2014,China,CHN,2014,2,5.54445902741075,1.651515456193961,100.0,29.90758294675562,2.621050017481148,1.8140058466904825,1.07614082250695,21.03313005706539
CHN-2015,China,CHN,2015,2,5.54445902741075,1.5085931157923012,100.0,29.998881942776304,1.921641627885208,1.651515456193961,0.888100390466572,21.0394333209562
CHN-2016,China,CHN,2016,2,5.54445902741075,1.2087676128677398,100.0,30.05412459232152,1.437023809356548,1.5085931157923012,0.335243616051991,21.045247882418547
CHN-2017,China,CHN,2017,2,5.54445902741075,1.0934153392147172,100.0,30.06953682853316,2.000001821919434,1.2087676128677398,0.245866848453772,21.050978391475105
CHN-2018,China,CHN,2018,2,5.54445902741075,1.282227071700449,100.0,30.15974998005567,1.593136000714356,1.0934153392147172,0.313804041024999,21.057030841605584
CHN-2019,China,CHN,2019,2,5.54445902741075,1.069574428063156,100.0,30.28057783164737,2.07479039965576,1.282227071700449,0.413038667779282,21.061707562136863
CHN-2020,China,CHN,2020,2,5.54445902741075,1.294571123559226,100.0,30.3093106353678,2.899234163582267,1.069574428063156,0.298457754882779,21.065254971036047
CHN-2021,China,CHN,2021,2,5.54445902741075,1.3934928095369454,100.0,30.338832232900163,2.419421894577823,1.294571123559226,0.114304451775114,21.067635379736657
CHN-2022,China,CHN,2022,2,5.54445902741075,0.9082769824544884,100.0,30.532536041895572,0.9810151355448816,1.3934928095369454,0.308578757061099,21.06852790173644
CMR-1992,Cameroon,CMR,1992,1,8.68450877617334,0.2396182067004128,29.0,23.19476570760394,0.0600513305003454,-0.1221438163302409,4.65315901033898,16.27229041552812
CMR-1993,Cameroon,CMR,1993,1,8.68450877617334,0.0316397075602133,32.6975250244141,23.214135947904403,-0.0160550458717418,0.2396182067004128,4.7419927824119,16.300946567616617
CMR-1994,Cameroon,CMR,1994,1,8.68450877617334,0.0412614467908567,33.849193572998,23.507153900107657,-3.20655456915868,0.0316397075602133,3.08798938410601,16.329420192125262
CMR-1995,Cameroon,CMR,1995,1,8.68450877617334,0.1385899162306351,34.9995040893555,22.909591935825723,35.09446184594641,0.0412614467908567,3.96666682607101,16.35749861862757
CMR-1996,Cameroon,CMR,1996,1,8.68450877617334,0.8392093255759043,36.1477737426758,23.108791509055344,9.06969071921509,0.1385899162306351,3.7645468556202,16.38495112253187
CMR-1997,Cameroon,CMR,1997,1,8.68450877617334,1.130211345377592,37.2933235168457,23.129628689971508,3.924063727497982,0.8392093255759043,4.21594793357001,16.411866002171134
CMR-1998,Cameroon,CMR,1998,1,8.68450877617334,0.4712192735280416,38.435474395752,23.10183542345001,4.786238818603755,1.130211345377592,4.60078884361968,16.43838152086693
CMR-1999,Cameroon,CMR,1999,1,8.68450877617334,0.2982585889739543,40.7,23.1479043891368,3.170751853869066,0.4712192735280416,2.051675402548,16.4648619358756
CMR-2000,Cameroon,CMR,2000,1,8.68450877617334,1.201094892016874,40.7067756652832,23.1713205927563,1.871745006720085,0.2982585889739543,2.7393088165397,16.491391568056166
CMR-2001,Cameroon,CMR,2001,1,8.68450877617334,-0.1063262537422,41.0,23.0809619606084,1.227190129761323,1.201094892016874,5.65350106318017,16.517719196983666
CMR-2002,Cameroon,CMR,2002,1,8.68450877617334,2.1113093862692422,46.2,23.11692353937725,4.419772458811458,-0.1063262537422,3.59717199204675,16.543983520836914
CMR-2003,Cameroon,CMR,2003,1,8.68450877617334,1.486168106881557,44.0,23.24235258070569,2.834422601280668,2.1113093862692422,3.05284107934737,16.570796000684467
CMR-2004,Cameroon,CMR,2004,1,8.68450877617334,0.3536970932207395,45.1,23.49399752571579,0.6231635573743164,1.486168106881557,2.31676395154355,16.59807071231974
CMR-2005,Cameroon,CMR,2005,1,8.68450877617334,1.0467233374531408,47.1,23.65851610452295,0.2336473800675835,0.3536970932207395,2.75939445890458,16.62554486104953
CMR-2006,Cameroon,CMR,2006,1,8.68450877617334,0.2791018436656917,47.2,23.69418541635715,2.013539501759865,1.0467233374531408,5.28439433394488,16.65310224425257
CMR-2007,Cameroon,CMR,2007,1,8.68450877617334,0.7266369516609696,49.0,23.76351788265098,5.117578160194693,0.2791018436656917,6.18342969188823,16.68058775546917
CMR-2008,Cameroon,CMR,2008,1,8.68450877617334,0.0756823977284952,48.2,23.898325624369317,0.9214022456500954,0.7266369516609696,6.03958891829607,16.70865053635569
CMR-2009,Cameroon,CMR,2009,1,8.68450877617334,1.7091666056595922,50.6,24.045244744607967,5.337806276274985,0.0756823977284952,7.12107584128101,16.73727638011924
CMR-2010,Cameroon,CMR,2010,1,8.68450877617334,1.4208312632674691,51.7,24.053073559910857,3.043618479399991,1.7091666056595922,3.18641938368574,16.765930300865584
CMR-2011,Cameroon,CMR,2011,1,8.68450877617334,1.5014547649584684,52.8,24.037724597945896,1.275380462423383,1.4208312632674691,4.14191421736693,16.794506914056875
CMR-2012,Cameroon,CMR,2012,1,8.68450877617334,1.3253223382413313,53.7,24.14527548298485,2.93969946305091,1.5014547649584684,5.25804310748538,16.82279114234682
CMR-2013,Cameroon,CMR,2013,1,8.68450877617334,1.2610938938334395,55.2,24.12961865084381,2.735296775295393,1.3253223382413313,5.26170344833076,16.850921612819235
CMR-2014,Cameroon,CMR,2014,1,8.68450877617334,1.4413269373770066,56.3,24.241612607073648,2.050347180017408,1.2610938938334395,4.19597685270569,16.87901254859009
CMR-2015,Cameroon,CMR,2015,1,8.68450877617334,1.5111493623059302,56.8,24.31746489234699,1.854898503667769,1.4413269373770066,3.67835628658685,16.909271766701025
CMR-2016,Cameroon,CMR,2016,1,8.68450877617334,1.4271236632895468,58.6,24.19555003470784,2.676235314198996,1.5111493623059302,1.89664344480798,16.94066519990367
CMR-2017,Cameroon,CMR,2017,1,8.68450877617334,1.5526770765869602,59.8,24.244150722439606,0.874190383288856,1.4271236632895468,1.55546940126434,16.97055852111667
CMR-2018,Cameroon,CMR,2018,1,8.68450877617334,1.4048972251255043,60.9,24.30951845311419,0.6404091498819502,1.5526770765869602,2.19707562839754,16.99890849974382
CMR-2019,Cameroon,CMR,2019,1,8.68450877617334,1.6777696373834463,62.2,24.41103347799507,1.068858113129201,1.4048972251255043,2.78430133697793,17.02661159736337
CMR-2020,Cameroon,CMR,2020,1,8.68450877617334,1.2782720929751112,63.2,24.40380454173416,2.452802140627324,1.6777696373834463,2.42269397588966,17.054428040382177
CMR-2021,Cameroon,CMR,2021,1,8.68450877617334,1.504807480980263,64.3,24.4312918497114,2.437608821822364,1.2782720929751112,1.28058779283346,17.08167290280966
CMR-2022,Cameroon,CMR,2022,1,8.68450877617334,1.4820309240585965,65.4,24.53019356593411,2.271857625036371,1.504807480980263,2.36159953238547,17.108222509468124
COG-2001,"Congo, Rep.",COG,2001,3,55.9533665542603,-2.281428904968949,29.4,21.895106188893607,-0.8819915170254309,-1.8311429100049308,55.9533665542603,14.963340221121792
COG-2002,"Congo, Rep.",COG,2002,3,55.9533665542603,2.5850927428319355,30.3,21.751707634233263,0.0559899218140582,-2.281428904968949,43.2924415564204,15.00107638861627
COG-2003,"Congo, Rep.",COG,2003,3,55.9533665542603,2.536819630260618,31.2,21.83323041879613,4.378759717808726,2.5850927428319355,40.6339102482945,15.024701325013435
COG-2004,"Congo, Rep.",COG,2004,3,55.9533665542603,1.3987529260529905,32.1,21.977091979713048,-0.631844987363156,2.536819630260618,32.8203228243625,15.052653306406334
COG-2005,"Congo, Rep.",COG,2005,3,55.9533665542603,3.18391637358783,33.0,22.26163192002756,2.429766079617993,1.3987529260529905,36.7574181614469,15.08683027993803
COG-2006,"Congo, Rep.",COG,2006,3,55.9533665542603,3.6087275842481352,33.8,22.61788294446909,3.094490114561818,3.18391637358783,44.9456173814714,15.122868307793754
COG-2007,"Congo, Rep.",COG,2007,3,55.9533665542603,3.480129118179303,34.9,22.81170490794395,6.537843952996039,3.6087275842481352,50.1208093428642,15.16030821783384
COG-2008,"Congo, Rep.",COG,2008,3,55.9533665542603,3.5107056671508428,35.8,22.896050105821388,2.654646450607025,3.480129118179303,43.9536353057112,15.19690066285481
COG-2009,"Congo, Rep.",COG,2009,3,55.9533665542603,3.198615612781837,36.8,23.17855980009753,4.958750920231519,3.5107056671508428,48.8603735696485,15.22978918141721
COG-2010,"Congo, Rep.",COG,2010,3,55.9533665542603,3.144053056885649,37.1,22.997790895359408,4.415003747952232,3.198615612781837,32.0193923725837,15.269748573668853
COG-2011,"Congo, Rep.",COG,2011,3,55.9533665542603,1.4016415121429011,40.0,23.299565627112983,0.3915250112276121,3.144053056885649,40.9410251641332,15.311172869239355
COG-2012,"Congo, Rep.",COG,2012,3,55.9533665542603,-0.3820380696894471,40.8,23.47408069335061,1.759587042738031,1.4016415121429011,48.6661331517592,15.343678760265108
COG-2013,"Congo, Rep.",COG,2013,3,55.9533665542603,3.0431827265626343,41.6,23.596429904630263,5.01018773134471,-0.3820380696894471,38.0875246076633,15.37164283682433
COG-2014,"Congo, Rep.",COG,2014,3,55.9533665542603,3.475034755911748,42.5,23.611341666776035,4.631616197294613,3.0431827265626343,29.6858074019147,15.395952109956784
COG-2015,"Congo, Rep.",COG,2015,3,55.9533665542603,4.231945276841862,43.4,23.60914535756056,0.9121395454500976,3.475034755911748,24.8226399767107,15.420112998324193
COG-2016,"Congo, Rep.",COG,2016,3,55.9533665542603,0.4478478753052436,44.3,23.24376433733393,3.169097967508294,4.231945276841862,12.2746700668843,15.444276867618186
COG-2017,"Congo, Rep.",COG,2017,3,55.9533665542603,4.312930329137635,45.3,23.1148986461028,3.190561797237732,0.4478478753052436,12.8004971968497,15.468493857117297
COG-2018,"Congo, Rep.",COG,2018,3,55.9533665542603,4.0679036154906765,46.2,23.194282553392085,0.4500638232855464,4.312930329137635,25.0227768251894,15.49279625986241
COG-2019,"Congo, Rep.",COG,2019,3,55.9533665542603,-3.019367809238191,47.0,23.416127966978703,1.152778963755232,4.0679036154906765,38.248715891351,15.517184657597689
COG-2020,"Congo, Rep.",COG,2020,3,55.9533665542603,-3.544232944864951,47.7,23.360653042750727,2.206073057815252,-3.019367809238191,35.8517991110343,15.541248095233655
COG-2021,"Congo, Rep.",COG,2021,3,55.9533665542603,-1.5129105825947489,48.7,23.162886329543745,1.795371470831075,-3.544232944864951,22.4084125429251,15.565195860142282
COG-2022,"Congo, Rep.",COG,2022,3,55.9533665542603,1.9279801338150373,49.7,23.419627338042616,1.715642754512603,-1.5129105825947489,34.3828809069635,15.589137284861842
COL-1991,Colombia,COL,1991,4,6.932640671944,0.8303555238694196,89.9,24.591213451106057,29.15202459762154,0.9128804174785902,5.85725180474062,17.294904945038997
COL-1992,Colombia,COL,1992,4,6.932640671944,1.0459480478978698,91.8366546630859,24.61866270928069,30.38782048544356,0.8303555238694196,3.02073717145768,17.31499468506064
COL-1993,Colombia,COL,1993,4,6.932640671944,1.1629573499058974,92.1326599121094,24.790906767173848,27.01062662313608,1.0459480478978698,2.83229170281085,17.33480417067646
COL-1994,Colombia,COL,1994,4,6.932640671944,1.335985872544584,92.4279937744141,24.919667536729488,22.44248285332751,1.1629573499058974,2.45619870164746,17.3547720356788
COL-1995,Colombia,COL,1995,4,6.932640671944,0.9140836188502643,92.7219619750977,25.126362687919254,22.84624175530448,1.335985872544584,1.94674410530817,17.374492323831923
COL-1996,Colombia,COL,1996,4,6.932640671944,1.8806470736974457,91.2,25.250553174412083,20.8917930194849,0.9140836188502643,2.53983784015495,17.3935886942856
COL-1997,Colombia,COL,1997,4,6.932640671944,2.3537409032046512,93.3031005859375,25.29962606581018,20.79757551274016,1.8806470736974457,3.29062171473192,17.41180163979288
COL-1998,Colombia,COL,1998,4,6.932640671944,1.7776811451187136,93.5889129638672,25.39290743187249,18.47002171190891,2.3537409032046512,2.73078985975652,17.429697446005832
COL-1999,Colombia,COL,1999,4,6.932640671944,1.3256958961486258,93.8706436157227,25.312751053845982,18.67697992766719,1.7776811451187136,1.79752139116737,17.447612390433594
COL-2000,Colombia,COL,2000,4,6.932640671944,1.6245274327992054,94.1475296020508,25.179775429632127,10.87368708574707,1.3256958961486258,3.89182280764251,17.464995747865814
COL-2001,Colombia,COL,2001,4,6.932640671944,1.6796138901299895,95.2,25.32718599149092,9.225348185853658,1.6245274327992054,5.13691457442314,17.481375574938387
COL-2002,Colombia,COL,2002,4,6.932640671944,1.520705631443101,98.5,25.31027858186178,7.96556090304834,1.6796138901299895,3.3895291211657,17.497095043378415
COL-2003,Colombia,COL,2003,4,6.932640671944,1.3590716095236943,94.9,25.30768023212193,6.351507287788722,1.520705631443101,3.4723491449574,17.5124742712189
COL-2004,Colombia,COL,2004,4,6.932640671944,1.705361796410374,95.1,25.273398561135227,7.129788629418602,1.3590716095236943,3.70073313323441,17.52755536143462
COL-2005,Colombia,COL,2005,4,6.932640671944,2.6483255074772107,95.3,25.486229345993195,5.904020055465022,1.705361796410374,3.84640284854431,17.542243733631764
COL-2006,Colombia,COL,2006,4,6.932640671944,2.1356957508354912,96.8,25.704132610111746,5.051019626896957,2.6483255074772107,4.6618753019502,17.556246375412684
COL-2007,Colombia,COL,2007,4,6.932640671944,2.166980298964162,95.7,25.80958332335483,4.293423636289266,2.1356957508354912,5.14627956079988,17.56950067419941
COL-2008,Colombia,COL,2008,4,6.932640671944,2.177686059540777,96.0,26.05225566173706,5.544384858151555,2.166980298964162,4.23708928157192,17.582169583867444
COL-2009,Colombia,COL,2009,4,6.932640671944,1.9536371949757163,96.8,26.2142846625339,6.996884955545109,2.177686059540777,5.53392629328463,17.594203499071423
COL-2010,Colombia,COL,2010,4,6.932640671944,1.5478551496685686,96.1,26.172021270569847,4.202516612164816,1.9536371949757163,3.27049268265203,17.60585263581619
COL-2011,Colombia,COL,2011,4,6.932640671944,2.181352554083905,96.8,26.38099925649462,2.272002278920081,1.5478551496685686,4.39207978728564,17.617212319197417
COL-2012,Colombia,COL,2012,4,6.932640671944,2.1085122752789607,96.7,26.53729527352985,3.4150334477625,2.181352554083905,6.932640671944,17.627925691726062
COL-2013,Colombia,COL,2013,4,6.932640671944,2.1519145768414707,97.0,26.638635054233472,3.169301888400553,2.1085122752789607,6.20532168790636,17.637954769771113
COL-2014,Colombia,COL,2014,4,6.932640671944,2.1515813996022617,97.8,26.668931695787386,2.016992243103834,2.1519145768414707,5.87412217837008,17.647441862852087
COL-2015,Colombia,COL,2015,4,6.932640671944,2.0848179196893155,97.8,26.66669720241282,2.898837877617376,2.1515813996022617,5.26376178203189,17.65636897829878
COL-2016,Colombia,COL,2016,4,6.932640671944,2.292964778997821,98.2,26.40511747994537,4.989831158495299,2.0848179196893155,2.62770808784162,17.66501840188146
COL-2017,Colombia,COL,2017,4,6.932640671944,2.185909706466762,98.4,26.36772320024053,7.513460246276745,2.292964778997821,1.86176731845908,17.67492388716488
COL-2018,Colombia,COL,2018,4,6.932640671944,1.93245769360307,98.5,26.465842251514864,4.314313256950107,2.185909706466762,2.42584234973897,17.689438659478032
COL-2019,Colombia,COL,2019,4,6.932640671944,2.171920824059476,98.5,26.5350001212541,3.240569329305694,1.93245769360307,3.64006660382347,17.707830037585527
COL-2020,Colombia,COL,2020,4,6.932640671944,1.7393128145715273,99.4,26.501016301464013,3.523019327414469,2.171920824059476,3.14271008185612,17.72569158799686
COL-2021,Colombia,COL,2021,4,6.932640671944,1.8190019053978053,99.7,26.32297712197133,2.526635000847062,1.7393128145715273,1.56279790261714,17.74005480444382
COL-2022,Colombia,COL,2022,4,6.932640671944,2.3067826586471023,100.0,26.486965650338096,3.495057573994483,1.8190019053978053,3.42402487593374,17.751019086768043
DZA-2001,Algeria,DZA,2001,0,29.5343935472454,1.3855846715310642,98.6,24.72678080699717,0.3391631890717681,0.4912255645380461,20.2038945100895,17.24639275334567
DZA-2002,Algeria,DZA,2002,0,29.5343935472454,1.3165269002040971,98.6,24.807785642661933,4.225988348546735,1.3855846715310642,16.7197713612172,17.26012566631711
DZA-2003,Algeria,DZA,2003,0,29.5343935472454,0.7849192681077084,98.6,24.842564821502727,1.418301923450509,1.3165269002040971,17.703706765696,17.273429613664987
DZA-2004,Algeria,DZA,2004,0,29.5343935472454,0.8546695510665496,98.6,25.020309910535595,4.268953958395005,0.7849192681077084,19.6786326659537,17.286725765667956
DZA-2005,Algeria,DZA,2005,0,29.5343935472454,0.9367605713578832,98.6,25.24411572341295,3.961800302571874,0.8546695510665496,22.1269733272223,17.30069016948995
DZA-2006,Algeria,DZA,2006,0,29.5343935472454,1.1923886162210198,98.6,25.39653026503492,1.382446566621185,0.9367605713578832,27.9141141505655,17.315323257500037
DZA-2007,Algeria,DZA,2007,0,29.5343935472454,1.005572404502752,98.7,25.536134987825456,2.311499185144237,1.1923886162210198,29.5343935472454,17.330735993413512
DZA-2008,Algeria,DZA,2008,0,29.5343935472454,1.1739346560773969,98.7,25.682486705184605,3.678995747416992,1.005572404502752,27.9267087662485,17.347426709700578
DZA-2009,Algeria,DZA,2009,0,29.5343935472454,1.3636808609579785,99.3,25.918352908039687,4.858590628149388,1.1739346560773969,29.1086401323721,17.365615239790287
DZA-2010,Algeria,DZA,2010,0,29.5343935472454,1.0747291923946878,98.8,25.736014177522403,5.737060361456279,1.3636808609579785,19.9046263657492,17.384774091463974
DZA-2011,Algeria,DZA,2011,0,29.5343935472454,1.001601076427293,98.9,25.903841095416,3.91106195534028,1.0747291923946878,21.9939993236664,17.404244679238634
DZA-2012,Algeria,DZA,2012,0,29.5343935472454,0.6200501911899836,99.0,26.10928243393753,4.5242115050527,1.001601076427293,25.0260096148481,17.423813622438452
DZA-2013,Algeria,DZA,2013,0,29.5343935472454,0.6823597308112196,98.8,26.14884889664397,8.891450910623172,0.6200501911899836,22.6025382987382,17.443741700918686
DZA-2014,Algeria,DZA,2014,0,29.5343935472454,0.5932693306758748,99.2,26.160046173409874,3.254239109988475,0.6823597308112196,20.8724313901278,17.463937011971144
DZA-2015,Algeria,DZA,2015,0,29.5343935472454,-0.2830380688407098,99.3,26.199489461326017,2.91692692067458,0.5932693306758748,19.3167294732848,17.484315663869246
DZA-2016,Algeria,DZA,2016,0,29.5343935472454,0.8135428832002145,99.4,25.957011911741763,4.784447006938895,-0.2830380688407098,11.7459031918092,17.504878142922962
DZA-2017,Algeria,DZA,2017,0,29.5343935472454,0.6094650003895573,99.4,25.92045726226385,6.397694802687569,0.8135428832002145,10.0262189142963,17.5254350535327
DZA-2018,Algeria,DZA,2018,0,29.5343935472454,0.6960055963452674,99.5,25.96966285414941,5.591115909616639,0.6094650003895573,12.1565741270026,17.54575505911875
DZA-2019,Algeria,DZA,2019,0,29.5343935472454,0.6640552100434033,99.6,25.993978082405565,4.269990204670837,0.6960055963452674,15.9428081774505,17.565133120992417
DZA-2020,Algeria,DZA,2020,0,29.5343935472454,0.647593089229435,99.5,25.988334863041977,1.951768210528918,0.6640552100434033,14.1421031504305,17.583537249707327
DZA-2021,Algeria,DZA,2021,0,29.5343935472454,0.4512566930378621,99.7,25.82844383657273,2.415130940834139,0.647593089229435,9.03841379679424,17.600656370961218
DZA-2022,Algeria,DZA,2022,0,29.5343935472454,0.1069836152800304,99.8,25.950254777775037,7.226063074154774,0.4512566930378621,14.4615654623053,17.61685001661988
ECU-1996,Ecuador,ECU,1996,1,18.654574856841,1.4350079993592415,89.830167,23.919195784964803,22.93413441458025,1.375385767652428,6.45365140471758,16.26569764918637
ECU-1997,Ecuador,ECU,1997,1,18.654574856841,1.6731577985047037,92.0513763427734,23.95115663248741,24.41145921506743,1.4350079993592415,7.78787008443719,16.284537709910413
ECU-1998,Ecuador,ECU,1998,1,18.654574856841,1.852388052881814,92.429817199707,24.06124127138533,30.65756757221726,1.6731577985047037,6.17219683622489,16.303007849141178
ECU-1999,Ecuador,ECU,1999,1,18.654574856841,1.9094452459076283,92.726642,24.054823600507326,36.09843316238856,1.852388052881814,3.21214311967333,16.32113322497039
ECU-2000,Ecuador,ECU,2000,1,18.654574856841,-0.1332433385536721,93.071434,23.701102568064563,52.24200518582255,1.9094452459076283,7.86330811758721,16.338900148818645
ECU-2001,Ecuador,ECU,2001,1,18.654574856841,1.5816774061073036,93.7,23.587718736084742,96.09637569260964,-0.1332433385536721,16.3324950885101,16.356262347588256
ECU-2002,Ecuador,ECU,2002,1,18.654574856841,1.784759682058186,94.0,23.86426898130476,37.67674545180943,1.5816774061073036,9.09069290930629,16.37357015854204
ECU-2003,Ecuador,ECU,2003,1,18.654574856841,1.7580920545022851,94.2,24.021107987356697,12.48359800820948,1.784759682058186,8.07370405839442,16.391055354222164
ECU-2004,Ecuador,ECU,2004,1,18.654574856841,1.6009473059789567,95.0,24.156130088607597,7.929364874615559,1.7580920545022851,8.39147653417875,16.408696484679165
ECU-2005,Ecuador,ECU,2005,1,18.654574856841,1.031876640281786,94.8,24.28416835813806,2.743231989267045,1.6009473059789567,12.2508252521177,16.42621999902884
ECU-2006,Ecuador,ECU,2006,1,18.654574856841,0.5637215447587299,95.8,24.419092329438158,2.168277011837205,1.031876640281786,16.5366396462506,16.443518784726013
ECU-2007,Ecuador,ECU,2007,1,18.654574856841,0.3797298713751331,96.3,24.545161970014387,3.298748462582153,0.5637215447587299,17.9868791091883,16.46070132525026
ECU-2008,Ecuador,ECU,2008,1,18.654574856841,1.315679692409096,96.8,24.63225875631704,2.27618478002121,0.3797298713751331,16.5138217754915,16.477780241364155
ECU-2009,Ecuador,ECU,2009,1,18.654574856841,0.4933163096000107,97.2,24.83642296136489,8.400095939874621,1.315679692409096,18.654574856841,16.49483221806267
ECU-2010,Ecuador,ECU,2010,1,18.654574856841,0.2410770989996758,96.5,24.819192114280707,5.159968291810473,0.4933163096000107,8.82457083402611,16.51188991898578
ECU-2011,Ecuador,ECU,2011,1,18.654574856841,0.7466363768093809,97.5,24.944996496014,3.554377345678426,0.2410770989996758,11.1941478463167,16.528660798395343
ECU-2012,Ecuador,ECU,2012,1,18.654574856841,0.6084886185097195,96.9,25.09254466248361,4.4745326579584,0.7466363768093809,16.0118572281981,16.54507616708198
ECU-2013,Ecuador,ECU,2013,1,18.654574856841,0.6954681814496925,97.2,25.197587291622828,5.101721809586659,0.6084886185097195,13.9638597674194,16.56099751011032
ECU-2014,Ecuador,ECU,2014,1,18.654574856841,0.6947091693084297,98.0,25.293537429560654,2.72177577710371,0.6954681814496925,12.2978605117168,16.575971598767588
ECU-2015,Ecuador,ECU,2015,1,18.654574856841,1.1149073806076502,99.0,25.35525120081049,3.589220166166633,0.6947091693084297,11.0826381316277,16.590292186526465
ECU-2016,Ecuador,ECU,2016,1,18.654574856841,0.7206740236637148,98.8,25.30013487692202,3.966646232553579,1.1149073806076502,4.19483660505841,16.604601491624386
ECU-2017,Ecuador,ECU,2017,1,18.654574856841,0.5733468680425601,98.7,25.304874958162607,1.728264633245326,0.7206740236637148,3.26158550456448,16.619182405511555
ECU-2018,Ecuador,ECU,2018,1,18.654574856841,1.074426733373015,99.2,25.372141721191163,0.4173355886668246,0.5733468680425601,4.51289936555742,16.63447701298995
ECU-2019,Ecuador,ECU,2019,1,18.654574856841,0.8200178072558464,98.7,25.400560953741508,-0.2241032460055521,1.074426733373015,6.75910009874679,16.651634251078466
ECU-2020,Ecuador,ECU,2020,1,18.654574856841,0.9950305857001776,99.1,25.401647729285568,0.2660125154661552,0.8200178072558464,5.52629823993135,16.668527798058655
ECU-2021,Ecuador,ECU,2021,1,18.654574856841,0.5752496542922233,98.9,25.286211722736827,-0.3388723925621392,0.9950305857001776,2.56275988674609,16.680340323204483
ECU-2022,Ecuador,ECU,2022,1,18.654574856841,0.700839399349602,100.0,25.397766861313546,0.1332513860963892,0.5752496542922233,6.40325083301788,16.68808346300003
EGY-1993,"Egypt, Arab Rep.",EGY,1993,1,16.9450404713831,0.9220890489904774,93.4,24.457500670734635,13.63742417172183,0.9480695800089032,11.1221302701088,17.934233228040764
EGY-1994,"Egypt, Arab Rep.",EGY,1994,1,16.9450404713831,1.6171536558154656,95.3922424316406,24.5644077204124,12.08979228689772,0.9220890489904774,9.87234453989827,17.957306006971706
EGY-1995,"Egypt, Arab Rep.",EGY,1995,1,16.9450404713831,0.8771447402971115,95.6485366821289,24.672545770749583,8.154231285870964,1.6171536558154656,7.89742762113067,17.978846058338124
EGY-1996,"Egypt, Arab Rep.",EGY,1996,1,16.9450404713831,0.8386069208092048,95.5,24.82026096766375,15.74223050215958,0.8771447402971115,7.50906073379094,17.99988811221805
EGY-1997,"Egypt, Arab Rep.",EGY,1997,1,16.9450404713831,0.9739352785622644,96.1543273925781,24.93731332372681,7.18710369719992,0.8386069208092048,8.40318332983217,18.02062173154026
EGY-1998,"Egypt, Arab Rep.",EGY,1998,1,16.9450404713831,1.0590589474224614,96.4024658203125,25.08555621381577,4.625605788264381,0.9739352785622644,6.09921817559871,18.041347324662613
EGY-1999,"Egypt, Arab Rep.",EGY,1999,1,16.9450404713831,0.9994760224636676,96.6465225219727,25.16390103381332,3.872575464274898,1.0590589474224614,3.42870521918816,18.0631954002999
EGY-2000,"Egypt, Arab Rep.",EGY,2000,1,16.9450404713831,1.039444397289551,96.8857345581055,25.230941211445423,3.079499126383321,0.9994760224636676,5.19186775765069,18.085501041648666
EGY-2001,"Egypt, Arab Rep.",EGY,2001,1,16.9450404713831,0.5055703755056107,97.7,25.32682015773799,2.683805353485461,1.039444397289551,6.47222160611776,18.107110239202743
EGY-2002,"Egypt, Arab Rep.",EGY,2002,1,16.9450404713831,0.7009315095527208,97.4,25.29472034487565,2.269757204759556,0.5055703755056107,5.17066273278314,18.12834827514973
EGY-2003,"Egypt, Arab Rep.",EGY,2003,1,16.9450404713831,0.291536462062743,97.5,25.167634058804563,2.737238550003342,0.7009315095527208,5.90580704386046,18.149385510845462
EGY-2004,"Egypt, Arab Rep.",EGY,2004,1,16.9450404713831,1.24411649134193,98.8,25.108891755662395,4.507776363193035,0.291536462062743,7.50637371077042,18.17034004287379
EGY-2005,"Egypt, Arab Rep.",EGY,2005,1,16.9450404713831,2.491042417615268,97.8,25.08995631582485,11.27061933205195,1.24411649134193,9.49448631419397,18.19098381609706
EGY-2006,"Egypt, Arab Rep.",EGY,2006,1,16.9450404713831,2.931218634114964,99.4,25.21929436399287,4.869396968719882,2.491042417615268,11.8509312061057,18.211205911117368
EGY-2007,"Egypt, Arab Rep.",EGY,2007,1,16.9450404713831,2.879694068484985,99.0,25.400068884848316,7.644526445264343,2.931218634114964,11.7296934107586,18.230735045108958
EGY-2008,"Egypt, Arab Rep.",EGY,2008,1,16.9450404713831,2.4636784590699032,98.4,25.594162539249016,9.318969057992298,2.879694068484985,10.7818588338143,18.249610366590566
EGY-2009,"Egypt, Arab Rep.",EGY,2009,1,16.9450404713831,1.9789194232912892,99.8,25.815899966214893,18.31683168316841,2.4636784590699032,12.4545677729971,18.268284407697465
EGY-2010,"Egypt, Arab Rep.",EGY,2010,1,16.9450404713831,1.79154860782212,98.9,25.96579035626199,11.76349543864433,1.9789194232912892,6.24755741424533,18.28716805972427
EGY-2011,"Egypt, Arab Rep.",EGY,2011,1,16.9450404713831,-0.2031427812594149,99.4,26.112262979792817,11.26518826531855,1.79154860782212,7.41778712942652,18.30634757191745
EGY-2012,"Egypt, Arab Rep.",EGY,2012,1,16.9450404713831,0.8830277562325084,99.4,26.18705388244944,10.0649259874818,-0.2031427812594149,9.74186285549743,18.327392179306383
EGY-2013,"Egypt, Arab Rep.",EGY,2013,1,16.9450404713831,1.1686524803607432,99.7,26.35489569146237,7.111729433430828,0.8830277562325084,8.38345897037217,18.349839758611708
EGY-2014,"Egypt, Arab Rep.",EGY,2014,1,16.9450404713831,1.1998834990354577,99.9,26.38773250349214,9.46971981064921,1.1686524803607432,7.82863019779494,18.37289239479865
EGY-2015,"Egypt, Arab Rep.",EGY,2015,1,16.9450404713831,1.4885920616607546,99.8,26.44552787088072,10.0702154687481,1.1998834990354577,6.82340013626772,18.39565679022458
EGY-2016,"Egypt, Arab Rep.",EGY,2016,1,16.9450404713831,1.6241690598937502,99.3,26.520437182694263,10.370490343517,1.4885920616607546,3.05526433674059,18.41664604549217
EGY-2017,"Egypt, Arab Rep.",EGY,2017,1,16.9450404713831,1.8130617641221216,100.0,26.529730396843284,13.81360621482898,1.6241690598937502,2.35006516963224,18.43699287478265
EGY-2018,"Egypt, Arab Rep.",EGY,2018,1,16.9450404713831,1.8497267115521407,100.0,26.238156303552078,29.50660839400387,1.8130617641221216,4.12683269397819,18.45697465897674
EGY-2019,"Egypt, Arab Rep.",EGY,2019,1,16.9450404713831,1.7623812192022636,100.0,26.293854509712613,14.40146578074216,1.8497267115521407,5.47658822874947,18.475946041978823
EGY-2020,"Egypt, Arab Rep.",EGY,2020,1,16.9450404713831,1.2083480052158737,100.0,26.48744958452795,9.152799593248035,1.7623812192022636,3.8819618632175,18.49349578563159
EGY-2021,"Egypt, Arab Rep.",EGY,2021,1,16.9450404713831,1.0199225825819558,100.0,26.673433906016143,5.044932889775388,1.2083480052158737,1.85770095140202,18.509745324176897
EGY-2022,"Egypt, Arab Rep.",EGY,2022,1,16.9450404713831,1.6060405957248425,100.0,26.77458239090828,5.214049405130425,1.0199225825819558,2.98581458250197,18.524653377947843
GAB-2001,Gabon,GAB,2001,3,43.6933433166058,-1.4449713744830606,73.6,22.348672296668727,0.5049200258348586,2.4012402176933345,43.6933433166058,14.058906047384149
GAB-2002,Gabon,GAB,2002,3,43.6933433166058,0.0217529268704014,77.2,22.33734604010777,2.137620527014649,-1.4449713744830606,28.5621391754189,14.085224669090543
GAB-2003,Gabon,GAB,2003,3,43.6933433166058,1.2115757320197489,77.8,22.397639273117537,0.0366828893971394,0.0217529268704014,27.1895735624659,14.112005681147911
GAB-2004,Gabon,GAB,2004,3,43.6933433166058,2.104535388630257,78.5,22.596897626236107,2.235353135515361,1.2115757320197489,21.2503487601086,14.139296230801866
GAB-2005,Gabon,GAB,2005,3,43.6933433166058,1.938901176885436,79.2,22.773564187442627,0.4082053074392502,2.104535388630257,25.0988473562294,14.167300590125356
GAB-2006,Gabon,GAB,2006,3,43.6933433166058,1.6812634894051537,81.6,22.983233991289453,3.708333333333035,1.938901176885436,34.837420996188,14.196338651936443
GAB-2007,Gabon,GAB,2007,3,43.6933433166058,2.3616750700245324,80.5,23.05808559618844,-1.409401366009797,1.6812634894051537,33.9084565801093,14.22651894036592
GAB-2008,Gabon,GAB,2008,3,43.6933433166058,2.199268550775137,81.3,23.24542087057445,5.03031883679951,2.3616750700245324,34.283912273453,14.257781928322052
GAB-2009,Gabon,GAB,2009,3,43.6933433166058,2.359869975605501,82.0,23.468698417972707,5.264301455752853,2.199268550775137,37.187729257242,14.289989159568975
GAB-2010,Gabon,GAB,2010,3,43.6933433166058,2.004917300106356,82.7,23.21760280362914,1.885707545779184,2.359869975605501,24.5730772701098,14.32326567253802
GAB-2011,Gabon,GAB,2011,3,43.6933433166058,2.5193149732788136,89.3,23.388588967612527,1.46154402720469,2.004917300106356,33.5096734280311,14.357765078913914
GAB-2012,Gabon,GAB,2012,3,43.6933433166058,2.0812181556803866,88.7,23.62525363030049,1.26331707837421,2.5193149732788136,37.4261753637161,14.39323903064084
GAB-2013,Gabon,GAB,2013,3,43.6933433166058,1.370437580638974,89.3,23.56645653636304,2.652418286956261,2.0812181556803866,38.2761163072887,14.42901370137103
GAB-2014,Gabon,GAB,2014,3,43.6933433166058,2.635406695116738,86.4,23.590922936993987,0.5054410589156145,1.370437580638974,30.2411289292074,14.46421461227973
GAB-2015,Gabon,GAB,2015,3,43.6933433166058,0.286059610810095,87.1,23.62490536864405,4.690457518262837,2.635406695116738,22.1627532667092,14.497798995189344
GAB-2016,Gabon,GAB,2016,3,43.6933433166058,2.8787776416653337,87.3,23.389320282975277,-0.3387951887534059,0.286059610810095,9.98640233955356,14.52894554222094
GAB-2017,Gabon,GAB,2017,3,43.6933433166058,2.8712889677017674,88.1,23.364028159831825,2.106707127840543,2.8787776416653337,9.0185416132992,14.557594082485055
GAB-2018,Gabon,GAB,2018,3,43.6933433166058,2.798068005594732,86.3,23.426604120122786,2.651925831439018,2.8712889677017674,14.3932577694784,14.584183027238714
GAB-2019,Gabon,GAB,2019,3,43.6933433166058,2.915734119731753,89.6,23.54864423860691,4.749066520832215,2.798068005594732,18.3274076798358,14.609551844608168
GAB-2020,Gabon,GAB,2020,3,43.6933433166058,3.109993101124198,90.3,23.549063841463084,2.464567561511867,2.915734119731753,16.6842425426461,14.634279746771677
GAB-2021,Gabon,GAB,2021,3,43.6933433166058,2.759507104057988,91.1,23.453875395729288,1.352761106753326,3.109993101124198,9.97982419987045,14.658171972342055
GAB-2022,Gabon,GAB,2022,3,43.6933433166058,2.388720730191873,91.8,23.690852466838773,1.086907465194095,2.759507104057988,15.5565091491463,14.681233206106262
GHA-1994,Ghana,GHA,1994,2,5.08048685091895,2.160036815706064,30.6,22.509832336076727,24.95984247424968,1.4849778622062657,0.105856028449236,16.624281728655834
GHA-1995,Ghana,GHA,1995,2,5.08048685091895,1.273886935310046,30.36940574646,22.41821768919509,24.87025543695763,2.160036815706064,0.0841195455913022,16.648323292375395
GHA-1996,Ghana,GHA,1996,2,5.08048685091895,1.3163595917361262,32.4504508972168,22.589573378051345,59.46155369914462,1.273886935310046,0.227977824150616,16.671924325810533
GHA-1997,Ghana,GHA,1997,2,5.08048685091895,1.0076106827157192,34.5287704467773,22.659557265557098,46.56101967622823,1.3163595917361262,0.374611791074058,16.695280874191734
GHA-1998,Ghana,GHA,1998,2,5.08048685091895,1.545007805132156,36.6036949157715,22.65354636204801,27.88520864075274,1.0076106827157192,0.29045479328698,16.71907046861335
GHA-1999,Ghana,GHA,1999,2,5.08048685091895,1.867112261811614,42.6,22.735775216804523,14.62416666666746,1.545007805132156,0.128039085702873,16.743394144488267
GHA-2000,Ghana,GHA,2000,2,5.08048685091895,1.917771224965691,40.7405395507813,22.76683535018846,4.865397850775285,1.867112261811614,0.246256638723101,16.767806223957724
GHA-2001,Ghana,GHA,2001,2,5.08048685091895,1.2909254766739715,43.7,22.32926798654283,40.24093312391401,1.917771224965691,0.989341728951404,16.792930581058577
GHA-2002,Ghana,GHA,2002,2,5.08048685091895,0.8496951810497301,44.8,22.39377492661797,41.50949628780302,1.2909254766739715,0.677053371360246,16.819561634132963
GHA-2003,Ghana,GHA,2003,2,5.08048685091895,1.346374004134408,46.8,22.54234825296181,9.360932395603127,0.8496951810497301,0.616348326370289,16.847063009785597
GHA-2004,Ghana,GHA,2004,2,5.08048685091895,1.2319571672463632,48.3,22.75571057224095,29.77297971603836,1.346374004134408,0.506473855028264,16.874062970833112
GHA-2005,Ghana,GHA,2005,2,5.08048685091895,1.1081199066560683,50.8,22.90722705549606,18.04273882325649,1.2319571672463632,0.620473077410875,16.900548611850326
GHA-2006,Ghana,GHA,2006,2,5.08048685091895,1.8326720010977071,41.3,23.09766619708058,15.43899201559083,1.1081199066560683,0.699403468222941,16.92677618297617
GHA-2007,Ghana,GHA,2007,2,5.08048685091895,2.418714631447413,55.1,23.762298835118795,11.67918393924918,1.8326720010977071,0.439256307347706,16.952772905479257
GHA-2008,Ghana,GHA,2008,2,5.08048685091895,2.9436781530901786,56.9,23.93521126759445,10.7342665456292,2.418714631447413,0.421654318546372,16.978547192551996
GHA-2009,Ghana,GHA,2009,2,5.08048685091895,2.905309915290157,60.5,24.079444347637427,16.49463961341201,2.9436781530901786,0.507726368620134,17.00392498977837
GHA-2010,Ghana,GHA,2010,2,5.08048685091895,2.757628066107335,61.1,23.983234467912595,19.24694822208571,2.905309915290157,0.266591066260126,17.028877838623096
GHA-2011,Ghana,GHA,2011,2,5.08048685091895,2.8077206672667288,64.2,24.19515947838445,10.73338983549149,2.757628066107335,0.391372890188776,17.053207980056367
GHA-2012,Ghana,GHA,2012,2,5.08048685091895,2.77430127842762,64.1,24.395422950884747,8.7284593709302,2.8077206672667288,5.08048685091895,17.077257693668894
GHA-2013,Ghana,GHA,2013,2,5.08048685091895,2.338537188132244,56.5,24.443442897742592,11.18634094410672,2.77430127842762,4.78155703124787,17.10145678355615
GHA-2014,Ghana,GHA,2014,2,5.08048685091895,2.516338089619426,70.7,24.86394870221692,11.66619230717286,2.338537188132244,3.51474407100181,17.12554957576071
GHA-2015,Ghana,GHA,2015,2,5.08048685091895,2.564312567059526,78.3,24.724737034377306,15.48961603333184,2.516338089619426,3.42103394358244,17.149199430214516
GHA-2016,Ghana,GHA,2016,2,5.08048685091895,2.5253830715378967,74.0,24.6239610491315,17.14996950078776,2.564312567059526,1.29146546233544,17.172270702707674
GHA-2017,Ghana,GHA,2017,2,5.08048685091895,2.38625417646754,79.3,24.751188851116517,17.45463470708676,2.5253830715378967,1.00121845985195,17.195032822314534
GHA-2018,Ghana,GHA,2018,2,5.08048685091895,2.197136578318285,79.0,24.82401334707399,12.37192155070485,2.38625417646754,2.60564944915053,17.2169864008525
GHA-2019,Ghana,GHA,2019,2,5.08048685091895,2.4370996081283893,80.4,24.93182193819618,7.80876516610703,2.197136578318285,4.1465494257117,17.23773811383211
GHA-2020,Ghana,GHA,2020,2,5.08048685091895,1.7118641171562434,83.5,24.947945866781865,7.143640033308569,2.4370996081283893,4.069102005933,17.257816165178674
GHA-2021,Ghana,GHA,2021,2,5.08048685091895,1.875778777132188,85.4,24.971878841502445,9.887289562699442,1.7118641171562434,2.25284947216201,17.277734363062724
GHA-2022,Ghana,GHA,2022,2,5.08048685091895,1.412989134470972,86.3,25.099201518512707,9.971088675044395,1.875778777132188,4.05501917796431,17.297324820892296
GNQ-2001,Equatorial Guinea,GNQ,2001,3,82.776896134566,4.858074204012103,64.8,20.76823776610505,4.802288869013977,3.3869255393110484,82.776896134566,13.46351038452506
GNQ-2006,Equatorial Guinea,GNQ,2006,3,82.776896134566,2.242386000091818,65.0,22.82951593318437,5.631633513576132,2.932434474817248,55.1960848556935,13.761442892249455
GNQ-2007,Equatorial Guinea,GNQ,2007,3,82.776896134566,2.947932379997801,65.1,23.034466578408196,4.415899841695609,2.242386000091818,52.3927895781938,13.80580763650288
GNQ-2008,Equatorial Guinea,GNQ,2008,3,82.776896134566,-2.099462173493071,65.1,23.29371686012464,2.803738317757037,2.947932379997801,48.2167537217234,13.850921137151673
GNQ-2009,Equatorial Guinea,GNQ,2009,3,82.776896134566,3.082906564147868,65.2,23.70641393776359,6.551766911845354,-2.099462173493071,43.6095454927149,13.896658193441732
GNQ-2010,Equatorial Guinea,GNQ,2010,3,82.776896134566,3.51292130251148,65.4,23.4331673349551,4.691065677473749,3.082906564147868,24.4384804506248,13.942736865247952
GNQ-2011,Equatorial Guinea,GNQ,2011,3,82.776896134566,2.920400862187882,66.1,23.515316652851144,7.789165479911835,3.51292130251148,33.0485071859477,13.988695502746069
GNQ-2012,Equatorial Guinea,GNQ,2012,3,82.776896134566,2.1875893042211056,66.1,23.78466148328374,4.805389221557,2.920400862187882,33.9272042714921,14.032101487668276
GNQ-2013,Equatorial Guinea,GNQ,2013,3,82.776896134566,1.7036397297982089,65.7,23.831806309704486,3.656620482788057,2.1875893042211056,34.9943032804264,14.07284991099171
GNQ-2014,Equatorial Guinea,GNQ,2014,3,82.776896134566,0.7100937439716598,65.9,23.81197986730268,2.948876946396622,1.7036397297982089,29.0020263766332,14.112810480260965
GNQ-2015,Equatorial Guinea,GNQ,2015,3,82.776896134566,2.8942847507455007,66.0,23.80358982877892,4.309998661491074,0.7100937439716598,22.8648774988219,14.151860644268298
GNQ-2016,Equatorial Guinea,GNQ,2016,3,82.776896134566,3.4424313306621235,66.1,23.30238334144298,1.676630853159882,2.8942847507455007,12.576041460388,14.1897766661084
GNQ-2017,Equatorial Guinea,GNQ,2017,3,82.776896134566,1.86609292841188,66.2,23.142816640467665,1.411939154790155,3.4424313306621235,11.7086428410267,14.226418825167055
GNQ-2018,Equatorial Guinea,GNQ,2018,3,82.776896134566,-0.9523928082597736,66.4,23.224776694075448,0.7443547466124104,1.86609292841188,16.1366726241749,14.261731738419876
GNQ-2019,Equatorial Guinea,GNQ,2019,3,82.776896134566,2.67587715512054,66.5,23.29564995981199,1.060074106621712,-0.9523928082597736,20.3264698484548,14.295726241236425
GNQ-2020,Equatorial Guinea,GNQ,2020,3,82.776896134566,-0.091570566157724,66.6,23.153728052959035,1.53027528964189,2.67587715512054,18.813552099543,14.328440765539312
GNQ-2021,Equatorial Guinea,GNQ,2021,3,82.776896134566,2.230231861450075,66.7,23.015175753332784,4.766695239442282,-0.091570566157724,10.7521167179464,14.355779831710974
GNQ-2022,Equatorial Guinea,GNQ,2022,3,82.776896134566,3.0122475041050256,66.8,23.22600242067051,-0.0971007664640198,2.230231861450075,14.9400221325798,14.380134924858249
IDN-1992,Indonesia,IDN,1992,0,9.91945749843524,1.130980811182636,48.9,25.48220373988198,9.41906784347004,1.0605039113093628,5.59365035937227,19.04543258339709
IDN-1993,Indonesia,IDN,1993,0,9.91945749843524,1.0589745127406305,66.6965637207031,25.575506755090647,7.523510062426775,1.130980811182636,5.36966700706448,19.062764840466432
IDN-1994,Indonesia,IDN,1994,0,9.91945749843524,1.0110034744806935,55.43,25.785903276052284,9.671910892640105,1.0589745127406305,4.21951518114362,19.07978068463841
IDN-1995,Indonesia,IDN,1995,0,9.91945749843524,1.5088069444472691,62.8,25.898806027473697,8.531998291891433,1.0110034744806935,3.18630434473207,19.09664020326735
IDN-1996,Indonesia,IDN,1996,0,9.91945749843524,1.727423168367072,66.86,26.03218692838436,9.420303005729956,1.5088069444472691,2.9733252636664,19.1132680578162
IDN-1997,Indonesia,IDN,1997,0,9.91945749843524,1.51625331777549,72.39,26.149843073295287,7.973280965133457,1.727423168367072,3.29829614660024,19.129722675998625
IDN-1998,Indonesia,IDN,1998,0,9.91945749843524,-0.2496879218967858,80.3,26.097381525465277,6.226151548872136,1.51625331777549,2.9527366047692,19.145985754121263
IDN-1999,Indonesia,IDN,1999,0,9.91945749843524,-1.0981563301894242,80.94,25.281821742486212,58.45104135155258,-0.2496879218967858,3.10513870524274,19.161792934049565
IDN-2000,Indonesia,IDN,2000,0,9.91945749843524,-1.7388170989750331,83.73,25.66491791105529,20.47783244288924,-1.0981563301894242,3.7780928159414,19.17682464362125
IDN-2001,Indonesia,IDN,2001,0,9.91945749843524,-1.3771688986088375,86.3,25.829338648671367,3.688620370566819,-1.7388170989750331,6.51396124227823,19.19114904433085
IDN-2002,Indonesia,IDN,2002,0,9.91945749843524,0.0740838525371228,86.3,25.801229181484995,11.50011605508873,-1.3771688986088375,4.50279039188872,19.205029233547734
IDN-2003,Indonesia,IDN,2003,0,9.91945749843524,-0.251593621514393,87.6,25.999647419584143,11.90012003384135,0.0740838525371228,3.50125448115221,19.218586491035104
IDN-2004,Indonesia,IDN,2004,0,9.91945749843524,0.6837158189189423,87.9,26.18188264300099,6.757312563335641,-0.251593621514393,3.06092866032223,19.23182431074117
IDN-2005,Indonesia,IDN,2005,0,9.91945749843524,1.791580481037781,89.0,26.271706993844557,6.064061891336475,0.6837158189189423,3.94237539539958,19.244534424632462
IDN-2006,Indonesia,IDN,2006,0,9.91945749843524,1.1073472420443908,84.8,26.378798168785195,10.45320018733474,1.791580481037781,5.20636964649797,19.257372490693577
IDN-2007,Indonesia,IDN,2007,0,9.91945749843524,1.2505778491214004,90.6,26.621985828173763,13.10867098534595,1.1073472420443908,4.55289184316296,19.270625040863848
IDN-2008,Indonesia,IDN,2008,0,9.91945749843524,1.3631562325710485,91.1,26.792193007191727,6.406560879660048,1.2505778491214004,3.6879578095142,19.283833694049065
IDN-2009,Indonesia,IDN,2009,0,9.91945749843524,0.8117773799323583,92.7,26.95812476611496,10.22666632724826,1.3631562325710485,4.60202331049434,19.29680719829635
IDN-2010,Indonesia,IDN,2010,0,9.91945749843524,1.454839557084813,93.6,27.014057054767623,4.386413117920736,0.8117773799323583,2.12191492904716,19.309477060750737
IDN-2011,Indonesia,IDN,2011,0,9.91945749843524,1.5714678105412725,94.2,27.350108290502888,5.134206390158854,1.454839557084813,2.31580791993823,19.32208247471269
IDN-2012,Indonesia,IDN,2012,0,9.91945749843524,1.5741712537513068,94.8,27.51781781987185,5.356048491125821,1.5714678105412725,2.96041980198707,19.334849357725844
IDN-2013,Indonesia,IDN,2013,0,9.91945749843524,1.6661373394389196,96.0,27.545321510917347,4.279514269194305,1.5741712537513068,2.51944833801451,19.34770773933785
IDN-2014,Indonesia,IDN,2014,0,9.91945749843524,1.7599252503264846,96.5,27.539480373252157,6.412494579003911,1.6661373394389196,2.24228816443479,19.360111539445967
IDN-2015,Indonesia,IDN,2015,0,9.91945749843524,1.5693277230557587,97.0,27.51540233655541,6.394928823965593,1.7599252503264846,1.97502549820142,19.37186514852068
IDN-2016,Indonesia,IDN,2016,0,9.91945749843524,0.4698889938893084,97.5,27.481191027026423,6.363120611966463,1.5693277230557587,0.796675128718901,19.38308854665369
IDN-2017,Indonesia,IDN,2017,0,9.91945749843524,1.452317490469256,97.6,27.560467059324647,3.525804528154512,0.4698889938893084,0.62227933803086,19.393833428615125
IDN-2018,Indonesia,IDN,2018,0,9.91945749843524,1.357359499572712,98.1,27.64651914284996,3.808798576919489,1.452317490469256,0.799367966127144,19.404056722553797
IDN-2019,Indonesia,IDN,2019,0,9.91945749843524,1.5433797018692434,98.5,27.67242361359429,3.198347559249961,1.357359499572712,1.13230201999671,19.413754156612946
IDN-2020,Indonesia,IDN,2020,0,9.91945749843524,1.3555692764051148,98.9,27.74354579181301,3.030584609416606,1.5433797018692434,0.740134609514678,19.4231102061708
IDN-2021,Indonesia,IDN,2021,0,9.91945749843524,1.3445276657366896,97.0,27.68839796845854,1.919835272707928,1.3555692764051148,0.287189045702826,19.431608218013537
IDN-2022,Indonesia,IDN,2022,0,9.91945749843524,1.3851837035371208,99.2,27.802037080583,1.560078829833344,1.3445276657366896,0.766028339629635,19.43865423120725
IRN-2001,"Iran, Islamic Rep.",IRN,2001,4,31.6076762648214,0.316357051731209,97.9,25.42002754986828,14.47675131885666,0.0355791271202073,30.6637746707723,18.011488599063174
IRN-2002,"Iran, Islamic Rep.",IRN,2002,4,31.6076762648214,1.7315218680117754,98.1,25.5664977452963,11.27424713321167,0.316357051731209,21.4882168458321,18.026926880724357
IRN-2003,"Iran, Islamic Rep.",IRN,2003,4,31.6076762648214,1.3952873889439046,98.1,25.580181938703557,14.33593373784039,1.7315218680117754,20.4437414632993,18.03518469046705
IRN-2004,"Iran, Islamic Rep.",IRN,2004,4,31.6076762648214,1.2583255139287342,98.2,25.746562122163496,16.46801162447918,1.3952873889439046,22.0449174416527,18.046268578583245
IRN-2005,"Iran, Islamic Rep.",IRN,2005,4,31.6076762648214,1.068814079760675,98.3,25.958401474823773,14.76150869706724,1.2583255139287342,25.1990020398231,18.0676607838436
IRN-2006,"Iran, Islamic Rep.",IRN,2006,4,31.6076762648214,0.7883313429483044,98.4,26.139234547482843,13.43311800850802,1.068814079760675,31.6076762648214,18.089791278622965
IRN-2007,"Iran, Islamic Rep.",IRN,2007,4,31.6076762648214,0.5489561234215583,98.4,26.30526549022503,10.01589825119239,0.7883313429483044,31.5582038058527,18.111335687613675
IRN-2008,"Iran, Islamic Rep.",IRN,2008,4,31.6076762648214,0.4700904294791623,98.7,26.5804461133266,17.34104046242766,0.5489561234215583,26.1252401169156,18.127686573926923
IRN-2009,"Iran, Islamic Rep.",IRN,2009,4,31.6076762648214,0.6694046607840025,98.8,26.729793733878903,25.41050903119872,0.4700904294791623,30.5659738980313,18.139831342217438
IRN-2010,"Iran, Islamic Rep.",IRN,2010,4,31.6076762648214,0.6924819488613287,99.7,26.749274542010408,13.55155482815062,0.6694046607840025,17.5512587993854,18.15224985266064
IRN-2011,"Iran, Islamic Rep.",IRN,2011,4,31.6076762648214,0.6360681700224209,99.4,26.91167280498997,10.08936292879791,0.6924819488613287,20.2248363529261,18.16476659171376
IRN-2012,"Iran, Islamic Rep.",IRN,2012,4,31.6076762648214,0.6720958561356832,99.5,27.16752786009395,26.2933856738608,0.6360681700224209,22.3514589221281,18.17712526700744
IRN-2013,"Iran, Islamic Rep.",IRN,2013,4,31.6076762648214,0.576955353476666,99.5,27.19099455484408,27.25681272429084,0.6720958561356832,18.4120723402826,18.189638341186416
IRN-2014,"Iran, Islamic Rep.",IRN,2014,4,31.6076762648214,0.4410180884393471,99.8,26.93867329547692,36.60303551910293,0.576955353476666,21.2565665523955,18.20270739159566
IRN-2015,"Iran, Islamic Rep.",IRN,2015,4,31.6076762648214,0.4820950721369403,100.0,26.85944697378467,16.60655323574489,0.4410180884393471,21.2353758265799,18.21613868219046
IRN-2016,"Iran, Islamic Rep.",IRN,2016,4,31.6076762648214,0.6563723963944844,100.0,26.73744955434066,12.48468156115333,0.4820950721369403,12.2663527393474,18.229754629905592
IRN-2017,"Iran, Islamic Rep.",IRN,2017,4,31.6076762648214,0.8697685401003211,100.0,26.894168756948638,7.245425489529789,0.6563723963944844,10.8895031509112,18.24408948559304
IRN-2018,"Iran, Islamic Rep.",IRN,2018,4,31.6076762648214,0.548228359781509,99.9,26.958146831323383,8.044924376602776,0.8697685401003211,14.6204399688795,18.258476529632457
IRN-2019,"Iran, Islamic Rep.",IRN,2019,4,31.6076762648214,0.4208171282862944,100.0,26.744054458766684,18.01411833718742,0.548228359781509,27.6646471563106,18.2712289951696
IRN-2020,"Iran, Islamic Rep.",IRN,2020,4,31.6076762648214,0.4611702067602031,100.0,26.575434985587822,39.90734556977835,0.4208171282862944,20.0780490508657,18.282012167135186
IRN-2021,"Iran, Islamic Rep.",IRN,2021,4,31.6076762648214,0.3430530071317468,100.0,26.361386775339888,30.59413903872951,0.4611702067602031,13.2733495355914,18.289699742029168
IRN-2022,"Iran, Islamic Rep.",IRN,2022,4,31.6076762648214,0.3478365921267372,100.0,26.732940286736717,43.38901626815144,0.3430530071317468,18.2658980929233,18.298010034304266
IRQ-2001,Iraq,IRQ,2001,3,65.1575951980304,-0.0183976818880789,96.8,24.60202676091638,4.978962131837313,-6.616457270012715e-05,48.5807178166885,17.01107914716419
IRQ-2002,Iraq,IRQ,2002,3,65.1575951980304,-0.0009900250406169,96.9,24.311673642332995,16.37408149632623,-0.0183976818880789,49.1960317224957,17.042268874208197
IRQ-2003,Iraq,IRQ,2003,3,65.1575951980304,2.2226492907678543,97.1,24.217603004612062,19.31669460197901,-0.0009900250406169,46.6719927539111,17.073859371853832
IRQ-2004,Iraq,IRQ,2004,3,65.1575951980304,0.7473732742430313,97.2,23.810736896819623,33.61621059923828,2.2226492907678543,53.0047978158982,17.104011694287102
IRQ-2005,Iraq,IRQ,2005,3,65.1575951980304,0.9019127963154308,97.3,24.324233579902376,26.96190681932714,0.7473732742430313,64.6550924823725,17.1325245238189
IRQ-2006,Iraq,IRQ,2006,3,65.1575951980304,0.5584222175559973,97.4,24.636590088762453,36.9594809201871,0.9019127963154308,65.1575951980304,17.162161957472154
IRQ-2007,Iraq,IRQ,2007,3,65.1575951980304,0.946246070222856,97.6,24.89991288882607,53.23096291142799,0.5584222175559973,63.5551402676835,17.169494591628702
IRQ-2008,Iraq,IRQ,2008,3,65.1575951980304,1.1437527943622745,98.1,25.210069712062023,-10.06749257689777,0.946246070222856,52.9273802567399,17.161604166507043
IRQ-2009,Iraq,IRQ,2009,3,65.1575951980304,1.1561155249644943,97.9,25.60314253184811,12.6628528269228,1.1437527943622745,55.3793146361864,17.181807164755558
IRQ-2010,Iraq,IRQ,2010,3,65.1575951980304,0.8869944501003594,98.1,25.438702706589485,6.873615472125553,1.1561155249644943,39.1145928006965,17.218646293138203
IRQ-2011,Iraq,IRQ,2011,3,65.1575951980304,0.964308597462328,98.4,25.654256896444547,2.429868268377534,0.8869944501003594,43.2562312170542,17.25096014426062
IRQ-2012,Iraq,IRQ,2012,3,65.1575951980304,1.2273833375915082,98.0,25.947665714057827,5.6040514426601,0.964308597462328,50.9263659501053,17.286278310994888
IRQ-2013,Iraq,IRQ,2013,3,65.1575951980304,-0.8780315418699077,99.3,26.10777225806765,6.0890964159516,1.2273833375915082,49.6110993818029,17.331667526433154
IRQ-2014,Iraq,IRQ,2014,3,65.1575951980304,-2.1995853006951718,99.0,26.181308353322592,1.879498007494163,-0.8780315418699077,45.3313602184612,17.378883193407802
IRQ-2015,Iraq,IRQ,2015,3,65.1575951980304,-2.2183308484344075,99.2,26.15443285955921,2.235974079047261,-2.1995853006951718,46.6038527995508,17.41419338574558
IRQ-2016,Iraq,IRQ,2016,3,65.1575951980304,-2.032690658224678,99.4,25.83990606877659,1.393330287802677,-2.2183308484344075,37.2575416723352,17.441464482703047
IRQ-2017,Iraq,IRQ,2017,3,65.1575951980304,-1.7148739214362334,99.7,25.83972288680495,0.5565213971555476,-2.032690658224678,32.9650560560142,17.465379604809097
IRQ-2018,Iraq,IRQ,2018,3,65.1575951980304,-1.5081608977008931,99.9,25.95553773442325,0.1840588988475531,-1.7148739214362334,38.9203120843433,17.48768510887667
IRQ-2019,Iraq,IRQ,2019,3,65.1575951980304,-1.0884145679105743,99.9,26.149833351894912,0.3674414889368281,-1.5081608977008931,45.7658631354446,17.511008685256968
IRQ-2020,Iraq,IRQ,2020,3,65.1575951980304,-1.2386012227523415,100.0,26.177030604221372,-0.1989653800238823,-1.0884145679105743,40.2312783051026,17.533758796267467
IRQ-2021,Iraq,IRQ,2021,3,65.1575951980304,-1.0523954517250935,100.0,25.921203582105417,0.5741626794258561,-1.2386012227523415,27.035001916172,17.555952662686117
IRQ-2022,Iraq,IRQ,2022,3,65.1575951980304,-0.6743651457100672,100.0,26.068905365504847,6.041864890580429,-1.0523954517250935,42.7870984915076,17.578365396871188
KAZ-1996,Kazakhstan,KAZ,1996,4,24.7022127271689,2.38895500683086,99.9,23.73754026988674,176.1552989423702,2.2585667425986844,5.82930724272583,16.63274617047537
KAZ-1997,Kazakhstan,KAZ,1997,4,24.7022127271689,2.485414203029944,99.1921157836914,23.769470570144552,39.18254236541106,2.38895500683086,8.61228017412449,16.6137687326042
KAZ-1998,Kazakhstan,KAZ,1998,4,24.7022127271689,2.3512389778305103,99.2694702148438,23.82182235541951,17.40804106073569,2.485414203029944,7.15860668434788,16.590798882995173
KAZ-1999,Kazakhstan,KAZ,1999,4,24.7022127271689,2.9373908340710337,99.3427505493164,23.82043699447924,7.146326654523337,2.3512389778305103,2.25218755062942,16.5658399952941
KAZ-2000,Kazakhstan,KAZ,2000,4,24.7022127271689,2.7114691050834985,97.0,23.54885117232992,8.296027653425645,2.9373908340710337,10.6811071898123,16.553499747927614
KAZ-2001,Kazakhstan,KAZ,2001,4,24.7022127271689,3.237510796558859,99.6,23.629729132302312,13.18089058657313,2.7114691050834985,24.7022127271689,16.556421805159488
KAZ-2002,Kazakhstan,KAZ,2002,4,24.7022127271689,3.047416419955358,99.7,23.821224733782977,8.354137771613443,3.237510796558859,16.8769158317887,16.561212999219094
KAZ-2003,Kazakhstan,KAZ,2003,4,24.7022127271689,2.783111072715757,99.8,23.927498919347165,5.836924521056426,3.047416419955358,18.663679662836,16.566408093201105
KAZ-2004,Kazakhstan,KAZ,2004,4,24.7022127271689,3.2605583059854,99.9,24.15187385438628,6.438218101189398,2.783111072715757,19.0561886830313,16.57218462369463
KAZ-2005,Kazakhstan,KAZ,2005,4,24.7022127271689,2.200001373344567,100.0,24.48798642300836,6.882054389818987,3.2605583059854,21.3287460118204,16.578690152873836
KAZ-2006,Kazakhstan,KAZ,2006,4,24.7022127271689,2.9362569605602062,100.0,24.76848443398489,7.579999291257655,2.200001373344567,24.6119449899113,16.586104667285635
KAZ-2007,Kazakhstan,KAZ,2007,4,24.7022127271689,3.130340192327428,99.8,25.117762701974744,8.721693860917256,2.9362569605602062,21.1400400879889,16.59456067287363
KAZ-2008,Kazakhstan,KAZ,2008,4,24.7022127271689,3.228725791825704,100.0,25.37579578417838,10.84683620755567,3.130340192327428,18.7183777371544,16.604047368201186
KAZ-2009,Kazakhstan,KAZ,2009,4,24.7022127271689,3.2109036132498585,100.0,25.616930131992667,17.13989977720698,3.228725791825704,22.9379468470309,16.614408025173073
KAZ-2010,Kazakhstan,KAZ,2010,4,24.7022127271689,2.3195338452661165,100.0,25.470878603468176,7.316078582885775,3.2109036132498585,15.4811753728879,16.62610814157303
KAZ-2011,Kazakhstan,KAZ,2011,4,24.7022127271689,2.664214977426106,100.0,25.720797980098503,7.400463563413957,2.3195338452661165,14.3876480168855,16.639078178299272
KAZ-2012,Kazakhstan,KAZ,2012,4,24.7022127271689,2.580145569278974,99.8,25.984018734026037,8.4529046617679,2.664214977426106,18.3529532976804,16.65259891386677
KAZ-2013,Kazakhstan,KAZ,2013,4,24.7022127271689,2.149197505300178,100.0,26.06079703617593,5.195683690350729,2.580145569278974,16.1210271615703,16.666570002956473
KAZ-2014,Kazakhstan,KAZ,2014,4,24.7022127271689,1.909457027112299,100.0,26.189783030586693,5.942838716484185,2.149197505300178,13.575329365067,16.680934980553214
KAZ-2015,Kazakhstan,KAZ,2015,4,24.7022127271689,1.9840666886929317,100.0,26.12330737685032,6.849449770033578,1.909457027112299,13.4439854013249,16.695623540776573
KAZ-2016,Kazakhstan,KAZ,2016,4,24.7022127271689,3.2241828711822844,100.0,25.940310264893544,6.678285856152362,1.9840666886929317,6.77396398337604,16.71054752792754
KAZ-2017,Kazakhstan,KAZ,2017,4,24.7022127271689,1.7705948134366298,100.0,25.64527623546937,14.36109423862478,3.2241828711822844,6.9499320090465,16.72588105682268
KAZ-2018,Kazakhstan,KAZ,2018,4,24.7022127271689,0.1957430365835573,100.0,25.840096031474083,7.442663213067925,1.7705948134366298,9.66346231175396,16.741460291182065
KAZ-2019,Kazakhstan,KAZ,2019,4,24.7022127271689,1.4673858239708129,100.0,25.912549158078004,6.163662475777625,0.1957430365835573,15.0881830400628,16.756402622681176
KAZ-2020,Kazakhstan,KAZ,2020,4,24.7022127271689,2.144887581127431,100.0,25.92544219535308,5.333560989166689,1.4673858239708129,13.3329218324239,16.77091842151563
KAZ-2021,Kazakhstan,KAZ,2021,4,24.7022127271689,1.5769402944656707,100.0,25.865410949192565,6.718154548614583,2.144887581127431,7.12577724575059,16.785007577167708
KAZ-2022,Kazakhstan,KAZ,2022,4,24.7022127271689,1.5516005636655774,100.0,26.007039227566874,8.04147134028401,1.5769402944656707,14.8448016221428,16.79834014876002
KWT-1991,Kuwait,KWT,1991,2,58.3689295808333,0.0072660619269371,100.0,23.63712502505752,9.83363531543402,0.030384230294235,38.8702984792295,14.337169291136597
KWT-1992,Kuwait,KWT,1992,2,58.3689295808333,0.1768340899719236,100.0,23.122069215850445,9.05818836232758,0.0072660619269371,13.2175755622103,14.116651650100213
KWT-1993,Kuwait,KWT,1993,2,58.3689295808333,0.0553240284729894,100.0,23.711900744464167,-0.54547121378821,0.1768340899719236,28.1344138531383,14.307130120453186
KWT-1994,Kuwait,KWT,1994,2,58.3689295808333,2.510314822571542,100.0,23.89887465534258,0.3825413651659155,0.0553240284729894,39.371407198475,14.329621977585711
KWT-1995,Kuwait,KWT,1995,2,58.3689295808333,0.0246465867240793,100.0,23.936062575128062,2.534435261707919,2.510314822571542,36.6059380592587,14.324952424780063
KWT-1996,Kuwait,KWT,1996,2,58.3689295808333,0.952343344953096,100.0,24.02600404299381,2.686727565824844,0.0246465867240793,36.227064016639,14.335205136027296
KWT-1997,Kuwait,KWT,1997,2,58.3689295808333,0.0651239231587681,100.0,24.173011236312167,3.553985696842866,0.952343344953096,40.1364091145126,14.363774730849116
KWT-1998,Kuwait,KWT,1998,2,58.3689295808333,0.2257389596616946,100.0,24.136068637972084,0.6821914347076039,0.0651239231587681,38.3929185854833,14.39643148531558
KWT-1999,Kuwait,KWT,1999,2,58.3689295808333,0.2376768042344548,100.0,23.979194865511683,0.1296582876740268,0.2257389596616946,27.927039066817,14.427611986302985
KWT-2000,Kuwait,KWT,2000,2,58.3689295808333,0.0432007111038773,100.0,24.12853378427853,2.990810359231657,0.2376768042344548,33.8805324667688,14.45738075979304
KWT-2001,Kuwait,KWT,2001,2,58.3689295808333,-0.3144202452066318,100.0,24.35342298241438,1.81294613887089,0.0432007111038773,50.2892381187247,14.485752402802586
KWT-2002,Kuwait,KWT,2002,2,58.3689295808333,0.0094907901253364,100.0,24.27545347730005,1.299999999999992,-0.3144202452066318,42.7980143074398,14.512710514920238
KWT-2003,Kuwait,KWT,2003,2,58.3689295808333,-0.1397267955409922,100.0,24.364419006659315,0.8884501480749066,0.0094907901253364,37.2003716194143,14.538204404769791
KWT-2004,Kuwait,KWT,2004,2,58.3689295808333,0.0399512364116382,100.0,24.591850558196885,0.9613502935421122,-0.1397267955409922,39.816851302288,14.562142579717818
KWT-2005,Kuwait,KWT,2005,2,58.3689295808333,0.2855920468298514,100.0,24.808217937804336,1.248564436798894,0.0399512364116382,46.1128336408051,14.584377732101526
KWT-2006,Kuwait,KWT,2006,2,58.3689295808333,0.1191632184254619,100.0,25.11522584859195,4.142975836310232,0.2855920468298514,53.3164834648164,14.620551913269908
KWT-2007,Kuwait,KWT,2007,2,58.3689295808333,0.097144314617725,100.0,25.343889310692543,3.057013391667222,0.1191632184254619,51.0394540758358,14.676176100009606
KWT-2008,Kuwait,KWT,2008,2,58.3689295808333,-0.0040383683632756,100.0,25.4650106596144,5.484949832775961,0.097144314617725,48.1550015709463,14.734951522640502
KWT-2009,Kuwait,KWT,2009,2,58.3689295808333,0.916887253945714,100.0,25.71627833934673,10.58270978651442,-0.0040383683632756,52.8912935555667,14.790606657815667
KWT-2010,Kuwait,KWT,2010,2,58.3689295808333,0.9706207275103188,100.0,25.386409528057868,4.609595484477873,0.916887253945714,38.854853146546,14.84351617366803
KWT-2011,Kuwait,KWT,2011,2,58.3689295808333,1.4942288159768848,100.0,25.471810954446763,4.496402877697866,0.9706207275103188,48.1906069290048,14.895066760604914
KWT-2012,Kuwait,KWT,2012,2,58.3689295808333,1.275428043680155,100.0,25.76047315527339,4.8394034987095,1.4942288159768848,58.3689295808333,14.957442519355896
KWT-2013,Kuwait,KWT,2013,2,58.3689295808333,0.7506282236150011,100.0,25.88259502210502,3.255146002872105,1.275428043680155,57.4129637304674,15.020615720930104
KWT-2014,Kuwait,KWT,2014,2,58.3689295808333,0.2944098374637227,100.0,25.883286856690336,2.682296840850394,0.7506282236150011,55.5579394462588,15.070512446777398
KWT-2015,Kuwait,KWT,2015,2,58.3689295808333,0.2459284280039238,100.0,25.8148692607548,2.908926728586248,0.2944098374637227,53.239569150436,15.114578155264091
KWT-2016,Kuwait,KWT,2016,2,58.3689295808333,0.2638464206648149,100.0,25.464587592179463,3.271701660921334,0.2459284280039238,36.4482994431389,15.159569165260343
KWT-2017,Kuwait,KWT,2017,2,58.3689295808333,0.0935038993959739,100.0,25.41833773170648,3.198397766583738,0.2638464206648149,31.6732106195044,15.202828644898034
KWT-2018,Kuwait,KWT,2018,2,58.3689295808333,-0.0154181679167125,100.0,25.516470726966308,2.171832985100056,0.0935038993959739,36.0090908245608,15.239777979242035
KWT-2019,Kuwait,KWT,2019,2,58.3689295808333,0.3583406821091427,100.0,25.6551920406908,0.5431331481995668,-0.0154181679167125,44.0490671354298,15.27957951808122
KWT-2020,Kuwait,KWT,2020,2,58.3689295808333,-0.4834886422489415,100.0,25.671006732165942,1.09184802655856,0.3583406821091427,38.6553473115018,15.30668664514054
KWT-2021,Kuwait,KWT,2021,2,58.3689295808333,-0.1825596291629133,100.0,25.43320559948264,2.101729548274,-0.4834886422489415,27.5816891390019,15.297176006124516
LBY-2001,Libya,LBY,2001,0,64.8164362995569,-0.3806331147564578,99.8,24.367957067850416,-2.900000000000242,0.3605621922263577,33.5852838997618,15.484164477052724
LBY-2002,Libya,LBY,2002,0,64.8164362995569,0.6591611658772694,96.9,24.25291781901127,-8.813937521455465,-0.3806331147564578,29.4914880458031,15.50258335852269
LBY-2003,Libya,LBY,2003,0,64.8164362995569,0.5206010727042618,95.2,23.74280690653164,-9.797647058823555,0.6591611658772694,48.3822928740602,15.521786754783228
LBY-2004,Libya,LBY,2004,0,64.8164362995569,0.9353466839958656,93.5,23.991526887033427,-2.191151919866467,0.5206010727042618,47.8421621561942,15.54173527664966
LBY-2005,Libya,LBY,2005,0,64.8164362995569,1.5267164163240594,91.8,24.223472840766465,-2.197567740558977,0.9353466839958656,54.7869519679771,15.562393644179965
LBY-2006,Libya,LBY,2006,0,64.8164362995569,1.9475984207952957,90.1,24.580509293689733,2.650205761316574,1.5267164163240594,61.0171738102836,15.58345519174286
LBY-2007,Libya,LBY,2007,0,64.8164362995569,2.628765896014041,88.4,24.819179693975084,1.459268762027218,1.9475984207952957,60.9295741290035,15.603966576803442
LBY-2008,Libya,LBY,2008,0,64.8164362995569,2.2604181198491595,86.8,24.94325840090657,6.25098782993553,2.628765896014041,59.9292830144719,15.624517268085002
LBY-2009,Libya,LBY,2009,0,64.8164362995569,1.5520313752115162,85.1,25.18584390467271,10.3607288954998,2.2604181198491595,64.8164362995569,15.645758260609352
LBY-2010,Libya,LBY,2010,0,64.8164362995569,1.5965343481064955,83.5,24.83099643893844,2.459900256099543,1.5520313752115162,49.9122829981053,15.666589798060926
LBY-2013,Libya,LBY,2013,0,64.8164362995569,0.8321995027001023,78.7,25.250916957937434,6.059803921568547,1.216671590664779,57.6300935046394,15.636720247487288
LBY-2022,Libya,LBY,2022,0,64.8164362995569,1.2612472013671916,70.2,24.284823028919945,2.868330277510149,1.30698602018334,56.3779371892049,15.780547475722692
MEX-1993,Mexico,MEX,1993,3,6.8456871360715,0.7542773571252557,93.145981,26.61810337815805,15.50789625335729,1.0221470347565416,3.04098381617295,18.27037876503181
MEX-1994,Mexico,MEX,1994,3,6.8456871360715,1.4355391430699715,95.4484634399414,26.996446125165104,9.751460453575524,0.7542773571252557,2.11322234509591,18.28890561390975
MEX-1995,Mexico,MEX,1995,3,6.8456871360715,1.649412711824365,95.238294,27.03974120295688,6.965812371911233,1.4355391430699715,1.94028537233214,18.30705512176397
MEX-1996,Mexico,MEX,1996,3,6.8456871360715,1.4984003636622336,95.8944625854492,26.66385139821828,34.99927128895922,1.649412711824365,3.18458587486466,18.32485744852673
MEX-1997,Mexico,MEX,1997,3,6.8456871360715,1.6288814035349235,96.093624,26.792056971854983,34.37838322351676,1.4984003636622336,3.72059342746973,18.34220775279564
MEX-1998,Mexico,MEX,1998,3,6.8456871360715,1.5656308932092593,96.3295822143555,26.9837064547112,20.62562872592471,1.6288814035349235,2.84312857753682,18.35903093180786
MEX-1999,Mexico,MEX,1999,3,6.8456871360715,1.5331657385323827,96.092755,27.04665856678228,15.92839501193533,1.5656308932092593,1.46767139990085,18.375424411438285
MEX-2000,Mexico,MEX,2000,3,6.8456871360715,1.63872704282459,96.7482986450195,27.1709668032042,16.58561697075381,1.5331657385323827,2.1311082380075,18.391413691547697
MEX-2001,Mexico,MEX,2001,3,6.8456871360715,2.0389222409237626,98.0,27.332697731347853,9.491561494354023,1.63872704282459,3.33837327328532,18.406840944212185
MEX-2002,Mexico,MEX,2002,3,6.8456871360715,1.642339053678253,97.1,27.40294616340601,6.36773806235037,2.0389222409237626,2.39265778309786,18.42167125323604
MEX-2003,Mexico,MEX,2003,3,6.8456871360715,1.598568334825099,97.9,27.42112211258483,5.030727331512953,1.642339053678253,2.56123107950286,18.436048305770985
MEX-2004,Mexico,MEX,2004,3,6.8456871360715,1.8397985771204637,97.4,27.363860324753357,4.546900121187184,1.598568334825099,3.17250156374492,18.45003094191328
MEX-2005,Mexico,MEX,2005,3,6.8456871360715,1.7336091064776469,98.6,27.43191048084318,4.688408848431427,1.8397985771204637,3.91311549345697,18.463684024936597
MEX-2006,Mexico,MEX,2006,3,6.8456871360715,1.5167280140451318,98.9,27.54499672818294,3.988057145974374,1.7336091064776469,5.19854636227176,18.477169814387544
MEX-2007,Mexico,MEX,2007,3,6.8456871360715,1.7579229066966846,99.1,27.651083570136407,3.629467624391321,1.5167280140451318,5.53800257872389,18.490707306330087
MEX-2008,Mexico,MEX,2008,3,6.8456871360715,1.670407016776052,97.9,27.72847041970352,3.966849054582353,1.7579229066966846,5.08084054962981,18.50478621204216
MEX-2009,Mexico,MEX,2009,3,6.8456871360715,1.4802001688533928,98.9,27.78077941477495,5.124982745758964,1.670407016776052,6.04436562265737,18.519387775191547
MEX-2010,Mexico,MEX,2010,3,6.8456871360715,1.740451367539948,98.3,27.57279586670024,5.297355842288558,1.4802001688533928,3.43604404491316,18.53400694711343
MEX-2011,Mexico,MEX,2011,3,6.8456871360715,1.4184107583643946,99.2,27.731250303600152,4.156727226801737,1.740451367539948,4.0853189393579,18.548404394243097
MEX-2012,Mexico,MEX,2012,3,6.8456871360715,1.168173388172434,99.0,27.837233096505415,3.407378246057421,1.4184107583643946,5.72990793071681,18.562557882504613
MEX-2013,Mexico,MEX,2013,3,6.8456871360715,2.054326848049963,99.1,27.858244672484503,4.111509810702894,1.168173388172434,5.40265415074589,18.57612951518002
MEX-2014,Mexico,MEX,2014,3,6.8456871360715,1.4806505880937917,99.1,27.91427059677545,3.806390697472044,2.054326848049963,4.59508453903103,18.58910259587221
MEX-2015,Mexico,MEX,2015,3,6.8456871360715,1.8145934223019025,99.2,27.94181483313624,4.018616080786787,1.4806505880937917,3.9014361869158,18.60120286606772
MEX-2016,Mexico,MEX,2016,3,6.8456871360715,1.965082997612117,99.0,27.824360476243395,2.720640649640229,1.8145934223019025,1.54607339138936,18.61189850359447
MEX-2017,Mexico,MEX,2017,3,6.8456871360715,1.7475210755917367,99.5,27.73739126943883,2.821707847476604,1.965082997612117,1.23719531597201,18.621589745562805
MEX-2018,Mexico,MEX,2018,3,6.8456871360715,1.822920585775022,100.0,27.80558052156756,6.041457240189856,1.7475210755917367,1.55624412694841,18.63094213945166
MEX-2019,Mexico,MEX,2019,3,6.8456871360715,1.568887895554977,99.5,27.8591921546104,4.899350153565507,1.822920585775022,2.20735150189898,18.640408162925173
MEX-2020,Mexico,MEX,2020,3,6.8456871360715,1.7579301300665318,99.6,27.89653902090742,3.635961421270462,1.568887895554977,1.58229584530394,18.649909606147578
MEX-2021,Mexico,MEX,2021,3,6.8456871360715,1.7208921171346467,99.4,27.74530003459383,3.396834155700065,1.7579301300665318,0.867384554620089,18.65811414725824
MEX-2022,Mexico,MEX,2022,3,6.8456871360715,1.709518272626387,100.0,27.90605058079143,5.689208476837533,1.7208921171346467,2.06594374719816,18.664788200959087
MRT-2001,Mauritania,MRT,2001,2,11.4339025984773,2.1858111171051515,19.1,21.29961000067657,3.254067458333583,1.5514530762451817,0.0,14.77617868442664
MRT-2002,Mauritania,MRT,2002,2,11.4339025984773,2.0423347157935123,22.2,21.28062969611453,4.714896346896095,2.1858111171051515,0.0,14.8008649321544
MRT-2003,Mauritania,MRT,2003,2,11.4339025984773,2.3066908505553654,21.7,21.29822473351945,3.895705257584902,2.0423347157935123,0.0,14.8229778470755
MRT-2004,Mauritania,MRT,2004,2,11.4339025984773,3.533362056617317,23.0,21.441665282114453,5.151901507695781,2.3066908505553654,0.0,14.84586077947146
MRT-2005,Mauritania,MRT,2005,2,11.4339025984773,4.01317333834214,24.3,21.582986650873877,10.36762334730735,3.533362056617317,0.0,14.869357322722395
MRT-2006,Mauritania,MRT,2006,2,11.4339025984773,2.0811250233193253,18.2,21.800320598426705,12.12564871855412,4.01317333834214,0.0,14.893600360299848
MRT-2007,Mauritania,MRT,2007,2,11.4339025984773,1.8818794970520325,27.0,22.08924964996658,6.241033281428202,2.0811250233193253,11.4339025984773,14.918666176726653
MRT-2008,Mauritania,MRT,2008,2,11.4339025984773,2.583446477920941,33.0,22.192570579995973,7.254108413048872,1.8818794970520325,5.94490221432553,14.94467145012115
MRT-2009,Mauritania,MRT,2009,2,11.4339025984773,-0.0651141801551984,30.0,22.37316161901774,7.346635412497862,2.583446477920941,5.46163646578312,14.973419528302932
MRT-2010,Mauritania,MRT,2010,2,11.4339025984773,1.577790782947406,31.1,22.27392896966029,2.220920323817791,-0.0651141801551984,2.65898185019521,15.004709463716566
MRT-2011,Mauritania,MRT,2011,2,11.4339025984773,2.860139932093388,34.2,22.451176111660267,6.283540874277036,1.577790782947406,2.43044511982911,15.036625394516664
MRT-2012,Mauritania,MRT,2012,2,11.4339025984773,3.7190901515027712,35.3,22.634973070728964,5.686319595759542,2.860139932093388,2.80489508955736,15.069076632455102
MRT-2013,Mauritania,MRT,2013,2,11.4339025984773,3.439694035323663,36.4,22.6295747991504,4.902427272179972,3.7190901515027712,2.34921054003086,15.101717973678998
MRT-2014,Mauritania,MRT,2014,2,11.4339025984773,2.725227191532034,37.6,22.70159422795744,4.129101737833927,3.439694035323663,1.92187619455113,15.133076030607777
MRT-2015,Mauritania,MRT,2015,2,11.4339025984773,2.7907011951877907,38.8,22.612678731037207,3.534368561473237,2.725227191532034,1.48326200444495,15.163197917571363
MRT-2016,Mauritania,MRT,2016,2,11.4339025984773,2.149326644213746,39.5,22.54495680231485,3.25472688117631,2.7907011951877907,0.513819837621705,15.193258502282324
MRT-2017,Mauritania,MRT,2017,2,11.4339025984773,2.8522397255665424,41.2,22.580797550690143,1.471710456500036,2.149326644213746,0.407544888538057,15.2232380790842
MRT-2018,Mauritania,MRT,2018,2,11.4339025984773,3.0314028497449,42.9,22.64202102868404,2.254276519348126,2.8522397255665424,0.541318938190263,15.253115950814408
MRT-2019,Mauritania,MRT,2019,2,11.4339025984773,-3.110312664850799,43.6,22.73489300581043,3.067359960583556,3.0314028497449,0.0,15.282851584162232
MRT-2020,Mauritania,MRT,2020,2,11.4339025984773,3.113985713941632,44.9,22.789465704200843,2.300092621179372,-3.110312664850799,0.0,15.312386307238194
MRT-2021,Mauritania,MRT,2021,2,11.4339025984773,3.146574315539787,45.4,22.834759109507395,2.385694884563199,3.113985713941632,0.0,15.341595556699785
MRT-2022,Mauritania,MRT,2022,2,11.4339025984773,3.3792590955807,47.7,22.944754172626247,3.565164846501848,3.146574315539787,0.0,15.370465885098625
MYS-2001,Malaysia,MYS,2001,2,10.2305989016965,0.5662758914561338,98.6,25.26432127165359,1.534740236976995,2.103990964843833,5.00305271845637,16.94960453314419
MYS-2002,Malaysia,MYS,2002,2,10.2305989016965,1.86971029259934,98.6,25.25353948084268,1.416784732060981,0.5662758914561338,3.80612191711308,16.973639661062144
MYS-2003,Malaysia,MYS,2003,2,10.2305989016965,1.7931451858419294,98.6,25.33685574058868,1.807872462815361,1.86971029259934,3.7943040184147,16.99782521475187
MYS-2004,Malaysia,MYS,2004,2,10.2305989016965,1.9678810010069625,98.7,25.42558422546742,1.089676325772861,1.7931451858419294,4.23640666645896,17.02148767097257
MYS-2005,Malaysia,MYS,2005,2,10.2305989016965,1.7309286526390375,98.7,25.54957335261291,1.421271159374023,1.9678810010069625,5.61137530219416,17.044604915340127
MYS-2006,Malaysia,MYS,2006,2,10.2305989016965,2.257477236169749,98.7,25.68984060521619,2.975070926844491,1.7309286526390375,7.08944062793991,17.06728221293972
MYS-2007,Malaysia,MYS,2007,2,10.2305989016965,2.24909843258592,98.8,25.81512626742134,3.60923564224389,2.257477236169749,7.01882709402704,17.08955274719203
MYS-2008,Malaysia,MYS,2008,2,10.2305989016965,1.9036966685360088,98.9,25.98879948962625,2.027353177795685,2.24909843258592,5.89566119166293,17.111287792561058
MYS-2009,Malaysia,MYS,2009,2,10.2305989016965,0.0566619915532264,99.0,26.164867692547265,5.44078221100769,1.9036966685360088,7.12611467503542,17.132240959276174
MYS-2010,Malaysia,MYS,2010,2,10.2305989016965,2.157890130491201,99.3,26.032807242824788,0.583308405623702,0.0566619915532264,3.92901312526175,17.15216156068021
MYS-2011,Malaysia,MYS,2011,2,10.2305989016965,2.3269376284840924,99.5,26.264598550130675,1.622852355770353,2.157890130491201,4.63501988366743,17.170865621286968
MYS-2012,Malaysia,MYS,2012,2,10.2305989016965,1.762957238902125,99.5,26.420197124646737,3.1744709215131,2.3269376284840924,5.48169161167852,17.188378421505462
MYS-2013,Malaysia,MYS,2013,2,10.2305989016965,1.9641566166965048,99.8,26.474068808113227,1.663571024792059,1.762957238902125,4.89957757600977,17.205405372246748
MYS-2014,Malaysia,MYS,2014,2,10.2305989016965,1.86218555856441,99.6,26.501773013023165,2.10501231233612,1.9641566166965048,4.34705959022544,17.222499999879854
MYS-2015,Malaysia,MYS,2015,2,10.2305989016965,1.900813415645888,99.7,26.54650726094045,3.142990508790954,1.86218555856441,3.85543153552736,17.239647406598586
MYS-2016,Malaysia,MYS,2016,2,10.2305989016965,2.203104902166745,99.9,26.431555694625324,2.104389802383585,1.900813415645888,1.86528956443024,17.25697935060338
MYS-2017,Malaysia,MYS,2017,2,10.2305989016965,1.7979532999749055,99.9,26.4312263509991,2.090566595257424,2.203104902166745,1.5297271888572,17.274652455518293
MYS-2018,Malaysia,MYS,2018,2,10.2305989016965,1.57607938371681,100.0,26.488798869233293,3.871201157742374,1.7979532999749055,2.07911297067253,17.292299061369842
MYS-2019,Malaysia,MYS,2019,2,10.2305989016965,1.6498192479829203,100.0,26.605999878892884,0.884709160571235,1.57607938371681,2.71329599019211,17.309316534039066
MYS-2020,Malaysia,MYS,2020,2,10.2305989016965,1.0177354195465285,100.0,26.6236499789392,0.6628918657643263,1.6498192479829203,1.83020222238435,17.325281198892228
MYS-2021,Malaysia,MYS,2021,2,10.2305989016965,2.39096847669008,100.0,26.544701454266853,-1.138702153930499,1.0177354195465285,0.685563649053848,17.33861753081046
MYS-2022,Malaysia,MYS,2022,2,10.2305989016965,2.015303507888184,100.0,26.64694540695932,2.477102414654468,2.39096847669008,1.84561185301968,17.35014266091176
NGA-1991,Nigeria,NGA,1991,0,28.7054393824039,1.0138757727437333,27.3,24.71291254147492,7.364400305576967,0.9422175274208888,21.9637183323591,18.391467419826384
NGA-1992,Nigeria,NGA,1992,0,28.7054393824039,1.3121138593439292,35.2346000671387,24.80969302957341,13.00697310374273,1.0138757727437333,14.3917349452664,18.41787845119511
NGA-1993,Nigeria,NGA,1993,0,28.7054393824039,1.598577328581428,36.0994606018066,24.67562781186927,44.58884271502302,1.3121138593439292,17.3838477866202,18.4441313270067
NGA-1994,Nigeria,NGA,1994,0,28.7054393824039,1.6235199010437866,36.9636459350586,24.761411255731083,57.16525283492166,1.598577328581428,28.7054393824039,18.470632804287515
NGA-1995,Nigeria,NGA,1995,0,28.7054393824039,0.2361213135114843,37.8264694213867,25.11027520049085,57.03170891196598,1.6235199010437866,18.6990486531124,18.497046376386425
NGA-1996,Nigeria,NGA,1996,0,28.7054393824039,0.2656816211158772,38.6872520446777,25.671456607870397,72.83550229726364,0.2361213135114843,16.2953221371822,18.523412668890654
NGA-1997,Nigeria,NGA,1997,0,28.7054393824039,0.2317153027745937,39.5453186035156,25.947561117580857,29.26829268292715,0.2656816211158772,16.7094356163404,18.549555636890457
NGA-1998,Nigeria,NGA,1998,0,28.7054393824039,0.1367276405471383,40.3999824523926,26.025826177432,8.529874213836331,0.2317153027745937,14.538489437452,18.5755865072038
NGA-1999,Nigeria,NGA,1999,0,28.7054393824039,1.3003482622177065,41.2505683898926,26.10966825697505,9.996378123868064,0.1367276405471383,7.09759652792726,18.601720270963884
NGA-2000,Nigeria,NGA,2000,0,28.7054393824039,1.274318522997109,44.9,24.803259195507195,6.618373394797556,1.3003482622177065,10.1094177919185,18.62807956292679
NGA-2001,Nigeria,NGA,2001,0,28.7054393824039,1.2588084655856246,43.2,24.95985406572364,6.933292155651596,1.274318522997109,22.0499275524037,18.654823541162504
NGA-2002,Nigeria,NGA,2002,0,28.7054393824039,1.4308548108195756,43.9,25.021337873357048,18.87364620938625,1.2588084655856246,15.2354705757222,18.68198749560408
NGA-2003,Nigeria,NGA,2003,0,28.7054393824039,1.404787397800575,44.6,25.27771161200417,12.87657920310986,1.4308548108195756,11.1446404443733,18.70940220105673
NGA-2004,Nigeria,NGA,2004,0,28.7054393824039,1.126521402636103,52.2,25.37473694164657,14.03178361314368,1.404787397800575,12.1202192108891,18.73696955149589
NGA-2005,Nigeria,NGA,2005,0,28.7054393824039,1.7653662470887563,46.1,25.634189310289567,14.99803381832511,1.126521402636103,14.4183481253408,18.764674948081677
NGA-2006,Nigeria,NGA,2006,0,28.7054393824039,1.4595111727351064,46.8,25.891876316517845,17.86349336616049,1.7653662470887563,17.695803965512,18.79236328640918
NGA-2007,Nigeria,NGA,2007,0,28.7054393824039,1.5168389704420224,47.6,26.197446438327752,8.227436781209072,1.4595111727351064,14.8803763188218,18.819975756107524
NGA-2008,Nigeria,NGA,2008,0,28.7054393824039,1.6147093636452168,50.1,26.351824808556486,5.38610421570143,1.5168389704420224,13.8343651228424,18.84769376591522
NGA-2009,Nigeria,NGA,2009,0,28.7054393824039,1.7864212809456492,50.3,26.550669903031658,11.58305479668096,1.6147093636452168,15.529944090028,18.875539104177133
NGA-2010,Nigeria,NGA,2010,0,28.7054393824039,1.2710736311867217,50.0,26.41027114328517,12.5379242951095,1.7864212809456492,8.67398818858118,18.90341218609621
NGA-2011,Nigeria,NGA,2011,0,28.7054393824039,1.501630419590057,48.0,26.628601573297782,13.74005213636941,1.2710736311867217,12.0986066267503,18.931363679538883
NGA-2012,Nigeria,NGA,2012,0,28.7054393824039,1.207883294155241,55.9,26.75025841464022,10.8261371880018,1.501630419590057,15.5113433318503,18.95939153137289
NGA-2013,Nigeria,NGA,2013,0,28.7054393824039,0.9297006437907708,53.0,26.863087926532867,12.2242413020582,1.207883294155241,13.0904727134596,18.98713382424097
NGA-2014,Nigeria,NGA,2014,0,28.7054393824039,0.7462585379418188,55.6,26.977319969894552,8.495518382656781,0.9297006437907708,9.88011499667836,19.01428072319634
NGA-2015,Nigeria,NGA,2015,0,28.7054393824039,0.5871747483897417,54.2,27.07621532734836,8.047410879679072,0.7462585379418188,7.0738580847829,19.040702862989782
NGA-2016,Nigeria,NGA,2016,0,28.7054393824039,0.7738226162223611,52.5,26.923829132854365,9.009434980077064,0.5871747483897417,2.78345150643408,19.066064597714888
NGA-2017,Nigeria,NGA,2017,0,28.7054393824039,0.6046584345985546,59.3,26.726286171148875,15.69681263879722,0.7738226162223611,2.68429043488445,19.090782921492547
NGA-2018,Nigeria,NGA,2018,0,28.7054393824039,0.1828016956771513,54.4,26.65217850438236,16.50226621396411,0.6046584345985546,5.47262882301734,19.11510001506193
NGA-2019,Nigeria,NGA,2019,0,28.7054393824039,0.3384619326971753,56.5,26.76765307259445,12.09510651734316,0.1828016956771513,7.69068153465603,19.13822174124813
NGA-2020,Nigeria,NGA,2020,0,28.7054393824039,0.3886281529015826,55.4,27.22788328663633,11.39642233781149,0.3384619326971753,6.51475056054778,19.160165760371655
NGA-2021,Nigeria,NGA,2021,0,28.7054393824039,0.5201366685023383,55.4,27.117837410435914,13.24602342765982,0.3886281529015826,3.31241719212516,19.18146873170548
NGA-2022,Nigeria,NGA,2022,0,28.7054393824039,-0.0288687551541535,59.5,27.1353266318392,16.95284572216079,0.5201366685023383,6.24674969005013,19.202430600131088
NOR-1991,Norway,NOR,1991,4,11.563574057982,-0.2879384298687832,100.0,25.5052790795062,4.1310334831135,0.7632747346597071,7.38778559694277,15.260421408304266
NOR-1992,Norway,NOR,1992,4,11.563574057982,-0.4936442886037896,100.0,25.520289764744884,3.438195991091338,-0.2879384298687832,4.08595620770174,15.26518644303355
NOR-1993,Norway,NOR,1993,4,11.563574057982,0.7538917152638339,100.0,25.59079162277261,2.328085049118482,-0.4936442886037896,4.72988779950069,15.270958244364383
NOR-1994,Norway,NOR,1994,4,11.563574057982,1.5155693073560783,100.0,25.509437537534165,2.288269331930614,0.7538917152638339,5.26252270326991,15.27691053628168
NOR-1995,Norway,NOR,1995,4,11.563574057982,1.2403322117459523,100.0,25.56211894263393,1.375674980714781,1.5155693073560783,5.00755972112755,15.282604417242606
NOR-1996,Norway,NOR,1996,4,11.563574057982,1.5925505208526622,100.0,25.741099348166173,2.460367786937291,1.2403322117459523,5.03140095731558,15.287795671246757
NOR-1997,Norway,NOR,1997,4,11.563574057982,1.760399382235505,100.0,25.813497690796645,1.262532491645015,1.5925505208526622,7.37375599562261,15.29286448691453
NOR-1998,Norway,NOR,1998,4,11.563574057982,2.016955269075442,100.0,25.798524473425772,2.566923359002516,1.760399382235505,5.89130932999415,15.298286685040605
NOR-1999,Norway,NOR,1999,4,11.563574057982,1.9953460162992165,100.0,25.753415861819107,2.252413299964293,2.016955269075442,1.83600242485291,15.304240787126467
NOR-2000,Norway,NOR,2000,4,11.563574057982,2.289309725607862,100.0,25.806560470072476,2.365967365967327,1.9953460162992165,5.22432027600053,15.311088379920651
NOR-2001,Norway,NOR,2001,4,11.563574057982,1.3686413550282677,100.0,25.86270661884037,3.085506091312787,2.289309725607862,11.563574057982,15.317578826682654
NOR-2002,Norway,NOR,2002,4,11.563574057982,1.2176426706381247,100.0,25.87996766977906,3.004197039982331,1.3686413550282677,8.3238485310557,15.322639294664263
NOR-2003,Norway,NOR,2003,4,11.563574057982,1.3618076354666264,100.0,25.998109739601944,1.286725284151835,1.2176426706381247,7.51237284652343,15.32803220152321
NOR-2004,Norway,NOR,2004,4,11.563574057982,1.3751356566797248,100.0,26.15782887613683,2.487825534617815,1.3618076354666264,7.33585281468421,15.333897527154416
NOR-2005,Norway,NOR,2005,4,11.563574057982,1.8887720048569836,100.0,26.30549434123475,0.4544985022208631,1.3751356566797248,8.3587259592575,15.339806835260614
NOR-2006,Norway,NOR,2006,4,11.563574057982,1.9367195606974208,100.0,26.4643996726666,1.532133676092485,1.8887720048569836,9.62679537974438,15.346617563424326
NOR-2007,Norway,NOR,2007,4,11.563574057982,2.5052853854223165,100.0,26.58055102053042,2.329349807575503,1.9367195606974208,9.19503274522247,15.354671489080898
NOR-2008,Norway,NOR,2008,4,11.563574057982,2.1783474741402107,100.0,26.734076471274754,0.7125890736342008,2.5052853854223165,7.98287863833131,15.36501883202499
NOR-2009,Norway,NOR,2009,4,11.563574057982,1.522435556966207,100.0,26.880372534056463,3.753930817610049,2.1783474741402107,9.87352536152341,15.377482159548316
NOR-2010,Norway,NOR,2010,4,11.563574057982,2.295710976785787,100.0,26.703832436600937,2.197385868535682,1.522435556966207,5.99263870550393,15.390093429813826
NOR-2011,Norway,NOR,2011,4,11.563574057982,1.44702683167989,100.0,26.810340833378948,2.418906394810032,2.295710976785787,5.61799364871918,15.402550089045748
NOR-2012,Norway,NOR,2012,4,11.563574057982,2.372055882123304,100.0,26.963285473136107,1.2849515880916,1.44702683167989,7.50443616793107,15.415521980316669
NOR-2013,Norway,NOR,2013,4,11.563574057982,-0.2507478350000234,100.0,26.986822066885225,0.6968641114982627,2.372055882123304,6.46713141316121,15.428656387569143
NOR-2014,Norway,NOR,2014,4,11.563574057982,0.5931505832073413,100.0,27.01507986377693,2.120486203531125,-0.2507478350000234,5.54926522150093,15.440747801067332
NOR-2015,Norway,NOR,2015,4,11.563574057982,1.3579360669888796,100.0,26.96904225503617,2.041702867072112,0.5931505832073413,5.54233636695862,15.45202516563318
NOR-2016,Norway,NOR,2016,4,11.563574057982,-2.286757772457867,100.0,26.7164019220857,2.171136653895269,1.3579360669888796,3.14606557734506,15.461976011075365
NOR-2017,Norway,NOR,2017,4,11.563574057982,1.14928133050291,100.0,26.67204218994362,3.550000000000069,-2.286757772457867,2.60460301891109,15.470785707538528
NOR-2018,Norway,NOR,2018,4,11.563574057982,-1.045111346678812,100.0,26.753165167158095,1.875100595525449,1.14928133050291,3.63541371456372,15.478862437820617
NOR-2019,Norway,NOR,2019,4,11.563574057982,2.057461615755125,100.0,26.842659268988324,2.764831345287971,-1.045111346678812,4.96722177394478,15.485463345016337
NOR-2020,Norway,NOR,2020,4,11.563574057982,-0.7776374407266003,100.0,26.77357668763427,2.167730033054107,2.057461615755125,4.53800306780214,15.492213957482228
NOR-2021,Norway,NOR,2021,4,11.563574057982,1.9709365060275463,100.0,26.669347268844263,1.286584907079962,-0.7776374407266003,3.22981815901586,15.49810152962498
NOR-2022,Norway,NOR,2022,4,11.563574057982,1.5754163135828294,100.0,26.98015189390761,3.483880552666694,1.9709365060275463,6.06347788332955,15.503449251452285
OMN-2002,Oman,OMN,2002,1,49.6173962343468,0.4574531397343157,100.0,23.82361582763988,-0.8166666666666562,0.0234222736214105,36.285347329679,14.652852450339564
OMN-2003,Oman,OMN,2003,1,49.6173962343468,0.1007746541232493,100.0,23.861605551163446,-0.2795788225713726,0.4574531397343157,33.51317909328,14.66443894546222
OMN-2004,Oman,OMN,2004,1,49.6173962343468,0.3819669964818633,100.0,23.9314317187724,0.2313286822671425,0.1007746541232493,33.3255110511249,14.675779782416566
OMN-2005,Oman,OMN,2005,1,49.6173962343468,2.1723682762581,100.0,24.068912935072643,0.6249690626313674,0.3819669964818633,36.7966643908859,14.692986446308929
OMN-2006,Oman,OMN,2006,1,49.6173962343468,2.0318842124463554,99.9,24.292992657362547,1.909835535318648,2.1723682762581,42.841561539357,14.715591823401054
OMN-2007,Oman,OMN,2007,1,49.6173962343468,2.629698356576819,99.9,24.474594912222237,3.544985916050331,2.0318842124463554,40.7520000982427,14.737702244906034
OMN-2008,Oman,OMN,2008,1,49.6173962343468,2.1487561464148297,100.0,24.60070547455027,5.830484180927101,2.629698356576819,37.7986997972135,14.759484547938367
OMN-2009,Oman,OMN,2009,1,49.6173962343468,1.726523890292739,100.0,24.968966913311306,12.37540915299119,2.1487561464148297,37.9131008037865,14.781174141355468
OMN-2010,Oman,OMN,2010,1,49.6173962343468,1.4035572204339104,100.0,24.738821420509726,3.468810237548931,1.726523890292739,30.5131215016084,14.8030646484842
OMN-2011,Oman,OMN,2011,1,49.6173962343468,1.488423455159187,100.0,24.897553071845092,3.256579590786242,1.4035572204339104,32.5688653439524,14.829815809616832
OMN-2012,Oman,OMN,2012,1,49.6173962343468,1.2282399469330862,100.0,25.07351189227852,4.0421886711639,1.488423455159187,40.4074409203453,14.939388953280185
OMN-2013,Oman,OMN,2013,1,49.6173962343468,1.346970162701581,100.0,25.19386228901866,2.947734952572092,1.2282399469330862,37.5396768679582,15.081642899638512
OMN-2014,Oman,OMN,2014,1,49.6173962343468,1.1307871342313232,100.0,25.2223643745622,1.053548202659318,1.346970162701581,35.9895065337986,15.159396771454563
OMN-2015,Oman,OMN,2015,1,49.6173962343468,-1.739695528264916,100.0,25.2526244899222,1.014014839241558,1.1307871342313232,31.6791185960483,15.20241473310979
OMN-2016,Oman,OMN,2016,1,49.6173962343468,1.8235725233769364,100.0,25.0890461270448,0.0652901330286599,-1.739695528264916,18.8680645519097,15.24699241093982
OMN-2017,Oman,OMN,2017,1,49.6173962343468,1.982089527337492,100.0,25.042468993922416,1.109208058070266,1.8235725233769364,16.2724873177614,15.29503976505402
OMN-2018,Oman,OMN,2018,1,49.6173962343468,2.511427832900666,100.0,25.11594425206975,1.589094135677986,1.982089527337492,19.3050063067708,15.327864057573082
OMN-2019,Oman,OMN,2019,1,49.6173962343468,1.5578834821379617,100.0,25.239668760806182,0.8893123709704039,2.511427832900666,23.7087990780384,15.341105450677912
OMN-2020,Oman,OMN,2020,1,49.6173962343468,1.6529672852540191,100.0,25.201293983518568,0.4908153628206712,1.5578834821379617,21.6117797561797,15.339661133669628
OMN-2021,Oman,OMN,2021,1,49.6173962343468,2.999733218808768,100.0,25.052807583999726,-0.4064029194658499,1.6529672852540191,14.994277961787,15.324575054018212
OMN-2022,Oman,OMN,2022,1,49.6173962343468,2.532928001333064,100.0,25.19288885302559,1.682211858760845,2.999733218808768,23.5387435070386,15.319682394725398
PNG-1997,Papua New Guinea,PNG,1997,1,15.1343158261002,0.5459918827403728,11.0,22.36329329757816,11.62417829084481,1.500507397030115,10.3285381227809,15.38690635842178
PNG-1998,Papua New Guinea,PNG,1998,1,15.1343158261002,1.7824157695566285,2.15848255157471,22.31994577133041,3.964378052284091,0.5459918827403728,6.63547270216546,15.42252232969769
PNG-1999,Papua New Guinea,PNG,1999,1,15.1343158261002,2.84494085209535,4.29508972167969,22.055484883662107,13.57419176568089,1.7824157695566285,4.33852138425411,15.457684936959236
PNG-2000,Papua New Guinea,PNG,2000,1,15.1343158261002,1.7329585813436057,6.42685508728027,21.96944667783737,14.9321817407701,2.84494085209535,9.35013445235168,15.492482625141855
PNG-2001,Papua New Guinea,PNG,2001,1,15.1343158261002,1.4660927257236025,12.4,21.98210735075985,15.59589331075352,1.7329585813436057,15.1343158261002,15.526975134945156
PNG-2002,Papua New Guinea,PNG,2002,1,15.1343158261002,0.6296799542981091,12.7,21.84852791548145,9.298173327839685,1.4660927257236025,10.0494445711599,15.560953102044278
PNG-2003,Papua New Guinea,PNG,2003,1,15.1343158261002,2.265825726433103,13.1,21.821715126063363,11.79944709726063,0.6296799542981091,8.30071007566483,15.594523129589044
PNG-2004,Papua New Guinea,PNG,2004,1,15.1343158261002,0.7548957548033526,13.4,21.98637844136993,14.70907796635569,2.265825726433103,8.5315713263891,15.627725709175726
PNG-2005,Papua New Guinea,PNG,2005,1,15.1343158261002,0.7494175342497021,13.8,22.09118181238734,2.158931312669455,0.7548957548033526,9.98265210787866,15.660501425575742
PNG-2006,Papua New Guinea,PNG,2006,1,15.1343158261002,1.2159828104104384,14.1,22.30551608626025,1.780804399258265,0.7494175342497021,13.5759956853375,15.69282153353361
PNG-2007,Papua New Guinea,PNG,2007,1,15.1343158261002,1.1196047178488495,12.4,22.84611535162433,2.368462384168295,1.2159828104104384,9.32165114223731,15.724715376209367
PNG-2008,Papua New Guinea,PNG,2008,1,15.1343158261002,0.3993692012849191,14.9,22.97928632663349,0.9113504556752402,1.1196047178488495,8.10660630103675,15.756170663915162
PNG-2009,Papua New Guinea,PNG,2009,1,15.1343158261002,1.996832149542716,15.3,23.180363784305825,10.76141823268266,0.3993692012849191,8.52783686957129,15.787228098709642
PNG-2010,Papua New Guinea,PNG,2010,1,15.1343158261002,0.2472237330266151,17.2,23.17594681019055,6.918325326012237,1.996832149542716,4.00467749044639,15.817860314961417
PNG-2011,Papua New Guinea,PNG,2011,1,15.1343158261002,0.2011376959533673,19.5,23.38007794745497,6.013608935678564,0.2472237330266151,4.61457234233034,15.848060157710348
PNG-2012,Papua New Guinea,PNG,2012,1,15.1343158261002,0.1348177075191644,17.3,23.612811590842675,4.44083401028971,0.2011376959533673,4.85140837264189,15.87721408207374
PNG-2013,Papua New Guinea,PNG,2013,1,15.1343158261002,0.1257377474884361,17.5,23.781746060775063,4.537205081669719,0.1348177075191644,3.56540758499502,15.905074569145915
PNG-2014,Papua New Guinea,PNG,2014,1,15.1343158261002,0.1264867504135935,17.8,23.78015614606776,4.960317460317502,0.1257377474884361,3.43617432270382,15.932091200629923
PNG-2015,Papua New Guinea,PNG,2015,1,15.1343158261002,0.1377915836019187,18.1,23.867884558037662,5.222117202268408,0.1264867504135935,4.5168090264406,15.958330807833592
PNG-2016,Papua New Guinea,PNG,2016,1,15.1343158261002,-0.1873196365411913,18.4,23.80165756125651,5.995957781271074,0.1377915836019187,2.27122940050953,15.983792188936338
PNG-2017,Papua New Guinea,PNG,2017,1,15.1343158261002,-0.7234559765184703,13.5,23.75623979713454,6.673728813559295,-0.1873196365411913,1.86576642511912,16.008472619228314
PNG-2018,Papua New Guinea,PNG,2018,1,15.1343158261002,1.0611734622938018,19.2,23.84751001388712,5.422045680238336,-0.7234559765184703,2.22581954930201,16.032397774585302
PNG-2019,Papua New Guinea,PNG,2019,1,15.1343158261002,1.1120275736110756,16.6,23.90588343366166,4.374489214531625,1.0611734622938018,2.22689061511957,16.05563645984825
PNG-2020,Papua New Guinea,PNG,2020,1,15.1343158261002,0.4576509574582938,23.6,23.932116619818096,3.928672909395973,1.1120275736110756,1.5719422304623,16.078211862018872
PNG-2021,Papua New Guinea,PNG,2021,1,15.1343158261002,-0.1314240899873189,20.5,23.89498497252392,4.871673985655547,0.4576509574582938,0.709889074758713,16.099498490794595
PNG-2022,Papua New Guinea,PNG,2022,1,15.1343158261002,2.0373159752141268,20.9,23.98571479247032,4.483590140423982,-0.1314240899873189,1.87502650776602,16.119384520009646
QAT-1991,Qatar,QAT,1991,1,48.6558768141096,0.5841967361351192,100.0,22.719385490925525,3.000968054211097,0.0662519107791782,48.6558768141096,12.994929925915772
QAT-1992,Qatar,QAT,1992,1,48.6558768141096,0.4969388196920442,100.0,22.652395475251428,4.417293233082545,0.5841967361351192,27.8476783265963,13.027731767319487
QAT-1993,Qatar,QAT,1993,1,48.6558768141096,0.8861483190788231,100.0,22.757468593278187,3.060306030603112,0.4969388196920442,28.2611526136542,13.059760049239046
QAT-1994,Qatar,QAT,1994,1,48.6558768141096,1.344563877994042,100.0,22.69129992363687,-0.8733624454148003,0.8861483190788231,27.8285185550461,13.090967649046588
QAT-1995,Qatar,QAT,1995,1,48.6558768141096,0.983356581819866,100.0,22.72128723476309,1.32158590308376,1.344563877994042,27.8536283294125,13.121282793784085
QAT-1996,Qatar,QAT,1996,1,48.6558768141096,2.0297892155207444,100.0,22.819799483925426,2.956521739130301,0.983356581819866,26.8649643256338,13.150612584636464
QAT-1997,Qatar,QAT,1997,1,48.6558768141096,2.019979359468783,100.0,22.92706217955625,4.904534606205324,2.0297892155207444,36.8699208406966,13.178781517309128
QAT-1998,Qatar,QAT,1998,1,48.6558768141096,1.934056645115502,100.0,23.147874048066747,4.83448981913322,2.019979359468783,33.9039217305219,13.218584051673648
QAT-1999,Qatar,QAT,1999,1,48.6558768141096,0.8190985625956906,100.0,23.05107944832176,2.951388888888905,1.934056645115502,26.4784043103748,13.271715706394293
QAT-2000,Qatar,QAT,2000,1,48.6558768141096,1.1476363717846796,100.0,23.240408274586745,2.181703204047225,0.8190985625956906,32.8896055971835,13.325305854052749
QAT-2001,Qatar,QAT,2001,1,48.6558768141096,1.293181153439788,100.0,23.600208387041413,1.650335224342319,1.1476363717846796,40.7661397416806,13.376990091781757
QAT-2002,Qatar,QAT,2002,1,48.6558768141096,1.8864364198656656,100.0,23.58766210849633,1.47133434804683,1.293181153439788,34.9268648116195,13.42679341642306
QAT-2003,Qatar,QAT,2003,1,48.6558768141096,1.7034536549313262,100.0,23.68666788905589,0.2399999999999517,1.8864364198656656,31.8348108510858,13.47471739959169
QAT-2004,Qatar,QAT,2004,1,48.6558768141096,2.039460092174924,100.0,23.88170314909493,2.264565043894687,1.7034536549313262,33.8929726986092,13.520713903453752
QAT-2005,Qatar,QAT,2005,1,48.6558768141096,2.42627299188373,100.0,24.180656575998192,6.799336650082785,2.039460092174924,34.825040164201,13.558465023939808
QAT-2006,Qatar,QAT,2006,1,48.6558768141096,2.449620566880894,100.0,24.51944006123733,8.81439532334683,2.42627299188373,38.1771562134119,13.623634300045389
QAT-2007,Qatar,QAT,2007,1,48.6558768141096,2.474576736805998,100.0,24.83220574794451,11.83580961974312,2.449620566880894,34.1520126219521,13.78796668438986
QAT-2008,Qatar,QAT,2008,1,48.6558768141096,1.9028953003509677,100.0,25.101683632434177,13.75816257599642,2.474576736805998,30.8003611618771,14.004969913289688
QAT-2009,Qatar,QAT,2009,1,48.6558768141096,2.813925687671732,100.0,25.47054113291034,15.05014515703332,1.9028953003509677,32.6040710093919,14.17104214852357
QAT-2010,Qatar,QAT,2010,1,48.6558768141096,2.0277349586481304,100.0,25.30617355954404,-4.863278016225647,2.813925687671732,23.0165618959946,14.291063759806711
QAT-2011,Qatar,QAT,2011,1,48.6558768141096,0.5336909303960994,100.0,25.55255711828284,-2.425256751617138,2.0277349586481304,26.6026039782648,14.295979855551032
QAT-2012,Qatar,QAT,2012,1,48.6558768141096,0.210334402698525,100.0,25.84589127045785,1.13836623529202,0.5336909303960994,29.9468705202351,14.300871901480974
QAT-2013,Qatar,QAT,2013,1,48.6558768141096,-0.4111965403826506,100.0,25.953483695501813,2.315348534316611,0.210334402698525,28.3389822463275,14.359251867599912
QAT-2014,Qatar,QAT,2014,1,48.6558768141096,0.4852251181465454,100.0,26.015201095942423,3.221977568292933,-0.4111965403826506,25.3595869913171,14.465973072808575
QAT-2015,Qatar,QAT,2015,1,48.6558768141096,0.6213408373763433,100.0,26.05223169613987,3.349720856595234,0.4852251181465454,21.5388184142326,14.581790163557978
QAT-2016,Qatar,QAT,2016,1,48.6558768141096,0.4901774806766021,100.0,25.8092556699629,1.814077239377604,0.6213408373763433,13.0300594635573,14.667607455956048
QAT-2017,Qatar,QAT,2017,1,48.6558768141096,0.5791205682191162,100.0,25.74538284232568,2.676591700981896,0.4901774806766021,11.1615579117458,14.722604730827872
QAT-2018,Qatar,QAT,2018,1,48.6558768141096,-1.0111609234719563,100.0,25.80528567848802,0.3948789140830052,0.5791205682191162,13.5394624768111,14.74996374926496
QAT-2019,Qatar,QAT,2019,1,48.6558768141096,-1.2461844652074712,100.0,25.9345806654822,0.2558153827244081,-1.0111609234719563,16.2911609453974,14.763584800047068
QAT-2020,Qatar,QAT,2020,1,48.6558768141096,-1.293449643109972,100.0,25.895857085695248,-0.6666411248611472,-1.2461844652074712,14.5084244384971,14.785781012543977
QAT-2021,Qatar,QAT,2021,1,48.6558768141096,-0.5759750502457484,100.0,25.695931753886857,-2.540315030047598,-1.293449643109972,10.5957303632833,14.84303814593833
QAT-2022,Qatar,QAT,2022,1,48.6558768141096,0.0322794556804868,100.0,25.91473274264957,2.304465657420031,-0.5759750502457484,15.2784667126988,14.733763762927818
RUS-1994,Russian Federation,RUS,1994,0,15.355993811466,0.1736662473671466,100.0,26.798804295156216,874.2457203801879,0.2748148973354634,4.30486115047474,18.815817888446414
RUS-1995,Russian Federation,RUS,1995,0,15.355993811466,0.501029823882153,100.0,26.70234728206664,307.7226355531932,0.1736662473671466,3.85813139293591,18.81547520937841
RUS-1996,Russian Federation,RUS,1996,0,15.355993811466,0.6182992002677421,100.0,26.703510641822447,197.414268084251,0.501029823882153,4.54593521684435,18.81525872174774
RUS-1997,Russian Federation,RUS,1997,0,15.355993811466,1.0168427854294912,100.0,26.69382562103072,47.75201220099391,0.6182992002677421,6.32131864255256,18.813804206291564
RUS-1998,Russian Federation,RUS,1998,0,15.355993811466,0.8948286483747412,100.0,26.72697746691877,14.761329268806,1.0168427854294912,4.82777869917989,18.8121507897652
RUS-1999,Russian Federation,RUS,1999,0,15.355993811466,1.281537867342263,100.0,26.325220389218316,27.68567980767421,0.8948286483747412,2.22399348794497,18.81049592834292
RUS-2000,Russian Federation,RUS,2000,0,15.355993811466,0.9032370719155548,100.0,26.000906548942567,85.74649409606356,1.281537867342263,8.76039094628312,18.80740314644885
RUS-2001,Russian Federation,RUS,2001,0,15.355993811466,0.8300207205777106,97.8,26.28283200836792,20.79876065587041,0.9032370719155548,15.355993811466,18.803196996574982
RUS-2002,Russian Federation,RUS,2002,0,15.355993811466,0.8852826785069585,97.9,26.4488165568561,21.47700721171585,0.8300207205777106,10.3003624423723,18.79895609135612
RUS-2003,Russian Federation,RUS,2003,0,15.355993811466,1.3708384710346533,97.9,26.56817307685141,15.78873079144626,0.8852826785069585,10.4623662427989,18.79435584880689
RUS-2004,Russian Federation,RUS,2004,0,15.355993811466,1.6859612325364897,97.9,26.787858673335617,13.66329302286657,1.3708384710346533,10.9344981048,18.78981804215799
RUS-2005,Russian Federation,RUS,2005,0,15.355993811466,1.4568866706822952,98.0,27.10511009546537,10.88861573262158,1.6859612325364897,11.6957615431619,18.7857912274726
RUS-2006,Russian Federation,RUS,2006,0,15.355993811466,2.044445784230886,98.0,27.361854533593466,12.68530395073494,1.4568866706822952,13.686863716874,18.78197669955171
RUS-2007,Russian Federation,RUS,2007,0,15.355993811466,2.1647802451317806,98.1,27.620902162926544,9.668654547892643,2.044445784230886,12.4450132664814,18.77870224687348
RUS-2008,Russian Federation,RUS,2008,0,15.355993811466,2.2099320065377053,98.2,27.893157260903884,9.00729868861079,2.1647802451317806,10.7326206704977,18.77699142655599
RUS-2009,Russian Federation,RUS,2009,0,15.355993811466,1.8159533844953195,98.3,28.138349466339463,14.11076778404423,2.2099320065377053,12.3954143055606,18.77655193396744
RUS-2010,Russian Federation,RUS,2010,0,15.355993811466,1.7635473966106443,98.4,27.83203839682396,11.64732957641177,1.8159533844953195,9.19214468199248,18.776853004567
RUS-2011,Russian Federation,RUS,2011,0,15.355993811466,1.7163954741969396,99.3,28.052960911529333,6.849392302550247,1.7635473966106443,8.57128659193273,18.77730196944829
RUS-2012,Russian Federation,RUS,2012,0,15.355993811466,1.5666035599935206,99.2,28.346870027808315,8.4404648593257,1.7163954741969396,10.6778918258558,18.778482424884498
RUS-2013,Russian Federation,RUS,2013,0,15.355993811466,1.8245641552589331,100.0,28.423241185632865,5.07474300799149,1.5666035599935206,9.61307623916807,18.780998181947652
RUS-2014,Russian Federation,RUS,2014,0,15.355993811466,0.9299308134003988,100.0,28.460650989016816,6.754668339034861,1.8245641552589331,8.68048261508321,18.78397321666873
RUS-2015,Russian Federation,RUS,2015,0,15.355993811466,0.4835432391236244,100.0,28.353358870697765,7.820169700138449,0.9299308134003988,9.08748946492807,18.786969890972525
RUS-2016,Russian Federation,RUS,2016,0,15.355993811466,1.6650944976225657,95.5,27.941062971452286,15.53439599357014,0.4835432391236244,5.93285842314704,18.78976341173081
RUS-2017,Russian Federation,RUS,2017,0,15.355993811466,1.3572644888773806,99.4,27.87536737348624,7.042437254137072,1.6650944976225657,5.00613659535062,18.792350922286737
RUS-2018,Russian Federation,RUS,2018,0,15.355993811466,0.5079361255912659,100.0,28.084767916156142,3.683330723344951,1.3572644888773806,6.22864519091822,18.79426474756128
RUS-2019,Russian Federation,RUS,2019,0,15.355993811466,1.3926376564457386,100.0,28.13622824957505,2.878313826149806,0.5079361255912659,9.65476095672088,18.79498610372172
RUS-2020,Russian Federation,RUS,2020,0,15.355993811466,0.598478965518853,99.8,28.15759114513006,4.472026318379035,1.3926376564457386,8.49370743083853,18.795365575856646
RUS-2021,Russian Federation,RUS,2021,0,15.355993811466,1.534353438822636,99.9,28.03185946665856,3.382197969480676,0.598478965518853,4.70777096931075,18.79393355554822
RUS-2022,Russian Federation,RUS,2022,0,15.355993811466,-1.3190011166743578,100.0,28.23489256846784,6.694458919576123,1.534353438822636,9.67159402978612,18.790496311473028
SAU-1991,Saudi Arabia,SAU,1991,1,54.085800995618,0.1207140943550083,100.0,25.49081141744053,2.077151335311565,1.2395971635943732,46.4263034955234,16.180196077356904
SAU-1992,Saudi Arabia,SAU,1992,1,54.085800995618,-0.0575468820752492,100.0,25.60775747491414,4.861111111111374,0.1207140943550083,29.9055063618569,16.22791326896174
SAU-1993,Saudi Arabia,SAU,1993,1,54.085800995618,0.9011863885585364,100.0,25.643887801559348,-0.077006006469092,-0.0575468820752492,30.7693919537356,16.27396003298738
SAU-1994,Saudi Arabia,SAU,1994,1,54.085800995618,0.2556371785326966,100.0,25.61337401341507,1.055795314426953,0.9011863885585364,29.6876073953684,16.318245911017456
SAU-1995,Saudi Arabia,SAU,1995,1,54.085800995618,-1.0832085714471615,100.0,25.629835331452146,0.5643254785331487,0.2556371785326966,26.5482079082086,16.361045045249814
SAU-1996,Saudi Arabia,SAU,1996,1,54.085800995618,-0.6613344836615572,100.0,25.68850706277177,4.868431030560333,-1.0832085714471615,28.1270341731817,16.402465694693216
SAU-1997,Saudi Arabia,SAU,1997,1,54.085800995618,1.365591285400154,100.0,25.79004503648198,1.222060548777561,-0.6613344836615572,33.4650950203584,16.442423730620103
SAU-1998,Saudi Arabia,SAU,1998,1,54.085800995618,1.7923151761549685,100.0,25.835034835793277,0.0571506050626489,1.365591285400154,29.2775398263987,16.480997248987926
SAU-1999,Saudi Arabia,SAU,1999,1,54.085800995618,-0.464752013295276,100.0,25.712169818368128,-0.37126675171199,1.7923151761549685,21.2667758956326,16.51835965675296
SAU-2000,Saudi Arabia,SAU,2000,1,54.085800995618,-0.876109373323521,100.0,25.80911414321455,-1.333754896538959,-0.464752013295276,27.124767270241,16.554547408762424
SAU-2001,Saudi Arabia,SAU,2001,1,54.085800995618,0.0106657345579809,100.0,25.96773366223914,-1.124998385176451,-0.876109373323521,41.6691708446825,16.599145730395897
SAU-2002,Saudi Arabia,SAU,2002,1,54.085800995618,-0.3184882910085801,100.0,25.938949141165185,-1.120948048967913,0.0106657345579809,33.3526627413963,16.651156118253684
SAU-2003,Saudi Arabia,SAU,2003,1,54.085800995618,-0.2685337735187285,100.0,25.968213368628643,0.2471864923396855,-0.3184882910085801,31.342447837027,16.700920638181593
SAU-2004,Saudi Arabia,SAU,2004,1,54.085800995618,-0.1288528705892093,100.0,26.09765372478329,0.6121953581729663,-0.2685337735187285,37.0345220176731,16.748663350208478
SAU-2005,Saudi Arabia,SAU,2005,1,54.085800995618,1.099706911173199,100.0,26.2790977784912,0.5155078977672995,-0.1288528705892093,42.6409301097693,16.794578804658727
SAU-2006,Saudi Arabia,SAU,2006,1,54.085800995618,1.2412924318109135,100.0,26.51767971073629,0.4792316716309551,1.099706911173199,48.8606315090549,16.838852696980766
SAU-2007,Saudi Arabia,SAU,2007,1,54.085800995618,1.1861785453702671,100.0,26.65524609145756,2.209023140696472,1.2412924318109135,49.6700972841917,16.88166145280743
SAU-2008,Saudi Arabia,SAU,2008,1,54.085800995618,0.9226601349939482,100.0,26.75386578028491,4.167823584315785,1.1861785453702671,47.4394429695294,16.923155961828446
SAU-2009,Saudi Arabia,SAU,2009,1,54.085800995618,0.1015159353906372,100.0,26.976703802922845,9.87024816760266,0.9226601349939482,54.085800995618,16.963443525644305
SAU-2010,Saudi Arabia,SAU,2010,1,54.085800995618,0.8263575568767955,100.0,26.784950857287782,5.057222761483297,0.1015159353906372,34.6315417084598,17.002592470592536
SAU-2011,Saudi Arabia,SAU,2011,1,54.085800995618,0.6429181639671849,100.0,26.992754972771,5.339417330209054,0.8263575568767955,37.9011314342465,16.992667653031962
SAU-2012,Saudi Arabia,SAU,2012,1,54.085800995618,0.6276057610887829,100.0,27.246329927966254,5.8262163739404,0.6429181639671849,49.1612188808623,17.038054367544092
SAU-2013,Saudi Arabia,SAU,2013,1,54.085800995618,0.4250676730340706,100.0,27.345897545496506,2.866270299050528,0.6276057610887829,47.4093852263553,17.080080788654453
SAU-2014,Saudi Arabia,SAU,2014,1,54.085800995618,0.1905561864116932,100.0,27.369339072030307,3.51104209799866,0.4250676730340706,44.4564985480281,17.134195699053976
SAU-2015,Saudi Arabia,SAU,2015,1,54.085800995618,0.54520723912464,100.0,27.39168856031214,2.241853487790632,0.1905561864116932,40.3219689900701,17.158700012110717
SAU-2016,Saudi Arabia,SAU,2016,1,54.085800995618,1.8754356313153688,100.0,27.26489363721706,1.22269318552328,0.54520723912464,23.9567993223384,17.210568565510837
SAU-2017,Saudi Arabia,SAU,2017,1,54.085800995618,0.1363782632562587,99.9,27.25891263772128,2.05347076823965,1.8754356313153688,20.0051771356735,17.248019218328665
SAU-2018,Saudi Arabia,SAU,2018,1,54.085800995618,1.1201000384240138,100.0,27.33162555205938,-0.8348457350271624,0.1363782632562587,23.6170719123709,17.248767043926755
SAU-2019,Saudi Arabia,SAU,2019,1,54.085800995618,0.3398325870843516,99.9,27.510620056237087,2.465943089948431,1.1201000384240138,28.0842811588989,17.22322936218334
SAU-2020,Saudi Arabia,SAU,2020,1,54.085800995618,0.2095779383023107,100.0,27.51323948027231,-1.192986445333281,0.3398325870843516,24.3295780055005,17.218832348138534
SAU-2021,Saudi Arabia,SAU,2021,1,54.085800995618,1.7814590532086887,100.0,27.36699202640986,3.372349610123027,0.2095779383023107,15.9789107766923,17.26716373174017
SAU-2022,Saudi Arabia,SAU,2022,1,54.085800995618,1.5111513621610984,100.0,27.61353010279348,3.063289889415482,1.7814590532086887,23.6862940574499,17.242518106382246
SDN-1991,Sudan,SDN,1991,3,17.885274592108,-0.0014036292323797,32.8,24.239018003829383,65.15809799662031,-0.0924037288678363,0.0,16.907528989446416
SDN-1992,Sudan,SDN,1992,3,17.885274592108,0.0012798752367768,26.9192943572998,24.51133870242481,123.5781269029357,-0.0014036292323797,0.0,16.92772177276861
SDN-1993,Sudan,SDN,1993,3,17.885274592108,-0.0018015968417448,27.4086132049561,22.673727539498586,117.624468896394,0.0012798752367768,0.0174385079751148,16.947841340728193
SDN-1994,Sudan,SDN,1994,3,17.885274592108,0.713200840194728,27.897253036499,22.90718061240658,101.3804237638124,-0.0018015968417448,0.0133327100348666,16.97019310342545
SDN-1995,Sudan,SDN,1995,3,17.885274592108,0.0866571141840975,28.3845348358154,23.272226104234747,115.3981442927379,0.713200840194728,0.0025569300590992,16.995393922027645
SDN-1996,Sudan,SDN,1996,3,17.885274592108,0.0044354108461317,28.8697834014893,23.3501322947076,68.37519294854224,0.0866571141840975,0.0053287606501896,17.021185391904037
SDN-1997,Sudan,SDN,1997,3,17.885274592108,0.7621441286848392,29.35231590271,22.92252176365708,132.8237773741385,0.0044354108461317,0.0956575689513029,17.043604921238376
SDN-1998,Sudan,SDN,1998,3,17.885274592108,1.907836394030257,29.8314571380615,23.181244482681517,47.16853696471969,0.7621441286848392,0.170635538350137,17.06587815064324
SDN-1999,Sudan,SDN,1999,3,17.885274592108,1.9577923383813391,30.3065280914307,23.143653657647253,24.62187854615864,1.907836394030257,0.170280620046711,17.091106923041977
SDN-2000,Sudan,SDN,2000,3,17.885274592108,1.8797818837613016,30.7767562866211,23.091828571986277,17.1664454201761,1.9577923383813391,2.04975331963217,17.116173316151965
SDN-2001,Sudan,SDN,2001,3,17.885274592108,2.0067253648282146,23.0,23.229387445330005,7.121258971722906,1.8797818837613016,10.6869859368028,17.14114877140713
SDN-2002,Sudan,SDN,2002,3,17.885274592108,2.0781250087306504,29.4,23.477968159069476,1.935295720953327,2.0067253648282146,6.84045041990384,17.16600292830681
SDN-2003,Sudan,SDN,2003,3,17.885274592108,2.5427271873296733,29.7,23.62122696642088,22.22472414959051,2.0781250087306504,7.14772574801421,17.190662619205884
SDN-2004,Sudan,SDN,2004,3,17.885274592108,2.436180775623153,29.9,23.784565717288068,6.489432086733376,2.5427271873296733,6.97515874031986,17.213236454321205
SDN-2005,Sudan,SDN,2005,3,17.885274592108,2.195984664293112,30.2,24.00590515463525,9.657546286059446,2.436180775623153,10.1194980180566,17.235092503121706
SDN-2006,Sudan,SDN,2006,3,17.885274592108,2.1113386397467155,30.5,24.283820662226464,8.50585075933117,2.195984664293112,12.4599426156015,17.25792809487018
SDN-2007,Sudan,SDN,2007,3,17.885274592108,1.6586521506602816,30.8,24.535774131879357,7.19912990114709,2.1113386397467155,12.500471606345,17.28101005782303
SDN-2008,Sudan,SDN,2008,3,17.885274592108,1.665572833804131,31.1,24.80823558889778,14.75427707800844,1.6586521506602816,13.6134936785449,17.30484506050634
SDN-2009,Sudan,SDN,2009,3,17.885274592108,1.9220073583807715,20.0,24.895081854128485,14.29712244814345,1.665572833804131,17.885274592108,17.330750090594364
SDN-2010,Sudan,SDN,2010,3,17.885274592108,1.965732942638956,29.0,24.667195257260985,11.25675870630097,1.9220073583807715,9.59675943554232,17.358471182411144
SDN-2011,Sudan,SDN,2011,3,17.885274592108,1.865553095150955,36.0,24.80017559297328,12.97766638980141,1.965732942638956,11.493125709502,17.382629075052602
SDN-2012,Sudan,SDN,2012,3,17.885274592108,2.514879713582017,38.3,24.73093655087378,18.0966171221351,1.865553095150955,15.1004983871528,17.402933172707495
SDN-2013,Sudan,SDN,2013,3,17.885274592108,2.0758959480125405,40.7,24.35114503534348,35.55905741470241,2.514879713582017,3.69537931902747,17.424350068984186
SDN-2014,Sudan,SDN,2014,3,17.885274592108,1.6572068191860578,43.1,24.485024356777583,36.52234491391544,2.0758959480125405,4.59958496637169,17.447445251883284
SDN-2015,Sudan,SDN,2015,3,17.885274592108,1.9211982561630636,44.9,24.625576805230533,36.90664278635953,1.6572068191860578,2.65704566740931,17.474531629216873
SDN-2016,Sudan,SDN,2016,3,17.885274592108,1.6454944586730529,48.0,24.669241060536844,16.90957060509773,1.9211982561630636,0.798069583603201,17.505000625615814
SDN-2017,Sudan,SDN,2017,3,17.885274592108,1.6766979645794526,50.5,24.475832887787845,17.75025383119596,1.6454944586730529,0.586718855776161,17.535401472293305
SDN-2018,Sudan,SDN,2018,3,17.885274592108,1.9692022866374976,53.0,24.44373159907542,32.35162609684366,1.6766979645794526,0.823819483095822,17.57004448062728
SDN-2019,Sudan,SDN,2019,3,17.885274592108,1.66647058833367,55.3,24.199378353004423,63.29250734558878,1.9692022866374976,3.36467879804277,17.604927347379462
SDN-2020,Sudan,SDN,2020,3,17.885274592108,1.702226051696932,57.6,24.19951129434964,50.99405150029646,1.66647058833367,2.99936703162155,17.63428113696067
SDN-2021,Sudan,SDN,2021,3,17.885274592108,1.2099433736996568,59.7,24.02038313288737,163.2577823554576,1.702226051696932,1.87511902407651,17.66116364894407
SDN-2022,Sudan,SDN,2022,3,17.885274592108,0.9570597715519789,61.8,24.2563540847716,359.0930407789987,1.2099433736996568,3.30226845710475,17.68810486861246
SSD-2013,South Sudan,SSD,2013,2,58.2776601424041,-2.1658300212736514,3.3,23.20244546615477,45.52589783717057,1.1081988589908007,3.55150590979899,16.1909967022188
SSD-2014,South Sudan,SSD,2014,2,58.2776601424041,0.0074187110587242,3.8,23.63705400144733,-0.0580909784225664,-2.1658300212736514,13.3083956321822,16.228408722440566
SSD-2015,South Sudan,SSD,2015,2,58.2776601424041,0.0012502288037695,4.3,23.35962043521853,1.674299062955201,0.0074187110587242,26.3604396814303,16.234551050139732
SUR-2000,Suriname,SUR,2000,3,10.4429452069185,-3.023447654470099,99.62406,20.60255555709688,98.77309141121636,-2.635461656330469,5.54774661240561,13.053906790662433
SUR-2001,Suriname,SUR,2001,3,10.4429452069185,-1.8835417827076189,95.4,20.669518977868155,59.40168654507903,-3.023447654470099,9.6570386910926,13.074525159989774
SUR-2002,Suriname,SUR,2002,3,10.4429452069185,-2.605229576041816,95.3,20.542078866823307,38.58628788726108,-1.8835417827076189,8.57701308174341,13.095117558154064
SUR-2003,Suriname,SUR,2003,3,10.4429452069185,-2.4872355983005745,95.2,20.812717497349038,15.5273989185702,-2.605229576041816,6.6713651664465,13.115443490115156
SUR-2004,Suriname,SUR,2004,3,10.4429452069185,-1.652166876085861,95.1,20.965576764744338,23.00223217782186,-2.4872355983005745,5.97914212009237,13.135111770226496
SUR-2005,Suriname,SUR,2005,3,10.4429452069185,1.2282767829321184,95.0,21.118069337837216,9.986325119748775,-1.652166876085861,6.45522246853907,13.149830673582768
SUR-2006,Suriname,SUR,2006,3,10.4429452069185,-2.5275537314537857,94.9,21.307384894607143,9.898004895614646,1.2282767829321184,8.63608457094893,13.160263988837391
SUR-2007,Suriname,SUR,2007,3,10.4429452069185,-2.825002269521504,91.0,21.68887247521239,11.28130432739748,-2.5275537314537857,7.84880116051496,13.171149732042696
SUR-2008,Suriname,SUR,2008,3,10.4429452069185,-2.57834864955456,94.7,21.80052238062691,6.426279344705242,-2.825002269521504,8.36431435476551,13.182549314777518
SUR-2009,Suriname,SUR,2009,3,10.4429452069185,-1.61330319258008,94.7,21.985404440951125,14.66714274379119,-2.57834864955456,10.4429452069185,13.194211369153637
SUR-2010,Suriname,SUR,2010,3,10.4429452069185,-2.467394761065812,94.6,22.07791725856308,-0.1336366467148769,-1.61330319258008,4.70070969381809,13.20591193240711
SUR-2011,Suriname,SUR,2011,3,10.4429452069185,1.9050265977459848,91.2,22.19765600743266,6.94108221639996,-2.467394761065812,5.82683537587144,13.217535365842483
SUR-2012,Suriname,SUR,2012,3,10.4429452069185,1.9385713473147488,94.6,22.209920473460176,17.71177964145582,1.9050265977459848,9.41801678852129,13.2290090668724
SUR-2013,Suriname,SUR,2013,3,10.4429452069185,2.000700130118059,94.6,22.32869572818377,5.00686319367273,1.9385713473147488,7.99471670842876,13.240384606912526
SUR-2014,Suriname,SUR,2014,3,10.4429452069185,-0.9761098529596832,94.6,22.36143844063248,1.923436041083054,2.000700130118059,7.07724159024642,13.251672619281557
SUR-2015,Suriname,SUR,2015,3,10.4429452069185,1.988237838833754,94.6,22.379702989203032,3.383412727494775,-0.9761098529596832,6.48885277692169,13.262775543121071
SUR-2016,Suriname,SUR,2016,3,10.4429452069185,2.6417619837766075,95.0,22.357637824956974,6.893903591682384,1.988237838833754,2.53674856688081,13.273586347096252
SUR-2017,Suriname,SUR,2017,3,10.4429452069185,1.7103152315281558,95.8,21.922453706438592,55.41238797631955,2.6417619837766075,2.93811167650529,13.284070577538948
SUR-2018,Suriname,SUR,2018,3,10.4429452069185,1.9026213916068608,96.6,22.00188573841489,21.99694301733036,1.7103152315281558,4.01262933516518,13.294153000913871
SUR-2021,Suriname,SUR,2021,3,10.4429452069185,2.8047763117863607,98.4,21.792039858365712,34.88978430907801,0.0357056151523722,2.99417364471055,13.32500703438819
SUR-2022,Suriname,SUR,2022,3,10.4429452069185,2.601874527487833,98.8,21.857220558390235,59.11966262519767,2.8047763117863607,7.93252614181898,13.334077055882728
SYR-2001,Syrian Arab Republic,SYR,2001,3,18.8708007318397,0.523593073061373,93.4,23.66438518648686,-3.846153846153788,1.152874323680773,6.13966972588644,16.62719312232878
SYR-2002,Syrian Arab Republic,SYR,2002,3,18.8708007318397,0.5283093430260171,93.1,23.72292038964742,2.999999999999953,0.523593073061373,4.92261404061527,16.65173929233453
SYR-2003,Syrian Arab Republic,SYR,2003,3,18.8708007318397,0.6794905516329587,86.6,23.757592982707557,-0.1305052824174015,0.5283093430260171,5.18459530453076,16.675900256836155
SYR-2004,Syrian Arab Republic,SYR,2004,3,18.8708007318397,0.9477810675032756,92.6,23.806466014754907,5.796829449058412,0.6794905516329587,5.5304418274807,16.699713159016888
SYR-2005,Syrian Arab Republic,SYR,2005,3,18.8708007318397,1.3172152235133194,92.3,23.945612051001884,4.433141367198388,0.9477810675032756,4.57641557385435,16.72442467222453
SYR-2006,Syrian Arab Republic,SYR,2006,3,18.8708007318397,1.422183162318498,92.0,24.08568557395885,7.240349393485349,1.3172152235133194,5.29082341663287,16.750116721477628
SYR-2007,Syrian Arab Republic,SYR,2007,3,18.8708007318397,1.840103041893992,99.5,24.242299970144867,10.02411053775713,1.422183162318498,5.16369608370094,16.79292727099002
SYR-2008,Syrian Arab Republic,SYR,2008,3,18.8708007318397,1.7493834977493743,91.5,24.42371142029576,3.907709504436073,1.840103041893992,4.59093161345655,16.854499906821328
SYR-2009,Syrian Arab Republic,SYR,2009,3,18.8708007318397,2.261903573692852,91.3,24.68518151091432,15.74532522197086,1.7493834977493743,5.19652182902386,16.88989526551676
SYR-2010,Syrian Arab Republic,SYR,2010,3,18.8708007318397,1.606813991290058,91.1,24.71431665450457,2.920897118053667,2.261903573692852,2.96166778457661,16.90550564484394
SYR-2011,Syrian Arab Republic,SYR,2011,3,18.8708007318397,1.0099777858186765,92.7,24.840526365736743,4.397413831500702,1.606813991290058,3.83125650391356,16.928244317399727
TCD-1998,Chad,TCD,1998,3,32.6666259924004,1.0435317950632732,2.3,21.158088806673387,5.572257111253298,1.7756913926049305,0.0,15.852875020960132
TCD-1999,Chad,TCD,1999,3,32.6666259924004,1.24795348332235,2.42038726806641,21.2799026390859,4.258851102251403,1.0435317950632732,0.0,15.887277852795394
TCD-2000,Chad,TCD,2000,3,32.6666259924004,2.812377462432813,2.80621337890625,21.151583546674715,-8.025059627274542,1.24795348332235,0.0,15.922409909939184
TCD-2001,Chad,TCD,2001,3,32.6666259924004,3.984857463820287,3.1,21.05149474232801,3.822600880863059,2.812377462432813,0.0,15.95699853373567
TCD-2002,Chad,TCD,2002,3,32.6666259924004,4.527870978638126,3.4,21.260252289385573,12.43128652799407,3.984857463820287,0.0,15.990730919619471
TCD-2003,Chad,TCD,2003,3,32.6666259924004,3.95095668886226,3.8,21.414914750572677,5.191818951954464,4.527870978638126,0.0,16.025562840690075
TCD-2004,Chad,TCD,2004,3,32.6666259924004,3.0519003366803386,4.1,21.732250628683285,-1.752569412486548,3.95095668886226,4.74383447804891,16.065520904282444
TCD-2005,Chad,TCD,2005,3,32.6666259924004,-0.9820473021035976,3.5,22.21005140175409,-5.355400288848158,3.0519003366803386,29.8599644670772,16.110067209092808
TCD-2006,Chad,TCD,2006,3,32.6666259924004,-1.775659746379043,4.8,22.881506127588008,7.890365674629931,-0.9820473021035976,32.6666259924004,16.150378216115634
TCD-2007,Chad,TCD,2007,3,32.6666259924004,-1.805837521075154,5.1,22.996383663013848,8.03628897951331,-1.775659746379043,30.8512410137952,16.186354586513506
TCD-2008,Chad,TCD,2008,3,32.6666259924004,1.9608557036721987,5.5,23.108847897105928,-8.974739620092704,-1.805837521075154,28.9574096374403,16.22080213779536
TCD-2009,Chad,TCD,2009,3,32.6666259924004,1.8321473397379435,5.9,23.317444890322037,10.29697582212537,1.9608557036721987,29.6642941556194,16.255794335846105
TCD-2010,Chad,TCD,2010,3,32.6666259924004,1.5405349936878736,6.3,23.23429611190389,9.952422907488645,1.8321473397379435,14.6756159361222,16.291524030415367
TCD-2011,Chad,TCD,2011,3,32.6666259924004,1.29548757551161,6.4,23.36649350607536,-2.077865746418658,1.5405349936878736,20.0317465897842,16.326131737032263
TCD-2012,Chad,TCD,2012,3,32.6666259924004,1.891866958156157,9.0,23.53779690637669,2.0292405367826,1.29548757551161,24.3983730486377,16.36143375275678
TCD-2013,Chad,TCD,2013,3,32.6666259924004,1.790177098658754,7.8,23.607632297468168,7.516623646638329,1.891866958156157,20.5311950776099,16.39656029816599
TCD-2014,Chad,TCD,2014,3,32.6666259924004,-2.025290362621074,8.1,23.606127066150368,0.2226715646245507,1.790177098658754,15.7791942816497,16.432255083853516
TCD-2015,Chad,TCD,2015,3,32.6666259924004,2.056115577439868,8.4,23.621624332701057,1.681973139256705,-2.025290362621074,11.3679339086533,16.46795495107476
TCD-2016,Chad,TCD,2016,3,32.6666259924004,1.3878798549010032,7.7,23.401516372502915,4.377126650656541,2.056115577439868,6.2969962979888,16.499788559432787
TCD-2017,Chad,TCD,2017,3,32.6666259924004,1.7267190709954006,9.2,23.290235447458645,-0.792440525236102,1.3878798549010032,6.59687876223435,16.531175427087884
TCD-2018,Chad,TCD,2018,3,32.6666259924004,1.8206734055532503,10.9,23.314710414698887,-1.537099629808404,1.7267190709954006,10.2750096848343,16.56423938330971
TCD-2019,Chad,TCD,2019,3,32.6666259924004,2.045419590840781,10.1,23.45288183226579,4.274621986105452,1.8206734055532503,16.6121673665612,16.597834984066104
TCD-2020,Chad,TCD,2020,3,32.6666259924004,2.028263710508777,8.4,23.42499729972578,-0.971939175419401,2.045419590840781,15.5707595430138,16.63003409530974
TCD-2021,Chad,TCD,2021,3,32.6666259924004,2.137267346169282,10.9,23.4268325235846,4.464144372328608,2.028263710508777,9.22817147863275,16.661853797042664
TCD-2022,Chad,TCD,2022,3,32.6666259924004,1.95022854143613,11.3,23.548917587523928,-0.7728443703591396,2.137267346169282,16.7515661611417,16.696296182012823
TLS-2016,Timor-Leste,TLS,2016,1,24.2895242064057,0.328056422030675,67.3,21.187177448099465,0.5527960262778531,1.7203150849464115,24.2895242064057,14.0020996624759
TLS-2017,Timor-Leste,TLS,2017,1,24.2895242064057,0.4119962082859285,76.5,21.218245331955234,-1.338538761851631,0.328056422030675,12.5519849690425,14.021152241204794
TLS-2018,Timor-Leste,TLS,2018,1,24.2895242064057,1.8434697442550825,79.5,21.18377352272065,0.557215537430361,0.4119962082859285,13.2190114443342,14.04001638096492
TLS-2019,Timor-Leste,TLS,2019,1,24.2895242064057,-2.7506519360018693,85.2,21.1653769368403,2.636472010158919,1.8434697442550825,14.4948180632868,14.059209394433132
TLS-2020,Timor-Leste,TLS,2020,1,24.2895242064057,-3.479436197869119,90.6,21.43255719661876,0.9588127397031412,-2.7506519360018693,12.5972177320814,14.078602250099786
TLS-2021,Timor-Leste,TLS,2021,1,24.2895242064057,-2.584954588758193,96.0,21.494585917100867,0.495499215459571,-3.479436197869119,2.79171478872949,14.097718172880649
TLS-2022,Timor-Leste,TLS,2022,1,24.2895242064057,1.2867857174051105,100.0,22.01112682895472,3.697920946667864,-2.584954588758193,5.29715520859989,14.11571884874146
TTO-2001,Trinidad and Tobago,TTO,2001,2,19.1790340751601,2.9430840488372234,91.3,22.82181639742959,3.55541319666877,2.8169498262683,10.7143816589503,14.092971825488071
TTO-2002,Trinidad and Tobago,TTO,2002,2,19.1790340751601,3.1099324216873323,96.3,22.90083735089859,5.536653263223002,2.9430840488372234,6.84812051633887,14.097351604791044
TTO-2003,Trinidad and Tobago,TTO,2003,2,19.1790340751601,2.665064796722942,96.5,22.921412014989624,4.150058616647196,3.1099324216873323,8.99788059666471,14.1022011390509
TTO-2004,Trinidad and Tobago,TTO,2004,2,19.1790340751601,2.714531286874578,96.7,23.148551614389557,3.811106243968699,2.665064796722942,7.97468958608519,14.107217021679606
TTO-2005,Trinidad and Tobago,TTO,2005,2,19.1790340751601,2.4717898983896425,96.8,23.30954696799511,3.721549389959654,2.714531286874578,8.45563862422733,14.11218780227978
TTO-2006,Trinidad and Tobago,TTO,2006,2,19.1790340751601,2.2735184872997825,95.0,23.494753266698936,6.874534595835164,2.4717898983896425,11.8042199194259,14.073631215671098
TTO-2007,Trinidad and Tobago,TTO,2007,2,19.1790340751601,2.053948466146505,100.0,23.63394995578574,8.329603514653467,2.2735184872997825,12.247324628027,14.07629280246706
TTO-2008,Trinidad and Tobago,TTO,2008,2,19.1790340751601,3.0030812252699275,100.0,23.797884151844134,7.894388347572995,2.053948466146505,9.2559242789235,14.080324895473144
TTO-2009,Trinidad and Tobago,TTO,2009,2,19.1790340751601,2.0188930006737813,100.0,24.0508736323455,12.03034454771769,3.0030812252699275,9.42207714451534,14.084459251270273
TTO-2010,Trinidad and Tobago,TTO,2010,2,19.1790340751601,1.6395810881169015,99.0,23.6767253363217,6.978087252515469,2.0188930006737813,6.48871343601529,14.085619371231068
TTO-2011,Trinidad and Tobago,TTO,2011,2,19.1790340751601,0.1607018351705977,100.0,23.82146085838322,10.54920031799876,1.6395810881169015,7.31966084875628,14.091409733939752
TTO-2012,Trinidad and Tobago,TTO,2012,2,19.1790340751601,-2.646219609405404,97.5,23.95931367278388,5.1071328926456,0.1607018351705977,9.46888642049548,14.099199669146076
TTO-2013,Trinidad and Tobago,TTO,2013,2,19.1790340751601,-2.08408076317203,100.0,24.024545270402847,9.26028137068292,-2.646219609405404,7.63529240284805,14.104587906565412
TTO-2014,Trinidad and Tobago,TTO,2014,2,19.1790340751601,1.5477362327488549,100.0,24.07529177879823,5.199817404656111,-2.08408076317203,6.44936933049536,14.108596503159664
TTO-2015,Trinidad and Tobago,TTO,2015,2,19.1790340751601,0.6185887181025174,100.0,24.10678046300435,5.684418145956593,1.5477362327488549,5.58054269528671,14.112160300398315
TTO-2016,Trinidad and Tobago,TTO,2016,2,19.1790340751601,-0.0997239795395475,100.0,24.013201688913103,4.661215980982641,0.6185887181025174,2.24547082740531,14.115369194243948
TTO-2017,Trinidad and Tobago,TTO,2017,2,19.1790340751601,-1.4328257935193238,100.0,23.885542619697816,3.070667424640243,-0.0997239795395475,1.82556957376394,14.11849692005089
TTO-2018,Trinidad and Tobago,TTO,2018,2,19.1790340751601,-1.796632162197818,100.0,23.89424263833232,1.880384401835318,-1.4328257935193238,2.68355173716595,14.120517189836695
TTO-2019,Trinidad and Tobago,TTO,2019,2,19.1790340751601,0.7198145780389271,100.0,23.896435177749872,1.018569301888219,-1.796632162197818,3.66055639102177,14.122402434968729
TTO-2020,Trinidad and Tobago,TTO,2020,2,19.1790340751601,2.323218898653978,100.0,23.87931882187576,1.000542930272373,0.7198145780389271,2.7745812273373,14.125921853403252
TTO-2021,Trinidad and Tobago,TTO,2021,2,19.1790340751601,-2.059953576804173,100.0,23.76246533221104,0.5989863308246433,2.323218898653978,1.42924604742787,14.127928656698185
TTO-2022,Trinidad and Tobago,TTO,2022,2,19.1790340751601,2.1274087665632395,100.0,23.910566915387697,2.059227469154577,-2.059953576804173,2.71054174202227,14.12853795677171
TUN-1995,Tunisia,TUN,1995,0,6.45080502980873,1.2115903117478888,86.8,23.472661051296527,4.733230639965955,1.7408500827301534,2.66718328891885,16.014782926033988
TUN-1996,Tunisia,TUN,1996,0,6.45080502980873,1.0266878976737543,88.7,23.61535149196726,6.244150287471464,1.2115903117478888,2.42755447750049,16.030494172620404
TUN-1997,Tunisia,TUN,1997,0,6.45080502980873,1.2761686120055882,90.4,23.698140178762355,3.725144726907154,1.0266878976737543,2.73801506099416,16.04492617673915
TUN-1998,Tunisia,TUN,1998,0,6.45080502980873,1.8135632667336672,92.0,23.75562943344214,3.652026207230707,1.2761686120055882,2.13042894995226,16.058480563140915
TUN-1999,Tunisia,TUN,1999,0,6.45080502980873,1.2024084038619995,93.2,23.80530853133343,3.125365796558624,1.8135632667336672,1.30206836638864,16.07117887090855
TUN-2000,Tunisia,TUN,2000,0,6.45080502980873,1.964628561124856,94.2,23.856287528093716,2.690124858115804,1.2024084038619995,1.92733312637189,16.08308631350069
TUN-2001,Tunisia,TUN,2001,0,6.45080502980873,1.4641153243259246,94.8,23.79008676518172,2.962307947386055,1.964628561124856,3.22928353115798,16.094308568251982
TUN-2002,Tunisia,TUN,2002,0,6.45080502980873,1.9421234931064144,97.3,23.817296206119757,1.983333333333369,1.4641153243259246,2.34162232250109,16.10497778676401
TUN-2003,Tunisia,TUN,2003,0,6.45080502980873,1.4278936097084636,97.8,23.86489841822176,2.721032848504548,1.9421234931064144,2.3626975077068,16.115243186547158
TUN-2004,Tunisia,TUN,2004,0,6.45080502980873,1.3974810340157469,98.4,24.035774153722297,2.712592474743517,1.4278936097084636,2.11725730006367,16.125233416393524
TUN-2005,Tunisia,TUN,2005,0,6.45080502980873,1.5331512431989844,99.0,24.16316729969072,3.632280049566251,1.3974810340157469,2.60869066831261,16.134575509064252
TUN-2006,Tunisia,TUN,2006,0,6.45080502980873,2.939287353950075,99.2,24.197471603212318,2.017786413571443,1.5331512431989844,3.79249223607583,16.143322072266976
TUN-2007,Tunisia,TUN,2007,0,6.45080502980873,2.068665872032179,99.4,24.260643816534227,3.225253374389166,2.939287353950075,4.1077575724331,16.152150254254337
TUN-2008,Tunisia,TUN,2008,0,6.45080502980873,2.457911024885685,99.4,24.38465471066749,2.966944324773489,2.068665872032179,5.51629477963382,16.161318249721084
TUN-2009,Tunisia,TUN,2009,0,6.45080502980873,1.9684315039034643,99.4,24.52679988052181,4.345028076230452,2.457911024885685,5.93514843614258,16.17093816468564
TUN-2010,Tunisia,TUN,2010,0,6.45080502980873,1.7824676267005266,99.5,24.495008797268397,3.664903306429192,1.9684315039034643,3.44832785220984,16.18113448562808
TUN-2011,Tunisia,TUN,2011,0,6.45080502980873,0.8081811155335591,99.5,24.55637748649203,3.338979636010688,1.7824676267005266,4.12711827435362,16.191901813286325
TUN-2012,Tunisia,TUN,2012,0,6.45080502980873,1.904969961881988,99.5,24.59703284091961,3.24002842009531,0.8081811155335591,5.01344964105154,16.20299142497063
TUN-2013,Tunisia,TUN,2013,0,6.45080502980873,1.5190211145989168,99.5,24.580017156538855,4.611844322066397,1.904969961881988,5.06594682844413,16.214282537252267
TUN-2014,Tunisia,TUN,2014,0,6.45080502980873,1.460689858763137,99.7,24.60864598079084,5.316235313266889,1.5190211145989168,4.28421078126965,16.2261750471085
TUN-2015,Tunisia,TUN,2015,0,6.45080502980873,1.4960451288466083,99.8,24.64071037768894,4.625550995340309,1.460689858763137,3.35507824664457,16.238035381497696
TUN-2016,Tunisia,TUN,2016,0,6.45080502980873,1.139983122160195,99.9,24.547102099485983,4.437371273215,1.4960451288466083,1.62596299660366,16.249322577840157
TUN-2017,Tunisia,TUN,2017,0,6.45080502980873,1.408804235014407,100.0,24.51560563787285,3.629399373843808,1.139983122160195,1.266744868786,16.260347968035465
TUN-2018,Tunisia,TUN,2018,0,6.45080502980873,1.579205387171152,100.0,24.46482148036652,5.308848395658444,1.408804235014407,1.48811485046411,16.27085956967672
TUN-2019,Tunisia,TUN,2019,0,6.45080502980873,1.4187081783629811,99.8,24.47714865244297,7.307591760316519,1.579205387171152,1.99021548871455,16.280683353091202
TUN-2020,Tunisia,TUN,2020,0,6.45080502980873,1.1759475203260996,100.0,24.458686318765764,6.72007532863799,1.4187081783629811,1.66141181151334,16.289952813124295
TUN-2021,Tunisia,TUN,2021,0,6.45080502980873,0.9919993415300544,99.9,24.472576504041815,5.634151158976247,1.1759475203260996,0.916677526611502,16.298253034284
TUN-2022,Tunisia,TUN,2022,0,6.45080502980873,1.156208349443607,99.9,24.574970403833102,5.706350208307002,0.9919993415300544,1.5489621013289,16.30446093751226
UZB-2012,Uzbekistan,UZB,2012,0,5.40046980305752,0.8729519017108743,99.7,24.933979374854506,13.7797446476602,1.6079197814371446,2.07023379383746,17.176691072293167
UZB-2013,Uzbekistan,UZB,2013,0,5.40046980305752,0.7609231825333527,99.7,25.044996231700548,13.2088026688373,0.8729519017108743,2.00160011940789,17.19179702320951
UZB-2014,Uzbekistan,UZB,2014,0,5.40046980305752,0.7981987828123098,99.8,25.138173157483923,11.84143336220487,0.7609231825333527,1.81098984495042,17.20746757868497
UZB-2015,Uzbekistan,UZB,2015,0,5.40046980305752,0.9280951541778152,99.8,25.23745786263476,9.283093561626954,0.7981987828123098,1.40801898329424,17.22411361645009
UZB-2016,Uzbekistan,UZB,2016,0,5.40046980305752,1.3003402315470474,99.9,25.30378024179096,8.751881967375075,0.9280951541778152,0.526675674638226,17.24137931621896
UZB-2017,Uzbekistan,UZB,2017,0,5.40046980305752,1.6427974839905033,99.9,25.306919844415702,8.130886695235997,1.3003402315470474,0.356801760612992,17.258635530749462
UZB-2018,Uzbekistan,UZB,2018,0,5.40046980305752,0.8945767687106513,100.0,25.003763551275817,13.87574254416354,1.6427974839905033,0.661950141993753,17.275579779158274
UZB-2019,Uzbekistan,UZB,2019,0,5.40046980305752,1.909625703865364,100.0,24.839344695599653,17.52417965140548,0.8945767687106513,1.12073426200572,17.292850466859083
UZB-2020,Uzbekistan,UZB,2020,0,5.40046980305752,1.6339465856166684,100.0,24.974196148429264,14.52573595606866,1.909625703865364,0.819211930906664,17.310947910597882
UZB-2021,Uzbekistan,UZB,2021,0,5.40046980305752,1.7563440526041705,100.0,24.973575533793984,12.86772973626065,1.6339465856166684,0.395640310697318,17.32963097719332
UZB-2022,Uzbekistan,UZB,2022,0,5.40046980305752,1.75939587387469,99.9,25.1198121960288,10.8492397508122,1.7563440526041705,0.867176370586835,17.34901307653998
VEN-2010,"Venezuela, RB",VEN,2010,0,28.0600250559547,0.3924500641330992,99.0,26.521714735542016,27.08094144661304,-0.3382786394329666,9.95847654408777,17.163247350984037
VEN-2011,"Venezuela, RB",VEN,2011,0,28.0600250559547,1.3744801687790995,99.1,26.697564780756863,28.1874647092039,0.3924500641330992,11.6928975467648,17.1763407722122
VEN-2012,"Venezuela, RB",VEN,2012,0,28.0600250559547,1.1031293964982405,98.8,26.480532807757463,26.0902123160959,1.3744801687790995,23.1450195251423,17.189172734863057
VEN-2013,"Venezuela, RB",VEN,2013,0,28.0600250559547,0.7557289506185961,99.3,26.641747267967915,21.06899563318759,1.1031293964982405,17.9387823718967,17.201723802737035
VEN-2014,"Venezuela, RB",VEN,2014,0,28.0600250559547,0.5063826334534232,99.4,26.278209484479007,40.63942751615894,0.7557289506185961,16.7771388276982,17.213776948465313
VEN-2015,"Venezuela, RB",VEN,2015,0,28.0600250559547,1.5939746811530524,100.0,26.093153607063524,62.16864997948285,0.5063826334534232,11.3021511747501,17.22514160937923
VNM-1998,Viet Nam,VNM,1998,0,9.04473557257388,2.514733480179564,78.4,24.01329700998435,3.209526062613746,2.8094287738959025,3.07280393550162,18.12263704140881
VNM-1999,Viet Nam,VNM,1999,0,9.04473557257388,2.2971575050508544,86.1759872436523,24.02683576453521,7.26619804400963,2.514733480179564,1.76176859651124,18.13698619076796
VNM-2000,Viet Nam,VNM,2000,0,9.04473557257388,2.133721843287953,86.9944381713867,24.079593425006497,4.117102357717359,2.2971575050508544,3.72966002415473,18.15001903974425
VNM-2001,Viet Nam,VNM,2001,0,9.04473557257388,2.0892008792563725,88.2,24.16280272323716,-1.710337278511109,2.133721843287953,7.67987081900615,18.161314138013708
VNM-2002,Viet Nam,VNM,2002,0,9.04473557257388,2.09293736903439,88.9,24.210188176585685,-0.4315445117281805,2.0892008792563725,5.80548900026015,18.17182651261796
VNM-2003,Viet Nam,VNM,2003,0,9.04473557257388,2.0103547923142524,89.1,24.28044380889465,3.830828381684676,2.09293736903439,5.28727447254799,18.18207101807504
VNM-2004,Viet Nam,VNM,2004,0,9.04473557257388,1.9777604897414027,90.3,24.400895074853317,3.234648172939252,2.0103547923142524,5.58537873703382,18.19206949699657
VNM-2005,Viet Nam,VNM,2005,0,9.04473557257388,1.93516798496446,91.0,24.539391293376337,7.754947487096061,1.9777604897414027,8.1232104070861,18.201765391194925
VNM-2006,Viet Nam,VNM,2006,0,9.04473557257388,1.9971094965519784,96.1,24.777365594625387,8.28457243128667,1.93516798496446,9.04473557257388,18.21104941499168
VNM-2007,Viet Nam,VNM,2007,0,9.04473557257388,2.854572766119449,96.0,24.918536067683632,7.418017151084691,1.9971094965519784,8.77756808235261,18.22427524846784
VNM-2008,Viet Nam,VNM,2008,0,9.04473557257388,2.9641220876491023,93.1,25.072438976574684,8.344448897738468,2.854572766119449,6.63827611423842,18.241953232831825
VNM-2009,Viet Nam,VNM,2009,0,9.04473557257388,2.667717686681893,93.8,25.31970102467669,23.11544834744771,2.9641220876491023,7.24340907549005,18.26022778474988
VNM-2010,Viet Nam,VNM,2010,0,9.04473557257388,2.394317381862661,96.1,25.38684321929069,6.716982699886315,2.667717686681893,3.46240247909829,18.27519265695853
VNM-2011,Viet Nam,VNM,2011,0,9.04473557257388,2.166120276708125,97.4,25.71506601330439,9.207466487784126,2.394317381862661,3.39330269400776,18.286636682792928
VNM-2012,Viet Nam,VNM,2012,0,9.04473557257388,2.160094825159069,99.0,25.874213931435364,18.6777322770706,2.166120276708125,4.58244433557524,18.298155023273896
VNM-2013,Viet Nam,VNM,2013,0,9.04473557257388,2.1338668696846743,97.9,25.999289848674437,9.094703395571926,2.160094825159069,4.10988392212901,18.309864897220358
VNM-2014,Viet Nam,VNM,2014,0,9.04473557257388,2.080268752255902,98.5,26.08788023223677,6.592674758991924,2.1338668696846743,3.17047517147024,18.32166787263861
VNM-2015,Viet Nam,VNM,2015,0,9.04473557257388,2.2989961609329037,99.2,26.176240053668103,4.084554466376248,2.080268752255902,2.85117967459122,18.333810218860823
VNM-2016,Viet Nam,VNM,2016,0,9.04473557257388,2.2928143065455813,99.3,26.200809677050792,0.6312009051756847,2.2989961609329037,1.21986218030571,18.346207759035742
VNM-2017,Viet Nam,VNM,2017,0,9.04473557257388,2.3146886852176207,99.2,26.27271539753441,2.668248169690824,2.2928143065455813,0.828042589429339,18.35880659555264
VNM-2018,Viet Nam,VNM,2018,0,9.04473557257388,2.3121015927589257,100.0,26.362878099476827,3.520256888116176,2.3146886852176207,1.00099064325611,18.37124864278546
VNM-2019,Viet Nam,VNM,2019,0,9.04473557257388,2.2767306161466245,100.0,26.46018155414597,3.539628059426411,2.3121015927589257,1.12046207095372,18.38232778219392
VNM-2020,Viet Nam,VNM,2020,0,9.04473557257388,2.2219305847052286,99.4,26.535499856596267,2.795823674522436,2.2767306161466245,0.724494952926738,18.392011449081814
VNM-2021,Viet Nam,VNM,2021,0,9.04473557257388,2.1589158048483887,99.8,26.57148262156051,3.220934366525145,2.2219305847052286,0.242642397619719,18.40128579194532
VNM-2022,Viet Nam,VNM,2022,0,9.04473557257388,2.171671202076907,100.0,26.627195468511484,1.834715548104617,2.1589158048483887,0.669314214664457,18.40997462746517
YEM-1993,"Yemen, Rep.",YEM,1993,4,41.2105414506176,2.13145907321338,44.1,23.6113776650686,29.41176470588236,2.0942064189475182,14.8783764632009,16.522860180385205
YEM-1994,"Yemen, Rep.",YEM,1994,4,41.2105414506176,0.0563594916031897,40.774715423584,23.80227263631679,35.75229801644908,2.13145907321338,20.5257986522656,16.560465651750672
YEM-1995,"Yemen, Rep.",YEM,1995,4,41.2105414506176,-1.3014626188254457,41.9851341247559,24.056165953864365,49.39415538132538,0.0563594916031897,36.4779409895171,16.597377850823367
YEM-1996,"Yemen, Rep.",YEM,1996,4,41.2105414506176,-0.8274526636164686,43.1935119628906,23.27242547336185,55.08110687022924,-1.3014626188254457,39.7732050391051,16.633315147511627
YEM-1997,"Yemen, Rep.",YEM,1997,4,41.2105414506176,-1.4549185711997856,44.399169921875,22.59447762678245,30.7337332718043,-0.8274526636164686,36.2783449702496,16.666978503599875
YEM-1998,"Yemen, Rep.",YEM,1998,4,41.2105414506176,-1.9575358376062155,42.6,22.645804784939287,2.176726673726458,-1.4549185711997856,29.5601635790483,16.698854176244552
YEM-1999,"Yemen, Rep.",YEM,1999,4,41.2105414506176,-2.101127883066159,46.7996101379395,22.56732922114616,5.976508521418603,-1.9575358376062155,21.3900899508087,16.730358861749647
YEM-2000,"Yemen, Rep.",YEM,2000,4,41.2105414506176,0.0660672339442998,47.9929466247559,22.756575124298788,8.660219493643458,-2.101127883066159,28.7433242438057,16.761496813165742
YEM-2001,"Yemen, Rep.",YEM,2001,4,41.2105414506176,1.2354212369897957,49.2,22.99325715425489,4.589999999999812,0.0660672339442998,41.2105414506176,16.79227110093179
YEM-2002,"Yemen, Rep.",YEM,2002,4,41.2105414506176,0.9292634093934148,50.4,23.01104086980108,11.9115912929855,1.2354212369897957,33.0145750680271,16.82248678073183
YEM-2003,"Yemen, Rep.",YEM,2003,4,41.2105414506176,-0.6984065490042682,51.5,23.09289541905948,12.2385339389711,0.9292634093934148,30.9035311720644,16.85214899849592
YEM-2004,"Yemen, Rep.",YEM,2004,4,41.2105414506176,0.9061474579037594,52.6,23.189459541877856,10.83236070232415,-0.6984065490042682,32.0731170610088,16.881532595010448
YEM-2005,"Yemen, Rep.",YEM,2005,4,41.2105414506176,-1.3530168609905968,49.6,23.352823499587284,12.51509514952074,0.9061474579037594,34.0644750012843,16.910869500048282
YEM-2006,"Yemen, Rep.",YEM,2006,4,41.2105414506176,2.4719078160878336,54.8,23.540562994792364,11.81126393749489,-1.3530168609905968,41.093106599265,16.941836174799654
YEM-2007,"Yemen, Rep.",YEM,2007,4,41.2105414506176,2.15061142971288,55.8,23.671022641346887,10.84479869142567,2.4719078160878336,40.4372276843013,16.974342662260238
YEM-2008,"Yemen, Rep.",YEM,2008,4,41.2105414506176,2.454433395799823,57.2,23.798295710269667,7.905117789887304,2.15061142971288,32.9618903118727,17.006730787942306
YEM-2009,"Yemen, Rep.",YEM,2009,4,41.2105414506176,0.4938060964687065,58.4,24.0157956037915,18.97625743180765,2.454433395799823,33.8268519294838,17.038854067848504
YEM-2010,"Yemen, Rep.",YEM,2010,4,41.2105414506176,0.5776864309740546,59.6,23.947339259413862,5.407760980775217,0.4938060964687065,20.6195697250514,17.07082341745292
YEM-2011,"Yemen, Rep.",YEM,2011,4,41.2105414506176,-1.2395857990098706,60.8,24.154240428525604,11.17483386050437,0.5776864309740546,22.1800547456639,17.102209055236806
YEM-2012,"Yemen, Rep.",YEM,2012,4,41.2105414506176,-0.0402113454174253,62.0,24.21144847490511,19.5435617131144,-1.2395857990098706,23.3981676874913,17.13270650095145
YEM-2013,"Yemen, Rep.",YEM,2013,4,41.2105414506176,-0.3247576655240204,52.4,24.29001527249708,9.885387144848714,-0.0402113454174253,17.0272517537375,17.16308379055554
YEM-2014,"Yemen, Rep.",YEM,2014,4,41.2105414506176,-0.5160286379344834,75.6,24.42247261611892,10.9684421500198,-0.3247576655240204,11.1124026574675,17.19354005820914
YEM-2015,"Yemen, Rep.",YEM,2015,4,41.2105414506176,-0.0363802272862007,66.1,24.48976781064745,8.10472583623915,-0.5160286379344834,9.0008580090252,17.224223295130543
