sample_id,signal,target_role,target,universe,universe_type,universe_threshold,validation,split_id,algorithm,predictor_type,predictor_name,ISO3,n_rows,sum_y,sum_y2,sse,sae
M2_Macro_Oil_vs_M3_Macro_Oil_RegQuality__primary__Oil_Rent_Intensive_Pre2016_ge15pct,Regulatory_Quality_lag1,primary,Inward_FDI_Net_Flow_asinh,Oil_Rent_Intensive_Pre2016_ge15pct,oil_rent_threshold,15.0,Country_Holdout_CV,fold_0,Benchmark,benchmark,Lagged_Flow,AGO,21,-54.50919326857136,1514.9408140268547,1436.3450413069343,102.09440875956392
M2_Macro_Oil_vs_M3_Macro_Oil_RegQuality__primary__Oil_Rent_Intensive_Pre2016_ge15pct,Regulatory_Quality_lag1,primary,Inward_FDI_Net_Flow_asinh,Oil_Rent_Intensive_Pre2016_ge15pct,oil_rent_threshold,15.0,Country_Holdout_CV,fold_0,Benchmark,benchmark,Lagged_Flow,ARE,14,138.73380905194054,1381.7096056342043,6.980055581765765,5.424556664693169
M2_Macro_Oil_vs_M3_Macro_Oil_RegQuality__primary__Oil_Rent_Intensive_Pre2016_ge15pct,Regulatory_Quality_lag1,primary,Inward_FDI_Net_Flow_asinh,Oil_Rent_Intensive_Pre2016_ge15pct,oil_rent_threshold,15.0,Country_Holdout_CV,fold_0,Benchmark,benchmark,Lagged_Flow,BHR,23,168.47780673333648,1260.9457411749615,32.9840792242173,21.590084513577708
M2_Macro_Oil_vs_M3_Macro_Oil_RegQuality__primary__Oil_Rent_Intensive_Pre2016_ge15pct,Regulatory_Quality_lag1,primary,Inward_FDI_Net_Flow_asinh,Oil_Rent_Intensive_Pre2016_ge15pct,oil_rent_threshold,15.0,Country_Holdout_CV,fold_0,Benchmark,benchmark,Lagged_Flow,DZA,21,150.92829332244452,1301.3962317079972,456.9124237528898,36.92163067746703
M2_Macro_Oil_vs_M3_Macro_Oil_RegQuality__primary__Oil_Rent_Intensive_Pre2016_ge15pct,Regulatory_Quality_lag1,primary,Inward_FDI_Net_Flow_asinh,Oil_Rent_Intensive_Pre2016_ge15pct,oil_rent_threshold,15.0,Country_Holdout_CV,fold_0,Benchmark,benchmark,Lagged_Flow,LBY,11,71.35825467533873,633.5335622786238,130.94945650955916,17.082442367767705
M2_Macro_Oil_vs_M3_Macro_Oil_RegQuality__primary__Oil_Rent_Intensive_Pre2016_ge15pct,Regulatory_Quality_lag1,primary,Inward_FDI_Net_Flow_asinh,Oil_Rent_Intensive_Pre2016_ge15pct,oil_rent_threshold,15.0,Country_Holdout_CV,fold_0,Benchmark,benchmark,Lagged_Flow,NGA,23,186.35916770660864,1729.5759453935145,222.63226760225862,22.602328182174517
M2_Macro_Oil_vs_M3_Macro_Oil_RegQuality__primary__Oil_Rent_Intensive_Pre2016_ge15pct,Regulatory_Quality_lag1,primary,Inward_FDI_Net_Flow_asinh,Oil_Rent_Intensive_Pre2016_ge15pct,oil_rent_threshold,15.0,Country_Holdout_CV,fold_0,Benchmark,benchmark,Lagged_Flow,RUS,23,222.22815414635923,2627.030410511119,525.1624841233698,37.177339885673256
M2_Macro_Oil_vs_M3_Macro_Oil_RegQuality__primary__Oil_Rent_Intensive_Pre2016_ge15pct,Regulatory_Quality_lag1,primary,Inward_FDI_Net_Flow_asinh,Oil_Rent_Intensive_Pre2016_ge15pct,oil_rent_threshold,15.0,Country_Holdout_CV,fold_0,Benchmark,benchmark,Lagged_Flow,VEN,6,51.412276120827606,442.6057880375383,253.0784204811577,19.695361677619804
M2_Macro_Oil_vs_M3_Macro_Oil_RegQuality__primary__Oil_Rent_Intensive_Pre2016_ge15pct,Regulatory_Quality_lag1,primary,Inward_FDI_Net_Flow_asinh,Oil_Rent_Intensive_Pre2016_ge15pct,oil_rent_threshold,15.0,Country_Holdout_CV,fold_0,Benchmark,benchmark,Training_Mean,AGO,21,-54.50919326857136,1514.9408140268547,2680.5852536329335,213.45129045376876
M2_Macro_Oil_vs_M3_Macro_Oil_RegQuality__primary__Oil_Rent_Intensive_Pre2016_ge15pct,Regulatory_Quality_lag1,primary,Inward_FDI_Net_Flow_asinh,Oil_Rent_Intensive_Pre2016_ge15pct,oil_rent_threshold,15.0,Country_Holdout_CV,fold_0,Benchmark,benchmark,Training_Mean,ARE,14,138.73380905194054,1381.7096056342043,305.1872217690689,64.62009285004474
M2_Macro_Oil_vs_M3_Macro_Oil_RegQuality__primary__Oil_Rent_Intensive_Pre2016_ge15pct,Regulatory_Quality_lag1,primary,Inward_FDI_Net_Flow_asinh,Oil_Rent_Intensive_Pre2016_ge15pct,oil_rent_threshold,15.0,Country_Holdout_CV,fold_0,Benchmark,benchmark,Training_Mean,BHR,23,168.47780673333648,1260.9457411749615,121.72599344742443,48.00361810355538
M2_Macro_Oil_vs_M3_Macro_Oil_RegQuality__primary__Oil_Rent_Intensive_Pre2016_ge15pct,Regulatory_Quality_lag1,primary,Inward_FDI_Net_Flow_asinh,Oil_Rent_Intensive_Pre2016_ge15pct,oil_rent_threshold,15.0,Country_Holdout_CV,fold_0,Benchmark,benchmark,Training_Mean,DZA,21,150.92829332244452,1301.3962317079972,291.93558868017226,64.30663601406087
M2_Macro_Oil_vs_M3_Macro_Oil_RegQuality__primary__Oil_Rent_Intensive_Pre2016_ge15pct,Regulatory_Quality_lag1,primary,Inward_FDI_Net_Flow_asinh,Oil_Rent_Intensive_Pre2016_ge15pct,oil_rent_threshold,15.0,Country_Holdout_CV,fold_0,Benchmark,benchmark,Training_Mean,LBY,11,71.35825467533873,633.5335622786238,186.28743994713506,34.88074371438115
M2_Macro_Oil_vs_M3_Macro_Oil_RegQuality__primary__Oil_Rent_Intensive_Pre2016_ge15pct,Regulatory_Quality_lag1,primary,Inward_FDI_Net_Flow_asinh,Oil_Rent_Intensive_Pre2016_ge15pct,oil_rent_threshold,15.0,Country_Holdout_CV,fold_0,Benchmark,benchmark,Training_Mean,NGA,23,186.35916770660864,1729.5759453935145,401.03418159787043,87.03489808415489
M2_Macro_Oil_vs_M3_Macro_Oil_RegQuality__primary__Oil_Rent_Intensive_Pre2016_ge15pct,Regulatory_Quality_lag1,primary,Inward_FDI_Net_Flow_asinh,Oil_Rent_Intensive_Pre2016_ge15pct,oil_rent_threshold,15.0,Country_Holdout_CV,fold_0,Benchmark,benchmark,Training_Mean,RUS,23,222.22815414635923,2627.030410511119,918.7195207947144,133.62716603552525
M2_Macro_Oil_vs_M3_Macro_Oil_RegQuality__primary__Oil_Rent_Intensive_Pre2016_ge15pct,Regulatory_Quality_lag1,primary,Inward_FDI_Net_Flow_asinh,Oil_Rent_Intensive_Pre2016_ge15pct,oil_rent_threshold,15.0,Country_Holdout_CV,fold_0,Benchmark,benchmark,Training_Mean,VEN,6,51.412276120827606,442.6057880375383,66.41763501498886,19.64925489144369
M2_Macro_Oil_vs_M3_Macro_Oil_RegQuality__primary__Oil_Rent_Intensive_Pre2016_ge15pct,Regulatory_Quality_lag1,primary,Inward_FDI_Net_Flow_asinh,Oil_Rent_Intensive_Pre2016_ge15pct,oil_rent_threshold,15.0,Country_Holdout_CV,fold_0,Benchmark,benchmark,Zero_Flow,AGO,21,-54.50919326857136,1514.9408140268547,1514.9408140268547,176.39443235282087
M2_Macro_Oil_vs_M3_Macro_Oil_RegQuality__primary__Oil_Rent_Intensive_Pre2016_ge15pct,Regulatory_Quality_lag1,primary,Inward_FDI_Net_Flow_asinh,Oil_Rent_Intensive_Pre2016_ge15pct,oil_rent_threshold,15.0,Country_Holdout_CV,fold_0,Benchmark,benchmark,Zero_Flow,ARE,14,138.73380905194054,1381.7096056342043,1381.7096056342043,138.73380905194054
M2_Macro_Oil_vs_M3_Macro_Oil_RegQuality__primary__Oil_Rent_Intensive_Pre2016_ge15pct,Regulatory_Quality_lag1,primary,Inward_FDI_Net_Flow_asinh,Oil_Rent_Intensive_Pre2016_ge15pct,oil_rent_threshold,15.0,Country_Holdout_CV,fold_0,Benchmark,benchmark,Zero_Flow,BHR,23,168.47780673333648,1260.9457411749615,1260.9457411749615,168.47780673333648
M2_Macro_Oil_vs_M3_Macro_Oil_RegQuality__primary__Oil_Rent_Intensive_Pre2016_ge15pct,Regulatory_Quality_lag1,primary,Inward_FDI_Net_Flow_asinh,Oil_Rent_Intensive_Pre2016_ge15pct,oil_rent_threshold,15.0,Country_Holdout_CV,fold_0,Benchmark,benchmark,Zero_Flow,DZA,21,150.92829332244452,1301.3962317079972,1301.3962317079972,164.8895365737766
M2_Macro_Oil_vs_M3_Macro_Oil_RegQuality__primary__Oil_Rent_Intensive_Pre2016_ge15pct,Regulatory_Quality_lag1,primary,Inward_FDI_Net_Flow_asinh,Oil_Rent_Intensive_Pre2016_ge15pct,oil_rent_threshold,15.0,Country_Holdout_CV,fold_0,Benchmark,benchmark,Zero_Flow,LBY,11,71.35825467533873,633.5335622786238,633.5335622786238,82.52527555845703
M2_Macro_Oil_vs_M3_Macro_Oil_RegQuality__primary__Oil_Rent_Intensive_Pre2016_ge15pct,Regulatory_Quality_lag1,primary,Inward_FDI_Net_Flow_asinh,Oil_Rent_Intensive_Pre2016_ge15pct,oil_rent_threshold,15.0,Country_Holdout_CV,fold_0,Benchmark,benchmark,Zero_Flow,NGA,23,186.35916770660864,1729.5759453935145,1729.5759453935145,198.2054723869986
M2_Macro_Oil_vs_M3_Macro_Oil_RegQuality__primary__Oil_Rent_Intensive_Pre2016_ge15pct,Regulatory_Quality_lag1,primary,Inward_FDI_Net_Flow_asinh,Oil_Rent_Intensive_Pre2016_ge15pct,oil_rent_threshold,15.0,Country_Holdout_CV,fold_0,Benchmark,benchmark,Zero_Flow,RUS,23,222.22815414635923,2627.030410511119,2627.030410511119,244.79774033836895
M2_Macro_Oil_vs_M3_Macro_Oil_RegQuality__primary__Oil_Rent_Intensive_Pre2016_ge15pct,Regulatory_Quality_lag1,primary,Inward_FDI_Net_Flow_asinh,Oil_Rent_Intensive_Pre2016_ge15pct,oil_rent_threshold,15.0,Country_Holdout_CV,fold_0,Benchmark,benchmark,Zero_Flow,VEN,6,51.412276120827606,442.6057880375383,442.6057880375383,51.412276120827606
M2_Macro_Oil_vs_M3_Macro_Oil_RegQuality__primary__Oil_Rent_Intensive_Pre2016_ge15pct,Regulatory_Quality_lag1,primary,Inward_FDI_Net_Flow_asinh,Oil_Rent_Intensive_Pre2016_ge15pct,oil_rent_threshold,15.0,Country_Holdout_CV,fold_0,ElasticNet,model,M2_Macro_Oil,AGO,21,-54.50919326857136,1514.9408140268547,1354.9044245421699,141.99008244523372
M2_Macro_Oil_vs_M3_Macro_Oil_RegQuality__primary__Oil_Rent_Intensive_Pre2016_ge15pct,Regulatory_Quality_lag1,primary,Inward_FDI_Net_Flow_asinh,Oil_Rent_Intensive_Pre2016_ge15pct,oil_rent_threshold,15.0,Country_Holdout_CV,fold_0,ElasticNet,model,M2_Macro_Oil,ARE,14,138.73380905194054,1381.7096056342043,46.32593718405962,24.19941629641739
M2_Macro_Oil_vs_M3_Macro_Oil_RegQuality__primary__Oil_Rent_Intensive_Pre2016_ge15pct,Regulatory_Quality_lag1,primary,Inward_FDI_Net_Flow_asinh,Oil_Rent_Intensive_Pre2016_ge15pct,oil_rent_threshold,15.0,Country_Holdout_CV,fold_0,ElasticNet,model,M2_Macro_Oil,BHR,23,168.47780673333648,1260.9457411749615,46.56566889803215,29.52077246930451
M2_Macro_Oil_vs_M3_Macro_Oil_RegQuality__primary__Oil_Rent_Intensive_Pre2016_ge15pct,Regulatory_Quality_lag1,primary,Inward_FDI_Net_Flow_asinh,Oil_Rent_Intensive_Pre2016_ge15pct,oil_rent_threshold,15.0,Country_Holdout_CV,fold_0,ElasticNet,model,M2_Macro_Oil,DZA,21,150.92829332244452,1301.3962317079972,298.8693981951181,37.40487977858594
M2_Macro_Oil_vs_M3_Macro_Oil_RegQuality__primary__Oil_Rent_Intensive_Pre2016_ge15pct,Regulatory_Quality_lag1,primary,Inward_FDI_Net_Flow_asinh,Oil_Rent_Intensive_Pre2016_ge15pct,oil_rent_threshold,15.0,Country_Holdout_CV,fold_0,ElasticNet,model,M2_Macro_Oil,LBY,11,71.35825467533873,633.5335622786238,152.0004312703269,27.86166406508034
M2_Macro_Oil_vs_M3_Macro_Oil_RegQuality__primary__Oil_Rent_Intensive_Pre2016_ge15pct,Regulatory_Quality_lag1,primary,Inward_FDI_Net_Flow_asinh,Oil_Rent_Intensive_Pre2016_ge15pct,oil_rent_threshold,15.0,Country_Holdout_CV,fold_0,ElasticNet,model,M2_Macro_Oil,NGA,23,186.35916770660864,1729.5759453935145,226.51254700649795,38.355846769467945
M2_Macro_Oil_vs_M3_Macro_Oil_RegQuality__primary__Oil_Rent_Intensive_Pre2016_ge15pct,Regulatory_Quality_lag1,primary,Inward_FDI_Net_Flow_asinh,Oil_Rent_Intensive_Pre2016_ge15pct,oil_rent_threshold,15.0,Country_Holdout_CV,fold_0,ElasticNet,model,M2_Macro_Oil,RUS,23,222.22815414635923,2627.030410511119,493.7826197476887,50.53676981096074
M2_Macro_Oil_vs_M3_Macro_Oil_RegQuality__primary__Oil_Rent_Intensive_Pre2016_ge15pct,Regulatory_Quality_lag1,primary,Inward_FDI_Net_Flow_asinh,Oil_Rent_Intensive_Pre2016_ge15pct,oil_rent_threshold,15.0,Country_Holdout_CV,fold_0,ElasticNet,model,M2_Macro_Oil,VEN,6,51.412276120827606,442.6057880375383,87.43193834310462,12.977477288860722
M2_Macro_Oil_vs_M3_Macro_Oil_RegQuality__primary__Oil_Rent_Intensive_Pre2016_ge15pct,Regulatory_Quality_lag1,primary,Inward_FDI_Net_Flow_asinh,Oil_Rent_Intensive_Pre2016_ge15pct,oil_rent_threshold,15.0,Country_Holdout_CV,fold_0,ElasticNet,model,M3_Macro_Oil_RegQuality,AGO,21,-54.50919326857136,1514.9408140268547,1355.2035883876695,141.99992510859437
M2_Macro_Oil_vs_M3_Macro_Oil_RegQuality__primary__Oil_Rent_Intensive_Pre2016_ge15pct,Regulatory_Quality_lag1,primary,Inward_FDI_Net_Flow_asinh,Oil_Rent_Intensive_Pre2016_ge15pct,oil_rent_threshold,15.0,Country_Holdout_CV,fold_0,ElasticNet,model,M3_Macro_Oil_RegQuality,ARE,14,138.73380905194054,1381.7096056342043,47.52680259719376,24.502590807994338
M2_Macro_Oil_vs_M3_Macro_Oil_RegQuality__primary__Oil_Rent_Intensive_Pre2016_ge15pct,Regulatory_Quality_lag1,primary,Inward_FDI_Net_Flow_asinh,Oil_Rent_Intensive_Pre2016_ge15pct,oil_rent_threshold,15.0,Country_Holdout_CV,fold_0,ElasticNet,model,M3_Macro_Oil_RegQuality,BHR,23,168.47780673333648,1260.9457411749615,47.29330084171315,29.75122710217816
M2_Macro_Oil_vs_M3_Macro_Oil_RegQuality__primary__Oil_Rent_Intensive_Pre2016_ge15pct,Regulatory_Quality_lag1,primary,Inward_FDI_Net_Flow_asinh,Oil_Rent_Intensive_Pre2016_ge15pct,oil_rent_threshold,15.0,Country_Holdout_CV,fold_0,ElasticNet,model,M3_Macro_Oil_RegQuality,DZA,21,150.92829332244452,1301.3962317079972,299.13290264731194,37.3143150360734
M2_Macro_Oil_vs_M3_Macro_Oil_RegQuality__primary__Oil_Rent_Intensive_Pre2016_ge15pct,Regulatory_Quality_lag1,primary,Inward_FDI_Net_Flow_asinh,Oil_Rent_Intensive_Pre2016_ge15pct,oil_rent_threshold,15.0,Country_Holdout_CV,fold_0,ElasticNet,model,M3_Macro_Oil_RegQuality,LBY,11,71.35825467533873,633.5335622786238,152.00096429041253,27.62662655749118
M2_Macro_Oil_vs_M3_Macro_Oil_RegQuality__primary__Oil_Rent_Intensive_Pre2016_ge15pct,Regulatory_Quality_lag1,primary,Inward_FDI_Net_Flow_asinh,Oil_Rent_Intensive_Pre2016_ge15pct,oil_rent_threshold,15.0,Country_Holdout_CV,fold_0,ElasticNet,model,M3_Macro_Oil_RegQuality,NGA,23,186.35916770660864,1729.5759453935145,226.8051115794994,38.51639396322112
M2_Macro_Oil_vs_M3_Macro_Oil_RegQuality__primary__Oil_Rent_Intensive_Pre2016_ge15pct,Regulatory_Quality_lag1,primary,Inward_FDI_Net_Flow_asinh,Oil_Rent_Intensive_Pre2016_ge15pct,oil_rent_threshold,15.0,Country_Holdout_CV,fold_0,ElasticNet,model,M3_Macro_Oil_RegQuality,RUS,23,222.22815414635923,2627.030410511119,494.1172079571248,50.63512810012411
M2_Macro_Oil_vs_M3_Macro_Oil_RegQuality__primary__Oil_Rent_Intensive_Pre2016_ge15pct,Regulatory_Quality_lag1,primary,Inward_FDI_Net_Flow_asinh,Oil_Rent_Intensive_Pre2016_ge15pct,oil_rent_threshold,15.0,Country_Holdout_CV,fold_0,ElasticNet,model,M3_Macro_Oil_RegQuality,VEN,6,51.412276120827606,442.6057880375383,86.40619254156888,12.810098612713174
M2_Macro_Oil_vs_M3_Macro_Oil_RegQuality__primary__Oil_Rent_Intensive_Pre2016_ge15pct,Regulatory_Quality_lag1,primary,Inward_FDI_Net_Flow_asinh,Oil_Rent_Intensive_Pre2016_ge15pct,oil_rent_threshold,15.0,Country_Holdout_CV,fold_0,RandomForest,model,M2_Macro_Oil,AGO,21,-54.50919326857136,1514.9408140268547,1289.0964945754056,112.75341111321117
M2_Macro_Oil_vs_M3_Macro_Oil_RegQuality__primary__Oil_Rent_Intensive_Pre2016_ge15pct,Regulatory_Quality_lag1,primary,Inward_FDI_Net_Flow_asinh,Oil_Rent_Intensive_Pre2016_ge15pct,oil_rent_threshold,15.0,Country_Holdout_CV,fold_0,RandomForest,model,M2_Macro_Oil,ARE,14,138.73380905194054,1381.7096056342043,82.32217078870633,29.087862572380583
M2_Macro_Oil_vs_M3_Macro_Oil_RegQuality__primary__Oil_Rent_Intensive_Pre2016_ge15pct,Regulatory_Quality_lag1,primary,Inward_FDI_Net_Flow_asinh,Oil_Rent_Intensive_Pre2016_ge15pct,oil_rent_threshold,15.0,Country_Holdout_CV,fold_0,RandomForest,model,M2_Macro_Oil,BHR,23,168.47780673333648,1260.9457411749615,120.53390609418612,43.13467550843392
M2_Macro_Oil_vs_M3_Macro_Oil_RegQuality__primary__Oil_Rent_Intensive_Pre2016_ge15pct,Regulatory_Quality_lag1,primary,Inward_FDI_Net_Flow_asinh,Oil_Rent_Intensive_Pre2016_ge15pct,oil_rent_threshold,15.0,Country_Holdout_CV,fold_0,RandomForest,model,M2_Macro_Oil,DZA,21,150.92829332244452,1301.3962317079972,273.97817031376826,33.89425500784766
M2_Macro_Oil_vs_M3_Macro_Oil_RegQuality__primary__Oil_Rent_Intensive_Pre2016_ge15pct,Regulatory_Quality_lag1,primary,Inward_FDI_Net_Flow_asinh,Oil_Rent_Intensive_Pre2016_ge15pct,oil_rent_threshold,15.0,Country_Holdout_CV,fold_0,RandomForest,model,M2_Macro_Oil,LBY,11,71.35825467533873,633.5335622786238,148.70472714552218,34.52411156177998
M2_Macro_Oil_vs_M3_Macro_Oil_RegQuality__primary__Oil_Rent_Intensive_Pre2016_ge15pct,Regulatory_Quality_lag1,primary,Inward_FDI_Net_Flow_asinh,Oil_Rent_Intensive_Pre2016_ge15pct,oil_rent_threshold,15.0,Country_Holdout_CV,fold_0,RandomForest,model,M2_Macro_Oil,NGA,23,186.35916770660864,1729.5759453935145,226.766394960499,32.337744596911264
M2_Macro_Oil_vs_M3_Macro_Oil_RegQuality__primary__Oil_Rent_Intensive_Pre2016_ge15pct,Regulatory_Quality_lag1,primary,Inward_FDI_Net_Flow_asinh,Oil_Rent_Intensive_Pre2016_ge15pct,oil_rent_threshold,15.0,Country_Holdout_CV,fold_0,RandomForest,model,M2_Macro_Oil,RUS,23,222.22815414635923,2627.030410511119,514.6443931352163,57.46664142363959
M2_Macro_Oil_vs_M3_Macro_Oil_RegQuality__primary__Oil_Rent_Intensive_Pre2016_ge15pct,Regulatory_Quality_lag1,primary,Inward_FDI_Net_Flow_asinh,Oil_Rent_Intensive_Pre2016_ge15pct,oil_rent_threshold,15.0,Country_Holdout_CV,fold_0,RandomForest,model,M2_Macro_Oil,VEN,6,51.412276120827606,442.6057880375383,38.08352650183507,10.139674077527033
M2_Macro_Oil_vs_M3_Macro_Oil_RegQuality__primary__Oil_Rent_Intensive_Pre2016_ge15pct,Regulatory_Quality_lag1,primary,Inward_FDI_Net_Flow_asinh,Oil_Rent_Intensive_Pre2016_ge15pct,oil_rent_threshold,15.0,Country_Holdout_CV,fold_0,RandomForest,model,M3_Macro_Oil_RegQuality,AGO,21,-54.50919326857136,1514.9408140268547,1351.4056638634413,130.55015240206438
M2_Macro_Oil_vs_M3_Macro_Oil_RegQuality__primary__Oil_Rent_Intensive_Pre2016_ge15pct,Regulatory_Quality_lag1,primary,Inward_FDI_Net_Flow_asinh,Oil_Rent_Intensive_Pre2016_ge15pct,oil_rent_threshold,15.0,Country_Holdout_CV,fold_0,RandomForest,model,M3_Macro_Oil_RegQuality,ARE,14,138.73380905194054,1381.7096056342043,105.84224817559559,34.51818423617587
M2_Macro_Oil_vs_M3_Macro_Oil_RegQuality__primary__Oil_Rent_Intensive_Pre2016_ge15pct,Regulatory_Quality_lag1,primary,Inward_FDI_Net_Flow_asinh,Oil_Rent_Intensive_Pre2016_ge15pct,oil_rent_threshold,15.0,Country_Holdout_CV,fold_0,RandomForest,model,M3_Macro_Oil_RegQuality,BHR,23,168.47780673333648,1260.9457411749615,179.38258345640335,50.19286174477078
M2_Macro_Oil_vs_M3_Macro_Oil_RegQuality__primary__Oil_Rent_Intensive_Pre2016_ge15pct,Regulatory_Quality_lag1,primary,Inward_FDI_Net_Flow_asinh,Oil_Rent_Intensive_Pre2016_ge15pct,oil_rent_threshold,15.0,Country_Holdout_CV,fold_0,RandomForest,model,M3_Macro_Oil_RegQuality,DZA,21,150.92829332244452,1301.3962317079972,299.4512293291232,39.18670681860695
M2_Macro_Oil_vs_M3_Macro_Oil_RegQuality__primary__Oil_Rent_Intensive_Pre2016_ge15pct,Regulatory_Quality_lag1,primary,Inward_FDI_Net_Flow_asinh,Oil_Rent_Intensive_Pre2016_ge15pct,oil_rent_threshold,15.0,Country_Holdout_CV,fold_0,RandomForest,model,M3_Macro_Oil_RegQuality,LBY,11,71.35825467533873,633.5335622786238,176.7403747696356,36.743350041683065
M2_Macro_Oil_vs_M3_Macro_Oil_RegQuality__primary__Oil_Rent_Intensive_Pre2016_ge15pct,Regulatory_Quality_lag1,primary,Inward_FDI_Net_Flow_asinh,Oil_Rent_Intensive_Pre2016_ge15pct,oil_rent_threshold,15.0,Country_Holdout_CV,fold_0,RandomForest,model,M3_Macro_Oil_RegQuality,NGA,23,186.35916770660864,1729.5759453935145,221.7481878206079,34.47805502105011
M2_Macro_Oil_vs_M3_Macro_Oil_RegQuality__primary__Oil_Rent_Intensive_Pre2016_ge15pct,Regulatory_Quality_lag1,primary,Inward_FDI_Net_Flow_asinh,Oil_Rent_Intensive_Pre2016_ge15pct,oil_rent_threshold,15.0,Country_Holdout_CV,fold_0,RandomForest,model,M3_Macro_Oil_RegQuality,RUS,23,222.22815414635923,2627.030410511119,523.9020374625804,59.77937068265342
M2_Macro_Oil_vs_M3_Macro_Oil_RegQuality__primary__Oil_Rent_Intensive_Pre2016_ge15pct,Regulatory_Quality_lag1,primary,Inward_FDI_Net_Flow_asinh,Oil_Rent_Intensive_Pre2016_ge15pct,oil_rent_threshold,15.0,Country_Holdout_CV,fold_0,RandomForest,model,M3_Macro_Oil_RegQuality,VEN,6,51.412276120827606,442.6057880375383,27.24038882575046,9.365483573451275
M2_Macro_Oil_vs_M3_Macro_Oil_RegQuality__primary__Oil_Rent_Intensive_Pre2016_ge15pct,Regulatory_Quality_lag1,primary,Inward_FDI_Net_Flow_asinh,Oil_Rent_Intensive_Pre2016_ge15pct,oil_rent_threshold,15.0,Country_Holdout_CV,fold_0,Ridge,model,M2_Macro_Oil,AGO,21,-54.50919326857136,1514.9408140268547,1352.1603890313581,141.6323068940405
M2_Macro_Oil_vs_M3_Macro_Oil_RegQuality__primary__Oil_Rent_Intensive_Pre2016_ge15pct,Regulatory_Quality_lag1,primary,Inward_FDI_Net_Flow_asinh,Oil_Rent_Intensive_Pre2016_ge15pct,oil_rent_threshold,15.0,Country_Holdout_CV,fold_0,Ridge,model,M2_Macro_Oil,ARE,14,138.73380905194054,1381.7096056342043,45.838575043085704,24.073108435247445
M2_Macro_Oil_vs_M3_Macro_Oil_RegQuality__primary__Oil_Rent_Intensive_Pre2016_ge15pct,Regulatory_Quality_lag1,primary,Inward_FDI_Net_Flow_asinh,Oil_Rent_Intensive_Pre2016_ge15pct,oil_rent_threshold,15.0,Country_Holdout_CV,fold_0,Ridge,model,M2_Macro_Oil,BHR,23,168.47780673333648,1260.9457411749615,46.36232138948897,29.45686088522427
M2_Macro_Oil_vs_M3_Macro_Oil_RegQuality__primary__Oil_Rent_Intensive_Pre2016_ge15pct,Regulatory_Quality_lag1,primary,Inward_FDI_Net_Flow_asinh,Oil_Rent_Intensive_Pre2016_ge15pct,oil_rent_threshold,15.0,Country_Holdout_CV,fold_0,Ridge,model,M2_Macro_Oil,DZA,21,150.92829332244452,1301.3962317079972,299.2413025168063,37.22095960093387
M2_Macro_Oil_vs_M3_Macro_Oil_RegQuality__primary__Oil_Rent_Intensive_Pre2016_ge15pct,Regulatory_Quality_lag1,primary,Inward_FDI_Net_Flow_asinh,Oil_Rent_Intensive_Pre2016_ge15pct,oil_rent_threshold,15.0,Country_Holdout_CV,fold_0,Ridge,model,M2_Macro_Oil,LBY,11,71.35825467533873,633.5335622786238,152.186691237026,27.92460996052143
M2_Macro_Oil_vs_M3_Macro_Oil_RegQuality__primary__Oil_Rent_Intensive_Pre2016_ge15pct,Regulatory_Quality_lag1,primary,Inward_FDI_Net_Flow_asinh,Oil_Rent_Intensive_Pre2016_ge15pct,oil_rent_threshold,15.0,Country_Holdout_CV,fold_0,Ridge,model,M2_Macro_Oil,NGA,23,186.35916770660864,1729.5759453935145,226.43949745844685,38.156358162534936
M2_Macro_Oil_vs_M3_Macro_Oil_RegQuality__primary__Oil_Rent_Intensive_Pre2016_ge15pct,Regulatory_Quality_lag1,primary,Inward_FDI_Net_Flow_asinh,Oil_Rent_Intensive_Pre2016_ge15pct,oil_rent_threshold,15.0,Country_Holdout_CV,fold_0,Ridge,model,M2_Macro_Oil,RUS,23,222.22815414635923,2627.030410511119,493.41239849455076,50.03793043497643
M2_Macro_Oil_vs_M3_Macro_Oil_RegQuality__primary__Oil_Rent_Intensive_Pre2016_ge15pct,Regulatory_Quality_lag1,primary,Inward_FDI_Net_Flow_asinh,Oil_Rent_Intensive_Pre2016_ge15pct,oil_rent_threshold,15.0,Country_Holdout_CV,fold_0,Ridge,model,M2_Macro_Oil,VEN,6,51.412276120827606,442.6057880375383,87.59394407355006,12.939142818196375
M2_Macro_Oil_vs_M3_Macro_Oil_RegQuality__primary__Oil_Rent_Intensive_Pre2016_ge15pct,Regulatory_Quality_lag1,primary,Inward_FDI_Net_Flow_asinh,Oil_Rent_Intensive_Pre2016_ge15pct,oil_rent_threshold,15.0,Country_Holdout_CV,fold_0,Ridge,model,M3_Macro_Oil_RegQuality,AGO,21,-54.50919326857136,1514.9408140268547,1352.6467002696247,141.64843443253542
M2_Macro_Oil_vs_M3_Macro_Oil_RegQuality__primary__Oil_Rent_Intensive_Pre2016_ge15pct,Regulatory_Quality_lag1,primary,Inward_FDI_Net_Flow_asinh,Oil_Rent_Intensive_Pre2016_ge15pct,oil_rent_threshold,15.0,Country_Holdout_CV,fold_0,Ridge,model,M3_Macro_Oil_RegQuality,ARE,14,138.73380905194054,1381.7096056342043,47.584859417659786,24.5152344483636
M2_Macro_Oil_vs_M3_Macro_Oil_RegQuality__primary__Oil_Rent_Intensive_Pre2016_ge15pct,Regulatory_Quality_lag1,primary,Inward_FDI_Net_Flow_asinh,Oil_Rent_Intensive_Pre2016_ge15pct,oil_rent_threshold,15.0,Country_Holdout_CV,fold_0,Ridge,model,M3_Macro_Oil_RegQuality,BHR,23,168.47780673333648,1260.9457411749615,47.434831732310464,29.791485939624636
M2_Macro_Oil_vs_M3_Macro_Oil_RegQuality__primary__Oil_Rent_Intensive_Pre2016_ge15pct,Regulatory_Quality_lag1,primary,Inward_FDI_Net_Flow_asinh,Oil_Rent_Intensive_Pre2016_ge15pct,oil_rent_threshold,15.0,Country_Holdout_CV,fold_0,Ridge,model,M3_Macro_Oil_RegQuality,DZA,21,150.92829332244452,1301.3962317079972,299.6415114503536,37.089461528103605
M2_Macro_Oil_vs_M3_Macro_Oil_RegQuality__primary__Oil_Rent_Intensive_Pre2016_ge15pct,Regulatory_Quality_lag1,primary,Inward_FDI_Net_Flow_asinh,Oil_Rent_Intensive_Pre2016_ge15pct,oil_rent_threshold,15.0,Country_Holdout_CV,fold_0,Ridge,model,M3_Macro_Oil_RegQuality,LBY,11,71.35825467533873,633.5335622786238,152.18769618275775,27.578955334989892
M2_Macro_Oil_vs_M3_Macro_Oil_RegQuality__primary__Oil_Rent_Intensive_Pre2016_ge15pct,Regulatory_Quality_lag1,primary,Inward_FDI_Net_Flow_asinh,Oil_Rent_Intensive_Pre2016_ge15pct,oil_rent_threshold,15.0,Country_Holdout_CV,fold_0,Ridge,model,M3_Macro_Oil_RegQuality,NGA,23,186.35916770660864,1729.5759453935145,226.86337950571004,38.38753811078719
M2_Macro_Oil_vs_M3_Macro_Oil_RegQuality__primary__Oil_Rent_Intensive_Pre2016_ge15pct,Regulatory_Quality_lag1,primary,Inward_FDI_Net_Flow_asinh,Oil_Rent_Intensive_Pre2016_ge15pct,oil_rent_threshold,15.0,Country_Holdout_CV,fold_0,Ridge,model,M3_Macro_Oil_RegQuality,RUS,23,222.22815414635923,2627.030410511119,493.90094199388955,50.17807030664401
M2_Macro_Oil_vs_M3_Macro_Oil_RegQuality__primary__Oil_Rent_Intensive_Pre2016_ge15pct,Regulatory_Quality_lag1,primary,Inward_FDI_Net_Flow_asinh,Oil_Rent_Intensive_Pre2016_ge15pct,oil_rent_threshold,15.0,Country_Holdout_CV,fold_0,Ridge,model,M3_Macro_Oil_RegQuality,VEN,6,51.412276120827606,442.6057880375383,86.09202821613583,12.691438787464376
M2_Macro_Oil_vs_M3_Macro_Oil_RegQuality__primary__Oil_Rent_Intensive_Pre2016_ge15pct,Regulatory_Quality_lag1,primary,Inward_FDI_Net_Flow_asinh,Oil_Rent_Intensive_Pre2016_ge15pct,oil_rent_threshold,15.0,Country_Holdout_CV,fold_1,Benchmark,benchmark,Lagged_Flow,AZE,21,147.74671917056725,1589.2655752571131,234.50452153817807,23.59694907310162
M2_Macro_Oil_vs_M3_Macro_Oil_RegQuality__primary__Oil_Rent_Intensive_Pre2016_ge15pct,Regulatory_Quality_lag1,primary,Inward_FDI_Net_Flow_asinh,Oil_Rent_Intensive_Pre2016_ge15pct,oil_rent_threshold,15.0,Country_Holdout_CV,fold_1,Benchmark,benchmark,Lagged_Flow,ECU,23,164.40988309205002,1182.1207723050868,126.75298425868836,21.83336417726139
M2_Macro_Oil_vs_M3_Macro_Oil_RegQuality__primary__Oil_Rent_Intensive_Pre2016_ge15pct,Regulatory_Quality_lag1,primary,Inward_FDI_Net_Flow_asinh,Oil_Rent_Intensive_Pre2016_ge15pct,oil_rent_threshold,15.0,Country_Holdout_CV,fold_1,Benchmark,benchmark,Lagged_Flow,EGY,23,191.00584225370844,1851.7116996022658,515.5027764606217,41.260000116760324
M2_Macro_Oil_vs_M3_Macro_Oil_RegQuality__primary__Oil_Rent_Intensive_Pre2016_ge15pct,Regulatory_Quality_lag1,primary,Inward_FDI_Net_Flow_asinh,Oil_Rent_Intensive_Pre2016_ge15pct,oil_rent_threshold,15.0,Country_Holdout_CV,fold_1,Benchmark,benchmark,Lagged_Flow,OMN,20,144.52785390405865,1333.2779499585533,561.970554377367,44.96498540154892
M2_Macro_Oil_vs_M3_Macro_Oil_RegQuality__primary__Oil_Rent_Intensive_Pre2016_ge15pct,Regulatory_Quality_lag1,primary,Inward_FDI_Net_Flow_asinh,Oil_Rent_Intensive_Pre2016_ge15pct,oil_rent_threshold,15.0,Country_Holdout_CV,fold_1,Benchmark,benchmark,Lagged_Flow,PNG,23,88.4676720791797,626.2020540525318,487.2387808044926,59.14420846653432
M2_Macro_Oil_vs_M3_Macro_Oil_RegQuality__primary__Oil_Rent_Intensive_Pre2016_ge15pct,Regulatory_Quality_lag1,primary,Inward_FDI_Net_Flow_asinh,Oil_Rent_Intensive_Pre2016_ge15pct,oil_rent_threshold,15.0,Country_Holdout_CV,fold_1,Benchmark,benchmark,Lagged_Flow,QAT,23,96.5871363055898,1405.3327768588965,850.2353801294048,67.16344324592593
M2_Macro_Oil_vs_M3_Macro_Oil_RegQuality__primary__Oil_Rent_Intensive_Pre2016_ge15pct,Regulatory_Quality_lag1,primary,Inward_FDI_Net_Flow_asinh,Oil_Rent_Intensive_Pre2016_ge15pct,oil_rent_threshold,15.0,Country_Holdout_CV,fold_1,Benchmark,benchmark,Lagged_Flow,SAU,23,155.8279817931204,1757.0521768791382,967.2841746575267,80.83083591567524
M2_Macro_Oil_vs_M3_Macro_Oil_RegQuality__primary__Oil_Rent_Intensive_Pre2016_ge15pct,Regulatory_Quality_lag1,primary,Inward_FDI_Net_Flow_asinh,Oil_Rent_Intensive_Pre2016_ge15pct,oil_rent_threshold,15.0,Country_Holdout_CV,fold_1,Benchmark,benchmark,Lagged_Flow,TLS,7,-4.236303618682487,169.3906330698152,233.02805987569354,26.55645907551188
M2_Macro_Oil_vs_M3_Macro_Oil_RegQuality__primary__Oil_Rent_Intensive_Pre2016_ge15pct,Regulatory_Quality_lag1,primary,Inward_FDI_Net_Flow_asinh,Oil_Rent_Intensive_Pre2016_ge15pct,oil_rent_threshold,15.0,Country_Holdout_CV,fold_1,Benchmark,benchmark,Training_Mean,AZE,21,147.74671917056725,1589.2655752571131,602.888131141676,89.64620659958122
M2_Macro_Oil_vs_M3_Macro_Oil_RegQuality__primary__Oil_Rent_Intensive_Pre2016_ge15pct,Regulatory_Quality_lag1,primary,Inward_FDI_Net_Flow_asinh,Oil_Rent_Intensive_Pre2016_ge15pct,oil_rent_threshold,15.0,Country_Holdout_CV,fold_1,Benchmark,benchmark,Training_Mean,ECU,23,164.40988309205002,1182.1207723050868,73.57334059341116,39.1665511498398
M2_Macro_Oil_vs_M3_Macro_Oil_RegQuality__primary__Oil_Rent_Intensive_Pre2016_ge15pct,Regulatory_Quality_lag1,primary,Inward_FDI_Net_Flow_asinh,Oil_Rent_Intensive_Pre2016_ge15pct,oil_rent_threshold,15.0,Country_Holdout_CV,fold_1,Benchmark,benchmark,Training_Mean,EGY,23,191.00584225370844,1851.7116996022658,453.5150034031944,90.39832202059075
M2_Macro_Oil_vs_M3_Macro_Oil_RegQuality__primary__Oil_Rent_Intensive_Pre2016_ge15pct,Regulatory_Quality_lag1,primary,Inward_FDI_Net_Flow_asinh,Oil_Rent_Intensive_Pre2016_ge15pct,oil_rent_threshold,15.0,Country_Holdout_CV,fold_1,Benchmark,benchmark,Training_Mean,OMN,20,144.52785390405865,1333.2779499585533,352.304310592342,66.41768075437247
M2_Macro_Oil_vs_M3_Macro_Oil_RegQuality__primary__Oil_Rent_Intensive_Pre2016_ge15pct,Regulatory_Quality_lag1,primary,Inward_FDI_Net_Flow_asinh,Oil_Rent_Intensive_Pre2016_ge15pct,oil_rent_threshold,15.0,Country_Holdout_CV,fold_1,Benchmark,benchmark,Training_Mean,PNG,23,88.4676720791797,626.2020540525318,344.72032167218583,51.179818874881356
M2_Macro_Oil_vs_M3_Macro_Oil_RegQuality__primary__Oil_Rent_Intensive_Pre2016_ge15pct,Regulatory_Quality_lag1,primary,Inward_FDI_Net_Flow_asinh,Oil_Rent_Intensive_Pre2016_ge15pct,oil_rent_threshold,15.0,Country_Holdout_CV,fold_1,Benchmark,benchmark,Training_Mean,QAT,23,96.5871363055898,1405.3327768588965,1035.4241963654042,107.93448921775537
M2_Macro_Oil_vs_M3_Macro_Oil_RegQuality__primary__Oil_Rent_Intensive_Pre2016_ge15pct,Regulatory_Quality_lag1,primary,Inward_FDI_Net_Flow_asinh,Oil_Rent_Intensive_Pre2016_ge15pct,oil_rent_threshold,15.0,Country_Holdout_CV,fold_1,Benchmark,benchmark,Training_Mean,SAU,23,155.8279817931204,1757.0521768791382,741.9678680437348,108.65212802964885
M2_Macro_Oil_vs_M3_Macro_Oil_RegQuality__primary__Oil_Rent_Intensive_Pre2016_ge15pct,Regulatory_Quality_lag1,primary,Inward_FDI_Net_Flow_asinh,Oil_Rent_Intensive_Pre2016_ge15pct,oil_rent_threshold,15.0,Country_Holdout_CV,fold_1,Benchmark,benchmark,Training_Mean,TLS,7,-4.236303618682487,169.3906330698152,423.0908396232139,42.35383942718125
M2_Macro_Oil_vs_M3_Macro_Oil_RegQuality__primary__Oil_Rent_Intensive_Pre2016_ge15pct,Regulatory_Quality_lag1,primary,Inward_FDI_Net_Flow_asinh,Oil_Rent_Intensive_Pre2016_ge15pct,oil_rent_threshold,15.0,Country_Holdout_CV,fold_1,Benchmark,benchmark,Zero_Flow,AZE,21,147.74671917056725,1589.2655752571131,1589.2655752571131,182.21736499164965
M2_Macro_Oil_vs_M3_Macro_Oil_RegQuality__primary__Oil_Rent_Intensive_Pre2016_ge15pct,Regulatory_Quality_lag1,primary,Inward_FDI_Net_Flow_asinh,Oil_Rent_Intensive_Pre2016_ge15pct,oil_rent_threshold,15.0,Country_Holdout_CV,fold_1,Benchmark,benchmark,Zero_Flow,ECU,23,164.40988309205002,1182.1207723050868,1182.1207723050868,164.40988309205002
M2_Macro_Oil_vs_M3_Macro_Oil_RegQuality__primary__Oil_Rent_Intensive_Pre2016_ge15pct,Regulatory_Quality_lag1,primary,Inward_FDI_Net_Flow_asinh,Oil_Rent_Intensive_Pre2016_ge15pct,oil_rent_threshold,15.0,Country_Holdout_CV,fold_1,Benchmark,benchmark,Zero_Flow,EGY,23,191.00584225370844,1851.7116996022658,1851.7116996022658,204.75092944608704
M2_Macro_Oil_vs_M3_Macro_Oil_RegQuality__primary__Oil_Rent_Intensive_Pre2016_ge15pct,Regulatory_Quality_lag1,primary,Inward_FDI_Net_Flow_asinh,Oil_Rent_Intensive_Pre2016_ge15pct,oil_rent_threshold,15.0,Country_Holdout_CV,fold_1,Benchmark,benchmark,Zero_Flow,OMN,20,144.52785390405865,1333.2779499585533,1333.2779499585533,161.28135323471946
M2_Macro_Oil_vs_M3_Macro_Oil_RegQuality__primary__Oil_Rent_Intensive_Pre2016_ge15pct,Regulatory_Quality_lag1,primary,Inward_FDI_Net_Flow_asinh,Oil_Rent_Intensive_Pre2016_ge15pct,oil_rent_threshold,15.0,Country_Holdout_CV,fold_1,Benchmark,benchmark,Zero_Flow,PNG,23,88.4676720791797,626.2020540525318,626.2020540525318,117.41515675428616
M2_Macro_Oil_vs_M3_Macro_Oil_RegQuality__primary__Oil_Rent_Intensive_Pre2016_ge15pct,Regulatory_Quality_lag1,primary,Inward_FDI_Net_Flow_asinh,Oil_Rent_Intensive_Pre2016_ge15pct,oil_rent_threshold,15.0,Country_Holdout_CV,fold_1,Benchmark,benchmark,Zero_Flow,QAT,23,96.5871363055898,1405.3327768588965,1405.3327768588965,177.8387267611626
M2_Macro_Oil_vs_M3_Macro_Oil_RegQuality__primary__Oil_Rent_Intensive_Pre2016_ge15pct,Regulatory_Quality_lag1,primary,Inward_FDI_Net_Flow_asinh,Oil_Rent_Intensive_Pre2016_ge15pct,oil_rent_threshold,15.0,Country_Holdout_CV,fold_1,Benchmark,benchmark,Zero_Flow,SAU,23,155.8279817931204,1757.0521768791382,1757.0521768791382,197.67528785843038
M2_Macro_Oil_vs_M3_Macro_Oil_RegQuality__primary__Oil_Rent_Intensive_Pre2016_ge15pct,Regulatory_Quality_lag1,primary,Inward_FDI_Net_Flow_asinh,Oil_Rent_Intensive_Pre2016_ge15pct,oil_rent_threshold,15.0,Country_Holdout_CV,fold_1,Benchmark,benchmark,Zero_Flow,TLS,7,-4.236303618682487,169.3906330698152,169.3906330698152,32.72478654138365
M2_Macro_Oil_vs_M3_Macro_Oil_RegQuality__primary__Oil_Rent_Intensive_Pre2016_ge15pct,Regulatory_Quality_lag1,primary,Inward_FDI_Net_Flow_asinh,Oil_Rent_Intensive_Pre2016_ge15pct,oil_rent_threshold,15.0,Country_Holdout_CV,fold_1,ElasticNet,model,M2_Macro_Oil,AZE,21,147.74671917056725,1589.2655752571131,302.07477167520057,45.71849589430491
M2_Macro_Oil_vs_M3_Macro_Oil_RegQuality__primary__Oil_Rent_Intensive_Pre2016_ge15pct,Regulatory_Quality_lag1,primary,Inward_FDI_Net_Flow_asinh,Oil_Rent_Intensive_Pre2016_ge15pct,oil_rent_threshold,15.0,Country_Holdout_CV,fold_1,ElasticNet,model,M2_Macro_Oil,ECU,23,164.40988309205002,1182.1207723050868,50.31232969195979,16.475852001628986
M2_Macro_Oil_vs_M3_Macro_Oil_RegQuality__primary__Oil_Rent_Intensive_Pre2016_ge15pct,Regulatory_Quality_lag1,primary,Inward_FDI_Net_Flow_asinh,Oil_Rent_Intensive_Pre2016_ge15pct,oil_rent_threshold,15.0,Country_Holdout_CV,fold_1,ElasticNet,model,M2_Macro_Oil,EGY,23,191.00584225370844,1851.7116996022658,359.78862767779856,43.008591229519794
M2_Macro_Oil_vs_M3_Macro_Oil_RegQuality__primary__Oil_Rent_Intensive_Pre2016_ge15pct,Regulatory_Quality_lag1,primary,Inward_FDI_Net_Flow_asinh,Oil_Rent_Intensive_Pre2016_ge15pct,oil_rent_threshold,15.0,Country_Holdout_CV,fold_1,ElasticNet,model,M2_Macro_Oil,OMN,20,144.52785390405865,1333.2779499585533,396.5463061630703,51.6015136430689
M2_Macro_Oil_vs_M3_Macro_Oil_RegQuality__primary__Oil_Rent_Intensive_Pre2016_ge15pct,Regulatory_Quality_lag1,primary,Inward_FDI_Net_Flow_asinh,Oil_Rent_Intensive_Pre2016_ge15pct,oil_rent_threshold,15.0,Country_Holdout_CV,fold_1,ElasticNet,model,M2_Macro_Oil,PNG,23,88.4676720791797,626.2020540525318,349.46429422450785,54.523162182921205
M2_Macro_Oil_vs_M3_Macro_Oil_RegQuality__primary__Oil_Rent_Intensive_Pre2016_ge15pct,Regulatory_Quality_lag1,primary,Inward_FDI_Net_Flow_asinh,Oil_Rent_Intensive_Pre2016_ge15pct,oil_rent_threshold,15.0,Country_Holdout_CV,fold_1,ElasticNet,model,M2_Macro_Oil,QAT,23,96.5871363055898,1405.3327768588965,698.470733812286,80.39392783326208
M2_Macro_Oil_vs_M3_Macro_Oil_RegQuality__primary__Oil_Rent_Intensive_Pre2016_ge15pct,Regulatory_Quality_lag1,primary,Inward_FDI_Net_Flow_asinh,Oil_Rent_Intensive_Pre2016_ge15pct,oil_rent_threshold,15.0,Country_Holdout_CV,fold_1,ElasticNet,model,M2_Macro_Oil,SAU,23,155.8279817931204,1757.0521768791382,643.6934622944752,83.77269056494063
M2_Macro_Oil_vs_M3_Macro_Oil_RegQuality__primary__Oil_Rent_Intensive_Pre2016_ge15pct,Regulatory_Quality_lag1,primary,Inward_FDI_Net_Flow_asinh,Oil_Rent_Intensive_Pre2016_ge15pct,oil_rent_threshold,15.0,Country_Holdout_CV,fold_1,ElasticNet,model,M2_Macro_Oil,TLS,7,-4.236303618682487,169.3906330698152,198.68853488238614,29.79093119085315
M2_Macro_Oil_vs_M3_Macro_Oil_RegQuality__primary__Oil_Rent_Intensive_Pre2016_ge15pct,Regulatory_Quality_lag1,primary,Inward_FDI_Net_Flow_asinh,Oil_Rent_Intensive_Pre2016_ge15pct,oil_rent_threshold,15.0,Country_Holdout_CV,fold_1,ElasticNet,model,M3_Macro_Oil_RegQuality,AZE,21,147.74671917056725,1589.2655752571131,301.8565242919195,45.97099909816928
M2_Macro_Oil_vs_M3_Macro_Oil_RegQuality__primary__Oil_Rent_Intensive_Pre2016_ge15pct,Regulatory_Quality_lag1,primary,Inward_FDI_Net_Flow_asinh,Oil_Rent_Intensive_Pre2016_ge15pct,oil_rent_threshold,15.0,Country_Holdout_CV,fold_1,ElasticNet,model,M3_Macro_Oil_RegQuality,ECU,23,164.40988309205002,1182.1207723050868,50.517227869883605,16.432898789866595
M2_Macro_Oil_vs_M3_Macro_Oil_RegQuality__primary__Oil_Rent_Intensive_Pre2016_ge15pct,Regulatory_Quality_lag1,primary,Inward_FDI_Net_Flow_asinh,Oil_Rent_Intensive_Pre2016_ge15pct,oil_rent_threshold,15.0,Country_Holdout_CV,fold_1,ElasticNet,model,M3_Macro_Oil_RegQuality,EGY,23,191.00584225370844,1851.7116996022658,359.910046301427,43.4317833860662
M2_Macro_Oil_vs_M3_Macro_Oil_RegQuality__primary__Oil_Rent_Intensive_Pre2016_ge15pct,Regulatory_Quality_lag1,primary,Inward_FDI_Net_Flow_asinh,Oil_Rent_Intensive_Pre2016_ge15pct,oil_rent_threshold,15.0,Country_Holdout_CV,fold_1,ElasticNet,model,M3_Macro_Oil_RegQuality,OMN,20,144.52785390405865,1333.2779499585533,398.6049129170518,52.524243399952034
M2_Macro_Oil_vs_M3_Macro_Oil_RegQuality__primary__Oil_Rent_Intensive_Pre2016_ge15pct,Regulatory_Quality_lag1,primary,Inward_FDI_Net_Flow_asinh,Oil_Rent_Intensive_Pre2016_ge15pct,oil_rent_threshold,15.0,Country_Holdout_CV,fold_1,ElasticNet,model,M3_Macro_Oil_RegQuality,PNG,23,88.4676720791797,626.2020540525318,349.67914576736257,54.68639188702416
M2_Macro_Oil_vs_M3_Macro_Oil_RegQuality__primary__Oil_Rent_Intensive_Pre2016_ge15pct,Regulatory_Quality_lag1,primary,Inward_FDI_Net_Flow_asinh,Oil_Rent_Intensive_Pre2016_ge15pct,oil_rent_threshold,15.0,Country_Holdout_CV,fold_1,ElasticNet,model,M3_Macro_Oil_RegQuality,QAT,23,96.5871363055898,1405.3327768588965,698.019181769849,80.37627400085769
M2_Macro_Oil_vs_M3_Macro_Oil_RegQuality__primary__Oil_Rent_Intensive_Pre2016_ge15pct,Regulatory_Quality_lag1,primary,Inward_FDI_Net_Flow_asinh,Oil_Rent_Intensive_Pre2016_ge15pct,oil_rent_threshold,15.0,Country_Holdout_CV,fold_1,ElasticNet,model,M3_Macro_Oil_RegQuality,SAU,23,155.8279817931204,1757.0521768791382,647.1840522314305,84.33838916320975
M2_Macro_Oil_vs_M3_Macro_Oil_RegQuality__primary__Oil_Rent_Intensive_Pre2016_ge15pct,Regulatory_Quality_lag1,primary,Inward_FDI_Net_Flow_asinh,Oil_Rent_Intensive_Pre2016_ge15pct,oil_rent_threshold,15.0,Country_Holdout_CV,fold_1,ElasticNet,model,M3_Macro_Oil_RegQuality,TLS,7,-4.236303618682487,169.3906330698152,199.19013546080333,29.83668139462217
M2_Macro_Oil_vs_M3_Macro_Oil_RegQuality__primary__Oil_Rent_Intensive_Pre2016_ge15pct,Regulatory_Quality_lag1,primary,Inward_FDI_Net_Flow_asinh,Oil_Rent_Intensive_Pre2016_ge15pct,oil_rent_threshold,15.0,Country_Holdout_CV,fold_1,RandomForest,model,M2_Macro_Oil,AZE,21,147.74671917056725,1589.2655752571131,293.0771797394152,50.60570339774901
M2_Macro_Oil_vs_M3_Macro_Oil_RegQuality__primary__Oil_Rent_Intensive_Pre2016_ge15pct,Regulatory_Quality_lag1,primary,Inward_FDI_Net_Flow_asinh,Oil_Rent_Intensive_Pre2016_ge15pct,oil_rent_threshold,15.0,Country_Holdout_CV,fold_1,RandomForest,model,M2_Macro_Oil,ECU,23,164.40988309205002,1182.1207723050868,97.85236238060519,26.567492465908934
M2_Macro_Oil_vs_M3_Macro_Oil_RegQuality__primary__Oil_Rent_Intensive_Pre2016_ge15pct,Regulatory_Quality_lag1,primary,Inward_FDI_Net_Flow_asinh,Oil_Rent_Intensive_Pre2016_ge15pct,oil_rent_threshold,15.0,Country_Holdout_CV,fold_1,RandomForest,model,M2_Macro_Oil,EGY,23,191.00584225370844,1851.7116996022658,325.3964396774745,39.9728923614168
M2_Macro_Oil_vs_M3_Macro_Oil_RegQuality__primary__Oil_Rent_Intensive_Pre2016_ge15pct,Regulatory_Quality_lag1,primary,Inward_FDI_Net_Flow_asinh,Oil_Rent_Intensive_Pre2016_ge15pct,oil_rent_threshold,15.0,Country_Holdout_CV,fold_1,RandomForest,model,M2_Macro_Oil,OMN,20,144.52785390405865,1333.2779499585533,516.872514655135,64.78586606321079
M2_Macro_Oil_vs_M3_Macro_Oil_RegQuality__primary__Oil_Rent_Intensive_Pre2016_ge15pct,Regulatory_Quality_lag1,primary,Inward_FDI_Net_Flow_asinh,Oil_Rent_Intensive_Pre2016_ge15pct,oil_rent_threshold,15.0,Country_Holdout_CV,fold_1,RandomForest,model,M2_Macro_Oil,PNG,23,88.4676720791797,626.2020540525318,386.7220582053027,75.50830374065026
M2_Macro_Oil_vs_M3_Macro_Oil_RegQuality__primary__Oil_Rent_Intensive_Pre2016_ge15pct,Regulatory_Quality_lag1,primary,Inward_FDI_Net_Flow_asinh,Oil_Rent_Intensive_Pre2016_ge15pct,oil_rent_threshold,15.0,Country_Holdout_CV,fold_1,RandomForest,model,M2_Macro_Oil,QAT,23,96.5871363055898,1405.3327768588965,559.5517904692326,76.78739598854915
M2_Macro_Oil_vs_M3_Macro_Oil_RegQuality__primary__Oil_Rent_Intensive_Pre2016_ge15pct,Regulatory_Quality_lag1,primary,Inward_FDI_Net_Flow_asinh,Oil_Rent_Intensive_Pre2016_ge15pct,oil_rent_threshold,15.0,Country_Holdout_CV,fold_1,RandomForest,model,M2_Macro_Oil,SAU,23,155.8279817931204,1757.0521768791382,693.9340831673595,96.63029279872607
M2_Macro_Oil_vs_M3_Macro_Oil_RegQuality__primary__Oil_Rent_Intensive_Pre2016_ge15pct,Regulatory_Quality_lag1,primary,Inward_FDI_Net_Flow_asinh,Oil_Rent_Intensive_Pre2016_ge15pct,oil_rent_threshold,15.0,Country_Holdout_CV,fold_1,RandomForest,model,M2_Macro_Oil,TLS,7,-4.236303618682487,169.3906330698152,342.81824689841625,40.65903281650733
M2_Macro_Oil_vs_M3_Macro_Oil_RegQuality__primary__Oil_Rent_Intensive_Pre2016_ge15pct,Regulatory_Quality_lag1,primary,Inward_FDI_Net_Flow_asinh,Oil_Rent_Intensive_Pre2016_ge15pct,oil_rent_threshold,15.0,Country_Holdout_CV,fold_1,RandomForest,model,M3_Macro_Oil_RegQuality,AZE,21,147.74671917056725,1589.2655752571131,293.2214094092361,49.60659105675346
M2_Macro_Oil_vs_M3_Macro_Oil_RegQuality__primary__Oil_Rent_Intensive_Pre2016_ge15pct,Regulatory_Quality_lag1,primary,Inward_FDI_Net_Flow_asinh,Oil_Rent_Intensive_Pre2016_ge15pct,oil_rent_threshold,15.0,Country_Holdout_CV,fold_1,RandomForest,model,M3_Macro_Oil_RegQuality,ECU,23,164.40988309205002,1182.1207723050868,99.70971432549186,29.84293789585532
M2_Macro_Oil_vs_M3_Macro_Oil_RegQuality__primary__Oil_Rent_Intensive_Pre2016_ge15pct,Regulatory_Quality_lag1,primary,Inward_FDI_Net_Flow_asinh,Oil_Rent_Intensive_Pre2016_ge15pct,oil_rent_threshold,15.0,Country_Holdout_CV,fold_1,RandomForest,model,M3_Macro_Oil_RegQuality,EGY,23,191.00584225370844,1851.7116996022658,327.6590800092145,38.639516377884235
M2_Macro_Oil_vs_M3_Macro_Oil_RegQuality__primary__Oil_Rent_Intensive_Pre2016_ge15pct,Regulatory_Quality_lag1,primary,Inward_FDI_Net_Flow_asinh,Oil_Rent_Intensive_Pre2016_ge15pct,oil_rent_threshold,15.0,Country_Holdout_CV,fold_1,RandomForest,model,M3_Macro_Oil_RegQuality,OMN,20,144.52785390405865,1333.2779499585533,438.70206014355466,58.03511568247246
M2_Macro_Oil_vs_M3_Macro_Oil_RegQuality__primary__Oil_Rent_Intensive_Pre2016_ge15pct,Regulatory_Quality_lag1,primary,Inward_FDI_Net_Flow_asinh,Oil_Rent_Intensive_Pre2016_ge15pct,oil_rent_threshold,15.0,Country_Holdout_CV,fold_1,RandomForest,model,M3_Macro_Oil_RegQuality,PNG,23,88.4676720791797,626.2020540525318,376.84522375153887,75.13742940802749
M2_Macro_Oil_vs_M3_Macro_Oil_RegQuality__primary__Oil_Rent_Intensive_Pre2016_ge15pct,Regulatory_Quality_lag1,primary,Inward_FDI_Net_Flow_asinh,Oil_Rent_Intensive_Pre2016_ge15pct,oil_rent_threshold,15.0,Country_Holdout_CV,fold_1,RandomForest,model,M3_Macro_Oil_RegQuality,QAT,23,96.5871363055898,1405.3327768588965,581.1750409438888,73.52903100047851
M2_Macro_Oil_vs_M3_Macro_Oil_RegQuality__primary__Oil_Rent_Intensive_Pre2016_ge15pct,Regulatory_Quality_lag1,primary,Inward_FDI_Net_Flow_asinh,Oil_Rent_Intensive_Pre2016_ge15pct,oil_rent_threshold,15.0,Country_Holdout_CV,fold_1,RandomForest,model,M3_Macro_Oil_RegQuality,SAU,23,155.8279817931204,1757.0521768791382,708.6487685042032,92.03981235599777
M2_Macro_Oil_vs_M3_Macro_Oil_RegQuality__primary__Oil_Rent_Intensive_Pre2016_ge15pct,Regulatory_Quality_lag1,primary,Inward_FDI_Net_Flow_asinh,Oil_Rent_Intensive_Pre2016_ge15pct,oil_rent_threshold,15.0,Country_Holdout_CV,fold_1,RandomForest,model,M3_Macro_Oil_RegQuality,TLS,7,-4.236303618682487,169.3906330698152,353.9064604469437,42.38574777146634
M2_Macro_Oil_vs_M3_Macro_Oil_RegQuality__primary__Oil_Rent_Intensive_Pre2016_ge15pct,Regulatory_Quality_lag1,primary,Inward_FDI_Net_Flow_asinh,Oil_Rent_Intensive_Pre2016_ge15pct,oil_rent_threshold,15.0,Country_Holdout_CV,fold_1,Ridge,model,M2_Macro_Oil,AZE,21,147.74671917056725,1589.2655752571131,301.39961609869914,45.434170212429976
M2_Macro_Oil_vs_M3_Macro_Oil_RegQuality__primary__Oil_Rent_Intensive_Pre2016_ge15pct,Regulatory_Quality_lag1,primary,Inward_FDI_Net_Flow_asinh,Oil_Rent_Intensive_Pre2016_ge15pct,oil_rent_threshold,15.0,Country_Holdout_CV,fold_1,Ridge,model,M2_Macro_Oil,ECU,23,164.40988309205002,1182.1207723050868,50.15174715163904,16.45511302453021
M2_Macro_Oil_vs_M3_Macro_Oil_RegQuality__primary__Oil_Rent_Intensive_Pre2016_ge15pct,Regulatory_Quality_lag1,primary,Inward_FDI_Net_Flow_asinh,Oil_Rent_Intensive_Pre2016_ge15pct,oil_rent_threshold,15.0,Country_Holdout_CV,fold_1,Ridge,model,M2_Macro_Oil,EGY,23,191.00584225370844,1851.7116996022658,360.11058622773646,42.63580813725151
M2_Macro_Oil_vs_M3_Macro_Oil_RegQuality__primary__Oil_Rent_Intensive_Pre2016_ge15pct,Regulatory_Quality_lag1,primary,Inward_FDI_Net_Flow_asinh,Oil_Rent_Intensive_Pre2016_ge15pct,oil_rent_threshold,15.0,Country_Holdout_CV,fold_1,Ridge,model,M2_Macro_Oil,OMN,20,144.52785390405865,1333.2779499585533,397.17891677058384,51.606028787737344
M2_Macro_Oil_vs_M3_Macro_Oil_RegQuality__primary__Oil_Rent_Intensive_Pre2016_ge15pct,Regulatory_Quality_lag1,primary,Inward_FDI_Net_Flow_asinh,Oil_Rent_Intensive_Pre2016_ge15pct,oil_rent_threshold,15.0,Country_Holdout_CV,fold_1,Ridge,model,M2_Macro_Oil,PNG,23,88.4676720791797,626.2020540525318,350.07149264429546,54.58505647296354
M2_Macro_Oil_vs_M3_Macro_Oil_RegQuality__primary__Oil_Rent_Intensive_Pre2016_ge15pct,Regulatory_Quality_lag1,primary,Inward_FDI_Net_Flow_asinh,Oil_Rent_Intensive_Pre2016_ge15pct,oil_rent_threshold,15.0,Country_Holdout_CV,fold_1,Ridge,model,M2_Macro_Oil,QAT,23,96.5871363055898,1405.3327768588965,698.2145578170492,80.39965344001334
M2_Macro_Oil_vs_M3_Macro_Oil_RegQuality__primary__Oil_Rent_Intensive_Pre2016_ge15pct,Regulatory_Quality_lag1,primary,Inward_FDI_Net_Flow_asinh,Oil_Rent_Intensive_Pre2016_ge15pct,oil_rent_threshold,15.0,Country_Holdout_CV,fold_1,Ridge,model,M2_Macro_Oil,SAU,23,155.8279817931204,1757.0521768791382,645.2418625515091,83.81013617486288
M2_Macro_Oil_vs_M3_Macro_Oil_RegQuality__primary__Oil_Rent_Intensive_Pre2016_ge15pct,Regulatory_Quality_lag1,primary,Inward_FDI_Net_Flow_asinh,Oil_Rent_Intensive_Pre2016_ge15pct,oil_rent_threshold,15.0,Country_Holdout_CV,fold_1,Ridge,model,M2_Macro_Oil,TLS,7,-4.236303618682487,169.3906330698152,198.81608637659878,29.789321182754673
M2_Macro_Oil_vs_M3_Macro_Oil_RegQuality__primary__Oil_Rent_Intensive_Pre2016_ge15pct,Regulatory_Quality_lag1,primary,Inward_FDI_Net_Flow_asinh,Oil_Rent_Intensive_Pre2016_ge15pct,oil_rent_threshold,15.0,Country_Holdout_CV,fold_1,Ridge,model,M3_Macro_Oil_RegQuality,AZE,21,147.74671917056725,1589.2655752571131,301.1414979887106,45.76457631313652
M2_Macro_Oil_vs_M3_Macro_Oil_RegQuality__primary__Oil_Rent_Intensive_Pre2016_ge15pct,Regulatory_Quality_lag1,primary,Inward_FDI_Net_Flow_asinh,Oil_Rent_Intensive_Pre2016_ge15pct,oil_rent_threshold,15.0,Country_Holdout_CV,fold_1,Ridge,model,M3_Macro_Oil_RegQuality,ECU,23,164.40988309205002,1182.1207723050868,50.44896501283178,16.402840405684103
M2_Macro_Oil_vs_M3_Macro_Oil_RegQuality__primary__Oil_Rent_Intensive_Pre2016_ge15pct,Regulatory_Quality_lag1,primary,Inward_FDI_Net_Flow_asinh,Oil_Rent_Intensive_Pre2016_ge15pct,oil_rent_threshold,15.0,Country_Holdout_CV,fold_1,Ridge,model,M3_Macro_Oil_RegQuality,EGY,23,191.00584225370844,1851.7116996022658,360.2498970748464,43.17818397232611
M2_Macro_Oil_vs_M3_Macro_Oil_RegQuality__primary__Oil_Rent_Intensive_Pre2016_ge15pct,Regulatory_Quality_lag1,primary,Inward_FDI_Net_Flow_asinh,Oil_Rent_Intensive_Pre2016_ge15pct,oil_rent_threshold,15.0,Country_Holdout_CV,fold_1,Ridge,model,M3_Macro_Oil_RegQuality,OMN,20,144.52785390405865,1333.2779499585533,399.7720831028037,52.755493587811365
M2_Macro_Oil_vs_M3_Macro_Oil_RegQuality__primary__Oil_Rent_Intensive_Pre2016_ge15pct,Regulatory_Quality_lag1,primary,Inward_FDI_Net_Flow_asinh,Oil_Rent_Intensive_Pre2016_ge15pct,oil_rent_threshold,15.0,Country_Holdout_CV,fold_1,Ridge,model,M3_Macro_Oil_RegQuality,PNG,23,88.4676720791797,626.2020540525318,350.3703256429665,54.80808174337352
M2_Macro_Oil_vs_M3_Macro_Oil_RegQuality__primary__Oil_Rent_Intensive_Pre2016_ge15pct,Regulatory_Quality_lag1,primary,Inward_FDI_Net_Flow_asinh,Oil_Rent_Intensive_Pre2016_ge15pct,oil_rent_threshold,15.0,Country_Holdout_CV,fold_1,Ridge,model,M3_Macro_Oil_RegQuality,QAT,23,96.5871363055898,1405.3327768588965,697.7079130689405,80.37037610485825
M2_Macro_Oil_vs_M3_Macro_Oil_RegQuality__primary__Oil_Rent_Intensive_Pre2016_ge15pct,Regulatory_Quality_lag1,primary,Inward_FDI_Net_Flow_asinh,Oil_Rent_Intensive_Pre2016_ge15pct,oil_rent_threshold,15.0,Country_Holdout_CV,fold_1,Ridge,model,M3_Macro_Oil_RegQuality,SAU,23,155.8279817931204,1757.0521768791382,649.5885305114538,84.50867452181159
M2_Macro_Oil_vs_M3_Macro_Oil_RegQuality__primary__Oil_Rent_Intensive_Pre2016_ge15pct,Regulatory_Quality_lag1,primary,Inward_FDI_Net_Flow_asinh,Oil_Rent_Intensive_Pre2016_ge15pct,oil_rent_threshold,15.0,Country_Holdout_CV,fold_1,Ridge,model,M3_Macro_Oil_RegQuality,TLS,7,-4.236303618682487,169.3906330698152,199.3937981325961,29.842292075665583
M2_Macro_Oil_vs_M3_Macro_Oil_RegQuality__primary__Oil_Rent_Intensive_Pre2016_ge15pct,Regulatory_Quality_lag1,primary,Inward_FDI_Net_Flow_asinh,Oil_Rent_Intensive_Pre2016_ge15pct,oil_rent_threshold,15.0,Country_Holdout_CV,fold_2,Benchmark,benchmark,Lagged_Flow,KWT,22,72.623241777002,855.2543068005269,781.0742560866073,87.76031690412317
M2_Macro_Oil_vs_M3_Macro_Oil_RegQuality__primary__Oil_Rent_Intensive_Pre2016_ge15pct,Regulatory_Quality_lag1,primary,Inward_FDI_Net_Flow_asinh,Oil_Rent_Intensive_Pre2016_ge15pct,oil_rent_threshold,15.0,Country_Holdout_CV,fold_2,Benchmark,benchmark,Lagged_Flow,SSD,4,-9.070740197589888,62.750642934522844,250.26007794192697,25.0831573652892
M2_Macro_Oil_vs_M3_Macro_Oil_RegQuality__primary__Oil_Rent_Intensive_Pre2016_ge15pct,Regulatory_Quality_lag1,primary,Inward_FDI_Net_Flow_asinh,Oil_Rent_Intensive_Pre2016_ge15pct,oil_rent_threshold,15.0,Country_Holdout_CV,fold_2,Benchmark,benchmark,Lagged_Flow,TTO,21,65.06548324451491,1069.145328706242,1139.0309366577935,94.16071681552833
M2_Macro_Oil_vs_M3_Macro_Oil_RegQuality__primary__Oil_Rent_Intensive_Pre2016_ge15pct,Regulatory_Quality_lag1,primary,Inward_FDI_Net_Flow_asinh,Oil_Rent_Intensive_Pre2016_ge15pct,oil_rent_threshold,15.0,Country_Holdout_CV,fold_2,Benchmark,benchmark,Training_Mean,KWT,22,72.623241777002,855.2543068005269,761.0430617735572,86.4322910394495
M2_Macro_Oil_vs_M3_Macro_Oil_RegQuality__primary__Oil_Rent_Intensive_Pre2016_ge15pct,Regulatory_Quality_lag1,primary,Inward_FDI_Net_Flow_asinh,Oil_Rent_Intensive_Pre2016_ge15pct,oil_rent_threshold,15.0,Country_Holdout_CV,fold_2,Benchmark,benchmark,Training_Mean,SSD,4,-9.070740197589888,62.750642934522844,307.26091665355034,32.562546316409026
M2_Macro_Oil_vs_M3_Macro_Oil_RegQuality__primary__Oil_Rent_Intensive_Pre2016_ge15pct,Regulatory_Quality_lag1,primary,Inward_FDI_Net_Flow_asinh,Oil_Rent_Intensive_Pre2016_ge15pct,oil_rent_threshold,15.0,Country_Holdout_CV,fold_2,Benchmark,benchmark,Training_Mean,TTO,21,65.06548324451491,1069.145328706242,1029.2152230780293,98.04520920725685
M2_Macro_Oil_vs_M3_Macro_Oil_RegQuality__primary__Oil_Rent_Intensive_Pre2016_ge15pct,Regulatory_Quality_lag1,primary,Inward_FDI_Net_Flow_asinh,Oil_Rent_Intensive_Pre2016_ge15pct,oil_rent_threshold,15.0,Country_Holdout_CV,fold_2,Benchmark,benchmark,Zero_Flow,KWT,22,72.623241777002,855.2543068005269,855.2543068005269,132.35232156942484
M2_Macro_Oil_vs_M3_Macro_Oil_RegQuality__primary__Oil_Rent_Intensive_Pre2016_ge15pct,Regulatory_Quality_lag1,primary,Inward_FDI_Net_Flow_asinh,Oil_Rent_Intensive_Pre2016_ge15pct,oil_rent_threshold,15.0,Country_Holdout_CV,fold_2,Benchmark,benchmark,Zero_Flow,SSD,4,-9.070740197589888,62.750642934522844,62.750642934522844,11.18258780974218
M2_Macro_Oil_vs_M3_Macro_Oil_RegQuality__primary__Oil_Rent_Intensive_Pre2016_ge15pct,Regulatory_Quality_lag1,primary,Inward_FDI_Net_Flow_asinh,Oil_Rent_Intensive_Pre2016_ge15pct,oil_rent_threshold,15.0,Country_Holdout_CV,fold_2,Benchmark,benchmark,Zero_Flow,TTO,21,65.06548324451491,1069.145328706242,1069.145328706242,147.96270065597557
M2_Macro_Oil_vs_M3_Macro_Oil_RegQuality__primary__Oil_Rent_Intensive_Pre2016_ge15pct,Regulatory_Quality_lag1,primary,Inward_FDI_Net_Flow_asinh,Oil_Rent_Intensive_Pre2016_ge15pct,oil_rent_threshold,15.0,Country_Holdout_CV,fold_2,ElasticNet,model,M2_Macro_Oil,KWT,22,72.623241777002,855.2543068005269,646.1011698463886,83.0987341420891
M2_Macro_Oil_vs_M3_Macro_Oil_RegQuality__primary__Oil_Rent_Intensive_Pre2016_ge15pct,Regulatory_Quality_lag1,primary,Inward_FDI_Net_Flow_asinh,Oil_Rent_Intensive_Pre2016_ge15pct,oil_rent_threshold,15.0,Country_Holdout_CV,fold_2,ElasticNet,model,M2_Macro_Oil,SSD,4,-9.070740197589888,62.750642934522844,193.29610239185843,22.23277960310847
M2_Macro_Oil_vs_M3_Macro_Oil_RegQuality__primary__Oil_Rent_Intensive_Pre2016_ge15pct,Regulatory_Quality_lag1,primary,Inward_FDI_Net_Flow_asinh,Oil_Rent_Intensive_Pre2016_ge15pct,oil_rent_threshold,15.0,Country_Holdout_CV,fold_2,ElasticNet,model,M2_Macro_Oil,TTO,21,65.06548324451491,1069.145328706242,876.5572669445827,93.6309289907924
M2_Macro_Oil_vs_M3_Macro_Oil_RegQuality__primary__Oil_Rent_Intensive_Pre2016_ge15pct,Regulatory_Quality_lag1,primary,Inward_FDI_Net_Flow_asinh,Oil_Rent_Intensive_Pre2016_ge15pct,oil_rent_threshold,15.0,Country_Holdout_CV,fold_2,ElasticNet,model,M3_Macro_Oil_RegQuality,KWT,22,72.623241777002,855.2543068005269,646.1707287746926,83.06321341609902
M2_Macro_Oil_vs_M3_Macro_Oil_RegQuality__primary__Oil_Rent_Intensive_Pre2016_ge15pct,Regulatory_Quality_lag1,primary,Inward_FDI_Net_Flow_asinh,Oil_Rent_Intensive_Pre2016_ge15pct,oil_rent_threshold,15.0,Country_Holdout_CV,fold_2,ElasticNet,model,M3_Macro_Oil_RegQuality,SSD,4,-9.070740197589888,62.750642934522844,193.30139119714897,22.2315375732339
M2_Macro_Oil_vs_M3_Macro_Oil_RegQuality__primary__Oil_Rent_Intensive_Pre2016_ge15pct,Regulatory_Quality_lag1,primary,Inward_FDI_Net_Flow_asinh,Oil_Rent_Intensive_Pre2016_ge15pct,oil_rent_threshold,15.0,Country_Holdout_CV,fold_2,ElasticNet,model,M3_Macro_Oil_RegQuality,TTO,21,65.06548324451491,1069.145328706242,876.6757723780469,93.61425126474849
M2_Macro_Oil_vs_M3_Macro_Oil_RegQuality__primary__Oil_Rent_Intensive_Pre2016_ge15pct,Regulatory_Quality_lag1,primary,Inward_FDI_Net_Flow_asinh,Oil_Rent_Intensive_Pre2016_ge15pct,oil_rent_threshold,15.0,Country_Holdout_CV,fold_2,RandomForest,model,M2_Macro_Oil,KWT,22,72.623241777002,855.2543068005269,476.59958371927314,69.4174645735047
M2_Macro_Oil_vs_M3_Macro_Oil_RegQuality__primary__Oil_Rent_Intensive_Pre2016_ge15pct,Regulatory_Quality_lag1,primary,Inward_FDI_Net_Flow_asinh,Oil_Rent_Intensive_Pre2016_ge15pct,oil_rent_threshold,15.0,Country_Holdout_CV,fold_2,RandomForest,model,M2_Macro_Oil,SSD,4,-9.070740197589888,62.750642934522844,212.37594798411476,25.408854919094146
M2_Macro_Oil_vs_M3_Macro_Oil_RegQuality__primary__Oil_Rent_Intensive_Pre2016_ge15pct,Regulatory_Quality_lag1,primary,Inward_FDI_Net_Flow_asinh,Oil_Rent_Intensive_Pre2016_ge15pct,oil_rent_threshold,15.0,Country_Holdout_CV,fold_2,RandomForest,model,M2_Macro_Oil,TTO,21,65.06548324451491,1069.145328706242,806.8590725918908,87.41007241948189
M2_Macro_Oil_vs_M3_Macro_Oil_RegQuality__primary__Oil_Rent_Intensive_Pre2016_ge15pct,Regulatory_Quality_lag1,primary,Inward_FDI_Net_Flow_asinh,Oil_Rent_Intensive_Pre2016_ge15pct,oil_rent_threshold,15.0,Country_Holdout_CV,fold_2,RandomForest,model,M3_Macro_Oil_RegQuality,KWT,22,72.623241777002,855.2543068005269,498.1650487208772,70.7714986840365
M2_Macro_Oil_vs_M3_Macro_Oil_RegQuality__primary__Oil_Rent_Intensive_Pre2016_ge15pct,Regulatory_Quality_lag1,primary,Inward_FDI_Net_Flow_asinh,Oil_Rent_Intensive_Pre2016_ge15pct,oil_rent_threshold,15.0,Country_Holdout_CV,fold_2,RandomForest,model,M3_Macro_Oil_RegQuality,SSD,4,-9.070740197589888,62.750642934522844,193.02271334247365,23.843163389835325
M2_Macro_Oil_vs_M3_Macro_Oil_RegQuality__primary__Oil_Rent_Intensive_Pre2016_ge15pct,Regulatory_Quality_lag1,primary,Inward_FDI_Net_Flow_asinh,Oil_Rent_Intensive_Pre2016_ge15pct,oil_rent_threshold,15.0,Country_Holdout_CV,fold_2,RandomForest,model,M3_Macro_Oil_RegQuality,TTO,21,65.06548324451491,1069.145328706242,701.5810534400728,85.19577850524837
M2_Macro_Oil_vs_M3_Macro_Oil_RegQuality__primary__Oil_Rent_Intensive_Pre2016_ge15pct,Regulatory_Quality_lag1,primary,Inward_FDI_Net_Flow_asinh,Oil_Rent_Intensive_Pre2016_ge15pct,oil_rent_threshold,15.0,Country_Holdout_CV,fold_2,Ridge,model,M2_Macro_Oil,KWT,22,72.623241777002,855.2543068005269,646.4781460722791,83.09975113258837
M2_Macro_Oil_vs_M3_Macro_Oil_RegQuality__primary__Oil_Rent_Intensive_Pre2016_ge15pct,Regulatory_Quality_lag1,primary,Inward_FDI_Net_Flow_asinh,Oil_Rent_Intensive_Pre2016_ge15pct,oil_rent_threshold,15.0,Country_Holdout_CV,fold_2,Ridge,model,M2_Macro_Oil,SSD,4,-9.070740197589888,62.750642934522844,193.67510481781997,22.246733156963085
M2_Macro_Oil_vs_M3_Macro_Oil_RegQuality__primary__Oil_Rent_Intensive_Pre2016_ge15pct,Regulatory_Quality_lag1,primary,Inward_FDI_Net_Flow_asinh,Oil_Rent_Intensive_Pre2016_ge15pct,oil_rent_threshold,15.0,Country_Holdout_CV,fold_2,Ridge,model,M2_Macro_Oil,TTO,21,65.06548324451491,1069.145328706242,878.0364685749136,93.65605505653204
M2_Macro_Oil_vs_M3_Macro_Oil_RegQuality__primary__Oil_Rent_Intensive_Pre2016_ge15pct,Regulatory_Quality_lag1,primary,Inward_FDI_Net_Flow_asinh,Oil_Rent_Intensive_Pre2016_ge15pct,oil_rent_threshold,15.0,Country_Holdout_CV,fold_2,Ridge,model,M3_Macro_Oil_RegQuality,KWT,22,72.623241777002,855.2543068005269,646.3885469573354,83.07830790375152
M2_Macro_Oil_vs_M3_Macro_Oil_RegQuality__primary__Oil_Rent_Intensive_Pre2016_ge15pct,Regulatory_Quality_lag1,primary,Inward_FDI_Net_Flow_asinh,Oil_Rent_Intensive_Pre2016_ge15pct,oil_rent_threshold,15.0,Country_Holdout_CV,fold_2,Ridge,model,M3_Macro_Oil_RegQuality,SSD,4,-9.070740197589888,62.750642934522844,193.57563483736743,22.239570766106123
M2_Macro_Oil_vs_M3_Macro_Oil_RegQuality__primary__Oil_Rent_Intensive_Pre2016_ge15pct,Regulatory_Quality_lag1,primary,Inward_FDI_Net_Flow_asinh,Oil_Rent_Intensive_Pre2016_ge15pct,oil_rent_threshold,15.0,Country_Holdout_CV,fold_2,Ridge,model,M3_Macro_Oil_RegQuality,TTO,21,65.06548324451491,1069.145328706242,877.8615922654704,93.6245753757714
M2_Macro_Oil_vs_M3_Macro_Oil_RegQuality__primary__Oil_Rent_Intensive_Pre2016_ge15pct,Regulatory_Quality_lag1,primary,Inward_FDI_Net_Flow_asinh,Oil_Rent_Intensive_Pre2016_ge15pct,oil_rent_threshold,15.0,Country_Holdout_CV,fold_3,Benchmark,benchmark,Lagged_Flow,COG,21,87.50050167967987,1168.3713348702122,824.2509805282006,73.71997689810955
M2_Macro_Oil_vs_M3_Macro_Oil_RegQuality__primary__Oil_Rent_Intensive_Pre2016_ge15pct,Regulatory_Quality_lag1,primary,Inward_FDI_Net_Flow_asinh,Oil_Rent_Intensive_Pre2016_ge15pct,oil_rent_threshold,15.0,Country_Holdout_CV,fold_3,Benchmark,benchmark,Lagged_Flow,GAB,21,136.89651409082856,1057.4455633726566,182.42291747221012,29.47974671497814
M2_Macro_Oil_vs_M3_Macro_Oil_RegQuality__primary__Oil_Rent_Intensive_Pre2016_ge15pct,Regulatory_Quality_lag1,primary,Inward_FDI_Net_Flow_asinh,Oil_Rent_Intensive_Pre2016_ge15pct,oil_rent_threshold,15.0,Country_Holdout_CV,fold_3,Benchmark,benchmark,Lagged_Flow,GNQ,18,96.64970425702359,947.3208485886248,1011.1764415566596,87.61196552966585
M2_Macro_Oil_vs_M3_Macro_Oil_RegQuality__primary__Oil_Rent_Intensive_Pre2016_ge15pct,Regulatory_Quality_lag1,primary,Inward_FDI_Net_Flow_asinh,Oil_Rent_Intensive_Pre2016_ge15pct,oil_rent_threshold,15.0,Country_Holdout_CV,fold_3,Benchmark,benchmark,Lagged_Flow,IRQ,21,-16.180135035181443,1412.7271771912526,373.8704782962127,35.60723404066681
M2_Macro_Oil_vs_M3_Macro_Oil_RegQuality__primary__Oil_Rent_Intensive_Pre2016_ge15pct,Regulatory_Quality_lag1,primary,Inward_FDI_Net_Flow_asinh,Oil_Rent_Intensive_Pre2016_ge15pct,oil_rent_threshold,15.0,Country_Holdout_CV,fold_3,Benchmark,benchmark,Lagged_Flow,SDN,23,176.10678777600558,1359.6423354825783,25.434968931912337,9.552387153903702
M2_Macro_Oil_vs_M3_Macro_Oil_RegQuality__primary__Oil_Rent_Intensive_Pre2016_ge15pct,Regulatory_Quality_lag1,primary,Inward_FDI_Net_Flow_asinh,Oil_Rent_Intensive_Pre2016_ge15pct,oil_rent_threshold,15.0,Country_Holdout_CV,fold_3,Benchmark,benchmark,Lagged_Flow,SYR,10,71.27750424631212,517.6400512184064,3.0622437412489623,5.166142267681166
M2_Macro_Oil_vs_M3_Macro_Oil_RegQuality__primary__Oil_Rent_Intensive_Pre2016_ge15pct,Regulatory_Quality_lag1,primary,Inward_FDI_Net_Flow_asinh,Oil_Rent_Intensive_Pre2016_ge15pct,oil_rent_threshold,15.0,Country_Holdout_CV,fold_3,Benchmark,benchmark,Lagged_Flow,TCD,22,94.80684360284164,972.7413311307305,731.918019811656,60.57325386602348
M2_Macro_Oil_vs_M3_Macro_Oil_RegQuality__primary__Oil_Rent_Intensive_Pre2016_ge15pct,Regulatory_Quality_lag1,primary,Inward_FDI_Net_Flow_asinh,Oil_Rent_Intensive_Pre2016_ge15pct,oil_rent_threshold,15.0,Country_Holdout_CV,fold_3,Benchmark,benchmark,Training_Mean,COG,21,87.50050167967987,1168.3713348702122,865.6243263215238,93.20816395607363
M2_Macro_Oil_vs_M3_Macro_Oil_RegQuality__primary__Oil_Rent_Intensive_Pre2016_ge15pct,Regulatory_Quality_lag1,primary,Inward_FDI_Net_Flow_asinh,Oil_Rent_Intensive_Pre2016_ge15pct,oil_rent_threshold,15.0,Country_Holdout_CV,fold_3,Benchmark,benchmark,Training_Mean,GAB,21,136.89651409082856,1057.4455633726566,173.53190203488023,39.82659275398019
M2_Macro_Oil_vs_M3_Macro_Oil_RegQuality__primary__Oil_Rent_Intensive_Pre2016_ge15pct,Regulatory_Quality_lag1,primary,Inward_FDI_Net_Flow_asinh,Oil_Rent_Intensive_Pre2016_ge15pct,oil_rent_threshold,15.0,Country_Holdout_CV,fold_3,Benchmark,benchmark,Training_Mean,GNQ,18,96.64970425702359,947.3208485886248,433.109810626899,58.06504537650926
M2_Macro_Oil_vs_M3_Macro_Oil_RegQuality__primary__Oil_Rent_Intensive_Pre2016_ge15pct,Regulatory_Quality_lag1,primary,Inward_FDI_Net_Flow_asinh,Oil_Rent_Intensive_Pre2016_ge15pct,oil_rent_threshold,15.0,Country_Holdout_CV,fold_3,Benchmark,benchmark,Training_Mean,IRQ,21,-16.180135035181443,1412.7271771912526,2329.8302265192524,175.12643895631848
M2_Macro_Oil_vs_M3_Macro_Oil_RegQuality__primary__Oil_Rent_Intensive_Pre2016_ge15pct,Regulatory_Quality_lag1,primary,Inward_FDI_Net_Flow_asinh,Oil_Rent_Intensive_Pre2016_ge15pct,oil_rent_threshold,15.0,Country_Holdout_CV,fold_3,Benchmark,benchmark,Training_Mean,SDN,23,176.10678777600558,1359.6423354825783,83.61487835661625,42.015251181511545
M2_Macro_Oil_vs_M3_Macro_Oil_RegQuality__primary__Oil_Rent_Intensive_Pre2016_ge15pct,Regulatory_Quality_lag1,primary,Inward_FDI_Net_Flow_asinh,Oil_Rent_Intensive_Pre2016_ge15pct,oil_rent_threshold,15.0,Country_Holdout_CV,fold_3,Benchmark,benchmark,Training_Mean,SYR,10,71.27750424631212,517.6400512184064,25.092587804428582,13.657175747653874
M2_Macro_Oil_vs_M3_Macro_Oil_RegQuality__primary__Oil_Rent_Intensive_Pre2016_ge15pct,Regulatory_Quality_lag1,primary,Inward_FDI_Net_Flow_asinh,Oil_Rent_Intensive_Pre2016_ge15pct,oil_rent_threshold,15.0,Country_Holdout_CV,fold_3,Benchmark,benchmark,Training_Mean,TCD,22,94.80684360284164,972.7413311307305,618.6383656701701,67.0062014012802
M2_Macro_Oil_vs_M3_Macro_Oil_RegQuality__primary__Oil_Rent_Intensive_Pre2016_ge15pct,Regulatory_Quality_lag1,primary,Inward_FDI_Net_Flow_asinh,Oil_Rent_Intensive_Pre2016_ge15pct,oil_rent_threshold,15.0,Country_Holdout_CV,fold_3,Benchmark,benchmark,Zero_Flow,COG,21,87.50050167967987,1168.3713348702122,1168.3713348702122,153.97567296601355
M2_Macro_Oil_vs_M3_Macro_Oil_RegQuality__primary__Oil_Rent_Intensive_Pre2016_ge15pct,Regulatory_Quality_lag1,primary,Inward_FDI_Net_Flow_asinh,Oil_Rent_Intensive_Pre2016_ge15pct,oil_rent_threshold,15.0,Country_Holdout_CV,fold_3,Benchmark,benchmark,Zero_Flow,GAB,21,136.89651409082856,1057.4455633726566,1057.4455633726566,147.50546950927856
M2_Macro_Oil_vs_M3_Macro_Oil_RegQuality__primary__Oil_Rent_Intensive_Pre2016_ge15pct,Regulatory_Quality_lag1,primary,Inward_FDI_Net_Flow_asinh,Oil_Rent_Intensive_Pre2016_ge15pct,oil_rent_threshold,15.0,Country_Holdout_CV,fold_3,Benchmark,benchmark,Zero_Flow,GNQ,18,96.64970425702359,947.3208485886248,947.3208485886248,128.52508320391894
M2_Macro_Oil_vs_M3_Macro_Oil_RegQuality__primary__Oil_Rent_Intensive_Pre2016_ge15pct,Regulatory_Quality_lag1,primary,Inward_FDI_Net_Flow_asinh,Oil_Rent_Intensive_Pre2016_ge15pct,oil_rent_threshold,15.0,Country_Holdout_CV,fold_3,Benchmark,benchmark,Zero_Flow,IRQ,21,-16.180135035181443,1412.7271771912526,1412.7271771912526,169.24371052925704
M2_Macro_Oil_vs_M3_Macro_Oil_RegQuality__primary__Oil_Rent_Intensive_Pre2016_ge15pct,Regulatory_Quality_lag1,primary,Inward_FDI_Net_Flow_asinh,Oil_Rent_Intensive_Pre2016_ge15pct,oil_rent_threshold,15.0,Country_Holdout_CV,fold_3,Benchmark,benchmark,Zero_Flow,SDN,23,176.10678777600558,1359.6423354825783,1359.6423354825783,176.10678777600558
M2_Macro_Oil_vs_M3_Macro_Oil_RegQuality__primary__Oil_Rent_Intensive_Pre2016_ge15pct,Regulatory_Quality_lag1,primary,Inward_FDI_Net_Flow_asinh,Oil_Rent_Intensive_Pre2016_ge15pct,oil_rent_threshold,15.0,Country_Holdout_CV,fold_3,Benchmark,benchmark,Zero_Flow,SYR,10,71.27750424631212,517.6400512184064,517.6400512184064,71.27750424631212
M2_Macro_Oil_vs_M3_Macro_Oil_RegQuality__primary__Oil_Rent_Intensive_Pre2016_ge15pct,Regulatory_Quality_lag1,primary,Inward_FDI_Net_Flow_asinh,Oil_Rent_Intensive_Pre2016_ge15pct,oil_rent_threshold,15.0,Country_Holdout_CV,fold_3,Benchmark,benchmark,Zero_Flow,TCD,22,94.80684360284164,972.7413311307305,972.7413311307305,145.3854512246662
M2_Macro_Oil_vs_M3_Macro_Oil_RegQuality__primary__Oil_Rent_Intensive_Pre2016_ge15pct,Regulatory_Quality_lag1,primary,Inward_FDI_Net_Flow_asinh,Oil_Rent_Intensive_Pre2016_ge15pct,oil_rent_threshold,15.0,Country_Holdout_CV,fold_3,ElasticNet,model,M2_Macro_Oil,COG,21,87.50050167967987,1168.3713348702122,674.7278549776312,100.55126593166004
M2_Macro_Oil_vs_M3_Macro_Oil_RegQuality__primary__Oil_Rent_Intensive_Pre2016_ge15pct,Regulatory_Quality_lag1,primary,Inward_FDI_Net_Flow_asinh,Oil_Rent_Intensive_Pre2016_ge15pct,oil_rent_threshold,15.0,Country_Holdout_CV,fold_3,ElasticNet,model,M2_Macro_Oil,GAB,21,136.89651409082856,1057.4455633726566,172.6604694556663,46.4446257889185
M2_Macro_Oil_vs_M3_Macro_Oil_RegQuality__primary__Oil_Rent_Intensive_Pre2016_ge15pct,Regulatory_Quality_lag1,primary,Inward_FDI_Net_Flow_asinh,Oil_Rent_Intensive_Pre2016_ge15pct,oil_rent_threshold,15.0,Country_Holdout_CV,fold_3,ElasticNet,model,M2_Macro_Oil,GNQ,18,96.64970425702359,947.3208485886248,663.5994478947566,89.04916597469013
M2_Macro_Oil_vs_M3_Macro_Oil_RegQuality__primary__Oil_Rent_Intensive_Pre2016_ge15pct,Regulatory_Quality_lag1,primary,Inward_FDI_Net_Flow_asinh,Oil_Rent_Intensive_Pre2016_ge15pct,oil_rent_threshold,15.0,Country_Holdout_CV,fold_3,ElasticNet,model,M2_Macro_Oil,IRQ,21,-16.180135035181443,1412.7271771912526,940.6450685947342,105.59216197158288
M2_Macro_Oil_vs_M3_Macro_Oil_RegQuality__primary__Oil_Rent_Intensive_Pre2016_ge15pct,Regulatory_Quality_lag1,primary,Inward_FDI_Net_Flow_asinh,Oil_Rent_Intensive_Pre2016_ge15pct,oil_rent_threshold,15.0,Country_Holdout_CV,fold_3,ElasticNet,model,M2_Macro_Oil,SDN,23,176.10678777600558,1359.6423354825783,150.50123113973194,55.43135977455259
M2_Macro_Oil_vs_M3_Macro_Oil_RegQuality__primary__Oil_Rent_Intensive_Pre2016_ge15pct,Regulatory_Quality_lag1,primary,Inward_FDI_Net_Flow_asinh,Oil_Rent_Intensive_Pre2016_ge15pct,oil_rent_threshold,15.0,Country_Holdout_CV,fold_3,ElasticNet,model,M2_Macro_Oil,SYR,10,71.27750424631212,517.6400512184064,4.6548357378319665,6.03092504998435
M2_Macro_Oil_vs_M3_Macro_Oil_RegQuality__primary__Oil_Rent_Intensive_Pre2016_ge15pct,Regulatory_Quality_lag1,primary,Inward_FDI_Net_Flow_asinh,Oil_Rent_Intensive_Pre2016_ge15pct,oil_rent_threshold,15.0,Country_Holdout_CV,fold_3,ElasticNet,model,M2_Macro_Oil,TCD,22,94.80684360284164,972.7413311307305,651.0419520503499,105.45495555673251
M2_Macro_Oil_vs_M3_Macro_Oil_RegQuality__primary__Oil_Rent_Intensive_Pre2016_ge15pct,Regulatory_Quality_lag1,primary,Inward_FDI_Net_Flow_asinh,Oil_Rent_Intensive_Pre2016_ge15pct,oil_rent_threshold,15.0,Country_Holdout_CV,fold_3,ElasticNet,model,M3_Macro_Oil_RegQuality,COG,21,87.50050167967987,1168.3713348702122,698.0731114419083,103.63891100485723
M2_Macro_Oil_vs_M3_Macro_Oil_RegQuality__primary__Oil_Rent_Intensive_Pre2016_ge15pct,Regulatory_Quality_lag1,primary,Inward_FDI_Net_Flow_asinh,Oil_Rent_Intensive_Pre2016_ge15pct,oil_rent_threshold,15.0,Country_Holdout_CV,fold_3,ElasticNet,model,M3_Macro_Oil_RegQuality,GAB,21,136.89651409082856,1057.4455633726566,206.3734772436168,54.368341723210996
M2_Macro_Oil_vs_M3_Macro_Oil_RegQuality__primary__Oil_Rent_Intensive_Pre2016_ge15pct,Regulatory_Quality_lag1,primary,Inward_FDI_Net_Flow_asinh,Oil_Rent_Intensive_Pre2016_ge15pct,oil_rent_threshold,15.0,Country_Holdout_CV,fold_3,ElasticNet,model,M3_Macro_Oil_RegQuality,GNQ,18,96.64970425702359,947.3208485886248,752.9403167994828,103.52391773500626
M2_Macro_Oil_vs_M3_Macro_Oil_RegQuality__primary__Oil_Rent_Intensive_Pre2016_ge15pct,Regulatory_Quality_lag1,primary,Inward_FDI_Net_Flow_asinh,Oil_Rent_Intensive_Pre2016_ge15pct,oil_rent_threshold,15.0,Country_Holdout_CV,fold_3,ElasticNet,model,M3_Macro_Oil_RegQuality,IRQ,21,-16.180135035181443,1412.7271771912526,914.2145708026413,105.20185437116258
M2_Macro_Oil_vs_M3_Macro_Oil_RegQuality__primary__Oil_Rent_Intensive_Pre2016_ge15pct,Regulatory_Quality_lag1,primary,Inward_FDI_Net_Flow_asinh,Oil_Rent_Intensive_Pre2016_ge15pct,oil_rent_threshold,15.0,Country_Holdout_CV,fold_3,ElasticNet,model,M3_Macro_Oil_RegQuality,SDN,23,176.10678777600558,1359.6423354825783,181.4715044210754,61.64758324735648
M2_Macro_Oil_vs_M3_Macro_Oil_RegQuality__primary__Oil_Rent_Intensive_Pre2016_ge15pct,Regulatory_Quality_lag1,primary,Inward_FDI_Net_Flow_asinh,Oil_Rent_Intensive_Pre2016_ge15pct,oil_rent_threshold,15.0,Country_Holdout_CV,fold_3,ElasticNet,model,M3_Macro_Oil_RegQuality,SYR,10,71.27750424631212,517.6400512184064,8.463699487033175,8.208435826961626
M2_Macro_Oil_vs_M3_Macro_Oil_RegQuality__primary__Oil_Rent_Intensive_Pre2016_ge15pct,Regulatory_Quality_lag1,primary,Inward_FDI_Net_Flow_asinh,Oil_Rent_Intensive_Pre2016_ge15pct,oil_rent_threshold,15.0,Country_Holdout_CV,fold_3,ElasticNet,model,M3_Macro_Oil_RegQuality,TCD,22,94.80684360284164,972.7413311307305,672.1822431455539,108.2454195664443
M2_Macro_Oil_vs_M3_Macro_Oil_RegQuality__primary__Oil_Rent_Intensive_Pre2016_ge15pct,Regulatory_Quality_lag1,primary,Inward_FDI_Net_Flow_asinh,Oil_Rent_Intensive_Pre2016_ge15pct,oil_rent_threshold,15.0,Country_Holdout_CV,fold_3,RandomForest,model,M2_Macro_Oil,COG,21,87.50050167967987,1168.3713348702122,676.861071637149,95.77229092179824
M2_Macro_Oil_vs_M3_Macro_Oil_RegQuality__primary__Oil_Rent_Intensive_Pre2016_ge15pct,Regulatory_Quality_lag1,primary,Inward_FDI_Net_Flow_asinh,Oil_Rent_Intensive_Pre2016_ge15pct,oil_rent_threshold,15.0,Country_Holdout_CV,fold_3,RandomForest,model,M2_Macro_Oil,GAB,21,136.89651409082856,1057.4455633726566,194.43304123022747,38.59365971879763
M2_Macro_Oil_vs_M3_Macro_Oil_RegQuality__primary__Oil_Rent_Intensive_Pre2016_ge15pct,Regulatory_Quality_lag1,primary,Inward_FDI_Net_Flow_asinh,Oil_Rent_Intensive_Pre2016_ge15pct,oil_rent_threshold,15.0,Country_Holdout_CV,fold_3,RandomForest,model,M2_Macro_Oil,GNQ,18,96.64970425702359,947.3208485886248,692.6492645247713,78.93908553656885
M2_Macro_Oil_vs_M3_Macro_Oil_RegQuality__primary__Oil_Rent_Intensive_Pre2016_ge15pct,Regulatory_Quality_lag1,primary,Inward_FDI_Net_Flow_asinh,Oil_Rent_Intensive_Pre2016_ge15pct,oil_rent_threshold,15.0,Country_Holdout_CV,fold_3,RandomForest,model,M2_Macro_Oil,IRQ,21,-16.180135035181443,1412.7271771912526,677.9972253507133,92.27669407677907
M2_Macro_Oil_vs_M3_Macro_Oil_RegQuality__primary__Oil_Rent_Intensive_Pre2016_ge15pct,Regulatory_Quality_lag1,primary,Inward_FDI_Net_Flow_asinh,Oil_Rent_Intensive_Pre2016_ge15pct,oil_rent_threshold,15.0,Country_Holdout_CV,fold_3,RandomForest,model,M2_Macro_Oil,SDN,23,176.10678777600558,1359.6423354825783,275.27830642249654,67.47799779964512
M2_Macro_Oil_vs_M3_Macro_Oil_RegQuality__primary__Oil_Rent_Intensive_Pre2016_ge15pct,Regulatory_Quality_lag1,primary,Inward_FDI_Net_Flow_asinh,Oil_Rent_Intensive_Pre2016_ge15pct,oil_rent_threshold,15.0,Country_Holdout_CV,fold_3,RandomForest,model,M2_Macro_Oil,SYR,10,71.27750424631212,517.6400512184064,48.61128288661786,15.406297807892866
M2_Macro_Oil_vs_M3_Macro_Oil_RegQuality__primary__Oil_Rent_Intensive_Pre2016_ge15pct,Regulatory_Quality_lag1,primary,Inward_FDI_Net_Flow_asinh,Oil_Rent_Intensive_Pre2016_ge15pct,oil_rent_threshold,15.0,Country_Holdout_CV,fold_3,RandomForest,model,M2_Macro_Oil,TCD,22,94.80684360284164,972.7413311307305,456.0105472046414,79.01921979304053
M2_Macro_Oil_vs_M3_Macro_Oil_RegQuality__primary__Oil_Rent_Intensive_Pre2016_ge15pct,Regulatory_Quality_lag1,primary,Inward_FDI_Net_Flow_asinh,Oil_Rent_Intensive_Pre2016_ge15pct,oil_rent_threshold,15.0,Country_Holdout_CV,fold_3,RandomForest,model,M3_Macro_Oil_RegQuality,COG,21,87.50050167967987,1168.3713348702122,630.9384450180515,92.83842809584203
M2_Macro_Oil_vs_M3_Macro_Oil_RegQuality__primary__Oil_Rent_Intensive_Pre2016_ge15pct,Regulatory_Quality_lag1,primary,Inward_FDI_Net_Flow_asinh,Oil_Rent_Intensive_Pre2016_ge15pct,oil_rent_threshold,15.0,Country_Holdout_CV,fold_3,RandomForest,model,M3_Macro_Oil_RegQuality,GAB,21,136.89651409082856,1057.4455633726566,186.964528263279,39.333222021544415
M2_Macro_Oil_vs_M3_Macro_Oil_RegQuality__primary__Oil_Rent_Intensive_Pre2016_ge15pct,Regulatory_Quality_lag1,primary,Inward_FDI_Net_Flow_asinh,Oil_Rent_Intensive_Pre2016_ge15pct,oil_rent_threshold,15.0,Country_Holdout_CV,fold_3,RandomForest,model,M3_Macro_Oil_RegQuality,GNQ,18,96.64970425702359,947.3208485886248,637.3477603626532,74.6380706051259
M2_Macro_Oil_vs_M3_Macro_Oil_RegQuality__primary__Oil_Rent_Intensive_Pre2016_ge15pct,Regulatory_Quality_lag1,primary,Inward_FDI_Net_Flow_asinh,Oil_Rent_Intensive_Pre2016_ge15pct,oil_rent_threshold,15.0,Country_Holdout_CV,fold_3,RandomForest,model,M3_Macro_Oil_RegQuality,IRQ,21,-16.180135035181443,1412.7271771912526,596.3313219720236,82.97587188005986
M2_Macro_Oil_vs_M3_Macro_Oil_RegQuality__primary__Oil_Rent_Intensive_Pre2016_ge15pct,Regulatory_Quality_lag1,primary,Inward_FDI_Net_Flow_asinh,Oil_Rent_Intensive_Pre2016_ge15pct,oil_rent_threshold,15.0,Country_Holdout_CV,fold_3,RandomForest,model,M3_Macro_Oil_RegQuality,SDN,23,176.10678777600558,1359.6423354825783,255.39030492431496,69.80455156256849
M2_Macro_Oil_vs_M3_Macro_Oil_RegQuality__primary__Oil_Rent_Intensive_Pre2016_ge15pct,Regulatory_Quality_lag1,primary,Inward_FDI_Net_Flow_asinh,Oil_Rent_Intensive_Pre2016_ge15pct,oil_rent_threshold,15.0,Country_Holdout_CV,fold_3,RandomForest,model,M3_Macro_Oil_RegQuality,SYR,10,71.27750424631212,517.6400512184064,44.588409271294275,15.077976741594977
M2_Macro_Oil_vs_M3_Macro_Oil_RegQuality__primary__Oil_Rent_Intensive_Pre2016_ge15pct,Regulatory_Quality_lag1,primary,Inward_FDI_Net_Flow_asinh,Oil_Rent_Intensive_Pre2016_ge15pct,oil_rent_threshold,15.0,Country_Holdout_CV,fold_3,RandomForest,model,M3_Macro_Oil_RegQuality,TCD,22,94.80684360284164,972.7413311307305,515.0861235433875,82.4920530386858
M2_Macro_Oil_vs_M3_Macro_Oil_RegQuality__primary__Oil_Rent_Intensive_Pre2016_ge15pct,Regulatory_Quality_lag1,primary,Inward_FDI_Net_Flow_asinh,Oil_Rent_Intensive_Pre2016_ge15pct,oil_rent_threshold,15.0,Country_Holdout_CV,fold_3,Ridge,model,M2_Macro_Oil,COG,21,87.50050167967987,1168.3713348702122,675.6739657409049,100.57082107746918
M2_Macro_Oil_vs_M3_Macro_Oil_RegQuality__primary__Oil_Rent_Intensive_Pre2016_ge15pct,Regulatory_Quality_lag1,primary,Inward_FDI_Net_Flow_asinh,Oil_Rent_Intensive_Pre2016_ge15pct,oil_rent_threshold,15.0,Country_Holdout_CV,fold_3,Ridge,model,M2_Macro_Oil,GAB,21,136.89651409082856,1057.4455633726566,172.92393710383354,46.46620097982164
M2_Macro_Oil_vs_M3_Macro_Oil_RegQuality__primary__Oil_Rent_Intensive_Pre2016_ge15pct,Regulatory_Quality_lag1,primary,Inward_FDI_Net_Flow_asinh,Oil_Rent_Intensive_Pre2016_ge15pct,oil_rent_threshold,15.0,Country_Holdout_CV,fold_3,Ridge,model,M2_Macro_Oil,GNQ,18,96.64970425702359,947.3208485886248,665.217986981526,89.19093586661866
M2_Macro_Oil_vs_M3_Macro_Oil_RegQuality__primary__Oil_Rent_Intensive_Pre2016_ge15pct,Regulatory_Quality_lag1,primary,Inward_FDI_Net_Flow_asinh,Oil_Rent_Intensive_Pre2016_ge15pct,oil_rent_threshold,15.0,Country_Holdout_CV,fold_3,Ridge,model,M2_Macro_Oil,IRQ,21,-16.180135035181443,1412.7271771912526,939.6473828518778,105.37555797020059
M2_Macro_Oil_vs_M3_Macro_Oil_RegQuality__primary__Oil_Rent_Intensive_Pre2016_ge15pct,Regulatory_Quality_lag1,primary,Inward_FDI_Net_Flow_asinh,Oil_Rent_Intensive_Pre2016_ge15pct,oil_rent_threshold,15.0,Country_Holdout_CV,fold_3,Ridge,model,M2_Macro_Oil,SDN,23,176.10678777600558,1359.6423354825783,151.42587478723843,55.6495762704
M2_Macro_Oil_vs_M3_Macro_Oil_RegQuality__primary__Oil_Rent_Intensive_Pre2016_ge15pct,Regulatory_Quality_lag1,primary,Inward_FDI_Net_Flow_asinh,Oil_Rent_Intensive_Pre2016_ge15pct,oil_rent_threshold,15.0,Country_Holdout_CV,fold_3,Ridge,model,M2_Macro_Oil,SYR,10,71.27750424631212,517.6400512184064,4.587874850466512,5.9785049652097255
M2_Macro_Oil_vs_M3_Macro_Oil_RegQuality__primary__Oil_Rent_Intensive_Pre2016_ge15pct,Regulatory_Quality_lag1,primary,Inward_FDI_Net_Flow_asinh,Oil_Rent_Intensive_Pre2016_ge15pct,oil_rent_threshold,15.0,Country_Holdout_CV,fold_3,Ridge,model,M2_Macro_Oil,TCD,22,94.80684360284164,972.7413311307305,654.498830226769,105.77519298716925
M2_Macro_Oil_vs_M3_Macro_Oil_RegQuality__primary__Oil_Rent_Intensive_Pre2016_ge15pct,Regulatory_Quality_lag1,primary,Inward_FDI_Net_Flow_asinh,Oil_Rent_Intensive_Pre2016_ge15pct,oil_rent_threshold,15.0,Country_Holdout_CV,fold_3,Ridge,model,M3_Macro_Oil_RegQuality,COG,21,87.50050167967987,1168.3713348702122,700.8915238571154,103.8295381553813
M2_Macro_Oil_vs_M3_Macro_Oil_RegQuality__primary__Oil_Rent_Intensive_Pre2016_ge15pct,Regulatory_Quality_lag1,primary,Inward_FDI_Net_Flow_asinh,Oil_Rent_Intensive_Pre2016_ge15pct,oil_rent_threshold,15.0,Country_Holdout_CV,fold_3,Ridge,model,M3_Macro_Oil_RegQuality,GAB,21,136.89651409082856,1057.4455633726566,210.0772787711086,54.971597305041755
M2_Macro_Oil_vs_M3_Macro_Oil_RegQuality__primary__Oil_Rent_Intensive_Pre2016_ge15pct,Regulatory_Quality_lag1,primary,Inward_FDI_Net_Flow_asinh,Oil_Rent_Intensive_Pre2016_ge15pct,oil_rent_threshold,15.0,Country_Holdout_CV,fold_3,Ridge,model,M3_Macro_Oil_RegQuality,GNQ,18,96.64970425702359,947.3208485886248,767.6678490232825,105.18232725805493
M2_Macro_Oil_vs_M3_Macro_Oil_RegQuality__primary__Oil_Rent_Intensive_Pre2016_ge15pct,Regulatory_Quality_lag1,primary,Inward_FDI_Net_Flow_asinh,Oil_Rent_Intensive_Pre2016_ge15pct,oil_rent_threshold,15.0,Country_Holdout_CV,fold_3,Ridge,model,M3_Macro_Oil_RegQuality,IRQ,21,-16.180135035181443,1412.7271771912526,912.5802750267829,104.94911749205127
M2_Macro_Oil_vs_M3_Macro_Oil_RegQuality__primary__Oil_Rent_Intensive_Pre2016_ge15pct,Regulatory_Quality_lag1,primary,Inward_FDI_Net_Flow_asinh,Oil_Rent_Intensive_Pre2016_ge15pct,oil_rent_threshold,15.0,Country_Holdout_CV,fold_3,Ridge,model,M3_Macro_Oil_RegQuality,SDN,23,176.10678777600558,1359.6423354825783,185.16409350469783,62.33587276117017
M2_Macro_Oil_vs_M3_Macro_Oil_RegQuality__primary__Oil_Rent_Intensive_Pre2016_ge15pct,Regulatory_Quality_lag1,primary,Inward_FDI_Net_Flow_asinh,Oil_Rent_Intensive_Pre2016_ge15pct,oil_rent_threshold,15.0,Country_Holdout_CV,fold_3,Ridge,model,M3_Macro_Oil_RegQuality,SYR,10,71.27750424631212,517.6400512184064,8.421271442852403,8.154400370363174
M2_Macro_Oil_vs_M3_Macro_Oil_RegQuality__primary__Oil_Rent_Intensive_Pre2016_ge15pct,Regulatory_Quality_lag1,primary,Inward_FDI_Net_Flow_asinh,Oil_Rent_Intensive_Pre2016_ge15pct,oil_rent_threshold,15.0,Country_Holdout_CV,fold_3,Ridge,model,M3_Macro_Oil_RegQuality,TCD,22,94.80684360284164,972.7413311307305,677.1241298643303,108.71445121847604
M2_Macro_Oil_vs_M3_Macro_Oil_RegQuality__primary__Oil_Rent_Intensive_Pre2016_ge15pct,Regulatory_Quality_lag1,primary,Inward_FDI_Net_Flow_asinh,Oil_Rent_Intensive_Pre2016_ge15pct,oil_rent_threshold,15.0,Country_Holdout_CV,fold_4,Benchmark,benchmark,Lagged_Flow,BRN,23,123.30204340223469,958.2003702305873,454.6862618060422,46.90107525494911
M2_Macro_Oil_vs_M3_Macro_Oil_RegQuality__primary__Oil_Rent_Intensive_Pre2016_ge15pct,Regulatory_Quality_lag1,primary,Inward_FDI_Net_Flow_asinh,Oil_Rent_Intensive_Pre2016_ge15pct,oil_rent_threshold,15.0,Country_Holdout_CV,fold_4,Benchmark,benchmark,Lagged_Flow,IRN,21,177.29229594325744,1502.8977008697618,7.3780937940897555,7.034743702954032
M2_Macro_Oil_vs_M3_Macro_Oil_RegQuality__primary__Oil_Rent_Intensive_Pre2016_ge15pct,Regulatory_Quality_lag1,primary,Inward_FDI_Net_Flow_asinh,Oil_Rent_Intensive_Pre2016_ge15pct,oil_rent_threshold,15.0,Country_Holdout_CV,fold_4,Benchmark,benchmark,Lagged_Flow,KAZ,23,213.38216858781075,1999.109628335855,20.039404941346053,15.319924682381746
M2_Macro_Oil_vs_M3_Macro_Oil_RegQuality__primary__Oil_Rent_Intensive_Pre2016_ge15pct,Regulatory_Quality_lag1,primary,Inward_FDI_Net_Flow_asinh,Oil_Rent_Intensive_Pre2016_ge15pct,oil_rent_threshold,15.0,Country_Holdout_CV,fold_4,Benchmark,benchmark,Lagged_Flow,YEM,16,-2.9329804533819424,592.6015846996661,784.0848201026221,77.56539988212978
M2_Macro_Oil_vs_M3_Macro_Oil_RegQuality__primary__Oil_Rent_Intensive_Pre2016_ge15pct,Regulatory_Quality_lag1,primary,Inward_FDI_Net_Flow_asinh,Oil_Rent_Intensive_Pre2016_ge15pct,oil_rent_threshold,15.0,Country_Holdout_CV,fold_4,Benchmark,benchmark,Training_Mean,BRN,23,123.30204340223469,958.2003702305873,297.7837653156689,44.89195765317939
M2_Macro_Oil_vs_M3_Macro_Oil_RegQuality__primary__Oil_Rent_Intensive_Pre2016_ge15pct,Regulatory_Quality_lag1,primary,Inward_FDI_Net_Flow_asinh,Oil_Rent_Intensive_Pre2016_ge15pct,oil_rent_threshold,15.0,Country_Holdout_CV,fold_4,Benchmark,benchmark,Training_Mean,IRN,21,177.29229594325744,1502.8977008697618,185.15713113763186,61.318889719700934
M2_Macro_Oil_vs_M3_Macro_Oil_RegQuality__primary__Oil_Rent_Intensive_Pre2016_ge15pct,Regulatory_Quality_lag1,primary,Inward_FDI_Net_Flow_asinh,Oil_Rent_Intensive_Pre2016_ge15pct,oil_rent_threshold,15.0,Country_Holdout_CV,fold_4,Benchmark,benchmark,Training_Mean,KAZ,23,213.38216858781075,1999.109628335855,343.75026620039984,86.36367605724888
M2_Macro_Oil_vs_M3_Macro_Oil_RegQuality__primary__Oil_Rent_Intensive_Pre2016_ge15pct,Regulatory_Quality_lag1,primary,Inward_FDI_Net_Flow_asinh,Oil_Rent_Intensive_Pre2016_ge15pct,oil_rent_threshold,15.0,Country_Holdout_CV,fold_4,Benchmark,benchmark,Training_Mean,YEM,16,-2.9329804533819424,592.6015846996661,1112.9723330608203,106.2918204332911
M2_Macro_Oil_vs_M3_Macro_Oil_RegQuality__primary__Oil_Rent_Intensive_Pre2016_ge15pct,Regulatory_Quality_lag1,primary,Inward_FDI_Net_Flow_asinh,Oil_Rent_Intensive_Pre2016_ge15pct,oil_rent_threshold,15.0,Country_Holdout_CV,fold_4,Benchmark,benchmark,Zero_Flow,BRN,23,123.30204340223469,958.2003702305873,958.2003702305873,147.44419543511674
M2_Macro_Oil_vs_M3_Macro_Oil_RegQuality__primary__Oil_Rent_Intensive_Pre2016_ge15pct,Regulatory_Quality_lag1,primary,Inward_FDI_Net_Flow_asinh,Oil_Rent_Intensive_Pre2016_ge15pct,oil_rent_threshold,15.0,Country_Holdout_CV,fold_4,Benchmark,benchmark,Zero_Flow,IRN,21,177.29229594325744,1502.8977008697618,1502.8977008697618,177.29229594325744
M2_Macro_Oil_vs_M3_Macro_Oil_RegQuality__primary__Oil_Rent_Intensive_Pre2016_ge15pct,Regulatory_Quality_lag1,primary,Inward_FDI_Net_Flow_asinh,Oil_Rent_Intensive_Pre2016_ge15pct,oil_rent_threshold,15.0,Country_Holdout_CV,fold_4,Benchmark,benchmark,Zero_Flow,KAZ,23,213.38216858781075,1999.109628335855,1999.109628335855,213.38216858781075
M2_Macro_Oil_vs_M3_Macro_Oil_RegQuality__primary__Oil_Rent_Intensive_Pre2016_ge15pct,Regulatory_Quality_lag1,primary,Inward_FDI_Net_Flow_asinh,Oil_Rent_Intensive_Pre2016_ge15pct,oil_rent_threshold,15.0,Country_Holdout_CV,fold_4,Benchmark,benchmark,Zero_Flow,YEM,16,-2.9329804533819424,592.6015846996661,592.6015846996661,95.24673412628572
M2_Macro_Oil_vs_M3_Macro_Oil_RegQuality__primary__Oil_Rent_Intensive_Pre2016_ge15pct,Regulatory_Quality_lag1,primary,Inward_FDI_Net_Flow_asinh,Oil_Rent_Intensive_Pre2016_ge15pct,oil_rent_threshold,15.0,Country_Holdout_CV,fold_4,ElasticNet,model,M2_Macro_Oil,BRN,23,123.30204340223469,958.2003702305873,353.1418714146296,45.37192594625689
M2_Macro_Oil_vs_M3_Macro_Oil_RegQuality__primary__Oil_Rent_Intensive_Pre2016_ge15pct,Regulatory_Quality_lag1,primary,Inward_FDI_Net_Flow_asinh,Oil_Rent_Intensive_Pre2016_ge15pct,oil_rent_threshold,15.0,Country_Holdout_CV,fold_4,ElasticNet,model,M2_Macro_Oil,IRN,21,177.29229594325744,1502.8977008697618,11.58476624484079,13.551670341064781
M2_Macro_Oil_vs_M3_Macro_Oil_RegQuality__primary__Oil_Rent_Intensive_Pre2016_ge15pct,Regulatory_Quality_lag1,primary,Inward_FDI_Net_Flow_asinh,Oil_Rent_Intensive_Pre2016_ge15pct,oil_rent_threshold,15.0,Country_Holdout_CV,fold_4,ElasticNet,model,M2_Macro_Oil,KAZ,23,213.38216858781075,1999.109628335855,46.14971863586865,29.604626047410353
M2_Macro_Oil_vs_M3_Macro_Oil_RegQuality__primary__Oil_Rent_Intensive_Pre2016_ge15pct,Regulatory_Quality_lag1,primary,Inward_FDI_Net_Flow_asinh,Oil_Rent_Intensive_Pre2016_ge15pct,oil_rent_threshold,15.0,Country_Holdout_CV,fold_4,ElasticNet,model,M2_Macro_Oil,YEM,16,-2.9329804533819424,592.6015846996661,658.4787056525093,82.8368437990836
M2_Macro_Oil_vs_M3_Macro_Oil_RegQuality__primary__Oil_Rent_Intensive_Pre2016_ge15pct,Regulatory_Quality_lag1,primary,Inward_FDI_Net_Flow_asinh,Oil_Rent_Intensive_Pre2016_ge15pct,oil_rent_threshold,15.0,Country_Holdout_CV,fold_4,ElasticNet,model,M3_Macro_Oil_RegQuality,BRN,23,123.30204340223469,958.2003702305873,355.29988408190445,44.33301425810215
M2_Macro_Oil_vs_M3_Macro_Oil_RegQuality__primary__Oil_Rent_Intensive_Pre2016_ge15pct,Regulatory_Quality_lag1,primary,Inward_FDI_Net_Flow_asinh,Oil_Rent_Intensive_Pre2016_ge15pct,oil_rent_threshold,15.0,Country_Holdout_CV,fold_4,ElasticNet,model,M3_Macro_Oil_RegQuality,IRN,21,177.29229594325744,1502.8977008697618,19.386924453563683,18.67517132821751
M2_Macro_Oil_vs_M3_Macro_Oil_RegQuality__primary__Oil_Rent_Intensive_Pre2016_ge15pct,Regulatory_Quality_lag1,primary,Inward_FDI_Net_Flow_asinh,Oil_Rent_Intensive_Pre2016_ge15pct,oil_rent_threshold,15.0,Country_Holdout_CV,fold_4,ElasticNet,model,M3_Macro_Oil_RegQuality,KAZ,23,213.38216858781075,1999.109628335855,46.70741163041232,29.850107385924737
M2_Macro_Oil_vs_M3_Macro_Oil_RegQuality__primary__Oil_Rent_Intensive_Pre2016_ge15pct,Regulatory_Quality_lag1,primary,Inward_FDI_Net_Flow_asinh,Oil_Rent_Intensive_Pre2016_ge15pct,oil_rent_threshold,15.0,Country_Holdout_CV,fold_4,ElasticNet,model,M3_Macro_Oil_RegQuality,YEM,16,-2.9329804533819424,592.6015846996661,673.3759552536818,83.34013738692049
M2_Macro_Oil_vs_M3_Macro_Oil_RegQuality__primary__Oil_Rent_Intensive_Pre2016_ge15pct,Regulatory_Quality_lag1,primary,Inward_FDI_Net_Flow_asinh,Oil_Rent_Intensive_Pre2016_ge15pct,oil_rent_threshold,15.0,Country_Holdout_CV,fold_4,RandomForest,model,M2_Macro_Oil,BRN,23,123.30204340223469,958.2003702305873,374.5054674657435,54.01034903757862
M2_Macro_Oil_vs_M3_Macro_Oil_RegQuality__primary__Oil_Rent_Intensive_Pre2016_ge15pct,Regulatory_Quality_lag1,primary,Inward_FDI_Net_Flow_asinh,Oil_Rent_Intensive_Pre2016_ge15pct,oil_rent_threshold,15.0,Country_Holdout_CV,fold_4,RandomForest,model,M2_Macro_Oil,IRN,21,177.29229594325744,1502.8977008697618,37.75925120314231,21.347676450556595
M2_Macro_Oil_vs_M3_Macro_Oil_RegQuality__primary__Oil_Rent_Intensive_Pre2016_ge15pct,Regulatory_Quality_lag1,primary,Inward_FDI_Net_Flow_asinh,Oil_Rent_Intensive_Pre2016_ge15pct,oil_rent_threshold,15.0,Country_Holdout_CV,fold_4,RandomForest,model,M2_Macro_Oil,KAZ,23,213.38216858781075,1999.109628335855,109.66755820686099,43.5416834564021
M2_Macro_Oil_vs_M3_Macro_Oil_RegQuality__primary__Oil_Rent_Intensive_Pre2016_ge15pct,Regulatory_Quality_lag1,primary,Inward_FDI_Net_Flow_asinh,Oil_Rent_Intensive_Pre2016_ge15pct,oil_rent_threshold,15.0,Country_Holdout_CV,fold_4,RandomForest,model,M2_Macro_Oil,YEM,16,-2.9329804533819424,592.6015846996661,829.6481762413465,94.23512682787336
M2_Macro_Oil_vs_M3_Macro_Oil_RegQuality__primary__Oil_Rent_Intensive_Pre2016_ge15pct,Regulatory_Quality_lag1,primary,Inward_FDI_Net_Flow_asinh,Oil_Rent_Intensive_Pre2016_ge15pct,oil_rent_threshold,15.0,Country_Holdout_CV,fold_4,RandomForest,model,M3_Macro_Oil_RegQuality,BRN,23,123.30204340223469,958.2003702305873,379.2290622318444,59.42450751482492
M2_Macro_Oil_vs_M3_Macro_Oil_RegQuality__primary__Oil_Rent_Intensive_Pre2016_ge15pct,Regulatory_Quality_lag1,primary,Inward_FDI_Net_Flow_asinh,Oil_Rent_Intensive_Pre2016_ge15pct,oil_rent_threshold,15.0,Country_Holdout_CV,fold_4,RandomForest,model,M3_Macro_Oil_RegQuality,IRN,21,177.29229594325744,1502.8977008697618,44.88141644362794,21.5716241298747
M2_Macro_Oil_vs_M3_Macro_Oil_RegQuality__primary__Oil_Rent_Intensive_Pre2016_ge15pct,Regulatory_Quality_lag1,primary,Inward_FDI_Net_Flow_asinh,Oil_Rent_Intensive_Pre2016_ge15pct,oil_rent_threshold,15.0,Country_Holdout_CV,fold_4,RandomForest,model,M3_Macro_Oil_RegQuality,KAZ,23,213.38216858781075,1999.109628335855,119.45395747912093,45.01821050262721
M2_Macro_Oil_vs_M3_Macro_Oil_RegQuality__primary__Oil_Rent_Intensive_Pre2016_ge15pct,Regulatory_Quality_lag1,primary,Inward_FDI_Net_Flow_asinh,Oil_Rent_Intensive_Pre2016_ge15pct,oil_rent_threshold,15.0,Country_Holdout_CV,fold_4,RandomForest,model,M3_Macro_Oil_RegQuality,YEM,16,-2.9329804533819424,592.6015846996661,844.9515389161738,95.49880727065738
M2_Macro_Oil_vs_M3_Macro_Oil_RegQuality__primary__Oil_Rent_Intensive_Pre2016_ge15pct,Regulatory_Quality_lag1,primary,Inward_FDI_Net_Flow_asinh,Oil_Rent_Intensive_Pre2016_ge15pct,oil_rent_threshold,15.0,Country_Holdout_CV,fold_4,Ridge,model,M2_Macro_Oil,BRN,23,123.30204340223469,958.2003702305873,353.57926030931276,45.405998096457104
M2_Macro_Oil_vs_M3_Macro_Oil_RegQuality__primary__Oil_Rent_Intensive_Pre2016_ge15pct,Regulatory_Quality_lag1,primary,Inward_FDI_Net_Flow_asinh,Oil_Rent_Intensive_Pre2016_ge15pct,oil_rent_threshold,15.0,Country_Holdout_CV,fold_4,Ridge,model,M2_Macro_Oil,IRN,21,177.29229594325744,1502.8977008697618,11.180714466241643,13.207429465169808
M2_Macro_Oil_vs_M3_Macro_Oil_RegQuality__primary__Oil_Rent_Intensive_Pre2016_ge15pct,Regulatory_Quality_lag1,primary,Inward_FDI_Net_Flow_asinh,Oil_Rent_Intensive_Pre2016_ge15pct,oil_rent_threshold,15.0,Country_Holdout_CV,fold_4,Ridge,model,M2_Macro_Oil,KAZ,23,213.38216858781075,1999.109628335855,45.35209566100091,29.260064063584082
M2_Macro_Oil_vs_M3_Macro_Oil_RegQuality__primary__Oil_Rent_Intensive_Pre2016_ge15pct,Regulatory_Quality_lag1,primary,Inward_FDI_Net_Flow_asinh,Oil_Rent_Intensive_Pre2016_ge15pct,oil_rent_threshold,15.0,Country_Holdout_CV,fold_4,Ridge,model,M2_Macro_Oil,YEM,16,-2.9329804533819424,592.6015846996661,658.3977969717648,82.77086603513867
M2_Macro_Oil_vs_M3_Macro_Oil_RegQuality__primary__Oil_Rent_Intensive_Pre2016_ge15pct,Regulatory_Quality_lag1,primary,Inward_FDI_Net_Flow_asinh,Oil_Rent_Intensive_Pre2016_ge15pct,oil_rent_threshold,15.0,Country_Holdout_CV,fold_4,Ridge,model,M3_Macro_Oil_RegQuality,BRN,23,123.30204340223469,958.2003702305873,355.82258279776636,44.35217724675553
M2_Macro_Oil_vs_M3_Macro_Oil_RegQuality__primary__Oil_Rent_Intensive_Pre2016_ge15pct,Regulatory_Quality_lag1,primary,Inward_FDI_Net_Flow_asinh,Oil_Rent_Intensive_Pre2016_ge15pct,oil_rent_threshold,15.0,Country_Holdout_CV,fold_4,Ridge,model,M3_Macro_Oil_RegQuality,IRN,21,177.29229594325744,1502.8977008697618,19.616434926543477,18.809212850752957
M2_Macro_Oil_vs_M3_Macro_Oil_RegQuality__primary__Oil_Rent_Intensive_Pre2016_ge15pct,Regulatory_Quality_lag1,primary,Inward_FDI_Net_Flow_asinh,Oil_Rent_Intensive_Pre2016_ge15pct,oil_rent_threshold,15.0,Country_Holdout_CV,fold_4,Ridge,model,M3_Macro_Oil_RegQuality,KAZ,23,213.38216858781075,1999.109628335855,45.58730223243764,29.331815036058273
M2_Macro_Oil_vs_M3_Macro_Oil_RegQuality__primary__Oil_Rent_Intensive_Pre2016_ge15pct,Regulatory_Quality_lag1,primary,Inward_FDI_Net_Flow_asinh,Oil_Rent_Intensive_Pre2016_ge15pct,oil_rent_threshold,15.0,Country_Holdout_CV,fold_4,Ridge,model,M3_Macro_Oil_RegQuality,YEM,16,-2.9329804533819424,592.6015846996661,677.2332432160093,83.40604950740584
M2_Macro_Oil_vs_M3_Macro_Oil_RegQuality__primary__Oil_Rent_Intensive_Pre2016_ge15pct,Regulatory_Quality_lag1,primary,Inward_FDI_Net_Flow_asinh,Oil_Rent_Intensive_Pre2016_ge15pct,oil_rent_threshold,15.0,Future_Period,train_to_2012__test_from_2013,Benchmark,benchmark,Lagged_Flow,AGO,10,-51.50768124221007,806.368197506468,609.2226457464208,43.19963245663699
M2_Macro_Oil_vs_M3_Macro_Oil_RegQuality__primary__Oil_Rent_Intensive_Pre2016_ge15pct,Regulatory_Quality_lag1,primary,Inward_FDI_Net_Flow_asinh,Oil_Rent_Intensive_Pre2016_ge15pct,oil_rent_threshold,15.0,Future_Period,train_to_2012__test_from_2013,Benchmark,benchmark,Lagged_Flow,ARE,10,101.80412050626362,1037.6922044549276,0.41888728759180244,1.382372416121532
M2_Macro_Oil_vs_M3_Macro_Oil_RegQuality__primary__Oil_Rent_Intensive_Pre2016_ge15pct,Regulatory_Quality_lag1,primary,Inward_FDI_Net_Flow_asinh,Oil_Rent_Intensive_Pre2016_ge15pct,oil_rent_threshold,15.0,Future_Period,train_to_2012__test_from_2013,Benchmark,benchmark,Lagged_Flow,AZE,10,50.046673161432494,718.8217579240011,230.36176132767437,19.768386316683056
M2_Macro_Oil_vs_M3_Macro_Oil_RegQuality__primary__Oil_Rent_Intensive_Pre2016_ge15pct,Regulatory_Quality_lag1,primary,Inward_FDI_Net_Flow_asinh,Oil_Rent_Intensive_Pre2016_ge15pct,oil_rent_threshold,15.0,Future_Period,train_to_2012__test_from_2013,Benchmark,benchmark,Lagged_Flow,BHR,10,75.65844657023418,584.9531150801546,17.058308306335324,9.461897838689143
M2_Macro_Oil_vs_M3_Macro_Oil_RegQuality__primary__Oil_Rent_Intensive_Pre2016_ge15pct,Regulatory_Quality_lag1,primary,Inward_FDI_Net_Flow_asinh,Oil_Rent_Intensive_Pre2016_ge15pct,oil_rent_threshold,15.0,Future_Period,train_to_2012__test_from_2013,Benchmark,benchmark,Lagged_Flow,BRN,10,41.60861628339799,435.1941257930632,447.0409879942621,39.944632685905134
M2_Macro_Oil_vs_M3_Macro_Oil_RegQuality__primary__Oil_Rent_Intensive_Pre2016_ge15pct,Regulatory_Quality_lag1,primary,Inward_FDI_Net_Flow_asinh,Oil_Rent_Intensive_Pre2016_ge15pct,oil_rent_threshold,15.0,Future_Period,train_to_2012__test_from_2013,Benchmark,benchmark,Lagged_Flow,COG,10,32.98129629985546,633.1170443907433,686.7972384669489,55.520006673371604
M2_Macro_Oil_vs_M3_Macro_Oil_RegQuality__primary__Oil_Rent_Intensive_Pre2016_ge15pct,Regulatory_Quality_lag1,primary,Inward_FDI_Net_Flow_asinh,Oil_Rent_Intensive_Pre2016_ge15pct,oil_rent_threshold,15.0,Future_Period,train_to_2012__test_from_2013,Benchmark,benchmark,Lagged_Flow,DZA,10,62.341313551812725,585.6167235793532,453.8073228790056,32.56674366147752
M2_Macro_Oil_vs_M3_Macro_Oil_RegQuality__primary__Oil_Rent_Intensive_Pre2016_ge15pct,Regulatory_Quality_lag1,primary,Inward_FDI_Net_Flow_asinh,Oil_Rent_Intensive_Pre2016_ge15pct,oil_rent_threshold,15.0,Future_Period,train_to_2012__test_from_2013,Benchmark,benchmark,Lagged_Flow,ECU,10,74.85946508815755,561.110416332989,1.8310387288208896,3.690797717008362
M2_Macro_Oil_vs_M3_Macro_Oil_RegQuality__primary__Oil_Rent_Intensive_Pre2016_ge15pct,Regulatory_Quality_lag1,primary,Inward_FDI_Net_Flow_asinh,Oil_Rent_Intensive_Pre2016_ge15pct,oil_rent_threshold,15.0,Future_Period,train_to_2012__test_from_2013,Benchmark,benchmark,Lagged_Flow,EGY,10,95.13073390583449,905.8900759417995,1.2339939874955639,2.714388575459722
M2_Macro_Oil_vs_M3_Macro_Oil_RegQuality__primary__Oil_Rent_Intensive_Pre2016_ge15pct,Regulatory_Quality_lag1,primary,Inward_FDI_Net_Flow_asinh,Oil_Rent_Intensive_Pre2016_ge15pct,oil_rent_threshold,15.0,Future_Period,train_to_2012__test_from_2013,Benchmark,benchmark,Lagged_Flow,GAB,10,74.25613910711178,563.4090121689455,25.700644935500176,9.666334677898622
M2_Macro_Oil_vs_M3_Macro_Oil_RegQuality__primary__Oil_Rent_Intensive_Pre2016_ge15pct,Regulatory_Quality_lag1,primary,Inward_FDI_Net_Flow_asinh,Oil_Rent_Intensive_Pre2016_ge15pct,oil_rent_threshold,15.0,Future_Period,train_to_2012__test_from_2013,Benchmark,benchmark,Lagged_Flow,GNQ,10,49.249435900844965,462.4709304527407,536.0695603767201,52.15287352732267
M2_Macro_Oil_vs_M3_Macro_Oil_RegQuality__primary__Oil_Rent_Intensive_Pre2016_ge15pct,Regulatory_Quality_lag1,primary,Inward_FDI_Net_Flow_asinh,Oil_Rent_Intensive_Pre2016_ge15pct,oil_rent_threshold,15.0,Future_Period,train_to_2012__test_from_2013,Benchmark,benchmark,Lagged_Flow,IRN,10,83.74401272544831,703.0079588815662,1.5103871953003742,3.1473121796458425
M2_Macro_Oil_vs_M3_Macro_Oil_RegQuality__primary__Oil_Rent_Intensive_Pre2016_ge15pct,Regulatory_Quality_lag1,primary,Inward_FDI_Net_Flow_asinh,Oil_Rent_Intensive_Pre2016_ge15pct,oil_rent_threshold,15.0,Future_Period,train_to_2012__test_from_2013,Benchmark,benchmark,Lagged_Flow,IRQ,10,-90.11766103049645,814.7529170078233,301.0004677587118,20.32942049695768
M2_Macro_Oil_vs_M3_Macro_Oil_RegQuality__primary__Oil_Rent_Intensive_Pre2016_ge15pct,Regulatory_Quality_lag1,primary,Inward_FDI_Net_Flow_asinh,Oil_Rent_Intensive_Pre2016_ge15pct,oil_rent_threshold,15.0,Future_Period,train_to_2012__test_from_2013,Benchmark,benchmark,Lagged_Flow,KAZ,10,91.98692500865599,855.6414015246115,15.75761271176337,9.157619887166964
M2_Macro_Oil_vs_M3_Macro_Oil_RegQuality__primary__Oil_Rent_Intensive_Pre2016_ge15pct,Regulatory_Quality_lag1,primary,Inward_FDI_Net_Flow_asinh,Oil_Rent_Intensive_Pre2016_ge15pct,oil_rent_threshold,15.0,Future_Period,train_to_2012__test_from_2013,Benchmark,benchmark,Lagged_Flow,KWT,9,22.83981630540144,372.10113345906404,396.7148640746179,37.83142818431098
M2_Macro_Oil_vs_M3_Macro_Oil_RegQuality__primary__Oil_Rent_Intensive_Pre2016_ge15pct,Regulatory_Quality_lag1,primary,Inward_FDI_Net_Flow_asinh,Oil_Rent_Intensive_Pre2016_ge15pct,oil_rent_threshold,15.0,Future_Period,train_to_2012__test_from_2013,Benchmark,benchmark,Lagged_Flow,LBY,2,14.494162183772893,105.0403687047561,0.5243633916836761,0.8600093315393185
M2_Macro_Oil_vs_M3_Macro_Oil_RegQuality__primary__Oil_Rent_Intensive_Pre2016_ge15pct,Regulatory_Quality_lag1,primary,Inward_FDI_Net_Flow_asinh,Oil_Rent_Intensive_Pre2016_ge15pct,oil_rent_threshold,15.0,Future_Period,train_to_2012__test_from_2013,Benchmark,benchmark,Lagged_Flow,NGA,10,71.63506999581271,705.9998402856695,219.73325228750278,18.62396645123693
M2_Macro_Oil_vs_M3_Macro_Oil_RegQuality__primary__Oil_Rent_Intensive_Pre2016_ge15pct,Regulatory_Quality_lag1,primary,Inward_FDI_Net_Flow_asinh,Oil_Rent_Intensive_Pre2016_ge15pct,oil_rent_threshold,15.0,Future_Period,train_to_2012__test_from_2013,Benchmark,benchmark,Lagged_Flow,OMN,10,69.7942122721175,752.9084713220543,549.5081047360135,37.1617317143503
M2_Macro_Oil_vs_M3_Macro_Oil_RegQuality__primary__Oil_Rent_Intensive_Pre2016_ge15pct,Regulatory_Quality_lag1,primary,Inward_FDI_Net_Flow_asinh,Oil_Rent_Intensive_Pre2016_ge15pct,oil_rent_threshold,15.0,Future_Period,train_to_2012__test_from_2013,Benchmark,benchmark,Lagged_Flow,PNG,10,23.80544387599153,294.1976436077809,463.7265695720151,45.30422680128406
M2_Macro_Oil_vs_M3_Macro_Oil_RegQuality__primary__Oil_Rent_Intensive_Pre2016_ge15pct,Regulatory_Quality_lag1,primary,Inward_FDI_Net_Flow_asinh,Oil_Rent_Intensive_Pre2016_ge15pct,oil_rent_threshold,15.0,Future_Period,train_to_2012__test_from_2013,Benchmark,benchmark,Lagged_Flow,QAT,10,-5.3593109691858265,585.1794890377063,843.4844056806003,59.64671357166304
M2_Macro_Oil_vs_M3_Macro_Oil_RegQuality__primary__Oil_Rent_Intensive_Pre2016_ge15pct,Regulatory_Quality_lag1,primary,Inward_FDI_Net_Flow_asinh,Oil_Rent_Intensive_Pre2016_ge15pct,oil_rent_threshold,15.0,Future_Period,train_to_2012__test_from_2013,Benchmark,benchmark,Lagged_Flow,RUS,10,84.79920599502765,1158.0949222941642,521.9755569691835,32.037898505666554
M2_Macro_Oil_vs_M3_Macro_Oil_RegQuality__primary__Oil_Rent_Intensive_Pre2016_ge15pct,Regulatory_Quality_lag1,primary,Inward_FDI_Net_Flow_asinh,Oil_Rent_Intensive_Pre2016_ge15pct,oil_rent_threshold,15.0,Future_Period,train_to_2012__test_from_2013,Benchmark,benchmark,Lagged_Flow,SAU,10,92.85188530488799,876.5783918019505,30.7715221859533,14.374516414780159
M2_Macro_Oil_vs_M3_Macro_Oil_RegQuality__primary__Oil_Rent_Intensive_Pre2016_ge15pct,Regulatory_Quality_lag1,primary,Inward_FDI_Net_Flow_asinh,Oil_Rent_Intensive_Pre2016_ge15pct,oil_rent_threshold,15.0,Future_Period,train_to_2012__test_from_2013,Benchmark,benchmark,Lagged_Flow,SDN,10,75.82713233187091,576.4969584816613,0.7624046220355416,2.3557793569741357
M2_Macro_Oil_vs_M3_Macro_Oil_RegQuality__primary__Oil_Rent_Intensive_Pre2016_ge15pct,Regulatory_Quality_lag1,primary,Inward_FDI_Net_Flow_asinh,Oil_Rent_Intensive_Pre2016_ge15pct,oil_rent_threshold,15.0,Future_Period,train_to_2012__test_from_2013,Benchmark,benchmark,Lagged_Flow,SSD,4,-9.070740197589888,62.750642934522844,250.26007794192697,25.0831573652892
M2_Macro_Oil_vs_M3_Macro_Oil_RegQuality__primary__Oil_Rent_Intensive_Pre2016_ge15pct,Regulatory_Quality_lag1,primary,Inward_FDI_Net_Flow_asinh,Oil_Rent_Intensive_Pre2016_ge15pct,oil_rent_threshold,15.0,Future_Period,train_to_2012__test_from_2013,Benchmark,benchmark,Lagged_Flow,TCD,10,54.78164949514884,479.760460724146,403.8871450711944,30.54945798226762
M2_Macro_Oil_vs_M3_Macro_Oil_RegQuality__primary__Oil_Rent_Intensive_Pre2016_ge15pct,Regulatory_Quality_lag1,primary,Inward_FDI_Net_Flow_asinh,Oil_Rent_Intensive_Pre2016_ge15pct,oil_rent_threshold,15.0,Future_Period,train_to_2012__test_from_2013,Benchmark,benchmark,Lagged_Flow,TLS,7,-4.236303618682487,169.3906330698152,233.02805987569354,26.55645907551188
M2_Macro_Oil_vs_M3_Macro_Oil_RegQuality__primary__Oil_Rent_Intensive_Pre2016_ge15pct,Regulatory_Quality_lag1,primary,Inward_FDI_Net_Flow_asinh,Oil_Rent_Intensive_Pre2016_ge15pct,oil_rent_threshold,15.0,Future_Period,train_to_2012__test_from_2013,Benchmark,benchmark,Lagged_Flow,TTO,10,1.175618761211389,470.45694599930187,968.6240747860325,75.246738992039
M2_Macro_Oil_vs_M3_Macro_Oil_RegQuality__primary__Oil_Rent_Intensive_Pre2016_ge15pct,Regulatory_Quality_lag1,primary,Inward_FDI_Net_Flow_asinh,Oil_Rent_Intensive_Pre2016_ge15pct,oil_rent_threshold,15.0,Future_Period,train_to_2012__test_from_2013,Benchmark,benchmark,Lagged_Flow,VEN,3,24.776316862037557,205.0967015997399,2.032863496076592,2.4372053368568576
M2_Macro_Oil_vs_M3_Macro_Oil_RegQuality__primary__Oil_Rent_Intensive_Pre2016_ge15pct,Regulatory_Quality_lag1,primary,Inward_FDI_Net_Flow_asinh,Oil_Rent_Intensive_Pre2016_ge15pct,oil_rent_threshold,15.0,Future_Period,train_to_2012__test_from_2013,Benchmark,benchmark,Lagged_Flow,YEM,3,-15.16389942637285,80.75499219269867,12.677422417105745,5.507436391209898
M2_Macro_Oil_vs_M3_Macro_Oil_RegQuality__primary__Oil_Rent_Intensive_Pre2016_ge15pct,Regulatory_Quality_lag1,primary,Inward_FDI_Net_Flow_asinh,Oil_Rent_Intensive_Pre2016_ge15pct,oil_rent_threshold,15.0,Future_Period,train_to_2012__test_from_2013,Benchmark,benchmark,Training_Mean,AGO,10,-51.50768124221007,806.368197506468,1881.0684859777678,127.66619111487957
M2_Macro_Oil_vs_M3_Macro_Oil_RegQuality__primary__Oil_Rent_Intensive_Pre2016_ge15pct,Regulatory_Quality_lag1,primary,Inward_FDI_Net_Flow_asinh,Oil_Rent_Intensive_Pre2016_ge15pct,oil_rent_threshold,15.0,Future_Period,train_to_2012__test_from_2013,Benchmark,benchmark,Training_Mean,ARE,10,101.80412050626362,1037.6922044549276,142.30890912785262,37.55324218736772
M2_Macro_Oil_vs_M3_Macro_Oil_RegQuality__primary__Oil_Rent_Intensive_Pre2016_ge15pct,Regulatory_Quality_lag1,primary,Inward_FDI_Net_Flow_asinh,Oil_Rent_Intensive_Pre2016_ge15pct,oil_rent_threshold,15.0,Future_Period,train_to_2012__test_from_2013,Benchmark,benchmark,Training_Mean,AZE,10,50.046673161432494,718.8217579240011,488.5307528868073,45.96679199117736
M2_Macro_Oil_vs_M3_Macro_Oil_RegQuality__primary__Oil_Rent_Intensive_Pre2016_ge15pct,Regulatory_Quality_lag1,primary,Inward_FDI_Net_Flow_asinh,Oil_Rent_Intensive_Pre2016_ge15pct,oil_rent_threshold,15.0,Future_Period,train_to_2012__test_from_2013,Benchmark,benchmark,Training_Mean,BHR,10,75.65844657023418,584.9531150801546,25.546322678950766,15.000694941097207
M2_Macro_Oil_vs_M3_Macro_Oil_RegQuality__primary__Oil_Rent_Intensive_Pre2016_ge15pct,Regulatory_Quality_lag1,primary,Inward_FDI_Net_Flow_asinh,Oil_Rent_Intensive_Pre2016_ge15pct,oil_rent_threshold,15.0,Future_Period,train_to_2012__test_from_2013,Benchmark,benchmark,Training_Mean,BRN,10,41.60861628339799,435.1941257930632,313.33363389957293,29.18102890818868
M2_Macro_Oil_vs_M3_Macro_Oil_RegQuality__primary__Oil_Rent_Intensive_Pre2016_ge15pct,Regulatory_Quality_lag1,primary,Inward_FDI_Net_Flow_asinh,Oil_Rent_Intensive_Pre2016_ge15pct,oil_rent_threshold,15.0,Future_Period,train_to_2012__test_from_2013,Benchmark,benchmark,Training_Mean,COG,10,32.98129629985546,633.1170443907433,622.1191297934072,56.305747120382684
M2_Macro_Oil_vs_M3_Macro_Oil_RegQuality__primary__Oil_Rent_Intensive_Pre2016_ge15pct,Regulatory_Quality_lag1,primary,Inward_FDI_Net_Flow_asinh,Oil_Rent_Intensive_Pre2016_ge15pct,oil_rent_threshold,15.0,Future_Period,train_to_2012__test_from_2013,Benchmark,benchmark,Training_Mean,DZA,10,62.341313551812725,585.6167235793532,197.33742980277893,25.389537863100404
M2_Macro_Oil_vs_M3_Macro_Oil_RegQuality__primary__Oil_Rent_Intensive_Pre2016_ge15pct,Regulatory_Quality_lag1,primary,Inward_FDI_Net_Flow_asinh,Oil_Rent_Intensive_Pre2016_ge15pct,oil_rent_threshold,15.0,Future_Period,train_to_2012__test_from_2013,Benchmark,benchmark,Training_Mean,ECU,10,74.85946508815755,561.110416332989,11.970676328576431,10.608586769261649
M2_Macro_Oil_vs_M3_Macro_Oil_RegQuality__primary__Oil_Rent_Intensive_Pre2016_ge15pct,Regulatory_Quality_lag1,primary,Inward_FDI_Net_Flow_asinh,Oil_Rent_Intensive_Pre2016_ge15pct,oil_rent_threshold,15.0,Future_Period,train_to_2012__test_from_2013,Benchmark,benchmark,Training_Mean,EGY,10,95.13073390583449,905.8900759417995,96.26097070254907,30.87985558693859
M2_Macro_Oil_vs_M3_Macro_Oil_RegQuality__primary__Oil_Rent_Intensive_Pre2016_ge15pct,Regulatory_Quality_lag1,primary,Inward_FDI_Net_Flow_asinh,Oil_Rent_Intensive_Pre2016_ge15pct,oil_rent_threshold,15.0,Future_Period,train_to_2012__test_from_2013,Benchmark,benchmark,Training_Mean,GAB,10,74.25613910711178,563.4090121689455,22.02211700349311,14.007483079624881
M2_Macro_Oil_vs_M3_Macro_Oil_RegQuality__primary__Oil_Rent_Intensive_Pre2016_ge15pct,Regulatory_Quality_lag1,primary,Inward_FDI_Net_Flow_asinh,Oil_Rent_Intensive_Pre2016_ge15pct,oil_rent_threshold,15.0,Future_Period,train_to_2012__test_from_2013,Benchmark,benchmark,Training_Mean,GNQ,10,49.249435900844965,462.4709304527407,242.42456425980677,29.05156949917497
M2_Macro_Oil_vs_M3_Macro_Oil_RegQuality__primary__Oil_Rent_Intensive_Pre2016_ge15pct,Regulatory_Quality_lag1,primary,Inward_FDI_Net_Flow_asinh,Oil_Rent_Intensive_Pre2016_ge15pct,oil_rent_threshold,15.0,Future_Period,train_to_2012__test_from_2013,Benchmark,benchmark,Training_Mean,IRN,10,83.74401272544831,703.0079588815662,39.70022104475305,19.493134406552414
M2_Macro_Oil_vs_M3_Macro_Oil_RegQuality__primary__Oil_Rent_Intensive_Pre2016_ge15pct,Regulatory_Quality_lag1,primary,Inward_FDI_Net_Flow_asinh,Oil_Rent_Intensive_Pre2016_ge15pct,oil_rent_threshold,15.0,Future_Period,train_to_2012__test_from_2013,Benchmark,benchmark,Training_Mean,IRQ,10,-90.11766103049645,814.7529170078233,2385.598228133567,154.36853934939234
M2_Macro_Oil_vs_M3_Macro_Oil_RegQuality__primary__Oil_Rent_Intensive_Pre2016_ge15pct,Regulatory_Quality_lag1,primary,Inward_FDI_Net_Flow_asinh,Oil_Rent_Intensive_Pre2016_ge15pct,oil_rent_threshold,15.0,Future_Period,train_to_2012__test_from_2013,Benchmark,benchmark,Training_Mean,KAZ,10,91.98692500865599,855.6414015246115,86.41079286745655,27.736046689760098
M2_Macro_Oil_vs_M3_Macro_Oil_RegQuality__primary__Oil_Rent_Intensive_Pre2016_ge15pct,Regulatory_Quality_lag1,primary,Inward_FDI_Net_Flow_asinh,Oil_Rent_Intensive_Pre2016_ge15pct,oil_rent_threshold,15.0,Future_Period,train_to_2012__test_from_2013,Benchmark,benchmark,Training_Mean,KWT,9,22.83981630540144,372.10113345906404,450.1412646336686,39.99261720700038
M2_Macro_Oil_vs_M3_Macro_Oil_RegQuality__primary__Oil_Rent_Intensive_Pre2016_ge15pct,Regulatory_Quality_lag1,primary,Inward_FDI_Net_Flow_asinh,Oil_Rent_Intensive_Pre2016_ge15pct,oil_rent_threshold,15.0,Future_Period,train_to_2012__test_from_2013,Benchmark,benchmark,Training_Mean,LBY,2,14.494162183772893,105.0403687047561,1.3513458389605209,1.6439865199937138
M2_Macro_Oil_vs_M3_Macro_Oil_RegQuality__primary__Oil_Rent_Intensive_Pre2016_ge15pct,Regulatory_Quality_lag1,primary,Inward_FDI_Net_Flow_asinh,Oil_Rent_Intensive_Pre2016_ge15pct,oil_rent_threshold,15.0,Future_Period,train_to_2012__test_from_2013,Benchmark,benchmark,Training_Mean,NGA,10,71.63506999581271,705.9998402856695,198.29414362731563,32.08067202108596
M2_Macro_Oil_vs_M3_Macro_Oil_RegQuality__primary__Oil_Rent_Intensive_Pre2016_ge15pct,Regulatory_Quality_lag1,primary,Inward_FDI_Net_Flow_asinh,Oil_Rent_Intensive_Pre2016_ge15pct,oil_rent_threshold,15.0,Future_Period,train_to_2012__test_from_2013,Benchmark,benchmark,Training_Mean,OMN,10,69.7942122721175,752.9084713220543,268.8581197852085,35.14700894766159
M2_Macro_Oil_vs_M3_Macro_Oil_RegQuality__primary__Oil_Rent_Intensive_Pre2016_ge15pct,Regulatory_Quality_lag1,primary,Inward_FDI_Net_Flow_asinh,Oil_Rent_Intensive_Pre2016_ge15pct,oil_rent_threshold,15.0,Future_Period,train_to_2012__test_from_2013,Benchmark,benchmark,Training_Mean,PNG,10,23.80544387599153,294.1976436077809,401.1110445220101,43.318249651318034
M2_Macro_Oil_vs_M3_Macro_Oil_RegQuality__primary__Oil_Rent_Intensive_Pre2016_ge15pct,Regulatory_Quality_lag1,primary,Inward_FDI_Net_Flow_asinh,Oil_Rent_Intensive_Pre2016_ge15pct,oil_rent_threshold,15.0,Future_Period,train_to_2012__test_from_2013,Benchmark,benchmark,Training_Mean,QAT,10,-5.3593109691858265,585.1794890377063,1066.8651129035195,78.69200680532293
M2_Macro_Oil_vs_M3_Macro_Oil_RegQuality__primary__Oil_Rent_Intensive_Pre2016_ge15pct,Regulatory_Quality_lag1,primary,Inward_FDI_Net_Flow_asinh,Oil_Rent_Intensive_Pre2016_ge15pct,oil_rent_threshold,15.0,Future_Period,train_to_2012__test_from_2013,Benchmark,benchmark,Training_Mean,RUS,10,84.79920599502765,1158.0949222941642,481.2277655840193,55.96808953192066
M2_Macro_Oil_vs_M3_Macro_Oil_RegQuality__primary__Oil_Rent_Intensive_Pre2016_ge15pct,Regulatory_Quality_lag1,primary,Inward_FDI_Net_Flow_asinh,Oil_Rent_Intensive_Pre2016_ge15pct,oil_rent_threshold,15.0,Future_Period,train_to_2012__test_from_2013,Benchmark,benchmark,Training_Mean,SAU,10,92.85188530488799,876.5783918019505,96.23289139601995,28.601006985992097
M2_Macro_Oil_vs_M3_Macro_Oil_RegQuality__primary__Oil_Rent_Intensive_Pre2016_ge15pct,Regulatory_Quality_lag1,primary,Inward_FDI_Net_Flow_asinh,Oil_Rent_Intensive_Pre2016_ge15pct,oil_rent_threshold,15.0,Future_Period,train_to_2012__test_from_2013,Benchmark,benchmark,Training_Mean,SDN,10,75.82713233187091,576.4969584816613,14.922524411446984,11.57625401297502
M2_Macro_Oil_vs_M3_Macro_Oil_RegQuality__primary__Oil_Rent_Intensive_Pre2016_ge15pct,Regulatory_Quality_lag1,primary,Inward_FDI_Net_Flow_asinh,Oil_Rent_Intensive_Pre2016_ge15pct,oil_rent_threshold,15.0,Future_Period,train_to_2012__test_from_2013,Benchmark,benchmark,Training_Mean,SSD,4,-9.070740197589888,62.750642934522844,344.43826246403864,34.77109152514825
M2_Macro_Oil_vs_M3_Macro_Oil_RegQuality__primary__Oil_Rent_Intensive_Pre2016_ge15pct,Regulatory_Quality_lag1,primary,Inward_FDI_Net_Flow_asinh,Oil_Rent_Intensive_Pre2016_ge15pct,oil_rent_threshold,15.0,Future_Period,train_to_2012__test_from_2013,Benchmark,benchmark,Training_Mean,TCD,10,54.78164949514884,479.760460724146,188.62417803486008,18.26223771926247
M2_Macro_Oil_vs_M3_Macro_Oil_RegQuality__primary__Oil_Rent_Intensive_Pre2016_ge15pct,Regulatory_Quality_lag1,primary,Inward_FDI_Net_Flow_asinh,Oil_Rent_Intensive_Pre2016_ge15pct,oil_rent_threshold,15.0,Future_Period,train_to_2012__test_from_2013,Benchmark,benchmark,Training_Mean,TLS,7,-4.236303618682487,169.3906330698152,512.8001542674583,49.21191844190962
M2_Macro_Oil_vs_M3_Macro_Oil_RegQuality__primary__Oil_Rent_Intensive_Pre2016_ge15pct,Regulatory_Quality_lag1,primary,Inward_FDI_Net_Flow_asinh,Oil_Rent_Intensive_Pre2016_ge15pct,oil_rent_threshold,15.0,Future_Period,train_to_2012__test_from_2013,Benchmark,benchmark,Training_Mean,TTO,10,1.175618761211389,470.45694599930187,868.1675748790577,69.73053372467801
M2_Macro_Oil_vs_M3_Macro_Oil_RegQuality__primary__Oil_Rent_Intensive_Pre2016_ge15pct,Regulatory_Quality_lag1,primary,Inward_FDI_Net_Flow_asinh,Oil_Rent_Intensive_Pre2016_ge15pct,oil_rent_threshold,15.0,Future_Period,train_to_2012__test_from_2013,Benchmark,benchmark,Training_Mean,VEN,3,24.776316862037557,205.0967015997399,10.561938563590171,5.501053366368788
M2_Macro_Oil_vs_M3_Macro_Oil_RegQuality__primary__Oil_Rent_Intensive_Pre2016_ge15pct,Regulatory_Quality_lag1,primary,Inward_FDI_Net_Flow_asinh,Oil_Rent_Intensive_Pre2016_ge15pct,oil_rent_threshold,15.0,Future_Period,train_to_2012__test_from_2013,Benchmark,benchmark,Training_Mean,YEM,3,-15.16389942637285,80.75499219269867,399.45902451195707,34.43916292204162
M2_Macro_Oil_vs_M3_Macro_Oil_RegQuality__primary__Oil_Rent_Intensive_Pre2016_ge15pct,Regulatory_Quality_lag1,primary,Inward_FDI_Net_Flow_asinh,Oil_Rent_Intensive_Pre2016_ge15pct,oil_rent_threshold,15.0,Future_Period,train_to_2012__test_from_2013,Benchmark,benchmark,Zero_Flow,AGO,10,-51.50768124221007,806.368197506468,806.368197506468,89.11566412354203
M2_Macro_Oil_vs_M3_Macro_Oil_RegQuality__primary__Oil_Rent_Intensive_Pre2016_ge15pct,Regulatory_Quality_lag1,primary,Inward_FDI_Net_Flow_asinh,Oil_Rent_Intensive_Pre2016_ge15pct,oil_rent_threshold,15.0,Future_Period,train_to_2012__test_from_2013,Benchmark,benchmark,Zero_Flow,ARE,10,101.80412050626362,1037.6922044549276,1037.6922044549276,101.80412050626362
M2_Macro_Oil_vs_M3_Macro_Oil_RegQuality__primary__Oil_Rent_Intensive_Pre2016_ge15pct,Regulatory_Quality_lag1,primary,Inward_FDI_Net_Flow_asinh,Oil_Rent_Intensive_Pre2016_ge15pct,oil_rent_threshold,15.0,Future_Period,train_to_2012__test_from_2013,Benchmark,benchmark,Zero_Flow,AZE,10,50.046673161432494,718.8217579240011,718.8217579240011,84.5173189825149
M2_Macro_Oil_vs_M3_Macro_Oil_RegQuality__primary__Oil_Rent_Intensive_Pre2016_ge15pct,Regulatory_Quality_lag1,primary,Inward_FDI_Net_Flow_asinh,Oil_Rent_Intensive_Pre2016_ge15pct,oil_rent_threshold,15.0,Future_Period,train_to_2012__test_from_2013,Benchmark,benchmark,Zero_Flow,BHR,10,75.65844657023418,584.9531150801546,584.9531150801546,75.65844657023418
M2_Macro_Oil_vs_M3_Macro_Oil_RegQuality__primary__Oil_Rent_Intensive_Pre2016_ge15pct,Regulatory_Quality_lag1,primary,Inward_FDI_Net_Flow_asinh,Oil_Rent_Intensive_Pre2016_ge15pct,oil_rent_threshold,15.0,Future_Period,train_to_2012__test_from_2013,Benchmark,benchmark,Zero_Flow,BRN,10,41.60861628339799,435.1941257930632,435.1941257930632,65.75076831628004
M2_Macro_Oil_vs_M3_Macro_Oil_RegQuality__primary__Oil_Rent_Intensive_Pre2016_ge15pct,Regulatory_Quality_lag1,primary,Inward_FDI_Net_Flow_asinh,Oil_Rent_Intensive_Pre2016_ge15pct,oil_rent_threshold,15.0,Future_Period,train_to_2012__test_from_2013,Benchmark,benchmark,Zero_Flow,COG,10,32.98129629985546,633.1170443907433,633.1170443907433,78.39065934508533
M2_Macro_Oil_vs_M3_Macro_Oil_RegQuality__primary__Oil_Rent_Intensive_Pre2016_ge15pct,Regulatory_Quality_lag1,primary,Inward_FDI_Net_Flow_asinh,Oil_Rent_Intensive_Pre2016_ge15pct,oil_rent_threshold,15.0,Future_Period,train_to_2012__test_from_2013,Benchmark,benchmark,Zero_Flow,DZA,10,62.341313551812725,585.6167235793532,585.6167235793532,76.30255680314481
M2_Macro_Oil_vs_M3_Macro_Oil_RegQuality__primary__Oil_Rent_Intensive_Pre2016_ge15pct,Regulatory_Quality_lag1,primary,Inward_FDI_Net_Flow_asinh,Oil_Rent_Intensive_Pre2016_ge15pct,oil_rent_threshold,15.0,Future_Period,train_to_2012__test_from_2013,Benchmark,benchmark,Zero_Flow,ECU,10,74.85946508815755,561.110416332989,561.110416332989,74.85946508815755
M2_Macro_Oil_vs_M3_Macro_Oil_RegQuality__primary__Oil_Rent_Intensive_Pre2016_ge15pct,Regulatory_Quality_lag1,primary,Inward_FDI_Net_Flow_asinh,Oil_Rent_Intensive_Pre2016_ge15pct,oil_rent_threshold,15.0,Future_Period,train_to_2012__test_from_2013,Benchmark,benchmark,Zero_Flow,EGY,10,95.13073390583449,905.8900759417995,905.8900759417995,95.13073390583449
M2_Macro_Oil_vs_M3_Macro_Oil_RegQuality__primary__Oil_Rent_Intensive_Pre2016_ge15pct,Regulatory_Quality_lag1,primary,Inward_FDI_Net_Flow_asinh,Oil_Rent_Intensive_Pre2016_ge15pct,oil_rent_threshold,15.0,Future_Period,train_to_2012__test_from_2013,Benchmark,benchmark,Zero_Flow,GAB,10,74.25613910711178,563.4090121689455,563.4090121689455,74.25613910711178
M2_Macro_Oil_vs_M3_Macro_Oil_RegQuality__primary__Oil_Rent_Intensive_Pre2016_ge15pct,Regulatory_Quality_lag1,primary,Inward_FDI_Net_Flow_asinh,Oil_Rent_Intensive_Pre2016_ge15pct,oil_rent_threshold,15.0,Future_Period,train_to_2012__test_from_2013,Benchmark,benchmark,Zero_Flow,GNQ,10,49.249435900844965,462.4709304527407,462.4709304527407,66.38467438352866
M2_Macro_Oil_vs_M3_Macro_Oil_RegQuality__primary__Oil_Rent_Intensive_Pre2016_ge15pct,Regulatory_Quality_lag1,primary,Inward_FDI_Net_Flow_asinh,Oil_Rent_Intensive_Pre2016_ge15pct,oil_rent_threshold,15.0,Future_Period,train_to_2012__test_from_2013,Benchmark,benchmark,Zero_Flow,IRN,10,83.74401272544831,703.0079588815662,703.0079588815662,83.74401272544831
M2_Macro_Oil_vs_M3_Macro_Oil_RegQuality__primary__Oil_Rent_Intensive_Pre2016_ge15pct,Regulatory_Quality_lag1,primary,Inward_FDI_Net_Flow_asinh,Oil_Rent_Intensive_Pre2016_ge15pct,oil_rent_threshold,15.0,Future_Period,train_to_2012__test_from_2013,Benchmark,benchmark,Zero_Flow,IRQ,10,-90.11766103049645,814.7529170078233,814.7529170078233,90.11766103049645
M2_Macro_Oil_vs_M3_Macro_Oil_RegQuality__primary__Oil_Rent_Intensive_Pre2016_ge15pct,Regulatory_Quality_lag1,primary,Inward_FDI_Net_Flow_asinh,Oil_Rent_Intensive_Pre2016_ge15pct,oil_rent_threshold,15.0,Future_Period,train_to_2012__test_from_2013,Benchmark,benchmark,Zero_Flow,KAZ,10,91.98692500865599,855.6414015246115,855.6414015246115,91.98692500865599
M2_Macro_Oil_vs_M3_Macro_Oil_RegQuality__primary__Oil_Rent_Intensive_Pre2016_ge15pct,Regulatory_Quality_lag1,primary,Inward_FDI_Net_Flow_asinh,Oil_Rent_Intensive_Pre2016_ge15pct,oil_rent_threshold,15.0,Future_Period,train_to_2012__test_from_2013,Benchmark,benchmark,Zero_Flow,KWT,9,22.83981630540144,372.10113345906404,372.10113345906404,56.98747033069785
M2_Macro_Oil_vs_M3_Macro_Oil_RegQuality__primary__Oil_Rent_Intensive_Pre2016_ge15pct,Regulatory_Quality_lag1,primary,Inward_FDI_Net_Flow_asinh,Oil_Rent_Intensive_Pre2016_ge15pct,oil_rent_threshold,15.0,Future_Period,train_to_2012__test_from_2013,Benchmark,benchmark,Zero_Flow,LBY,2,14.494162183772893,105.0403687047561,105.0403687047561,14.494162183772893
M2_Macro_Oil_vs_M3_Macro_Oil_RegQuality__primary__Oil_Rent_Intensive_Pre2016_ge15pct,Regulatory_Quality_lag1,primary,Inward_FDI_Net_Flow_asinh,Oil_Rent_Intensive_Pre2016_ge15pct,oil_rent_threshold,15.0,Future_Period,train_to_2012__test_from_2013,Benchmark,benchmark,Zero_Flow,NGA,10,71.63506999581271,705.9998402856695,705.9998402856695,83.48137467620268
M2_Macro_Oil_vs_M3_Macro_Oil_RegQuality__primary__Oil_Rent_Intensive_Pre2016_ge15pct,Regulatory_Quality_lag1,primary,Inward_FDI_Net_Flow_asinh,Oil_Rent_Intensive_Pre2016_ge15pct,oil_rent_threshold,15.0,Future_Period,train_to_2012__test_from_2013,Benchmark,benchmark,Zero_Flow,OMN,10,69.7942122721175,752.9084713220543,752.9084713220543,86.5477116027783
M2_Macro_Oil_vs_M3_Macro_Oil_RegQuality__primary__Oil_Rent_Intensive_Pre2016_ge15pct,Regulatory_Quality_lag1,primary,Inward_FDI_Net_Flow_asinh,Oil_Rent_Intensive_Pre2016_ge15pct,oil_rent_threshold,15.0,Future_Period,train_to_2012__test_from_2013,Benchmark,benchmark,Zero_Flow,PNG,10,23.80544387599153,294.1976436077809,294.1976436077809,52.75292855109797
M2_Macro_Oil_vs_M3_Macro_Oil_RegQuality__primary__Oil_Rent_Intensive_Pre2016_ge15pct,Regulatory_Quality_lag1,primary,Inward_FDI_Net_Flow_asinh,Oil_Rent_Intensive_Pre2016_ge15pct,oil_rent_threshold,15.0,Future_Period,train_to_2012__test_from_2013,Benchmark,benchmark,Zero_Flow,QAT,10,-5.3593109691858265,585.1794890377063,585.1794890377063,75.89227948638698
M2_Macro_Oil_vs_M3_Macro_Oil_RegQuality__primary__Oil_Rent_Intensive_Pre2016_ge15pct,Regulatory_Quality_lag1,primary,Inward_FDI_Net_Flow_asinh,Oil_Rent_Intensive_Pre2016_ge15pct,oil_rent_threshold,15.0,Future_Period,train_to_2012__test_from_2013,Benchmark,benchmark,Zero_Flow,RUS,10,84.79920599502765,1158.0949222941642,1158.0949222941642,107.36879218703737
M2_Macro_Oil_vs_M3_Macro_Oil_RegQuality__primary__Oil_Rent_Intensive_Pre2016_ge15pct,Regulatory_Quality_lag1,primary,Inward_FDI_Net_Flow_asinh,Oil_Rent_Intensive_Pre2016_ge15pct,oil_rent_threshold,15.0,Future_Period,train_to_2012__test_from_2013,Benchmark,benchmark,Zero_Flow,SAU,10,92.85188530488799,876.5783918019505,876.5783918019505,92.85188530488799
M2_Macro_Oil_vs_M3_Macro_Oil_RegQuality__primary__Oil_Rent_Intensive_Pre2016_ge15pct,Regulatory_Quality_lag1,primary,Inward_FDI_Net_Flow_asinh,Oil_Rent_Intensive_Pre2016_ge15pct,oil_rent_threshold,15.0,Future_Period,train_to_2012__test_from_2013,Benchmark,benchmark,Zero_Flow,SDN,10,75.82713233187091,576.4969584816613,576.4969584816613,75.82713233187091
M2_Macro_Oil_vs_M3_Macro_Oil_RegQuality__primary__Oil_Rent_Intensive_Pre2016_ge15pct,Regulatory_Quality_lag1,primary,Inward_FDI_Net_Flow_asinh,Oil_Rent_Intensive_Pre2016_ge15pct,oil_rent_threshold,15.0,Future_Period,train_to_2012__test_from_2013,Benchmark,benchmark,Zero_Flow,SSD,4,-9.070740197589888,62.750642934522844,62.750642934522844,11.18258780974218
M2_Macro_Oil_vs_M3_Macro_Oil_RegQuality__primary__Oil_Rent_Intensive_Pre2016_ge15pct,Regulatory_Quality_lag1,primary,Inward_FDI_Net_Flow_asinh,Oil_Rent_Intensive_Pre2016_ge15pct,oil_rent_threshold,15.0,Future_Period,train_to_2012__test_from_2013,Benchmark,benchmark,Zero_Flow,TCD,10,54.78164949514884,479.760460724146,479.760460724146,69.19898722061735
M2_Macro_Oil_vs_M3_Macro_Oil_RegQuality__primary__Oil_Rent_Intensive_Pre2016_ge15pct,Regulatory_Quality_lag1,primary,Inward_FDI_Net_Flow_asinh,Oil_Rent_Intensive_Pre2016_ge15pct,oil_rent_threshold,15.0,Future_Period,train_to_2012__test_from_2013,Benchmark,benchmark,Zero_Flow,TLS,7,-4.236303618682487,169.3906330698152,169.3906330698152,32.72478654138365
M2_Macro_Oil_vs_M3_Macro_Oil_RegQuality__primary__Oil_Rent_Intensive_Pre2016_ge15pct,Regulatory_Quality_lag1,primary,Inward_FDI_Net_Flow_asinh,Oil_Rent_Intensive_Pre2016_ge15pct,oil_rent_threshold,15.0,Future_Period,train_to_2012__test_from_2013,Benchmark,benchmark,Zero_Flow,TTO,10,1.175618761211389,470.45694599930187,470.45694599930187,67.58275209851992
M2_Macro_Oil_vs_M3_Macro_Oil_RegQuality__primary__Oil_Rent_Intensive_Pre2016_ge15pct,Regulatory_Quality_lag1,primary,Inward_FDI_Net_Flow_asinh,Oil_Rent_Intensive_Pre2016_ge15pct,oil_rent_threshold,15.0,Future_Period,train_to_2012__test_from_2013,Benchmark,benchmark,Zero_Flow,VEN,3,24.776316862037557,205.0967015997399,205.0967015997399,24.776316862037557
M2_Macro_Oil_vs_M3_Macro_Oil_RegQuality__primary__Oil_Rent_Intensive_Pre2016_ge15pct,Regulatory_Quality_lag1,primary,Inward_FDI_Net_Flow_asinh,Oil_Rent_Intensive_Pre2016_ge15pct,oil_rent_threshold,15.0,Future_Period,train_to_2012__test_from_2013,Benchmark,benchmark,Zero_Flow,YEM,3,-15.16389942637285,80.75499219269867,80.75499219269867,15.16389942637285
M2_Macro_Oil_vs_M3_Macro_Oil_RegQuality__primary__Oil_Rent_Intensive_Pre2016_ge15pct,Regulatory_Quality_lag1,primary,Inward_FDI_Net_Flow_asinh,Oil_Rent_Intensive_Pre2016_ge15pct,oil_rent_threshold,15.0,Future_Period,train_to_2012__test_from_2013,ElasticNet,model,M2_Macro_Oil,AGO,10,-51.50768124221007,806.368197506468,821.6752346208582,86.83182401007333
M2_Macro_Oil_vs_M3_Macro_Oil_RegQuality__primary__Oil_Rent_Intensive_Pre2016_ge15pct,Regulatory_Quality_lag1,primary,Inward_FDI_Net_Flow_asinh,Oil_Rent_Intensive_Pre2016_ge15pct,oil_rent_threshold,15.0,Future_Period,train_to_2012__test_from_2013,ElasticNet,model,M2_Macro_Oil,ARE,10,101.80412050626362,1037.6922044549276,7.963039385539927,8.601511235216007
M2_Macro_Oil_vs_M3_Macro_Oil_RegQuality__primary__Oil_Rent_Intensive_Pre2016_ge15pct,Regulatory_Quality_lag1,primary,Inward_FDI_Net_Flow_asinh,Oil_Rent_Intensive_Pre2016_ge15pct,oil_rent_threshold,15.0,Future_Period,train_to_2012__test_from_2013,ElasticNet,model,M2_Macro_Oil,AZE,10,50.046673161432494,718.8217579240011,336.92392522942447,29.50998525725803
M2_Macro_Oil_vs_M3_Macro_Oil_RegQuality__primary__Oil_Rent_Intensive_Pre2016_ge15pct,Regulatory_Quality_lag1,primary,Inward_FDI_Net_Flow_asinh,Oil_Rent_Intensive_Pre2016_ge15pct,oil_rent_threshold,15.0,Future_Period,train_to_2012__test_from_2013,ElasticNet,model,M2_Macro_Oil,BHR,10,75.65844657023418,584.9531150801546,10.877444121801487,6.994399593837143
M2_Macro_Oil_vs_M3_Macro_Oil_RegQuality__primary__Oil_Rent_Intensive_Pre2016_ge15pct,Regulatory_Quality_lag1,primary,Inward_FDI_Net_Flow_asinh,Oil_Rent_Intensive_Pre2016_ge15pct,oil_rent_threshold,15.0,Future_Period,train_to_2012__test_from_2013,ElasticNet,model,M2_Macro_Oil,BRN,10,41.60861628339799,435.1941257930632,347.0306329597756,33.83236440943041
M2_Macro_Oil_vs_M3_Macro_Oil_RegQuality__primary__Oil_Rent_Intensive_Pre2016_ge15pct,Regulatory_Quality_lag1,primary,Inward_FDI_Net_Flow_asinh,Oil_Rent_Intensive_Pre2016_ge15pct,oil_rent_threshold,15.0,Future_Period,train_to_2012__test_from_2013,ElasticNet,model,M2_Macro_Oil,COG,10,32.98129629985546,633.1170443907433,447.924517922059,56.68356682914142
M2_Macro_Oil_vs_M3_Macro_Oil_RegQuality__primary__Oil_Rent_Intensive_Pre2016_ge15pct,Regulatory_Quality_lag1,primary,Inward_FDI_Net_Flow_asinh,Oil_Rent_Intensive_Pre2016_ge15pct,oil_rent_threshold,15.0,Future_Period,train_to_2012__test_from_2013,ElasticNet,model,M2_Macro_Oil,DZA,10,62.341313551812725,585.6167235793532,280.9393091235161,27.08889906363384
M2_Macro_Oil_vs_M3_Macro_Oil_RegQuality__primary__Oil_Rent_Intensive_Pre2016_ge15pct,Regulatory_Quality_lag1,primary,Inward_FDI_Net_Flow_asinh,Oil_Rent_Intensive_Pre2016_ge15pct,oil_rent_threshold,15.0,Future_Period,train_to_2012__test_from_2013,ElasticNet,model,M2_Macro_Oil,ECU,10,74.85946508815755,561.110416332989,3.8434194840119065,5.148820654774246
M2_Macro_Oil_vs_M3_Macro_Oil_RegQuality__primary__Oil_Rent_Intensive_Pre2016_ge15pct,Regulatory_Quality_lag1,primary,Inward_FDI_Net_Flow_asinh,Oil_Rent_Intensive_Pre2016_ge15pct,oil_rent_threshold,15.0,Future_Period,train_to_2012__test_from_2013,ElasticNet,model,M2_Macro_Oil,EGY,10,95.13073390583449,905.8900759417995,0.6403559222492355,2.0794523911760106
M2_Macro_Oil_vs_M3_Macro_Oil_RegQuality__primary__Oil_Rent_Intensive_Pre2016_ge15pct,Regulatory_Quality_lag1,primary,Inward_FDI_Net_Flow_asinh,Oil_Rent_Intensive_Pre2016_ge15pct,oil_rent_threshold,15.0,Future_Period,train_to_2012__test_from_2013,ElasticNet,model,M2_Macro_Oil,GAB,10,74.25613910711178,563.4090121689455,17.99788206715019,11.108996396722187
M2_Macro_Oil_vs_M3_Macro_Oil_RegQuality__primary__Oil_Rent_Intensive_Pre2016_ge15pct,Regulatory_Quality_lag1,primary,Inward_FDI_Net_Flow_asinh,Oil_Rent_Intensive_Pre2016_ge15pct,oil_rent_threshold,15.0,Future_Period,train_to_2012__test_from_2013,ElasticNet,model,M2_Macro_Oil,GNQ,10,49.249435900844965,462.4709304527407,308.03928953590776,39.92816981299634
M2_Macro_Oil_vs_M3_Macro_Oil_RegQuality__primary__Oil_Rent_Intensive_Pre2016_ge15pct,Regulatory_Quality_lag1,primary,Inward_FDI_Net_Flow_asinh,Oil_Rent_Intensive_Pre2016_ge15pct,oil_rent_threshold,15.0,Future_Period,train_to_2012__test_from_2013,ElasticNet,model,M2_Macro_Oil,IRN,10,83.74401272544831,703.0079588815662,5.965086520853504,6.924434605136568
M2_Macro_Oil_vs_M3_Macro_Oil_RegQuality__primary__Oil_Rent_Intensive_Pre2016_ge15pct,Regulatory_Quality_lag1,primary,Inward_FDI_Net_Flow_asinh,Oil_Rent_Intensive_Pre2016_ge15pct,oil_rent_threshold,15.0,Future_Period,train_to_2012__test_from_2013,ElasticNet,model,M2_Macro_Oil,IRQ,10,-90.11766103049645,814.7529170078233,1005.6629679238508,97.75917539727422
M2_Macro_Oil_vs_M3_Macro_Oil_RegQuality__primary__Oil_Rent_Intensive_Pre2016_ge15pct,Regulatory_Quality_lag1,primary,Inward_FDI_Net_Flow_asinh,Oil_Rent_Intensive_Pre2016_ge15pct,oil_rent_threshold,15.0,Future_Period,train_to_2012__test_from_2013,ElasticNet,model,M2_Macro_Oil,KAZ,10,91.98692500865599,855.6414015246115,10.507426789477329,7.886383975113266
M2_Macro_Oil_vs_M3_Macro_Oil_RegQuality__primary__Oil_Rent_Intensive_Pre2016_ge15pct,Regulatory_Quality_lag1,primary,Inward_FDI_Net_Flow_asinh,Oil_Rent_Intensive_Pre2016_ge15pct,oil_rent_threshold,15.0,Future_Period,train_to_2012__test_from_2013,ElasticNet,model,M2_Macro_Oil,KWT,9,22.83981630540144,372.10113345906404,378.1678915804206,39.27497060112321
M2_Macro_Oil_vs_M3_Macro_Oil_RegQuality__primary__Oil_Rent_Intensive_Pre2016_ge15pct,Regulatory_Quality_lag1,primary,Inward_FDI_Net_Flow_asinh,Oil_Rent_Intensive_Pre2016_ge15pct,oil_rent_threshold,15.0,Future_Period,train_to_2012__test_from_2013,ElasticNet,model,M2_Macro_Oil,LBY,2,14.494162183772893,105.0403687047561,3.0266972130699936,2.308613435953572
M2_Macro_Oil_vs_M3_Macro_Oil_RegQuality__primary__Oil_Rent_Intensive_Pre2016_ge15pct,Regulatory_Quality_lag1,primary,Inward_FDI_Net_Flow_asinh,Oil_Rent_Intensive_Pre2016_ge15pct,oil_rent_threshold,15.0,Future_Period,train_to_2012__test_from_2013,ElasticNet,model,M2_Macro_Oil,NGA,10,71.63506999581271,705.9998402856695,215.5978787955583,18.832535352399674
M2_Macro_Oil_vs_M3_Macro_Oil_RegQuality__primary__Oil_Rent_Intensive_Pre2016_ge15pct,Regulatory_Quality_lag1,primary,Inward_FDI_Net_Flow_asinh,Oil_Rent_Intensive_Pre2016_ge15pct,oil_rent_threshold,15.0,Future_Period,train_to_2012__test_from_2013,ElasticNet,model,M2_Macro_Oil,OMN,10,69.7942122721175,752.9084713220543,322.87884433647696,29.94137268157187
M2_Macro_Oil_vs_M3_Macro_Oil_RegQuality__primary__Oil_Rent_Intensive_Pre2016_ge15pct,Regulatory_Quality_lag1,primary,Inward_FDI_Net_Flow_asinh,Oil_Rent_Intensive_Pre2016_ge15pct,oil_rent_threshold,15.0,Future_Period,train_to_2012__test_from_2013,ElasticNet,model,M2_Macro_Oil,PNG,10,23.80544387599153,294.1976436077809,298.235814071866,40.15137886230977
M2_Macro_Oil_vs_M3_Macro_Oil_RegQuality__primary__Oil_Rent_Intensive_Pre2016_ge15pct,Regulatory_Quality_lag1,primary,Inward_FDI_Net_Flow_asinh,Oil_Rent_Intensive_Pre2016_ge15pct,oil_rent_threshold,15.0,Future_Period,train_to_2012__test_from_2013,ElasticNet,model,M2_Macro_Oil,QAT,10,-5.3593109691858265,585.1794890377063,778.1936602782463,69.4175611729475
M2_Macro_Oil_vs_M3_Macro_Oil_RegQuality__primary__Oil_Rent_Intensive_Pre2016_ge15pct,Regulatory_Quality_lag1,primary,Inward_FDI_Net_Flow_asinh,Oil_Rent_Intensive_Pre2016_ge15pct,oil_rent_threshold,15.0,Future_Period,train_to_2012__test_from_2013,ElasticNet,model,M2_Macro_Oil,RUS,10,84.79920599502765,1158.0949222941642,492.9125363636989,29.66335254669204
M2_Macro_Oil_vs_M3_Macro_Oil_RegQuality__primary__Oil_Rent_Intensive_Pre2016_ge15pct,Regulatory_Quality_lag1,primary,Inward_FDI_Net_Flow_asinh,Oil_Rent_Intensive_Pre2016_ge15pct,oil_rent_threshold,15.0,Future_Period,train_to_2012__test_from_2013,ElasticNet,model,M2_Macro_Oil,SAU,10,92.85188530488799,876.5783918019505,19.013430524842768,11.931546382587335
M2_Macro_Oil_vs_M3_Macro_Oil_RegQuality__primary__Oil_Rent_Intensive_Pre2016_ge15pct,Regulatory_Quality_lag1,primary,Inward_FDI_Net_Flow_asinh,Oil_Rent_Intensive_Pre2016_ge15pct,oil_rent_threshold,15.0,Future_Period,train_to_2012__test_from_2013,ElasticNet,model,M2_Macro_Oil,SDN,10,75.82713233187091,576.4969584816613,26.52932069688809,10.013466855624447
M2_Macro_Oil_vs_M3_Macro_Oil_RegQuality__primary__Oil_Rent_Intensive_Pre2016_ge15pct,Regulatory_Quality_lag1,primary,Inward_FDI_Net_Flow_asinh,Oil_Rent_Intensive_Pre2016_ge15pct,oil_rent_threshold,15.0,Future_Period,train_to_2012__test_from_2013,ElasticNet,model,M2_Macro_Oil,SSD,4,-9.070740197589888,62.750642934522844,195.16629764365211,22.062989131230204
M2_Macro_Oil_vs_M3_Macro_Oil_RegQuality__primary__Oil_Rent_Intensive_Pre2016_ge15pct,Regulatory_Quality_lag1,primary,Inward_FDI_Net_Flow_asinh,Oil_Rent_Intensive_Pre2016_ge15pct,oil_rent_threshold,15.0,Future_Period,train_to_2012__test_from_2013,ElasticNet,model,M2_Macro_Oil,TCD,10,54.78164949514884,479.760460724146,244.1715391593203,34.58293436266343
M2_Macro_Oil_vs_M3_Macro_Oil_RegQuality__primary__Oil_Rent_Intensive_Pre2016_ge15pct,Regulatory_Quality_lag1,primary,Inward_FDI_Net_Flow_asinh,Oil_Rent_Intensive_Pre2016_ge15pct,oil_rent_threshold,15.0,Future_Period,train_to_2012__test_from_2013,ElasticNet,model,M2_Macro_Oil,TLS,7,-4.236303618682487,169.3906330698152,224.51400592011697,31.60470613765427
M2_Macro_Oil_vs_M3_Macro_Oil_RegQuality__primary__Oil_Rent_Intensive_Pre2016_ge15pct,Regulatory_Quality_lag1,primary,Inward_FDI_Net_Flow_asinh,Oil_Rent_Intensive_Pre2016_ge15pct,oil_rent_threshold,15.0,Future_Period,train_to_2012__test_from_2013,ElasticNet,model,M2_Macro_Oil,TTO,10,1.175618761211389,470.45694599930187,688.7580748150085,72.72221412677804
M2_Macro_Oil_vs_M3_Macro_Oil_RegQuality__primary__Oil_Rent_Intensive_Pre2016_ge15pct,Regulatory_Quality_lag1,primary,Inward_FDI_Net_Flow_asinh,Oil_Rent_Intensive_Pre2016_ge15pct,oil_rent_threshold,15.0,Future_Period,train_to_2012__test_from_2013,ElasticNet,model,M2_Macro_Oil,VEN,3,24.776316862037557,205.0967015997399,2.5745191534998666,2.56956140438632
M2_Macro_Oil_vs_M3_Macro_Oil_RegQuality__primary__Oil_Rent_Intensive_Pre2016_ge15pct,Regulatory_Quality_lag1,primary,Inward_FDI_Net_Flow_asinh,Oil_Rent_Intensive_Pre2016_ge15pct,oil_rent_threshold,15.0,Future_Period,train_to_2012__test_from_2013,ElasticNet,model,M2_Macro_Oil,YEM,3,-15.16389942637285,80.75499219269867,128.8946721275868,19.193974624555334
M2_Macro_Oil_vs_M3_Macro_Oil_RegQuality__primary__Oil_Rent_Intensive_Pre2016_ge15pct,Regulatory_Quality_lag1,primary,Inward_FDI_Net_Flow_asinh,Oil_Rent_Intensive_Pre2016_ge15pct,oil_rent_threshold,15.0,Future_Period,train_to_2012__test_from_2013,ElasticNet,model,M3_Macro_Oil_RegQuality,AGO,10,-51.50768124221007,806.368197506468,824.543545207696,86.92385612859776
M2_Macro_Oil_vs_M3_Macro_Oil_RegQuality__primary__Oil_Rent_Intensive_Pre2016_ge15pct,Regulatory_Quality_lag1,primary,Inward_FDI_Net_Flow_asinh,Oil_Rent_Intensive_Pre2016_ge15pct,oil_rent_threshold,15.0,Future_Period,train_to_2012__test_from_2013,ElasticNet,model,M3_Macro_Oil_RegQuality,ARE,10,101.80412050626362,1037.6922044549276,10.008190900144465,9.719071148828604
M2_Macro_Oil_vs_M3_Macro_Oil_RegQuality__primary__Oil_Rent_Intensive_Pre2016_ge15pct,Regulatory_Quality_lag1,primary,Inward_FDI_Net_Flow_asinh,Oil_Rent_Intensive_Pre2016_ge15pct,oil_rent_threshold,15.0,Future_Period,train_to_2012__test_from_2013,ElasticNet,model,M3_Macro_Oil_RegQuality,AZE,10,50.046673161432494,718.8217579240011,335.6539817088494,29.33814030468035
M2_Macro_Oil_vs_M3_Macro_Oil_RegQuality__primary__Oil_Rent_Intensive_Pre2016_ge15pct,Regulatory_Quality_lag1,primary,Inward_FDI_Net_Flow_asinh,Oil_Rent_Intensive_Pre2016_ge15pct,oil_rent_threshold,15.0,Future_Period,train_to_2012__test_from_2013,ElasticNet,model,M3_Macro_Oil_RegQuality,BHR,10,75.65844657023418,584.9531150801546,10.89898764296854,7.040409339125105
M2_Macro_Oil_vs_M3_Macro_Oil_RegQuality__primary__Oil_Rent_Intensive_Pre2016_ge15pct,Regulatory_Quality_lag1,primary,Inward_FDI_Net_Flow_asinh,Oil_Rent_Intensive_Pre2016_ge15pct,oil_rent_threshold,15.0,Future_Period,train_to_2012__test_from_2013,ElasticNet,model,M3_Macro_Oil_RegQuality,BRN,10,41.60861628339799,435.1941257930632,346.4182093690638,33.84310127546741
M2_Macro_Oil_vs_M3_Macro_Oil_RegQuality__primary__Oil_Rent_Intensive_Pre2016_ge15pct,Regulatory_Quality_lag1,primary,Inward_FDI_Net_Flow_asinh,Oil_Rent_Intensive_Pre2016_ge15pct,oil_rent_threshold,15.0,Future_Period,train_to_2012__test_from_2013,ElasticNet,model,M3_Macro_Oil_RegQuality,COG,10,32.98129629985546,633.1170443907433,447.7908510825005,56.553547925597826
M2_Macro_Oil_vs_M3_Macro_Oil_RegQuality__primary__Oil_Rent_Intensive_Pre2016_ge15pct,Regulatory_Quality_lag1,primary,Inward_FDI_Net_Flow_asinh,Oil_Rent_Intensive_Pre2016_ge15pct,oil_rent_threshold,15.0,Future_Period,train_to_2012__test_from_2013,ElasticNet,model,M3_Macro_Oil_RegQuality,DZA,10,62.341313551812725,585.6167235793532,283.7851275299253,27.819759744489993
M2_Macro_Oil_vs_M3_Macro_Oil_RegQuality__primary__Oil_Rent_Intensive_Pre2016_ge15pct,Regulatory_Quality_lag1,primary,Inward_FDI_Net_Flow_asinh,Oil_Rent_Intensive_Pre2016_ge15pct,oil_rent_threshold,15.0,Future_Period,train_to_2012__test_from_2013,ElasticNet,model,M3_Macro_Oil_RegQuality,ECU,10,74.85946508815755,561.110416332989,5.215996411438925,6.3167607062777575
M2_Macro_Oil_vs_M3_Macro_Oil_RegQuality__primary__Oil_Rent_Intensive_Pre2016_ge15pct,Regulatory_Quality_lag1,primary,Inward_FDI_Net_Flow_asinh,Oil_Rent_Intensive_Pre2016_ge15pct,oil_rent_threshold,15.0,Future_Period,train_to_2012__test_from_2013,ElasticNet,model,M3_Macro_Oil_RegQuality,EGY,10,95.13073390583449,905.8900759417995,0.6750827899032097,2.123507238536547
M2_Macro_Oil_vs_M3_Macro_Oil_RegQuality__primary__Oil_Rent_Intensive_Pre2016_ge15pct,Regulatory_Quality_lag1,primary,Inward_FDI_Net_Flow_asinh,Oil_Rent_Intensive_Pre2016_ge15pct,oil_rent_threshold,15.0,Future_Period,train_to_2012__test_from_2013,ElasticNet,model,M3_Macro_Oil_RegQuality,GAB,10,74.25613910711178,563.4090121689455,16.599951572498014,10.106483500569654
M2_Macro_Oil_vs_M3_Macro_Oil_RegQuality__primary__Oil_Rent_Intensive_Pre2016_ge15pct,Regulatory_Quality_lag1,primary,Inward_FDI_Net_Flow_asinh,Oil_Rent_Intensive_Pre2016_ge15pct,oil_rent_threshold,15.0,Future_Period,train_to_2012__test_from_2013,ElasticNet,model,M3_Macro_Oil_RegQuality,GNQ,10,49.249435900844965,462.4709304527407,308.76433298436314,39.35485375493575
M2_Macro_Oil_vs_M3_Macro_Oil_RegQuality__primary__Oil_Rent_Intensive_Pre2016_ge15pct,Regulatory_Quality_lag1,primary,Inward_FDI_Net_Flow_asinh,Oil_Rent_Intensive_Pre2016_ge15pct,oil_rent_threshold,15.0,Future_Period,train_to_2012__test_from_2013,ElasticNet,model,M3_Macro_Oil_RegQuality,IRN,10,83.74401272544831,703.0079588815662,7.630605251267084,7.9640131160725325
M2_Macro_Oil_vs_M3_Macro_Oil_RegQuality__primary__Oil_Rent_Intensive_Pre2016_ge15pct,Regulatory_Quality_lag1,primary,Inward_FDI_Net_Flow_asinh,Oil_Rent_Intensive_Pre2016_ge15pct,oil_rent_threshold,15.0,Future_Period,train_to_2012__test_from_2013,ElasticNet,model,M3_Macro_Oil_RegQuality,IRQ,10,-90.11766103049645,814.7529170078233,1015.210488466324,98.27163943985236
M2_Macro_Oil_vs_M3_Macro_Oil_RegQuality__primary__Oil_Rent_Intensive_Pre2016_ge15pct,Regulatory_Quality_lag1,primary,Inward_FDI_Net_Flow_asinh,Oil_Rent_Intensive_Pre2016_ge15pct,oil_rent_threshold,15.0,Future_Period,train_to_2012__test_from_2013,ElasticNet,model,M3_Macro_Oil_RegQuality,KAZ,10,91.98692500865599,855.6414015246115,10.423146795503584,7.815851133821538
M2_Macro_Oil_vs_M3_Macro_Oil_RegQuality__primary__Oil_Rent_Intensive_Pre2016_ge15pct,Regulatory_Quality_lag1,primary,Inward_FDI_Net_Flow_asinh,Oil_Rent_Intensive_Pre2016_ge15pct,oil_rent_threshold,15.0,Future_Period,train_to_2012__test_from_2013,ElasticNet,model,M3_Macro_Oil_RegQuality,KWT,9,22.83981630540144,372.10113345906404,378.50887120439245,39.3459978779596
M2_Macro_Oil_vs_M3_Macro_Oil_RegQuality__primary__Oil_Rent_Intensive_Pre2016_ge15pct,Regulatory_Quality_lag1,primary,Inward_FDI_Net_Flow_asinh,Oil_Rent_Intensive_Pre2016_ge15pct,oil_rent_threshold,15.0,Future_Period,train_to_2012__test_from_2013,ElasticNet,model,M3_Macro_Oil_RegQuality,LBY,2,14.494162183772893,105.0403687047561,2.3972323395108743,2.032353447474713
M2_Macro_Oil_vs_M3_Macro_Oil_RegQuality__primary__Oil_Rent_Intensive_Pre2016_ge15pct,Regulatory_Quality_lag1,primary,Inward_FDI_Net_Flow_asinh,Oil_Rent_Intensive_Pre2016_ge15pct,oil_rent_threshold,15.0,Future_Period,train_to_2012__test_from_2013,ElasticNet,model,M3_Macro_Oil_RegQuality,NGA,10,71.63506999581271,705.9998402856695,215.6986777456497,18.884145630663145
M2_Macro_Oil_vs_M3_Macro_Oil_RegQuality__primary__Oil_Rent_Intensive_Pre2016_ge15pct,Regulatory_Quality_lag1,primary,Inward_FDI_Net_Flow_asinh,Oil_Rent_Intensive_Pre2016_ge15pct,oil_rent_threshold,15.0,Future_Period,train_to_2012__test_from_2013,ElasticNet,model,M3_Macro_Oil_RegQuality,OMN,10,69.7942122721175,752.9084713220543,321.17678082816593,30.416294698296042
M2_Macro_Oil_vs_M3_Macro_Oil_RegQuality__primary__Oil_Rent_Intensive_Pre2016_ge15pct,Regulatory_Quality_lag1,primary,Inward_FDI_Net_Flow_asinh,Oil_Rent_Intensive_Pre2016_ge15pct,oil_rent_threshold,15.0,Future_Period,train_to_2012__test_from_2013,ElasticNet,model,M3_Macro_Oil_RegQuality,PNG,10,23.80544387599153,294.1976436077809,297.3791328625773,40.05839323074684
M2_Macro_Oil_vs_M3_Macro_Oil_RegQuality__primary__Oil_Rent_Intensive_Pre2016_ge15pct,Regulatory_Quality_lag1,primary,Inward_FDI_Net_Flow_asinh,Oil_Rent_Intensive_Pre2016_ge15pct,oil_rent_threshold,15.0,Future_Period,train_to_2012__test_from_2013,ElasticNet,model,M3_Macro_Oil_RegQuality,QAT,10,-5.3593109691858265,585.1794890377063,778.2088671864192,69.4389532113811
M2_Macro_Oil_vs_M3_Macro_Oil_RegQuality__primary__Oil_Rent_Intensive_Pre2016_ge15pct,Regulatory_Quality_lag1,primary,Inward_FDI_Net_Flow_asinh,Oil_Rent_Intensive_Pre2016_ge15pct,oil_rent_threshold,15.0,Future_Period,train_to_2012__test_from_2013,ElasticNet,model,M3_Macro_Oil_RegQuality,RUS,10,84.79920599502765,1158.0949222941642,493.51234007300275,29.654708728783618
M2_Macro_Oil_vs_M3_Macro_Oil_RegQuality__primary__Oil_Rent_Intensive_Pre2016_ge15pct,Regulatory_Quality_lag1,primary,Inward_FDI_Net_Flow_asinh,Oil_Rent_Intensive_Pre2016_ge15pct,oil_rent_threshold,15.0,Future_Period,train_to_2012__test_from_2013,ElasticNet,model,M3_Macro_Oil_RegQuality,SAU,10,92.85188530488799,876.5783918019505,19.468706421747488,12.080978794094218
M2_Macro_Oil_vs_M3_Macro_Oil_RegQuality__primary__Oil_Rent_Intensive_Pre2016_ge15pct,Regulatory_Quality_lag1,primary,Inward_FDI_Net_Flow_asinh,Oil_Rent_Intensive_Pre2016_ge15pct,oil_rent_threshold,15.0,Future_Period,train_to_2012__test_from_2013,ElasticNet,model,M3_Macro_Oil_RegQuality,SDN,10,75.82713233187091,576.4969584816613,26.602296816973606,9.684652080162632
M2_Macro_Oil_vs_M3_Macro_Oil_RegQuality__primary__Oil_Rent_Intensive_Pre2016_ge15pct,Regulatory_Quality_lag1,primary,Inward_FDI_Net_Flow_asinh,Oil_Rent_Intensive_Pre2016_ge15pct,oil_rent_threshold,15.0,Future_Period,train_to_2012__test_from_2013,ElasticNet,model,M3_Macro_Oil_RegQuality,SSD,4,-9.070740197589888,62.750642934522844,198.3857324301378,22.22956648028095
M2_Macro_Oil_vs_M3_Macro_Oil_RegQuality__primary__Oil_Rent_Intensive_Pre2016_ge15pct,Regulatory_Quality_lag1,primary,Inward_FDI_Net_Flow_asinh,Oil_Rent_Intensive_Pre2016_ge15pct,oil_rent_threshold,15.0,Future_Period,train_to_2012__test_from_2013,ElasticNet,model,M3_Macro_Oil_RegQuality,TCD,10,54.78164949514884,479.760460724146,244.01777768186304,34.4607137420463
M2_Macro_Oil_vs_M3_Macro_Oil_RegQuality__primary__Oil_Rent_Intensive_Pre2016_ge15pct,Regulatory_Quality_lag1,primary,Inward_FDI_Net_Flow_asinh,Oil_Rent_Intensive_Pre2016_ge15pct,oil_rent_threshold,15.0,Future_Period,train_to_2012__test_from_2013,ElasticNet,model,M3_Macro_Oil_RegQuality,TLS,7,-4.236303618682487,169.3906330698152,228.9709435258381,31.85397896428636
M2_Macro_Oil_vs_M3_Macro_Oil_RegQuality__primary__Oil_Rent_Intensive_Pre2016_ge15pct,Regulatory_Quality_lag1,primary,Inward_FDI_Net_Flow_asinh,Oil_Rent_Intensive_Pre2016_ge15pct,oil_rent_threshold,15.0,Future_Period,train_to_2012__test_from_2013,ElasticNet,model,M3_Macro_Oil_RegQuality,TTO,10,1.175618761211389,470.45694599930187,695.807836508783,72.88001647270352
M2_Macro_Oil_vs_M3_Macro_Oil_RegQuality__primary__Oil_Rent_Intensive_Pre2016_ge15pct,Regulatory_Quality_lag1,primary,Inward_FDI_Net_Flow_asinh,Oil_Rent_Intensive_Pre2016_ge15pct,oil_rent_threshold,15.0,Future_Period,train_to_2012__test_from_2013,ElasticNet,model,M3_Macro_Oil_RegQuality,VEN,3,24.776316862037557,205.0967015997399,3.784185265888529,3.2118093063754483
M2_Macro_Oil_vs_M3_Macro_Oil_RegQuality__primary__Oil_Rent_Intensive_Pre2016_ge15pct,Regulatory_Quality_lag1,primary,Inward_FDI_Net_Flow_asinh,Oil_Rent_Intensive_Pre2016_ge15pct,oil_rent_threshold,15.0,Future_Period,train_to_2012__test_from_2013,ElasticNet,model,M3_Macro_Oil_RegQuality,YEM,3,-15.16389942637285,80.75499219269867,129.25184274395397,19.231985755256872
M2_Macro_Oil_vs_M3_Macro_Oil_RegQuality__primary__Oil_Rent_Intensive_Pre2016_ge15pct,Regulatory_Quality_lag1,primary,Inward_FDI_Net_Flow_asinh,Oil_Rent_Intensive_Pre2016_ge15pct,oil_rent_threshold,15.0,Future_Period,train_to_2012__test_from_2013,RandomForest,model,M2_Macro_Oil,AGO,10,-51.50768124221007,806.368197506468,919.4990090560206,91.21129536936012
M2_Macro_Oil_vs_M3_Macro_Oil_RegQuality__primary__Oil_Rent_Intensive_Pre2016_ge15pct,Regulatory_Quality_lag1,primary,Inward_FDI_Net_Flow_asinh,Oil_Rent_Intensive_Pre2016_ge15pct,oil_rent_threshold,15.0,Future_Period,train_to_2012__test_from_2013,RandomForest,model,M2_Macro_Oil,ARE,10,101.80412050626362,1037.6922044549276,3.311350014036497,4.09970674921184
M2_Macro_Oil_vs_M3_Macro_Oil_RegQuality__primary__Oil_Rent_Intensive_Pre2016_ge15pct,Regulatory_Quality_lag1,primary,Inward_FDI_Net_Flow_asinh,Oil_Rent_Intensive_Pre2016_ge15pct,oil_rent_threshold,15.0,Future_Period,train_to_2012__test_from_2013,RandomForest,model,M2_Macro_Oil,AZE,10,50.046673161432494,718.8217579240011,352.4468368358065,29.839240434989293
M2_Macro_Oil_vs_M3_Macro_Oil_RegQuality__primary__Oil_Rent_Intensive_Pre2016_ge15pct,Regulatory_Quality_lag1,primary,Inward_FDI_Net_Flow_asinh,Oil_Rent_Intensive_Pre2016_ge15pct,oil_rent_threshold,15.0,Future_Period,train_to_2012__test_from_2013,RandomForest,model,M2_Macro_Oil,BHR,10,75.65844657023418,584.9531150801546,26.18192157041304,13.498842338406764
M2_Macro_Oil_vs_M3_Macro_Oil_RegQuality__primary__Oil_Rent_Intensive_Pre2016_ge15pct,Regulatory_Quality_lag1,primary,Inward_FDI_Net_Flow_asinh,Oil_Rent_Intensive_Pre2016_ge15pct,oil_rent_threshold,15.0,Future_Period,train_to_2012__test_from_2013,RandomForest,model,M2_Macro_Oil,BRN,10,41.60861628339799,435.1941257930632,330.45482584216506,34.28838199893417
M2_Macro_Oil_vs_M3_Macro_Oil_RegQuality__primary__Oil_Rent_Intensive_Pre2016_ge15pct,Regulatory_Quality_lag1,primary,Inward_FDI_Net_Flow_asinh,Oil_Rent_Intensive_Pre2016_ge15pct,oil_rent_threshold,15.0,Future_Period,train_to_2012__test_from_2013,RandomForest,model,M2_Macro_Oil,COG,10,32.98129629985546,633.1170443907433,516.2821617396827,58.42238210049412
M2_Macro_Oil_vs_M3_Macro_Oil_RegQuality__primary__Oil_Rent_Intensive_Pre2016_ge15pct,Regulatory_Quality_lag1,primary,Inward_FDI_Net_Flow_asinh,Oil_Rent_Intensive_Pre2016_ge15pct,oil_rent_threshold,15.0,Future_Period,train_to_2012__test_from_2013,RandomForest,model,M2_Macro_Oil,DZA,10,62.341313551812725,585.6167235793532,258.45791209418263,23.265993332039866
M2_Macro_Oil_vs_M3_Macro_Oil_RegQuality__primary__Oil_Rent_Intensive_Pre2016_ge15pct,Regulatory_Quality_lag1,primary,Inward_FDI_Net_Flow_asinh,Oil_Rent_Intensive_Pre2016_ge15pct,oil_rent_threshold,15.0,Future_Period,train_to_2012__test_from_2013,RandomForest,model,M2_Macro_Oil,ECU,10,74.85946508815755,561.110416332989,5.912765174966397,6.480810050896482
M2_Macro_Oil_vs_M3_Macro_Oil_RegQuality__primary__Oil_Rent_Intensive_Pre2016_ge15pct,Regulatory_Quality_lag1,primary,Inward_FDI_Net_Flow_asinh,Oil_Rent_Intensive_Pre2016_ge15pct,oil_rent_threshold,15.0,Future_Period,train_to_2012__test_from_2013,RandomForest,model,M2_Macro_Oil,EGY,10,95.13073390583449,905.8900759417995,10.521775483799935,8.95013503348167
M2_Macro_Oil_vs_M3_Macro_Oil_RegQuality__primary__Oil_Rent_Intensive_Pre2016_ge15pct,Regulatory_Quality_lag1,primary,Inward_FDI_Net_Flow_asinh,Oil_Rent_Intensive_Pre2016_ge15pct,oil_rent_threshold,15.0,Future_Period,train_to_2012__test_from_2013,RandomForest,model,M2_Macro_Oil,GAB,10,74.25613910711178,563.4090121689455,31.615962637510005,13.12585764668589
M2_Macro_Oil_vs_M3_Macro_Oil_RegQuality__primary__Oil_Rent_Intensive_Pre2016_ge15pct,Regulatory_Quality_lag1,primary,Inward_FDI_Net_Flow_asinh,Oil_Rent_Intensive_Pre2016_ge15pct,oil_rent_threshold,15.0,Future_Period,train_to_2012__test_from_2013,RandomForest,model,M2_Macro_Oil,GNQ,10,49.249435900844965,462.4709304527407,302.4871492946595,40.43243840317337
M2_Macro_Oil_vs_M3_Macro_Oil_RegQuality__primary__Oil_Rent_Intensive_Pre2016_ge15pct,Regulatory_Quality_lag1,primary,Inward_FDI_Net_Flow_asinh,Oil_Rent_Intensive_Pre2016_ge15pct,oil_rent_threshold,15.0,Future_Period,train_to_2012__test_from_2013,RandomForest,model,M2_Macro_Oil,IRN,10,83.74401272544831,703.0079588815662,2.299965887693601,4.155433598075261
M2_Macro_Oil_vs_M3_Macro_Oil_RegQuality__primary__Oil_Rent_Intensive_Pre2016_ge15pct,Regulatory_Quality_lag1,primary,Inward_FDI_Net_Flow_asinh,Oil_Rent_Intensive_Pre2016_ge15pct,oil_rent_threshold,15.0,Future_Period,train_to_2012__test_from_2013,RandomForest,model,M2_Macro_Oil,IRQ,10,-90.11766103049645,814.7529170078233,1620.7719928349754,126.22652322802789
M2_Macro_Oil_vs_M3_Macro_Oil_RegQuality__primary__Oil_Rent_Intensive_Pre2016_ge15pct,Regulatory_Quality_lag1,primary,Inward_FDI_Net_Flow_asinh,Oil_Rent_Intensive_Pre2016_ge15pct,oil_rent_threshold,15.0,Future_Period,train_to_2012__test_from_2013,RandomForest,model,M2_Macro_Oil,KAZ,10,91.98692500865599,855.6414015246115,10.701814419913216,8.134357532901802
M2_Macro_Oil_vs_M3_Macro_Oil_RegQuality__primary__Oil_Rent_Intensive_Pre2016_ge15pct,Regulatory_Quality_lag1,primary,Inward_FDI_Net_Flow_asinh,Oil_Rent_Intensive_Pre2016_ge15pct,oil_rent_threshold,15.0,Future_Period,train_to_2012__test_from_2013,RandomForest,model,M2_Macro_Oil,KWT,9,22.83981630540144,372.10113345906404,318.41603577298685,36.46905480976975
M2_Macro_Oil_vs_M3_Macro_Oil_RegQuality__primary__Oil_Rent_Intensive_Pre2016_ge15pct,Regulatory_Quality_lag1,primary,Inward_FDI_Net_Flow_asinh,Oil_Rent_Intensive_Pre2016_ge15pct,oil_rent_threshold,15.0,Future_Period,train_to_2012__test_from_2013,RandomForest,model,M2_Macro_Oil,LBY,2,14.494162183772893,105.0403687047561,1.169262857864457,1.5291896202559814
M2_Macro_Oil_vs_M3_Macro_Oil_RegQuality__primary__Oil_Rent_Intensive_Pre2016_ge15pct,Regulatory_Quality_lag1,primary,Inward_FDI_Net_Flow_asinh,Oil_Rent_Intensive_Pre2016_ge15pct,oil_rent_threshold,15.0,Future_Period,train_to_2012__test_from_2013,RandomForest,model,M2_Macro_Oil,NGA,10,71.63506999581271,705.9998402856695,223.30810807072223,18.172442808934342
M2_Macro_Oil_vs_M3_Macro_Oil_RegQuality__primary__Oil_Rent_Intensive_Pre2016_ge15pct,Regulatory_Quality_lag1,primary,Inward_FDI_Net_Flow_asinh,Oil_Rent_Intensive_Pre2016_ge15pct,oil_rent_threshold,15.0,Future_Period,train_to_2012__test_from_2013,RandomForest,model,M2_Macro_Oil,OMN,10,69.7942122721175,752.9084713220543,322.0583155224416,29.410016889426174
M2_Macro_Oil_vs_M3_Macro_Oil_RegQuality__primary__Oil_Rent_Intensive_Pre2016_ge15pct,Regulatory_Quality_lag1,primary,Inward_FDI_Net_Flow_asinh,Oil_Rent_Intensive_Pre2016_ge15pct,oil_rent_threshold,15.0,Future_Period,train_to_2012__test_from_2013,RandomForest,model,M2_Macro_Oil,PNG,10,23.80544387599153,294.1976436077809,296.3735892400333,41.368689837585514
M2_Macro_Oil_vs_M3_Macro_Oil_RegQuality__primary__Oil_Rent_Intensive_Pre2016_ge15pct,Regulatory_Quality_lag1,primary,Inward_FDI_Net_Flow_asinh,Oil_Rent_Intensive_Pre2016_ge15pct,oil_rent_threshold,15.0,Future_Period,train_to_2012__test_from_2013,RandomForest,model,M2_Macro_Oil,QAT,10,-5.3593109691858265,585.1794890377063,781.5168816006175,69.20853207371917
M2_Macro_Oil_vs_M3_Macro_Oil_RegQuality__primary__Oil_Rent_Intensive_Pre2016_ge15pct,Regulatory_Quality_lag1,primary,Inward_FDI_Net_Flow_asinh,Oil_Rent_Intensive_Pre2016_ge15pct,oil_rent_threshold,15.0,Future_Period,train_to_2012__test_from_2013,RandomForest,model,M2_Macro_Oil,RUS,10,84.79920599502765,1158.0949222941642,514.2745308603272,30.709889306357418
M2_Macro_Oil_vs_M3_Macro_Oil_RegQuality__primary__Oil_Rent_Intensive_Pre2016_ge15pct,Regulatory_Quality_lag1,primary,Inward_FDI_Net_Flow_asinh,Oil_Rent_Intensive_Pre2016_ge15pct,oil_rent_threshold,15.0,Future_Period,train_to_2012__test_from_2013,RandomForest,model,M2_Macro_Oil,SAU,10,92.85188530488799,876.5783918019505,32.59162653073765,14.255225518327347
M2_Macro_Oil_vs_M3_Macro_Oil_RegQuality__primary__Oil_Rent_Intensive_Pre2016_ge15pct,Regulatory_Quality_lag1,primary,Inward_FDI_Net_Flow_asinh,Oil_Rent_Intensive_Pre2016_ge15pct,oil_rent_threshold,15.0,Future_Period,train_to_2012__test_from_2013,RandomForest,model,M2_Macro_Oil,SDN,10,75.82713233187091,576.4969584816613,1.2479633609901135,3.197518505119975
M2_Macro_Oil_vs_M3_Macro_Oil_RegQuality__primary__Oil_Rent_Intensive_Pre2016_ge15pct,Regulatory_Quality_lag1,primary,Inward_FDI_Net_Flow_asinh,Oil_Rent_Intensive_Pre2016_ge15pct,oil_rent_threshold,15.0,Future_Period,train_to_2012__test_from_2013,RandomForest,model,M2_Macro_Oil,SSD,4,-9.070740197589888,62.750642934522844,175.2226126958787,19.211570138989703
M2_Macro_Oil_vs_M3_Macro_Oil_RegQuality__primary__Oil_Rent_Intensive_Pre2016_ge15pct,Regulatory_Quality_lag1,primary,Inward_FDI_Net_Flow_asinh,Oil_Rent_Intensive_Pre2016_ge15pct,oil_rent_threshold,15.0,Future_Period,train_to_2012__test_from_2013,RandomForest,model,M2_Macro_Oil,TCD,10,54.78164949514884,479.760460724146,249.77023901817827,30.752489280551366
M2_Macro_Oil_vs_M3_Macro_Oil_RegQuality__primary__Oil_Rent_Intensive_Pre2016_ge15pct,Regulatory_Quality_lag1,primary,Inward_FDI_Net_Flow_asinh,Oil_Rent_Intensive_Pre2016_ge15pct,oil_rent_threshold,15.0,Future_Period,train_to_2012__test_from_2013,RandomForest,model,M2_Macro_Oil,TLS,7,-4.236303618682487,169.3906330698152,237.26370881040535,31.190149606058995
M2_Macro_Oil_vs_M3_Macro_Oil_RegQuality__primary__Oil_Rent_Intensive_Pre2016_ge15pct,Regulatory_Quality_lag1,primary,Inward_FDI_Net_Flow_asinh,Oil_Rent_Intensive_Pre2016_ge15pct,oil_rent_threshold,15.0,Future_Period,train_to_2012__test_from_2013,RandomForest,model,M2_Macro_Oil,TTO,10,1.175618761211389,470.45694599930187,632.2962985283344,70.72162022268583
M2_Macro_Oil_vs_M3_Macro_Oil_RegQuality__primary__Oil_Rent_Intensive_Pre2016_ge15pct,Regulatory_Quality_lag1,primary,Inward_FDI_Net_Flow_asinh,Oil_Rent_Intensive_Pre2016_ge15pct,oil_rent_threshold,15.0,Future_Period,train_to_2012__test_from_2013,RandomForest,model,M2_Macro_Oil,VEN,3,24.776316862037557,205.0967015997399,1.5430158653841304,2.1225822590748606
M2_Macro_Oil_vs_M3_Macro_Oil_RegQuality__primary__Oil_Rent_Intensive_Pre2016_ge15pct,Regulatory_Quality_lag1,primary,Inward_FDI_Net_Flow_asinh,Oil_Rent_Intensive_Pre2016_ge15pct,oil_rent_threshold,15.0,Future_Period,train_to_2012__test_from_2013,RandomForest,model,M2_Macro_Oil,YEM,3,-15.16389942637285,80.75499219269867,136.93063673515823,20.05158234168689
M2_Macro_Oil_vs_M3_Macro_Oil_RegQuality__primary__Oil_Rent_Intensive_Pre2016_ge15pct,Regulatory_Quality_lag1,primary,Inward_FDI_Net_Flow_asinh,Oil_Rent_Intensive_Pre2016_ge15pct,oil_rent_threshold,15.0,Future_Period,train_to_2012__test_from_2013,RandomForest,model,M3_Macro_Oil_RegQuality,AGO,10,-51.50768124221007,806.368197506468,982.730362867356,94.07575330522602
M2_Macro_Oil_vs_M3_Macro_Oil_RegQuality__primary__Oil_Rent_Intensive_Pre2016_ge15pct,Regulatory_Quality_lag1,primary,Inward_FDI_Net_Flow_asinh,Oil_Rent_Intensive_Pre2016_ge15pct,oil_rent_threshold,15.0,Future_Period,train_to_2012__test_from_2013,RandomForest,model,M3_Macro_Oil_RegQuality,ARE,10,101.80412050626362,1037.6922044549276,6.158395423353532,5.316282290662617
M2_Macro_Oil_vs_M3_Macro_Oil_RegQuality__primary__Oil_Rent_Intensive_Pre2016_ge15pct,Regulatory_Quality_lag1,primary,Inward_FDI_Net_Flow_asinh,Oil_Rent_Intensive_Pre2016_ge15pct,oil_rent_threshold,15.0,Future_Period,train_to_2012__test_from_2013,RandomForest,model,M3_Macro_Oil_RegQuality,AZE,10,50.046673161432494,718.8217579240011,349.28570190027244,29.434605757897515
M2_Macro_Oil_vs_M3_Macro_Oil_RegQuality__primary__Oil_Rent_Intensive_Pre2016_ge15pct,Regulatory_Quality_lag1,primary,Inward_FDI_Net_Flow_asinh,Oil_Rent_Intensive_Pre2016_ge15pct,oil_rent_threshold,15.0,Future_Period,train_to_2012__test_from_2013,RandomForest,model,M3_Macro_Oil_RegQuality,BHR,10,75.65844657023418,584.9531150801546,34.061349022464654,15.112601577860286
M2_Macro_Oil_vs_M3_Macro_Oil_RegQuality__primary__Oil_Rent_Intensive_Pre2016_ge15pct,Regulatory_Quality_lag1,primary,Inward_FDI_Net_Flow_asinh,Oil_Rent_Intensive_Pre2016_ge15pct,oil_rent_threshold,15.0,Future_Period,train_to_2012__test_from_2013,RandomForest,model,M3_Macro_Oil_RegQuality,BRN,10,41.60861628339799,435.1941257930632,310.24161158926864,34.691382797963854
M2_Macro_Oil_vs_M3_Macro_Oil_RegQuality__primary__Oil_Rent_Intensive_Pre2016_ge15pct,Regulatory_Quality_lag1,primary,Inward_FDI_Net_Flow_asinh,Oil_Rent_Intensive_Pre2016_ge15pct,oil_rent_threshold,15.0,Future_Period,train_to_2012__test_from_2013,RandomForest,model,M3_Macro_Oil_RegQuality,COG,10,32.98129629985546,633.1170443907433,513.5353970650631,58.59352344546049
M2_Macro_Oil_vs_M3_Macro_Oil_RegQuality__primary__Oil_Rent_Intensive_Pre2016_ge15pct,Regulatory_Quality_lag1,primary,Inward_FDI_Net_Flow_asinh,Oil_Rent_Intensive_Pre2016_ge15pct,oil_rent_threshold,15.0,Future_Period,train_to_2012__test_from_2013,RandomForest,model,M3_Macro_Oil_RegQuality,DZA,10,62.341313551812725,585.6167235793532,263.01272989422546,25.35461742640039
M2_Macro_Oil_vs_M3_Macro_Oil_RegQuality__primary__Oil_Rent_Intensive_Pre2016_ge15pct,Regulatory_Quality_lag1,primary,Inward_FDI_Net_Flow_asinh,Oil_Rent_Intensive_Pre2016_ge15pct,oil_rent_threshold,15.0,Future_Period,train_to_2012__test_from_2013,RandomForest,model,M3_Macro_Oil_RegQuality,ECU,10,74.85946508815755,561.110416332989,10.723457330330554,8.711289637053719
M2_Macro_Oil_vs_M3_Macro_Oil_RegQuality__primary__Oil_Rent_Intensive_Pre2016_ge15pct,Regulatory_Quality_lag1,primary,Inward_FDI_Net_Flow_asinh,Oil_Rent_Intensive_Pre2016_ge15pct,oil_rent_threshold,15.0,Future_Period,train_to_2012__test_from_2013,RandomForest,model,M3_Macro_Oil_RegQuality,EGY,10,95.13073390583449,905.8900759417995,11.16758046028281,7.519948656217372
M2_Macro_Oil_vs_M3_Macro_Oil_RegQuality__primary__Oil_Rent_Intensive_Pre2016_ge15pct,Regulatory_Quality_lag1,primary,Inward_FDI_Net_Flow_asinh,Oil_Rent_Intensive_Pre2016_ge15pct,oil_rent_threshold,15.0,Future_Period,train_to_2012__test_from_2013,RandomForest,model,M3_Macro_Oil_RegQuality,GAB,10,74.25613910711178,563.4090121689455,34.02737578246973,12.075063975674965
M2_Macro_Oil_vs_M3_Macro_Oil_RegQuality__primary__Oil_Rent_Intensive_Pre2016_ge15pct,Regulatory_Quality_lag1,primary,Inward_FDI_Net_Flow_asinh,Oil_Rent_Intensive_Pre2016_ge15pct,oil_rent_threshold,15.0,Future_Period,train_to_2012__test_from_2013,RandomForest,model,M3_Macro_Oil_RegQuality,GNQ,10,49.249435900844965,462.4709304527407,306.34236652561447,41.28671739932749
M2_Macro_Oil_vs_M3_Macro_Oil_RegQuality__primary__Oil_Rent_Intensive_Pre2016_ge15pct,Regulatory_Quality_lag1,primary,Inward_FDI_Net_Flow_asinh,Oil_Rent_Intensive_Pre2016_ge15pct,oil_rent_threshold,15.0,Future_Period,train_to_2012__test_from_2013,RandomForest,model,M3_Macro_Oil_RegQuality,IRN,10,83.74401272544831,703.0079588815662,1.9021089111643734,4.149903128829818
M2_Macro_Oil_vs_M3_Macro_Oil_RegQuality__primary__Oil_Rent_Intensive_Pre2016_ge15pct,Regulatory_Quality_lag1,primary,Inward_FDI_Net_Flow_asinh,Oil_Rent_Intensive_Pre2016_ge15pct,oil_rent_threshold,15.0,Future_Period,train_to_2012__test_from_2013,RandomForest,model,M3_Macro_Oil_RegQuality,IRQ,10,-90.11766103049645,814.7529170078233,1577.960812037593,124.16039127289822
M2_Macro_Oil_vs_M3_Macro_Oil_RegQuality__primary__Oil_Rent_Intensive_Pre2016_ge15pct,Regulatory_Quality_lag1,primary,Inward_FDI_Net_Flow_asinh,Oil_Rent_Intensive_Pre2016_ge15pct,oil_rent_threshold,15.0,Future_Period,train_to_2012__test_from_2013,RandomForest,model,M3_Macro_Oil_RegQuality,KAZ,10,91.98692500865599,855.6414015246115,13.15991568124864,8.808083207544444
M2_Macro_Oil_vs_M3_Macro_Oil_RegQuality__primary__Oil_Rent_Intensive_Pre2016_ge15pct,Regulatory_Quality_lag1,primary,Inward_FDI_Net_Flow_asinh,Oil_Rent_Intensive_Pre2016_ge15pct,oil_rent_threshold,15.0,Future_Period,train_to_2012__test_from_2013,RandomForest,model,M3_Macro_Oil_RegQuality,KWT,9,22.83981630540144,372.10113345906404,340.0258155102481,37.38529619793081
M2_Macro_Oil_vs_M3_Macro_Oil_RegQuality__primary__Oil_Rent_Intensive_Pre2016_ge15pct,Regulatory_Quality_lag1,primary,Inward_FDI_Net_Flow_asinh,Oil_Rent_Intensive_Pre2016_ge15pct,oil_rent_threshold,15.0,Future_Period,train_to_2012__test_from_2013,RandomForest,model,M3_Macro_Oil_RegQuality,LBY,2,14.494162183772893,105.0403687047561,1.4087575147867895,1.6316358580624035
M2_Macro_Oil_vs_M3_Macro_Oil_RegQuality__primary__Oil_Rent_Intensive_Pre2016_ge15pct,Regulatory_Quality_lag1,primary,Inward_FDI_Net_Flow_asinh,Oil_Rent_Intensive_Pre2016_ge15pct,oil_rent_threshold,15.0,Future_Period,train_to_2012__test_from_2013,RandomForest,model,M3_Macro_Oil_RegQuality,NGA,10,71.63506999581271,705.9998402856695,202.21778535588493,18.87097941047041
M2_Macro_Oil_vs_M3_Macro_Oil_RegQuality__primary__Oil_Rent_Intensive_Pre2016_ge15pct,Regulatory_Quality_lag1,primary,Inward_FDI_Net_Flow_asinh,Oil_Rent_Intensive_Pre2016_ge15pct,oil_rent_threshold,15.0,Future_Period,train_to_2012__test_from_2013,RandomForest,model,M3_Macro_Oil_RegQuality,OMN,10,69.7942122721175,752.9084713220543,302.24232877013515,31.12628659554396
M2_Macro_Oil_vs_M3_Macro_Oil_RegQuality__primary__Oil_Rent_Intensive_Pre2016_ge15pct,Regulatory_Quality_lag1,primary,Inward_FDI_Net_Flow_asinh,Oil_Rent_Intensive_Pre2016_ge15pct,oil_rent_threshold,15.0,Future_Period,train_to_2012__test_from_2013,RandomForest,model,M3_Macro_Oil_RegQuality,PNG,10,23.80544387599153,294.1976436077809,295.6980496981811,40.35962296378837
M2_Macro_Oil_vs_M3_Macro_Oil_RegQuality__primary__Oil_Rent_Intensive_Pre2016_ge15pct,Regulatory_Quality_lag1,primary,Inward_FDI_Net_Flow_asinh,Oil_Rent_Intensive_Pre2016_ge15pct,oil_rent_threshold,15.0,Future_Period,train_to_2012__test_from_2013,RandomForest,model,M3_Macro_Oil_RegQuality,QAT,10,-5.3593109691858265,585.1794890377063,765.500109801114,69.39807901534195
M2_Macro_Oil_vs_M3_Macro_Oil_RegQuality__primary__Oil_Rent_Intensive_Pre2016_ge15pct,Regulatory_Quality_lag1,primary,Inward_FDI_Net_Flow_asinh,Oil_Rent_Intensive_Pre2016_ge15pct,oil_rent_threshold,15.0,Future_Period,train_to_2012__test_from_2013,RandomForest,model,M3_Macro_Oil_RegQuality,RUS,10,84.79920599502765,1158.0949222941642,511.94556056751196,29.10504612166453
M2_Macro_Oil_vs_M3_Macro_Oil_RegQuality__primary__Oil_Rent_Intensive_Pre2016_ge15pct,Regulatory_Quality_lag1,primary,Inward_FDI_Net_Flow_asinh,Oil_Rent_Intensive_Pre2016_ge15pct,oil_rent_threshold,15.0,Future_Period,train_to_2012__test_from_2013,RandomForest,model,M3_Macro_Oil_RegQuality,SAU,10,92.85188530488799,876.5783918019505,34.94204787471054,15.091663933295088
M2_Macro_Oil_vs_M3_Macro_Oil_RegQuality__primary__Oil_Rent_Intensive_Pre2016_ge15pct,Regulatory_Quality_lag1,primary,Inward_FDI_Net_Flow_asinh,Oil_Rent_Intensive_Pre2016_ge15pct,oil_rent_threshold,15.0,Future_Period,train_to_2012__test_from_2013,RandomForest,model,M3_Macro_Oil_RegQuality,SDN,10,75.82713233187091,576.4969584816613,5.638150788110788,6.956566292218502
M2_Macro_Oil_vs_M3_Macro_Oil_RegQuality__primary__Oil_Rent_Intensive_Pre2016_ge15pct,Regulatory_Quality_lag1,primary,Inward_FDI_Net_Flow_asinh,Oil_Rent_Intensive_Pre2016_ge15pct,oil_rent_threshold,15.0,Future_Period,train_to_2012__test_from_2013,RandomForest,model,M3_Macro_Oil_RegQuality,SSD,4,-9.070740197589888,62.750642934522844,200.04979454984317,19.80645185127345
M2_Macro_Oil_vs_M3_Macro_Oil_RegQuality__primary__Oil_Rent_Intensive_Pre2016_ge15pct,Regulatory_Quality_lag1,primary,Inward_FDI_Net_Flow_asinh,Oil_Rent_Intensive_Pre2016_ge15pct,oil_rent_threshold,15.0,Future_Period,train_to_2012__test_from_2013,RandomForest,model,M3_Macro_Oil_RegQuality,TCD,10,54.78164949514884,479.760460724146,248.29965884455981,29.908621200556656
M2_Macro_Oil_vs_M3_Macro_Oil_RegQuality__primary__Oil_Rent_Intensive_Pre2016_ge15pct,Regulatory_Quality_lag1,primary,Inward_FDI_Net_Flow_asinh,Oil_Rent_Intensive_Pre2016_ge15pct,oil_rent_threshold,15.0,Future_Period,train_to_2012__test_from_2013,RandomForest,model,M3_Macro_Oil_RegQuality,TLS,7,-4.236303618682487,169.3906330698152,231.77832829821853,30.882528561986156
M2_Macro_Oil_vs_M3_Macro_Oil_RegQuality__primary__Oil_Rent_Intensive_Pre2016_ge15pct,Regulatory_Quality_lag1,primary,Inward_FDI_Net_Flow_asinh,Oil_Rent_Intensive_Pre2016_ge15pct,oil_rent_threshold,15.0,Future_Period,train_to_2012__test_from_2013,RandomForest,model,M3_Macro_Oil_RegQuality,TTO,10,1.175618761211389,470.45694599930187,617.5444440744117,69.7864917113406
M2_Macro_Oil_vs_M3_Macro_Oil_RegQuality__primary__Oil_Rent_Intensive_Pre2016_ge15pct,Regulatory_Quality_lag1,primary,Inward_FDI_Net_Flow_asinh,Oil_Rent_Intensive_Pre2016_ge15pct,oil_rent_threshold,15.0,Future_Period,train_to_2012__test_from_2013,RandomForest,model,M3_Macro_Oil_RegQuality,VEN,3,24.776316862037557,205.0967015997399,1.227589851845122,1.797065079734172
M2_Macro_Oil_vs_M3_Macro_Oil_RegQuality__primary__Oil_Rent_Intensive_Pre2016_ge15pct,Regulatory_Quality_lag1,primary,Inward_FDI_Net_Flow_asinh,Oil_Rent_Intensive_Pre2016_ge15pct,oil_rent_threshold,15.0,Future_Period,train_to_2012__test_from_2013,RandomForest,model,M3_Macro_Oil_RegQuality,YEM,3,-15.16389942637285,80.75499219269867,201.48142496884074,24.249525995450927
M2_Macro_Oil_vs_M3_Macro_Oil_RegQuality__primary__Oil_Rent_Intensive_Pre2016_ge15pct,Regulatory_Quality_lag1,primary,Inward_FDI_Net_Flow_asinh,Oil_Rent_Intensive_Pre2016_ge15pct,oil_rent_threshold,15.0,Future_Period,train_to_2012__test_from_2013,Ridge,model,M2_Macro_Oil,AGO,10,-51.50768124221007,806.368197506468,819.5746116417837,86.70445974377219
M2_Macro_Oil_vs_M3_Macro_Oil_RegQuality__primary__Oil_Rent_Intensive_Pre2016_ge15pct,Regulatory_Quality_lag1,primary,Inward_FDI_Net_Flow_asinh,Oil_Rent_Intensive_Pre2016_ge15pct,oil_rent_threshold,15.0,Future_Period,train_to_2012__test_from_2013,Ridge,model,M2_Macro_Oil,ARE,10,101.80412050626362,1037.6922044549276,7.843405071794928,8.530767830794996
M2_Macro_Oil_vs_M3_Macro_Oil_RegQuality__primary__Oil_Rent_Intensive_Pre2016_ge15pct,Regulatory_Quality_lag1,primary,Inward_FDI_Net_Flow_asinh,Oil_Rent_Intensive_Pre2016_ge15pct,oil_rent_threshold,15.0,Future_Period,train_to_2012__test_from_2013,Ridge,model,M2_Macro_Oil,AZE,10,50.046673161432494,718.8217579240011,336.87589173926176,29.47187972350432
M2_Macro_Oil_vs_M3_Macro_Oil_RegQuality__primary__Oil_Rent_Intensive_Pre2016_ge15pct,Regulatory_Quality_lag1,primary,Inward_FDI_Net_Flow_asinh,Oil_Rent_Intensive_Pre2016_ge15pct,oil_rent_threshold,15.0,Future_Period,train_to_2012__test_from_2013,Ridge,model,M2_Macro_Oil,BHR,10,75.65844657023418,584.9531150801546,10.867443871215405,6.976484960736962
M2_Macro_Oil_vs_M3_Macro_Oil_RegQuality__primary__Oil_Rent_Intensive_Pre2016_ge15pct,Regulatory_Quality_lag1,primary,Inward_FDI_Net_Flow_asinh,Oil_Rent_Intensive_Pre2016_ge15pct,oil_rent_threshold,15.0,Future_Period,train_to_2012__test_from_2013,Ridge,model,M2_Macro_Oil,BRN,10,41.60861628339799,435.1941257930632,347.2104690855946,33.85290964746509
M2_Macro_Oil_vs_M3_Macro_Oil_RegQuality__primary__Oil_Rent_Intensive_Pre2016_ge15pct,Regulatory_Quality_lag1,primary,Inward_FDI_Net_Flow_asinh,Oil_Rent_Intensive_Pre2016_ge15pct,oil_rent_threshold,15.0,Future_Period,train_to_2012__test_from_2013,Ridge,model,M2_Macro_Oil,COG,10,32.98129629985546,633.1170443907433,448.06108306215594,56.70304198753467
M2_Macro_Oil_vs_M3_Macro_Oil_RegQuality__primary__Oil_Rent_Intensive_Pre2016_ge15pct,Regulatory_Quality_lag1,primary,Inward_FDI_Net_Flow_asinh,Oil_Rent_Intensive_Pre2016_ge15pct,oil_rent_threshold,15.0,Future_Period,train_to_2012__test_from_2013,Ridge,model,M2_Macro_Oil,DZA,10,62.341313551812725,585.6167235793532,281.4549499230167,27.19613503681569
M2_Macro_Oil_vs_M3_Macro_Oil_RegQuality__primary__Oil_Rent_Intensive_Pre2016_ge15pct,Regulatory_Quality_lag1,primary,Inward_FDI_Net_Flow_asinh,Oil_Rent_Intensive_Pre2016_ge15pct,oil_rent_threshold,15.0,Future_Period,train_to_2012__test_from_2013,Ridge,model,M2_Macro_Oil,ECU,10,74.85946508815755,561.110416332989,3.9539387048302843,5.249541944799527
M2_Macro_Oil_vs_M3_Macro_Oil_RegQuality__primary__Oil_Rent_Intensive_Pre2016_ge15pct,Regulatory_Quality_lag1,primary,Inward_FDI_Net_Flow_asinh,Oil_Rent_Intensive_Pre2016_ge15pct,oil_rent_threshold,15.0,Future_Period,train_to_2012__test_from_2013,Ridge,model,M2_Macro_Oil,EGY,10,95.13073390583449,905.8900759417995,0.657405794844304,2.089230792731918
M2_Macro_Oil_vs_M3_Macro_Oil_RegQuality__primary__Oil_Rent_Intensive_Pre2016_ge15pct,Regulatory_Quality_lag1,primary,Inward_FDI_Net_Flow_asinh,Oil_Rent_Intensive_Pre2016_ge15pct,oil_rent_threshold,15.0,Future_Period,train_to_2012__test_from_2013,Ridge,model,M2_Macro_Oil,GAB,10,74.25613910711178,563.4090121689455,17.99778750557482,11.100000341003739
M2_Macro_Oil_vs_M3_Macro_Oil_RegQuality__primary__Oil_Rent_Intensive_Pre2016_ge15pct,Regulatory_Quality_lag1,primary,Inward_FDI_Net_Flow_asinh,Oil_Rent_Intensive_Pre2016_ge15pct,oil_rent_threshold,15.0,Future_Period,train_to_2012__test_from_2013,Ridge,model,M2_Macro_Oil,GNQ,10,49.249435900844965,462.4709304527407,308.4137409183958,39.9735497842468
M2_Macro_Oil_vs_M3_Macro_Oil_RegQuality__primary__Oil_Rent_Intensive_Pre2016_ge15pct,Regulatory_Quality_lag1,primary,Inward_FDI_Net_Flow_asinh,Oil_Rent_Intensive_Pre2016_ge15pct,oil_rent_threshold,15.0,Future_Period,train_to_2012__test_from_2013,Ridge,model,M2_Macro_Oil,IRN,10,83.74401272544831,703.0079588815662,6.21972553496452,7.067376621967993
M2_Macro_Oil_vs_M3_Macro_Oil_RegQuality__primary__Oil_Rent_Intensive_Pre2016_ge15pct,Regulatory_Quality_lag1,primary,Inward_FDI_Net_Flow_asinh,Oil_Rent_Intensive_Pre2016_ge15pct,oil_rent_threshold,15.0,Future_Period,train_to_2012__test_from_2013,Ridge,model,M2_Macro_Oil,IRQ,10,-90.11766103049645,814.7529170078233,1002.3329130910986,97.57333286134676
M2_Macro_Oil_vs_M3_Macro_Oil_RegQuality__primary__Oil_Rent_Intensive_Pre2016_ge15pct,Regulatory_Quality_lag1,primary,Inward_FDI_Net_Flow_asinh,Oil_Rent_Intensive_Pre2016_ge15pct,oil_rent_threshold,15.0,Future_Period,train_to_2012__test_from_2013,Ridge,model,M2_Macro_Oil,KAZ,10,91.98692500865599,855.6414015246115,10.4845422942133,7.851744219873932
M2_Macro_Oil_vs_M3_Macro_Oil_RegQuality__primary__Oil_Rent_Intensive_Pre2016_ge15pct,Regulatory_Quality_lag1,primary,Inward_FDI_Net_Flow_asinh,Oil_Rent_Intensive_Pre2016_ge15pct,oil_rent_threshold,15.0,Future_Period,train_to_2012__test_from_2013,Ridge,model,M2_Macro_Oil,KWT,9,22.83981630540144,372.10113345906404,377.869788196796,39.25257683286803
M2_Macro_Oil_vs_M3_Macro_Oil_RegQuality__primary__Oil_Rent_Intensive_Pre2016_ge15pct,Regulatory_Quality_lag1,primary,Inward_FDI_Net_Flow_asinh,Oil_Rent_Intensive_Pre2016_ge15pct,oil_rent_threshold,15.0,Future_Period,train_to_2012__test_from_2013,Ridge,model,M2_Macro_Oil,LBY,2,14.494162183772893,105.0403687047561,3.081368049987367,2.331433513516748
M2_Macro_Oil_vs_M3_Macro_Oil_RegQuality__primary__Oil_Rent_Intensive_Pre2016_ge15pct,Regulatory_Quality_lag1,primary,Inward_FDI_Net_Flow_asinh,Oil_Rent_Intensive_Pre2016_ge15pct,oil_rent_threshold,15.0,Future_Period,train_to_2012__test_from_2013,Ridge,model,M2_Macro_Oil,NGA,10,71.63506999581271,705.9998402856695,215.89917064320417,18.811916231574827
M2_Macro_Oil_vs_M3_Macro_Oil_RegQuality__primary__Oil_Rent_Intensive_Pre2016_ge15pct,Regulatory_Quality_lag1,primary,Inward_FDI_Net_Flow_asinh,Oil_Rent_Intensive_Pre2016_ge15pct,oil_rent_threshold,15.0,Future_Period,train_to_2012__test_from_2013,Ridge,model,M2_Macro_Oil,OMN,10,69.7942122721175,752.9084713220543,323.1332717552199,29.942924051797238
M2_Macro_Oil_vs_M3_Macro_Oil_RegQuality__primary__Oil_Rent_Intensive_Pre2016_ge15pct,Regulatory_Quality_lag1,primary,Inward_FDI_Net_Flow_asinh,Oil_Rent_Intensive_Pre2016_ge15pct,oil_rent_threshold,15.0,Future_Period,train_to_2012__test_from_2013,Ridge,model,M2_Macro_Oil,PNG,10,23.80544387599153,294.1976436077809,298.19808120467854,40.11689064572861
M2_Macro_Oil_vs_M3_Macro_Oil_RegQuality__primary__Oil_Rent_Intensive_Pre2016_ge15pct,Regulatory_Quality_lag1,primary,Inward_FDI_Net_Flow_asinh,Oil_Rent_Intensive_Pre2016_ge15pct,oil_rent_threshold,15.0,Future_Period,train_to_2012__test_from_2013,Ridge,model,M2_Macro_Oil,QAT,10,-5.3593109691858265,585.1794890377063,777.513218366853,69.40144770044174
M2_Macro_Oil_vs_M3_Macro_Oil_RegQuality__primary__Oil_Rent_Intensive_Pre2016_ge15pct,Regulatory_Quality_lag1,primary,Inward_FDI_Net_Flow_asinh,Oil_Rent_Intensive_Pre2016_ge15pct,oil_rent_threshold,15.0,Future_Period,train_to_2012__test_from_2013,Ridge,model,M2_Macro_Oil,RUS,10,84.79920599502765,1158.0949222941642,493.6721610187353,29.665751769259742
M2_Macro_Oil_vs_M3_Macro_Oil_RegQuality__primary__Oil_Rent_Intensive_Pre2016_ge15pct,Regulatory_Quality_lag1,primary,Inward_FDI_Net_Flow_asinh,Oil_Rent_Intensive_Pre2016_ge15pct,oil_rent_threshold,15.0,Future_Period,train_to_2012__test_from_2013,Ridge,model,M2_Macro_Oil,SAU,10,92.85188530488799,876.5783918019505,18.982913758102708,11.926062731704253
M2_Macro_Oil_vs_M3_Macro_Oil_RegQuality__primary__Oil_Rent_Intensive_Pre2016_ge15pct,Regulatory_Quality_lag1,primary,Inward_FDI_Net_Flow_asinh,Oil_Rent_Intensive_Pre2016_ge15pct,oil_rent_threshold,15.0,Future_Period,train_to_2012__test_from_2013,Ridge,model,M2_Macro_Oil,SDN,10,75.82713233187091,576.4969584816613,27.660038738730634,10.14548287829603
M2_Macro_Oil_vs_M3_Macro_Oil_RegQuality__primary__Oil_Rent_Intensive_Pre2016_ge15pct,Regulatory_Quality_lag1,primary,Inward_FDI_Net_Flow_asinh,Oil_Rent_Intensive_Pre2016_ge15pct,oil_rent_threshold,15.0,Future_Period,train_to_2012__test_from_2013,Ridge,model,M2_Macro_Oil,SSD,4,-9.070740197589888,62.750642934522844,195.1058012955469,22.061088194104926
M2_Macro_Oil_vs_M3_Macro_Oil_RegQuality__primary__Oil_Rent_Intensive_Pre2016_ge15pct,Regulatory_Quality_lag1,primary,Inward_FDI_Net_Flow_asinh,Oil_Rent_Intensive_Pre2016_ge15pct,oil_rent_threshold,15.0,Future_Period,train_to_2012__test_from_2013,Ridge,model,M2_Macro_Oil,TCD,10,54.78164949514884,479.760460724146,244.7033973536621,34.69883934132771
M2_Macro_Oil_vs_M3_Macro_Oil_RegQuality__primary__Oil_Rent_Intensive_Pre2016_ge15pct,Regulatory_Quality_lag1,primary,Inward_FDI_Net_Flow_asinh,Oil_Rent_Intensive_Pre2016_ge15pct,oil_rent_threshold,15.0,Future_Period,train_to_2012__test_from_2013,Ridge,model,M2_Macro_Oil,TLS,7,-4.236303618682487,169.3906330698152,224.20313313759743,31.578927445508903
M2_Macro_Oil_vs_M3_Macro_Oil_RegQuality__primary__Oil_Rent_Intensive_Pre2016_ge15pct,Regulatory_Quality_lag1,primary,Inward_FDI_Net_Flow_asinh,Oil_Rent_Intensive_Pre2016_ge15pct,oil_rent_threshold,15.0,Future_Period,train_to_2012__test_from_2013,Ridge,model,M2_Macro_Oil,TTO,10,1.175618761211389,470.45694599930187,689.0102190666274,72.74309835422036
M2_Macro_Oil_vs_M3_Macro_Oil_RegQuality__primary__Oil_Rent_Intensive_Pre2016_ge15pct,Regulatory_Quality_lag1,primary,Inward_FDI_Net_Flow_asinh,Oil_Rent_Intensive_Pre2016_ge15pct,oil_rent_threshold,15.0,Future_Period,train_to_2012__test_from_2013,Ridge,model,M2_Macro_Oil,VEN,3,24.776316862037557,205.0967015997399,2.6738869007363304,2.6302657700418255
M2_Macro_Oil_vs_M3_Macro_Oil_RegQuality__primary__Oil_Rent_Intensive_Pre2016_ge15pct,Regulatory_Quality_lag1,primary,Inward_FDI_Net_Flow_asinh,Oil_Rent_Intensive_Pre2016_ge15pct,oil_rent_threshold,15.0,Future_Period,train_to_2012__test_from_2013,Ridge,model,M2_Macro_Oil,YEM,3,-15.16389942637285,80.75499219269867,128.42406078222967,19.15673860198633
M2_Macro_Oil_vs_M3_Macro_Oil_RegQuality__primary__Oil_Rent_Intensive_Pre2016_ge15pct,Regulatory_Quality_lag1,primary,Inward_FDI_Net_Flow_asinh,Oil_Rent_Intensive_Pre2016_ge15pct,oil_rent_threshold,15.0,Future_Period,train_to_2012__test_from_2013,Ridge,model,M3_Macro_Oil_RegQuality,AGO,10,-51.50768124221007,806.368197506468,823.0155753111753,86.81633523884757
M2_Macro_Oil_vs_M3_Macro_Oil_RegQuality__primary__Oil_Rent_Intensive_Pre2016_ge15pct,Regulatory_Quality_lag1,primary,Inward_FDI_Net_Flow_asinh,Oil_Rent_Intensive_Pre2016_ge15pct,oil_rent_threshold,15.0,Future_Period,train_to_2012__test_from_2013,Ridge,model,M3_Macro_Oil_RegQuality,ARE,10,101.80412050626362,1037.6922044549276,10.093434610392917,9.761958737574457
M2_Macro_Oil_vs_M3_Macro_Oil_RegQuality__primary__Oil_Rent_Intensive_Pre2016_ge15pct,Regulatory_Quality_lag1,primary,Inward_FDI_Net_Flow_asinh,Oil_Rent_Intensive_Pre2016_ge15pct,oil_rent_threshold,15.0,Future_Period,train_to_2012__test_from_2013,Ridge,model,M3_Macro_Oil_RegQuality,AZE,10,50.046673161432494,718.8217579240011,335.40247424322143,29.27467148322097
M2_Macro_Oil_vs_M3_Macro_Oil_RegQuality__primary__Oil_Rent_Intensive_Pre2016_ge15pct,Regulatory_Quality_lag1,primary,Inward_FDI_Net_Flow_asinh,Oil_Rent_Intensive_Pre2016_ge15pct,oil_rent_threshold,15.0,Future_Period,train_to_2012__test_from_2013,Ridge,model,M3_Macro_Oil_RegQuality,BHR,10,75.65844657023418,584.9531150801546,10.88511275942437,7.014097945489627
M2_Macro_Oil_vs_M3_Macro_Oil_RegQuality__primary__Oil_Rent_Intensive_Pre2016_ge15pct,Regulatory_Quality_lag1,primary,Inward_FDI_Net_Flow_asinh,Oil_Rent_Intensive_Pre2016_ge15pct,oil_rent_threshold,15.0,Future_Period,train_to_2012__test_from_2013,Ridge,model,M3_Macro_Oil_RegQuality,BRN,10,41.60861628339799,435.1941257930632,346.69079668707775,33.86479141661017
M2_Macro_Oil_vs_M3_Macro_Oil_RegQuality__primary__Oil_Rent_Intensive_Pre2016_ge15pct,Regulatory_Quality_lag1,primary,Inward_FDI_Net_Flow_asinh,Oil_Rent_Intensive_Pre2016_ge15pct,oil_rent_threshold,15.0,Future_Period,train_to_2012__test_from_2013,Ridge,model,M3_Macro_Oil_RegQuality,COG,10,32.98129629985546,633.1170443907433,447.8447848932936,56.550652272981324
M2_Macro_Oil_vs_M3_Macro_Oil_RegQuality__primary__Oil_Rent_Intensive_Pre2016_ge15pct,Regulatory_Quality_lag1,primary,Inward_FDI_Net_Flow_asinh,Oil_Rent_Intensive_Pre2016_ge15pct,oil_rent_threshold,15.0,Future_Period,train_to_2012__test_from_2013,Ridge,model,M3_Macro_Oil_RegQuality,DZA,10,62.341313551812725,585.6167235793532,284.72811716501644,28.027677818310696
M2_Macro_Oil_vs_M3_Macro_Oil_RegQuality__primary__Oil_Rent_Intensive_Pre2016_ge15pct,Regulatory_Quality_lag1,primary,Inward_FDI_Net_Flow_asinh,Oil_Rent_Intensive_Pre2016_ge15pct,oil_rent_threshold,15.0,Future_Period,train_to_2012__test_from_2013,Ridge,model,M3_Macro_Oil_RegQuality,ECU,10,74.85946508815755,561.110416332989,5.5824194918718435,6.591398782596156
M2_Macro_Oil_vs_M3_Macro_Oil_RegQuality__primary__Oil_Rent_Intensive_Pre2016_ge15pct,Regulatory_Quality_lag1,primary,Inward_FDI_Net_Flow_asinh,Oil_Rent_Intensive_Pre2016_ge15pct,oil_rent_threshold,15.0,Future_Period,train_to_2012__test_from_2013,Ridge,model,M3_Macro_Oil_RegQuality,EGY,10,95.13073390583449,905.8900759417995,0.707914136920163,2.158700208280804
M2_Macro_Oil_vs_M3_Macro_Oil_RegQuality__primary__Oil_Rent_Intensive_Pre2016_ge15pct,Regulatory_Quality_lag1,primary,Inward_FDI_Net_Flow_asinh,Oil_Rent_Intensive_Pre2016_ge15pct,oil_rent_threshold,15.0,Future_Period,train_to_2012__test_from_2013,Ridge,model,M3_Macro_Oil_RegQuality,GAB,10,74.25613910711178,563.4090121689455,16.420685173656558,9.944764377026786
M2_Macro_Oil_vs_M3_Macro_Oil_RegQuality__primary__Oil_Rent_Intensive_Pre2016_ge15pct,Regulatory_Quality_lag1,primary,Inward_FDI_Net_Flow_asinh,Oil_Rent_Intensive_Pre2016_ge15pct,oil_rent_threshold,15.0,Future_Period,train_to_2012__test_from_2013,Ridge,model,M3_Macro_Oil_RegQuality,GNQ,10,49.249435900844965,462.4709304527407,309.3025878617714,39.309972960777245
M2_Macro_Oil_vs_M3_Macro_Oil_RegQuality__primary__Oil_Rent_Intensive_Pre2016_ge15pct,Regulatory_Quality_lag1,primary,Inward_FDI_Net_Flow_asinh,Oil_Rent_Intensive_Pre2016_ge15pct,oil_rent_threshold,15.0,Future_Period,train_to_2012__test_from_2013,Ridge,model,M3_Macro_Oil_RegQuality,IRN,10,83.74401272544831,703.0079588815662,8.18783494393744,8.29436862656029
M2_Macro_Oil_vs_M3_Macro_Oil_RegQuality__primary__Oil_Rent_Intensive_Pre2016_ge15pct,Regulatory_Quality_lag1,primary,Inward_FDI_Net_Flow_asinh,Oil_Rent_Intensive_Pre2016_ge15pct,oil_rent_threshold,15.0,Future_Period,train_to_2012__test_from_2013,Ridge,model,M3_Macro_Oil_RegQuality,IRQ,10,-90.11766103049645,814.7529170078233,1012.9787566679479,98.14675832525711
M2_Macro_Oil_vs_M3_Macro_Oil_RegQuality__primary__Oil_Rent_Intensive_Pre2016_ge15pct,Regulatory_Quality_lag1,primary,Inward_FDI_Net_Flow_asinh,Oil_Rent_Intensive_Pre2016_ge15pct,oil_rent_threshold,15.0,Future_Period,train_to_2012__test_from_2013,Ridge,model,M3_Macro_Oil_RegQuality,KAZ,10,91.98692500865599,855.6414015246115,10.383866419394355,7.7638228535950145
M2_Macro_Oil_vs_M3_Macro_Oil_RegQuality__primary__Oil_Rent_Intensive_Pre2016_ge15pct,Regulatory_Quality_lag1,primary,Inward_FDI_Net_Flow_asinh,Oil_Rent_Intensive_Pre2016_ge15pct,oil_rent_threshold,15.0,Future_Period,train_to_2012__test_from_2013,Ridge,model,M3_Macro_Oil_RegQuality,KWT,9,22.83981630540144,372.10113345906404,378.42345206675367,39.34817144646286
M2_Macro_Oil_vs_M3_Macro_Oil_RegQuality__primary__Oil_Rent_Intensive_Pre2016_ge15pct,Regulatory_Quality_lag1,primary,Inward_FDI_Net_Flow_asinh,Oil_Rent_Intensive_Pre2016_ge15pct,oil_rent_threshold,15.0,Future_Period,train_to_2012__test_from_2013,Ridge,model,M3_Macro_Oil_RegQuality,LBY,2,14.494162183772893,105.0403687047561,2.36210953722553,2.0153663547432927
M2_Macro_Oil_vs_M3_Macro_Oil_RegQuality__primary__Oil_Rent_Intensive_Pre2016_ge15pct,Regulatory_Quality_lag1,primary,Inward_FDI_Net_Flow_asinh,Oil_Rent_Intensive_Pre2016_ge15pct,oil_rent_threshold,15.0,Future_Period,train_to_2012__test_from_2013,Ridge,model,M3_Macro_Oil_RegQuality,NGA,10,71.63506999581271,705.9998402856695,216.04251582628376,18.86471272267198
M2_Macro_Oil_vs_M3_Macro_Oil_RegQuality__primary__Oil_Rent_Intensive_Pre2016_ge15pct,Regulatory_Quality_lag1,primary,Inward_FDI_Net_Flow_asinh,Oil_Rent_Intensive_Pre2016_ge15pct,oil_rent_threshold,15.0,Future_Period,train_to_2012__test_from_2013,Ridge,model,M3_Macro_Oil_RegQuality,OMN,10,69.7942122721175,752.9084713220543,321.1879333635642,30.473923873729646
M2_Macro_Oil_vs_M3_Macro_Oil_RegQuality__primary__Oil_Rent_Intensive_Pre2016_ge15pct,Regulatory_Quality_lag1,primary,Inward_FDI_Net_Flow_asinh,Oil_Rent_Intensive_Pre2016_ge15pct,oil_rent_threshold,15.0,Future_Period,train_to_2012__test_from_2013,Ridge,model,M3_Macro_Oil_RegQuality,PNG,10,23.80544387599153,294.1976436077809,297.28729723660115,40.023993768096574
M2_Macro_Oil_vs_M3_Macro_Oil_RegQuality__primary__Oil_Rent_Intensive_Pre2016_ge15pct,Regulatory_Quality_lag1,primary,Inward_FDI_Net_Flow_asinh,Oil_Rent_Intensive_Pre2016_ge15pct,oil_rent_threshold,15.0,Future_Period,train_to_2012__test_from_2013,Ridge,model,M3_Macro_Oil_RegQuality,QAT,10,-5.3593109691858265,585.1794890377063,778.119285481653,69.46244603914843
M2_Macro_Oil_vs_M3_Macro_Oil_RegQuality__primary__Oil_Rent_Intensive_Pre2016_ge15pct,Regulatory_Quality_lag1,primary,Inward_FDI_Net_Flow_asinh,Oil_Rent_Intensive_Pre2016_ge15pct,oil_rent_threshold,15.0,Future_Period,train_to_2012__test_from_2013,Ridge,model,M3_Macro_Oil_RegQuality,RUS,10,84.79920599502765,1158.0949222941642,494.4590508839871,29.65710200919525
M2_Macro_Oil_vs_M3_Macro_Oil_RegQuality__primary__Oil_Rent_Intensive_Pre2016_ge15pct,Regulatory_Quality_lag1,primary,Inward_FDI_Net_Flow_asinh,Oil_Rent_Intensive_Pre2016_ge15pct,oil_rent_threshold,15.0,Future_Period,train_to_2012__test_from_2013,Ridge,model,M3_Macro_Oil_RegQuality,SAU,10,92.85188530488799,876.5783918019505,19.47810138208708,12.09164209229544
M2_Macro_Oil_vs_M3_Macro_Oil_RegQuality__primary__Oil_Rent_Intensive_Pre2016_ge15pct,Regulatory_Quality_lag1,primary,Inward_FDI_Net_Flow_asinh,Oil_Rent_Intensive_Pre2016_ge15pct,oil_rent_threshold,15.0,Future_Period,train_to_2012__test_from_2013,Ridge,model,M3_Macro_Oil_RegQuality,SDN,10,75.82713233187091,576.4969584816613,27.83476841763223,9.77210217249695
M2_Macro_Oil_vs_M3_Macro_Oil_RegQuality__primary__Oil_Rent_Intensive_Pre2016_ge15pct,Regulatory_Quality_lag1,primary,Inward_FDI_Net_Flow_asinh,Oil_Rent_Intensive_Pre2016_ge15pct,oil_rent_threshold,15.0,Future_Period,train_to_2012__test_from_2013,Ridge,model,M3_Macro_Oil_RegQuality,SSD,4,-9.070740197589888,62.750642934522844,198.88079441879668,22.25595757342658
M2_Macro_Oil_vs_M3_Macro_Oil_RegQuality__primary__Oil_Rent_Intensive_Pre2016_ge15pct,Regulatory_Quality_lag1,primary,Inward_FDI_Net_Flow_asinh,Oil_Rent_Intensive_Pre2016_ge15pct,oil_rent_threshold,15.0,Future_Period,train_to_2012__test_from_2013,Ridge,model,M3_Macro_Oil_RegQuality,TCD,10,54.78164949514884,479.760460724146,244.49886294600287,34.55165266645178
M2_Macro_Oil_vs_M3_Macro_Oil_RegQuality__primary__Oil_Rent_Intensive_Pre2016_ge15pct,Regulatory_Quality_lag1,primary,Inward_FDI_Net_Flow_asinh,Oil_Rent_Intensive_Pre2016_ge15pct,oil_rent_threshold,15.0,Future_Period,train_to_2012__test_from_2013,Ridge,model,M3_Macro_Oil_RegQuality,TLS,7,-4.236303618682487,169.3906330698152,229.17848907392286,31.855934131232246
M2_Macro_Oil_vs_M3_Macro_Oil_RegQuality__primary__Oil_Rent_Intensive_Pre2016_ge15pct,Regulatory_Quality_lag1,primary,Inward_FDI_Net_Flow_asinh,Oil_Rent_Intensive_Pre2016_ge15pct,oil_rent_threshold,15.0,Future_Period,train_to_2012__test_from_2013,Ridge,model,M3_Macro_Oil_RegQuality,TTO,10,1.175618761211389,470.45694599930187,697.330527597236,72.93095259505112
M2_Macro_Oil_vs_M3_Macro_Oil_RegQuality__primary__Oil_Rent_Intensive_Pre2016_ge15pct,Regulatory_Quality_lag1,primary,Inward_FDI_Net_Flow_asinh,Oil_Rent_Intensive_Pre2016_ge15pct,oil_rent_threshold,15.0,Future_Period,train_to_2012__test_from_2013,Ridge,model,M3_Macro_Oil_RegQuality,VEN,3,24.776316862037557,205.0967015997399,4.123660432510384,3.37094705522105
M2_Macro_Oil_vs_M3_Macro_Oil_RegQuality__primary__Oil_Rent_Intensive_Pre2016_ge15pct,Regulatory_Quality_lag1,primary,Inward_FDI_Net_Flow_asinh,Oil_Rent_Intensive_Pre2016_ge15pct,oil_rent_threshold,15.0,Future_Period,train_to_2012__test_from_2013,Ridge,model,M3_Macro_Oil_RegQuality,YEM,3,-15.16389942637285,80.75499219269867,128.7948128457559,19.197460328492408
M2_Macro_Oil_vs_M3_Macro_Oil_RegQuality__primary__Oil_Rent_Intensive_Pre2016_ge15pct,Regulatory_Quality_lag1,primary,Inward_FDI_Net_Flow_asinh,Oil_Rent_Intensive_Pre2016_ge15pct,oil_rent_threshold,15.0,Future_Period,train_to_2014__test_from_2015,Benchmark,benchmark,Lagged_Flow,AGO,8,-50.84155494744526,635.73286310048,265.89516371105344,23.156824695120875
M2_Macro_Oil_vs_M3_Macro_Oil_RegQuality__primary__Oil_Rent_Intensive_Pre2016_ge15pct,Regulatory_Quality_lag1,primary,Inward_FDI_Net_Flow_asinh,Oil_Rent_Intensive_Pre2016_ge15pct,oil_rent_threshold,15.0,Future_Period,train_to_2014__test_from_2015,Benchmark,benchmark,Lagged_Flow,ARE,8,81.91914218830512,839.978137711556,0.4026957406540639,1.236278067253684
M2_Macro_Oil_vs_M3_Macro_Oil_RegQuality__primary__Oil_Rent_Intensive_Pre2016_ge15pct,Regulatory_Quality_lag1,primary,Inward_FDI_Net_Flow_asinh,Oil_Rent_Intensive_Pre2016_ge15pct,oil_rent_threshold,15.0,Future_Period,train_to_2014__test_from_2015,Benchmark,benchmark,Lagged_Flow,AZE,8,32.393404013592665,562.8647031700732,229.59068918209397,18.539367991914016
M2_Macro_Oil_vs_M3_Macro_Oil_RegQuality__primary__Oil_Rent_Intensive_Pre2016_ge15pct,Regulatory_Quality_lag1,primary,Inward_FDI_Net_Flow_asinh,Oil_Rent_Intensive_Pre2016_ge15pct,oil_rent_threshold,15.0,Future_Period,train_to_2014__test_from_2015,Benchmark,benchmark,Lagged_Flow,BHR,8,58.72304661239256,441.1460319830121,15.475792595748596,7.682925710079996
M2_Macro_Oil_vs_M3_Macro_Oil_RegQuality__primary__Oil_Rent_Intensive_Pre2016_ge15pct,Regulatory_Quality_lag1,primary,Inward_FDI_Net_Flow_asinh,Oil_Rent_Intensive_Pre2016_ge15pct,oil_rent_threshold,15.0,Future_Period,train_to_2014__test_from_2015,Benchmark,benchmark,Lagged_Flow,BRN,8,27.216163692193163,331.5774118236029,446.9383860895737,39.534478805627394
M2_Macro_Oil_vs_M3_Macro_Oil_RegQuality__primary__Oil_Rent_Intensive_Pre2016_ge15pct,Regulatory_Quality_lag1,primary,Inward_FDI_Net_Flow_asinh,Oil_Rent_Intensive_Pre2016_ge15pct,oil_rent_threshold,15.0,Future_Period,train_to_2014__test_from_2015,Benchmark,benchmark,Lagged_Flow,COG,8,16.087188454886725,490.31873563292334,513.3603794354485,41.926544596844806
M2_Macro_Oil_vs_M3_Macro_Oil_RegQuality__primary__Oil_Rent_Intensive_Pre2016_ge15pct,Regulatory_Quality_lag1,primary,Inward_FDI_Net_Flow_asinh,Oil_Rent_Intensive_Pre2016_ge15pct,oil_rent_threshold,15.0,Future_Period,train_to_2014__test_from_2015,Benchmark,benchmark,Lagged_Flow,DZA,8,46.20672932545979,455.447249769709,453.77875678786427,32.327723288204
M2_Macro_Oil_vs_M3_Macro_Oil_RegQuality__primary__Oil_Rent_Intensive_Pre2016_ge15pct,Regulatory_Quality_lag1,primary,Inward_FDI_Net_Flow_asinh,Oil_Rent_Intensive_Pre2016_ge15pct,oil_rent_threshold,15.0,Future_Period,train_to_2014__test_from_2015,Benchmark,benchmark,Lagged_Flow,ECU,8,60.2346421292708,454.16586586325695,1.765908708871669,3.382403553802507
M2_Macro_Oil_vs_M3_Macro_Oil_RegQuality__primary__Oil_Rent_Intensive_Pre2016_ge15pct,Regulatory_Quality_lag1,primary,Inward_FDI_Net_Flow_asinh,Oil_Rent_Intensive_Pre2016_ge15pct,oil_rent_threshold,15.0,Future_Period,train_to_2014__test_from_2015,Benchmark,benchmark,Lagged_Flow,EGY,8,76.96699833836755,740.9248729102088,1.061315692478898,2.2144812800990135
M2_Macro_Oil_vs_M3_Macro_Oil_RegQuality__primary__Oil_Rent_Intensive_Pre2016_ge15pct,Regulatory_Quality_lag1,primary,Inward_FDI_Net_Flow_asinh,Oil_Rent_Intensive_Pre2016_ge15pct,oil_rent_threshold,15.0,Future_Period,train_to_2014__test_from_2015,Benchmark,benchmark,Lagged_Flow,GAB,8,59.947667108105335,460.1173661723513,23.306098985930923,7.568539854188939
M2_Macro_Oil_vs_M3_Macro_Oil_RegQuality__primary__Oil_Rent_Intensive_Pre2016_ge15pct,Regulatory_Quality_lag1,primary,Inward_FDI_Net_Flow_asinh,Oil_Rent_Intensive_Pre2016_ge15pct,oil_rent_threshold,15.0,Future_Period,train_to_2014__test_from_2015,Benchmark,benchmark,Lagged_Flow,GNQ,8,36.371812016884526,378.7794809386384,534.244440838881,50.38320094560549
M2_Macro_Oil_vs_M3_Macro_Oil_RegQuality__primary__Oil_Rent_Intensive_Pre2016_ge15pct,Regulatory_Quality_lag1,primary,Inward_FDI_Net_Flow_asinh,Oil_Rent_Intensive_Pre2016_ge15pct,oil_rent_threshold,15.0,Future_Period,train_to_2014__test_from_2015,Benchmark,benchmark,Lagged_Flow,IRN,8,66.68253404648858,557.392269199459,1.1930626064908725,2.3524747757385285
M2_Macro_Oil_vs_M3_Macro_Oil_RegQuality__primary__Oil_Rent_Intensive_Pre2016_ge15pct,Regulatory_Quality_lag1,primary,Inward_FDI_Net_Flow_asinh,Oil_Rent_Intensive_Pre2016_ge15pct,oil_rent_threshold,15.0,Future_Period,train_to_2014__test_from_2015,Benchmark,benchmark,Lagged_Flow,IRQ,8,-71.74764438663038,644.9408709608304,0.45245755108692265,1.5837688082096992
M2_Macro_Oil_vs_M3_Macro_Oil_RegQuality__primary__Oil_Rent_Intensive_Pre2016_ge15pct,Regulatory_Quality_lag1,primary,Inward_FDI_Net_Flow_asinh,Oil_Rent_Intensive_Pre2016_ge15pct,oil_rent_threshold,15.0,Future_Period,train_to_2014__test_from_2015,Benchmark,benchmark,Lagged_Flow,KAZ,8,72.49242124585909,665.5740359590474,15.562527314460104,8.533002106349091
M2_Macro_Oil_vs_M3_Macro_Oil_RegQuality__primary__Oil_Rent_Intensive_Pre2016_ge15pct,Regulatory_Quality_lag1,primary,Inward_FDI_Net_Flow_asinh,Oil_Rent_Intensive_Pre2016_ge15pct,oil_rent_threshold,15.0,Future_Period,train_to_2014__test_from_2015,Benchmark,benchmark,Lagged_Flow,KWT,7,7.999744764032011,261.40174355471726,395.06077760085884,36.0542709549435
M2_Macro_Oil_vs_M3_Macro_Oil_RegQuality__primary__Oil_Rent_Intensive_Pre2016_ge15pct,Regulatory_Quality_lag1,primary,Inward_FDI_Net_Flow_asinh,Oil_Rent_Intensive_Pre2016_ge15pct,oil_rent_threshold,15.0,Future_Period,train_to_2014__test_from_2015,Benchmark,benchmark,Lagged_Flow,LBY,1,7.247081091886447,52.52018435237805,0.023108872479545486,0.15201602704828687
M2_Macro_Oil_vs_M3_Macro_Oil_RegQuality__primary__Oil_Rent_Intensive_Pre2016_ge15pct,Regulatory_Quality_lag1,primary,Inward_FDI_Net_Flow_asinh,Oil_Rent_Intensive_Pre2016_ge15pct,oil_rent_threshold,15.0,Future_Period,train_to_2014__test_from_2015,Benchmark,benchmark,Lagged_Flow,NGA,8,53.170904465725435,535.5227091353088,219.64692558881887,18.21436751881696
M2_Macro_Oil_vs_M3_Macro_Oil_RegQuality__primary__Oil_Rent_Intensive_Pre2016_ge15pct,Regulatory_Quality_lag1,primary,Inward_FDI_Net_Flow_asinh,Oil_Rent_Intensive_Pre2016_ge15pct,oil_rent_threshold,15.0,Future_Period,train_to_2014__test_from_2015,Benchmark,benchmark,Lagged_Flow,OMN,8,53.86285858496268,625.9789323300829,549.4292147860631,36.76893434588777
M2_Macro_Oil_vs_M3_Macro_Oil_RegQuality__primary__Oil_Rent_Intensive_Pre2016_ge15pct,Regulatory_Quality_lag1,primary,Inward_FDI_Net_Flow_asinh,Oil_Rent_Intensive_Pre2016_ge15pct,oil_rent_threshold,15.0,Future_Period,train_to_2014__test_from_2015,Benchmark,benchmark,Lagged_Flow,PNG,8,15.747710085396985,261.72972249547416,463.7126656720641,45.13892463815445
M2_Macro_Oil_vs_M3_Macro_Oil_RegQuality__primary__Oil_Rent_Intensive_Pre2016_ge15pct,Regulatory_Quality_lag1,primary,Inward_FDI_Net_Flow_asinh,Oil_Rent_Intensive_Pre2016_ge15pct,oil_rent_threshold,15.0,Future_Period,train_to_2014__test_from_2015,Benchmark,benchmark,Lagged_Flow,QAT,8,-5.572796929920854,471.6419174386295,417.6091673202527,30.47794832968372
M2_Macro_Oil_vs_M3_Macro_Oil_RegQuality__primary__Oil_Rent_Intensive_Pre2016_ge15pct,Regulatory_Quality_lag1,primary,Inward_FDI_Net_Flow_asinh,Oil_Rent_Intensive_Pre2016_ge15pct,oil_rent_threshold,15.0,Future_Period,train_to_2014__test_from_2015,Benchmark,benchmark,Lagged_Flow,RUS,8,62.26766128801483,903.6043763835429,520.5666470749949,30.579522583048906
M2_Macro_Oil_vs_M3_Macro_Oil_RegQuality__primary__Oil_Rent_Intensive_Pre2016_ge15pct,Regulatory_Quality_lag1,primary,Inward_FDI_Net_Flow_asinh,Oil_Rent_Intensive_Pre2016_ge15pct,oil_rent_threshold,15.0,Future_Period,train_to_2014__test_from_2015,Benchmark,benchmark,Lagged_Flow,SAU,8,76.02326067108464,734.6540076724813,29.964483791132505,13.169579889281774
M2_Macro_Oil_vs_M3_Macro_Oil_RegQuality__primary__Oil_Rent_Intensive_Pre2016_ge15pct,Regulatory_Quality_lag1,primary,Inward_FDI_Net_Flow_asinh,Oil_Rent_Intensive_Pre2016_ge15pct,oil_rent_threshold,15.0,Future_Period,train_to_2014__test_from_2015,Benchmark,benchmark,Lagged_Flow,SDN,8,59.87768364784157,449.2597091891802,0.5739695748581728,1.74206752845737
M2_Macro_Oil_vs_M3_Macro_Oil_RegQuality__primary__Oil_Rent_Intensive_Pre2016_ge15pct,Regulatory_Quality_lag1,primary,Inward_FDI_Net_Flow_asinh,Oil_Rent_Intensive_Pre2016_ge15pct,oil_rent_threshold,15.0,Future_Period,train_to_2014__test_from_2015,Benchmark,benchmark,Lagged_Flow,SSD,2,-2.608250083734803,7.627205053115851,9.024547482819509,3.6641738898109484
M2_Macro_Oil_vs_M3_Macro_Oil_RegQuality__primary__Oil_Rent_Intensive_Pre2016_ge15pct,Regulatory_Quality_lag1,primary,Inward_FDI_Net_Flow_asinh,Oil_Rent_Intensive_Pre2016_ge15pct,oil_rent_threshold,15.0,Future_Period,train_to_2014__test_from_2015,Benchmark,benchmark,Lagged_Flow,TCD,8,55.042955458714985,379.5297026988541,203.48214707178343,16.28496998300455
M2_Macro_Oil_vs_M3_Macro_Oil_RegQuality__primary__Oil_Rent_Intensive_Pre2016_ge15pct,Regulatory_Quality_lag1,primary,Inward_FDI_Net_Flow_asinh,Oil_Rent_Intensive_Pre2016_ge15pct,oil_rent_threshold,15.0,Future_Period,train_to_2014__test_from_2015,Benchmark,benchmark,Lagged_Flow,TLS,7,-4.236303618682487,169.3906330698152,233.02805987569354,26.55645907551188
M2_Macro_Oil_vs_M3_Macro_Oil_RegQuality__primary__Oil_Rent_Intensive_Pre2016_ge15pct,Regulatory_Quality_lag1,primary,Inward_FDI_Net_Flow_asinh,Oil_Rent_Intensive_Pre2016_ge15pct,oil_rent_threshold,15.0,Future_Period,train_to_2014__test_from_2015,Benchmark,benchmark,Lagged_Flow,TTO,8,1.7111820111722835,359.1502794543235,746.0251359933144,59.81416998312379
M2_Macro_Oil_vs_M3_Macro_Oil_RegQuality__primary__Oil_Rent_Intensive_Pre2016_ge15pct,Regulatory_Quality_lag1,primary,Inward_FDI_Net_Flow_asinh,Oil_Rent_Intensive_Pre2016_ge15pct,oil_rent_threshold,15.0,Future_Period,train_to_2014__test_from_2015,Benchmark,benchmark,Lagged_Flow,VEN,1,8.684739491238911,75.4247000306847,0.9162398550322615,0.9572041866980427
M2_Macro_Oil_vs_M3_Macro_Oil_RegQuality__primary__Oil_Rent_Intensive_Pre2016_ge15pct,Regulatory_Quality_lag1,primary,Inward_FDI_Net_Flow_asinh,Oil_Rent_Intensive_Pre2016_ge15pct,oil_rent_threshold,15.0,Future_Period,train_to_2014__test_from_2015,Benchmark,benchmark,Lagged_Flow,YEM,1,-3.4314664878767003,11.774962257420857,7.361307009341209,2.713172867574274
M2_Macro_Oil_vs_M3_Macro_Oil_RegQuality__primary__Oil_Rent_Intensive_Pre2016_ge15pct,Regulatory_Quality_lag1,primary,Inward_FDI_Net_Flow_asinh,Oil_Rent_Intensive_Pre2016_ge15pct,oil_rent_threshold,15.0,Future_Period,train_to_2014__test_from_2015,Benchmark,benchmark,Training_Mean,AGO,8,-50.84155494744526,635.73286310048,1587.9236910391635,108.27816088495707
M2_Macro_Oil_vs_M3_Macro_Oil_RegQuality__primary__Oil_Rent_Intensive_Pre2016_ge15pct,Regulatory_Quality_lag1,primary,Inward_FDI_Net_Flow_asinh,Oil_Rent_Intensive_Pre2016_ge15pct,oil_rent_threshold,15.0,Future_Period,train_to_2014__test_from_2015,Benchmark,benchmark,Training_Mean,ARE,8,81.91914218830512,839.978137711556,127.1729977831966,31.75381453370407
M2_Macro_Oil_vs_M3_Macro_Oil_RegQuality__primary__Oil_Rent_Intensive_Pre2016_ge15pct,Regulatory_Quality_lag1,primary,Inward_FDI_Net_Flow_asinh,Oil_Rent_Intensive_Pre2016_ge15pct,oil_rent_threshold,15.0,Future_Period,train_to_2014__test_from_2015,Benchmark,benchmark,Training_Mean,AZE,8,32.393404013592665,562.8647031700732,471.178283959322,41.78138600737455
M2_Macro_Oil_vs_M3_Macro_Oil_RegQuality__primary__Oil_Rent_Intensive_Pre2016_ge15pct,Regulatory_Quality_lag1,primary,Inward_FDI_Net_Flow_asinh,Oil_Rent_Intensive_Pre2016_ge15pct,oil_rent_threshold,15.0,Future_Period,train_to_2014__test_from_2015,Benchmark,benchmark,Training_Mean,BHR,8,58.72304661239256,441.1460319830121,19.25082577292649,11.533158147292612
M2_Macro_Oil_vs_M3_Macro_Oil_RegQuality__primary__Oil_Rent_Intensive_Pre2016_ge15pct,Regulatory_Quality_lag1,primary,Inward_FDI_Net_Flow_asinh,Oil_Rent_Intensive_Pre2016_ge15pct,oil_rent_threshold,15.0,Future_Period,train_to_2014__test_from_2015,Benchmark,benchmark,Training_Mean,BRN,8,27.216163692193163,331.5774118236029,304.8204818802563,27.63875198076303
M2_Macro_Oil_vs_M3_Macro_Oil_RegQuality__primary__Oil_Rent_Intensive_Pre2016_ge15pct,Regulatory_Quality_lag1,primary,Inward_FDI_Net_Flow_asinh,Oil_Rent_Intensive_Pre2016_ge15pct,oil_rent_threshold,15.0,Future_Period,train_to_2014__test_from_2015,Benchmark,benchmark,Training_Mean,COG,8,16.087188454886725,490.31873563292334,603.1339779994314,52.26181493919313
M2_Macro_Oil_vs_M3_Macro_Oil_RegQuality__primary__Oil_Rent_Intensive_Pre2016_ge15pct,Regulatory_Quality_lag1,primary,Inward_FDI_Net_Flow_asinh,Oil_Rent_Intensive_Pre2016_ge15pct,oil_rent_threshold,15.0,Future_Period,train_to_2014__test_from_2015,Benchmark,benchmark,Training_Mean,DZA,8,46.20672932545979,455.447249769709,190.5233329916058,22.722816800784482
M2_Macro_Oil_vs_M3_Macro_Oil_RegQuality__primary__Oil_Rent_Intensive_Pre2016_ge15pct,Regulatory_Quality_lag1,primary,Inward_FDI_Net_Flow_asinh,Oil_Rent_Intensive_Pre2016_ge15pct,oil_rent_threshold,15.0,Future_Period,train_to_2014__test_from_2015,Benchmark,benchmark,Training_Mean,ECU,8,60.2346421292708,454.16586586325695,13.313238556815561,10.06931447466976
M2_Macro_Oil_vs_M3_Macro_Oil_RegQuality__primary__Oil_Rent_Intensive_Pre2016_ge15pct,Regulatory_Quality_lag1,primary,Inward_FDI_Net_Flow_asinh,Oil_Rent_Intensive_Pre2016_ge15pct,oil_rent_threshold,15.0,Future_Period,train_to_2014__test_from_2015,Benchmark,benchmark,Training_Mean,EGY,8,76.96699833836755,740.9248729102088,90.22621268805828,26.801670683766503
M2_Macro_Oil_vs_M3_Macro_Oil_RegQuality__primary__Oil_Rent_Intensive_Pre2016_ge15pct,Regulatory_Quality_lag1,primary,Inward_FDI_Net_Flow_asinh,Oil_Rent_Intensive_Pre2016_ge15pct,oil_rent_threshold,15.0,Future_Period,train_to_2014__test_from_2015,Benchmark,benchmark,Training_Mean,GAB,8,59.947667108105335,460.1173661723513,22.863787857272843,13.475717994784375
M2_Macro_Oil_vs_M3_Macro_Oil_RegQuality__primary__Oil_Rent_Intensive_Pre2016_ge15pct,Regulatory_Quality_lag1,primary,Inward_FDI_Net_Flow_asinh,Oil_Rent_Intensive_Pre2016_ge15pct,oil_rent_threshold,15.0,Future_Period,train_to_2014__test_from_2015,Benchmark,benchmark,Training_Mean,GNQ,8,36.371812016884526,378.7794809386384,237.1985264706815,28.424386672267694
M2_Macro_Oil_vs_M3_Macro_Oil_RegQuality__primary__Oil_Rent_Intensive_Pre2016_ge15pct,Regulatory_Quality_lag1,primary,Inward_FDI_Net_Flow_asinh,Oil_Rent_Intensive_Pre2016_ge15pct,oil_rent_threshold,15.0,Future_Period,train_to_2014__test_from_2015,Benchmark,benchmark,Training_Mean,IRN,8,66.68253404648858,557.392269199459,35.67448921584655,16.517206391887548
M2_Macro_Oil_vs_M3_Macro_Oil_RegQuality__primary__Oil_Rent_Intensive_Pre2016_ge15pct,Regulatory_Quality_lag1,primary,Inward_FDI_Net_Flow_asinh,Oil_Rent_Intensive_Pre2016_ge15pct,oil_rent_threshold,15.0,Future_Period,train_to_2014__test_from_2015,Benchmark,benchmark,Training_Mean,IRQ,8,-71.74764438663038,644.9408709608304,1859.321905572793,121.91297204123143
M2_Macro_Oil_vs_M3_Macro_Oil_RegQuality__primary__Oil_Rent_Intensive_Pre2016_ge15pct,Regulatory_Quality_lag1,primary,Inward_FDI_Net_Flow_asinh,Oil_Rent_Intensive_Pre2016_ge15pct,oil_rent_threshold,15.0,Future_Period,train_to_2014__test_from_2015,Benchmark,benchmark,Training_Mean,KAZ,8,72.49242124585909,665.5740359590474,70.99253222726156,22.327093591258052
M2_Macro_Oil_vs_M3_Macro_Oil_RegQuality__primary__Oil_Rent_Intensive_Pre2016_ge15pct,Regulatory_Quality_lag1,primary,Inward_FDI_Net_Flow_asinh,Oil_Rent_Intensive_Pre2016_ge15pct,oil_rent_threshold,15.0,Future_Period,train_to_2014__test_from_2015,Benchmark,benchmark,Training_Mean,KWT,7,7.999744764032011,261.40174355471726,436.3230500391054,37.57674207123054
M2_Macro_Oil_vs_M3_Macro_Oil_RegQuality__primary__Oil_Rent_Intensive_Pre2016_ge15pct,Regulatory_Quality_lag1,primary,Inward_FDI_Net_Flow_asinh,Oil_Rent_Intensive_Pre2016_ge15pct,oil_rent_threshold,15.0,Future_Period,train_to_2014__test_from_2015,Benchmark,benchmark,Training_Mean,LBY,1,7.247081091886447,52.52018435237805,0.9533865159768082,0.9764151350613162
M2_Macro_Oil_vs_M3_Macro_Oil_RegQuality__primary__Oil_Rent_Intensive_Pre2016_ge15pct,Regulatory_Quality_lag1,primary,Inward_FDI_Net_Flow_asinh,Oil_Rent_Intensive_Pre2016_ge15pct,oil_rent_threshold,15.0,Future_Period,train_to_2014__test_from_2015,Benchmark,benchmark,Training_Mean,NGA,8,53.170904465725435,535.5227091353088,183.25876041834223,27.393213405164616
M2_Macro_Oil_vs_M3_Macro_Oil_RegQuality__primary__Oil_Rent_Intensive_Pre2016_ge15pct,Regulatory_Quality_lag1,primary,Inward_FDI_Net_Flow_asinh,Oil_Rent_Intensive_Pre2016_ge15pct,oil_rent_threshold,15.0,Future_Period,train_to_2014__test_from_2015,Benchmark,benchmark,Training_Mean,OMN,8,53.86285858496268,625.9789323300829,265.03695733474456,32.99236217467271
M2_Macro_Oil_vs_M3_Macro_Oil_RegQuality__primary__Oil_Rent_Intensive_Pre2016_ge15pct,Regulatory_Quality_lag1,primary,Inward_FDI_Net_Flow_asinh,Oil_Rent_Intensive_Pre2016_ge15pct,oil_rent_threshold,15.0,Future_Period,train_to_2014__test_from_2015,Benchmark,benchmark,Training_Mean,PNG,8,15.747710085396985,261.72972249547416,378.80247577125795,38.204446767442654
M2_Macro_Oil_vs_M3_Macro_Oil_RegQuality__primary__Oil_Rent_Intensive_Pre2016_ge15pct,Regulatory_Quality_lag1,primary,Inward_FDI_Net_Flow_asinh,Oil_Rent_Intensive_Pre2016_ge15pct,oil_rent_threshold,15.0,Future_Period,train_to_2014__test_from_2015,Benchmark,benchmark,Training_Mean,QAT,8,-5.572796929920854,471.6419174386295,856.1022257608231,63.31566270036665
M2_Macro_Oil_vs_M3_Macro_Oil_RegQuality__primary__Oil_Rent_Intensive_Pre2016_ge15pct,Regulatory_Quality_lag1,primary,Inward_FDI_Net_Flow_asinh,Oil_Rent_Intensive_Pre2016_ge15pct,oil_rent_threshold,15.0,Future_Period,train_to_2014__test_from_2015,Benchmark,benchmark,Training_Mean,RUS,8,62.26766128801483,903.6043763835429,437.25498102048266,47.21325173907378
M2_Macro_Oil_vs_M3_Macro_Oil_RegQuality__primary__Oil_Rent_Intensive_Pre2016_ge15pct,Regulatory_Quality_lag1,primary,Inward_FDI_Net_Flow_asinh,Oil_Rent_Intensive_Pre2016_ge15pct,oil_rent_threshold,15.0,Future_Period,train_to_2014__test_from_2015,Benchmark,benchmark,Training_Mean,SAU,8,76.02326067108464,734.6540076724813,95.79107477513978,25.8579330164836
M2_Macro_Oil_vs_M3_Macro_Oil_RegQuality__primary__Oil_Rent_Intensive_Pre2016_ge15pct,Regulatory_Quality_lag1,primary,Inward_FDI_Net_Flow_asinh,Oil_Rent_Intensive_Pre2016_ge15pct,oil_rent_threshold,15.0,Future_Period,train_to_2014__test_from_2015,Benchmark,benchmark,Training_Mean,SDN,8,59.87768364784157,449.2597091891802,12.88381667773534,9.712355993240532
M2_Macro_Oil_vs_M3_Macro_Oil_RegQuality__primary__Oil_Rent_Intensive_Pre2016_ge15pct,Regulatory_Quality_lag1,primary,Inward_FDI_Net_Flow_asinh,Oil_Rent_Intensive_Pre2016_ge15pct,oil_rent_threshold,15.0,Future_Period,train_to_2014__test_from_2015,Benchmark,benchmark,Training_Mean,SSD,2,-2.608250083734803,7.627205053115851,118.98063815121137,15.149581997385063
M2_Macro_Oil_vs_M3_Macro_Oil_RegQuality__primary__Oil_Rent_Intensive_Pre2016_ge15pct,Regulatory_Quality_lag1,primary,Inward_FDI_Net_Flow_asinh,Oil_Rent_Intensive_Pre2016_ge15pct,oil_rent_threshold,15.0,Future_Period,train_to_2014__test_from_2015,Benchmark,benchmark,Training_Mean,TCD,8,55.042955458714985,379.5297026988541,3.7877411195270483,5.032737207746858
M2_Macro_Oil_vs_M3_Macro_Oil_RegQuality__primary__Oil_Rent_Intensive_Pre2016_ge15pct,Regulatory_Quality_lag1,primary,Inward_FDI_Net_Flow_asinh,Oil_Rent_Intensive_Pre2016_ge15pct,oil_rent_threshold,15.0,Future_Period,train_to_2014__test_from_2015,Benchmark,benchmark,Training_Mean,TLS,7,-4.236303618682487,169.3906330698152,497.76828363330935,48.1309653164584
M2_Macro_Oil_vs_M3_Macro_Oil_RegQuality__primary__Oil_Rent_Intensive_Pre2016_ge15pct,Regulatory_Quality_lag1,primary,Inward_FDI_Net_Flow_asinh,Oil_Rent_Intensive_Pre2016_ge15pct,oil_rent_threshold,15.0,Future_Period,train_to_2014__test_from_2015,Benchmark,benchmark,Training_Mean,TTO,8,1.7111820111722835,359.1502794543235,652.2597902242294,54.202229030781005
M2_Macro_Oil_vs_M3_Macro_Oil_RegQuality__primary__Oil_Rent_Intensive_Pre2016_ge15pct,Regulatory_Quality_lag1,primary,Inward_FDI_Net_Flow_asinh,Oil_Rent_Intensive_Pre2016_ge15pct,oil_rent_threshold,15.0,Future_Period,train_to_2014__test_from_2015,Benchmark,benchmark,Training_Mean,VEN,1,8.684739491238911,75.4247000306847,5.827751029557044,2.414073534413781
M2_Macro_Oil_vs_M3_Macro_Oil_RegQuality__primary__Oil_Rent_Intensive_Pre2016_ge15pct,Regulatory_Quality_lag1,primary,Inward_FDI_Net_Flow_asinh,Oil_Rent_Intensive_Pre2016_ge15pct,oil_rent_threshold,15.0,Future_Period,train_to_2014__test_from_2015,Benchmark,benchmark,Training_Mean,YEM,1,-3.4314664878767003,11.774962257420857,94.13137397453593,9.702132444701832
M2_Macro_Oil_vs_M3_Macro_Oil_RegQuality__primary__Oil_Rent_Intensive_Pre2016_ge15pct,Regulatory_Quality_lag1,primary,Inward_FDI_Net_Flow_asinh,Oil_Rent_Intensive_Pre2016_ge15pct,oil_rent_threshold,15.0,Future_Period,train_to_2014__test_from_2015,Benchmark,benchmark,Zero_Flow,AGO,8,-50.84155494744526,635.73286310048,635.73286310048,70.6541651440063
M2_Macro_Oil_vs_M3_Macro_Oil_RegQuality__primary__Oil_Rent_Intensive_Pre2016_ge15pct,Regulatory_Quality_lag1,primary,Inward_FDI_Net_Flow_asinh,Oil_Rent_Intensive_Pre2016_ge15pct,oil_rent_threshold,15.0,Future_Period,train_to_2014__test_from_2015,Benchmark,benchmark,Zero_Flow,ARE,8,81.91914218830512,839.978137711556,839.978137711556,81.91914218830512
M2_Macro_Oil_vs_M3_Macro_Oil_RegQuality__primary__Oil_Rent_Intensive_Pre2016_ge15pct,Regulatory_Quality_lag1,primary,Inward_FDI_Net_Flow_asinh,Oil_Rent_Intensive_Pre2016_ge15pct,oil_rent_threshold,15.0,Future_Period,train_to_2014__test_from_2015,Benchmark,benchmark,Zero_Flow,AZE,8,32.393404013592665,562.8647031700732,562.8647031700732,66.86404983467507
M2_Macro_Oil_vs_M3_Macro_Oil_RegQuality__primary__Oil_Rent_Intensive_Pre2016_ge15pct,Regulatory_Quality_lag1,primary,Inward_FDI_Net_Flow_asinh,Oil_Rent_Intensive_Pre2016_ge15pct,oil_rent_threshold,15.0,Future_Period,train_to_2014__test_from_2015,Benchmark,benchmark,Zero_Flow,BHR,8,58.72304661239256,441.1460319830121,441.1460319830121,58.72304661239256
M2_Macro_Oil_vs_M3_Macro_Oil_RegQuality__primary__Oil_Rent_Intensive_Pre2016_ge15pct,Regulatory_Quality_lag1,primary,Inward_FDI_Net_Flow_asinh,Oil_Rent_Intensive_Pre2016_ge15pct,oil_rent_threshold,15.0,Future_Period,train_to_2014__test_from_2015,Benchmark,benchmark,Zero_Flow,BRN,8,27.216163692193163,331.5774118236029,331.5774118236029,51.35831572507521
M2_Macro_Oil_vs_M3_Macro_Oil_RegQuality__primary__Oil_Rent_Intensive_Pre2016_ge15pct,Regulatory_Quality_lag1,primary,Inward_FDI_Net_Flow_asinh,Oil_Rent_Intensive_Pre2016_ge15pct,oil_rent_threshold,15.0,Future_Period,train_to_2014__test_from_2015,Benchmark,benchmark,Zero_Flow,COG,8,16.087188454886725,490.31873563292334,490.31873563292334,61.496551500116595
M2_Macro_Oil_vs_M3_Macro_Oil_RegQuality__primary__Oil_Rent_Intensive_Pre2016_ge15pct,Regulatory_Quality_lag1,primary,Inward_FDI_Net_Flow_asinh,Oil_Rent_Intensive_Pre2016_ge15pct,oil_rent_threshold,15.0,Future_Period,train_to_2014__test_from_2015,Benchmark,benchmark,Zero_Flow,DZA,8,46.20672932545979,455.447249769709,455.447249769709,60.167972576791875
M2_Macro_Oil_vs_M3_Macro_Oil_RegQuality__primary__Oil_Rent_Intensive_Pre2016_ge15pct,Regulatory_Quality_lag1,primary,Inward_FDI_Net_Flow_asinh,Oil_Rent_Intensive_Pre2016_ge15pct,oil_rent_threshold,15.0,Future_Period,train_to_2014__test_from_2015,Benchmark,benchmark,Zero_Flow,ECU,8,60.2346421292708,454.16586586325695,454.16586586325695,60.2346421292708
M2_Macro_Oil_vs_M3_Macro_Oil_RegQuality__primary__Oil_Rent_Intensive_Pre2016_ge15pct,Regulatory_Quality_lag1,primary,Inward_FDI_Net_Flow_asinh,Oil_Rent_Intensive_Pre2016_ge15pct,oil_rent_threshold,15.0,Future_Period,train_to_2014__test_from_2015,Benchmark,benchmark,Zero_Flow,EGY,8,76.96699833836755,740.9248729102088,740.9248729102088,76.96699833836755
M2_Macro_Oil_vs_M3_Macro_Oil_RegQuality__primary__Oil_Rent_Intensive_Pre2016_ge15pct,Regulatory_Quality_lag1,primary,Inward_FDI_Net_Flow_asinh,Oil_Rent_Intensive_Pre2016_ge15pct,oil_rent_threshold,15.0,Future_Period,train_to_2014__test_from_2015,Benchmark,benchmark,Zero_Flow,GAB,8,59.947667108105335,460.1173661723513,460.1173661723513,59.947667108105335
M2_Macro_Oil_vs_M3_Macro_Oil_RegQuality__primary__Oil_Rent_Intensive_Pre2016_ge15pct,Regulatory_Quality_lag1,primary,Inward_FDI_Net_Flow_asinh,Oil_Rent_Intensive_Pre2016_ge15pct,oil_rent_threshold,15.0,Future_Period,train_to_2014__test_from_2015,Benchmark,benchmark,Zero_Flow,GNQ,8,36.371812016884526,378.7794809386384,378.7794809386384,53.507050499568216
M2_Macro_Oil_vs_M3_Macro_Oil_RegQuality__primary__Oil_Rent_Intensive_Pre2016_ge15pct,Regulatory_Quality_lag1,primary,Inward_FDI_Net_Flow_asinh,Oil_Rent_Intensive_Pre2016_ge15pct,oil_rent_threshold,15.0,Future_Period,train_to_2014__test_from_2015,Benchmark,benchmark,Zero_Flow,IRN,8,66.68253404648858,557.392269199459,557.392269199459,66.68253404648858
M2_Macro_Oil_vs_M3_Macro_Oil_RegQuality__primary__Oil_Rent_Intensive_Pre2016_ge15pct,Regulatory_Quality_lag1,primary,Inward_FDI_Net_Flow_asinh,Oil_Rent_Intensive_Pre2016_ge15pct,oil_rent_threshold,15.0,Future_Period,train_to_2014__test_from_2015,Benchmark,benchmark,Zero_Flow,IRQ,8,-71.74764438663038,644.9408709608304,644.9408709608304,71.74764438663038
M2_Macro_Oil_vs_M3_Macro_Oil_RegQuality__primary__Oil_Rent_Intensive_Pre2016_ge15pct,Regulatory_Quality_lag1,primary,Inward_FDI_Net_Flow_asinh,Oil_Rent_Intensive_Pre2016_ge15pct,oil_rent_threshold,15.0,Future_Period,train_to_2014__test_from_2015,Benchmark,benchmark,Zero_Flow,KAZ,8,72.49242124585909,665.5740359590474,665.5740359590474,72.49242124585909
M2_Macro_Oil_vs_M3_Macro_Oil_RegQuality__primary__Oil_Rent_Intensive_Pre2016_ge15pct,Regulatory_Quality_lag1,primary,Inward_FDI_Net_Flow_asinh,Oil_Rent_Intensive_Pre2016_ge15pct,oil_rent_threshold,15.0,Future_Period,train_to_2014__test_from_2015,Benchmark,benchmark,Zero_Flow,KWT,7,7.999744764032011,261.40174355471726,261.40174355471726,42.14739878932843
M2_Macro_Oil_vs_M3_Macro_Oil_RegQuality__primary__Oil_Rent_Intensive_Pre2016_ge15pct,Regulatory_Quality_lag1,primary,Inward_FDI_Net_Flow_asinh,Oil_Rent_Intensive_Pre2016_ge15pct,oil_rent_threshold,15.0,Future_Period,train_to_2014__test_from_2015,Benchmark,benchmark,Zero_Flow,LBY,1,7.247081091886447,52.52018435237805,52.52018435237805,7.247081091886447
M2_Macro_Oil_vs_M3_Macro_Oil_RegQuality__primary__Oil_Rent_Intensive_Pre2016_ge15pct,Regulatory_Quality_lag1,primary,Inward_FDI_Net_Flow_asinh,Oil_Rent_Intensive_Pre2016_ge15pct,oil_rent_threshold,15.0,Future_Period,train_to_2014__test_from_2015,Benchmark,benchmark,Zero_Flow,NGA,8,53.170904465725435,535.5227091353088,535.5227091353088,65.0172091461154
M2_Macro_Oil_vs_M3_Macro_Oil_RegQuality__primary__Oil_Rent_Intensive_Pre2016_ge15pct,Regulatory_Quality_lag1,primary,Inward_FDI_Net_Flow_asinh,Oil_Rent_Intensive_Pre2016_ge15pct,oil_rent_threshold,15.0,Future_Period,train_to_2014__test_from_2015,Benchmark,benchmark,Zero_Flow,OMN,8,53.86285858496268,625.9789323300829,625.9789323300829,70.61635791562348
M2_Macro_Oil_vs_M3_Macro_Oil_RegQuality__primary__Oil_Rent_Intensive_Pre2016_ge15pct,Regulatory_Quality_lag1,primary,Inward_FDI_Net_Flow_asinh,Oil_Rent_Intensive_Pre2016_ge15pct,oil_rent_threshold,15.0,Future_Period,train_to_2014__test_from_2015,Benchmark,benchmark,Zero_Flow,PNG,8,15.747710085396985,261.72972249547416,261.72972249547416,44.69519476050343
M2_Macro_Oil_vs_M3_Macro_Oil_RegQuality__primary__Oil_Rent_Intensive_Pre2016_ge15pct,Regulatory_Quality_lag1,primary,Inward_FDI_Net_Flow_asinh,Oil_Rent_Intensive_Pre2016_ge15pct,oil_rent_threshold,15.0,Future_Period,train_to_2014__test_from_2015,Benchmark,benchmark,Zero_Flow,QAT,8,-5.572796929920854,471.6419174386295,471.6419174386295,60.82477913155962
M2_Macro_Oil_vs_M3_Macro_Oil_RegQuality__primary__Oil_Rent_Intensive_Pre2016_ge15pct,Regulatory_Quality_lag1,primary,Inward_FDI_Net_Flow_asinh,Oil_Rent_Intensive_Pre2016_ge15pct,oil_rent_threshold,15.0,Future_Period,train_to_2014__test_from_2015,Benchmark,benchmark,Zero_Flow,RUS,8,62.26766128801483,903.6043763835429,903.6043763835429,84.83724748002456
M2_Macro_Oil_vs_M3_Macro_Oil_RegQuality__primary__Oil_Rent_Intensive_Pre2016_ge15pct,Regulatory_Quality_lag1,primary,Inward_FDI_Net_Flow_asinh,Oil_Rent_Intensive_Pre2016_ge15pct,oil_rent_threshold,15.0,Future_Period,train_to_2014__test_from_2015,Benchmark,benchmark,Zero_Flow,SAU,8,76.02326067108464,734.6540076724813,734.6540076724813,76.02326067108464
M2_Macro_Oil_vs_M3_Macro_Oil_RegQuality__primary__Oil_Rent_Intensive_Pre2016_ge15pct,Regulatory_Quality_lag1,primary,Inward_FDI_Net_Flow_asinh,Oil_Rent_Intensive_Pre2016_ge15pct,oil_rent_threshold,15.0,Future_Period,train_to_2014__test_from_2015,Benchmark,benchmark,Zero_Flow,SDN,8,59.87768364784157,449.2597091891802,449.2597091891802,59.87768364784157
M2_Macro_Oil_vs_M3_Macro_Oil_RegQuality__primary__Oil_Rent_Intensive_Pre2016_ge15pct,Regulatory_Quality_lag1,primary,Inward_FDI_Net_Flow_asinh,Oil_Rent_Intensive_Pre2016_ge15pct,oil_rent_threshold,15.0,Future_Period,train_to_2014__test_from_2015,Benchmark,benchmark,Zero_Flow,SSD,2,-2.608250083734803,7.627205053115851,7.627205053115851,2.9071363241047186
M2_Macro_Oil_vs_M3_Macro_Oil_RegQuality__primary__Oil_Rent_Intensive_Pre2016_ge15pct,Regulatory_Quality_lag1,primary,Inward_FDI_Net_Flow_asinh,Oil_Rent_Intensive_Pre2016_ge15pct,oil_rent_threshold,15.0,Future_Period,train_to_2014__test_from_2015,Benchmark,benchmark,Zero_Flow,TCD,8,55.042955458714985,379.5297026988541,379.5297026988541,55.042955458714985
M2_Macro_Oil_vs_M3_Macro_Oil_RegQuality__primary__Oil_Rent_Intensive_Pre2016_ge15pct,Regulatory_Quality_lag1,primary,Inward_FDI_Net_Flow_asinh,Oil_Rent_Intensive_Pre2016_ge15pct,oil_rent_threshold,15.0,Future_Period,train_to_2014__test_from_2015,Benchmark,benchmark,Zero_Flow,TLS,7,-4.236303618682487,169.3906330698152,169.3906330698152,32.72478654138365
M2_Macro_Oil_vs_M3_Macro_Oil_RegQuality__primary__Oil_Rent_Intensive_Pre2016_ge15pct,Regulatory_Quality_lag1,primary,Inward_FDI_Net_Flow_asinh,Oil_Rent_Intensive_Pre2016_ge15pct,oil_rent_threshold,15.0,Future_Period,train_to_2014__test_from_2015,Benchmark,benchmark,Zero_Flow,TTO,8,1.7111820111722835,359.1502794543235,359.1502794543235,52.67213490488075
M2_Macro_Oil_vs_M3_Macro_Oil_RegQuality__primary__Oil_Rent_Intensive_Pre2016_ge15pct,Regulatory_Quality_lag1,primary,Inward_FDI_Net_Flow_asinh,Oil_Rent_Intensive_Pre2016_ge15pct,oil_rent_threshold,15.0,Future_Period,train_to_2014__test_from_2015,Benchmark,benchmark,Zero_Flow,VEN,1,8.684739491238911,75.4247000306847,75.4247000306847,8.684739491238911
M2_Macro_Oil_vs_M3_Macro_Oil_RegQuality__primary__Oil_Rent_Intensive_Pre2016_ge15pct,Regulatory_Quality_lag1,primary,Inward_FDI_Net_Flow_asinh,Oil_Rent_Intensive_Pre2016_ge15pct,oil_rent_threshold,15.0,Future_Period,train_to_2014__test_from_2015,Benchmark,benchmark,Zero_Flow,YEM,1,-3.4314664878767003,11.774962257420857,11.774962257420857,3.4314664878767003
M2_Macro_Oil_vs_M3_Macro_Oil_RegQuality__primary__Oil_Rent_Intensive_Pre2016_ge15pct,Regulatory_Quality_lag1,primary,Inward_FDI_Net_Flow_asinh,Oil_Rent_Intensive_Pre2016_ge15pct,oil_rent_threshold,15.0,Future_Period,train_to_2014__test_from_2015,ElasticNet,model,M2_Macro_Oil,AGO,8,-50.84155494744526,635.73286310048,597.8175211640802,65.6190228078255
M2_Macro_Oil_vs_M3_Macro_Oil_RegQuality__primary__Oil_Rent_Intensive_Pre2016_ge15pct,Regulatory_Quality_lag1,primary,Inward_FDI_Net_Flow_asinh,Oil_Rent_Intensive_Pre2016_ge15pct,oil_rent_threshold,15.0,Future_Period,train_to_2014__test_from_2015,ElasticNet,model,M2_Macro_Oil,ARE,8,81.91914218830512,839.978137711556,8.157580158378984,7.812143664455888
M2_Macro_Oil_vs_M3_Macro_Oil_RegQuality__primary__Oil_Rent_Intensive_Pre2016_ge15pct,Regulatory_Quality_lag1,primary,Inward_FDI_Net_Flow_asinh,Oil_Rent_Intensive_Pre2016_ge15pct,oil_rent_threshold,15.0,Future_Period,train_to_2014__test_from_2015,ElasticNet,model,M2_Macro_Oil,AZE,8,32.393404013592665,562.8647031700732,329.8285421674838,28.013015465520926
M2_Macro_Oil_vs_M3_Macro_Oil_RegQuality__primary__Oil_Rent_Intensive_Pre2016_ge15pct,Regulatory_Quality_lag1,primary,Inward_FDI_Net_Flow_asinh,Oil_Rent_Intensive_Pre2016_ge15pct,oil_rent_threshold,15.0,Future_Period,train_to_2014__test_from_2015,ElasticNet,model,M2_Macro_Oil,BHR,8,58.72304661239256,441.1460319830121,8.803984252140994,5.43483079223375
M2_Macro_Oil_vs_M3_Macro_Oil_RegQuality__primary__Oil_Rent_Intensive_Pre2016_ge15pct,Regulatory_Quality_lag1,primary,Inward_FDI_Net_Flow_asinh,Oil_Rent_Intensive_Pre2016_ge15pct,oil_rent_threshold,15.0,Future_Period,train_to_2014__test_from_2015,ElasticNet,model,M2_Macro_Oil,BRN,8,27.216163692193163,331.5774118236029,350.20149573971025,33.574367605120074
M2_Macro_Oil_vs_M3_Macro_Oil_RegQuality__primary__Oil_Rent_Intensive_Pre2016_ge15pct,Regulatory_Quality_lag1,primary,Inward_FDI_Net_Flow_asinh,Oil_Rent_Intensive_Pre2016_ge15pct,oil_rent_threshold,15.0,Future_Period,train_to_2014__test_from_2015,ElasticNet,model,M2_Macro_Oil,COG,8,16.087188454886725,490.31873563292334,367.4781035025946,45.562855404798725
M2_Macro_Oil_vs_M3_Macro_Oil_RegQuality__primary__Oil_Rent_Intensive_Pre2016_ge15pct,Regulatory_Quality_lag1,primary,Inward_FDI_Net_Flow_asinh,Oil_Rent_Intensive_Pre2016_ge15pct,oil_rent_threshold,15.0,Future_Period,train_to_2014__test_from_2015,ElasticNet,model,M2_Macro_Oil,DZA,8,46.20672932545979,455.447249769709,277.3868551846416,25.724489003611897
M2_Macro_Oil_vs_M3_Macro_Oil_RegQuality__primary__Oil_Rent_Intensive_Pre2016_ge15pct,Regulatory_Quality_lag1,primary,Inward_FDI_Net_Flow_asinh,Oil_Rent_Intensive_Pre2016_ge15pct,oil_rent_threshold,15.0,Future_Period,train_to_2014__test_from_2015,ElasticNet,model,M2_Macro_Oil,ECU,8,60.2346421292708,454.16586586325695,2.64983264045171,3.90490880866977
M2_Macro_Oil_vs_M3_Macro_Oil_RegQuality__primary__Oil_Rent_Intensive_Pre2016_ge15pct,Regulatory_Quality_lag1,primary,Inward_FDI_Net_Flow_asinh,Oil_Rent_Intensive_Pre2016_ge15pct,oil_rent_threshold,15.0,Future_Period,train_to_2014__test_from_2015,ElasticNet,model,M2_Macro_Oil,EGY,8,76.96699833836755,740.9248729102088,0.9313510614915455,2.1535541511611225
M2_Macro_Oil_vs_M3_Macro_Oil_RegQuality__primary__Oil_Rent_Intensive_Pre2016_ge15pct,Regulatory_Quality_lag1,primary,Inward_FDI_Net_Flow_asinh,Oil_Rent_Intensive_Pre2016_ge15pct,oil_rent_threshold,15.0,Future_Period,train_to_2014__test_from_2015,ElasticNet,model,M2_Macro_Oil,GAB,8,59.947667108105335,460.1173661723513,14.841432468066971,9.165225933609786
M2_Macro_Oil_vs_M3_Macro_Oil_RegQuality__primary__Oil_Rent_Intensive_Pre2016_ge15pct,Regulatory_Quality_lag1,primary,Inward_FDI_Net_Flow_asinh,Oil_Rent_Intensive_Pre2016_ge15pct,oil_rent_threshold,15.0,Future_Period,train_to_2014__test_from_2015,ElasticNet,model,M2_Macro_Oil,GNQ,8,36.371812016884526,378.7794809386384,309.0894035690524,39.045540492697995
M2_Macro_Oil_vs_M3_Macro_Oil_RegQuality__primary__Oil_Rent_Intensive_Pre2016_ge15pct,Regulatory_Quality_lag1,primary,Inward_FDI_Net_Flow_asinh,Oil_Rent_Intensive_Pre2016_ge15pct,oil_rent_threshold,15.0,Future_Period,train_to_2014__test_from_2015,ElasticNet,model,M2_Macro_Oil,IRN,8,66.68253404648858,557.392269199459,2.3445454521273077,3.8824774351660114
M2_Macro_Oil_vs_M3_Macro_Oil_RegQuality__primary__Oil_Rent_Intensive_Pre2016_ge15pct,Regulatory_Quality_lag1,primary,Inward_FDI_Net_Flow_asinh,Oil_Rent_Intensive_Pre2016_ge15pct,oil_rent_threshold,15.0,Future_Period,train_to_2014__test_from_2015,ElasticNet,model,M2_Macro_Oil,IRQ,8,-71.74764438663038,644.9408709608304,593.9029394755523,68.9008298860158
M2_Macro_Oil_vs_M3_Macro_Oil_RegQuality__primary__Oil_Rent_Intensive_Pre2016_ge15pct,Regulatory_Quality_lag1,primary,Inward_FDI_Net_Flow_asinh,Oil_Rent_Intensive_Pre2016_ge15pct,oil_rent_threshold,15.0,Future_Period,train_to_2014__test_from_2015,ElasticNet,model,M2_Macro_Oil,KAZ,8,72.49242124585909,665.5740359590474,10.593478707859504,7.3996683654784245
M2_Macro_Oil_vs_M3_Macro_Oil_RegQuality__primary__Oil_Rent_Intensive_Pre2016_ge15pct,Regulatory_Quality_lag1,primary,Inward_FDI_Net_Flow_asinh,Oil_Rent_Intensive_Pre2016_ge15pct,oil_rent_threshold,15.0,Future_Period,train_to_2014__test_from_2015,ElasticNet,model,M2_Macro_Oil,KWT,7,7.999744764032011,261.40174355471726,370.84933684154885,37.88283035362219
M2_Macro_Oil_vs_M3_Macro_Oil_RegQuality__primary__Oil_Rent_Intensive_Pre2016_ge15pct,Regulatory_Quality_lag1,primary,Inward_FDI_Net_Flow_asinh,Oil_Rent_Intensive_Pre2016_ge15pct,oil_rent_threshold,15.0,Future_Period,train_to_2014__test_from_2015,ElasticNet,model,M2_Macro_Oil,LBY,1,7.247081091886447,52.52018435237805,2.938131417719157,1.7140978436831302
M2_Macro_Oil_vs_M3_Macro_Oil_RegQuality__primary__Oil_Rent_Intensive_Pre2016_ge15pct,Regulatory_Quality_lag1,primary,Inward_FDI_Net_Flow_asinh,Oil_Rent_Intensive_Pre2016_ge15pct,oil_rent_threshold,15.0,Future_Period,train_to_2014__test_from_2015,ElasticNet,model,M2_Macro_Oil,NGA,8,53.170904465725435,535.5227091353088,205.99805919381842,18.516921540910047
M2_Macro_Oil_vs_M3_Macro_Oil_RegQuality__primary__Oil_Rent_Intensive_Pre2016_ge15pct,Regulatory_Quality_lag1,primary,Inward_FDI_Net_Flow_asinh,Oil_Rent_Intensive_Pre2016_ge15pct,oil_rent_threshold,15.0,Future_Period,train_to_2014__test_from_2015,ElasticNet,model,M2_Macro_Oil,OMN,8,53.86285858496268,625.9789323300829,323.179567750298,29.243859977107522
M2_Macro_Oil_vs_M3_Macro_Oil_RegQuality__primary__Oil_Rent_Intensive_Pre2016_ge15pct,Regulatory_Quality_lag1,primary,Inward_FDI_Net_Flow_asinh,Oil_Rent_Intensive_Pre2016_ge15pct,oil_rent_threshold,15.0,Future_Period,train_to_2014__test_from_2015,ElasticNet,model,M2_Macro_Oil,PNG,8,15.747710085396985,261.72972249547416,295.37523185362545,39.27220200961381
M2_Macro_Oil_vs_M3_Macro_Oil_RegQuality__primary__Oil_Rent_Intensive_Pre2016_ge15pct,Regulatory_Quality_lag1,primary,Inward_FDI_Net_Flow_asinh,Oil_Rent_Intensive_Pre2016_ge15pct,oil_rent_threshold,15.0,Future_Period,train_to_2014__test_from_2015,ElasticNet,model,M2_Macro_Oil,QAT,8,-5.572796929920854,471.6419174386295,507.42661294451995,47.30321709931344
M2_Macro_Oil_vs_M3_Macro_Oil_RegQuality__primary__Oil_Rent_Intensive_Pre2016_ge15pct,Regulatory_Quality_lag1,primary,Inward_FDI_Net_Flow_asinh,Oil_Rent_Intensive_Pre2016_ge15pct,oil_rent_threshold,15.0,Future_Period,train_to_2014__test_from_2015,ElasticNet,model,M2_Macro_Oil,RUS,8,62.26766128801483,903.6043763835429,480.7702051298875,28.32315061527142
M2_Macro_Oil_vs_M3_Macro_Oil_RegQuality__primary__Oil_Rent_Intensive_Pre2016_ge15pct,Regulatory_Quality_lag1,primary,Inward_FDI_Net_Flow_asinh,Oil_Rent_Intensive_Pre2016_ge15pct,oil_rent_threshold,15.0,Future_Period,train_to_2014__test_from_2015,ElasticNet,model,M2_Macro_Oil,SAU,8,76.02326067108464,734.6540076724813,21.06595421926224,11.686082218146932
M2_Macro_Oil_vs_M3_Macro_Oil_RegQuality__primary__Oil_Rent_Intensive_Pre2016_ge15pct,Regulatory_Quality_lag1,primary,Inward_FDI_Net_Flow_asinh,Oil_Rent_Intensive_Pre2016_ge15pct,oil_rent_threshold,15.0,Future_Period,train_to_2014__test_from_2015,ElasticNet,model,M2_Macro_Oil,SDN,8,59.87768364784157,449.2597091891802,19.458849504057525,8.314666577889081
M2_Macro_Oil_vs_M3_Macro_Oil_RegQuality__primary__Oil_Rent_Intensive_Pre2016_ge15pct,Regulatory_Quality_lag1,primary,Inward_FDI_Net_Flow_asinh,Oil_Rent_Intensive_Pre2016_ge15pct,oil_rent_threshold,15.0,Future_Period,train_to_2014__test_from_2015,ElasticNet,model,M2_Macro_Oil,SSD,2,-2.608250083734803,7.627205053115851,27.765171410987072,6.558016440214905
M2_Macro_Oil_vs_M3_Macro_Oil_RegQuality__primary__Oil_Rent_Intensive_Pre2016_ge15pct,Regulatory_Quality_lag1,primary,Inward_FDI_Net_Flow_asinh,Oil_Rent_Intensive_Pre2016_ge15pct,oil_rent_threshold,15.0,Future_Period,train_to_2014__test_from_2015,ElasticNet,model,M2_Macro_Oil,TCD,8,55.042955458714985,379.5297026988541,100.43368158487206,22.126853850724757
M2_Macro_Oil_vs_M3_Macro_Oil_RegQuality__primary__Oil_Rent_Intensive_Pre2016_ge15pct,Regulatory_Quality_lag1,primary,Inward_FDI_Net_Flow_asinh,Oil_Rent_Intensive_Pre2016_ge15pct,oil_rent_threshold,15.0,Future_Period,train_to_2014__test_from_2015,ElasticNet,model,M2_Macro_Oil,TLS,7,-4.236303618682487,169.3906330698152,226.78771509033126,31.75349310284827
M2_Macro_Oil_vs_M3_Macro_Oil_RegQuality__primary__Oil_Rent_Intensive_Pre2016_ge15pct,Regulatory_Quality_lag1,primary,Inward_FDI_Net_Flow_asinh,Oil_Rent_Intensive_Pre2016_ge15pct,oil_rent_threshold,15.0,Future_Period,train_to_2014__test_from_2015,ElasticNet,model,M2_Macro_Oil,TTO,8,1.7111820111722835,359.1502794543235,579.8472823582414,58.07949777640556
M2_Macro_Oil_vs_M3_Macro_Oil_RegQuality__primary__Oil_Rent_Intensive_Pre2016_ge15pct,Regulatory_Quality_lag1,primary,Inward_FDI_Net_Flow_asinh,Oil_Rent_Intensive_Pre2016_ge15pct,oil_rent_threshold,15.0,Future_Period,train_to_2014__test_from_2015,ElasticNet,model,M2_Macro_Oil,VEN,1,8.684739491238911,75.4247000306847,0.030694710458274307,0.1751990595245143
M2_Macro_Oil_vs_M3_Macro_Oil_RegQuality__primary__Oil_Rent_Intensive_Pre2016_ge15pct,Regulatory_Quality_lag1,primary,Inward_FDI_Net_Flow_asinh,Oil_Rent_Intensive_Pre2016_ge15pct,oil_rent_threshold,15.0,Future_Period,train_to_2014__test_from_2015,ElasticNet,model,M2_Macro_Oil,YEM,1,-3.4314664878767003,11.774962257420857,17.04260134765889,4.128268565350235
M2_Macro_Oil_vs_M3_Macro_Oil_RegQuality__primary__Oil_Rent_Intensive_Pre2016_ge15pct,Regulatory_Quality_lag1,primary,Inward_FDI_Net_Flow_asinh,Oil_Rent_Intensive_Pre2016_ge15pct,oil_rent_threshold,15.0,Future_Period,train_to_2014__test_from_2015,ElasticNet,model,M3_Macro_Oil_RegQuality,AGO,8,-50.84155494744526,635.73286310048,598.6044736958967,65.63131255741385
M2_Macro_Oil_vs_M3_Macro_Oil_RegQuality__primary__Oil_Rent_Intensive_Pre2016_ge15pct,Regulatory_Quality_lag1,primary,Inward_FDI_Net_Flow_asinh,Oil_Rent_Intensive_Pre2016_ge15pct,oil_rent_threshold,15.0,Future_Period,train_to_2014__test_from_2015,ElasticNet,model,M3_Macro_Oil_RegQuality,ARE,8,81.91914218830512,839.978137711556,9.056934368935199,8.259834939114821
M2_Macro_Oil_vs_M3_Macro_Oil_RegQuality__primary__Oil_Rent_Intensive_Pre2016_ge15pct,Regulatory_Quality_lag1,primary,Inward_FDI_Net_Flow_asinh,Oil_Rent_Intensive_Pre2016_ge15pct,oil_rent_threshold,15.0,Future_Period,train_to_2014__test_from_2015,ElasticNet,model,M3_Macro_Oil_RegQuality,AZE,8,32.393404013592665,562.8647031700732,329.12058102178975,27.959399314442415
M2_Macro_Oil_vs_M3_Macro_Oil_RegQuality__primary__Oil_Rent_Intensive_Pre2016_ge15pct,Regulatory_Quality_lag1,primary,Inward_FDI_Net_Flow_asinh,Oil_Rent_Intensive_Pre2016_ge15pct,oil_rent_threshold,15.0,Future_Period,train_to_2014__test_from_2015,ElasticNet,model,M3_Macro_Oil_RegQuality,BHR,8,58.72304661239256,441.1460319830121,8.733342163954084,5.407494111622596
M2_Macro_Oil_vs_M3_Macro_Oil_RegQuality__primary__Oil_Rent_Intensive_Pre2016_ge15pct,Regulatory_Quality_lag1,primary,Inward_FDI_Net_Flow_asinh,Oil_Rent_Intensive_Pre2016_ge15pct,oil_rent_threshold,15.0,Future_Period,train_to_2014__test_from_2015,ElasticNet,model,M3_Macro_Oil_RegQuality,BRN,8,27.216163692193163,331.5774118236029,349.8563872515475,33.54582062125155
M2_Macro_Oil_vs_M3_Macro_Oil_RegQuality__primary__Oil_Rent_Intensive_Pre2016_ge15pct,Regulatory_Quality_lag1,primary,Inward_FDI_Net_Flow_asinh,Oil_Rent_Intensive_Pre2016_ge15pct,oil_rent_threshold,15.0,Future_Period,train_to_2014__test_from_2015,ElasticNet,model,M3_Macro_Oil_RegQuality,COG,8,16.087188454886725,490.31873563292334,367.9497067896419,45.56179238691576
M2_Macro_Oil_vs_M3_Macro_Oil_RegQuality__primary__Oil_Rent_Intensive_Pre2016_ge15pct,Regulatory_Quality_lag1,primary,Inward_FDI_Net_Flow_asinh,Oil_Rent_Intensive_Pre2016_ge15pct,oil_rent_threshold,15.0,Future_Period,train_to_2014__test_from_2015,ElasticNet,model,M3_Macro_Oil_RegQuality,DZA,8,46.20672932545979,455.447249769709,278.5308639063271,25.98412746469808
M2_Macro_Oil_vs_M3_Macro_Oil_RegQuality__primary__Oil_Rent_Intensive_Pre2016_ge15pct,Regulatory_Quality_lag1,primary,Inward_FDI_Net_Flow_asinh,Oil_Rent_Intensive_Pre2016_ge15pct,oil_rent_threshold,15.0,Future_Period,train_to_2014__test_from_2015,ElasticNet,model,M3_Macro_Oil_RegQuality,ECU,8,60.2346421292708,454.16586586325695,3.048823505428713,4.105068304658275
M2_Macro_Oil_vs_M3_Macro_Oil_RegQuality__primary__Oil_Rent_Intensive_Pre2016_ge15pct,Regulatory_Quality_lag1,primary,Inward_FDI_Net_Flow_asinh,Oil_Rent_Intensive_Pre2016_ge15pct,oil_rent_threshold,15.0,Future_Period,train_to_2014__test_from_2015,ElasticNet,model,M3_Macro_Oil_RegQuality,EGY,8,76.96699833836755,740.9248729102088,0.908811526924064,2.116497404843196
M2_Macro_Oil_vs_M3_Macro_Oil_RegQuality__primary__Oil_Rent_Intensive_Pre2016_ge15pct,Regulatory_Quality_lag1,primary,Inward_FDI_Net_Flow_asinh,Oil_Rent_Intensive_Pre2016_ge15pct,oil_rent_threshold,15.0,Future_Period,train_to_2014__test_from_2015,ElasticNet,model,M3_Macro_Oil_RegQuality,GAB,8,59.947667108105335,460.1173661723513,14.311744466807726,8.769689006570477
M2_Macro_Oil_vs_M3_Macro_Oil_RegQuality__primary__Oil_Rent_Intensive_Pre2016_ge15pct,Regulatory_Quality_lag1,primary,Inward_FDI_Net_Flow_asinh,Oil_Rent_Intensive_Pre2016_ge15pct,oil_rent_threshold,15.0,Future_Period,train_to_2014__test_from_2015,ElasticNet,model,M3_Macro_Oil_RegQuality,GNQ,8,36.371812016884526,378.7794809386384,309.38818488570905,38.77607913371944
M2_Macro_Oil_vs_M3_Macro_Oil_RegQuality__primary__Oil_Rent_Intensive_Pre2016_ge15pct,Regulatory_Quality_lag1,primary,Inward_FDI_Net_Flow_asinh,Oil_Rent_Intensive_Pre2016_ge15pct,oil_rent_threshold,15.0,Future_Period,train_to_2014__test_from_2015,ElasticNet,model,M3_Macro_Oil_RegQuality,IRN,8,66.68253404648858,557.392269199459,2.6654639040659776,4.077683047525257
M2_Macro_Oil_vs_M3_Macro_Oil_RegQuality__primary__Oil_Rent_Intensive_Pre2016_ge15pct,Regulatory_Quality_lag1,primary,Inward_FDI_Net_Flow_asinh,Oil_Rent_Intensive_Pre2016_ge15pct,oil_rent_threshold,15.0,Future_Period,train_to_2014__test_from_2015,ElasticNet,model,M3_Macro_Oil_RegQuality,IRQ,8,-71.74764438663038,644.9408709608304,597.052458006016,69.08354570887035
M2_Macro_Oil_vs_M3_Macro_Oil_RegQuality__primary__Oil_Rent_Intensive_Pre2016_ge15pct,Regulatory_Quality_lag1,primary,Inward_FDI_Net_Flow_asinh,Oil_Rent_Intensive_Pre2016_ge15pct,oil_rent_threshold,15.0,Future_Period,train_to_2014__test_from_2015,ElasticNet,model,M3_Macro_Oil_RegQuality,KAZ,8,72.49242124585909,665.5740359590474,10.613059348917876,7.4365866365826
M2_Macro_Oil_vs_M3_Macro_Oil_RegQuality__primary__Oil_Rent_Intensive_Pre2016_ge15pct,Regulatory_Quality_lag1,primary,Inward_FDI_Net_Flow_asinh,Oil_Rent_Intensive_Pre2016_ge15pct,oil_rent_threshold,15.0,Future_Period,train_to_2014__test_from_2015,ElasticNet,model,M3_Macro_Oil_RegQuality,KWT,7,7.999744764032011,261.40174355471726,370.9306746993301,37.90944284457161
M2_Macro_Oil_vs_M3_Macro_Oil_RegQuality__primary__Oil_Rent_Intensive_Pre2016_ge15pct,Regulatory_Quality_lag1,primary,Inward_FDI_Net_Flow_asinh,Oil_Rent_Intensive_Pre2016_ge15pct,oil_rent_threshold,15.0,Future_Period,train_to_2014__test_from_2015,ElasticNet,model,M3_Macro_Oil_RegQuality,LBY,1,7.247081091886447,52.52018435237805,2.6887409298109186,1.639738067439711
M2_Macro_Oil_vs_M3_Macro_Oil_RegQuality__primary__Oil_Rent_Intensive_Pre2016_ge15pct,Regulatory_Quality_lag1,primary,Inward_FDI_Net_Flow_asinh,Oil_Rent_Intensive_Pre2016_ge15pct,oil_rent_threshold,15.0,Future_Period,train_to_2014__test_from_2015,ElasticNet,model,M3_Macro_Oil_RegQuality,NGA,8,53.170904465725435,535.5227091353088,205.89836271104548,18.542955500296305
M2_Macro_Oil_vs_M3_Macro_Oil_RegQuality__primary__Oil_Rent_Intensive_Pre2016_ge15pct,Regulatory_Quality_lag1,primary,Inward_FDI_Net_Flow_asinh,Oil_Rent_Intensive_Pre2016_ge15pct,oil_rent_threshold,15.0,Future_Period,train_to_2014__test_from_2015,ElasticNet,model,M3_Macro_Oil_RegQuality,OMN,8,53.86285858496268,625.9789323300829,322.32403658294544,29.40473753611486
M2_Macro_Oil_vs_M3_Macro_Oil_RegQuality__primary__Oil_Rent_Intensive_Pre2016_ge15pct,Regulatory_Quality_lag1,primary,Inward_FDI_Net_Flow_asinh,Oil_Rent_Intensive_Pre2016_ge15pct,oil_rent_threshold,15.0,Future_Period,train_to_2014__test_from_2015,ElasticNet,model,M3_Macro_Oil_RegQuality,PNG,8,15.747710085396985,261.72972249547416,294.89197118288877,39.21970519243289
M2_Macro_Oil_vs_M3_Macro_Oil_RegQuality__primary__Oil_Rent_Intensive_Pre2016_ge15pct,Regulatory_Quality_lag1,primary,Inward_FDI_Net_Flow_asinh,Oil_Rent_Intensive_Pre2016_ge15pct,oil_rent_threshold,15.0,Future_Period,train_to_2014__test_from_2015,ElasticNet,model,M3_Macro_Oil_RegQuality,QAT,8,-5.572796929920854,471.6419174386295,507.5355767441543,47.300353151659934
M2_Macro_Oil_vs_M3_Macro_Oil_RegQuality__primary__Oil_Rent_Intensive_Pre2016_ge15pct,Regulatory_Quality_lag1,primary,Inward_FDI_Net_Flow_asinh,Oil_Rent_Intensive_Pre2016_ge15pct,oil_rent_threshold,15.0,Future_Period,train_to_2014__test_from_2015,ElasticNet,model,M3_Macro_Oil_RegQuality,RUS,8,62.26766128801483,903.6043763835429,480.8958418256729,28.320944072296523
M2_Macro_Oil_vs_M3_Macro_Oil_RegQuality__primary__Oil_Rent_Intensive_Pre2016_ge15pct,Regulatory_Quality_lag1,primary,Inward_FDI_Net_Flow_asinh,Oil_Rent_Intensive_Pre2016_ge15pct,oil_rent_threshold,15.0,Future_Period,train_to_2014__test_from_2015,ElasticNet,model,M3_Macro_Oil_RegQuality,SAU,8,76.02326067108464,734.6540076724813,21.367686965503946,11.761225596530892
M2_Macro_Oil_vs_M3_Macro_Oil_RegQuality__primary__Oil_Rent_Intensive_Pre2016_ge15pct,Regulatory_Quality_lag1,primary,Inward_FDI_Net_Flow_asinh,Oil_Rent_Intensive_Pre2016_ge15pct,oil_rent_threshold,15.0,Future_Period,train_to_2014__test_from_2015,ElasticNet,model,M3_Macro_Oil_RegQuality,SDN,8,59.87768364784157,449.2597091891802,19.240008012041592,8.218351656303582
M2_Macro_Oil_vs_M3_Macro_Oil_RegQuality__primary__Oil_Rent_Intensive_Pre2016_ge15pct,Regulatory_Quality_lag1,primary,Inward_FDI_Net_Flow_asinh,Oil_Rent_Intensive_Pre2016_ge15pct,oil_rent_threshold,15.0,Future_Period,train_to_2014__test_from_2015,ElasticNet,model,M3_Macro_Oil_RegQuality,SSD,2,-2.608250083734803,7.627205053115851,28.33122781317779,6.638624628930479
M2_Macro_Oil_vs_M3_Macro_Oil_RegQuality__primary__Oil_Rent_Intensive_Pre2016_ge15pct,Regulatory_Quality_lag1,primary,Inward_FDI_Net_Flow_asinh,Oil_Rent_Intensive_Pre2016_ge15pct,oil_rent_threshold,15.0,Future_Period,train_to_2014__test_from_2015,ElasticNet,model,M3_Macro_Oil_RegQuality,TCD,8,55.042955458714985,379.5297026988541,100.1889437692501,22.103017614334565
M2_Macro_Oil_vs_M3_Macro_Oil_RegQuality__primary__Oil_Rent_Intensive_Pre2016_ge15pct,Regulatory_Quality_lag1,primary,Inward_FDI_Net_Flow_asinh,Oil_Rent_Intensive_Pre2016_ge15pct,oil_rent_threshold,15.0,Future_Period,train_to_2014__test_from_2015,ElasticNet,model,M3_Macro_Oil_RegQuality,TLS,7,-4.236303618682487,169.3906330698152,228.78581090924726,31.865079339977346
M2_Macro_Oil_vs_M3_Macro_Oil_RegQuality__primary__Oil_Rent_Intensive_Pre2016_ge15pct,Regulatory_Quality_lag1,primary,Inward_FDI_Net_Flow_asinh,Oil_Rent_Intensive_Pre2016_ge15pct,oil_rent_threshold,15.0,Future_Period,train_to_2014__test_from_2015,ElasticNet,model,M3_Macro_Oil_RegQuality,TTO,8,1.7111820111722835,359.1502794543235,582.9638788102259,58.15459741250281
M2_Macro_Oil_vs_M3_Macro_Oil_RegQuality__primary__Oil_Rent_Intensive_Pre2016_ge15pct,Regulatory_Quality_lag1,primary,Inward_FDI_Net_Flow_asinh,Oil_Rent_Intensive_Pre2016_ge15pct,oil_rent_threshold,15.0,Future_Period,train_to_2014__test_from_2015,ElasticNet,model,M3_Macro_Oil_RegQuality,VEN,1,8.684739491238911,75.4247000306847,0.07841401084028145,0.28002501823994486
M2_Macro_Oil_vs_M3_Macro_Oil_RegQuality__primary__Oil_Rent_Intensive_Pre2016_ge15pct,Regulatory_Quality_lag1,primary,Inward_FDI_Net_Flow_asinh,Oil_Rent_Intensive_Pre2016_ge15pct,oil_rent_threshold,15.0,Future_Period,train_to_2014__test_from_2015,ElasticNet,model,M3_Macro_Oil_RegQuality,YEM,1,-3.4314664878767003,11.774962257420857,17.13028803243084,4.138875213440342
M2_Macro_Oil_vs_M3_Macro_Oil_RegQuality__primary__Oil_Rent_Intensive_Pre2016_ge15pct,Regulatory_Quality_lag1,primary,Inward_FDI_Net_Flow_asinh,Oil_Rent_Intensive_Pre2016_ge15pct,oil_rent_threshold,15.0,Future_Period,train_to_2014__test_from_2015,RandomForest,model,M2_Macro_Oil,AGO,8,-50.84155494744526,635.73286310048,520.504647980627,56.633329533616944
M2_Macro_Oil_vs_M3_Macro_Oil_RegQuality__primary__Oil_Rent_Intensive_Pre2016_ge15pct,Regulatory_Quality_lag1,primary,Inward_FDI_Net_Flow_asinh,Oil_Rent_Intensive_Pre2016_ge15pct,oil_rent_threshold,15.0,Future_Period,train_to_2014__test_from_2015,RandomForest,model,M2_Macro_Oil,ARE,8,81.91914218830512,839.978137711556,7.835871230899018,5.601587282957571
M2_Macro_Oil_vs_M3_Macro_Oil_RegQuality__primary__Oil_Rent_Intensive_Pre2016_ge15pct,Regulatory_Quality_lag1,primary,Inward_FDI_Net_Flow_asinh,Oil_Rent_Intensive_Pre2016_ge15pct,oil_rent_threshold,15.0,Future_Period,train_to_2014__test_from_2015,RandomForest,model,M2_Macro_Oil,AZE,8,32.393404013592665,562.8647031700732,280.7968859272202,26.566676731476395
M2_Macro_Oil_vs_M3_Macro_Oil_RegQuality__primary__Oil_Rent_Intensive_Pre2016_ge15pct,Regulatory_Quality_lag1,primary,Inward_FDI_Net_Flow_asinh,Oil_Rent_Intensive_Pre2016_ge15pct,oil_rent_threshold,15.0,Future_Period,train_to_2014__test_from_2015,RandomForest,model,M2_Macro_Oil,BHR,8,58.72304661239256,441.1460319830121,34.887256467574446,13.745026199410322
M2_Macro_Oil_vs_M3_Macro_Oil_RegQuality__primary__Oil_Rent_Intensive_Pre2016_ge15pct,Regulatory_Quality_lag1,primary,Inward_FDI_Net_Flow_asinh,Oil_Rent_Intensive_Pre2016_ge15pct,oil_rent_threshold,15.0,Future_Period,train_to_2014__test_from_2015,RandomForest,model,M2_Macro_Oil,BRN,8,27.216163692193163,331.5774118236029,313.05642794721166,32.01638566928382
M2_Macro_Oil_vs_M3_Macro_Oil_RegQuality__primary__Oil_Rent_Intensive_Pre2016_ge15pct,Regulatory_Quality_lag1,primary,Inward_FDI_Net_Flow_asinh,Oil_Rent_Intensive_Pre2016_ge15pct,oil_rent_threshold,15.0,Future_Period,train_to_2014__test_from_2015,RandomForest,model,M2_Macro_Oil,COG,8,16.087188454886725,490.31873563292334,377.0256139676546,43.60039717230412
M2_Macro_Oil_vs_M3_Macro_Oil_RegQuality__primary__Oil_Rent_Intensive_Pre2016_ge15pct,Regulatory_Quality_lag1,primary,Inward_FDI_Net_Flow_asinh,Oil_Rent_Intensive_Pre2016_ge15pct,oil_rent_threshold,15.0,Future_Period,train_to_2014__test_from_2015,RandomForest,model,M2_Macro_Oil,DZA,8,46.20672932545979,455.447249769709,252.15923368400084,21.406521217331097
M2_Macro_Oil_vs_M3_Macro_Oil_RegQuality__primary__Oil_Rent_Intensive_Pre2016_ge15pct,Regulatory_Quality_lag1,primary,Inward_FDI_Net_Flow_asinh,Oil_Rent_Intensive_Pre2016_ge15pct,oil_rent_threshold,15.0,Future_Period,train_to_2014__test_from_2015,RandomForest,model,M2_Macro_Oil,ECU,8,60.2346421292708,454.16586586325695,11.029309429804332,7.7806700834756315
M2_Macro_Oil_vs_M3_Macro_Oil_RegQuality__primary__Oil_Rent_Intensive_Pre2016_ge15pct,Regulatory_Quality_lag1,primary,Inward_FDI_Net_Flow_asinh,Oil_Rent_Intensive_Pre2016_ge15pct,oil_rent_threshold,15.0,Future_Period,train_to_2014__test_from_2015,RandomForest,model,M2_Macro_Oil,EGY,8,76.96699833836755,740.9248729102088,6.676601532602849,5.353296694058477
M2_Macro_Oil_vs_M3_Macro_Oil_RegQuality__primary__Oil_Rent_Intensive_Pre2016_ge15pct,Regulatory_Quality_lag1,primary,Inward_FDI_Net_Flow_asinh,Oil_Rent_Intensive_Pre2016_ge15pct,oil_rent_threshold,15.0,Future_Period,train_to_2014__test_from_2015,RandomForest,model,M2_Macro_Oil,GAB,8,59.947667108105335,460.1173661723513,29.124360736459224,8.491201068566872
M2_Macro_Oil_vs_M3_Macro_Oil_RegQuality__primary__Oil_Rent_Intensive_Pre2016_ge15pct,Regulatory_Quality_lag1,primary,Inward_FDI_Net_Flow_asinh,Oil_Rent_Intensive_Pre2016_ge15pct,oil_rent_threshold,15.0,Future_Period,train_to_2014__test_from_2015,RandomForest,model,M2_Macro_Oil,GNQ,8,36.371812016884526,378.7794809386384,231.08212609330835,33.57791011575587
M2_Macro_Oil_vs_M3_Macro_Oil_RegQuality__primary__Oil_Rent_Intensive_Pre2016_ge15pct,Regulatory_Quality_lag1,primary,Inward_FDI_Net_Flow_asinh,Oil_Rent_Intensive_Pre2016_ge15pct,oil_rent_threshold,15.0,Future_Period,train_to_2014__test_from_2015,RandomForest,model,M2_Macro_Oil,IRN,8,66.68253404648858,557.392269199459,2.487766584411549,4.135203232080864
M2_Macro_Oil_vs_M3_Macro_Oil_RegQuality__primary__Oil_Rent_Intensive_Pre2016_ge15pct,Regulatory_Quality_lag1,primary,Inward_FDI_Net_Flow_asinh,Oil_Rent_Intensive_Pre2016_ge15pct,oil_rent_threshold,15.0,Future_Period,train_to_2014__test_from_2015,RandomForest,model,M2_Macro_Oil,IRQ,8,-71.74764438663038,644.9408709608304,482.702801177882,61.907117478563045
M2_Macro_Oil_vs_M3_Macro_Oil_RegQuality__primary__Oil_Rent_Intensive_Pre2016_ge15pct,Regulatory_Quality_lag1,primary,Inward_FDI_Net_Flow_asinh,Oil_Rent_Intensive_Pre2016_ge15pct,oil_rent_threshold,15.0,Future_Period,train_to_2014__test_from_2015,RandomForest,model,M2_Macro_Oil,KAZ,8,72.49242124585909,665.5740359590474,18.939233060689844,10.843402412496687
M2_Macro_Oil_vs_M3_Macro_Oil_RegQuality__primary__Oil_Rent_Intensive_Pre2016_ge15pct,Regulatory_Quality_lag1,primary,Inward_FDI_Net_Flow_asinh,Oil_Rent_Intensive_Pre2016_ge15pct,oil_rent_threshold,15.0,Future_Period,train_to_2014__test_from_2015,RandomForest,model,M2_Macro_Oil,KWT,7,7.999744764032011,261.40174355471726,316.56793652548555,36.99716997961144
M2_Macro_Oil_vs_M3_Macro_Oil_RegQuality__primary__Oil_Rent_Intensive_Pre2016_ge15pct,Regulatory_Quality_lag1,primary,Inward_FDI_Net_Flow_asinh,Oil_Rent_Intensive_Pre2016_ge15pct,oil_rent_threshold,15.0,Future_Period,train_to_2014__test_from_2015,RandomForest,model,M2_Macro_Oil,LBY,1,7.247081091886447,52.52018435237805,0.7538674336947341,0.8682553965825575
M2_Macro_Oil_vs_M3_Macro_Oil_RegQuality__primary__Oil_Rent_Intensive_Pre2016_ge15pct,Regulatory_Quality_lag1,primary,Inward_FDI_Net_Flow_asinh,Oil_Rent_Intensive_Pre2016_ge15pct,oil_rent_threshold,15.0,Future_Period,train_to_2014__test_from_2015,RandomForest,model,M2_Macro_Oil,NGA,8,53.170904465725435,535.5227091353088,207.8407876283384,16.82947718293601
M2_Macro_Oil_vs_M3_Macro_Oil_RegQuality__primary__Oil_Rent_Intensive_Pre2016_ge15pct,Regulatory_Quality_lag1,primary,Inward_FDI_Net_Flow_asinh,Oil_Rent_Intensive_Pre2016_ge15pct,oil_rent_threshold,15.0,Future_Period,train_to_2014__test_from_2015,RandomForest,model,M2_Macro_Oil,OMN,8,53.86285858496268,625.9789323300829,343.86751906917834,31.54498398415997
M2_Macro_Oil_vs_M3_Macro_Oil_RegQuality__primary__Oil_Rent_Intensive_Pre2016_ge15pct,Regulatory_Quality_lag1,primary,Inward_FDI_Net_Flow_asinh,Oil_Rent_Intensive_Pre2016_ge15pct,oil_rent_threshold,15.0,Future_Period,train_to_2014__test_from_2015,RandomForest,model,M2_Macro_Oil,PNG,8,15.747710085396985,261.72972249547416,260.75173966243364,38.004724127006554
M2_Macro_Oil_vs_M3_Macro_Oil_RegQuality__primary__Oil_Rent_Intensive_Pre2016_ge15pct,Regulatory_Quality_lag1,primary,Inward_FDI_Net_Flow_asinh,Oil_Rent_Intensive_Pre2016_ge15pct,oil_rent_threshold,15.0,Future_Period,train_to_2014__test_from_2015,RandomForest,model,M2_Macro_Oil,QAT,8,-5.572796929920854,471.6419174386295,468.31900254856487,43.16036295139636
M2_Macro_Oil_vs_M3_Macro_Oil_RegQuality__primary__Oil_Rent_Intensive_Pre2016_ge15pct,Regulatory_Quality_lag1,primary,Inward_FDI_Net_Flow_asinh,Oil_Rent_Intensive_Pre2016_ge15pct,oil_rent_threshold,15.0,Future_Period,train_to_2014__test_from_2015,RandomForest,model,M2_Macro_Oil,RUS,8,62.26766128801483,903.6043763835429,519.7365647180776,28.78670476679191
M2_Macro_Oil_vs_M3_Macro_Oil_RegQuality__primary__Oil_Rent_Intensive_Pre2016_ge15pct,Regulatory_Quality_lag1,primary,Inward_FDI_Net_Flow_asinh,Oil_Rent_Intensive_Pre2016_ge15pct,oil_rent_threshold,15.0,Future_Period,train_to_2014__test_from_2015,RandomForest,model,M2_Macro_Oil,SAU,8,76.02326067108464,734.6540076724813,52.67627079755314,17.810061620167755
M2_Macro_Oil_vs_M3_Macro_Oil_RegQuality__primary__Oil_Rent_Intensive_Pre2016_ge15pct,Regulatory_Quality_lag1,primary,Inward_FDI_Net_Flow_asinh,Oil_Rent_Intensive_Pre2016_ge15pct,oil_rent_threshold,15.0,Future_Period,train_to_2014__test_from_2015,RandomForest,model,M2_Macro_Oil,SDN,8,59.87768364784157,449.2597091891802,0.6280570037934381,1.8124159788224068
M2_Macro_Oil_vs_M3_Macro_Oil_RegQuality__primary__Oil_Rent_Intensive_Pre2016_ge15pct,Regulatory_Quality_lag1,primary,Inward_FDI_Net_Flow_asinh,Oil_Rent_Intensive_Pre2016_ge15pct,oil_rent_threshold,15.0,Future_Period,train_to_2014__test_from_2015,RandomForest,model,M2_Macro_Oil,SSD,2,-2.608250083734803,7.627205053115851,17.5252089831457,5.403620982742683
M2_Macro_Oil_vs_M3_Macro_Oil_RegQuality__primary__Oil_Rent_Intensive_Pre2016_ge15pct,Regulatory_Quality_lag1,primary,Inward_FDI_Net_Flow_asinh,Oil_Rent_Intensive_Pre2016_ge15pct,oil_rent_threshold,15.0,Future_Period,train_to_2014__test_from_2015,RandomForest,model,M2_Macro_Oil,TCD,8,55.042955458714985,379.5297026988541,65.56986906060904,19.742091270546457
M2_Macro_Oil_vs_M3_Macro_Oil_RegQuality__primary__Oil_Rent_Intensive_Pre2016_ge15pct,Regulatory_Quality_lag1,primary,Inward_FDI_Net_Flow_asinh,Oil_Rent_Intensive_Pre2016_ge15pct,oil_rent_threshold,15.0,Future_Period,train_to_2014__test_from_2015,RandomForest,model,M2_Macro_Oil,TLS,7,-4.236303618682487,169.3906330698152,281.2739011382502,33.62716993252826
M2_Macro_Oil_vs_M3_Macro_Oil_RegQuality__primary__Oil_Rent_Intensive_Pre2016_ge15pct,Regulatory_Quality_lag1,primary,Inward_FDI_Net_Flow_asinh,Oil_Rent_Intensive_Pre2016_ge15pct,oil_rent_threshold,15.0,Future_Period,train_to_2014__test_from_2015,RandomForest,model,M2_Macro_Oil,TTO,8,1.7111820111722835,359.1502794543235,548.943702453845,54.309241030889694
M2_Macro_Oil_vs_M3_Macro_Oil_RegQuality__primary__Oil_Rent_Intensive_Pre2016_ge15pct,Regulatory_Quality_lag1,primary,Inward_FDI_Net_Flow_asinh,Oil_Rent_Intensive_Pre2016_ge15pct,oil_rent_threshold,15.0,Future_Period,train_to_2014__test_from_2015,RandomForest,model,M2_Macro_Oil,VEN,1,8.684739491238911,75.4247000306847,1.2974003637495457,1.1390348386899962
M2_Macro_Oil_vs_M3_Macro_Oil_RegQuality__primary__Oil_Rent_Intensive_Pre2016_ge15pct,Regulatory_Quality_lag1,primary,Inward_FDI_Net_Flow_asinh,Oil_Rent_Intensive_Pre2016_ge15pct,oil_rent_threshold,15.0,Future_Period,train_to_2014__test_from_2015,RandomForest,model,M2_Macro_Oil,YEM,1,-3.4314664878767003,11.774962257420857,19.512476382822463,4.417292879448052
M2_Macro_Oil_vs_M3_Macro_Oil_RegQuality__primary__Oil_Rent_Intensive_Pre2016_ge15pct,Regulatory_Quality_lag1,primary,Inward_FDI_Net_Flow_asinh,Oil_Rent_Intensive_Pre2016_ge15pct,oil_rent_threshold,15.0,Future_Period,train_to_2014__test_from_2015,RandomForest,model,M3_Macro_Oil_RegQuality,AGO,8,-50.84155494744526,635.73286310048,538.098822894996,59.29083197724083
M2_Macro_Oil_vs_M3_Macro_Oil_RegQuality__primary__Oil_Rent_Intensive_Pre2016_ge15pct,Regulatory_Quality_lag1,primary,Inward_FDI_Net_Flow_asinh,Oil_Rent_Intensive_Pre2016_ge15pct,oil_rent_threshold,15.0,Future_Period,train_to_2014__test_from_2015,RandomForest,model,M3_Macro_Oil_RegQuality,ARE,8,81.91914218830512,839.978137711556,6.531357482223461,5.30712191674437
M2_Macro_Oil_vs_M3_Macro_Oil_RegQuality__primary__Oil_Rent_Intensive_Pre2016_ge15pct,Regulatory_Quality_lag1,primary,Inward_FDI_Net_Flow_asinh,Oil_Rent_Intensive_Pre2016_ge15pct,oil_rent_threshold,15.0,Future_Period,train_to_2014__test_from_2015,RandomForest,model,M3_Macro_Oil_RegQuality,AZE,8,32.393404013592665,562.8647031700732,278.7398590079441,27.026741204197556
M2_Macro_Oil_vs_M3_Macro_Oil_RegQuality__primary__Oil_Rent_Intensive_Pre2016_ge15pct,Regulatory_Quality_lag1,primary,Inward_FDI_Net_Flow_asinh,Oil_Rent_Intensive_Pre2016_ge15pct,oil_rent_threshold,15.0,Future_Period,train_to_2014__test_from_2015,RandomForest,model,M3_Macro_Oil_RegQuality,BHR,8,58.72304661239256,441.1460319830121,35.84915893204768,13.953780932192462
M2_Macro_Oil_vs_M3_Macro_Oil_RegQuality__primary__Oil_Rent_Intensive_Pre2016_ge15pct,Regulatory_Quality_lag1,primary,Inward_FDI_Net_Flow_asinh,Oil_Rent_Intensive_Pre2016_ge15pct,oil_rent_threshold,15.0,Future_Period,train_to_2014__test_from_2015,RandomForest,model,M3_Macro_Oil_RegQuality,BRN,8,27.216163692193163,331.5774118236029,307.04869140307517,31.415868012638256
M2_Macro_Oil_vs_M3_Macro_Oil_RegQuality__primary__Oil_Rent_Intensive_Pre2016_ge15pct,Regulatory_Quality_lag1,primary,Inward_FDI_Net_Flow_asinh,Oil_Rent_Intensive_Pre2016_ge15pct,oil_rent_threshold,15.0,Future_Period,train_to_2014__test_from_2015,RandomForest,model,M3_Macro_Oil_RegQuality,COG,8,16.087188454886725,490.31873563292334,340.9365075660141,41.16467454303436
M2_Macro_Oil_vs_M3_Macro_Oil_RegQuality__primary__Oil_Rent_Intensive_Pre2016_ge15pct,Regulatory_Quality_lag1,primary,Inward_FDI_Net_Flow_asinh,Oil_Rent_Intensive_Pre2016_ge15pct,oil_rent_threshold,15.0,Future_Period,train_to_2014__test_from_2015,RandomForest,model,M3_Macro_Oil_RegQuality,DZA,8,46.20672932545979,455.447249769709,267.2522954210958,24.934112542456365
M2_Macro_Oil_vs_M3_Macro_Oil_RegQuality__primary__Oil_Rent_Intensive_Pre2016_ge15pct,Regulatory_Quality_lag1,primary,Inward_FDI_Net_Flow_asinh,Oil_Rent_Intensive_Pre2016_ge15pct,oil_rent_threshold,15.0,Future_Period,train_to_2014__test_from_2015,RandomForest,model,M3_Macro_Oil_RegQuality,ECU,8,60.2346421292708,454.16586586325695,12.100942135276004,8.866275961592862
M2_Macro_Oil_vs_M3_Macro_Oil_RegQuality__primary__Oil_Rent_Intensive_Pre2016_ge15pct,Regulatory_Quality_lag1,primary,Inward_FDI_Net_Flow_asinh,Oil_Rent_Intensive_Pre2016_ge15pct,oil_rent_threshold,15.0,Future_Period,train_to_2014__test_from_2015,RandomForest,model,M3_Macro_Oil_RegQuality,EGY,8,76.96699833836755,740.9248729102088,1.1603155880723768,2.1880309875780224
M2_Macro_Oil_vs_M3_Macro_Oil_RegQuality__primary__Oil_Rent_Intensive_Pre2016_ge15pct,Regulatory_Quality_lag1,primary,Inward_FDI_Net_Flow_asinh,Oil_Rent_Intensive_Pre2016_ge15pct,oil_rent_threshold,15.0,Future_Period,train_to_2014__test_from_2015,RandomForest,model,M3_Macro_Oil_RegQuality,GAB,8,59.947667108105335,460.1173661723513,26.870719371719172,7.893128503235027
M2_Macro_Oil_vs_M3_Macro_Oil_RegQuality__primary__Oil_Rent_Intensive_Pre2016_ge15pct,Regulatory_Quality_lag1,primary,Inward_FDI_Net_Flow_asinh,Oil_Rent_Intensive_Pre2016_ge15pct,oil_rent_threshold,15.0,Future_Period,train_to_2014__test_from_2015,RandomForest,model,M3_Macro_Oil_RegQuality,GNQ,8,36.371812016884526,378.7794809386384,233.7698245841794,34.48759775219815
M2_Macro_Oil_vs_M3_Macro_Oil_RegQuality__primary__Oil_Rent_Intensive_Pre2016_ge15pct,Regulatory_Quality_lag1,primary,Inward_FDI_Net_Flow_asinh,Oil_Rent_Intensive_Pre2016_ge15pct,oil_rent_threshold,15.0,Future_Period,train_to_2014__test_from_2015,RandomForest,model,M3_Macro_Oil_RegQuality,IRN,8,66.68253404648858,557.392269199459,2.766519347987546,4.3217069384640325
M2_Macro_Oil_vs_M3_Macro_Oil_RegQuality__primary__Oil_Rent_Intensive_Pre2016_ge15pct,Regulatory_Quality_lag1,primary,Inward_FDI_Net_Flow_asinh,Oil_Rent_Intensive_Pre2016_ge15pct,oil_rent_threshold,15.0,Future_Period,train_to_2014__test_from_2015,RandomForest,model,M3_Macro_Oil_RegQuality,IRQ,8,-71.74764438663038,644.9408709608304,323.9818052375731,50.73607313027398
M2_Macro_Oil_vs_M3_Macro_Oil_RegQuality__primary__Oil_Rent_Intensive_Pre2016_ge15pct,Regulatory_Quality_lag1,primary,Inward_FDI_Net_Flow_asinh,Oil_Rent_Intensive_Pre2016_ge15pct,oil_rent_threshold,15.0,Future_Period,train_to_2014__test_from_2015,RandomForest,model,M3_Macro_Oil_RegQuality,KAZ,8,72.49242124585909,665.5740359590474,19.609588239360473,10.995588838674417
M2_Macro_Oil_vs_M3_Macro_Oil_RegQuality__primary__Oil_Rent_Intensive_Pre2016_ge15pct,Regulatory_Quality_lag1,primary,Inward_FDI_Net_Flow_asinh,Oil_Rent_Intensive_Pre2016_ge15pct,oil_rent_threshold,15.0,Future_Period,train_to_2014__test_from_2015,RandomForest,model,M3_Macro_Oil_RegQuality,KWT,7,7.999744764032011,261.40174355471726,315.90752913190795,36.99291451946628
M2_Macro_Oil_vs_M3_Macro_Oil_RegQuality__primary__Oil_Rent_Intensive_Pre2016_ge15pct,Regulatory_Quality_lag1,primary,Inward_FDI_Net_Flow_asinh,Oil_Rent_Intensive_Pre2016_ge15pct,oil_rent_threshold,15.0,Future_Period,train_to_2014__test_from_2015,RandomForest,model,M3_Macro_Oil_RegQuality,LBY,1,7.247081091886447,52.52018435237805,0.667154972248539,0.8167955510704861
M2_Macro_Oil_vs_M3_Macro_Oil_RegQuality__primary__Oil_Rent_Intensive_Pre2016_ge15pct,Regulatory_Quality_lag1,primary,Inward_FDI_Net_Flow_asinh,Oil_Rent_Intensive_Pre2016_ge15pct,oil_rent_threshold,15.0,Future_Period,train_to_2014__test_from_2015,RandomForest,model,M3_Macro_Oil_RegQuality,NGA,8,53.170904465725435,535.5227091353088,209.27733649399178,17.31202702562618
M2_Macro_Oil_vs_M3_Macro_Oil_RegQuality__primary__Oil_Rent_Intensive_Pre2016_ge15pct,Regulatory_Quality_lag1,primary,Inward_FDI_Net_Flow_asinh,Oil_Rent_Intensive_Pre2016_ge15pct,oil_rent_threshold,15.0,Future_Period,train_to_2014__test_from_2015,RandomForest,model,M3_Macro_Oil_RegQuality,OMN,8,53.86285858496268,625.9789323300829,368.30247405229034,30.935659581765435
M2_Macro_Oil_vs_M3_Macro_Oil_RegQuality__primary__Oil_Rent_Intensive_Pre2016_ge15pct,Regulatory_Quality_lag1,primary,Inward_FDI_Net_Flow_asinh,Oil_Rent_Intensive_Pre2016_ge15pct,oil_rent_threshold,15.0,Future_Period,train_to_2014__test_from_2015,RandomForest,model,M3_Macro_Oil_RegQuality,PNG,8,15.747710085396985,261.72972249547416,265.21166099575385,39.213975439336394
M2_Macro_Oil_vs_M3_Macro_Oil_RegQuality__primary__Oil_Rent_Intensive_Pre2016_ge15pct,Regulatory_Quality_lag1,primary,Inward_FDI_Net_Flow_asinh,Oil_Rent_Intensive_Pre2016_ge15pct,oil_rent_threshold,15.0,Future_Period,train_to_2014__test_from_2015,RandomForest,model,M3_Macro_Oil_RegQuality,QAT,8,-5.572796929920854,471.6419174386295,420.8911208202794,40.80004754572699
M2_Macro_Oil_vs_M3_Macro_Oil_RegQuality__primary__Oil_Rent_Intensive_Pre2016_ge15pct,Regulatory_Quality_lag1,primary,Inward_FDI_Net_Flow_asinh,Oil_Rent_Intensive_Pre2016_ge15pct,oil_rent_threshold,15.0,Future_Period,train_to_2014__test_from_2015,RandomForest,model,M3_Macro_Oil_RegQuality,RUS,8,62.26766128801483,903.6043763835429,514.2418876894101,28.792347724083903
M2_Macro_Oil_vs_M3_Macro_Oil_RegQuality__primary__Oil_Rent_Intensive_Pre2016_ge15pct,Regulatory_Quality_lag1,primary,Inward_FDI_Net_Flow_asinh,Oil_Rent_Intensive_Pre2016_ge15pct,oil_rent_threshold,15.0,Future_Period,train_to_2014__test_from_2015,RandomForest,model,M3_Macro_Oil_RegQuality,SAU,8,76.02326067108464,734.6540076724813,35.39818424772854,13.887024440274221
M2_Macro_Oil_vs_M3_Macro_Oil_RegQuality__primary__Oil_Rent_Intensive_Pre2016_ge15pct,Regulatory_Quality_lag1,primary,Inward_FDI_Net_Flow_asinh,Oil_Rent_Intensive_Pre2016_ge15pct,oil_rent_threshold,15.0,Future_Period,train_to_2014__test_from_2015,RandomForest,model,M3_Macro_Oil_RegQuality,SDN,8,59.87768364784157,449.2597091891802,1.6449516557268578,3.435071511909867
M2_Macro_Oil_vs_M3_Macro_Oil_RegQuality__primary__Oil_Rent_Intensive_Pre2016_ge15pct,Regulatory_Quality_lag1,primary,Inward_FDI_Net_Flow_asinh,Oil_Rent_Intensive_Pre2016_ge15pct,oil_rent_threshold,15.0,Future_Period,train_to_2014__test_from_2015,RandomForest,model,M3_Macro_Oil_RegQuality,SSD,2,-2.608250083734803,7.627205053115851,18.604177317414734,5.312145509907326
M2_Macro_Oil_vs_M3_Macro_Oil_RegQuality__primary__Oil_Rent_Intensive_Pre2016_ge15pct,Regulatory_Quality_lag1,primary,Inward_FDI_Net_Flow_asinh,Oil_Rent_Intensive_Pre2016_ge15pct,oil_rent_threshold,15.0,Future_Period,train_to_2014__test_from_2015,RandomForest,model,M3_Macro_Oil_RegQuality,TCD,8,55.042955458714985,379.5297026988541,41.48067744269894,16.007072730159816
M2_Macro_Oil_vs_M3_Macro_Oil_RegQuality__primary__Oil_Rent_Intensive_Pre2016_ge15pct,Regulatory_Quality_lag1,primary,Inward_FDI_Net_Flow_asinh,Oil_Rent_Intensive_Pre2016_ge15pct,oil_rent_threshold,15.0,Future_Period,train_to_2014__test_from_2015,RandomForest,model,M3_Macro_Oil_RegQuality,TLS,7,-4.236303618682487,169.3906330698152,323.6421247875461,35.75311199150331
M2_Macro_Oil_vs_M3_Macro_Oil_RegQuality__primary__Oil_Rent_Intensive_Pre2016_ge15pct,Regulatory_Quality_lag1,primary,Inward_FDI_Net_Flow_asinh,Oil_Rent_Intensive_Pre2016_ge15pct,oil_rent_threshold,15.0,Future_Period,train_to_2014__test_from_2015,RandomForest,model,M3_Macro_Oil_RegQuality,TTO,8,1.7111820111722835,359.1502794543235,536.4525297978461,53.85270278431925
M2_Macro_Oil_vs_M3_Macro_Oil_RegQuality__primary__Oil_Rent_Intensive_Pre2016_ge15pct,Regulatory_Quality_lag1,primary,Inward_FDI_Net_Flow_asinh,Oil_Rent_Intensive_Pre2016_ge15pct,oil_rent_threshold,15.0,Future_Period,train_to_2014__test_from_2015,RandomForest,model,M3_Macro_Oil_RegQuality,VEN,1,8.684739491238911,75.4247000306847,4.278069658890844,2.0683495011459847
M2_Macro_Oil_vs_M3_Macro_Oil_RegQuality__primary__Oil_Rent_Intensive_Pre2016_ge15pct,Regulatory_Quality_lag1,primary,Inward_FDI_Net_Flow_asinh,Oil_Rent_Intensive_Pre2016_ge15pct,oil_rent_threshold,15.0,Future_Period,train_to_2014__test_from_2015,RandomForest,model,M3_Macro_Oil_RegQuality,YEM,1,-3.4314664878767003,11.774962257420857,17.179902998228698,4.144864653788915
M2_Macro_Oil_vs_M3_Macro_Oil_RegQuality__primary__Oil_Rent_Intensive_Pre2016_ge15pct,Regulatory_Quality_lag1,primary,Inward_FDI_Net_Flow_asinh,Oil_Rent_Intensive_Pre2016_ge15pct,oil_rent_threshold,15.0,Future_Period,train_to_2014__test_from_2015,Ridge,model,M2_Macro_Oil,AGO,8,-50.84155494744526,635.73286310048,595.493094463285,65.47643545792619
M2_Macro_Oil_vs_M3_Macro_Oil_RegQuality__primary__Oil_Rent_Intensive_Pre2016_ge15pct,Regulatory_Quality_lag1,primary,Inward_FDI_Net_Flow_asinh,Oil_Rent_Intensive_Pre2016_ge15pct,oil_rent_threshold,15.0,Future_Period,train_to_2014__test_from_2015,Ridge,model,M2_Macro_Oil,ARE,8,81.91914218830512,839.978137711556,8.012589729251983,7.737700988162176
M2_Macro_Oil_vs_M3_Macro_Oil_RegQuality__primary__Oil_Rent_Intensive_Pre2016_ge15pct,Regulatory_Quality_lag1,primary,Inward_FDI_Net_Flow_asinh,Oil_Rent_Intensive_Pre2016_ge15pct,oil_rent_threshold,15.0,Future_Period,train_to_2014__test_from_2015,Ridge,model,M2_Macro_Oil,AZE,8,32.393404013592665,562.8647031700732,329.776441697059,27.984191061340404
M2_Macro_Oil_vs_M3_Macro_Oil_RegQuality__primary__Oil_Rent_Intensive_Pre2016_ge15pct,Regulatory_Quality_lag1,primary,Inward_FDI_Net_Flow_asinh,Oil_Rent_Intensive_Pre2016_ge15pct,oil_rent_threshold,15.0,Future_Period,train_to_2014__test_from_2015,Ridge,model,M2_Macro_Oil,BHR,8,58.72304661239256,441.1460319830121,8.800650953451362,5.418481640605285
M2_Macro_Oil_vs_M3_Macro_Oil_RegQuality__primary__Oil_Rent_Intensive_Pre2016_ge15pct,Regulatory_Quality_lag1,primary,Inward_FDI_Net_Flow_asinh,Oil_Rent_Intensive_Pre2016_ge15pct,oil_rent_threshold,15.0,Future_Period,train_to_2014__test_from_2015,Ridge,model,M2_Macro_Oil,BRN,8,27.216163692193163,331.5774118236029,350.46333806099915,33.59680571935366
M2_Macro_Oil_vs_M3_Macro_Oil_RegQuality__primary__Oil_Rent_Intensive_Pre2016_ge15pct,Regulatory_Quality_lag1,primary,Inward_FDI_Net_Flow_asinh,Oil_Rent_Intensive_Pre2016_ge15pct,oil_rent_threshold,15.0,Future_Period,train_to_2014__test_from_2015,Ridge,model,M2_Macro_Oil,COG,8,16.087188454886725,490.31873563292334,367.0711643120051,45.53888509183197
M2_Macro_Oil_vs_M3_Macro_Oil_RegQuality__primary__Oil_Rent_Intensive_Pre2016_ge15pct,Regulatory_Quality_lag1,primary,Inward_FDI_Net_Flow_asinh,Oil_Rent_Intensive_Pre2016_ge15pct,oil_rent_threshold,15.0,Future_Period,train_to_2014__test_from_2015,Ridge,model,M2_Macro_Oil,DZA,8,46.20672932545979,455.447249769709,277.91657146992515,25.81958491795481
M2_Macro_Oil_vs_M3_Macro_Oil_RegQuality__primary__Oil_Rent_Intensive_Pre2016_ge15pct,Regulatory_Quality_lag1,primary,Inward_FDI_Net_Flow_asinh,Oil_Rent_Intensive_Pre2016_ge15pct,oil_rent_threshold,15.0,Future_Period,train_to_2014__test_from_2015,Ridge,model,M2_Macro_Oil,ECU,8,60.2346421292708,454.16586586325695,2.7350860759862656,3.95480350592197
M2_Macro_Oil_vs_M3_Macro_Oil_RegQuality__primary__Oil_Rent_Intensive_Pre2016_ge15pct,Regulatory_Quality_lag1,primary,Inward_FDI_Net_Flow_asinh,Oil_Rent_Intensive_Pre2016_ge15pct,oil_rent_threshold,15.0,Future_Period,train_to_2014__test_from_2015,Ridge,model,M2_Macro_Oil,EGY,8,76.96699833836755,740.9248729102088,0.8707631431277286,2.0626947397776867
M2_Macro_Oil_vs_M3_Macro_Oil_RegQuality__primary__Oil_Rent_Intensive_Pre2016_ge15pct,Regulatory_Quality_lag1,primary,Inward_FDI_Net_Flow_asinh,Oil_Rent_Intensive_Pre2016_ge15pct,oil_rent_threshold,15.0,Future_Period,train_to_2014__test_from_2015,Ridge,model,M2_Macro_Oil,GAB,8,59.947667108105335,460.1173661723513,14.813184679817837,9.139413988194526
M2_Macro_Oil_vs_M3_Macro_Oil_RegQuality__primary__Oil_Rent_Intensive_Pre2016_ge15pct,Regulatory_Quality_lag1,primary,Inward_FDI_Net_Flow_asinh,Oil_Rent_Intensive_Pre2016_ge15pct,oil_rent_threshold,15.0,Future_Period,train_to_2014__test_from_2015,Ridge,model,M2_Macro_Oil,GNQ,8,36.371812016884526,378.7794809386384,309.51018004279575,39.092292743198456
M2_Macro_Oil_vs_M3_Macro_Oil_RegQuality__primary__Oil_Rent_Intensive_Pre2016_ge15pct,Regulatory_Quality_lag1,primary,Inward_FDI_Net_Flow_asinh,Oil_Rent_Intensive_Pre2016_ge15pct,oil_rent_threshold,15.0,Future_Period,train_to_2014__test_from_2015,Ridge,model,M2_Macro_Oil,IRN,8,66.68253404648858,557.392269199459,2.4706154886534883,3.959018722768569
M2_Macro_Oil_vs_M3_Macro_Oil_RegQuality__primary__Oil_Rent_Intensive_Pre2016_ge15pct,Regulatory_Quality_lag1,primary,Inward_FDI_Net_Flow_asinh,Oil_Rent_Intensive_Pre2016_ge15pct,oil_rent_threshold,15.0,Future_Period,train_to_2014__test_from_2015,Ridge,model,M2_Macro_Oil,IRQ,8,-71.74764438663038,644.9408709608304,590.6257807112839,68.71021787326086
M2_Macro_Oil_vs_M3_Macro_Oil_RegQuality__primary__Oil_Rent_Intensive_Pre2016_ge15pct,Regulatory_Quality_lag1,primary,Inward_FDI_Net_Flow_asinh,Oil_Rent_Intensive_Pre2016_ge15pct,oil_rent_threshold,15.0,Future_Period,train_to_2014__test_from_2015,Ridge,model,M2_Macro_Oil,KAZ,8,72.49242124585909,665.5740359590474,10.559903325962251,7.356248542786834
M2_Macro_Oil_vs_M3_Macro_Oil_RegQuality__primary__Oil_Rent_Intensive_Pre2016_ge15pct,Regulatory_Quality_lag1,primary,Inward_FDI_Net_Flow_asinh,Oil_Rent_Intensive_Pre2016_ge15pct,oil_rent_threshold,15.0,Future_Period,train_to_2014__test_from_2015,Ridge,model,M2_Macro_Oil,KWT,7,7.999744764032011,261.40174355471726,370.56862149730927,37.8615536823945
M2_Macro_Oil_vs_M3_Macro_Oil_RegQuality__primary__Oil_Rent_Intensive_Pre2016_ge15pct,Regulatory_Quality_lag1,primary,Inward_FDI_Net_Flow_asinh,Oil_Rent_Intensive_Pre2016_ge15pct,oil_rent_threshold,15.0,Future_Period,train_to_2014__test_from_2015,Ridge,model,M2_Macro_Oil,LBY,1,7.247081091886447,52.52018435237805,2.982823952993111,1.7270853925018042
M2_Macro_Oil_vs_M3_Macro_Oil_RegQuality__primary__Oil_Rent_Intensive_Pre2016_ge15pct,Regulatory_Quality_lag1,primary,Inward_FDI_Net_Flow_asinh,Oil_Rent_Intensive_Pre2016_ge15pct,oil_rent_threshold,15.0,Future_Period,train_to_2014__test_from_2015,Ridge,model,M2_Macro_Oil,NGA,8,53.170904465725435,535.5227091353088,206.2855874234226,18.48421243972234
M2_Macro_Oil_vs_M3_Macro_Oil_RegQuality__primary__Oil_Rent_Intensive_Pre2016_ge15pct,Regulatory_Quality_lag1,primary,Inward_FDI_Net_Flow_asinh,Oil_Rent_Intensive_Pre2016_ge15pct,oil_rent_threshold,15.0,Future_Period,train_to_2014__test_from_2015,Ridge,model,M2_Macro_Oil,OMN,8,53.86285858496268,625.9789323300829,323.4720558861217,29.229740242765622
M2_Macro_Oil_vs_M3_Macro_Oil_RegQuality__primary__Oil_Rent_Intensive_Pre2016_ge15pct,Regulatory_Quality_lag1,primary,Inward_FDI_Net_Flow_asinh,Oil_Rent_Intensive_Pre2016_ge15pct,oil_rent_threshold,15.0,Future_Period,train_to_2014__test_from_2015,Ridge,model,M2_Macro_Oil,PNG,8,15.747710085396985,261.72972249547416,295.44793973468546,39.26666664243868
M2_Macro_Oil_vs_M3_Macro_Oil_RegQuality__primary__Oil_Rent_Intensive_Pre2016_ge15pct,Regulatory_Quality_lag1,primary,Inward_FDI_Net_Flow_asinh,Oil_Rent_Intensive_Pre2016_ge15pct,oil_rent_threshold,15.0,Future_Period,train_to_2014__test_from_2015,Ridge,model,M2_Macro_Oil,QAT,8,-5.572796929920854,471.6419174386295,506.56223479112305,47.270144826251475
M2_Macro_Oil_vs_M3_Macro_Oil_RegQuality__primary__Oil_Rent_Intensive_Pre2016_ge15pct,Regulatory_Quality_lag1,primary,Inward_FDI_Net_Flow_asinh,Oil_Rent_Intensive_Pre2016_ge15pct,oil_rent_threshold,15.0,Future_Period,train_to_2014__test_from_2015,Ridge,model,M2_Macro_Oil,RUS,8,62.26766128801483,903.6043763835429,481.5142302142623,28.324835151731342
M2_Macro_Oil_vs_M3_Macro_Oil_RegQuality__primary__Oil_Rent_Intensive_Pre2016_ge15pct,Regulatory_Quality_lag1,primary,Inward_FDI_Net_Flow_asinh,Oil_Rent_Intensive_Pre2016_ge15pct,oil_rent_threshold,15.0,Future_Period,train_to_2014__test_from_2015,Ridge,model,M2_Macro_Oil,SAU,8,76.02326067108464,734.6540076724813,21.00897957378136,11.679605125190907
M2_Macro_Oil_vs_M3_Macro_Oil_RegQuality__primary__Oil_Rent_Intensive_Pre2016_ge15pct,Regulatory_Quality_lag1,primary,Inward_FDI_Net_Flow_asinh,Oil_Rent_Intensive_Pre2016_ge15pct,oil_rent_threshold,15.0,Future_Period,train_to_2014__test_from_2015,Ridge,model,M2_Macro_Oil,SDN,8,59.87768364784157,449.2597091891802,20.438797947535967,8.474432738752279
M2_Macro_Oil_vs_M3_Macro_Oil_RegQuality__primary__Oil_Rent_Intensive_Pre2016_ge15pct,Regulatory_Quality_lag1,primary,Inward_FDI_Net_Flow_asinh,Oil_Rent_Intensive_Pre2016_ge15pct,oil_rent_threshold,15.0,Future_Period,train_to_2014__test_from_2015,Ridge,model,M2_Macro_Oil,SSD,2,-2.608250083734803,7.627205053115851,27.58814050943858,6.520781711656508
M2_Macro_Oil_vs_M3_Macro_Oil_RegQuality__primary__Oil_Rent_Intensive_Pre2016_ge15pct,Regulatory_Quality_lag1,primary,Inward_FDI_Net_Flow_asinh,Oil_Rent_Intensive_Pre2016_ge15pct,oil_rent_threshold,15.0,Future_Period,train_to_2014__test_from_2015,Ridge,model,M2_Macro_Oil,TCD,8,55.042955458714985,379.5297026988541,101.35356963275584,22.243934916281997
M2_Macro_Oil_vs_M3_Macro_Oil_RegQuality__primary__Oil_Rent_Intensive_Pre2016_ge15pct,Regulatory_Quality_lag1,primary,Inward_FDI_Net_Flow_asinh,Oil_Rent_Intensive_Pre2016_ge15pct,oil_rent_threshold,15.0,Future_Period,train_to_2014__test_from_2015,Ridge,model,M2_Macro_Oil,TLS,7,-4.236303618682487,169.3906330698152,226.46351927273642,31.72709660061713
M2_Macro_Oil_vs_M3_Macro_Oil_RegQuality__primary__Oil_Rent_Intensive_Pre2016_ge15pct,Regulatory_Quality_lag1,primary,Inward_FDI_Net_Flow_asinh,Oil_Rent_Intensive_Pre2016_ge15pct,oil_rent_threshold,15.0,Future_Period,train_to_2014__test_from_2015,Ridge,model,M2_Macro_Oil,TTO,8,1.7111820111722835,359.1502794543235,580.2416694094777,58.10428446556944
M2_Macro_Oil_vs_M3_Macro_Oil_RegQuality__primary__Oil_Rent_Intensive_Pre2016_ge15pct,Regulatory_Quality_lag1,primary,Inward_FDI_Net_Flow_asinh,Oil_Rent_Intensive_Pre2016_ge15pct,oil_rent_threshold,15.0,Future_Period,train_to_2014__test_from_2015,Ridge,model,M2_Macro_Oil,VEN,1,8.684739491238911,75.4247000306847,0.04132455379169757,0.20328441600796054
M2_Macro_Oil_vs_M3_Macro_Oil_RegQuality__primary__Oil_Rent_Intensive_Pre2016_ge15pct,Regulatory_Quality_lag1,primary,Inward_FDI_Net_Flow_asinh,Oil_Rent_Intensive_Pre2016_ge15pct,oil_rent_threshold,15.0,Future_Period,train_to_2014__test_from_2015,Ridge,model,M2_Macro_Oil,YEM,1,-3.4314664878767003,11.774962257420857,16.919991828557418,4.113391766967671
M2_Macro_Oil_vs_M3_Macro_Oil_RegQuality__primary__Oil_Rent_Intensive_Pre2016_ge15pct,Regulatory_Quality_lag1,primary,Inward_FDI_Net_Flow_asinh,Oil_Rent_Intensive_Pre2016_ge15pct,oil_rent_threshold,15.0,Future_Period,train_to_2014__test_from_2015,Ridge,model,M3_Macro_Oil_RegQuality,AGO,8,-50.84155494744526,635.73286310048,596.5076687189928,65.4928832131132
M2_Macro_Oil_vs_M3_Macro_Oil_RegQuality__primary__Oil_Rent_Intensive_Pre2016_ge15pct,Regulatory_Quality_lag1,primary,Inward_FDI_Net_Flow_asinh,Oil_Rent_Intensive_Pre2016_ge15pct,oil_rent_threshold,15.0,Future_Period,train_to_2014__test_from_2015,Ridge,model,M3_Macro_Oil_RegQuality,ARE,8,81.91914218830512,839.978137711556,9.124459572265499,8.292567491409011
M2_Macro_Oil_vs_M3_Macro_Oil_RegQuality__primary__Oil_Rent_Intensive_Pre2016_ge15pct,Regulatory_Quality_lag1,primary,Inward_FDI_Net_Flow_asinh,Oil_Rent_Intensive_Pre2016_ge15pct,oil_rent_threshold,15.0,Future_Period,train_to_2014__test_from_2015,Ridge,model,M3_Macro_Oil_RegQuality,AZE,8,32.393404013592665,562.8647031700732,328.8826398744,27.916874349559976
M2_Macro_Oil_vs_M3_Macro_Oil_RegQuality__primary__Oil_Rent_Intensive_Pre2016_ge15pct,Regulatory_Quality_lag1,primary,Inward_FDI_Net_Flow_asinh,Oil_Rent_Intensive_Pre2016_ge15pct,oil_rent_threshold,15.0,Future_Period,train_to_2014__test_from_2015,Ridge,model,M3_Macro_Oil_RegQuality,BHR,8,58.72304661239256,441.1460319830121,8.712588192206244,5.383242137622315
M2_Macro_Oil_vs_M3_Macro_Oil_RegQuality__primary__Oil_Rent_Intensive_Pre2016_ge15pct,Regulatory_Quality_lag1,primary,Inward_FDI_Net_Flow_asinh,Oil_Rent_Intensive_Pre2016_ge15pct,oil_rent_threshold,15.0,Future_Period,train_to_2014__test_from_2015,Ridge,model,M3_Macro_Oil_RegQuality,BRN,8,27.216163692193163,331.5774118236029,350.0505728525196,33.56204299075503
M2_Macro_Oil_vs_M3_Macro_Oil_RegQuality__primary__Oil_Rent_Intensive_Pre2016_ge15pct,Regulatory_Quality_lag1,primary,Inward_FDI_Net_Flow_asinh,Oil_Rent_Intensive_Pre2016_ge15pct,oil_rent_threshold,15.0,Future_Period,train_to_2014__test_from_2015,Ridge,model,M3_Macro_Oil_RegQuality,COG,8,16.087188454886725,490.31873563292334,367.6502893435561,45.53735304488885
M2_Macro_Oil_vs_M3_Macro_Oil_RegQuality__primary__Oil_Rent_Intensive_Pre2016_ge15pct,Regulatory_Quality_lag1,primary,Inward_FDI_Net_Flow_asinh,Oil_Rent_Intensive_Pre2016_ge15pct,oil_rent_threshold,15.0,Future_Period,train_to_2014__test_from_2015,Ridge,model,M3_Macro_Oil_RegQuality,DZA,8,46.20672932545979,455.447249769709,279.36098029570667,26.14431445913125
M2_Macro_Oil_vs_M3_Macro_Oil_RegQuality__primary__Oil_Rent_Intensive_Pre2016_ge15pct,Regulatory_Quality_lag1,primary,Inward_FDI_Net_Flow_asinh,Oil_Rent_Intensive_Pre2016_ge15pct,oil_rent_threshold,15.0,Future_Period,train_to_2014__test_from_2015,Ridge,model,M3_Macro_Oil_RegQuality,ECU,8,60.2346421292708,454.16586586325695,3.2548090449601212,4.2057590069008475
M2_Macro_Oil_vs_M3_Macro_Oil_RegQuality__primary__Oil_Rent_Intensive_Pre2016_ge15pct,Regulatory_Quality_lag1,primary,Inward_FDI_Net_Flow_asinh,Oil_Rent_Intensive_Pre2016_ge15pct,oil_rent_threshold,15.0,Future_Period,train_to_2014__test_from_2015,Ridge,model,M3_Macro_Oil_RegQuality,EGY,8,76.96699833836755,740.9248729102088,0.8468739957166078,2.053128090257335
M2_Macro_Oil_vs_M3_Macro_Oil_RegQuality__primary__Oil_Rent_Intensive_Pre2016_ge15pct,Regulatory_Quality_lag1,primary,Inward_FDI_Net_Flow_asinh,Oil_Rent_Intensive_Pre2016_ge15pct,oil_rent_threshold,15.0,Future_Period,train_to_2014__test_from_2015,Ridge,model,M3_Macro_Oil_RegQuality,GAB,8,59.947667108105335,460.1173661723513,14.164623818871595,8.643870983752599
M2_Macro_Oil_vs_M3_Macro_Oil_RegQuality__primary__Oil_Rent_Intensive_Pre2016_ge15pct,Regulatory_Quality_lag1,primary,Inward_FDI_Net_Flow_asinh,Oil_Rent_Intensive_Pre2016_ge15pct,oil_rent_threshold,15.0,Future_Period,train_to_2014__test_from_2015,Ridge,model,M3_Macro_Oil_RegQuality,GNQ,8,36.371812016884526,378.7794809386384,309.89900162821766,38.75400058095154
M2_Macro_Oil_vs_M3_Macro_Oil_RegQuality__primary__Oil_Rent_Intensive_Pre2016_ge15pct,Regulatory_Quality_lag1,primary,Inward_FDI_Net_Flow_asinh,Oil_Rent_Intensive_Pre2016_ge15pct,oil_rent_threshold,15.0,Future_Period,train_to_2014__test_from_2015,Ridge,model,M3_Macro_Oil_RegQuality,IRN,8,66.68253404648858,557.392269199459,2.8945427178412944,4.203327311593732
M2_Macro_Oil_vs_M3_Macro_Oil_RegQuality__primary__Oil_Rent_Intensive_Pre2016_ge15pct,Regulatory_Quality_lag1,primary,Inward_FDI_Net_Flow_asinh,Oil_Rent_Intensive_Pre2016_ge15pct,oil_rent_threshold,15.0,Future_Period,train_to_2014__test_from_2015,Ridge,model,M3_Macro_Oil_RegQuality,IRQ,8,-71.74764438663038,644.9408709608304,594.528324519468,68.93714470884571
M2_Macro_Oil_vs_M3_Macro_Oil_RegQuality__primary__Oil_Rent_Intensive_Pre2016_ge15pct,Regulatory_Quality_lag1,primary,Inward_FDI_Net_Flow_asinh,Oil_Rent_Intensive_Pre2016_ge15pct,oil_rent_threshold,15.0,Future_Period,train_to_2014__test_from_2015,Ridge,model,M3_Macro_Oil_RegQuality,KAZ,8,72.49242124585909,665.5740359590474,10.581914790212966,7.401529194530232
M2_Macro_Oil_vs_M3_Macro_Oil_RegQuality__primary__Oil_Rent_Intensive_Pre2016_ge15pct,Regulatory_Quality_lag1,primary,Inward_FDI_Net_Flow_asinh,Oil_Rent_Intensive_Pre2016_ge15pct,oil_rent_threshold,15.0,Future_Period,train_to_2014__test_from_2015,Ridge,model,M3_Macro_Oil_RegQuality,KWT,7,7.999744764032011,261.40174355471726,370.689660004857,37.896596249444684
M2_Macro_Oil_vs_M3_Macro_Oil_RegQuality__primary__Oil_Rent_Intensive_Pre2016_ge15pct,Regulatory_Quality_lag1,primary,Inward_FDI_Net_Flow_asinh,Oil_Rent_Intensive_Pre2016_ge15pct,oil_rent_threshold,15.0,Future_Period,train_to_2014__test_from_2015,Ridge,model,M3_Macro_Oil_RegQuality,LBY,1,7.247081091886447,52.52018435237805,2.6705821951073117,1.6341916029362382
M2_Macro_Oil_vs_M3_Macro_Oil_RegQuality__primary__Oil_Rent_Intensive_Pre2016_ge15pct,Regulatory_Quality_lag1,primary,Inward_FDI_Net_Flow_asinh,Oil_Rent_Intensive_Pre2016_ge15pct,oil_rent_threshold,15.0,Future_Period,train_to_2014__test_from_2015,Ridge,model,M3_Macro_Oil_RegQuality,NGA,8,53.170904465725435,535.5227091353088,206.16725885647557,18.515236020792308
M2_Macro_Oil_vs_M3_Macro_Oil_RegQuality__primary__Oil_Rent_Intensive_Pre2016_ge15pct,Regulatory_Quality_lag1,primary,Inward_FDI_Net_Flow_asinh,Oil_Rent_Intensive_Pre2016_ge15pct,oil_rent_threshold,15.0,Future_Period,train_to_2014__test_from_2015,Ridge,model,M3_Macro_Oil_RegQuality,OMN,8,53.86285858496268,625.9789323300829,322.4025465081889,29.429477206459445
M2_Macro_Oil_vs_M3_Macro_Oil_RegQuality__primary__Oil_Rent_Intensive_Pre2016_ge15pct,Regulatory_Quality_lag1,primary,Inward_FDI_Net_Flow_asinh,Oil_Rent_Intensive_Pre2016_ge15pct,oil_rent_threshold,15.0,Future_Period,train_to_2014__test_from_2015,Ridge,model,M3_Macro_Oil_RegQuality,PNG,8,15.747710085396985,261.72972249547416,294.85354900317043,39.201976292307236
M2_Macro_Oil_vs_M3_Macro_Oil_RegQuality__primary__Oil_Rent_Intensive_Pre2016_ge15pct,Regulatory_Quality_lag1,primary,Inward_FDI_Net_Flow_asinh,Oil_Rent_Intensive_Pre2016_ge15pct,oil_rent_threshold,15.0,Future_Period,train_to_2014__test_from_2015,Ridge,model,M3_Macro_Oil_RegQuality,QAT,8,-5.572796929920854,471.6419174386295,506.7635252258752,47.27152265357471
M2_Macro_Oil_vs_M3_Macro_Oil_RegQuality__primary__Oil_Rent_Intensive_Pre2016_ge15pct,Regulatory_Quality_lag1,primary,Inward_FDI_Net_Flow_asinh,Oil_Rent_Intensive_Pre2016_ge15pct,oil_rent_threshold,15.0,Future_Period,train_to_2014__test_from_2015,Ridge,model,M3_Macro_Oil_RegQuality,RUS,8,62.26766128801483,903.6043763835429,481.6922166345212,28.32226093692391
M2_Macro_Oil_vs_M3_Macro_Oil_RegQuality__primary__Oil_Rent_Intensive_Pre2016_ge15pct,Regulatory_Quality_lag1,primary,Inward_FDI_Net_Flow_asinh,Oil_Rent_Intensive_Pre2016_ge15pct,oil_rent_threshold,15.0,Future_Period,train_to_2014__test_from_2015,Ridge,model,M3_Macro_Oil_RegQuality,SAU,8,76.02326067108464,734.6540076724813,21.379358414320464,11.77278657242826
M2_Macro_Oil_vs_M3_Macro_Oil_RegQuality__primary__Oil_Rent_Intensive_Pre2016_ge15pct,Regulatory_Quality_lag1,primary,Inward_FDI_Net_Flow_asinh,Oil_Rent_Intensive_Pre2016_ge15pct,oil_rent_threshold,15.0,Future_Period,train_to_2014__test_from_2015,Ridge,model,M3_Macro_Oil_RegQuality,SDN,8,59.87768364784157,449.2597091891802,20.17993261350319,8.354142467090579
M2_Macro_Oil_vs_M3_Macro_Oil_RegQuality__primary__Oil_Rent_Intensive_Pre2016_ge15pct,Regulatory_Quality_lag1,primary,Inward_FDI_Net_Flow_asinh,Oil_Rent_Intensive_Pre2016_ge15pct,oil_rent_threshold,15.0,Future_Period,train_to_2014__test_from_2015,Ridge,model,M3_Macro_Oil_RegQuality,SSD,2,-2.608250083734803,7.627205053115851,28.299774418920432,6.62239195543861
M2_Macro_Oil_vs_M3_Macro_Oil_RegQuality__primary__Oil_Rent_Intensive_Pre2016_ge15pct,Regulatory_Quality_lag1,primary,Inward_FDI_Net_Flow_asinh,Oil_Rent_Intensive_Pre2016_ge15pct,oil_rent_threshold,15.0,Future_Period,train_to_2014__test_from_2015,Ridge,model,M3_Macro_Oil_RegQuality,TCD,8,55.042955458714985,379.5297026988541,101.0354733034405,22.21253846705373
M2_Macro_Oil_vs_M3_Macro_Oil_RegQuality__primary__Oil_Rent_Intensive_Pre2016_ge15pct,Regulatory_Quality_lag1,primary,Inward_FDI_Net_Flow_asinh,Oil_Rent_Intensive_Pre2016_ge15pct,oil_rent_threshold,15.0,Future_Period,train_to_2014__test_from_2015,Ridge,model,M3_Macro_Oil_RegQuality,TLS,7,-4.236303618682487,169.3906330698152,228.93439152322605,31.86492088564098
M2_Macro_Oil_vs_M3_Macro_Oil_RegQuality__primary__Oil_Rent_Intensive_Pre2016_ge15pct,Regulatory_Quality_lag1,primary,Inward_FDI_Net_Flow_asinh,Oil_Rent_Intensive_Pre2016_ge15pct,oil_rent_threshold,15.0,Future_Period,train_to_2014__test_from_2015,Ridge,model,M3_Macro_Oil_RegQuality,TTO,8,1.7111820111722835,359.1502794543235,584.1710428686567,58.199145122406286
M2_Macro_Oil_vs_M3_Macro_Oil_RegQuality__primary__Oil_Rent_Intensive_Pre2016_ge15pct,Regulatory_Quality_lag1,primary,Inward_FDI_Net_Flow_asinh,Oil_Rent_Intensive_Pre2016_ge15pct,oil_rent_threshold,15.0,Future_Period,train_to_2014__test_from_2015,Ridge,model,M3_Macro_Oil_RegQuality,VEN,1,8.684739491238911,75.4247000306847,0.1121267583101978,0.3348533385083652
M2_Macro_Oil_vs_M3_Macro_Oil_RegQuality__primary__Oil_Rent_Intensive_Pre2016_ge15pct,Regulatory_Quality_lag1,primary,Inward_FDI_Net_Flow_asinh,Oil_Rent_Intensive_Pre2016_ge15pct,oil_rent_threshold,15.0,Future_Period,train_to_2014__test_from_2015,Ridge,model,M3_Macro_Oil_RegQuality,YEM,1,-3.4314664878767003,11.774962257420857,17.028455755173425,4.126554949976242
M2_Macro_Oil_vs_M3_Macro_Oil_RegQuality__primary__Oil_Rent_Intensive_Pre2016_ge15pct,Regulatory_Quality_lag1,primary,Inward_FDI_Net_Flow_asinh,Oil_Rent_Intensive_Pre2016_ge15pct,oil_rent_threshold,15.0,Future_Period,train_to_2015__test_from_2016,Benchmark,benchmark,Lagged_Flow,AGO,7,-60.74786004572578,537.5979824002613,264.8778519163102,22.14820593922582
M2_Macro_Oil_vs_M3_Macro_Oil_RegQuality__primary__Oil_Rent_Intensive_Pre2016_ge15pct,Regulatory_Quality_lag1,primary,Inward_FDI_Net_Flow_asinh,Oil_Rent_Intensive_Pre2016_ge15pct,oil_rent_threshold,15.0,Future_Period,train_to_2015__test_from_2016,Benchmark,benchmark,Lagged_Flow,ARE,7,72.17220296842564,744.9753135555313,0.3359557591473634,0.9779372429407225
M2_Macro_Oil_vs_M3_Macro_Oil_RegQuality__primary__Oil_Rent_Intensive_Pre2016_ge15pct,Regulatory_Quality_lag1,primary,Inward_FDI_Net_Flow_asinh,Oil_Rent_Intensive_Pre2016_ge15pct,oil_rent_threshold,15.0,Future_Period,train_to_2015__test_from_2016,Benchmark,benchmark,Lagged_Flow,AZE,7,23.394370014145565,481.8820902468683,229.58252185900213,18.44899474868444
M2_Macro_Oil_vs_M3_Macro_Oil_RegQuality__primary__Oil_Rent_Intensive_Pre2016_ge15pct,Regulatory_Quality_lag1,primary,Inward_FDI_Net_Flow_asinh,Oil_Rent_Intensive_Pre2016_ge15pct,oil_rent_threshold,15.0,Future_Period,train_to_2015__test_from_2016,Benchmark,benchmark,Lagged_Flow,BHR,7,53.85709080346507,417.4685060485769,5.535980051408818,4.530178884795768
M2_Macro_Oil_vs_M3_Macro_Oil_RegQuality__primary__Oil_Rent_Intensive_Pre2016_ge15pct,Regulatory_Quality_lag1,primary,Inward_FDI_Net_Flow_asinh,Oil_Rent_Intensive_Pre2016_ge15pct,oil_rent_threshold,15.0,Future_Period,train_to_2015__test_from_2016,Benchmark,benchmark,Lagged_Flow,BRN,7,21.379654822734352,297.51257604033157,445.47645106252344,38.325373753512295
M2_Macro_Oil_vs_M3_Macro_Oil_RegQuality__primary__Oil_Rent_Intensive_Pre2016_ge15pct,Regulatory_Quality_lag1,primary,Inward_FDI_Net_Flow_asinh,Oil_Rent_Intensive_Pre2016_ge15pct,oil_rent_threshold,15.0,Future_Period,train_to_2015__test_from_2016,Benchmark,benchmark,Lagged_Flow,COG,7,7.032370543108964,408.32900821747194,513.2064977665548,41.53426705620081
M2_Macro_Oil_vs_M3_Macro_Oil_RegQuality__primary__Oil_Rent_Intensive_Pre2016_ge15pct,Regulatory_Quality_lag1,primary,Inward_FDI_Net_Flow_asinh,Oil_Rent_Intensive_Pre2016_ge15pct,oil_rent_threshold,15.0,Future_Period,train_to_2015__test_from_2016,Benchmark,benchmark,Lagged_Flow,DZA,7,53.18735095112583,406.71817148899254,229.12485347521135,17.339264284268573
M2_Macro_Oil_vs_M3_Macro_Oil_RegQuality__primary__Oil_Rent_Intensive_Pre2016_ge15pct,Regulatory_Quality_lag1,primary,Inward_FDI_Net_Flow_asinh,Oil_Rent_Intensive_Pre2016_ge15pct,oil_rent_threshold,15.0,Future_Period,train_to_2015__test_from_2016,Benchmark,benchmark,Lagged_Flow,ECU,7,52.354063413740924,392.06234497159437,1.4765275633309325,2.8444619718991033
M2_Macro_Oil_vs_M3_Macro_Oil_RegQuality__primary__Oil_Rent_Intensive_Pre2016_ge15pct,Regulatory_Quality_lag1,primary,Inward_FDI_Net_Flow_asinh,Oil_Rent_Intensive_Pre2016_ge15pct,oil_rent_threshold,15.0,Future_Period,train_to_2015__test_from_2016,Benchmark,benchmark,Lagged_Flow,EGY,7,67.43092894108983,649.9882533605122,0.8961043680539937,1.8080193207167063
M2_Macro_Oil_vs_M3_Macro_Oil_RegQuality__primary__Oil_Rent_Intensive_Pre2016_ge15pct,Regulatory_Quality_lag1,primary,Inward_FDI_Net_Flow_asinh,Oil_Rent_Intensive_Pre2016_ge15pct,oil_rent_threshold,15.0,Future_Period,train_to_2015__test_from_2016,Benchmark,benchmark,Lagged_Flow,GAB,7,55.52369042192025,440.54579645244206,11.674574347267788,4.158037744724243
M2_Macro_Oil_vs_M3_Macro_Oil_RegQuality__primary__Oil_Rent_Intensive_Pre2016_ge15pct,Regulatory_Quality_lag1,primary,Inward_FDI_Net_Flow_asinh,Oil_Rent_Intensive_Pre2016_ge15pct,oil_rent_threshold,15.0,Future_Period,train_to_2015__test_from_2016,Benchmark,benchmark,Lagged_Flow,GNQ,7,28.598891549862692,318.3611883519915,530.416377633386,48.426657256981315
M2_Macro_Oil_vs_M3_Macro_Oil_RegQuality__primary__Oil_Rent_Intensive_Pre2016_ge15pct,Regulatory_Quality_lag1,primary,Inward_FDI_Net_Flow_asinh,Oil_Rent_Intensive_Pre2016_ge15pct,oil_rent_threshold,15.0,Future_Period,train_to_2015__test_from_2016,Benchmark,benchmark,Lagged_Flow,IRN,7,58.363791734307796,488.19079554299185,1.1923491651525862,2.325764453046988
M2_Macro_Oil_vs_M3_Macro_Oil_RegQuality__primary__Oil_Rent_Intensive_Pre2016_ge15pct,Regulatory_Quality_lag1,primary,Inward_FDI_Net_Flow_asinh,Oil_Rent_Intensive_Pre2016_ge15pct,oil_rent_threshold,15.0,Future_Period,train_to_2015__test_from_2016,Benchmark,benchmark,Lagged_Flow,IRQ,7,-62.12199418747331,552.2877292042979,0.3652415360727298,1.2884452314092805
M2_Macro_Oil_vs_M3_Macro_Oil_RegQuality__primary__Oil_Rent_Intensive_Pre2016_ge15pct,Regulatory_Quality_lag1,primary,Inward_FDI_Net_Flow_asinh,Oil_Rent_Intensive_Pre2016_ge15pct,oil_rent_threshold,15.0,Future_Period,train_to_2015__test_from_2016,Benchmark,benchmark,Lagged_Flow,KAZ,7,63.00781478143046,575.616276173966,15.551443214545918,8.427721054330291
M2_Macro_Oil_vs_M3_Macro_Oil_RegQuality__primary__Oil_Rent_Intensive_Pre2016_ge15pct,Regulatory_Quality_lag1,primary,Inward_FDI_Net_Flow_asinh,Oil_Rent_Intensive_Pre2016_ge15pct,oil_rent_threshold,15.0,Future_Period,train_to_2015__test_from_2016,Benchmark,benchmark,Lagged_Flow,KWT,6,1.6553424904055456,221.1503033451206,394.77502674879776,35.51971426752757
M2_Macro_Oil_vs_M3_Macro_Oil_RegQuality__primary__Oil_Rent_Intensive_Pre2016_ge15pct,Regulatory_Quality_lag1,primary,Inward_FDI_Net_Flow_asinh,Oil_Rent_Intensive_Pre2016_ge15pct,oil_rent_threshold,15.0,Future_Period,train_to_2015__test_from_2016,Benchmark,benchmark,Lagged_Flow,LBY,1,7.247081091886447,52.52018435237805,0.023108872479545486,0.15201602704828687
M2_Macro_Oil_vs_M3_Macro_Oil_RegQuality__primary__Oil_Rent_Intensive_Pre2016_ge15pct,Regulatory_Quality_lag1,primary,Inward_FDI_Net_Flow_asinh,Oil_Rent_Intensive_Pre2016_ge15pct,oil_rent_threshold,15.0,Future_Period,train_to_2015__test_from_2016,Benchmark,benchmark,Lagged_Flow,NGA,7,44.45022560372351,459.47246932114155,219.46504705336935,17.787895321071883
M2_Macro_Oil_vs_M3_Macro_Oil_RegQuality__primary__Oil_Rent_Intensive_Pre2016_ge15pct,Regulatory_Quality_lag1,primary,Inward_FDI_Net_Flow_asinh,Oil_Rent_Intensive_Pre2016_ge15pct,oil_rent_threshold,15.0,Future_Period,train_to_2015__test_from_2016,Benchmark,benchmark,Lagged_Flow,OMN,7,62.23960825029308,555.8089973744698,286.0339129375569,20.53947650378762
M2_Macro_Oil_vs_M3_Macro_Oil_RegQuality__primary__Oil_Rent_Intensive_Pre2016_ge15pct,Regulatory_Quality_lag1,primary,Inward_FDI_Net_Flow_asinh,Oil_Rent_Intensive_Pre2016_ge15pct,oil_rent_threshold,15.0,Future_Period,train_to_2015__test_from_2016,Benchmark,benchmark,Lagged_Flow,PNG,7,11.652159519985691,244.9561880616334,463.71227109977144,45.11906079430109
M2_Macro_Oil_vs_M3_Macro_Oil_RegQuality__primary__Oil_Rent_Intensive_Pre2016_ge15pct,Regulatory_Quality_lag1,primary,Inward_FDI_Net_Flow_asinh,Oil_Rent_Intensive_Pre2016_ge15pct,oil_rent_threshold,15.0,Future_Period,train_to_2015__test_from_2016,Benchmark,benchmark,Lagged_Flow,QAT,7,-13.242179526900895,412.8224880197692,417.6083327205555,30.44905889048487
M2_Macro_Oil_vs_M3_Macro_Oil_RegQuality__primary__Oil_Rent_Intensive_Pre2016_ge15pct,Regulatory_Quality_lag1,primary,Inward_FDI_Net_Flow_asinh,Oil_Rent_Intensive_Pre2016_ge15pct,oil_rent_threshold,15.0,Future_Period,train_to_2015__test_from_2016,Benchmark,benchmark,Lagged_Flow,RUS,7,52.74207668820015,812.8676144153163,519.2029279655274,29.411738737695863
M2_Macro_Oil_vs_M3_Macro_Oil_RegQuality__primary__Oil_Rent_Intensive_Pre2016_ge15pct,Regulatory_Quality_lag1,primary,Inward_FDI_Net_Flow_asinh,Oil_Rent_Intensive_Pre2016_ge15pct,oil_rent_threshold,15.0,Future_Period,train_to_2015__test_from_2016,Benchmark,benchmark,Lagged_Flow,SAU,7,67.04342987620583,654.0166465678275,29.02854510942154,12.202140649995417
M2_Macro_Oil_vs_M3_Macro_Oil_RegQuality__primary__Oil_Rent_Intensive_Pre2016_ge15pct,Regulatory_Quality_lag1,primary,Inward_FDI_Net_Flow_asinh,Oil_Rent_Intensive_Pre2016_ge15pct,oil_rent_threshold,15.0,Future_Period,train_to_2015__test_from_2016,Benchmark,benchmark,Lagged_Flow,SDN,7,51.72960036762508,382.8684480478367,0.4696322265340672,1.4190546056135531
M2_Macro_Oil_vs_M3_Macro_Oil_RegQuality__primary__Oil_Rent_Intensive_Pre2016_ge15pct,Regulatory_Quality_lag1,primary,Inward_FDI_Net_Flow_asinh,Oil_Rent_Intensive_Pre2016_ge15pct,oil_rent_threshold,15.0,Future_Period,train_to_2015__test_from_2016,Benchmark,benchmark,Lagged_Flow,SSD,1,-2.757693203919761,7.604871806945235,8.451441606929095,2.9071363241047186
M2_Macro_Oil_vs_M3_Macro_Oil_RegQuality__primary__Oil_Rent_Intensive_Pre2016_ge15pct,Regulatory_Quality_lag1,primary,Inward_FDI_Net_Flow_asinh,Oil_Rent_Intensive_Pre2016_ge15pct,oil_rent_threshold,15.0,Future_Period,train_to_2015__test_from_2016,Benchmark,benchmark,Lagged_Flow,TCD,7,48.02251015062013,330.243050374903,1.0144569852936267,2.0558558121754427
M2_Macro_Oil_vs_M3_Macro_Oil_RegQuality__primary__Oil_Rent_Intensive_Pre2016_ge15pct,Regulatory_Quality_lag1,primary,Inward_FDI_Net_Flow_asinh,Oil_Rent_Intensive_Pre2016_ge15pct,oil_rent_threshold,15.0,Future_Period,train_to_2015__test_from_2016,Benchmark,benchmark,Lagged_Flow,TLS,7,-4.236303618682487,169.3906330698152,233.02805987569354,26.55645907551188
M2_Macro_Oil_vs_M3_Macro_Oil_RegQuality__primary__Oil_Rent_Intensive_Pre2016_ge15pct,Regulatory_Quality_lag1,primary,Inward_FDI_Net_Flow_asinh,Oil_Rent_Intensive_Pre2016_ge15pct,oil_rent_threshold,15.0,Future_Period,train_to_2015__test_from_2016,Benchmark,benchmark,Lagged_Flow,TTO,7,-4.1571605408644245,324.7128351462788,744.284888459865,58.494985563321364
M2_Macro_Oil_vs_M3_Macro_Oil_RegQuality__primary__Oil_Rent_Intensive_Pre2016_ge15pct,Regulatory_Quality_lag1,primary,Inward_FDI_Net_Flow_asinh,Oil_Rent_Intensive_Pre2016_ge15pct,oil_rent_threshold,15.0,Future_Period,train_to_2015__test_from_2016,Benchmark,benchmark,Training_Mean,AGO,7,-60.74786004572578,537.5979824002613,1560.5967154112263,104.169542723446
M2_Macro_Oil_vs_M3_Macro_Oil_RegQuality__primary__Oil_Rent_Intensive_Pre2016_ge15pct,Regulatory_Quality_lag1,primary,Inward_FDI_Net_Flow_asinh,Oil_Rent_Intensive_Pre2016_ge15pct,oil_rent_threshold,15.0,Future_Period,train_to_2015__test_from_2016,Benchmark,benchmark,Training_Mean,ARE,7,72.17220296842564,744.9753135555313,118.94181865133663,28.75052029070542
M2_Macro_Oil_vs_M3_Macro_Oil_RegQuality__primary__Oil_Rent_Intensive_Pre2016_ge15pct,Regulatory_Quality_lag1,primary,Inward_FDI_Net_Flow_asinh,Oil_Rent_Intensive_Pre2016_ge15pct,oil_rent_threshold,15.0,Future_Period,train_to_2015__test_from_2016,Benchmark,benchmark,Training_Mean,AZE,7,23.394370014145565,481.8820902468683,460.99590512770044,39.255723259062165
M2_Macro_Oil_vs_M3_Macro_Oil_RegQuality__primary__Oil_Rent_Intensive_Pre2016_ge15pct,Regulatory_Quality_lag1,primary,Inward_FDI_Net_Flow_asinh,Oil_Rent_Intensive_Pre2016_ge15pct,oil_rent_threshold,15.0,Future_Period,train_to_2015__test_from_2016,Benchmark,benchmark,Training_Mean,BHR,7,53.85709080346507,417.4685060485769,18.65586503974549,10.466290156577614
M2_Macro_Oil_vs_M3_Macro_Oil_RegQuality__primary__Oil_Rent_Intensive_Pre2016_ge15pct,Regulatory_Quality_lag1,primary,Inward_FDI_Net_Flow_asinh,Oil_Rent_Intensive_Pre2016_ge15pct,oil_rent_threshold,15.0,Future_Period,train_to_2015__test_from_2016,Benchmark,benchmark,Training_Mean,BRN,7,21.379654822734352,297.51257604033157,301.6213405575751,27.272163324833237
M2_Macro_Oil_vs_M3_Macro_Oil_RegQuality__primary__Oil_Rent_Intensive_Pre2016_ge15pct,Regulatory_Quality_lag1,primary,Inward_FDI_Net_Flow_asinh,Oil_Rent_Intensive_Pre2016_ge15pct,oil_rent_threshold,15.0,Future_Period,train_to_2015__test_from_2016,Benchmark,benchmark,Training_Mean,COG,7,7.032370543108964,408.32900821747194,590.4329799566975,49.41009455280397
M2_Macro_Oil_vs_M3_Macro_Oil_RegQuality__primary__Oil_Rent_Intensive_Pre2016_ge15pct,Regulatory_Quality_lag1,primary,Inward_FDI_Net_Flow_asinh,Oil_Rent_Intensive_Pre2016_ge15pct,oil_rent_threshold,15.0,Future_Period,train_to_2015__test_from_2016,Benchmark,benchmark,Training_Mean,DZA,7,53.18735095112583,406.71817148899254,16.214453721560414,9.809371375475948
M2_Macro_Oil_vs_M3_Macro_Oil_RegQuality__primary__Oil_Rent_Intensive_Pre2016_ge15pct,Regulatory_Quality_lag1,primary,Inward_FDI_Net_Flow_asinh,Oil_Rent_Intensive_Pre2016_ge15pct,oil_rent_threshold,15.0,Future_Period,train_to_2015__test_from_2016,Benchmark,benchmark,Training_Mean,ECU,7,52.354063413740924,392.06234497159437,11.896554926341231,8.932380736020704
M2_Macro_Oil_vs_M3_Macro_Oil_RegQuality__primary__Oil_Rent_Intensive_Pre2016_ge15pct,Regulatory_Quality_lag1,primary,Inward_FDI_Net_Flow_asinh,Oil_Rent_Intensive_Pre2016_ge15pct,oil_rent_threshold,15.0,Future_Period,train_to_2015__test_from_2016,Benchmark,benchmark,Training_Mean,EGY,7,67.43092894108983,649.9882533605122,82.77592882862955,24.00924626336961
M2_Macro_Oil_vs_M3_Macro_Oil_RegQuality__primary__Oil_Rent_Intensive_Pre2016_ge15pct,Regulatory_Quality_lag1,primary,Inward_FDI_Net_Flow_asinh,Oil_Rent_Intensive_Pre2016_ge15pct,oil_rent_threshold,15.0,Future_Period,train_to_2015__test_from_2016,Benchmark,benchmark,Training_Mean,GAB,7,55.52369042192025,440.54579645244206,21.056995505504865,12.102007744200028
M2_Macro_Oil_vs_M3_Macro_Oil_RegQuality__primary__Oil_Rent_Intensive_Pre2016_ge15pct,Regulatory_Quality_lag1,primary,Inward_FDI_Net_Flow_asinh,Oil_Rent_Intensive_Pre2016_ge15pct,oil_rent_threshold,15.0,Future_Period,train_to_2015__test_from_2016,Benchmark,benchmark,Training_Mean,GNQ,7,28.598891549862692,318.3611883519915,232.9066939147464,27.12483745638058
M2_Macro_Oil_vs_M3_Macro_Oil_RegQuality__primary__Oil_Rent_Intensive_Pre2016_ge15pct,Regulatory_Quality_lag1,primary,Inward_FDI_Net_Flow_asinh,Oil_Rent_Intensive_Pre2016_ge15pct,oil_rent_threshold,15.0,Future_Period,train_to_2015__test_from_2016,Benchmark,benchmark,Training_Mean,IRN,7,58.363791734307796,488.19079554299185,33.46714375060638,14.94210905658758
M2_Macro_Oil_vs_M3_Macro_Oil_RegQuality__primary__Oil_Rent_Intensive_Pre2016_ge15pct,Regulatory_Quality_lag1,primary,Inward_FDI_Net_Flow_asinh,Oil_Rent_Intensive_Pre2016_ge15pct,oil_rent_threshold,15.0,Future_Period,train_to_2015__test_from_2016,Benchmark,benchmark,Training_Mean,IRQ,7,-62.12199418747331,552.2877292042979,1592.334238403715,105.54367686519353
M2_Macro_Oil_vs_M3_Macro_Oil_RegQuality__primary__Oil_Rent_Intensive_Pre2016_ge15pct,Regulatory_Quality_lag1,primary,Inward_FDI_Net_Flow_asinh,Oil_Rent_Intensive_Pre2016_ge15pct,oil_rent_threshold,15.0,Future_Period,train_to_2015__test_from_2016,Benchmark,benchmark,Training_Mean,KAZ,7,63.00781478143046,575.616276173966,63.277968638672,19.586132103710245
M2_Macro_Oil_vs_M3_Macro_Oil_RegQuality__primary__Oil_Rent_Intensive_Pre2016_ge15pct,Regulatory_Quality_lag1,primary,Inward_FDI_Net_Flow_asinh,Oil_Rent_Intensive_Pre2016_ge15pct,oil_rent_threshold,15.0,Future_Period,train_to_2015__test_from_2016,Benchmark,benchmark,Training_Mean,KWT,6,1.6553424904055456,221.1503033451206,431.4843149902034,37.36786889155615
M2_Macro_Oil_vs_M3_Macro_Oil_RegQuality__primary__Oil_Rent_Intensive_Pre2016_ge15pct,Regulatory_Quality_lag1,primary,Inward_FDI_Net_Flow_asinh,Oil_Rent_Intensive_Pre2016_ge15pct,oil_rent_threshold,15.0,Future_Period,train_to_2015__test_from_2016,Benchmark,benchmark,Training_Mean,LBY,1,7.247081091886447,52.52018435237805,1.0899016871175584,1.043983566497844
M2_Macro_Oil_vs_M3_Macro_Oil_RegQuality__primary__Oil_Rent_Intensive_Pre2016_ge15pct,Regulatory_Quality_lag1,primary,Inward_FDI_Net_Flow_asinh,Oil_Rent_Intensive_Pre2016_ge15pct,oil_rent_threshold,15.0,Future_Period,train_to_2015__test_from_2016,Benchmark,benchmark,Training_Mean,NGA,7,44.45022560372351,459.47246932114155,177.3632327966722,25.28104265717046
M2_Macro_Oil_vs_M3_Macro_Oil_RegQuality__primary__Oil_Rent_Intensive_Pre2016_ge15pct,Regulatory_Quality_lag1,primary,Inward_FDI_Net_Flow_asinh,Oil_Rent_Intensive_Pre2016_ge15pct,oil_rent_threshold,15.0,Future_Period,train_to_2015__test_from_2016,Benchmark,benchmark,Training_Mean,OMN,7,62.23960825029308,555.8089973744698,53.001209903747124,18.817925572572864
M2_Macro_Oil_vs_M3_Macro_Oil_RegQuality__primary__Oil_Rent_Intensive_Pre2016_ge15pct,Regulatory_Quality_lag1,primary,Inward_FDI_Net_Flow_asinh,Oil_Rent_Intensive_Pre2016_ge15pct,oil_rent_threshold,15.0,Future_Period,train_to_2015__test_from_2016,Benchmark,benchmark,Training_Mean,PNG,7,11.652159519985691,244.9561880616334,369.74615666029587,35.96176294459229
M2_Macro_Oil_vs_M3_Macro_Oil_RegQuality__primary__Oil_Rent_Intensive_Pre2016_ge15pct,Regulatory_Quality_lag1,primary,Inward_FDI_Net_Flow_asinh,Oil_Rent_Intensive_Pre2016_ge15pct,oil_rent_threshold,15.0,Future_Period,train_to_2015__test_from_2016,Benchmark,benchmark,Training_Mean,QAT,7,-13.242179526900895,412.8224880197692,846.4564824942858,61.714240765902154
M2_Macro_Oil_vs_M3_Macro_Oil_RegQuality__primary__Oil_Rent_Intensive_Pre2016_ge15pct,Regulatory_Quality_lag1,primary,Inward_FDI_Net_Flow_asinh,Oil_Rent_Intensive_Pre2016_ge15pct,oil_rent_threshold,15.0,Future_Period,train_to_2015__test_from_2016,Benchmark,benchmark,Training_Mean,RUS,7,52.74207668820015,812.8676144153163,427.8880560048313,44.296175253266874
M2_Macro_Oil_vs_M3_Macro_Oil_RegQuality__primary__Oil_Rent_Intensive_Pre2016_ge15pct,Regulatory_Quality_lag1,primary,Inward_FDI_Net_Flow_asinh,Oil_Rent_Intensive_Pre2016_ge15pct,oil_rent_threshold,15.0,Future_Period,train_to_2015__test_from_2016,Benchmark,benchmark,Training_Mean,SAU,7,67.04342987620583,654.0166465678275,91.61171101688953,23.621747198485615
M2_Macro_Oil_vs_M3_Macro_Oil_RegQuality__primary__Oil_Rent_Intensive_Pre2016_ge15pct,Regulatory_Quality_lag1,primary,Inward_FDI_Net_Flow_asinh,Oil_Rent_Intensive_Pre2016_ge15pct,oil_rent_threshold,15.0,Future_Period,train_to_2015__test_from_2016,Benchmark,benchmark,Training_Mean,SDN,7,51.72960036762508,382.8684480478367,10.449868354699117,8.307917689904865
M2_Macro_Oil_vs_M3_Macro_Oil_RegQuality__primary__Oil_Rent_Intensive_Pre2016_ge15pct,Regulatory_Quality_lag1,primary,Inward_FDI_Net_Flow_asinh,Oil_Rent_Intensive_Pre2016_ge15pct,oil_rent_threshold,15.0,Future_Period,train_to_2015__test_from_2016,Benchmark,benchmark,Training_Mean,SSD,1,-2.757693203919761,7.604871806945235,80.29577049445872,8.960790729308364
M2_Macro_Oil_vs_M3_Macro_Oil_RegQuality__primary__Oil_Rent_Intensive_Pre2016_ge15pct,Regulatory_Quality_lag1,primary,Inward_FDI_Net_Flow_asinh,Oil_Rent_Intensive_Pre2016_ge15pct,oil_rent_threshold,15.0,Future_Period,train_to_2015__test_from_2016,Benchmark,benchmark,Training_Mean,TCD,7,48.02251015062013,330.243050374903,3.8153549847569135,4.620800013659773
M2_Macro_Oil_vs_M3_Macro_Oil_RegQuality__primary__Oil_Rent_Intensive_Pre2016_ge15pct,Regulatory_Quality_lag1,primary,Inward_FDI_Net_Flow_asinh,Oil_Rent_Intensive_Pre2016_ge15pct,oil_rent_threshold,15.0,Future_Period,train_to_2015__test_from_2016,Benchmark,benchmark,Training_Mean,TLS,7,-4.236303618682487,169.3906330698152,491.2959744238789,47.657986296402704
M2_Macro_Oil_vs_M3_Macro_Oil_RegQuality__primary__Oil_Rent_Intensive_Pre2016_ge15pct,Regulatory_Quality_lag1,primary,Inward_FDI_Net_Flow_asinh,Oil_Rent_Intensive_Pre2016_ge15pct,oil_rent_threshold,15.0,Future_Period,train_to_2015__test_from_2016,Benchmark,benchmark,Training_Mean,TTO,7,-4.1571605408644245,324.7128351462788,645.6363120400127,53.597200331683
M2_Macro_Oil_vs_M3_Macro_Oil_RegQuality__primary__Oil_Rent_Intensive_Pre2016_ge15pct,Regulatory_Quality_lag1,primary,Inward_FDI_Net_Flow_asinh,Oil_Rent_Intensive_Pre2016_ge15pct,oil_rent_threshold,15.0,Future_Period,train_to_2015__test_from_2016,Benchmark,benchmark,Zero_Flow,AGO,7,-60.74786004572578,537.5979824002613,537.5979824002613,60.74786004572578
M2_Macro_Oil_vs_M3_Macro_Oil_RegQuality__primary__Oil_Rent_Intensive_Pre2016_ge15pct,Regulatory_Quality_lag1,primary,Inward_FDI_Net_Flow_asinh,Oil_Rent_Intensive_Pre2016_ge15pct,oil_rent_threshold,15.0,Future_Period,train_to_2015__test_from_2016,Benchmark,benchmark,Zero_Flow,ARE,7,72.17220296842564,744.9753135555313,744.9753135555313,72.17220296842564
M2_Macro_Oil_vs_M3_Macro_Oil_RegQuality__primary__Oil_Rent_Intensive_Pre2016_ge15pct,Regulatory_Quality_lag1,primary,Inward_FDI_Net_Flow_asinh,Oil_Rent_Intensive_Pre2016_ge15pct,oil_rent_threshold,15.0,Future_Period,train_to_2015__test_from_2016,Benchmark,benchmark,Zero_Flow,AZE,7,23.394370014145565,481.8820902468683,481.8820902468683,57.86501583522797
M2_Macro_Oil_vs_M3_Macro_Oil_RegQuality__primary__Oil_Rent_Intensive_Pre2016_ge15pct,Regulatory_Quality_lag1,primary,Inward_FDI_Net_Flow_asinh,Oil_Rent_Intensive_Pre2016_ge15pct,oil_rent_threshold,15.0,Future_Period,train_to_2015__test_from_2016,Benchmark,benchmark,Zero_Flow,BHR,7,53.85709080346507,417.4685060485769,417.4685060485769,53.85709080346507
M2_Macro_Oil_vs_M3_Macro_Oil_RegQuality__primary__Oil_Rent_Intensive_Pre2016_ge15pct,Regulatory_Quality_lag1,primary,Inward_FDI_Net_Flow_asinh,Oil_Rent_Intensive_Pre2016_ge15pct,oil_rent_threshold,15.0,Future_Period,train_to_2015__test_from_2016,Benchmark,benchmark,Zero_Flow,BRN,7,21.379654822734352,297.51257604033157,297.51257604033157,45.5218068556164
M2_Macro_Oil_vs_M3_Macro_Oil_RegQuality__primary__Oil_Rent_Intensive_Pre2016_ge15pct,Regulatory_Quality_lag1,primary,Inward_FDI_Net_Flow_asinh,Oil_Rent_Intensive_Pre2016_ge15pct,oil_rent_threshold,15.0,Future_Period,train_to_2015__test_from_2016,Benchmark,benchmark,Zero_Flow,COG,7,7.032370543108964,408.32900821747194,408.32900821747194,52.441733588338835
M2_Macro_Oil_vs_M3_Macro_Oil_RegQuality__primary__Oil_Rent_Intensive_Pre2016_ge15pct,Regulatory_Quality_lag1,primary,Inward_FDI_Net_Flow_asinh,Oil_Rent_Intensive_Pre2016_ge15pct,oil_rent_threshold,15.0,Future_Period,train_to_2015__test_from_2016,Benchmark,benchmark,Zero_Flow,DZA,7,53.18735095112583,406.71817148899254,406.71817148899254,53.18735095112583
M2_Macro_Oil_vs_M3_Macro_Oil_RegQuality__primary__Oil_Rent_Intensive_Pre2016_ge15pct,Regulatory_Quality_lag1,primary,Inward_FDI_Net_Flow_asinh,Oil_Rent_Intensive_Pre2016_ge15pct,oil_rent_threshold,15.0,Future_Period,train_to_2015__test_from_2016,Benchmark,benchmark,Zero_Flow,ECU,7,52.354063413740924,392.06234497159437,392.06234497159437,52.354063413740924
M2_Macro_Oil_vs_M3_Macro_Oil_RegQuality__primary__Oil_Rent_Intensive_Pre2016_ge15pct,Regulatory_Quality_lag1,primary,Inward_FDI_Net_Flow_asinh,Oil_Rent_Intensive_Pre2016_ge15pct,oil_rent_threshold,15.0,Future_Period,train_to_2015__test_from_2016,Benchmark,benchmark,Zero_Flow,EGY,7,67.43092894108983,649.9882533605122,649.9882533605122,67.43092894108983
M2_Macro_Oil_vs_M3_Macro_Oil_RegQuality__primary__Oil_Rent_Intensive_Pre2016_ge15pct,Regulatory_Quality_lag1,primary,Inward_FDI_Net_Flow_asinh,Oil_Rent_Intensive_Pre2016_ge15pct,oil_rent_threshold,15.0,Future_Period,train_to_2015__test_from_2016,Benchmark,benchmark,Zero_Flow,GAB,7,55.52369042192025,440.54579645244206,440.54579645244206,55.52369042192025
M2_Macro_Oil_vs_M3_Macro_Oil_RegQuality__primary__Oil_Rent_Intensive_Pre2016_ge15pct,Regulatory_Quality_lag1,primary,Inward_FDI_Net_Flow_asinh,Oil_Rent_Intensive_Pre2016_ge15pct,oil_rent_threshold,15.0,Future_Period,train_to_2015__test_from_2016,Benchmark,benchmark,Zero_Flow,GNQ,7,28.598891549862692,318.3611883519915,318.3611883519915,45.73413003254638
M2_Macro_Oil_vs_M3_Macro_Oil_RegQuality__primary__Oil_Rent_Intensive_Pre2016_ge15pct,Regulatory_Quality_lag1,primary,Inward_FDI_Net_Flow_asinh,Oil_Rent_Intensive_Pre2016_ge15pct,oil_rent_threshold,15.0,Future_Period,train_to_2015__test_from_2016,Benchmark,benchmark,Zero_Flow,IRN,7,58.363791734307796,488.19079554299185,488.19079554299185,58.363791734307796
M2_Macro_Oil_vs_M3_Macro_Oil_RegQuality__primary__Oil_Rent_Intensive_Pre2016_ge15pct,Regulatory_Quality_lag1,primary,Inward_FDI_Net_Flow_asinh,Oil_Rent_Intensive_Pre2016_ge15pct,oil_rent_threshold,15.0,Future_Period,train_to_2015__test_from_2016,Benchmark,benchmark,Zero_Flow,IRQ,7,-62.12199418747331,552.2877292042979,552.2877292042979,62.12199418747331
M2_Macro_Oil_vs_M3_Macro_Oil_RegQuality__primary__Oil_Rent_Intensive_Pre2016_ge15pct,Regulatory_Quality_lag1,primary,Inward_FDI_Net_Flow_asinh,Oil_Rent_Intensive_Pre2016_ge15pct,oil_rent_threshold,15.0,Future_Period,train_to_2015__test_from_2016,Benchmark,benchmark,Zero_Flow,KAZ,7,63.00781478143046,575.616276173966,575.616276173966,63.00781478143046
M2_Macro_Oil_vs_M3_Macro_Oil_RegQuality__primary__Oil_Rent_Intensive_Pre2016_ge15pct,Regulatory_Quality_lag1,primary,Inward_FDI_Net_Flow_asinh,Oil_Rent_Intensive_Pre2016_ge15pct,oil_rent_threshold,15.0,Future_Period,train_to_2015__test_from_2016,Benchmark,benchmark,Zero_Flow,KWT,6,1.6553424904055456,221.1503033451206,221.1503033451206,35.80299651570196
M2_Macro_Oil_vs_M3_Macro_Oil_RegQuality__primary__Oil_Rent_Intensive_Pre2016_ge15pct,Regulatory_Quality_lag1,primary,Inward_FDI_Net_Flow_asinh,Oil_Rent_Intensive_Pre2016_ge15pct,oil_rent_threshold,15.0,Future_Period,train_to_2015__test_from_2016,Benchmark,benchmark,Zero_Flow,LBY,1,7.247081091886447,52.52018435237805,52.52018435237805,7.247081091886447
M2_Macro_Oil_vs_M3_Macro_Oil_RegQuality__primary__Oil_Rent_Intensive_Pre2016_ge15pct,Regulatory_Quality_lag1,primary,Inward_FDI_Net_Flow_asinh,Oil_Rent_Intensive_Pre2016_ge15pct,oil_rent_threshold,15.0,Future_Period,train_to_2015__test_from_2016,Benchmark,benchmark,Zero_Flow,NGA,7,44.45022560372351,459.47246932114155,459.47246932114155,56.29653028411347
M2_Macro_Oil_vs_M3_Macro_Oil_RegQuality__primary__Oil_Rent_Intensive_Pre2016_ge15pct,Regulatory_Quality_lag1,primary,Inward_FDI_Net_Flow_asinh,Oil_Rent_Intensive_Pre2016_ge15pct,oil_rent_threshold,15.0,Future_Period,train_to_2015__test_from_2016,Benchmark,benchmark,Zero_Flow,OMN,7,62.23960825029308,555.8089973744698,555.8089973744698,62.23960825029308
M2_Macro_Oil_vs_M3_Macro_Oil_RegQuality__primary__Oil_Rent_Intensive_Pre2016_ge15pct,Regulatory_Quality_lag1,primary,Inward_FDI_Net_Flow_asinh,Oil_Rent_Intensive_Pre2016_ge15pct,oil_rent_threshold,15.0,Future_Period,train_to_2015__test_from_2016,Benchmark,benchmark,Zero_Flow,PNG,7,11.652159519985691,244.9561880616334,244.9561880616334,40.59964419509214
M2_Macro_Oil_vs_M3_Macro_Oil_RegQuality__primary__Oil_Rent_Intensive_Pre2016_ge15pct,Regulatory_Quality_lag1,primary,Inward_FDI_Net_Flow_asinh,Oil_Rent_Intensive_Pre2016_ge15pct,oil_rent_threshold,15.0,Future_Period,train_to_2015__test_from_2016,Benchmark,benchmark,Zero_Flow,QAT,7,-13.242179526900895,412.8224880197692,412.8224880197692,53.15539653457959
M2_Macro_Oil_vs_M3_Macro_Oil_RegQuality__primary__Oil_Rent_Intensive_Pre2016_ge15pct,Regulatory_Quality_lag1,primary,Inward_FDI_Net_Flow_asinh,Oil_Rent_Intensive_Pre2016_ge15pct,oil_rent_threshold,15.0,Future_Period,train_to_2015__test_from_2016,Benchmark,benchmark,Zero_Flow,RUS,7,52.74207668820015,812.8676144153163,812.8676144153163,75.3116628802099
M2_Macro_Oil_vs_M3_Macro_Oil_RegQuality__primary__Oil_Rent_Intensive_Pre2016_ge15pct,Regulatory_Quality_lag1,primary,Inward_FDI_Net_Flow_asinh,Oil_Rent_Intensive_Pre2016_ge15pct,oil_rent_threshold,15.0,Future_Period,train_to_2015__test_from_2016,Benchmark,benchmark,Zero_Flow,SAU,7,67.04342987620583,654.0166465678275,654.0166465678275,67.04342987620583
M2_Macro_Oil_vs_M3_Macro_Oil_RegQuality__primary__Oil_Rent_Intensive_Pre2016_ge15pct,Regulatory_Quality_lag1,primary,Inward_FDI_Net_Flow_asinh,Oil_Rent_Intensive_Pre2016_ge15pct,oil_rent_threshold,15.0,Future_Period,train_to_2015__test_from_2016,Benchmark,benchmark,Zero_Flow,SDN,7,51.72960036762508,382.8684480478367,382.8684480478367,51.72960036762508
M2_Macro_Oil_vs_M3_Macro_Oil_RegQuality__primary__Oil_Rent_Intensive_Pre2016_ge15pct,Regulatory_Quality_lag1,primary,Inward_FDI_Net_Flow_asinh,Oil_Rent_Intensive_Pre2016_ge15pct,oil_rent_threshold,15.0,Future_Period,train_to_2015__test_from_2016,Benchmark,benchmark,Zero_Flow,SSD,1,-2.757693203919761,7.604871806945235,7.604871806945235,2.757693203919761
M2_Macro_Oil_vs_M3_Macro_Oil_RegQuality__primary__Oil_Rent_Intensive_Pre2016_ge15pct,Regulatory_Quality_lag1,primary,Inward_FDI_Net_Flow_asinh,Oil_Rent_Intensive_Pre2016_ge15pct,oil_rent_threshold,15.0,Future_Period,train_to_2015__test_from_2016,Benchmark,benchmark,Zero_Flow,TCD,7,48.02251015062013,330.243050374903,330.243050374903,48.02251015062013
M2_Macro_Oil_vs_M3_Macro_Oil_RegQuality__primary__Oil_Rent_Intensive_Pre2016_ge15pct,Regulatory_Quality_lag1,primary,Inward_FDI_Net_Flow_asinh,Oil_Rent_Intensive_Pre2016_ge15pct,oil_rent_threshold,15.0,Future_Period,train_to_2015__test_from_2016,Benchmark,benchmark,Zero_Flow,TLS,7,-4.236303618682487,169.3906330698152,169.3906330698152,32.72478654138365
M2_Macro_Oil_vs_M3_Macro_Oil_RegQuality__primary__Oil_Rent_Intensive_Pre2016_ge15pct,Regulatory_Quality_lag1,primary,Inward_FDI_Net_Flow_asinh,Oil_Rent_Intensive_Pre2016_ge15pct,oil_rent_threshold,15.0,Future_Period,train_to_2015__test_from_2016,Benchmark,benchmark,Zero_Flow,TTO,7,-4.1571605408644245,324.7128351462788,324.7128351462788,46.80379235284404
M2_Macro_Oil_vs_M3_Macro_Oil_RegQuality__primary__Oil_Rent_Intensive_Pre2016_ge15pct,Regulatory_Quality_lag1,primary,Inward_FDI_Net_Flow_asinh,Oil_Rent_Intensive_Pre2016_ge15pct,oil_rent_threshold,15.0,Future_Period,train_to_2015__test_from_2016,ElasticNet,model,M2_Macro_Oil,AGO,7,-60.74786004572578,537.5979824002613,577.9073122702246,61.763472216923546
M2_Macro_Oil_vs_M3_Macro_Oil_RegQuality__primary__Oil_Rent_Intensive_Pre2016_ge15pct,Regulatory_Quality_lag1,primary,Inward_FDI_Net_Flow_asinh,Oil_Rent_Intensive_Pre2016_ge15pct,oil_rent_threshold,15.0,Future_Period,train_to_2015__test_from_2016,ElasticNet,model,M2_Macro_Oil,ARE,7,72.17220296842564,744.9753135555313,9.544411060211335,7.974322658081871
M2_Macro_Oil_vs_M3_Macro_Oil_RegQuality__primary__Oil_Rent_Intensive_Pre2016_ge15pct,Regulatory_Quality_lag1,primary,Inward_FDI_Net_Flow_asinh,Oil_Rent_Intensive_Pre2016_ge15pct,oil_rent_threshold,15.0,Future_Period,train_to_2015__test_from_2016,ElasticNet,model,M2_Macro_Oil,AZE,7,23.394370014145565,481.8820902468683,317.3866329953554,26.83708381346071
M2_Macro_Oil_vs_M3_Macro_Oil_RegQuality__primary__Oil_Rent_Intensive_Pre2016_ge15pct,Regulatory_Quality_lag1,primary,Inward_FDI_Net_Flow_asinh,Oil_Rent_Intensive_Pre2016_ge15pct,oil_rent_threshold,15.0,Future_Period,train_to_2015__test_from_2016,ElasticNet,model,M2_Macro_Oil,BHR,7,53.85709080346507,417.4685060485769,2.279104950949271,3.180191275005047
M2_Macro_Oil_vs_M3_Macro_Oil_RegQuality__primary__Oil_Rent_Intensive_Pre2016_ge15pct,Regulatory_Quality_lag1,primary,Inward_FDI_Net_Flow_asinh,Oil_Rent_Intensive_Pre2016_ge15pct,oil_rent_threshold,15.0,Future_Period,train_to_2015__test_from_2016,ElasticNet,model,M2_Macro_Oil,BRN,7,21.379654822734352,297.51257604033157,346.7830620315943,32.54823694069646
M2_Macro_Oil_vs_M3_Macro_Oil_RegQuality__primary__Oil_Rent_Intensive_Pre2016_ge15pct,Regulatory_Quality_lag1,primary,Inward_FDI_Net_Flow_asinh,Oil_Rent_Intensive_Pre2016_ge15pct,oil_rent_threshold,15.0,Future_Period,train_to_2015__test_from_2016,ElasticNet,model,M2_Macro_Oil,COG,7,7.032370543108964,408.32900821747194,360.4781701951348,42.62987446088797
M2_Macro_Oil_vs_M3_Macro_Oil_RegQuality__primary__Oil_Rent_Intensive_Pre2016_ge15pct,Regulatory_Quality_lag1,primary,Inward_FDI_Net_Flow_asinh,Oil_Rent_Intensive_Pre2016_ge15pct,oil_rent_threshold,15.0,Future_Period,train_to_2015__test_from_2016,ElasticNet,model,M2_Macro_Oil,DZA,7,53.18735095112583,406.71817148899254,53.877813314553755,9.902709693626992
M2_Macro_Oil_vs_M3_Macro_Oil_RegQuality__primary__Oil_Rent_Intensive_Pre2016_ge15pct,Regulatory_Quality_lag1,primary,Inward_FDI_Net_Flow_asinh,Oil_Rent_Intensive_Pre2016_ge15pct,oil_rent_threshold,15.0,Future_Period,train_to_2015__test_from_2016,ElasticNet,model,M2_Macro_Oil,ECU,7,52.354063413740924,392.06234497159437,1.7117252821419906,3.013752219020529
M2_Macro_Oil_vs_M3_Macro_Oil_RegQuality__primary__Oil_Rent_Intensive_Pre2016_ge15pct,Regulatory_Quality_lag1,primary,Inward_FDI_Net_Flow_asinh,Oil_Rent_Intensive_Pre2016_ge15pct,oil_rent_threshold,15.0,Future_Period,train_to_2015__test_from_2016,ElasticNet,model,M2_Macro_Oil,EGY,7,67.43092894108983,649.9882533605122,1.3748058613491025,2.34837059275811
M2_Macro_Oil_vs_M3_Macro_Oil_RegQuality__primary__Oil_Rent_Intensive_Pre2016_ge15pct,Regulatory_Quality_lag1,primary,Inward_FDI_Net_Flow_asinh,Oil_Rent_Intensive_Pre2016_ge15pct,oil_rent_threshold,15.0,Future_Period,train_to_2015__test_from_2016,ElasticNet,model,M2_Macro_Oil,GAB,7,55.52369042192025,440.54579645244206,9.546948450977721,7.139625370682238
M2_Macro_Oil_vs_M3_Macro_Oil_RegQuality__primary__Oil_Rent_Intensive_Pre2016_ge15pct,Regulatory_Quality_lag1,primary,Inward_FDI_Net_Flow_asinh,Oil_Rent_Intensive_Pre2016_ge15pct,oil_rent_threshold,15.0,Future_Period,train_to_2015__test_from_2016,ElasticNet,model,M2_Macro_Oil,GNQ,7,28.598891549862692,318.3611883519915,308.30735278251717,37.071626845910174
M2_Macro_Oil_vs_M3_Macro_Oil_RegQuality__primary__Oil_Rent_Intensive_Pre2016_ge15pct,Regulatory_Quality_lag1,primary,Inward_FDI_Net_Flow_asinh,Oil_Rent_Intensive_Pre2016_ge15pct,oil_rent_threshold,15.0,Future_Period,train_to_2015__test_from_2016,ElasticNet,model,M2_Macro_Oil,IRN,7,58.363791734307796,488.19079554299185,1.410944919693522,3.031164200741811
M2_Macro_Oil_vs_M3_Macro_Oil_RegQuality__primary__Oil_Rent_Intensive_Pre2016_ge15pct,Regulatory_Quality_lag1,primary,Inward_FDI_Net_Flow_asinh,Oil_Rent_Intensive_Pre2016_ge15pct,oil_rent_threshold,15.0,Future_Period,train_to_2015__test_from_2016,ElasticNet,model,M2_Macro_Oil,IRQ,7,-62.12199418747331,552.2877292042979,463.6475391221244,56.94021736342118
M2_Macro_Oil_vs_M3_Macro_Oil_RegQuality__primary__Oil_Rent_Intensive_Pre2016_ge15pct,Regulatory_Quality_lag1,primary,Inward_FDI_Net_Flow_asinh,Oil_Rent_Intensive_Pre2016_ge15pct,oil_rent_threshold,15.0,Future_Period,train_to_2015__test_from_2016,ElasticNet,model,M2_Macro_Oil,KAZ,7,63.00781478143046,575.616276173966,11.138052849778024,7.422620441027212
M2_Macro_Oil_vs_M3_Macro_Oil_RegQuality__primary__Oil_Rent_Intensive_Pre2016_ge15pct,Regulatory_Quality_lag1,primary,Inward_FDI_Net_Flow_asinh,Oil_Rent_Intensive_Pre2016_ge15pct,oil_rent_threshold,15.0,Future_Period,train_to_2015__test_from_2016,ElasticNet,model,M2_Macro_Oil,KWT,6,1.6553424904055456,221.1503033451206,359.8050700684395,36.896295011301504
M2_Macro_Oil_vs_M3_Macro_Oil_RegQuality__primary__Oil_Rent_Intensive_Pre2016_ge15pct,Regulatory_Quality_lag1,primary,Inward_FDI_Net_Flow_asinh,Oil_Rent_Intensive_Pre2016_ge15pct,oil_rent_threshold,15.0,Future_Period,train_to_2015__test_from_2016,ElasticNet,model,M2_Macro_Oil,LBY,1,7.247081091886447,52.52018435237805,3.1793247628894203,1.7830661128767549
M2_Macro_Oil_vs_M3_Macro_Oil_RegQuality__primary__Oil_Rent_Intensive_Pre2016_ge15pct,Regulatory_Quality_lag1,primary,Inward_FDI_Net_Flow_asinh,Oil_Rent_Intensive_Pre2016_ge15pct,oil_rent_threshold,15.0,Future_Period,train_to_2015__test_from_2016,ElasticNet,model,M2_Macro_Oil,NGA,7,44.45022560372351,459.47246932114155,205.59724186162344,17.97729427839486
M2_Macro_Oil_vs_M3_Macro_Oil_RegQuality__primary__Oil_Rent_Intensive_Pre2016_ge15pct,Regulatory_Quality_lag1,primary,Inward_FDI_Net_Flow_asinh,Oil_Rent_Intensive_Pre2016_ge15pct,oil_rent_threshold,15.0,Future_Period,train_to_2015__test_from_2016,ElasticNet,model,M2_Macro_Oil,OMN,7,62.23960825029308,555.8089973744698,82.22368973740957,14.650818212205092
M2_Macro_Oil_vs_M3_Macro_Oil_RegQuality__primary__Oil_Rent_Intensive_Pre2016_ge15pct,Regulatory_Quality_lag1,primary,Inward_FDI_Net_Flow_asinh,Oil_Rent_Intensive_Pre2016_ge15pct,oil_rent_threshold,15.0,Future_Period,train_to_2015__test_from_2016,ElasticNet,model,M2_Macro_Oil,PNG,7,11.652159519985691,244.9561880616334,301.971519188491,39.58719628339912
M2_Macro_Oil_vs_M3_Macro_Oil_RegQuality__primary__Oil_Rent_Intensive_Pre2016_ge15pct,Regulatory_Quality_lag1,primary,Inward_FDI_Net_Flow_asinh,Oil_Rent_Intensive_Pre2016_ge15pct,oil_rent_threshold,15.0,Future_Period,train_to_2015__test_from_2016,ElasticNet,model,M2_Macro_Oil,QAT,7,-13.242179526900895,412.8224880197692,487.80106608734127,46.11267276681959
M2_Macro_Oil_vs_M3_Macro_Oil_RegQuality__primary__Oil_Rent_Intensive_Pre2016_ge15pct,Regulatory_Quality_lag1,primary,Inward_FDI_Net_Flow_asinh,Oil_Rent_Intensive_Pre2016_ge15pct,oil_rent_threshold,15.0,Future_Period,train_to_2015__test_from_2016,ElasticNet,model,M2_Macro_Oil,RUS,7,52.74207668820015,812.8676144153163,474.40953962150934,27.788221340471402
M2_Macro_Oil_vs_M3_Macro_Oil_RegQuality__primary__Oil_Rent_Intensive_Pre2016_ge15pct,Regulatory_Quality_lag1,primary,Inward_FDI_Net_Flow_asinh,Oil_Rent_Intensive_Pre2016_ge15pct,oil_rent_threshold,15.0,Future_Period,train_to_2015__test_from_2016,ElasticNet,model,M2_Macro_Oil,SAU,7,67.04342987620583,654.0166465678275,21.967942284215866,10.781806296244774
M2_Macro_Oil_vs_M3_Macro_Oil_RegQuality__primary__Oil_Rent_Intensive_Pre2016_ge15pct,Regulatory_Quality_lag1,primary,Inward_FDI_Net_Flow_asinh,Oil_Rent_Intensive_Pre2016_ge15pct,oil_rent_threshold,15.0,Future_Period,train_to_2015__test_from_2016,ElasticNet,model,M2_Macro_Oil,SDN,7,51.72960036762508,382.8684480478367,20.47593118516591,7.569058287310716
M2_Macro_Oil_vs_M3_Macro_Oil_RegQuality__primary__Oil_Rent_Intensive_Pre2016_ge15pct,Regulatory_Quality_lag1,primary,Inward_FDI_Net_Flow_asinh,Oil_Rent_Intensive_Pre2016_ge15pct,oil_rent_threshold,15.0,Future_Period,train_to_2015__test_from_2016,ElasticNet,model,M2_Macro_Oil,SSD,1,-2.757693203919761,7.604871806945235,27.927075166484844,5.284607380542555
M2_Macro_Oil_vs_M3_Macro_Oil_RegQuality__primary__Oil_Rent_Intensive_Pre2016_ge15pct,Regulatory_Quality_lag1,primary,Inward_FDI_Net_Flow_asinh,Oil_Rent_Intensive_Pre2016_ge15pct,oil_rent_threshold,15.0,Future_Period,train_to_2015__test_from_2016,ElasticNet,model,M2_Macro_Oil,TCD,7,48.02251015062013,330.243050374903,20.642882669635206,11.73510579184292
M2_Macro_Oil_vs_M3_Macro_Oil_RegQuality__primary__Oil_Rent_Intensive_Pre2016_ge15pct,Regulatory_Quality_lag1,primary,Inward_FDI_Net_Flow_asinh,Oil_Rent_Intensive_Pre2016_ge15pct,oil_rent_threshold,15.0,Future_Period,train_to_2015__test_from_2016,ElasticNet,model,M2_Macro_Oil,TLS,7,-4.236303618682487,169.3906330698152,220.67190329046215,31.464389425129216
M2_Macro_Oil_vs_M3_Macro_Oil_RegQuality__primary__Oil_Rent_Intensive_Pre2016_ge15pct,Regulatory_Quality_lag1,primary,Inward_FDI_Net_Flow_asinh,Oil_Rent_Intensive_Pre2016_ge15pct,oil_rent_threshold,15.0,Future_Period,train_to_2015__test_from_2016,ElasticNet,model,M2_Macro_Oil,TTO,7,-4.1571605408644245,324.7128351462788,570.2953977901242,56.43864875810739
M2_Macro_Oil_vs_M3_Macro_Oil_RegQuality__primary__Oil_Rent_Intensive_Pre2016_ge15pct,Regulatory_Quality_lag1,primary,Inward_FDI_Net_Flow_asinh,Oil_Rent_Intensive_Pre2016_ge15pct,oil_rent_threshold,15.0,Future_Period,train_to_2015__test_from_2016,ElasticNet,model,M3_Macro_Oil_RegQuality,AGO,7,-60.74786004572578,537.5979824002613,578.122502209601,61.75953130148567
M2_Macro_Oil_vs_M3_Macro_Oil_RegQuality__primary__Oil_Rent_Intensive_Pre2016_ge15pct,Regulatory_Quality_lag1,primary,Inward_FDI_Net_Flow_asinh,Oil_Rent_Intensive_Pre2016_ge15pct,oil_rent_threshold,15.0,Future_Period,train_to_2015__test_from_2016,ElasticNet,model,M3_Macro_Oil_RegQuality,ARE,7,72.17220296842564,744.9753135555313,10.983639706442034,8.5830194794691
M2_Macro_Oil_vs_M3_Macro_Oil_RegQuality__primary__Oil_Rent_Intensive_Pre2016_ge15pct,Regulatory_Quality_lag1,primary,Inward_FDI_Net_Flow_asinh,Oil_Rent_Intensive_Pre2016_ge15pct,oil_rent_threshold,15.0,Future_Period,train_to_2015__test_from_2016,ElasticNet,model,M3_Macro_Oil_RegQuality,AZE,7,23.394370014145565,481.8820902468683,316.87983679046374,26.792491141572714
M2_Macro_Oil_vs_M3_Macro_Oil_RegQuality__primary__Oil_Rent_Intensive_Pre2016_ge15pct,Regulatory_Quality_lag1,primary,Inward_FDI_Net_Flow_asinh,Oil_Rent_Intensive_Pre2016_ge15pct,oil_rent_threshold,15.0,Future_Period,train_to_2015__test_from_2016,ElasticNet,model,M3_Macro_Oil_RegQuality,BHR,7,53.85709080346507,417.4685060485769,2.4141286876042,3.3095850641983686
M2_Macro_Oil_vs_M3_Macro_Oil_RegQuality__primary__Oil_Rent_Intensive_Pre2016_ge15pct,Regulatory_Quality_lag1,primary,Inward_FDI_Net_Flow_asinh,Oil_Rent_Intensive_Pre2016_ge15pct,oil_rent_threshold,15.0,Future_Period,train_to_2015__test_from_2016,ElasticNet,model,M3_Macro_Oil_RegQuality,BRN,7,21.379654822734352,297.51257604033157,345.30657174756914,32.50157942050452
M2_Macro_Oil_vs_M3_Macro_Oil_RegQuality__primary__Oil_Rent_Intensive_Pre2016_ge15pct,Regulatory_Quality_lag1,primary,Inward_FDI_Net_Flow_asinh,Oil_Rent_Intensive_Pre2016_ge15pct,oil_rent_threshold,15.0,Future_Period,train_to_2015__test_from_2016,ElasticNet,model,M3_Macro_Oil_RegQuality,COG,7,7.032370543108964,408.32900821747194,361.2735443241788,42.664815935133106
M2_Macro_Oil_vs_M3_Macro_Oil_RegQuality__primary__Oil_Rent_Intensive_Pre2016_ge15pct,Regulatory_Quality_lag1,primary,Inward_FDI_Net_Flow_asinh,Oil_Rent_Intensive_Pre2016_ge15pct,oil_rent_threshold,15.0,Future_Period,train_to_2015__test_from_2016,ElasticNet,model,M3_Macro_Oil_RegQuality,DZA,7,53.18735095112583,406.71817148899254,53.53081938707471,10.177635534583409
M2_Macro_Oil_vs_M3_Macro_Oil_RegQuality__primary__Oil_Rent_Intensive_Pre2016_ge15pct,Regulatory_Quality_lag1,primary,Inward_FDI_Net_Flow_asinh,Oil_Rent_Intensive_Pre2016_ge15pct,oil_rent_threshold,15.0,Future_Period,train_to_2015__test_from_2016,ElasticNet,model,M3_Macro_Oil_RegQuality,ECU,7,52.354063413740924,392.06234497159437,2.0206600836568236,3.2746372598836535
M2_Macro_Oil_vs_M3_Macro_Oil_RegQuality__primary__Oil_Rent_Intensive_Pre2016_ge15pct,Regulatory_Quality_lag1,primary,Inward_FDI_Net_Flow_asinh,Oil_Rent_Intensive_Pre2016_ge15pct,oil_rent_threshold,15.0,Future_Period,train_to_2015__test_from_2016,ElasticNet,model,M3_Macro_Oil_RegQuality,EGY,7,67.43092894108983,649.9882533605122,1.295754431954355,2.228607294868688
M2_Macro_Oil_vs_M3_Macro_Oil_RegQuality__primary__Oil_Rent_Intensive_Pre2016_ge15pct,Regulatory_Quality_lag1,primary,Inward_FDI_Net_Flow_asinh,Oil_Rent_Intensive_Pre2016_ge15pct,oil_rent_threshold,15.0,Future_Period,train_to_2015__test_from_2016,ElasticNet,model,M3_Macro_Oil_RegQuality,GAB,7,55.52369042192025,440.54579645244206,8.709809133316652,6.704169491654323
M2_Macro_Oil_vs_M3_Macro_Oil_RegQuality__primary__Oil_Rent_Intensive_Pre2016_ge15pct,Regulatory_Quality_lag1,primary,Inward_FDI_Net_Flow_asinh,Oil_Rent_Intensive_Pre2016_ge15pct,oil_rent_threshold,15.0,Future_Period,train_to_2015__test_from_2016,ElasticNet,model,M3_Macro_Oil_RegQuality,GNQ,7,28.598891549862692,318.3611883519915,309.1257496070557,36.93847780626285
M2_Macro_Oil_vs_M3_Macro_Oil_RegQuality__primary__Oil_Rent_Intensive_Pre2016_ge15pct,Regulatory_Quality_lag1,primary,Inward_FDI_Net_Flow_asinh,Oil_Rent_Intensive_Pre2016_ge15pct,oil_rent_threshold,15.0,Future_Period,train_to_2015__test_from_2016,ElasticNet,model,M3_Macro_Oil_RegQuality,IRN,7,58.363791734307796,488.19079554299185,1.6174241306278532,3.2091631987508684
M2_Macro_Oil_vs_M3_Macro_Oil_RegQuality__primary__Oil_Rent_Intensive_Pre2016_ge15pct,Regulatory_Quality_lag1,primary,Inward_FDI_Net_Flow_asinh,Oil_Rent_Intensive_Pre2016_ge15pct,oil_rent_threshold,15.0,Future_Period,train_to_2015__test_from_2016,ElasticNet,model,M3_Macro_Oil_RegQuality,IRQ,7,-62.12199418747331,552.2877292042979,468.22959155681286,57.221195928822155
M2_Macro_Oil_vs_M3_Macro_Oil_RegQuality__primary__Oil_Rent_Intensive_Pre2016_ge15pct,Regulatory_Quality_lag1,primary,Inward_FDI_Net_Flow_asinh,Oil_Rent_Intensive_Pre2016_ge15pct,oil_rent_threshold,15.0,Future_Period,train_to_2015__test_from_2016,ElasticNet,model,M3_Macro_Oil_RegQuality,KAZ,7,63.00781478143046,575.616276173966,11.22470321428522,7.487921546205368
M2_Macro_Oil_vs_M3_Macro_Oil_RegQuality__primary__Oil_Rent_Intensive_Pre2016_ge15pct,Regulatory_Quality_lag1,primary,Inward_FDI_Net_Flow_asinh,Oil_Rent_Intensive_Pre2016_ge15pct,oil_rent_threshold,15.0,Future_Period,train_to_2015__test_from_2016,ElasticNet,model,M3_Macro_Oil_RegQuality,KWT,6,1.6553424904055456,221.1503033451206,359.09409979604163,36.862737755808006
M2_Macro_Oil_vs_M3_Macro_Oil_RegQuality__primary__Oil_Rent_Intensive_Pre2016_ge15pct,Regulatory_Quality_lag1,primary,Inward_FDI_Net_Flow_asinh,Oil_Rent_Intensive_Pre2016_ge15pct,oil_rent_threshold,15.0,Future_Period,train_to_2015__test_from_2016,ElasticNet,model,M3_Macro_Oil_RegQuality,LBY,1,7.247081091886447,52.52018435237805,2.8685499298893973,1.6936794058762707
M2_Macro_Oil_vs_M3_Macro_Oil_RegQuality__primary__Oil_Rent_Intensive_Pre2016_ge15pct,Regulatory_Quality_lag1,primary,Inward_FDI_Net_Flow_asinh,Oil_Rent_Intensive_Pre2016_ge15pct,oil_rent_threshold,15.0,Future_Period,train_to_2015__test_from_2016,ElasticNet,model,M3_Macro_Oil_RegQuality,NGA,7,44.45022560372351,459.47246932114155,205.41602937982856,18.005715815051325
M2_Macro_Oil_vs_M3_Macro_Oil_RegQuality__primary__Oil_Rent_Intensive_Pre2016_ge15pct,Regulatory_Quality_lag1,primary,Inward_FDI_Net_Flow_asinh,Oil_Rent_Intensive_Pre2016_ge15pct,oil_rent_threshold,15.0,Future_Period,train_to_2015__test_from_2016,ElasticNet,model,M3_Macro_Oil_RegQuality,OMN,7,62.23960825029308,555.8089973744698,83.69105344319472,14.979580416568636
M2_Macro_Oil_vs_M3_Macro_Oil_RegQuality__primary__Oil_Rent_Intensive_Pre2016_ge15pct,Regulatory_Quality_lag1,primary,Inward_FDI_Net_Flow_asinh,Oil_Rent_Intensive_Pre2016_ge15pct,oil_rent_threshold,15.0,Future_Period,train_to_2015__test_from_2016,ElasticNet,model,M3_Macro_Oil_RegQuality,PNG,7,11.652159519985691,244.9561880616334,301.0499352160694,39.53827157470131
M2_Macro_Oil_vs_M3_Macro_Oil_RegQuality__primary__Oil_Rent_Intensive_Pre2016_ge15pct,Regulatory_Quality_lag1,primary,Inward_FDI_Net_Flow_asinh,Oil_Rent_Intensive_Pre2016_ge15pct,oil_rent_threshold,15.0,Future_Period,train_to_2015__test_from_2016,ElasticNet,model,M3_Macro_Oil_RegQuality,QAT,7,-13.242179526900895,412.8224880197692,485.38973514401727,45.934654852197966
M2_Macro_Oil_vs_M3_Macro_Oil_RegQuality__primary__Oil_Rent_Intensive_Pre2016_ge15pct,Regulatory_Quality_lag1,primary,Inward_FDI_Net_Flow_asinh,Oil_Rent_Intensive_Pre2016_ge15pct,oil_rent_threshold,15.0,Future_Period,train_to_2015__test_from_2016,ElasticNet,model,M3_Macro_Oil_RegQuality,RUS,7,52.74207668820015,812.8676144153163,474.2623293063285,27.77497762233377
M2_Macro_Oil_vs_M3_Macro_Oil_RegQuality__primary__Oil_Rent_Intensive_Pre2016_ge15pct,Regulatory_Quality_lag1,primary,Inward_FDI_Net_Flow_asinh,Oil_Rent_Intensive_Pre2016_ge15pct,oil_rent_threshold,15.0,Future_Period,train_to_2015__test_from_2016,ElasticNet,model,M3_Macro_Oil_RegQuality,SAU,7,67.04342987620583,654.0166465678275,22.4350480520412,10.835765368177341
M2_Macro_Oil_vs_M3_Macro_Oil_RegQuality__primary__Oil_Rent_Intensive_Pre2016_ge15pct,Regulatory_Quality_lag1,primary,Inward_FDI_Net_Flow_asinh,Oil_Rent_Intensive_Pre2016_ge15pct,oil_rent_threshold,15.0,Future_Period,train_to_2015__test_from_2016,ElasticNet,model,M3_Macro_Oil_RegQuality,SDN,7,51.72960036762508,382.8684480478367,19.85122286637292,7.440149797032399
M2_Macro_Oil_vs_M3_Macro_Oil_RegQuality__primary__Oil_Rent_Intensive_Pre2016_ge15pct,Regulatory_Quality_lag1,primary,Inward_FDI_Net_Flow_asinh,Oil_Rent_Intensive_Pre2016_ge15pct,oil_rent_threshold,15.0,Future_Period,train_to_2015__test_from_2016,ElasticNet,model,M3_Macro_Oil_RegQuality,SSD,1,-2.757693203919761,7.604871806945235,28.233754124820706,5.313544403204014
M2_Macro_Oil_vs_M3_Macro_Oil_RegQuality__primary__Oil_Rent_Intensive_Pre2016_ge15pct,Regulatory_Quality_lag1,primary,Inward_FDI_Net_Flow_asinh,Oil_Rent_Intensive_Pre2016_ge15pct,oil_rent_threshold,15.0,Future_Period,train_to_2015__test_from_2016,ElasticNet,model,M3_Macro_Oil_RegQuality,TCD,7,48.02251015062013,330.243050374903,20.70495455792367,11.748645573743982
M2_Macro_Oil_vs_M3_Macro_Oil_RegQuality__primary__Oil_Rent_Intensive_Pre2016_ge15pct,Regulatory_Quality_lag1,primary,Inward_FDI_Net_Flow_asinh,Oil_Rent_Intensive_Pre2016_ge15pct,oil_rent_threshold,15.0,Future_Period,train_to_2015__test_from_2016,ElasticNet,model,M3_Macro_Oil_RegQuality,TLS,7,-4.236303618682487,169.3906330698152,223.37271165212866,31.62965651585441
M2_Macro_Oil_vs_M3_Macro_Oil_RegQuality__primary__Oil_Rent_Intensive_Pre2016_ge15pct,Regulatory_Quality_lag1,primary,Inward_FDI_Net_Flow_asinh,Oil_Rent_Intensive_Pre2016_ge15pct,oil_rent_threshold,15.0,Future_Period,train_to_2015__test_from_2016,ElasticNet,model,M3_Macro_Oil_RegQuality,TTO,7,-4.1571605408644245,324.7128351462788,572.1215974441847,56.456469820964955
M2_Macro_Oil_vs_M3_Macro_Oil_RegQuality__primary__Oil_Rent_Intensive_Pre2016_ge15pct,Regulatory_Quality_lag1,primary,Inward_FDI_Net_Flow_asinh,Oil_Rent_Intensive_Pre2016_ge15pct,oil_rent_threshold,15.0,Future_Period,train_to_2015__test_from_2016,RandomForest,model,M2_Macro_Oil,AGO,7,-60.74786004572578,537.5979824002613,514.7999912105596,55.2471806829698
M2_Macro_Oil_vs_M3_Macro_Oil_RegQuality__primary__Oil_Rent_Intensive_Pre2016_ge15pct,Regulatory_Quality_lag1,primary,Inward_FDI_Net_Flow_asinh,Oil_Rent_Intensive_Pre2016_ge15pct,oil_rent_threshold,15.0,Future_Period,train_to_2015__test_from_2016,RandomForest,model,M2_Macro_Oil,ARE,7,72.17220296842564,744.9753135555313,4.047515019037199,4.331037488297472
M2_Macro_Oil_vs_M3_Macro_Oil_RegQuality__primary__Oil_Rent_Intensive_Pre2016_ge15pct,Regulatory_Quality_lag1,primary,Inward_FDI_Net_Flow_asinh,Oil_Rent_Intensive_Pre2016_ge15pct,oil_rent_threshold,15.0,Future_Period,train_to_2015__test_from_2016,RandomForest,model,M2_Macro_Oil,AZE,7,23.394370014145565,481.8820902468683,279.3492079962711,25.713936034608157
M2_Macro_Oil_vs_M3_Macro_Oil_RegQuality__primary__Oil_Rent_Intensive_Pre2016_ge15pct,Regulatory_Quality_lag1,primary,Inward_FDI_Net_Flow_asinh,Oil_Rent_Intensive_Pre2016_ge15pct,oil_rent_threshold,15.0,Future_Period,train_to_2015__test_from_2016,RandomForest,model,M2_Macro_Oil,BHR,7,53.85709080346507,417.4685060485769,23.14596346215858,11.696336186405286
M2_Macro_Oil_vs_M3_Macro_Oil_RegQuality__primary__Oil_Rent_Intensive_Pre2016_ge15pct,Regulatory_Quality_lag1,primary,Inward_FDI_Net_Flow_asinh,Oil_Rent_Intensive_Pre2016_ge15pct,oil_rent_threshold,15.0,Future_Period,train_to_2015__test_from_2016,RandomForest,model,M2_Macro_Oil,BRN,7,21.379654822734352,297.51257604033157,313.079344911951,31.568497109382708
M2_Macro_Oil_vs_M3_Macro_Oil_RegQuality__primary__Oil_Rent_Intensive_Pre2016_ge15pct,Regulatory_Quality_lag1,primary,Inward_FDI_Net_Flow_asinh,Oil_Rent_Intensive_Pre2016_ge15pct,oil_rent_threshold,15.0,Future_Period,train_to_2015__test_from_2016,RandomForest,model,M2_Macro_Oil,COG,7,7.032370543108964,408.32900821747194,440.9880471347319,46.79584975709297
M2_Macro_Oil_vs_M3_Macro_Oil_RegQuality__primary__Oil_Rent_Intensive_Pre2016_ge15pct,Regulatory_Quality_lag1,primary,Inward_FDI_Net_Flow_asinh,Oil_Rent_Intensive_Pre2016_ge15pct,oil_rent_threshold,15.0,Future_Period,train_to_2015__test_from_2016,RandomForest,model,M2_Macro_Oil,DZA,7,53.18735095112583,406.71817148899254,58.56151922351546,13.02474745007125
M2_Macro_Oil_vs_M3_Macro_Oil_RegQuality__primary__Oil_Rent_Intensive_Pre2016_ge15pct,Regulatory_Quality_lag1,primary,Inward_FDI_Net_Flow_asinh,Oil_Rent_Intensive_Pre2016_ge15pct,oil_rent_threshold,15.0,Future_Period,train_to_2015__test_from_2016,RandomForest,model,M2_Macro_Oil,ECU,7,52.354063413740924,392.06234497159437,48.733944566757316,16.768650256300422
M2_Macro_Oil_vs_M3_Macro_Oil_RegQuality__primary__Oil_Rent_Intensive_Pre2016_ge15pct,Regulatory_Quality_lag1,primary,Inward_FDI_Net_Flow_asinh,Oil_Rent_Intensive_Pre2016_ge15pct,oil_rent_threshold,15.0,Future_Period,train_to_2015__test_from_2016,RandomForest,model,M2_Macro_Oil,EGY,7,67.43092894108983,649.9882533605122,2.4641189325808837,3.202004656973031
M2_Macro_Oil_vs_M3_Macro_Oil_RegQuality__primary__Oil_Rent_Intensive_Pre2016_ge15pct,Regulatory_Quality_lag1,primary,Inward_FDI_Net_Flow_asinh,Oil_Rent_Intensive_Pre2016_ge15pct,oil_rent_threshold,15.0,Future_Period,train_to_2015__test_from_2016,RandomForest,model,M2_Macro_Oil,GAB,7,55.52369042192025,440.54579645244206,20.728391384799284,8.697827591100545
M2_Macro_Oil_vs_M3_Macro_Oil_RegQuality__primary__Oil_Rent_Intensive_Pre2016_ge15pct,Regulatory_Quality_lag1,primary,Inward_FDI_Net_Flow_asinh,Oil_Rent_Intensive_Pre2016_ge15pct,oil_rent_threshold,15.0,Future_Period,train_to_2015__test_from_2016,RandomForest,model,M2_Macro_Oil,GNQ,7,28.598891549862692,318.3611883519915,241.96916795194906,33.85786309508421
M2_Macro_Oil_vs_M3_Macro_Oil_RegQuality__primary__Oil_Rent_Intensive_Pre2016_ge15pct,Regulatory_Quality_lag1,primary,Inward_FDI_Net_Flow_asinh,Oil_Rent_Intensive_Pre2016_ge15pct,oil_rent_threshold,15.0,Future_Period,train_to_2015__test_from_2016,RandomForest,model,M2_Macro_Oil,IRN,7,58.363791734307796,488.19079554299185,1.1686201494986852,2.616235859705858
M2_Macro_Oil_vs_M3_Macro_Oil_RegQuality__primary__Oil_Rent_Intensive_Pre2016_ge15pct,Regulatory_Quality_lag1,primary,Inward_FDI_Net_Flow_asinh,Oil_Rent_Intensive_Pre2016_ge15pct,oil_rent_threshold,15.0,Future_Period,train_to_2015__test_from_2016,RandomForest,model,M2_Macro_Oil,IRQ,7,-62.12199418747331,552.2877292042979,302.26585059879494,45.87337237394422
M2_Macro_Oil_vs_M3_Macro_Oil_RegQuality__primary__Oil_Rent_Intensive_Pre2016_ge15pct,Regulatory_Quality_lag1,primary,Inward_FDI_Net_Flow_asinh,Oil_Rent_Intensive_Pre2016_ge15pct,oil_rent_threshold,15.0,Future_Period,train_to_2015__test_from_2016,RandomForest,model,M2_Macro_Oil,KAZ,7,63.00781478143046,575.616276173966,22.908222990498754,10.849866102996247
M2_Macro_Oil_vs_M3_Macro_Oil_RegQuality__primary__Oil_Rent_Intensive_Pre2016_ge15pct,Regulatory_Quality_lag1,primary,Inward_FDI_Net_Flow_asinh,Oil_Rent_Intensive_Pre2016_ge15pct,oil_rent_threshold,15.0,Future_Period,train_to_2015__test_from_2016,RandomForest,model,M2_Macro_Oil,KWT,6,1.6553424904055456,221.1503033451206,294.83544844366344,35.68282410385102
M2_Macro_Oil_vs_M3_Macro_Oil_RegQuality__primary__Oil_Rent_Intensive_Pre2016_ge15pct,Regulatory_Quality_lag1,primary,Inward_FDI_Net_Flow_asinh,Oil_Rent_Intensive_Pre2016_ge15pct,oil_rent_threshold,15.0,Future_Period,train_to_2015__test_from_2016,RandomForest,model,M2_Macro_Oil,LBY,1,7.247081091886447,52.52018435237805,1.0580741113326693,1.0286272946663768
M2_Macro_Oil_vs_M3_Macro_Oil_RegQuality__primary__Oil_Rent_Intensive_Pre2016_ge15pct,Regulatory_Quality_lag1,primary,Inward_FDI_Net_Flow_asinh,Oil_Rent_Intensive_Pre2016_ge15pct,oil_rent_threshold,15.0,Future_Period,train_to_2015__test_from_2016,RandomForest,model,M2_Macro_Oil,NGA,7,44.45022560372351,459.47246932114155,213.93066426252966,16.907830234200908
M2_Macro_Oil_vs_M3_Macro_Oil_RegQuality__primary__Oil_Rent_Intensive_Pre2016_ge15pct,Regulatory_Quality_lag1,primary,Inward_FDI_Net_Flow_asinh,Oil_Rent_Intensive_Pre2016_ge15pct,oil_rent_threshold,15.0,Future_Period,train_to_2015__test_from_2016,RandomForest,model,M2_Macro_Oil,OMN,7,62.23960825029308,555.8089973744698,118.24546320749474,19.357849788761435
M2_Macro_Oil_vs_M3_Macro_Oil_RegQuality__primary__Oil_Rent_Intensive_Pre2016_ge15pct,Regulatory_Quality_lag1,primary,Inward_FDI_Net_Flow_asinh,Oil_Rent_Intensive_Pre2016_ge15pct,oil_rent_threshold,15.0,Future_Period,train_to_2015__test_from_2016,RandomForest,model,M2_Macro_Oil,PNG,7,11.652159519985691,244.9561880616334,251.35391053767887,35.25618270272289
M2_Macro_Oil_vs_M3_Macro_Oil_RegQuality__primary__Oil_Rent_Intensive_Pre2016_ge15pct,Regulatory_Quality_lag1,primary,Inward_FDI_Net_Flow_asinh,Oil_Rent_Intensive_Pre2016_ge15pct,oil_rent_threshold,15.0,Future_Period,train_to_2015__test_from_2016,RandomForest,model,M2_Macro_Oil,QAT,7,-13.242179526900895,412.8224880197692,329.7112095944711,39.69695793858196
M2_Macro_Oil_vs_M3_Macro_Oil_RegQuality__primary__Oil_Rent_Intensive_Pre2016_ge15pct,Regulatory_Quality_lag1,primary,Inward_FDI_Net_Flow_asinh,Oil_Rent_Intensive_Pre2016_ge15pct,oil_rent_threshold,15.0,Future_Period,train_to_2015__test_from_2016,RandomForest,model,M2_Macro_Oil,RUS,7,52.74207668820015,812.8676144153163,515.7419931078883,28.181808422876802
M2_Macro_Oil_vs_M3_Macro_Oil_RegQuality__primary__Oil_Rent_Intensive_Pre2016_ge15pct,Regulatory_Quality_lag1,primary,Inward_FDI_Net_Flow_asinh,Oil_Rent_Intensive_Pre2016_ge15pct,oil_rent_threshold,15.0,Future_Period,train_to_2015__test_from_2016,RandomForest,model,M2_Macro_Oil,SAU,7,67.04342987620583,654.0166465678275,40.63233602187561,14.841674436545722
M2_Macro_Oil_vs_M3_Macro_Oil_RegQuality__primary__Oil_Rent_Intensive_Pre2016_ge15pct,Regulatory_Quality_lag1,primary,Inward_FDI_Net_Flow_asinh,Oil_Rent_Intensive_Pre2016_ge15pct,oil_rent_threshold,15.0,Future_Period,train_to_2015__test_from_2016,RandomForest,model,M2_Macro_Oil,SDN,7,51.72960036762508,382.8684480478367,0.9353285412614398,2.2610822228263254
M2_Macro_Oil_vs_M3_Macro_Oil_RegQuality__primary__Oil_Rent_Intensive_Pre2016_ge15pct,Regulatory_Quality_lag1,primary,Inward_FDI_Net_Flow_asinh,Oil_Rent_Intensive_Pre2016_ge15pct,oil_rent_threshold,15.0,Future_Period,train_to_2015__test_from_2016,RandomForest,model,M2_Macro_Oil,SSD,1,-2.757693203919761,7.604871806945235,8.412895977613491,2.9004992635085243
M2_Macro_Oil_vs_M3_Macro_Oil_RegQuality__primary__Oil_Rent_Intensive_Pre2016_ge15pct,Regulatory_Quality_lag1,primary,Inward_FDI_Net_Flow_asinh,Oil_Rent_Intensive_Pre2016_ge15pct,oil_rent_threshold,15.0,Future_Period,train_to_2015__test_from_2016,RandomForest,model,M2_Macro_Oil,TCD,7,48.02251015062013,330.243050374903,28.36593687850124,12.367737756857153
M2_Macro_Oil_vs_M3_Macro_Oil_RegQuality__primary__Oil_Rent_Intensive_Pre2016_ge15pct,Regulatory_Quality_lag1,primary,Inward_FDI_Net_Flow_asinh,Oil_Rent_Intensive_Pre2016_ge15pct,oil_rent_threshold,15.0,Future_Period,train_to_2015__test_from_2016,RandomForest,model,M2_Macro_Oil,TLS,7,-4.236303618682487,169.3906330698152,301.0444867735068,34.976495410315
M2_Macro_Oil_vs_M3_Macro_Oil_RegQuality__primary__Oil_Rent_Intensive_Pre2016_ge15pct,Regulatory_Quality_lag1,primary,Inward_FDI_Net_Flow_asinh,Oil_Rent_Intensive_Pre2016_ge15pct,oil_rent_threshold,15.0,Future_Period,train_to_2015__test_from_2016,RandomForest,model,M2_Macro_Oil,TTO,7,-4.1571605408644245,324.7128351462788,524.5088295356163,51.93743496715973
M2_Macro_Oil_vs_M3_Macro_Oil_RegQuality__primary__Oil_Rent_Intensive_Pre2016_ge15pct,Regulatory_Quality_lag1,primary,Inward_FDI_Net_Flow_asinh,Oil_Rent_Intensive_Pre2016_ge15pct,oil_rent_threshold,15.0,Future_Period,train_to_2015__test_from_2016,RandomForest,model,M3_Macro_Oil_RegQuality,AGO,7,-60.74786004572578,537.5979824002613,464.7537132564674,51.76779639356424
M2_Macro_Oil_vs_M3_Macro_Oil_RegQuality__primary__Oil_Rent_Intensive_Pre2016_ge15pct,Regulatory_Quality_lag1,primary,Inward_FDI_Net_Flow_asinh,Oil_Rent_Intensive_Pre2016_ge15pct,oil_rent_threshold,15.0,Future_Period,train_to_2015__test_from_2016,RandomForest,model,M3_Macro_Oil_RegQuality,ARE,7,72.17220296842564,744.9753135555313,2.4428405587945057,3.5776125775185754
M2_Macro_Oil_vs_M3_Macro_Oil_RegQuality__primary__Oil_Rent_Intensive_Pre2016_ge15pct,Regulatory_Quality_lag1,primary,Inward_FDI_Net_Flow_asinh,Oil_Rent_Intensive_Pre2016_ge15pct,oil_rent_threshold,15.0,Future_Period,train_to_2015__test_from_2016,RandomForest,model,M3_Macro_Oil_RegQuality,AZE,7,23.394370014145565,481.8820902468683,295.4301232566108,27.340990263842308
M2_Macro_Oil_vs_M3_Macro_Oil_RegQuality__primary__Oil_Rent_Intensive_Pre2016_ge15pct,Regulatory_Quality_lag1,primary,Inward_FDI_Net_Flow_asinh,Oil_Rent_Intensive_Pre2016_ge15pct,oil_rent_threshold,15.0,Future_Period,train_to_2015__test_from_2016,RandomForest,model,M3_Macro_Oil_RegQuality,BHR,7,53.85709080346507,417.4685060485769,29.422490095344532,13.23753546592873
M2_Macro_Oil_vs_M3_Macro_Oil_RegQuality__primary__Oil_Rent_Intensive_Pre2016_ge15pct,Regulatory_Quality_lag1,primary,Inward_FDI_Net_Flow_asinh,Oil_Rent_Intensive_Pre2016_ge15pct,oil_rent_threshold,15.0,Future_Period,train_to_2015__test_from_2016,RandomForest,model,M3_Macro_Oil_RegQuality,BRN,7,21.379654822734352,297.51257604033157,309.50888599317386,30.96410078736286
M2_Macro_Oil_vs_M3_Macro_Oil_RegQuality__primary__Oil_Rent_Intensive_Pre2016_ge15pct,Regulatory_Quality_lag1,primary,Inward_FDI_Net_Flow_asinh,Oil_Rent_Intensive_Pre2016_ge15pct,oil_rent_threshold,15.0,Future_Period,train_to_2015__test_from_2016,RandomForest,model,M3_Macro_Oil_RegQuality,COG,7,7.032370543108964,408.32900821747194,459.95358086513824,47.53098471452512
M2_Macro_Oil_vs_M3_Macro_Oil_RegQuality__primary__Oil_Rent_Intensive_Pre2016_ge15pct,Regulatory_Quality_lag1,primary,Inward_FDI_Net_Flow_asinh,Oil_Rent_Intensive_Pre2016_ge15pct,oil_rent_threshold,15.0,Future_Period,train_to_2015__test_from_2016,RandomForest,model,M3_Macro_Oil_RegQuality,DZA,7,53.18735095112583,406.71817148899254,51.56336951519459,13.882766042454222
M2_Macro_Oil_vs_M3_Macro_Oil_RegQuality__primary__Oil_Rent_Intensive_Pre2016_ge15pct,Regulatory_Quality_lag1,primary,Inward_FDI_Net_Flow_asinh,Oil_Rent_Intensive_Pre2016_ge15pct,oil_rent_threshold,15.0,Future_Period,train_to_2015__test_from_2016,RandomForest,model,M3_Macro_Oil_RegQuality,ECU,7,52.354063413740924,392.06234497159437,7.520995231920049,6.121011086404859
M2_Macro_Oil_vs_M3_Macro_Oil_RegQuality__primary__Oil_Rent_Intensive_Pre2016_ge15pct,Regulatory_Quality_lag1,primary,Inward_FDI_Net_Flow_asinh,Oil_Rent_Intensive_Pre2016_ge15pct,oil_rent_threshold,15.0,Future_Period,train_to_2015__test_from_2016,RandomForest,model,M3_Macro_Oil_RegQuality,EGY,7,67.43092894108983,649.9882533605122,2.8058918535678723,3.2486747673696676
M2_Macro_Oil_vs_M3_Macro_Oil_RegQuality__primary__Oil_Rent_Intensive_Pre2016_ge15pct,Regulatory_Quality_lag1,primary,Inward_FDI_Net_Flow_asinh,Oil_Rent_Intensive_Pre2016_ge15pct,oil_rent_threshold,15.0,Future_Period,train_to_2015__test_from_2016,RandomForest,model,M3_Macro_Oil_RegQuality,GAB,7,55.52369042192025,440.54579645244206,13.21172190257577,7.179371074004657
M2_Macro_Oil_vs_M3_Macro_Oil_RegQuality__primary__Oil_Rent_Intensive_Pre2016_ge15pct,Regulatory_Quality_lag1,primary,Inward_FDI_Net_Flow_asinh,Oil_Rent_Intensive_Pre2016_ge15pct,oil_rent_threshold,15.0,Future_Period,train_to_2015__test_from_2016,RandomForest,model,M3_Macro_Oil_RegQuality,GNQ,7,28.598891549862692,318.3611883519915,237.01290136675237,32.44462580128567
M2_Macro_Oil_vs_M3_Macro_Oil_RegQuality__primary__Oil_Rent_Intensive_Pre2016_ge15pct,Regulatory_Quality_lag1,primary,Inward_FDI_Net_Flow_asinh,Oil_Rent_Intensive_Pre2016_ge15pct,oil_rent_threshold,15.0,Future_Period,train_to_2015__test_from_2016,RandomForest,model,M3_Macro_Oil_RegQuality,IRN,7,58.363791734307796,488.19079554299185,1.1041722196486397,2.5923575527832767
M2_Macro_Oil_vs_M3_Macro_Oil_RegQuality__primary__Oil_Rent_Intensive_Pre2016_ge15pct,Regulatory_Quality_lag1,primary,Inward_FDI_Net_Flow_asinh,Oil_Rent_Intensive_Pre2016_ge15pct,oil_rent_threshold,15.0,Future_Period,train_to_2015__test_from_2016,RandomForest,model,M3_Macro_Oil_RegQuality,IRQ,7,-62.12199418747331,552.2877292042979,301.5878096030538,45.86900011222053
M2_Macro_Oil_vs_M3_Macro_Oil_RegQuality__primary__Oil_Rent_Intensive_Pre2016_ge15pct,Regulatory_Quality_lag1,primary,Inward_FDI_Net_Flow_asinh,Oil_Rent_Intensive_Pre2016_ge15pct,oil_rent_threshold,15.0,Future_Period,train_to_2015__test_from_2016,RandomForest,model,M3_Macro_Oil_RegQuality,KAZ,7,63.00781478143046,575.616276173966,13.50865193834705,8.859973350443571
M2_Macro_Oil_vs_M3_Macro_Oil_RegQuality__primary__Oil_Rent_Intensive_Pre2016_ge15pct,Regulatory_Quality_lag1,primary,Inward_FDI_Net_Flow_asinh,Oil_Rent_Intensive_Pre2016_ge15pct,oil_rent_threshold,15.0,Future_Period,train_to_2015__test_from_2016,RandomForest,model,M3_Macro_Oil_RegQuality,KWT,6,1.6553424904055456,221.1503033451206,309.72732718911374,35.08184217409898
M2_Macro_Oil_vs_M3_Macro_Oil_RegQuality__primary__Oil_Rent_Intensive_Pre2016_ge15pct,Regulatory_Quality_lag1,primary,Inward_FDI_Net_Flow_asinh,Oil_Rent_Intensive_Pre2016_ge15pct,oil_rent_threshold,15.0,Future_Period,train_to_2015__test_from_2016,RandomForest,model,M3_Macro_Oil_RegQuality,LBY,1,7.247081091886447,52.52018435237805,0.920366876111795,0.9593575329937192
M2_Macro_Oil_vs_M3_Macro_Oil_RegQuality__primary__Oil_Rent_Intensive_Pre2016_ge15pct,Regulatory_Quality_lag1,primary,Inward_FDI_Net_Flow_asinh,Oil_Rent_Intensive_Pre2016_ge15pct,oil_rent_threshold,15.0,Future_Period,train_to_2015__test_from_2016,RandomForest,model,M3_Macro_Oil_RegQuality,NGA,7,44.45022560372351,459.47246932114155,216.40410519682854,17.090682072517865
M2_Macro_Oil_vs_M3_Macro_Oil_RegQuality__primary__Oil_Rent_Intensive_Pre2016_ge15pct,Regulatory_Quality_lag1,primary,Inward_FDI_Net_Flow_asinh,Oil_Rent_Intensive_Pre2016_ge15pct,oil_rent_threshold,15.0,Future_Period,train_to_2015__test_from_2016,RandomForest,model,M3_Macro_Oil_RegQuality,OMN,7,62.23960825029308,555.8089973744698,98.0191596846,18.04304838982936
M2_Macro_Oil_vs_M3_Macro_Oil_RegQuality__primary__Oil_Rent_Intensive_Pre2016_ge15pct,Regulatory_Quality_lag1,primary,Inward_FDI_Net_Flow_asinh,Oil_Rent_Intensive_Pre2016_ge15pct,oil_rent_threshold,15.0,Future_Period,train_to_2015__test_from_2016,RandomForest,model,M3_Macro_Oil_RegQuality,PNG,7,11.652159519985691,244.9561880616334,260.5190354784444,36.97031588849106
M2_Macro_Oil_vs_M3_Macro_Oil_RegQuality__primary__Oil_Rent_Intensive_Pre2016_ge15pct,Regulatory_Quality_lag1,primary,Inward_FDI_Net_Flow_asinh,Oil_Rent_Intensive_Pre2016_ge15pct,oil_rent_threshold,15.0,Future_Period,train_to_2015__test_from_2016,RandomForest,model,M3_Macro_Oil_RegQuality,QAT,7,-13.242179526900895,412.8224880197692,358.4267951538852,40.867173272224655
M2_Macro_Oil_vs_M3_Macro_Oil_RegQuality__primary__Oil_Rent_Intensive_Pre2016_ge15pct,Regulatory_Quality_lag1,primary,Inward_FDI_Net_Flow_asinh,Oil_Rent_Intensive_Pre2016_ge15pct,oil_rent_threshold,15.0,Future_Period,train_to_2015__test_from_2016,RandomForest,model,M3_Macro_Oil_RegQuality,RUS,7,52.74207668820015,812.8676144153163,514.8483614303354,28.03225664466922
M2_Macro_Oil_vs_M3_Macro_Oil_RegQuality__primary__Oil_Rent_Intensive_Pre2016_ge15pct,Regulatory_Quality_lag1,primary,Inward_FDI_Net_Flow_asinh,Oil_Rent_Intensive_Pre2016_ge15pct,oil_rent_threshold,15.0,Future_Period,train_to_2015__test_from_2016,RandomForest,model,M3_Macro_Oil_RegQuality,SAU,7,67.04342987620583,654.0166465678275,32.99962618986633,13.20782639475202
M2_Macro_Oil_vs_M3_Macro_Oil_RegQuality__primary__Oil_Rent_Intensive_Pre2016_ge15pct,Regulatory_Quality_lag1,primary,Inward_FDI_Net_Flow_asinh,Oil_Rent_Intensive_Pre2016_ge15pct,oil_rent_threshold,15.0,Future_Period,train_to_2015__test_from_2016,RandomForest,model,M3_Macro_Oil_RegQuality,SDN,7,51.72960036762508,382.8684480478367,0.4917720124836704,1.4216665968110416
M2_Macro_Oil_vs_M3_Macro_Oil_RegQuality__primary__Oil_Rent_Intensive_Pre2016_ge15pct,Regulatory_Quality_lag1,primary,Inward_FDI_Net_Flow_asinh,Oil_Rent_Intensive_Pre2016_ge15pct,oil_rent_threshold,15.0,Future_Period,train_to_2015__test_from_2016,RandomForest,model,M3_Macro_Oil_RegQuality,SSD,1,-2.757693203919761,7.604871806945235,9.706724474032647,3.1155616626914395
M2_Macro_Oil_vs_M3_Macro_Oil_RegQuality__primary__Oil_Rent_Intensive_Pre2016_ge15pct,Regulatory_Quality_lag1,primary,Inward_FDI_Net_Flow_asinh,Oil_Rent_Intensive_Pre2016_ge15pct,oil_rent_threshold,15.0,Future_Period,train_to_2015__test_from_2016,RandomForest,model,M3_Macro_Oil_RegQuality,TCD,7,48.02251015062013,330.243050374903,20.953030169171424,11.02729880253376
M2_Macro_Oil_vs_M3_Macro_Oil_RegQuality__primary__Oil_Rent_Intensive_Pre2016_ge15pct,Regulatory_Quality_lag1,primary,Inward_FDI_Net_Flow_asinh,Oil_Rent_Intensive_Pre2016_ge15pct,oil_rent_threshold,15.0,Future_Period,train_to_2015__test_from_2016,RandomForest,model,M3_Macro_Oil_RegQuality,TLS,7,-4.236303618682487,169.3906330698152,358.40349398988957,38.0377322366628
M2_Macro_Oil_vs_M3_Macro_Oil_RegQuality__primary__Oil_Rent_Intensive_Pre2016_ge15pct,Regulatory_Quality_lag1,primary,Inward_FDI_Net_Flow_asinh,Oil_Rent_Intensive_Pre2016_ge15pct,oil_rent_threshold,15.0,Future_Period,train_to_2015__test_from_2016,RandomForest,model,M3_Macro_Oil_RegQuality,TTO,7,-4.1571605408644245,324.7128351462788,538.0118535812641,52.345499095712064
M2_Macro_Oil_vs_M3_Macro_Oil_RegQuality__primary__Oil_Rent_Intensive_Pre2016_ge15pct,Regulatory_Quality_lag1,primary,Inward_FDI_Net_Flow_asinh,Oil_Rent_Intensive_Pre2016_ge15pct,oil_rent_threshold,15.0,Future_Period,train_to_2015__test_from_2016,Ridge,model,M2_Macro_Oil,AGO,7,-60.74786004572578,537.5979824002613,575.5068635980722,61.608279045079875
M2_Macro_Oil_vs_M3_Macro_Oil_RegQuality__primary__Oil_Rent_Intensive_Pre2016_ge15pct,Regulatory_Quality_lag1,primary,Inward_FDI_Net_Flow_asinh,Oil_Rent_Intensive_Pre2016_ge15pct,oil_rent_threshold,15.0,Future_Period,train_to_2015__test_from_2016,Ridge,model,M2_Macro_Oil,ARE,7,72.17220296842564,744.9753135555313,9.379760694443773,7.901198831896856
M2_Macro_Oil_vs_M3_Macro_Oil_RegQuality__primary__Oil_Rent_Intensive_Pre2016_ge15pct,Regulatory_Quality_lag1,primary,Inward_FDI_Net_Flow_asinh,Oil_Rent_Intensive_Pre2016_ge15pct,oil_rent_threshold,15.0,Future_Period,train_to_2015__test_from_2016,Ridge,model,M2_Macro_Oil,AZE,7,23.394370014145565,481.8820902468683,317.2822384048528,26.813937420521174
M2_Macro_Oil_vs_M3_Macro_Oil_RegQuality__primary__Oil_Rent_Intensive_Pre2016_ge15pct,Regulatory_Quality_lag1,primary,Inward_FDI_Net_Flow_asinh,Oil_Rent_Intensive_Pre2016_ge15pct,oil_rent_threshold,15.0,Future_Period,train_to_2015__test_from_2016,Ridge,model,M2_Macro_Oil,BHR,7,53.85709080346507,417.4685060485769,2.249093501086517,3.1574930075854084
M2_Macro_Oil_vs_M3_Macro_Oil_RegQuality__primary__Oil_Rent_Intensive_Pre2016_ge15pct,Regulatory_Quality_lag1,primary,Inward_FDI_Net_Flow_asinh,Oil_Rent_Intensive_Pre2016_ge15pct,oil_rent_threshold,15.0,Future_Period,train_to_2015__test_from_2016,Ridge,model,M2_Macro_Oil,BRN,7,21.379654822734352,297.51257604033157,347.0640818037714,32.57171518243329
M2_Macro_Oil_vs_M3_Macro_Oil_RegQuality__primary__Oil_Rent_Intensive_Pre2016_ge15pct,Regulatory_Quality_lag1,primary,Inward_FDI_Net_Flow_asinh,Oil_Rent_Intensive_Pre2016_ge15pct,oil_rent_threshold,15.0,Future_Period,train_to_2015__test_from_2016,Ridge,model,M2_Macro_Oil,COG,7,7.032370543108964,408.32900821747194,360.05472609528636,42.59695039936023
M2_Macro_Oil_vs_M3_Macro_Oil_RegQuality__primary__Oil_Rent_Intensive_Pre2016_ge15pct,Regulatory_Quality_lag1,primary,Inward_FDI_Net_Flow_asinh,Oil_Rent_Intensive_Pre2016_ge15pct,oil_rent_threshold,15.0,Future_Period,train_to_2015__test_from_2016,Ridge,model,M2_Macro_Oil,DZA,7,53.18735095112583,406.71817148899254,54.13196786247774,9.98885025728448
M2_Macro_Oil_vs_M3_Macro_Oil_RegQuality__primary__Oil_Rent_Intensive_Pre2016_ge15pct,Regulatory_Quality_lag1,primary,Inward_FDI_Net_Flow_asinh,Oil_Rent_Intensive_Pre2016_ge15pct,oil_rent_threshold,15.0,Future_Period,train_to_2015__test_from_2016,Ridge,model,M2_Macro_Oil,ECU,7,52.354063413740924,392.06234497159437,1.772378205645319,3.072679256827805
M2_Macro_Oil_vs_M3_Macro_Oil_RegQuality__primary__Oil_Rent_Intensive_Pre2016_ge15pct,Regulatory_Quality_lag1,primary,Inward_FDI_Net_Flow_asinh,Oil_Rent_Intensive_Pre2016_ge15pct,oil_rent_threshold,15.0,Future_Period,train_to_2015__test_from_2016,Ridge,model,M2_Macro_Oil,EGY,7,67.43092894108983,649.9882533605122,1.2777338429446177,2.210855512721359
M2_Macro_Oil_vs_M3_Macro_Oil_RegQuality__primary__Oil_Rent_Intensive_Pre2016_ge15pct,Regulatory_Quality_lag1,primary,Inward_FDI_Net_Flow_asinh,Oil_Rent_Intensive_Pre2016_ge15pct,oil_rent_threshold,15.0,Future_Period,train_to_2015__test_from_2016,Ridge,model,M2_Macro_Oil,GAB,7,55.52369042192025,440.54579645244206,9.509911404934439,7.112830665456031
M2_Macro_Oil_vs_M3_Macro_Oil_RegQuality__primary__Oil_Rent_Intensive_Pre2016_ge15pct,Regulatory_Quality_lag1,primary,Inward_FDI_Net_Flow_asinh,Oil_Rent_Intensive_Pre2016_ge15pct,oil_rent_threshold,15.0,Future_Period,train_to_2015__test_from_2016,Ridge,model,M2_Macro_Oil,GNQ,7,28.598891549862692,318.3611883519915,308.7414263638331,37.11229871223838
M2_Macro_Oil_vs_M3_Macro_Oil_RegQuality__primary__Oil_Rent_Intensive_Pre2016_ge15pct,Regulatory_Quality_lag1,primary,Inward_FDI_Net_Flow_asinh,Oil_Rent_Intensive_Pre2016_ge15pct,oil_rent_threshold,15.0,Future_Period,train_to_2015__test_from_2016,Ridge,model,M2_Macro_Oil,IRN,7,58.363791734307796,488.19079554299185,1.4793817888373617,3.092279728916033
M2_Macro_Oil_vs_M3_Macro_Oil_RegQuality__primary__Oil_Rent_Intensive_Pre2016_ge15pct,Regulatory_Quality_lag1,primary,Inward_FDI_Net_Flow_asinh,Oil_Rent_Intensive_Pre2016_ge15pct,oil_rent_threshold,15.0,Future_Period,train_to_2015__test_from_2016,Ridge,model,M2_Macro_Oil,IRQ,7,-62.12199418747331,552.2877292042979,460.7083721790002,56.75907757547211
M2_Macro_Oil_vs_M3_Macro_Oil_RegQuality__primary__Oil_Rent_Intensive_Pre2016_ge15pct,Regulatory_Quality_lag1,primary,Inward_FDI_Net_Flow_asinh,Oil_Rent_Intensive_Pre2016_ge15pct,oil_rent_threshold,15.0,Future_Period,train_to_2015__test_from_2016,Ridge,model,M2_Macro_Oil,KAZ,7,63.00781478143046,575.616276173966,11.089321642545965,7.392362384992602
M2_Macro_Oil_vs_M3_Macro_Oil_RegQuality__primary__Oil_Rent_Intensive_Pre2016_ge15pct,Regulatory_Quality_lag1,primary,Inward_FDI_Net_Flow_asinh,Oil_Rent_Intensive_Pre2016_ge15pct,oil_rent_threshold,15.0,Future_Period,train_to_2015__test_from_2016,Ridge,model,M2_Macro_Oil,KWT,6,1.6553424904055456,221.1503033451206,359.55175967694385,36.88283846624457
M2_Macro_Oil_vs_M3_Macro_Oil_RegQuality__primary__Oil_Rent_Intensive_Pre2016_ge15pct,Regulatory_Quality_lag1,primary,Inward_FDI_Net_Flow_asinh,Oil_Rent_Intensive_Pre2016_ge15pct,oil_rent_threshold,15.0,Future_Period,train_to_2015__test_from_2016,Ridge,model,M2_Macro_Oil,LBY,1,7.247081091886447,52.52018435237805,3.2253583289547616,1.7959282638665615
M2_Macro_Oil_vs_M3_Macro_Oil_RegQuality__primary__Oil_Rent_Intensive_Pre2016_ge15pct,Regulatory_Quality_lag1,primary,Inward_FDI_Net_Flow_asinh,Oil_Rent_Intensive_Pre2016_ge15pct,oil_rent_threshold,15.0,Future_Period,train_to_2015__test_from_2016,Ridge,model,M2_Macro_Oil,NGA,7,44.45022560372351,459.47246932114155,205.915229872031,17.949665249281747
M2_Macro_Oil_vs_M3_Macro_Oil_RegQuality__primary__Oil_Rent_Intensive_Pre2016_ge15pct,Regulatory_Quality_lag1,primary,Inward_FDI_Net_Flow_asinh,Oil_Rent_Intensive_Pre2016_ge15pct,oil_rent_threshold,15.0,Future_Period,train_to_2015__test_from_2016,Ridge,model,M2_Macro_Oil,OMN,7,62.23960825029308,555.8089973744698,82.54785123892827,14.637500271480128
M2_Macro_Oil_vs_M3_Macro_Oil_RegQuality__primary__Oil_Rent_Intensive_Pre2016_ge15pct,Regulatory_Quality_lag1,primary,Inward_FDI_Net_Flow_asinh,Oil_Rent_Intensive_Pre2016_ge15pct,oil_rent_threshold,15.0,Future_Period,train_to_2015__test_from_2016,Ridge,model,M2_Macro_Oil,PNG,7,11.652159519985691,244.9561880616334,302.061772016573,39.597202519435555
M2_Macro_Oil_vs_M3_Macro_Oil_RegQuality__primary__Oil_Rent_Intensive_Pre2016_ge15pct,Regulatory_Quality_lag1,primary,Inward_FDI_Net_Flow_asinh,Oil_Rent_Intensive_Pre2016_ge15pct,oil_rent_threshold,15.0,Future_Period,train_to_2015__test_from_2016,Ridge,model,M2_Macro_Oil,QAT,7,-13.242179526900895,412.8224880197692,486.9411418826456,46.07637936538594
M2_Macro_Oil_vs_M3_Macro_Oil_RegQuality__primary__Oil_Rent_Intensive_Pre2016_ge15pct,Regulatory_Quality_lag1,primary,Inward_FDI_Net_Flow_asinh,Oil_Rent_Intensive_Pre2016_ge15pct,oil_rent_threshold,15.0,Future_Period,train_to_2015__test_from_2016,Ridge,model,M2_Macro_Oil,RUS,7,52.74207668820015,812.8676144153163,475.10383774340266,27.771031905654763
M2_Macro_Oil_vs_M3_Macro_Oil_RegQuality__primary__Oil_Rent_Intensive_Pre2016_ge15pct,Regulatory_Quality_lag1,primary,Inward_FDI_Net_Flow_asinh,Oil_Rent_Intensive_Pre2016_ge15pct,oil_rent_threshold,15.0,Future_Period,train_to_2015__test_from_2016,Ridge,model,M2_Macro_Oil,SAU,7,67.04342987620583,654.0166465678275,21.888798203162494,10.7755577109542
M2_Macro_Oil_vs_M3_Macro_Oil_RegQuality__primary__Oil_Rent_Intensive_Pre2016_ge15pct,Regulatory_Quality_lag1,primary,Inward_FDI_Net_Flow_asinh,Oil_Rent_Intensive_Pre2016_ge15pct,oil_rent_threshold,15.0,Future_Period,train_to_2015__test_from_2016,Ridge,model,M2_Macro_Oil,SDN,7,51.72960036762508,382.8684480478367,21.546646835440107,7.739534363992133
M2_Macro_Oil_vs_M3_Macro_Oil_RegQuality__primary__Oil_Rent_Intensive_Pre2016_ge15pct,Regulatory_Quality_lag1,primary,Inward_FDI_Net_Flow_asinh,Oil_Rent_Intensive_Pre2016_ge15pct,oil_rent_threshold,15.0,Future_Period,train_to_2015__test_from_2016,Ridge,model,M2_Macro_Oil,SSD,1,-2.757693203919761,7.604871806945235,27.836186459982596,5.276000991279531
M2_Macro_Oil_vs_M3_Macro_Oil_RegQuality__primary__Oil_Rent_Intensive_Pre2016_ge15pct,Regulatory_Quality_lag1,primary,Inward_FDI_Net_Flow_asinh,Oil_Rent_Intensive_Pre2016_ge15pct,oil_rent_threshold,15.0,Future_Period,train_to_2015__test_from_2016,Ridge,model,M2_Macro_Oil,TCD,7,48.02251015062013,330.243050374903,20.891808448544495,11.807719697535697
M2_Macro_Oil_vs_M3_Macro_Oil_RegQuality__primary__Oil_Rent_Intensive_Pre2016_ge15pct,Regulatory_Quality_lag1,primary,Inward_FDI_Net_Flow_asinh,Oil_Rent_Intensive_Pre2016_ge15pct,oil_rent_threshold,15.0,Future_Period,train_to_2015__test_from_2016,Ridge,model,M2_Macro_Oil,TLS,7,-4.236303618682487,169.3906330698152,220.30007473551245,31.433934868014926
M2_Macro_Oil_vs_M3_Macro_Oil_RegQuality__primary__Oil_Rent_Intensive_Pre2016_ge15pct,Regulatory_Quality_lag1,primary,Inward_FDI_Net_Flow_asinh,Oil_Rent_Intensive_Pre2016_ge15pct,oil_rent_threshold,15.0,Future_Period,train_to_2015__test_from_2016,Ridge,model,M2_Macro_Oil,TTO,7,-4.1571605408644245,324.7128351462788,570.6821334184544,56.45640388796512
M2_Macro_Oil_vs_M3_Macro_Oil_RegQuality__primary__Oil_Rent_Intensive_Pre2016_ge15pct,Regulatory_Quality_lag1,primary,Inward_FDI_Net_Flow_asinh,Oil_Rent_Intensive_Pre2016_ge15pct,oil_rent_threshold,15.0,Future_Period,train_to_2015__test_from_2016,Ridge,model,M3_Macro_Oil_RegQuality,AGO,7,-60.74786004572578,537.5979824002613,576.6003663594803,61.63696123129981
M2_Macro_Oil_vs_M3_Macro_Oil_RegQuality__primary__Oil_Rent_Intensive_Pre2016_ge15pct,Regulatory_Quality_lag1,primary,Inward_FDI_Net_Flow_asinh,Oil_Rent_Intensive_Pre2016_ge15pct,oil_rent_threshold,15.0,Future_Period,train_to_2015__test_from_2016,Ridge,model,M3_Macro_Oil_RegQuality,ARE,7,72.17220296842564,744.9753135555313,10.95071754393024,8.568042240059052
M2_Macro_Oil_vs_M3_Macro_Oil_RegQuality__primary__Oil_Rent_Intensive_Pre2016_ge15pct,Regulatory_Quality_lag1,primary,Inward_FDI_Net_Flow_asinh,Oil_Rent_Intensive_Pre2016_ge15pct,oil_rent_threshold,15.0,Future_Period,train_to_2015__test_from_2016,Ridge,model,M3_Macro_Oil_RegQuality,AZE,7,23.394370014145565,481.8820902468683,316.0152482190549,26.731651925730656
M2_Macro_Oil_vs_M3_Macro_Oil_RegQuality__primary__Oil_Rent_Intensive_Pre2016_ge15pct,Regulatory_Quality_lag1,primary,Inward_FDI_Net_Flow_asinh,Oil_Rent_Intensive_Pre2016_ge15pct,oil_rent_threshold,15.0,Future_Period,train_to_2015__test_from_2016,Ridge,model,M3_Macro_Oil_RegQuality,BHR,7,53.85709080346507,417.4685060485769,2.256354685775613,3.1885625944465446
M2_Macro_Oil_vs_M3_Macro_Oil_RegQuality__primary__Oil_Rent_Intensive_Pre2016_ge15pct,Regulatory_Quality_lag1,primary,Inward_FDI_Net_Flow_asinh,Oil_Rent_Intensive_Pre2016_ge15pct,oil_rent_threshold,15.0,Future_Period,train_to_2015__test_from_2016,Ridge,model,M3_Macro_Oil_RegQuality,BRN,7,21.379654822734352,297.51257604033157,346.42669525526435,32.54451866492224
M2_Macro_Oil_vs_M3_Macro_Oil_RegQuality__primary__Oil_Rent_Intensive_Pre2016_ge15pct,Regulatory_Quality_lag1,primary,Inward_FDI_Net_Flow_asinh,Oil_Rent_Intensive_Pre2016_ge15pct,oil_rent_threshold,15.0,Future_Period,train_to_2015__test_from_2016,Ridge,model,M3_Macro_Oil_RegQuality,COG,7,7.032370543108964,408.32900821747194,361.16839450858606,42.65026440602945
M2_Macro_Oil_vs_M3_Macro_Oil_RegQuality__primary__Oil_Rent_Intensive_Pre2016_ge15pct,Regulatory_Quality_lag1,primary,Inward_FDI_Net_Flow_asinh,Oil_Rent_Intensive_Pre2016_ge15pct,oil_rent_threshold,15.0,Future_Period,train_to_2015__test_from_2016,Ridge,model,M3_Macro_Oil_RegQuality,DZA,7,53.18735095112583,406.71817148899254,53.67949587939218,10.340657419883396
M2_Macro_Oil_vs_M3_Macro_Oil_RegQuality__primary__Oil_Rent_Intensive_Pre2016_ge15pct,Regulatory_Quality_lag1,primary,Inward_FDI_Net_Flow_asinh,Oil_Rent_Intensive_Pre2016_ge15pct,oil_rent_threshold,15.0,Future_Period,train_to_2015__test_from_2016,Ridge,model,M3_Macro_Oil_RegQuality,ECU,7,52.354063413740924,392.06234497159437,2.277083758097941,3.468652413320658
M2_Macro_Oil_vs_M3_Macro_Oil_RegQuality__primary__Oil_Rent_Intensive_Pre2016_ge15pct,Regulatory_Quality_lag1,primary,Inward_FDI_Net_Flow_asinh,Oil_Rent_Intensive_Pre2016_ge15pct,oil_rent_threshold,15.0,Future_Period,train_to_2015__test_from_2016,Ridge,model,M3_Macro_Oil_RegQuality,EGY,7,67.43092894108983,649.9882533605122,1.2376778462191966,2.151379724485448
M2_Macro_Oil_vs_M3_Macro_Oil_RegQuality__primary__Oil_Rent_Intensive_Pre2016_ge15pct,Regulatory_Quality_lag1,primary,Inward_FDI_Net_Flow_asinh,Oil_Rent_Intensive_Pre2016_ge15pct,oil_rent_threshold,15.0,Future_Period,train_to_2015__test_from_2016,Ridge,model,M3_Macro_Oil_RegQuality,GAB,7,55.52369042192025,440.54579645244206,8.118540452957085,6.373942708409805
M2_Macro_Oil_vs_M3_Macro_Oil_RegQuality__primary__Oil_Rent_Intensive_Pre2016_ge15pct,Regulatory_Quality_lag1,primary,Inward_FDI_Net_Flow_asinh,Oil_Rent_Intensive_Pre2016_ge15pct,oil_rent_threshold,15.0,Future_Period,train_to_2015__test_from_2016,Ridge,model,M3_Macro_Oil_RegQuality,GNQ,7,28.598891549862692,318.3611883519915,310.28516459728365,36.88092608845922
M2_Macro_Oil_vs_M3_Macro_Oil_RegQuality__primary__Oil_Rent_Intensive_Pre2016_ge15pct,Regulatory_Quality_lag1,primary,Inward_FDI_Net_Flow_asinh,Oil_Rent_Intensive_Pre2016_ge15pct,oil_rent_threshold,15.0,Future_Period,train_to_2015__test_from_2016,Ridge,model,M3_Macro_Oil_RegQuality,IRN,7,58.363791734307796,488.19079554299185,1.7823840670762283,3.3243980102000634
M2_Macro_Oil_vs_M3_Macro_Oil_RegQuality__primary__Oil_Rent_Intensive_Pre2016_ge15pct,Regulatory_Quality_lag1,primary,Inward_FDI_Net_Flow_asinh,Oil_Rent_Intensive_Pre2016_ge15pct,oil_rent_threshold,15.0,Future_Period,train_to_2015__test_from_2016,Ridge,model,M3_Macro_Oil_RegQuality,IRQ,7,-62.12199418747331,552.2877292042979,465.0304350802047,57.02490175822096
M2_Macro_Oil_vs_M3_Macro_Oil_RegQuality__primary__Oil_Rent_Intensive_Pre2016_ge15pct,Regulatory_Quality_lag1,primary,Inward_FDI_Net_Flow_asinh,Oil_Rent_Intensive_Pre2016_ge15pct,oil_rent_threshold,15.0,Future_Period,train_to_2015__test_from_2016,Ridge,model,M3_Macro_Oil_RegQuality,KAZ,7,63.00781478143046,575.616276173966,11.183139505687581,7.472845050466885
M2_Macro_Oil_vs_M3_Macro_Oil_RegQuality__primary__Oil_Rent_Intensive_Pre2016_ge15pct,Regulatory_Quality_lag1,primary,Inward_FDI_Net_Flow_asinh,Oil_Rent_Intensive_Pre2016_ge15pct,oil_rent_threshold,15.0,Future_Period,train_to_2015__test_from_2016,Ridge,model,M3_Macro_Oil_RegQuality,KWT,6,1.6553424904055456,221.1503033451206,359.63558950391223,36.92394707243493
M2_Macro_Oil_vs_M3_Macro_Oil_RegQuality__primary__Oil_Rent_Intensive_Pre2016_ge15pct,Regulatory_Quality_lag1,primary,Inward_FDI_Net_Flow_asinh,Oil_Rent_Intensive_Pre2016_ge15pct,oil_rent_threshold,15.0,Future_Period,train_to_2015__test_from_2016,Ridge,model,M3_Macro_Oil_RegQuality,LBY,1,7.247081091886447,52.52018435237805,2.787191853312142,1.6694885005031157
M2_Macro_Oil_vs_M3_Macro_Oil_RegQuality__primary__Oil_Rent_Intensive_Pre2016_ge15pct,Regulatory_Quality_lag1,primary,Inward_FDI_Net_Flow_asinh,Oil_Rent_Intensive_Pre2016_ge15pct,oil_rent_threshold,15.0,Future_Period,train_to_2015__test_from_2016,Ridge,model,M3_Macro_Oil_RegQuality,NGA,7,44.45022560372351,459.47246932114155,205.6500973931014,17.988542795245536
M2_Macro_Oil_vs_M3_Macro_Oil_RegQuality__primary__Oil_Rent_Intensive_Pre2016_ge15pct,Regulatory_Quality_lag1,primary,Inward_FDI_Net_Flow_asinh,Oil_Rent_Intensive_Pre2016_ge15pct,oil_rent_threshold,15.0,Future_Period,train_to_2015__test_from_2016,Ridge,model,M3_Macro_Oil_RegQuality,OMN,7,62.23960825029308,555.8089973744698,84.23947900045825,15.014060423438877
M2_Macro_Oil_vs_M3_Macro_Oil_RegQuality__primary__Oil_Rent_Intensive_Pre2016_ge15pct,Regulatory_Quality_lag1,primary,Inward_FDI_Net_Flow_asinh,Oil_Rent_Intensive_Pre2016_ge15pct,oil_rent_threshold,15.0,Future_Period,train_to_2015__test_from_2016,Ridge,model,M3_Macro_Oil_RegQuality,PNG,7,11.652159519985691,244.9561880616334,301.1806557342416,39.54707056507125
M2_Macro_Oil_vs_M3_Macro_Oil_RegQuality__primary__Oil_Rent_Intensive_Pre2016_ge15pct,Regulatory_Quality_lag1,primary,Inward_FDI_Net_Flow_asinh,Oil_Rent_Intensive_Pre2016_ge15pct,oil_rent_threshold,15.0,Future_Period,train_to_2015__test_from_2016,Ridge,model,M3_Macro_Oil_RegQuality,QAT,7,-13.242179526900895,412.8224880197692,486.93108920141947,46.05566140014406
M2_Macro_Oil_vs_M3_Macro_Oil_RegQuality__primary__Oil_Rent_Intensive_Pre2016_ge15pct,Regulatory_Quality_lag1,primary,Inward_FDI_Net_Flow_asinh,Oil_Rent_Intensive_Pre2016_ge15pct,oil_rent_threshold,15.0,Future_Period,train_to_2015__test_from_2016,Ridge,model,M3_Macro_Oil_RegQuality,RUS,7,52.74207668820015,812.8676144153163,475.19131478787597,27.74913971686263
M2_Macro_Oil_vs_M3_Macro_Oil_RegQuality__primary__Oil_Rent_Intensive_Pre2016_ge15pct,Regulatory_Quality_lag1,primary,Inward_FDI_Net_Flow_asinh,Oil_Rent_Intensive_Pre2016_ge15pct,oil_rent_threshold,15.0,Future_Period,train_to_2015__test_from_2016,Ridge,model,M3_Macro_Oil_RegQuality,SAU,7,67.04342987620583,654.0166465678275,22.347635129338148,10.8374762529313
M2_Macro_Oil_vs_M3_Macro_Oil_RegQuality__primary__Oil_Rent_Intensive_Pre2016_ge15pct,Regulatory_Quality_lag1,primary,Inward_FDI_Net_Flow_asinh,Oil_Rent_Intensive_Pre2016_ge15pct,oil_rent_threshold,15.0,Future_Period,train_to_2015__test_from_2016,Ridge,model,M3_Macro_Oil_RegQuality,SDN,7,51.72960036762508,382.8684480478367,21.124578071464413,7.607851032140262
M2_Macro_Oil_vs_M3_Macro_Oil_RegQuality__primary__Oil_Rent_Intensive_Pre2016_ge15pct,Regulatory_Quality_lag1,primary,Inward_FDI_Net_Flow_asinh,Oil_Rent_Intensive_Pre2016_ge15pct,oil_rent_threshold,15.0,Future_Period,train_to_2015__test_from_2016,Ridge,model,M3_Macro_Oil_RegQuality,SSD,1,-2.757693203919761,7.604871806945235,28.577273997984616,5.345771599870744
M2_Macro_Oil_vs_M3_Macro_Oil_RegQuality__primary__Oil_Rent_Intensive_Pre2016_ge15pct,Regulatory_Quality_lag1,primary,Inward_FDI_Net_Flow_asinh,Oil_Rent_Intensive_Pre2016_ge15pct,oil_rent_threshold,15.0,Future_Period,train_to_2015__test_from_2016,Ridge,model,M3_Macro_Oil_RegQuality,TCD,7,48.02251015062013,330.243050374903,20.929517410149323,11.806641585163785
M2_Macro_Oil_vs_M3_Macro_Oil_RegQuality__primary__Oil_Rent_Intensive_Pre2016_ge15pct,Regulatory_Quality_lag1,primary,Inward_FDI_Net_Flow_asinh,Oil_Rent_Intensive_Pre2016_ge15pct,oil_rent_threshold,15.0,Future_Period,train_to_2015__test_from_2016,Ridge,model,M3_Macro_Oil_RegQuality,TLS,7,-4.236303618682487,169.3906330698152,223.31367915132273,31.611897672432033
M2_Macro_Oil_vs_M3_Macro_Oil_RegQuality__primary__Oil_Rent_Intensive_Pre2016_ge15pct,Regulatory_Quality_lag1,primary,Inward_FDI_Net_Flow_asinh,Oil_Rent_Intensive_Pre2016_ge15pct,oil_rent_threshold,15.0,Future_Period,train_to_2015__test_from_2016,Ridge,model,M3_Macro_Oil_RegQuality,TTO,7,-4.1571605408644245,324.7128351462788,575.2556559572097,56.51600501579134
M2_Macro_Oil_vs_M3_Macro_Oil_RegQuality__primary__Oil_Rent_Intensive_Pre2016_ge15pct,Regulatory_Quality_lag1,primary,Inward_FDI_Net_Flow_asinh,Oil_Rent_Intensive_Pre2016_ge15pct,oil_rent_threshold,15.0,Future_Period,train_to_2016__test_from_2017,Benchmark,benchmark,Lagged_Flow,AGO,6,-54.86443174902891,502.98325387788793,15.56217123184594,6.35847254424843
M2_Macro_Oil_vs_M3_Macro_Oil_RegQuality__primary__Oil_Rent_Intensive_Pre2016_ge15pct,Regulatory_Quality_lag1,primary,Inward_FDI_Net_Flow_asinh,Oil_Rent_Intensive_Pre2016_ge15pct,oil_rent_threshold,15.0,Future_Period,train_to_2016__test_from_2017,Benchmark,benchmark,Lagged_Flow,ARE,6,62.30904034375654,647.6933365948619,0.3224478793264707,0.8617138381510987
M2_Macro_Oil_vs_M3_Macro_Oil_RegQuality__primary__Oil_Rent_Intensive_Pre2016_ge15pct,Regulatory_Quality_lag1,primary,Inward_FDI_Net_Flow_asinh,Oil_Rent_Intensive_Pre2016_ge15pct,oil_rent_threshold,15.0,Future_Period,train_to_2016__test_from_2017,Benchmark,benchmark,Lagged_Flow,AZE,6,14.289464370456525,398.98278346638773,229.57131305394765,18.3431231044425
M2_Macro_Oil_vs_M3_Macro_Oil_RegQuality__primary__Oil_Rent_Intensive_Pre2016_ge15pct,Regulatory_Quality_lag1,primary,Inward_FDI_Net_Flow_asinh,Oil_Rent_Intensive_Pre2016_ge15pct,oil_rent_threshold,15.0,Future_Period,train_to_2016__test_from_2017,Benchmark,benchmark,Lagged_Flow,BHR,6,47.66943429349285,379.18141296317526,3.789087308266692,3.2084781837510397
M2_Macro_Oil_vs_M3_Macro_Oil_RegQuality__primary__Oil_Rent_Intensive_Pre2016_ge15pct,Regulatory_Quality_lag1,primary,Inward_FDI_Net_Flow_asinh,Oil_Rent_Intensive_Pre2016_ge15pct,oil_rent_threshold,15.0,Future_Period,train_to_2016__test_from_2017,Benchmark,benchmark,Lagged_Flow,BRN,6,27.087113783231658,264.9374882545706,312.2132578034619,26.781405923556186
M2_Macro_Oil_vs_M3_Macro_Oil_RegQuality__primary__Oil_Rent_Intensive_Pre2016_ge15pct,Regulatory_Quality_lag1,primary,Inward_FDI_Net_Flow_asinh,Oil_Rent_Intensive_Pre2016_ge15pct,oil_rent_threshold,15.0,Future_Period,train_to_2016__test_from_2017,Benchmark,benchmark,Lagged_Flow,COG,6,2.4150022626472314,387.0089183800578,493.5155385360881,37.09681742488478
M2_Macro_Oil_vs_M3_Macro_Oil_RegQuality__primary__Oil_Rent_Intensive_Pre2016_ge15pct,Regulatory_Quality_lag1,primary,Inward_FDI_Net_Flow_asinh,Oil_Rent_Intensive_Pre2016_ge15pct,oil_rent_threshold,15.0,Future_Period,train_to_2016__test_from_2017,Benchmark,benchmark,Lagged_Flow,DZA,6,45.092811282045226,341.196599034673,1.8643654125838838,2.2641029895219233
M2_Macro_Oil_vs_M3_Macro_Oil_RegQuality__primary__Oil_Rent_Intensive_Pre2016_ge15pct,Regulatory_Quality_lag1,primary,Inward_FDI_Net_Flow_asinh,Oil_Rent_Intensive_Pre2016_ge15pct,oil_rent_threshold,15.0,Future_Period,train_to_2016__test_from_2017,Benchmark,benchmark,Lagged_Flow,ECU,6,45.019179133484364,338.26181756683957,1.1787451466426662,2.2987675366257845
M2_Macro_Oil_vs_M3_Macro_Oil_RegQuality__primary__Oil_Rent_Intensive_Pre2016_ge15pct,Regulatory_Quality_lag1,primary,Inward_FDI_Net_Flow_asinh,Oil_Rent_Intensive_Pre2016_ge15pct,oil_rent_threshold,15.0,Future_Period,train_to_2016__test_from_2017,Benchmark,benchmark,Lagged_Flow,EGY,6,57.73732326208072,556.0222623003946,0.8712866879922417,1.6504830389853158
M2_Macro_Oil_vs_M3_Macro_Oil_RegQuality__primary__Oil_Rent_Intensive_Pre2016_ge15pct,Regulatory_Quality_lag1,primary,Inward_FDI_Net_Flow_asinh,Oil_Rent_Intensive_Pre2016_ge15pct,oil_rent_threshold,15.0,Future_Period,train_to_2016__test_from_2017,Benchmark,benchmark,Lagged_Flow,GAB,6,47.70472902702687,379.4096391576092,0.1486531749047393,0.7630530360159629
M2_Macro_Oil_vs_M3_Macro_Oil_RegQuality__primary__Oil_Rent_Intensive_Pre2016_ge15pct,Regulatory_Quality_lag1,primary,Inward_FDI_Net_Flow_asinh,Oil_Rent_Intensive_Pre2016_ge15pct,oil_rent_threshold,15.0,Future_Period,train_to_2016__test_from_2017,Benchmark,benchmark,Lagged_Flow,GNQ,6,20.435347922080798,251.71774378929314,530.2637911796637,48.03603409622126
M2_Macro_Oil_vs_M3_Macro_Oil_RegQuality__primary__Oil_Rent_Intensive_Pre2016_ge15pct,Regulatory_Quality_lag1,primary,Inward_FDI_Net_Flow_asinh,Oil_Rent_Intensive_Pre2016_ge15pct,oil_rent_threshold,15.0,Future_Period,train_to_2016__test_from_2017,Benchmark,benchmark,Lagged_Flow,IRN,6,49.54738321263916,410.46173632204057,0.9446775090865904,1.8280982435591469
M2_Macro_Oil_vs_M3_Macro_Oil_RegQuality__primary__Oil_Rent_Intensive_Pre2016_ge15pct,Regulatory_Quality_lag1,primary,Inward_FDI_Net_Flow_asinh,Oil_Rent_Intensive_Pre2016_ge15pct,oil_rent_threshold,15.0,Future_Period,train_to_2016__test_from_2017,Benchmark,benchmark,Lagged_Flow,IRQ,6,-52.68756670308278,463.2793072460743,0.32867540943004936,1.0972225166427538
M2_Macro_Oil_vs_M3_Macro_Oil_RegQuality__primary__Oil_Rent_Intensive_Pre2016_ge15pct,Regulatory_Quality_lag1,primary,Inward_FDI_Net_Flow_asinh,Oil_Rent_Intensive_Pre2016_ge15pct,oil_rent_threshold,15.0,Future_Period,train_to_2016__test_from_2017,Benchmark,benchmark,Lagged_Flow,KAZ,6,52.56062077959509,466.472413661981,14.624868447375146,7.465133516923551
M2_Macro_Oil_vs_M3_Macro_Oil_RegQuality__primary__Oil_Rent_Intensive_Pre2016_ge15pct,Regulatory_Quality_lag1,primary,Inward_FDI_Net_Flow_asinh,Oil_Rent_Intensive_Pre2016_ge15pct,oil_rent_threshold,15.0,Future_Period,train_to_2016__test_from_2017,Benchmark,benchmark,Lagged_Flow,KWT,5,-4.714652208189599,180.57347088499034,394.774371776582,35.49412184255889
M2_Macro_Oil_vs_M3_Macro_Oil_RegQuality__primary__Oil_Rent_Intensive_Pre2016_ge15pct,Regulatory_Quality_lag1,primary,Inward_FDI_Net_Flow_asinh,Oil_Rent_Intensive_Pre2016_ge15pct,oil_rent_threshold,15.0,Future_Period,train_to_2016__test_from_2017,Benchmark,benchmark,Lagged_Flow,LBY,1,7.247081091886447,52.52018435237805,0.023108872479545486,0.15201602704828687
M2_Macro_Oil_vs_M3_Macro_Oil_RegQuality__primary__Oil_Rent_Intensive_Pre2016_ge15pct,Regulatory_Quality_lag1,primary,Inward_FDI_Net_Flow_asinh,Oil_Rent_Intensive_Pre2016_ge15pct,oil_rent_threshold,15.0,Future_Period,train_to_2016__test_from_2017,Benchmark,benchmark,Lagged_Flow,NGA,6,35.610004871818695,381.3229667323419,219.4507567947095,17.668353451169004
M2_Macro_Oil_vs_M3_Macro_Oil_RegQuality__primary__Oil_Rent_Intensive_Pre2016_ge15pct,Regulatory_Quality_lag1,primary,Inward_FDI_Net_Flow_asinh,Oil_Rent_Intensive_Pre2016_ge15pct,oil_rent_threshold,15.0,Future_Period,train_to_2016__test_from_2017,Benchmark,benchmark,Lagged_Flow,OMN,6,53.820658590943935,484.93028400781475,3.938397132515922,3.743777179108074
M2_Macro_Oil_vs_M3_Macro_Oil_RegQuality__primary__Oil_Rent_Intensive_Pre2016_ge15pct,Regulatory_Quality_lag1,primary,Inward_FDI_Net_Flow_asinh,Oil_Rent_Intensive_Pre2016_ge15pct,oil_rent_threshold,15.0,Future_Period,train_to_2016__test_from_2017,Benchmark,benchmark,Lagged_Flow,PNG,6,16.011931576526216,225.94857567664184,392.2197904584814,36.66373817234928
M2_Macro_Oil_vs_M3_Macro_Oil_RegQuality__primary__Oil_Rent_Intensive_Pre2016_ge15pct,Regulatory_Quality_lag1,primary,Inward_FDI_Net_Flow_asinh,Oil_Rent_Intensive_Pre2016_ge15pct,oil_rent_threshold,15.0,Future_Period,train_to_2016__test_from_2017,Benchmark,benchmark,Lagged_Flow,QAT,6,-20.586771211104292,358.8794610120995,417.5028435835332,30.124267977708225
M2_Macro_Oil_vs_M3_Macro_Oil_RegQuality__primary__Oil_Rent_Intensive_Pre2016_ge15pct,Regulatory_Quality_lag1,primary,Inward_FDI_Net_Flow_asinh,Oil_Rent_Intensive_Pre2016_ge15pct,oil_rent_threshold,15.0,Future_Period,train_to_2016__test_from_2017,Benchmark,benchmark,Lagged_Flow,RUS,6,41.65873793175069,690.0272164251016,516.7763299530144,27.853984581061077
M2_Macro_Oil_vs_M3_Macro_Oil_RegQuality__primary__Oil_Rent_Intensive_Pre2016_ge15pct,Regulatory_Quality_lag1,primary,Inward_FDI_Net_Flow_asinh,Oil_Rent_Intensive_Pre2016_ge15pct,oil_rent_threshold,15.0,Future_Period,train_to_2016__test_from_2017,Benchmark,benchmark,Lagged_Flow,SAU,6,56.35354007809235,539.7429026720167,26.104243314877586,10.492081646760747
M2_Macro_Oil_vs_M3_Macro_Oil_RegQuality__primary__Oil_Rent_Intensive_Pre2016_ge15pct,Regulatory_Quality_lag1,primary,Inward_FDI_Net_Flow_asinh,Oil_Rent_Intensive_Pre2016_ge15pct,oil_rent_threshold,15.0,Future_Period,train_to_2016__test_from_2017,Benchmark,benchmark,Lagged_Flow,SDN,6,44.06688080193559,324.15117690543605,0.23405429115462373,0.9336908910865569
M2_Macro_Oil_vs_M3_Macro_Oil_RegQuality__primary__Oil_Rent_Intensive_Pre2016_ge15pct,Regulatory_Quality_lag1,primary,Inward_FDI_Net_Flow_asinh,Oil_Rent_Intensive_Pre2016_ge15pct,oil_rent_threshold,15.0,Future_Period,train_to_2016__test_from_2017,Benchmark,benchmark,Lagged_Flow,TCD,6,41.82939889561146,291.88842335798796,0.3299753498976172,1.2285217590892605
M2_Macro_Oil_vs_M3_Macro_Oil_RegQuality__primary__Oil_Rent_Intensive_Pre2016_ge15pct,Regulatory_Quality_lag1,primary,Inward_FDI_Net_Flow_asinh,Oil_Rent_Intensive_Pre2016_ge15pct,oil_rent_threshold,15.0,Future_Period,train_to_2016__test_from_2017,Benchmark,benchmark,Lagged_Flow,TLS,6,-6.638545324593844,163.6198678561953,228.81679712709763,24.50432293270947
M2_Macro_Oil_vs_M3_Macro_Oil_RegQuality__primary__Oil_Rent_Intensive_Pre2016_ge15pct,Regulatory_Quality_lag1,primary,Inward_FDI_Net_Flow_asinh,Oil_Rent_Intensive_Pre2016_ge15pct,oil_rent_threshold,15.0,Future_Period,train_to_2016__test_from_2017,Benchmark,benchmark,Lagged_Flow,TTO,6,-0.3023950366009931,309.8536180534195,649.7460581853762,48.77187750702122
M2_Macro_Oil_vs_M3_Macro_Oil_RegQuality__primary__Oil_Rent_Intensive_Pre2016_ge15pct,Regulatory_Quality_lag1,primary,Inward_FDI_Net_Flow_asinh,Oil_Rent_Intensive_Pre2016_ge15pct,oil_rent_threshold,15.0,Future_Period,train_to_2016__test_from_2017,Benchmark,benchmark,Training_Mean,AGO,6,-54.86443174902891,502.98325387788793,1399.6215620887726,91.59659229692532
M2_Macro_Oil_vs_M3_Macro_Oil_RegQuality__primary__Oil_Rent_Intensive_Pre2016_ge15pct,Regulatory_Quality_lag1,primary,Inward_FDI_Net_Flow_asinh,Oil_Rent_Intensive_Pre2016_ge15pct,oil_rent_threshold,15.0,Future_Period,train_to_2016__test_from_2017,Benchmark,benchmark,Training_Mean,ARE,6,62.30904034375654,647.6933365948619,109.65338185019479,25.576879795860123
M2_Macro_Oil_vs_M3_Macro_Oil_RegQuality__primary__Oil_Rent_Intensive_Pre2016_ge15pct,Regulatory_Quality_lag1,primary,Inward_FDI_Net_Flow_asinh,Oil_Rent_Intensive_Pre2016_ge15pct,oil_rent_threshold,15.0,Future_Period,train_to_2016__test_from_2017,Benchmark,benchmark,Training_Mean,AZE,6,14.289464370456525,398.98278346638773,448.89708675277586,36.51605667557346
M2_Macro_Oil_vs_M3_Macro_Oil_RegQuality__primary__Oil_Rent_Intensive_Pre2016_ge15pct,Regulatory_Quality_lag1,primary,Inward_FDI_Net_Flow_asinh,Oil_Rent_Intensive_Pre2016_ge15pct,oil_rent_threshold,15.0,Future_Period,train_to_2016__test_from_2017,Benchmark,benchmark,Training_Mean,BHR,6,47.66943429349285,379.18141296317526,20.389578150588818,10.93727374559643
M2_Macro_Oil_vs_M3_Macro_Oil_RegQuality__primary__Oil_Rent_Intensive_Pre2016_ge15pct,Regulatory_Quality_lag1,primary,Inward_FDI_Net_Flow_asinh,Oil_Rent_Intensive_Pre2016_ge15pct,oil_rent_threshold,15.0,Future_Period,train_to_2016__test_from_2017,Benchmark,benchmark,Training_Mean,BRN,6,27.087113783231658,264.9374882545706,158.15668725237592,15.523748373759062
M2_Macro_Oil_vs_M3_Macro_Oil_RegQuality__primary__Oil_Rent_Intensive_Pre2016_ge15pct,Regulatory_Quality_lag1,primary,Inward_FDI_Net_Flow_asinh,Oil_Rent_Intensive_Pre2016_ge15pct,oil_rent_threshold,15.0,Future_Period,train_to_2016__test_from_2017,Benchmark,benchmark,Training_Mean,COG,6,2.4150022626472314,387.0089183800578,582.3147711877671,47.8243653078771
M2_Macro_Oil_vs_M3_Macro_Oil_RegQuality__primary__Oil_Rent_Intensive_Pre2016_ge15pct,Regulatory_Quality_lag1,primary,Inward_FDI_Net_Flow_asinh,Oil_Rent_Intensive_Pre2016_ge15pct,oil_rent_threshold,15.0,Future_Period,train_to_2016__test_from_2017,Benchmark,benchmark,Training_Mean,DZA,6,45.092811282045226,341.196599034673,13.953074264719287,8.360650734148809
M2_Macro_Oil_vs_M3_Macro_Oil_RegQuality__primary__Oil_Rent_Intensive_Pre2016_ge15pct,Regulatory_Quality_lag1,primary,Inward_FDI_Net_Flow_asinh,Oil_Rent_Intensive_Pre2016_ge15pct,oil_rent_threshold,15.0,Future_Period,train_to_2016__test_from_2017,Benchmark,benchmark,Training_Mean,ECU,6,45.019179133484364,338.26181756683957,11.919848764360616,8.287018585587944
M2_Macro_Oil_vs_M3_Macro_Oil_RegQuality__primary__Oil_Rent_Intensive_Pre2016_ge15pct,Regulatory_Quality_lag1,primary,Inward_FDI_Net_Flow_asinh,Oil_Rent_Intensive_Pre2016_ge15pct,oil_rent_threshold,15.0,Future_Period,train_to_2016__test_from_2017,Benchmark,benchmark,Training_Mean,EGY,6,57.73732326208072,556.0222623003946,73.95865616361968,21.005162714184305
M2_Macro_Oil_vs_M3_Macro_Oil_RegQuality__primary__Oil_Rent_Intensive_Pre2016_ge15pct,Regulatory_Quality_lag1,primary,Inward_FDI_Net_Flow_asinh,Oil_Rent_Intensive_Pre2016_ge15pct,oil_rent_threshold,15.0,Future_Period,train_to_2016__test_from_2017,Benchmark,benchmark,Training_Mean,GAB,6,47.70472902702687,379.4096391576092,20.185653738800344,10.972568479130459
M2_Macro_Oil_vs_M3_Macro_Oil_RegQuality__primary__Oil_Rent_Intensive_Pre2016_ge15pct,Regulatory_Quality_lag1,primary,Inward_FDI_Net_Flow_asinh,Oil_Rent_Intensive_Pre2016_ge15pct,oil_rent_threshold,15.0,Future_Period,train_to_2016__test_from_2017,Benchmark,benchmark,Training_Mean,GNQ,6,20.435347922080798,251.71774378929314,226.3815199667017,25.32653288879902
M2_Macro_Oil_vs_M3_Macro_Oil_RegQuality__primary__Oil_Rent_Intensive_Pre2016_ge15pct,Regulatory_Quality_lag1,primary,Inward_FDI_Net_Flow_asinh,Oil_Rent_Intensive_Pre2016_ge15pct,oil_rent_threshold,15.0,Future_Period,train_to_2016__test_from_2017,Benchmark,benchmark,Training_Mean,IRN,6,49.54738321263916,410.46173632204057,28.676194443177085,12.815222664742745
M2_Macro_Oil_vs_M3_Macro_Oil_RegQuality__primary__Oil_Rent_Intensive_Pre2016_ge15pct,Regulatory_Quality_lag1,primary,Inward_FDI_Net_Flow_asinh,Oil_Rent_Intensive_Pre2016_ge15pct,oil_rent_threshold,15.0,Future_Period,train_to_2016__test_from_2017,Benchmark,benchmark,Training_Mean,IRQ,6,-52.68756670308278,463.2793072460743,1333.2639633373599,89.4197272509792
M2_Macro_Oil_vs_M3_Macro_Oil_RegQuality__primary__Oil_Rent_Intensive_Pre2016_ge15pct,Regulatory_Quality_lag1,primary,Inward_FDI_Net_Flow_asinh,Oil_Rent_Intensive_Pre2016_ge15pct,oil_rent_threshold,15.0,Future_Period,train_to_2016__test_from_2017,Benchmark,benchmark,Training_Mean,KAZ,6,52.56062077959509,466.472413661981,47.79262975699156,15.828460231698674
M2_Macro_Oil_vs_M3_Macro_Oil_RegQuality__primary__Oil_Rent_Intensive_Pre2016_ge15pct,Regulatory_Quality_lag1,primary,Inward_FDI_Net_Flow_asinh,Oil_Rent_Intensive_Pre2016_ge15pct,oil_rent_threshold,15.0,Future_Period,train_to_2016__test_from_2017,Benchmark,benchmark,Training_Mean,KWT,5,-4.714652208189599,180.57347088499034,425.6959829585116,36.957759416132006
M2_Macro_Oil_vs_M3_Macro_Oil_RegQuality__primary__Oil_Rent_Intensive_Pre2016_ge15pct,Regulatory_Quality_lag1,primary,Inward_FDI_Net_Flow_asinh,Oil_Rent_Intensive_Pre2016_ge15pct,oil_rent_threshold,15.0,Future_Period,train_to_2016__test_from_2017,Benchmark,benchmark,Training_Mean,LBY,1,7.247081091886447,52.52018435237805,1.2657472542355217,1.1250543339037105
M2_Macro_Oil_vs_M3_Macro_Oil_RegQuality__primary__Oil_Rent_Intensive_Pre2016_ge15pct,Regulatory_Quality_lag1,primary,Inward_FDI_Net_Flow_asinh,Oil_Rent_Intensive_Pre2016_ge15pct,oil_rent_threshold,15.0,Future_Period,train_to_2016__test_from_2017,Benchmark,benchmark,Training_Mean,NGA,6,35.610004871818695,381.3229667323419,170.1874311307423,22.96820252027772
M2_Macro_Oil_vs_M3_Macro_Oil_RegQuality__primary__Oil_Rent_Intensive_Pre2016_ge15pct,Regulatory_Quality_lag1,primary,Inward_FDI_Net_Flow_asinh,Oil_Rent_Intensive_Pre2016_ge15pct,oil_rent_threshold,15.0,Future_Period,train_to_2016__test_from_2017,Benchmark,benchmark,Training_Mean,OMN,6,53.820658590943935,484.93028400781475,50.822529708530006,17.088498043047522
M2_Macro_Oil_vs_M3_Macro_Oil_RegQuality__primary__Oil_Rent_Intensive_Pre2016_ge15pct,Regulatory_Quality_lag1,primary,Inward_FDI_Net_Flow_asinh,Oil_Rent_Intensive_Pre2016_ge15pct,oil_rent_threshold,15.0,Future_Period,train_to_2016__test_from_2017,Benchmark,benchmark,Training_Mean,PNG,6,16.011931576526216,225.94857567664184,254.7728983124171,25.39889336266316
M2_Macro_Oil_vs_M3_Macro_Oil_RegQuality__primary__Oil_Rent_Intensive_Pre2016_ge15pct,Regulatory_Quality_lag1,primary,Inward_FDI_Net_Flow_asinh,Oil_Rent_Intensive_Pre2016_ge15pct,oil_rent_threshold,15.0,Future_Period,train_to_2016__test_from_2017,Benchmark,benchmark,Training_Mean,QAT,6,-20.586771211104292,358.8794610120995,835.8202591945374,60.24846353746389
M2_Macro_Oil_vs_M3_Macro_Oil_RegQuality__primary__Oil_Rent_Intensive_Pre2016_ge15pct,Regulatory_Quality_lag1,primary,Inward_FDI_Net_Flow_asinh,Oil_Rent_Intensive_Pre2016_ge15pct,oil_rent_threshold,15.0,Future_Period,train_to_2016__test_from_2017,Benchmark,benchmark,Training_Mean,RUS,6,41.65873793175069,690.0272164251016,404.83066953390517,39.740217091829486
M2_Macro_Oil_vs_M3_Macro_Oil_RegQuality__primary__Oil_Rent_Intensive_Pre2016_ge15pct,Regulatory_Quality_lag1,primary,Inward_FDI_Net_Flow_asinh,Oil_Rent_Intensive_Pre2016_ge15pct,oil_rent_threshold,15.0,Future_Period,train_to_2016__test_from_2017,Benchmark,benchmark,Training_Mean,SAU,6,56.35354007809235,539.7429026720167,74.62241189448868,19.62137953019593
M2_Macro_Oil_vs_M3_Macro_Oil_RegQuality__primary__Oil_Rent_Intensive_Pre2016_ge15pct,Regulatory_Quality_lag1,primary,Inward_FDI_Net_Flow_asinh,Oil_Rent_Intensive_Pre2016_ge15pct,oil_rent_threshold,15.0,Future_Period,train_to_2016__test_from_2017,Benchmark,benchmark,Training_Mean,SDN,6,44.06688080193559,324.15117690543605,9.469199837604933,7.334720254039171
M2_Macro_Oil_vs_M3_Macro_Oil_RegQuality__primary__Oil_Rent_Intensive_Pre2016_ge15pct,Regulatory_Quality_lag1,primary,Inward_FDI_Net_Flow_asinh,Oil_Rent_Intensive_Pre2016_ge15pct,oil_rent_threshold,15.0,Future_Period,train_to_2016__test_from_2017,Benchmark,benchmark,Training_Mean,TCD,6,41.82939889561146,291.88842335798796,4.602294492193893,5.097238347715042
M2_Macro_Oil_vs_M3_Macro_Oil_RegQuality__primary__Oil_Rent_Intensive_Pre2016_ge15pct,Regulatory_Quality_lag1,primary,Inward_FDI_Net_Flow_asinh,Oil_Rent_Intensive_Pre2016_ge15pct,oil_rent_threshold,15.0,Future_Period,train_to_2016__test_from_2017,Benchmark,benchmark,Training_Mean,TLS,6,-6.638545324593844,163.6198678561953,469.77784183142444,43.37070587249026
M2_Macro_Oil_vs_M3_Macro_Oil_RegQuality__primary__Oil_Rent_Intensive_Pre2016_ge15pct,Regulatory_Quality_lag1,primary,Inward_FDI_Net_Flow_asinh,Oil_Rent_Intensive_Pre2016_ge15pct,oil_rent_threshold,15.0,Future_Period,train_to_2016__test_from_2017,Benchmark,benchmark,Training_Mean,TTO,6,-0.3023950366009931,309.8536180534195,538.431428817264,43.37719576721923
M2_Macro_Oil_vs_M3_Macro_Oil_RegQuality__primary__Oil_Rent_Intensive_Pre2016_ge15pct,Regulatory_Quality_lag1,primary,Inward_FDI_Net_Flow_asinh,Oil_Rent_Intensive_Pre2016_ge15pct,oil_rent_threshold,15.0,Future_Period,train_to_2016__test_from_2017,Benchmark,benchmark,Zero_Flow,AGO,6,-54.86443174902891,502.98325387788793,502.98325387788793,54.86443174902891
M2_Macro_Oil_vs_M3_Macro_Oil_RegQuality__primary__Oil_Rent_Intensive_Pre2016_ge15pct,Regulatory_Quality_lag1,primary,Inward_FDI_Net_Flow_asinh,Oil_Rent_Intensive_Pre2016_ge15pct,oil_rent_threshold,15.0,Future_Period,train_to_2016__test_from_2017,Benchmark,benchmark,Zero_Flow,ARE,6,62.30904034375654,647.6933365948619,647.6933365948619,62.30904034375654
M2_Macro_Oil_vs_M3_Macro_Oil_RegQuality__primary__Oil_Rent_Intensive_Pre2016_ge15pct,Regulatory_Quality_lag1,primary,Inward_FDI_Net_Flow_asinh,Oil_Rent_Intensive_Pre2016_ge15pct,oil_rent_threshold,15.0,Future_Period,train_to_2016__test_from_2017,Benchmark,benchmark,Zero_Flow,AZE,6,14.289464370456525,398.98278346638773,398.98278346638773,48.76011019153893
M2_Macro_Oil_vs_M3_Macro_Oil_RegQuality__primary__Oil_Rent_Intensive_Pre2016_ge15pct,Regulatory_Quality_lag1,primary,Inward_FDI_Net_Flow_asinh,Oil_Rent_Intensive_Pre2016_ge15pct,oil_rent_threshold,15.0,Future_Period,train_to_2016__test_from_2017,Benchmark,benchmark,Zero_Flow,BHR,6,47.66943429349285,379.18141296317526,379.18141296317526,47.66943429349285
M2_Macro_Oil_vs_M3_Macro_Oil_RegQuality__primary__Oil_Rent_Intensive_Pre2016_ge15pct,Regulatory_Quality_lag1,primary,Inward_FDI_Net_Flow_asinh,Oil_Rent_Intensive_Pre2016_ge15pct,oil_rent_threshold,15.0,Future_Period,train_to_2016__test_from_2017,Benchmark,benchmark,Zero_Flow,BRN,6,27.087113783231658,264.9374882545706,264.9374882545706,39.8143478951191
M2_Macro_Oil_vs_M3_Macro_Oil_RegQuality__primary__Oil_Rent_Intensive_Pre2016_ge15pct,Regulatory_Quality_lag1,primary,Inward_FDI_Net_Flow_asinh,Oil_Rent_Intensive_Pre2016_ge15pct,oil_rent_threshold,15.0,Future_Period,train_to_2016__test_from_2017,Benchmark,benchmark,Zero_Flow,COG,6,2.4150022626472314,387.0089183800578,387.0089183800578,47.8243653078771
M2_Macro_Oil_vs_M3_Macro_Oil_RegQuality__primary__Oil_Rent_Intensive_Pre2016_ge15pct,Regulatory_Quality_lag1,primary,Inward_FDI_Net_Flow_asinh,Oil_Rent_Intensive_Pre2016_ge15pct,oil_rent_threshold,15.0,Future_Period,train_to_2016__test_from_2017,Benchmark,benchmark,Zero_Flow,DZA,6,45.092811282045226,341.196599034673,341.196599034673,45.092811282045226
M2_Macro_Oil_vs_M3_Macro_Oil_RegQuality__primary__Oil_Rent_Intensive_Pre2016_ge15pct,Regulatory_Quality_lag1,primary,Inward_FDI_Net_Flow_asinh,Oil_Rent_Intensive_Pre2016_ge15pct,oil_rent_threshold,15.0,Future_Period,train_to_2016__test_from_2017,Benchmark,benchmark,Zero_Flow,ECU,6,45.019179133484364,338.26181756683957,338.26181756683957,45.019179133484364
M2_Macro_Oil_vs_M3_Macro_Oil_RegQuality__primary__Oil_Rent_Intensive_Pre2016_ge15pct,Regulatory_Quality_lag1,primary,Inward_FDI_Net_Flow_asinh,Oil_Rent_Intensive_Pre2016_ge15pct,oil_rent_threshold,15.0,Future_Period,train_to_2016__test_from_2017,Benchmark,benchmark,Zero_Flow,EGY,6,57.73732326208072,556.0222623003946,556.0222623003946,57.73732326208072
M2_Macro_Oil_vs_M3_Macro_Oil_RegQuality__primary__Oil_Rent_Intensive_Pre2016_ge15pct,Regulatory_Quality_lag1,primary,Inward_FDI_Net_Flow_asinh,Oil_Rent_Intensive_Pre2016_ge15pct,oil_rent_threshold,15.0,Future_Period,train_to_2016__test_from_2017,Benchmark,benchmark,Zero_Flow,GAB,6,47.70472902702687,379.4096391576092,379.4096391576092,47.70472902702687
M2_Macro_Oil_vs_M3_Macro_Oil_RegQuality__primary__Oil_Rent_Intensive_Pre2016_ge15pct,Regulatory_Quality_lag1,primary,Inward_FDI_Net_Flow_asinh,Oil_Rent_Intensive_Pre2016_ge15pct,oil_rent_threshold,15.0,Future_Period,train_to_2016__test_from_2017,Benchmark,benchmark,Zero_Flow,GNQ,6,20.435347922080798,251.71774378929314,251.71774378929314,37.57058640476449
M2_Macro_Oil_vs_M3_Macro_Oil_RegQuality__primary__Oil_Rent_Intensive_Pre2016_ge15pct,Regulatory_Quality_lag1,primary,Inward_FDI_Net_Flow_asinh,Oil_Rent_Intensive_Pre2016_ge15pct,oil_rent_threshold,15.0,Future_Period,train_to_2016__test_from_2017,Benchmark,benchmark,Zero_Flow,IRN,6,49.54738321263916,410.46173632204057,410.46173632204057,49.54738321263916
M2_Macro_Oil_vs_M3_Macro_Oil_RegQuality__primary__Oil_Rent_Intensive_Pre2016_ge15pct,Regulatory_Quality_lag1,primary,Inward_FDI_Net_Flow_asinh,Oil_Rent_Intensive_Pre2016_ge15pct,oil_rent_threshold,15.0,Future_Period,train_to_2016__test_from_2017,Benchmark,benchmark,Zero_Flow,IRQ,6,-52.68756670308278,463.2793072460743,463.2793072460743,52.68756670308278
M2_Macro_Oil_vs_M3_Macro_Oil_RegQuality__primary__Oil_Rent_Intensive_Pre2016_ge15pct,Regulatory_Quality_lag1,primary,Inward_FDI_Net_Flow_asinh,Oil_Rent_Intensive_Pre2016_ge15pct,oil_rent_threshold,15.0,Future_Period,train_to_2016__test_from_2017,Benchmark,benchmark,Zero_Flow,KAZ,6,52.56062077959509,466.472413661981,466.472413661981,52.56062077959509
M2_Macro_Oil_vs_M3_Macro_Oil_RegQuality__primary__Oil_Rent_Intensive_Pre2016_ge15pct,Regulatory_Quality_lag1,primary,Inward_FDI_Net_Flow_asinh,Oil_Rent_Intensive_Pre2016_ge15pct,oil_rent_threshold,15.0,Future_Period,train_to_2016__test_from_2017,Benchmark,benchmark,Zero_Flow,KWT,5,-4.714652208189599,180.57347088499034,180.57347088499034,29.433001817106817
M2_Macro_Oil_vs_M3_Macro_Oil_RegQuality__primary__Oil_Rent_Intensive_Pre2016_ge15pct,Regulatory_Quality_lag1,primary,Inward_FDI_Net_Flow_asinh,Oil_Rent_Intensive_Pre2016_ge15pct,oil_rent_threshold,15.0,Future_Period,train_to_2016__test_from_2017,Benchmark,benchmark,Zero_Flow,LBY,1,7.247081091886447,52.52018435237805,52.52018435237805,7.247081091886447
M2_Macro_Oil_vs_M3_Macro_Oil_RegQuality__primary__Oil_Rent_Intensive_Pre2016_ge15pct,Regulatory_Quality_lag1,primary,Inward_FDI_Net_Flow_asinh,Oil_Rent_Intensive_Pre2016_ge15pct,oil_rent_threshold,15.0,Future_Period,train_to_2016__test_from_2017,Benchmark,benchmark,Zero_Flow,NGA,6,35.610004871818695,381.3229667323419,381.3229667323419,47.456309552208666
M2_Macro_Oil_vs_M3_Macro_Oil_RegQuality__primary__Oil_Rent_Intensive_Pre2016_ge15pct,Regulatory_Quality_lag1,primary,Inward_FDI_Net_Flow_asinh,Oil_Rent_Intensive_Pre2016_ge15pct,oil_rent_threshold,15.0,Future_Period,train_to_2016__test_from_2017,Benchmark,benchmark,Zero_Flow,OMN,6,53.820658590943935,484.93028400781475,484.93028400781475,53.820658590943935
M2_Macro_Oil_vs_M3_Macro_Oil_RegQuality__primary__Oil_Rent_Intensive_Pre2016_ge15pct,Regulatory_Quality_lag1,primary,Inward_FDI_Net_Flow_asinh,Oil_Rent_Intensive_Pre2016_ge15pct,oil_rent_threshold,15.0,Future_Period,train_to_2016__test_from_2017,Benchmark,benchmark,Zero_Flow,PNG,6,16.011931576526216,225.94857567664184,225.94857567664184,36.23987213855162
M2_Macro_Oil_vs_M3_Macro_Oil_RegQuality__primary__Oil_Rent_Intensive_Pre2016_ge15pct,Regulatory_Quality_lag1,primary,Inward_FDI_Net_Flow_asinh,Oil_Rent_Intensive_Pre2016_ge15pct,oil_rent_threshold,15.0,Future_Period,train_to_2016__test_from_2017,Benchmark,benchmark,Zero_Flow,QAT,6,-20.586771211104292,358.8794610120995,358.8794610120995,45.810804850376186
M2_Macro_Oil_vs_M3_Macro_Oil_RegQuality__primary__Oil_Rent_Intensive_Pre2016_ge15pct,Regulatory_Quality_lag1,primary,Inward_FDI_Net_Flow_asinh,Oil_Rent_Intensive_Pre2016_ge15pct,oil_rent_threshold,15.0,Future_Period,train_to_2016__test_from_2017,Benchmark,benchmark,Zero_Flow,RUS,6,41.65873793175069,690.0272164251016,690.0272164251016,64.22832412376043
M2_Macro_Oil_vs_M3_Macro_Oil_RegQuality__primary__Oil_Rent_Intensive_Pre2016_ge15pct,Regulatory_Quality_lag1,primary,Inward_FDI_Net_Flow_asinh,Oil_Rent_Intensive_Pre2016_ge15pct,oil_rent_threshold,15.0,Future_Period,train_to_2016__test_from_2017,Benchmark,benchmark,Zero_Flow,SAU,6,56.35354007809235,539.7429026720167,539.7429026720167,56.35354007809235
M2_Macro_Oil_vs_M3_Macro_Oil_RegQuality__primary__Oil_Rent_Intensive_Pre2016_ge15pct,Regulatory_Quality_lag1,primary,Inward_FDI_Net_Flow_asinh,Oil_Rent_Intensive_Pre2016_ge15pct,oil_rent_threshold,15.0,Future_Period,train_to_2016__test_from_2017,Benchmark,benchmark,Zero_Flow,SDN,6,44.06688080193559,324.15117690543605,324.15117690543605,44.06688080193559
M2_Macro_Oil_vs_M3_Macro_Oil_RegQuality__primary__Oil_Rent_Intensive_Pre2016_ge15pct,Regulatory_Quality_lag1,primary,Inward_FDI_Net_Flow_asinh,Oil_Rent_Intensive_Pre2016_ge15pct,oil_rent_threshold,15.0,Future_Period,train_to_2016__test_from_2017,Benchmark,benchmark,Zero_Flow,TCD,6,41.82939889561146,291.88842335798796,291.88842335798796,41.82939889561146
M2_Macro_Oil_vs_M3_Macro_Oil_RegQuality__primary__Oil_Rent_Intensive_Pre2016_ge15pct,Regulatory_Quality_lag1,primary,Inward_FDI_Net_Flow_asinh,Oil_Rent_Intensive_Pre2016_ge15pct,oil_rent_threshold,15.0,Future_Period,train_to_2016__test_from_2017,Benchmark,benchmark,Zero_Flow,TLS,6,-6.638545324593844,163.6198678561953,163.6198678561953,30.322544835472293
M2_Macro_Oil_vs_M3_Macro_Oil_RegQuality__primary__Oil_Rent_Intensive_Pre2016_ge15pct,Regulatory_Quality_lag1,primary,Inward_FDI_Net_Flow_asinh,Oil_Rent_Intensive_Pre2016_ge15pct,oil_rent_threshold,15.0,Future_Period,train_to_2016__test_from_2017,Benchmark,benchmark,Zero_Flow,TTO,6,-0.3023950366009931,309.8536180534195,309.8536180534195,42.94902684858061
M2_Macro_Oil_vs_M3_Macro_Oil_RegQuality__primary__Oil_Rent_Intensive_Pre2016_ge15pct,Regulatory_Quality_lag1,primary,Inward_FDI_Net_Flow_asinh,Oil_Rent_Intensive_Pre2016_ge15pct,oil_rent_threshold,15.0,Future_Period,train_to_2016__test_from_2017,ElasticNet,model,M2_Macro_Oil,AGO,6,-54.86443174902891,502.98325387788793,393.29425895688905,48.25805116918296
M2_Macro_Oil_vs_M3_Macro_Oil_RegQuality__primary__Oil_Rent_Intensive_Pre2016_ge15pct,Regulatory_Quality_lag1,primary,Inward_FDI_Net_Flow_asinh,Oil_Rent_Intensive_Pre2016_ge15pct,oil_rent_threshold,15.0,Future_Period,train_to_2016__test_from_2017,ElasticNet,model,M2_Macro_Oil,ARE,6,62.30904034375654,647.6933365948619,11.302027456434843,8.109135701447133
M2_Macro_Oil_vs_M3_Macro_Oil_RegQuality__primary__Oil_Rent_Intensive_Pre2016_ge15pct,Regulatory_Quality_lag1,primary,Inward_FDI_Net_Flow_asinh,Oil_Rent_Intensive_Pre2016_ge15pct,oil_rent_threshold,15.0,Future_Period,train_to_2016__test_from_2017,ElasticNet,model,M2_Macro_Oil,AZE,6,14.289464370456525,398.98278346638773,318.00498790102796,26.101956053973016
M2_Macro_Oil_vs_M3_Macro_Oil_RegQuality__primary__Oil_Rent_Intensive_Pre2016_ge15pct,Regulatory_Quality_lag1,primary,Inward_FDI_Net_Flow_asinh,Oil_Rent_Intensive_Pre2016_ge15pct,oil_rent_threshold,15.0,Future_Period,train_to_2016__test_from_2017,ElasticNet,model,M2_Macro_Oil,BHR,6,47.66943429349285,379.18141296317526,3.9566596268944774,4.262576797287219
M2_Macro_Oil_vs_M3_Macro_Oil_RegQuality__primary__Oil_Rent_Intensive_Pre2016_ge15pct,Regulatory_Quality_lag1,primary,Inward_FDI_Net_Flow_asinh,Oil_Rent_Intensive_Pre2016_ge15pct,oil_rent_threshold,15.0,Future_Period,train_to_2016__test_from_2017,ElasticNet,model,M2_Macro_Oil,BRN,6,27.087113783231658,264.9374882545706,195.2488423369934,20.438120097056565
M2_Macro_Oil_vs_M3_Macro_Oil_RegQuality__primary__Oil_Rent_Intensive_Pre2016_ge15pct,Regulatory_Quality_lag1,primary,Inward_FDI_Net_Flow_asinh,Oil_Rent_Intensive_Pre2016_ge15pct,oil_rent_threshold,15.0,Future_Period,train_to_2016__test_from_2017,ElasticNet,model,M2_Macro_Oil,COG,6,2.4150022626472314,387.0089183800578,354.1474694585795,40.723771514407915
M2_Macro_Oil_vs_M3_Macro_Oil_RegQuality__primary__Oil_Rent_Intensive_Pre2016_ge15pct,Regulatory_Quality_lag1,primary,Inward_FDI_Net_Flow_asinh,Oil_Rent_Intensive_Pre2016_ge15pct,oil_rent_threshold,15.0,Future_Period,train_to_2016__test_from_2017,ElasticNet,model,M2_Macro_Oil,DZA,6,45.092811282045226,341.196599034673,3.182196157689385,2.884538995746854
M2_Macro_Oil_vs_M3_Macro_Oil_RegQuality__primary__Oil_Rent_Intensive_Pre2016_ge15pct,Regulatory_Quality_lag1,primary,Inward_FDI_Net_Flow_asinh,Oil_Rent_Intensive_Pre2016_ge15pct,oil_rent_threshold,15.0,Future_Period,train_to_2016__test_from_2017,ElasticNet,model,M2_Macro_Oil,ECU,6,45.019179133484364,338.26181756683957,0.9730120192999205,2.0105610785905963
M2_Macro_Oil_vs_M3_Macro_Oil_RegQuality__primary__Oil_Rent_Intensive_Pre2016_ge15pct,Regulatory_Quality_lag1,primary,Inward_FDI_Net_Flow_asinh,Oil_Rent_Intensive_Pre2016_ge15pct,oil_rent_threshold,15.0,Future_Period,train_to_2016__test_from_2017,ElasticNet,model,M2_Macro_Oil,EGY,6,57.73732326208072,556.0222623003946,1.1530378188864205,1.8785857940462165
M2_Macro_Oil_vs_M3_Macro_Oil_RegQuality__primary__Oil_Rent_Intensive_Pre2016_ge15pct,Regulatory_Quality_lag1,primary,Inward_FDI_Net_Flow_asinh,Oil_Rent_Intensive_Pre2016_ge15pct,oil_rent_threshold,15.0,Future_Period,train_to_2016__test_from_2017,ElasticNet,model,M2_Macro_Oil,GAB,6,47.70472902702687,379.4096391576092,6.087914944564718,5.9463980315238505
M2_Macro_Oil_vs_M3_Macro_Oil_RegQuality__primary__Oil_Rent_Intensive_Pre2016_ge15pct,Regulatory_Quality_lag1,primary,Inward_FDI_Net_Flow_asinh,Oil_Rent_Intensive_Pre2016_ge15pct,oil_rent_threshold,15.0,Future_Period,train_to_2016__test_from_2017,ElasticNet,model,M2_Macro_Oil,GNQ,6,20.435347922080798,251.71774378929314,299.4433596104834,35.6359701148798
M2_Macro_Oil_vs_M3_Macro_Oil_RegQuality__primary__Oil_Rent_Intensive_Pre2016_ge15pct,Regulatory_Quality_lag1,primary,Inward_FDI_Net_Flow_asinh,Oil_Rent_Intensive_Pre2016_ge15pct,oil_rent_threshold,15.0,Future_Period,train_to_2016__test_from_2017,ElasticNet,model,M2_Macro_Oil,IRN,6,49.54738321263916,410.46173632204057,1.5896136991813319,3.025202279441787
M2_Macro_Oil_vs_M3_Macro_Oil_RegQuality__primary__Oil_Rent_Intensive_Pre2016_ge15pct,Regulatory_Quality_lag1,primary,Inward_FDI_Net_Flow_asinh,Oil_Rent_Intensive_Pre2016_ge15pct,oil_rent_threshold,15.0,Future_Period,train_to_2016__test_from_2017,ElasticNet,model,M2_Macro_Oil,IRQ,6,-52.68756670308278,463.2793072460743,427.0509219039042,50.599393724941784
M2_Macro_Oil_vs_M3_Macro_Oil_RegQuality__primary__Oil_Rent_Intensive_Pre2016_ge15pct,Regulatory_Quality_lag1,primary,Inward_FDI_Net_Flow_asinh,Oil_Rent_Intensive_Pre2016_ge15pct,oil_rent_threshold,15.0,Future_Period,train_to_2016__test_from_2017,ElasticNet,model,M2_Macro_Oil,KAZ,6,52.56062077959509,466.472413661981,8.79112893090494,5.95312692765944
M2_Macro_Oil_vs_M3_Macro_Oil_RegQuality__primary__Oil_Rent_Intensive_Pre2016_ge15pct,Regulatory_Quality_lag1,primary,Inward_FDI_Net_Flow_asinh,Oil_Rent_Intensive_Pre2016_ge15pct,oil_rent_threshold,15.0,Future_Period,train_to_2016__test_from_2017,ElasticNet,model,M2_Macro_Oil,KWT,5,-4.714652208189599,180.57347088499034,358.35824024643057,36.655657913530355
M2_Macro_Oil_vs_M3_Macro_Oil_RegQuality__primary__Oil_Rent_Intensive_Pre2016_ge15pct,Regulatory_Quality_lag1,primary,Inward_FDI_Net_Flow_asinh,Oil_Rent_Intensive_Pre2016_ge15pct,oil_rent_threshold,15.0,Future_Period,train_to_2016__test_from_2017,ElasticNet,model,M2_Macro_Oil,LBY,1,7.247081091886447,52.52018435237805,3.0639677107089023,1.750419295685723
M2_Macro_Oil_vs_M3_Macro_Oil_RegQuality__primary__Oil_Rent_Intensive_Pre2016_ge15pct,Regulatory_Quality_lag1,primary,Inward_FDI_Net_Flow_asinh,Oil_Rent_Intensive_Pre2016_ge15pct,oil_rent_threshold,15.0,Future_Period,train_to_2016__test_from_2017,ElasticNet,model,M2_Macro_Oil,NGA,6,35.610004871818695,381.3229667323419,202.4419714382637,17.458679164759417
M2_Macro_Oil_vs_M3_Macro_Oil_RegQuality__primary__Oil_Rent_Intensive_Pre2016_ge15pct,Regulatory_Quality_lag1,primary,Inward_FDI_Net_Flow_asinh,Oil_Rent_Intensive_Pre2016_ge15pct,oil_rent_threshold,15.0,Future_Period,train_to_2016__test_from_2017,ElasticNet,model,M2_Macro_Oil,OMN,6,53.820658590943935,484.93028400781475,9.809159164464146,6.780440457559796
M2_Macro_Oil_vs_M3_Macro_Oil_RegQuality__primary__Oil_Rent_Intensive_Pre2016_ge15pct,Regulatory_Quality_lag1,primary,Inward_FDI_Net_Flow_asinh,Oil_Rent_Intensive_Pre2016_ge15pct,oil_rent_threshold,15.0,Future_Period,train_to_2016__test_from_2017,ElasticNet,model,M2_Macro_Oil,PNG,6,16.011931576526216,225.94857567664184,222.5018430564217,30.93463780388923
M2_Macro_Oil_vs_M3_Macro_Oil_RegQuality__primary__Oil_Rent_Intensive_Pre2016_ge15pct,Regulatory_Quality_lag1,primary,Inward_FDI_Net_Flow_asinh,Oil_Rent_Intensive_Pre2016_ge15pct,oil_rent_threshold,15.0,Future_Period,train_to_2016__test_from_2017,ElasticNet,model,M2_Macro_Oil,QAT,6,-20.586771211104292,358.8794610120995,479.6828435884564,45.5055092706524
M2_Macro_Oil_vs_M3_Macro_Oil_RegQuality__primary__Oil_Rent_Intensive_Pre2016_ge15pct,Regulatory_Quality_lag1,primary,Inward_FDI_Net_Flow_asinh,Oil_Rent_Intensive_Pre2016_ge15pct,oil_rent_threshold,15.0,Future_Period,train_to_2016__test_from_2017,ElasticNet,model,M2_Macro_Oil,RUS,6,41.65873793175069,690.0272164251016,471.41816322421295,26.200174844856228
M2_Macro_Oil_vs_M3_Macro_Oil_RegQuality__primary__Oil_Rent_Intensive_Pre2016_ge15pct,Regulatory_Quality_lag1,primary,Inward_FDI_Net_Flow_asinh,Oil_Rent_Intensive_Pre2016_ge15pct,oil_rent_threshold,15.0,Future_Period,train_to_2016__test_from_2017,ElasticNet,model,M2_Macro_Oil,SAU,6,56.35354007809235,539.7429026720167,17.293165859868267,8.595611063565435
M2_Macro_Oil_vs_M3_Macro_Oil_RegQuality__primary__Oil_Rent_Intensive_Pre2016_ge15pct,Regulatory_Quality_lag1,primary,Inward_FDI_Net_Flow_asinh,Oil_Rent_Intensive_Pre2016_ge15pct,oil_rent_threshold,15.0,Future_Period,train_to_2016__test_from_2017,ElasticNet,model,M2_Macro_Oil,SDN,6,44.06688080193559,324.15117690543605,16.465517111786095,6.633767146071622
M2_Macro_Oil_vs_M3_Macro_Oil_RegQuality__primary__Oil_Rent_Intensive_Pre2016_ge15pct,Regulatory_Quality_lag1,primary,Inward_FDI_Net_Flow_asinh,Oil_Rent_Intensive_Pre2016_ge15pct,oil_rent_threshold,15.0,Future_Period,train_to_2016__test_from_2017,ElasticNet,model,M2_Macro_Oil,TCD,6,41.82939889561146,291.88842335798796,28.186159748624426,12.995059323270144
M2_Macro_Oil_vs_M3_Macro_Oil_RegQuality__primary__Oil_Rent_Intensive_Pre2016_ge15pct,Regulatory_Quality_lag1,primary,Inward_FDI_Net_Flow_asinh,Oil_Rent_Intensive_Pre2016_ge15pct,oil_rent_threshold,15.0,Future_Period,train_to_2016__test_from_2017,ElasticNet,model,M2_Macro_Oil,TLS,6,-6.638545324593844,163.6198678561953,214.2444586149048,29.498533520183532
M2_Macro_Oil_vs_M3_Macro_Oil_RegQuality__primary__Oil_Rent_Intensive_Pre2016_ge15pct,Regulatory_Quality_lag1,primary,Inward_FDI_Net_Flow_asinh,Oil_Rent_Intensive_Pre2016_ge15pct,oil_rent_threshold,15.0,Future_Period,train_to_2016__test_from_2017,ElasticNet,model,M2_Macro_Oil,TTO,6,-0.3023950366009931,309.8536180534195,447.7085780760229,45.702788090307784
M2_Macro_Oil_vs_M3_Macro_Oil_RegQuality__primary__Oil_Rent_Intensive_Pre2016_ge15pct,Regulatory_Quality_lag1,primary,Inward_FDI_Net_Flow_asinh,Oil_Rent_Intensive_Pre2016_ge15pct,oil_rent_threshold,15.0,Future_Period,train_to_2016__test_from_2017,ElasticNet,model,M3_Macro_Oil_RegQuality,AGO,6,-54.86443174902891,502.98325387788793,393.2784646444886,48.25694051499686
M2_Macro_Oil_vs_M3_Macro_Oil_RegQuality__primary__Oil_Rent_Intensive_Pre2016_ge15pct,Regulatory_Quality_lag1,primary,Inward_FDI_Net_Flow_asinh,Oil_Rent_Intensive_Pre2016_ge15pct,oil_rent_threshold,15.0,Future_Period,train_to_2016__test_from_2017,ElasticNet,model,M3_Macro_Oil_RegQuality,ARE,6,62.30904034375654,647.6933365948619,11.345481705767344,8.125137087046294
M2_Macro_Oil_vs_M3_Macro_Oil_RegQuality__primary__Oil_Rent_Intensive_Pre2016_ge15pct,Regulatory_Quality_lag1,primary,Inward_FDI_Net_Flow_asinh,Oil_Rent_Intensive_Pre2016_ge15pct,oil_rent_threshold,15.0,Future_Period,train_to_2016__test_from_2017,ElasticNet,model,M3_Macro_Oil_RegQuality,AZE,6,14.289464370456525,398.98278346638773,317.9687208431445,26.101248398141138
M2_Macro_Oil_vs_M3_Macro_Oil_RegQuality__primary__Oil_Rent_Intensive_Pre2016_ge15pct,Regulatory_Quality_lag1,primary,Inward_FDI_Net_Flow_asinh,Oil_Rent_Intensive_Pre2016_ge15pct,oil_rent_threshold,15.0,Future_Period,train_to_2016__test_from_2017,ElasticNet,model,M3_Macro_Oil_RegQuality,BHR,6,47.66943429349285,379.18141296317526,3.9568999938035962,4.262570393245963
M2_Macro_Oil_vs_M3_Macro_Oil_RegQuality__primary__Oil_Rent_Intensive_Pre2016_ge15pct,Regulatory_Quality_lag1,primary,Inward_FDI_Net_Flow_asinh,Oil_Rent_Intensive_Pre2016_ge15pct,oil_rent_threshold,15.0,Future_Period,train_to_2016__test_from_2017,ElasticNet,model,M3_Macro_Oil_RegQuality,BRN,6,27.087113783231658,264.9374882545706,195.24051512611422,20.438389936858385
M2_Macro_Oil_vs_M3_Macro_Oil_RegQuality__primary__Oil_Rent_Intensive_Pre2016_ge15pct,Regulatory_Quality_lag1,primary,Inward_FDI_Net_Flow_asinh,Oil_Rent_Intensive_Pre2016_ge15pct,oil_rent_threshold,15.0,Future_Period,train_to_2016__test_from_2017,ElasticNet,model,M3_Macro_Oil_RegQuality,COG,6,2.4150022626472314,387.0089183800578,354.1682595410531,40.72373012095358
M2_Macro_Oil_vs_M3_Macro_Oil_RegQuality__primary__Oil_Rent_Intensive_Pre2016_ge15pct,Regulatory_Quality_lag1,primary,Inward_FDI_Net_Flow_asinh,Oil_Rent_Intensive_Pre2016_ge15pct,oil_rent_threshold,15.0,Future_Period,train_to_2016__test_from_2017,ElasticNet,model,M3_Macro_Oil_RegQuality,DZA,6,45.092811282045226,341.196599034673,3.1923354702085835,2.895826794315486
M2_Macro_Oil_vs_M3_Macro_Oil_RegQuality__primary__Oil_Rent_Intensive_Pre2016_ge15pct,Regulatory_Quality_lag1,primary,Inward_FDI_Net_Flow_asinh,Oil_Rent_Intensive_Pre2016_ge15pct,oil_rent_threshold,15.0,Future_Period,train_to_2016__test_from_2017,ElasticNet,model,M3_Macro_Oil_RegQuality,ECU,6,45.019179133484364,338.26181756683957,0.9786331132038748,2.0183893297752293
M2_Macro_Oil_vs_M3_Macro_Oil_RegQuality__primary__Oil_Rent_Intensive_Pre2016_ge15pct,Regulatory_Quality_lag1,primary,Inward_FDI_Net_Flow_asinh,Oil_Rent_Intensive_Pre2016_ge15pct,oil_rent_threshold,15.0,Future_Period,train_to_2016__test_from_2017,ElasticNet,model,M3_Macro_Oil_RegQuality,EGY,6,57.73732326208072,556.0222623003946,1.1525674735481746,1.8773125454103852
M2_Macro_Oil_vs_M3_Macro_Oil_RegQuality__primary__Oil_Rent_Intensive_Pre2016_ge15pct,Regulatory_Quality_lag1,primary,Inward_FDI_Net_Flow_asinh,Oil_Rent_Intensive_Pre2016_ge15pct,oil_rent_threshold,15.0,Future_Period,train_to_2016__test_from_2017,ElasticNet,model,M3_Macro_Oil_RegQuality,GAB,6,47.70472902702687,379.4096391576092,6.053366919995981,5.928735748119463
M2_Macro_Oil_vs_M3_Macro_Oil_RegQuality__primary__Oil_Rent_Intensive_Pre2016_ge15pct,Regulatory_Quality_lag1,primary,Inward_FDI_Net_Flow_asinh,Oil_Rent_Intensive_Pre2016_ge15pct,oil_rent_threshold,15.0,Future_Period,train_to_2016__test_from_2017,ElasticNet,model,M3_Macro_Oil_RegQuality,GNQ,6,20.435347922080798,251.71774378929314,299.4823765365148,35.62486019518025
M2_Macro_Oil_vs_M3_Macro_Oil_RegQuality__primary__Oil_Rent_Intensive_Pre2016_ge15pct,Regulatory_Quality_lag1,primary,Inward_FDI_Net_Flow_asinh,Oil_Rent_Intensive_Pre2016_ge15pct,oil_rent_threshold,15.0,Future_Period,train_to_2016__test_from_2017,ElasticNet,model,M3_Macro_Oil_RegQuality,IRN,6,49.54738321263916,410.46173632204057,1.598864807388397,3.033526522263829
M2_Macro_Oil_vs_M3_Macro_Oil_RegQuality__primary__Oil_Rent_Intensive_Pre2016_ge15pct,Regulatory_Quality_lag1,primary,Inward_FDI_Net_Flow_asinh,Oil_Rent_Intensive_Pre2016_ge15pct,oil_rent_threshold,15.0,Future_Period,train_to_2016__test_from_2017,ElasticNet,model,M3_Macro_Oil_RegQuality,IRQ,6,-52.68756670308278,463.2793072460743,427.16888409100136,50.606382484284524
M2_Macro_Oil_vs_M3_Macro_Oil_RegQuality__primary__Oil_Rent_Intensive_Pre2016_ge15pct,Regulatory_Quality_lag1,primary,Inward_FDI_Net_Flow_asinh,Oil_Rent_Intensive_Pre2016_ge15pct,oil_rent_threshold,15.0,Future_Period,train_to_2016__test_from_2017,ElasticNet,model,M3_Macro_Oil_RegQuality,KAZ,6,52.56062077959509,466.472413661981,8.794658666826383,5.955551713734715
M2_Macro_Oil_vs_M3_Macro_Oil_RegQuality__primary__Oil_Rent_Intensive_Pre2016_ge15pct,Regulatory_Quality_lag1,primary,Inward_FDI_Net_Flow_asinh,Oil_Rent_Intensive_Pre2016_ge15pct,oil_rent_threshold,15.0,Future_Period,train_to_2016__test_from_2017,ElasticNet,model,M3_Macro_Oil_RegQuality,KWT,5,-4.714652208189599,180.57347088499034,358.3615363767474,36.65651144845775
M2_Macro_Oil_vs_M3_Macro_Oil_RegQuality__primary__Oil_Rent_Intensive_Pre2016_ge15pct,Regulatory_Quality_lag1,primary,Inward_FDI_Net_Flow_asinh,Oil_Rent_Intensive_Pre2016_ge15pct,oil_rent_threshold,15.0,Future_Period,train_to_2016__test_from_2017,ElasticNet,model,M3_Macro_Oil_RegQuality,LBY,1,7.247081091886447,52.52018435237805,3.051544113123605,1.7468669420203717
M2_Macro_Oil_vs_M3_Macro_Oil_RegQuality__primary__Oil_Rent_Intensive_Pre2016_ge15pct,Regulatory_Quality_lag1,primary,Inward_FDI_Net_Flow_asinh,Oil_Rent_Intensive_Pre2016_ge15pct,oil_rent_threshold,15.0,Future_Period,train_to_2016__test_from_2017,ElasticNet,model,M3_Macro_Oil_RegQuality,NGA,6,35.610004871818695,381.3229667323419,202.43094747960313,17.45938313045817
M2_Macro_Oil_vs_M3_Macro_Oil_RegQuality__primary__Oil_Rent_Intensive_Pre2016_ge15pct,Regulatory_Quality_lag1,primary,Inward_FDI_Net_Flow_asinh,Oil_Rent_Intensive_Pre2016_ge15pct,oil_rent_threshold,15.0,Future_Period,train_to_2016__test_from_2017,ElasticNet,model,M3_Macro_Oil_RegQuality,OMN,6,53.820658590943935,484.93028400781475,9.828659484212968,6.789349837879292
M2_Macro_Oil_vs_M3_Macro_Oil_RegQuality__primary__Oil_Rent_Intensive_Pre2016_ge15pct,Regulatory_Quality_lag1,primary,Inward_FDI_Net_Flow_asinh,Oil_Rent_Intensive_Pre2016_ge15pct,oil_rent_threshold,15.0,Future_Period,train_to_2016__test_from_2017,ElasticNet,model,M3_Macro_Oil_RegQuality,PNG,6,16.011931576526216,225.94857567664184,222.49092832262357,30.93473463335054
M2_Macro_Oil_vs_M3_Macro_Oil_RegQuality__primary__Oil_Rent_Intensive_Pre2016_ge15pct,Regulatory_Quality_lag1,primary,Inward_FDI_Net_Flow_asinh,Oil_Rent_Intensive_Pre2016_ge15pct,oil_rent_threshold,15.0,Future_Period,train_to_2016__test_from_2017,ElasticNet,model,M3_Macro_Oil_RegQuality,QAT,6,-20.586771211104292,358.8794610120995,479.68225404208584,45.505558395008165
M2_Macro_Oil_vs_M3_Macro_Oil_RegQuality__primary__Oil_Rent_Intensive_Pre2016_ge15pct,Regulatory_Quality_lag1,primary,Inward_FDI_Net_Flow_asinh,Oil_Rent_Intensive_Pre2016_ge15pct,oil_rent_threshold,15.0,Future_Period,train_to_2016__test_from_2017,ElasticNet,model,M3_Macro_Oil_RegQuality,RUS,6,41.65873793175069,690.0272164251016,471.4198727151239,26.199975704782396
M2_Macro_Oil_vs_M3_Macro_Oil_RegQuality__primary__Oil_Rent_Intensive_Pre2016_ge15pct,Regulatory_Quality_lag1,primary,Inward_FDI_Net_Flow_asinh,Oil_Rent_Intensive_Pre2016_ge15pct,oil_rent_threshold,15.0,Future_Period,train_to_2016__test_from_2017,ElasticNet,model,M3_Macro_Oil_RegQuality,SAU,6,56.35354007809235,539.7429026720167,17.300485293572585,8.596022193510631
M2_Macro_Oil_vs_M3_Macro_Oil_RegQuality__primary__Oil_Rent_Intensive_Pre2016_ge15pct,Regulatory_Quality_lag1,primary,Inward_FDI_Net_Flow_asinh,Oil_Rent_Intensive_Pre2016_ge15pct,oil_rent_threshold,15.0,Future_Period,train_to_2016__test_from_2017,ElasticNet,model,M3_Macro_Oil_RegQuality,SDN,6,44.06688080193559,324.15117690543605,16.451708904080338,6.629288221033501
M2_Macro_Oil_vs_M3_Macro_Oil_RegQuality__primary__Oil_Rent_Intensive_Pre2016_ge15pct,Regulatory_Quality_lag1,primary,Inward_FDI_Net_Flow_asinh,Oil_Rent_Intensive_Pre2016_ge15pct,oil_rent_threshold,15.0,Future_Period,train_to_2016__test_from_2017,ElasticNet,model,M3_Macro_Oil_RegQuality,TCD,6,41.82939889561146,291.88842335798796,28.193471246567903,12.99671710210395
M2_Macro_Oil_vs_M3_Macro_Oil_RegQuality__primary__Oil_Rent_Intensive_Pre2016_ge15pct,Regulatory_Quality_lag1,primary,Inward_FDI_Net_Flow_asinh,Oil_Rent_Intensive_Pre2016_ge15pct,oil_rent_threshold,15.0,Future_Period,train_to_2016__test_from_2017,ElasticNet,model,M3_Macro_Oil_RegQuality,TLS,6,-6.638545324593844,163.6198678561953,214.3190475728395,29.501993993579745
M2_Macro_Oil_vs_M3_Macro_Oil_RegQuality__primary__Oil_Rent_Intensive_Pre2016_ge15pct,Regulatory_Quality_lag1,primary,Inward_FDI_Net_Flow_asinh,Oil_Rent_Intensive_Pre2016_ge15pct,oil_rent_threshold,15.0,Future_Period,train_to_2016__test_from_2017,ElasticNet,model,M3_Macro_Oil_RegQuality,TTO,6,-0.3023950366009931,309.8536180534195,447.78558616725593,45.702362611752015
M2_Macro_Oil_vs_M3_Macro_Oil_RegQuality__primary__Oil_Rent_Intensive_Pre2016_ge15pct,Regulatory_Quality_lag1,primary,Inward_FDI_Net_Flow_asinh,Oil_Rent_Intensive_Pre2016_ge15pct,oil_rent_threshold,15.0,Future_Period,train_to_2016__test_from_2017,RandomForest,model,M2_Macro_Oil,AGO,6,-54.86443174902891,502.98325387788793,254.57101762800022,38.68555758344558
M2_Macro_Oil_vs_M3_Macro_Oil_RegQuality__primary__Oil_Rent_Intensive_Pre2016_ge15pct,Regulatory_Quality_lag1,primary,Inward_FDI_Net_Flow_asinh,Oil_Rent_Intensive_Pre2016_ge15pct,oil_rent_threshold,15.0,Future_Period,train_to_2016__test_from_2017,RandomForest,model,M2_Macro_Oil,ARE,6,62.30904034375654,647.6933365948619,32.82419568554491,11.409052099769807
M2_Macro_Oil_vs_M3_Macro_Oil_RegQuality__primary__Oil_Rent_Intensive_Pre2016_ge15pct,Regulatory_Quality_lag1,primary,Inward_FDI_Net_Flow_asinh,Oil_Rent_Intensive_Pre2016_ge15pct,oil_rent_threshold,15.0,Future_Period,train_to_2016__test_from_2017,RandomForest,model,M2_Macro_Oil,AZE,6,14.289464370456525,398.98278346638773,278.21194964137186,24.742193200664214
M2_Macro_Oil_vs_M3_Macro_Oil_RegQuality__primary__Oil_Rent_Intensive_Pre2016_ge15pct,Regulatory_Quality_lag1,primary,Inward_FDI_Net_Flow_asinh,Oil_Rent_Intensive_Pre2016_ge15pct,oil_rent_threshold,15.0,Future_Period,train_to_2016__test_from_2017,RandomForest,model,M2_Macro_Oil,BHR,6,47.66943429349285,379.18141296317526,37.37779789291998,12.82840434640051
M2_Macro_Oil_vs_M3_Macro_Oil_RegQuality__primary__Oil_Rent_Intensive_Pre2016_ge15pct,Regulatory_Quality_lag1,primary,Inward_FDI_Net_Flow_asinh,Oil_Rent_Intensive_Pre2016_ge15pct,oil_rent_threshold,15.0,Future_Period,train_to_2016__test_from_2017,RandomForest,model,M2_Macro_Oil,BRN,6,27.087113783231658,264.9374882545706,167.94791468092575,21.042821533588672
M2_Macro_Oil_vs_M3_Macro_Oil_RegQuality__primary__Oil_Rent_Intensive_Pre2016_ge15pct,Regulatory_Quality_lag1,primary,Inward_FDI_Net_Flow_asinh,Oil_Rent_Intensive_Pre2016_ge15pct,oil_rent_threshold,15.0,Future_Period,train_to_2016__test_from_2017,RandomForest,model,M2_Macro_Oil,COG,6,2.4150022626472314,387.0089183800578,409.87835917178137,43.36929392846181
M2_Macro_Oil_vs_M3_Macro_Oil_RegQuality__primary__Oil_Rent_Intensive_Pre2016_ge15pct,Regulatory_Quality_lag1,primary,Inward_FDI_Net_Flow_asinh,Oil_Rent_Intensive_Pre2016_ge15pct,oil_rent_threshold,15.0,Future_Period,train_to_2016__test_from_2017,RandomForest,model,M2_Macro_Oil,DZA,6,45.092811282045226,341.196599034673,4.866111677422657,4.789100663457541
M2_Macro_Oil_vs_M3_Macro_Oil_RegQuality__primary__Oil_Rent_Intensive_Pre2016_ge15pct,Regulatory_Quality_lag1,primary,Inward_FDI_Net_Flow_asinh,Oil_Rent_Intensive_Pre2016_ge15pct,oil_rent_threshold,15.0,Future_Period,train_to_2016__test_from_2017,RandomForest,model,M2_Macro_Oil,ECU,6,45.019179133484364,338.26181756683957,66.61688026066057,18.16477165186164
M2_Macro_Oil_vs_M3_Macro_Oil_RegQuality__primary__Oil_Rent_Intensive_Pre2016_ge15pct,Regulatory_Quality_lag1,primary,Inward_FDI_Net_Flow_asinh,Oil_Rent_Intensive_Pre2016_ge15pct,oil_rent_threshold,15.0,Future_Period,train_to_2016__test_from_2017,RandomForest,model,M2_Macro_Oil,EGY,6,57.73732326208072,556.0222623003946,4.7825688249360025,3.7248478618661505
M2_Macro_Oil_vs_M3_Macro_Oil_RegQuality__primary__Oil_Rent_Intensive_Pre2016_ge15pct,Regulatory_Quality_lag1,primary,Inward_FDI_Net_Flow_asinh,Oil_Rent_Intensive_Pre2016_ge15pct,oil_rent_threshold,15.0,Future_Period,train_to_2016__test_from_2017,RandomForest,model,M2_Macro_Oil,GAB,6,47.70472902702687,379.4096391576092,6.4343074389845345,5.983391991497186
M2_Macro_Oil_vs_M3_Macro_Oil_RegQuality__primary__Oil_Rent_Intensive_Pre2016_ge15pct,Regulatory_Quality_lag1,primary,Inward_FDI_Net_Flow_asinh,Oil_Rent_Intensive_Pre2016_ge15pct,oil_rent_threshold,15.0,Future_Period,train_to_2016__test_from_2017,RandomForest,model,M2_Macro_Oil,GNQ,6,20.435347922080798,251.71774378929314,246.88108131082979,31.831342492218496
M2_Macro_Oil_vs_M3_Macro_Oil_RegQuality__primary__Oil_Rent_Intensive_Pre2016_ge15pct,Regulatory_Quality_lag1,primary,Inward_FDI_Net_Flow_asinh,Oil_Rent_Intensive_Pre2016_ge15pct,oil_rent_threshold,15.0,Future_Period,train_to_2016__test_from_2017,RandomForest,model,M2_Macro_Oil,IRN,6,49.54738321263916,410.46173632204057,1.0059395477453497,1.9066081526842389
M2_Macro_Oil_vs_M3_Macro_Oil_RegQuality__primary__Oil_Rent_Intensive_Pre2016_ge15pct,Regulatory_Quality_lag1,primary,Inward_FDI_Net_Flow_asinh,Oil_Rent_Intensive_Pre2016_ge15pct,oil_rent_threshold,15.0,Future_Period,train_to_2016__test_from_2017,RandomForest,model,M2_Macro_Oil,IRQ,6,-52.68756670308278,463.2793072460743,147.96206122522167,28.59219562975703
M2_Macro_Oil_vs_M3_Macro_Oil_RegQuality__primary__Oil_Rent_Intensive_Pre2016_ge15pct,Regulatory_Quality_lag1,primary,Inward_FDI_Net_Flow_asinh,Oil_Rent_Intensive_Pre2016_ge15pct,oil_rent_threshold,15.0,Future_Period,train_to_2016__test_from_2017,RandomForest,model,M2_Macro_Oil,KAZ,6,52.56062077959509,466.472413661981,22.256109618012097,8.127838555992678
M2_Macro_Oil_vs_M3_Macro_Oil_RegQuality__primary__Oil_Rent_Intensive_Pre2016_ge15pct,Regulatory_Quality_lag1,primary,Inward_FDI_Net_Flow_asinh,Oil_Rent_Intensive_Pre2016_ge15pct,oil_rent_threshold,15.0,Future_Period,train_to_2016__test_from_2017,RandomForest,model,M2_Macro_Oil,KWT,5,-4.714652208189599,180.57347088499034,376.0625728706185,37.966897101363784
M2_Macro_Oil_vs_M3_Macro_Oil_RegQuality__primary__Oil_Rent_Intensive_Pre2016_ge15pct,Regulatory_Quality_lag1,primary,Inward_FDI_Net_Flow_asinh,Oil_Rent_Intensive_Pre2016_ge15pct,oil_rent_threshold,15.0,Future_Period,train_to_2016__test_from_2017,RandomForest,model,M2_Macro_Oil,LBY,1,7.247081091886447,52.52018435237805,0.36443746200640026,0.6036865594051273
M2_Macro_Oil_vs_M3_Macro_Oil_RegQuality__primary__Oil_Rent_Intensive_Pre2016_ge15pct,Regulatory_Quality_lag1,primary,Inward_FDI_Net_Flow_asinh,Oil_Rent_Intensive_Pre2016_ge15pct,oil_rent_threshold,15.0,Future_Period,train_to_2016__test_from_2017,RandomForest,model,M2_Macro_Oil,NGA,6,35.610004871818695,381.3229667323419,223.28199990285708,17.424680806877866
M2_Macro_Oil_vs_M3_Macro_Oil_RegQuality__primary__Oil_Rent_Intensive_Pre2016_ge15pct,Regulatory_Quality_lag1,primary,Inward_FDI_Net_Flow_asinh,Oil_Rent_Intensive_Pre2016_ge15pct,oil_rent_threshold,15.0,Future_Period,train_to_2016__test_from_2017,RandomForest,model,M2_Macro_Oil,OMN,6,53.820658590943935,484.93028400781475,53.46028879321541,13.86652749090662
M2_Macro_Oil_vs_M3_Macro_Oil_RegQuality__primary__Oil_Rent_Intensive_Pre2016_ge15pct,Regulatory_Quality_lag1,primary,Inward_FDI_Net_Flow_asinh,Oil_Rent_Intensive_Pre2016_ge15pct,oil_rent_threshold,15.0,Future_Period,train_to_2016__test_from_2017,RandomForest,model,M2_Macro_Oil,PNG,6,16.011931576526216,225.94857567664184,193.95858184270037,30.950416248291553
M2_Macro_Oil_vs_M3_Macro_Oil_RegQuality__primary__Oil_Rent_Intensive_Pre2016_ge15pct,Regulatory_Quality_lag1,primary,Inward_FDI_Net_Flow_asinh,Oil_Rent_Intensive_Pre2016_ge15pct,oil_rent_threshold,15.0,Future_Period,train_to_2016__test_from_2017,RandomForest,model,M2_Macro_Oil,QAT,6,-20.586771211104292,358.8794610120995,475.6876981642084,43.68899153859561
M2_Macro_Oil_vs_M3_Macro_Oil_RegQuality__primary__Oil_Rent_Intensive_Pre2016_ge15pct,Regulatory_Quality_lag1,primary,Inward_FDI_Net_Flow_asinh,Oil_Rent_Intensive_Pre2016_ge15pct,oil_rent_threshold,15.0,Future_Period,train_to_2016__test_from_2017,RandomForest,model,M2_Macro_Oil,RUS,6,41.65873793175069,690.0272164251016,505.1975065218204,26.263743899402716
M2_Macro_Oil_vs_M3_Macro_Oil_RegQuality__primary__Oil_Rent_Intensive_Pre2016_ge15pct,Regulatory_Quality_lag1,primary,Inward_FDI_Net_Flow_asinh,Oil_Rent_Intensive_Pre2016_ge15pct,oil_rent_threshold,15.0,Future_Period,train_to_2016__test_from_2017,RandomForest,model,M2_Macro_Oil,SAU,6,56.35354007809235,539.7429026720167,34.059456026018104,12.348908324831838
M2_Macro_Oil_vs_M3_Macro_Oil_RegQuality__primary__Oil_Rent_Intensive_Pre2016_ge15pct,Regulatory_Quality_lag1,primary,Inward_FDI_Net_Flow_asinh,Oil_Rent_Intensive_Pre2016_ge15pct,oil_rent_threshold,15.0,Future_Period,train_to_2016__test_from_2017,RandomForest,model,M2_Macro_Oil,SDN,6,44.06688080193559,324.15117690543605,4.763042875551293,3.9754532258523883
M2_Macro_Oil_vs_M3_Macro_Oil_RegQuality__primary__Oil_Rent_Intensive_Pre2016_ge15pct,Regulatory_Quality_lag1,primary,Inward_FDI_Net_Flow_asinh,Oil_Rent_Intensive_Pre2016_ge15pct,oil_rent_threshold,15.0,Future_Period,train_to_2016__test_from_2017,RandomForest,model,M2_Macro_Oil,TCD,6,41.82939889561146,291.88842335798796,55.08502407403426,17.242751226417973
M2_Macro_Oil_vs_M3_Macro_Oil_RegQuality__primary__Oil_Rent_Intensive_Pre2016_ge15pct,Regulatory_Quality_lag1,primary,Inward_FDI_Net_Flow_asinh,Oil_Rent_Intensive_Pre2016_ge15pct,oil_rent_threshold,15.0,Future_Period,train_to_2016__test_from_2017,RandomForest,model,M2_Macro_Oil,TLS,6,-6.638545324593844,163.6198678561953,334.3182716513525,34.215793402453315
M2_Macro_Oil_vs_M3_Macro_Oil_RegQuality__primary__Oil_Rent_Intensive_Pre2016_ge15pct,Regulatory_Quality_lag1,primary,Inward_FDI_Net_Flow_asinh,Oil_Rent_Intensive_Pre2016_ge15pct,oil_rent_threshold,15.0,Future_Period,train_to_2016__test_from_2017,RandomForest,model,M2_Macro_Oil,TTO,6,-0.3023950366009931,309.8536180534195,382.12681495051885,42.379081528195215
M2_Macro_Oil_vs_M3_Macro_Oil_RegQuality__primary__Oil_Rent_Intensive_Pre2016_ge15pct,Regulatory_Quality_lag1,primary,Inward_FDI_Net_Flow_asinh,Oil_Rent_Intensive_Pre2016_ge15pct,oil_rent_threshold,15.0,Future_Period,train_to_2016__test_from_2017,RandomForest,model,M3_Macro_Oil_RegQuality,AGO,6,-54.86443174902891,502.98325387788793,350.03683850811706,45.69418022305072
M2_Macro_Oil_vs_M3_Macro_Oil_RegQuality__primary__Oil_Rent_Intensive_Pre2016_ge15pct,Regulatory_Quality_lag1,primary,Inward_FDI_Net_Flow_asinh,Oil_Rent_Intensive_Pre2016_ge15pct,oil_rent_threshold,15.0,Future_Period,train_to_2016__test_from_2017,RandomForest,model,M3_Macro_Oil_RegQuality,ARE,6,62.30904034375654,647.6933365948619,3.1105151439181338,3.7797127964238584
M2_Macro_Oil_vs_M3_Macro_Oil_RegQuality__primary__Oil_Rent_Intensive_Pre2016_ge15pct,Regulatory_Quality_lag1,primary,Inward_FDI_Net_Flow_asinh,Oil_Rent_Intensive_Pre2016_ge15pct,oil_rent_threshold,15.0,Future_Period,train_to_2016__test_from_2017,RandomForest,model,M3_Macro_Oil_RegQuality,AZE,6,14.289464370456525,398.98278346638773,264.2926283078834,24.247548747336698
M2_Macro_Oil_vs_M3_Macro_Oil_RegQuality__primary__Oil_Rent_Intensive_Pre2016_ge15pct,Regulatory_Quality_lag1,primary,Inward_FDI_Net_Flow_asinh,Oil_Rent_Intensive_Pre2016_ge15pct,oil_rent_threshold,15.0,Future_Period,train_to_2016__test_from_2017,RandomForest,model,M3_Macro_Oil_RegQuality,BHR,6,47.66943429349285,379.18141296317526,44.465960608468684,14.355853547253169
M2_Macro_Oil_vs_M3_Macro_Oil_RegQuality__primary__Oil_Rent_Intensive_Pre2016_ge15pct,Regulatory_Quality_lag1,primary,Inward_FDI_Net_Flow_asinh,Oil_Rent_Intensive_Pre2016_ge15pct,oil_rent_threshold,15.0,Future_Period,train_to_2016__test_from_2017,RandomForest,model,M3_Macro_Oil_RegQuality,BRN,6,27.087113783231658,264.9374882545706,169.3176437144698,18.988003147128012
M2_Macro_Oil_vs_M3_Macro_Oil_RegQuality__primary__Oil_Rent_Intensive_Pre2016_ge15pct,Regulatory_Quality_lag1,primary,Inward_FDI_Net_Flow_asinh,Oil_Rent_Intensive_Pre2016_ge15pct,oil_rent_threshold,15.0,Future_Period,train_to_2016__test_from_2017,RandomForest,model,M3_Macro_Oil_RegQuality,COG,6,2.4150022626472314,387.0089183800578,364.71306005323873,41.20436055055757
M2_Macro_Oil_vs_M3_Macro_Oil_RegQuality__primary__Oil_Rent_Intensive_Pre2016_ge15pct,Regulatory_Quality_lag1,primary,Inward_FDI_Net_Flow_asinh,Oil_Rent_Intensive_Pre2016_ge15pct,oil_rent_threshold,15.0,Future_Period,train_to_2016__test_from_2017,RandomForest,model,M3_Macro_Oil_RegQuality,DZA,6,45.092811282045226,341.196599034673,10.687109676384917,6.931989697341234
M2_Macro_Oil_vs_M3_Macro_Oil_RegQuality__primary__Oil_Rent_Intensive_Pre2016_ge15pct,Regulatory_Quality_lag1,primary,Inward_FDI_Net_Flow_asinh,Oil_Rent_Intensive_Pre2016_ge15pct,oil_rent_threshold,15.0,Future_Period,train_to_2016__test_from_2017,RandomForest,model,M3_Macro_Oil_RegQuality,ECU,6,45.019179133484364,338.26181756683957,108.63470982212668,23.314426965260612
M2_Macro_Oil_vs_M3_Macro_Oil_RegQuality__primary__Oil_Rent_Intensive_Pre2016_ge15pct,Regulatory_Quality_lag1,primary,Inward_FDI_Net_Flow_asinh,Oil_Rent_Intensive_Pre2016_ge15pct,oil_rent_threshold,15.0,Future_Period,train_to_2016__test_from_2017,RandomForest,model,M3_Macro_Oil_RegQuality,EGY,6,57.73732326208072,556.0222623003946,3.7662098241140356,3.2127657042188726
M2_Macro_Oil_vs_M3_Macro_Oil_RegQuality__primary__Oil_Rent_Intensive_Pre2016_ge15pct,Regulatory_Quality_lag1,primary,Inward_FDI_Net_Flow_asinh,Oil_Rent_Intensive_Pre2016_ge15pct,oil_rent_threshold,15.0,Future_Period,train_to_2016__test_from_2017,RandomForest,model,M3_Macro_Oil_RegQuality,GAB,6,47.70472902702687,379.4096391576092,2.888796200867367,3.977088436305176
M2_Macro_Oil_vs_M3_Macro_Oil_RegQuality__primary__Oil_Rent_Intensive_Pre2016_ge15pct,Regulatory_Quality_lag1,primary,Inward_FDI_Net_Flow_asinh,Oil_Rent_Intensive_Pre2016_ge15pct,oil_rent_threshold,15.0,Future_Period,train_to_2016__test_from_2017,RandomForest,model,M3_Macro_Oil_RegQuality,GNQ,6,20.435347922080798,251.71774378929314,264.13520396452503,33.84764439771278
M2_Macro_Oil_vs_M3_Macro_Oil_RegQuality__primary__Oil_Rent_Intensive_Pre2016_ge15pct,Regulatory_Quality_lag1,primary,Inward_FDI_Net_Flow_asinh,Oil_Rent_Intensive_Pre2016_ge15pct,oil_rent_threshold,15.0,Future_Period,train_to_2016__test_from_2017,RandomForest,model,M3_Macro_Oil_RegQuality,IRN,6,49.54738321263916,410.46173632204057,1.1882261092916784,2.251559654071184
M2_Macro_Oil_vs_M3_Macro_Oil_RegQuality__primary__Oil_Rent_Intensive_Pre2016_ge15pct,Regulatory_Quality_lag1,primary,Inward_FDI_Net_Flow_asinh,Oil_Rent_Intensive_Pre2016_ge15pct,oil_rent_threshold,15.0,Future_Period,train_to_2016__test_from_2017,RandomForest,model,M3_Macro_Oil_RegQuality,IRQ,6,-52.68756670308278,463.2793072460743,112.80643580240276,24.134234281387258
M2_Macro_Oil_vs_M3_Macro_Oil_RegQuality__primary__Oil_Rent_Intensive_Pre2016_ge15pct,Regulatory_Quality_lag1,primary,Inward_FDI_Net_Flow_asinh,Oil_Rent_Intensive_Pre2016_ge15pct,oil_rent_threshold,15.0,Future_Period,train_to_2016__test_from_2017,RandomForest,model,M3_Macro_Oil_RegQuality,KAZ,6,52.56062077959509,466.472413661981,22.808083685375955,9.012841236161394
M2_Macro_Oil_vs_M3_Macro_Oil_RegQuality__primary__Oil_Rent_Intensive_Pre2016_ge15pct,Regulatory_Quality_lag1,primary,Inward_FDI_Net_Flow_asinh,Oil_Rent_Intensive_Pre2016_ge15pct,oil_rent_threshold,15.0,Future_Period,train_to_2016__test_from_2017,RandomForest,model,M3_Macro_Oil_RegQuality,KWT,5,-4.714652208189599,180.57347088499034,361.56804260783565,37.34881840683664
M2_Macro_Oil_vs_M3_Macro_Oil_RegQuality__primary__Oil_Rent_Intensive_Pre2016_ge15pct,Regulatory_Quality_lag1,primary,Inward_FDI_Net_Flow_asinh,Oil_Rent_Intensive_Pre2016_ge15pct,oil_rent_threshold,15.0,Future_Period,train_to_2016__test_from_2017,RandomForest,model,M3_Macro_Oil_RegQuality,LBY,1,7.247081091886447,52.52018435237805,1.328394663579492,1.1525600477109608
M2_Macro_Oil_vs_M3_Macro_Oil_RegQuality__primary__Oil_Rent_Intensive_Pre2016_ge15pct,Regulatory_Quality_lag1,primary,Inward_FDI_Net_Flow_asinh,Oil_Rent_Intensive_Pre2016_ge15pct,oil_rent_threshold,15.0,Future_Period,train_to_2016__test_from_2017,RandomForest,model,M3_Macro_Oil_RegQuality,NGA,6,35.610004871818695,381.3229667323419,217.0090994113847,16.833586213884075
M2_Macro_Oil_vs_M3_Macro_Oil_RegQuality__primary__Oil_Rent_Intensive_Pre2016_ge15pct,Regulatory_Quality_lag1,primary,Inward_FDI_Net_Flow_asinh,Oil_Rent_Intensive_Pre2016_ge15pct,oil_rent_threshold,15.0,Future_Period,train_to_2016__test_from_2017,RandomForest,model,M3_Macro_Oil_RegQuality,OMN,6,53.820658590943935,484.93028400781475,52.24659886371669,13.851553843314747
M2_Macro_Oil_vs_M3_Macro_Oil_RegQuality__primary__Oil_Rent_Intensive_Pre2016_ge15pct,Regulatory_Quality_lag1,primary,Inward_FDI_Net_Flow_asinh,Oil_Rent_Intensive_Pre2016_ge15pct,oil_rent_threshold,15.0,Future_Period,train_to_2016__test_from_2017,RandomForest,model,M3_Macro_Oil_RegQuality,PNG,6,16.011931576526216,225.94857567664184,204.28648133757983,31.253752480496274
M2_Macro_Oil_vs_M3_Macro_Oil_RegQuality__primary__Oil_Rent_Intensive_Pre2016_ge15pct,Regulatory_Quality_lag1,primary,Inward_FDI_Net_Flow_asinh,Oil_Rent_Intensive_Pre2016_ge15pct,oil_rent_threshold,15.0,Future_Period,train_to_2016__test_from_2017,RandomForest,model,M3_Macro_Oil_RegQuality,QAT,6,-20.586771211104292,358.8794610120995,462.4580512093605,44.11719660451279
M2_Macro_Oil_vs_M3_Macro_Oil_RegQuality__primary__Oil_Rent_Intensive_Pre2016_ge15pct,Regulatory_Quality_lag1,primary,Inward_FDI_Net_Flow_asinh,Oil_Rent_Intensive_Pre2016_ge15pct,oil_rent_threshold,15.0,Future_Period,train_to_2016__test_from_2017,RandomForest,model,M3_Macro_Oil_RegQuality,RUS,6,41.65873793175069,690.0272164251016,512.6268045503089,27.257522814540586
M2_Macro_Oil_vs_M3_Macro_Oil_RegQuality__primary__Oil_Rent_Intensive_Pre2016_ge15pct,Regulatory_Quality_lag1,primary,Inward_FDI_Net_Flow_asinh,Oil_Rent_Intensive_Pre2016_ge15pct,oil_rent_threshold,15.0,Future_Period,train_to_2016__test_from_2017,RandomForest,model,M3_Macro_Oil_RegQuality,SAU,6,56.35354007809235,539.7429026720167,25.79336361278853,10.564406673712703
M2_Macro_Oil_vs_M3_Macro_Oil_RegQuality__primary__Oil_Rent_Intensive_Pre2016_ge15pct,Regulatory_Quality_lag1,primary,Inward_FDI_Net_Flow_asinh,Oil_Rent_Intensive_Pre2016_ge15pct,oil_rent_threshold,15.0,Future_Period,train_to_2016__test_from_2017,RandomForest,model,M3_Macro_Oil_RegQuality,SDN,6,44.06688080193559,324.15117690543605,1.024834980082428,1.9578299285574454
M2_Macro_Oil_vs_M3_Macro_Oil_RegQuality__primary__Oil_Rent_Intensive_Pre2016_ge15pct,Regulatory_Quality_lag1,primary,Inward_FDI_Net_Flow_asinh,Oil_Rent_Intensive_Pre2016_ge15pct,oil_rent_threshold,15.0,Future_Period,train_to_2016__test_from_2017,RandomForest,model,M3_Macro_Oil_RegQuality,TCD,6,41.82939889561146,291.88842335798796,56.428329322026116,17.430998073514527
M2_Macro_Oil_vs_M3_Macro_Oil_RegQuality__primary__Oil_Rent_Intensive_Pre2016_ge15pct,Regulatory_Quality_lag1,primary,Inward_FDI_Net_Flow_asinh,Oil_Rent_Intensive_Pre2016_ge15pct,oil_rent_threshold,15.0,Future_Period,train_to_2016__test_from_2017,RandomForest,model,M3_Macro_Oil_RegQuality,TLS,6,-6.638545324593844,163.6198678561953,270.19106346006794,33.64111817680901
M2_Macro_Oil_vs_M3_Macro_Oil_RegQuality__primary__Oil_Rent_Intensive_Pre2016_ge15pct,Regulatory_Quality_lag1,primary,Inward_FDI_Net_Flow_asinh,Oil_Rent_Intensive_Pre2016_ge15pct,oil_rent_threshold,15.0,Future_Period,train_to_2016__test_from_2017,RandomForest,model,M3_Macro_Oil_RegQuality,TTO,6,-0.3023950366009931,309.8536180534195,392.42017325565257,40.748728746738614
M2_Macro_Oil_vs_M3_Macro_Oil_RegQuality__primary__Oil_Rent_Intensive_Pre2016_ge15pct,Regulatory_Quality_lag1,primary,Inward_FDI_Net_Flow_asinh,Oil_Rent_Intensive_Pre2016_ge15pct,oil_rent_threshold,15.0,Future_Period,train_to_2016__test_from_2017,Ridge,model,M2_Macro_Oil,AGO,6,-54.86443174902891,502.98325387788793,390.61274787161835,48.088347098208594
M2_Macro_Oil_vs_M3_Macro_Oil_RegQuality__primary__Oil_Rent_Intensive_Pre2016_ge15pct,Regulatory_Quality_lag1,primary,Inward_FDI_Net_Flow_asinh,Oil_Rent_Intensive_Pre2016_ge15pct,oil_rent_threshold,15.0,Future_Period,train_to_2016__test_from_2017,Ridge,model,M2_Macro_Oil,ARE,6,62.30904034375654,647.6933365948619,11.171217464175637,8.060261808217609
M2_Macro_Oil_vs_M3_Macro_Oil_RegQuality__primary__Oil_Rent_Intensive_Pre2016_ge15pct,Regulatory_Quality_lag1,primary,Inward_FDI_Net_Flow_asinh,Oil_Rent_Intensive_Pre2016_ge15pct,oil_rent_threshold,15.0,Future_Period,train_to_2016__test_from_2017,Ridge,model,M2_Macro_Oil,AZE,6,14.289464370456525,398.98278346638773,317.9501650234701,26.063760205019697
M2_Macro_Oil_vs_M3_Macro_Oil_RegQuality__primary__Oil_Rent_Intensive_Pre2016_ge15pct,Regulatory_Quality_lag1,primary,Inward_FDI_Net_Flow_asinh,Oil_Rent_Intensive_Pre2016_ge15pct,oil_rent_threshold,15.0,Future_Period,train_to_2016__test_from_2017,Ridge,model,M2_Macro_Oil,BHR,6,47.66943429349285,379.18141296317526,3.92100918892157,4.235915063178819
M2_Macro_Oil_vs_M3_Macro_Oil_RegQuality__primary__Oil_Rent_Intensive_Pre2016_ge15pct,Regulatory_Quality_lag1,primary,Inward_FDI_Net_Flow_asinh,Oil_Rent_Intensive_Pre2016_ge15pct,oil_rent_threshold,15.0,Future_Period,train_to_2016__test_from_2017,Ridge,model,M2_Macro_Oil,BRN,6,27.087113783231658,264.9374882545706,195.49284080188792,20.45894223951491
M2_Macro_Oil_vs_M3_Macro_Oil_RegQuality__primary__Oil_Rent_Intensive_Pre2016_ge15pct,Regulatory_Quality_lag1,primary,Inward_FDI_Net_Flow_asinh,Oil_Rent_Intensive_Pre2016_ge15pct,oil_rent_threshold,15.0,Future_Period,train_to_2016__test_from_2017,Ridge,model,M2_Macro_Oil,COG,6,2.4150022626472314,387.0089183800578,353.73112194036366,40.69141948446101
M2_Macro_Oil_vs_M3_Macro_Oil_RegQuality__primary__Oil_Rent_Intensive_Pre2016_ge15pct,Regulatory_Quality_lag1,primary,Inward_FDI_Net_Flow_asinh,Oil_Rent_Intensive_Pre2016_ge15pct,oil_rent_threshold,15.0,Future_Period,train_to_2016__test_from_2017,Ridge,model,M2_Macro_Oil,DZA,6,45.092811282045226,341.196599034673,3.2589311279746065,2.9629675887010922
M2_Macro_Oil_vs_M3_Macro_Oil_RegQuality__primary__Oil_Rent_Intensive_Pre2016_ge15pct,Regulatory_Quality_lag1,primary,Inward_FDI_Net_Flow_asinh,Oil_Rent_Intensive_Pre2016_ge15pct,oil_rent_threshold,15.0,Future_Period,train_to_2016__test_from_2017,Ridge,model,M2_Macro_Oil,ECU,6,45.019179133484364,338.26181756683957,1.005967439327745,2.0579091151637723
M2_Macro_Oil_vs_M3_Macro_Oil_RegQuality__primary__Oil_Rent_Intensive_Pre2016_ge15pct,Regulatory_Quality_lag1,primary,Inward_FDI_Net_Flow_asinh,Oil_Rent_Intensive_Pre2016_ge15pct,oil_rent_threshold,15.0,Future_Period,train_to_2016__test_from_2017,Ridge,model,M2_Macro_Oil,EGY,6,57.73732326208072,556.0222623003946,1.0716317197138183,1.7785854955145428
M2_Macro_Oil_vs_M3_Macro_Oil_RegQuality__primary__Oil_Rent_Intensive_Pre2016_ge15pct,Regulatory_Quality_lag1,primary,Inward_FDI_Net_Flow_asinh,Oil_Rent_Intensive_Pre2016_ge15pct,oil_rent_threshold,15.0,Future_Period,train_to_2016__test_from_2017,Ridge,model,M2_Macro_Oil,GAB,6,47.70472902702687,379.4096391576092,6.030634054464944,5.916930705514701
M2_Macro_Oil_vs_M3_Macro_Oil_RegQuality__primary__Oil_Rent_Intensive_Pre2016_ge15pct,Regulatory_Quality_lag1,primary,Inward_FDI_Net_Flow_asinh,Oil_Rent_Intensive_Pre2016_ge15pct,oil_rent_threshold,15.0,Future_Period,train_to_2016__test_from_2017,Ridge,model,M2_Macro_Oil,GNQ,6,20.435347922080798,251.71774378929314,299.8969957754812,35.67921610789897
M2_Macro_Oil_vs_M3_Macro_Oil_RegQuality__primary__Oil_Rent_Intensive_Pre2016_ge15pct,Regulatory_Quality_lag1,primary,Inward_FDI_Net_Flow_asinh,Oil_Rent_Intensive_Pre2016_ge15pct,oil_rent_threshold,15.0,Future_Period,train_to_2016__test_from_2017,Ridge,model,M2_Macro_Oil,IRN,6,49.54738321263916,410.46173632204057,1.6836281456474214,3.106694495112217
M2_Macro_Oil_vs_M3_Macro_Oil_RegQuality__primary__Oil_Rent_Intensive_Pre2016_ge15pct,Regulatory_Quality_lag1,primary,Inward_FDI_Net_Flow_asinh,Oil_Rent_Intensive_Pre2016_ge15pct,oil_rent_threshold,15.0,Future_Period,train_to_2016__test_from_2017,Ridge,model,M2_Macro_Oil,IRQ,6,-52.68756670308278,463.2793072460743,424.4948942728247,50.447451516505936
M2_Macro_Oil_vs_M3_Macro_Oil_RegQuality__primary__Oil_Rent_Intensive_Pre2016_ge15pct,Regulatory_Quality_lag1,primary,Inward_FDI_Net_Flow_asinh,Oil_Rent_Intensive_Pre2016_ge15pct,oil_rent_threshold,15.0,Future_Period,train_to_2016__test_from_2017,Ridge,model,M2_Macro_Oil,KAZ,6,52.56062077959509,466.472413661981,8.776561835627302,5.9390538287672445
M2_Macro_Oil_vs_M3_Macro_Oil_RegQuality__primary__Oil_Rent_Intensive_Pre2016_ge15pct,Regulatory_Quality_lag1,primary,Inward_FDI_Net_Flow_asinh,Oil_Rent_Intensive_Pre2016_ge15pct,oil_rent_threshold,15.0,Future_Period,train_to_2016__test_from_2017,Ridge,model,M2_Macro_Oil,KWT,5,-4.714652208189599,180.57347088499034,358.0323489136802,36.64205206841249
M2_Macro_Oil_vs_M3_Macro_Oil_RegQuality__primary__Oil_Rent_Intensive_Pre2016_ge15pct,Regulatory_Quality_lag1,primary,Inward_FDI_Net_Flow_asinh,Oil_Rent_Intensive_Pre2016_ge15pct,oil_rent_threshold,15.0,Future_Period,train_to_2016__test_from_2017,Ridge,model,M2_Macro_Oil,LBY,1,7.247081091886447,52.52018435237805,3.107930198981927,1.76293227294242
M2_Macro_Oil_vs_M3_Macro_Oil_RegQuality__primary__Oil_Rent_Intensive_Pre2016_ge15pct,Regulatory_Quality_lag1,primary,Inward_FDI_Net_Flow_asinh,Oil_Rent_Intensive_Pre2016_ge15pct,oil_rent_threshold,15.0,Future_Period,train_to_2016__test_from_2017,Ridge,model,M2_Macro_Oil,NGA,6,35.610004871818695,381.3229667323419,202.72991644635673,17.4437614906187
M2_Macro_Oil_vs_M3_Macro_Oil_RegQuality__primary__Oil_Rent_Intensive_Pre2016_ge15pct,Regulatory_Quality_lag1,primary,Inward_FDI_Net_Flow_asinh,Oil_Rent_Intensive_Pre2016_ge15pct,oil_rent_threshold,15.0,Future_Period,train_to_2016__test_from_2017,Ridge,model,M2_Macro_Oil,OMN,6,53.820658590943935,484.93028400781475,9.732412558215106,6.747758233644886
M2_Macro_Oil_vs_M3_Macro_Oil_RegQuality__primary__Oil_Rent_Intensive_Pre2016_ge15pct,Regulatory_Quality_lag1,primary,Inward_FDI_Net_Flow_asinh,Oil_Rent_Intensive_Pre2016_ge15pct,oil_rent_threshold,15.0,Future_Period,train_to_2016__test_from_2017,Ridge,model,M2_Macro_Oil,PNG,6,16.011931576526216,225.94857567664184,222.85914677190118,30.972698861477767
M2_Macro_Oil_vs_M3_Macro_Oil_RegQuality__primary__Oil_Rent_Intensive_Pre2016_ge15pct,Regulatory_Quality_lag1,primary,Inward_FDI_Net_Flow_asinh,Oil_Rent_Intensive_Pre2016_ge15pct,oil_rent_threshold,15.0,Future_Period,train_to_2016__test_from_2017,Ridge,model,M2_Macro_Oil,QAT,6,-20.586771211104292,358.8794610120995,478.5941766259109,45.44800744341858
M2_Macro_Oil_vs_M3_Macro_Oil_RegQuality__primary__Oil_Rent_Intensive_Pre2016_ge15pct,Regulatory_Quality_lag1,primary,Inward_FDI_Net_Flow_asinh,Oil_Rent_Intensive_Pre2016_ge15pct,oil_rent_threshold,15.0,Future_Period,train_to_2016__test_from_2017,Ridge,model,M2_Macro_Oil,RUS,6,41.65873793175069,690.0272164251016,472.1354037416118,26.202710125759666
M2_Macro_Oil_vs_M3_Macro_Oil_RegQuality__primary__Oil_Rent_Intensive_Pre2016_ge15pct,Regulatory_Quality_lag1,primary,Inward_FDI_Net_Flow_asinh,Oil_Rent_Intensive_Pre2016_ge15pct,oil_rent_threshold,15.0,Future_Period,train_to_2016__test_from_2017,Ridge,model,M2_Macro_Oil,SAU,6,56.35354007809235,539.7429026720167,17.25713634984492,8.597052768184035
M2_Macro_Oil_vs_M3_Macro_Oil_RegQuality__primary__Oil_Rent_Intensive_Pre2016_ge15pct,Regulatory_Quality_lag1,primary,Inward_FDI_Net_Flow_asinh,Oil_Rent_Intensive_Pre2016_ge15pct,oil_rent_threshold,15.0,Future_Period,train_to_2016__test_from_2017,Ridge,model,M2_Macro_Oil,SDN,6,44.06688080193559,324.15117690543605,17.41029173442856,6.776622147014198
M2_Macro_Oil_vs_M3_Macro_Oil_RegQuality__primary__Oil_Rent_Intensive_Pre2016_ge15pct,Regulatory_Quality_lag1,primary,Inward_FDI_Net_Flow_asinh,Oil_Rent_Intensive_Pre2016_ge15pct,oil_rent_threshold,15.0,Future_Period,train_to_2016__test_from_2017,Ridge,model,M2_Macro_Oil,TCD,6,41.82939889561146,291.88842335798796,28.511289901406908,13.069908246122596
M2_Macro_Oil_vs_M3_Macro_Oil_RegQuality__primary__Oil_Rent_Intensive_Pre2016_ge15pct,Regulatory_Quality_lag1,primary,Inward_FDI_Net_Flow_asinh,Oil_Rent_Intensive_Pre2016_ge15pct,oil_rent_threshold,15.0,Future_Period,train_to_2016__test_from_2017,Ridge,model,M2_Macro_Oil,TLS,6,-6.638545324593844,163.6198678561953,214.00960734136243,29.482336152428438
M2_Macro_Oil_vs_M3_Macro_Oil_RegQuality__primary__Oil_Rent_Intensive_Pre2016_ge15pct,Regulatory_Quality_lag1,primary,Inward_FDI_Net_Flow_asinh,Oil_Rent_Intensive_Pre2016_ge15pct,oil_rent_threshold,15.0,Future_Period,train_to_2016__test_from_2017,Ridge,model,M2_Macro_Oil,TTO,6,-0.3023950366009931,309.8536180534195,447.9448069099686,45.71476195749534
M2_Macro_Oil_vs_M3_Macro_Oil_RegQuality__primary__Oil_Rent_Intensive_Pre2016_ge15pct,Regulatory_Quality_lag1,primary,Inward_FDI_Net_Flow_asinh,Oil_Rent_Intensive_Pre2016_ge15pct,oil_rent_threshold,15.0,Future_Period,train_to_2016__test_from_2017,Ridge,model,M3_Macro_Oil_RegQuality,AGO,6,-54.86443174902891,502.98325387788793,390.5537375929602,48.08392948336144
M2_Macro_Oil_vs_M3_Macro_Oil_RegQuality__primary__Oil_Rent_Intensive_Pre2016_ge15pct,Regulatory_Quality_lag1,primary,Inward_FDI_Net_Flow_asinh,Oil_Rent_Intensive_Pre2016_ge15pct,oil_rent_threshold,15.0,Future_Period,train_to_2016__test_from_2017,Ridge,model,M3_Macro_Oil_RegQuality,ARE,6,62.30904034375654,647.6933365948619,11.418847146906533,8.151585809523137
M2_Macro_Oil_vs_M3_Macro_Oil_RegQuality__primary__Oil_Rent_Intensive_Pre2016_ge15pct,Regulatory_Quality_lag1,primary,Inward_FDI_Net_Flow_asinh,Oil_Rent_Intensive_Pre2016_ge15pct,oil_rent_threshold,15.0,Future_Period,train_to_2016__test_from_2017,Ridge,model,M3_Macro_Oil_RegQuality,AZE,6,14.289464370456525,398.98278346638773,317.72717491845816,26.059600127092565
M2_Macro_Oil_vs_M3_Macro_Oil_RegQuality__primary__Oil_Rent_Intensive_Pre2016_ge15pct,Regulatory_Quality_lag1,primary,Inward_FDI_Net_Flow_asinh,Oil_Rent_Intensive_Pre2016_ge15pct,oil_rent_threshold,15.0,Future_Period,train_to_2016__test_from_2017,Ridge,model,M3_Macro_Oil_RegQuality,BHR,6,47.66943429349285,379.18141296317526,3.9258434503855373,4.238253373323541
M2_Macro_Oil_vs_M3_Macro_Oil_RegQuality__primary__Oil_Rent_Intensive_Pre2016_ge15pct,Regulatory_Quality_lag1,primary,Inward_FDI_Net_Flow_asinh,Oil_Rent_Intensive_Pre2016_ge15pct,oil_rent_threshold,15.0,Future_Period,train_to_2016__test_from_2017,Ridge,model,M3_Macro_Oil_RegQuality,BRN,6,27.087113783231658,264.9374882545706,195.44025664427875,20.46174395689406
M2_Macro_Oil_vs_M3_Macro_Oil_RegQuality__primary__Oil_Rent_Intensive_Pre2016_ge15pct,Regulatory_Quality_lag1,primary,Inward_FDI_Net_Flow_asinh,Oil_Rent_Intensive_Pre2016_ge15pct,oil_rent_threshold,15.0,Future_Period,train_to_2016__test_from_2017,Ridge,model,M3_Macro_Oil_RegQuality,COG,6,2.4150022626472314,387.0089183800578,353.853628151802,40.69118055696355
M2_Macro_Oil_vs_M3_Macro_Oil_RegQuality__primary__Oil_Rent_Intensive_Pre2016_ge15pct,Regulatory_Quality_lag1,primary,Inward_FDI_Net_Flow_asinh,Oil_Rent_Intensive_Pre2016_ge15pct,oil_rent_threshold,15.0,Future_Period,train_to_2016__test_from_2017,Ridge,model,M3_Macro_Oil_RegQuality,DZA,6,45.092811282045226,341.196599034673,3.318684698828452,3.027033772748588
M2_Macro_Oil_vs_M3_Macro_Oil_RegQuality__primary__Oil_Rent_Intensive_Pre2016_ge15pct,Regulatory_Quality_lag1,primary,Inward_FDI_Net_Flow_asinh,Oil_Rent_Intensive_Pre2016_ge15pct,oil_rent_threshold,15.0,Future_Period,train_to_2016__test_from_2017,Ridge,model,M3_Macro_Oil_RegQuality,ECU,6,45.019179133484364,338.26181756683957,1.0401577673164888,2.1018024292175213
M2_Macro_Oil_vs_M3_Macro_Oil_RegQuality__primary__Oil_Rent_Intensive_Pre2016_ge15pct,Regulatory_Quality_lag1,primary,Inward_FDI_Net_Flow_asinh,Oil_Rent_Intensive_Pre2016_ge15pct,oil_rent_threshold,15.0,Future_Period,train_to_2016__test_from_2017,Ridge,model,M3_Macro_Oil_RegQuality,EGY,6,57.73732326208072,556.0222623003946,1.0692569320968608,1.7741414396381234
M2_Macro_Oil_vs_M3_Macro_Oil_RegQuality__primary__Oil_Rent_Intensive_Pre2016_ge15pct,Regulatory_Quality_lag1,primary,Inward_FDI_Net_Flow_asinh,Oil_Rent_Intensive_Pre2016_ge15pct,oil_rent_threshold,15.0,Future_Period,train_to_2016__test_from_2017,Ridge,model,M3_Macro_Oil_RegQuality,GAB,6,47.70472902702687,379.4096391576092,5.839817586206467,5.818163270897092
M2_Macro_Oil_vs_M3_Macro_Oil_RegQuality__primary__Oil_Rent_Intensive_Pre2016_ge15pct,Regulatory_Quality_lag1,primary,Inward_FDI_Net_Flow_asinh,Oil_Rent_Intensive_Pre2016_ge15pct,oil_rent_threshold,15.0,Future_Period,train_to_2016__test_from_2017,Ridge,model,M3_Macro_Oil_RegQuality,GNQ,6,20.435347922080798,251.71774378929314,300.12193374658733,35.616326165530026
M2_Macro_Oil_vs_M3_Macro_Oil_RegQuality__primary__Oil_Rent_Intensive_Pre2016_ge15pct,Regulatory_Quality_lag1,primary,Inward_FDI_Net_Flow_asinh,Oil_Rent_Intensive_Pre2016_ge15pct,oil_rent_threshold,15.0,Future_Period,train_to_2016__test_from_2017,Ridge,model,M3_Macro_Oil_RegQuality,IRN,6,49.54738321263916,410.46173632204057,1.7401974996579248,3.154535429775624
M2_Macro_Oil_vs_M3_Macro_Oil_RegQuality__primary__Oil_Rent_Intensive_Pre2016_ge15pct,Regulatory_Quality_lag1,primary,Inward_FDI_Net_Flow_asinh,Oil_Rent_Intensive_Pre2016_ge15pct,oil_rent_threshold,15.0,Future_Period,train_to_2016__test_from_2017,Ridge,model,M3_Macro_Oil_RegQuality,IRQ,6,-52.68756670308278,463.2793072460743,425.158319641169,50.486864122702116
M2_Macro_Oil_vs_M3_Macro_Oil_RegQuality__primary__Oil_Rent_Intensive_Pre2016_ge15pct,Regulatory_Quality_lag1,primary,Inward_FDI_Net_Flow_asinh,Oil_Rent_Intensive_Pre2016_ge15pct,oil_rent_threshold,15.0,Future_Period,train_to_2016__test_from_2017,Ridge,model,M3_Macro_Oil_RegQuality,KAZ,6,52.56062077959509,466.472413661981,8.796368696441899,5.95300666679027
M2_Macro_Oil_vs_M3_Macro_Oil_RegQuality__primary__Oil_Rent_Intensive_Pre2016_ge15pct,Regulatory_Quality_lag1,primary,Inward_FDI_Net_Flow_asinh,Oil_Rent_Intensive_Pre2016_ge15pct,oil_rent_threshold,15.0,Future_Period,train_to_2016__test_from_2017,Ridge,model,M3_Macro_Oil_RegQuality,KWT,5,-4.714652208189599,180.57347088499034,358.0451886518166,36.6464972117538
M2_Macro_Oil_vs_M3_Macro_Oil_RegQuality__primary__Oil_Rent_Intensive_Pre2016_ge15pct,Regulatory_Quality_lag1,primary,Inward_FDI_Net_Flow_asinh,Oil_Rent_Intensive_Pre2016_ge15pct,oil_rent_threshold,15.0,Future_Period,train_to_2016__test_from_2017,Ridge,model,M3_Macro_Oil_RegQuality,LBY,1,7.247081091886447,52.52018435237805,3.0361107519661608,1.742443902100197
M2_Macro_Oil_vs_M3_Macro_Oil_RegQuality__primary__Oil_Rent_Intensive_Pre2016_ge15pct,Regulatory_Quality_lag1,primary,Inward_FDI_Net_Flow_asinh,Oil_Rent_Intensive_Pre2016_ge15pct,oil_rent_threshold,15.0,Future_Period,train_to_2016__test_from_2017,Ridge,model,M3_Macro_Oil_RegQuality,NGA,6,35.610004871818695,381.3229667323419,202.67962184434123,17.446678462343023
M2_Macro_Oil_vs_M3_Macro_Oil_RegQuality__primary__Oil_Rent_Intensive_Pre2016_ge15pct,Regulatory_Quality_lag1,primary,Inward_FDI_Net_Flow_asinh,Oil_Rent_Intensive_Pre2016_ge15pct,oil_rent_threshold,15.0,Future_Period,train_to_2016__test_from_2017,Ridge,model,M3_Macro_Oil_RegQuality,OMN,6,53.820658590943935,484.93028400781475,9.846364107153246,6.79979857045058
M2_Macro_Oil_vs_M3_Macro_Oil_RegQuality__primary__Oil_Rent_Intensive_Pre2016_ge15pct,Regulatory_Quality_lag1,primary,Inward_FDI_Net_Flow_asinh,Oil_Rent_Intensive_Pre2016_ge15pct,oil_rent_threshold,15.0,Future_Period,train_to_2016__test_from_2017,Ridge,model,M3_Macro_Oil_RegQuality,PNG,6,16.011931576526216,225.94857567664184,222.79810230799578,30.97251407955922
M2_Macro_Oil_vs_M3_Macro_Oil_RegQuality__primary__Oil_Rent_Intensive_Pre2016_ge15pct,Regulatory_Quality_lag1,primary,Inward_FDI_Net_Flow_asinh,Oil_Rent_Intensive_Pre2016_ge15pct,oil_rent_threshold,15.0,Future_Period,train_to_2016__test_from_2017,Ridge,model,M3_Macro_Oil_RegQuality,QAT,6,-20.586771211104292,358.8794610120995,478.572834566318,45.44765489973806
M2_Macro_Oil_vs_M3_Macro_Oil_RegQuality__primary__Oil_Rent_Intensive_Pre2016_ge15pct,Regulatory_Quality_lag1,primary,Inward_FDI_Net_Flow_asinh,Oil_Rent_Intensive_Pre2016_ge15pct,oil_rent_threshold,15.0,Future_Period,train_to_2016__test_from_2017,Ridge,model,M3_Macro_Oil_RegQuality,RUS,6,41.65873793175069,690.0272164251016,472.1555892028001,26.20166913623202
M2_Macro_Oil_vs_M3_Macro_Oil_RegQuality__primary__Oil_Rent_Intensive_Pre2016_ge15pct,Regulatory_Quality_lag1,primary,Inward_FDI_Net_Flow_asinh,Oil_Rent_Intensive_Pre2016_ge15pct,oil_rent_threshold,15.0,Future_Period,train_to_2016__test_from_2017,Ridge,model,M3_Macro_Oil_RegQuality,SAU,6,56.35354007809235,539.7429026720167,17.297485984629382,8.599468725913885
M2_Macro_Oil_vs_M3_Macro_Oil_RegQuality__primary__Oil_Rent_Intensive_Pre2016_ge15pct,Regulatory_Quality_lag1,primary,Inward_FDI_Net_Flow_asinh,Oil_Rent_Intensive_Pre2016_ge15pct,oil_rent_threshold,15.0,Future_Period,train_to_2016__test_from_2017,Ridge,model,M3_Macro_Oil_RegQuality,SDN,6,44.06688080193559,324.15117690543605,17.330926713363617,6.750737516034109
M2_Macro_Oil_vs_M3_Macro_Oil_RegQuality__primary__Oil_Rent_Intensive_Pre2016_ge15pct,Regulatory_Quality_lag1,primary,Inward_FDI_Net_Flow_asinh,Oil_Rent_Intensive_Pre2016_ge15pct,oil_rent_threshold,15.0,Future_Period,train_to_2016__test_from_2017,Ridge,model,M3_Macro_Oil_RegQuality,TCD,6,41.82939889561146,291.88842335798796,28.53861403870092,13.076009581230903
M2_Macro_Oil_vs_M3_Macro_Oil_RegQuality__primary__Oil_Rent_Intensive_Pre2016_ge15pct,Regulatory_Quality_lag1,primary,Inward_FDI_Net_Flow_asinh,Oil_Rent_Intensive_Pre2016_ge15pct,oil_rent_threshold,15.0,Future_Period,train_to_2016__test_from_2017,Ridge,model,M3_Macro_Oil_RegQuality,TLS,6,-6.638545324593844,163.6198678561953,214.40761156693685,29.500703803236227
M2_Macro_Oil_vs_M3_Macro_Oil_RegQuality__primary__Oil_Rent_Intensive_Pre2016_ge15pct,Regulatory_Quality_lag1,primary,Inward_FDI_Net_Flow_asinh,Oil_Rent_Intensive_Pre2016_ge15pct,oil_rent_threshold,15.0,Future_Period,train_to_2016__test_from_2017,Ridge,model,M3_Macro_Oil_RegQuality,TTO,6,-0.3023950366009931,309.8536180534195,448.3658302801738,45.712351359394674
M2_Macro_Oil_vs_M3_Macro_Oil_RegQuality__primary__Oil_Rent_Intensive_Pre2016_ge15pct,Regulatory_Quality_lag1,primary,Inward_FDI_Net_Flow_asinh,Oil_Rent_Intensive_Pre2016_ge15pct,oil_rent_threshold,15.0,Future_Period,train_to_2018__test_from_2019,Benchmark,benchmark,Lagged_Flow,AGO,4,-35.79649060433579,321.1808035203935,1.7157487224655443,2.503791248827511
M2_Macro_Oil_vs_M3_Macro_Oil_RegQuality__primary__Oil_Rent_Intensive_Pre2016_ge15pct,Regulatory_Quality_lag1,primary,Inward_FDI_Net_Flow_asinh,Oil_Rent_Intensive_Pre2016_ge15pct,oil_rent_threshold,15.0,Future_Period,train_to_2018__test_from_2019,Benchmark,benchmark,Lagged_Flow,ARE,4,42.42945096753514,450.094295224642,0.3167937440735445,0.7835840042905531
M2_Macro_Oil_vs_M3_Macro_Oil_RegQuality__primary__Oil_Rent_Intensive_Pre2016_ge15pct,Regulatory_Quality_lag1,primary,Inward_FDI_Net_Flow_asinh,Oil_Rent_Intensive_Pre2016_ge15pct,oil_rent_threshold,15.0,Future_Period,train_to_2018__test_from_2019,Benchmark,benchmark,Lagged_Flow,AZE,4,-2.3043881180863934,261.0493261818058,228.8573281691162,17.177731422904564
M2_Macro_Oil_vs_M3_Macro_Oil_RegQuality__primary__Oil_Rent_Intensive_Pre2016_ge15pct,Regulatory_Quality_lag1,primary,Inward_FDI_Net_Flow_asinh,Oil_Rent_Intensive_Pre2016_ge15pct,oil_rent_threshold,15.0,Future_Period,train_to_2018__test_from_2019,Benchmark,benchmark,Lagged_Flow,BHR,4,31.609360128360738,250.20740571509663,0.640650522934018,1.2918811934763603
M2_Macro_Oil_vs_M3_Macro_Oil_RegQuality__primary__Oil_Rent_Intensive_Pre2016_ge15pct,Regulatory_Quality_lag1,primary,Inward_FDI_Net_Flow_asinh,Oil_Rent_Intensive_Pre2016_ge15pct,oil_rent_threshold,15.0,Future_Period,train_to_2018__test_from_2019,Benchmark,benchmark,Lagged_Flow,BRN,4,13.306004501163503,169.9731815181906,154.72820514041894,14.134299480247549
M2_Macro_Oil_vs_M3_Macro_Oil_RegQuality__primary__Oil_Rent_Intensive_Pre2016_ge15pct,Regulatory_Quality_lag1,primary,Inward_FDI_Net_Flow_asinh,Oil_Rent_Intensive_Pre2016_ge15pct,oil_rent_threshold,15.0,Future_Period,train_to_2018__test_from_2019,Benchmark,benchmark,Lagged_Flow,COG,4,-15.734408413282361,222.308093114826,473.5431738836039,32.604538192835896
M2_Macro_Oil_vs_M3_Macro_Oil_RegQuality__primary__Oil_Rent_Intensive_Pre2016_ge15pct,Regulatory_Quality_lag1,primary,Inward_FDI_Net_Flow_asinh,Oil_Rent_Intensive_Pre2016_ge15pct,oil_rent_threshold,15.0,Future_Period,train_to_2018__test_from_2019,Benchmark,benchmark,Lagged_Flow,DZA,4,29.301177230517325,216.49336263082094,1.751559360525545,1.8022733751092028
M2_Macro_Oil_vs_M3_Macro_Oil_RegQuality__primary__Oil_Rent_Intensive_Pre2016_ge15pct,Regulatory_Quality_lag1,primary,Inward_FDI_Net_Flow_asinh,Oil_Rent_Intensive_Pre2016_ge15pct,oil_rent_threshold,15.0,Future_Period,train_to_2018__test_from_2019,Benchmark,benchmark,Lagged_Flow,ECU,4,29.946325323137692,224.35606917020715,0.5211755784097198,1.3186616047959792
M2_Macro_Oil_vs_M3_Macro_Oil_RegQuality__primary__Oil_Rent_Intensive_Pre2016_ge15pct,Regulatory_Quality_lag1,primary,Inward_FDI_Net_Flow_asinh,Oil_Rent_Intensive_Pre2016_ge15pct,oil_rent_threshold,15.0,Future_Period,train_to_2018__test_from_2019,Benchmark,benchmark,Lagged_Flow,EGY,4,38.43591347692707,369.7456066903889,0.8542864787535857,1.4661399230738414
M2_Macro_Oil_vs_M3_Macro_Oil_RegQuality__primary__Oil_Rent_Intensive_Pre2016_ge15pct,Regulatory_Quality_lag1,primary,Inward_FDI_Net_Flow_asinh,Oil_Rent_Intensive_Pre2016_ge15pct,oil_rent_threshold,15.0,Future_Period,train_to_2018__test_from_2019,Benchmark,benchmark,Lagged_Flow,GAB,4,31.90841563718608,254.6467137924356,0.14328981352007894,0.6597018863677748
M2_Macro_Oil_vs_M3_Macro_Oil_RegQuality__primary__Oil_Rent_Intensive_Pre2016_ge15pct,Regulatory_Quality_lag1,primary,Inward_FDI_Net_Flow_asinh,Oil_Rent_Intensive_Pre2016_ge15pct,oil_rent_threshold,15.0,Future_Period,train_to_2018__test_from_2019,Benchmark,benchmark,Lagged_Flow,GNQ,4,19.45559078652982,175.44313194184792,376.3714280878807,34.20628871570596
M2_Macro_Oil_vs_M3_Macro_Oil_RegQuality__primary__Oil_Rent_Intensive_Pre2016_ge15pct,Regulatory_Quality_lag1,primary,Inward_FDI_Net_Flow_asinh,Oil_Rent_Intensive_Pre2016_ge15pct,oil_rent_threshold,15.0,Future_Period,train_to_2018__test_from_2019,Benchmark,benchmark,Lagged_Flow,IRN,4,31.868192551108073,253.90428789742953,0.22537820267686873,0.6812978863409374
M2_Macro_Oil_vs_M3_Macro_Oil_RegQuality__primary__Oil_Rent_Intensive_Pre2016_ge15pct,Regulatory_Quality_lag1,primary,Inward_FDI_Net_Flow_asinh,Oil_Rent_Intensive_Pre2016_ge15pct,oil_rent_threshold,15.0,Future_Period,train_to_2018__test_from_2019,Benchmark,benchmark,Lagged_Flow,IRQ,4,-34.283675000041896,293.92725107707145,0.2804309390407944,0.8498872583845305
M2_Macro_Oil_vs_M3_Macro_Oil_RegQuality__primary__Oil_Rent_Intensive_Pre2016_ge15pct,Regulatory_Quality_lag1,primary,Inward_FDI_Net_Flow_asinh,Oil_Rent_Intensive_Pre2016_ge15pct,oil_rent_threshold,15.0,Future_Period,train_to_2018__test_from_2019,Benchmark,benchmark,Lagged_Flow,KAZ,4,36.839574845757085,339.51635432661567,6.20871888357445,3.5783823482378985
M2_Macro_Oil_vs_M3_Macro_Oil_RegQuality__primary__Oil_Rent_Intensive_Pre2016_ge15pct,Regulatory_Quality_lag1,primary,Inward_FDI_Net_Flow_asinh,Oil_Rent_Intensive_Pre2016_ge15pct,oil_rent_threshold,15.0,Future_Period,train_to_2018__test_from_2019,Benchmark,benchmark,Lagged_Flow,KWT,3,-6.379277581670012,137.08209538682092,309.66136458371665,25.36809117998265
M2_Macro_Oil_vs_M3_Macro_Oil_RegQuality__primary__Oil_Rent_Intensive_Pre2016_ge15pct,Regulatory_Quality_lag1,primary,Inward_FDI_Net_Flow_asinh,Oil_Rent_Intensive_Pre2016_ge15pct,oil_rent_threshold,15.0,Future_Period,train_to_2018__test_from_2019,Benchmark,benchmark,Lagged_Flow,LBY,1,7.247081091886447,52.52018435237805,0.023108872479545486,0.15201602704828687
M2_Macro_Oil_vs_M3_Macro_Oil_RegQuality__primary__Oil_Rent_Intensive_Pre2016_ge15pct,Regulatory_Quality_lag1,primary,Inward_FDI_Net_Flow_asinh,Oil_Rent_Intensive_Pre2016_ge15pct,oil_rent_threshold,15.0,Future_Period,train_to_2018__test_from_2019,Benchmark,benchmark,Lagged_Flow,NGA,4,19.781912177263408,255.4141034042202,218.03305646420614,16.174462520013343
M2_Macro_Oil_vs_M3_Macro_Oil_RegQuality__primary__Oil_Rent_Intensive_Pre2016_ge15pct,Regulatory_Quality_lag1,primary,Inward_FDI_Net_Flow_asinh,Oil_Rent_Intensive_Pre2016_ge15pct,oil_rent_threshold,15.0,Future_Period,train_to_2018__test_from_2019,Benchmark,benchmark,Lagged_Flow,OMN,4,35.838663259203194,323.03268000548894,3.4381107580035106,2.83891845539695
M2_Macro_Oil_vs_M3_Macro_Oil_RegQuality__primary__Oil_Rent_Intensive_Pre2016_ge15pct,Regulatory_Quality_lag1,primary,Inward_FDI_Net_Flow_asinh,Oil_Rent_Intensive_Pre2016_ge15pct,oil_rent_threshold,15.0,Future_Period,train_to_2018__test_from_2019,Benchmark,benchmark,Lagged_Flow,PNG,4,15.475129250932149,150.14896718705944,238.59147048066774,22.840627275251915
M2_Macro_Oil_vs_M3_Macro_Oil_RegQuality__primary__Oil_Rent_Intensive_Pre2016_ge15pct,Regulatory_Quality_lag1,primary,Inward_FDI_Net_Flow_asinh,Oil_Rent_Intensive_Pre2016_ge15pct,oil_rent_threshold,15.0,Future_Period,train_to_2018__test_from_2019,Benchmark,benchmark,Lagged_Flow,QAT,4,-19.79046731611646,231.0437307043922,162.406821554808,13.9121778252808
M2_Macro_Oil_vs_M3_Macro_Oil_RegQuality__primary__Oil_Rent_Intensive_Pre2016_ge15pct,Regulatory_Quality_lag1,primary,Inward_FDI_Net_Flow_asinh,Oil_Rent_Intensive_Pre2016_ge15pct,oil_rent_threshold,15.0,Future_Period,train_to_2018__test_from_2019,Benchmark,benchmark,Lagged_Flow,RUS,4,20.931986864586634,474.5332220673548,515.3695158808142,26.54457693432753
M2_Macro_Oil_vs_M3_Macro_Oil_RegQuality__primary__Oil_Rent_Intensive_Pre2016_ge15pct,Regulatory_Quality_lag1,primary,Inward_FDI_Net_Flow_asinh,Oil_Rent_Intensive_Pre2016_ge15pct,oil_rent_threshold,15.0,Future_Period,train_to_2018__test_from_2019,Benchmark,benchmark,Lagged_Flow,SAU,4,38.64117215043295,379.79717947242233,10.485010812966431,4.934425653381604
M2_Macro_Oil_vs_M3_Macro_Oil_RegQuality__primary__Oil_Rent_Intensive_Pre2016_ge15pct,Regulatory_Quality_lag1,primary,Inward_FDI_Net_Flow_asinh,Oil_Rent_Intensive_Pre2016_ge15pct,oil_rent_threshold,15.0,Future_Period,train_to_2018__test_from_2019,Benchmark,benchmark,Lagged_Flow,SDN,4,28.67449449747067,205.68634629260583,0.2299471431316357,0.8681818562820514
M2_Macro_Oil_vs_M3_Macro_Oil_RegQuality__primary__Oil_Rent_Intensive_Pre2016_ge15pct,Regulatory_Quality_lag1,primary,Inward_FDI_Net_Flow_asinh,Oil_Rent_Intensive_Pre2016_ge15pct,oil_rent_threshold,15.0,Future_Period,train_to_2018__test_from_2019,Benchmark,benchmark,Lagged_Flow,TCD,4,28.414487323098513,201.8802449992906,0.11705764329295437,0.595324147261973
M2_Macro_Oil_vs_M3_Macro_Oil_RegQuality__primary__Oil_Rent_Intensive_Pre2016_ge15pct,Regulatory_Quality_lag1,primary,Inward_FDI_Net_Flow_asinh,Oil_Rent_Intensive_Pre2016_ge15pct,oil_rent_threshold,15.0,Future_Period,train_to_2018__test_from_2019,Benchmark,benchmark,Lagged_Flow,TLS,4,-13.80458033995841,136.02347146491616,224.93570694186354,22.34365747629277
M2_Macro_Oil_vs_M3_Macro_Oil_RegQuality__primary__Oil_Rent_Intensive_Pre2016_ge15pct,Regulatory_Quality_lag1,primary,Inward_FDI_Net_Flow_asinh,Oil_Rent_Intensive_Pre2016_ge15pct,oil_rent_threshold,15.0,Future_Period,train_to_2018__test_from_2019,Benchmark,benchmark,Lagged_Flow,TTO,4,13.78985530800804,210.47915835531091,640.6306600707187,45.382149733502146
M2_Macro_Oil_vs_M3_Macro_Oil_RegQuality__primary__Oil_Rent_Intensive_Pre2016_ge15pct,Regulatory_Quality_lag1,primary,Inward_FDI_Net_Flow_asinh,Oil_Rent_Intensive_Pre2016_ge15pct,oil_rent_threshold,15.0,Future_Period,train_to_2018__test_from_2019,Benchmark,benchmark,Training_Mean,AGO,4,-35.79649060433579,321.1808035203935,893.2775336603127,59.74759961827736
M2_Macro_Oil_vs_M3_Macro_Oil_RegQuality__primary__Oil_Rent_Intensive_Pre2016_ge15pct,Regulatory_Quality_lag1,primary,Inward_FDI_Net_Flow_asinh,Oil_Rent_Intensive_Pre2016_ge15pct,oil_rent_threshold,15.0,Future_Period,train_to_2018__test_from_2019,Benchmark,benchmark,Training_Mean,ARE,4,42.42945096753514,450.094295224642,85.39199821150886,18.478341953593564
M2_Macro_Oil_vs_M3_Macro_Oil_RegQuality__primary__Oil_Rent_Intensive_Pre2016_ge15pct,Regulatory_Quality_lag1,primary,Inward_FDI_Net_Flow_asinh,Oil_Rent_Intensive_Pre2016_ge15pct,oil_rent_threshold,15.0,Future_Period,train_to_2018__test_from_2019,Benchmark,benchmark,Training_Mean,AZE,4,-2.3043881180863934,261.0493261818058,432.05955744459357,32.16625770299601
M2_Macro_Oil_vs_M3_Macro_Oil_RegQuality__primary__Oil_Rent_Intensive_Pre2016_ge15pct,Regulatory_Quality_lag1,primary,Inward_FDI_Net_Flow_asinh,Oil_Rent_Intensive_Pre2016_ge15pct,oil_rent_threshold,15.0,Future_Period,train_to_2018__test_from_2019,Benchmark,benchmark,Training_Mean,BHR,4,31.609360128360738,250.20740571509663,15.081696316871838,7.658251114419162
M2_Macro_Oil_vs_M3_Macro_Oil_RegQuality__primary__Oil_Rent_Intensive_Pre2016_ge15pct,Regulatory_Quality_lag1,primary,Inward_FDI_Net_Flow_asinh,Oil_Rent_Intensive_Pre2016_ge15pct,oil_rent_threshold,15.0,Future_Period,train_to_2018__test_from_2019,Benchmark,benchmark,Training_Mean,BRN,4,13.306004501163503,169.9731815181906,154.04030509393678,14.057684106080156
M2_Macro_Oil_vs_M3_Macro_Oil_RegQuality__primary__Oil_Rent_Intensive_Pre2016_ge15pct,Regulatory_Quality_lag1,primary,Inward_FDI_Net_Flow_asinh,Oil_Rent_Intensive_Pre2016_ge15pct,oil_rent_threshold,15.0,Future_Period,train_to_2018__test_from_2019,Benchmark,benchmark,Training_Mean,COG,4,-15.734408413282361,222.308093114826,554.150264452457,41.650509138918295
M2_Macro_Oil_vs_M3_Macro_Oil_RegQuality__primary__Oil_Rent_Intensive_Pre2016_ge15pct,Regulatory_Quality_lag1,primary,Inward_FDI_Net_Flow_asinh,Oil_Rent_Intensive_Pre2016_ge15pct,oil_rent_threshold,15.0,Future_Period,train_to_2018__test_from_2019,Benchmark,benchmark,Training_Mean,DZA,4,29.301177230517325,216.49336263082094,9.009423337777706,5.3500682165757505
M2_Macro_Oil_vs_M3_Macro_Oil_RegQuality__primary__Oil_Rent_Intensive_Pre2016_ge15pct,Regulatory_Quality_lag1,primary,Inward_FDI_Net_Flow_asinh,Oil_Rent_Intensive_Pre2016_ge15pct,oil_rent_threshold,15.0,Future_Period,train_to_2018__test_from_2019,Benchmark,benchmark,Training_Mean,ECU,4,29.946325323137692,224.35606917020715,9.14612372892045,5.995216309196118
M2_Macro_Oil_vs_M3_Macro_Oil_RegQuality__primary__Oil_Rent_Intensive_Pre2016_ge15pct,Regulatory_Quality_lag1,primary,Inward_FDI_Net_Flow_asinh,Oil_Rent_Intensive_Pre2016_ge15pct,oil_rent_threshold,15.0,Future_Period,train_to_2018__test_from_2019,Benchmark,benchmark,Training_Mean,EGY,4,38.43591347692707,369.7456066903889,52.86813557166408,14.484804462985492
M2_Macro_Oil_vs_M3_Macro_Oil_RegQuality__primary__Oil_Rent_Intensive_Pre2016_ge15pct,Regulatory_Quality_lag1,primary,Inward_FDI_Net_Flow_asinh,Oil_Rent_Intensive_Pre2016_ge15pct,oil_rent_threshold,15.0,Future_Period,train_to_2018__test_from_2019,Benchmark,benchmark,Training_Mean,GAB,4,31.90841563718608,254.6467137924356,15.939648847663008,7.9573066232445075
M2_Macro_Oil_vs_M3_Macro_Oil_RegQuality__primary__Oil_Rent_Intensive_Pre2016_ge15pct,Regulatory_Quality_lag1,primary,Inward_FDI_Net_Flow_asinh,Oil_Rent_Intensive_Pre2016_ge15pct,oil_rent_threshold,15.0,Future_Period,train_to_2018__test_from_2019,Benchmark,benchmark,Training_Mean,GNQ,4,19.45559078652982,175.44313194184792,85.86554976186974,13.282871256775923
M2_Macro_Oil_vs_M3_Macro_Oil_RegQuality__primary__Oil_Rent_Intensive_Pre2016_ge15pct,Regulatory_Quality_lag1,primary,Inward_FDI_Net_Flow_asinh,Oil_Rent_Intensive_Pre2016_ge15pct,oil_rent_threshold,15.0,Future_Period,train_to_2018__test_from_2019,Benchmark,benchmark,Training_Mean,IRN,4,31.868192551108073,253.90428789742953,15.678916712422675,7.9170835371665
M2_Macro_Oil_vs_M3_Macro_Oil_RegQuality__primary__Oil_Rent_Intensive_Pre2016_ge15pct,Regulatory_Quality_lag1,primary,Inward_FDI_Net_Flow_asinh,Oil_Rent_Intensive_Pre2016_ge15pct,oil_rent_threshold,15.0,Future_Period,train_to_2018__test_from_2019,Benchmark,benchmark,Training_Mean,IRQ,4,-34.283675000041896,293.92725107707145,847.9071754887732,58.23478401398347
M2_Macro_Oil_vs_M3_Macro_Oil_RegQuality__primary__Oil_Rent_Intensive_Pre2016_ge15pct,Regulatory_Quality_lag1,primary,Inward_FDI_Net_Flow_asinh,Oil_Rent_Intensive_Pre2016_ge15pct,oil_rent_threshold,15.0,Future_Period,train_to_2018__test_from_2019,Benchmark,benchmark,Training_Mean,KAZ,4,36.839574845757085,339.51635432661567,41.75592349705009,12.88846583181551
M2_Macro_Oil_vs_M3_Macro_Oil_RegQuality__primary__Oil_Rent_Intensive_Pre2016_ge15pct,Regulatory_Quality_lag1,primary,Inward_FDI_Net_Flow_asinh,Oil_Rent_Intensive_Pre2016_ge15pct,oil_rent_threshold,15.0,Future_Period,train_to_2018__test_from_2019,Benchmark,benchmark,Training_Mean,KWT,3,-6.379277581670012,137.08209538682092,321.03791109327824,26.244081769149602
M2_Macro_Oil_vs_M3_Macro_Oil_RegQuality__primary__Oil_Rent_Intensive_Pre2016_ge15pct,Regulatory_Quality_lag1,primary,Inward_FDI_Net_Flow_asinh,Oil_Rent_Intensive_Pre2016_ge15pct,oil_rent_threshold,15.0,Future_Period,train_to_2018__test_from_2019,Benchmark,benchmark,Training_Mean,LBY,1,7.247081091886447,52.52018435237805,1.5858461574116245,1.2593038384010526
M2_Macro_Oil_vs_M3_Macro_Oil_RegQuality__primary__Oil_Rent_Intensive_Pre2016_ge15pct,Regulatory_Quality_lag1,primary,Inward_FDI_Net_Flow_asinh,Oil_Rent_Intensive_Pre2016_ge15pct,oil_rent_threshold,15.0,Future_Period,train_to_2018__test_from_2019,Benchmark,benchmark,Training_Mean,NGA,4,19.781912177263408,255.4141034042202,161.92864162272141,19.652662350682583
M2_Macro_Oil_vs_M3_Macro_Oil_RegQuality__primary__Oil_Rent_Intensive_Pre2016_ge15pct,Regulatory_Quality_lag1,primary,Inward_FDI_Net_Flow_asinh,Oil_Rent_Intensive_Pre2016_ge15pct,oil_rent_threshold,15.0,Future_Period,train_to_2018__test_from_2019,Benchmark,benchmark,Training_Mean,OMN,4,35.838663259203194,323.03268000548894,37.258720437358065,11.887554245261619
M2_Macro_Oil_vs_M3_Macro_Oil_RegQuality__primary__Oil_Rent_Intensive_Pre2016_ge15pct,Regulatory_Quality_lag1,primary,Inward_FDI_Net_Flow_asinh,Oil_Rent_Intensive_Pre2016_ge15pct,oil_rent_threshold,15.0,Future_Period,train_to_2018__test_from_2019,Benchmark,benchmark,Training_Mean,PNG,4,15.475129250932149,150.14896718705944,108.23961908953181,13.09803728503988
M2_Macro_Oil_vs_M3_Macro_Oil_RegQuality__primary__Oil_Rent_Intensive_Pre2016_ge15pct,Regulatory_Quality_lag1,primary,Inward_FDI_Net_Flow_asinh,Oil_Rent_Intensive_Pre2016_ge15pct,oil_rent_threshold,15.0,Future_Period,train_to_2018__test_from_2019,Benchmark,benchmark,Training_Mean,QAT,4,-19.79046731611646,231.0437307043922,611.459456516397,43.74157633005804
M2_Macro_Oil_vs_M3_Macro_Oil_RegQuality__primary__Oil_Rent_Intensive_Pre2016_ge15pct,Regulatory_Quality_lag1,primary,Inward_FDI_Net_Flow_asinh,Oil_Rent_Intensive_Pre2016_ge15pct,oil_rent_threshold,15.0,Future_Period,train_to_2018__test_from_2019,Benchmark,benchmark,Training_Mean,RUS,4,20.931986864586634,474.5332220673548,367.27497818072936,31.526018549625583
M2_Macro_Oil_vs_M3_Macro_Oil_RegQuality__primary__Oil_Rent_Intensive_Pre2016_ge15pct,Regulatory_Quality_lag1,primary,Inward_FDI_Net_Flow_asinh,Oil_Rent_Intensive_Pre2016_ge15pct,oil_rent_threshold,15.0,Future_Period,train_to_2018__test_from_2019,Benchmark,benchmark,Training_Mean,SAU,4,38.64117215043295,379.79717947242233,60.46162192109925,14.690063136491379
M2_Macro_Oil_vs_M3_Macro_Oil_RegQuality__primary__Oil_Rent_Intensive_Pre2016_ge15pct,Regulatory_Quality_lag1,primary,Inward_FDI_Net_Flow_asinh,Oil_Rent_Intensive_Pre2016_ge15pct,oil_rent_threshold,15.0,Future_Period,train_to_2018__test_from_2019,Benchmark,benchmark,Training_Mean,SDN,4,28.67449449747067,205.68634629260583,5.707280227740257,4.723385483529093
M2_Macro_Oil_vs_M3_Macro_Oil_RegQuality__primary__Oil_Rent_Intensive_Pre2016_ge15pct,Regulatory_Quality_lag1,primary,Inward_FDI_Net_Flow_asinh,Oil_Rent_Intensive_Pre2016_ge15pct,oil_rent_threshold,15.0,Future_Period,train_to_2018__test_from_2019,Benchmark,benchmark,Training_Mean,TCD,4,28.414487323098513,201.8802449992906,5.014909023322241,4.463378309156937
M2_Macro_Oil_vs_M3_Macro_Oil_RegQuality__primary__Oil_Rent_Intensive_Pre2016_ge15pct,Regulatory_Quality_lag1,primary,Inward_FDI_Net_Flow_asinh,Oil_Rent_Intensive_Pre2016_ge15pct,oil_rent_threshold,15.0,Future_Period,train_to_2018__test_from_2019,Benchmark,benchmark,Training_Mean,TLS,4,-13.80458033995841,136.02347146491616,444.7548815213737,37.75568935389998
M2_Macro_Oil_vs_M3_Macro_Oil_RegQuality__primary__Oil_Rent_Intensive_Pre2016_ge15pct,Regulatory_Quality_lag1,primary,Inward_FDI_Net_Flow_asinh,Oil_Rent_Intensive_Pre2016_ge15pct,oil_rent_threshold,15.0,Future_Period,train_to_2018__test_from_2019,Benchmark,benchmark,Training_Mean,TTO,4,13.78985530800804,210.47915835531091,188.75190022044856,17.040891906644728
M2_Macro_Oil_vs_M3_Macro_Oil_RegQuality__primary__Oil_Rent_Intensive_Pre2016_ge15pct,Regulatory_Quality_lag1,primary,Inward_FDI_Net_Flow_asinh,Oil_Rent_Intensive_Pre2016_ge15pct,oil_rent_threshold,15.0,Future_Period,train_to_2018__test_from_2019,Benchmark,benchmark,Zero_Flow,AGO,4,-35.79649060433579,321.1808035203935,321.1808035203935,35.79649060433579
M2_Macro_Oil_vs_M3_Macro_Oil_RegQuality__primary__Oil_Rent_Intensive_Pre2016_ge15pct,Regulatory_Quality_lag1,primary,Inward_FDI_Net_Flow_asinh,Oil_Rent_Intensive_Pre2016_ge15pct,oil_rent_threshold,15.0,Future_Period,train_to_2018__test_from_2019,Benchmark,benchmark,Zero_Flow,ARE,4,42.42945096753514,450.094295224642,450.094295224642,42.42945096753514
M2_Macro_Oil_vs_M3_Macro_Oil_RegQuality__primary__Oil_Rent_Intensive_Pre2016_ge15pct,Regulatory_Quality_lag1,primary,Inward_FDI_Net_Flow_asinh,Oil_Rent_Intensive_Pre2016_ge15pct,oil_rent_threshold,15.0,Future_Period,train_to_2018__test_from_2019,Benchmark,benchmark,Zero_Flow,AZE,4,-2.3043881180863934,261.0493261818058,261.0493261818058,32.16625770299601
M2_Macro_Oil_vs_M3_Macro_Oil_RegQuality__primary__Oil_Rent_Intensive_Pre2016_ge15pct,Regulatory_Quality_lag1,primary,Inward_FDI_Net_Flow_asinh,Oil_Rent_Intensive_Pre2016_ge15pct,oil_rent_threshold,15.0,Future_Period,train_to_2018__test_from_2019,Benchmark,benchmark,Zero_Flow,BHR,4,31.609360128360738,250.20740571509663,250.20740571509663,31.609360128360738
M2_Macro_Oil_vs_M3_Macro_Oil_RegQuality__primary__Oil_Rent_Intensive_Pre2016_ge15pct,Regulatory_Quality_lag1,primary,Inward_FDI_Net_Flow_asinh,Oil_Rent_Intensive_Pre2016_ge15pct,oil_rent_threshold,15.0,Future_Period,train_to_2018__test_from_2019,Benchmark,benchmark,Zero_Flow,BRN,4,13.306004501163503,169.9731815181906,169.9731815181906,26.033238613050944
M2_Macro_Oil_vs_M3_Macro_Oil_RegQuality__primary__Oil_Rent_Intensive_Pre2016_ge15pct,Regulatory_Quality_lag1,primary,Inward_FDI_Net_Flow_asinh,Oil_Rent_Intensive_Pre2016_ge15pct,oil_rent_threshold,15.0,Future_Period,train_to_2018__test_from_2019,Benchmark,benchmark,Zero_Flow,COG,4,-15.734408413282361,222.308093114826,222.308093114826,29.674954631947507
M2_Macro_Oil_vs_M3_Macro_Oil_RegQuality__primary__Oil_Rent_Intensive_Pre2016_ge15pct,Regulatory_Quality_lag1,primary,Inward_FDI_Net_Flow_asinh,Oil_Rent_Intensive_Pre2016_ge15pct,oil_rent_threshold,15.0,Future_Period,train_to_2018__test_from_2019,Benchmark,benchmark,Zero_Flow,DZA,4,29.301177230517325,216.49336263082094,216.49336263082094,29.301177230517325
M2_Macro_Oil_vs_M3_Macro_Oil_RegQuality__primary__Oil_Rent_Intensive_Pre2016_ge15pct,Regulatory_Quality_lag1,primary,Inward_FDI_Net_Flow_asinh,Oil_Rent_Intensive_Pre2016_ge15pct,oil_rent_threshold,15.0,Future_Period,train_to_2018__test_from_2019,Benchmark,benchmark,Zero_Flow,ECU,4,29.946325323137692,224.35606917020715,224.35606917020715,29.946325323137692
M2_Macro_Oil_vs_M3_Macro_Oil_RegQuality__primary__Oil_Rent_Intensive_Pre2016_ge15pct,Regulatory_Quality_lag1,primary,Inward_FDI_Net_Flow_asinh,Oil_Rent_Intensive_Pre2016_ge15pct,oil_rent_threshold,15.0,Future_Period,train_to_2018__test_from_2019,Benchmark,benchmark,Zero_Flow,EGY,4,38.43591347692707,369.7456066903889,369.7456066903889,38.43591347692707
M2_Macro_Oil_vs_M3_Macro_Oil_RegQuality__primary__Oil_Rent_Intensive_Pre2016_ge15pct,Regulatory_Quality_lag1,primary,Inward_FDI_Net_Flow_asinh,Oil_Rent_Intensive_Pre2016_ge15pct,oil_rent_threshold,15.0,Future_Period,train_to_2018__test_from_2019,Benchmark,benchmark,Zero_Flow,GAB,4,31.90841563718608,254.6467137924356,254.6467137924356,31.90841563718608
M2_Macro_Oil_vs_M3_Macro_Oil_RegQuality__primary__Oil_Rent_Intensive_Pre2016_ge15pct,Regulatory_Quality_lag1,primary,Inward_FDI_Net_Flow_asinh,Oil_Rent_Intensive_Pre2016_ge15pct,oil_rent_threshold,15.0,Future_Period,train_to_2018__test_from_2019,Benchmark,benchmark,Zero_Flow,GNQ,4,19.45559078652982,175.44313194184792,175.44313194184792,25.25842576374671
M2_Macro_Oil_vs_M3_Macro_Oil_RegQuality__primary__Oil_Rent_Intensive_Pre2016_ge15pct,Regulatory_Quality_lag1,primary,Inward_FDI_Net_Flow_asinh,Oil_Rent_Intensive_Pre2016_ge15pct,oil_rent_threshold,15.0,Future_Period,train_to_2018__test_from_2019,Benchmark,benchmark,Zero_Flow,IRN,4,31.868192551108073,253.90428789742953,253.90428789742953,31.868192551108073
M2_Macro_Oil_vs_M3_Macro_Oil_RegQuality__primary__Oil_Rent_Intensive_Pre2016_ge15pct,Regulatory_Quality_lag1,primary,Inward_FDI_Net_Flow_asinh,Oil_Rent_Intensive_Pre2016_ge15pct,oil_rent_threshold,15.0,Future_Period,train_to_2018__test_from_2019,Benchmark,benchmark,Zero_Flow,IRQ,4,-34.283675000041896,293.92725107707145,293.92725107707145,34.283675000041896
M2_Macro_Oil_vs_M3_Macro_Oil_RegQuality__primary__Oil_Rent_Intensive_Pre2016_ge15pct,Regulatory_Quality_lag1,primary,Inward_FDI_Net_Flow_asinh,Oil_Rent_Intensive_Pre2016_ge15pct,oil_rent_threshold,15.0,Future_Period,train_to_2018__test_from_2019,Benchmark,benchmark,Zero_Flow,KAZ,4,36.839574845757085,339.51635432661567,339.51635432661567,36.839574845757085
M2_Macro_Oil_vs_M3_Macro_Oil_RegQuality__primary__Oil_Rent_Intensive_Pre2016_ge15pct,Regulatory_Quality_lag1,primary,Inward_FDI_Net_Flow_asinh,Oil_Rent_Intensive_Pre2016_ge15pct,oil_rent_threshold,15.0,Future_Period,train_to_2018__test_from_2019,Benchmark,benchmark,Zero_Flow,KWT,3,-6.379277581670012,137.08209538682092,137.08209538682092,20.256304515664212
M2_Macro_Oil_vs_M3_Macro_Oil_RegQuality__primary__Oil_Rent_Intensive_Pre2016_ge15pct,Regulatory_Quality_lag1,primary,Inward_FDI_Net_Flow_asinh,Oil_Rent_Intensive_Pre2016_ge15pct,oil_rent_threshold,15.0,Future_Period,train_to_2018__test_from_2019,Benchmark,benchmark,Zero_Flow,LBY,1,7.247081091886447,52.52018435237805,52.52018435237805,7.247081091886447
M2_Macro_Oil_vs_M3_Macro_Oil_RegQuality__primary__Oil_Rent_Intensive_Pre2016_ge15pct,Regulatory_Quality_lag1,primary,Inward_FDI_Net_Flow_asinh,Oil_Rent_Intensive_Pre2016_ge15pct,oil_rent_threshold,15.0,Future_Period,train_to_2018__test_from_2019,Benchmark,benchmark,Zero_Flow,NGA,4,19.781912177263408,255.4141034042202,255.4141034042202,31.628216857653374
M2_Macro_Oil_vs_M3_Macro_Oil_RegQuality__primary__Oil_Rent_Intensive_Pre2016_ge15pct,Regulatory_Quality_lag1,primary,Inward_FDI_Net_Flow_asinh,Oil_Rent_Intensive_Pre2016_ge15pct,oil_rent_threshold,15.0,Future_Period,train_to_2018__test_from_2019,Benchmark,benchmark,Zero_Flow,OMN,4,35.838663259203194,323.03268000548894,323.03268000548894,35.838663259203194
M2_Macro_Oil_vs_M3_Macro_Oil_RegQuality__primary__Oil_Rent_Intensive_Pre2016_ge15pct,Regulatory_Quality_lag1,primary,Inward_FDI_Net_Flow_asinh,Oil_Rent_Intensive_Pre2016_ge15pct,oil_rent_threshold,15.0,Future_Period,train_to_2018__test_from_2019,Benchmark,benchmark,Zero_Flow,PNG,4,15.475129250932149,150.14896718705944,150.14896718705944,23.939016060928335
M2_Macro_Oil_vs_M3_Macro_Oil_RegQuality__primary__Oil_Rent_Intensive_Pre2016_ge15pct,Regulatory_Quality_lag1,primary,Inward_FDI_Net_Flow_asinh,Oil_Rent_Intensive_Pre2016_ge15pct,oil_rent_threshold,15.0,Future_Period,train_to_2018__test_from_2019,Benchmark,benchmark,Zero_Flow,QAT,4,-19.79046731611646,231.0437307043922,231.0437307043922,29.840915660959695
M2_Macro_Oil_vs_M3_Macro_Oil_RegQuality__primary__Oil_Rent_Intensive_Pre2016_ge15pct,Regulatory_Quality_lag1,primary,Inward_FDI_Net_Flow_asinh,Oil_Rent_Intensive_Pre2016_ge15pct,oil_rent_threshold,15.0,Future_Period,train_to_2018__test_from_2019,Benchmark,benchmark,Zero_Flow,RUS,4,20.931986864586634,474.5332220673548,474.5332220673548,43.50157305659637
M2_Macro_Oil_vs_M3_Macro_Oil_RegQuality__primary__Oil_Rent_Intensive_Pre2016_ge15pct,Regulatory_Quality_lag1,primary,Inward_FDI_Net_Flow_asinh,Oil_Rent_Intensive_Pre2016_ge15pct,oil_rent_threshold,15.0,Future_Period,train_to_2018__test_from_2019,Benchmark,benchmark,Zero_Flow,SAU,4,38.64117215043295,379.79717947242233,379.79717947242233,38.64117215043295
M2_Macro_Oil_vs_M3_Macro_Oil_RegQuality__primary__Oil_Rent_Intensive_Pre2016_ge15pct,Regulatory_Quality_lag1,primary,Inward_FDI_Net_Flow_asinh,Oil_Rent_Intensive_Pre2016_ge15pct,oil_rent_threshold,15.0,Future_Period,train_to_2018__test_from_2019,Benchmark,benchmark,Zero_Flow,SDN,4,28.67449449747067,205.68634629260583,205.68634629260583,28.67449449747067
M2_Macro_Oil_vs_M3_Macro_Oil_RegQuality__primary__Oil_Rent_Intensive_Pre2016_ge15pct,Regulatory_Quality_lag1,primary,Inward_FDI_Net_Flow_asinh,Oil_Rent_Intensive_Pre2016_ge15pct,oil_rent_threshold,15.0,Future_Period,train_to_2018__test_from_2019,Benchmark,benchmark,Zero_Flow,TCD,4,28.414487323098513,201.8802449992906,201.8802449992906,28.414487323098513
M2_Macro_Oil_vs_M3_Macro_Oil_RegQuality__primary__Oil_Rent_Intensive_Pre2016_ge15pct,Regulatory_Quality_lag1,primary,Inward_FDI_Net_Flow_asinh,Oil_Rent_Intensive_Pre2016_ge15pct,oil_rent_threshold,15.0,Future_Period,train_to_2018__test_from_2019,Benchmark,benchmark,Zero_Flow,TLS,4,-13.80458033995841,136.02347146491616,136.02347146491616,23.15650982010773
M2_Macro_Oil_vs_M3_Macro_Oil_RegQuality__primary__Oil_Rent_Intensive_Pre2016_ge15pct,Regulatory_Quality_lag1,primary,Inward_FDI_Net_Flow_asinh,Oil_Rent_Intensive_Pre2016_ge15pct,oil_rent_threshold,15.0,Future_Period,train_to_2018__test_from_2019,Benchmark,benchmark,Zero_Flow,TTO,4,13.78985530800804,210.47915835531091,210.47915835531091,28.856776503971574
M2_Macro_Oil_vs_M3_Macro_Oil_RegQuality__primary__Oil_Rent_Intensive_Pre2016_ge15pct,Regulatory_Quality_lag1,primary,Inward_FDI_Net_Flow_asinh,Oil_Rent_Intensive_Pre2016_ge15pct,oil_rent_threshold,15.0,Future_Period,train_to_2018__test_from_2019,ElasticNet,model,M2_Macro_Oil,AGO,4,-35.79649060433579,321.1808035203935,176.8825012044366,26.485350805082305
M2_Macro_Oil_vs_M3_Macro_Oil_RegQuality__primary__Oil_Rent_Intensive_Pre2016_ge15pct,Regulatory_Quality_lag1,primary,Inward_FDI_Net_Flow_asinh,Oil_Rent_Intensive_Pre2016_ge15pct,oil_rent_threshold,15.0,Future_Period,train_to_2018__test_from_2019,ElasticNet,model,M2_Macro_Oil,ARE,4,42.42945096753514,450.094295224642,11.364293281661572,6.732426212658094
M2_Macro_Oil_vs_M3_Macro_Oil_RegQuality__primary__Oil_Rent_Intensive_Pre2016_ge15pct,Regulatory_Quality_lag1,primary,Inward_FDI_Net_Flow_asinh,Oil_Rent_Intensive_Pre2016_ge15pct,oil_rent_threshold,15.0,Future_Period,train_to_2018__test_from_2019,ElasticNet,model,M2_Macro_Oil,AZE,4,-2.3043881180863934,261.0493261818058,296.2170175009244,24.447372306135932
M2_Macro_Oil_vs_M3_Macro_Oil_RegQuality__primary__Oil_Rent_Intensive_Pre2016_ge15pct,Regulatory_Quality_lag1,primary,Inward_FDI_Net_Flow_asinh,Oil_Rent_Intensive_Pre2016_ge15pct,oil_rent_threshold,15.0,Future_Period,train_to_2018__test_from_2019,ElasticNet,model,M2_Macro_Oil,BHR,4,31.609360128360738,250.20740571509663,2.5744045381051786,2.9224317793978942
M2_Macro_Oil_vs_M3_Macro_Oil_RegQuality__primary__Oil_Rent_Intensive_Pre2016_ge15pct,Regulatory_Quality_lag1,primary,Inward_FDI_Net_Flow_asinh,Oil_Rent_Intensive_Pre2016_ge15pct,oil_rent_threshold,15.0,Future_Period,train_to_2018__test_from_2019,ElasticNet,model,M2_Macro_Oil,BRN,4,13.306004501163503,169.9731815181906,151.80320930298612,13.866254647378206
M2_Macro_Oil_vs_M3_Macro_Oil_RegQuality__primary__Oil_Rent_Intensive_Pre2016_ge15pct,Regulatory_Quality_lag1,primary,Inward_FDI_Net_Flow_asinh,Oil_Rent_Intensive_Pre2016_ge15pct,oil_rent_threshold,15.0,Future_Period,train_to_2018__test_from_2019,ElasticNet,model,M2_Macro_Oil,COG,4,-15.734408413282361,222.308093114826,327.6260982812093,32.63109132139983
M2_Macro_Oil_vs_M3_Macro_Oil_RegQuality__primary__Oil_Rent_Intensive_Pre2016_ge15pct,Regulatory_Quality_lag1,primary,Inward_FDI_Net_Flow_asinh,Oil_Rent_Intensive_Pre2016_ge15pct,oil_rent_threshold,15.0,Future_Period,train_to_2018__test_from_2019,ElasticNet,model,M2_Macro_Oil,DZA,4,29.301177230517325,216.49336263082094,2.4163355418212147,2.063084701624187
M2_Macro_Oil_vs_M3_Macro_Oil_RegQuality__primary__Oil_Rent_Intensive_Pre2016_ge15pct,Regulatory_Quality_lag1,primary,Inward_FDI_Net_Flow_asinh,Oil_Rent_Intensive_Pre2016_ge15pct,oil_rent_threshold,15.0,Future_Period,train_to_2018__test_from_2019,ElasticNet,model,M2_Macro_Oil,ECU,4,29.946325323137692,224.35606917020715,0.3382262784320307,0.8923596846584188
M2_Macro_Oil_vs_M3_Macro_Oil_RegQuality__primary__Oil_Rent_Intensive_Pre2016_ge15pct,Regulatory_Quality_lag1,primary,Inward_FDI_Net_Flow_asinh,Oil_Rent_Intensive_Pre2016_ge15pct,oil_rent_threshold,15.0,Future_Period,train_to_2018__test_from_2019,ElasticNet,model,M2_Macro_Oil,EGY,4,38.43591347692707,369.7456066903889,1.3053749907255443,1.7018870092537668
M2_Macro_Oil_vs_M3_Macro_Oil_RegQuality__primary__Oil_Rent_Intensive_Pre2016_ge15pct,Regulatory_Quality_lag1,primary,Inward_FDI_Net_Flow_asinh,Oil_Rent_Intensive_Pre2016_ge15pct,oil_rent_threshold,15.0,Future_Period,train_to_2018__test_from_2019,ElasticNet,model,M2_Macro_Oil,GAB,4,31.90841563718608,254.6467137924356,3.910740766232098,3.868625781535955
M2_Macro_Oil_vs_M3_Macro_Oil_RegQuality__primary__Oil_Rent_Intensive_Pre2016_ge15pct,Regulatory_Quality_lag1,primary,Inward_FDI_Net_Flow_asinh,Oil_Rent_Intensive_Pre2016_ge15pct,oil_rent_threshold,15.0,Future_Period,train_to_2018__test_from_2019,ElasticNet,model,M2_Macro_Oil,GNQ,4,19.45559078652982,175.44313194184792,192.4113447728585,25.584183328180053
M2_Macro_Oil_vs_M3_Macro_Oil_RegQuality__primary__Oil_Rent_Intensive_Pre2016_ge15pct,Regulatory_Quality_lag1,primary,Inward_FDI_Net_Flow_asinh,Oil_Rent_Intensive_Pre2016_ge15pct,oil_rent_threshold,15.0,Future_Period,train_to_2018__test_from_2019,ElasticNet,model,M2_Macro_Oil,IRN,4,31.868192551108073,253.90428789742953,0.5550505000716706,1.4557107512803977
M2_Macro_Oil_vs_M3_Macro_Oil_RegQuality__primary__Oil_Rent_Intensive_Pre2016_ge15pct,Regulatory_Quality_lag1,primary,Inward_FDI_Net_Flow_asinh,Oil_Rent_Intensive_Pre2016_ge15pct,oil_rent_threshold,15.0,Future_Period,train_to_2018__test_from_2019,ElasticNet,model,M2_Macro_Oil,IRQ,4,-34.283675000041896,293.92725107707145,206.72566783046227,28.746496723878625
M2_Macro_Oil_vs_M3_Macro_Oil_RegQuality__primary__Oil_Rent_Intensive_Pre2016_ge15pct,Regulatory_Quality_lag1,primary,Inward_FDI_Net_Flow_asinh,Oil_Rent_Intensive_Pre2016_ge15pct,oil_rent_threshold,15.0,Future_Period,train_to_2018__test_from_2019,ElasticNet,model,M2_Macro_Oil,KAZ,4,36.839574845757085,339.51635432661567,6.030015670017466,4.350611332193819
M2_Macro_Oil_vs_M3_Macro_Oil_RegQuality__primary__Oil_Rent_Intensive_Pre2016_ge15pct,Regulatory_Quality_lag1,primary,Inward_FDI_Net_Flow_asinh,Oil_Rent_Intensive_Pre2016_ge15pct,oil_rent_threshold,15.0,Future_Period,train_to_2018__test_from_2019,ElasticNet,model,M2_Macro_Oil,KWT,3,-6.379277581670012,137.08209538682092,251.76626913581887,25.29941744527858
M2_Macro_Oil_vs_M3_Macro_Oil_RegQuality__primary__Oil_Rent_Intensive_Pre2016_ge15pct,Regulatory_Quality_lag1,primary,Inward_FDI_Net_Flow_asinh,Oil_Rent_Intensive_Pre2016_ge15pct,oil_rent_threshold,15.0,Future_Period,train_to_2018__test_from_2019,ElasticNet,model,M2_Macro_Oil,LBY,1,7.247081091886447,52.52018435237805,2.7451707759529205,1.656855689537541
M2_Macro_Oil_vs_M3_Macro_Oil_RegQuality__primary__Oil_Rent_Intensive_Pre2016_ge15pct,Regulatory_Quality_lag1,primary,Inward_FDI_Net_Flow_asinh,Oil_Rent_Intensive_Pre2016_ge15pct,oil_rent_threshold,15.0,Future_Period,train_to_2018__test_from_2019,ElasticNet,model,M2_Macro_Oil,NGA,4,19.781912177263408,255.4141034042202,200.16027037268532,16.91879978057002
M2_Macro_Oil_vs_M3_Macro_Oil_RegQuality__primary__Oil_Rent_Intensive_Pre2016_ge15pct,Regulatory_Quality_lag1,primary,Inward_FDI_Net_Flow_asinh,Oil_Rent_Intensive_Pre2016_ge15pct,oil_rent_threshold,15.0,Future_Period,train_to_2018__test_from_2019,ElasticNet,model,M2_Macro_Oil,OMN,4,35.838663259203194,323.03268000548894,7.520984773847317,4.688805803077078
M2_Macro_Oil_vs_M3_Macro_Oil_RegQuality__primary__Oil_Rent_Intensive_Pre2016_ge15pct,Regulatory_Quality_lag1,primary,Inward_FDI_Net_Flow_asinh,Oil_Rent_Intensive_Pre2016_ge15pct,oil_rent_threshold,15.0,Future_Period,train_to_2018__test_from_2019,ElasticNet,model,M2_Macro_Oil,PNG,4,15.475129250932149,150.14896718705944,148.61723456486197,18.659891437382587
M2_Macro_Oil_vs_M3_Macro_Oil_RegQuality__primary__Oil_Rent_Intensive_Pre2016_ge15pct,Regulatory_Quality_lag1,primary,Inward_FDI_Net_Flow_asinh,Oil_Rent_Intensive_Pre2016_ge15pct,oil_rent_threshold,15.0,Future_Period,train_to_2018__test_from_2019,ElasticNet,model,M2_Macro_Oil,QAT,4,-19.79046731611646,231.0437307043922,180.00138971019572,26.742404952021385
M2_Macro_Oil_vs_M3_Macro_Oil_RegQuality__primary__Oil_Rent_Intensive_Pre2016_ge15pct,Regulatory_Quality_lag1,primary,Inward_FDI_Net_Flow_asinh,Oil_Rent_Intensive_Pre2016_ge15pct,oil_rent_threshold,15.0,Future_Period,train_to_2018__test_from_2019,ElasticNet,model,M2_Macro_Oil,RUS,4,20.931986864586634,474.5332220673548,466.4057287725036,25.239532902537675
M2_Macro_Oil_vs_M3_Macro_Oil_RegQuality__primary__Oil_Rent_Intensive_Pre2016_ge15pct,Regulatory_Quality_lag1,primary,Inward_FDI_Net_Flow_asinh,Oil_Rent_Intensive_Pre2016_ge15pct,oil_rent_threshold,15.0,Future_Period,train_to_2018__test_from_2019,ElasticNet,model,M2_Macro_Oil,SAU,4,38.64117215043295,379.79717947242233,11.178066088600968,4.621322918641562
M2_Macro_Oil_vs_M3_Macro_Oil_RegQuality__primary__Oil_Rent_Intensive_Pre2016_ge15pct,Regulatory_Quality_lag1,primary,Inward_FDI_Net_Flow_asinh,Oil_Rent_Intensive_Pre2016_ge15pct,oil_rent_threshold,15.0,Future_Period,train_to_2018__test_from_2019,ElasticNet,model,M2_Macro_Oil,SDN,4,28.67449449747067,205.68634629260583,11.241971582615328,4.515865194084633
M2_Macro_Oil_vs_M3_Macro_Oil_RegQuality__primary__Oil_Rent_Intensive_Pre2016_ge15pct,Regulatory_Quality_lag1,primary,Inward_FDI_Net_Flow_asinh,Oil_Rent_Intensive_Pre2016_ge15pct,oil_rent_threshold,15.0,Future_Period,train_to_2018__test_from_2019,ElasticNet,model,M2_Macro_Oil,TCD,4,28.414487323098513,201.8802449992906,16.10841961182158,8.02437884786946
M2_Macro_Oil_vs_M3_Macro_Oil_RegQuality__primary__Oil_Rent_Intensive_Pre2016_ge15pct,Regulatory_Quality_lag1,primary,Inward_FDI_Net_Flow_asinh,Oil_Rent_Intensive_Pre2016_ge15pct,oil_rent_threshold,15.0,Future_Period,train_to_2018__test_from_2019,ElasticNet,model,M2_Macro_Oil,TLS,4,-13.80458033995841,136.02347146491616,204.1174067285597,27.168758314738366
M2_Macro_Oil_vs_M3_Macro_Oil_RegQuality__primary__Oil_Rent_Intensive_Pre2016_ge15pct,Regulatory_Quality_lag1,primary,Inward_FDI_Net_Flow_asinh,Oil_Rent_Intensive_Pre2016_ge15pct,oil_rent_threshold,15.0,Future_Period,train_to_2018__test_from_2019,ElasticNet,model,M2_Macro_Oil,TTO,4,13.78985530800804,210.47915835531091,336.0497382556285,31.36521807716077
M2_Macro_Oil_vs_M3_Macro_Oil_RegQuality__primary__Oil_Rent_Intensive_Pre2016_ge15pct,Regulatory_Quality_lag1,primary,Inward_FDI_Net_Flow_asinh,Oil_Rent_Intensive_Pre2016_ge15pct,oil_rent_threshold,15.0,Future_Period,train_to_2018__test_from_2019,ElasticNet,model,M3_Macro_Oil_RegQuality,AGO,4,-35.79649060433579,321.1808035203935,178.45116894241448,26.600251256156028
M2_Macro_Oil_vs_M3_Macro_Oil_RegQuality__primary__Oil_Rent_Intensive_Pre2016_ge15pct,Regulatory_Quality_lag1,primary,Inward_FDI_Net_Flow_asinh,Oil_Rent_Intensive_Pre2016_ge15pct,oil_rent_threshold,15.0,Future_Period,train_to_2018__test_from_2019,ElasticNet,model,M3_Macro_Oil_RegQuality,ARE,4,42.42945096753514,450.094295224642,9.42824168543602,6.130845367393647
M2_Macro_Oil_vs_M3_Macro_Oil_RegQuality__primary__Oil_Rent_Intensive_Pre2016_ge15pct,Regulatory_Quality_lag1,primary,Inward_FDI_Net_Flow_asinh,Oil_Rent_Intensive_Pre2016_ge15pct,oil_rent_threshold,15.0,Future_Period,train_to_2018__test_from_2019,ElasticNet,model,M3_Macro_Oil_RegQuality,AZE,4,-2.3043881180863934,261.0493261818058,298.70041188380435,24.57250828418572
M2_Macro_Oil_vs_M3_Macro_Oil_RegQuality__primary__Oil_Rent_Intensive_Pre2016_ge15pct,Regulatory_Quality_lag1,primary,Inward_FDI_Net_Flow_asinh,Oil_Rent_Intensive_Pre2016_ge15pct,oil_rent_threshold,15.0,Future_Period,train_to_2018__test_from_2019,ElasticNet,model,M3_Macro_Oil_RegQuality,BHR,4,31.609360128360738,250.20740571509663,2.450710560292197,2.8543675433298707
M2_Macro_Oil_vs_M3_Macro_Oil_RegQuality__primary__Oil_Rent_Intensive_Pre2016_ge15pct,Regulatory_Quality_lag1,primary,Inward_FDI_Net_Flow_asinh,Oil_Rent_Intensive_Pre2016_ge15pct,oil_rent_threshold,15.0,Future_Period,train_to_2018__test_from_2019,ElasticNet,model,M3_Macro_Oil_RegQuality,BRN,4,13.306004501163503,169.9731815181906,152.60383297067648,13.861565937837932
M2_Macro_Oil_vs_M3_Macro_Oil_RegQuality__primary__Oil_Rent_Intensive_Pre2016_ge15pct,Regulatory_Quality_lag1,primary,Inward_FDI_Net_Flow_asinh,Oil_Rent_Intensive_Pre2016_ge15pct,oil_rent_threshold,15.0,Future_Period,train_to_2018__test_from_2019,ElasticNet,model,M3_Macro_Oil_RegQuality,COG,4,-15.734408413282361,222.308093114826,325.5094738539934,32.470671997403585
M2_Macro_Oil_vs_M3_Macro_Oil_RegQuality__primary__Oil_Rent_Intensive_Pre2016_ge15pct,Regulatory_Quality_lag1,primary,Inward_FDI_Net_Flow_asinh,Oil_Rent_Intensive_Pre2016_ge15pct,oil_rent_threshold,15.0,Future_Period,train_to_2018__test_from_2019,ElasticNet,model,M3_Macro_Oil_RegQuality,DZA,4,29.301177230517325,216.49336263082094,2.0997585694770695,1.844453867948209
M2_Macro_Oil_vs_M3_Macro_Oil_RegQuality__primary__Oil_Rent_Intensive_Pre2016_ge15pct,Regulatory_Quality_lag1,primary,Inward_FDI_Net_Flow_asinh,Oil_Rent_Intensive_Pre2016_ge15pct,oil_rent_threshold,15.0,Future_Period,train_to_2018__test_from_2019,ElasticNet,model,M3_Macro_Oil_RegQuality,ECU,4,29.946325323137692,224.35606917020715,0.2561005034360373,0.8344578577064103
M2_Macro_Oil_vs_M3_Macro_Oil_RegQuality__primary__Oil_Rent_Intensive_Pre2016_ge15pct,Regulatory_Quality_lag1,primary,Inward_FDI_Net_Flow_asinh,Oil_Rent_Intensive_Pre2016_ge15pct,oil_rent_threshold,15.0,Future_Period,train_to_2018__test_from_2019,ElasticNet,model,M3_Macro_Oil_RegQuality,EGY,4,38.43591347692707,369.7456066903889,1.3147129063235463,1.7285300358556253
M2_Macro_Oil_vs_M3_Macro_Oil_RegQuality__primary__Oil_Rent_Intensive_Pre2016_ge15pct,Regulatory_Quality_lag1,primary,Inward_FDI_Net_Flow_asinh,Oil_Rent_Intensive_Pre2016_ge15pct,oil_rent_threshold,15.0,Future_Period,train_to_2018__test_from_2019,ElasticNet,model,M3_Macro_Oil_RegQuality,GAB,4,31.90841563718608,254.6467137924356,5.294442311864786,4.533398161163295
M2_Macro_Oil_vs_M3_Macro_Oil_RegQuality__primary__Oil_Rent_Intensive_Pre2016_ge15pct,Regulatory_Quality_lag1,primary,Inward_FDI_Net_Flow_asinh,Oil_Rent_Intensive_Pre2016_ge15pct,oil_rent_threshold,15.0,Future_Period,train_to_2018__test_from_2019,ElasticNet,model,M3_Macro_Oil_RegQuality,GNQ,4,19.45559078652982,175.44313194184792,197.29828952969947,26.160446881953874
M2_Macro_Oil_vs_M3_Macro_Oil_RegQuality__primary__Oil_Rent_Intensive_Pre2016_ge15pct,Regulatory_Quality_lag1,primary,Inward_FDI_Net_Flow_asinh,Oil_Rent_Intensive_Pre2016_ge15pct,oil_rent_threshold,15.0,Future_Period,train_to_2018__test_from_2019,ElasticNet,model,M3_Macro_Oil_RegQuality,IRN,4,31.868192551108073,253.90428789742953,0.2649697602216542,0.9862730843368013
M2_Macro_Oil_vs_M3_Macro_Oil_RegQuality__primary__Oil_Rent_Intensive_Pre2016_ge15pct,Regulatory_Quality_lag1,primary,Inward_FDI_Net_Flow_asinh,Oil_Rent_Intensive_Pre2016_ge15pct,oil_rent_threshold,15.0,Future_Period,train_to_2018__test_from_2019,ElasticNet,model,M3_Macro_Oil_RegQuality,IRQ,4,-34.283675000041896,293.92725107707145,202.7109127530347,28.467775828868543
M2_Macro_Oil_vs_M3_Macro_Oil_RegQuality__primary__Oil_Rent_Intensive_Pre2016_ge15pct,Regulatory_Quality_lag1,primary,Inward_FDI_Net_Flow_asinh,Oil_Rent_Intensive_Pre2016_ge15pct,oil_rent_threshold,15.0,Future_Period,train_to_2018__test_from_2019,ElasticNet,model,M3_Macro_Oil_RegQuality,KAZ,4,36.839574845757085,339.51635432661567,5.5668581023190455,4.148298707779513
M2_Macro_Oil_vs_M3_Macro_Oil_RegQuality__primary__Oil_Rent_Intensive_Pre2016_ge15pct,Regulatory_Quality_lag1,primary,Inward_FDI_Net_Flow_asinh,Oil_Rent_Intensive_Pre2016_ge15pct,oil_rent_threshold,15.0,Future_Period,train_to_2018__test_from_2019,ElasticNet,model,M3_Macro_Oil_RegQuality,KWT,3,-6.379277581670012,137.08209538682092,252.06839561463397,25.31037485146249
M2_Macro_Oil_vs_M3_Macro_Oil_RegQuality__primary__Oil_Rent_Intensive_Pre2016_ge15pct,Regulatory_Quality_lag1,primary,Inward_FDI_Net_Flow_asinh,Oil_Rent_Intensive_Pre2016_ge15pct,oil_rent_threshold,15.0,Future_Period,train_to_2018__test_from_2019,ElasticNet,model,M3_Macro_Oil_RegQuality,LBY,1,7.247081091886447,52.52018435237805,3.460812290390907,1.860325855970106
M2_Macro_Oil_vs_M3_Macro_Oil_RegQuality__primary__Oil_Rent_Intensive_Pre2016_ge15pct,Regulatory_Quality_lag1,primary,Inward_FDI_Net_Flow_asinh,Oil_Rent_Intensive_Pre2016_ge15pct,oil_rent_threshold,15.0,Future_Period,train_to_2018__test_from_2019,ElasticNet,model,M3_Macro_Oil_RegQuality,NGA,4,19.781912177263408,255.4141034042202,200.55310098830512,16.865284439244267
M2_Macro_Oil_vs_M3_Macro_Oil_RegQuality__primary__Oil_Rent_Intensive_Pre2016_ge15pct,Regulatory_Quality_lag1,primary,Inward_FDI_Net_Flow_asinh,Oil_Rent_Intensive_Pre2016_ge15pct,oil_rent_threshold,15.0,Future_Period,train_to_2018__test_from_2019,ElasticNet,model,M3_Macro_Oil_RegQuality,OMN,4,35.838663259203194,323.03268000548894,6.897710347722175,4.39125060697962
M2_Macro_Oil_vs_M3_Macro_Oil_RegQuality__primary__Oil_Rent_Intensive_Pre2016_ge15pct,Regulatory_Quality_lag1,primary,Inward_FDI_Net_Flow_asinh,Oil_Rent_Intensive_Pre2016_ge15pct,oil_rent_threshold,15.0,Future_Period,train_to_2018__test_from_2019,ElasticNet,model,M3_Macro_Oil_RegQuality,PNG,4,15.475129250932149,150.14896718705944,149.00565730770154,18.626524550110265
M2_Macro_Oil_vs_M3_Macro_Oil_RegQuality__primary__Oil_Rent_Intensive_Pre2016_ge15pct,Regulatory_Quality_lag1,primary,Inward_FDI_Net_Flow_asinh,Oil_Rent_Intensive_Pre2016_ge15pct,oil_rent_threshold,15.0,Future_Period,train_to_2018__test_from_2019,ElasticNet,model,M3_Macro_Oil_RegQuality,QAT,4,-19.79046731611646,231.0437307043922,180.92830419871268,26.80472496511354
M2_Macro_Oil_vs_M3_Macro_Oil_RegQuality__primary__Oil_Rent_Intensive_Pre2016_ge15pct,Regulatory_Quality_lag1,primary,Inward_FDI_Net_Flow_asinh,Oil_Rent_Intensive_Pre2016_ge15pct,oil_rent_threshold,15.0,Future_Period,train_to_2018__test_from_2019,ElasticNet,model,M3_Macro_Oil_RegQuality,RUS,4,20.931986864586634,474.5332220673548,466.1198343658232,25.251983438854484
M2_Macro_Oil_vs_M3_Macro_Oil_RegQuality__primary__Oil_Rent_Intensive_Pre2016_ge15pct,Regulatory_Quality_lag1,primary,Inward_FDI_Net_Flow_asinh,Oil_Rent_Intensive_Pre2016_ge15pct,oil_rent_threshold,15.0,Future_Period,train_to_2018__test_from_2019,ElasticNet,model,M3_Macro_Oil_RegQuality,SAU,4,38.64117215043295,379.79717947242233,10.720638372971024,4.582159847458497
M2_Macro_Oil_vs_M3_Macro_Oil_RegQuality__primary__Oil_Rent_Intensive_Pre2016_ge15pct,Regulatory_Quality_lag1,primary,Inward_FDI_Net_Flow_asinh,Oil_Rent_Intensive_Pre2016_ge15pct,oil_rent_threshold,15.0,Future_Period,train_to_2018__test_from_2019,ElasticNet,model,M3_Macro_Oil_RegQuality,SDN,4,28.67449449747067,205.68634629260583,11.709597404002238,4.599708963756345
M2_Macro_Oil_vs_M3_Macro_Oil_RegQuality__primary__Oil_Rent_Intensive_Pre2016_ge15pct,Regulatory_Quality_lag1,primary,Inward_FDI_Net_Flow_asinh,Oil_Rent_Intensive_Pre2016_ge15pct,oil_rent_threshold,15.0,Future_Period,train_to_2018__test_from_2019,ElasticNet,model,M3_Macro_Oil_RegQuality,TCD,4,28.414487323098513,201.8802449992906,15.821237170589749,7.9519520313207455
M2_Macro_Oil_vs_M3_Macro_Oil_RegQuality__primary__Oil_Rent_Intensive_Pre2016_ge15pct,Regulatory_Quality_lag1,primary,Inward_FDI_Net_Flow_asinh,Oil_Rent_Intensive_Pre2016_ge15pct,oil_rent_threshold,15.0,Future_Period,train_to_2018__test_from_2019,ElasticNet,model,M3_Macro_Oil_RegQuality,TLS,4,-13.80458033995841,136.02347146491616,201.50041071716186,27.031192017897684
M2_Macro_Oil_vs_M3_Macro_Oil_RegQuality__primary__Oil_Rent_Intensive_Pre2016_ge15pct,Regulatory_Quality_lag1,primary,Inward_FDI_Net_Flow_asinh,Oil_Rent_Intensive_Pre2016_ge15pct,oil_rent_threshold,15.0,Future_Period,train_to_2018__test_from_2019,ElasticNet,model,M3_Macro_Oil_RegQuality,TTO,4,13.78985530800804,210.47915835531091,336.01121802890015,31.56918419204805
M2_Macro_Oil_vs_M3_Macro_Oil_RegQuality__primary__Oil_Rent_Intensive_Pre2016_ge15pct,Regulatory_Quality_lag1,primary,Inward_FDI_Net_Flow_asinh,Oil_Rent_Intensive_Pre2016_ge15pct,oil_rent_threshold,15.0,Future_Period,train_to_2018__test_from_2019,RandomForest,model,M2_Macro_Oil,AGO,4,-35.79649060433579,321.1808035203935,74.78994506667082,16.662447091788554
M2_Macro_Oil_vs_M3_Macro_Oil_RegQuality__primary__Oil_Rent_Intensive_Pre2016_ge15pct,Regulatory_Quality_lag1,primary,Inward_FDI_Net_Flow_asinh,Oil_Rent_Intensive_Pre2016_ge15pct,oil_rent_threshold,15.0,Future_Period,train_to_2018__test_from_2019,RandomForest,model,M2_Macro_Oil,ARE,4,42.42945096753514,450.094295224642,29.86371583548903,10.211622012556134
M2_Macro_Oil_vs_M3_Macro_Oil_RegQuality__primary__Oil_Rent_Intensive_Pre2016_ge15pct,Regulatory_Quality_lag1,primary,Inward_FDI_Net_Flow_asinh,Oil_Rent_Intensive_Pre2016_ge15pct,oil_rent_threshold,15.0,Future_Period,train_to_2018__test_from_2019,RandomForest,model,M2_Macro_Oil,AZE,4,-2.3043881180863934,261.0493261818058,313.89649048445136,25.912716733510145
M2_Macro_Oil_vs_M3_Macro_Oil_RegQuality__primary__Oil_Rent_Intensive_Pre2016_ge15pct,Regulatory_Quality_lag1,primary,Inward_FDI_Net_Flow_asinh,Oil_Rent_Intensive_Pre2016_ge15pct,oil_rent_threshold,15.0,Future_Period,train_to_2018__test_from_2019,RandomForest,model,M2_Macro_Oil,BHR,4,31.609360128360738,250.20740571509663,22.124395599148645,8.15895178949914
M2_Macro_Oil_vs_M3_Macro_Oil_RegQuality__primary__Oil_Rent_Intensive_Pre2016_ge15pct,Regulatory_Quality_lag1,primary,Inward_FDI_Net_Flow_asinh,Oil_Rent_Intensive_Pre2016_ge15pct,oil_rent_threshold,15.0,Future_Period,train_to_2018__test_from_2019,RandomForest,model,M2_Macro_Oil,BRN,4,13.306004501163503,169.9731815181906,152.5008464350491,14.37636731743694
M2_Macro_Oil_vs_M3_Macro_Oil_RegQuality__primary__Oil_Rent_Intensive_Pre2016_ge15pct,Regulatory_Quality_lag1,primary,Inward_FDI_Net_Flow_asinh,Oil_Rent_Intensive_Pre2016_ge15pct,oil_rent_threshold,15.0,Future_Period,train_to_2018__test_from_2019,RandomForest,model,M2_Macro_Oil,COG,4,-15.734408413282361,222.308093114826,423.6110964013362,38.731210013776
M2_Macro_Oil_vs_M3_Macro_Oil_RegQuality__primary__Oil_Rent_Intensive_Pre2016_ge15pct,Regulatory_Quality_lag1,primary,Inward_FDI_Net_Flow_asinh,Oil_Rent_Intensive_Pre2016_ge15pct,oil_rent_threshold,15.0,Future_Period,train_to_2018__test_from_2019,RandomForest,model,M2_Macro_Oil,DZA,4,29.301177230517325,216.49336263082094,2.841901620153584,2.859695964905077
M2_Macro_Oil_vs_M3_Macro_Oil_RegQuality__primary__Oil_Rent_Intensive_Pre2016_ge15pct,Regulatory_Quality_lag1,primary,Inward_FDI_Net_Flow_asinh,Oil_Rent_Intensive_Pre2016_ge15pct,oil_rent_threshold,15.0,Future_Period,train_to_2018__test_from_2019,RandomForest,model,M2_Macro_Oil,ECU,4,29.946325323137692,224.35606917020715,42.62499733706836,12.927083056106314
M2_Macro_Oil_vs_M3_Macro_Oil_RegQuality__primary__Oil_Rent_Intensive_Pre2016_ge15pct,Regulatory_Quality_lag1,primary,Inward_FDI_Net_Flow_asinh,Oil_Rent_Intensive_Pre2016_ge15pct,oil_rent_threshold,15.0,Future_Period,train_to_2018__test_from_2019,RandomForest,model,M2_Macro_Oil,EGY,4,38.43591347692707,369.7456066903889,0.9503144760802456,1.510892341356481
M2_Macro_Oil_vs_M3_Macro_Oil_RegQuality__primary__Oil_Rent_Intensive_Pre2016_ge15pct,Regulatory_Quality_lag1,primary,Inward_FDI_Net_Flow_asinh,Oil_Rent_Intensive_Pre2016_ge15pct,oil_rent_threshold,15.0,Future_Period,train_to_2018__test_from_2019,RandomForest,model,M2_Macro_Oil,GAB,4,31.90841563718608,254.6467137924356,1.9398566117448586,2.7523873488654287
M2_Macro_Oil_vs_M3_Macro_Oil_RegQuality__primary__Oil_Rent_Intensive_Pre2016_ge15pct,Regulatory_Quality_lag1,primary,Inward_FDI_Net_Flow_asinh,Oil_Rent_Intensive_Pre2016_ge15pct,oil_rent_threshold,15.0,Future_Period,train_to_2018__test_from_2019,RandomForest,model,M2_Macro_Oil,GNQ,4,19.45559078652982,175.44313194184792,120.14917286274131,18.871425288485014
M2_Macro_Oil_vs_M3_Macro_Oil_RegQuality__primary__Oil_Rent_Intensive_Pre2016_ge15pct,Regulatory_Quality_lag1,primary,Inward_FDI_Net_Flow_asinh,Oil_Rent_Intensive_Pre2016_ge15pct,oil_rent_threshold,15.0,Future_Period,train_to_2018__test_from_2019,RandomForest,model,M2_Macro_Oil,IRN,4,31.868192551108073,253.90428789742953,0.3772813534780752,1.0981902170749738
M2_Macro_Oil_vs_M3_Macro_Oil_RegQuality__primary__Oil_Rent_Intensive_Pre2016_ge15pct,Regulatory_Quality_lag1,primary,Inward_FDI_Net_Flow_asinh,Oil_Rent_Intensive_Pre2016_ge15pct,oil_rent_threshold,15.0,Future_Period,train_to_2018__test_from_2019,RandomForest,model,M2_Macro_Oil,IRQ,4,-34.283675000041896,293.92725107707145,41.55973253291097,12.159976621106816
M2_Macro_Oil_vs_M3_Macro_Oil_RegQuality__primary__Oil_Rent_Intensive_Pre2016_ge15pct,Regulatory_Quality_lag1,primary,Inward_FDI_Net_Flow_asinh,Oil_Rent_Intensive_Pre2016_ge15pct,oil_rent_threshold,15.0,Future_Period,train_to_2018__test_from_2019,RandomForest,model,M2_Macro_Oil,KAZ,4,36.839574845757085,339.51635432661567,11.06931745741512,5.097483147354592
M2_Macro_Oil_vs_M3_Macro_Oil_RegQuality__primary__Oil_Rent_Intensive_Pre2016_ge15pct,Regulatory_Quality_lag1,primary,Inward_FDI_Net_Flow_asinh,Oil_Rent_Intensive_Pre2016_ge15pct,oil_rent_threshold,15.0,Future_Period,train_to_2018__test_from_2019,RandomForest,model,M2_Macro_Oil,KWT,3,-6.379277581670012,137.08209538682092,279.6520500824165,27.15557156059724
M2_Macro_Oil_vs_M3_Macro_Oil_RegQuality__primary__Oil_Rent_Intensive_Pre2016_ge15pct,Regulatory_Quality_lag1,primary,Inward_FDI_Net_Flow_asinh,Oil_Rent_Intensive_Pre2016_ge15pct,oil_rent_threshold,15.0,Future_Period,train_to_2018__test_from_2019,RandomForest,model,M2_Macro_Oil,LBY,1,7.247081091886447,52.52018435237805,0.6112024476142759,0.7817943768116242
M2_Macro_Oil_vs_M3_Macro_Oil_RegQuality__primary__Oil_Rent_Intensive_Pre2016_ge15pct,Regulatory_Quality_lag1,primary,Inward_FDI_Net_Flow_asinh,Oil_Rent_Intensive_Pre2016_ge15pct,oil_rent_threshold,15.0,Future_Period,train_to_2018__test_from_2019,RandomForest,model,M2_Macro_Oil,NGA,4,19.781912177263408,255.4141034042202,216.97220191105717,15.491255370634196
M2_Macro_Oil_vs_M3_Macro_Oil_RegQuality__primary__Oil_Rent_Intensive_Pre2016_ge15pct,Regulatory_Quality_lag1,primary,Inward_FDI_Net_Flow_asinh,Oil_Rent_Intensive_Pre2016_ge15pct,oil_rent_threshold,15.0,Future_Period,train_to_2018__test_from_2019,RandomForest,model,M2_Macro_Oil,OMN,4,35.838663259203194,323.03268000548894,55.63116602273232,12.026069611358047
M2_Macro_Oil_vs_M3_Macro_Oil_RegQuality__primary__Oil_Rent_Intensive_Pre2016_ge15pct,Regulatory_Quality_lag1,primary,Inward_FDI_Net_Flow_asinh,Oil_Rent_Intensive_Pre2016_ge15pct,oil_rent_threshold,15.0,Future_Period,train_to_2018__test_from_2019,RandomForest,model,M2_Macro_Oil,PNG,4,15.475129250932149,150.14896718705944,95.8808866677756,16.90431896233016
M2_Macro_Oil_vs_M3_Macro_Oil_RegQuality__primary__Oil_Rent_Intensive_Pre2016_ge15pct,Regulatory_Quality_lag1,primary,Inward_FDI_Net_Flow_asinh,Oil_Rent_Intensive_Pre2016_ge15pct,oil_rent_threshold,15.0,Future_Period,train_to_2018__test_from_2019,RandomForest,model,M2_Macro_Oil,QAT,4,-19.79046731611646,231.0437307043922,267.12770633155685,28.720963703749632
M2_Macro_Oil_vs_M3_Macro_Oil_RegQuality__primary__Oil_Rent_Intensive_Pre2016_ge15pct,Regulatory_Quality_lag1,primary,Inward_FDI_Net_Flow_asinh,Oil_Rent_Intensive_Pre2016_ge15pct,oil_rent_threshold,15.0,Future_Period,train_to_2018__test_from_2019,RandomForest,model,M2_Macro_Oil,RUS,4,20.931986864586634,474.5332220673548,500.8311450042552,24.69399758258307
M2_Macro_Oil_vs_M3_Macro_Oil_RegQuality__primary__Oil_Rent_Intensive_Pre2016_ge15pct,Regulatory_Quality_lag1,primary,Inward_FDI_Net_Flow_asinh,Oil_Rent_Intensive_Pre2016_ge15pct,oil_rent_threshold,15.0,Future_Period,train_to_2018__test_from_2019,RandomForest,model,M2_Macro_Oil,SAU,4,38.64117215043295,379.79717947242233,9.673531340295884,5.398021744541372
M2_Macro_Oil_vs_M3_Macro_Oil_RegQuality__primary__Oil_Rent_Intensive_Pre2016_ge15pct,Regulatory_Quality_lag1,primary,Inward_FDI_Net_Flow_asinh,Oil_Rent_Intensive_Pre2016_ge15pct,oil_rent_threshold,15.0,Future_Period,train_to_2018__test_from_2019,RandomForest,model,M2_Macro_Oil,SDN,4,28.67449449747067,205.68634629260583,0.8315671705298742,1.3211011470813023
M2_Macro_Oil_vs_M3_Macro_Oil_RegQuality__primary__Oil_Rent_Intensive_Pre2016_ge15pct,Regulatory_Quality_lag1,primary,Inward_FDI_Net_Flow_asinh,Oil_Rent_Intensive_Pre2016_ge15pct,oil_rent_threshold,15.0,Future_Period,train_to_2018__test_from_2019,RandomForest,model,M2_Macro_Oil,TCD,4,28.414487323098513,201.8802449992906,14.211752228935552,7.072270126364353
M2_Macro_Oil_vs_M3_Macro_Oil_RegQuality__primary__Oil_Rent_Intensive_Pre2016_ge15pct,Regulatory_Quality_lag1,primary,Inward_FDI_Net_Flow_asinh,Oil_Rent_Intensive_Pre2016_ge15pct,oil_rent_threshold,15.0,Future_Period,train_to_2018__test_from_2019,RandomForest,model,M2_Macro_Oil,TLS,4,-13.80458033995841,136.02347146491616,280.79139980009313,30.730115433094653
M2_Macro_Oil_vs_M3_Macro_Oil_RegQuality__primary__Oil_Rent_Intensive_Pre2016_ge15pct,Regulatory_Quality_lag1,primary,Inward_FDI_Net_Flow_asinh,Oil_Rent_Intensive_Pre2016_ge15pct,oil_rent_threshold,15.0,Future_Period,train_to_2018__test_from_2019,RandomForest,model,M2_Macro_Oil,TTO,4,13.78985530800804,210.47915835531091,232.1246788510303,26.950687353729663
M2_Macro_Oil_vs_M3_Macro_Oil_RegQuality__primary__Oil_Rent_Intensive_Pre2016_ge15pct,Regulatory_Quality_lag1,primary,Inward_FDI_Net_Flow_asinh,Oil_Rent_Intensive_Pre2016_ge15pct,oil_rent_threshold,15.0,Future_Period,train_to_2018__test_from_2019,RandomForest,model,M3_Macro_Oil_RegQuality,AGO,4,-35.79649060433579,321.1808035203935,92.68113605687334,18.797316698710304
M2_Macro_Oil_vs_M3_Macro_Oil_RegQuality__primary__Oil_Rent_Intensive_Pre2016_ge15pct,Regulatory_Quality_lag1,primary,Inward_FDI_Net_Flow_asinh,Oil_Rent_Intensive_Pre2016_ge15pct,oil_rent_threshold,15.0,Future_Period,train_to_2018__test_from_2019,RandomForest,model,M3_Macro_Oil_RegQuality,ARE,4,42.42945096753514,450.094295224642,17.932135079375204,7.9987432817209925
M2_Macro_Oil_vs_M3_Macro_Oil_RegQuality__primary__Oil_Rent_Intensive_Pre2016_ge15pct,Regulatory_Quality_lag1,primary,Inward_FDI_Net_Flow_asinh,Oil_Rent_Intensive_Pre2016_ge15pct,oil_rent_threshold,15.0,Future_Period,train_to_2018__test_from_2019,RandomForest,model,M3_Macro_Oil_RegQuality,AZE,4,-2.3043881180863934,261.0493261818058,321.34337238022533,26.169969811242254
M2_Macro_Oil_vs_M3_Macro_Oil_RegQuality__primary__Oil_Rent_Intensive_Pre2016_ge15pct,Regulatory_Quality_lag1,primary,Inward_FDI_Net_Flow_asinh,Oil_Rent_Intensive_Pre2016_ge15pct,oil_rent_threshold,15.0,Future_Period,train_to_2018__test_from_2019,RandomForest,model,M3_Macro_Oil_RegQuality,BHR,4,31.609360128360738,250.20740571509663,24.704471695974192,8.648957598036022
M2_Macro_Oil_vs_M3_Macro_Oil_RegQuality__primary__Oil_Rent_Intensive_Pre2016_ge15pct,Regulatory_Quality_lag1,primary,Inward_FDI_Net_Flow_asinh,Oil_Rent_Intensive_Pre2016_ge15pct,oil_rent_threshold,15.0,Future_Period,train_to_2018__test_from_2019,RandomForest,model,M3_Macro_Oil_RegQuality,BRN,4,13.306004501163503,169.9731815181906,152.54240925277358,15.09322869240075
M2_Macro_Oil_vs_M3_Macro_Oil_RegQuality__primary__Oil_Rent_Intensive_Pre2016_ge15pct,Regulatory_Quality_lag1,primary,Inward_FDI_Net_Flow_asinh,Oil_Rent_Intensive_Pre2016_ge15pct,oil_rent_threshold,15.0,Future_Period,train_to_2018__test_from_2019,RandomForest,model,M3_Macro_Oil_RegQuality,COG,4,-15.734408413282361,222.308093114826,364.03586221745684,35.444933220394546
M2_Macro_Oil_vs_M3_Macro_Oil_RegQuality__primary__Oil_Rent_Intensive_Pre2016_ge15pct,Regulatory_Quality_lag1,primary,Inward_FDI_Net_Flow_asinh,Oil_Rent_Intensive_Pre2016_ge15pct,oil_rent_threshold,15.0,Future_Period,train_to_2018__test_from_2019,RandomForest,model,M3_Macro_Oil_RegQuality,DZA,4,29.301177230517325,216.49336263082094,8.608675390150534,5.555118078893236
M2_Macro_Oil_vs_M3_Macro_Oil_RegQuality__primary__Oil_Rent_Intensive_Pre2016_ge15pct,Regulatory_Quality_lag1,primary,Inward_FDI_Net_Flow_asinh,Oil_Rent_Intensive_Pre2016_ge15pct,oil_rent_threshold,15.0,Future_Period,train_to_2018__test_from_2019,RandomForest,model,M3_Macro_Oil_RegQuality,ECU,4,29.946325323137692,224.35606917020715,30.37176069929028,10.879605100596878
M2_Macro_Oil_vs_M3_Macro_Oil_RegQuality__primary__Oil_Rent_Intensive_Pre2016_ge15pct,Regulatory_Quality_lag1,primary,Inward_FDI_Net_Flow_asinh,Oil_Rent_Intensive_Pre2016_ge15pct,oil_rent_threshold,15.0,Future_Period,train_to_2018__test_from_2019,RandomForest,model,M3_Macro_Oil_RegQuality,EGY,4,38.43591347692707,369.7456066903889,0.9904130820116643,1.619771043129413
M2_Macro_Oil_vs_M3_Macro_Oil_RegQuality__primary__Oil_Rent_Intensive_Pre2016_ge15pct,Regulatory_Quality_lag1,primary,Inward_FDI_Net_Flow_asinh,Oil_Rent_Intensive_Pre2016_ge15pct,oil_rent_threshold,15.0,Future_Period,train_to_2018__test_from_2019,RandomForest,model,M3_Macro_Oil_RegQuality,GAB,4,31.90841563718608,254.6467137924356,1.0831315221654219,1.9439672154988843
M2_Macro_Oil_vs_M3_Macro_Oil_RegQuality__primary__Oil_Rent_Intensive_Pre2016_ge15pct,Regulatory_Quality_lag1,primary,Inward_FDI_Net_Flow_asinh,Oil_Rent_Intensive_Pre2016_ge15pct,oil_rent_threshold,15.0,Future_Period,train_to_2018__test_from_2019,RandomForest,model,M3_Macro_Oil_RegQuality,GNQ,4,19.45559078652982,175.44313194184792,143.36143967745525,21.69448306918038
M2_Macro_Oil_vs_M3_Macro_Oil_RegQuality__primary__Oil_Rent_Intensive_Pre2016_ge15pct,Regulatory_Quality_lag1,primary,Inward_FDI_Net_Flow_asinh,Oil_Rent_Intensive_Pre2016_ge15pct,oil_rent_threshold,15.0,Future_Period,train_to_2018__test_from_2019,RandomForest,model,M3_Macro_Oil_RegQuality,IRN,4,31.868192551108073,253.90428789742953,0.23472958338856614,0.9225035280099716
M2_Macro_Oil_vs_M3_Macro_Oil_RegQuality__primary__Oil_Rent_Intensive_Pre2016_ge15pct,Regulatory_Quality_lag1,primary,Inward_FDI_Net_Flow_asinh,Oil_Rent_Intensive_Pre2016_ge15pct,oil_rent_threshold,15.0,Future_Period,train_to_2018__test_from_2019,RandomForest,model,M3_Macro_Oil_RegQuality,IRQ,4,-34.283675000041896,293.92725107707145,85.88721103668027,18.012205576077026
M2_Macro_Oil_vs_M3_Macro_Oil_RegQuality__primary__Oil_Rent_Intensive_Pre2016_ge15pct,Regulatory_Quality_lag1,primary,Inward_FDI_Net_Flow_asinh,Oil_Rent_Intensive_Pre2016_ge15pct,oil_rent_threshold,15.0,Future_Period,train_to_2018__test_from_2019,RandomForest,model,M3_Macro_Oil_RegQuality,KAZ,4,36.839574845757085,339.51635432661567,18.1650924235402,6.368423777556364
M2_Macro_Oil_vs_M3_Macro_Oil_RegQuality__primary__Oil_Rent_Intensive_Pre2016_ge15pct,Regulatory_Quality_lag1,primary,Inward_FDI_Net_Flow_asinh,Oil_Rent_Intensive_Pre2016_ge15pct,oil_rent_threshold,15.0,Future_Period,train_to_2018__test_from_2019,RandomForest,model,M3_Macro_Oil_RegQuality,KWT,3,-6.379277581670012,137.08209538682092,307.8486902530075,29.00967287217263
M2_Macro_Oil_vs_M3_Macro_Oil_RegQuality__primary__Oil_Rent_Intensive_Pre2016_ge15pct,Regulatory_Quality_lag1,primary,Inward_FDI_Net_Flow_asinh,Oil_Rent_Intensive_Pre2016_ge15pct,oil_rent_threshold,15.0,Future_Period,train_to_2018__test_from_2019,RandomForest,model,M3_Macro_Oil_RegQuality,LBY,1,7.247081091886447,52.52018435237805,2.7266470586460447,1.651256206239978
M2_Macro_Oil_vs_M3_Macro_Oil_RegQuality__primary__Oil_Rent_Intensive_Pre2016_ge15pct,Regulatory_Quality_lag1,primary,Inward_FDI_Net_Flow_asinh,Oil_Rent_Intensive_Pre2016_ge15pct,oil_rent_threshold,15.0,Future_Period,train_to_2018__test_from_2019,RandomForest,model,M3_Macro_Oil_RegQuality,NGA,4,19.781912177263408,255.4141034042202,207.27410663383233,15.498077015971116
M2_Macro_Oil_vs_M3_Macro_Oil_RegQuality__primary__Oil_Rent_Intensive_Pre2016_ge15pct,Regulatory_Quality_lag1,primary,Inward_FDI_Net_Flow_asinh,Oil_Rent_Intensive_Pre2016_ge15pct,oil_rent_threshold,15.0,Future_Period,train_to_2018__test_from_2019,RandomForest,model,M3_Macro_Oil_RegQuality,OMN,4,35.838663259203194,323.03268000548894,40.196135303272015,10.730100016557174
M2_Macro_Oil_vs_M3_Macro_Oil_RegQuality__primary__Oil_Rent_Intensive_Pre2016_ge15pct,Regulatory_Quality_lag1,primary,Inward_FDI_Net_Flow_asinh,Oil_Rent_Intensive_Pre2016_ge15pct,oil_rent_threshold,15.0,Future_Period,train_to_2018__test_from_2019,RandomForest,model,M3_Macro_Oil_RegQuality,PNG,4,15.475129250932149,150.14896718705944,104.2482282264243,16.451832647724185
M2_Macro_Oil_vs_M3_Macro_Oil_RegQuality__primary__Oil_Rent_Intensive_Pre2016_ge15pct,Regulatory_Quality_lag1,primary,Inward_FDI_Net_Flow_asinh,Oil_Rent_Intensive_Pre2016_ge15pct,oil_rent_threshold,15.0,Future_Period,train_to_2018__test_from_2019,RandomForest,model,M3_Macro_Oil_RegQuality,QAT,4,-19.79046731611646,231.0437307043922,269.53824094488664,29.136126058301866
M2_Macro_Oil_vs_M3_Macro_Oil_RegQuality__primary__Oil_Rent_Intensive_Pre2016_ge15pct,Regulatory_Quality_lag1,primary,Inward_FDI_Net_Flow_asinh,Oil_Rent_Intensive_Pre2016_ge15pct,oil_rent_threshold,15.0,Future_Period,train_to_2018__test_from_2019,RandomForest,model,M3_Macro_Oil_RegQuality,RUS,4,20.931986864586634,474.5332220673548,492.3267408952922,24.88645856335161
M2_Macro_Oil_vs_M3_Macro_Oil_RegQuality__primary__Oil_Rent_Intensive_Pre2016_ge15pct,Regulatory_Quality_lag1,primary,Inward_FDI_Net_Flow_asinh,Oil_Rent_Intensive_Pre2016_ge15pct,oil_rent_threshold,15.0,Future_Period,train_to_2018__test_from_2019,RandomForest,model,M3_Macro_Oil_RegQuality,SAU,4,38.64117215043295,379.79717947242233,8.525016880693503,5.037582203653816
M2_Macro_Oil_vs_M3_Macro_Oil_RegQuality__primary__Oil_Rent_Intensive_Pre2016_ge15pct,Regulatory_Quality_lag1,primary,Inward_FDI_Net_Flow_asinh,Oil_Rent_Intensive_Pre2016_ge15pct,oil_rent_threshold,15.0,Future_Period,train_to_2018__test_from_2019,RandomForest,model,M3_Macro_Oil_RegQuality,SDN,4,28.67449449747067,205.68634629260583,2.013939714206285,1.7842851418672998
M2_Macro_Oil_vs_M3_Macro_Oil_RegQuality__primary__Oil_Rent_Intensive_Pre2016_ge15pct,Regulatory_Quality_lag1,primary,Inward_FDI_Net_Flow_asinh,Oil_Rent_Intensive_Pre2016_ge15pct,oil_rent_threshold,15.0,Future_Period,train_to_2018__test_from_2019,RandomForest,model,M3_Macro_Oil_RegQuality,TCD,4,28.414487323098513,201.8802449992906,16.067001751355207,7.585968293229248
M2_Macro_Oil_vs_M3_Macro_Oil_RegQuality__primary__Oil_Rent_Intensive_Pre2016_ge15pct,Regulatory_Quality_lag1,primary,Inward_FDI_Net_Flow_asinh,Oil_Rent_Intensive_Pre2016_ge15pct,oil_rent_threshold,15.0,Future_Period,train_to_2018__test_from_2019,RandomForest,model,M3_Macro_Oil_RegQuality,TLS,4,-13.80458033995841,136.02347146491616,243.8488605690143,28.69048251789194
M2_Macro_Oil_vs_M3_Macro_Oil_RegQuality__primary__Oil_Rent_Intensive_Pre2016_ge15pct,Regulatory_Quality_lag1,primary,Inward_FDI_Net_Flow_asinh,Oil_Rent_Intensive_Pre2016_ge15pct,oil_rent_threshold,15.0,Future_Period,train_to_2018__test_from_2019,RandomForest,model,M3_Macro_Oil_RegQuality,TTO,4,13.78985530800804,210.47915835531091,262.06122748917556,30.637937392886307
M2_Macro_Oil_vs_M3_Macro_Oil_RegQuality__primary__Oil_Rent_Intensive_Pre2016_ge15pct,Regulatory_Quality_lag1,primary,Inward_FDI_Net_Flow_asinh,Oil_Rent_Intensive_Pre2016_ge15pct,oil_rent_threshold,15.0,Future_Period,train_to_2018__test_from_2019,Ridge,model,M2_Macro_Oil,AGO,4,-35.79649060433579,321.1808035203935,175.04124389713604,26.3448158623652
M2_Macro_Oil_vs_M3_Macro_Oil_RegQuality__primary__Oil_Rent_Intensive_Pre2016_ge15pct,Regulatory_Quality_lag1,primary,Inward_FDI_Net_Flow_asinh,Oil_Rent_Intensive_Pre2016_ge15pct,oil_rent_threshold,15.0,Future_Period,train_to_2018__test_from_2019,Ridge,model,M2_Macro_Oil,ARE,4,42.42945096753514,450.094295224642,11.288572841995638,6.7097036899718
M2_Macro_Oil_vs_M3_Macro_Oil_RegQuality__primary__Oil_Rent_Intensive_Pre2016_ge15pct,Regulatory_Quality_lag1,primary,Inward_FDI_Net_Flow_asinh,Oil_Rent_Intensive_Pre2016_ge15pct,oil_rent_threshold,15.0,Future_Period,train_to_2018__test_from_2019,Ridge,model,M2_Macro_Oil,AZE,4,-2.3043881180863934,261.0493261818058,296.17761660761437,24.436419075683773
M2_Macro_Oil_vs_M3_Macro_Oil_RegQuality__primary__Oil_Rent_Intensive_Pre2016_ge15pct,Regulatory_Quality_lag1,primary,Inward_FDI_Net_Flow_asinh,Oil_Rent_Intensive_Pre2016_ge15pct,oil_rent_threshold,15.0,Future_Period,train_to_2018__test_from_2019,Ridge,model,M2_Macro_Oil,BHR,4,31.609360128360738,250.20740571509663,2.5558698333663727,2.909411372418756
M2_Macro_Oil_vs_M3_Macro_Oil_RegQuality__primary__Oil_Rent_Intensive_Pre2016_ge15pct,Regulatory_Quality_lag1,primary,Inward_FDI_Net_Flow_asinh,Oil_Rent_Intensive_Pre2016_ge15pct,oil_rent_threshold,15.0,Future_Period,train_to_2018__test_from_2019,Ridge,model,M2_Macro_Oil,BRN,4,13.306004501163503,169.9731815181906,151.76706741760594,13.868343962937717
M2_Macro_Oil_vs_M3_Macro_Oil_RegQuality__primary__Oil_Rent_Intensive_Pre2016_ge15pct,Regulatory_Quality_lag1,primary,Inward_FDI_Net_Flow_asinh,Oil_Rent_Intensive_Pre2016_ge15pct,oil_rent_threshold,15.0,Future_Period,train_to_2018__test_from_2019,Ridge,model,M2_Macro_Oil,COG,4,-15.734408413282361,222.308093114826,327.2938232959798,32.581863093903216
M2_Macro_Oil_vs_M3_Macro_Oil_RegQuality__primary__Oil_Rent_Intensive_Pre2016_ge15pct,Regulatory_Quality_lag1,primary,Inward_FDI_Net_Flow_asinh,Oil_Rent_Intensive_Pre2016_ge15pct,oil_rent_threshold,15.0,Future_Period,train_to_2018__test_from_2019,Ridge,model,M2_Macro_Oil,DZA,4,29.301177230517325,216.49336263082094,2.470548621552954,2.0905755559526655
M2_Macro_Oil_vs_M3_Macro_Oil_RegQuality__primary__Oil_Rent_Intensive_Pre2016_ge15pct,Regulatory_Quality_lag1,primary,Inward_FDI_Net_Flow_asinh,Oil_Rent_Intensive_Pre2016_ge15pct,oil_rent_threshold,15.0,Future_Period,train_to_2018__test_from_2019,Ridge,model,M2_Macro_Oil,ECU,4,29.946325323137692,224.35606917020715,0.3524370464423946,0.8945668186947975
M2_Macro_Oil_vs_M3_Macro_Oil_RegQuality__primary__Oil_Rent_Intensive_Pre2016_ge15pct,Regulatory_Quality_lag1,primary,Inward_FDI_Net_Flow_asinh,Oil_Rent_Intensive_Pre2016_ge15pct,oil_rent_threshold,15.0,Future_Period,train_to_2018__test_from_2019,Ridge,model,M2_Macro_Oil,EGY,4,38.43591347692707,369.7456066903889,1.2323302667603402,1.6111972242236607
M2_Macro_Oil_vs_M3_Macro_Oil_RegQuality__primary__Oil_Rent_Intensive_Pre2016_ge15pct,Regulatory_Quality_lag1,primary,Inward_FDI_Net_Flow_asinh,Oil_Rent_Intensive_Pre2016_ge15pct,oil_rent_threshold,15.0,Future_Period,train_to_2018__test_from_2019,Ridge,model,M2_Macro_Oil,GAB,4,31.90841563718608,254.6467137924356,3.8661488370925996,3.8451825048684984
M2_Macro_Oil_vs_M3_Macro_Oil_RegQuality__primary__Oil_Rent_Intensive_Pre2016_ge15pct,Regulatory_Quality_lag1,primary,Inward_FDI_Net_Flow_asinh,Oil_Rent_Intensive_Pre2016_ge15pct,oil_rent_threshold,15.0,Future_Period,train_to_2018__test_from_2019,Ridge,model,M2_Macro_Oil,GNQ,4,19.45559078652982,175.44313194184792,193.18285942917885,25.639402495045733
M2_Macro_Oil_vs_M3_Macro_Oil_RegQuality__primary__Oil_Rent_Intensive_Pre2016_ge15pct,Regulatory_Quality_lag1,primary,Inward_FDI_Net_Flow_asinh,Oil_Rent_Intensive_Pre2016_ge15pct,oil_rent_threshold,15.0,Future_Period,train_to_2018__test_from_2019,Ridge,model,M2_Macro_Oil,IRN,4,31.868192551108073,253.90428789742953,0.619344115687155,1.5388189409367943
M2_Macro_Oil_vs_M3_Macro_Oil_RegQuality__primary__Oil_Rent_Intensive_Pre2016_ge15pct,Regulatory_Quality_lag1,primary,Inward_FDI_Net_Flow_asinh,Oil_Rent_Intensive_Pre2016_ge15pct,oil_rent_threshold,15.0,Future_Period,train_to_2018__test_from_2019,Ridge,model,M2_Macro_Oil,IRQ,4,-34.283675000041896,293.92725107707145,205.0144370990671,28.626972934047544
M2_Macro_Oil_vs_M3_Macro_Oil_RegQuality__primary__Oil_Rent_Intensive_Pre2016_ge15pct,Regulatory_Quality_lag1,primary,Inward_FDI_Net_Flow_asinh,Oil_Rent_Intensive_Pre2016_ge15pct,oil_rent_threshold,15.0,Future_Period,train_to_2018__test_from_2019,Ridge,model,M2_Macro_Oil,KAZ,4,36.839574845757085,339.51635432661567,5.942863095121947,4.303727133071101
M2_Macro_Oil_vs_M3_Macro_Oil_RegQuality__primary__Oil_Rent_Intensive_Pre2016_ge15pct,Regulatory_Quality_lag1,primary,Inward_FDI_Net_Flow_asinh,Oil_Rent_Intensive_Pre2016_ge15pct,oil_rent_threshold,15.0,Future_Period,train_to_2018__test_from_2019,Ridge,model,M2_Macro_Oil,KWT,3,-6.379277581670012,137.08209538682092,251.61992443337675,25.29201270396498
M2_Macro_Oil_vs_M3_Macro_Oil_RegQuality__primary__Oil_Rent_Intensive_Pre2016_ge15pct,Regulatory_Quality_lag1,primary,Inward_FDI_Net_Flow_asinh,Oil_Rent_Intensive_Pre2016_ge15pct,oil_rent_threshold,15.0,Future_Period,train_to_2018__test_from_2019,Ridge,model,M2_Macro_Oil,LBY,1,7.247081091886447,52.52018435237805,2.7829892976811483,1.668229390006407
M2_Macro_Oil_vs_M3_Macro_Oil_RegQuality__primary__Oil_Rent_Intensive_Pre2016_ge15pct,Regulatory_Quality_lag1,primary,Inward_FDI_Net_Flow_asinh,Oil_Rent_Intensive_Pre2016_ge15pct,oil_rent_threshold,15.0,Future_Period,train_to_2018__test_from_2019,Ridge,model,M2_Macro_Oil,NGA,4,19.781912177263408,255.4141034042202,200.41747908320946,16.908746955788235
M2_Macro_Oil_vs_M3_Macro_Oil_RegQuality__primary__Oil_Rent_Intensive_Pre2016_ge15pct,Regulatory_Quality_lag1,primary,Inward_FDI_Net_Flow_asinh,Oil_Rent_Intensive_Pre2016_ge15pct,oil_rent_threshold,15.0,Future_Period,train_to_2018__test_from_2019,Ridge,model,M2_Macro_Oil,OMN,4,35.838663259203194,323.03268000548894,7.47465775204678,4.670154565974851
M2_Macro_Oil_vs_M3_Macro_Oil_RegQuality__primary__Oil_Rent_Intensive_Pre2016_ge15pct,Regulatory_Quality_lag1,primary,Inward_FDI_Net_Flow_asinh,Oil_Rent_Intensive_Pre2016_ge15pct,oil_rent_threshold,15.0,Future_Period,train_to_2018__test_from_2019,Ridge,model,M2_Macro_Oil,PNG,4,15.475129250932149,150.14896718705944,148.97964648031393,18.702060911615348
M2_Macro_Oil_vs_M3_Macro_Oil_RegQuality__primary__Oil_Rent_Intensive_Pre2016_ge15pct,Regulatory_Quality_lag1,primary,Inward_FDI_Net_Flow_asinh,Oil_Rent_Intensive_Pre2016_ge15pct,oil_rent_threshold,15.0,Future_Period,train_to_2018__test_from_2019,Ridge,model,M2_Macro_Oil,QAT,4,-19.79046731611646,231.0437307043922,178.908791475074,26.66843598244189
M2_Macro_Oil_vs_M3_Macro_Oil_RegQuality__primary__Oil_Rent_Intensive_Pre2016_ge15pct,Regulatory_Quality_lag1,primary,Inward_FDI_Net_Flow_asinh,Oil_Rent_Intensive_Pre2016_ge15pct,oil_rent_threshold,15.0,Future_Period,train_to_2018__test_from_2019,Ridge,model,M2_Macro_Oil,RUS,4,20.931986864586634,474.5332220673548,467.0711129147806,25.244529772835904
M2_Macro_Oil_vs_M3_Macro_Oil_RegQuality__primary__Oil_Rent_Intensive_Pre2016_ge15pct,Regulatory_Quality_lag1,primary,Inward_FDI_Net_Flow_asinh,Oil_Rent_Intensive_Pre2016_ge15pct,oil_rent_threshold,15.0,Future_Period,train_to_2018__test_from_2019,Ridge,model,M2_Macro_Oil,SAU,4,38.64117215043295,379.79717947242233,11.12840837976322,4.61540515357488
M2_Macro_Oil_vs_M3_Macro_Oil_RegQuality__primary__Oil_Rent_Intensive_Pre2016_ge15pct,Regulatory_Quality_lag1,primary,Inward_FDI_Net_Flow_asinh,Oil_Rent_Intensive_Pre2016_ge15pct,oil_rent_threshold,15.0,Future_Period,train_to_2018__test_from_2019,Ridge,model,M2_Macro_Oil,SDN,4,28.67449449747067,205.68634629260583,12.08562487814185,4.692588209782797
M2_Macro_Oil_vs_M3_Macro_Oil_RegQuality__primary__Oil_Rent_Intensive_Pre2016_ge15pct,Regulatory_Quality_lag1,primary,Inward_FDI_Net_Flow_asinh,Oil_Rent_Intensive_Pre2016_ge15pct,oil_rent_threshold,15.0,Future_Period,train_to_2018__test_from_2019,Ridge,model,M2_Macro_Oil,TCD,4,28.414487323098513,201.8802449992906,16.296665873378053,8.071189495489156
M2_Macro_Oil_vs_M3_Macro_Oil_RegQuality__primary__Oil_Rent_Intensive_Pre2016_ge15pct,Regulatory_Quality_lag1,primary,Inward_FDI_Net_Flow_asinh,Oil_Rent_Intensive_Pre2016_ge15pct,oil_rent_threshold,15.0,Future_Period,train_to_2018__test_from_2019,Ridge,model,M2_Macro_Oil,TLS,4,-13.80458033995841,136.02347146491616,204.019608466156,27.158144286706822
M2_Macro_Oil_vs_M3_Macro_Oil_RegQuality__primary__Oil_Rent_Intensive_Pre2016_ge15pct,Regulatory_Quality_lag1,primary,Inward_FDI_Net_Flow_asinh,Oil_Rent_Intensive_Pre2016_ge15pct,oil_rent_threshold,15.0,Future_Period,train_to_2018__test_from_2019,Ridge,model,M2_Macro_Oil,TTO,4,13.78985530800804,210.47915835531091,337.0215343443934,31.419100967587212
M2_Macro_Oil_vs_M3_Macro_Oil_RegQuality__primary__Oil_Rent_Intensive_Pre2016_ge15pct,Regulatory_Quality_lag1,primary,Inward_FDI_Net_Flow_asinh,Oil_Rent_Intensive_Pre2016_ge15pct,oil_rent_threshold,15.0,Future_Period,train_to_2018__test_from_2019,Ridge,model,M3_Macro_Oil_RegQuality,AGO,4,-35.79649060433579,321.1808035203935,176.74204532333064,26.4699298841188
M2_Macro_Oil_vs_M3_Macro_Oil_RegQuality__primary__Oil_Rent_Intensive_Pre2016_ge15pct,Regulatory_Quality_lag1,primary,Inward_FDI_Net_Flow_asinh,Oil_Rent_Intensive_Pre2016_ge15pct,oil_rent_threshold,15.0,Future_Period,train_to_2018__test_from_2019,Ridge,model,M3_Macro_Oil_RegQuality,ARE,4,42.42945096753514,450.094295224642,9.211840544065826,6.059673137072558
M2_Macro_Oil_vs_M3_Macro_Oil_RegQuality__primary__Oil_Rent_Intensive_Pre2016_ge15pct,Regulatory_Quality_lag1,primary,Inward_FDI_Net_Flow_asinh,Oil_Rent_Intensive_Pre2016_ge15pct,oil_rent_threshold,15.0,Future_Period,train_to_2018__test_from_2019,Ridge,model,M3_Macro_Oil_RegQuality,AZE,4,-2.3043881180863934,261.0493261818058,298.92518763067415,24.574402388786957
M2_Macro_Oil_vs_M3_Macro_Oil_RegQuality__primary__Oil_Rent_Intensive_Pre2016_ge15pct,Regulatory_Quality_lag1,primary,Inward_FDI_Net_Flow_asinh,Oil_Rent_Intensive_Pre2016_ge15pct,oil_rent_threshold,15.0,Future_Period,train_to_2018__test_from_2019,Ridge,model,M3_Macro_Oil_RegQuality,BHR,4,31.609360128360738,250.20740571509663,2.4304217859429667,2.8413510269273123
M2_Macro_Oil_vs_M3_Macro_Oil_RegQuality__primary__Oil_Rent_Intensive_Pre2016_ge15pct,Regulatory_Quality_lag1,primary,Inward_FDI_Net_Flow_asinh,Oil_Rent_Intensive_Pre2016_ge15pct,oil_rent_threshold,15.0,Future_Period,train_to_2018__test_from_2019,Ridge,model,M3_Macro_Oil_RegQuality,BRN,4,13.306004501163503,169.9731815181906,152.60265183744164,13.863149004732588
M2_Macro_Oil_vs_M3_Macro_Oil_RegQuality__primary__Oil_Rent_Intensive_Pre2016_ge15pct,Regulatory_Quality_lag1,primary,Inward_FDI_Net_Flow_asinh,Oil_Rent_Intensive_Pre2016_ge15pct,oil_rent_threshold,15.0,Future_Period,train_to_2018__test_from_2019,Ridge,model,M3_Macro_Oil_RegQuality,COG,4,-15.734408413282361,222.308093114826,325.0128098830163,32.40704091997536
M2_Macro_Oil_vs_M3_Macro_Oil_RegQuality__primary__Oil_Rent_Intensive_Pre2016_ge15pct,Regulatory_Quality_lag1,primary,Inward_FDI_Net_Flow_asinh,Oil_Rent_Intensive_Pre2016_ge15pct,oil_rent_threshold,15.0,Future_Period,train_to_2018__test_from_2019,Ridge,model,M3_Macro_Oil_RegQuality,DZA,4,29.301177230517325,216.49336263082094,2.1180348112422096,1.8521452871055866
M2_Macro_Oil_vs_M3_Macro_Oil_RegQuality__primary__Oil_Rent_Intensive_Pre2016_ge15pct,Regulatory_Quality_lag1,primary,Inward_FDI_Net_Flow_asinh,Oil_Rent_Intensive_Pre2016_ge15pct,oil_rent_threshold,15.0,Future_Period,train_to_2018__test_from_2019,Ridge,model,M3_Macro_Oil_RegQuality,ECU,4,29.946325323137692,224.35606917020715,0.25651145583063023,0.8311364859242145
M2_Macro_Oil_vs_M3_Macro_Oil_RegQuality__primary__Oil_Rent_Intensive_Pre2016_ge15pct,Regulatory_Quality_lag1,primary,Inward_FDI_Net_Flow_asinh,Oil_Rent_Intensive_Pre2016_ge15pct,oil_rent_threshold,15.0,Future_Period,train_to_2018__test_from_2019,Ridge,model,M3_Macro_Oil_RegQuality,EGY,4,38.43591347692707,369.7456066903889,1.239621827652744,1.6381158985406135
M2_Macro_Oil_vs_M3_Macro_Oil_RegQuality__primary__Oil_Rent_Intensive_Pre2016_ge15pct,Regulatory_Quality_lag1,primary,Inward_FDI_Net_Flow_asinh,Oil_Rent_Intensive_Pre2016_ge15pct,oil_rent_threshold,15.0,Future_Period,train_to_2018__test_from_2019,Ridge,model,M3_Macro_Oil_RegQuality,GAB,4,31.90841563718608,254.6467137924356,5.386570736894944,4.5741547549948915
M2_Macro_Oil_vs_M3_Macro_Oil_RegQuality__primary__Oil_Rent_Intensive_Pre2016_ge15pct,Regulatory_Quality_lag1,primary,Inward_FDI_Net_Flow_asinh,Oil_Rent_Intensive_Pre2016_ge15pct,oil_rent_threshold,15.0,Future_Period,train_to_2018__test_from_2019,Ridge,model,M3_Macro_Oil_RegQuality,GNQ,4,19.45559078652982,175.44313194184792,198.6297055366904,26.272771519890483
M2_Macro_Oil_vs_M3_Macro_Oil_RegQuality__primary__Oil_Rent_Intensive_Pre2016_ge15pct,Regulatory_Quality_lag1,primary,Inward_FDI_Net_Flow_asinh,Oil_Rent_Intensive_Pre2016_ge15pct,oil_rent_threshold,15.0,Future_Period,train_to_2018__test_from_2019,Ridge,model,M3_Macro_Oil_RegQuality,IRN,4,31.868192551108073,253.90428789742953,0.286291270065557,1.0258748724802196
M2_Macro_Oil_vs_M3_Macro_Oil_RegQuality__primary__Oil_Rent_Intensive_Pre2016_ge15pct,Regulatory_Quality_lag1,primary,Inward_FDI_Net_Flow_asinh,Oil_Rent_Intensive_Pre2016_ge15pct,oil_rent_threshold,15.0,Future_Period,train_to_2018__test_from_2019,Ridge,model,M3_Macro_Oil_RegQuality,IRQ,4,-34.283675000041896,293.92725107707145,200.6801126694827,28.324732602940145
M2_Macro_Oil_vs_M3_Macro_Oil_RegQuality__primary__Oil_Rent_Intensive_Pre2016_ge15pct,Regulatory_Quality_lag1,primary,Inward_FDI_Net_Flow_asinh,Oil_Rent_Intensive_Pre2016_ge15pct,oil_rent_threshold,15.0,Future_Period,train_to_2018__test_from_2019,Ridge,model,M3_Macro_Oil_RegQuality,KAZ,4,36.839574845757085,339.51635432661567,5.445141081731925,4.083908600692322
M2_Macro_Oil_vs_M3_Macro_Oil_RegQuality__primary__Oil_Rent_Intensive_Pre2016_ge15pct,Regulatory_Quality_lag1,primary,Inward_FDI_Net_Flow_asinh,Oil_Rent_Intensive_Pre2016_ge15pct,oil_rent_threshold,15.0,Future_Period,train_to_2018__test_from_2019,Ridge,model,M3_Macro_Oil_RegQuality,KWT,3,-6.379277581670012,137.08209538682092,251.9161120615678,25.302602142624846
M2_Macro_Oil_vs_M3_Macro_Oil_RegQuality__primary__Oil_Rent_Intensive_Pre2016_ge15pct,Regulatory_Quality_lag1,primary,Inward_FDI_Net_Flow_asinh,Oil_Rent_Intensive_Pre2016_ge15pct,oil_rent_threshold,15.0,Future_Period,train_to_2018__test_from_2019,Ridge,model,M3_Macro_Oil_RegQuality,LBY,1,7.247081091886447,52.52018435237805,3.5732435409990626,1.8903024998658449
M2_Macro_Oil_vs_M3_Macro_Oil_RegQuality__primary__Oil_Rent_Intensive_Pre2016_ge15pct,Regulatory_Quality_lag1,primary,Inward_FDI_Net_Flow_asinh,Oil_Rent_Intensive_Pre2016_ge15pct,oil_rent_threshold,15.0,Future_Period,train_to_2018__test_from_2019,Ridge,model,M3_Macro_Oil_RegQuality,NGA,4,19.781912177263408,255.4141034042202,200.83780915965272,16.85110987970309
M2_Macro_Oil_vs_M3_Macro_Oil_RegQuality__primary__Oil_Rent_Intensive_Pre2016_ge15pct,Regulatory_Quality_lag1,primary,Inward_FDI_Net_Flow_asinh,Oil_Rent_Intensive_Pre2016_ge15pct,oil_rent_threshold,15.0,Future_Period,train_to_2018__test_from_2019,Ridge,model,M3_Macro_Oil_RegQuality,OMN,4,35.838663259203194,323.03268000548894,6.8052497697073635,4.34786570748944
M2_Macro_Oil_vs_M3_Macro_Oil_RegQuality__primary__Oil_Rent_Intensive_Pre2016_ge15pct,Regulatory_Quality_lag1,primary,Inward_FDI_Net_Flow_asinh,Oil_Rent_Intensive_Pre2016_ge15pct,oil_rent_threshold,15.0,Future_Period,train_to_2018__test_from_2019,Ridge,model,M3_Macro_Oil_RegQuality,PNG,4,15.475129250932149,150.14896718705944,149.41072153682643,18.66813483941982
M2_Macro_Oil_vs_M3_Macro_Oil_RegQuality__primary__Oil_Rent_Intensive_Pre2016_ge15pct,Regulatory_Quality_lag1,primary,Inward_FDI_Net_Flow_asinh,Oil_Rent_Intensive_Pre2016_ge15pct,oil_rent_threshold,15.0,Future_Period,train_to_2018__test_from_2019,Ridge,model,M3_Macro_Oil_RegQuality,QAT,4,-19.79046731611646,231.0437307043922,179.82515251720721,26.730863064935704
M2_Macro_Oil_vs_M3_Macro_Oil_RegQuality__primary__Oil_Rent_Intensive_Pre2016_ge15pct,Regulatory_Quality_lag1,primary,Inward_FDI_Net_Flow_asinh,Oil_Rent_Intensive_Pre2016_ge15pct,oil_rent_threshold,15.0,Future_Period,train_to_2018__test_from_2019,Ridge,model,M3_Macro_Oil_RegQuality,RUS,4,20.931986864586634,474.5332220673548,466.7147756459468,25.25795973209595
M2_Macro_Oil_vs_M3_Macro_Oil_RegQuality__primary__Oil_Rent_Intensive_Pre2016_ge15pct,Regulatory_Quality_lag1,primary,Inward_FDI_Net_Flow_asinh,Oil_Rent_Intensive_Pre2016_ge15pct,oil_rent_threshold,15.0,Future_Period,train_to_2018__test_from_2019,Ridge,model,M3_Macro_Oil_RegQuality,SAU,4,38.64117215043295,379.79717947242233,10.644928723131345,4.572757774680824
M2_Macro_Oil_vs_M3_Macro_Oil_RegQuality__primary__Oil_Rent_Intensive_Pre2016_ge15pct,Regulatory_Quality_lag1,primary,Inward_FDI_Net_Flow_asinh,Oil_Rent_Intensive_Pre2016_ge15pct,oil_rent_threshold,15.0,Future_Period,train_to_2018__test_from_2019,Ridge,model,M3_Macro_Oil_RegQuality,SDN,4,28.67449449747067,205.68634629260583,12.594015011940908,4.773786685232309
M2_Macro_Oil_vs_M3_Macro_Oil_RegQuality__primary__Oil_Rent_Intensive_Pre2016_ge15pct,Regulatory_Quality_lag1,primary,Inward_FDI_Net_Flow_asinh,Oil_Rent_Intensive_Pre2016_ge15pct,oil_rent_threshold,15.0,Future_Period,train_to_2018__test_from_2019,Ridge,model,M3_Macro_Oil_RegQuality,TCD,4,28.414487323098513,201.8802449992906,15.976102831246516,7.990795661654182
M2_Macro_Oil_vs_M3_Macro_Oil_RegQuality__primary__Oil_Rent_Intensive_Pre2016_ge15pct,Regulatory_Quality_lag1,primary,Inward_FDI_Net_Flow_asinh,Oil_Rent_Intensive_Pre2016_ge15pct,oil_rent_threshold,15.0,Future_Period,train_to_2018__test_from_2019,Ridge,model,M3_Macro_Oil_RegQuality,TLS,4,-13.80458033995841,136.02347146491616,201.24022887301373,27.01190468606881
M2_Macro_Oil_vs_M3_Macro_Oil_RegQuality__primary__Oil_Rent_Intensive_Pre2016_ge15pct,Regulatory_Quality_lag1,primary,Inward_FDI_Net_Flow_asinh,Oil_Rent_Intensive_Pre2016_ge15pct,oil_rent_threshold,15.0,Future_Period,train_to_2018__test_from_2019,Ridge,model,M3_Macro_Oil_RegQuality,TTO,4,13.78985530800804,210.47915835531091,337.01166730622606,31.64588650796628
