sample_id,signal,target_role,target,universe,validation,split_id,algorithm,r2_base,mae_base,median_ae_base,base_model,added_model,r2_added,mae_added,median_ae_added,delta_r2,delta_mae,delta_median_ae
M1_Macro_vs_M2_Macro_Oil__normalized__All_Eligible,Oil_Rents_GDP_Pct_lag1,normalized,Inward_FDI_Net_Flow_GDP_Pct_asinh,All_Eligible,Country_Holdout_CV,fold_0,ElasticNet,0.4277605526119229,0.5828693914767492,0.3693495288672017,M1_Macro,M2_Macro_Oil,0.4336272254949711,0.5842061296238288,0.3740719060834525,0.005866672883048207,0.0013367381470795747,0.004722377216250795
M1_Macro_vs_M2_Macro_Oil__normalized__All_Eligible,Oil_Rents_GDP_Pct_lag1,normalized,Inward_FDI_Net_Flow_GDP_Pct_asinh,All_Eligible,Country_Holdout_CV,fold_0,RandomForest,0.417868240086036,0.5988046206147472,0.3953896273439412,M1_Macro,M2_Macro_Oil,0.3404515629702233,0.641327474296727,0.3866729233304006,-0.07741667711581274,0.04252285368197983,-0.008716704013540577
M1_Macro_vs_M2_Macro_Oil__normalized__All_Eligible,Oil_Rents_GDP_Pct_lag1,normalized,Inward_FDI_Net_Flow_GDP_Pct_asinh,All_Eligible,Country_Holdout_CV,fold_0,Ridge,0.4292884290219275,0.579723605435341,0.3650313270674796,M1_Macro,M2_Macro_Oil,0.4345743844505942,0.5818487381147894,0.3781072617161547,0.005285955428666722,0.0021251326794484715,0.013075934648675125
M1_Macro_vs_M2_Macro_Oil__normalized__All_Eligible,Oil_Rents_GDP_Pct_lag1,normalized,Inward_FDI_Net_Flow_GDP_Pct_asinh,All_Eligible,Country_Holdout_CV,fold_1,ElasticNet,0.438488162677354,0.5797956340928537,0.4215341960075697,M1_Macro,M2_Macro_Oil,0.4427480921045028,0.5763437405552317,0.4242368827826299,0.0042599294271487564,-0.003451893537621986,0.0027026867750601924
M1_Macro_vs_M2_Macro_Oil__normalized__All_Eligible,Oil_Rents_GDP_Pct_lag1,normalized,Inward_FDI_Net_Flow_GDP_Pct_asinh,All_Eligible,Country_Holdout_CV,fold_1,RandomForest,0.3681975570146568,0.6002802373644401,0.4224479437880243,M1_Macro,M2_Macro_Oil,0.4118768432437422,0.589623903404125,0.4198032952733422,0.0436792862290854,-0.010656333960315179,-0.002644648514682102
M1_Macro_vs_M2_Macro_Oil__normalized__All_Eligible,Oil_Rents_GDP_Pct_lag1,normalized,Inward_FDI_Net_Flow_GDP_Pct_asinh,All_Eligible,Country_Holdout_CV,fold_1,Ridge,0.43820757992984,0.5789852145429941,0.4192165301473411,M1_Macro,M2_Macro_Oil,0.4425336532605869,0.5757027881522204,0.4246532279598106,0.004326073330746916,-0.003282426390773696,0.005436697812469471
M1_Macro_vs_M2_Macro_Oil__normalized__All_Eligible,Oil_Rents_GDP_Pct_lag1,normalized,Inward_FDI_Net_Flow_GDP_Pct_asinh,All_Eligible,Country_Holdout_CV,fold_2,ElasticNet,0.1914948193358695,0.7173580360980761,0.4467814808134006,M1_Macro,M2_Macro_Oil,0.1992838002991745,0.7067299907362673,0.4379330125394551,0.007788980963304992,-0.010628045361808836,-0.008848468273945476
M1_Macro_vs_M2_Macro_Oil__normalized__All_Eligible,Oil_Rents_GDP_Pct_lag1,normalized,Inward_FDI_Net_Flow_GDP_Pct_asinh,All_Eligible,Country_Holdout_CV,fold_2,RandomForest,0.2120057407145616,0.7196885968274414,0.4481024481564829,M1_Macro,M2_Macro_Oil,0.1815024509923073,0.7135910318728644,0.4304189072854039,-0.0305032897222543,-0.006097564954576917,-0.01768354087107904
M1_Macro_vs_M2_Macro_Oil__normalized__All_Eligible,Oil_Rents_GDP_Pct_lag1,normalized,Inward_FDI_Net_Flow_GDP_Pct_asinh,All_Eligible,Country_Holdout_CV,fold_2,Ridge,0.1889738854260114,0.717053365180351,0.4461085401303173,M1_Macro,M2_Macro_Oil,0.1971935886339145,0.7058555242054787,0.4325077383177634,0.008219703207903106,-0.011197840974872308,-0.013600801812553909
M1_Macro_vs_M2_Macro_Oil__normalized__All_Eligible,Oil_Rents_GDP_Pct_lag1,normalized,Inward_FDI_Net_Flow_GDP_Pct_asinh,All_Eligible,Country_Holdout_CV,fold_3,ElasticNet,0.4370622939001132,0.6988805480061889,0.4586289644905168,M1_Macro,M2_Macro_Oil,0.4333277133363262,0.7120947572168825,0.4799126773639902,-0.0037345805637870044,0.013214209210693606,0.02128371287347336
M1_Macro_vs_M2_Macro_Oil__normalized__All_Eligible,Oil_Rents_GDP_Pct_lag1,normalized,Inward_FDI_Net_Flow_GDP_Pct_asinh,All_Eligible,Country_Holdout_CV,fold_3,RandomForest,0.3742888601734611,0.709646103187478,0.4202898102812207,M1_Macro,M2_Macro_Oil,0.395144822660179,0.7191037237638289,0.4447596962155309,0.020855962486717894,0.009457620576350911,0.02446988593431021
M1_Macro_vs_M2_Macro_Oil__normalized__All_Eligible,Oil_Rents_GDP_Pct_lag1,normalized,Inward_FDI_Net_Flow_GDP_Pct_asinh,All_Eligible,Country_Holdout_CV,fold_3,Ridge,0.4381365206017511,0.6960375941570933,0.4529445975885705,M1_Macro,M2_Macro_Oil,0.4338918334070948,0.7101200795461966,0.4773996038738516,-0.004244687194656316,0.014082485389103283,0.024455006285281133
M1_Macro_vs_M2_Macro_Oil__normalized__All_Eligible,Oil_Rents_GDP_Pct_lag1,normalized,Inward_FDI_Net_Flow_GDP_Pct_asinh,All_Eligible,Country_Holdout_CV,fold_4,ElasticNet,0.3780794224872918,0.617258239204581,0.388745930819002,M1_Macro,M2_Macro_Oil,0.3818632023418903,0.6142889252123018,0.3854161855446234,0.00378377985459849,-0.0029693139922791767,-0.0033297452743785705
M1_Macro_vs_M2_Macro_Oil__normalized__All_Eligible,Oil_Rents_GDP_Pct_lag1,normalized,Inward_FDI_Net_Flow_GDP_Pct_asinh,All_Eligible,Country_Holdout_CV,fold_4,RandomForest,0.3898880890930841,0.6127433496821999,0.3803102076685207,M1_Macro,M2_Macro_Oil,0.4111940964147856,0.6063224102627733,0.3826200913710393,0.021306007321701514,-0.006420939419426563,0.0023098837025186114
M1_Macro_vs_M2_Macro_Oil__normalized__All_Eligible,Oil_Rents_GDP_Pct_lag1,normalized,Inward_FDI_Net_Flow_GDP_Pct_asinh,All_Eligible,Country_Holdout_CV,fold_4,Ridge,0.3782510024336365,0.6155487167481803,0.38817467493073,M1_Macro,M2_Macro_Oil,0.3821898013529093,0.6123301428161894,0.3850578469819459,0.00393879891927279,-0.0032185739319909867,-0.0031168279487840955
M1_Macro_vs_M2_Macro_Oil__normalized__All_Eligible,Oil_Rents_GDP_Pct_lag1,normalized,Inward_FDI_Net_Flow_GDP_Pct_asinh,All_Eligible,Future_Period,train_to_2012__test_from_2013,ElasticNet,0.2618476826953628,0.6954084673688371,0.3698432138694651,M1_Macro,M2_Macro_Oil,0.2662929137039237,0.6914273925445205,0.365580723777589,0.004445231008560924,-0.003981074824316644,-0.0042624900918761255
M1_Macro_vs_M2_Macro_Oil__normalized__All_Eligible,Oil_Rents_GDP_Pct_lag1,normalized,Inward_FDI_Net_Flow_GDP_Pct_asinh,All_Eligible,Future_Period,train_to_2012__test_from_2013,RandomForest,0.246290765206222,0.7147405595747293,0.39907759443477,M1_Macro,M2_Macro_Oil,0.2593159674803992,0.6994875824195526,0.3833455831248846,0.013025202274177194,-0.015252977155176706,-0.015732011309885385
M1_Macro_vs_M2_Macro_Oil__normalized__All_Eligible,Oil_Rents_GDP_Pct_lag1,normalized,Inward_FDI_Net_Flow_GDP_Pct_asinh,All_Eligible,Future_Period,train_to_2012__test_from_2013,Ridge,0.2601796044953757,0.6942020300982114,0.3701950696052951,M1_Macro,M2_Macro_Oil,0.2648772402874118,0.6897995771854746,0.3630728315644393,0.004697635792036081,-0.004402452912736776,-0.007122238040855766
M1_Macro_vs_M2_Macro_Oil__normalized__All_Eligible,Oil_Rents_GDP_Pct_lag1,normalized,Inward_FDI_Net_Flow_GDP_Pct_asinh,All_Eligible,Future_Period,train_to_2014__test_from_2015,ElasticNet,0.2189907095310352,0.7236423918256617,0.3796584366849402,M1_Macro,M2_Macro_Oil,0.2239842007974115,0.7202146678719114,0.3727596073889949,0.004993491266376299,-0.00342772395375035,-0.006898829295945319
M1_Macro_vs_M2_Macro_Oil__normalized__All_Eligible,Oil_Rents_GDP_Pct_lag1,normalized,Inward_FDI_Net_Flow_GDP_Pct_asinh,All_Eligible,Future_Period,train_to_2014__test_from_2015,RandomForest,0.2045604136655481,0.7359420715816892,0.3961932713548,M1_Macro,M2_Macro_Oil,0.2159620911764365,0.7224202667667,0.3861711677809236,0.011401677510888386,-0.013521804814989213,-0.010022103573876395
M1_Macro_vs_M2_Macro_Oil__normalized__All_Eligible,Oil_Rents_GDP_Pct_lag1,normalized,Inward_FDI_Net_Flow_GDP_Pct_asinh,All_Eligible,Future_Period,train_to_2014__test_from_2015,Ridge,0.2170901381586529,0.7227058182608461,0.3733771008994694,M1_Macro,M2_Macro_Oil,0.2223219505793755,0.7188300975962095,0.3714338724429796,0.005231812420722598,-0.003875720664636595,-0.0019432284564898095
M1_Macro_vs_M2_Macro_Oil__normalized__All_Eligible,Oil_Rents_GDP_Pct_lag1,normalized,Inward_FDI_Net_Flow_GDP_Pct_asinh,All_Eligible,Future_Period,train_to_2015__test_from_2016,ElasticNet,0.183515644985993,0.7324125865635889,0.3725181925619031,M1_Macro,M2_Macro_Oil,0.189072026075036,0.7290353423975964,0.3711107998892208,0.005556381089043022,-0.003377244165992499,-0.001407392672682306
M1_Macro_vs_M2_Macro_Oil__normalized__All_Eligible,Oil_Rents_GDP_Pct_lag1,normalized,Inward_FDI_Net_Flow_GDP_Pct_asinh,All_Eligible,Future_Period,train_to_2015__test_from_2016,RandomForest,0.1616425732928103,0.7558792862375437,0.3944173600464451,M1_Macro,M2_Macro_Oil,0.1826279514092127,0.7415375954695257,0.3801939793730391,0.020985378116402414,-0.014341690768018056,-0.014223380673406005
M1_Macro_vs_M2_Macro_Oil__normalized__All_Eligible,Oil_Rents_GDP_Pct_lag1,normalized,Inward_FDI_Net_Flow_GDP_Pct_asinh,All_Eligible,Future_Period,train_to_2015__test_from_2016,Ridge,0.181225519324493,0.7313583192892571,0.3694752614539267,M1_Macro,M2_Macro_Oil,0.1870381715012934,0.7275401103154311,0.3669121461808768,0.005812652176800409,-0.0038182089738260094,-0.002563115273049865
M1_Macro_vs_M2_Macro_Oil__normalized__All_Eligible,Oil_Rents_GDP_Pct_lag1,normalized,Inward_FDI_Net_Flow_GDP_Pct_asinh,All_Eligible,Future_Period,train_to_2016__test_from_2017,ElasticNet,0.1811336766033028,0.7460207113539332,0.382065443969503,M1_Macro,M2_Macro_Oil,0.186992858300416,0.7426698897198839,0.3773937973807881,0.005859181697113219,-0.003350821634049317,-0.004671646588714884
M1_Macro_vs_M2_Macro_Oil__normalized__All_Eligible,Oil_Rents_GDP_Pct_lag1,normalized,Inward_FDI_Net_Flow_GDP_Pct_asinh,All_Eligible,Future_Period,train_to_2016__test_from_2017,RandomForest,0.1666112891229848,0.7524446841128577,0.3986616094910172,M1_Macro,M2_Macro_Oil,0.165719339169068,0.7399620736452243,0.3662968637732786,-0.0008919499539168096,-0.012482610467633437,-0.03236474571773862
M1_Macro_vs_M2_Macro_Oil__normalized__All_Eligible,Oil_Rents_GDP_Pct_lag1,normalized,Inward_FDI_Net_Flow_GDP_Pct_asinh,All_Eligible,Future_Period,train_to_2016__test_from_2017,Ridge,0.1790456622054316,0.7448082252383736,0.3792631894833125,M1_Macro,M2_Macro_Oil,0.1851375330287012,0.7410085272013763,0.3765544626294472,0.006091870823269591,-0.003799698036997312,-0.0027087268538653064
M1_Macro_vs_M2_Macro_Oil__normalized__All_Eligible,Oil_Rents_GDP_Pct_lag1,normalized,Inward_FDI_Net_Flow_GDP_Pct_asinh,All_Eligible,Future_Period,train_to_2018__test_from_2019,ElasticNet,0.1259802135073741,0.7771262240910487,0.4075568486032042,M1_Macro,M2_Macro_Oil,0.134690744757797,0.7727717680152523,0.4121834254622264,0.008710531250422898,-0.004354456075796431,0.004626576859022236
M1_Macro_vs_M2_Macro_Oil__normalized__All_Eligible,Oil_Rents_GDP_Pct_lag1,normalized,Inward_FDI_Net_Flow_GDP_Pct_asinh,All_Eligible,Future_Period,train_to_2018__test_from_2019,RandomForest,0.1786244394067843,0.7722827527578886,0.4322859571370423,M1_Macro,M2_Macro_Oil,0.2043592447245765,0.7569677999060573,0.4149280055604835,0.02573480531779221,-0.015314952851831265,-0.01735795157655884
M1_Macro_vs_M2_Macro_Oil__normalized__All_Eligible,Oil_Rents_GDP_Pct_lag1,normalized,Inward_FDI_Net_Flow_GDP_Pct_asinh,All_Eligible,Future_Period,train_to_2018__test_from_2019,Ridge,0.1225921424490701,0.7761147042139922,0.4016166589864376,M1_Macro,M2_Macro_Oil,0.1319120690702305,0.7714219489612787,0.4063594833107907,0.009319926621160407,-0.00469275525271351,0.004742824324353079
M1_Macro_vs_M2_Macro_Oil__normalized__Oil_Rent_Intensive_Pre2016_ge10pct,Oil_Rents_GDP_Pct_lag1,normalized,Inward_FDI_Net_Flow_GDP_Pct_asinh,Oil_Rent_Intensive_Pre2016_ge10pct,Country_Holdout_CV,fold_0,ElasticNet,0.3637928301326973,0.655468786852871,0.4110071239519031,M1_Macro,M2_Macro_Oil,0.3591923819703498,0.6600326533780121,0.4097780894681193,-0.0046004481623475035,0.004563866525141069,-0.0012290344837838085
M1_Macro_vs_M2_Macro_Oil__normalized__Oil_Rent_Intensive_Pre2016_ge10pct,Oil_Rents_GDP_Pct_lag1,normalized,Inward_FDI_Net_Flow_GDP_Pct_asinh,Oil_Rent_Intensive_Pre2016_ge10pct,Country_Holdout_CV,fold_0,RandomForest,0.2999836840298258,0.6888790163904136,0.4588697228289805,M1_Macro,M2_Macro_Oil,0.3441738709135437,0.6705196714999223,0.4213436450265169,0.0441901868837179,-0.01835934489049129,-0.03752607780246359
M1_Macro_vs_M2_Macro_Oil__normalized__Oil_Rent_Intensive_Pre2016_ge10pct,Oil_Rents_GDP_Pct_lag1,normalized,Inward_FDI_Net_Flow_GDP_Pct_asinh,Oil_Rent_Intensive_Pre2016_ge10pct,Country_Holdout_CV,fold_0,Ridge,0.3562413676707026,0.6605493969619054,0.4075230264985203,M1_Macro,M2_Macro_Oil,0.3508317243945442,0.6650098025242146,0.41923178306623,-0.0054096432761583935,0.0044604055623092,0.0117087565677097
M1_Macro_vs_M2_Macro_Oil__normalized__Oil_Rent_Intensive_Pre2016_ge10pct,Oil_Rents_GDP_Pct_lag1,normalized,Inward_FDI_Net_Flow_GDP_Pct_asinh,Oil_Rent_Intensive_Pre2016_ge10pct,Country_Holdout_CV,fold_1,ElasticNet,0.4738384849349176,0.6461341707736643,0.4888283466585019,M1_Macro,M2_Macro_Oil,0.4595459616851332,0.6606841677155718,0.5362329536541726,-0.014292523249784417,0.014549996941907506,0.04740460699567067
M1_Macro_vs_M2_Macro_Oil__normalized__Oil_Rent_Intensive_Pre2016_ge10pct,Oil_Rents_GDP_Pct_lag1,normalized,Inward_FDI_Net_Flow_GDP_Pct_asinh,Oil_Rent_Intensive_Pre2016_ge10pct,Country_Holdout_CV,fold_1,RandomForest,0.3143639427224078,0.7426121118469607,0.5354738913836996,M1_Macro,M2_Macro_Oil,0.3450446427773898,0.7277556776487771,0.5116827568929038,0.03068070005498197,-0.01485643419818361,-0.02379113449079584
M1_Macro_vs_M2_Macro_Oil__normalized__Oil_Rent_Intensive_Pre2016_ge10pct,Oil_Rents_GDP_Pct_lag1,normalized,Inward_FDI_Net_Flow_GDP_Pct_asinh,Oil_Rent_Intensive_Pre2016_ge10pct,Country_Holdout_CV,fold_1,Ridge,0.4749429314605646,0.6446274244952718,0.481690682808281,M1_Macro,M2_Macro_Oil,0.4592238205801,0.6609028584112167,0.5412985265071657,-0.015719110880464626,0.01627543391594488,0.05960784369888472
M1_Macro_vs_M2_Macro_Oil__normalized__Oil_Rent_Intensive_Pre2016_ge10pct,Oil_Rents_GDP_Pct_lag1,normalized,Inward_FDI_Net_Flow_GDP_Pct_asinh,Oil_Rent_Intensive_Pre2016_ge10pct,Country_Holdout_CV,fold_2,ElasticNet,0.2209303706272222,0.8881348433003556,0.5945434623083661,M1_Macro,M2_Macro_Oil,0.2282351269018276,0.8674766581128782,0.5532876560291886,0.0073047562746053896,-0.020658185187477418,-0.041255806279177465
M1_Macro_vs_M2_Macro_Oil__normalized__Oil_Rent_Intensive_Pre2016_ge10pct,Oil_Rents_GDP_Pct_lag1,normalized,Inward_FDI_Net_Flow_GDP_Pct_asinh,Oil_Rent_Intensive_Pre2016_ge10pct,Country_Holdout_CV,fold_2,RandomForest,0.1582429518823974,0.9328934942529816,0.7165199556258923,M1_Macro,M2_Macro_Oil,0.2490131995215606,0.8481003823423338,0.5583916358184083,0.09077024763916319,-0.08479311191064787,-0.15812831980748399
M1_Macro_vs_M2_Macro_Oil__normalized__Oil_Rent_Intensive_Pre2016_ge10pct,Oil_Rents_GDP_Pct_lag1,normalized,Inward_FDI_Net_Flow_GDP_Pct_asinh,Oil_Rent_Intensive_Pre2016_ge10pct,Country_Holdout_CV,fold_2,Ridge,0.219830401857855,0.8856556657551021,0.5933676058427718,M1_Macro,M2_Macro_Oil,0.2280671428385219,0.8615252525531735,0.5518119321040715,0.008236740980666901,-0.024130413201928658,-0.04155567373870028
M1_Macro_vs_M2_Macro_Oil__normalized__Oil_Rent_Intensive_Pre2016_ge10pct,Oil_Rents_GDP_Pct_lag1,normalized,Inward_FDI_Net_Flow_GDP_Pct_asinh,Oil_Rent_Intensive_Pre2016_ge10pct,Country_Holdout_CV,fold_3,ElasticNet,0.3456088595288417,1.0347975413600796,0.682973626206397,M1_Macro,M2_Macro_Oil,0.3465414910652088,1.036404671181126,0.6731801095516579,0.0009326315363671345,0.0016071298210462714,-0.009793516654739154
M1_Macro_vs_M2_Macro_Oil__normalized__Oil_Rent_Intensive_Pre2016_ge10pct,Oil_Rents_GDP_Pct_lag1,normalized,Inward_FDI_Net_Flow_GDP_Pct_asinh,Oil_Rent_Intensive_Pre2016_ge10pct,Country_Holdout_CV,fold_3,RandomForest,0.2733739432342235,1.159535974645128,0.855103327450521,M1_Macro,M2_Macro_Oil,0.3001180041122432,1.1319939253716589,0.8849960940072837,0.026744060878019726,-0.027542049273469038,0.029892766556762762
M1_Macro_vs_M2_Macro_Oil__normalized__Oil_Rent_Intensive_Pre2016_ge10pct,Oil_Rents_GDP_Pct_lag1,normalized,Inward_FDI_Net_Flow_GDP_Pct_asinh,Oil_Rent_Intensive_Pre2016_ge10pct,Country_Holdout_CV,fold_3,Ridge,0.3425140697206729,1.0371696250875602,0.6748462764288086,M1_Macro,M2_Macro_Oil,0.3432422843367306,1.038689987740497,0.6720259590771067,0.0007282146160577097,0.0015203626529367575,-0.002820317351701851
M1_Macro_vs_M2_Macro_Oil__normalized__Oil_Rent_Intensive_Pre2016_ge10pct,Oil_Rents_GDP_Pct_lag1,normalized,Inward_FDI_Net_Flow_GDP_Pct_asinh,Oil_Rent_Intensive_Pre2016_ge10pct,Country_Holdout_CV,fold_4,ElasticNet,0.3542982446385353,0.7368245036046516,0.5535188817579594,M1_Macro,M2_Macro_Oil,0.3603611812438226,0.7295056033113198,0.5314630136452322,0.0060629366052872835,-0.00731890029333182,-0.022055868112727195
M1_Macro_vs_M2_Macro_Oil__normalized__Oil_Rent_Intensive_Pre2016_ge10pct,Oil_Rents_GDP_Pct_lag1,normalized,Inward_FDI_Net_Flow_GDP_Pct_asinh,Oil_Rent_Intensive_Pre2016_ge10pct,Country_Holdout_CV,fold_4,RandomForest,0.310651850765808,0.8002272678887655,0.6263419753236681,M1_Macro,M2_Macro_Oil,0.3053282100974935,0.7946819028285301,0.6209377687772394,-0.005323640668314478,-0.0055453650602353965,-0.005404206546428703
M1_Macro_vs_M2_Macro_Oil__normalized__Oil_Rent_Intensive_Pre2016_ge10pct,Oil_Rents_GDP_Pct_lag1,normalized,Inward_FDI_Net_Flow_GDP_Pct_asinh,Oil_Rent_Intensive_Pre2016_ge10pct,Country_Holdout_CV,fold_4,Ridge,0.3534652892061318,0.7389043316545683,0.5389410993653216,M1_Macro,M2_Macro_Oil,0.3616832822853333,0.7271145290147246,0.5298980773797596,0.008217993079201513,-0.011789802639843638,-0.00904302198556206
M1_Macro_vs_M2_Macro_Oil__normalized__Oil_Rent_Intensive_Pre2016_ge10pct,Oil_Rents_GDP_Pct_lag1,normalized,Inward_FDI_Net_Flow_GDP_Pct_asinh,Oil_Rent_Intensive_Pre2016_ge10pct,Future_Period,train_to_2012__test_from_2013,ElasticNet,0.2302501403598424,0.8813959702571688,0.5066315173110929,M1_Macro,M2_Macro_Oil,0.2317893704618201,0.8791329423360571,0.4946940408203741,0.0015392301019777066,-0.00226302792111166,-0.011937476490718801
M1_Macro_vs_M2_Macro_Oil__normalized__Oil_Rent_Intensive_Pre2016_ge10pct,Oil_Rents_GDP_Pct_lag1,normalized,Inward_FDI_Net_Flow_GDP_Pct_asinh,Oil_Rent_Intensive_Pre2016_ge10pct,Future_Period,train_to_2012__test_from_2013,RandomForest,0.176978214516308,0.9472188322155358,0.5794205868999722,M1_Macro,M2_Macro_Oil,0.1891619860773034,0.91547526472297,0.493188821475651,0.012183771560995399,-0.031743567492565794,-0.0862317654243212
M1_Macro_vs_M2_Macro_Oil__normalized__Oil_Rent_Intensive_Pre2016_ge10pct,Oil_Rents_GDP_Pct_lag1,normalized,Inward_FDI_Net_Flow_GDP_Pct_asinh,Oil_Rent_Intensive_Pre2016_ge10pct,Future_Period,train_to_2012__test_from_2013,Ridge,0.2295816719393121,0.8790965158053226,0.4894140828007713,M1_Macro,M2_Macro_Oil,0.2313374944935057,0.8763686375576392,0.4844852933092951,0.0017558225541936257,-0.0027278782476833907,-0.004928789491476238
M1_Macro_vs_M2_Macro_Oil__normalized__Oil_Rent_Intensive_Pre2016_ge10pct,Oil_Rents_GDP_Pct_lag1,normalized,Inward_FDI_Net_Flow_GDP_Pct_asinh,Oil_Rent_Intensive_Pre2016_ge10pct,Future_Period,train_to_2014__test_from_2015,ElasticNet,0.2324855424705789,0.9176572808603148,0.5806932339053918,M1_Macro,M2_Macro_Oil,0.2347647210706795,0.9147069919058576,0.5607899034227446,0.002279178600100601,-0.0029502889544572586,-0.019903330482647252
M1_Macro_vs_M2_Macro_Oil__normalized__Oil_Rent_Intensive_Pre2016_ge10pct,Oil_Rents_GDP_Pct_lag1,normalized,Inward_FDI_Net_Flow_GDP_Pct_asinh,Oil_Rent_Intensive_Pre2016_ge10pct,Future_Period,train_to_2014__test_from_2015,RandomForest,0.1848960231837065,0.968528161468791,0.5838140862578335,M1_Macro,M2_Macro_Oil,0.1942406078361428,0.959842893493544,0.6111946862280071,0.009344584652436316,-0.008685267975246935,0.027380599970173614
M1_Macro_vs_M2_Macro_Oil__normalized__Oil_Rent_Intensive_Pre2016_ge10pct,Oil_Rents_GDP_Pct_lag1,normalized,Inward_FDI_Net_Flow_GDP_Pct_asinh,Oil_Rent_Intensive_Pre2016_ge10pct,Future_Period,train_to_2014__test_from_2015,Ridge,0.2306807116678627,0.9165581904284033,0.5807066655464055,M1_Macro,M2_Macro_Oil,0.2332355286748456,0.9135041127993964,0.5623450838748281,0.0025548170069829013,-0.0030540776290068905,-0.01836158167157742
M1_Macro_vs_M2_Macro_Oil__normalized__Oil_Rent_Intensive_Pre2016_ge10pct,Oil_Rents_GDP_Pct_lag1,normalized,Inward_FDI_Net_Flow_GDP_Pct_asinh,Oil_Rent_Intensive_Pre2016_ge10pct,Future_Period,train_to_2015__test_from_2016,ElasticNet,0.2352191501981608,0.9263875019907546,0.5876530589612943,M1_Macro,M2_Macro_Oil,0.237756580455876,0.9232644899272956,0.5753343061994634,0.0025374302577151897,-0.0031230120634589964,-0.01231875276183092
M1_Macro_vs_M2_Macro_Oil__normalized__Oil_Rent_Intensive_Pre2016_ge10pct,Oil_Rents_GDP_Pct_lag1,normalized,Inward_FDI_Net_Flow_GDP_Pct_asinh,Oil_Rent_Intensive_Pre2016_ge10pct,Future_Period,train_to_2015__test_from_2016,RandomForest,0.1692894358996045,0.9653980157101624,0.5872041986423482,M1_Macro,M2_Macro_Oil,0.1950971406457147,0.9603589702393944,0.6172339092608548,0.025807704746110216,-0.005039045470767944,0.030029710618506567
M1_Macro_vs_M2_Macro_Oil__normalized__Oil_Rent_Intensive_Pre2016_ge10pct,Oil_Rents_GDP_Pct_lag1,normalized,Inward_FDI_Net_Flow_GDP_Pct_asinh,Oil_Rent_Intensive_Pre2016_ge10pct,Future_Period,train_to_2015__test_from_2016,Ridge,0.2341395828135108,0.9249357321803644,0.5885046737864515,M1_Macro,M2_Macro_Oil,0.2370917555122663,0.9211863772748816,0.5651415663763475,0.002952172698755501,-0.0037493549054827824,-0.023363107410104056
M1_Macro_vs_M2_Macro_Oil__normalized__Oil_Rent_Intensive_Pre2016_ge10pct,Oil_Rents_GDP_Pct_lag1,normalized,Inward_FDI_Net_Flow_GDP_Pct_asinh,Oil_Rent_Intensive_Pre2016_ge10pct,Future_Period,train_to_2016__test_from_2017,ElasticNet,0.2631604361674997,0.9141139307840852,0.559433885420964,M1_Macro,M2_Macro_Oil,0.2664534816526094,0.9107452614719016,0.5457019721001681,0.0032930454851097246,-0.003368669312183603,-0.013731913320795819
M1_Macro_vs_M2_Macro_Oil__normalized__Oil_Rent_Intensive_Pre2016_ge10pct,Oil_Rents_GDP_Pct_lag1,normalized,Inward_FDI_Net_Flow_GDP_Pct_asinh,Oil_Rent_Intensive_Pre2016_ge10pct,Future_Period,train_to_2016__test_from_2017,RandomForest,0.2636317808555302,0.9506272700642182,0.5940219513116387,M1_Macro,M2_Macro_Oil,0.2492212132370665,0.9540410568241496,0.6285940860607807,-0.014410567618463682,0.0034137867599314253,0.034572134749142
M1_Macro_vs_M2_Macro_Oil__normalized__Oil_Rent_Intensive_Pre2016_ge10pct,Oil_Rents_GDP_Pct_lag1,normalized,Inward_FDI_Net_Flow_GDP_Pct_asinh,Oil_Rent_Intensive_Pre2016_ge10pct,Future_Period,train_to_2016__test_from_2017,Ridge,0.26123303070445,0.9135220505491768,0.5484235672432344,M1_Macro,M2_Macro_Oil,0.2648518076420428,0.9093886573366496,0.5562700154623945,0.003618776937592827,-0.004133393212527148,0.00784644821916014
M1_Macro_vs_M2_Macro_Oil__normalized__Oil_Rent_Intensive_Pre2016_ge10pct,Oil_Rents_GDP_Pct_lag1,normalized,Inward_FDI_Net_Flow_GDP_Pct_asinh,Oil_Rent_Intensive_Pre2016_ge10pct,Future_Period,train_to_2018__test_from_2019,ElasticNet,0.1761685034089116,0.9644711406188282,0.5828033252591835,M1_Macro,M2_Macro_Oil,0.1811766501927203,0.9602235538941484,0.5699226995805404,0.0050081467838087035,-0.0042475867246798416,-0.01288062567864312
M1_Macro_vs_M2_Macro_Oil__normalized__Oil_Rent_Intensive_Pre2016_ge10pct,Oil_Rents_GDP_Pct_lag1,normalized,Inward_FDI_Net_Flow_GDP_Pct_asinh,Oil_Rent_Intensive_Pre2016_ge10pct,Future_Period,train_to_2018__test_from_2019,RandomForest,0.1948715335899119,1.0049177695703682,0.6203403551256974,M1_Macro,M2_Macro_Oil,0.1790245797602982,0.9935933310256506,0.5999227395926605,-0.015846953829613708,-0.011324438544717541,-0.020417615533036892
M1_Macro_vs_M2_Macro_Oil__normalized__Oil_Rent_Intensive_Pre2016_ge10pct,Oil_Rents_GDP_Pct_lag1,normalized,Inward_FDI_Net_Flow_GDP_Pct_asinh,Oil_Rent_Intensive_Pre2016_ge10pct,Future_Period,train_to_2018__test_from_2019,Ridge,0.1719806703944031,0.9658491831686524,0.5883355426905147,M1_Macro,M2_Macro_Oil,0.1774387253471877,0.9610740608289854,0.5600491097061839,0.005458054952784591,-0.004775122339667037,-0.028286432984330756
M1_Macro_vs_M2_Macro_Oil__normalized__Oil_Rent_Intensive_Pre2016_ge15pct,Oil_Rents_GDP_Pct_lag1,normalized,Inward_FDI_Net_Flow_GDP_Pct_asinh,Oil_Rent_Intensive_Pre2016_ge15pct,Country_Holdout_CV,fold_0,ElasticNet,0.3817131005460672,0.6459143351093833,0.4407090680672652,M1_Macro,M2_Macro_Oil,0.3837590337221694,0.6451696075717277,0.4263533464883218,0.002045933176102188,-0.0007447275376556428,-0.014355721578943381
M1_Macro_vs_M2_Macro_Oil__normalized__Oil_Rent_Intensive_Pre2016_ge15pct,Oil_Rents_GDP_Pct_lag1,normalized,Inward_FDI_Net_Flow_GDP_Pct_asinh,Oil_Rent_Intensive_Pre2016_ge15pct,Country_Holdout_CV,fold_0,RandomForest,0.312181255661892,0.679230098127626,0.4787483966001682,M1_Macro,M2_Macro_Oil,0.3341045941580329,0.6778209654881935,0.4314195569453547,0.02192333849614092,-0.001409132639432542,-0.04732883965481349
M1_Macro_vs_M2_Macro_Oil__normalized__Oil_Rent_Intensive_Pre2016_ge15pct,Oil_Rents_GDP_Pct_lag1,normalized,Inward_FDI_Net_Flow_GDP_Pct_asinh,Oil_Rent_Intensive_Pre2016_ge15pct,Country_Holdout_CV,fold_0,Ridge,0.3772023798757976,0.6525463576587032,0.4491856197881734,M1_Macro,M2_Macro_Oil,0.3788135247352107,0.6509383501100596,0.4259614519524843,0.001611144859413105,-0.001608007548643542,-0.02322416783568909
M1_Macro_vs_M2_Macro_Oil__normalized__Oil_Rent_Intensive_Pre2016_ge15pct,Oil_Rents_GDP_Pct_lag1,normalized,Inward_FDI_Net_Flow_GDP_Pct_asinh,Oil_Rent_Intensive_Pre2016_ge15pct,Country_Holdout_CV,fold_1,ElasticNet,0.478098800441615,0.6339933154955271,0.4747878501232659,M1_Macro,M2_Macro_Oil,0.4609875779727738,0.652480835234273,0.5133740219491748,-0.017111222468841225,0.01848751973874596,0.0385861718259089
M1_Macro_vs_M2_Macro_Oil__normalized__Oil_Rent_Intensive_Pre2016_ge15pct,Oil_Rents_GDP_Pct_lag1,normalized,Inward_FDI_Net_Flow_GDP_Pct_asinh,Oil_Rent_Intensive_Pre2016_ge15pct,Country_Holdout_CV,fold_1,RandomForest,0.396568300582333,0.6817053983610203,0.4992932210044483,M1_Macro,M2_Macro_Oil,0.3230006510594647,0.7333668598935876,0.5271136832376012,-0.07356764952286832,0.05166146153256734,0.02782046223315293
M1_Macro_vs_M2_Macro_Oil__normalized__Oil_Rent_Intensive_Pre2016_ge15pct,Oil_Rents_GDP_Pct_lag1,normalized,Inward_FDI_Net_Flow_GDP_Pct_asinh,Oil_Rent_Intensive_Pre2016_ge15pct,Country_Holdout_CV,fold_1,Ridge,0.4798917503180013,0.6295726893329933,0.4769384379364164,M1_Macro,M2_Macro_Oil,0.4610635506517945,0.6509218755470556,0.5134116715425182,-0.018828199666206802,0.021349186214062343,0.03647323360610183
M1_Macro_vs_M2_Macro_Oil__normalized__Oil_Rent_Intensive_Pre2016_ge15pct,Oil_Rents_GDP_Pct_lag1,normalized,Inward_FDI_Net_Flow_GDP_Pct_asinh,Oil_Rent_Intensive_Pre2016_ge15pct,Country_Holdout_CV,fold_2,ElasticNet,0.1487964992587807,0.8824247137490383,0.5255728394689332,M1_Macro,M2_Macro_Oil,0.1470663865734598,0.8629956842794749,0.5223912430657803,-0.0017301126853208892,-0.019429029469563375,-0.003181596403152853
M1_Macro_vs_M2_Macro_Oil__normalized__Oil_Rent_Intensive_Pre2016_ge15pct,Oil_Rents_GDP_Pct_lag1,normalized,Inward_FDI_Net_Flow_GDP_Pct_asinh,Oil_Rent_Intensive_Pre2016_ge15pct,Country_Holdout_CV,fold_2,RandomForest,0.1008476939478152,0.8728697141609923,0.5805758251322044,M1_Macro,M2_Macro_Oil,0.1354043985805169,0.8645701205618769,0.5537308926129935,0.03455670463270169,-0.008299593599115473,-0.02684493251921094
M1_Macro_vs_M2_Macro_Oil__normalized__Oil_Rent_Intensive_Pre2016_ge15pct,Oil_Rents_GDP_Pct_lag1,normalized,Inward_FDI_Net_Flow_GDP_Pct_asinh,Oil_Rent_Intensive_Pre2016_ge15pct,Country_Holdout_CV,fold_2,Ridge,0.148376872342403,0.8795594547615272,0.5187918211660567,M1_Macro,M2_Macro_Oil,0.1459055081795131,0.8597210237541277,0.5161910569304217,-0.0024713641628898997,-0.01983843100739946,-0.0026007642356350447
M1_Macro_vs_M2_Macro_Oil__normalized__Oil_Rent_Intensive_Pre2016_ge15pct,Oil_Rents_GDP_Pct_lag1,normalized,Inward_FDI_Net_Flow_GDP_Pct_asinh,Oil_Rent_Intensive_Pre2016_ge15pct,Country_Holdout_CV,fold_3,ElasticNet,0.2406690722909688,0.9934802181182796,0.6579845385226719,M1_Macro,M2_Macro_Oil,0.2417797217961872,0.9924038879601674,0.6598625666996398,0.001110649505218414,-0.0010763301581121487,0.0018780281769679164
M1_Macro_vs_M2_Macro_Oil__normalized__Oil_Rent_Intensive_Pre2016_ge15pct,Oil_Rents_GDP_Pct_lag1,normalized,Inward_FDI_Net_Flow_GDP_Pct_asinh,Oil_Rent_Intensive_Pre2016_ge15pct,Country_Holdout_CV,fold_3,RandomForest,0.1766207253896088,1.1292519196670252,0.9035620365162356,M1_Macro,M2_Macro_Oil,0.2284448585109981,1.072856399510263,0.8121261602013157,0.05182413312138931,-0.0563955201567623,-0.0914358763149199
M1_Macro_vs_M2_Macro_Oil__normalized__Oil_Rent_Intensive_Pre2016_ge15pct,Oil_Rents_GDP_Pct_lag1,normalized,Inward_FDI_Net_Flow_GDP_Pct_asinh,Oil_Rent_Intensive_Pre2016_ge15pct,Country_Holdout_CV,fold_3,Ridge,0.2379057523205867,0.99639381390344,0.6578985806228216,M1_Macro,M2_Macro_Oil,0.2390990405638942,0.9952228450736454,0.6572513416865235,0.0011932882433074998,-0.0011709688297945053,-0.0006472389362980335
M1_Macro_vs_M2_Macro_Oil__normalized__Oil_Rent_Intensive_Pre2016_ge15pct,Oil_Rents_GDP_Pct_lag1,normalized,Inward_FDI_Net_Flow_GDP_Pct_asinh,Oil_Rent_Intensive_Pre2016_ge15pct,Country_Holdout_CV,fold_4,ElasticNet,0.4911615432534008,0.6763353988247635,0.5198272877977136,M1_Macro,M2_Macro_Oil,0.4953106145305337,0.6713710176130897,0.4984726685959497,0.004149071277132932,-0.004964381211673752,-0.021354619201763902
M1_Macro_vs_M2_Macro_Oil__normalized__Oil_Rent_Intensive_Pre2016_ge15pct,Oil_Rents_GDP_Pct_lag1,normalized,Inward_FDI_Net_Flow_GDP_Pct_asinh,Oil_Rent_Intensive_Pre2016_ge15pct,Country_Holdout_CV,fold_4,RandomForest,0.4272603029398049,0.7628526515150548,0.6040697260387609,M1_Macro,M2_Macro_Oil,0.4345510782524014,0.7254716084044597,0.5195124692117373,0.007290775312596531,-0.03738104311059509,-0.08455725682702353
M1_Macro_vs_M2_Macro_Oil__normalized__Oil_Rent_Intensive_Pre2016_ge15pct,Oil_Rents_GDP_Pct_lag1,normalized,Inward_FDI_Net_Flow_GDP_Pct_asinh,Oil_Rent_Intensive_Pre2016_ge15pct,Country_Holdout_CV,fold_4,Ridge,0.4929304840987062,0.6741823850898141,0.4991994911683374,M1_Macro,M2_Macro_Oil,0.4975117448703081,0.6688123935178164,0.4879803569886833,0.004581260771601869,-0.00536999157199769,-0.011219134179654089
M1_Macro_vs_M2_Macro_Oil__normalized__Oil_Rent_Intensive_Pre2016_ge15pct,Oil_Rents_GDP_Pct_lag1,normalized,Inward_FDI_Net_Flow_GDP_Pct_asinh,Oil_Rent_Intensive_Pre2016_ge15pct,Future_Period,train_to_2012__test_from_2013,ElasticNet,0.3073918016038913,0.8390611765548224,0.4860892219224861,M1_Macro,M2_Macro_Oil,0.3084123842979713,0.8374681787007019,0.4797606498928822,0.0010205826940800078,-0.0015929978541204814,-0.006328572029603907
M1_Macro_vs_M2_Macro_Oil__normalized__Oil_Rent_Intensive_Pre2016_ge15pct,Oil_Rents_GDP_Pct_lag1,normalized,Inward_FDI_Net_Flow_GDP_Pct_asinh,Oil_Rent_Intensive_Pre2016_ge15pct,Future_Period,train_to_2012__test_from_2013,RandomForest,0.1984958350424774,0.9192111508693744,0.5593375062787402,M1_Macro,M2_Macro_Oil,0.2236053270506852,0.9111757954672992,0.5289396705424287,0.025109492008207807,-0.008035355402075228,-0.030397835736311496
M1_Macro_vs_M2_Macro_Oil__normalized__Oil_Rent_Intensive_Pre2016_ge15pct,Oil_Rents_GDP_Pct_lag1,normalized,Inward_FDI_Net_Flow_GDP_Pct_asinh,Oil_Rent_Intensive_Pre2016_ge15pct,Future_Period,train_to_2012__test_from_2013,Ridge,0.3063130872911584,0.8383964034809847,0.4791496152157035,M1_Macro,M2_Macro_Oil,0.3075208348424083,0.8362797418944333,0.4671237291045834,0.0012077475512498603,-0.002116661586551327,-0.012025886111120099
M1_Macro_vs_M2_Macro_Oil__normalized__Oil_Rent_Intensive_Pre2016_ge15pct,Oil_Rents_GDP_Pct_lag1,normalized,Inward_FDI_Net_Flow_GDP_Pct_asinh,Oil_Rent_Intensive_Pre2016_ge15pct,Future_Period,train_to_2014__test_from_2015,ElasticNet,0.3117038371973047,0.8771592876881535,0.5358316379505612,M1_Macro,M2_Macro_Oil,0.3130889683094224,0.8745193614831144,0.5149718208168647,0.001385131112117688,-0.002639926205039167,-0.020859817133696557
M1_Macro_vs_M2_Macro_Oil__normalized__Oil_Rent_Intensive_Pre2016_ge15pct,Oil_Rents_GDP_Pct_lag1,normalized,Inward_FDI_Net_Flow_GDP_Pct_asinh,Oil_Rent_Intensive_Pre2016_ge15pct,Future_Period,train_to_2014__test_from_2015,RandomForest,0.1820495283162444,0.9650739859505584,0.6233345927467642,M1_Macro,M2_Macro_Oil,0.2215035431699435,0.928689050186796,0.5714860438985413,0.03945401485369909,-0.03638493576376234,-0.051848548848222875
M1_Macro_vs_M2_Macro_Oil__normalized__Oil_Rent_Intensive_Pre2016_ge15pct,Oil_Rents_GDP_Pct_lag1,normalized,Inward_FDI_Net_Flow_GDP_Pct_asinh,Oil_Rent_Intensive_Pre2016_ge15pct,Future_Period,train_to_2014__test_from_2015,Ridge,0.3098146570848122,0.8776186695154926,0.5389386269182055,M1_Macro,M2_Macro_Oil,0.3114420467757307,0.874563957691809,0.5154922207785029,0.0016273896909184682,-0.0030547118236836646,-0.023446406139702614
M1_Macro_vs_M2_Macro_Oil__normalized__Oil_Rent_Intensive_Pre2016_ge15pct,Oil_Rents_GDP_Pct_lag1,normalized,Inward_FDI_Net_Flow_GDP_Pct_asinh,Oil_Rent_Intensive_Pre2016_ge15pct,Future_Period,train_to_2015__test_from_2016,ElasticNet,0.3241718176082396,0.8744519447532019,0.5380937564054624,M1_Macro,M2_Macro_Oil,0.3254647805440575,0.8712010843186089,0.5099561495583722,0.0012929629358178762,-0.003250860434592995,-0.028137606847090213
M1_Macro_vs_M2_Macro_Oil__normalized__Oil_Rent_Intensive_Pre2016_ge15pct,Oil_Rents_GDP_Pct_lag1,normalized,Inward_FDI_Net_Flow_GDP_Pct_asinh,Oil_Rent_Intensive_Pre2016_ge15pct,Future_Period,train_to_2015__test_from_2016,RandomForest,0.1837936708739066,0.935521207408918,0.6177281336673737,M1_Macro,M2_Macro_Oil,0.2053939620015153,0.928548590106066,0.5606329185589999,0.021600291127608695,-0.0069726173028519245,-0.05709521510837379
M1_Macro_vs_M2_Macro_Oil__normalized__Oil_Rent_Intensive_Pre2016_ge15pct,Oil_Rents_GDP_Pct_lag1,normalized,Inward_FDI_Net_Flow_GDP_Pct_asinh,Oil_Rent_Intensive_Pre2016_ge15pct,Future_Period,train_to_2015__test_from_2016,Ridge,0.3229748312633449,0.874681948878117,0.5142354719575293,M1_Macro,M2_Macro_Oil,0.324531291317265,0.8710329770763479,0.5188891573591696,0.0015564600539200724,-0.003648971801769152,0.004653685401640351
M1_Macro_vs_M2_Macro_Oil__normalized__Oil_Rent_Intensive_Pre2016_ge15pct,Oil_Rents_GDP_Pct_lag1,normalized,Inward_FDI_Net_Flow_GDP_Pct_asinh,Oil_Rent_Intensive_Pre2016_ge15pct,Future_Period,train_to_2016__test_from_2017,ElasticNet,0.3567945528357839,0.860767344401429,0.529706397047988,M1_Macro,M2_Macro_Oil,0.3578978139342814,0.8585066980936797,0.5138214155293883,0.00110326109849751,-0.002260646307749248,-0.01588498151859974
M1_Macro_vs_M2_Macro_Oil__normalized__Oil_Rent_Intensive_Pre2016_ge15pct,Oil_Rents_GDP_Pct_lag1,normalized,Inward_FDI_Net_Flow_GDP_Pct_asinh,Oil_Rent_Intensive_Pre2016_ge15pct,Future_Period,train_to_2016__test_from_2017,RandomForest,0.2575668330331375,0.9385695395609192,0.5926096263764998,M1_Macro,M2_Macro_Oil,0.2304216879272824,0.9436805124268384,0.6225173738386698,-0.027145145105855084,0.005110972865919217,0.029907747462169954
M1_Macro_vs_M2_Macro_Oil__normalized__Oil_Rent_Intensive_Pre2016_ge15pct,Oil_Rents_GDP_Pct_lag1,normalized,Inward_FDI_Net_Flow_GDP_Pct_asinh,Oil_Rent_Intensive_Pre2016_ge15pct,Future_Period,train_to_2016__test_from_2017,Ridge,0.3557428336573831,0.8606878798992047,0.5404109558908603,M1_Macro,M2_Macro_Oil,0.3570653245229999,0.8577670414631895,0.5251692837137476,0.00132249086561681,-0.002920838436015205,-0.015241672177112697
M1_Macro_vs_M2_Macro_Oil__normalized__Oil_Rent_Intensive_Pre2016_ge15pct,Oil_Rents_GDP_Pct_lag1,normalized,Inward_FDI_Net_Flow_GDP_Pct_asinh,Oil_Rent_Intensive_Pre2016_ge15pct,Future_Period,train_to_2018__test_from_2019,ElasticNet,0.2922897210598506,0.8810290068578484,0.5448758473943909,M1_Macro,M2_Macro_Oil,0.2951445632120318,0.8777342014483152,0.5307758618671097,0.0028548421521811806,-0.003294805409533197,-0.0140999855272812
M1_Macro_vs_M2_Macro_Oil__normalized__Oil_Rent_Intensive_Pre2016_ge15pct,Oil_Rents_GDP_Pct_lag1,normalized,Inward_FDI_Net_Flow_GDP_Pct_asinh,Oil_Rent_Intensive_Pre2016_ge15pct,Future_Period,train_to_2018__test_from_2019,RandomForest,0.180007150518585,0.9672415517739814,0.6403402532104824,M1_Macro,M2_Macro_Oil,0.1932934216446831,0.9704116629713327,0.5666959771663362,0.013286271126098093,0.003170111197351333,-0.07364427604414614
M1_Macro_vs_M2_Macro_Oil__normalized__Oil_Rent_Intensive_Pre2016_ge15pct,Oil_Rents_GDP_Pct_lag1,normalized,Inward_FDI_Net_Flow_GDP_Pct_asinh,Oil_Rent_Intensive_Pre2016_ge15pct,Future_Period,train_to_2018__test_from_2019,Ridge,0.2886871760997338,0.8834123194109281,0.5553804605520425,M1_Macro,M2_Macro_Oil,0.2917616615189137,0.8804125605157646,0.5403158242191607,0.003074485419179873,-0.0029997588951635734,-0.015064636332881798
M1_Macro_vs_M2_Macro_Oil__normalized__Oil_Rent_Intensive_Pre2016_ge1pct,Oil_Rents_GDP_Pct_lag1,normalized,Inward_FDI_Net_Flow_GDP_Pct_asinh,Oil_Rent_Intensive_Pre2016_ge1pct,Country_Holdout_CV,fold_0,ElasticNet,0.4415115955753169,0.5644445621402242,0.3366049771407148,M1_Macro,M2_Macro_Oil,0.4504369827150053,0.566425025109917,0.3455104481918898,0.008925387139688434,0.0019804629696927867,0.008905471051175007
M1_Macro_vs_M2_Macro_Oil__normalized__Oil_Rent_Intensive_Pre2016_ge1pct,Oil_Rents_GDP_Pct_lag1,normalized,Inward_FDI_Net_Flow_GDP_Pct_asinh,Oil_Rent_Intensive_Pre2016_ge1pct,Country_Holdout_CV,fold_0,RandomForest,0.3671413239664823,0.630486310139962,0.4300760535127292,M1_Macro,M2_Macro_Oil,0.4282592560322549,0.6000800509866593,0.3813206557967226,0.061117932065772596,-0.03040625915330275,-0.04875539771600662
M1_Macro_vs_M2_Macro_Oil__normalized__Oil_Rent_Intensive_Pre2016_ge1pct,Oil_Rents_GDP_Pct_lag1,normalized,Inward_FDI_Net_Flow_GDP_Pct_asinh,Oil_Rent_Intensive_Pre2016_ge1pct,Country_Holdout_CV,fold_0,Ridge,0.4438218395711649,0.5621805658413456,0.3455622297342203,M1_Macro,M2_Macro_Oil,0.4519891070815357,0.5645130812489416,0.3491208226938576,0.008167267510370835,0.0023325154075960475,0.0035585929596372856
M1_Macro_vs_M2_Macro_Oil__normalized__Oil_Rent_Intensive_Pre2016_ge1pct,Oil_Rents_GDP_Pct_lag1,normalized,Inward_FDI_Net_Flow_GDP_Pct_asinh,Oil_Rent_Intensive_Pre2016_ge1pct,Country_Holdout_CV,fold_1,ElasticNet,0.3893949863798144,0.5257760300571546,0.3624612543329715,M1_Macro,M2_Macro_Oil,0.3864964576405804,0.53221504630644,0.3837060896047903,-0.0028985287392340187,0.006439016249285445,0.021244835271818807
M1_Macro_vs_M2_Macro_Oil__normalized__Oil_Rent_Intensive_Pre2016_ge1pct,Oil_Rents_GDP_Pct_lag1,normalized,Inward_FDI_Net_Flow_GDP_Pct_asinh,Oil_Rent_Intensive_Pre2016_ge1pct,Country_Holdout_CV,fold_1,RandomForest,0.2665312389455347,0.570767325513715,0.3704843089189737,M1_Macro,M2_Macro_Oil,0.2938532912284166,0.5761408078547878,0.3849043646222637,0.02732205228288187,0.005373482341072822,0.014420055703289969
M1_Macro_vs_M2_Macro_Oil__normalized__Oil_Rent_Intensive_Pre2016_ge1pct,Oil_Rents_GDP_Pct_lag1,normalized,Inward_FDI_Net_Flow_GDP_Pct_asinh,Oil_Rent_Intensive_Pre2016_ge1pct,Country_Holdout_CV,fold_1,Ridge,0.3897870988700198,0.5251009075812988,0.3649174420829983,M1_Macro,M2_Macro_Oil,0.3869189198131716,0.5317622318972531,0.3832725647848377,-0.0028681790568481635,0.006661324315954342,0.018355122701839366
M1_Macro_vs_M2_Macro_Oil__normalized__Oil_Rent_Intensive_Pre2016_ge1pct,Oil_Rents_GDP_Pct_lag1,normalized,Inward_FDI_Net_Flow_GDP_Pct_asinh,Oil_Rent_Intensive_Pre2016_ge1pct,Country_Holdout_CV,fold_2,ElasticNet,0.2232097350113659,0.6078554033269752,0.4235536022432877,M1_Macro,M2_Macro_Oil,0.2407270353290957,0.5867330774386551,0.3859966209892191,0.0175173003177298,-0.02112232588832008,-0.03755698125406859
M1_Macro_vs_M2_Macro_Oil__normalized__Oil_Rent_Intensive_Pre2016_ge1pct,Oil_Rents_GDP_Pct_lag1,normalized,Inward_FDI_Net_Flow_GDP_Pct_asinh,Oil_Rent_Intensive_Pre2016_ge1pct,Country_Holdout_CV,fold_2,RandomForest,0.1965453281365689,0.6186375674120602,0.4164027135126873,M1_Macro,M2_Macro_Oil,0.2360176808110068,0.589571630103753,0.3976097913500105,0.03947235267443791,-0.0290659373083072,-0.018792922162676806
M1_Macro_vs_M2_Macro_Oil__normalized__Oil_Rent_Intensive_Pre2016_ge1pct,Oil_Rents_GDP_Pct_lag1,normalized,Inward_FDI_Net_Flow_GDP_Pct_asinh,Oil_Rent_Intensive_Pre2016_ge1pct,Country_Holdout_CV,fold_2,Ridge,0.2206876793168344,0.608578677687811,0.421755203245677,M1_Macro,M2_Macro_Oil,0.2382643041141089,0.5868604896564432,0.3860324650414415,0.01757662479727451,-0.021718188031367824,-0.035722738204235494
M1_Macro_vs_M2_Macro_Oil__normalized__Oil_Rent_Intensive_Pre2016_ge1pct,Oil_Rents_GDP_Pct_lag1,normalized,Inward_FDI_Net_Flow_GDP_Pct_asinh,Oil_Rent_Intensive_Pre2016_ge1pct,Country_Holdout_CV,fold_3,ElasticNet,0.3715928453228575,0.8298845822308374,0.5161748924332621,M1_Macro,M2_Macro_Oil,0.3734629008989701,0.8350076350541994,0.5248858839714602,0.0018700555761125837,0.0051230528233620065,0.008710991538198098
M1_Macro_vs_M2_Macro_Oil__normalized__Oil_Rent_Intensive_Pre2016_ge1pct,Oil_Rents_GDP_Pct_lag1,normalized,Inward_FDI_Net_Flow_GDP_Pct_asinh,Oil_Rent_Intensive_Pre2016_ge1pct,Country_Holdout_CV,fold_3,RandomForest,0.3607214834505899,0.8335196500526925,0.5071010758537932,M1_Macro,M2_Macro_Oil,0.369255630631798,0.8370317850780341,0.5248827158109546,0.008534147181208096,0.003512135025341645,0.01778163995716142
M1_Macro_vs_M2_Macro_Oil__normalized__Oil_Rent_Intensive_Pre2016_ge1pct,Oil_Rents_GDP_Pct_lag1,normalized,Inward_FDI_Net_Flow_GDP_Pct_asinh,Oil_Rent_Intensive_Pre2016_ge1pct,Country_Holdout_CV,fold_3,Ridge,0.3688383265824779,0.8324668175885511,0.5125622758249528,M1_Macro,M2_Macro_Oil,0.3704289919380235,0.8376692067919086,0.5274752885945423,0.001590665355545584,0.0052023892033574715,0.014913012769589451
M1_Macro_vs_M2_Macro_Oil__normalized__Oil_Rent_Intensive_Pre2016_ge1pct,Oil_Rents_GDP_Pct_lag1,normalized,Inward_FDI_Net_Flow_GDP_Pct_asinh,Oil_Rent_Intensive_Pre2016_ge1pct,Country_Holdout_CV,fold_4,ElasticNet,0.3711123963854015,0.5922406840250236,0.4215605503633764,M1_Macro,M2_Macro_Oil,0.384992526372972,0.5752959935669778,0.3825256758360422,0.013880129987570489,-0.016944690458045808,-0.03903487452733423
M1_Macro_vs_M2_Macro_Oil__normalized__Oil_Rent_Intensive_Pre2016_ge1pct,Oil_Rents_GDP_Pct_lag1,normalized,Inward_FDI_Net_Flow_GDP_Pct_asinh,Oil_Rent_Intensive_Pre2016_ge1pct,Country_Holdout_CV,fold_4,RandomForest,0.2773873105623378,0.6586997029287497,0.4760309732253857,M1_Macro,M2_Macro_Oil,0.380007296104889,0.5978055920297526,0.4163940612421607,0.1026199855425512,-0.0608941108989971,-0.05963691198322496
M1_Macro_vs_M2_Macro_Oil__normalized__Oil_Rent_Intensive_Pre2016_ge1pct,Oil_Rents_GDP_Pct_lag1,normalized,Inward_FDI_Net_Flow_GDP_Pct_asinh,Oil_Rent_Intensive_Pre2016_ge1pct,Country_Holdout_CV,fold_4,Ridge,0.3719323798617091,0.5931147025073431,0.4160025420145635,M1_Macro,M2_Macro_Oil,0.3866332923759918,0.5723285229766563,0.3758247775021822,0.014700912514282738,-0.020786179530686844,-0.04017776451238131
M1_Macro_vs_M2_Macro_Oil__normalized__Oil_Rent_Intensive_Pre2016_ge1pct,Oil_Rents_GDP_Pct_lag1,normalized,Inward_FDI_Net_Flow_GDP_Pct_asinh,Oil_Rent_Intensive_Pre2016_ge1pct,Future_Period,train_to_2012__test_from_2013,ElasticNet,0.2993602725575122,0.6403876150276467,0.3650552854858965,M1_Macro,M2_Macro_Oil,0.3076232415534791,0.6323476075828931,0.3507049917454532,0.008262968995966902,-0.008040007444753638,-0.014350293740443276
M1_Macro_vs_M2_Macro_Oil__normalized__Oil_Rent_Intensive_Pre2016_ge1pct,Oil_Rents_GDP_Pct_lag1,normalized,Inward_FDI_Net_Flow_GDP_Pct_asinh,Oil_Rent_Intensive_Pre2016_ge1pct,Future_Period,train_to_2012__test_from_2013,RandomForest,0.2708438383425535,0.6707127863267044,0.395464263815529,M1_Macro,M2_Macro_Oil,0.2776431423358229,0.6644992485427411,0.3868742824572433,0.00679930399326939,-0.006213537783963274,-0.008589981358285703
M1_Macro_vs_M2_Macro_Oil__normalized__Oil_Rent_Intensive_Pre2016_ge1pct,Oil_Rents_GDP_Pct_lag1,normalized,Inward_FDI_Net_Flow_GDP_Pct_asinh,Oil_Rent_Intensive_Pre2016_ge1pct,Future_Period,train_to_2012__test_from_2013,Ridge,0.2991011318492818,0.6396538445504546,0.3582379539089686,M1_Macro,M2_Macro_Oil,0.3074830421315077,0.6312341606862251,0.3499629016938683,0.008381910282225902,-0.008419683864229532,-0.008275052215100331
M1_Macro_vs_M2_Macro_Oil__normalized__Oil_Rent_Intensive_Pre2016_ge1pct,Oil_Rents_GDP_Pct_lag1,normalized,Inward_FDI_Net_Flow_GDP_Pct_asinh,Oil_Rent_Intensive_Pre2016_ge1pct,Future_Period,train_to_2014__test_from_2015,ElasticNet,0.2804473506267217,0.6678958620335288,0.3834655691032986,M1_Macro,M2_Macro_Oil,0.2901216119242137,0.6600214126822856,0.3646915797945039,0.009674261297491993,-0.007874449351243151,-0.018773989308794703
M1_Macro_vs_M2_Macro_Oil__normalized__Oil_Rent_Intensive_Pre2016_ge1pct,Oil_Rents_GDP_Pct_lag1,normalized,Inward_FDI_Net_Flow_GDP_Pct_asinh,Oil_Rent_Intensive_Pre2016_ge1pct,Future_Period,train_to_2014__test_from_2015,RandomForest,0.2740191323494982,0.6864529183416637,0.410939154526592,M1_Macro,M2_Macro_Oil,0.2751894661259298,0.678345154116144,0.3860511634300169,0.001170333776431609,-0.00810776422551962,-0.024887991096575135
M1_Macro_vs_M2_Macro_Oil__normalized__Oil_Rent_Intensive_Pre2016_ge1pct,Oil_Rents_GDP_Pct_lag1,normalized,Inward_FDI_Net_Flow_GDP_Pct_asinh,Oil_Rent_Intensive_Pre2016_ge1pct,Future_Period,train_to_2014__test_from_2015,Ridge,0.2796359630894259,0.6673263347100077,0.3828297097465369,M1_Macro,M2_Macro_Oil,0.2895898002581024,0.6588884791334136,0.3633335286872796,0.009953837168676483,-0.008437855576594044,-0.019496181059257323
M1_Macro_vs_M2_Macro_Oil__normalized__Oil_Rent_Intensive_Pre2016_ge1pct,Oil_Rents_GDP_Pct_lag1,normalized,Inward_FDI_Net_Flow_GDP_Pct_asinh,Oil_Rent_Intensive_Pre2016_ge1pct,Future_Period,train_to_2015__test_from_2016,ElasticNet,0.2898439909433639,0.6668965913294382,0.3691530409058317,M1_Macro,M2_Macro_Oil,0.3007751753476185,0.6585703596904529,0.3596057252916285,0.010931184404254612,-0.008326231638985382,-0.009547315614203189
M1_Macro_vs_M2_Macro_Oil__normalized__Oil_Rent_Intensive_Pre2016_ge1pct,Oil_Rents_GDP_Pct_lag1,normalized,Inward_FDI_Net_Flow_GDP_Pct_asinh,Oil_Rent_Intensive_Pre2016_ge1pct,Future_Period,train_to_2015__test_from_2016,RandomForest,0.2917971251494011,0.6879895573047999,0.4028622717876637,M1_Macro,M2_Macro_Oil,0.2980532303296475,0.6800587644968011,0.4196790782581554,0.006256105180246385,-0.007930792807998799,0.01681680647049172
M1_Macro_vs_M2_Macro_Oil__normalized__Oil_Rent_Intensive_Pre2016_ge1pct,Oil_Rents_GDP_Pct_lag1,normalized,Inward_FDI_Net_Flow_GDP_Pct_asinh,Oil_Rent_Intensive_Pre2016_ge1pct,Future_Period,train_to_2015__test_from_2016,Ridge,0.2890794476867515,0.6664282249443995,0.3713061032958327,M1_Macro,M2_Macro_Oil,0.3003302009011978,0.657618970933197,0.3635219517475128,0.011250753214446296,-0.008809254011202472,-0.007784151548319906
M1_Macro_vs_M2_Macro_Oil__normalized__Oil_Rent_Intensive_Pre2016_ge1pct,Oil_Rents_GDP_Pct_lag1,normalized,Inward_FDI_Net_Flow_GDP_Pct_asinh,Oil_Rent_Intensive_Pre2016_ge1pct,Future_Period,train_to_2016__test_from_2017,ElasticNet,0.3234412930158855,0.6539738162791433,0.3592662701056198,M1_Macro,M2_Macro_Oil,0.3365774452054487,0.6443915290894863,0.3667241458487954,0.01313615218956321,-0.009582287189657035,0.007457875743175635
M1_Macro_vs_M2_Macro_Oil__normalized__Oil_Rent_Intensive_Pre2016_ge1pct,Oil_Rents_GDP_Pct_lag1,normalized,Inward_FDI_Net_Flow_GDP_Pct_asinh,Oil_Rent_Intensive_Pre2016_ge1pct,Future_Period,train_to_2016__test_from_2017,RandomForest,0.3333071336202916,0.6621319927534249,0.3930438608589542,M1_Macro,M2_Macro_Oil,0.3649236481129473,0.6422245102025579,0.3859727621644737,0.031616514492655734,-0.01990748255086705,-0.0070710986944805265
M1_Macro_vs_M2_Macro_Oil__normalized__Oil_Rent_Intensive_Pre2016_ge1pct,Oil_Rents_GDP_Pct_lag1,normalized,Inward_FDI_Net_Flow_GDP_Pct_asinh,Oil_Rent_Intensive_Pre2016_ge1pct,Future_Period,train_to_2016__test_from_2017,Ridge,0.3223155803497679,0.6540764044846906,0.3705390719675647,M1_Macro,M2_Macro_Oil,0.3356438726794665,0.6439646592549203,0.369331562913661,0.013328292329698566,-0.01011174522977032,-0.0012075090539037103
M1_Macro_vs_M2_Macro_Oil__normalized__Oil_Rent_Intensive_Pre2016_ge1pct,Oil_Rents_GDP_Pct_lag1,normalized,Inward_FDI_Net_Flow_GDP_Pct_asinh,Oil_Rent_Intensive_Pre2016_ge1pct,Future_Period,train_to_2018__test_from_2019,ElasticNet,0.3090844826682154,0.6907962092260796,0.3785608329134479,M1_Macro,M2_Macro_Oil,0.324736817132549,0.6797815361672236,0.3695117953206026,0.01565233446433356,-0.011014673058856062,-0.00904903759284531
M1_Macro_vs_M2_Macro_Oil__normalized__Oil_Rent_Intensive_Pre2016_ge1pct,Oil_Rents_GDP_Pct_lag1,normalized,Inward_FDI_Net_Flow_GDP_Pct_asinh,Oil_Rent_Intensive_Pre2016_ge1pct,Future_Period,train_to_2018__test_from_2019,RandomForest,0.2936030312253957,0.7035377689712227,0.4159126782443615,M1_Macro,M2_Macro_Oil,0.3400236133707359,0.676063231478579,0.4018320970308157,0.04642058214534017,-0.027474537492643614,-0.014080581213545829
M1_Macro_vs_M2_Macro_Oil__normalized__Oil_Rent_Intensive_Pre2016_ge1pct,Oil_Rents_GDP_Pct_lag1,normalized,Inward_FDI_Net_Flow_GDP_Pct_asinh,Oil_Rent_Intensive_Pre2016_ge1pct,Future_Period,train_to_2018__test_from_2019,Ridge,0.306957138680611,0.6916359908864278,0.3726397094614042,M1_Macro,M2_Macro_Oil,0.3228073826516142,0.6798244566876155,0.3725934956791889,0.01585024397100321,-0.011811534198812312,-4.6213782215254184e-05
M1_Macro_vs_M2_Macro_Oil__normalized__Oil_Rent_Intensive_Pre2016_ge5pct,Oil_Rents_GDP_Pct_lag1,normalized,Inward_FDI_Net_Flow_GDP_Pct_asinh,Oil_Rent_Intensive_Pre2016_ge5pct,Country_Holdout_CV,fold_0,ElasticNet,0.4204644717772244,0.5517893371834416,0.3325687242370304,M1_Macro,M2_Macro_Oil,0.4198248801672517,0.5516530938230948,0.3304861167221772,-0.0006395916099726784,-0.0001362433603467883,-0.002082607514853174
M1_Macro_vs_M2_Macro_Oil__normalized__Oil_Rent_Intensive_Pre2016_ge5pct,Oil_Rents_GDP_Pct_lag1,normalized,Inward_FDI_Net_Flow_GDP_Pct_asinh,Oil_Rent_Intensive_Pre2016_ge5pct,Country_Holdout_CV,fold_0,RandomForest,0.3910485662189765,0.5619140230840636,0.3221548429776668,M1_Macro,M2_Macro_Oil,0.3953821392004368,0.5751552450845381,0.352829490864985,0.00433357298146031,0.013241222000474506,0.030674647887318218
M1_Macro_vs_M2_Macro_Oil__normalized__Oil_Rent_Intensive_Pre2016_ge5pct,Oil_Rents_GDP_Pct_lag1,normalized,Inward_FDI_Net_Flow_GDP_Pct_asinh,Oil_Rent_Intensive_Pre2016_ge5pct,Country_Holdout_CV,fold_0,Ridge,0.4159260430960136,0.5516637486637479,0.3244894961735866,M1_Macro,M2_Macro_Oil,0.4134717731864599,0.552484298295288,0.3188608949411395,-0.002454269909553719,0.0008205496315401017,-0.0056286012324470724
M1_Macro_vs_M2_Macro_Oil__normalized__Oil_Rent_Intensive_Pre2016_ge5pct,Oil_Rents_GDP_Pct_lag1,normalized,Inward_FDI_Net_Flow_GDP_Pct_asinh,Oil_Rent_Intensive_Pre2016_ge5pct,Country_Holdout_CV,fold_1,ElasticNet,0.4608901401863294,0.6097977788539343,0.4621287202264423,M1_Macro,M2_Macro_Oil,0.4433141052810934,0.6304255206453966,0.4818447852246627,-0.017576034905236015,0.020627741791462317,0.019716064998220373
M1_Macro_vs_M2_Macro_Oil__normalized__Oil_Rent_Intensive_Pre2016_ge5pct,Oil_Rents_GDP_Pct_lag1,normalized,Inward_FDI_Net_Flow_GDP_Pct_asinh,Oil_Rent_Intensive_Pre2016_ge5pct,Country_Holdout_CV,fold_1,RandomForest,0.3823154817463908,0.6653153873575358,0.4697568182262486,M1_Macro,M2_Macro_Oil,0.3540977782628992,0.6976024541247065,0.5484191824536482,-0.02821770348349162,0.032287066767170636,0.07866236422739958
M1_Macro_vs_M2_Macro_Oil__normalized__Oil_Rent_Intensive_Pre2016_ge5pct,Oil_Rents_GDP_Pct_lag1,normalized,Inward_FDI_Net_Flow_GDP_Pct_asinh,Oil_Rent_Intensive_Pre2016_ge5pct,Country_Holdout_CV,fold_1,Ridge,0.465078405544149,0.603327301068124,0.4438504926580705,M1_Macro,M2_Macro_Oil,0.4451860416174754,0.6281982029525826,0.4694825468774543,-0.019892363926673595,0.024870901884458507,0.025632054219383804
M1_Macro_vs_M2_Macro_Oil__normalized__Oil_Rent_Intensive_Pre2016_ge5pct,Oil_Rents_GDP_Pct_lag1,normalized,Inward_FDI_Net_Flow_GDP_Pct_asinh,Oil_Rent_Intensive_Pre2016_ge5pct,Country_Holdout_CV,fold_2,ElasticNet,0.2725972888201485,0.712279083123943,0.4528824702100141,M1_Macro,M2_Macro_Oil,0.2877238716786791,0.6851034749613443,0.4314204695205249,0.01512658285853058,-0.027175608162598675,-0.021462000689489225
M1_Macro_vs_M2_Macro_Oil__normalized__Oil_Rent_Intensive_Pre2016_ge5pct,Oil_Rents_GDP_Pct_lag1,normalized,Inward_FDI_Net_Flow_GDP_Pct_asinh,Oil_Rent_Intensive_Pre2016_ge5pct,Country_Holdout_CV,fold_2,RandomForest,0.2501126185052572,0.7268161223149519,0.4695251218408927,M1_Macro,M2_Macro_Oil,0.285176799851056,0.7097427296172589,0.4953790730818456,0.035064181345798806,-0.017073392697692924,0.02585395124095291
M1_Macro_vs_M2_Macro_Oil__normalized__Oil_Rent_Intensive_Pre2016_ge5pct,Oil_Rents_GDP_Pct_lag1,normalized,Inward_FDI_Net_Flow_GDP_Pct_asinh,Oil_Rent_Intensive_Pre2016_ge5pct,Country_Holdout_CV,fold_2,Ridge,0.2738663434672397,0.7076197104322608,0.4502497131967877,M1_Macro,M2_Macro_Oil,0.2873147028535192,0.682277728927761,0.4204051218590434,0.013448359386279474,-0.025341981504499844,-0.02984459133774431
M1_Macro_vs_M2_Macro_Oil__normalized__Oil_Rent_Intensive_Pre2016_ge5pct,Oil_Rents_GDP_Pct_lag1,normalized,Inward_FDI_Net_Flow_GDP_Pct_asinh,Oil_Rent_Intensive_Pre2016_ge5pct,Country_Holdout_CV,fold_3,ElasticNet,0.3525995304300612,0.8821170843872069,0.537779741143201,M1_Macro,M2_Macro_Oil,0.353957536556578,0.8831931035109454,0.5109231254209661,0.0013580061265168197,0.0010760191237384475,-0.026856615722234967
M1_Macro_vs_M2_Macro_Oil__normalized__Oil_Rent_Intensive_Pre2016_ge5pct,Oil_Rents_GDP_Pct_lag1,normalized,Inward_FDI_Net_Flow_GDP_Pct_asinh,Oil_Rent_Intensive_Pre2016_ge5pct,Country_Holdout_CV,fold_3,RandomForest,0.3302294478333663,0.909422165958594,0.5659126023375696,M1_Macro,M2_Macro_Oil,0.3248714492282404,0.8994061658731632,0.5354900259342572,-0.005357998605125869,-0.010016000085430798,-0.030422576403312362
M1_Macro_vs_M2_Macro_Oil__normalized__Oil_Rent_Intensive_Pre2016_ge5pct,Oil_Rents_GDP_Pct_lag1,normalized,Inward_FDI_Net_Flow_GDP_Pct_asinh,Oil_Rent_Intensive_Pre2016_ge5pct,Country_Holdout_CV,fold_3,Ridge,0.3489362329632484,0.8851936642884979,0.5433603856285609,M1_Macro,M2_Macro_Oil,0.3502719576800346,0.8861191015143778,0.5176888944118889,0.001335724716786224,0.0009254372258798993,-0.025671491216672004
M1_Macro_vs_M2_Macro_Oil__normalized__Oil_Rent_Intensive_Pre2016_ge5pct,Oil_Rents_GDP_Pct_lag1,normalized,Inward_FDI_Net_Flow_GDP_Pct_asinh,Oil_Rent_Intensive_Pre2016_ge5pct,Country_Holdout_CV,fold_4,ElasticNet,0.3671650900775892,0.6435977474043542,0.4248343524966382,M1_Macro,M2_Macro_Oil,0.3796482983898342,0.6269844791357758,0.4212937389080498,0.012483208312245031,-0.01661326826857834,-0.003540613588588426
M1_Macro_vs_M2_Macro_Oil__normalized__Oil_Rent_Intensive_Pre2016_ge5pct,Oil_Rents_GDP_Pct_lag1,normalized,Inward_FDI_Net_Flow_GDP_Pct_asinh,Oil_Rent_Intensive_Pre2016_ge5pct,Country_Holdout_CV,fold_4,RandomForest,0.252363575718771,0.7364656079235687,0.5904154382202895,M1_Macro,M2_Macro_Oil,0.2994205060067851,0.6931661377163267,0.5491218609150337,0.04705693028801411,-0.04329947020724201,-0.041293577305255846
M1_Macro_vs_M2_Macro_Oil__normalized__Oil_Rent_Intensive_Pre2016_ge5pct,Oil_Rents_GDP_Pct_lag1,normalized,Inward_FDI_Net_Flow_GDP_Pct_asinh,Oil_Rent_Intensive_Pre2016_ge5pct,Country_Holdout_CV,fold_4,Ridge,0.3671882220088983,0.6441750885410623,0.4305395720782774,M1_Macro,M2_Macro_Oil,0.380640978252576,0.6278334221274129,0.4158069826329046,0.0134527562436777,-0.016341666413649425,-0.014732589445372812
M1_Macro_vs_M2_Macro_Oil__normalized__Oil_Rent_Intensive_Pre2016_ge5pct,Oil_Rents_GDP_Pct_lag1,normalized,Inward_FDI_Net_Flow_GDP_Pct_asinh,Oil_Rent_Intensive_Pre2016_ge5pct,Future_Period,train_to_2012__test_from_2013,ElasticNet,0.2791678357702796,0.7312047502831189,0.3903303097082666,M1_Macro,M2_Macro_Oil,0.2830693963618492,0.7264191064853829,0.382468862596841,0.0039015605915695972,-0.00478564379773605,-0.007861447111425612
M1_Macro_vs_M2_Macro_Oil__normalized__Oil_Rent_Intensive_Pre2016_ge5pct,Oil_Rents_GDP_Pct_lag1,normalized,Inward_FDI_Net_Flow_GDP_Pct_asinh,Oil_Rent_Intensive_Pre2016_ge5pct,Future_Period,train_to_2012__test_from_2013,RandomForest,0.2881157255772804,0.7591773330433526,0.4350799958078355,M1_Macro,M2_Macro_Oil,0.2734816976342428,0.7510904322010122,0.4010313274847431,-0.014634027943037586,-0.008086900842340317,-0.03404866832309239
M1_Macro_vs_M2_Macro_Oil__normalized__Oil_Rent_Intensive_Pre2016_ge5pct,Oil_Rents_GDP_Pct_lag1,normalized,Inward_FDI_Net_Flow_GDP_Pct_asinh,Oil_Rent_Intensive_Pre2016_ge5pct,Future_Period,train_to_2012__test_from_2013,Ridge,0.2796172269634265,0.7287027479917669,0.3903089374793667,M1_Macro,M2_Macro_Oil,0.2831989187235376,0.72395886417704,0.3765144171859424,0.003581691760111083,-0.004743883814726901,-0.013794520293424262
M1_Macro_vs_M2_Macro_Oil__normalized__Oil_Rent_Intensive_Pre2016_ge5pct,Oil_Rents_GDP_Pct_lag1,normalized,Inward_FDI_Net_Flow_GDP_Pct_asinh,Oil_Rent_Intensive_Pre2016_ge5pct,Future_Period,train_to_2014__test_from_2015,ElasticNet,0.2738465746367512,0.7577784939138805,0.4075367253387414,M1_Macro,M2_Macro_Oil,0.2787638056782964,0.7523086980533877,0.3997439058805286,0.004917231041545178,-0.005469795860492788,-0.007792819458212807
M1_Macro_vs_M2_Macro_Oil__normalized__Oil_Rent_Intensive_Pre2016_ge5pct,Oil_Rents_GDP_Pct_lag1,normalized,Inward_FDI_Net_Flow_GDP_Pct_asinh,Oil_Rent_Intensive_Pre2016_ge5pct,Future_Period,train_to_2014__test_from_2015,RandomForest,0.2532582382913684,0.7932942512538579,0.4466305514184592,M1_Macro,M2_Macro_Oil,0.2436849189181666,0.7901238926544927,0.4120172806931847,-0.0095733193732018,-0.0031703585993652084,-0.03461327072527448
M1_Macro_vs_M2_Macro_Oil__normalized__Oil_Rent_Intensive_Pre2016_ge5pct,Oil_Rents_GDP_Pct_lag1,normalized,Inward_FDI_Net_Flow_GDP_Pct_asinh,Oil_Rent_Intensive_Pre2016_ge5pct,Future_Period,train_to_2014__test_from_2015,Ridge,0.2729830401248281,0.7561641479237634,0.4138321030139874,M1_Macro,M2_Macro_Oil,0.2779316403851566,0.7505639835386863,0.405285500170609,0.004948600260328506,-0.005600164385077155,-0.008546602843378381
M1_Macro_vs_M2_Macro_Oil__normalized__Oil_Rent_Intensive_Pre2016_ge5pct,Oil_Rents_GDP_Pct_lag1,normalized,Inward_FDI_Net_Flow_GDP_Pct_asinh,Oil_Rent_Intensive_Pre2016_ge5pct,Future_Period,train_to_2015__test_from_2016,ElasticNet,0.2755003397904474,0.7677614108494865,0.4016022030159117,M1_Macro,M2_Macro_Oil,0.2805960554578166,0.76202600167168,0.4012874863240449,0.005095715667369161,-0.005735409177806461,-0.00031471669186683426
M1_Macro_vs_M2_Macro_Oil__normalized__Oil_Rent_Intensive_Pre2016_ge5pct,Oil_Rents_GDP_Pct_lag1,normalized,Inward_FDI_Net_Flow_GDP_Pct_asinh,Oil_Rent_Intensive_Pre2016_ge5pct,Future_Period,train_to_2015__test_from_2016,RandomForest,0.2602428652178805,0.8021385695281854,0.4704076917243071,M1_Macro,M2_Macro_Oil,0.2758546393856358,0.7875213159115869,0.4467000084891951,0.015611774167755332,-0.014617253616598491,-0.023707683235111965
M1_Macro_vs_M2_Macro_Oil__normalized__Oil_Rent_Intensive_Pre2016_ge5pct,Oil_Rents_GDP_Pct_lag1,normalized,Inward_FDI_Net_Flow_GDP_Pct_asinh,Oil_Rent_Intensive_Pre2016_ge5pct,Future_Period,train_to_2015__test_from_2016,Ridge,0.275481280741905,0.7654075031544992,0.401890450434786,M1_Macro,M2_Macro_Oil,0.2806064159811915,0.7595989308909566,0.4123536992272663,0.005125135239286538,-0.0058085722635425885,0.010463248792480284
M1_Macro_vs_M2_Macro_Oil__normalized__Oil_Rent_Intensive_Pre2016_ge5pct,Oil_Rents_GDP_Pct_lag1,normalized,Inward_FDI_Net_Flow_GDP_Pct_asinh,Oil_Rent_Intensive_Pre2016_ge5pct,Future_Period,train_to_2016__test_from_2017,ElasticNet,0.3017450714220748,0.7569750774319125,0.3961491644578061,M1_Macro,M2_Macro_Oil,0.3082358267920512,0.7504004686563871,0.3938327422113414,0.006490755369976398,-0.0065746087755254035,-0.002316422246464722
M1_Macro_vs_M2_Macro_Oil__normalized__Oil_Rent_Intensive_Pre2016_ge5pct,Oil_Rents_GDP_Pct_lag1,normalized,Inward_FDI_Net_Flow_GDP_Pct_asinh,Oil_Rent_Intensive_Pre2016_ge5pct,Future_Period,train_to_2016__test_from_2017,RandomForest,0.3009431162908451,0.7897466195112932,0.4873943661116501,M1_Macro,M2_Macro_Oil,0.3295566804440903,0.7568002081138493,0.4522461467261908,0.02861356415324523,-0.03294641139744392,-0.03514821938545931
M1_Macro_vs_M2_Macro_Oil__normalized__Oil_Rent_Intensive_Pre2016_ge5pct,Oil_Rents_GDP_Pct_lag1,normalized,Inward_FDI_Net_Flow_GDP_Pct_asinh,Oil_Rent_Intensive_Pre2016_ge5pct,Future_Period,train_to_2016__test_from_2017,Ridge,0.3009012008174309,0.7549693732424011,0.406745673364571,M1_Macro,M2_Macro_Oil,0.3073356064743082,0.7483299815369704,0.3958530192205044,0.006434405656877307,-0.006639391705430708,-0.010892654144066594
M1_Macro_vs_M2_Macro_Oil__normalized__Oil_Rent_Intensive_Pre2016_ge5pct,Oil_Rents_GDP_Pct_lag1,normalized,Inward_FDI_Net_Flow_GDP_Pct_asinh,Oil_Rent_Intensive_Pre2016_ge5pct,Future_Period,train_to_2018__test_from_2019,ElasticNet,0.2299606100396162,0.8006146056420426,0.3715809642359792,M1_Macro,M2_Macro_Oil,0.2391935522101447,0.793431052602391,0.3672240016335478,0.009232942170528502,-0.007183553039651569,-0.004356962602431402
M1_Macro_vs_M2_Macro_Oil__normalized__Oil_Rent_Intensive_Pre2016_ge5pct,Oil_Rents_GDP_Pct_lag1,normalized,Inward_FDI_Net_Flow_GDP_Pct_asinh,Oil_Rent_Intensive_Pre2016_ge5pct,Future_Period,train_to_2018__test_from_2019,RandomForest,0.2566156749247003,0.7968436459892951,0.4258514572600886,M1_Macro,M2_Macro_Oil,0.2427635826793441,0.8064788051792968,0.4278241170470119,-0.01385209224535619,0.009635159190001685,0.001972659786923292
M1_Macro_vs_M2_Macro_Oil__normalized__Oil_Rent_Intensive_Pre2016_ge5pct,Oil_Rents_GDP_Pct_lag1,normalized,Inward_FDI_Net_Flow_GDP_Pct_asinh,Oil_Rent_Intensive_Pre2016_ge5pct,Future_Period,train_to_2018__test_from_2019,Ridge,0.2269591649358802,0.8004316470485491,0.3768754102901129,M1_Macro,M2_Macro_Oil,0.2360306332857772,0.7929751700837786,0.3614523887932125,0.009071468349897,-0.007456476964770475,-0.015423021496900391
M1_Macro_vs_M2_Macro_Oil__primary__All_Eligible,Oil_Rents_GDP_Pct_lag1,primary,Inward_FDI_Net_Flow_asinh,All_Eligible,Country_Holdout_CV,fold_0,ElasticNet,0.2601578547747499,1.6690533991632304,0.787376740499985,M1_Macro,M2_Macro_Oil,0.2700955790066984,1.7016982405458254,0.774814597124803,0.009937724231948497,0.03264484138259505,-0.012562143375181911
M1_Macro_vs_M2_Macro_Oil__primary__All_Eligible,Oil_Rents_GDP_Pct_lag1,primary,Inward_FDI_Net_Flow_asinh,All_Eligible,Country_Holdout_CV,fold_0,RandomForest,0.2437548550184217,1.746020349215727,0.7848259919258584,M1_Macro,M2_Macro_Oil,0.2683348613460423,1.713780569287855,0.7880836940742388,0.024580006327620585,-0.03223977992787197,0.0032577021483803925
M1_Macro_vs_M2_Macro_Oil__primary__All_Eligible,Oil_Rents_GDP_Pct_lag1,primary,Inward_FDI_Net_Flow_asinh,All_Eligible,Country_Holdout_CV,fold_0,Ridge,0.2602200605662937,1.6660596525300275,0.7820319682588353,M1_Macro,M2_Macro_Oil,0.2701031593806335,1.6993967362815194,0.7682211717063834,0.009883098814339797,0.033337083751491914,-0.013810796552451876
M1_Macro_vs_M2_Macro_Oil__primary__All_Eligible,Oil_Rents_GDP_Pct_lag1,primary,Inward_FDI_Net_Flow_asinh,All_Eligible,Country_Holdout_CV,fold_1,ElasticNet,0.3907486152113686,1.5628848179922792,0.8289908186990589,M1_Macro,M2_Macro_Oil,0.3947106132975355,1.573773417190877,0.8095715687771523,0.0039619980861668735,0.01088859919859786,-0.01941924992190658
M1_Macro_vs_M2_Macro_Oil__primary__All_Eligible,Oil_Rents_GDP_Pct_lag1,primary,Inward_FDI_Net_Flow_asinh,All_Eligible,Country_Holdout_CV,fold_1,RandomForest,0.3588278708803704,1.588980864153778,0.7685797304107091,M1_Macro,M2_Macro_Oil,0.3686194214002211,1.6168073429392054,0.8098541576927487,0.0097915505198507,0.027826478785427433,0.04127442728203956
M1_Macro_vs_M2_Macro_Oil__primary__All_Eligible,Oil_Rents_GDP_Pct_lag1,primary,Inward_FDI_Net_Flow_asinh,All_Eligible,Country_Holdout_CV,fold_1,Ridge,0.3905683955486105,1.5616977485089127,0.8295261948426633,M1_Macro,M2_Macro_Oil,0.3945154533356459,1.572965289693833,0.8100704183365546,0.003947057787035413,0.011267541184920349,-0.019455776506108746
M1_Macro_vs_M2_Macro_Oil__primary__All_Eligible,Oil_Rents_GDP_Pct_lag1,primary,Inward_FDI_Net_Flow_asinh,All_Eligible,Country_Holdout_CV,fold_2,ElasticNet,0.2537056667249063,1.7490874080335352,0.926517122396776,M1_Macro,M2_Macro_Oil,0.2703668158439083,1.6844731244245057,0.8558269749251064,0.016661149119002017,-0.06461428360902954,-0.07069014747166957
M1_Macro_vs_M2_Macro_Oil__primary__All_Eligible,Oil_Rents_GDP_Pct_lag1,primary,Inward_FDI_Net_Flow_asinh,All_Eligible,Country_Holdout_CV,fold_2,RandomForest,0.2417808065224174,1.7697902249005673,0.8278845222733784,M1_Macro,M2_Macro_Oil,0.2665283351498805,1.725390551925032,0.7926294608983362,0.0247475286274631,-0.044399672975535154,-0.035255061375042196
M1_Macro_vs_M2_Macro_Oil__primary__All_Eligible,Oil_Rents_GDP_Pct_lag1,primary,Inward_FDI_Net_Flow_asinh,All_Eligible,Country_Holdout_CV,fold_2,Ridge,0.2528240182640588,1.7477211208984873,0.914511466107914,M1_Macro,M2_Macro_Oil,0.2697410504451694,1.682255262142767,0.845337568382508,0.01691703218111057,-0.0654658587557202,-0.06917389772540605
M1_Macro_vs_M2_Macro_Oil__primary__All_Eligible,Oil_Rents_GDP_Pct_lag1,primary,Inward_FDI_Net_Flow_asinh,All_Eligible,Country_Holdout_CV,fold_3,ElasticNet,0.3860963377167322,1.8713034197236107,0.8963637180859365,M1_Macro,M2_Macro_Oil,0.3939577217110466,1.924537904127806,0.925991291520996,0.007861383994314408,0.053234484404195204,0.029627573435059507
M1_Macro_vs_M2_Macro_Oil__primary__All_Eligible,Oil_Rents_GDP_Pct_lag1,primary,Inward_FDI_Net_Flow_asinh,All_Eligible,Country_Holdout_CV,fold_3,RandomForest,0.3387748809659786,1.829459668254932,0.7453644008101605,M1_Macro,M2_Macro_Oil,0.3752725952348976,1.8386210205626652,0.794901229391523,0.03649771426891901,0.009161352307733184,0.049536828581362435
M1_Macro_vs_M2_Macro_Oil__primary__All_Eligible,Oil_Rents_GDP_Pct_lag1,primary,Inward_FDI_Net_Flow_asinh,All_Eligible,Country_Holdout_CV,fold_3,Ridge,0.387059039795201,1.8704853299947932,0.8968611352915001,M1_Macro,M2_Macro_Oil,0.3946937662246409,1.92478349993742,0.9232130854927654,0.007634726429439909,0.05429816994262682,0.02635195020126524
M1_Macro_vs_M2_Macro_Oil__primary__All_Eligible,Oil_Rents_GDP_Pct_lag1,primary,Inward_FDI_Net_Flow_asinh,All_Eligible,Country_Holdout_CV,fold_4,ElasticNet,0.263631922991163,1.7363524182829575,0.7903707851849369,M1_Macro,M2_Macro_Oil,0.2713638516967674,1.7069183312916107,0.7582790741561638,0.007731928705604407,-0.029434086991346753,-0.03209171102877306
M1_Macro_vs_M2_Macro_Oil__primary__All_Eligible,Oil_Rents_GDP_Pct_lag1,primary,Inward_FDI_Net_Flow_asinh,All_Eligible,Country_Holdout_CV,fold_4,RandomForest,0.2899288967787525,1.7029000552831757,0.7015188903868212,M1_Macro,M2_Macro_Oil,0.3143889342021446,1.671257984602027,0.6967092303613627,0.02446003742339209,-0.03164207068114866,-0.004809660025458573
M1_Macro_vs_M2_Macro_Oil__primary__All_Eligible,Oil_Rents_GDP_Pct_lag1,primary,Inward_FDI_Net_Flow_asinh,All_Eligible,Country_Holdout_CV,fold_4,Ridge,0.2630844557375774,1.733480730747562,0.7869883835552756,M1_Macro,M2_Macro_Oil,0.270936771228416,1.7034710030711333,0.7467327901599479,0.00785231549083859,-0.03000972767642862,-0.04025559339532769
M1_Macro_vs_M2_Macro_Oil__primary__All_Eligible,Oil_Rents_GDP_Pct_lag1,primary,Inward_FDI_Net_Flow_asinh,All_Eligible,Future_Period,train_to_2012__test_from_2013,ElasticNet,0.2437927377309828,2.0284657375508,0.7004558920322861,M1_Macro,M2_Macro_Oil,0.2515282576529165,1.9951158832605276,0.6561743923175061,0.0077355199219336646,-0.033349854290272596,-0.044281499714780015
M1_Macro_vs_M2_Macro_Oil__primary__All_Eligible,Oil_Rents_GDP_Pct_lag1,primary,Inward_FDI_Net_Flow_asinh,All_Eligible,Future_Period,train_to_2012__test_from_2013,RandomForest,0.1625263616042173,2.0189719075709376,0.6081195255576519,M1_Macro,M2_Macro_Oil,0.1885776201265945,2.005979849630924,0.6458115681284728,0.02605125852237719,-0.01299205794001379,0.03769204257082093
M1_Macro_vs_M2_Macro_Oil__primary__All_Eligible,Oil_Rents_GDP_Pct_lag1,primary,Inward_FDI_Net_Flow_asinh,All_Eligible,Future_Period,train_to_2012__test_from_2013,Ridge,0.2435296624307782,2.0254755056536187,0.6888449544292654,M1_Macro,M2_Macro_Oil,0.2513796324281159,1.991482062452238,0.6526451244291254,0.007849969997337697,-0.033993443201380646,-0.03619983000014004
M1_Macro_vs_M2_Macro_Oil__primary__All_Eligible,Oil_Rents_GDP_Pct_lag1,primary,Inward_FDI_Net_Flow_asinh,All_Eligible,Future_Period,train_to_2014__test_from_2015,ElasticNet,0.2535706628295744,2.124664839507224,0.737623010208452,M1_Macro,M2_Macro_Oil,0.2611807927462949,2.083414971679055,0.6945163292427701,0.007610129916720498,-0.04124986782816897,-0.04310668096568193
M1_Macro_vs_M2_Macro_Oil__primary__All_Eligible,Oil_Rents_GDP_Pct_lag1,primary,Inward_FDI_Net_Flow_asinh,All_Eligible,Future_Period,train_to_2014__test_from_2015,RandomForest,0.1934074536926624,2.1518356647628334,0.6746043855152717,M1_Macro,M2_Macro_Oil,0.2093404089267218,2.0797902554377745,0.6408862306807723,0.01593295523405938,-0.07204540932505887,-0.03371815483449936
M1_Macro_vs_M2_Macro_Oil__primary__All_Eligible,Oil_Rents_GDP_Pct_lag1,primary,Inward_FDI_Net_Flow_asinh,All_Eligible,Future_Period,train_to_2014__test_from_2015,Ridge,0.2535159737202731,2.1214290055151115,0.7383447104690601,M1_Macro,M2_Macro_Oil,0.2612111740813477,2.079372382161918,0.6837843773165577,0.007695200361074572,-0.0420566233531936,-0.054560333152502416
M1_Macro_vs_M2_Macro_Oil__primary__All_Eligible,Oil_Rents_GDP_Pct_lag1,primary,Inward_FDI_Net_Flow_asinh,All_Eligible,Future_Period,train_to_2015__test_from_2016,ElasticNet,0.2533635293428273,2.186312654669608,0.7367799617240802,M1_Macro,M2_Macro_Oil,0.2609578573908648,2.1406307278980545,0.700273672402421,0.007594328048037502,-0.04568192677155336,-0.036506289321659224
M1_Macro_vs_M2_Macro_Oil__primary__All_Eligible,Oil_Rents_GDP_Pct_lag1,primary,Inward_FDI_Net_Flow_asinh,All_Eligible,Future_Period,train_to_2015__test_from_2016,RandomForest,0.2017737732145307,2.164048241940306,0.711045021738629,M1_Macro,M2_Macro_Oil,0.2274136563776337,2.104974695294345,0.6382901977277342,0.025639883163103006,-0.059073546645961095,-0.07275482401089484
M1_Macro_vs_M2_Macro_Oil__primary__All_Eligible,Oil_Rents_GDP_Pct_lag1,primary,Inward_FDI_Net_Flow_asinh,All_Eligible,Future_Period,train_to_2015__test_from_2016,Ridge,0.2533139386337405,2.1829026166699355,0.7270196841486758,M1_Macro,M2_Macro_Oil,0.2609898361644375,2.1363906805509867,0.6877718744291847,0.0076758975306969734,-0.04651193611894877,-0.039247809719491045
M1_Macro_vs_M2_Macro_Oil__primary__All_Eligible,Oil_Rents_GDP_Pct_lag1,primary,Inward_FDI_Net_Flow_asinh,All_Eligible,Future_Period,train_to_2016__test_from_2017,ElasticNet,0.2508056455341587,2.258330921447376,0.7609097047205307,M1_Macro,M2_Macro_Oil,0.2582685584808537,2.2134039841125235,0.7072032436624855,0.007462912946695044,-0.044926937334852646,-0.05370646105804511
M1_Macro_vs_M2_Macro_Oil__primary__All_Eligible,Oil_Rents_GDP_Pct_lag1,primary,Inward_FDI_Net_Flow_asinh,All_Eligible,Future_Period,train_to_2016__test_from_2017,RandomForest,0.2089295260109799,2.1947349095167508,0.6532491003802896,M1_Macro,M2_Macro_Oil,0.2233758292864012,2.1422486477543385,0.6281824378919925,0.014446303275421318,-0.05248626176241222,-0.025066662488297142
M1_Macro_vs_M2_Macro_Oil__primary__All_Eligible,Oil_Rents_GDP_Pct_lag1,primary,Inward_FDI_Net_Flow_asinh,All_Eligible,Future_Period,train_to_2016__test_from_2017,Ridge,0.250837376799077,2.255082271317401,0.7516728143580049,M1_Macro,M2_Macro_Oil,0.2583636545117801,2.20936641486364,0.6990220463222343,0.007526277712703089,-0.04571585645376075,-0.05265076803577062
M1_Macro_vs_M2_Macro_Oil__primary__All_Eligible,Oil_Rents_GDP_Pct_lag1,primary,Inward_FDI_Net_Flow_asinh,All_Eligible,Future_Period,train_to_2018__test_from_2019,ElasticNet,0.2618428009407229,2.410176706026769,0.8550302334368673,M1_Macro,M2_Macro_Oil,0.2732841485782065,2.365494020235419,0.7944071730957738,0.011441347637483612,-0.04468268579134982,-0.06062306034109355
M1_Macro_vs_M2_Macro_Oil__primary__All_Eligible,Oil_Rents_GDP_Pct_lag1,primary,Inward_FDI_Net_Flow_asinh,All_Eligible,Future_Period,train_to_2018__test_from_2019,RandomForest,0.2642453105821393,2.312475327378521,0.6969070139065536,M1_Macro,M2_Macro_Oil,0.2755579760826954,2.2748876027157827,0.728518133046264,0.011312665500556096,-0.037587724662738076,0.031611119139710375
M1_Macro_vs_M2_Macro_Oil__primary__All_Eligible,Oil_Rents_GDP_Pct_lag1,primary,Inward_FDI_Net_Flow_asinh,All_Eligible,Future_Period,train_to_2018__test_from_2019,Ridge,0.261821511644963,2.40741659833334,0.8476916636563114,M1_Macro,M2_Macro_Oil,0.2734594324927553,2.361932575426067,0.7775185599797556,0.011637920847792305,-0.04548402290727305,-0.07017310367655583
M1_Macro_vs_M2_Macro_Oil__primary__Oil_Rent_Intensive_Pre2016_ge10pct,Oil_Rents_GDP_Pct_lag1,primary,Inward_FDI_Net_Flow_asinh,Oil_Rent_Intensive_Pre2016_ge10pct,Country_Holdout_CV,fold_0,ElasticNet,0.3765046766776033,2.593451972319251,1.5505711419979384,M1_Macro,M2_Macro_Oil,0.3795999736234848,2.597607765795782,1.5871512636526628,0.0030952969458815094,0.004155793476531056,0.03658012165472435
M1_Macro_vs_M2_Macro_Oil__primary__Oil_Rent_Intensive_Pre2016_ge10pct,Oil_Rents_GDP_Pct_lag1,primary,Inward_FDI_Net_Flow_asinh,Oil_Rent_Intensive_Pre2016_ge10pct,Country_Holdout_CV,fold_0,RandomForest,0.3358232374021076,2.814616247042986,1.749402816767935,M1_Macro,M2_Macro_Oil,0.3156076176550049,2.7555389607426584,1.5907552900863091,-0.02021561974710273,-0.059077286300327714,-0.15864752668162585
M1_Macro_vs_M2_Macro_Oil__primary__Oil_Rent_Intensive_Pre2016_ge10pct,Oil_Rents_GDP_Pct_lag1,primary,Inward_FDI_Net_Flow_asinh,Oil_Rent_Intensive_Pre2016_ge10pct,Country_Holdout_CV,fold_0,Ridge,0.3771159354642611,2.5868951085596863,1.567417023637594,M1_Macro,M2_Macro_Oil,0.3799805012029854,2.5911499705288104,1.582924848756745,0.0028645657387242895,0.0042548619691240575,0.015507825119151164
M1_Macro_vs_M2_Macro_Oil__primary__Oil_Rent_Intensive_Pre2016_ge10pct,Oil_Rents_GDP_Pct_lag1,primary,Inward_FDI_Net_Flow_asinh,Oil_Rent_Intensive_Pre2016_ge10pct,Country_Holdout_CV,fold_1,ElasticNet,0.2716196596419411,2.505608153338251,1.1826453991338912,M1_Macro,M2_Macro_Oil,0.2591332942033514,2.575417911545768,1.3255379258355928,-0.01248636543858972,0.069809758207517,0.1428925267017016
M1_Macro_vs_M2_Macro_Oil__primary__Oil_Rent_Intensive_Pre2016_ge10pct,Oil_Rents_GDP_Pct_lag1,primary,Inward_FDI_Net_Flow_asinh,Oil_Rent_Intensive_Pre2016_ge10pct,Country_Holdout_CV,fold_1,RandomForest,0.1902198491710022,2.74187065678736,1.3185395488291038,M1_Macro,M2_Macro_Oil,0.1424553350915993,2.874407548530217,1.3939086144171804,-0.04776451407940291,0.13253689174285688,0.07536906558807654
M1_Macro_vs_M2_Macro_Oil__primary__Oil_Rent_Intensive_Pre2016_ge10pct,Oil_Rents_GDP_Pct_lag1,primary,Inward_FDI_Net_Flow_asinh,Oil_Rent_Intensive_Pre2016_ge10pct,Country_Holdout_CV,fold_1,Ridge,0.2714700060645317,2.5000505876185843,1.175040922101954,M1_Macro,M2_Macro_Oil,0.2588629177746987,2.571351381249788,1.3132156405080853,-0.01260708828983298,0.07130079363120378,0.13817471840613127
M1_Macro_vs_M2_Macro_Oil__primary__Oil_Rent_Intensive_Pre2016_ge10pct,Oil_Rents_GDP_Pct_lag1,primary,Inward_FDI_Net_Flow_asinh,Oil_Rent_Intensive_Pre2016_ge10pct,Country_Holdout_CV,fold_2,ElasticNet,0.1805383829936733,3.1675329590981027,1.758012296721975,M1_Macro,M2_Macro_Oil,0.1902227944024718,3.0665776241502107,1.533841045488587,0.009684411408798499,-0.100955334947892,-0.224171251233388
M1_Macro_vs_M2_Macro_Oil__primary__Oil_Rent_Intensive_Pre2016_ge10pct,Oil_Rents_GDP_Pct_lag1,primary,Inward_FDI_Net_Flow_asinh,Oil_Rent_Intensive_Pre2016_ge10pct,Country_Holdout_CV,fold_2,RandomForest,0.2680502090505858,2.914225572148148,1.7448756810643884,M1_Macro,M2_Macro_Oil,0.25041346645516,3.1189928767730977,2.2516269331021705,-0.017636742595425803,0.20476730462494963,0.5067512520377822
M1_Macro_vs_M2_Macro_Oil__primary__Oil_Rent_Intensive_Pre2016_ge10pct,Oil_Rents_GDP_Pct_lag1,primary,Inward_FDI_Net_Flow_asinh,Oil_Rent_Intensive_Pre2016_ge10pct,Country_Holdout_CV,fold_2,Ridge,0.1800298361830812,3.167099329665572,1.7518142520674935,M1_Macro,M2_Macro_Oil,0.189794688036775,3.0653838672843507,1.526228912305745,0.009764851853693801,-0.10171546238122131,-0.22558533976174844
M1_Macro_vs_M2_Macro_Oil__primary__Oil_Rent_Intensive_Pre2016_ge10pct,Oil_Rents_GDP_Pct_lag1,primary,Inward_FDI_Net_Flow_asinh,Oil_Rent_Intensive_Pre2016_ge10pct,Country_Holdout_CV,fold_3,ElasticNet,0.310182329083795,3.523769787633116,2.6685300422389013,M1_Macro,M2_Macro_Oil,0.3170550248186889,3.542656380826989,2.6876777164596413,0.006872695734893908,0.01888659319387287,0.01914767422073993
M1_Macro_vs_M2_Macro_Oil__primary__Oil_Rent_Intensive_Pre2016_ge10pct,Oil_Rents_GDP_Pct_lag1,primary,Inward_FDI_Net_Flow_asinh,Oil_Rent_Intensive_Pre2016_ge10pct,Country_Holdout_CV,fold_3,RandomForest,0.1160987246511139,3.949297777874447,2.9956697333822726,M1_Macro,M2_Macro_Oil,0.157396278639212,3.8674443201559536,2.7920690694556347,0.04129755398809809,-0.0818534577184935,-0.2036006639266379
M1_Macro_vs_M2_Macro_Oil__primary__Oil_Rent_Intensive_Pre2016_ge10pct,Oil_Rents_GDP_Pct_lag1,primary,Inward_FDI_Net_Flow_asinh,Oil_Rent_Intensive_Pre2016_ge10pct,Country_Holdout_CV,fold_3,Ridge,0.3097184373022281,3.5237942800472504,2.690419842988011,M1_Macro,M2_Macro_Oil,0.3168835233588053,3.544379429938547,2.70060192007868,0.00716508605657723,0.020585149891296783,0.010182077090669317
M1_Macro_vs_M2_Macro_Oil__primary__Oil_Rent_Intensive_Pre2016_ge10pct,Oil_Rents_GDP_Pct_lag1,primary,Inward_FDI_Net_Flow_asinh,Oil_Rent_Intensive_Pre2016_ge10pct,Country_Holdout_CV,fold_4,ElasticNet,0.1299823571016662,3.0012842048352435,1.388933497123536,M1_Macro,M2_Macro_Oil,0.1374231226432316,2.929580796533229,1.2502274813569532,0.007440765541565392,-0.07170340830201472,-0.13870601576658292
M1_Macro_vs_M2_Macro_Oil__primary__Oil_Rent_Intensive_Pre2016_ge10pct,Oil_Rents_GDP_Pct_lag1,primary,Inward_FDI_Net_Flow_asinh,Oil_Rent_Intensive_Pre2016_ge10pct,Country_Holdout_CV,fold_4,RandomForest,0.0145655276396879,3.056785089644205,1.061932606407776,M1_Macro,M2_Macro_Oil,0.0457528390700535,2.969703858650208,1.001619702734593,0.0311873114303656,-0.08708123099399723,-0.060312903673183094
M1_Macro_vs_M2_Macro_Oil__primary__Oil_Rent_Intensive_Pre2016_ge10pct,Oil_Rents_GDP_Pct_lag1,primary,Inward_FDI_Net_Flow_asinh,Oil_Rent_Intensive_Pre2016_ge10pct,Country_Holdout_CV,fold_4,Ridge,0.1289832861587189,2.9958693693229965,1.3962611258862254,M1_Macro,M2_Macro_Oil,0.1365843079357684,2.922848733232467,1.2408035527184405,0.007601021777049494,-0.07302063609052967,-0.15545757316778497
M1_Macro_vs_M2_Macro_Oil__primary__Oil_Rent_Intensive_Pre2016_ge10pct,Oil_Rents_GDP_Pct_lag1,primary,Inward_FDI_Net_Flow_asinh,Oil_Rent_Intensive_Pre2016_ge10pct,Future_Period,train_to_2012__test_from_2013,ElasticNet,0.2434265184029433,3.429803469334414,1.1055405835456766,M1_Macro,M2_Macro_Oil,0.2434306843753999,3.3782268463485314,1.0040163362960677,4.165972456587896e-06,-0.051576622985882725,-0.10152424724960896
M1_Macro_vs_M2_Macro_Oil__primary__Oil_Rent_Intensive_Pre2016_ge10pct,Oil_Rents_GDP_Pct_lag1,primary,Inward_FDI_Net_Flow_asinh,Oil_Rent_Intensive_Pre2016_ge10pct,Future_Period,train_to_2012__test_from_2013,RandomForest,0.185728374170095,3.577545239689404,1.3143929438315372,M1_Macro,M2_Macro_Oil,0.1692681031729404,3.551644619877868,1.0577311429785046,-0.016460270997154608,-0.025900619811535908,-0.2566618008530326
M1_Macro_vs_M2_Macro_Oil__primary__Oil_Rent_Intensive_Pre2016_ge10pct,Oil_Rents_GDP_Pct_lag1,primary,Inward_FDI_Net_Flow_asinh,Oil_Rent_Intensive_Pre2016_ge10pct,Future_Period,train_to_2012__test_from_2013,Ridge,0.2433388376638664,3.427689556319525,1.0979798140656447,M1_Macro,M2_Macro_Oil,0.2433221436927574,3.375871347099597,0.9933425965541,-1.669397110901083e-05,-0.05181820921992797,-0.10463721751154476
M1_Macro_vs_M2_Macro_Oil__primary__Oil_Rent_Intensive_Pre2016_ge10pct,Oil_Rents_GDP_Pct_lag1,primary,Inward_FDI_Net_Flow_asinh,Oil_Rent_Intensive_Pre2016_ge10pct,Future_Period,train_to_2014__test_from_2015,ElasticNet,0.2631760227326889,3.566185252813161,1.382089347314805,M1_Macro,M2_Macro_Oil,0.2637268627890303,3.491462741430534,1.2526270575857428,0.0005508400563413729,-0.07472251138262687,-0.12946228972906226
M1_Macro_vs_M2_Macro_Oil__primary__Oil_Rent_Intensive_Pre2016_ge10pct,Oil_Rents_GDP_Pct_lag1,primary,Inward_FDI_Net_Flow_asinh,Oil_Rent_Intensive_Pre2016_ge10pct,Future_Period,train_to_2014__test_from_2015,RandomForest,0.289357449142359,3.537638295577393,1.8067895994149792,M1_Macro,M2_Macro_Oil,0.2788362690337126,3.571440457375709,1.610843609663462,-0.010521180108646389,0.033802161798315744,-0.19594598975151722
M1_Macro_vs_M2_Macro_Oil__primary__Oil_Rent_Intensive_Pre2016_ge10pct,Oil_Rents_GDP_Pct_lag1,primary,Inward_FDI_Net_Flow_asinh,Oil_Rent_Intensive_Pre2016_ge10pct,Future_Period,train_to_2014__test_from_2015,Ridge,0.2632779407166403,3.5631867756484983,1.379057589343046,M1_Macro,M2_Macro_Oil,0.2638092539566478,3.4874777481411274,1.2389825928414044,0.0005313132400074916,-0.07570902750737085,-0.14007499650164146
M1_Macro_vs_M2_Macro_Oil__primary__Oil_Rent_Intensive_Pre2016_ge10pct,Oil_Rents_GDP_Pct_lag1,primary,Inward_FDI_Net_Flow_asinh,Oil_Rent_Intensive_Pre2016_ge10pct,Future_Period,train_to_2015__test_from_2016,ElasticNet,0.2672746609817777,3.7014177501269168,1.3849699267693074,M1_Macro,M2_Macro_Oil,0.2665100735649061,3.6065770896732814,1.3062587322448311,-0.0007645874168716316,-0.09484066045363537,-0.07871119452447628
M1_Macro_vs_M2_Macro_Oil__primary__Oil_Rent_Intensive_Pre2016_ge10pct,Oil_Rents_GDP_Pct_lag1,primary,Inward_FDI_Net_Flow_asinh,Oil_Rent_Intensive_Pre2016_ge10pct,Future_Period,train_to_2015__test_from_2016,RandomForest,0.3154582944247883,3.638568722516778,2.289574348152803,M1_Macro,M2_Macro_Oil,0.3070645408180518,3.624850780953763,1.7454539268672011,-0.008393753606736498,-0.013717941563015312,-0.5441204212856019
M1_Macro_vs_M2_Macro_Oil__primary__Oil_Rent_Intensive_Pre2016_ge10pct,Oil_Rents_GDP_Pct_lag1,primary,Inward_FDI_Net_Flow_asinh,Oil_Rent_Intensive_Pre2016_ge10pct,Future_Period,train_to_2015__test_from_2016,Ridge,0.267486675002582,3.697492907221812,1.3832816923556397,M1_Macro,M2_Macro_Oil,0.2666700220801011,3.602118059238659,1.3025012018749895,-0.0008166529224808983,-0.0953748479831531,-0.08078049048065017
M1_Macro_vs_M2_Macro_Oil__primary__Oil_Rent_Intensive_Pre2016_ge10pct,Oil_Rents_GDP_Pct_lag1,primary,Inward_FDI_Net_Flow_asinh,Oil_Rent_Intensive_Pre2016_ge10pct,Future_Period,train_to_2016__test_from_2017,ElasticNet,0.299698741581658,3.7146374520297294,1.5040884820221638,M1_Macro,M2_Macro_Oil,0.3026581533742791,3.642242977771432,1.477706447127893,0.0029594117926211028,-0.07239447425829759,-0.026382034894270934
M1_Macro_vs_M2_Macro_Oil__primary__Oil_Rent_Intensive_Pre2016_ge10pct,Oil_Rents_GDP_Pct_lag1,primary,Inward_FDI_Net_Flow_asinh,Oil_Rent_Intensive_Pre2016_ge10pct,Future_Period,train_to_2016__test_from_2017,RandomForest,0.3686308109510003,3.428820354447716,1.7121153907521454,M1_Macro,M2_Macro_Oil,0.3482002212082967,3.584801567593138,1.7120681975729657,-0.02043058974270362,0.1559812131454219,-4.719317917967203e-05
M1_Macro_vs_M2_Macro_Oil__primary__Oil_Rent_Intensive_Pre2016_ge10pct,Oil_Rents_GDP_Pct_lag1,primary,Inward_FDI_Net_Flow_asinh,Oil_Rent_Intensive_Pre2016_ge10pct,Future_Period,train_to_2016__test_from_2017,Ridge,0.2999655461619455,3.711441324381551,1.5003095090978291,M1_Macro,M2_Macro_Oil,0.3029775094617201,3.638159508336415,1.4756533144609651,0.0030119632997746004,-0.07328181604513606,-0.02465619463686397
M1_Macro_vs_M2_Macro_Oil__primary__Oil_Rent_Intensive_Pre2016_ge10pct,Oil_Rents_GDP_Pct_lag1,primary,Inward_FDI_Net_Flow_asinh,Oil_Rent_Intensive_Pre2016_ge10pct,Future_Period,train_to_2018__test_from_2019,ElasticNet,0.2774935876718249,4.00124318887339,1.7276094895467464,M1_Macro,M2_Macro_Oil,0.2827887329892892,3.923478026547131,1.647491067552739,0.005295145317464278,-0.07776516232625941,-0.08011842199400743
M1_Macro_vs_M2_Macro_Oil__primary__Oil_Rent_Intensive_Pre2016_ge10pct,Oil_Rents_GDP_Pct_lag1,primary,Inward_FDI_Net_Flow_asinh,Oil_Rent_Intensive_Pre2016_ge10pct,Future_Period,train_to_2018__test_from_2019,RandomForest,0.327887566814507,3.703944152597941,2.135255283956849,M1_Macro,M2_Macro_Oil,0.3230198398778305,3.882343355329711,2.5424571385539685,-0.004867726936676475,0.17839920273177023,0.40720185459711944
M1_Macro_vs_M2_Macro_Oil__primary__Oil_Rent_Intensive_Pre2016_ge10pct,Oil_Rents_GDP_Pct_lag1,primary,Inward_FDI_Net_Flow_asinh,Oil_Rent_Intensive_Pre2016_ge10pct,Future_Period,train_to_2018__test_from_2019,Ridge,0.2773985104500345,3.997788906425172,1.73174951222117,M1_Macro,M2_Macro_Oil,0.2828013608014051,3.9193516728348112,1.6446969275386103,0.005402850351370614,-0.07843723359036092,-0.08705258468255961
M1_Macro_vs_M2_Macro_Oil__primary__Oil_Rent_Intensive_Pre2016_ge15pct,Oil_Rents_GDP_Pct_lag1,primary,Inward_FDI_Net_Flow_asinh,Oil_Rent_Intensive_Pre2016_ge15pct,Country_Holdout_CV,fold_0,ElasticNet,0.3869977613251042,2.6295563647744187,1.5713816199184665,M1_Macro,M2_Macro_Oil,0.3929148491586529,2.588374342148908,1.5100411499032251,0.005917087833548662,-0.04118202262551085,-0.061340470015241344
M1_Macro_vs_M2_Macro_Oil__primary__Oil_Rent_Intensive_Pre2016_ge15pct,Oil_Rents_GDP_Pct_lag1,primary,Inward_FDI_Net_Flow_asinh,Oil_Rent_Intensive_Pre2016_ge15pct,Country_Holdout_CV,fold_0,RandomForest,0.3866394218304976,2.553536775580301,1.4751586518878312,M1_Macro,M2_Macro_Oil,0.366178789452696,2.609055173204302,1.5885682992211,-0.020460632377801602,0.055518397624001015,0.11340964733326886
M1_Macro_vs_M2_Macro_Oil__primary__Oil_Rent_Intensive_Pre2016_ge15pct,Oil_Rents_GDP_Pct_lag1,primary,Inward_FDI_Net_Flow_asinh,Oil_Rent_Intensive_Pre2016_ge15pct,Country_Holdout_CV,fold_0,Ridge,0.3874204890261156,2.6285399097835507,1.5931495703564735,M1_Macro,M2_Macro_Oil,0.3933906975035501,2.586974494024014,1.507846756588636,0.005970208477434513,-0.04156541575953687,-0.08530281376783755
M1_Macro_vs_M2_Macro_Oil__primary__Oil_Rent_Intensive_Pre2016_ge15pct,Oil_Rents_GDP_Pct_lag1,primary,Inward_FDI_Net_Flow_asinh,Oil_Rent_Intensive_Pre2016_ge15pct,Country_Holdout_CV,fold_1,ElasticNet,0.2622034317300215,2.456724572026647,1.0917557261994784,M1_Macro,M2_Macro_Oil,0.2530238215774364,2.4879466585499643,1.1110196223992723,-0.00917961015258506,0.031222086523317483,0.01926389619979396
M1_Macro_vs_M2_Macro_Oil__primary__Oil_Rent_Intensive_Pre2016_ge15pct,Oil_Rents_GDP_Pct_lag1,primary,Inward_FDI_Net_Flow_asinh,Oil_Rent_Intensive_Pre2016_ge15pct,Country_Holdout_CV,fold_1,RandomForest,0.2644357294196787,2.548569597779521,1.2117796148540545,M1_Macro,M2_Macro_Oil,0.2369597791969251,2.656562385900583,1.301410397002139,-0.027475950222753592,0.10799278812106206,0.0896307821480844
M1_Macro_vs_M2_Macro_Oil__primary__Oil_Rent_Intensive_Pre2016_ge15pct,Oil_Rents_GDP_Pct_lag1,primary,Inward_FDI_Net_Flow_asinh,Oil_Rent_Intensive_Pre2016_ge15pct,Country_Holdout_CV,fold_1,Ridge,0.2613359664193176,2.452568612525359,1.0504761727143306,M1_Macro,M2_Macro_Oil,0.2521077468813965,2.4863976831109342,1.1174940758937306,-0.009228219537921134,0.03382907058557505,0.06701790317940004
M1_Macro_vs_M2_Macro_Oil__primary__Oil_Rent_Intensive_Pre2016_ge15pct,Oil_Rents_GDP_Pct_lag1,primary,Inward_FDI_Net_Flow_asinh,Oil_Rent_Intensive_Pre2016_ge15pct,Country_Holdout_CV,fold_2,ElasticNet,-0.0262328379871719,3.875206530620989,1.8747220334873165,M1_Macro,M2_Macro_Oil,-0.0340838319121337,3.888544413023672,2.182222996047398,-0.007850993924961795,0.013337882402683299,0.3075009625600813
M1_Macro_vs_M2_Macro_Oil__primary__Oil_Rent_Intensive_Pre2016_ge15pct,Oil_Rents_GDP_Pct_lag1,primary,Inward_FDI_Net_Flow_asinh,Oil_Rent_Intensive_Pre2016_ge15pct,Country_Holdout_CV,fold_2,RandomForest,0.0734989285511462,3.6441313426488384,2.244481546197597,M1_Macro,M2_Macro_Oil,0.1167804234715848,3.5370259334602148,1.9339031931936592,0.04328149492043859,-0.10710540918862366,-0.31057835300393766
M1_Macro_vs_M2_Macro_Oil__primary__Oil_Rent_Intensive_Pre2016_ge15pct,Oil_Rents_GDP_Pct_lag1,primary,Inward_FDI_Net_Flow_asinh,Oil_Rent_Intensive_Pre2016_ge15pct,Country_Holdout_CV,fold_2,Ridge,-0.0267816085506098,3.875675272882768,1.8702575385142115,M1_Macro,M2_Macro_Oil,-0.0347134015986769,3.8904422522785422,2.1873308778347207,-0.007931793048067098,0.014766979395774094,0.3170733393205092
M1_Macro_vs_M2_Macro_Oil__primary__Oil_Rent_Intensive_Pre2016_ge15pct,Oil_Rents_GDP_Pct_lag1,primary,Inward_FDI_Net_Flow_asinh,Oil_Rent_Intensive_Pre2016_ge15pct,Country_Holdout_CV,fold_3,ElasticNet,0.2780267414257014,3.439543104362813,2.69243997295015,M1_Macro,M2_Macro_Oil,0.2811546870396059,3.4365804964971582,2.6784368511976924,0.0031279456139045037,-0.0029626078656548316,-0.014003121752457659
M1_Macro_vs_M2_Macro_Oil__primary__Oil_Rent_Intensive_Pre2016_ge15pct,Oil_Rents_GDP_Pct_lag1,primary,Inward_FDI_Net_Flow_asinh,Oil_Rent_Intensive_Pre2016_ge15pct,Country_Holdout_CV,fold_3,RandomForest,0.2821936559166272,3.27285980816966,2.295227519011741,M1_Macro,M2_Macro_Oil,0.2815216837025053,3.2743131680537383,2.083785482861918,-0.0006719722141219076,0.0014533598840782425,-0.21144203614982304
M1_Macro_vs_M2_Macro_Oil__primary__Oil_Rent_Intensive_Pre2016_ge15pct,Oil_Rents_GDP_Pct_lag1,primary,Inward_FDI_Net_Flow_asinh,Oil_Rent_Intensive_Pre2016_ge15pct,Country_Holdout_CV,fold_3,Ridge,0.277262853005411,3.4413000266627725,2.697620119135407,M1_Macro,M2_Macro_Oil,0.280561585930114,3.438174877527176,2.6828745057339742,0.0032987329247030073,-0.0031251491355965832,-0.014745613401432767
M1_Macro_vs_M2_Macro_Oil__primary__Oil_Rent_Intensive_Pre2016_ge15pct,Oil_Rents_GDP_Pct_lag1,primary,Inward_FDI_Net_Flow_asinh,Oil_Rent_Intensive_Pre2016_ge15pct,Country_Holdout_CV,fold_4,ElasticNet,0.4685663084914087,2.1431119777366563,1.1670014663072728,M1_Macro,M2_Macro_Oil,0.4738653219726867,2.1202917124232643,1.107972994143683,0.0052990134812780365,-0.022820265313391985,-0.05902847216358964
M1_Macro_vs_M2_Macro_Oil__primary__Oil_Rent_Intensive_Pre2016_ge15pct,Oil_Rents_GDP_Pct_lag1,primary,Inward_FDI_Net_Flow_asinh,Oil_Rent_Intensive_Pre2016_ge15pct,Country_Holdout_CV,fold_4,RandomForest,0.3472323114339107,2.433772494327169,1.1473926573451485,M1_Macro,M2_Macro_Oil,0.3236491924056652,2.57518083037806,1.6417996162548727,-0.023583119028245503,0.14140833605089131,0.4944069589097242
M1_Macro_vs_M2_Macro_Oil__primary__Oil_Rent_Intensive_Pre2016_ge15pct,Oil_Rents_GDP_Pct_lag1,primary,Inward_FDI_Net_Flow_asinh,Oil_Rent_Intensive_Pre2016_ge15pct,Country_Holdout_CV,fold_4,Ridge,0.4687342326132748,2.133016916005801,1.164299869647868,M1_Macro,M2_Macro_Oil,0.4741753043420131,2.1097625002013483,1.1119201571059838,0.0054410717287383115,-0.023254415804452755,-0.052379712541884116
M1_Macro_vs_M2_Macro_Oil__primary__Oil_Rent_Intensive_Pre2016_ge15pct,Oil_Rents_GDP_Pct_lag1,primary,Inward_FDI_Net_Flow_asinh,Oil_Rent_Intensive_Pre2016_ge15pct,Future_Period,train_to_2012__test_from_2013,ElasticNet,0.3444261097324905,3.314379484565981,1.2956436073449369,M1_Macro,M2_Macro_Oil,0.3400506954884595,3.2491924659461127,1.1184023516362749,-0.004375414244030984,-0.0651870186198682,-0.177241255708662
M1_Macro_vs_M2_Macro_Oil__primary__Oil_Rent_Intensive_Pre2016_ge15pct,Oil_Rents_GDP_Pct_lag1,primary,Inward_FDI_Net_Flow_asinh,Oil_Rent_Intensive_Pre2016_ge15pct,Future_Period,train_to_2012__test_from_2013,RandomForest,0.2849751839900839,3.390820515619122,1.0363478975533087,M1_Macro,M2_Macro_Oil,0.2442568068673436,3.4509856873231053,1.1483567366620098,-0.04071837712274032,0.0601651717039835,0.11200883910870107
M1_Macro_vs_M2_Macro_Oil__primary__Oil_Rent_Intensive_Pre2016_ge15pct,Oil_Rents_GDP_Pct_lag1,primary,Inward_FDI_Net_Flow_asinh,Oil_Rent_Intensive_Pre2016_ge15pct,Future_Period,train_to_2012__test_from_2013,Ridge,0.3450228585940804,3.3121361297790117,1.2914101864403111,M1_Macro,M2_Macro_Oil,0.3405080965123682,3.24627633630717,1.1151151762902387,-0.004514762081712198,-0.06585979347184168,-0.17629501015007243
M1_Macro_vs_M2_Macro_Oil__primary__Oil_Rent_Intensive_Pre2016_ge15pct,Oil_Rents_GDP_Pct_lag1,primary,Inward_FDI_Net_Flow_asinh,Oil_Rent_Intensive_Pre2016_ge15pct,Future_Period,train_to_2014__test_from_2015,ElasticNet,0.3557638314068274,3.444718863653269,1.4753658808072512,M1_Macro,M2_Macro_Oil,0.3503881079287789,3.3535408669523616,1.2825506585338005,-0.005375723478048489,-0.0911779967009072,-0.19281522227345071
M1_Macro_vs_M2_Macro_Oil__primary__Oil_Rent_Intensive_Pre2016_ge15pct,Oil_Rents_GDP_Pct_lag1,primary,Inward_FDI_Net_Flow_asinh,Oil_Rent_Intensive_Pre2016_ge15pct,Future_Period,train_to_2014__test_from_2015,RandomForest,0.3382315232849966,3.472038674450584,1.6983316415648515,M1_Macro,M2_Macro_Oil,0.3532508248947869,3.3373577197612003,1.4622208375433,0.015019301609790259,-0.13468095468938346,-0.2361108040215516
M1_Macro_vs_M2_Macro_Oil__primary__Oil_Rent_Intensive_Pre2016_ge15pct,Oil_Rents_GDP_Pct_lag1,primary,Inward_FDI_Net_Flow_asinh,Oil_Rent_Intensive_Pre2016_ge15pct,Future_Period,train_to_2014__test_from_2015,Ridge,0.3564862206416885,3.440869692447772,1.474233823279615,M1_Macro,M2_Macro_Oil,0.3509328839005248,3.3498878514308283,1.2797419415642528,-0.005553336741163706,-0.09098184101694384,-0.19449188171536225
M1_Macro_vs_M2_Macro_Oil__primary__Oil_Rent_Intensive_Pre2016_ge15pct,Oil_Rents_GDP_Pct_lag1,primary,Inward_FDI_Net_Flow_asinh,Oil_Rent_Intensive_Pre2016_ge15pct,Future_Period,train_to_2015__test_from_2016,ElasticNet,0.3742120778544777,3.530785255780697,1.5505907087370652,M1_Macro,M2_Macro_Oil,0.3677288223093463,3.422713670470711,1.333915150569533,-0.0064832555451314056,-0.10807158530998606,-0.21667555816753215
M1_Macro_vs_M2_Macro_Oil__primary__Oil_Rent_Intensive_Pre2016_ge15pct,Oil_Rents_GDP_Pct_lag1,primary,Inward_FDI_Net_Flow_asinh,Oil_Rent_Intensive_Pre2016_ge15pct,Future_Period,train_to_2015__test_from_2016,RandomForest,0.4236603387169642,3.325524221961092,1.6820465882748623,M1_Macro,M2_Macro_Oil,0.401403531087829,3.4288518894734654,1.749870827430807,-0.022256807629135178,0.10332766751237354,0.06782423915594471
M1_Macro_vs_M2_Macro_Oil__primary__Oil_Rent_Intensive_Pre2016_ge15pct,Oil_Rents_GDP_Pct_lag1,primary,Inward_FDI_Net_Flow_asinh,Oil_Rent_Intensive_Pre2016_ge15pct,Future_Period,train_to_2015__test_from_2016,Ridge,0.3750600110838972,3.525661282259536,1.5548806251130998,M1_Macro,M2_Macro_Oil,0.3684970017476296,3.417318434115839,1.3371902418296266,-0.006563009336267578,-0.10834284814369699,-0.21769038328347312
M1_Macro_vs_M2_Macro_Oil__primary__Oil_Rent_Intensive_Pre2016_ge15pct,Oil_Rents_GDP_Pct_lag1,primary,Inward_FDI_Net_Flow_asinh,Oil_Rent_Intensive_Pre2016_ge15pct,Future_Period,train_to_2016__test_from_2017,ElasticNet,0.3934166440999539,3.528316289152496,1.5601561404070594,M1_Macro,M2_Macro_Oil,0.3903500821666699,3.436607649870102,1.3819656349454874,-0.003066561933284029,-0.09170863928239381,-0.178190505461572
M1_Macro_vs_M2_Macro_Oil__primary__Oil_Rent_Intensive_Pre2016_ge15pct,Oil_Rents_GDP_Pct_lag1,primary,Inward_FDI_Net_Flow_asinh,Oil_Rent_Intensive_Pre2016_ge15pct,Future_Period,train_to_2016__test_from_2017,RandomForest,0.4198256640660197,3.366534122453844,1.6933195877343787,M1_Macro,M2_Macro_Oil,0.4211338057142041,3.290540452603381,1.3971666333300798,0.0013081416481844355,-0.07599366985046307,-0.2961529544042989
M1_Macro_vs_M2_Macro_Oil__primary__Oil_Rent_Intensive_Pre2016_ge15pct,Oil_Rents_GDP_Pct_lag1,primary,Inward_FDI_Net_Flow_asinh,Oil_Rent_Intensive_Pre2016_ge15pct,Future_Period,train_to_2016__test_from_2017,Ridge,0.3943278629201673,3.5233256873894274,1.5547926357708697,M1_Macro,M2_Macro_Oil,0.3912060610133122,3.4316318267506034,1.3719942361239568,-0.003121801906855126,-0.09169386063882401,-0.1827983996469129
M1_Macro_vs_M2_Macro_Oil__primary__Oil_Rent_Intensive_Pre2016_ge15pct,Oil_Rents_GDP_Pct_lag1,primary,Inward_FDI_Net_Flow_asinh,Oil_Rent_Intensive_Pre2016_ge15pct,Future_Period,train_to_2018__test_from_2019,ElasticNet,0.3722045053502264,3.746135285386581,1.7342325433375885,M1_Macro,M2_Macro_Oil,0.3730155518487159,3.6724389186538304,1.6721118215854642,0.0008110464984894539,-0.07369636673275037,-0.06212072175212424
M1_Macro_vs_M2_Macro_Oil__primary__Oil_Rent_Intensive_Pre2016_ge15pct,Oil_Rents_GDP_Pct_lag1,primary,Inward_FDI_Net_Flow_asinh,Oil_Rent_Intensive_Pre2016_ge15pct,Future_Period,train_to_2018__test_from_2019,RandomForest,0.4196055218735806,3.412935072024216,1.5555163205585163,M1_Macro,M2_Macro_Oil,0.3873280015865085,3.53138994473022,1.773797138338796,-0.03227752028707209,0.11845487270600419,0.21828081778027975
M1_Macro_vs_M2_Macro_Oil__primary__Oil_Rent_Intensive_Pre2016_ge15pct,Oil_Rents_GDP_Pct_lag1,primary,Inward_FDI_Net_Flow_asinh,Oil_Rent_Intensive_Pre2016_ge15pct,Future_Period,train_to_2018__test_from_2019,Ridge,0.3727894744224571,3.744675088074784,1.7574430958654226,M1_Macro,M2_Macro_Oil,0.3735529554771002,3.6665785683155394,1.6747822587416483,0.0007634810546431336,-0.07809651975924448,-0.08266083712377426
M1_Macro_vs_M2_Macro_Oil__primary__Oil_Rent_Intensive_Pre2016_ge1pct,Oil_Rents_GDP_Pct_lag1,primary,Inward_FDI_Net_Flow_asinh,Oil_Rent_Intensive_Pre2016_ge1pct,Country_Holdout_CV,fold_0,ElasticNet,0.3481052663556297,1.9163831436489795,0.735193231426992,M1_Macro,M2_Macro_Oil,0.3564264670916525,1.998214666484424,0.8017292811085781,0.008321200736022771,0.08183152283544448,0.0665360496815861
M1_Macro_vs_M2_Macro_Oil__primary__Oil_Rent_Intensive_Pre2016_ge1pct,Oil_Rents_GDP_Pct_lag1,primary,Inward_FDI_Net_Flow_asinh,Oil_Rent_Intensive_Pre2016_ge1pct,Country_Holdout_CV,fold_0,RandomForest,0.4003713582207363,1.9012119760668584,0.8747075552737229,M1_Macro,M2_Macro_Oil,0.399566730390743,1.9011328349012004,0.8065571676991272,-0.0008046278299932985,-7.914116565799212e-05,-0.06815038757459568
M1_Macro_vs_M2_Macro_Oil__primary__Oil_Rent_Intensive_Pre2016_ge1pct,Oil_Rents_GDP_Pct_lag1,primary,Inward_FDI_Net_Flow_asinh,Oil_Rent_Intensive_Pre2016_ge1pct,Country_Holdout_CV,fold_0,Ridge,0.3489547766052758,1.9119570668098196,0.7293582324117036,M1_Macro,M2_Macro_Oil,0.3571389268979851,1.9946309388937429,0.795392924111602,0.008184150292709302,0.0826738720839233,0.0660346916998984
M1_Macro_vs_M2_Macro_Oil__primary__Oil_Rent_Intensive_Pre2016_ge1pct,Oil_Rents_GDP_Pct_lag1,primary,Inward_FDI_Net_Flow_asinh,Oil_Rent_Intensive_Pre2016_ge1pct,Country_Holdout_CV,fold_1,ElasticNet,0.3293650983759874,1.6098864797809151,0.7398430620319463,M1_Macro,M2_Macro_Oil,0.3301559384012331,1.657276589541562,0.7055697740926057,0.0007908400252457093,0.04739010976064684,-0.03427328793934059
M1_Macro_vs_M2_Macro_Oil__primary__Oil_Rent_Intensive_Pre2016_ge1pct,Oil_Rents_GDP_Pct_lag1,primary,Inward_FDI_Net_Flow_asinh,Oil_Rent_Intensive_Pre2016_ge1pct,Country_Holdout_CV,fold_1,RandomForest,0.1891341319111422,2.035009913991784,1.0910506534575246,M1_Macro,M2_Macro_Oil,0.2293970353461338,2.0851091304660194,1.2094012530297622,0.04026290343499159,0.05009921647423532,0.11835059957223759
M1_Macro_vs_M2_Macro_Oil__primary__Oil_Rent_Intensive_Pre2016_ge1pct,Oil_Rents_GDP_Pct_lag1,primary,Inward_FDI_Net_Flow_asinh,Oil_Rent_Intensive_Pre2016_ge1pct,Country_Holdout_CV,fold_1,Ridge,0.3291380260856682,1.6085431261166463,0.7411888449370583,M1_Macro,M2_Macro_Oil,0.3299614446298701,1.6566472987428658,0.712150389860426,0.0008234185442018704,0.048104172626219466,-0.029038455076632275
M1_Macro_vs_M2_Macro_Oil__primary__Oil_Rent_Intensive_Pre2016_ge1pct,Oil_Rents_GDP_Pct_lag1,primary,Inward_FDI_Net_Flow_asinh,Oil_Rent_Intensive_Pre2016_ge1pct,Country_Holdout_CV,fold_2,ElasticNet,0.252298533838831,1.94813986902933,0.9556920981736132,M1_Macro,M2_Macro_Oil,0.2729072474980591,1.8038101864395053,0.7812565260618185,0.020608713659228117,-0.1443296825898246,-0.17443557211179472
M1_Macro_vs_M2_Macro_Oil__primary__Oil_Rent_Intensive_Pre2016_ge1pct,Oil_Rents_GDP_Pct_lag1,primary,Inward_FDI_Net_Flow_asinh,Oil_Rent_Intensive_Pre2016_ge1pct,Country_Holdout_CV,fold_2,RandomForest,0.3156016885323753,1.9050194584619529,0.9011706884782232,M1_Macro,M2_Macro_Oil,0.375899638809954,1.7809130418327703,0.8810026615569408,0.06029795027757867,-0.12410641662918254,-0.02016802692128239
M1_Macro_vs_M2_Macro_Oil__primary__Oil_Rent_Intensive_Pre2016_ge1pct,Oil_Rents_GDP_Pct_lag1,primary,Inward_FDI_Net_Flow_asinh,Oil_Rent_Intensive_Pre2016_ge1pct,Country_Holdout_CV,fold_2,Ridge,0.251426082419907,1.945697507515282,0.9447169935559838,M1_Macro,M2_Macro_Oil,0.272043167846218,1.800859141721737,0.7726910725102614,0.02061708542631102,-0.14483836579354503,-0.17202592104572245
M1_Macro_vs_M2_Macro_Oil__primary__Oil_Rent_Intensive_Pre2016_ge1pct,Oil_Rents_GDP_Pct_lag1,primary,Inward_FDI_Net_Flow_asinh,Oil_Rent_Intensive_Pre2016_ge1pct,Country_Holdout_CV,fold_3,ElasticNet,0.3630421677927385,2.689231693742834,1.4896071677241831,M1_Macro,M2_Macro_Oil,0.378794120607044,2.726795507848712,1.672753468787835,0.01575195281430547,0.037563814105877835,0.18314630106365182
M1_Macro_vs_M2_Macro_Oil__primary__Oil_Rent_Intensive_Pre2016_ge1pct,Oil_Rents_GDP_Pct_lag1,primary,Inward_FDI_Net_Flow_asinh,Oil_Rent_Intensive_Pre2016_ge1pct,Country_Holdout_CV,fold_3,RandomForest,0.3115182309966731,2.493486026686284,0.9869897534572591,M1_Macro,M2_Macro_Oil,0.3635518751872852,2.510475087466849,1.026405148491209,0.05203364419061213,0.016989060780564724,0.03941539503394975
M1_Macro_vs_M2_Macro_Oil__primary__Oil_Rent_Intensive_Pre2016_ge1pct,Oil_Rents_GDP_Pct_lag1,primary,Inward_FDI_Net_Flow_asinh,Oil_Rent_Intensive_Pre2016_ge1pct,Country_Holdout_CV,fold_3,Ridge,0.3630238153560167,2.6932271187481875,1.4895771448452018,M1_Macro,M2_Macro_Oil,0.3787445747167258,2.730287492081658,1.6869450756328654,0.015720759360709102,0.037060373333470675,0.19736793078766368
M1_Macro_vs_M2_Macro_Oil__primary__Oil_Rent_Intensive_Pre2016_ge1pct,Oil_Rents_GDP_Pct_lag1,primary,Inward_FDI_Net_Flow_asinh,Oil_Rent_Intensive_Pre2016_ge1pct,Country_Holdout_CV,fold_4,ElasticNet,0.2100811626354256,2.0934927100088125,1.0426488327274108,M1_Macro,M2_Macro_Oil,0.2298582483486179,1.9452786803835005,0.7818334305408543,0.01977708571319231,-0.14821402962531205,-0.2608154021865565
M1_Macro_vs_M2_Macro_Oil__primary__Oil_Rent_Intensive_Pre2016_ge1pct,Oil_Rents_GDP_Pct_lag1,primary,Inward_FDI_Net_Flow_asinh,Oil_Rent_Intensive_Pre2016_ge1pct,Country_Holdout_CV,fold_4,RandomForest,0.2047050692062991,2.311745970277853,0.9677155064696412,M1_Macro,M2_Macro_Oil,0.2297740618950088,2.162454339525103,0.8962067616902702,0.025068992688709685,-0.14929163075274987,-0.07150874477937097
M1_Macro_vs_M2_Macro_Oil__primary__Oil_Rent_Intensive_Pre2016_ge1pct,Oil_Rents_GDP_Pct_lag1,primary,Inward_FDI_Net_Flow_asinh,Oil_Rent_Intensive_Pre2016_ge1pct,Country_Holdout_CV,fold_4,Ridge,0.2091866119399178,2.091848751042222,1.0367910014891302,M1_Macro,M2_Macro_Oil,0.2291842674653611,1.9412861143279907,0.7719645921342968,0.019997655525443303,-0.1505626367142312,-0.26482640935483337
M1_Macro_vs_M2_Macro_Oil__primary__Oil_Rent_Intensive_Pre2016_ge1pct,Oil_Rents_GDP_Pct_lag1,primary,Inward_FDI_Net_Flow_asinh,Oil_Rent_Intensive_Pre2016_ge1pct,Future_Period,train_to_2012__test_from_2013,ElasticNet,0.3233325759985679,2.2607609294207376,0.7823415541069694,M1_Macro,M2_Macro_Oil,0.3335924615235194,2.1796860870609747,0.6625507618247486,0.010259885524951495,-0.08107484235976292,-0.11979079228222078
M1_Macro_vs_M2_Macro_Oil__primary__Oil_Rent_Intensive_Pre2016_ge1pct,Oil_Rents_GDP_Pct_lag1,primary,Inward_FDI_Net_Flow_asinh,Oil_Rent_Intensive_Pre2016_ge1pct,Future_Period,train_to_2012__test_from_2013,RandomForest,0.3395255152154923,2.207781116228656,0.7690616924769569,M1_Macro,M2_Macro_Oil,0.3332579639679421,2.2069427898360825,0.6907711204836802,-0.006267551247550185,-0.0008383263925733075,-0.07829057199327671
M1_Macro_vs_M2_Macro_Oil__primary__Oil_Rent_Intensive_Pre2016_ge1pct,Oil_Rents_GDP_Pct_lag1,primary,Inward_FDI_Net_Flow_asinh,Oil_Rent_Intensive_Pre2016_ge1pct,Future_Period,train_to_2012__test_from_2013,Ridge,0.3235844466656025,2.2579775816137344,0.770259992107877,M1_Macro,M2_Macro_Oil,0.3338961374543663,2.1761827494968218,0.6670233645372079,0.010311690788763817,-0.08179483211691263,-0.10323662757066909
M1_Macro_vs_M2_Macro_Oil__primary__Oil_Rent_Intensive_Pre2016_ge1pct,Oil_Rents_GDP_Pct_lag1,primary,Inward_FDI_Net_Flow_asinh,Oil_Rent_Intensive_Pre2016_ge1pct,Future_Period,train_to_2014__test_from_2015,ElasticNet,0.3324965691784207,2.334279334369308,0.8206189618277158,M1_Macro,M2_Macro_Oil,0.3432932948728785,2.2314625203708047,0.6844634449030984,0.010796725694457832,-0.10281681399850306,-0.13615551692461736
M1_Macro_vs_M2_Macro_Oil__primary__Oil_Rent_Intensive_Pre2016_ge1pct,Oil_Rents_GDP_Pct_lag1,primary,Inward_FDI_Net_Flow_asinh,Oil_Rent_Intensive_Pre2016_ge1pct,Future_Period,train_to_2014__test_from_2015,RandomForest,0.3706241198455041,2.232450606471907,0.6661062204508132,M1_Macro,M2_Macro_Oil,0.3900511932316931,2.176090160031462,0.6979058682428914,0.019427073386189042,-0.0563604464404448,0.03179964779207811
M1_Macro_vs_M2_Macro_Oil__primary__Oil_Rent_Intensive_Pre2016_ge1pct,Oil_Rents_GDP_Pct_lag1,primary,Inward_FDI_Net_Flow_asinh,Oil_Rent_Intensive_Pre2016_ge1pct,Future_Period,train_to_2014__test_from_2015,Ridge,0.3328940684224143,2.3311876526980955,0.8174211075589302,M1_Macro,M2_Macro_Oil,0.3437087271275756,2.2276057254292776,0.6758817238394865,0.010814658705161295,-0.10358192726881787,-0.14153938371944363
M1_Macro_vs_M2_Macro_Oil__primary__Oil_Rent_Intensive_Pre2016_ge1pct,Oil_Rents_GDP_Pct_lag1,primary,Inward_FDI_Net_Flow_asinh,Oil_Rent_Intensive_Pre2016_ge1pct,Future_Period,train_to_2015__test_from_2016,ElasticNet,0.3435839894716554,2.3980467759700708,0.8783522853395014,M1_Macro,M2_Macro_Oil,0.3552449793905065,2.280128776620901,0.6870430855026548,0.011660989918851061,-0.11791799934916991,-0.19130919983684658
M1_Macro_vs_M2_Macro_Oil__primary__Oil_Rent_Intensive_Pre2016_ge1pct,Oil_Rents_GDP_Pct_lag1,primary,Inward_FDI_Net_Flow_asinh,Oil_Rent_Intensive_Pre2016_ge1pct,Future_Period,train_to_2015__test_from_2016,RandomForest,0.4120502456864173,2.235214118187117,0.725725265046421,M1_Macro,M2_Macro_Oil,0.412242850491752,2.1947163905976144,0.6970575363363594,0.00019260480533472846,-0.04049772758950265,-0.028667728710061624
M1_Macro_vs_M2_Macro_Oil__primary__Oil_Rent_Intensive_Pre2016_ge1pct,Oil_Rents_GDP_Pct_lag1,primary,Inward_FDI_Net_Flow_asinh,Oil_Rent_Intensive_Pre2016_ge1pct,Future_Period,train_to_2015__test_from_2016,Ridge,0.3440449816423648,2.394903292752142,0.8635967826555406,M1_Macro,M2_Macro_Oil,0.3557422915316456,2.276011786280635,0.6758433294830599,0.011697309889280805,-0.11889150647150704,-0.1877534531724807
M1_Macro_vs_M2_Macro_Oil__primary__Oil_Rent_Intensive_Pre2016_ge1pct,Oil_Rents_GDP_Pct_lag1,primary,Inward_FDI_Net_Flow_asinh,Oil_Rent_Intensive_Pre2016_ge1pct,Future_Period,train_to_2016__test_from_2017,ElasticNet,0.3646521494838097,2.4041909801154957,0.8967003143547858,M1_Macro,M2_Macro_Oil,0.3788935877502392,2.28551276451424,0.7337887106903986,0.014241438266429485,-0.11867821560125558,-0.16291160366438717
M1_Macro_vs_M2_Macro_Oil__primary__Oil_Rent_Intensive_Pre2016_ge1pct,Oil_Rents_GDP_Pct_lag1,primary,Inward_FDI_Net_Flow_asinh,Oil_Rent_Intensive_Pre2016_ge1pct,Future_Period,train_to_2016__test_from_2017,RandomForest,0.4312752615885817,2.2167270671629797,0.681911133184677,M1_Macro,M2_Macro_Oil,0.4543378699603286,2.125585550795121,0.6830251599773227,0.023062608371746895,-0.09114151636785861,0.001114026792645717
M1_Macro_vs_M2_Macro_Oil__primary__Oil_Rent_Intensive_Pre2016_ge1pct,Oil_Rents_GDP_Pct_lag1,primary,Inward_FDI_Net_Flow_asinh,Oil_Rent_Intensive_Pre2016_ge1pct,Future_Period,train_to_2016__test_from_2017,Ridge,0.3652108364764835,2.4011594452643403,0.8884855192310765,M1_Macro,M2_Macro_Oil,0.3795305710098621,2.281670015263748,0.7234044089820282,0.014319734533378592,-0.1194894300005922,-0.16508111024904837
M1_Macro_vs_M2_Macro_Oil__primary__Oil_Rent_Intensive_Pre2016_ge1pct,Oil_Rents_GDP_Pct_lag1,primary,Inward_FDI_Net_Flow_asinh,Oil_Rent_Intensive_Pre2016_ge1pct,Future_Period,train_to_2018__test_from_2019,ElasticNet,0.3439536945746793,2.6195852321225965,0.931680206844705,M1_Macro,M2_Macro_Oil,0.3603169015158882,2.498298748100804,0.758062899419774,0.016363206941208908,-0.12128648402179243,-0.17361730742493098
M1_Macro_vs_M2_Macro_Oil__primary__Oil_Rent_Intensive_Pre2016_ge1pct,Oil_Rents_GDP_Pct_lag1,primary,Inward_FDI_Net_Flow_asinh,Oil_Rent_Intensive_Pre2016_ge1pct,Future_Period,train_to_2018__test_from_2019,RandomForest,0.4084270112844211,2.3382192139267786,0.6860801197574178,M1_Macro,M2_Macro_Oil,0.4135292730996607,2.3322468120498017,0.6442789312782136,0.005102261815239595,-0.005972401876976896,-0.04180118847920422
M1_Macro_vs_M2_Macro_Oil__primary__Oil_Rent_Intensive_Pre2016_ge1pct,Oil_Rents_GDP_Pct_lag1,primary,Inward_FDI_Net_Flow_asinh,Oil_Rent_Intensive_Pre2016_ge1pct,Future_Period,train_to_2018__test_from_2019,Ridge,0.3442765627653258,2.6171599388999462,0.9270744017388552,M1_Macro,M2_Macro_Oil,0.3607560721176391,2.4950503660215992,0.757453186406758,0.016479509352313293,-0.122109572878347,-0.16962121533209729
M1_Macro_vs_M2_Macro_Oil__primary__Oil_Rent_Intensive_Pre2016_ge5pct,Oil_Rents_GDP_Pct_lag1,primary,Inward_FDI_Net_Flow_asinh,Oil_Rent_Intensive_Pre2016_ge5pct,Country_Holdout_CV,fold_0,ElasticNet,0.4001383258963146,1.9783733040410865,0.8744621034189173,M1_Macro,M2_Macro_Oil,0.4023128719120303,1.9890853414832173,0.788944996223726,0.002174546015715706,0.010712037442130784,-0.08551710719519123
M1_Macro_vs_M2_Macro_Oil__primary__Oil_Rent_Intensive_Pre2016_ge5pct,Oil_Rents_GDP_Pct_lag1,primary,Inward_FDI_Net_Flow_asinh,Oil_Rent_Intensive_Pre2016_ge5pct,Country_Holdout_CV,fold_0,RandomForest,0.4154946318074501,1.9441085768327688,0.8742549252733429,M1_Macro,M2_Macro_Oil,0.4046438954038998,1.9861561924471884,0.8462130324803159,-0.010850736403550332,0.04204761561441961,-0.028041892793027046
M1_Macro_vs_M2_Macro_Oil__primary__Oil_Rent_Intensive_Pre2016_ge5pct,Oil_Rents_GDP_Pct_lag1,primary,Inward_FDI_Net_Flow_asinh,Oil_Rent_Intensive_Pre2016_ge5pct,Country_Holdout_CV,fold_0,Ridge,0.4006522013663609,1.971914311666266,0.8524769275116908,M1_Macro,M2_Macro_Oil,0.4025640477874974,1.984139633257049,0.7754191391535046,0.0019118464211364539,0.012225321590782823,-0.07705778835818622
M1_Macro_vs_M2_Macro_Oil__primary__Oil_Rent_Intensive_Pre2016_ge5pct,Oil_Rents_GDP_Pct_lag1,primary,Inward_FDI_Net_Flow_asinh,Oil_Rent_Intensive_Pre2016_ge5pct,Country_Holdout_CV,fold_1,ElasticNet,0.2569570387949361,2.257793439445329,0.9236781773828432,M1_Macro,M2_Macro_Oil,0.2480356505878554,2.3698621063789838,1.171784900104507,-0.008921388207080688,0.1120686669336548,0.2481067227216639
M1_Macro_vs_M2_Macro_Oil__primary__Oil_Rent_Intensive_Pre2016_ge5pct,Oil_Rents_GDP_Pct_lag1,primary,Inward_FDI_Net_Flow_asinh,Oil_Rent_Intensive_Pre2016_ge5pct,Country_Holdout_CV,fold_1,RandomForest,0.2120205545343688,2.552967025979151,1.3228347749608478,M1_Macro,M2_Macro_Oil,0.1536741589461241,2.6673618465577245,1.4044508250326206,-0.0583463955882447,0.11439482057857342,0.08161605007177286
M1_Macro_vs_M2_Macro_Oil__primary__Oil_Rent_Intensive_Pre2016_ge5pct,Oil_Rents_GDP_Pct_lag1,primary,Inward_FDI_Net_Flow_asinh,Oil_Rent_Intensive_Pre2016_ge5pct,Country_Holdout_CV,fold_1,Ridge,0.2564043134394174,2.257128895045219,0.9203959420636716,M1_Macro,M2_Macro_Oil,0.2476389730539985,2.368890888737411,1.1696562341255907,-0.008765340385418874,0.11176199369219209,0.24926029206191913
M1_Macro_vs_M2_Macro_Oil__primary__Oil_Rent_Intensive_Pre2016_ge5pct,Oil_Rents_GDP_Pct_lag1,primary,Inward_FDI_Net_Flow_asinh,Oil_Rent_Intensive_Pre2016_ge5pct,Country_Holdout_CV,fold_2,ElasticNet,0.4090910134686475,2.440158168055208,1.3611523263713536,M1_Macro,M2_Macro_Oil,0.4227262468740332,2.314010785535462,1.152266669793493,0.013635233405385694,-0.12614738251974567,-0.20888565657786073
M1_Macro_vs_M2_Macro_Oil__primary__Oil_Rent_Intensive_Pre2016_ge5pct,Oil_Rents_GDP_Pct_lag1,primary,Inward_FDI_Net_Flow_asinh,Oil_Rent_Intensive_Pre2016_ge5pct,Country_Holdout_CV,fold_2,RandomForest,0.3048363869391285,2.86053255566486,1.644075336436698,M1_Macro,M2_Macro_Oil,0.4123666485087349,2.6898295127144363,1.9464004908223949,0.10753026156960638,-0.1707030429504237,0.30232515438569685
M1_Macro_vs_M2_Macro_Oil__primary__Oil_Rent_Intensive_Pre2016_ge5pct,Oil_Rents_GDP_Pct_lag1,primary,Inward_FDI_Net_Flow_asinh,Oil_Rent_Intensive_Pre2016_ge5pct,Country_Holdout_CV,fold_2,Ridge,0.4093469619436151,2.43445211930515,1.349134095432479,M1_Macro,M2_Macro_Oil,0.4229082209023065,2.3080600841648358,1.134391433378374,0.013561258958691425,-0.12639203514031427,-0.21474266205410508
M1_Macro_vs_M2_Macro_Oil__primary__Oil_Rent_Intensive_Pre2016_ge5pct,Oil_Rents_GDP_Pct_lag1,primary,Inward_FDI_Net_Flow_asinh,Oil_Rent_Intensive_Pre2016_ge5pct,Country_Holdout_CV,fold_3,ElasticNet,0.408388900446887,2.9286368143956603,1.6593108682925717,M1_Macro,M2_Macro_Oil,0.4166476568048417,2.9480499819366157,1.7430790570463195,0.0082587563579547,0.019413167540955456,0.08376818875374781
M1_Macro_vs_M2_Macro_Oil__primary__Oil_Rent_Intensive_Pre2016_ge5pct,Oil_Rents_GDP_Pct_lag1,primary,Inward_FDI_Net_Flow_asinh,Oil_Rent_Intensive_Pre2016_ge5pct,Country_Holdout_CV,fold_3,RandomForest,0.3455989823614797,3.01827771724269,1.9363406568950472,M1_Macro,M2_Macro_Oil,0.3720658228472342,2.8288441912240745,1.4877732917310975,0.02646684048575454,-0.18943352601861552,-0.4485673651639497
M1_Macro_vs_M2_Macro_Oil__primary__Oil_Rent_Intensive_Pre2016_ge5pct,Oil_Rents_GDP_Pct_lag1,primary,Inward_FDI_Net_Flow_asinh,Oil_Rent_Intensive_Pre2016_ge5pct,Country_Holdout_CV,fold_3,Ridge,0.4076763202382466,2.9300048433812744,1.6658760777458257,M1_Macro,M2_Macro_Oil,0.416610205266923,2.9477118249783136,1.7479201229044197,0.00893388502867637,0.017706981597039206,0.08204404515859398
M1_Macro_vs_M2_Macro_Oil__primary__Oil_Rent_Intensive_Pre2016_ge5pct,Oil_Rents_GDP_Pct_lag1,primary,Inward_FDI_Net_Flow_asinh,Oil_Rent_Intensive_Pre2016_ge5pct,Country_Holdout_CV,fold_4,ElasticNet,0.1978875354605893,2.278701275800686,1.127594787184428,M1_Macro,M2_Macro_Oil,0.211054766743488,2.169059327598266,0.9267782739475052,0.013167231282898706,-0.10964194820242001,-0.20081651323692284
M1_Macro_vs_M2_Macro_Oil__primary__Oil_Rent_Intensive_Pre2016_ge5pct,Oil_Rents_GDP_Pct_lag1,primary,Inward_FDI_Net_Flow_asinh,Oil_Rent_Intensive_Pre2016_ge5pct,Country_Holdout_CV,fold_4,RandomForest,0.1106587798942599,2.447241568397351,1.08019194616352,M1_Macro,M2_Macro_Oil,0.0542002723401554,2.5413437206809943,1.073903222193116,-0.0564585075541045,0.09410215228364338,-0.006288723970404142
M1_Macro_vs_M2_Macro_Oil__primary__Oil_Rent_Intensive_Pre2016_ge5pct,Oil_Rents_GDP_Pct_lag1,primary,Inward_FDI_Net_Flow_asinh,Oil_Rent_Intensive_Pre2016_ge5pct,Country_Holdout_CV,fold_4,Ridge,0.1968810227801493,2.275476828022259,1.1140133569041328,M1_Macro,M2_Macro_Oil,0.2102021489751735,2.164230863299893,0.9135356320246332,0.013321126195024208,-0.11124596472236625,-0.20047772487949966
M1_Macro_vs_M2_Macro_Oil__primary__Oil_Rent_Intensive_Pre2016_ge5pct,Oil_Rents_GDP_Pct_lag1,primary,Inward_FDI_Net_Flow_asinh,Oil_Rent_Intensive_Pre2016_ge5pct,Future_Period,train_to_2012__test_from_2013,ElasticNet,0.3317484293360916,2.7048216665797087,0.7674672159475069,M1_Macro,M2_Macro_Oil,0.3341912777688437,2.6354105066478866,0.6266590703784072,0.0024428484327521094,-0.06941115993182212,-0.1408081455690997
M1_Macro_vs_M2_Macro_Oil__primary__Oil_Rent_Intensive_Pre2016_ge5pct,Oil_Rents_GDP_Pct_lag1,primary,Inward_FDI_Net_Flow_asinh,Oil_Rent_Intensive_Pre2016_ge5pct,Future_Period,train_to_2012__test_from_2013,RandomForest,0.3685844945396357,2.611847226326177,0.7384336038649497,M1_Macro,M2_Macro_Oil,0.3613122392933483,2.596441882679952,0.6426976110895022,-0.007272255246287385,-0.015405343646225145,-0.09573599277544753
M1_Macro_vs_M2_Macro_Oil__primary__Oil_Rent_Intensive_Pre2016_ge5pct,Oil_Rents_GDP_Pct_lag1,primary,Inward_FDI_Net_Flow_asinh,Oil_Rent_Intensive_Pre2016_ge5pct,Future_Period,train_to_2012__test_from_2013,Ridge,0.3318230742465675,2.700976371927441,0.7537448347568567,M1_Macro,M2_Macro_Oil,0.3341981588525193,2.63167193584752,0.6239510711562404,0.002375084605951816,-0.06930443607992132,-0.12979376360061634
M1_Macro_vs_M2_Macro_Oil__primary__Oil_Rent_Intensive_Pre2016_ge5pct,Oil_Rents_GDP_Pct_lag1,primary,Inward_FDI_Net_Flow_asinh,Oil_Rent_Intensive_Pre2016_ge5pct,Future_Period,train_to_2014__test_from_2015,ElasticNet,0.3479634291414513,2.814131566430901,0.885613208562523,M1_Macro,M2_Macro_Oil,0.3506711888631886,2.7222841200233563,0.7056355431363972,0.002707759721737313,-0.09184744640754472,-0.1799776654261258
M1_Macro_vs_M2_Macro_Oil__primary__Oil_Rent_Intensive_Pre2016_ge5pct,Oil_Rents_GDP_Pct_lag1,primary,Inward_FDI_Net_Flow_asinh,Oil_Rent_Intensive_Pre2016_ge5pct,Future_Period,train_to_2014__test_from_2015,RandomForest,0.3790429301277092,2.7038777455069285,0.7638620278675861,M1_Macro,M2_Macro_Oil,0.3897217524561212,2.6688209961299107,0.7601889756539473,0.010678822328411997,-0.03505674937701775,-0.0036730522136387833
M1_Macro_vs_M2_Macro_Oil__primary__Oil_Rent_Intensive_Pre2016_ge5pct,Oil_Rents_GDP_Pct_lag1,primary,Inward_FDI_Net_Flow_asinh,Oil_Rent_Intensive_Pre2016_ge5pct,Future_Period,train_to_2014__test_from_2015,Ridge,0.3482355543842714,2.8095261635764968,0.8757617696973785,M1_Macro,M2_Macro_Oil,0.3508610230889885,2.7177617708122765,0.7063174122071052,0.002625468704717082,-0.09176439276422022,-0.1694443574902733
M1_Macro_vs_M2_Macro_Oil__primary__Oil_Rent_Intensive_Pre2016_ge5pct,Oil_Rents_GDP_Pct_lag1,primary,Inward_FDI_Net_Flow_asinh,Oil_Rent_Intensive_Pre2016_ge5pct,Future_Period,train_to_2015__test_from_2016,ElasticNet,0.3508028459746993,2.9291954945401284,0.9601824081373652,M1_Macro,M2_Macro_Oil,0.3521628861741075,2.8198717964374325,0.7248441231569878,0.001360040199408219,-0.10932369810269593,-0.23533828498037745
M1_Macro_vs_M2_Macro_Oil__primary__Oil_Rent_Intensive_Pre2016_ge5pct,Oil_Rents_GDP_Pct_lag1,primary,Inward_FDI_Net_Flow_asinh,Oil_Rent_Intensive_Pre2016_ge5pct,Future_Period,train_to_2015__test_from_2016,RandomForest,0.3941570954057231,2.811227135074037,0.9461245102918578,M1_Macro,M2_Macro_Oil,0.3911498115661722,2.811485319988559,0.9261145059558292,-0.0030072838395509005,0.0002581849145220083,-0.02001000433602862
M1_Macro_vs_M2_Macro_Oil__primary__Oil_Rent_Intensive_Pre2016_ge5pct,Oil_Rents_GDP_Pct_lag1,primary,Inward_FDI_Net_Flow_asinh,Oil_Rent_Intensive_Pre2016_ge5pct,Future_Period,train_to_2015__test_from_2016,Ridge,0.35114796569625,2.924450163507672,0.9537272630643264,M1_Macro,M2_Macro_Oil,0.3523892100919359,2.814926008789001,0.7157653667117678,0.0012412443956859032,-0.10952415471867116,-0.2379618963525586
M1_Macro_vs_M2_Macro_Oil__primary__Oil_Rent_Intensive_Pre2016_ge5pct,Oil_Rents_GDP_Pct_lag1,primary,Inward_FDI_Net_Flow_asinh,Oil_Rent_Intensive_Pre2016_ge5pct,Future_Period,train_to_2016__test_from_2017,ElasticNet,0.3778951867580784,2.956627572568752,1.0422470056284272,M1_Macro,M2_Macro_Oil,0.3831816724724434,2.8588501243416897,0.8530436680193763,0.0052864857143649635,-0.09777744822706236,-0.18920333760905095
M1_Macro_vs_M2_Macro_Oil__primary__Oil_Rent_Intensive_Pre2016_ge5pct,Oil_Rents_GDP_Pct_lag1,primary,Inward_FDI_Net_Flow_asinh,Oil_Rent_Intensive_Pre2016_ge5pct,Future_Period,train_to_2016__test_from_2017,RandomForest,0.4418792071780463,2.7079847275256297,0.8339075762658963,M1_Macro,M2_Macro_Oil,0.4344271027699699,2.7155257193962483,0.8417667831081364,-0.007452104408076421,0.00754099187061863,0.007859206842240063
M1_Macro_vs_M2_Macro_Oil__primary__Oil_Rent_Intensive_Pre2016_ge5pct,Oil_Rents_GDP_Pct_lag1,primary,Inward_FDI_Net_Flow_asinh,Oil_Rent_Intensive_Pre2016_ge5pct,Future_Period,train_to_2016__test_from_2017,Ridge,0.3783333325589492,2.951910263527686,1.0300594667554712,M1_Macro,M2_Macro_Oil,0.3836305222347269,2.8539160402351733,0.8659958168724082,0.0052971896757776915,-0.09799422329251284,-0.164063649883063
M1_Macro_vs_M2_Macro_Oil__primary__Oil_Rent_Intensive_Pre2016_ge5pct,Oil_Rents_GDP_Pct_lag1,primary,Inward_FDI_Net_Flow_asinh,Oil_Rent_Intensive_Pre2016_ge5pct,Future_Period,train_to_2018__test_from_2019,ElasticNet,0.3554527726680124,3.218404060770193,1.1183480906524448,M1_Macro,M2_Macro_Oil,0.363635715499789,3.1207706370496435,0.9290825490634668,0.008182942831776618,-0.0976334237205494,-0.18926554158897801
M1_Macro_vs_M2_Macro_Oil__primary__Oil_Rent_Intensive_Pre2016_ge5pct,Oil_Rents_GDP_Pct_lag1,primary,Inward_FDI_Net_Flow_asinh,Oil_Rent_Intensive_Pre2016_ge5pct,Future_Period,train_to_2018__test_from_2019,RandomForest,0.3906226201430219,2.9940326821389114,0.8865839701872389,M1_Macro,M2_Macro_Oil,0.3779399765886311,3.115050295173691,0.9989661899941056,-0.012682643554390804,0.12101761303477954,0.11238221980686669
M1_Macro_vs_M2_Macro_Oil__primary__Oil_Rent_Intensive_Pre2016_ge5pct,Oil_Rents_GDP_Pct_lag1,primary,Inward_FDI_Net_Flow_asinh,Oil_Rent_Intensive_Pre2016_ge5pct,Future_Period,train_to_2018__test_from_2019,Ridge,0.3555484043049187,3.2141293729005533,1.107759155927126,M1_Macro,M2_Macro_Oil,0.3638094734105208,3.1169054843037647,0.9286496813322233,0.008261069105602092,-0.09722388859678865,-0.17910947459490278
M1_Macro_vs_M2_Macro_Oil__raw_ratio_stress__All_Eligible,Oil_Rents_GDP_Pct_lag1,raw_ratio_stress,Inward_FDI_Net_Flow_GDP_Pct,All_Eligible,Country_Holdout_CV,fold_0,ElasticNet,0.3403609562273851,3.205422334791976,1.9239907490907424,M1_Macro,M2_Macro_Oil,0.3362788790768997,3.2416464046841917,2.001852097705185,-0.004082077150485419,0.03622406989221583,0.07786134861444238
M1_Macro_vs_M2_Macro_Oil__raw_ratio_stress__All_Eligible,Oil_Rents_GDP_Pct_lag1,raw_ratio_stress,Inward_FDI_Net_Flow_GDP_Pct,All_Eligible,Country_Holdout_CV,fold_0,RandomForest,-39.91038566663989,11.732087879986674,1.2022537461688036,M1_Macro,M2_Macro_Oil,-16.556780757226054,8.552289979070842,1.26404677987177,23.353604909413836,-3.1797979009158315,0.061793033702966405
M1_Macro_vs_M2_Macro_Oil__raw_ratio_stress__All_Eligible,Oil_Rents_GDP_Pct_lag1,raw_ratio_stress,Inward_FDI_Net_Flow_GDP_Pct,All_Eligible,Country_Holdout_CV,fold_0,Ridge,0.3373270452578218,3.222185300110418,1.9770801488370096,M1_Macro,M2_Macro_Oil,0.3330656277699347,3.261835782562388,2.0539304991788394,-0.004261417487887109,0.03965048245196989,0.07685035034182985
M1_Macro_vs_M2_Macro_Oil__raw_ratio_stress__All_Eligible,Oil_Rents_GDP_Pct_lag1,raw_ratio_stress,Inward_FDI_Net_Flow_GDP_Pct,All_Eligible,Country_Holdout_CV,fold_1,ElasticNet,0.4691420603370694,3.043688234972991,2.14403826199991,M1_Macro,M2_Macro_Oil,0.4724833563084434,3.013631355690042,2.1224735617085364,0.003341295971374003,-0.030056879282948756,-0.021564700291373473
M1_Macro_vs_M2_Macro_Oil__raw_ratio_stress__All_Eligible,Oil_Rents_GDP_Pct_lag1,raw_ratio_stress,Inward_FDI_Net_Flow_GDP_Pct,All_Eligible,Country_Holdout_CV,fold_1,RandomForest,0.4142478985902748,2.471165092766103,1.2798576809437514,M1_Macro,M2_Macro_Oil,0.3815781249698613,2.499738759480421,1.2706329890814654,-0.032669773620413456,0.028573666714318158,-0.009224691862286027
M1_Macro_vs_M2_Macro_Oil__raw_ratio_stress__All_Eligible,Oil_Rents_GDP_Pct_lag1,raw_ratio_stress,Inward_FDI_Net_Flow_GDP_Pct,All_Eligible,Country_Holdout_CV,fold_1,Ridge,0.4674603855916835,3.0530704983316763,2.170491304356161,M1_Macro,M2_Macro_Oil,0.4706248332875791,3.0254700017172738,2.135072591647594,0.003164447695895578,-0.02760049661440256,-0.03541871270856678
M1_Macro_vs_M2_Macro_Oil__raw_ratio_stress__All_Eligible,Oil_Rents_GDP_Pct_lag1,raw_ratio_stress,Inward_FDI_Net_Flow_GDP_Pct,All_Eligible,Country_Holdout_CV,fold_2,ElasticNet,0.3903595397119052,6.768609457309431,1.8455368224698387,M1_Macro,M2_Macro_Oil,0.3906628690621104,6.733871943967467,1.8649105219998128,0.000303329350205217,-0.03473751334196429,0.01937369952997403
M1_Macro_vs_M2_Macro_Oil__raw_ratio_stress__All_Eligible,Oil_Rents_GDP_Pct_lag1,raw_ratio_stress,Inward_FDI_Net_Flow_GDP_Pct,All_Eligible,Country_Holdout_CV,fold_2,RandomForest,0.3227124359664143,6.597924653414816,1.3693838111861591,M1_Macro,M2_Macro_Oil,0.3395398729632753,6.462759282866826,1.3571155209675452,0.01682743699686101,-0.13516537054799027,-0.012268290218613975
M1_Macro_vs_M2_Macro_Oil__raw_ratio_stress__All_Eligible,Oil_Rents_GDP_Pct_lag1,raw_ratio_stress,Inward_FDI_Net_Flow_GDP_Pct,All_Eligible,Country_Holdout_CV,fold_2,Ridge,0.3904146741598858,6.791374889677232,1.8981997709066536,M1_Macro,M2_Macro_Oil,0.3907226520563412,6.755792944733728,1.8909437254453296,0.0003079778964554247,-0.03558194494350353,-0.007256045461323968
M1_Macro_vs_M2_Macro_Oil__raw_ratio_stress__All_Eligible,Oil_Rents_GDP_Pct_lag1,raw_ratio_stress,Inward_FDI_Net_Flow_GDP_Pct,All_Eligible,Country_Holdout_CV,fold_3,ElasticNet,0.0696700110000444,5.438612729516255,1.6253918802137404,M1_Macro,M2_Macro_Oil,0.0694065582647271,5.515709392579426,1.736149750843082,-0.0002634527353173044,0.07709666306317065,0.11075787062934173
M1_Macro_vs_M2_Macro_Oil__raw_ratio_stress__All_Eligible,Oil_Rents_GDP_Pct_lag1,raw_ratio_stress,Inward_FDI_Net_Flow_GDP_Pct,All_Eligible,Country_Holdout_CV,fold_3,RandomForest,0.058326957397866,5.078237194561976,1.102983955933917,M1_Macro,M2_Macro_Oil,0.1071122693212469,5.153724053649302,1.2510178671685344,0.0487853119233809,0.07548685908732633,0.1480339112346174
M1_Macro_vs_M2_Macro_Oil__raw_ratio_stress__All_Eligible,Oil_Rents_GDP_Pct_lag1,raw_ratio_stress,Inward_FDI_Net_Flow_GDP_Pct,All_Eligible,Country_Holdout_CV,fold_3,Ridge,0.0678982035408142,5.440429321998024,1.635013299790473,M1_Macro,M2_Macro_Oil,0.0676283344819034,5.5191870671978185,1.7537108265361052,-0.0002698690589107988,0.07875774519979473,0.11869752674563228
M1_Macro_vs_M2_Macro_Oil__raw_ratio_stress__All_Eligible,Oil_Rents_GDP_Pct_lag1,raw_ratio_stress,Inward_FDI_Net_Flow_GDP_Pct,All_Eligible,Country_Holdout_CV,fold_4,ElasticNet,0.4507145983195698,6.505878343561367,1.4919157373154004,M1_Macro,M2_Macro_Oil,0.4506729451935055,6.518301127883447,1.5287690721147251,-4.1653126064300494e-05,0.012422784322080105,0.03685333479932473
M1_Macro_vs_M2_Macro_Oil__raw_ratio_stress__All_Eligible,Oil_Rents_GDP_Pct_lag1,raw_ratio_stress,Inward_FDI_Net_Flow_GDP_Pct,All_Eligible,Country_Holdout_CV,fold_4,RandomForest,0.3876937440475659,6.455757559927081,1.209551012800511,M1_Macro,M2_Macro_Oil,0.3799681892290563,6.449974233567364,1.2188798171558872,-0.007725554818509617,-0.0057833263597171225,0.009328804355376308
M1_Macro_vs_M2_Macro_Oil__raw_ratio_stress__All_Eligible,Oil_Rents_GDP_Pct_lag1,raw_ratio_stress,Inward_FDI_Net_Flow_GDP_Pct,All_Eligible,Country_Holdout_CV,fold_4,Ridge,0.4513493625672056,6.502433490004169,1.4847073162344406,M1_Macro,M2_Macro_Oil,0.4513091198627145,6.516200285913085,1.5479105480165056,-4.0242704491100234e-05,0.013766795908916052,0.063203231782065
M1_Macro_vs_M2_Macro_Oil__raw_ratio_stress__All_Eligible,Oil_Rents_GDP_Pct_lag1,raw_ratio_stress,Inward_FDI_Net_Flow_GDP_Pct,All_Eligible,Future_Period,train_to_2012__test_from_2013,ElasticNet,0.2662191265741973,6.86523484017839,1.225168129412435,M1_Macro,M2_Macro_Oil,0.2663057818672856,6.864825233706316,1.211877821968509,8.665529308832243e-05,-0.00040960647207377576,-0.01329030744392612
M1_Macro_vs_M2_Macro_Oil__raw_ratio_stress__All_Eligible,Oil_Rents_GDP_Pct_lag1,raw_ratio_stress,Inward_FDI_Net_Flow_GDP_Pct,All_Eligible,Future_Period,train_to_2012__test_from_2013,RandomForest,0.343730529437992,6.57270889962247,1.2731159828568483,M1_Macro,M2_Macro_Oil,0.3572510601688228,6.506266979133102,1.257349927232443,0.013520530730830815,-0.06644192048936848,-0.01576605562440525
M1_Macro_vs_M2_Macro_Oil__raw_ratio_stress__All_Eligible,Oil_Rents_GDP_Pct_lag1,raw_ratio_stress,Inward_FDI_Net_Flow_GDP_Pct,All_Eligible,Future_Period,train_to_2012__test_from_2013,Ridge,0.2637593462194638,6.870465251849192,1.2220016936512972,M1_Macro,M2_Macro_Oil,0.2638514951833617,6.870099132177203,1.1988843300722047,9.214896389792004e-05,-0.0003661196719892956,-0.023117363579092443
M1_Macro_vs_M2_Macro_Oil__raw_ratio_stress__All_Eligible,Oil_Rents_GDP_Pct_lag1,raw_ratio_stress,Inward_FDI_Net_Flow_GDP_Pct,All_Eligible,Future_Period,train_to_2014__test_from_2015,ElasticNet,-0.1522925854426811,7.601826742545547,1.0687830450819935,M1_Macro,M2_Macro_Oil,-0.1522925878758516,7.60182671010034,1.0687835418285263,-2.43317049841707e-09,-3.244520652145866e-08,4.967465327965215e-07
M1_Macro_vs_M2_Macro_Oil__raw_ratio_stress__All_Eligible,Oil_Rents_GDP_Pct_lag1,raw_ratio_stress,Inward_FDI_Net_Flow_GDP_Pct,All_Eligible,Future_Period,train_to_2014__test_from_2015,RandomForest,0.2985015650061272,6.860008195881244,1.2298275128154827,M1_Macro,M2_Macro_Oil,0.3069822888159488,6.944626632137612,1.1579131971398429,0.008480723809821622,0.08461843625636778,-0.07191431567563988
M1_Macro_vs_M2_Macro_Oil__raw_ratio_stress__All_Eligible,Oil_Rents_GDP_Pct_lag1,raw_ratio_stress,Inward_FDI_Net_Flow_GDP_Pct,All_Eligible,Future_Period,train_to_2014__test_from_2015,Ridge,-0.159250281047705,7.616044484892356,1.0662768704575902,M1_Macro,M2_Macro_Oil,-0.1592540871100796,7.616023905397966,1.0666761872781552,-3.8060623746005717e-06,-2.0579494390382536e-05,0.00039931682056493223
M1_Macro_vs_M2_Macro_Oil__raw_ratio_stress__All_Eligible,Oil_Rents_GDP_Pct_lag1,raw_ratio_stress,Inward_FDI_Net_Flow_GDP_Pct,All_Eligible,Future_Period,train_to_2015__test_from_2016,ElasticNet,-3.636557970478596,8.500386172096984,1.1777290388599748,M1_Macro,M2_Macro_Oil,-3.637509722829523,8.501618617948061,1.1930257177368715,-0.0009517523509270376,0.0012324458510768466,0.015296678876896674
M1_Macro_vs_M2_Macro_Oil__raw_ratio_stress__All_Eligible,Oil_Rents_GDP_Pct_lag1,raw_ratio_stress,Inward_FDI_Net_Flow_GDP_Pct,All_Eligible,Future_Period,train_to_2015__test_from_2016,RandomForest,-0.5752784102768591,6.861926317278703,1.2481748588569392,M1_Macro,M2_Macro_Oil,-0.7677105519432257,6.816709756707401,1.149867699352302,-0.19243214166636657,-0.04521656057130219,-0.0983071595046372
M1_Macro_vs_M2_Macro_Oil__raw_ratio_stress__All_Eligible,Oil_Rents_GDP_Pct_lag1,raw_ratio_stress,Inward_FDI_Net_Flow_GDP_Pct,All_Eligible,Future_Period,train_to_2015__test_from_2016,Ridge,-3.6777282076208175,8.530894429163284,1.1842205201030782,M1_Macro,M2_Macro_Oil,-3.6787854453601287,8.532660825181983,1.213476408693002,-0.001057237739311212,0.0017663960186986571,0.029255888589923895
M1_Macro_vs_M2_Macro_Oil__raw_ratio_stress__All_Eligible,Oil_Rents_GDP_Pct_lag1,raw_ratio_stress,Inward_FDI_Net_Flow_GDP_Pct,All_Eligible,Future_Period,train_to_2016__test_from_2017,ElasticNet,0.0809490663300215,6.562963891563021,1.7507679457435277,M1_Macro,M2_Macro_Oil,0.0811439002453661,6.5756208862547725,1.775969451928708,0.00019483391534459715,0.012656994691751855,0.025201506185180245
M1_Macro_vs_M2_Macro_Oil__raw_ratio_stress__All_Eligible,Oil_Rents_GDP_Pct_lag1,raw_ratio_stress,Inward_FDI_Net_Flow_GDP_Pct,All_Eligible,Future_Period,train_to_2016__test_from_2017,RandomForest,-0.1293114227711913,6.42934813927995,1.2329219514308922,M1_Macro,M2_Macro_Oil,-0.1066692609492589,6.395527598446362,1.1964562354272317,0.02264216182193239,-0.0338205408335881,-0.03646571600366055
M1_Macro_vs_M2_Macro_Oil__raw_ratio_stress__All_Eligible,Oil_Rents_GDP_Pct_lag1,raw_ratio_stress,Inward_FDI_Net_Flow_GDP_Pct,All_Eligible,Future_Period,train_to_2016__test_from_2017,Ridge,0.0793196530878395,6.575243113305703,1.7942391169063918,M1_Macro,M2_Macro_Oil,0.0795148691796355,6.589677187810646,1.8247320703447047,0.0001952160917959994,0.014434074504943162,0.03049295343831293
M1_Macro_vs_M2_Macro_Oil__raw_ratio_stress__All_Eligible,Oil_Rents_GDP_Pct_lag1,raw_ratio_stress,Inward_FDI_Net_Flow_GDP_Pct,All_Eligible,Future_Period,train_to_2018__test_from_2019,ElasticNet,-0.1636052451232932,6.865430481387614,1.7608131333228565,M1_Macro,M2_Macro_Oil,-0.1632971292844112,6.872344250794025,1.7532062064458422,0.00030811583888198935,0.00691376940641053,-0.007606926877014253
M1_Macro_vs_M2_Macro_Oil__raw_ratio_stress__All_Eligible,Oil_Rents_GDP_Pct_lag1,raw_ratio_stress,Inward_FDI_Net_Flow_GDP_Pct,All_Eligible,Future_Period,train_to_2018__test_from_2019,RandomForest,-0.408719612662346,6.493150412783432,1.311552547950365,M1_Macro,M2_Macro_Oil,-0.5362356088505087,6.968047791794242,1.1876283681228774,-0.12751599618816267,0.47489737901080975,-0.12392417982748749
M1_Macro_vs_M2_Macro_Oil__raw_ratio_stress__All_Eligible,Oil_Rents_GDP_Pct_lag1,raw_ratio_stress,Inward_FDI_Net_Flow_GDP_Pct,All_Eligible,Future_Period,train_to_2018__test_from_2019,Ridge,-0.167196376599976,6.878438047387276,1.7724903652126942,M1_Macro,M2_Macro_Oil,-0.1668836878890178,6.887236717541238,1.7797253898862504,0.0003126887109581866,0.008798670153961297,0.00723502467355619
M2_Macro_Oil_vs_M3_Macro_Oil_RegQuality__normalized__All_Eligible,Regulatory_Quality_lag1,normalized,Inward_FDI_Net_Flow_GDP_Pct_asinh,All_Eligible,Country_Holdout_CV,fold_0,ElasticNet,0.4105351432296859,0.6062276800564133,0.3802666319696001,M2_Macro_Oil,M3_Macro_Oil_RegQuality,0.4168450593271434,0.6014149006412235,0.3701983550914699,0.006309916097457513,-0.004812779415189761,-0.010068276878130167
M2_Macro_Oil_vs_M3_Macro_Oil_RegQuality__normalized__All_Eligible,Regulatory_Quality_lag1,normalized,Inward_FDI_Net_Flow_GDP_Pct_asinh,All_Eligible,Country_Holdout_CV,fold_0,RandomForest,0.353066942122196,0.6647093987120751,0.4726030331847342,M2_Macro_Oil,M3_Macro_Oil_RegQuality,0.3604482376686807,0.6320255387476923,0.4074456786911739,0.007381295546484701,-0.03268385996438283,-0.0651573544935603
M2_Macro_Oil_vs_M3_Macro_Oil_RegQuality__normalized__All_Eligible,Regulatory_Quality_lag1,normalized,Inward_FDI_Net_Flow_GDP_Pct_asinh,All_Eligible,Country_Holdout_CV,fold_0,Ridge,0.4116818744859563,0.60384981514893,0.3771107161961013,M2_Macro_Oil,M3_Macro_Oil_RegQuality,0.4193908683866562,0.5991705444107883,0.3777219306521674,0.007708993900699901,-0.004679270738141672,0.0006112144560661004
M2_Macro_Oil_vs_M3_Macro_Oil_RegQuality__normalized__All_Eligible,Regulatory_Quality_lag1,normalized,Inward_FDI_Net_Flow_GDP_Pct_asinh,All_Eligible,Country_Holdout_CV,fold_1,ElasticNet,0.4035383781956091,0.5978762617685907,0.4231638642963555,M2_Macro_Oil,M3_Macro_Oil_RegQuality,0.4125857825491547,0.5924824218976482,0.4077042342187206,0.009047404353545563,-0.005393839870942441,-0.0154596300776349
M2_Macro_Oil_vs_M3_Macro_Oil_RegQuality__normalized__All_Eligible,Regulatory_Quality_lag1,normalized,Inward_FDI_Net_Flow_GDP_Pct_asinh,All_Eligible,Country_Holdout_CV,fold_1,RandomForest,0.3501346638494795,0.6221769267255591,0.432210093213687,M2_Macro_Oil,M3_Macro_Oil_RegQuality,0.3624266926272391,0.61524708317254,0.4243782238889023,0.01229202877775959,-0.006929843553019177,-0.00783186932478469
M2_Macro_Oil_vs_M3_Macro_Oil_RegQuality__normalized__All_Eligible,Regulatory_Quality_lag1,normalized,Inward_FDI_Net_Flow_GDP_Pct_asinh,All_Eligible,Country_Holdout_CV,fold_1,Ridge,0.4024595586535932,0.5981371924155033,0.4193498097654067,M2_Macro_Oil,M3_Macro_Oil_RegQuality,0.4136000676197955,0.5920239750973354,0.4056043316839524,0.011140508966202334,-0.0061132173181679406,-0.013745478081454321
M2_Macro_Oil_vs_M3_Macro_Oil_RegQuality__normalized__All_Eligible,Regulatory_Quality_lag1,normalized,Inward_FDI_Net_Flow_GDP_Pct_asinh,All_Eligible,Country_Holdout_CV,fold_2,ElasticNet,0.1856095935360937,0.7202685283388198,0.4406281529677129,M2_Macro_Oil,M3_Macro_Oil_RegQuality,0.1923672866747907,0.7151227046737362,0.4353554863145472,0.006757693138697007,-0.005145823665083649,-0.005272666653165725
M2_Macro_Oil_vs_M3_Macro_Oil_RegQuality__normalized__All_Eligible,Regulatory_Quality_lag1,normalized,Inward_FDI_Net_Flow_GDP_Pct_asinh,All_Eligible,Country_Holdout_CV,fold_2,RandomForest,0.1749864800691986,0.7227067612304734,0.4468037858577109,M2_Macro_Oil,M3_Macro_Oil_RegQuality,0.2169537505992279,0.699888756031712,0.4173687806629194,0.0419672705300293,-0.022818005198761426,-0.02943500519479153
M2_Macro_Oil_vs_M3_Macro_Oil_RegQuality__normalized__All_Eligible,Regulatory_Quality_lag1,normalized,Inward_FDI_Net_Flow_GDP_Pct_asinh,All_Eligible,Country_Holdout_CV,fold_2,Ridge,0.1841823902337312,0.7187260614303894,0.4360999982343951,M2_Macro_Oil,M3_Macro_Oil_RegQuality,0.1925462480287236,0.7126554436356968,0.4301325312503192,0.008363857794992408,-0.006070617794692645,-0.005967466984075909
M2_Macro_Oil_vs_M3_Macro_Oil_RegQuality__normalized__All_Eligible,Regulatory_Quality_lag1,normalized,Inward_FDI_Net_Flow_GDP_Pct_asinh,All_Eligible,Country_Holdout_CV,fold_3,ElasticNet,0.411000065846391,0.7373292754274332,0.482840596555991,M2_Macro_Oil,M3_Macro_Oil_RegQuality,0.4095742159511084,0.7431641655812343,0.4927814613679933,-0.0014258498952826049,0.00583489015380112,0.009940864812002292
M2_Macro_Oil_vs_M3_Macro_Oil_RegQuality__normalized__All_Eligible,Regulatory_Quality_lag1,normalized,Inward_FDI_Net_Flow_GDP_Pct_asinh,All_Eligible,Country_Holdout_CV,fold_3,RandomForest,0.3636702192012255,0.7432729363167327,0.4412502197684764,M2_Macro_Oil,M3_Macro_Oil_RegQuality,0.3689695678199975,0.7554349609042319,0.4713698624804561,0.005299348618772015,0.012162024587499154,0.0301196427119797
M2_Macro_Oil_vs_M3_Macro_Oil_RegQuality__normalized__All_Eligible,Regulatory_Quality_lag1,normalized,Inward_FDI_Net_Flow_GDP_Pct_asinh,All_Eligible,Country_Holdout_CV,fold_3,Ridge,0.4114455841636117,0.7356934354291735,0.4844235541171988,M2_Macro_Oil,M3_Macro_Oil_RegQuality,0.4063304590232653,0.7475868989569073,0.5017513403291289,-0.005115125140346399,0.011893463527733794,0.017327786211930152
M2_Macro_Oil_vs_M3_Macro_Oil_RegQuality__normalized__All_Eligible,Regulatory_Quality_lag1,normalized,Inward_FDI_Net_Flow_GDP_Pct_asinh,All_Eligible,Country_Holdout_CV,fold_4,ElasticNet,0.3470319566812073,0.6433440482839266,0.3912784623594403,M2_Macro_Oil,M3_Macro_Oil_RegQuality,0.3453946154200772,0.6386407631648786,0.3801879182955351,-0.0016373412611300764,-0.00470328511904794,-0.011090544063905194
M2_Macro_Oil_vs_M3_Macro_Oil_RegQuality__normalized__All_Eligible,Regulatory_Quality_lag1,normalized,Inward_FDI_Net_Flow_GDP_Pct_asinh,All_Eligible,Country_Holdout_CV,fold_4,RandomForest,0.3690619768650545,0.640817207664246,0.4006384999222057,M2_Macro_Oil,M3_Macro_Oil_RegQuality,0.3826397705014084,0.6275626944591248,0.3914059852151021,0.013577793636353919,-0.013254513205121166,-0.009232514707103567
M2_Macro_Oil_vs_M3_Macro_Oil_RegQuality__normalized__All_Eligible,Regulatory_Quality_lag1,normalized,Inward_FDI_Net_Flow_GDP_Pct_asinh,All_Eligible,Country_Holdout_CV,fold_4,Ridge,0.3470592526916658,0.6416834963549465,0.3863914041618383,M2_Macro_Oil,M3_Macro_Oil_RegQuality,0.3445594945685331,0.6364518267350986,0.3717131187509008,-0.002499758123132745,-0.00523166961984789,-0.01467828541093752
M2_Macro_Oil_vs_M3_Macro_Oil_RegQuality__normalized__All_Eligible,Regulatory_Quality_lag1,normalized,Inward_FDI_Net_Flow_GDP_Pct_asinh,All_Eligible,Future_Period,train_to_2012__test_from_2013,ElasticNet,0.2646043238669765,0.6987648336418586,0.3795694285148371,M2_Macro_Oil,M3_Macro_Oil_RegQuality,0.2703267263935336,0.6953835704428484,0.3759585598640457,0.005722402526557091,-0.0033812631990102204,-0.00361086865079141
M2_Macro_Oil_vs_M3_Macro_Oil_RegQuality__normalized__All_Eligible,Regulatory_Quality_lag1,normalized,Inward_FDI_Net_Flow_GDP_Pct_asinh,All_Eligible,Future_Period,train_to_2012__test_from_2013,RandomForest,0.2628126100825285,0.6928385795185782,0.3714782105703056,M2_Macro_Oil,M3_Macro_Oil_RegQuality,0.2504456578467701,0.6921782960328455,0.3636154313685593,-0.0123669522357584,-0.00066028348573266,-0.007862779201746328
M2_Macro_Oil_vs_M3_Macro_Oil_RegQuality__normalized__All_Eligible,Regulatory_Quality_lag1,normalized,Inward_FDI_Net_Flow_GDP_Pct_asinh,All_Eligible,Future_Period,train_to_2012__test_from_2013,Ridge,0.263427301636054,0.6980604572219091,0.3764629183945783,M2_Macro_Oil,M3_Macro_Oil_RegQuality,0.2704374318140682,0.6942355881252514,0.3716637771311486,0.007010130178014218,-0.0038248690966576904,-0.004799141263429674
M2_Macro_Oil_vs_M3_Macro_Oil_RegQuality__normalized__All_Eligible,Regulatory_Quality_lag1,normalized,Inward_FDI_Net_Flow_GDP_Pct_asinh,All_Eligible,Future_Period,train_to_2014__test_from_2015,ElasticNet,0.224838271082659,0.7267664299370052,0.3858946083172554,M2_Macro_Oil,M3_Macro_Oil_RegQuality,0.2299833095521849,0.7244320970414606,0.3853009701270529,0.005145038469525909,-0.002334332895544633,-0.0005936381902025278
M2_Macro_Oil_vs_M3_Macro_Oil_RegQuality__normalized__All_Eligible,Regulatory_Quality_lag1,normalized,Inward_FDI_Net_Flow_GDP_Pct_asinh,All_Eligible,Future_Period,train_to_2014__test_from_2015,RandomForest,0.2081551565832939,0.7213803748278665,0.3837917059833722,M2_Macro_Oil,M3_Macro_Oil_RegQuality,0.2280611936032743,0.7117867492882148,0.3706475152351349,0.019906037019980394,-0.009593625539651707,-0.013144190748237305
M2_Macro_Oil_vs_M3_Macro_Oil_RegQuality__normalized__All_Eligible,Regulatory_Quality_lag1,normalized,Inward_FDI_Net_Flow_GDP_Pct_asinh,All_Eligible,Future_Period,train_to_2014__test_from_2015,Ridge,0.2232775689888976,0.7264316107668367,0.3805576059865703,M2_Macro_Oil,M3_Macro_Oil_RegQuality,0.2293141823300103,0.724167332076146,0.379064191675289,0.00603661334111269,-0.0022642786906906798,-0.0014934143112813048
M2_Macro_Oil_vs_M3_Macro_Oil_RegQuality__normalized__All_Eligible,Regulatory_Quality_lag1,normalized,Inward_FDI_Net_Flow_GDP_Pct_asinh,All_Eligible,Future_Period,train_to_2015__test_from_2016,ElasticNet,0.191796924308864,0.7341471810455776,0.3825791971336044,M2_Macro_Oil,M3_Macro_Oil_RegQuality,0.197200283397246,0.7319542284516942,0.3796989403375054,0.005403359088381993,-0.0021929525938834127,-0.00288025679609899
M2_Macro_Oil_vs_M3_Macro_Oil_RegQuality__normalized__All_Eligible,Regulatory_Quality_lag1,normalized,Inward_FDI_Net_Flow_GDP_Pct_asinh,All_Eligible,Future_Period,train_to_2015__test_from_2016,RandomForest,0.1928153992183089,0.7313378257320852,0.3720939855671499,M2_Macro_Oil,M3_Macro_Oil_RegQuality,0.1838728085351146,0.7244294161791446,0.3673336810191415,-0.008942590683194307,-0.0069084095529405865,-0.004760304548008409
M2_Macro_Oil_vs_M3_Macro_Oil_RegQuality__normalized__All_Eligible,Regulatory_Quality_lag1,normalized,Inward_FDI_Net_Flow_GDP_Pct_asinh,All_Eligible,Future_Period,train_to_2015__test_from_2016,Ridge,0.189876264100464,0.7339661249375042,0.3768899624635844,M2_Macro_Oil,M3_Macro_Oil_RegQuality,0.1963767568445904,0.7315807515579855,0.3799058667730233,0.006500492744126424,-0.002385373379518718,0.003015904309438877
M2_Macro_Oil_vs_M3_Macro_Oil_RegQuality__normalized__All_Eligible,Regulatory_Quality_lag1,normalized,Inward_FDI_Net_Flow_GDP_Pct_asinh,All_Eligible,Future_Period,train_to_2016__test_from_2017,ElasticNet,0.1902149221749857,0.7485745092401872,0.3881199447109456,M2_Macro_Oil,M3_Macro_Oil_RegQuality,0.1954085823650092,0.7469616395367739,0.3927570438122465,0.005193660190023486,-0.0016128697034133443,0.0046370991013009455
M2_Macro_Oil_vs_M3_Macro_Oil_RegQuality__normalized__All_Eligible,Regulatory_Quality_lag1,normalized,Inward_FDI_Net_Flow_GDP_Pct_asinh,All_Eligible,Future_Period,train_to_2016__test_from_2017,RandomForest,0.1774626872389592,0.7410650480031964,0.3812886323156319,M2_Macro_Oil,M3_Macro_Oil_RegQuality,0.1875998898038734,0.7261876005344648,0.3656692200859267,0.01013720256491421,-0.014877447468731542,-0.015619412229705198
M2_Macro_Oil_vs_M3_Macro_Oil_RegQuality__normalized__All_Eligible,Regulatory_Quality_lag1,normalized,Inward_FDI_Net_Flow_GDP_Pct_asinh,All_Eligible,Future_Period,train_to_2016__test_from_2017,Ridge,0.1883942043026599,0.7482705978625045,0.3868672936348232,M2_Macro_Oil,M3_Macro_Oil_RegQuality,0.1946639475307824,0.7465025416663523,0.3905584477838457,0.006269743228122487,-0.001768056196152168,0.003691154149022491
M2_Macro_Oil_vs_M3_Macro_Oil_RegQuality__normalized__All_Eligible,Regulatory_Quality_lag1,normalized,Inward_FDI_Net_Flow_GDP_Pct_asinh,All_Eligible,Future_Period,train_to_2018__test_from_2019,ElasticNet,0.1413133881644964,0.7767904973991324,0.4152104441567137,M2_Macro_Oil,M3_Macro_Oil_RegQuality,0.1467959319303459,0.7758778327961071,0.4169338684726575,0.005482543765849501,-0.0009126646030253038,0.0017234243159438
M2_Macro_Oil_vs_M3_Macro_Oil_RegQuality__normalized__All_Eligible,Regulatory_Quality_lag1,normalized,Inward_FDI_Net_Flow_GDP_Pct_asinh,All_Eligible,Future_Period,train_to_2018__test_from_2019,RandomForest,0.2098512240222346,0.7554200111077949,0.4260994129800215,M2_Macro_Oil,M3_Macro_Oil_RegQuality,0.1861642727250786,0.751106205831081,0.3926095176366972,-0.023686951297156006,-0.004313805276713878,-0.033489895343324305
M2_Macro_Oil_vs_M3_Macro_Oil_RegQuality__normalized__All_Eligible,Regulatory_Quality_lag1,normalized,Inward_FDI_Net_Flow_GDP_Pct_asinh,All_Eligible,Future_Period,train_to_2018__test_from_2019,Ridge,0.1382027913996574,0.776913084929796,0.4085343495509423,M2_Macro_Oil,M3_Macro_Oil_RegQuality,0.1447224593539587,0.7773185010535192,0.4034745834931477,0.006519667954301284,0.0004054161237231346,-0.0050597660577946235
M2_Macro_Oil_vs_M3_Macro_Oil_RegQuality__normalized__Oil_Rent_Intensive_Pre2016_ge10pct,Regulatory_Quality_lag1,normalized,Inward_FDI_Net_Flow_GDP_Pct_asinh,Oil_Rent_Intensive_Pre2016_ge10pct,Country_Holdout_CV,fold_0,ElasticNet,0.448819226597586,0.6379062373338924,0.4297737357626189,M2_Macro_Oil,M3_Macro_Oil_RegQuality,0.448819226597586,0.6379062373338924,0.4297737357626189,0.0,0.0,0.0
M2_Macro_Oil_vs_M3_Macro_Oil_RegQuality__normalized__Oil_Rent_Intensive_Pre2016_ge10pct,Regulatory_Quality_lag1,normalized,Inward_FDI_Net_Flow_GDP_Pct_asinh,Oil_Rent_Intensive_Pre2016_ge10pct,Country_Holdout_CV,fold_0,RandomForest,0.3860717085339981,0.663664157443135,0.4618258499447605,M2_Macro_Oil,M3_Macro_Oil_RegQuality,0.4162950294915573,0.6348767418050218,0.4079773541189455,0.030223320957559197,-0.028787415638113156,-0.053848495825815024
M2_Macro_Oil_vs_M3_Macro_Oil_RegQuality__normalized__Oil_Rent_Intensive_Pre2016_ge10pct,Regulatory_Quality_lag1,normalized,Inward_FDI_Net_Flow_GDP_Pct_asinh,Oil_Rent_Intensive_Pre2016_ge10pct,Country_Holdout_CV,fold_0,Ridge,0.4481479129988853,0.6396985625905038,0.4298216409122121,M2_Macro_Oil,M3_Macro_Oil_RegQuality,0.4489305526774644,0.638842335224504,0.4268064762144161,0.0007826396785791112,-0.0008562273659998842,-0.0030151646977960023
M2_Macro_Oil_vs_M3_Macro_Oil_RegQuality__normalized__Oil_Rent_Intensive_Pre2016_ge10pct,Regulatory_Quality_lag1,normalized,Inward_FDI_Net_Flow_GDP_Pct_asinh,Oil_Rent_Intensive_Pre2016_ge10pct,Country_Holdout_CV,fold_1,ElasticNet,0.4532429380119158,0.6882996066060768,0.5392001885091668,M2_Macro_Oil,M3_Macro_Oil_RegQuality,0.4535884736292747,0.687886790664787,0.5393207455491049,0.00034553561735889415,-0.0004128159412898347,0.00012055703993807398
M2_Macro_Oil_vs_M3_Macro_Oil_RegQuality__normalized__Oil_Rent_Intensive_Pre2016_ge10pct,Regulatory_Quality_lag1,normalized,Inward_FDI_Net_Flow_GDP_Pct_asinh,Oil_Rent_Intensive_Pre2016_ge10pct,Country_Holdout_CV,fold_1,RandomForest,0.4121590416983688,0.7139454908282357,0.5293250097281951,M2_Macro_Oil,M3_Macro_Oil_RegQuality,0.3915797399949784,0.7278659154314797,0.5118619913556152,-0.020579301703390396,0.013920424603244053,-0.017463018372579908
M2_Macro_Oil_vs_M3_Macro_Oil_RegQuality__normalized__Oil_Rent_Intensive_Pre2016_ge10pct,Regulatory_Quality_lag1,normalized,Inward_FDI_Net_Flow_GDP_Pct_asinh,Oil_Rent_Intensive_Pre2016_ge10pct,Country_Holdout_CV,fold_1,Ridge,0.452568618187001,0.6890427876594202,0.5393542657325365,M2_Macro_Oil,M3_Macro_Oil_RegQuality,0.4534675794404657,0.6879691987906228,0.5397862856840199,0.0008989612534646696,-0.0010735888687973816,0.00043201995148334227
M2_Macro_Oil_vs_M3_Macro_Oil_RegQuality__normalized__Oil_Rent_Intensive_Pre2016_ge10pct,Regulatory_Quality_lag1,normalized,Inward_FDI_Net_Flow_GDP_Pct_asinh,Oil_Rent_Intensive_Pre2016_ge10pct,Country_Holdout_CV,fold_2,ElasticNet,0.2195166153658292,0.8902389159139468,0.5469452288926552,M2_Macro_Oil,M3_Macro_Oil_RegQuality,0.2195166153658292,0.8902389159139468,0.5469452288926552,0.0,0.0,0.0
M2_Macro_Oil_vs_M3_Macro_Oil_RegQuality__normalized__Oil_Rent_Intensive_Pre2016_ge10pct,Regulatory_Quality_lag1,normalized,Inward_FDI_Net_Flow_GDP_Pct_asinh,Oil_Rent_Intensive_Pre2016_ge10pct,Country_Holdout_CV,fold_2,RandomForest,0.1812195061377838,0.924868330217032,0.6457580256572919,M2_Macro_Oil,M3_Macro_Oil_RegQuality,0.1886777698753826,0.960088665964943,0.7156831451640872,0.007458263737598808,0.03522033574791106,0.06992511950679525
M2_Macro_Oil_vs_M3_Macro_Oil_RegQuality__normalized__Oil_Rent_Intensive_Pre2016_ge10pct,Regulatory_Quality_lag1,normalized,Inward_FDI_Net_Flow_GDP_Pct_asinh,Oil_Rent_Intensive_Pre2016_ge10pct,Country_Holdout_CV,fold_2,Ridge,0.2184370594418229,0.8855877505639556,0.5527003848103509,M2_Macro_Oil,M3_Macro_Oil_RegQuality,0.2175872244891787,0.8870718286883094,0.5562849662719543,-0.0008498349526442073,0.0014840781243538048,0.0035845814616034533
M2_Macro_Oil_vs_M3_Macro_Oil_RegQuality__normalized__Oil_Rent_Intensive_Pre2016_ge10pct,Regulatory_Quality_lag1,normalized,Inward_FDI_Net_Flow_GDP_Pct_asinh,Oil_Rent_Intensive_Pre2016_ge10pct,Country_Holdout_CV,fold_3,ElasticNet,0.3261544401961302,1.0521233194754538,0.7404810026724058,M2_Macro_Oil,M3_Macro_Oil_RegQuality,0.3044847270611243,1.0984599323408069,0.7410086363117534,-0.02166971313500593,0.046336612865353066,0.0005276336393476022
M2_Macro_Oil_vs_M3_Macro_Oil_RegQuality__normalized__Oil_Rent_Intensive_Pre2016_ge10pct,Regulatory_Quality_lag1,normalized,Inward_FDI_Net_Flow_GDP_Pct_asinh,Oil_Rent_Intensive_Pre2016_ge10pct,Country_Holdout_CV,fold_3,RandomForest,0.3228371867460896,1.021620958428281,0.5707188420253424,M2_Macro_Oil,M3_Macro_Oil_RegQuality,0.2713856514233446,1.1309477365279712,0.8084300770239619,-0.05145153532274499,0.10932677809969027,0.23771123499861946
M2_Macro_Oil_vs_M3_Macro_Oil_RegQuality__normalized__Oil_Rent_Intensive_Pre2016_ge10pct,Regulatory_Quality_lag1,normalized,Inward_FDI_Net_Flow_GDP_Pct_asinh,Oil_Rent_Intensive_Pre2016_ge10pct,Country_Holdout_CV,fold_3,Ridge,0.3221130216089888,1.0564276684817786,0.7349254484001184,M2_Macro_Oil,M3_Macro_Oil_RegQuality,0.2911324921527937,1.1174108352214005,0.7748580947235437,-0.030980529456195116,0.0609831667396219,0.0399326463234253
M2_Macro_Oil_vs_M3_Macro_Oil_RegQuality__normalized__Oil_Rent_Intensive_Pre2016_ge10pct,Regulatory_Quality_lag1,normalized,Inward_FDI_Net_Flow_GDP_Pct_asinh,Oil_Rent_Intensive_Pre2016_ge10pct,Country_Holdout_CV,fold_4,ElasticNet,0.2773567573709087,0.7316927271858503,0.4497985076853942,M2_Macro_Oil,M3_Macro_Oil_RegQuality,0.2745133415899667,0.7207526296637633,0.4439240534098594,-0.0028434157809419935,-0.010940097522087022,-0.005874454275534791
M2_Macro_Oil_vs_M3_Macro_Oil_RegQuality__normalized__Oil_Rent_Intensive_Pre2016_ge10pct,Regulatory_Quality_lag1,normalized,Inward_FDI_Net_Flow_GDP_Pct_asinh,Oil_Rent_Intensive_Pre2016_ge10pct,Country_Holdout_CV,fold_4,RandomForest,0.2804383027894561,0.7539868348443922,0.530081821932816,M2_Macro_Oil,M3_Macro_Oil_RegQuality,0.2690450988974469,0.7623916816310481,0.5576096960076797,-0.011393203892009207,0.008404846786655873,0.02752787407486368
M2_Macro_Oil_vs_M3_Macro_Oil_RegQuality__normalized__Oil_Rent_Intensive_Pre2016_ge10pct,Regulatory_Quality_lag1,normalized,Inward_FDI_Net_Flow_GDP_Pct_asinh,Oil_Rent_Intensive_Pre2016_ge10pct,Country_Holdout_CV,fold_4,Ridge,0.2768261257327877,0.7317674537613732,0.4307424878239754,M2_Macro_Oil,M3_Macro_Oil_RegQuality,0.2720167235722193,0.7199437367557604,0.4217022992074895,-0.00480940216056841,-0.0118237170056128,-0.009040188616485922
M2_Macro_Oil_vs_M3_Macro_Oil_RegQuality__normalized__Oil_Rent_Intensive_Pre2016_ge10pct,Regulatory_Quality_lag1,normalized,Inward_FDI_Net_Flow_GDP_Pct_asinh,Oil_Rent_Intensive_Pre2016_ge10pct,Future_Period,train_to_2012__test_from_2013,ElasticNet,0.2205970977072824,0.8914869477392466,0.5109187398684691,M2_Macro_Oil,M3_Macro_Oil_RegQuality,0.221023501724745,0.8905449960403464,0.4989796704622982,0.00042640401746260603,-0.0009419516989002119,-0.011939069406170955
M2_Macro_Oil_vs_M3_Macro_Oil_RegQuality__normalized__Oil_Rent_Intensive_Pre2016_ge10pct,Regulatory_Quality_lag1,normalized,Inward_FDI_Net_Flow_GDP_Pct_asinh,Oil_Rent_Intensive_Pre2016_ge10pct,Future_Period,train_to_2012__test_from_2013,RandomForest,0.2272027621786834,0.9094836857487256,0.5219355831573875,M2_Macro_Oil,M3_Macro_Oil_RegQuality,0.1829574755576631,0.938105932263351,0.5415132614869007,-0.04424528662102031,0.028622246514625416,0.019577678329513182
M2_Macro_Oil_vs_M3_Macro_Oil_RegQuality__normalized__Oil_Rent_Intensive_Pre2016_ge10pct,Regulatory_Quality_lag1,normalized,Inward_FDI_Net_Flow_GDP_Pct_asinh,Oil_Rent_Intensive_Pre2016_ge10pct,Future_Period,train_to_2012__test_from_2013,Ridge,0.2193493614512331,0.890708949919853,0.5198601175765174,M2_Macro_Oil,M3_Macro_Oil_RegQuality,0.2205343472866923,0.8873067833894653,0.5070540164536652,0.0011849858354592013,-0.003402166530387718,-0.012806101122852187
M2_Macro_Oil_vs_M3_Macro_Oil_RegQuality__normalized__Oil_Rent_Intensive_Pre2016_ge10pct,Regulatory_Quality_lag1,normalized,Inward_FDI_Net_Flow_GDP_Pct_asinh,Oil_Rent_Intensive_Pre2016_ge10pct,Future_Period,train_to_2014__test_from_2015,ElasticNet,0.2279991333187618,0.923800894341052,0.589582944003021,M2_Macro_Oil,M3_Macro_Oil_RegQuality,0.2274887303365301,0.9237061103088204,0.5965973450554283,-0.000510402982231678,-9.478403223150966e-05,0.007014401052407249
M2_Macro_Oil_vs_M3_Macro_Oil_RegQuality__normalized__Oil_Rent_Intensive_Pre2016_ge10pct,Regulatory_Quality_lag1,normalized,Inward_FDI_Net_Flow_GDP_Pct_asinh,Oil_Rent_Intensive_Pre2016_ge10pct,Future_Period,train_to_2014__test_from_2015,RandomForest,0.1759524560756117,0.9710158528927376,0.5983128426865156,M2_Macro_Oil,M3_Macro_Oil_RegQuality,0.1979234648662197,0.964823182692184,0.6045704571973115,0.02197100879060801,-0.006192670200553585,0.0062576145107958725
M2_Macro_Oil_vs_M3_Macro_Oil_RegQuality__normalized__Oil_Rent_Intensive_Pre2016_ge10pct,Regulatory_Quality_lag1,normalized,Inward_FDI_Net_Flow_GDP_Pct_asinh,Oil_Rent_Intensive_Pre2016_ge10pct,Future_Period,train_to_2014__test_from_2015,Ridge,0.2257752715999348,0.9236419954858924,0.588189697072822,M2_Macro_Oil,M3_Macro_Oil_RegQuality,0.2247014772284262,0.923637079324549,0.5927048042013487,-0.0010737943715085907,-4.916161343460068e-06,0.004515107128526763
M2_Macro_Oil_vs_M3_Macro_Oil_RegQuality__normalized__Oil_Rent_Intensive_Pre2016_ge10pct,Regulatory_Quality_lag1,normalized,Inward_FDI_Net_Flow_GDP_Pct_asinh,Oil_Rent_Intensive_Pre2016_ge10pct,Future_Period,train_to_2015__test_from_2016,ElasticNet,0.2316139160641079,0.9346939221039982,0.604039389116473,M2_Macro_Oil,M3_Macro_Oil_RegQuality,0.231614268004403,0.934693724867445,0.6040367702397491,3.519402951013273e-07,-1.9723655320103006e-07,-2.6188767239254673e-06
M2_Macro_Oil_vs_M3_Macro_Oil_RegQuality__normalized__Oil_Rent_Intensive_Pre2016_ge10pct,Regulatory_Quality_lag1,normalized,Inward_FDI_Net_Flow_GDP_Pct_asinh,Oil_Rent_Intensive_Pre2016_ge10pct,Future_Period,train_to_2015__test_from_2016,RandomForest,0.2019147679180984,0.9857467632723058,0.6548983850251097,M2_Macro_Oil,M3_Macro_Oil_RegQuality,0.2104695094763263,0.9718523926627746,0.6185349153623005,0.008554741558227913,-0.013894370609531248,-0.03636346966280912
M2_Macro_Oil_vs_M3_Macro_Oil_RegQuality__normalized__Oil_Rent_Intensive_Pre2016_ge10pct,Regulatory_Quality_lag1,normalized,Inward_FDI_Net_Flow_GDP_Pct_asinh,Oil_Rent_Intensive_Pre2016_ge10pct,Future_Period,train_to_2015__test_from_2016,Ridge,0.2300244773652315,0.9343786271397612,0.6009716804809653,M2_Macro_Oil,M3_Macro_Oil_RegQuality,0.2308373053612675,0.9338055424693829,0.6166603973630891,0.0008128279960360196,-0.0005730846703783099,0.01568871688212381
M2_Macro_Oil_vs_M3_Macro_Oil_RegQuality__normalized__Oil_Rent_Intensive_Pre2016_ge10pct,Regulatory_Quality_lag1,normalized,Inward_FDI_Net_Flow_GDP_Pct_asinh,Oil_Rent_Intensive_Pre2016_ge10pct,Future_Period,train_to_2016__test_from_2017,ElasticNet,0.258369356648356,0.9277948549174666,0.6273149973532208,M2_Macro_Oil,M3_Macro_Oil_RegQuality,0.2583686303324416,0.9277941251558698,0.6273119013382931,-7.263159143566789e-07,-7.297615968182569e-07,-3.096014927761459e-06
M2_Macro_Oil_vs_M3_Macro_Oil_RegQuality__normalized__Oil_Rent_Intensive_Pre2016_ge10pct,Regulatory_Quality_lag1,normalized,Inward_FDI_Net_Flow_GDP_Pct_asinh,Oil_Rent_Intensive_Pre2016_ge10pct,Future_Period,train_to_2016__test_from_2017,RandomForest,0.2678732222238181,0.9452664011488168,0.6090508830919197,M2_Macro_Oil,M3_Macro_Oil_RegQuality,0.2699531945820285,0.9411366816733538,0.6285226453915826,0.0020799723582103913,-0.004129719475462923,0.019471762299662965
M2_Macro_Oil_vs_M3_Macro_Oil_RegQuality__normalized__Oil_Rent_Intensive_Pre2016_ge10pct,Regulatory_Quality_lag1,normalized,Inward_FDI_Net_Flow_GDP_Pct_asinh,Oil_Rent_Intensive_Pre2016_ge10pct,Future_Period,train_to_2016__test_from_2017,Ridge,0.2558951883940932,0.9282371000786596,0.6216092122211776,M2_Macro_Oil,M3_Macro_Oil_RegQuality,0.2565521233723393,0.9277918861285036,0.628214487490218,0.0006569349782460931,-0.0004452139501559538,0.006605275269040423
M2_Macro_Oil_vs_M3_Macro_Oil_RegQuality__normalized__Oil_Rent_Intensive_Pre2016_ge10pct,Regulatory_Quality_lag1,normalized,Inward_FDI_Net_Flow_GDP_Pct_asinh,Oil_Rent_Intensive_Pre2016_ge10pct,Future_Period,train_to_2018__test_from_2019,ElasticNet,0.1756499490984475,0.9766275422991596,0.6178876860410387,M2_Macro_Oil,M3_Macro_Oil_RegQuality,0.1756202146382093,0.9767655706055084,0.6112399791332628,-2.9734460238212135e-05,0.00013802830634879193,-0.006647706907775941
M2_Macro_Oil_vs_M3_Macro_Oil_RegQuality__normalized__Oil_Rent_Intensive_Pre2016_ge10pct,Regulatory_Quality_lag1,normalized,Inward_FDI_Net_Flow_GDP_Pct_asinh,Oil_Rent_Intensive_Pre2016_ge10pct,Future_Period,train_to_2018__test_from_2019,RandomForest,0.14575579610088,1.006572818454525,0.6572792374127416,M2_Macro_Oil,M3_Macro_Oil_RegQuality,0.2426896333935683,0.9410140413979208,0.5772007980664003,0.09693383729268831,-0.06555877705660429,-0.08007843934634129
M2_Macro_Oil_vs_M3_Macro_Oil_RegQuality__normalized__Oil_Rent_Intensive_Pre2016_ge10pct,Regulatory_Quality_lag1,normalized,Inward_FDI_Net_Flow_GDP_Pct_asinh,Oil_Rent_Intensive_Pre2016_ge10pct,Future_Period,train_to_2018__test_from_2019,Ridge,0.1712386022016613,0.979422027898912,0.6149459552240195,M2_Macro_Oil,M3_Macro_Oil_RegQuality,0.1710070033274475,0.979218487759528,0.6084393326539097,-0.00023159887421378422,-0.00020354013938395088,-0.00650662257010981
M2_Macro_Oil_vs_M3_Macro_Oil_RegQuality__normalized__Oil_Rent_Intensive_Pre2016_ge15pct,Regulatory_Quality_lag1,normalized,Inward_FDI_Net_Flow_GDP_Pct_asinh,Oil_Rent_Intensive_Pre2016_ge15pct,Country_Holdout_CV,fold_0,ElasticNet,0.4638886437583865,0.6285129808999252,0.4413434786699506,M2_Macro_Oil,M3_Macro_Oil_RegQuality,0.4569922453656512,0.6386166691552146,0.4772685326127751,-0.0068963983927353145,0.0101036882552894,0.03592505394282447
M2_Macro_Oil_vs_M3_Macro_Oil_RegQuality__normalized__Oil_Rent_Intensive_Pre2016_ge15pct,Regulatory_Quality_lag1,normalized,Inward_FDI_Net_Flow_GDP_Pct_asinh,Oil_Rent_Intensive_Pre2016_ge15pct,Country_Holdout_CV,fold_0,RandomForest,0.3865196096007346,0.6628584767713964,0.4059770873002651,M2_Macro_Oil,M3_Macro_Oil_RegQuality,0.3932772325071343,0.6682834485280762,0.4627059753340102,0.006757622906399696,0.005424971756679775,0.056728888033745095
M2_Macro_Oil_vs_M3_Macro_Oil_RegQuality__normalized__Oil_Rent_Intensive_Pre2016_ge15pct,Regulatory_Quality_lag1,normalized,Inward_FDI_Net_Flow_GDP_Pct_asinh,Oil_Rent_Intensive_Pre2016_ge15pct,Country_Holdout_CV,fold_0,Ridge,0.4631829403004328,0.6308295604248794,0.4402312561236665,M2_Macro_Oil,M3_Macro_Oil_RegQuality,0.4551840959169986,0.6417078858014071,0.4744287676594726,-0.007998844383434178,0.010878325376527775,0.034197511535806135
M2_Macro_Oil_vs_M3_Macro_Oil_RegQuality__normalized__Oil_Rent_Intensive_Pre2016_ge15pct,Regulatory_Quality_lag1,normalized,Inward_FDI_Net_Flow_GDP_Pct_asinh,Oil_Rent_Intensive_Pre2016_ge15pct,Country_Holdout_CV,fold_1,ElasticNet,0.4660782332401633,0.668701587671908,0.5080520134058728,M2_Macro_Oil,M3_Macro_Oil_RegQuality,0.4631994265504963,0.6715344356622818,0.5041425383124079,-0.0028788066896670017,0.0028328479903737547,-0.003909475093464954
M2_Macro_Oil_vs_M3_Macro_Oil_RegQuality__normalized__Oil_Rent_Intensive_Pre2016_ge15pct,Regulatory_Quality_lag1,normalized,Inward_FDI_Net_Flow_GDP_Pct_asinh,Oil_Rent_Intensive_Pre2016_ge15pct,Country_Holdout_CV,fold_1,RandomForest,0.385810681507888,0.7287239000972733,0.5349953541778567,M2_Macro_Oil,M3_Macro_Oil_RegQuality,0.3975229041617747,0.7281974554826007,0.50894225741333,0.011712222653886717,-0.0005264446146725499,-0.026053096764526718
M2_Macro_Oil_vs_M3_Macro_Oil_RegQuality__normalized__Oil_Rent_Intensive_Pre2016_ge15pct,Regulatory_Quality_lag1,normalized,Inward_FDI_Net_Flow_GDP_Pct_asinh,Oil_Rent_Intensive_Pre2016_ge15pct,Country_Holdout_CV,fold_1,Ridge,0.4668728398561862,0.6661290420782686,0.4965269729652264,M2_Macro_Oil,M3_Macro_Oil_RegQuality,0.4615968573725372,0.671761684258906,0.4918377764207447,-0.005275982483649022,0.005632642180637415,-0.0046891965444816885
M2_Macro_Oil_vs_M3_Macro_Oil_RegQuality__normalized__Oil_Rent_Intensive_Pre2016_ge15pct,Regulatory_Quality_lag1,normalized,Inward_FDI_Net_Flow_GDP_Pct_asinh,Oil_Rent_Intensive_Pre2016_ge15pct,Country_Holdout_CV,fold_2,ElasticNet,0.1407095066411741,0.8763429530376174,0.4887348441811531,M2_Macro_Oil,M3_Macro_Oil_RegQuality,0.1404922044530357,0.8765628077938017,0.4887366813883955,-0.0002173021881383963,0.00021985475618424566,1.8372072423944452e-06
M2_Macro_Oil_vs_M3_Macro_Oil_RegQuality__normalized__Oil_Rent_Intensive_Pre2016_ge15pct,Regulatory_Quality_lag1,normalized,Inward_FDI_Net_Flow_GDP_Pct_asinh,Oil_Rent_Intensive_Pre2016_ge15pct,Country_Holdout_CV,fold_2,RandomForest,0.0954601533482375,0.9216645086561908,0.490778536097513,M2_Macro_Oil,M3_Macro_Oil_RegQuality,0.1040353594744736,0.9069680436715132,0.530434059520038,0.008575206126236093,-0.014696464984677582,0.039655523422524985
M2_Macro_Oil_vs_M3_Macro_Oil_RegQuality__normalized__Oil_Rent_Intensive_Pre2016_ge15pct,Regulatory_Quality_lag1,normalized,Inward_FDI_Net_Flow_GDP_Pct_asinh,Oil_Rent_Intensive_Pre2016_ge15pct,Country_Holdout_CV,fold_2,Ridge,0.1380775763448798,0.87333756976499,0.4907572223868415,M2_Macro_Oil,M3_Macro_Oil_RegQuality,0.1361935904508033,0.8751486971983808,0.4903318710429644,-0.001883985894076512,0.0018111274333908467,-0.0004253513438771117
M2_Macro_Oil_vs_M3_Macro_Oil_RegQuality__normalized__Oil_Rent_Intensive_Pre2016_ge15pct,Regulatory_Quality_lag1,normalized,Inward_FDI_Net_Flow_GDP_Pct_asinh,Oil_Rent_Intensive_Pre2016_ge15pct,Country_Holdout_CV,fold_3,ElasticNet,0.2290344786918299,1.0379086415983678,0.7068572571067337,M2_Macro_Oil,M3_Macro_Oil_RegQuality,0.1970283712163434,1.0861214503071768,0.7566596482632449,-0.03200610747548652,0.04821280870880895,0.049802391156511194
M2_Macro_Oil_vs_M3_Macro_Oil_RegQuality__normalized__Oil_Rent_Intensive_Pre2016_ge15pct,Regulatory_Quality_lag1,normalized,Inward_FDI_Net_Flow_GDP_Pct_asinh,Oil_Rent_Intensive_Pre2016_ge15pct,Country_Holdout_CV,fold_3,RandomForest,0.2128460371841726,1.102120426432136,0.8135942792897026,M2_Macro_Oil,M3_Macro_Oil_RegQuality,0.1672186668866105,1.1503730784392825,0.9180045903619612,-0.045627370297562114,0.04825265200714646,0.10441031107225862
M2_Macro_Oil_vs_M3_Macro_Oil_RegQuality__normalized__Oil_Rent_Intensive_Pre2016_ge15pct,Regulatory_Quality_lag1,normalized,Inward_FDI_Net_Flow_GDP_Pct_asinh,Oil_Rent_Intensive_Pre2016_ge15pct,Country_Holdout_CV,fold_3,Ridge,0.2253227749579132,1.041247105708467,0.7022859558378407,M2_Macro_Oil,M3_Macro_Oil_RegQuality,0.1760435109894256,1.1100692920491806,0.7958892764028312,-0.049279263968487586,0.06882218634071369,0.09360332056499054
M2_Macro_Oil_vs_M3_Macro_Oil_RegQuality__normalized__Oil_Rent_Intensive_Pre2016_ge15pct,Regulatory_Quality_lag1,normalized,Inward_FDI_Net_Flow_GDP_Pct_asinh,Oil_Rent_Intensive_Pre2016_ge15pct,Country_Holdout_CV,fold_4,ElasticNet,0.4557351460385445,0.6402742956812145,0.385804780221894,M2_Macro_Oil,M3_Macro_Oil_RegQuality,0.4553771619714266,0.6396682508321611,0.3871822835809775,-0.0003579840671179002,-0.0006060448490534665,0.0013775033590834873
M2_Macro_Oil_vs_M3_Macro_Oil_RegQuality__normalized__Oil_Rent_Intensive_Pre2016_ge15pct,Regulatory_Quality_lag1,normalized,Inward_FDI_Net_Flow_GDP_Pct_asinh,Oil_Rent_Intensive_Pre2016_ge15pct,Country_Holdout_CV,fold_4,RandomForest,0.3602043065560694,0.6870580980628194,0.4329308477116733,M2_Macro_Oil,M3_Macro_Oil_RegQuality,0.4104383010029815,0.6844129400926868,0.4521978361821954,0.05023399444691212,-0.002645157970132539,0.019266988470522106
M2_Macro_Oil_vs_M3_Macro_Oil_RegQuality__normalized__Oil_Rent_Intensive_Pre2016_ge15pct,Regulatory_Quality_lag1,normalized,Inward_FDI_Net_Flow_GDP_Pct_asinh,Oil_Rent_Intensive_Pre2016_ge15pct,Country_Holdout_CV,fold_4,Ridge,0.456259448302674,0.6402473292295164,0.3701646306435224,M2_Macro_Oil,M3_Macro_Oil_RegQuality,0.4534677200137249,0.6374963470192054,0.3981230305955685,-0.0027917282889491357,-0.0027509822103110038,0.027958399952046076
M2_Macro_Oil_vs_M3_Macro_Oil_RegQuality__normalized__Oil_Rent_Intensive_Pre2016_ge15pct,Regulatory_Quality_lag1,normalized,Inward_FDI_Net_Flow_GDP_Pct_asinh,Oil_Rent_Intensive_Pre2016_ge15pct,Future_Period,train_to_2012__test_from_2013,ElasticNet,0.293979048340663,0.8506526941244769,0.5139214830747414,M2_Macro_Oil,M3_Macro_Oil_RegQuality,0.2916775182318267,0.8556671454414615,0.5111353360218824,-0.002301530108836325,0.005014451316984636,-0.002786147052858956
M2_Macro_Oil_vs_M3_Macro_Oil_RegQuality__normalized__Oil_Rent_Intensive_Pre2016_ge15pct,Regulatory_Quality_lag1,normalized,Inward_FDI_Net_Flow_GDP_Pct_asinh,Oil_Rent_Intensive_Pre2016_ge15pct,Future_Period,train_to_2012__test_from_2013,RandomForest,0.2122344759828712,0.9282348906203546,0.5679901175116964,M2_Macro_Oil,M3_Macro_Oil_RegQuality,0.1990200813230587,0.9200367027718016,0.527660790994879,-0.0132143946598125,-0.008198187848552974,-0.04032932651681742
M2_Macro_Oil_vs_M3_Macro_Oil_RegQuality__normalized__Oil_Rent_Intensive_Pre2016_ge15pct,Regulatory_Quality_lag1,normalized,Inward_FDI_Net_Flow_GDP_Pct_asinh,Oil_Rent_Intensive_Pre2016_ge15pct,Future_Period,train_to_2012__test_from_2013,Ridge,0.2923780382422196,0.8504288011179132,0.5132039797622714,M2_Macro_Oil,M3_Macro_Oil_RegQuality,0.2900914853110318,0.8553609274248568,0.5125436242325556,-0.002286552931187791,0.004932126306943618,-0.0006603555297157726
M2_Macro_Oil_vs_M3_Macro_Oil_RegQuality__normalized__Oil_Rent_Intensive_Pre2016_ge15pct,Regulatory_Quality_lag1,normalized,Inward_FDI_Net_Flow_GDP_Pct_asinh,Oil_Rent_Intensive_Pre2016_ge15pct,Future_Period,train_to_2014__test_from_2015,ElasticNet,0.3034801950981809,0.8829448032522167,0.551162551440803,M2_Macro_Oil,M3_Macro_Oil_RegQuality,0.3031321170409023,0.8834228239144499,0.5481788227355279,-0.0003480780572786002,0.00047802066223323614,-0.0029837287052750794
M2_Macro_Oil_vs_M3_Macro_Oil_RegQuality__normalized__Oil_Rent_Intensive_Pre2016_ge15pct,Regulatory_Quality_lag1,normalized,Inward_FDI_Net_Flow_GDP_Pct_asinh,Oil_Rent_Intensive_Pre2016_ge15pct,Future_Period,train_to_2014__test_from_2015,RandomForest,0.1974090764462122,0.952981638438426,0.6034034918815895,M2_Macro_Oil,M3_Macro_Oil_RegQuality,0.2185254883730795,0.928360135985542,0.5084587803293816,0.021116411926867307,-0.02462150245288397,-0.09494471155220785
M2_Macro_Oil_vs_M3_Macro_Oil_RegQuality__normalized__Oil_Rent_Intensive_Pre2016_ge15pct,Regulatory_Quality_lag1,normalized,Inward_FDI_Net_Flow_GDP_Pct_asinh,Oil_Rent_Intensive_Pre2016_ge15pct,Future_Period,train_to_2014__test_from_2015,Ridge,0.300910541105656,0.8836978005436678,0.5385605029034479,M2_Macro_Oil,M3_Macro_Oil_RegQuality,0.3005465022421136,0.8842816207175214,0.5366490797514465,-0.0003640388635424152,0.0005838201738536108,-0.0019114231520014346
M2_Macro_Oil_vs_M3_Macro_Oil_RegQuality__normalized__Oil_Rent_Intensive_Pre2016_ge15pct,Regulatory_Quality_lag1,normalized,Inward_FDI_Net_Flow_GDP_Pct_asinh,Oil_Rent_Intensive_Pre2016_ge15pct,Future_Period,train_to_2015__test_from_2016,ElasticNet,0.316581295826037,0.8833680439152818,0.5339550322480004,M2_Macro_Oil,M3_Macro_Oil_RegQuality,0.3136041186124364,0.8870175334707979,0.5446329658689977,-0.002977177213600579,0.003649489555516139,0.010677933620997226
M2_Macro_Oil_vs_M3_Macro_Oil_RegQuality__normalized__Oil_Rent_Intensive_Pre2016_ge15pct,Regulatory_Quality_lag1,normalized,Inward_FDI_Net_Flow_GDP_Pct_asinh,Oil_Rent_Intensive_Pre2016_ge15pct,Future_Period,train_to_2015__test_from_2016,RandomForest,0.2179304440976962,0.9342357530352264,0.5885530467140205,M2_Macro_Oil,M3_Macro_Oil_RegQuality,0.2332589045284481,0.934163747104906,0.609573229679681,0.015328460430751895,-7.200593032041791e-05,0.02102018296566044
M2_Macro_Oil_vs_M3_Macro_Oil_RegQuality__normalized__Oil_Rent_Intensive_Pre2016_ge15pct,Regulatory_Quality_lag1,normalized,Inward_FDI_Net_Flow_GDP_Pct_asinh,Oil_Rent_Intensive_Pre2016_ge15pct,Future_Period,train_to_2015__test_from_2016,Ridge,0.3145058870877421,0.88480314840592,0.5416100371082853,M2_Macro_Oil,M3_Macro_Oil_RegQuality,0.3109741285191945,0.8885347762467181,0.5423457055047645,-0.003531758568547594,0.0037316278407980574,0.0007356683964792055
M2_Macro_Oil_vs_M3_Macro_Oil_RegQuality__normalized__Oil_Rent_Intensive_Pre2016_ge15pct,Regulatory_Quality_lag1,normalized,Inward_FDI_Net_Flow_GDP_Pct_asinh,Oil_Rent_Intensive_Pre2016_ge15pct,Future_Period,train_to_2016__test_from_2017,ElasticNet,0.3452688601139895,0.8790821402420913,0.5578996920101659,M2_Macro_Oil,M3_Macro_Oil_RegQuality,0.3431963022723038,0.8815436819378681,0.5602810755985792,-0.002072557841685696,0.0024615416957768366,0.0023813835884133328
M2_Macro_Oil_vs_M3_Macro_Oil_RegQuality__normalized__Oil_Rent_Intensive_Pre2016_ge15pct,Regulatory_Quality_lag1,normalized,Inward_FDI_Net_Flow_GDP_Pct_asinh,Oil_Rent_Intensive_Pre2016_ge15pct,Future_Period,train_to_2016__test_from_2017,RandomForest,0.2553400615586723,0.961535893769441,0.6689035474200388,M2_Macro_Oil,M3_Macro_Oil_RegQuality,0.2485282963482731,0.9576355622073612,0.6218773444842559,-0.0068117652103991955,-0.0039003315620798062,-0.04702620293578286
M2_Macro_Oil_vs_M3_Macro_Oil_RegQuality__normalized__Oil_Rent_Intensive_Pre2016_ge15pct,Regulatory_Quality_lag1,normalized,Inward_FDI_Net_Flow_GDP_Pct_asinh,Oil_Rent_Intensive_Pre2016_ge15pct,Future_Period,train_to_2016__test_from_2017,Ridge,0.3430120858541522,0.8799169152866462,0.5554142707259067,M2_Macro_Oil,M3_Macro_Oil_RegQuality,0.3408581213973556,0.8824032448947304,0.5617569088880519,-0.0021539644567966088,0.002486329608084259,0.006342638162145198
M2_Macro_Oil_vs_M3_Macro_Oil_RegQuality__normalized__Oil_Rent_Intensive_Pre2016_ge15pct,Regulatory_Quality_lag1,normalized,Inward_FDI_Net_Flow_GDP_Pct_asinh,Oil_Rent_Intensive_Pre2016_ge15pct,Future_Period,train_to_2018__test_from_2019,ElasticNet,0.2853944821054719,0.8989951818682573,0.5641252816543869,M2_Macro_Oil,M3_Macro_Oil_RegQuality,0.2853931988329654,0.8990003946346908,0.5640851085980192,-1.2832725065359263e-06,5.212766433504434e-06,-4.0173056367720505e-05
M2_Macro_Oil_vs_M3_Macro_Oil_RegQuality__normalized__Oil_Rent_Intensive_Pre2016_ge15pct,Regulatory_Quality_lag1,normalized,Inward_FDI_Net_Flow_GDP_Pct_asinh,Oil_Rent_Intensive_Pre2016_ge15pct,Future_Period,train_to_2018__test_from_2019,RandomForest,0.181580230127209,0.9989358415358724,0.6488083943970768,M2_Macro_Oil,M3_Macro_Oil_RegQuality,0.1877451073740305,0.9689534598310884,0.62049793532304,0.006164877246821493,-0.029982381704784067,-0.028310459074036842
M2_Macro_Oil_vs_M3_Macro_Oil_RegQuality__normalized__Oil_Rent_Intensive_Pre2016_ge15pct,Regulatory_Quality_lag1,normalized,Inward_FDI_Net_Flow_GDP_Pct_asinh,Oil_Rent_Intensive_Pre2016_ge15pct,Future_Period,train_to_2018__test_from_2019,Ridge,0.2805401219274686,0.9032056703804592,0.5574708602897593,M2_Macro_Oil,M3_Macro_Oil_RegQuality,0.2805466963767973,0.9031172590311608,0.5567012141398244,6.574449328722309e-06,-8.841134929837846e-05,-0.0007696461499349105
M2_Macro_Oil_vs_M3_Macro_Oil_RegQuality__normalized__Oil_Rent_Intensive_Pre2016_ge1pct,Regulatory_Quality_lag1,normalized,Inward_FDI_Net_Flow_GDP_Pct_asinh,Oil_Rent_Intensive_Pre2016_ge1pct,Country_Holdout_CV,fold_0,ElasticNet,0.4904642288137468,0.5628456002175963,0.3591941858699908,M2_Macro_Oil,M3_Macro_Oil_RegQuality,0.4904642263751955,0.5628455980738551,0.359193984467886,-2.438551305328218e-09,-2.143741184568171e-09,-2.0140210482688659e-07
M2_Macro_Oil_vs_M3_Macro_Oil_RegQuality__normalized__Oil_Rent_Intensive_Pre2016_ge1pct,Regulatory_Quality_lag1,normalized,Inward_FDI_Net_Flow_GDP_Pct_asinh,Oil_Rent_Intensive_Pre2016_ge1pct,Country_Holdout_CV,fold_0,RandomForest,0.4562718170436137,0.5881584642654254,0.3997653026710616,M2_Macro_Oil,M3_Macro_Oil_RegQuality,0.4616442123017409,0.5845442194522237,0.3989316008163565,0.005372395258127216,-0.003614244813201717,-0.0008337018547051045
M2_Macro_Oil_vs_M3_Macro_Oil_RegQuality__normalized__Oil_Rent_Intensive_Pre2016_ge1pct,Regulatory_Quality_lag1,normalized,Inward_FDI_Net_Flow_GDP_Pct_asinh,Oil_Rent_Intensive_Pre2016_ge1pct,Country_Holdout_CV,fold_0,Ridge,0.4914198591849901,0.5617778525721296,0.3722590236309163,M2_Macro_Oil,M3_Macro_Oil_RegQuality,0.4949746975043576,0.5591024266433228,0.3530765938908769,0.0035548383193674815,-0.002675425928806874,-0.019182429740039364
M2_Macro_Oil_vs_M3_Macro_Oil_RegQuality__normalized__Oil_Rent_Intensive_Pre2016_ge1pct,Regulatory_Quality_lag1,normalized,Inward_FDI_Net_Flow_GDP_Pct_asinh,Oil_Rent_Intensive_Pre2016_ge1pct,Country_Holdout_CV,fold_1,ElasticNet,0.3722294177178294,0.5424454435376239,0.3756325418143198,M2_Macro_Oil,M3_Macro_Oil_RegQuality,0.3729346012792682,0.5412665341382216,0.3732929277666987,0.0007051835614387825,-0.0011789093994023503,-0.002339614047621119
M2_Macro_Oil_vs_M3_Macro_Oil_RegQuality__normalized__Oil_Rent_Intensive_Pre2016_ge1pct,Regulatory_Quality_lag1,normalized,Inward_FDI_Net_Flow_GDP_Pct_asinh,Oil_Rent_Intensive_Pre2016_ge1pct,Country_Holdout_CV,fold_1,RandomForest,0.3035561231119736,0.5711632297509063,0.3793388526946469,M2_Macro_Oil,M3_Macro_Oil_RegQuality,0.2778323384216817,0.5870173975107641,0.3530203776366513,-0.025723784690291907,0.015854167759857818,-0.026318475057995616
M2_Macro_Oil_vs_M3_Macro_Oil_RegQuality__normalized__Oil_Rent_Intensive_Pre2016_ge1pct,Regulatory_Quality_lag1,normalized,Inward_FDI_Net_Flow_GDP_Pct_asinh,Oil_Rent_Intensive_Pre2016_ge1pct,Country_Holdout_CV,fold_1,Ridge,0.3720656131039324,0.5434878156593675,0.366938090305215,M2_Macro_Oil,M3_Macro_Oil_RegQuality,0.3756697709330087,0.5400974435120336,0.3786690281344484,0.0036041578290763043,-0.003390372147333953,0.011730937829233401
M2_Macro_Oil_vs_M3_Macro_Oil_RegQuality__normalized__Oil_Rent_Intensive_Pre2016_ge1pct,Regulatory_Quality_lag1,normalized,Inward_FDI_Net_Flow_GDP_Pct_asinh,Oil_Rent_Intensive_Pre2016_ge1pct,Country_Holdout_CV,fold_2,ElasticNet,0.2220606393936265,0.6076123337296836,0.3815137610700548,M2_Macro_Oil,M3_Macro_Oil_RegQuality,0.2223190570286189,0.6059638503803826,0.3765254736835975,0.0002584176349924028,-0.001648483349301011,-0.004988287386457291
M2_Macro_Oil_vs_M3_Macro_Oil_RegQuality__normalized__Oil_Rent_Intensive_Pre2016_ge1pct,Regulatory_Quality_lag1,normalized,Inward_FDI_Net_Flow_GDP_Pct_asinh,Oil_Rent_Intensive_Pre2016_ge1pct,Country_Holdout_CV,fold_2,RandomForest,0.2231187428587555,0.5993411400027092,0.3679061705359908,M2_Macro_Oil,M3_Macro_Oil_RegQuality,0.2708090918792329,0.5796714692089538,0.3554851763032346,0.04769034902047742,-0.019669670793755367,-0.012420994232756166
M2_Macro_Oil_vs_M3_Macro_Oil_RegQuality__normalized__Oil_Rent_Intensive_Pre2016_ge1pct,Regulatory_Quality_lag1,normalized,Inward_FDI_Net_Flow_GDP_Pct_asinh,Oil_Rent_Intensive_Pre2016_ge1pct,Country_Holdout_CV,fold_2,Ridge,0.2203017632102102,0.6068033339955793,0.3697639439041476,M2_Macro_Oil,M3_Macro_Oil_RegQuality,0.2231264018179566,0.6024956243143452,0.3608767472806353,0.002824638607746399,-0.004307709681234062,-0.008887196623512283
M2_Macro_Oil_vs_M3_Macro_Oil_RegQuality__normalized__Oil_Rent_Intensive_Pre2016_ge1pct,Regulatory_Quality_lag1,normalized,Inward_FDI_Net_Flow_GDP_Pct_asinh,Oil_Rent_Intensive_Pre2016_ge1pct,Country_Holdout_CV,fold_3,ElasticNet,0.3509565324459801,0.8590607519797764,0.5491433740950711,M2_Macro_Oil,M3_Macro_Oil_RegQuality,0.3486418113449281,0.8647464497830707,0.5551316334519747,-0.002314721101051964,0.0056856978032943095,0.0059882593569036136
M2_Macro_Oil_vs_M3_Macro_Oil_RegQuality__normalized__Oil_Rent_Intensive_Pre2016_ge1pct,Regulatory_Quality_lag1,normalized,Inward_FDI_Net_Flow_GDP_Pct_asinh,Oil_Rent_Intensive_Pre2016_ge1pct,Country_Holdout_CV,fold_3,RandomForest,0.3217416893412202,0.87458257968732,0.5096207620569904,M2_Macro_Oil,M3_Macro_Oil_RegQuality,0.3382964389027768,0.8651750000846723,0.5336017364212751,0.01655474956155656,-0.009407579602647709,0.023980974364284702
M2_Macro_Oil_vs_M3_Macro_Oil_RegQuality__normalized__Oil_Rent_Intensive_Pre2016_ge1pct,Regulatory_Quality_lag1,normalized,Inward_FDI_Net_Flow_GDP_Pct_asinh,Oil_Rent_Intensive_Pre2016_ge1pct,Country_Holdout_CV,fold_3,Ridge,0.3472102776801198,0.8630567876136748,0.5535368331192494,M2_Macro_Oil,M3_Macro_Oil_RegQuality,0.341201572694405,0.8745368434294344,0.5571609404385401,-0.006008704985714819,0.011480055815759616,0.003624107319290748
M2_Macro_Oil_vs_M3_Macro_Oil_RegQuality__normalized__Oil_Rent_Intensive_Pre2016_ge1pct,Regulatory_Quality_lag1,normalized,Inward_FDI_Net_Flow_GDP_Pct_asinh,Oil_Rent_Intensive_Pre2016_ge1pct,Country_Holdout_CV,fold_4,ElasticNet,0.3463381932341492,0.5853706808940101,0.3648845962304644,M2_Macro_Oil,M3_Macro_Oil_RegQuality,0.3398069204592912,0.5817516464225051,0.3804708507002304,-0.0065312727748580435,-0.0036190344715050227,0.015586254469766025
M2_Macro_Oil_vs_M3_Macro_Oil_RegQuality__normalized__Oil_Rent_Intensive_Pre2016_ge1pct,Regulatory_Quality_lag1,normalized,Inward_FDI_Net_Flow_GDP_Pct_asinh,Oil_Rent_Intensive_Pre2016_ge1pct,Country_Holdout_CV,fold_4,RandomForest,0.2963107486854025,0.644763273460269,0.4422485599826752,M2_Macro_Oil,M3_Macro_Oil_RegQuality,0.235500354923519,0.6519753087300363,0.4458568689456484,-0.06081039376188352,0.007212035269767325,0.0036083089629732057
M2_Macro_Oil_vs_M3_Macro_Oil_RegQuality__normalized__Oil_Rent_Intensive_Pre2016_ge1pct,Regulatory_Quality_lag1,normalized,Inward_FDI_Net_Flow_GDP_Pct_asinh,Oil_Rent_Intensive_Pre2016_ge1pct,Country_Holdout_CV,fold_4,Ridge,0.3478306715160381,0.5841657166545324,0.3653403099357932,M2_Macro_Oil,M3_Macro_Oil_RegQuality,0.3383372674395984,0.5807396739421385,0.3779936038129126,-0.009493404076439671,-0.003426042712393884,0.012653293877119387
M2_Macro_Oil_vs_M3_Macro_Oil_RegQuality__normalized__Oil_Rent_Intensive_Pre2016_ge1pct,Regulatory_Quality_lag1,normalized,Inward_FDI_Net_Flow_GDP_Pct_asinh,Oil_Rent_Intensive_Pre2016_ge1pct,Future_Period,train_to_2012__test_from_2013,ElasticNet,0.3061673564118117,0.634728440386795,0.3569552994623615,M2_Macro_Oil,M3_Macro_Oil_RegQuality,0.3061668838205195,0.6347277862001623,0.35694191131093,-4.725912922109998e-07,-6.54186632642606e-07,-1.3388151431481532e-05
M2_Macro_Oil_vs_M3_Macro_Oil_RegQuality__normalized__Oil_Rent_Intensive_Pre2016_ge1pct,Regulatory_Quality_lag1,normalized,Inward_FDI_Net_Flow_GDP_Pct_asinh,Oil_Rent_Intensive_Pre2016_ge1pct,Future_Period,train_to_2012__test_from_2013,RandomForest,0.2745059263826294,0.6648965931742614,0.3916408020963946,M2_Macro_Oil,M3_Macro_Oil_RegQuality,0.2959672401319252,0.6486852434511101,0.3691011962773594,0.02146131374929583,-0.016211349723151303,-0.022539605819035247
M2_Macro_Oil_vs_M3_Macro_Oil_RegQuality__normalized__Oil_Rent_Intensive_Pre2016_ge1pct,Regulatory_Quality_lag1,normalized,Inward_FDI_Net_Flow_GDP_Pct_asinh,Oil_Rent_Intensive_Pre2016_ge1pct,Future_Period,train_to_2012__test_from_2013,Ridge,0.305809855397981,0.6346919027173478,0.3565106426650652,M2_Macro_Oil,M3_Macro_Oil_RegQuality,0.3074094587120627,0.6335686347482403,0.3482743528312256,0.00159960331408171,-0.0011232679691074443,-0.008236289833839616
M2_Macro_Oil_vs_M3_Macro_Oil_RegQuality__normalized__Oil_Rent_Intensive_Pre2016_ge1pct,Regulatory_Quality_lag1,normalized,Inward_FDI_Net_Flow_GDP_Pct_asinh,Oil_Rent_Intensive_Pre2016_ge1pct,Future_Period,train_to_2014__test_from_2015,ElasticNet,0.289784085658858,0.6622066642319137,0.3738394399789437,M2_Macro_Oil,M3_Macro_Oil_RegQuality,0.2904292393998431,0.6619221042970024,0.3739051563474873,0.000645153740985116,-0.00028455993491127707,6.571636854357799e-05
M2_Macro_Oil_vs_M3_Macro_Oil_RegQuality__normalized__Oil_Rent_Intensive_Pre2016_ge1pct,Regulatory_Quality_lag1,normalized,Inward_FDI_Net_Flow_GDP_Pct_asinh,Oil_Rent_Intensive_Pre2016_ge1pct,Future_Period,train_to_2014__test_from_2015,RandomForest,0.2631141016400988,0.6885017923838503,0.3689938742434283,M2_Macro_Oil,M3_Macro_Oil_RegQuality,0.2689218850703891,0.6801977434703881,0.3725286390852143,0.005807783430290314,-0.008304048913462259,0.003534764841785998
M2_Macro_Oil_vs_M3_Macro_Oil_RegQuality__normalized__Oil_Rent_Intensive_Pre2016_ge1pct,Regulatory_Quality_lag1,normalized,Inward_FDI_Net_Flow_GDP_Pct_asinh,Oil_Rent_Intensive_Pre2016_ge1pct,Future_Period,train_to_2014__test_from_2015,Ridge,0.288920850630736,0.6621635197056444,0.3734043402617342,M2_Macro_Oil,M3_Macro_Oil_RegQuality,0.2906847899326564,0.6613718332125528,0.3695582411343359,0.0017639393019203697,-0.0007916864930915812,-0.003846099127398306
M2_Macro_Oil_vs_M3_Macro_Oil_RegQuality__normalized__Oil_Rent_Intensive_Pre2016_ge1pct,Regulatory_Quality_lag1,normalized,Inward_FDI_Net_Flow_GDP_Pct_asinh,Oil_Rent_Intensive_Pre2016_ge1pct,Future_Period,train_to_2015__test_from_2016,ElasticNet,0.2998678175697842,0.6620576265694843,0.3773177488375432,M2_Macro_Oil,M3_Macro_Oil_RegQuality,0.2998678053686462,0.6620575405451941,0.3773135484923453,-1.2201137988832045e-08,-8.602429024673341e-08,-4.200345197935551e-06
M2_Macro_Oil_vs_M3_Macro_Oil_RegQuality__normalized__Oil_Rent_Intensive_Pre2016_ge1pct,Regulatory_Quality_lag1,normalized,Inward_FDI_Net_Flow_GDP_Pct_asinh,Oil_Rent_Intensive_Pre2016_ge1pct,Future_Period,train_to_2015__test_from_2016,RandomForest,0.30563846785169,0.6775318202267955,0.4119148751175175,M2_Macro_Oil,M3_Macro_Oil_RegQuality,0.2897834651752496,0.6757237395157683,0.3929080797870137,-0.01585500267644041,-0.0018080807110272268,-0.019006795330503812
M2_Macro_Oil_vs_M3_Macro_Oil_RegQuality__normalized__Oil_Rent_Intensive_Pre2016_ge1pct,Regulatory_Quality_lag1,normalized,Inward_FDI_Net_Flow_GDP_Pct_asinh,Oil_Rent_Intensive_Pre2016_ge1pct,Future_Period,train_to_2015__test_from_2016,Ridge,0.2990027490090244,0.6620067594395839,0.3777621703716138,M2_Macro_Oil,M3_Macro_Oil_RegQuality,0.3003464756239685,0.6614291957650704,0.3797634406059005,0.0013437266149440852,-0.0005775636745134483,0.0020012702342867006
M2_Macro_Oil_vs_M3_Macro_Oil_RegQuality__normalized__Oil_Rent_Intensive_Pre2016_ge1pct,Regulatory_Quality_lag1,normalized,Inward_FDI_Net_Flow_GDP_Pct_asinh,Oil_Rent_Intensive_Pre2016_ge1pct,Future_Period,train_to_2016__test_from_2017,ElasticNet,0.335299524296982,0.6489216533413028,0.383858558363605,M2_Macro_Oil,M3_Macro_Oil_RegQuality,0.3352995967576816,0.6489214386351905,0.3838526278237495,7.246069960720192e-08,-2.1470611233365133e-07,-5.930539855480976e-06
M2_Macro_Oil_vs_M3_Macro_Oil_RegQuality__normalized__Oil_Rent_Intensive_Pre2016_ge1pct,Regulatory_Quality_lag1,normalized,Inward_FDI_Net_Flow_GDP_Pct_asinh,Oil_Rent_Intensive_Pre2016_ge1pct,Future_Period,train_to_2016__test_from_2017,RandomForest,0.3699805646567765,0.6496975927901281,0.3846355372625485,M2_Macro_Oil,M3_Macro_Oil_RegQuality,0.3354585977277283,0.6571222444199758,0.3644656262202894,-0.03452196692904819,0.007424651629847734,-0.020169911042259125
M2_Macro_Oil_vs_M3_Macro_Oil_RegQuality__normalized__Oil_Rent_Intensive_Pre2016_ge1pct,Regulatory_Quality_lag1,normalized,Inward_FDI_Net_Flow_GDP_Pct_asinh,Oil_Rent_Intensive_Pre2016_ge1pct,Future_Period,train_to_2016__test_from_2017,Ridge,0.333994371306672,0.6491939457282867,0.383634253406901,M2_Macro_Oil,M3_Macro_Oil_RegQuality,0.3360327484626332,0.6487033350202933,0.3823741767013205,0.002038377155961224,-0.0004906107079933886,-0.0012600767055804818
M2_Macro_Oil_vs_M3_Macro_Oil_RegQuality__normalized__Oil_Rent_Intensive_Pre2016_ge1pct,Regulatory_Quality_lag1,normalized,Inward_FDI_Net_Flow_GDP_Pct_asinh,Oil_Rent_Intensive_Pre2016_ge1pct,Future_Period,train_to_2018__test_from_2019,ElasticNet,0.3226286140792109,0.6849586827374469,0.3920051334290608,M2_Macro_Oil,M3_Macro_Oil_RegQuality,0.3232452174101186,0.6846690892462152,0.3941770248076887,0.0006166033309076835,-0.00028959349123169886,0.002171891378627888
M2_Macro_Oil_vs_M3_Macro_Oil_RegQuality__normalized__Oil_Rent_Intensive_Pre2016_ge1pct,Regulatory_Quality_lag1,normalized,Inward_FDI_Net_Flow_GDP_Pct_asinh,Oil_Rent_Intensive_Pre2016_ge1pct,Future_Period,train_to_2018__test_from_2019,RandomForest,0.3211588598411186,0.7057945919639028,0.3980955108904128,M2_Macro_Oil,M3_Macro_Oil_RegQuality,0.3468050251097793,0.6769136989331539,0.3850665313510828,0.025646165268660703,-0.028880893030748922,-0.013028979539329966
M2_Macro_Oil_vs_M3_Macro_Oil_RegQuality__normalized__Oil_Rent_Intensive_Pre2016_ge1pct,Regulatory_Quality_lag1,normalized,Inward_FDI_Net_Flow_GDP_Pct_asinh,Oil_Rent_Intensive_Pre2016_ge1pct,Future_Period,train_to_2018__test_from_2019,Ridge,0.3203594214197888,0.6858954553042376,0.3847331370353818,M2_Macro_Oil,M3_Macro_Oil_RegQuality,0.3216366831404116,0.6855437404103666,0.3937884591522398,0.0012772617206228132,-0.0003517148938709802,0.009055322116858
M2_Macro_Oil_vs_M3_Macro_Oil_RegQuality__normalized__Oil_Rent_Intensive_Pre2016_ge5pct,Regulatory_Quality_lag1,normalized,Inward_FDI_Net_Flow_GDP_Pct_asinh,Oil_Rent_Intensive_Pre2016_ge5pct,Country_Holdout_CV,fold_0,ElasticNet,0.4951215156563819,0.5289098873188643,0.3344830810059904,M2_Macro_Oil,M3_Macro_Oil_RegQuality,0.4962820603530481,0.528005098809934,0.3326646828190266,0.0011605446966662103,-0.0009047885089303875,-0.0018183981869637766
M2_Macro_Oil_vs_M3_Macro_Oil_RegQuality__normalized__Oil_Rent_Intensive_Pre2016_ge5pct,Regulatory_Quality_lag1,normalized,Inward_FDI_Net_Flow_GDP_Pct_asinh,Oil_Rent_Intensive_Pre2016_ge5pct,Country_Holdout_CV,fold_0,RandomForest,0.4206538313626904,0.5536940346257422,0.3306881467373022,M2_Macro_Oil,M3_Macro_Oil_RegQuality,0.4422461404576581,0.5464306190850856,0.326706897709951,0.021592309094967677,-0.00726341554065657,-0.003981249027351197
M2_Macro_Oil_vs_M3_Macro_Oil_RegQuality__normalized__Oil_Rent_Intensive_Pre2016_ge5pct,Regulatory_Quality_lag1,normalized,Inward_FDI_Net_Flow_GDP_Pct_asinh,Oil_Rent_Intensive_Pre2016_ge5pct,Country_Holdout_CV,fold_0,Ridge,0.4959654080418423,0.5278077208710298,0.3227918655946316,M2_Macro_Oil,M3_Macro_Oil_RegQuality,0.4999931545686082,0.5248372621014409,0.3165304652640128,0.004027746526765907,-0.0029704587695889018,-0.006261400330618783
M2_Macro_Oil_vs_M3_Macro_Oil_RegQuality__normalized__Oil_Rent_Intensive_Pre2016_ge5pct,Regulatory_Quality_lag1,normalized,Inward_FDI_Net_Flow_GDP_Pct_asinh,Oil_Rent_Intensive_Pre2016_ge5pct,Country_Holdout_CV,fold_1,ElasticNet,0.441912716662888,0.645371842696107,0.4662242473225458,M2_Macro_Oil,M3_Macro_Oil_RegQuality,0.4421271276468731,0.6448152629852035,0.4663395014661891,0.00021441098398511382,-0.0005565797109035042,0.00011525414364327302
M2_Macro_Oil_vs_M3_Macro_Oil_RegQuality__normalized__Oil_Rent_Intensive_Pre2016_ge5pct,Regulatory_Quality_lag1,normalized,Inward_FDI_Net_Flow_GDP_Pct_asinh,Oil_Rent_Intensive_Pre2016_ge5pct,Country_Holdout_CV,fold_1,RandomForest,0.3825657589581668,0.6882504300517497,0.4918680086631455,M2_Macro_Oil,M3_Macro_Oil_RegQuality,0.3567592236590227,0.7035173575385036,0.5204010628958702,-0.025806535299144118,0.015266927486753956,0.028533054232724675
M2_Macro_Oil_vs_M3_Macro_Oil_RegQuality__normalized__Oil_Rent_Intensive_Pre2016_ge5pct,Regulatory_Quality_lag1,normalized,Inward_FDI_Net_Flow_GDP_Pct_asinh,Oil_Rent_Intensive_Pre2016_ge5pct,Country_Holdout_CV,fold_1,Ridge,0.4434198120308577,0.643299030760961,0.4563820285541865,M2_Macro_Oil,M3_Macro_Oil_RegQuality,0.4468417524108561,0.6394205969129559,0.4361665346712863,0.003421940379998434,-0.003878433848005014,-0.020215493882900226
M2_Macro_Oil_vs_M3_Macro_Oil_RegQuality__normalized__Oil_Rent_Intensive_Pre2016_ge5pct,Regulatory_Quality_lag1,normalized,Inward_FDI_Net_Flow_GDP_Pct_asinh,Oil_Rent_Intensive_Pre2016_ge5pct,Country_Holdout_CV,fold_2,ElasticNet,0.2790414895721896,0.6992030980750188,0.4292388396185049,M2_Macro_Oil,M3_Macro_Oil_RegQuality,0.2806595241163961,0.6974051243935787,0.4328007496302987,0.0016180345442065036,-0.0017979736814400793,0.0035619100117937896
M2_Macro_Oil_vs_M3_Macro_Oil_RegQuality__normalized__Oil_Rent_Intensive_Pre2016_ge5pct,Regulatory_Quality_lag1,normalized,Inward_FDI_Net_Flow_GDP_Pct_asinh,Oil_Rent_Intensive_Pre2016_ge5pct,Country_Holdout_CV,fold_2,RandomForest,0.2160307970087571,0.7763745843790291,0.5535295975927987,M2_Macro_Oil,M3_Macro_Oil_RegQuality,0.1558593943214824,0.814101082142793,0.5695952612740021,-0.060171402687274694,0.03772649776376391,0.016065663681203324
M2_Macro_Oil_vs_M3_Macro_Oil_RegQuality__normalized__Oil_Rent_Intensive_Pre2016_ge5pct,Regulatory_Quality_lag1,normalized,Inward_FDI_Net_Flow_GDP_Pct_asinh,Oil_Rent_Intensive_Pre2016_ge5pct,Country_Holdout_CV,fold_2,Ridge,0.2774875210190837,0.6975908338879105,0.416467178166001,M2_Macro_Oil,M3_Macro_Oil_RegQuality,0.2815676238953625,0.6925807527403104,0.4129818361719124,0.004080102876278802,-0.005010081147600154,-0.0034853419940885644
M2_Macro_Oil_vs_M3_Macro_Oil_RegQuality__normalized__Oil_Rent_Intensive_Pre2016_ge5pct,Regulatory_Quality_lag1,normalized,Inward_FDI_Net_Flow_GDP_Pct_asinh,Oil_Rent_Intensive_Pre2016_ge5pct,Country_Holdout_CV,fold_3,ElasticNet,0.3268379969253487,0.9151366118955816,0.5864005941139392,M2_Macro_Oil,M3_Macro_Oil_RegQuality,0.3151317151122571,0.938888876332216,0.6093171527315677,-0.011706281813091579,0.023752264436634363,0.022916558617628535
M2_Macro_Oil_vs_M3_Macro_Oil_RegQuality__normalized__Oil_Rent_Intensive_Pre2016_ge5pct,Regulatory_Quality_lag1,normalized,Inward_FDI_Net_Flow_GDP_Pct_asinh,Oil_Rent_Intensive_Pre2016_ge5pct,Country_Holdout_CV,fold_3,RandomForest,0.2761854195743468,0.935594634385469,0.5495734140471455,M2_Macro_Oil,M3_Macro_Oil_RegQuality,0.3017676494959411,0.9466209374344668,0.6108000906849596,0.025582229921594313,0.011026303048997876,0.061226676637814004
M2_Macro_Oil_vs_M3_Macro_Oil_RegQuality__normalized__Oil_Rent_Intensive_Pre2016_ge5pct,Regulatory_Quality_lag1,normalized,Inward_FDI_Net_Flow_GDP_Pct_asinh,Oil_Rent_Intensive_Pre2016_ge5pct,Country_Holdout_CV,fold_3,Ridge,0.322104342262025,0.9198027424219432,0.6062794628099395,M2_Macro_Oil,M3_Macro_Oil_RegQuality,0.3034598154152721,0.9529521906040987,0.6312922681646338,-0.018644526846752885,0.033149448182155594,0.0250128053546943
M2_Macro_Oil_vs_M3_Macro_Oil_RegQuality__normalized__Oil_Rent_Intensive_Pre2016_ge5pct,Regulatory_Quality_lag1,normalized,Inward_FDI_Net_Flow_GDP_Pct_asinh,Oil_Rent_Intensive_Pre2016_ge5pct,Country_Holdout_CV,fold_4,ElasticNet,0.3117484510058803,0.6543188321469028,0.4248950264102479,M2_Macro_Oil,M3_Macro_Oil_RegQuality,0.3097292027165024,0.6449649926937377,0.3991349748842074,-0.002019248289377884,-0.009353839453165036,-0.025760051526040495
M2_Macro_Oil_vs_M3_Macro_Oil_RegQuality__normalized__Oil_Rent_Intensive_Pre2016_ge5pct,Regulatory_Quality_lag1,normalized,Inward_FDI_Net_Flow_GDP_Pct_asinh,Oil_Rent_Intensive_Pre2016_ge5pct,Country_Holdout_CV,fold_4,RandomForest,0.2393142682180878,0.7517732629219432,0.5855913990915946,M2_Macro_Oil,M3_Macro_Oil_RegQuality,0.0779541859860599,0.8283737395127898,0.5941243718507733,-0.1613600822320279,0.07660047659084657,0.008532972759178636
M2_Macro_Oil_vs_M3_Macro_Oil_RegQuality__normalized__Oil_Rent_Intensive_Pre2016_ge5pct,Regulatory_Quality_lag1,normalized,Inward_FDI_Net_Flow_GDP_Pct_asinh,Oil_Rent_Intensive_Pre2016_ge5pct,Country_Holdout_CV,fold_4,Ridge,0.3123507241337161,0.656464087061246,0.3998212393610996,M2_Macro_Oil,M3_Macro_Oil_RegQuality,0.3098337721144746,0.6427415415721015,0.3665054023661517,-0.002516952019241514,-0.013722545489144533,-0.03331583699494789
M2_Macro_Oil_vs_M3_Macro_Oil_RegQuality__normalized__Oil_Rent_Intensive_Pre2016_ge5pct,Regulatory_Quality_lag1,normalized,Inward_FDI_Net_Flow_GDP_Pct_asinh,Oil_Rent_Intensive_Pre2016_ge5pct,Future_Period,train_to_2012__test_from_2013,ElasticNet,0.2755905863416651,0.7323686970389726,0.3947237188393877,M2_Macro_Oil,M3_Macro_Oil_RegQuality,0.2758594147081625,0.7319102219512105,0.3964779453430933,0.00026882836649738673,-0.0004584750877620891,0.0017542265037055471
M2_Macro_Oil_vs_M3_Macro_Oil_RegQuality__normalized__Oil_Rent_Intensive_Pre2016_ge5pct,Regulatory_Quality_lag1,normalized,Inward_FDI_Net_Flow_GDP_Pct_asinh,Oil_Rent_Intensive_Pre2016_ge5pct,Future_Period,train_to_2012__test_from_2013,RandomForest,0.2625675166800172,0.7536619481448074,0.4003983032581772,M2_Macro_Oil,M3_Macro_Oil_RegQuality,0.2855480872915581,0.7459606101090124,0.3893584583311549,0.022980570611540907,-0.00770133803579498,-0.011039844927022313
M2_Macro_Oil_vs_M3_Macro_Oil_RegQuality__normalized__Oil_Rent_Intensive_Pre2016_ge5pct,Regulatory_Quality_lag1,normalized,Inward_FDI_Net_Flow_GDP_Pct_asinh,Oil_Rent_Intensive_Pre2016_ge5pct,Future_Period,train_to_2012__test_from_2013,Ridge,0.2750495400098095,0.7307628295412818,0.3872159650170814,M2_Macro_Oil,M3_Macro_Oil_RegQuality,0.2772364618922189,0.727542374847361,0.3782162008278005,0.002186921882409376,-0.003220454693920849,-0.00899976418928089
M2_Macro_Oil_vs_M3_Macro_Oil_RegQuality__normalized__Oil_Rent_Intensive_Pre2016_ge5pct,Regulatory_Quality_lag1,normalized,Inward_FDI_Net_Flow_GDP_Pct_asinh,Oil_Rent_Intensive_Pre2016_ge5pct,Future_Period,train_to_2014__test_from_2015,ElasticNet,0.2743490935415896,0.756067536037011,0.4064355542478456,M2_Macro_Oil,M3_Macro_Oil_RegQuality,0.2752724294477071,0.7551990063879989,0.4076993294156354,0.000923335906117484,-0.0008685296490121841,0.0012637751677898046
M2_Macro_Oil_vs_M3_Macro_Oil_RegQuality__normalized__Oil_Rent_Intensive_Pre2016_ge5pct,Regulatory_Quality_lag1,normalized,Inward_FDI_Net_Flow_GDP_Pct_asinh,Oil_Rent_Intensive_Pre2016_ge5pct,Future_Period,train_to_2014__test_from_2015,RandomForest,0.2539342001307335,0.7914064882002123,0.4347226970195776,M2_Macro_Oil,M3_Macro_Oil_RegQuality,0.223159201183333,0.8006732961993265,0.4446283779379721,-0.03077499894740049,0.009266807999114168,0.0099056809183945
M2_Macro_Oil_vs_M3_Macro_Oil_RegQuality__normalized__Oil_Rent_Intensive_Pre2016_ge5pct,Regulatory_Quality_lag1,normalized,Inward_FDI_Net_Flow_GDP_Pct_asinh,Oil_Rent_Intensive_Pre2016_ge5pct,Future_Period,train_to_2014__test_from_2015,Ridge,0.2728620599935146,0.7553867349983907,0.4140025523925734,M2_Macro_Oil,M3_Macro_Oil_RegQuality,0.2739848993664796,0.7540208911803609,0.4023888295519325,0.0011228393729649788,-0.0013658438180298438,-0.011613722840640883
M2_Macro_Oil_vs_M3_Macro_Oil_RegQuality__normalized__Oil_Rent_Intensive_Pre2016_ge5pct,Regulatory_Quality_lag1,normalized,Inward_FDI_Net_Flow_GDP_Pct_asinh,Oil_Rent_Intensive_Pre2016_ge5pct,Future_Period,train_to_2015__test_from_2016,ElasticNet,0.2765117655529198,0.7676068201536295,0.4176295392913138,M2_Macro_Oil,M3_Macro_Oil_RegQuality,0.2770080424447252,0.76738520561571,0.4174740028675911,0.000496276891805425,-0.00022161453791946784,-0.00015553642372267973
M2_Macro_Oil_vs_M3_Macro_Oil_RegQuality__normalized__Oil_Rent_Intensive_Pre2016_ge5pct,Regulatory_Quality_lag1,normalized,Inward_FDI_Net_Flow_GDP_Pct_asinh,Oil_Rent_Intensive_Pre2016_ge5pct,Future_Period,train_to_2015__test_from_2016,RandomForest,0.2814353751805337,0.7821836745640868,0.4747462772220914,M2_Macro_Oil,M3_Macro_Oil_RegQuality,0.2448351482358481,0.8001867873483275,0.4501830201442247,-0.03660022694468559,0.018003112784240716,-0.024563257077866718
M2_Macro_Oil_vs_M3_Macro_Oil_RegQuality__normalized__Oil_Rent_Intensive_Pre2016_ge5pct,Regulatory_Quality_lag1,normalized,Inward_FDI_Net_Flow_GDP_Pct_asinh,Oil_Rent_Intensive_Pre2016_ge5pct,Future_Period,train_to_2015__test_from_2016,Ridge,0.2758595314158647,0.7662333062218186,0.4173084985349552,M2_Macro_Oil,M3_Macro_Oil_RegQuality,0.2779522017113182,0.7650289387220826,0.4027536194662125,0.002092670295453458,-0.0012043674997360698,-0.014554879068742699
M2_Macro_Oil_vs_M3_Macro_Oil_RegQuality__normalized__Oil_Rent_Intensive_Pre2016_ge5pct,Regulatory_Quality_lag1,normalized,Inward_FDI_Net_Flow_GDP_Pct_asinh,Oil_Rent_Intensive_Pre2016_ge5pct,Future_Period,train_to_2016__test_from_2017,ElasticNet,0.3031484986790117,0.7590508904255673,0.4126126715475714,M2_Macro_Oil,M3_Macro_Oil_RegQuality,0.3034390679176262,0.7589442088336186,0.4124496548747239,0.0002905692386144798,-0.00010668159194870963,-0.00016301667284751575
M2_Macro_Oil_vs_M3_Macro_Oil_RegQuality__normalized__Oil_Rent_Intensive_Pre2016_ge5pct,Regulatory_Quality_lag1,normalized,Inward_FDI_Net_Flow_GDP_Pct_asinh,Oil_Rent_Intensive_Pre2016_ge5pct,Future_Period,train_to_2016__test_from_2017,RandomForest,0.300254749998179,0.7900328670131171,0.4650871799438592,M2_Macro_Oil,M3_Macro_Oil_RegQuality,0.3322807965982817,0.7791615383197545,0.4668536109934983,0.032026046600102664,-0.010871328693362603,0.0017664310496391389
M2_Macro_Oil_vs_M3_Macro_Oil_RegQuality__normalized__Oil_Rent_Intensive_Pre2016_ge5pct,Regulatory_Quality_lag1,normalized,Inward_FDI_Net_Flow_GDP_Pct_asinh,Oil_Rent_Intensive_Pre2016_ge5pct,Future_Period,train_to_2016__test_from_2017,Ridge,0.3014730404622044,0.7583250682034842,0.4184884667599935,M2_Macro_Oil,M3_Macro_Oil_RegQuality,0.3035393443955329,0.7574226870288131,0.4158287862289267,0.0020663039333284616,-0.0009023811746711186,-0.0026596805310667992
M2_Macro_Oil_vs_M3_Macro_Oil_RegQuality__normalized__Oil_Rent_Intensive_Pre2016_ge5pct,Regulatory_Quality_lag1,normalized,Inward_FDI_Net_Flow_GDP_Pct_asinh,Oil_Rent_Intensive_Pre2016_ge5pct,Future_Period,train_to_2018__test_from_2019,ElasticNet,0.236075846917164,0.8012410775576045,0.388836213905357,M2_Macro_Oil,M3_Macro_Oil_RegQuality,0.2369718679966063,0.8012371182261444,0.4013123180070254,0.0008960210794423107,-3.9593314601349405e-06,0.012476104101668384
M2_Macro_Oil_vs_M3_Macro_Oil_RegQuality__normalized__Oil_Rent_Intensive_Pre2016_ge5pct,Regulatory_Quality_lag1,normalized,Inward_FDI_Net_Flow_GDP_Pct_asinh,Oil_Rent_Intensive_Pre2016_ge5pct,Future_Period,train_to_2018__test_from_2019,RandomForest,0.2738963460296665,0.8032818330268706,0.4730163770304426,M2_Macro_Oil,M3_Macro_Oil_RegQuality,0.2714527571470959,0.7978167037228353,0.4564208310224004,-0.0024435888825706242,-0.00546512930403531,-0.016595546008042195
M2_Macro_Oil_vs_M3_Macro_Oil_RegQuality__normalized__Oil_Rent_Intensive_Pre2016_ge5pct,Regulatory_Quality_lag1,normalized,Inward_FDI_Net_Flow_GDP_Pct_asinh,Oil_Rent_Intensive_Pre2016_ge5pct,Future_Period,train_to_2018__test_from_2019,Ridge,0.2324027893931091,0.8025542901285838,0.4000738620644216,M2_Macro_Oil,M3_Macro_Oil_RegQuality,0.2338530991479535,0.8024924737772989,0.4124324990916183,0.0014503097548443922,-6.181635128488239e-05,0.012358637027196695
M2_Macro_Oil_vs_M3_Macro_Oil_RegQuality__primary__All_Eligible,Regulatory_Quality_lag1,primary,Inward_FDI_Net_Flow_asinh,All_Eligible,Country_Holdout_CV,fold_0,ElasticNet,0.2514077837617241,1.8604477229398848,0.8372623833209636,M2_Macro_Oil,M3_Macro_Oil_RegQuality,0.2547674356414702,1.863133986606492,0.8674861918269134,0.003359651879746073,0.0026862636666071804,0.030223808505949856
M2_Macro_Oil_vs_M3_Macro_Oil_RegQuality__primary__All_Eligible,Regulatory_Quality_lag1,primary,Inward_FDI_Net_Flow_asinh,All_Eligible,Country_Holdout_CV,fold_0,RandomForest,0.2287534919439172,1.9398188152124567,0.7971879255004728,M2_Macro_Oil,M3_Macro_Oil_RegQuality,0.2559471429496596,1.9069193336369257,0.8753693869826344,0.027193651005742392,-0.03289948157553102,0.07818146148216165
M2_Macro_Oil_vs_M3_Macro_Oil_RegQuality__primary__All_Eligible,Regulatory_Quality_lag1,primary,Inward_FDI_Net_Flow_asinh,All_Eligible,Country_Holdout_CV,fold_0,Ridge,0.2516382295374892,1.8576955508872488,0.834504306373657,M2_Macro_Oil,M3_Macro_Oil_RegQuality,0.2552615644489212,1.8611207488587311,0.856773149791572,0.0036233349114319635,0.00342519797148233,0.02226884341791502
M2_Macro_Oil_vs_M3_Macro_Oil_RegQuality__primary__All_Eligible,Regulatory_Quality_lag1,primary,Inward_FDI_Net_Flow_asinh,All_Eligible,Country_Holdout_CV,fold_1,ElasticNet,0.3649776115465746,1.6612698966826944,0.8173156966681683,M2_Macro_Oil,M3_Macro_Oil_RegQuality,0.3688071573192535,1.6512356013096972,0.8341766488473947,0.0038295457726789106,-0.01003429537299727,0.01686095217922645
M2_Macro_Oil_vs_M3_Macro_Oil_RegQuality__primary__All_Eligible,Regulatory_Quality_lag1,primary,Inward_FDI_Net_Flow_asinh,All_Eligible,Country_Holdout_CV,fold_1,RandomForest,0.338694555380072,1.704424585207906,0.8029437343582027,M2_Macro_Oil,M3_Macro_Oil_RegQuality,0.3354744711197094,1.7189458807616984,0.8113008675840376,-0.0032200842603625768,0.014521295553792335,0.008357133225834978
M2_Macro_Oil_vs_M3_Macro_Oil_RegQuality__primary__All_Eligible,Regulatory_Quality_lag1,primary,Inward_FDI_Net_Flow_asinh,All_Eligible,Country_Holdout_CV,fold_1,Ridge,0.3647354792620257,1.660495628561397,0.8176322627050601,M2_Macro_Oil,M3_Macro_Oil_RegQuality,0.368693707509824,1.651606630928269,0.8340611783092937,0.00395822824779829,-0.008888997633127893,0.01642891560423365
M2_Macro_Oil_vs_M3_Macro_Oil_RegQuality__primary__All_Eligible,Regulatory_Quality_lag1,primary,Inward_FDI_Net_Flow_asinh,All_Eligible,Country_Holdout_CV,fold_2,ElasticNet,0.2182738107849202,1.7484081100268865,0.8619436980459176,M2_Macro_Oil,M3_Macro_Oil_RegQuality,0.2223809428058002,1.7349784989098185,0.8481840683668773,0.0041071320208800055,-0.013429611117067974,-0.01375962967904032
M2_Macro_Oil_vs_M3_Macro_Oil_RegQuality__primary__All_Eligible,Regulatory_Quality_lag1,primary,Inward_FDI_Net_Flow_asinh,All_Eligible,Country_Holdout_CV,fold_2,RandomForest,0.2196615203591786,1.7285165436416443,0.7363329481357752,M2_Macro_Oil,M3_Macro_Oil_RegQuality,0.2549826227015124,1.7017268248360085,0.7358137354698071,0.03532110234233379,-0.026789718805635854,-0.0005192126659681051
M2_Macro_Oil_vs_M3_Macro_Oil_RegQuality__primary__All_Eligible,Regulatory_Quality_lag1,primary,Inward_FDI_Net_Flow_asinh,All_Eligible,Country_Holdout_CV,fold_2,Ridge,0.2178110079197244,1.7458354240349092,0.8555175178717915,M2_Macro_Oil,M3_Macro_Oil_RegQuality,0.2222622913027389,1.7313732270925803,0.8400243599445867,0.0044512833830144816,-0.014462196942328864,-0.015493157927204848
M2_Macro_Oil_vs_M3_Macro_Oil_RegQuality__primary__All_Eligible,Regulatory_Quality_lag1,primary,Inward_FDI_Net_Flow_asinh,All_Eligible,Country_Holdout_CV,fold_3,ElasticNet,0.370933026375782,1.9561973232824397,0.9150066044141444,M2_Macro_Oil,M3_Macro_Oil_RegQuality,0.3693311476284545,1.9789742048356085,0.9633332233455204,-0.0016018787473275342,0.022776881553168815,0.04832661893137602
M2_Macro_Oil_vs_M3_Macro_Oil_RegQuality__primary__All_Eligible,Regulatory_Quality_lag1,primary,Inward_FDI_Net_Flow_asinh,All_Eligible,Country_Holdout_CV,fold_3,RandomForest,0.3403535798118788,1.9257702409981048,0.8283751827891948,M2_Macro_Oil,M3_Macro_Oil_RegQuality,0.3418279260848639,1.8919932337450764,0.7691636546422878,0.0014743462729850942,-0.033777007253028346,-0.059211528146907
M2_Macro_Oil_vs_M3_Macro_Oil_RegQuality__primary__All_Eligible,Regulatory_Quality_lag1,primary,Inward_FDI_Net_Flow_asinh,All_Eligible,Country_Holdout_CV,fold_3,Ridge,0.3715926316426763,1.9575441937802809,0.9135512859344236,M2_Macro_Oil,M3_Macro_Oil_RegQuality,0.3693424893262228,1.9847056645294168,0.9681875002378072,-0.002250142316453485,0.027161470749135885,0.05463621430338361
M2_Macro_Oil_vs_M3_Macro_Oil_RegQuality__primary__All_Eligible,Regulatory_Quality_lag1,primary,Inward_FDI_Net_Flow_asinh,All_Eligible,Country_Holdout_CV,fold_4,ElasticNet,0.2126802786030843,1.7791364666181289,0.7353912000648446,M2_Macro_Oil,M3_Macro_Oil_RegQuality,0.2110711114759355,1.7572493035241954,0.7429343541225144,-0.001609167127148814,-0.02188716309393346,0.00754315405766981
M2_Macro_Oil_vs_M3_Macro_Oil_RegQuality__primary__All_Eligible,Regulatory_Quality_lag1,primary,Inward_FDI_Net_Flow_asinh,All_Eligible,Country_Holdout_CV,fold_4,RandomForest,0.2408636535767861,1.785638207682625,0.7468853519168199,M2_Macro_Oil,M3_Macro_Oil_RegQuality,0.2661496006249371,1.773373676374039,0.7036902643852221,0.025285947048150986,-0.012264531308585847,-0.04319508753159784
M2_Macro_Oil_vs_M3_Macro_Oil_RegQuality__primary__All_Eligible,Regulatory_Quality_lag1,primary,Inward_FDI_Net_Flow_asinh,All_Eligible,Country_Holdout_CV,fold_4,Ridge,0.2120067170137667,1.777332667743256,0.7308868705344356,M2_Macro_Oil,M3_Macro_Oil_RegQuality,0.2103570563758814,1.7559034117102046,0.7451175650184165,-0.0016496606378852974,-0.021429256033051347,0.014230694483980955
M2_Macro_Oil_vs_M3_Macro_Oil_RegQuality__primary__All_Eligible,Regulatory_Quality_lag1,primary,Inward_FDI_Net_Flow_asinh,All_Eligible,Future_Period,train_to_2012__test_from_2013,ElasticNet,0.2370733978903363,1.9813341691501485,0.6146483952273183,M2_Macro_Oil,M3_Macro_Oil_RegQuality,0.239972501234053,1.986834156691701,0.6279755507596878,0.002899103343716708,0.0054999875415524535,0.013327155532369517
M2_Macro_Oil_vs_M3_Macro_Oil_RegQuality__primary__All_Eligible,Regulatory_Quality_lag1,primary,Inward_FDI_Net_Flow_asinh,All_Eligible,Future_Period,train_to_2012__test_from_2013,RandomForest,0.1744384073091093,1.979223235158833,0.5843308158622254,M2_Macro_Oil,M3_Macro_Oil_RegQuality,0.1921046507192041,1.940131004423763,0.5453152115758941,0.01766624341009479,-0.039092230735070066,-0.03901560428633122
M2_Macro_Oil_vs_M3_Macro_Oil_RegQuality__primary__All_Eligible,Regulatory_Quality_lag1,primary,Inward_FDI_Net_Flow_asinh,All_Eligible,Future_Period,train_to_2012__test_from_2013,Ridge,0.2370133127817194,1.979205066222298,0.6172866530482963,M2_Macro_Oil,M3_Macro_Oil_RegQuality,0.240056371879151,1.984600002573595,0.6263209475804032,0.003043059097431605,0.005394936351297064,0.009034294532106912
M2_Macro_Oil_vs_M3_Macro_Oil_RegQuality__primary__All_Eligible,Regulatory_Quality_lag1,primary,Inward_FDI_Net_Flow_asinh,All_Eligible,Future_Period,train_to_2014__test_from_2015,ElasticNet,0.2483674862763178,2.0785153091080284,0.6710612504783997,M2_Macro_Oil,M3_Macro_Oil_RegQuality,0.2511075582769041,2.086047514423252,0.6774310904570187,0.002740072000586319,0.0075322053152238055,0.006369839978618952
M2_Macro_Oil_vs_M3_Macro_Oil_RegQuality__primary__All_Eligible,Regulatory_Quality_lag1,primary,Inward_FDI_Net_Flow_asinh,All_Eligible,Future_Period,train_to_2014__test_from_2015,RandomForest,0.2300407995607691,2.067780584948983,0.6635737042465508,M2_Macro_Oil,M3_Macro_Oil_RegQuality,0.2185950796369369,2.0298805455894118,0.5953183234425379,-0.011445719923832198,-0.0379000393595712,-0.06825538080401294
M2_Macro_Oil_vs_M3_Macro_Oil_RegQuality__primary__All_Eligible,Regulatory_Quality_lag1,primary,Inward_FDI_Net_Flow_asinh,All_Eligible,Future_Period,train_to_2014__test_from_2015,Ridge,0.2485389715994268,2.074875432128824,0.6570026223116869,M2_Macro_Oil,M3_Macro_Oil_RegQuality,0.2515081865929426,2.0837656318251803,0.6730590331982946,0.002969214993515795,0.008890199696356405,0.016056410886607697
M2_Macro_Oil_vs_M3_Macro_Oil_RegQuality__primary__All_Eligible,Regulatory_Quality_lag1,primary,Inward_FDI_Net_Flow_asinh,All_Eligible,Future_Period,train_to_2015__test_from_2016,ElasticNet,0.2513385154645223,2.1340809699189487,0.6818894713577901,M2_Macro_Oil,M3_Macro_Oil_RegQuality,0.2537760180987252,2.1423435996939206,0.695269468704276,0.0024375026342028927,0.008262629774971941,0.013379997346485872
M2_Macro_Oil_vs_M3_Macro_Oil_RegQuality__primary__All_Eligible,Regulatory_Quality_lag1,primary,Inward_FDI_Net_Flow_asinh,All_Eligible,Future_Period,train_to_2015__test_from_2016,RandomForest,0.2463899319676279,2.11576158283974,0.66488296085699,M2_Macro_Oil,M3_Macro_Oil_RegQuality,0.2148692269617678,2.0951552903636084,0.6277074304862129,-0.0315207050058601,-0.02060629247613166,-0.03717553037077703
M2_Macro_Oil_vs_M3_Macro_Oil_RegQuality__primary__All_Eligible,Regulatory_Quality_lag1,primary,Inward_FDI_Net_Flow_asinh,All_Eligible,Future_Period,train_to_2015__test_from_2016,Ridge,0.2515104959919907,2.1309943716171693,0.6783273372763166,M2_Macro_Oil,M3_Macro_Oil_RegQuality,0.2541563746685141,2.139964438156455,0.6927090459646879,0.0026458786765233833,0.008970066539285781,0.014381708688371297
M2_Macro_Oil_vs_M3_Macro_Oil_RegQuality__primary__All_Eligible,Regulatory_Quality_lag1,primary,Inward_FDI_Net_Flow_asinh,All_Eligible,Future_Period,train_to_2016__test_from_2017,ElasticNet,0.2471887181290989,2.210419170985258,0.707299025403108,M2_Macro_Oil,M3_Macro_Oil_RegQuality,0.2495942762814351,2.220478151397611,0.7239322386437053,0.0024055581523362013,0.01005898041235298,0.0166332132405973
M2_Macro_Oil_vs_M3_Macro_Oil_RegQuality__primary__All_Eligible,Regulatory_Quality_lag1,primary,Inward_FDI_Net_Flow_asinh,All_Eligible,Future_Period,train_to_2016__test_from_2017,RandomForest,0.2086409129163118,2.1531023078202907,0.64017224718215,M2_Macro_Oil,M3_Macro_Oil_RegQuality,0.1994414338412724,2.123016903162405,0.5883618719455672,-0.009199479075039402,-0.03008540465788556,-0.05181037523658283
M2_Macro_Oil_vs_M3_Macro_Oil_RegQuality__primary__All_Eligible,Regulatory_Quality_lag1,primary,Inward_FDI_Net_Flow_asinh,All_Eligible,Future_Period,train_to_2016__test_from_2017,Ridge,0.2474226676631158,2.207081106184472,0.6993817708904331,M2_Macro_Oil,M3_Macro_Oil_RegQuality,0.2501159206764671,2.2187167303097017,0.7216294346861147,0.002693253013351299,0.011635624125229782,0.02224766379568166
M2_Macro_Oil_vs_M3_Macro_Oil_RegQuality__primary__All_Eligible,Regulatory_Quality_lag1,primary,Inward_FDI_Net_Flow_asinh,All_Eligible,Future_Period,train_to_2018__test_from_2019,ElasticNet,0.2692659999936585,2.366450247591723,0.7912959411079417,M2_Macro_Oil,M3_Macro_Oil_RegQuality,0.2716194065490426,2.379283903112947,0.8250466300208679,0.0023534065553840744,0.012833655521224063,0.03375068891292621
M2_Macro_Oil_vs_M3_Macro_Oil_RegQuality__primary__All_Eligible,Regulatory_Quality_lag1,primary,Inward_FDI_Net_Flow_asinh,All_Eligible,Future_Period,train_to_2018__test_from_2019,RandomForest,0.2858424212044282,2.270834806712921,0.6987355770857153,M2_Macro_Oil,M3_Macro_Oil_RegQuality,0.2624768448585285,2.25543303430125,0.6632167683522159,-0.023365576345899697,-0.015401772411671288,-0.03551880873349944
M2_Macro_Oil_vs_M3_Macro_Oil_RegQuality__primary__All_Eligible,Regulatory_Quality_lag1,primary,Inward_FDI_Net_Flow_asinh,All_Eligible,Future_Period,train_to_2018__test_from_2019,Ridge,0.2696287200000405,2.3630436449769627,0.7811983435921572,M2_Macro_Oil,M3_Macro_Oil_RegQuality,0.2722017211778245,2.379367819739932,0.8334828122086577,0.0025730011777839734,0.016324174762969434,0.05228446861650049
M2_Macro_Oil_vs_M3_Macro_Oil_RegQuality__primary__Oil_Rent_Intensive_Pre2016_ge10pct,Regulatory_Quality_lag1,primary,Inward_FDI_Net_Flow_asinh,Oil_Rent_Intensive_Pre2016_ge10pct,Country_Holdout_CV,fold_0,ElasticNet,0.406607078101819,2.6034726802383243,1.488842059491787,M2_Macro_Oil,M3_Macro_Oil_RegQuality,0.408675762928016,2.6147416725668973,1.4803866530154188,0.002068684826196987,0.011268992328572924,-0.008455406476368221
M2_Macro_Oil_vs_M3_Macro_Oil_RegQuality__primary__Oil_Rent_Intensive_Pre2016_ge10pct,Regulatory_Quality_lag1,primary,Inward_FDI_Net_Flow_asinh,Oil_Rent_Intensive_Pre2016_ge10pct,Country_Holdout_CV,fold_0,RandomForest,0.3684529815387423,2.828054423382792,1.572734965350509,M2_Macro_Oil,M3_Macro_Oil_RegQuality,0.4092206820761913,2.630725148067659,1.491624819299799,0.04076770053744899,-0.19732927531513278,-0.08111014605070999
M2_Macro_Oil_vs_M3_Macro_Oil_RegQuality__primary__Oil_Rent_Intensive_Pre2016_ge10pct,Regulatory_Quality_lag1,primary,Inward_FDI_Net_Flow_asinh,Oil_Rent_Intensive_Pre2016_ge10pct,Country_Holdout_CV,fold_0,Ridge,0.4074423861474761,2.5948257532344536,1.471295801717527,M2_Macro_Oil,M3_Macro_Oil_RegQuality,0.4096648549406213,2.606282340501225,1.4671122344137206,0.002222468793145249,0.011456587266771567,-0.004183567303806424
M2_Macro_Oil_vs_M3_Macro_Oil_RegQuality__primary__Oil_Rent_Intensive_Pre2016_ge10pct,Regulatory_Quality_lag1,primary,Inward_FDI_Net_Flow_asinh,Oil_Rent_Intensive_Pre2016_ge10pct,Country_Holdout_CV,fold_1,ElasticNet,0.257940152151125,2.576943696459776,1.377375803217686,M2_Macro_Oil,M3_Macro_Oil_RegQuality,0.2602798518861664,2.5604642095905885,1.3737998500809523,0.002339699735041445,-0.016479486869187543,-0.003575953136733645
M2_Macro_Oil_vs_M3_Macro_Oil_RegQuality__primary__Oil_Rent_Intensive_Pre2016_ge10pct,Regulatory_Quality_lag1,primary,Inward_FDI_Net_Flow_asinh,Oil_Rent_Intensive_Pre2016_ge10pct,Country_Holdout_CV,fold_1,RandomForest,0.1886151264704691,2.756909773339567,1.5325491259625093,M2_Macro_Oil,M3_Macro_Oil_RegQuality,0.1824201961687013,2.693286016853369,1.4740718630382237,-0.006194930301767793,-0.06362375648619789,-0.05847726292428557
M2_Macro_Oil_vs_M3_Macro_Oil_RegQuality__primary__Oil_Rent_Intensive_Pre2016_ge10pct,Regulatory_Quality_lag1,primary,Inward_FDI_Net_Flow_asinh,Oil_Rent_Intensive_Pre2016_ge10pct,Country_Holdout_CV,fold_1,Ridge,0.2577227122441587,2.5729420511585963,1.379325967098148,M2_Macro_Oil,M3_Macro_Oil_RegQuality,0.2603363699450409,2.5545402630534606,1.373923805448145,0.002613657700882177,-0.018401788105135708,-0.005402161650002846
M2_Macro_Oil_vs_M3_Macro_Oil_RegQuality__primary__Oil_Rent_Intensive_Pre2016_ge10pct,Regulatory_Quality_lag1,primary,Inward_FDI_Net_Flow_asinh,Oil_Rent_Intensive_Pre2016_ge10pct,Country_Holdout_CV,fold_2,ElasticNet,0.1874973483073744,3.228489239639265,1.579318064651142,M2_Macro_Oil,M3_Macro_Oil_RegQuality,0.1886755257221588,3.2194577133581617,1.5758030834933503,0.001178177414784376,-0.009031526281103375,-0.0035149811577916967
M2_Macro_Oil_vs_M3_Macro_Oil_RegQuality__primary__Oil_Rent_Intensive_Pre2016_ge10pct,Regulatory_Quality_lag1,primary,Inward_FDI_Net_Flow_asinh,Oil_Rent_Intensive_Pre2016_ge10pct,Country_Holdout_CV,fold_2,RandomForest,0.2494037488879207,3.198762943445692,1.850988618408583,M2_Macro_Oil,M3_Macro_Oil_RegQuality,0.2717659111482746,3.065255553294197,1.62650650559676,0.022362162260353896,-0.13350739015149493,-0.22448211281182306
M2_Macro_Oil_vs_M3_Macro_Oil_RegQuality__primary__Oil_Rent_Intensive_Pre2016_ge10pct,Regulatory_Quality_lag1,primary,Inward_FDI_Net_Flow_asinh,Oil_Rent_Intensive_Pre2016_ge10pct,Country_Holdout_CV,fold_2,Ridge,0.187107289598879,3.226911271613772,1.5752339360648744,M2_Macro_Oil,M3_Macro_Oil_RegQuality,0.1887219952628779,3.2145684974635302,1.579479431251631,0.0016147056639988777,-0.012342774150241542,0.004245495186756543
M2_Macro_Oil_vs_M3_Macro_Oil_RegQuality__primary__Oil_Rent_Intensive_Pre2016_ge10pct,Regulatory_Quality_lag1,primary,Inward_FDI_Net_Flow_asinh,Oil_Rent_Intensive_Pre2016_ge10pct,Country_Holdout_CV,fold_3,ElasticNet,0.2899177296050376,3.735221422984375,2.8971501844906373,M2_Macro_Oil,M3_Macro_Oil_RegQuality,0.2698946719713118,3.9397345488967823,3.3265088893214565,-0.020023057633725805,0.2045131259124071,0.42935870483081917
M2_Macro_Oil_vs_M3_Macro_Oil_RegQuality__primary__Oil_Rent_Intensive_Pre2016_ge10pct,Regulatory_Quality_lag1,primary,Inward_FDI_Net_Flow_asinh,Oil_Rent_Intensive_Pre2016_ge10pct,Country_Holdout_CV,fold_3,RandomForest,0.273873026378413,3.5981082632633234,2.3748406346949578,M2_Macro_Oil,M3_Macro_Oil_RegQuality,0.2451045615835109,3.645291787778815,2.3017439163844937,-0.028768464794902082,0.04718352451549146,-0.07309671831046405
M2_Macro_Oil_vs_M3_Macro_Oil_RegQuality__primary__Oil_Rent_Intensive_Pre2016_ge10pct,Regulatory_Quality_lag1,primary,Inward_FDI_Net_Flow_asinh,Oil_Rent_Intensive_Pre2016_ge10pct,Country_Holdout_CV,fold_3,Ridge,0.2896648646312895,3.739199639708123,2.897532324255897,M2_Macro_Oil,M3_Macro_Oil_RegQuality,0.2658577610185902,3.961100095468445,3.358463071192235,-0.023807103612699276,0.22190045576032214,0.4609307469363384
M2_Macro_Oil_vs_M3_Macro_Oil_RegQuality__primary__Oil_Rent_Intensive_Pre2016_ge10pct,Regulatory_Quality_lag1,primary,Inward_FDI_Net_Flow_asinh,Oil_Rent_Intensive_Pre2016_ge10pct,Country_Holdout_CV,fold_4,ElasticNet,0.0488741550362754,2.939321852523394,1.1232405721561172,M2_Macro_Oil,M3_Macro_Oil_RegQuality,0.0384979672361748,2.9413090504577943,1.0909944422150355,-0.010376187800100599,0.0019871979344001645,-0.03224612994108167
M2_Macro_Oil_vs_M3_Macro_Oil_RegQuality__primary__Oil_Rent_Intensive_Pre2016_ge10pct,Regulatory_Quality_lag1,primary,Inward_FDI_Net_Flow_asinh,Oil_Rent_Intensive_Pre2016_ge10pct,Country_Holdout_CV,fold_4,RandomForest,-0.1076539033354286,3.3239850692810107,1.4834714904049853,M2_Macro_Oil,M3_Macro_Oil_RegQuality,-0.0542160637391195,3.311243991351999,1.518207296400606,0.0534378395963091,-0.012741077929011801,0.03473580599562065
M2_Macro_Oil_vs_M3_Macro_Oil_RegQuality__primary__Oil_Rent_Intensive_Pre2016_ge10pct,Regulatory_Quality_lag1,primary,Inward_FDI_Net_Flow_asinh,Oil_Rent_Intensive_Pre2016_ge10pct,Country_Holdout_CV,fold_4,Ridge,0.0476544768859688,2.932966673034204,1.112812838470795,M2_Macro_Oil,M3_Macro_Oil_RegQuality,0.0363460203995905,2.9420796675985987,1.093612425103796,-0.0113084564863783,0.00911299456439485,-0.01920041336699896
M2_Macro_Oil_vs_M3_Macro_Oil_RegQuality__primary__Oil_Rent_Intensive_Pre2016_ge10pct,Regulatory_Quality_lag1,primary,Inward_FDI_Net_Flow_asinh,Oil_Rent_Intensive_Pre2016_ge10pct,Future_Period,train_to_2012__test_from_2013,ElasticNet,0.2250748774473687,3.4129729324469134,1.0771363921271195,M2_Macro_Oil,M3_Macro_Oil_RegQuality,0.2271876218781011,3.4074408146271304,1.116277098922052,0.002112744430732394,-0.005532117819782911,0.039140706794932534
M2_Macro_Oil_vs_M3_Macro_Oil_RegQuality__primary__Oil_Rent_Intensive_Pre2016_ge10pct,Regulatory_Quality_lag1,primary,Inward_FDI_Net_Flow_asinh,Oil_Rent_Intensive_Pre2016_ge10pct,Future_Period,train_to_2012__test_from_2013,RandomForest,0.1770490376487521,3.490897435569569,0.8868540624025791,M2_Macro_Oil,M3_Macro_Oil_RegQuality,0.171663148525594,3.527644829218036,1.0632396796233523,-0.0053858891231581,0.0367473936484668,0.17638561722077317
M2_Macro_Oil_vs_M3_Macro_Oil_RegQuality__primary__Oil_Rent_Intensive_Pre2016_ge10pct,Regulatory_Quality_lag1,primary,Inward_FDI_Net_Flow_asinh,Oil_Rent_Intensive_Pre2016_ge10pct,Future_Period,train_to_2012__test_from_2013,Ridge,0.2249083742723859,3.4139631137055533,1.0819671113306972,M2_Macro_Oil,M3_Macro_Oil_RegQuality,0.2271809716784929,3.408784231158325,1.1034487491207967,0.0022725974061069965,-0.005178882547228092,0.021481637790099484
M2_Macro_Oil_vs_M3_Macro_Oil_RegQuality__primary__Oil_Rent_Intensive_Pre2016_ge10pct,Regulatory_Quality_lag1,primary,Inward_FDI_Net_Flow_asinh,Oil_Rent_Intensive_Pre2016_ge10pct,Future_Period,train_to_2014__test_from_2015,ElasticNet,0.2500653480028731,3.505050894238158,1.134942297718606,M2_Macro_Oil,M3_Macro_Oil_RegQuality,0.251470016754979,3.507326250663266,1.2223054537864364,0.0014046687521058754,0.0022753564251081215,0.0873631560678303
M2_Macro_Oil_vs_M3_Macro_Oil_RegQuality__primary__Oil_Rent_Intensive_Pre2016_ge10pct,Regulatory_Quality_lag1,primary,Inward_FDI_Net_Flow_asinh,Oil_Rent_Intensive_Pre2016_ge10pct,Future_Period,train_to_2014__test_from_2015,RandomForest,0.2459658836646113,3.659845442715388,1.8541928973324788,M2_Macro_Oil,M3_Macro_Oil_RegQuality,0.2491681049617405,3.5378541973240623,1.4217013465796802,0.0032022212971291875,-0.12199124539132589,-0.43249155075279866
M2_Macro_Oil_vs_M3_Macro_Oil_RegQuality__primary__Oil_Rent_Intensive_Pre2016_ge10pct,Regulatory_Quality_lag1,primary,Inward_FDI_Net_Flow_asinh,Oil_Rent_Intensive_Pre2016_ge10pct,Future_Period,train_to_2014__test_from_2015,Ridge,0.2501101886704421,3.50331358277947,1.1516056152515457,M2_Macro_Oil,M3_Macro_Oil_RegQuality,0.2516176286412369,3.505754949335943,1.207887911028097,0.0015074399707947772,0.002441366556472868,0.056282295776551194
M2_Macro_Oil_vs_M3_Macro_Oil_RegQuality__primary__Oil_Rent_Intensive_Pre2016_ge10pct,Regulatory_Quality_lag1,primary,Inward_FDI_Net_Flow_asinh,Oil_Rent_Intensive_Pre2016_ge10pct,Future_Period,train_to_2015__test_from_2016,ElasticNet,0.2556227320588415,3.6194991906737135,1.2890763590400065,M2_Macro_Oil,M3_Macro_Oil_RegQuality,0.2568722652670302,3.620776939299666,1.3303969676963892,0.0012495332081887134,0.001277748625952313,0.04132060865638265
M2_Macro_Oil_vs_M3_Macro_Oil_RegQuality__primary__Oil_Rent_Intensive_Pre2016_ge10pct,Regulatory_Quality_lag1,primary,Inward_FDI_Net_Flow_asinh,Oil_Rent_Intensive_Pre2016_ge10pct,Future_Period,train_to_2015__test_from_2016,RandomForest,0.2929184847986165,3.614267253953952,1.7112072224205166,M2_Macro_Oil,M3_Macro_Oil_RegQuality,0.2675398588984262,3.718347780171409,1.8008963571613048,-0.0253786259001903,0.10408052621745689,0.08968913474078821
M2_Macro_Oil_vs_M3_Macro_Oil_RegQuality__primary__Oil_Rent_Intensive_Pre2016_ge10pct,Regulatory_Quality_lag1,primary,Inward_FDI_Net_Flow_asinh,Oil_Rent_Intensive_Pre2016_ge10pct,Future_Period,train_to_2015__test_from_2016,Ridge,0.2557123498729213,3.617907607978545,1.277890848036573,M2_Macro_Oil,M3_Macro_Oil_RegQuality,0.2570682113224248,3.618795161354654,1.323792091924454,0.0013558614495035037,0.0008875533761090182,0.04590124388788097
M2_Macro_Oil_vs_M3_Macro_Oil_RegQuality__primary__Oil_Rent_Intensive_Pre2016_ge10pct,Regulatory_Quality_lag1,primary,Inward_FDI_Net_Flow_asinh,Oil_Rent_Intensive_Pre2016_ge10pct,Future_Period,train_to_2016__test_from_2017,ElasticNet,0.2923753802786893,3.6674645129770216,1.4848608394401115,M2_Macro_Oil,M3_Macro_Oil_RegQuality,0.2935458267724533,3.668172192382185,1.5094629614039323,0.0011704464937639658,0.0007076794051634749,0.024602121963820833
M2_Macro_Oil_vs_M3_Macro_Oil_RegQuality__primary__Oil_Rent_Intensive_Pre2016_ge10pct,Regulatory_Quality_lag1,primary,Inward_FDI_Net_Flow_asinh,Oil_Rent_Intensive_Pre2016_ge10pct,Future_Period,train_to_2016__test_from_2017,RandomForest,0.3186598902534083,3.7681802672810663,2.4067041613465463,M2_Macro_Oil,M3_Macro_Oil_RegQuality,0.3316032533791683,3.67488109624033,2.1153777386849666,0.012943363125759999,-0.09329917104073626,-0.2913264226615797
M2_Macro_Oil_vs_M3_Macro_Oil_RegQuality__primary__Oil_Rent_Intensive_Pre2016_ge10pct,Regulatory_Quality_lag1,primary,Inward_FDI_Net_Flow_asinh,Oil_Rent_Intensive_Pre2016_ge10pct,Future_Period,train_to_2016__test_from_2017,Ridge,0.2926722602962872,3.665237787010216,1.4718513882026736,M2_Macro_Oil,M3_Macro_Oil_RegQuality,0.2939479641391327,3.6658879462416776,1.5135452590296268,0.0012757038428455325,0.0006501592314616111,0.041693870826953194
M2_Macro_Oil_vs_M3_Macro_Oil_RegQuality__primary__Oil_Rent_Intensive_Pre2016_ge10pct,Regulatory_Quality_lag1,primary,Inward_FDI_Net_Flow_asinh,Oil_Rent_Intensive_Pre2016_ge10pct,Future_Period,train_to_2018__test_from_2019,ElasticNet,0.2783918336209248,3.9375611787700993,1.677979597170236,M2_Macro_Oil,M3_Macro_Oil_RegQuality,0.2789803554801485,3.945068590714604,1.7304250497557463,0.0005885218592237007,0.0075074119445046605,0.052445452585510255
M2_Macro_Oil_vs_M3_Macro_Oil_RegQuality__primary__Oil_Rent_Intensive_Pre2016_ge10pct,Regulatory_Quality_lag1,primary,Inward_FDI_Net_Flow_asinh,Oil_Rent_Intensive_Pre2016_ge10pct,Future_Period,train_to_2018__test_from_2019,RandomForest,0.3584028411093353,3.722306552079358,2.315238114522672,M2_Macro_Oil,M3_Macro_Oil_RegQuality,0.3696679456810069,3.649305028543016,1.812127421472161,0.011265104571671625,-0.07300152353634193,-0.5031106930505111
M2_Macro_Oil_vs_M3_Macro_Oil_RegQuality__primary__Oil_Rent_Intensive_Pre2016_ge10pct,Regulatory_Quality_lag1,primary,Inward_FDI_Net_Flow_asinh,Oil_Rent_Intensive_Pre2016_ge10pct,Future_Period,train_to_2018__test_from_2019,Ridge,0.2784352621495127,3.9358953324391535,1.7157102700915503,M2_Macro_Oil,M3_Macro_Oil_RegQuality,0.2789920654774334,3.9441625991328455,1.7207381347454058,0.0005568033279206852,0.008267266693692044,0.005027864653855518
M2_Macro_Oil_vs_M3_Macro_Oil_RegQuality__primary__Oil_Rent_Intensive_Pre2016_ge15pct,Regulatory_Quality_lag1,primary,Inward_FDI_Net_Flow_asinh,Oil_Rent_Intensive_Pre2016_ge15pct,Country_Holdout_CV,fold_0,ElasticNet,0.4284733058157425,2.5552599219993755,1.4774488856396295,M2_Macro_Oil,M3_Macro_Oil_RegQuality,0.4280312910118127,2.557438769636548,1.487363535879061,-0.0004420148039298022,0.0021788476371726873,0.009914650239431388
M2_Macro_Oil_vs_M3_Macro_Oil_RegQuality__primary__Oil_Rent_Intensive_Pre2016_ge15pct,Regulatory_Quality_lag1,primary,Inward_FDI_Net_Flow_asinh,Oil_Rent_Intensive_Pre2016_ge15pct,Country_Holdout_CV,fold_0,RandomForest,0.4310630020539656,2.488298421561488,1.3451927610087484,M2_Macro_Oil,M3_Macro_Oil_RegQuality,0.3906051823060802,2.7803814402849008,1.6634659368869933,-0.04045781974788537,0.2920830187234129,0.3182731758782449
M2_Macro_Oil_vs_M3_Macro_Oil_RegQuality__primary__Oil_Rent_Intensive_Pre2016_ge15pct,Regulatory_Quality_lag1,primary,Inward_FDI_Net_Flow_asinh,Oil_Rent_Intensive_Pre2016_ge15pct,Country_Holdout_CV,fold_0,Ridge,0.4291401687863388,2.545361106983629,1.473772533837991,M2_Macro_Oil,M3_Macro_Oil_RegQuality,0.4284819675209738,2.5484550625951603,1.485701650797708,-0.0006582012653650327,0.0030939556115314737,0.011929116959717101
M2_Macro_Oil_vs_M3_Macro_Oil_RegQuality__primary__Oil_Rent_Intensive_Pre2016_ge15pct,Regulatory_Quality_lag1,primary,Inward_FDI_Net_Flow_asinh,Oil_Rent_Intensive_Pre2016_ge15pct,Country_Holdout_CV,fold_1,ElasticNet,0.2445870776434275,2.486412052395704,1.2267533124694898,M2_Macro_Oil,M3_Macro_Oil_RegQuality,0.2430953728751136,2.500599147974036,1.2649872006282656,-0.001491704768313895,0.014187095578332087,0.03823388815877582
M2_Macro_Oil_vs_M3_Macro_Oil_RegQuality__primary__Oil_Rent_Intensive_Pre2016_ge15pct,Regulatory_Quality_lag1,primary,Inward_FDI_Net_Flow_asinh,Oil_Rent_Intensive_Pre2016_ge15pct,Country_Holdout_CV,fold_1,RandomForest,0.1898812813390956,2.892742206335696,1.6935058074754936,M2_Macro_Oil,M3_Macro_Oil_RegQuality,0.1990390431632118,2.817277187416783,1.710754427546732,0.009157761824116206,-0.075465018918913,0.017248620071238285
M2_Macro_Oil_vs_M3_Macro_Oil_RegQuality__primary__Oil_Rent_Intensive_Pre2016_ge15pct,Regulatory_Quality_lag1,primary,Inward_FDI_Net_Flow_asinh,Oil_Rent_Intensive_Pre2016_ge15pct,Country_Holdout_CV,fold_1,Ridge,0.2440465815189386,2.482915873819285,1.2056104985881817,M2_Macro_Oil,M3_Macro_Oil_RegQuality,0.2421604302198936,2.5008007283721905,1.2747406147029707,-0.0018861512990449858,0.017884854552905338,0.06913011611478903
M2_Macro_Oil_vs_M3_Macro_Oil_RegQuality__primary__Oil_Rent_Intensive_Pre2016_ge15pct,Regulatory_Quality_lag1,primary,Inward_FDI_Net_Flow_asinh,Oil_Rent_Intensive_Pre2016_ge15pct,Country_Holdout_CV,fold_2,ElasticNet,-0.0493977165370367,4.233243462467871,2.002276223018568,M2_Macro_Oil,M3_Macro_Oil_RegQuality,-0.0495159623106649,4.232106430937901,1.995029477343712,-0.00011824577362819916,-0.0011370315299696898,-0.007246745674855726
M2_Macro_Oil_vs_M3_Macro_Oil_RegQuality__primary__Oil_Rent_Intensive_Pre2016_ge15pct,Regulatory_Quality_lag1,primary,Inward_FDI_Net_Flow_asinh,Oil_Rent_Intensive_Pre2016_ge15pct,Country_Holdout_CV,fold_2,RandomForest,0.0852173631522426,3.877370040682569,2.2232442502068066,M2_Macro_Oil,M3_Macro_Oil_RegQuality,0.148247589735499,3.8257540548748974,2.32825179065086,0.06303022658325641,-0.05161598580767146,0.10500754044405358
M2_Macro_Oil_vs_M3_Macro_Oil_RegQuality__primary__Oil_Rent_Intensive_Pre2016_ge15pct,Regulatory_Quality_lag1,primary,Inward_FDI_Net_Flow_asinh,Oil_Rent_Intensive_Pre2016_ge15pct,Country_Holdout_CV,fold_2,Ridge,-0.0507646484869288,4.234096581831564,1.995693412652756,M2_Macro_Oil,M3_Macro_Oil_RegQuality,-0.0505420764618187,4.232818171183598,1.9918261839368936,0.00022257202511009877,-0.0012784106479664104,-0.003867228715862314
M2_Macro_Oil_vs_M3_Macro_Oil_RegQuality__primary__Oil_Rent_Intensive_Pre2016_ge15pct,Regulatory_Quality_lag1,primary,Inward_FDI_Net_Flow_asinh,Oil_Rent_Intensive_Pre2016_ge15pct,Country_Holdout_CV,fold_3,ElasticNet,0.2523335821723427,3.739371029765596,3.0705638368944688,M2_Macro_Oil,M3_Macro_Oil_RegQuality,0.2119675828231026,4.006135760845584,3.316888445515517,-0.040365999349240095,0.2667647310799883,0.2463246086210482
M2_Macro_Oil_vs_M3_Macro_Oil_RegQuality__primary__Oil_Rent_Intensive_Pre2016_ge15pct,Regulatory_Quality_lag1,primary,Inward_FDI_Net_Flow_asinh,Oil_Rent_Intensive_Pre2016_ge15pct,Country_Holdout_CV,fold_3,RandomForest,0.3064928972803659,3.437391512165606,2.5914993971445366,M2_Macro_Oil,M3_Macro_Oil_RegQuality,0.3421096103099287,3.3614718672457458,2.3235315794644325,0.03561671302956282,-0.07591964491986003,-0.26796781768010414
M2_Macro_Oil_vs_M3_Macro_Oil_RegQuality__primary__Oil_Rent_Intensive_Pre2016_ge15pct,Regulatory_Quality_lag1,primary,Inward_FDI_Net_Flow_asinh,Oil_Rent_Intensive_Pre2016_ge15pct,Country_Holdout_CV,fold_3,Ridge,0.2509233172226912,3.742696986153596,3.0758681485124035,M2_Macro_Oil,M3_Macro_Oil_RegQuality,0.2054940119091713,4.030421357062784,3.342029865181802,-0.04542930531351988,0.2877243709091881,0.26616171666939836
M2_Macro_Oil_vs_M3_Macro_Oil_RegQuality__primary__Oil_Rent_Intensive_Pre2016_ge15pct,Regulatory_Quality_lag1,primary,Inward_FDI_Net_Flow_asinh,Oil_Rent_Intensive_Pre2016_ge15pct,Country_Holdout_CV,fold_4,ElasticNet,0.4390230717589669,2.064639351009826,0.966609099982688,M2_Macro_Oil,M3_Macro_Oil_RegQuality,0.4256904633545241,2.1228726549296977,1.031897546077083,-0.01333260840444278,0.05823330391987147,0.06528844609439499
M2_Macro_Oil_vs_M3_Macro_Oil_RegQuality__primary__Oil_Rent_Intensive_Pre2016_ge15pct,Regulatory_Quality_lag1,primary,Inward_FDI_Net_Flow_asinh,Oil_Rent_Intensive_Pre2016_ge15pct,Country_Holdout_CV,fold_4,RandomForest,0.2909694096559784,2.567889587619405,1.3910052707735066,M2_Macro_Oil,M3_Macro_Oil_RegQuality,0.2715932675439194,2.668833125517882,1.5766376988546913,-0.019376142112059014,0.10094353789847732,0.18563242808118474
M2_Macro_Oil_vs_M3_Macro_Oil_RegQuality__primary__Oil_Rent_Intensive_Pre2016_ge15pct,Regulatory_Quality_lag1,primary,Inward_FDI_Net_Flow_asinh,Oil_Rent_Intensive_Pre2016_ge15pct,Country_Holdout_CV,fold_4,Ridge,0.4394664554894248,2.055956116389755,0.96348287649856,M2_Macro_Oil,M3_Macro_Oil_RegQuality,0.4238599525233848,2.119268128204489,0.9988390802807644,-0.015606502966039992,0.06331201181473434,0.03535620378220439
M2_Macro_Oil_vs_M3_Macro_Oil_RegQuality__primary__Oil_Rent_Intensive_Pre2016_ge15pct,Regulatory_Quality_lag1,primary,Inward_FDI_Net_Flow_asinh,Oil_Rent_Intensive_Pre2016_ge15pct,Future_Period,train_to_2012__test_from_2013,ElasticNet,0.3086087240712293,3.31259364848938,1.0103517235955044,M2_Macro_Oil,M3_Macro_Oil_RegQuality,0.3056921331835014,3.328122260377382,1.0646342741997477,-0.002916590887727888,0.015528611888001809,0.05428255060424325
M2_Macro_Oil_vs_M3_Macro_Oil_RegQuality__primary__Oil_Rent_Intensive_Pre2016_ge15pct,Regulatory_Quality_lag1,primary,Inward_FDI_Net_Flow_asinh,Oil_Rent_Intensive_Pre2016_ge15pct,Future_Period,train_to_2012__test_from_2013,RandomForest,0.2460129742575073,3.412798259826441,0.9412563051611508,M2_Macro_Oil,M3_Macro_Oil_RegQuality,0.2406284047150163,3.471496219642152,1.1773325948131983,-0.005384569542491002,0.058697959815711354,0.23607628965204752
M2_Macro_Oil_vs_M3_Macro_Oil_RegQuality__primary__Oil_Rent_Intensive_Pre2016_ge15pct,Regulatory_Quality_lag1,primary,Inward_FDI_Net_Flow_asinh,Oil_Rent_Intensive_Pre2016_ge15pct,Future_Period,train_to_2012__test_from_2013,Ridge,0.3088397095838299,3.313193409143301,1.0173401200899796,M2_Macro_Oil,M3_Macro_Oil_RegQuality,0.3053805338610698,3.3309780460304026,1.0748930858774126,-0.0034591757227601105,0.017784636887101524,0.057552965787432964
M2_Macro_Oil_vs_M3_Macro_Oil_RegQuality__primary__Oil_Rent_Intensive_Pre2016_ge15pct,Regulatory_Quality_lag1,primary,Inward_FDI_Net_Flow_asinh,Oil_Rent_Intensive_Pre2016_ge15pct,Future_Period,train_to_2014__test_from_2015,ElasticNet,0.3260856397065943,3.4052772751083324,1.2097750405023309,M2_Macro_Oil,M3_Macro_Oil_RegQuality,0.3249615795740204,3.409914302873401,1.2634324484547337,-0.0011240601325739341,0.004637027765068691,0.053657407952402814
M2_Macro_Oil_vs_M3_Macro_Oil_RegQuality__primary__Oil_Rent_Intensive_Pre2016_ge15pct,Regulatory_Quality_lag1,primary,Inward_FDI_Net_Flow_asinh,Oil_Rent_Intensive_Pre2016_ge15pct,Future_Period,train_to_2014__test_from_2015,RandomForest,0.3683290325042214,3.281336609919693,1.4364015310550462,M2_Macro_Oil,M3_Macro_Oil_RegQuality,0.3912281348619645,3.211357850988202,1.4877463577001766,0.022899102357743117,-0.06997875893149086,0.051344826645130404
M2_Macro_Oil_vs_M3_Macro_Oil_RegQuality__primary__Oil_Rent_Intensive_Pre2016_ge15pct,Regulatory_Quality_lag1,primary,Inward_FDI_Net_Flow_asinh,Oil_Rent_Intensive_Pre2016_ge15pct,Future_Period,train_to_2014__test_from_2015,Ridge,0.3264182339135145,3.4043242616351383,1.201039505109529,M2_Macro_Oil,M3_Macro_Oil_RegQuality,0.3249897602334702,3.4102789767699178,1.2738826267615415,-0.0014284736800442843,0.005954715134779409,0.07284312165201245
M2_Macro_Oil_vs_M3_Macro_Oil_RegQuality__primary__Oil_Rent_Intensive_Pre2016_ge15pct,Regulatory_Quality_lag1,primary,Inward_FDI_Net_Flow_asinh,Oil_Rent_Intensive_Pre2016_ge15pct,Future_Period,train_to_2015__test_from_2016,ElasticNet,0.3498556053957946,3.4651843638459643,1.3423202889901988,M2_Macro_Oil,M3_Macro_Oil_RegQuality,0.3490076718798082,3.471969768891529,1.4142683980073771,-0.0008479335159863877,0.006785405045564907,0.0719481090171783
M2_Macro_Oil_vs_M3_Macro_Oil_RegQuality__primary__Oil_Rent_Intensive_Pre2016_ge15pct,Regulatory_Quality_lag1,primary,Inward_FDI_Net_Flow_asinh,Oil_Rent_Intensive_Pre2016_ge15pct,Future_Period,train_to_2015__test_from_2016,RandomForest,0.3942551082739887,3.4411386885670794,1.7418811045531577,M2_Macro_Oil,M3_Macro_Oil_RegQuality,0.3934801879827185,3.356915117918729,1.4776433726770382,-0.0007749202912701869,-0.08422357064835051,-0.26423773187611954
M2_Macro_Oil_vs_M3_Macro_Oil_RegQuality__primary__Oil_Rent_Intensive_Pre2016_ge15pct,Regulatory_Quality_lag1,primary,Inward_FDI_Net_Flow_asinh,Oil_Rent_Intensive_Pre2016_ge15pct,Future_Period,train_to_2015__test_from_2016,Ridge,0.3503031639612214,3.463582417851571,1.3320259560855918,M2_Macro_Oil,M3_Macro_Oil_RegQuality,0.3483961558350336,3.4717685106134324,1.378354885413025,-0.0019070081261878258,0.008186092761861552,0.046328929327433155
M2_Macro_Oil_vs_M3_Macro_Oil_RegQuality__primary__Oil_Rent_Intensive_Pre2016_ge15pct,Regulatory_Quality_lag1,primary,Inward_FDI_Net_Flow_asinh,Oil_Rent_Intensive_Pre2016_ge15pct,Future_Period,train_to_2016__test_from_2017,ElasticNet,0.3718189189185618,3.4969244411634457,1.4048941584566856,M2_Macro_Oil,M3_Macro_Oil_RegQuality,0.3717774763476129,3.497115773321751,1.4069554104256463,-4.1442570948901913e-05,0.00019133215830535732,0.0020612519689606756
M2_Macro_Oil_vs_M3_Macro_Oil_RegQuality__primary__Oil_Rent_Intensive_Pre2016_ge15pct,Regulatory_Quality_lag1,primary,Inward_FDI_Net_Flow_asinh,Oil_Rent_Intensive_Pre2016_ge15pct,Future_Period,train_to_2016__test_from_2017,RandomForest,0.3963315257354723,3.574162340295064,2.056709392429858,M2_Macro_Oil,M3_Macro_Oil_RegQuality,0.4018860438054954,3.540735209298913,1.6650323728734486,0.005554518070023107,-0.03342713099615091,-0.39167701955640943
M2_Macro_Oil_vs_M3_Macro_Oil_RegQuality__primary__Oil_Rent_Intensive_Pre2016_ge15pct,Regulatory_Quality_lag1,primary,Inward_FDI_Net_Flow_asinh,Oil_Rent_Intensive_Pre2016_ge15pct,Future_Period,train_to_2016__test_from_2017,Ridge,0.3723746154641748,3.4956537101286558,1.3955426730020148,M2_Macro_Oil,M3_Macro_Oil_RegQuality,0.3721432515232538,3.496764625682962,1.4072179038392054,-0.00023136394092099222,0.0011109155543063132,0.011675230837190576
M2_Macro_Oil_vs_M3_Macro_Oil_RegQuality__primary__Oil_Rent_Intensive_Pre2016_ge15pct,Regulatory_Quality_lag1,primary,Inward_FDI_Net_Flow_asinh,Oil_Rent_Intensive_Pre2016_ge15pct,Future_Period,train_to_2018__test_from_2019,ElasticNet,0.3659236327156149,3.706491377475572,1.6577249609153282,M2_Macro_Oil,M3_Macro_Oil_RegQuality,0.3657907734038419,3.700385105721351,1.5484355464313515,-0.0001328593117729815,-0.006106271754220849,-0.10928941448397667
M2_Macro_Oil_vs_M3_Macro_Oil_RegQuality__primary__Oil_Rent_Intensive_Pre2016_ge15pct,Regulatory_Quality_lag1,primary,Inward_FDI_Net_Flow_asinh,Oil_Rent_Intensive_Pre2016_ge15pct,Future_Period,train_to_2018__test_from_2019,RandomForest,0.3705439609786743,3.6857661591669695,2.333681825056738,M2_Macro_Oil,M3_Macro_Oil_RegQuality,0.3654221115705649,3.8024900562129424,2.3556991685728805,-0.005121849408109391,0.11672389704597297,0.022017343516142596
M2_Macro_Oil_vs_M3_Macro_Oil_RegQuality__primary__Oil_Rent_Intensive_Pre2016_ge15pct,Regulatory_Quality_lag1,primary,Inward_FDI_Net_Flow_asinh,Oil_Rent_Intensive_Pre2016_ge15pct,Future_Period,train_to_2018__test_from_2019,Ridge,0.3662117454851724,3.705115990598897,1.6609859665480458,M2_Macro_Oil,M3_Macro_Oil_RegQuality,0.3660332484415844,3.698623555659191,1.544325311419377,-0.00017849704358796625,-0.006492434939705749,-0.11666065512866886
M2_Macro_Oil_vs_M3_Macro_Oil_RegQuality__primary__Oil_Rent_Intensive_Pre2016_ge1pct,Regulatory_Quality_lag1,primary,Inward_FDI_Net_Flow_asinh,Oil_Rent_Intensive_Pre2016_ge1pct,Country_Holdout_CV,fold_0,ElasticNet,0.3769784650299289,2.029226755417383,0.8409310668896577,M2_Macro_Oil,M3_Macro_Oil_RegQuality,0.37973080630962,2.0174748859997167,0.8518378354204565,0.002752341279691095,-0.01175186941766615,0.01090676853079886
M2_Macro_Oil_vs_M3_Macro_Oil_RegQuality__primary__Oil_Rent_Intensive_Pre2016_ge1pct,Regulatory_Quality_lag1,primary,Inward_FDI_Net_Flow_asinh,Oil_Rent_Intensive_Pre2016_ge1pct,Country_Holdout_CV,fold_0,RandomForest,0.396496434778649,2.004640594674379,0.8207311597024098,M2_Macro_Oil,M3_Macro_Oil_RegQuality,0.4158523703958685,1.8600876503610375,0.7244601740663952,0.01935593561721949,-0.14455294431334131,-0.09627098563601466
M2_Macro_Oil_vs_M3_Macro_Oil_RegQuality__primary__Oil_Rent_Intensive_Pre2016_ge1pct,Regulatory_Quality_lag1,primary,Inward_FDI_Net_Flow_asinh,Oil_Rent_Intensive_Pre2016_ge1pct,Country_Holdout_CV,fold_0,Ridge,0.3779751291956164,2.0256567608297367,0.8402218202004685,M2_Macro_Oil,M3_Macro_Oil_RegQuality,0.3809953088590864,2.012565494375007,0.8555209957666494,0.003020179663470013,-0.013091266454729578,0.015299175566180878
M2_Macro_Oil_vs_M3_Macro_Oil_RegQuality__primary__Oil_Rent_Intensive_Pre2016_ge1pct,Regulatory_Quality_lag1,primary,Inward_FDI_Net_Flow_asinh,Oil_Rent_Intensive_Pre2016_ge1pct,Country_Holdout_CV,fold_1,ElasticNet,0.3140964515455448,1.6544884907558508,0.7311673577373305,M2_Macro_Oil,M3_Macro_Oil_RegQuality,0.3167606050795205,1.6495461873932384,0.7262064192025601,0.0026641535339756994,-0.004942303362612366,-0.0049609385347704205
M2_Macro_Oil_vs_M3_Macro_Oil_RegQuality__primary__Oil_Rent_Intensive_Pre2016_ge1pct,Regulatory_Quality_lag1,primary,Inward_FDI_Net_Flow_asinh,Oil_Rent_Intensive_Pre2016_ge1pct,Country_Holdout_CV,fold_1,RandomForest,0.2274039043847214,1.93826811987184,0.9291297662426246,M2_Macro_Oil,M3_Macro_Oil_RegQuality,0.2382345938679878,1.9444306140868732,0.9336651333830792,0.010830689483266376,0.006162494215033343,0.00453536714045466
M2_Macro_Oil_vs_M3_Macro_Oil_RegQuality__primary__Oil_Rent_Intensive_Pre2016_ge1pct,Regulatory_Quality_lag1,primary,Inward_FDI_Net_Flow_asinh,Oil_Rent_Intensive_Pre2016_ge1pct,Country_Holdout_CV,fold_1,Ridge,0.3136844664348115,1.6539394819837523,0.7347195335278638,M2_Macro_Oil,M3_Macro_Oil_RegQuality,0.316587865393216,1.6486701457888904,0.7402044346770982,0.0029033989584044684,-0.005269336194861918,0.005484901149234389
M2_Macro_Oil_vs_M3_Macro_Oil_RegQuality__primary__Oil_Rent_Intensive_Pre2016_ge1pct,Regulatory_Quality_lag1,primary,Inward_FDI_Net_Flow_asinh,Oil_Rent_Intensive_Pre2016_ge1pct,Country_Holdout_CV,fold_2,ElasticNet,0.258954804034361,1.9571722400870364,0.7593307971229546,M2_Macro_Oil,M3_Macro_Oil_RegQuality,0.260709992857451,1.9426082710181096,0.7425084273092786,0.0017551888230900037,-0.014563969068926763,-0.01682236981367602
M2_Macro_Oil_vs_M3_Macro_Oil_RegQuality__primary__Oil_Rent_Intensive_Pre2016_ge1pct,Regulatory_Quality_lag1,primary,Inward_FDI_Net_Flow_asinh,Oil_Rent_Intensive_Pre2016_ge1pct,Country_Holdout_CV,fold_2,RandomForest,0.3198697537782592,2.1159402577932287,1.0847364135645847,M2_Macro_Oil,M3_Macro_Oil_RegQuality,0.3546439953877571,2.039730336330444,0.8571048777027936,0.03477424160949788,-0.07620992146278471,-0.22763153586179108
M2_Macro_Oil_vs_M3_Macro_Oil_RegQuality__primary__Oil_Rent_Intensive_Pre2016_ge1pct,Regulatory_Quality_lag1,primary,Inward_FDI_Net_Flow_asinh,Oil_Rent_Intensive_Pre2016_ge1pct,Country_Holdout_CV,fold_2,Ridge,0.2582838723407004,1.9534867744186544,0.7431947723736894,M2_Macro_Oil,M3_Macro_Oil_RegQuality,0.2602279498568294,1.9382607963569285,0.727151545315138,0.001944077516129017,-0.015225978061725876,-0.016043227058551324
M2_Macro_Oil_vs_M3_Macro_Oil_RegQuality__primary__Oil_Rent_Intensive_Pre2016_ge1pct,Regulatory_Quality_lag1,primary,Inward_FDI_Net_Flow_asinh,Oil_Rent_Intensive_Pre2016_ge1pct,Country_Holdout_CV,fold_3,ElasticNet,0.3330438762973923,2.9403235997327566,1.8141301979551756,M2_Macro_Oil,M3_Macro_Oil_RegQuality,0.3333007050423803,2.957931810289467,1.898864651407829,0.00025682874498800246,0.017608210556710358,0.08473445345265329
M2_Macro_Oil_vs_M3_Macro_Oil_RegQuality__primary__Oil_Rent_Intensive_Pre2016_ge1pct,Regulatory_Quality_lag1,primary,Inward_FDI_Net_Flow_asinh,Oil_Rent_Intensive_Pre2016_ge1pct,Country_Holdout_CV,fold_3,RandomForest,0.3580856972284789,2.6568475148212447,1.23083651166119,M2_Macro_Oil,M3_Macro_Oil_RegQuality,0.3724202118510769,2.672179714588425,1.3174459673835166,0.014334514622597994,0.015332199767180477,0.0866094557223267
M2_Macro_Oil_vs_M3_Macro_Oil_RegQuality__primary__Oil_Rent_Intensive_Pre2016_ge1pct,Regulatory_Quality_lag1,primary,Inward_FDI_Net_Flow_asinh,Oil_Rent_Intensive_Pre2016_ge1pct,Country_Holdout_CV,fold_3,Ridge,0.3326678914148374,2.9460332522568558,1.818973934355712,M2_Macro_Oil,M3_Macro_Oil_RegQuality,0.3324748535022435,2.966978335840924,1.9168775659645387,-0.00019303791259389635,0.020945083584068325,0.09790363160882665
M2_Macro_Oil_vs_M3_Macro_Oil_RegQuality__primary__Oil_Rent_Intensive_Pre2016_ge1pct,Regulatory_Quality_lag1,primary,Inward_FDI_Net_Flow_asinh,Oil_Rent_Intensive_Pre2016_ge1pct,Country_Holdout_CV,fold_4,ElasticNet,0.1495894094702735,2.057588119580232,0.8423799631352447,M2_Macro_Oil,M3_Macro_Oil_RegQuality,0.1431300761595659,2.0461671366982928,0.814493862495941,-0.006459333310707582,-0.011420982881939157,-0.027886100639303635
M2_Macro_Oil_vs_M3_Macro_Oil_RegQuality__primary__Oil_Rent_Intensive_Pre2016_ge1pct,Regulatory_Quality_lag1,primary,Inward_FDI_Net_Flow_asinh,Oil_Rent_Intensive_Pre2016_ge1pct,Country_Holdout_CV,fold_4,RandomForest,0.1201956107756448,2.4068856779648224,1.0740508126506136,M2_Macro_Oil,M3_Macro_Oil_RegQuality,0.1662503540479297,2.404436218188175,1.043463254759704,0.0460547432722849,-0.0024494597766473447,-0.03058755789090961
M2_Macro_Oil_vs_M3_Macro_Oil_RegQuality__primary__Oil_Rent_Intensive_Pre2016_ge1pct,Regulatory_Quality_lag1,primary,Inward_FDI_Net_Flow_asinh,Oil_Rent_Intensive_Pre2016_ge1pct,Country_Holdout_CV,fold_4,Ridge,0.1484742263238618,2.0547022372382626,0.831428522169559,M2_Macro_Oil,M3_Macro_Oil_RegQuality,0.1417329358591101,2.0449273028998487,0.8065664340288876,-0.00674129046475172,-0.009774934338413921,-0.024862088140671368
M2_Macro_Oil_vs_M3_Macro_Oil_RegQuality__primary__Oil_Rent_Intensive_Pre2016_ge1pct,Regulatory_Quality_lag1,primary,Inward_FDI_Net_Flow_asinh,Oil_Rent_Intensive_Pre2016_ge1pct,Future_Period,train_to_2012__test_from_2013,ElasticNet,0.3230692143986214,2.1744937943375997,0.6529715619027172,M2_Macro_Oil,M3_Macro_Oil_RegQuality,0.3215923688069795,2.1750248102418275,0.6546787755046148,-0.0014768455916419065,0.0005310159042277718,0.001707213601897628
M2_Macro_Oil_vs_M3_Macro_Oil_RegQuality__primary__Oil_Rent_Intensive_Pre2016_ge1pct,Regulatory_Quality_lag1,primary,Inward_FDI_Net_Flow_asinh,Oil_Rent_Intensive_Pre2016_ge1pct,Future_Period,train_to_2012__test_from_2013,RandomForest,0.3172542305727194,2.183117853145067,0.6405238665634387,M2_Macro_Oil,M3_Macro_Oil_RegQuality,0.3142160047066347,2.1322425037308537,0.5444540964722471,-0.0030382258660847095,-0.05087534941421312,-0.09606977009119166
M2_Macro_Oil_vs_M3_Macro_Oil_RegQuality__primary__Oil_Rent_Intensive_Pre2016_ge1pct,Regulatory_Quality_lag1,primary,Inward_FDI_Net_Flow_asinh,Oil_Rent_Intensive_Pre2016_ge1pct,Future_Period,train_to_2012__test_from_2013,Ridge,0.3234533349317652,2.172970181904926,0.6461871401842889,M2_Macro_Oil,M3_Macro_Oil_RegQuality,0.3212174479433144,2.1744195385479594,0.6544046221905577,-0.002235886988450786,0.0014493566430333615,0.008217482006268817
M2_Macro_Oil_vs_M3_Macro_Oil_RegQuality__primary__Oil_Rent_Intensive_Pre2016_ge1pct,Regulatory_Quality_lag1,primary,Inward_FDI_Net_Flow_asinh,Oil_Rent_Intensive_Pre2016_ge1pct,Future_Period,train_to_2014__test_from_2015,ElasticNet,0.3328076745753396,2.232407406059067,0.6678181155396352,M2_Macro_Oil,M3_Macro_Oil_RegQuality,0.3328074024690598,2.2324058606545245,0.6678102537500923,-2.721062797861329e-07,-1.5454045425578045e-06,-7.861789542928932e-06
M2_Macro_Oil_vs_M3_Macro_Oil_RegQuality__primary__Oil_Rent_Intensive_Pre2016_ge1pct,Regulatory_Quality_lag1,primary,Inward_FDI_Net_Flow_asinh,Oil_Rent_Intensive_Pre2016_ge1pct,Future_Period,train_to_2014__test_from_2015,RandomForest,0.390903290904649,2.145696422736635,0.63476158626003,M2_Macro_Oil,M3_Macro_Oil_RegQuality,0.3922355898231014,2.104697024403084,0.5959875985992582,0.0013322989184524348,-0.04099939833355126,-0.03877398766077178
M2_Macro_Oil_vs_M3_Macro_Oil_RegQuality__primary__Oil_Rent_Intensive_Pre2016_ge1pct,Regulatory_Quality_lag1,primary,Inward_FDI_Net_Flow_asinh,Oil_Rent_Intensive_Pre2016_ge1pct,Future_Period,train_to_2014__test_from_2015,Ridge,0.3332999176558303,2.230478633426611,0.6636208840778917,M2_Macro_Oil,M3_Macro_Oil_RegQuality,0.3329706700114639,2.230500962213473,0.6646410296729393,-0.00032924764436637055,2.23287868621469e-05,0.0010201455950475946
M2_Macro_Oil_vs_M3_Macro_Oil_RegQuality__primary__Oil_Rent_Intensive_Pre2016_ge1pct,Regulatory_Quality_lag1,primary,Inward_FDI_Net_Flow_asinh,Oil_Rent_Intensive_Pre2016_ge1pct,Future_Period,train_to_2015__test_from_2016,ElasticNet,0.3474362716471945,2.2819705854799444,0.6911970793108604,M2_Macro_Oil,M3_Macro_Oil_RegQuality,0.3458175509369214,2.28251830337827,0.7033857168016637,-0.0016187207102730805,0.0005477178983257502,0.012188637490803345
M2_Macro_Oil_vs_M3_Macro_Oil_RegQuality__primary__Oil_Rent_Intensive_Pre2016_ge1pct,Regulatory_Quality_lag1,primary,Inward_FDI_Net_Flow_asinh,Oil_Rent_Intensive_Pre2016_ge1pct,Future_Period,train_to_2015__test_from_2016,RandomForest,0.3936903240036746,2.278606615818934,0.7537626196527754,M2_Macro_Oil,M3_Macro_Oil_RegQuality,0.4089993668331281,2.145023692009274,0.6246634161054154,0.0153090428294535,-0.13358292380965997,-0.12909920354735993
M2_Macro_Oil_vs_M3_Macro_Oil_RegQuality__primary__Oil_Rent_Intensive_Pre2016_ge1pct,Regulatory_Quality_lag1,primary,Inward_FDI_Net_Flow_asinh,Oil_Rent_Intensive_Pre2016_ge1pct,Future_Period,train_to_2015__test_from_2016,Ridge,0.3479983285944167,2.279676527830349,0.6918641853358767,M2_Macro_Oil,M3_Macro_Oil_RegQuality,0.3456708800395477,2.280679748252246,0.6936091961708661,-0.002327448554868994,0.0010032204218970442,0.0017450108349894577
M2_Macro_Oil_vs_M3_Macro_Oil_RegQuality__primary__Oil_Rent_Intensive_Pre2016_ge1pct,Regulatory_Quality_lag1,primary,Inward_FDI_Net_Flow_asinh,Oil_Rent_Intensive_Pre2016_ge1pct,Future_Period,train_to_2016__test_from_2017,ElasticNet,0.3686224129224826,2.3003834720562413,0.7590271020393047,M2_Macro_Oil,M3_Macro_Oil_RegQuality,0.3686231719972448,2.300390113973666,0.7590536014591489,7.590747622132632e-07,6.6419174249432444e-06,2.64994198442281e-05
M2_Macro_Oil_vs_M3_Macro_Oil_RegQuality__primary__Oil_Rent_Intensive_Pre2016_ge1pct,Regulatory_Quality_lag1,primary,Inward_FDI_Net_Flow_asinh,Oil_Rent_Intensive_Pre2016_ge1pct,Future_Period,train_to_2016__test_from_2017,RandomForest,0.4089840646999091,2.307991122935116,0.781242600697452,M2_Macro_Oil,M3_Macro_Oil_RegQuality,0.3977482594047046,2.214804989033143,0.6388712861845933,-0.011235805295204515,-0.09318613390197328,-0.14237131451285867
M2_Macro_Oil_vs_M3_Macro_Oil_RegQuality__primary__Oil_Rent_Intensive_Pre2016_ge1pct,Regulatory_Quality_lag1,primary,Inward_FDI_Net_Flow_asinh,Oil_Rent_Intensive_Pre2016_ge1pct,Future_Period,train_to_2016__test_from_2017,Ridge,0.3693209647387976,2.2984559602143766,0.7536215304131608,M2_Macro_Oil,M3_Macro_Oil_RegQuality,0.3694200633287036,2.2984909527068105,0.753635001402229,9.909858990597709e-05,3.4992492433882916e-05,1.3470989068231631e-05
M2_Macro_Oil_vs_M3_Macro_Oil_RegQuality__primary__Oil_Rent_Intensive_Pre2016_ge1pct,Regulatory_Quality_lag1,primary,Inward_FDI_Net_Flow_asinh,Oil_Rent_Intensive_Pre2016_ge1pct,Future_Period,train_to_2018__test_from_2019,ElasticNet,0.3542372961052654,2.5110852960840857,0.7787274099513102,M2_Macro_Oil,M3_Macro_Oil_RegQuality,0.3559800811166098,2.51263498405281,0.7712446970140165,0.0017427850113443943,0.0015496879687244558,-0.007482712937293634
M2_Macro_Oil_vs_M3_Macro_Oil_RegQuality__primary__Oil_Rent_Intensive_Pre2016_ge1pct,Regulatory_Quality_lag1,primary,Inward_FDI_Net_Flow_asinh,Oil_Rent_Intensive_Pre2016_ge1pct,Future_Period,train_to_2018__test_from_2019,RandomForest,0.3800604337521527,2.445101408775533,0.7277388921841785,M2_Macro_Oil,M3_Macro_Oil_RegQuality,0.3913154629291409,2.378589622148639,0.6403227332537442,0.011255029176988174,-0.06651178662689405,-0.0874161589304343
M2_Macro_Oil_vs_M3_Macro_Oil_RegQuality__primary__Oil_Rent_Intensive_Pre2016_ge1pct,Regulatory_Quality_lag1,primary,Inward_FDI_Net_Flow_asinh,Oil_Rent_Intensive_Pre2016_ge1pct,Future_Period,train_to_2018__test_from_2019,Ridge,0.3547050052036982,2.5091002743759168,0.781346015989663,M2_Macro_Oil,M3_Macro_Oil_RegQuality,0.3566613016835943,2.5114345811756644,0.7685133698525388,0.0019562964798960913,0.002334306799747665,-0.012832646137124204
M2_Macro_Oil_vs_M3_Macro_Oil_RegQuality__primary__Oil_Rent_Intensive_Pre2016_ge5pct,Regulatory_Quality_lag1,primary,Inward_FDI_Net_Flow_asinh,Oil_Rent_Intensive_Pre2016_ge5pct,Country_Holdout_CV,fold_0,ElasticNet,0.4368897869030301,1.946339252896428,0.7555691824818522,M2_Macro_Oil,M3_Macro_Oil_RegQuality,0.4392950261328224,1.94447935622478,0.7916375400680078,0.0024052392297922998,-0.001859896671648098,0.036068357586155564
M2_Macro_Oil_vs_M3_Macro_Oil_RegQuality__primary__Oil_Rent_Intensive_Pre2016_ge5pct,Regulatory_Quality_lag1,primary,Inward_FDI_Net_Flow_asinh,Oil_Rent_Intensive_Pre2016_ge5pct,Country_Holdout_CV,fold_0,RandomForest,0.4472351754447912,1.9545760984103184,0.7239554117544102,M2_Macro_Oil,M3_Macro_Oil_RegQuality,0.4523975604033674,1.9583709499845223,0.8704720809616644,0.005162384958576238,0.0037948515742038946,0.14651666920725415
M2_Macro_Oil_vs_M3_Macro_Oil_RegQuality__primary__Oil_Rent_Intensive_Pre2016_ge5pct,Regulatory_Quality_lag1,primary,Inward_FDI_Net_Flow_asinh,Oil_Rent_Intensive_Pre2016_ge5pct,Country_Holdout_CV,fold_0,Ridge,0.4377109219696964,1.939925310805584,0.7492653237130149,M2_Macro_Oil,M3_Macro_Oil_RegQuality,0.4402140714364595,1.9376755251588047,0.7748544524511249,0.0025031494667631105,-0.0022497856467793564,0.025589128738110034
M2_Macro_Oil_vs_M3_Macro_Oil_RegQuality__primary__Oil_Rent_Intensive_Pre2016_ge5pct,Regulatory_Quality_lag1,primary,Inward_FDI_Net_Flow_asinh,Oil_Rent_Intensive_Pre2016_ge5pct,Country_Holdout_CV,fold_1,ElasticNet,0.2544962365836376,2.3376739589592312,1.1745185239542022,M2_Macro_Oil,M3_Macro_Oil_RegQuality,0.2580862333655669,2.31660559827886,1.084033393042969,0.0035899967819292833,-0.021068360680371434,-0.09048513091123311
M2_Macro_Oil_vs_M3_Macro_Oil_RegQuality__primary__Oil_Rent_Intensive_Pre2016_ge5pct,Regulatory_Quality_lag1,primary,Inward_FDI_Net_Flow_asinh,Oil_Rent_Intensive_Pre2016_ge5pct,Country_Holdout_CV,fold_1,RandomForest,0.2170916207062108,2.439744139593149,1.230548889548445,M2_Macro_Oil,M3_Macro_Oil_RegQuality,0.2490528955690928,2.360893415999759,1.1621383071781364,0.031961274862882,-0.07885072359339018,-0.06841058237030873
M2_Macro_Oil_vs_M3_Macro_Oil_RegQuality__primary__Oil_Rent_Intensive_Pre2016_ge5pct,Regulatory_Quality_lag1,primary,Inward_FDI_Net_Flow_asinh,Oil_Rent_Intensive_Pre2016_ge5pct,Country_Holdout_CV,fold_1,Ridge,0.2540628622274857,2.336292818725564,1.1667269588764997,M2_Macro_Oil,M3_Macro_Oil_RegQuality,0.2579004628827144,2.3136818788642404,1.078893141203752,0.003837600655228701,-0.022610939861323676,-0.08783381767274778
M2_Macro_Oil_vs_M3_Macro_Oil_RegQuality__primary__Oil_Rent_Intensive_Pre2016_ge5pct,Regulatory_Quality_lag1,primary,Inward_FDI_Net_Flow_asinh,Oil_Rent_Intensive_Pre2016_ge5pct,Country_Holdout_CV,fold_2,ElasticNet,0.4152913358381807,2.438943051358348,1.170736320245128,M2_Macro_Oil,M3_Macro_Oil_RegQuality,0.4183670898647309,2.4111400673071235,1.130745082786225,0.003075754026550248,-0.02780298405122439,-0.03999123745890287
M2_Macro_Oil_vs_M3_Macro_Oil_RegQuality__primary__Oil_Rent_Intensive_Pre2016_ge5pct,Regulatory_Quality_lag1,primary,Inward_FDI_Net_Flow_asinh,Oil_Rent_Intensive_Pre2016_ge5pct,Country_Holdout_CV,fold_2,RandomForest,0.2898644124162692,3.123786707733485,1.5591266738969851,M2_Macro_Oil,M3_Macro_Oil_RegQuality,0.3325152976098604,2.9208580062486527,1.6642616512200608,0.042650885193591226,-0.20292870148483244,0.10513497732307564
M2_Macro_Oil_vs_M3_Macro_Oil_RegQuality__primary__Oil_Rent_Intensive_Pre2016_ge5pct,Regulatory_Quality_lag1,primary,Inward_FDI_Net_Flow_asinh,Oil_Rent_Intensive_Pre2016_ge5pct,Country_Holdout_CV,fold_2,Ridge,0.4152132534577334,2.434160716237373,1.156972286492909,M2_Macro_Oil,M3_Macro_Oil_RegQuality,0.4185833894295312,2.404020814365452,1.1091604108532227,0.0033701359717978052,-0.030139901871920838,-0.04781187563968636
M2_Macro_Oil_vs_M3_Macro_Oil_RegQuality__primary__Oil_Rent_Intensive_Pre2016_ge5pct,Regulatory_Quality_lag1,primary,Inward_FDI_Net_Flow_asinh,Oil_Rent_Intensive_Pre2016_ge5pct,Country_Holdout_CV,fold_3,ElasticNet,0.3813188385857388,3.1786957947888164,2.0884958221083707,M2_Macro_Oil,M3_Macro_Oil_RegQuality,0.3761077945997131,3.269302326070788,2.382962879881,-0.005211043986025676,0.09060653128197149,0.2944670577726294
M2_Macro_Oil_vs_M3_Macro_Oil_RegQuality__primary__Oil_Rent_Intensive_Pre2016_ge5pct,Regulatory_Quality_lag1,primary,Inward_FDI_Net_Flow_asinh,Oil_Rent_Intensive_Pre2016_ge5pct,Country_Holdout_CV,fold_3,RandomForest,0.3434990513885193,3.300972225863622,2.350188903458756,M2_Macro_Oil,M3_Macro_Oil_RegQuality,0.3274466827451024,3.1870206068990794,2.019089177884511,-0.016052368643416914,-0.11395161896454242,-0.33109972557424516
M2_Macro_Oil_vs_M3_Macro_Oil_RegQuality__primary__Oil_Rent_Intensive_Pre2016_ge5pct,Regulatory_Quality_lag1,primary,Inward_FDI_Net_Flow_asinh,Oil_Rent_Intensive_Pre2016_ge5pct,Country_Holdout_CV,fold_3,Ridge,0.3812539342655046,3.178734325436523,2.098290784262536,M2_Macro_Oil,M3_Macro_Oil_RegQuality,0.373568733210632,3.28342958298514,2.444886427756836,-0.007685201054872581,0.10469525754861708,0.3465956434943003
M2_Macro_Oil_vs_M3_Macro_Oil_RegQuality__primary__Oil_Rent_Intensive_Pre2016_ge5pct,Regulatory_Quality_lag1,primary,Inward_FDI_Net_Flow_asinh,Oil_Rent_Intensive_Pre2016_ge5pct,Country_Holdout_CV,fold_4,ElasticNet,0.1222763244984654,2.266712696230458,0.8532957988095644,M2_Macro_Oil,M3_Macro_Oil_RegQuality,0.1143994997883462,2.2523916694984685,0.8429689515674403,-0.007876824710119204,-0.014321026731989317,-0.010326847242124071
M2_Macro_Oil_vs_M3_Macro_Oil_RegQuality__primary__Oil_Rent_Intensive_Pre2016_ge5pct,Regulatory_Quality_lag1,primary,Inward_FDI_Net_Flow_asinh,Oil_Rent_Intensive_Pre2016_ge5pct,Country_Holdout_CV,fold_4,RandomForest,-0.0996691403380607,3.148643775921112,1.8859564613791324,M2_Macro_Oil,M3_Macro_Oil_RegQuality,-0.0921812892027293,3.21099372464815,1.8175422973006312,0.007487851135331389,0.06234994872703803,-0.0684141640785012
M2_Macro_Oil_vs_M3_Macro_Oil_RegQuality__primary__Oil_Rent_Intensive_Pre2016_ge5pct,Regulatory_Quality_lag1,primary,Inward_FDI_Net_Flow_asinh,Oil_Rent_Intensive_Pre2016_ge5pct,Country_Holdout_CV,fold_4,Ridge,0.1209371321805526,2.2626853807669045,0.8408086687292027,M2_Macro_Oil,M3_Macro_Oil_RegQuality,0.1129796459654997,2.2493052019771618,0.8411298608267641,-0.007957486215052906,-0.013380178789742736,0.0003211920975614291
M2_Macro_Oil_vs_M3_Macro_Oil_RegQuality__primary__Oil_Rent_Intensive_Pre2016_ge5pct,Regulatory_Quality_lag1,primary,Inward_FDI_Net_Flow_asinh,Oil_Rent_Intensive_Pre2016_ge5pct,Future_Period,train_to_2012__test_from_2013,ElasticNet,0.3231055575870101,2.639475671629558,0.6466574030243657,M2_Macro_Oil,M3_Macro_Oil_RegQuality,0.3237889823262959,2.633936982052383,0.6237517634904721,0.0006834247392857873,-0.005538689577175404,-0.022905639533893574
M2_Macro_Oil_vs_M3_Macro_Oil_RegQuality__primary__Oil_Rent_Intensive_Pre2016_ge5pct,Regulatory_Quality_lag1,primary,Inward_FDI_Net_Flow_asinh,Oil_Rent_Intensive_Pre2016_ge5pct,Future_Period,train_to_2012__test_from_2013,RandomForest,0.317711454219994,2.6265700946340877,0.6188645867961275,M2_Macro_Oil,M3_Macro_Oil_RegQuality,0.3035631611934575,2.647184563464271,0.602581286860222,-0.01414829302653653,0.020614468830183252,-0.016283299935905493
M2_Macro_Oil_vs_M3_Macro_Oil_RegQuality__primary__Oil_Rent_Intensive_Pre2016_ge5pct,Regulatory_Quality_lag1,primary,Inward_FDI_Net_Flow_asinh,Oil_Rent_Intensive_Pre2016_ge5pct,Future_Period,train_to_2012__test_from_2013,Ridge,0.3223028038894139,2.638301817519957,0.6336656398001814,M2_Macro_Oil,M3_Macro_Oil_RegQuality,0.3237574422275924,2.6337578486181137,0.623088016202717,0.0014546383381784933,-0.004543968901843165,-0.010577623597464392
M2_Macro_Oil_vs_M3_Macro_Oil_RegQuality__primary__Oil_Rent_Intensive_Pre2016_ge5pct,Regulatory_Quality_lag1,primary,Inward_FDI_Net_Flow_asinh,Oil_Rent_Intensive_Pre2016_ge5pct,Future_Period,train_to_2014__test_from_2015,ElasticNet,0.3415573159245403,2.7191451669712072,0.6767669873312894,M2_Macro_Oil,M3_Macro_Oil_RegQuality,0.3434224127632861,2.7192197040189807,0.6605874520494988,0.0018650968387458056,7.453704777349301e-05,-0.016179535281790614
M2_Macro_Oil_vs_M3_Macro_Oil_RegQuality__primary__Oil_Rent_Intensive_Pre2016_ge5pct,Regulatory_Quality_lag1,primary,Inward_FDI_Net_Flow_asinh,Oil_Rent_Intensive_Pre2016_ge5pct,Future_Period,train_to_2014__test_from_2015,RandomForest,0.3783607577680601,2.718280836176985,0.8275809050692349,M2_Macro_Oil,M3_Macro_Oil_RegQuality,0.3659951067817029,2.711735927064738,0.7080151299759354,-0.012365650986357224,-0.006544909112247144,-0.11956577509329946
M2_Macro_Oil_vs_M3_Macro_Oil_RegQuality__primary__Oil_Rent_Intensive_Pre2016_ge5pct,Regulatory_Quality_lag1,primary,Inward_FDI_Net_Flow_asinh,Oil_Rent_Intensive_Pre2016_ge5pct,Future_Period,train_to_2014__test_from_2015,Ridge,0.3416853811589281,2.7168919693387816,0.6878572422264426,M2_Macro_Oil,M3_Macro_Oil_RegQuality,0.3436740561775355,2.7171779751087963,0.6591297780313061,0.0019886750186073887,0.00028600577001469674,-0.0287274641951365
M2_Macro_Oil_vs_M3_Macro_Oil_RegQuality__primary__Oil_Rent_Intensive_Pre2016_ge5pct,Regulatory_Quality_lag1,primary,Inward_FDI_Net_Flow_asinh,Oil_Rent_Intensive_Pre2016_ge5pct,Future_Period,train_to_2015__test_from_2016,ElasticNet,0.3452233642300294,2.815632007254276,0.7051540326673527,M2_Macro_Oil,M3_Macro_Oil_RegQuality,0.3466630732548705,2.8149800953157453,0.6884058646699422,0.0014397090248410849,-0.0006519119385308692,-0.016748167997410413
M2_Macro_Oil_vs_M3_Macro_Oil_RegQuality__primary__Oil_Rent_Intensive_Pre2016_ge5pct,Regulatory_Quality_lag1,primary,Inward_FDI_Net_Flow_asinh,Oil_Rent_Intensive_Pre2016_ge5pct,Future_Period,train_to_2015__test_from_2016,RandomForest,0.3996185131651544,2.725569572240943,0.7567949429166188,M2_Macro_Oil,M3_Macro_Oil_RegQuality,0.4124842244257222,2.674477101013305,0.8265808512146426,0.012865711260567791,-0.05109247122763838,0.06978590829802389
M2_Macro_Oil_vs_M3_Macro_Oil_RegQuality__primary__Oil_Rent_Intensive_Pre2016_ge5pct,Regulatory_Quality_lag1,primary,Inward_FDI_Net_Flow_asinh,Oil_Rent_Intensive_Pre2016_ge5pct,Future_Period,train_to_2015__test_from_2016,Ridge,0.3453656799063277,2.812985366281326,0.7291778546754344,M2_Macro_Oil,M3_Macro_Oil_RegQuality,0.346899717324454,2.812266509079161,0.6917821401361843,0.0015340374181262995,-0.0007188572021648021,-0.03739571453925006
M2_Macro_Oil_vs_M3_Macro_Oil_RegQuality__primary__Oil_Rent_Intensive_Pre2016_ge5pct,Regulatory_Quality_lag1,primary,Inward_FDI_Net_Flow_asinh,Oil_Rent_Intensive_Pre2016_ge5pct,Future_Period,train_to_2016__test_from_2017,ElasticNet,0.376729358124077,2.8636886514978905,0.7958156944387462,M2_Macro_Oil,M3_Macro_Oil_RegQuality,0.3780669845868194,2.862502312171838,0.7782273374462325,0.0013376264627424361,-0.001186339326052721,-0.01758835699251371
M2_Macro_Oil_vs_M3_Macro_Oil_RegQuality__primary__Oil_Rent_Intensive_Pre2016_ge5pct,Regulatory_Quality_lag1,primary,Inward_FDI_Net_Flow_asinh,Oil_Rent_Intensive_Pre2016_ge5pct,Future_Period,train_to_2016__test_from_2017,RandomForest,0.4422950844353914,2.668000466439646,0.8259301069939822,M2_Macro_Oil,M3_Macro_Oil_RegQuality,0.4432369887400451,2.66835722999184,0.813116646878747,0.0009419043046536846,0.0003567635521939394,-0.012813460115235209
M2_Macro_Oil_vs_M3_Macro_Oil_RegQuality__primary__Oil_Rent_Intensive_Pre2016_ge5pct,Regulatory_Quality_lag1,primary,Inward_FDI_Net_Flow_asinh,Oil_Rent_Intensive_Pre2016_ge5pct,Future_Period,train_to_2016__test_from_2017,Ridge,0.3771544653506332,2.860907769663803,0.7996760291142069,M2_Macro_Oil,M3_Macro_Oil_RegQuality,0.3786118106408761,2.8598063406725296,0.7762883192924264,0.0014573452902429396,-0.001101428991273412,-0.02338770982178051
M2_Macro_Oil_vs_M3_Macro_Oil_RegQuality__primary__Oil_Rent_Intensive_Pre2016_ge5pct,Regulatory_Quality_lag1,primary,Inward_FDI_Net_Flow_asinh,Oil_Rent_Intensive_Pre2016_ge5pct,Future_Period,train_to_2018__test_from_2019,ElasticNet,0.3611939081587735,3.1166414479929894,0.8558013474733261,M2_Macro_Oil,M3_Macro_Oil_RegQuality,0.3630696237444478,3.1202163302337547,0.9180110708406491,0.0018757155856742869,0.003574882240765298,0.062209723367323
M2_Macro_Oil_vs_M3_Macro_Oil_RegQuality__primary__Oil_Rent_Intensive_Pre2016_ge5pct,Regulatory_Quality_lag1,primary,Inward_FDI_Net_Flow_asinh,Oil_Rent_Intensive_Pre2016_ge5pct,Future_Period,train_to_2018__test_from_2019,RandomForest,0.3924561082981083,2.98914909927954,0.9792582208242342,M2_Macro_Oil,M3_Macro_Oil_RegQuality,0.4162834962025427,2.929939827073892,0.8341834237430983,0.023827387904434394,-0.05920927220564787,-0.1450747970811359
M2_Macro_Oil_vs_M3_Macro_Oil_RegQuality__primary__Oil_Rent_Intensive_Pre2016_ge5pct,Regulatory_Quality_lag1,primary,Inward_FDI_Net_Flow_asinh,Oil_Rent_Intensive_Pre2016_ge5pct,Future_Period,train_to_2018__test_from_2019,Ridge,0.3614029604959113,3.114352623306722,0.8858155321039192,M2_Macro_Oil,M3_Macro_Oil_RegQuality,0.3633551682013203,3.118984413186219,0.9452517128278092,0.0019522077054089926,0.0046317898794971946,0.05943618072389001
M2_Macro_Oil_vs_M3_Macro_Oil_RegQuality__raw_ratio_stress__All_Eligible,Regulatory_Quality_lag1,raw_ratio_stress,Inward_FDI_Net_Flow_GDP_Pct,All_Eligible,Country_Holdout_CV,fold_0,ElasticNet,0.2770539096541005,3.6847626364534594,2.3993351814795068,M2_Macro_Oil,M3_Macro_Oil_RegQuality,0.2700841568253537,3.7710443569406777,2.459683592820414,-0.006969752828746789,0.08628172048721838,0.060348411340907404
M2_Macro_Oil_vs_M3_Macro_Oil_RegQuality__raw_ratio_stress__All_Eligible,Regulatory_Quality_lag1,raw_ratio_stress,Inward_FDI_Net_Flow_GDP_Pct,All_Eligible,Country_Holdout_CV,fold_0,RandomForest,-8.153089853084147,6.780454290573277,1.4029083198317682,M2_Macro_Oil,M3_Macro_Oil_RegQuality,-13.063528075346506,7.589521869321176,1.279017139985238,-4.910438222262359,0.8090675787478991,-0.12389117984653031
M2_Macro_Oil_vs_M3_Macro_Oil_RegQuality__raw_ratio_stress__All_Eligible,Regulatory_Quality_lag1,raw_ratio_stress,Inward_FDI_Net_Flow_GDP_Pct,All_Eligible,Country_Holdout_CV,fold_0,Ridge,0.2733244621378631,3.7079475702579976,2.436121142793464,M2_Macro_Oil,M3_Macro_Oil_RegQuality,0.2691040032786549,3.7744981582087656,2.4219138486818803,-0.004220458859208187,0.06655058795076796,-0.014207294111583835
M2_Macro_Oil_vs_M3_Macro_Oil_RegQuality__raw_ratio_stress__All_Eligible,Regulatory_Quality_lag1,raw_ratio_stress,Inward_FDI_Net_Flow_GDP_Pct,All_Eligible,Country_Holdout_CV,fold_1,ElasticNet,0.4364874735568111,3.3692996993727737,2.4721201907863994,M2_Macro_Oil,M3_Macro_Oil_RegQuality,0.452610468237871,3.3138977895148,2.507579311842634,0.016122994681059877,-0.055401909857973664,0.03545912105623472
M2_Macro_Oil_vs_M3_Macro_Oil_RegQuality__raw_ratio_stress__All_Eligible,Regulatory_Quality_lag1,raw_ratio_stress,Inward_FDI_Net_Flow_GDP_Pct,All_Eligible,Country_Holdout_CV,fold_1,RandomForest,0.5236538579132177,2.453463333454317,1.2020402409158948,M2_Macro_Oil,M3_Macro_Oil_RegQuality,0.3266276426619673,2.611990845292503,1.2625192869792334,-0.19702621525125041,0.15852751183818592,0.06047904606333865
M2_Macro_Oil_vs_M3_Macro_Oil_RegQuality__raw_ratio_stress__All_Eligible,Regulatory_Quality_lag1,raw_ratio_stress,Inward_FDI_Net_Flow_GDP_Pct,All_Eligible,Country_Holdout_CV,fold_1,Ridge,0.434935434702807,3.377282864653901,2.501006635588359,M2_Macro_Oil,M3_Macro_Oil_RegQuality,0.4497568943711265,3.3257899825244883,2.5165656671682823,0.014821459668319492,-0.05149288212941272,0.015559031579923221
M2_Macro_Oil_vs_M3_Macro_Oil_RegQuality__raw_ratio_stress__All_Eligible,Regulatory_Quality_lag1,raw_ratio_stress,Inward_FDI_Net_Flow_GDP_Pct,All_Eligible,Country_Holdout_CV,fold_2,ElasticNet,0.3897849593659156,7.771730078324167,2.0931026167311515,M2_Macro_Oil,M3_Macro_Oil_RegQuality,0.3902888666237274,7.755994044770742,2.0907236034799497,0.0005039072578117976,-0.015736033553425344,-0.0023790132512018225
M2_Macro_Oil_vs_M3_Macro_Oil_RegQuality__raw_ratio_stress__All_Eligible,Regulatory_Quality_lag1,raw_ratio_stress,Inward_FDI_Net_Flow_GDP_Pct,All_Eligible,Country_Holdout_CV,fold_2,RandomForest,0.3329103537855966,7.510845266314513,1.493615729886315,M2_Macro_Oil,M3_Macro_Oil_RegQuality,0.3235528819914478,7.529383559410313,1.4375735994938834,-0.009357471794148753,0.018538293095799574,-0.056042130392431666
M2_Macro_Oil_vs_M3_Macro_Oil_RegQuality__raw_ratio_stress__All_Eligible,Regulatory_Quality_lag1,raw_ratio_stress,Inward_FDI_Net_Flow_GDP_Pct,All_Eligible,Country_Holdout_CV,fold_2,Ridge,0.3898061441027491,7.796463082867509,2.122669862799289,M2_Macro_Oil,M3_Macro_Oil_RegQuality,0.3902197097319884,7.777140757596836,2.095753468522765,0.0004135656292392764,-0.019322325270673346,-0.026916394276524258
M2_Macro_Oil_vs_M3_Macro_Oil_RegQuality__raw_ratio_stress__All_Eligible,Regulatory_Quality_lag1,raw_ratio_stress,Inward_FDI_Net_Flow_GDP_Pct,All_Eligible,Country_Holdout_CV,fold_3,ElasticNet,0.0643221924263955,6.249729089575734,1.8349219063743412,M2_Macro_Oil,M3_Macro_Oil_RegQuality,0.0649403888372429,6.234720763507177,1.7864176915633667,0.0006181964108473992,-0.015008326068556954,-0.048504214810974444
M2_Macro_Oil_vs_M3_Macro_Oil_RegQuality__raw_ratio_stress__All_Eligible,Regulatory_Quality_lag1,raw_ratio_stress,Inward_FDI_Net_Flow_GDP_Pct,All_Eligible,Country_Holdout_CV,fold_3,RandomForest,-0.1987192584718284,6.087866684919789,1.4198638648160653,M2_Macro_Oil,M3_Macro_Oil_RegQuality,-0.2731598336939678,6.244754691090457,1.4344458584285849,-0.0744405752221394,0.1568880061706679,0.01458199361251955
M2_Macro_Oil_vs_M3_Macro_Oil_RegQuality__raw_ratio_stress__All_Eligible,Regulatory_Quality_lag1,raw_ratio_stress,Inward_FDI_Net_Flow_GDP_Pct,All_Eligible,Country_Holdout_CV,fold_3,Ridge,0.0625486419185438,6.250952019721535,1.850662935525308,M2_Macro_Oil,M3_Macro_Oil_RegQuality,0.063087255743175,6.233781625056752,1.7828571955820802,0.0005386138246312039,-0.01717039466478365,-0.0678057399432277
M2_Macro_Oil_vs_M3_Macro_Oil_RegQuality__raw_ratio_stress__All_Eligible,Regulatory_Quality_lag1,raw_ratio_stress,Inward_FDI_Net_Flow_GDP_Pct,All_Eligible,Country_Holdout_CV,fold_4,ElasticNet,0.4494387562171583,7.760331416539842,1.694994960083464,M2_Macro_Oil,M3_Macro_Oil_RegQuality,0.4480542182360476,7.988386350039636,1.8482978063895052,-0.0013845379811107117,0.2280549334997941,0.1533028463060413
M2_Macro_Oil_vs_M3_Macro_Oil_RegQuality__raw_ratio_stress__All_Eligible,Regulatory_Quality_lag1,raw_ratio_stress,Inward_FDI_Net_Flow_GDP_Pct,All_Eligible,Country_Holdout_CV,fold_4,RandomForest,0.3821194592412659,7.544628930505412,1.2507019525103815,M2_Macro_Oil,M3_Macro_Oil_RegQuality,0.3875894430008194,7.716537099310726,1.335112455646153,0.005469983759553487,0.1719081688053139,0.08441050313577159
M2_Macro_Oil_vs_M3_Macro_Oil_RegQuality__raw_ratio_stress__All_Eligible,Regulatory_Quality_lag1,raw_ratio_stress,Inward_FDI_Net_Flow_GDP_Pct,All_Eligible,Country_Holdout_CV,fold_4,Ridge,0.4500764616543261,7.758167717099472,1.7101627545229263,M2_Macro_Oil,M3_Macro_Oil_RegQuality,0.4486102842946414,7.988725528169812,1.853868011230736,-0.0014661773596846839,0.2305578110703408,0.14370525670780965
M2_Macro_Oil_vs_M3_Macro_Oil_RegQuality__raw_ratio_stress__All_Eligible,Regulatory_Quality_lag1,raw_ratio_stress,Inward_FDI_Net_Flow_GDP_Pct,All_Eligible,Future_Period,train_to_2012__test_from_2013,ElasticNet,0.2662054958783326,6.988646049672994,1.3892685243626586,M2_Macro_Oil,M3_Macro_Oil_RegQuality,0.2666195812917156,6.940913522442594,1.294600984226686,0.000414085413383003,-0.04773252723039967,-0.09466754013597267
M2_Macro_Oil_vs_M3_Macro_Oil_RegQuality__raw_ratio_stress__All_Eligible,Regulatory_Quality_lag1,raw_ratio_stress,Inward_FDI_Net_Flow_GDP_Pct,All_Eligible,Future_Period,train_to_2012__test_from_2013,RandomForest,0.3443257775463026,6.750619562292143,1.262421456372795,M2_Macro_Oil,M3_Macro_Oil_RegQuality,0.3596977874184704,6.561089286945669,1.269878664678959,0.015372009872167802,-0.18953027534647404,0.0074572083061641425
M2_Macro_Oil_vs_M3_Macro_Oil_RegQuality__raw_ratio_stress__All_Eligible,Regulatory_Quality_lag1,raw_ratio_stress,Inward_FDI_Net_Flow_GDP_Pct,All_Eligible,Future_Period,train_to_2012__test_from_2013,Ridge,0.2638302361813721,6.99121227905109,1.3837362375469202,M2_Macro_Oil,M3_Macro_Oil_RegQuality,0.2641984878332265,6.940859174644269,1.2868104896879606,0.0003682516518544454,-0.05035310440682039,-0.09692574785895958
M2_Macro_Oil_vs_M3_Macro_Oil_RegQuality__raw_ratio_stress__All_Eligible,Regulatory_Quality_lag1,raw_ratio_stress,Inward_FDI_Net_Flow_GDP_Pct,All_Eligible,Future_Period,train_to_2014__test_from_2015,ElasticNet,-0.1548665372973801,7.662543776260489,1.156377083183749,M2_Macro_Oil,M3_Macro_Oil_RegQuality,-0.1546526549637803,7.664025387611073,1.138996597666884,0.00021388233359978526,0.001481611350583556,-0.017380485516864885
M2_Macro_Oil_vs_M3_Macro_Oil_RegQuality__raw_ratio_stress__All_Eligible,Regulatory_Quality_lag1,raw_ratio_stress,Inward_FDI_Net_Flow_GDP_Pct,All_Eligible,Future_Period,train_to_2014__test_from_2015,RandomForest,0.2684197941361083,6.920518864942972,1.1674481954970024,M2_Macro_Oil,M3_Macro_Oil_RegQuality,0.2723727089902726,7.043795441810225,1.1436194158853916,0.003952914854164324,0.12327657686725324,-0.023828779611610784
M2_Macro_Oil_vs_M3_Macro_Oil_RegQuality__raw_ratio_stress__All_Eligible,Regulatory_Quality_lag1,raw_ratio_stress,Inward_FDI_Net_Flow_GDP_Pct,All_Eligible,Future_Period,train_to_2014__test_from_2015,Ridge,-0.1616844312213576,7.675357414525712,1.156512290333669,M2_Macro_Oil,M3_Macro_Oil_RegQuality,-0.1615333705539445,7.675972304758846,1.144112399961083,0.00015106066741307766,0.0006148902331339912,-0.012399890372586153
M2_Macro_Oil_vs_M3_Macro_Oil_RegQuality__raw_ratio_stress__All_Eligible,Regulatory_Quality_lag1,raw_ratio_stress,Inward_FDI_Net_Flow_GDP_Pct,All_Eligible,Future_Period,train_to_2015__test_from_2016,ElasticNet,-3.658110027968245,8.555684817543636,1.25001507910822,M2_Macro_Oil,M3_Macro_Oil_RegQuality,-3.6598860807298967,8.527987524991696,1.243346121812262,-0.0017760527616519362,-0.027697292551939867,-0.006668957295958178
M2_Macro_Oil_vs_M3_Macro_Oil_RegQuality__raw_ratio_stress__All_Eligible,Regulatory_Quality_lag1,raw_ratio_stress,Inward_FDI_Net_Flow_GDP_Pct,All_Eligible,Future_Period,train_to_2015__test_from_2016,RandomForest,-0.7282397401548397,6.962068876863572,1.173024044548208,M2_Macro_Oil,M3_Macro_Oil_RegQuality,-0.6799809424389958,6.950503295311577,1.146621306707819,0.04825879771584396,-0.011565581551995052,-0.026402737840389046
M2_Macro_Oil_vs_M3_Macro_Oil_RegQuality__raw_ratio_stress__All_Eligible,Regulatory_Quality_lag1,raw_ratio_stress,Inward_FDI_Net_Flow_GDP_Pct,All_Eligible,Future_Period,train_to_2015__test_from_2016,Ridge,-3.698346618764024,8.589060002215424,1.260479101638884,M2_Macro_Oil,M3_Macro_Oil_RegQuality,-3.700257062886923,8.559411675919101,1.2582943224046266,-0.00191044412289898,-0.02964832629632319,-0.002184779234257528
M2_Macro_Oil_vs_M3_Macro_Oil_RegQuality__raw_ratio_stress__All_Eligible,Regulatory_Quality_lag1,raw_ratio_stress,Inward_FDI_Net_Flow_GDP_Pct,All_Eligible,Future_Period,train_to_2016__test_from_2017,ElasticNet,0.0801678536552498,6.927907999114678,2.126596736695374,M2_Macro_Oil,M3_Macro_Oil_RegQuality,0.0806264248949222,6.875634653025909,2.0764548075410896,0.0004585712396723979,-0.05227334608876966,-0.050141929154284615
M2_Macro_Oil_vs_M3_Macro_Oil_RegQuality__raw_ratio_stress__All_Eligible,Regulatory_Quality_lag1,raw_ratio_stress,Inward_FDI_Net_Flow_GDP_Pct,All_Eligible,Future_Period,train_to_2016__test_from_2017,RandomForest,-0.0442694571126978,6.371925619782413,1.2118166294956825,M2_Macro_Oil,M3_Macro_Oil_RegQuality,0.0358627839156839,6.39439708709038,1.1749527947734808,0.0801322410283817,0.022471467307966897,-0.03686383472220167
M2_Macro_Oil_vs_M3_Macro_Oil_RegQuality__raw_ratio_stress__All_Eligible,Regulatory_Quality_lag1,raw_ratio_stress,Inward_FDI_Net_Flow_GDP_Pct,All_Eligible,Future_Period,train_to_2016__test_from_2017,Ridge,0.0785219448050171,6.943840177327187,2.149920951705843,M2_Macro_Oil,M3_Macro_Oil_RegQuality,0.0789587280529064,6.89208451680773,2.092155833009845,0.00043678324788928857,-0.05175566051945779,-0.057765118695997764
M2_Macro_Oil_vs_M3_Macro_Oil_RegQuality__raw_ratio_stress__All_Eligible,Regulatory_Quality_lag1,raw_ratio_stress,Inward_FDI_Net_Flow_GDP_Pct,All_Eligible,Future_Period,train_to_2018__test_from_2019,ElasticNet,-0.1643617401978883,7.18909639785413,2.0720023736093576,M2_Macro_Oil,M3_Macro_Oil_RegQuality,-0.1639458133421987,7.142855362763974,2.0992793373582126,0.00041592685568958565,-0.04624103509015587,0.02727696374885502
M2_Macro_Oil_vs_M3_Macro_Oil_RegQuality__raw_ratio_stress__All_Eligible,Regulatory_Quality_lag1,raw_ratio_stress,Inward_FDI_Net_Flow_GDP_Pct,All_Eligible,Future_Period,train_to_2018__test_from_2019,RandomForest,-0.618484864988325,7.001295739368143,1.2571113734837032,M2_Macro_Oil,M3_Macro_Oil_RegQuality,-0.6335221328284708,7.000728532755975,1.2940977862095546,-0.015037267840145807,-0.0005672066121684693,0.03698641272585146
M2_Macro_Oil_vs_M3_Macro_Oil_RegQuality__raw_ratio_stress__All_Eligible,Regulatory_Quality_lag1,raw_ratio_stress,Inward_FDI_Net_Flow_GDP_Pct,All_Eligible,Future_Period,train_to_2018__test_from_2019,Ridge,-0.1679161867307008,7.2061320100304975,2.089240611410426,M2_Macro_Oil,M3_Macro_Oil_RegQuality,-0.1675042737345997,7.157414876431429,2.1008936623014822,0.00041191299610110477,-0.048717133599068596,0.011653050891056171
