sample_id,signal,target_role,universe,validation,split_id,algorithm,comparison_type,threshold_delta_r2,p_delta_r2_gt_threshold
M1_Macro_vs_M2_Macro_Oil__primary__All_Eligible,Oil_Rents_GDP_Pct_lag1,primary,All_Eligible,Country_Holdout_CV,OOF_ALL_FOLDS,Ridge,signal_increment,-0.02,1.0
M1_Macro_vs_M2_Macro_Oil__primary__All_Eligible,Oil_Rents_GDP_Pct_lag1,primary,All_Eligible,Country_Holdout_CV,OOF_ALL_FOLDS,Ridge,signal_increment,-0.0195,1.0
M1_Macro_vs_M2_Macro_Oil__primary__All_Eligible,Oil_Rents_GDP_Pct_lag1,primary,All_Eligible,Country_Holdout_CV,OOF_ALL_FOLDS,Ridge,signal_increment,-0.019,1.0
M1_Macro_vs_M2_Macro_Oil__primary__All_Eligible,Oil_Rents_GDP_Pct_lag1,primary,All_Eligible,Country_Holdout_CV,OOF_ALL_FOLDS,Ridge,signal_increment,-0.0185,1.0
M1_Macro_vs_M2_Macro_Oil__primary__All_Eligible,Oil_Rents_GDP_Pct_lag1,primary,All_Eligible,Country_Holdout_CV,OOF_ALL_FOLDS,Ridge,signal_increment,-0.018,1.0
M1_Macro_vs_M2_Macro_Oil__primary__All_Eligible,Oil_Rents_GDP_Pct_lag1,primary,All_Eligible,Country_Holdout_CV,OOF_ALL_FOLDS,Ridge,signal_increment,-0.017499999999999998,1.0
M1_Macro_vs_M2_Macro_Oil__primary__All_Eligible,Oil_Rents_GDP_Pct_lag1,primary,All_Eligible,Country_Holdout_CV,OOF_ALL_FOLDS,Ridge,signal_increment,-0.016999999999999998,1.0
M1_Macro_vs_M2_Macro_Oil__primary__All_Eligible,Oil_Rents_GDP_Pct_lag1,primary,All_Eligible,Country_Holdout_CV,OOF_ALL_FOLDS,Ridge,signal_increment,-0.016499999999999997,1.0
M1_Macro_vs_M2_Macro_Oil__primary__All_Eligible,Oil_Rents_GDP_Pct_lag1,primary,All_Eligible,Country_Holdout_CV,OOF_ALL_FOLDS,Ridge,signal_increment,-0.015999999999999997,1.0
M1_Macro_vs_M2_Macro_Oil__primary__All_Eligible,Oil_Rents_GDP_Pct_lag1,primary,All_Eligible,Country_Holdout_CV,OOF_ALL_FOLDS,Ridge,signal_increment,-0.015499999999999996,1.0
M1_Macro_vs_M2_Macro_Oil__primary__All_Eligible,Oil_Rents_GDP_Pct_lag1,primary,All_Eligible,Country_Holdout_CV,OOF_ALL_FOLDS,Ridge,signal_increment,-0.014999999999999996,1.0
M1_Macro_vs_M2_Macro_Oil__primary__All_Eligible,Oil_Rents_GDP_Pct_lag1,primary,All_Eligible,Country_Holdout_CV,OOF_ALL_FOLDS,Ridge,signal_increment,-0.014499999999999996,1.0
M1_Macro_vs_M2_Macro_Oil__primary__All_Eligible,Oil_Rents_GDP_Pct_lag1,primary,All_Eligible,Country_Holdout_CV,OOF_ALL_FOLDS,Ridge,signal_increment,-0.013999999999999995,1.0
M1_Macro_vs_M2_Macro_Oil__primary__All_Eligible,Oil_Rents_GDP_Pct_lag1,primary,All_Eligible,Country_Holdout_CV,OOF_ALL_FOLDS,Ridge,signal_increment,-0.013499999999999995,1.0
M1_Macro_vs_M2_Macro_Oil__primary__All_Eligible,Oil_Rents_GDP_Pct_lag1,primary,All_Eligible,Country_Holdout_CV,OOF_ALL_FOLDS,Ridge,signal_increment,-0.012999999999999994,1.0
M1_Macro_vs_M2_Macro_Oil__primary__All_Eligible,Oil_Rents_GDP_Pct_lag1,primary,All_Eligible,Country_Holdout_CV,OOF_ALL_FOLDS,Ridge,signal_increment,-0.012499999999999994,1.0
M1_Macro_vs_M2_Macro_Oil__primary__All_Eligible,Oil_Rents_GDP_Pct_lag1,primary,All_Eligible,Country_Holdout_CV,OOF_ALL_FOLDS,Ridge,signal_increment,-0.011999999999999993,1.0
M1_Macro_vs_M2_Macro_Oil__primary__All_Eligible,Oil_Rents_GDP_Pct_lag1,primary,All_Eligible,Country_Holdout_CV,OOF_ALL_FOLDS,Ridge,signal_increment,-0.011499999999999993,1.0
M1_Macro_vs_M2_Macro_Oil__primary__All_Eligible,Oil_Rents_GDP_Pct_lag1,primary,All_Eligible,Country_Holdout_CV,OOF_ALL_FOLDS,Ridge,signal_increment,-0.010999999999999992,1.0
M1_Macro_vs_M2_Macro_Oil__primary__All_Eligible,Oil_Rents_GDP_Pct_lag1,primary,All_Eligible,Country_Holdout_CV,OOF_ALL_FOLDS,Ridge,signal_increment,-0.010499999999999992,1.0
M1_Macro_vs_M2_Macro_Oil__primary__All_Eligible,Oil_Rents_GDP_Pct_lag1,primary,All_Eligible,Country_Holdout_CV,OOF_ALL_FOLDS,Ridge,signal_increment,-0.009999999999999992,1.0
M1_Macro_vs_M2_Macro_Oil__primary__All_Eligible,Oil_Rents_GDP_Pct_lag1,primary,All_Eligible,Country_Holdout_CV,OOF_ALL_FOLDS,Ridge,signal_increment,-0.009499999999999991,1.0
M1_Macro_vs_M2_Macro_Oil__primary__All_Eligible,Oil_Rents_GDP_Pct_lag1,primary,All_Eligible,Country_Holdout_CV,OOF_ALL_FOLDS,Ridge,signal_increment,-0.00899999999999999,1.0
M1_Macro_vs_M2_Macro_Oil__primary__All_Eligible,Oil_Rents_GDP_Pct_lag1,primary,All_Eligible,Country_Holdout_CV,OOF_ALL_FOLDS,Ridge,signal_increment,-0.00849999999999999,1.0
M1_Macro_vs_M2_Macro_Oil__primary__All_Eligible,Oil_Rents_GDP_Pct_lag1,primary,All_Eligible,Country_Holdout_CV,OOF_ALL_FOLDS,Ridge,signal_increment,-0.00799999999999999,1.0
M1_Macro_vs_M2_Macro_Oil__primary__All_Eligible,Oil_Rents_GDP_Pct_lag1,primary,All_Eligible,Country_Holdout_CV,OOF_ALL_FOLDS,Ridge,signal_increment,-0.007499999999999989,1.0
M1_Macro_vs_M2_Macro_Oil__primary__All_Eligible,Oil_Rents_GDP_Pct_lag1,primary,All_Eligible,Country_Holdout_CV,OOF_ALL_FOLDS,Ridge,signal_increment,-0.006999999999999989,1.0
M1_Macro_vs_M2_Macro_Oil__primary__All_Eligible,Oil_Rents_GDP_Pct_lag1,primary,All_Eligible,Country_Holdout_CV,OOF_ALL_FOLDS,Ridge,signal_increment,-0.006499999999999988,0.9995
M1_Macro_vs_M2_Macro_Oil__primary__All_Eligible,Oil_Rents_GDP_Pct_lag1,primary,All_Eligible,Country_Holdout_CV,OOF_ALL_FOLDS,Ridge,signal_increment,-0.005999999999999988,0.9995
M1_Macro_vs_M2_Macro_Oil__primary__All_Eligible,Oil_Rents_GDP_Pct_lag1,primary,All_Eligible,Country_Holdout_CV,OOF_ALL_FOLDS,Ridge,signal_increment,-0.0054999999999999875,0.9995
M1_Macro_vs_M2_Macro_Oil__primary__All_Eligible,Oil_Rents_GDP_Pct_lag1,primary,All_Eligible,Country_Holdout_CV,OOF_ALL_FOLDS,Ridge,signal_increment,-0.004999999999999987,0.999
M1_Macro_vs_M2_Macro_Oil__primary__All_Eligible,Oil_Rents_GDP_Pct_lag1,primary,All_Eligible,Country_Holdout_CV,OOF_ALL_FOLDS,Ridge,signal_increment,-0.004499999999999987,0.9985
M1_Macro_vs_M2_Macro_Oil__primary__All_Eligible,Oil_Rents_GDP_Pct_lag1,primary,All_Eligible,Country_Holdout_CV,OOF_ALL_FOLDS,Ridge,signal_increment,-0.003999999999999986,0.998
M1_Macro_vs_M2_Macro_Oil__primary__All_Eligible,Oil_Rents_GDP_Pct_lag1,primary,All_Eligible,Country_Holdout_CV,OOF_ALL_FOLDS,Ridge,signal_increment,-0.0034999999999999858,0.9975
M1_Macro_vs_M2_Macro_Oil__primary__All_Eligible,Oil_Rents_GDP_Pct_lag1,primary,All_Eligible,Country_Holdout_CV,OOF_ALL_FOLDS,Ridge,signal_increment,-0.0029999999999999853,0.9975
M1_Macro_vs_M2_Macro_Oil__primary__All_Eligible,Oil_Rents_GDP_Pct_lag1,primary,All_Eligible,Country_Holdout_CV,OOF_ALL_FOLDS,Ridge,signal_increment,-0.002499999999999985,0.997
M1_Macro_vs_M2_Macro_Oil__primary__All_Eligible,Oil_Rents_GDP_Pct_lag1,primary,All_Eligible,Country_Holdout_CV,OOF_ALL_FOLDS,Ridge,signal_increment,-0.0019999999999999844,0.9955
M1_Macro_vs_M2_Macro_Oil__primary__All_Eligible,Oil_Rents_GDP_Pct_lag1,primary,All_Eligible,Country_Holdout_CV,OOF_ALL_FOLDS,Ridge,signal_increment,-0.001499999999999984,0.9945
M1_Macro_vs_M2_Macro_Oil__primary__All_Eligible,Oil_Rents_GDP_Pct_lag1,primary,All_Eligible,Country_Holdout_CV,OOF_ALL_FOLDS,Ridge,signal_increment,-0.0009999999999999835,0.992
M1_Macro_vs_M2_Macro_Oil__primary__All_Eligible,Oil_Rents_GDP_Pct_lag1,primary,All_Eligible,Country_Holdout_CV,OOF_ALL_FOLDS,Ridge,signal_increment,-0.0004999999999999831,0.9875
M1_Macro_vs_M2_Macro_Oil__primary__All_Eligible,Oil_Rents_GDP_Pct_lag1,primary,All_Eligible,Country_Holdout_CV,OOF_ALL_FOLDS,Ridge,signal_increment,1.734723475976807e-17,0.982
M1_Macro_vs_M2_Macro_Oil__primary__All_Eligible,Oil_Rents_GDP_Pct_lag1,primary,All_Eligible,Country_Holdout_CV,OOF_ALL_FOLDS,Ridge,signal_increment,0.0005000000000000178,0.9745
M1_Macro_vs_M2_Macro_Oil__primary__All_Eligible,Oil_Rents_GDP_Pct_lag1,primary,All_Eligible,Country_Holdout_CV,OOF_ALL_FOLDS,Ridge,signal_increment,0.0010000000000000182,0.9635
M1_Macro_vs_M2_Macro_Oil__primary__All_Eligible,Oil_Rents_GDP_Pct_lag1,primary,All_Eligible,Country_Holdout_CV,OOF_ALL_FOLDS,Ridge,signal_increment,0.0015000000000000187,0.95
M1_Macro_vs_M2_Macro_Oil__primary__All_Eligible,Oil_Rents_GDP_Pct_lag1,primary,All_Eligible,Country_Holdout_CV,OOF_ALL_FOLDS,Ridge,signal_increment,0.002000000000000019,0.93
M1_Macro_vs_M2_Macro_Oil__primary__All_Eligible,Oil_Rents_GDP_Pct_lag1,primary,All_Eligible,Country_Holdout_CV,OOF_ALL_FOLDS,Ridge,signal_increment,0.0025000000000000196,0.9105
M1_Macro_vs_M2_Macro_Oil__primary__All_Eligible,Oil_Rents_GDP_Pct_lag1,primary,All_Eligible,Country_Holdout_CV,OOF_ALL_FOLDS,Ridge,signal_increment,0.00300000000000002,0.8905
M1_Macro_vs_M2_Macro_Oil__primary__All_Eligible,Oil_Rents_GDP_Pct_lag1,primary,All_Eligible,Country_Holdout_CV,OOF_ALL_FOLDS,Ridge,signal_increment,0.0035000000000000205,0.8625
M1_Macro_vs_M2_Macro_Oil__primary__All_Eligible,Oil_Rents_GDP_Pct_lag1,primary,All_Eligible,Country_Holdout_CV,OOF_ALL_FOLDS,Ridge,signal_increment,0.004000000000000021,0.839
M1_Macro_vs_M2_Macro_Oil__primary__All_Eligible,Oil_Rents_GDP_Pct_lag1,primary,All_Eligible,Country_Holdout_CV,OOF_ALL_FOLDS,Ridge,signal_increment,0.004500000000000021,0.8115
M1_Macro_vs_M2_Macro_Oil__primary__All_Eligible,Oil_Rents_GDP_Pct_lag1,primary,All_Eligible,Country_Holdout_CV,OOF_ALL_FOLDS,Ridge,signal_increment,0.005000000000000022,0.7825
M1_Macro_vs_M2_Macro_Oil__primary__All_Eligible,Oil_Rents_GDP_Pct_lag1,primary,All_Eligible,Country_Holdout_CV,OOF_ALL_FOLDS,Ridge,signal_increment,0.005500000000000022,0.7435
M1_Macro_vs_M2_Macro_Oil__primary__All_Eligible,Oil_Rents_GDP_Pct_lag1,primary,All_Eligible,Country_Holdout_CV,OOF_ALL_FOLDS,Ridge,signal_increment,0.006000000000000023,0.706
M1_Macro_vs_M2_Macro_Oil__primary__All_Eligible,Oil_Rents_GDP_Pct_lag1,primary,All_Eligible,Country_Holdout_CV,OOF_ALL_FOLDS,Ridge,signal_increment,0.006500000000000023,0.661
M1_Macro_vs_M2_Macro_Oil__primary__All_Eligible,Oil_Rents_GDP_Pct_lag1,primary,All_Eligible,Country_Holdout_CV,OOF_ALL_FOLDS,Ridge,signal_increment,0.0070000000000000236,0.619
M1_Macro_vs_M2_Macro_Oil__primary__All_Eligible,Oil_Rents_GDP_Pct_lag1,primary,All_Eligible,Country_Holdout_CV,OOF_ALL_FOLDS,Ridge,signal_increment,0.007500000000000024,0.5755
M1_Macro_vs_M2_Macro_Oil__primary__All_Eligible,Oil_Rents_GDP_Pct_lag1,primary,All_Eligible,Country_Holdout_CV,OOF_ALL_FOLDS,Ridge,signal_increment,0.008000000000000024,0.5305
M1_Macro_vs_M2_Macro_Oil__primary__All_Eligible,Oil_Rents_GDP_Pct_lag1,primary,All_Eligible,Country_Holdout_CV,OOF_ALL_FOLDS,Ridge,signal_increment,0.008500000000000025,0.4885
M1_Macro_vs_M2_Macro_Oil__primary__All_Eligible,Oil_Rents_GDP_Pct_lag1,primary,All_Eligible,Country_Holdout_CV,OOF_ALL_FOLDS,Ridge,signal_increment,0.009000000000000025,0.4505
M1_Macro_vs_M2_Macro_Oil__primary__All_Eligible,Oil_Rents_GDP_Pct_lag1,primary,All_Eligible,Country_Holdout_CV,OOF_ALL_FOLDS,Ridge,signal_increment,0.009500000000000026,0.4075
M1_Macro_vs_M2_Macro_Oil__primary__All_Eligible,Oil_Rents_GDP_Pct_lag1,primary,All_Eligible,Country_Holdout_CV,OOF_ALL_FOLDS,Ridge,signal_increment,0.010000000000000026,0.3755
M1_Macro_vs_M2_Macro_Oil__primary__All_Eligible,Oil_Rents_GDP_Pct_lag1,primary,All_Eligible,Country_Holdout_CV,OOF_ALL_FOLDS,Ridge,signal_increment,0.010500000000000027,0.3315
M1_Macro_vs_M2_Macro_Oil__primary__All_Eligible,Oil_Rents_GDP_Pct_lag1,primary,All_Eligible,Country_Holdout_CV,OOF_ALL_FOLDS,Ridge,signal_increment,0.011000000000000027,0.2965
M1_Macro_vs_M2_Macro_Oil__primary__All_Eligible,Oil_Rents_GDP_Pct_lag1,primary,All_Eligible,Country_Holdout_CV,OOF_ALL_FOLDS,Ridge,signal_increment,0.011500000000000028,0.2685
M1_Macro_vs_M2_Macro_Oil__primary__All_Eligible,Oil_Rents_GDP_Pct_lag1,primary,All_Eligible,Country_Holdout_CV,OOF_ALL_FOLDS,Ridge,signal_increment,0.012000000000000028,0.234
M1_Macro_vs_M2_Macro_Oil__primary__All_Eligible,Oil_Rents_GDP_Pct_lag1,primary,All_Eligible,Country_Holdout_CV,OOF_ALL_FOLDS,Ridge,signal_increment,0.012500000000000028,0.205
M1_Macro_vs_M2_Macro_Oil__primary__All_Eligible,Oil_Rents_GDP_Pct_lag1,primary,All_Eligible,Country_Holdout_CV,OOF_ALL_FOLDS,Ridge,signal_increment,0.013000000000000029,0.1785
M1_Macro_vs_M2_Macro_Oil__primary__All_Eligible,Oil_Rents_GDP_Pct_lag1,primary,All_Eligible,Country_Holdout_CV,OOF_ALL_FOLDS,Ridge,signal_increment,0.01350000000000003,0.15
M1_Macro_vs_M2_Macro_Oil__primary__All_Eligible,Oil_Rents_GDP_Pct_lag1,primary,All_Eligible,Country_Holdout_CV,OOF_ALL_FOLDS,Ridge,signal_increment,0.01400000000000003,0.1325
M1_Macro_vs_M2_Macro_Oil__primary__All_Eligible,Oil_Rents_GDP_Pct_lag1,primary,All_Eligible,Country_Holdout_CV,OOF_ALL_FOLDS,Ridge,signal_increment,0.01450000000000003,0.111
M1_Macro_vs_M2_Macro_Oil__primary__All_Eligible,Oil_Rents_GDP_Pct_lag1,primary,All_Eligible,Country_Holdout_CV,OOF_ALL_FOLDS,Ridge,signal_increment,0.01500000000000003,0.0915
M1_Macro_vs_M2_Macro_Oil__primary__All_Eligible,Oil_Rents_GDP_Pct_lag1,primary,All_Eligible,Country_Holdout_CV,OOF_ALL_FOLDS,Ridge,signal_increment,0.015500000000000031,0.0775
M1_Macro_vs_M2_Macro_Oil__primary__All_Eligible,Oil_Rents_GDP_Pct_lag1,primary,All_Eligible,Country_Holdout_CV,OOF_ALL_FOLDS,Ridge,signal_increment,0.01600000000000003,0.0635
M1_Macro_vs_M2_Macro_Oil__primary__All_Eligible,Oil_Rents_GDP_Pct_lag1,primary,All_Eligible,Country_Holdout_CV,OOF_ALL_FOLDS,Ridge,signal_increment,0.016500000000000032,0.057
M1_Macro_vs_M2_Macro_Oil__primary__All_Eligible,Oil_Rents_GDP_Pct_lag1,primary,All_Eligible,Country_Holdout_CV,OOF_ALL_FOLDS,Ridge,signal_increment,0.017000000000000032,0.0465
M1_Macro_vs_M2_Macro_Oil__primary__All_Eligible,Oil_Rents_GDP_Pct_lag1,primary,All_Eligible,Country_Holdout_CV,OOF_ALL_FOLDS,Ridge,signal_increment,0.017500000000000033,0.0385
M1_Macro_vs_M2_Macro_Oil__primary__All_Eligible,Oil_Rents_GDP_Pct_lag1,primary,All_Eligible,Country_Holdout_CV,OOF_ALL_FOLDS,Ridge,signal_increment,0.018000000000000033,0.0295
M1_Macro_vs_M2_Macro_Oil__primary__All_Eligible,Oil_Rents_GDP_Pct_lag1,primary,All_Eligible,Country_Holdout_CV,OOF_ALL_FOLDS,Ridge,signal_increment,0.018500000000000034,0.023
M1_Macro_vs_M2_Macro_Oil__primary__All_Eligible,Oil_Rents_GDP_Pct_lag1,primary,All_Eligible,Country_Holdout_CV,OOF_ALL_FOLDS,Ridge,signal_increment,0.019000000000000034,0.0195
M1_Macro_vs_M2_Macro_Oil__primary__All_Eligible,Oil_Rents_GDP_Pct_lag1,primary,All_Eligible,Country_Holdout_CV,OOF_ALL_FOLDS,Ridge,signal_increment,0.019500000000000035,0.017
M1_Macro_vs_M2_Macro_Oil__primary__All_Eligible,Oil_Rents_GDP_Pct_lag1,primary,All_Eligible,Country_Holdout_CV,OOF_ALL_FOLDS,Ridge,signal_increment,0.020000000000000035,0.0105
M1_Macro_vs_M2_Macro_Oil__primary__All_Eligible,Oil_Rents_GDP_Pct_lag1,primary,All_Eligible,Country_Holdout_CV,OOF_ALL_FOLDS,Ridge,signal_increment,0.020500000000000036,0.0085
M1_Macro_vs_M2_Macro_Oil__primary__All_Eligible,Oil_Rents_GDP_Pct_lag1,primary,All_Eligible,Country_Holdout_CV,OOF_ALL_FOLDS,Ridge,signal_increment,0.021000000000000036,0.007
M1_Macro_vs_M2_Macro_Oil__primary__All_Eligible,Oil_Rents_GDP_Pct_lag1,primary,All_Eligible,Country_Holdout_CV,OOF_ALL_FOLDS,Ridge,signal_increment,0.021500000000000036,0.0055
M1_Macro_vs_M2_Macro_Oil__primary__All_Eligible,Oil_Rents_GDP_Pct_lag1,primary,All_Eligible,Country_Holdout_CV,OOF_ALL_FOLDS,Ridge,signal_increment,0.022000000000000037,0.005
M1_Macro_vs_M2_Macro_Oil__primary__All_Eligible,Oil_Rents_GDP_Pct_lag1,primary,All_Eligible,Country_Holdout_CV,OOF_ALL_FOLDS,Ridge,signal_increment,0.022500000000000037,0.0035
M1_Macro_vs_M2_Macro_Oil__primary__All_Eligible,Oil_Rents_GDP_Pct_lag1,primary,All_Eligible,Country_Holdout_CV,OOF_ALL_FOLDS,Ridge,signal_increment,0.023000000000000038,0.0015
M1_Macro_vs_M2_Macro_Oil__primary__All_Eligible,Oil_Rents_GDP_Pct_lag1,primary,All_Eligible,Country_Holdout_CV,OOF_ALL_FOLDS,Ridge,signal_increment,0.023500000000000038,0.0015
M1_Macro_vs_M2_Macro_Oil__primary__All_Eligible,Oil_Rents_GDP_Pct_lag1,primary,All_Eligible,Country_Holdout_CV,OOF_ALL_FOLDS,Ridge,signal_increment,0.02400000000000004,0.0015
M1_Macro_vs_M2_Macro_Oil__primary__All_Eligible,Oil_Rents_GDP_Pct_lag1,primary,All_Eligible,Country_Holdout_CV,OOF_ALL_FOLDS,Ridge,signal_increment,0.02450000000000004,0.001
M1_Macro_vs_M2_Macro_Oil__primary__All_Eligible,Oil_Rents_GDP_Pct_lag1,primary,All_Eligible,Country_Holdout_CV,OOF_ALL_FOLDS,Ridge,signal_increment,0.02500000000000004,0.0
M1_Macro_vs_M2_Macro_Oil__primary__All_Eligible,Oil_Rents_GDP_Pct_lag1,primary,All_Eligible,Country_Holdout_CV,OOF_ALL_FOLDS,Ridge,signal_increment,0.02550000000000004,0.0
M1_Macro_vs_M2_Macro_Oil__primary__All_Eligible,Oil_Rents_GDP_Pct_lag1,primary,All_Eligible,Country_Holdout_CV,OOF_ALL_FOLDS,Ridge,signal_increment,0.02600000000000004,0.0
M1_Macro_vs_M2_Macro_Oil__primary__All_Eligible,Oil_Rents_GDP_Pct_lag1,primary,All_Eligible,Country_Holdout_CV,OOF_ALL_FOLDS,Ridge,signal_increment,0.02650000000000004,0.0
M1_Macro_vs_M2_Macro_Oil__primary__All_Eligible,Oil_Rents_GDP_Pct_lag1,primary,All_Eligible,Country_Holdout_CV,OOF_ALL_FOLDS,Ridge,signal_increment,0.02700000000000004,0.0
M1_Macro_vs_M2_Macro_Oil__primary__All_Eligible,Oil_Rents_GDP_Pct_lag1,primary,All_Eligible,Country_Holdout_CV,OOF_ALL_FOLDS,Ridge,signal_increment,0.027500000000000042,0.0
M1_Macro_vs_M2_Macro_Oil__primary__All_Eligible,Oil_Rents_GDP_Pct_lag1,primary,All_Eligible,Country_Holdout_CV,OOF_ALL_FOLDS,Ridge,signal_increment,0.028000000000000042,0.0
M1_Macro_vs_M2_Macro_Oil__primary__All_Eligible,Oil_Rents_GDP_Pct_lag1,primary,All_Eligible,Country_Holdout_CV,OOF_ALL_FOLDS,Ridge,signal_increment,0.028500000000000043,0.0
M1_Macro_vs_M2_Macro_Oil__primary__All_Eligible,Oil_Rents_GDP_Pct_lag1,primary,All_Eligible,Country_Holdout_CV,OOF_ALL_FOLDS,Ridge,signal_increment,0.029000000000000043,0.0
M1_Macro_vs_M2_Macro_Oil__primary__All_Eligible,Oil_Rents_GDP_Pct_lag1,primary,All_Eligible,Country_Holdout_CV,OOF_ALL_FOLDS,Ridge,signal_increment,0.029500000000000044,0.0
M1_Macro_vs_M2_Macro_Oil__primary__All_Eligible,Oil_Rents_GDP_Pct_lag1,primary,All_Eligible,Country_Holdout_CV,OOF_ALL_FOLDS,Ridge,signal_increment,0.030000000000000044,0.0
M1_Macro_vs_M2_Macro_Oil__primary__All_Eligible,Oil_Rents_GDP_Pct_lag1,primary,All_Eligible,Country_Holdout_CV,OOF_ALL_FOLDS,Ridge,added_model_vs_strongest_benchmark,-0.02,1.0
M1_Macro_vs_M2_Macro_Oil__primary__All_Eligible,Oil_Rents_GDP_Pct_lag1,primary,All_Eligible,Country_Holdout_CV,OOF_ALL_FOLDS,Ridge,added_model_vs_strongest_benchmark,-0.0195,1.0
M1_Macro_vs_M2_Macro_Oil__primary__All_Eligible,Oil_Rents_GDP_Pct_lag1,primary,All_Eligible,Country_Holdout_CV,OOF_ALL_FOLDS,Ridge,added_model_vs_strongest_benchmark,-0.019,1.0
M1_Macro_vs_M2_Macro_Oil__primary__All_Eligible,Oil_Rents_GDP_Pct_lag1,primary,All_Eligible,Country_Holdout_CV,OOF_ALL_FOLDS,Ridge,added_model_vs_strongest_benchmark,-0.0185,1.0
M1_Macro_vs_M2_Macro_Oil__primary__All_Eligible,Oil_Rents_GDP_Pct_lag1,primary,All_Eligible,Country_Holdout_CV,OOF_ALL_FOLDS,Ridge,added_model_vs_strongest_benchmark,-0.018,1.0
M1_Macro_vs_M2_Macro_Oil__primary__All_Eligible,Oil_Rents_GDP_Pct_lag1,primary,All_Eligible,Country_Holdout_CV,OOF_ALL_FOLDS,Ridge,added_model_vs_strongest_benchmark,-0.017499999999999998,1.0
M1_Macro_vs_M2_Macro_Oil__primary__All_Eligible,Oil_Rents_GDP_Pct_lag1,primary,All_Eligible,Country_Holdout_CV,OOF_ALL_FOLDS,Ridge,added_model_vs_strongest_benchmark,-0.016999999999999998,1.0
M1_Macro_vs_M2_Macro_Oil__primary__All_Eligible,Oil_Rents_GDP_Pct_lag1,primary,All_Eligible,Country_Holdout_CV,OOF_ALL_FOLDS,Ridge,added_model_vs_strongest_benchmark,-0.016499999999999997,1.0
M1_Macro_vs_M2_Macro_Oil__primary__All_Eligible,Oil_Rents_GDP_Pct_lag1,primary,All_Eligible,Country_Holdout_CV,OOF_ALL_FOLDS,Ridge,added_model_vs_strongest_benchmark,-0.015999999999999997,1.0
M1_Macro_vs_M2_Macro_Oil__primary__All_Eligible,Oil_Rents_GDP_Pct_lag1,primary,All_Eligible,Country_Holdout_CV,OOF_ALL_FOLDS,Ridge,added_model_vs_strongest_benchmark,-0.015499999999999996,1.0
M1_Macro_vs_M2_Macro_Oil__primary__All_Eligible,Oil_Rents_GDP_Pct_lag1,primary,All_Eligible,Country_Holdout_CV,OOF_ALL_FOLDS,Ridge,added_model_vs_strongest_benchmark,-0.014999999999999996,1.0
M1_Macro_vs_M2_Macro_Oil__primary__All_Eligible,Oil_Rents_GDP_Pct_lag1,primary,All_Eligible,Country_Holdout_CV,OOF_ALL_FOLDS,Ridge,added_model_vs_strongest_benchmark,-0.014499999999999996,1.0
M1_Macro_vs_M2_Macro_Oil__primary__All_Eligible,Oil_Rents_GDP_Pct_lag1,primary,All_Eligible,Country_Holdout_CV,OOF_ALL_FOLDS,Ridge,added_model_vs_strongest_benchmark,-0.013999999999999995,1.0
M1_Macro_vs_M2_Macro_Oil__primary__All_Eligible,Oil_Rents_GDP_Pct_lag1,primary,All_Eligible,Country_Holdout_CV,OOF_ALL_FOLDS,Ridge,added_model_vs_strongest_benchmark,-0.013499999999999995,1.0
M1_Macro_vs_M2_Macro_Oil__primary__All_Eligible,Oil_Rents_GDP_Pct_lag1,primary,All_Eligible,Country_Holdout_CV,OOF_ALL_FOLDS,Ridge,added_model_vs_strongest_benchmark,-0.012999999999999994,1.0
M1_Macro_vs_M2_Macro_Oil__primary__All_Eligible,Oil_Rents_GDP_Pct_lag1,primary,All_Eligible,Country_Holdout_CV,OOF_ALL_FOLDS,Ridge,added_model_vs_strongest_benchmark,-0.012499999999999994,1.0
M1_Macro_vs_M2_Macro_Oil__primary__All_Eligible,Oil_Rents_GDP_Pct_lag1,primary,All_Eligible,Country_Holdout_CV,OOF_ALL_FOLDS,Ridge,added_model_vs_strongest_benchmark,-0.011999999999999993,1.0
M1_Macro_vs_M2_Macro_Oil__primary__All_Eligible,Oil_Rents_GDP_Pct_lag1,primary,All_Eligible,Country_Holdout_CV,OOF_ALL_FOLDS,Ridge,added_model_vs_strongest_benchmark,-0.011499999999999993,1.0
M1_Macro_vs_M2_Macro_Oil__primary__All_Eligible,Oil_Rents_GDP_Pct_lag1,primary,All_Eligible,Country_Holdout_CV,OOF_ALL_FOLDS,Ridge,added_model_vs_strongest_benchmark,-0.010999999999999992,1.0
M1_Macro_vs_M2_Macro_Oil__primary__All_Eligible,Oil_Rents_GDP_Pct_lag1,primary,All_Eligible,Country_Holdout_CV,OOF_ALL_FOLDS,Ridge,added_model_vs_strongest_benchmark,-0.010499999999999992,1.0
M1_Macro_vs_M2_Macro_Oil__primary__All_Eligible,Oil_Rents_GDP_Pct_lag1,primary,All_Eligible,Country_Holdout_CV,OOF_ALL_FOLDS,Ridge,added_model_vs_strongest_benchmark,-0.009999999999999992,1.0
M1_Macro_vs_M2_Macro_Oil__primary__All_Eligible,Oil_Rents_GDP_Pct_lag1,primary,All_Eligible,Country_Holdout_CV,OOF_ALL_FOLDS,Ridge,added_model_vs_strongest_benchmark,-0.009499999999999991,1.0
M1_Macro_vs_M2_Macro_Oil__primary__All_Eligible,Oil_Rents_GDP_Pct_lag1,primary,All_Eligible,Country_Holdout_CV,OOF_ALL_FOLDS,Ridge,added_model_vs_strongest_benchmark,-0.00899999999999999,1.0
M1_Macro_vs_M2_Macro_Oil__primary__All_Eligible,Oil_Rents_GDP_Pct_lag1,primary,All_Eligible,Country_Holdout_CV,OOF_ALL_FOLDS,Ridge,added_model_vs_strongest_benchmark,-0.00849999999999999,1.0
M1_Macro_vs_M2_Macro_Oil__primary__All_Eligible,Oil_Rents_GDP_Pct_lag1,primary,All_Eligible,Country_Holdout_CV,OOF_ALL_FOLDS,Ridge,added_model_vs_strongest_benchmark,-0.00799999999999999,1.0
M1_Macro_vs_M2_Macro_Oil__primary__All_Eligible,Oil_Rents_GDP_Pct_lag1,primary,All_Eligible,Country_Holdout_CV,OOF_ALL_FOLDS,Ridge,added_model_vs_strongest_benchmark,-0.007499999999999989,1.0
M1_Macro_vs_M2_Macro_Oil__primary__All_Eligible,Oil_Rents_GDP_Pct_lag1,primary,All_Eligible,Country_Holdout_CV,OOF_ALL_FOLDS,Ridge,added_model_vs_strongest_benchmark,-0.006999999999999989,1.0
M1_Macro_vs_M2_Macro_Oil__primary__All_Eligible,Oil_Rents_GDP_Pct_lag1,primary,All_Eligible,Country_Holdout_CV,OOF_ALL_FOLDS,Ridge,added_model_vs_strongest_benchmark,-0.006499999999999988,1.0
M1_Macro_vs_M2_Macro_Oil__primary__All_Eligible,Oil_Rents_GDP_Pct_lag1,primary,All_Eligible,Country_Holdout_CV,OOF_ALL_FOLDS,Ridge,added_model_vs_strongest_benchmark,-0.005999999999999988,1.0
M1_Macro_vs_M2_Macro_Oil__primary__All_Eligible,Oil_Rents_GDP_Pct_lag1,primary,All_Eligible,Country_Holdout_CV,OOF_ALL_FOLDS,Ridge,added_model_vs_strongest_benchmark,-0.0054999999999999875,1.0
M1_Macro_vs_M2_Macro_Oil__primary__All_Eligible,Oil_Rents_GDP_Pct_lag1,primary,All_Eligible,Country_Holdout_CV,OOF_ALL_FOLDS,Ridge,added_model_vs_strongest_benchmark,-0.004999999999999987,1.0
M1_Macro_vs_M2_Macro_Oil__primary__All_Eligible,Oil_Rents_GDP_Pct_lag1,primary,All_Eligible,Country_Holdout_CV,OOF_ALL_FOLDS,Ridge,added_model_vs_strongest_benchmark,-0.004499999999999987,1.0
M1_Macro_vs_M2_Macro_Oil__primary__All_Eligible,Oil_Rents_GDP_Pct_lag1,primary,All_Eligible,Country_Holdout_CV,OOF_ALL_FOLDS,Ridge,added_model_vs_strongest_benchmark,-0.003999999999999986,1.0
M1_Macro_vs_M2_Macro_Oil__primary__All_Eligible,Oil_Rents_GDP_Pct_lag1,primary,All_Eligible,Country_Holdout_CV,OOF_ALL_FOLDS,Ridge,added_model_vs_strongest_benchmark,-0.0034999999999999858,1.0
M1_Macro_vs_M2_Macro_Oil__primary__All_Eligible,Oil_Rents_GDP_Pct_lag1,primary,All_Eligible,Country_Holdout_CV,OOF_ALL_FOLDS,Ridge,added_model_vs_strongest_benchmark,-0.0029999999999999853,1.0
M1_Macro_vs_M2_Macro_Oil__primary__All_Eligible,Oil_Rents_GDP_Pct_lag1,primary,All_Eligible,Country_Holdout_CV,OOF_ALL_FOLDS,Ridge,added_model_vs_strongest_benchmark,-0.002499999999999985,1.0
M1_Macro_vs_M2_Macro_Oil__primary__All_Eligible,Oil_Rents_GDP_Pct_lag1,primary,All_Eligible,Country_Holdout_CV,OOF_ALL_FOLDS,Ridge,added_model_vs_strongest_benchmark,-0.0019999999999999844,1.0
M1_Macro_vs_M2_Macro_Oil__primary__All_Eligible,Oil_Rents_GDP_Pct_lag1,primary,All_Eligible,Country_Holdout_CV,OOF_ALL_FOLDS,Ridge,added_model_vs_strongest_benchmark,-0.001499999999999984,1.0
M1_Macro_vs_M2_Macro_Oil__primary__All_Eligible,Oil_Rents_GDP_Pct_lag1,primary,All_Eligible,Country_Holdout_CV,OOF_ALL_FOLDS,Ridge,added_model_vs_strongest_benchmark,-0.0009999999999999835,1.0
M1_Macro_vs_M2_Macro_Oil__primary__All_Eligible,Oil_Rents_GDP_Pct_lag1,primary,All_Eligible,Country_Holdout_CV,OOF_ALL_FOLDS,Ridge,added_model_vs_strongest_benchmark,-0.0004999999999999831,1.0
M1_Macro_vs_M2_Macro_Oil__primary__All_Eligible,Oil_Rents_GDP_Pct_lag1,primary,All_Eligible,Country_Holdout_CV,OOF_ALL_FOLDS,Ridge,added_model_vs_strongest_benchmark,1.734723475976807e-17,1.0
M1_Macro_vs_M2_Macro_Oil__primary__All_Eligible,Oil_Rents_GDP_Pct_lag1,primary,All_Eligible,Country_Holdout_CV,OOF_ALL_FOLDS,Ridge,added_model_vs_strongest_benchmark,0.0005000000000000178,1.0
M1_Macro_vs_M2_Macro_Oil__primary__All_Eligible,Oil_Rents_GDP_Pct_lag1,primary,All_Eligible,Country_Holdout_CV,OOF_ALL_FOLDS,Ridge,added_model_vs_strongest_benchmark,0.0010000000000000182,1.0
M1_Macro_vs_M2_Macro_Oil__primary__All_Eligible,Oil_Rents_GDP_Pct_lag1,primary,All_Eligible,Country_Holdout_CV,OOF_ALL_FOLDS,Ridge,added_model_vs_strongest_benchmark,0.0015000000000000187,1.0
M1_Macro_vs_M2_Macro_Oil__primary__All_Eligible,Oil_Rents_GDP_Pct_lag1,primary,All_Eligible,Country_Holdout_CV,OOF_ALL_FOLDS,Ridge,added_model_vs_strongest_benchmark,0.002000000000000019,1.0
M1_Macro_vs_M2_Macro_Oil__primary__All_Eligible,Oil_Rents_GDP_Pct_lag1,primary,All_Eligible,Country_Holdout_CV,OOF_ALL_FOLDS,Ridge,added_model_vs_strongest_benchmark,0.0025000000000000196,1.0
M1_Macro_vs_M2_Macro_Oil__primary__All_Eligible,Oil_Rents_GDP_Pct_lag1,primary,All_Eligible,Country_Holdout_CV,OOF_ALL_FOLDS,Ridge,added_model_vs_strongest_benchmark,0.00300000000000002,1.0
M1_Macro_vs_M2_Macro_Oil__primary__All_Eligible,Oil_Rents_GDP_Pct_lag1,primary,All_Eligible,Country_Holdout_CV,OOF_ALL_FOLDS,Ridge,added_model_vs_strongest_benchmark,0.0035000000000000205,1.0
M1_Macro_vs_M2_Macro_Oil__primary__All_Eligible,Oil_Rents_GDP_Pct_lag1,primary,All_Eligible,Country_Holdout_CV,OOF_ALL_FOLDS,Ridge,added_model_vs_strongest_benchmark,0.004000000000000021,1.0
M1_Macro_vs_M2_Macro_Oil__primary__All_Eligible,Oil_Rents_GDP_Pct_lag1,primary,All_Eligible,Country_Holdout_CV,OOF_ALL_FOLDS,Ridge,added_model_vs_strongest_benchmark,0.004500000000000021,1.0
M1_Macro_vs_M2_Macro_Oil__primary__All_Eligible,Oil_Rents_GDP_Pct_lag1,primary,All_Eligible,Country_Holdout_CV,OOF_ALL_FOLDS,Ridge,added_model_vs_strongest_benchmark,0.005000000000000022,1.0
M1_Macro_vs_M2_Macro_Oil__primary__All_Eligible,Oil_Rents_GDP_Pct_lag1,primary,All_Eligible,Country_Holdout_CV,OOF_ALL_FOLDS,Ridge,added_model_vs_strongest_benchmark,0.005500000000000022,1.0
M1_Macro_vs_M2_Macro_Oil__primary__All_Eligible,Oil_Rents_GDP_Pct_lag1,primary,All_Eligible,Country_Holdout_CV,OOF_ALL_FOLDS,Ridge,added_model_vs_strongest_benchmark,0.006000000000000023,1.0
M1_Macro_vs_M2_Macro_Oil__primary__All_Eligible,Oil_Rents_GDP_Pct_lag1,primary,All_Eligible,Country_Holdout_CV,OOF_ALL_FOLDS,Ridge,added_model_vs_strongest_benchmark,0.006500000000000023,1.0
M1_Macro_vs_M2_Macro_Oil__primary__All_Eligible,Oil_Rents_GDP_Pct_lag1,primary,All_Eligible,Country_Holdout_CV,OOF_ALL_FOLDS,Ridge,added_model_vs_strongest_benchmark,0.0070000000000000236,1.0
M1_Macro_vs_M2_Macro_Oil__primary__All_Eligible,Oil_Rents_GDP_Pct_lag1,primary,All_Eligible,Country_Holdout_CV,OOF_ALL_FOLDS,Ridge,added_model_vs_strongest_benchmark,0.007500000000000024,1.0
M1_Macro_vs_M2_Macro_Oil__primary__All_Eligible,Oil_Rents_GDP_Pct_lag1,primary,All_Eligible,Country_Holdout_CV,OOF_ALL_FOLDS,Ridge,added_model_vs_strongest_benchmark,0.008000000000000024,1.0
M1_Macro_vs_M2_Macro_Oil__primary__All_Eligible,Oil_Rents_GDP_Pct_lag1,primary,All_Eligible,Country_Holdout_CV,OOF_ALL_FOLDS,Ridge,added_model_vs_strongest_benchmark,0.008500000000000025,1.0
M1_Macro_vs_M2_Macro_Oil__primary__All_Eligible,Oil_Rents_GDP_Pct_lag1,primary,All_Eligible,Country_Holdout_CV,OOF_ALL_FOLDS,Ridge,added_model_vs_strongest_benchmark,0.009000000000000025,1.0
M1_Macro_vs_M2_Macro_Oil__primary__All_Eligible,Oil_Rents_GDP_Pct_lag1,primary,All_Eligible,Country_Holdout_CV,OOF_ALL_FOLDS,Ridge,added_model_vs_strongest_benchmark,0.009500000000000026,1.0
M1_Macro_vs_M2_Macro_Oil__primary__All_Eligible,Oil_Rents_GDP_Pct_lag1,primary,All_Eligible,Country_Holdout_CV,OOF_ALL_FOLDS,Ridge,added_model_vs_strongest_benchmark,0.010000000000000026,1.0
M1_Macro_vs_M2_Macro_Oil__primary__All_Eligible,Oil_Rents_GDP_Pct_lag1,primary,All_Eligible,Country_Holdout_CV,OOF_ALL_FOLDS,Ridge,added_model_vs_strongest_benchmark,0.010500000000000027,1.0
M1_Macro_vs_M2_Macro_Oil__primary__All_Eligible,Oil_Rents_GDP_Pct_lag1,primary,All_Eligible,Country_Holdout_CV,OOF_ALL_FOLDS,Ridge,added_model_vs_strongest_benchmark,0.011000000000000027,1.0
M1_Macro_vs_M2_Macro_Oil__primary__All_Eligible,Oil_Rents_GDP_Pct_lag1,primary,All_Eligible,Country_Holdout_CV,OOF_ALL_FOLDS,Ridge,added_model_vs_strongest_benchmark,0.011500000000000028,1.0
M1_Macro_vs_M2_Macro_Oil__primary__All_Eligible,Oil_Rents_GDP_Pct_lag1,primary,All_Eligible,Country_Holdout_CV,OOF_ALL_FOLDS,Ridge,added_model_vs_strongest_benchmark,0.012000000000000028,1.0
M1_Macro_vs_M2_Macro_Oil__primary__All_Eligible,Oil_Rents_GDP_Pct_lag1,primary,All_Eligible,Country_Holdout_CV,OOF_ALL_FOLDS,Ridge,added_model_vs_strongest_benchmark,0.012500000000000028,1.0
M1_Macro_vs_M2_Macro_Oil__primary__All_Eligible,Oil_Rents_GDP_Pct_lag1,primary,All_Eligible,Country_Holdout_CV,OOF_ALL_FOLDS,Ridge,added_model_vs_strongest_benchmark,0.013000000000000029,1.0
M1_Macro_vs_M2_Macro_Oil__primary__All_Eligible,Oil_Rents_GDP_Pct_lag1,primary,All_Eligible,Country_Holdout_CV,OOF_ALL_FOLDS,Ridge,added_model_vs_strongest_benchmark,0.01350000000000003,1.0
M1_Macro_vs_M2_Macro_Oil__primary__All_Eligible,Oil_Rents_GDP_Pct_lag1,primary,All_Eligible,Country_Holdout_CV,OOF_ALL_FOLDS,Ridge,added_model_vs_strongest_benchmark,0.01400000000000003,1.0
M1_Macro_vs_M2_Macro_Oil__primary__All_Eligible,Oil_Rents_GDP_Pct_lag1,primary,All_Eligible,Country_Holdout_CV,OOF_ALL_FOLDS,Ridge,added_model_vs_strongest_benchmark,0.01450000000000003,1.0
M1_Macro_vs_M2_Macro_Oil__primary__All_Eligible,Oil_Rents_GDP_Pct_lag1,primary,All_Eligible,Country_Holdout_CV,OOF_ALL_FOLDS,Ridge,added_model_vs_strongest_benchmark,0.01500000000000003,1.0
M1_Macro_vs_M2_Macro_Oil__primary__All_Eligible,Oil_Rents_GDP_Pct_lag1,primary,All_Eligible,Country_Holdout_CV,OOF_ALL_FOLDS,Ridge,added_model_vs_strongest_benchmark,0.015500000000000031,1.0
M1_Macro_vs_M2_Macro_Oil__primary__All_Eligible,Oil_Rents_GDP_Pct_lag1,primary,All_Eligible,Country_Holdout_CV,OOF_ALL_FOLDS,Ridge,added_model_vs_strongest_benchmark,0.01600000000000003,1.0
M1_Macro_vs_M2_Macro_Oil__primary__All_Eligible,Oil_Rents_GDP_Pct_lag1,primary,All_Eligible,Country_Holdout_CV,OOF_ALL_FOLDS,Ridge,added_model_vs_strongest_benchmark,0.016500000000000032,1.0
M1_Macro_vs_M2_Macro_Oil__primary__All_Eligible,Oil_Rents_GDP_Pct_lag1,primary,All_Eligible,Country_Holdout_CV,OOF_ALL_FOLDS,Ridge,added_model_vs_strongest_benchmark,0.017000000000000032,1.0
M1_Macro_vs_M2_Macro_Oil__primary__All_Eligible,Oil_Rents_GDP_Pct_lag1,primary,All_Eligible,Country_Holdout_CV,OOF_ALL_FOLDS,Ridge,added_model_vs_strongest_benchmark,0.017500000000000033,1.0
M1_Macro_vs_M2_Macro_Oil__primary__All_Eligible,Oil_Rents_GDP_Pct_lag1,primary,All_Eligible,Country_Holdout_CV,OOF_ALL_FOLDS,Ridge,added_model_vs_strongest_benchmark,0.018000000000000033,1.0
M1_Macro_vs_M2_Macro_Oil__primary__All_Eligible,Oil_Rents_GDP_Pct_lag1,primary,All_Eligible,Country_Holdout_CV,OOF_ALL_FOLDS,Ridge,added_model_vs_strongest_benchmark,0.018500000000000034,1.0
M1_Macro_vs_M2_Macro_Oil__primary__All_Eligible,Oil_Rents_GDP_Pct_lag1,primary,All_Eligible,Country_Holdout_CV,OOF_ALL_FOLDS,Ridge,added_model_vs_strongest_benchmark,0.019000000000000034,1.0
M1_Macro_vs_M2_Macro_Oil__primary__All_Eligible,Oil_Rents_GDP_Pct_lag1,primary,All_Eligible,Country_Holdout_CV,OOF_ALL_FOLDS,Ridge,added_model_vs_strongest_benchmark,0.019500000000000035,1.0
M1_Macro_vs_M2_Macro_Oil__primary__All_Eligible,Oil_Rents_GDP_Pct_lag1,primary,All_Eligible,Country_Holdout_CV,OOF_ALL_FOLDS,Ridge,added_model_vs_strongest_benchmark,0.020000000000000035,1.0
M1_Macro_vs_M2_Macro_Oil__primary__All_Eligible,Oil_Rents_GDP_Pct_lag1,primary,All_Eligible,Country_Holdout_CV,OOF_ALL_FOLDS,Ridge,added_model_vs_strongest_benchmark,0.020500000000000036,1.0
M1_Macro_vs_M2_Macro_Oil__primary__All_Eligible,Oil_Rents_GDP_Pct_lag1,primary,All_Eligible,Country_Holdout_CV,OOF_ALL_FOLDS,Ridge,added_model_vs_strongest_benchmark,0.021000000000000036,1.0
M1_Macro_vs_M2_Macro_Oil__primary__All_Eligible,Oil_Rents_GDP_Pct_lag1,primary,All_Eligible,Country_Holdout_CV,OOF_ALL_FOLDS,Ridge,added_model_vs_strongest_benchmark,0.021500000000000036,1.0
M1_Macro_vs_M2_Macro_Oil__primary__All_Eligible,Oil_Rents_GDP_Pct_lag1,primary,All_Eligible,Country_Holdout_CV,OOF_ALL_FOLDS,Ridge,added_model_vs_strongest_benchmark,0.022000000000000037,1.0
M1_Macro_vs_M2_Macro_Oil__primary__All_Eligible,Oil_Rents_GDP_Pct_lag1,primary,All_Eligible,Country_Holdout_CV,OOF_ALL_FOLDS,Ridge,added_model_vs_strongest_benchmark,0.022500000000000037,1.0
M1_Macro_vs_M2_Macro_Oil__primary__All_Eligible,Oil_Rents_GDP_Pct_lag1,primary,All_Eligible,Country_Holdout_CV,OOF_ALL_FOLDS,Ridge,added_model_vs_strongest_benchmark,0.023000000000000038,1.0
M1_Macro_vs_M2_Macro_Oil__primary__All_Eligible,Oil_Rents_GDP_Pct_lag1,primary,All_Eligible,Country_Holdout_CV,OOF_ALL_FOLDS,Ridge,added_model_vs_strongest_benchmark,0.023500000000000038,1.0
M1_Macro_vs_M2_Macro_Oil__primary__All_Eligible,Oil_Rents_GDP_Pct_lag1,primary,All_Eligible,Country_Holdout_CV,OOF_ALL_FOLDS,Ridge,added_model_vs_strongest_benchmark,0.02400000000000004,1.0
M1_Macro_vs_M2_Macro_Oil__primary__All_Eligible,Oil_Rents_GDP_Pct_lag1,primary,All_Eligible,Country_Holdout_CV,OOF_ALL_FOLDS,Ridge,added_model_vs_strongest_benchmark,0.02450000000000004,1.0
M1_Macro_vs_M2_Macro_Oil__primary__All_Eligible,Oil_Rents_GDP_Pct_lag1,primary,All_Eligible,Country_Holdout_CV,OOF_ALL_FOLDS,Ridge,added_model_vs_strongest_benchmark,0.02500000000000004,1.0
M1_Macro_vs_M2_Macro_Oil__primary__All_Eligible,Oil_Rents_GDP_Pct_lag1,primary,All_Eligible,Country_Holdout_CV,OOF_ALL_FOLDS,Ridge,added_model_vs_strongest_benchmark,0.02550000000000004,1.0
M1_Macro_vs_M2_Macro_Oil__primary__All_Eligible,Oil_Rents_GDP_Pct_lag1,primary,All_Eligible,Country_Holdout_CV,OOF_ALL_FOLDS,Ridge,added_model_vs_strongest_benchmark,0.02600000000000004,1.0
M1_Macro_vs_M2_Macro_Oil__primary__All_Eligible,Oil_Rents_GDP_Pct_lag1,primary,All_Eligible,Country_Holdout_CV,OOF_ALL_FOLDS,Ridge,added_model_vs_strongest_benchmark,0.02650000000000004,1.0
M1_Macro_vs_M2_Macro_Oil__primary__All_Eligible,Oil_Rents_GDP_Pct_lag1,primary,All_Eligible,Country_Holdout_CV,OOF_ALL_FOLDS,Ridge,added_model_vs_strongest_benchmark,0.02700000000000004,1.0
M1_Macro_vs_M2_Macro_Oil__primary__All_Eligible,Oil_Rents_GDP_Pct_lag1,primary,All_Eligible,Country_Holdout_CV,OOF_ALL_FOLDS,Ridge,added_model_vs_strongest_benchmark,0.027500000000000042,1.0
M1_Macro_vs_M2_Macro_Oil__primary__All_Eligible,Oil_Rents_GDP_Pct_lag1,primary,All_Eligible,Country_Holdout_CV,OOF_ALL_FOLDS,Ridge,added_model_vs_strongest_benchmark,0.028000000000000042,1.0
M1_Macro_vs_M2_Macro_Oil__primary__All_Eligible,Oil_Rents_GDP_Pct_lag1,primary,All_Eligible,Country_Holdout_CV,OOF_ALL_FOLDS,Ridge,added_model_vs_strongest_benchmark,0.028500000000000043,1.0
M1_Macro_vs_M2_Macro_Oil__primary__All_Eligible,Oil_Rents_GDP_Pct_lag1,primary,All_Eligible,Country_Holdout_CV,OOF_ALL_FOLDS,Ridge,added_model_vs_strongest_benchmark,0.029000000000000043,1.0
M1_Macro_vs_M2_Macro_Oil__primary__All_Eligible,Oil_Rents_GDP_Pct_lag1,primary,All_Eligible,Country_Holdout_CV,OOF_ALL_FOLDS,Ridge,added_model_vs_strongest_benchmark,0.029500000000000044,1.0
M1_Macro_vs_M2_Macro_Oil__primary__All_Eligible,Oil_Rents_GDP_Pct_lag1,primary,All_Eligible,Country_Holdout_CV,OOF_ALL_FOLDS,Ridge,added_model_vs_strongest_benchmark,0.030000000000000044,1.0
M1_Macro_vs_M2_Macro_Oil__primary__All_Eligible,Oil_Rents_GDP_Pct_lag1,primary,All_Eligible,Country_Holdout_CV,OOF_ALL_FOLDS,ElasticNet,signal_increment,-0.02,1.0
M1_Macro_vs_M2_Macro_Oil__primary__All_Eligible,Oil_Rents_GDP_Pct_lag1,primary,All_Eligible,Country_Holdout_CV,OOF_ALL_FOLDS,ElasticNet,signal_increment,-0.0195,1.0
M1_Macro_vs_M2_Macro_Oil__primary__All_Eligible,Oil_Rents_GDP_Pct_lag1,primary,All_Eligible,Country_Holdout_CV,OOF_ALL_FOLDS,ElasticNet,signal_increment,-0.019,1.0
M1_Macro_vs_M2_Macro_Oil__primary__All_Eligible,Oil_Rents_GDP_Pct_lag1,primary,All_Eligible,Country_Holdout_CV,OOF_ALL_FOLDS,ElasticNet,signal_increment,-0.0185,1.0
M1_Macro_vs_M2_Macro_Oil__primary__All_Eligible,Oil_Rents_GDP_Pct_lag1,primary,All_Eligible,Country_Holdout_CV,OOF_ALL_FOLDS,ElasticNet,signal_increment,-0.018,1.0
M1_Macro_vs_M2_Macro_Oil__primary__All_Eligible,Oil_Rents_GDP_Pct_lag1,primary,All_Eligible,Country_Holdout_CV,OOF_ALL_FOLDS,ElasticNet,signal_increment,-0.017499999999999998,1.0
M1_Macro_vs_M2_Macro_Oil__primary__All_Eligible,Oil_Rents_GDP_Pct_lag1,primary,All_Eligible,Country_Holdout_CV,OOF_ALL_FOLDS,ElasticNet,signal_increment,-0.016999999999999998,1.0
M1_Macro_vs_M2_Macro_Oil__primary__All_Eligible,Oil_Rents_GDP_Pct_lag1,primary,All_Eligible,Country_Holdout_CV,OOF_ALL_FOLDS,ElasticNet,signal_increment,-0.016499999999999997,1.0
M1_Macro_vs_M2_Macro_Oil__primary__All_Eligible,Oil_Rents_GDP_Pct_lag1,primary,All_Eligible,Country_Holdout_CV,OOF_ALL_FOLDS,ElasticNet,signal_increment,-0.015999999999999997,1.0
M1_Macro_vs_M2_Macro_Oil__primary__All_Eligible,Oil_Rents_GDP_Pct_lag1,primary,All_Eligible,Country_Holdout_CV,OOF_ALL_FOLDS,ElasticNet,signal_increment,-0.015499999999999996,1.0
M1_Macro_vs_M2_Macro_Oil__primary__All_Eligible,Oil_Rents_GDP_Pct_lag1,primary,All_Eligible,Country_Holdout_CV,OOF_ALL_FOLDS,ElasticNet,signal_increment,-0.014999999999999996,1.0
M1_Macro_vs_M2_Macro_Oil__primary__All_Eligible,Oil_Rents_GDP_Pct_lag1,primary,All_Eligible,Country_Holdout_CV,OOF_ALL_FOLDS,ElasticNet,signal_increment,-0.014499999999999996,1.0
M1_Macro_vs_M2_Macro_Oil__primary__All_Eligible,Oil_Rents_GDP_Pct_lag1,primary,All_Eligible,Country_Holdout_CV,OOF_ALL_FOLDS,ElasticNet,signal_increment,-0.013999999999999995,1.0
M1_Macro_vs_M2_Macro_Oil__primary__All_Eligible,Oil_Rents_GDP_Pct_lag1,primary,All_Eligible,Country_Holdout_CV,OOF_ALL_FOLDS,ElasticNet,signal_increment,-0.013499999999999995,1.0
M1_Macro_vs_M2_Macro_Oil__primary__All_Eligible,Oil_Rents_GDP_Pct_lag1,primary,All_Eligible,Country_Holdout_CV,OOF_ALL_FOLDS,ElasticNet,signal_increment,-0.012999999999999994,1.0
M1_Macro_vs_M2_Macro_Oil__primary__All_Eligible,Oil_Rents_GDP_Pct_lag1,primary,All_Eligible,Country_Holdout_CV,OOF_ALL_FOLDS,ElasticNet,signal_increment,-0.012499999999999994,1.0
M1_Macro_vs_M2_Macro_Oil__primary__All_Eligible,Oil_Rents_GDP_Pct_lag1,primary,All_Eligible,Country_Holdout_CV,OOF_ALL_FOLDS,ElasticNet,signal_increment,-0.011999999999999993,1.0
M1_Macro_vs_M2_Macro_Oil__primary__All_Eligible,Oil_Rents_GDP_Pct_lag1,primary,All_Eligible,Country_Holdout_CV,OOF_ALL_FOLDS,ElasticNet,signal_increment,-0.011499999999999993,1.0
M1_Macro_vs_M2_Macro_Oil__primary__All_Eligible,Oil_Rents_GDP_Pct_lag1,primary,All_Eligible,Country_Holdout_CV,OOF_ALL_FOLDS,ElasticNet,signal_increment,-0.010999999999999992,1.0
M1_Macro_vs_M2_Macro_Oil__primary__All_Eligible,Oil_Rents_GDP_Pct_lag1,primary,All_Eligible,Country_Holdout_CV,OOF_ALL_FOLDS,ElasticNet,signal_increment,-0.010499999999999992,1.0
M1_Macro_vs_M2_Macro_Oil__primary__All_Eligible,Oil_Rents_GDP_Pct_lag1,primary,All_Eligible,Country_Holdout_CV,OOF_ALL_FOLDS,ElasticNet,signal_increment,-0.009999999999999992,1.0
M1_Macro_vs_M2_Macro_Oil__primary__All_Eligible,Oil_Rents_GDP_Pct_lag1,primary,All_Eligible,Country_Holdout_CV,OOF_ALL_FOLDS,ElasticNet,signal_increment,-0.009499999999999991,1.0
M1_Macro_vs_M2_Macro_Oil__primary__All_Eligible,Oil_Rents_GDP_Pct_lag1,primary,All_Eligible,Country_Holdout_CV,OOF_ALL_FOLDS,ElasticNet,signal_increment,-0.00899999999999999,1.0
M1_Macro_vs_M2_Macro_Oil__primary__All_Eligible,Oil_Rents_GDP_Pct_lag1,primary,All_Eligible,Country_Holdout_CV,OOF_ALL_FOLDS,ElasticNet,signal_increment,-0.00849999999999999,1.0
M1_Macro_vs_M2_Macro_Oil__primary__All_Eligible,Oil_Rents_GDP_Pct_lag1,primary,All_Eligible,Country_Holdout_CV,OOF_ALL_FOLDS,ElasticNet,signal_increment,-0.00799999999999999,1.0
M1_Macro_vs_M2_Macro_Oil__primary__All_Eligible,Oil_Rents_GDP_Pct_lag1,primary,All_Eligible,Country_Holdout_CV,OOF_ALL_FOLDS,ElasticNet,signal_increment,-0.007499999999999989,1.0
M1_Macro_vs_M2_Macro_Oil__primary__All_Eligible,Oil_Rents_GDP_Pct_lag1,primary,All_Eligible,Country_Holdout_CV,OOF_ALL_FOLDS,ElasticNet,signal_increment,-0.006999999999999989,1.0
M1_Macro_vs_M2_Macro_Oil__primary__All_Eligible,Oil_Rents_GDP_Pct_lag1,primary,All_Eligible,Country_Holdout_CV,OOF_ALL_FOLDS,ElasticNet,signal_increment,-0.006499999999999988,1.0
M1_Macro_vs_M2_Macro_Oil__primary__All_Eligible,Oil_Rents_GDP_Pct_lag1,primary,All_Eligible,Country_Holdout_CV,OOF_ALL_FOLDS,ElasticNet,signal_increment,-0.005999999999999988,0.9995
M1_Macro_vs_M2_Macro_Oil__primary__All_Eligible,Oil_Rents_GDP_Pct_lag1,primary,All_Eligible,Country_Holdout_CV,OOF_ALL_FOLDS,ElasticNet,signal_increment,-0.0054999999999999875,0.9995
M1_Macro_vs_M2_Macro_Oil__primary__All_Eligible,Oil_Rents_GDP_Pct_lag1,primary,All_Eligible,Country_Holdout_CV,OOF_ALL_FOLDS,ElasticNet,signal_increment,-0.004999999999999987,0.999
M1_Macro_vs_M2_Macro_Oil__primary__All_Eligible,Oil_Rents_GDP_Pct_lag1,primary,All_Eligible,Country_Holdout_CV,OOF_ALL_FOLDS,ElasticNet,signal_increment,-0.004499999999999987,0.9985
M1_Macro_vs_M2_Macro_Oil__primary__All_Eligible,Oil_Rents_GDP_Pct_lag1,primary,All_Eligible,Country_Holdout_CV,OOF_ALL_FOLDS,ElasticNet,signal_increment,-0.003999999999999986,0.998
M1_Macro_vs_M2_Macro_Oil__primary__All_Eligible,Oil_Rents_GDP_Pct_lag1,primary,All_Eligible,Country_Holdout_CV,OOF_ALL_FOLDS,ElasticNet,signal_increment,-0.0034999999999999858,0.9975
M1_Macro_vs_M2_Macro_Oil__primary__All_Eligible,Oil_Rents_GDP_Pct_lag1,primary,All_Eligible,Country_Holdout_CV,OOF_ALL_FOLDS,ElasticNet,signal_increment,-0.0029999999999999853,0.9975
M1_Macro_vs_M2_Macro_Oil__primary__All_Eligible,Oil_Rents_GDP_Pct_lag1,primary,All_Eligible,Country_Holdout_CV,OOF_ALL_FOLDS,ElasticNet,signal_increment,-0.002499999999999985,0.9975
M1_Macro_vs_M2_Macro_Oil__primary__All_Eligible,Oil_Rents_GDP_Pct_lag1,primary,All_Eligible,Country_Holdout_CV,OOF_ALL_FOLDS,ElasticNet,signal_increment,-0.0019999999999999844,0.996
M1_Macro_vs_M2_Macro_Oil__primary__All_Eligible,Oil_Rents_GDP_Pct_lag1,primary,All_Eligible,Country_Holdout_CV,OOF_ALL_FOLDS,ElasticNet,signal_increment,-0.001499999999999984,0.9945
M1_Macro_vs_M2_Macro_Oil__primary__All_Eligible,Oil_Rents_GDP_Pct_lag1,primary,All_Eligible,Country_Holdout_CV,OOF_ALL_FOLDS,ElasticNet,signal_increment,-0.0009999999999999835,0.9925
M1_Macro_vs_M2_Macro_Oil__primary__All_Eligible,Oil_Rents_GDP_Pct_lag1,primary,All_Eligible,Country_Holdout_CV,OOF_ALL_FOLDS,ElasticNet,signal_increment,-0.0004999999999999831,0.9885
M1_Macro_vs_M2_Macro_Oil__primary__All_Eligible,Oil_Rents_GDP_Pct_lag1,primary,All_Eligible,Country_Holdout_CV,OOF_ALL_FOLDS,ElasticNet,signal_increment,1.734723475976807e-17,0.984
M1_Macro_vs_M2_Macro_Oil__primary__All_Eligible,Oil_Rents_GDP_Pct_lag1,primary,All_Eligible,Country_Holdout_CV,OOF_ALL_FOLDS,ElasticNet,signal_increment,0.0005000000000000178,0.9765
M1_Macro_vs_M2_Macro_Oil__primary__All_Eligible,Oil_Rents_GDP_Pct_lag1,primary,All_Eligible,Country_Holdout_CV,OOF_ALL_FOLDS,ElasticNet,signal_increment,0.0010000000000000182,0.965
M1_Macro_vs_M2_Macro_Oil__primary__All_Eligible,Oil_Rents_GDP_Pct_lag1,primary,All_Eligible,Country_Holdout_CV,OOF_ALL_FOLDS,ElasticNet,signal_increment,0.0015000000000000187,0.9555
M1_Macro_vs_M2_Macro_Oil__primary__All_Eligible,Oil_Rents_GDP_Pct_lag1,primary,All_Eligible,Country_Holdout_CV,OOF_ALL_FOLDS,ElasticNet,signal_increment,0.002000000000000019,0.9335
M1_Macro_vs_M2_Macro_Oil__primary__All_Eligible,Oil_Rents_GDP_Pct_lag1,primary,All_Eligible,Country_Holdout_CV,OOF_ALL_FOLDS,ElasticNet,signal_increment,0.0025000000000000196,0.9135
M1_Macro_vs_M2_Macro_Oil__primary__All_Eligible,Oil_Rents_GDP_Pct_lag1,primary,All_Eligible,Country_Holdout_CV,OOF_ALL_FOLDS,ElasticNet,signal_increment,0.00300000000000002,0.893
M1_Macro_vs_M2_Macro_Oil__primary__All_Eligible,Oil_Rents_GDP_Pct_lag1,primary,All_Eligible,Country_Holdout_CV,OOF_ALL_FOLDS,ElasticNet,signal_increment,0.0035000000000000205,0.865
M1_Macro_vs_M2_Macro_Oil__primary__All_Eligible,Oil_Rents_GDP_Pct_lag1,primary,All_Eligible,Country_Holdout_CV,OOF_ALL_FOLDS,ElasticNet,signal_increment,0.004000000000000021,0.841
M1_Macro_vs_M2_Macro_Oil__primary__All_Eligible,Oil_Rents_GDP_Pct_lag1,primary,All_Eligible,Country_Holdout_CV,OOF_ALL_FOLDS,ElasticNet,signal_increment,0.004500000000000021,0.815
M1_Macro_vs_M2_Macro_Oil__primary__All_Eligible,Oil_Rents_GDP_Pct_lag1,primary,All_Eligible,Country_Holdout_CV,OOF_ALL_FOLDS,ElasticNet,signal_increment,0.005000000000000022,0.784
M1_Macro_vs_M2_Macro_Oil__primary__All_Eligible,Oil_Rents_GDP_Pct_lag1,primary,All_Eligible,Country_Holdout_CV,OOF_ALL_FOLDS,ElasticNet,signal_increment,0.005500000000000022,0.746
M1_Macro_vs_M2_Macro_Oil__primary__All_Eligible,Oil_Rents_GDP_Pct_lag1,primary,All_Eligible,Country_Holdout_CV,OOF_ALL_FOLDS,ElasticNet,signal_increment,0.006000000000000023,0.7065
M1_Macro_vs_M2_Macro_Oil__primary__All_Eligible,Oil_Rents_GDP_Pct_lag1,primary,All_Eligible,Country_Holdout_CV,OOF_ALL_FOLDS,ElasticNet,signal_increment,0.006500000000000023,0.6625
M1_Macro_vs_M2_Macro_Oil__primary__All_Eligible,Oil_Rents_GDP_Pct_lag1,primary,All_Eligible,Country_Holdout_CV,OOF_ALL_FOLDS,ElasticNet,signal_increment,0.0070000000000000236,0.6205
M1_Macro_vs_M2_Macro_Oil__primary__All_Eligible,Oil_Rents_GDP_Pct_lag1,primary,All_Eligible,Country_Holdout_CV,OOF_ALL_FOLDS,ElasticNet,signal_increment,0.007500000000000024,0.577
M1_Macro_vs_M2_Macro_Oil__primary__All_Eligible,Oil_Rents_GDP_Pct_lag1,primary,All_Eligible,Country_Holdout_CV,OOF_ALL_FOLDS,ElasticNet,signal_increment,0.008000000000000024,0.53
M1_Macro_vs_M2_Macro_Oil__primary__All_Eligible,Oil_Rents_GDP_Pct_lag1,primary,All_Eligible,Country_Holdout_CV,OOF_ALL_FOLDS,ElasticNet,signal_increment,0.008500000000000025,0.486
M1_Macro_vs_M2_Macro_Oil__primary__All_Eligible,Oil_Rents_GDP_Pct_lag1,primary,All_Eligible,Country_Holdout_CV,OOF_ALL_FOLDS,ElasticNet,signal_increment,0.009000000000000025,0.448
M1_Macro_vs_M2_Macro_Oil__primary__All_Eligible,Oil_Rents_GDP_Pct_lag1,primary,All_Eligible,Country_Holdout_CV,OOF_ALL_FOLDS,ElasticNet,signal_increment,0.009500000000000026,0.406
M1_Macro_vs_M2_Macro_Oil__primary__All_Eligible,Oil_Rents_GDP_Pct_lag1,primary,All_Eligible,Country_Holdout_CV,OOF_ALL_FOLDS,ElasticNet,signal_increment,0.010000000000000026,0.373
M1_Macro_vs_M2_Macro_Oil__primary__All_Eligible,Oil_Rents_GDP_Pct_lag1,primary,All_Eligible,Country_Holdout_CV,OOF_ALL_FOLDS,ElasticNet,signal_increment,0.010500000000000027,0.3305
M1_Macro_vs_M2_Macro_Oil__primary__All_Eligible,Oil_Rents_GDP_Pct_lag1,primary,All_Eligible,Country_Holdout_CV,OOF_ALL_FOLDS,ElasticNet,signal_increment,0.011000000000000027,0.2935
M1_Macro_vs_M2_Macro_Oil__primary__All_Eligible,Oil_Rents_GDP_Pct_lag1,primary,All_Eligible,Country_Holdout_CV,OOF_ALL_FOLDS,ElasticNet,signal_increment,0.011500000000000028,0.264
M1_Macro_vs_M2_Macro_Oil__primary__All_Eligible,Oil_Rents_GDP_Pct_lag1,primary,All_Eligible,Country_Holdout_CV,OOF_ALL_FOLDS,ElasticNet,signal_increment,0.012000000000000028,0.2305
M1_Macro_vs_M2_Macro_Oil__primary__All_Eligible,Oil_Rents_GDP_Pct_lag1,primary,All_Eligible,Country_Holdout_CV,OOF_ALL_FOLDS,ElasticNet,signal_increment,0.012500000000000028,0.205
M1_Macro_vs_M2_Macro_Oil__primary__All_Eligible,Oil_Rents_GDP_Pct_lag1,primary,All_Eligible,Country_Holdout_CV,OOF_ALL_FOLDS,ElasticNet,signal_increment,0.013000000000000029,0.176
M1_Macro_vs_M2_Macro_Oil__primary__All_Eligible,Oil_Rents_GDP_Pct_lag1,primary,All_Eligible,Country_Holdout_CV,OOF_ALL_FOLDS,ElasticNet,signal_increment,0.01350000000000003,0.148
M1_Macro_vs_M2_Macro_Oil__primary__All_Eligible,Oil_Rents_GDP_Pct_lag1,primary,All_Eligible,Country_Holdout_CV,OOF_ALL_FOLDS,ElasticNet,signal_increment,0.01400000000000003,0.1265
M1_Macro_vs_M2_Macro_Oil__primary__All_Eligible,Oil_Rents_GDP_Pct_lag1,primary,All_Eligible,Country_Holdout_CV,OOF_ALL_FOLDS,ElasticNet,signal_increment,0.01450000000000003,0.108
M1_Macro_vs_M2_Macro_Oil__primary__All_Eligible,Oil_Rents_GDP_Pct_lag1,primary,All_Eligible,Country_Holdout_CV,OOF_ALL_FOLDS,ElasticNet,signal_increment,0.01500000000000003,0.089
M1_Macro_vs_M2_Macro_Oil__primary__All_Eligible,Oil_Rents_GDP_Pct_lag1,primary,All_Eligible,Country_Holdout_CV,OOF_ALL_FOLDS,ElasticNet,signal_increment,0.015500000000000031,0.0765
M1_Macro_vs_M2_Macro_Oil__primary__All_Eligible,Oil_Rents_GDP_Pct_lag1,primary,All_Eligible,Country_Holdout_CV,OOF_ALL_FOLDS,ElasticNet,signal_increment,0.01600000000000003,0.062
M1_Macro_vs_M2_Macro_Oil__primary__All_Eligible,Oil_Rents_GDP_Pct_lag1,primary,All_Eligible,Country_Holdout_CV,OOF_ALL_FOLDS,ElasticNet,signal_increment,0.016500000000000032,0.055
M1_Macro_vs_M2_Macro_Oil__primary__All_Eligible,Oil_Rents_GDP_Pct_lag1,primary,All_Eligible,Country_Holdout_CV,OOF_ALL_FOLDS,ElasticNet,signal_increment,0.017000000000000032,0.0445
M1_Macro_vs_M2_Macro_Oil__primary__All_Eligible,Oil_Rents_GDP_Pct_lag1,primary,All_Eligible,Country_Holdout_CV,OOF_ALL_FOLDS,ElasticNet,signal_increment,0.017500000000000033,0.0355
M1_Macro_vs_M2_Macro_Oil__primary__All_Eligible,Oil_Rents_GDP_Pct_lag1,primary,All_Eligible,Country_Holdout_CV,OOF_ALL_FOLDS,ElasticNet,signal_increment,0.018000000000000033,0.0275
M1_Macro_vs_M2_Macro_Oil__primary__All_Eligible,Oil_Rents_GDP_Pct_lag1,primary,All_Eligible,Country_Holdout_CV,OOF_ALL_FOLDS,ElasticNet,signal_increment,0.018500000000000034,0.0225
M1_Macro_vs_M2_Macro_Oil__primary__All_Eligible,Oil_Rents_GDP_Pct_lag1,primary,All_Eligible,Country_Holdout_CV,OOF_ALL_FOLDS,ElasticNet,signal_increment,0.019000000000000034,0.0195
M1_Macro_vs_M2_Macro_Oil__primary__All_Eligible,Oil_Rents_GDP_Pct_lag1,primary,All_Eligible,Country_Holdout_CV,OOF_ALL_FOLDS,ElasticNet,signal_increment,0.019500000000000035,0.0165
M1_Macro_vs_M2_Macro_Oil__primary__All_Eligible,Oil_Rents_GDP_Pct_lag1,primary,All_Eligible,Country_Holdout_CV,OOF_ALL_FOLDS,ElasticNet,signal_increment,0.020000000000000035,0.0095
M1_Macro_vs_M2_Macro_Oil__primary__All_Eligible,Oil_Rents_GDP_Pct_lag1,primary,All_Eligible,Country_Holdout_CV,OOF_ALL_FOLDS,ElasticNet,signal_increment,0.020500000000000036,0.0085
M1_Macro_vs_M2_Macro_Oil__primary__All_Eligible,Oil_Rents_GDP_Pct_lag1,primary,All_Eligible,Country_Holdout_CV,OOF_ALL_FOLDS,ElasticNet,signal_increment,0.021000000000000036,0.006
M1_Macro_vs_M2_Macro_Oil__primary__All_Eligible,Oil_Rents_GDP_Pct_lag1,primary,All_Eligible,Country_Holdout_CV,OOF_ALL_FOLDS,ElasticNet,signal_increment,0.021500000000000036,0.0055
M1_Macro_vs_M2_Macro_Oil__primary__All_Eligible,Oil_Rents_GDP_Pct_lag1,primary,All_Eligible,Country_Holdout_CV,OOF_ALL_FOLDS,ElasticNet,signal_increment,0.022000000000000037,0.0045
M1_Macro_vs_M2_Macro_Oil__primary__All_Eligible,Oil_Rents_GDP_Pct_lag1,primary,All_Eligible,Country_Holdout_CV,OOF_ALL_FOLDS,ElasticNet,signal_increment,0.022500000000000037,0.003
M1_Macro_vs_M2_Macro_Oil__primary__All_Eligible,Oil_Rents_GDP_Pct_lag1,primary,All_Eligible,Country_Holdout_CV,OOF_ALL_FOLDS,ElasticNet,signal_increment,0.023000000000000038,0.0015
M1_Macro_vs_M2_Macro_Oil__primary__All_Eligible,Oil_Rents_GDP_Pct_lag1,primary,All_Eligible,Country_Holdout_CV,OOF_ALL_FOLDS,ElasticNet,signal_increment,0.023500000000000038,0.0015
M1_Macro_vs_M2_Macro_Oil__primary__All_Eligible,Oil_Rents_GDP_Pct_lag1,primary,All_Eligible,Country_Holdout_CV,OOF_ALL_FOLDS,ElasticNet,signal_increment,0.02400000000000004,0.0015
M1_Macro_vs_M2_Macro_Oil__primary__All_Eligible,Oil_Rents_GDP_Pct_lag1,primary,All_Eligible,Country_Holdout_CV,OOF_ALL_FOLDS,ElasticNet,signal_increment,0.02450000000000004,0.0
M1_Macro_vs_M2_Macro_Oil__primary__All_Eligible,Oil_Rents_GDP_Pct_lag1,primary,All_Eligible,Country_Holdout_CV,OOF_ALL_FOLDS,ElasticNet,signal_increment,0.02500000000000004,0.0
M1_Macro_vs_M2_Macro_Oil__primary__All_Eligible,Oil_Rents_GDP_Pct_lag1,primary,All_Eligible,Country_Holdout_CV,OOF_ALL_FOLDS,ElasticNet,signal_increment,0.02550000000000004,0.0
M1_Macro_vs_M2_Macro_Oil__primary__All_Eligible,Oil_Rents_GDP_Pct_lag1,primary,All_Eligible,Country_Holdout_CV,OOF_ALL_FOLDS,ElasticNet,signal_increment,0.02600000000000004,0.0
M1_Macro_vs_M2_Macro_Oil__primary__All_Eligible,Oil_Rents_GDP_Pct_lag1,primary,All_Eligible,Country_Holdout_CV,OOF_ALL_FOLDS,ElasticNet,signal_increment,0.02650000000000004,0.0
M1_Macro_vs_M2_Macro_Oil__primary__All_Eligible,Oil_Rents_GDP_Pct_lag1,primary,All_Eligible,Country_Holdout_CV,OOF_ALL_FOLDS,ElasticNet,signal_increment,0.02700000000000004,0.0
M1_Macro_vs_M2_Macro_Oil__primary__All_Eligible,Oil_Rents_GDP_Pct_lag1,primary,All_Eligible,Country_Holdout_CV,OOF_ALL_FOLDS,ElasticNet,signal_increment,0.027500000000000042,0.0
M1_Macro_vs_M2_Macro_Oil__primary__All_Eligible,Oil_Rents_GDP_Pct_lag1,primary,All_Eligible,Country_Holdout_CV,OOF_ALL_FOLDS,ElasticNet,signal_increment,0.028000000000000042,0.0
M1_Macro_vs_M2_Macro_Oil__primary__All_Eligible,Oil_Rents_GDP_Pct_lag1,primary,All_Eligible,Country_Holdout_CV,OOF_ALL_FOLDS,ElasticNet,signal_increment,0.028500000000000043,0.0
M1_Macro_vs_M2_Macro_Oil__primary__All_Eligible,Oil_Rents_GDP_Pct_lag1,primary,All_Eligible,Country_Holdout_CV,OOF_ALL_FOLDS,ElasticNet,signal_increment,0.029000000000000043,0.0
M1_Macro_vs_M2_Macro_Oil__primary__All_Eligible,Oil_Rents_GDP_Pct_lag1,primary,All_Eligible,Country_Holdout_CV,OOF_ALL_FOLDS,ElasticNet,signal_increment,0.029500000000000044,0.0
M1_Macro_vs_M2_Macro_Oil__primary__All_Eligible,Oil_Rents_GDP_Pct_lag1,primary,All_Eligible,Country_Holdout_CV,OOF_ALL_FOLDS,ElasticNet,signal_increment,0.030000000000000044,0.0
M1_Macro_vs_M2_Macro_Oil__primary__All_Eligible,Oil_Rents_GDP_Pct_lag1,primary,All_Eligible,Country_Holdout_CV,OOF_ALL_FOLDS,ElasticNet,added_model_vs_strongest_benchmark,-0.02,1.0
M1_Macro_vs_M2_Macro_Oil__primary__All_Eligible,Oil_Rents_GDP_Pct_lag1,primary,All_Eligible,Country_Holdout_CV,OOF_ALL_FOLDS,ElasticNet,added_model_vs_strongest_benchmark,-0.0195,1.0
M1_Macro_vs_M2_Macro_Oil__primary__All_Eligible,Oil_Rents_GDP_Pct_lag1,primary,All_Eligible,Country_Holdout_CV,OOF_ALL_FOLDS,ElasticNet,added_model_vs_strongest_benchmark,-0.019,1.0
M1_Macro_vs_M2_Macro_Oil__primary__All_Eligible,Oil_Rents_GDP_Pct_lag1,primary,All_Eligible,Country_Holdout_CV,OOF_ALL_FOLDS,ElasticNet,added_model_vs_strongest_benchmark,-0.0185,1.0
M1_Macro_vs_M2_Macro_Oil__primary__All_Eligible,Oil_Rents_GDP_Pct_lag1,primary,All_Eligible,Country_Holdout_CV,OOF_ALL_FOLDS,ElasticNet,added_model_vs_strongest_benchmark,-0.018,1.0
M1_Macro_vs_M2_Macro_Oil__primary__All_Eligible,Oil_Rents_GDP_Pct_lag1,primary,All_Eligible,Country_Holdout_CV,OOF_ALL_FOLDS,ElasticNet,added_model_vs_strongest_benchmark,-0.017499999999999998,1.0
M1_Macro_vs_M2_Macro_Oil__primary__All_Eligible,Oil_Rents_GDP_Pct_lag1,primary,All_Eligible,Country_Holdout_CV,OOF_ALL_FOLDS,ElasticNet,added_model_vs_strongest_benchmark,-0.016999999999999998,1.0
M1_Macro_vs_M2_Macro_Oil__primary__All_Eligible,Oil_Rents_GDP_Pct_lag1,primary,All_Eligible,Country_Holdout_CV,OOF_ALL_FOLDS,ElasticNet,added_model_vs_strongest_benchmark,-0.016499999999999997,1.0
M1_Macro_vs_M2_Macro_Oil__primary__All_Eligible,Oil_Rents_GDP_Pct_lag1,primary,All_Eligible,Country_Holdout_CV,OOF_ALL_FOLDS,ElasticNet,added_model_vs_strongest_benchmark,-0.015999999999999997,1.0
M1_Macro_vs_M2_Macro_Oil__primary__All_Eligible,Oil_Rents_GDP_Pct_lag1,primary,All_Eligible,Country_Holdout_CV,OOF_ALL_FOLDS,ElasticNet,added_model_vs_strongest_benchmark,-0.015499999999999996,1.0
M1_Macro_vs_M2_Macro_Oil__primary__All_Eligible,Oil_Rents_GDP_Pct_lag1,primary,All_Eligible,Country_Holdout_CV,OOF_ALL_FOLDS,ElasticNet,added_model_vs_strongest_benchmark,-0.014999999999999996,1.0
M1_Macro_vs_M2_Macro_Oil__primary__All_Eligible,Oil_Rents_GDP_Pct_lag1,primary,All_Eligible,Country_Holdout_CV,OOF_ALL_FOLDS,ElasticNet,added_model_vs_strongest_benchmark,-0.014499999999999996,1.0
M1_Macro_vs_M2_Macro_Oil__primary__All_Eligible,Oil_Rents_GDP_Pct_lag1,primary,All_Eligible,Country_Holdout_CV,OOF_ALL_FOLDS,ElasticNet,added_model_vs_strongest_benchmark,-0.013999999999999995,1.0
M1_Macro_vs_M2_Macro_Oil__primary__All_Eligible,Oil_Rents_GDP_Pct_lag1,primary,All_Eligible,Country_Holdout_CV,OOF_ALL_FOLDS,ElasticNet,added_model_vs_strongest_benchmark,-0.013499999999999995,1.0
M1_Macro_vs_M2_Macro_Oil__primary__All_Eligible,Oil_Rents_GDP_Pct_lag1,primary,All_Eligible,Country_Holdout_CV,OOF_ALL_FOLDS,ElasticNet,added_model_vs_strongest_benchmark,-0.012999999999999994,1.0
M1_Macro_vs_M2_Macro_Oil__primary__All_Eligible,Oil_Rents_GDP_Pct_lag1,primary,All_Eligible,Country_Holdout_CV,OOF_ALL_FOLDS,ElasticNet,added_model_vs_strongest_benchmark,-0.012499999999999994,1.0
M1_Macro_vs_M2_Macro_Oil__primary__All_Eligible,Oil_Rents_GDP_Pct_lag1,primary,All_Eligible,Country_Holdout_CV,OOF_ALL_FOLDS,ElasticNet,added_model_vs_strongest_benchmark,-0.011999999999999993,1.0
M1_Macro_vs_M2_Macro_Oil__primary__All_Eligible,Oil_Rents_GDP_Pct_lag1,primary,All_Eligible,Country_Holdout_CV,OOF_ALL_FOLDS,ElasticNet,added_model_vs_strongest_benchmark,-0.011499999999999993,1.0
M1_Macro_vs_M2_Macro_Oil__primary__All_Eligible,Oil_Rents_GDP_Pct_lag1,primary,All_Eligible,Country_Holdout_CV,OOF_ALL_FOLDS,ElasticNet,added_model_vs_strongest_benchmark,-0.010999999999999992,1.0
M1_Macro_vs_M2_Macro_Oil__primary__All_Eligible,Oil_Rents_GDP_Pct_lag1,primary,All_Eligible,Country_Holdout_CV,OOF_ALL_FOLDS,ElasticNet,added_model_vs_strongest_benchmark,-0.010499999999999992,1.0
M1_Macro_vs_M2_Macro_Oil__primary__All_Eligible,Oil_Rents_GDP_Pct_lag1,primary,All_Eligible,Country_Holdout_CV,OOF_ALL_FOLDS,ElasticNet,added_model_vs_strongest_benchmark,-0.009999999999999992,1.0
M1_Macro_vs_M2_Macro_Oil__primary__All_Eligible,Oil_Rents_GDP_Pct_lag1,primary,All_Eligible,Country_Holdout_CV,OOF_ALL_FOLDS,ElasticNet,added_model_vs_strongest_benchmark,-0.009499999999999991,1.0
M1_Macro_vs_M2_Macro_Oil__primary__All_Eligible,Oil_Rents_GDP_Pct_lag1,primary,All_Eligible,Country_Holdout_CV,OOF_ALL_FOLDS,ElasticNet,added_model_vs_strongest_benchmark,-0.00899999999999999,1.0
M1_Macro_vs_M2_Macro_Oil__primary__All_Eligible,Oil_Rents_GDP_Pct_lag1,primary,All_Eligible,Country_Holdout_CV,OOF_ALL_FOLDS,ElasticNet,added_model_vs_strongest_benchmark,-0.00849999999999999,1.0
M1_Macro_vs_M2_Macro_Oil__primary__All_Eligible,Oil_Rents_GDP_Pct_lag1,primary,All_Eligible,Country_Holdout_CV,OOF_ALL_FOLDS,ElasticNet,added_model_vs_strongest_benchmark,-0.00799999999999999,1.0
M1_Macro_vs_M2_Macro_Oil__primary__All_Eligible,Oil_Rents_GDP_Pct_lag1,primary,All_Eligible,Country_Holdout_CV,OOF_ALL_FOLDS,ElasticNet,added_model_vs_strongest_benchmark,-0.007499999999999989,1.0
M1_Macro_vs_M2_Macro_Oil__primary__All_Eligible,Oil_Rents_GDP_Pct_lag1,primary,All_Eligible,Country_Holdout_CV,OOF_ALL_FOLDS,ElasticNet,added_model_vs_strongest_benchmark,-0.006999999999999989,1.0
M1_Macro_vs_M2_Macro_Oil__primary__All_Eligible,Oil_Rents_GDP_Pct_lag1,primary,All_Eligible,Country_Holdout_CV,OOF_ALL_FOLDS,ElasticNet,added_model_vs_strongest_benchmark,-0.006499999999999988,1.0
M1_Macro_vs_M2_Macro_Oil__primary__All_Eligible,Oil_Rents_GDP_Pct_lag1,primary,All_Eligible,Country_Holdout_CV,OOF_ALL_FOLDS,ElasticNet,added_model_vs_strongest_benchmark,-0.005999999999999988,1.0
M1_Macro_vs_M2_Macro_Oil__primary__All_Eligible,Oil_Rents_GDP_Pct_lag1,primary,All_Eligible,Country_Holdout_CV,OOF_ALL_FOLDS,ElasticNet,added_model_vs_strongest_benchmark,-0.0054999999999999875,1.0
M1_Macro_vs_M2_Macro_Oil__primary__All_Eligible,Oil_Rents_GDP_Pct_lag1,primary,All_Eligible,Country_Holdout_CV,OOF_ALL_FOLDS,ElasticNet,added_model_vs_strongest_benchmark,-0.004999999999999987,1.0
M1_Macro_vs_M2_Macro_Oil__primary__All_Eligible,Oil_Rents_GDP_Pct_lag1,primary,All_Eligible,Country_Holdout_CV,OOF_ALL_FOLDS,ElasticNet,added_model_vs_strongest_benchmark,-0.004499999999999987,1.0
M1_Macro_vs_M2_Macro_Oil__primary__All_Eligible,Oil_Rents_GDP_Pct_lag1,primary,All_Eligible,Country_Holdout_CV,OOF_ALL_FOLDS,ElasticNet,added_model_vs_strongest_benchmark,-0.003999999999999986,1.0
M1_Macro_vs_M2_Macro_Oil__primary__All_Eligible,Oil_Rents_GDP_Pct_lag1,primary,All_Eligible,Country_Holdout_CV,OOF_ALL_FOLDS,ElasticNet,added_model_vs_strongest_benchmark,-0.0034999999999999858,1.0
M1_Macro_vs_M2_Macro_Oil__primary__All_Eligible,Oil_Rents_GDP_Pct_lag1,primary,All_Eligible,Country_Holdout_CV,OOF_ALL_FOLDS,ElasticNet,added_model_vs_strongest_benchmark,-0.0029999999999999853,1.0
M1_Macro_vs_M2_Macro_Oil__primary__All_Eligible,Oil_Rents_GDP_Pct_lag1,primary,All_Eligible,Country_Holdout_CV,OOF_ALL_FOLDS,ElasticNet,added_model_vs_strongest_benchmark,-0.002499999999999985,1.0
M1_Macro_vs_M2_Macro_Oil__primary__All_Eligible,Oil_Rents_GDP_Pct_lag1,primary,All_Eligible,Country_Holdout_CV,OOF_ALL_FOLDS,ElasticNet,added_model_vs_strongest_benchmark,-0.0019999999999999844,1.0
M1_Macro_vs_M2_Macro_Oil__primary__All_Eligible,Oil_Rents_GDP_Pct_lag1,primary,All_Eligible,Country_Holdout_CV,OOF_ALL_FOLDS,ElasticNet,added_model_vs_strongest_benchmark,-0.001499999999999984,1.0
M1_Macro_vs_M2_Macro_Oil__primary__All_Eligible,Oil_Rents_GDP_Pct_lag1,primary,All_Eligible,Country_Holdout_CV,OOF_ALL_FOLDS,ElasticNet,added_model_vs_strongest_benchmark,-0.0009999999999999835,1.0
M1_Macro_vs_M2_Macro_Oil__primary__All_Eligible,Oil_Rents_GDP_Pct_lag1,primary,All_Eligible,Country_Holdout_CV,OOF_ALL_FOLDS,ElasticNet,added_model_vs_strongest_benchmark,-0.0004999999999999831,1.0
M1_Macro_vs_M2_Macro_Oil__primary__All_Eligible,Oil_Rents_GDP_Pct_lag1,primary,All_Eligible,Country_Holdout_CV,OOF_ALL_FOLDS,ElasticNet,added_model_vs_strongest_benchmark,1.734723475976807e-17,1.0
M1_Macro_vs_M2_Macro_Oil__primary__All_Eligible,Oil_Rents_GDP_Pct_lag1,primary,All_Eligible,Country_Holdout_CV,OOF_ALL_FOLDS,ElasticNet,added_model_vs_strongest_benchmark,0.0005000000000000178,1.0
M1_Macro_vs_M2_Macro_Oil__primary__All_Eligible,Oil_Rents_GDP_Pct_lag1,primary,All_Eligible,Country_Holdout_CV,OOF_ALL_FOLDS,ElasticNet,added_model_vs_strongest_benchmark,0.0010000000000000182,1.0
M1_Macro_vs_M2_Macro_Oil__primary__All_Eligible,Oil_Rents_GDP_Pct_lag1,primary,All_Eligible,Country_Holdout_CV,OOF_ALL_FOLDS,ElasticNet,added_model_vs_strongest_benchmark,0.0015000000000000187,1.0
M1_Macro_vs_M2_Macro_Oil__primary__All_Eligible,Oil_Rents_GDP_Pct_lag1,primary,All_Eligible,Country_Holdout_CV,OOF_ALL_FOLDS,ElasticNet,added_model_vs_strongest_benchmark,0.002000000000000019,1.0
M1_Macro_vs_M2_Macro_Oil__primary__All_Eligible,Oil_Rents_GDP_Pct_lag1,primary,All_Eligible,Country_Holdout_CV,OOF_ALL_FOLDS,ElasticNet,added_model_vs_strongest_benchmark,0.0025000000000000196,1.0
M1_Macro_vs_M2_Macro_Oil__primary__All_Eligible,Oil_Rents_GDP_Pct_lag1,primary,All_Eligible,Country_Holdout_CV,OOF_ALL_FOLDS,ElasticNet,added_model_vs_strongest_benchmark,0.00300000000000002,1.0
M1_Macro_vs_M2_Macro_Oil__primary__All_Eligible,Oil_Rents_GDP_Pct_lag1,primary,All_Eligible,Country_Holdout_CV,OOF_ALL_FOLDS,ElasticNet,added_model_vs_strongest_benchmark,0.0035000000000000205,1.0
M1_Macro_vs_M2_Macro_Oil__primary__All_Eligible,Oil_Rents_GDP_Pct_lag1,primary,All_Eligible,Country_Holdout_CV,OOF_ALL_FOLDS,ElasticNet,added_model_vs_strongest_benchmark,0.004000000000000021,1.0
M1_Macro_vs_M2_Macro_Oil__primary__All_Eligible,Oil_Rents_GDP_Pct_lag1,primary,All_Eligible,Country_Holdout_CV,OOF_ALL_FOLDS,ElasticNet,added_model_vs_strongest_benchmark,0.004500000000000021,1.0
M1_Macro_vs_M2_Macro_Oil__primary__All_Eligible,Oil_Rents_GDP_Pct_lag1,primary,All_Eligible,Country_Holdout_CV,OOF_ALL_FOLDS,ElasticNet,added_model_vs_strongest_benchmark,0.005000000000000022,1.0
M1_Macro_vs_M2_Macro_Oil__primary__All_Eligible,Oil_Rents_GDP_Pct_lag1,primary,All_Eligible,Country_Holdout_CV,OOF_ALL_FOLDS,ElasticNet,added_model_vs_strongest_benchmark,0.005500000000000022,1.0
M1_Macro_vs_M2_Macro_Oil__primary__All_Eligible,Oil_Rents_GDP_Pct_lag1,primary,All_Eligible,Country_Holdout_CV,OOF_ALL_FOLDS,ElasticNet,added_model_vs_strongest_benchmark,0.006000000000000023,1.0
M1_Macro_vs_M2_Macro_Oil__primary__All_Eligible,Oil_Rents_GDP_Pct_lag1,primary,All_Eligible,Country_Holdout_CV,OOF_ALL_FOLDS,ElasticNet,added_model_vs_strongest_benchmark,0.006500000000000023,1.0
M1_Macro_vs_M2_Macro_Oil__primary__All_Eligible,Oil_Rents_GDP_Pct_lag1,primary,All_Eligible,Country_Holdout_CV,OOF_ALL_FOLDS,ElasticNet,added_model_vs_strongest_benchmark,0.0070000000000000236,1.0
M1_Macro_vs_M2_Macro_Oil__primary__All_Eligible,Oil_Rents_GDP_Pct_lag1,primary,All_Eligible,Country_Holdout_CV,OOF_ALL_FOLDS,ElasticNet,added_model_vs_strongest_benchmark,0.007500000000000024,1.0
M1_Macro_vs_M2_Macro_Oil__primary__All_Eligible,Oil_Rents_GDP_Pct_lag1,primary,All_Eligible,Country_Holdout_CV,OOF_ALL_FOLDS,ElasticNet,added_model_vs_strongest_benchmark,0.008000000000000024,1.0
M1_Macro_vs_M2_Macro_Oil__primary__All_Eligible,Oil_Rents_GDP_Pct_lag1,primary,All_Eligible,Country_Holdout_CV,OOF_ALL_FOLDS,ElasticNet,added_model_vs_strongest_benchmark,0.008500000000000025,1.0
M1_Macro_vs_M2_Macro_Oil__primary__All_Eligible,Oil_Rents_GDP_Pct_lag1,primary,All_Eligible,Country_Holdout_CV,OOF_ALL_FOLDS,ElasticNet,added_model_vs_strongest_benchmark,0.009000000000000025,1.0
M1_Macro_vs_M2_Macro_Oil__primary__All_Eligible,Oil_Rents_GDP_Pct_lag1,primary,All_Eligible,Country_Holdout_CV,OOF_ALL_FOLDS,ElasticNet,added_model_vs_strongest_benchmark,0.009500000000000026,1.0
M1_Macro_vs_M2_Macro_Oil__primary__All_Eligible,Oil_Rents_GDP_Pct_lag1,primary,All_Eligible,Country_Holdout_CV,OOF_ALL_FOLDS,ElasticNet,added_model_vs_strongest_benchmark,0.010000000000000026,1.0
M1_Macro_vs_M2_Macro_Oil__primary__All_Eligible,Oil_Rents_GDP_Pct_lag1,primary,All_Eligible,Country_Holdout_CV,OOF_ALL_FOLDS,ElasticNet,added_model_vs_strongest_benchmark,0.010500000000000027,1.0
M1_Macro_vs_M2_Macro_Oil__primary__All_Eligible,Oil_Rents_GDP_Pct_lag1,primary,All_Eligible,Country_Holdout_CV,OOF_ALL_FOLDS,ElasticNet,added_model_vs_strongest_benchmark,0.011000000000000027,1.0
M1_Macro_vs_M2_Macro_Oil__primary__All_Eligible,Oil_Rents_GDP_Pct_lag1,primary,All_Eligible,Country_Holdout_CV,OOF_ALL_FOLDS,ElasticNet,added_model_vs_strongest_benchmark,0.011500000000000028,1.0
M1_Macro_vs_M2_Macro_Oil__primary__All_Eligible,Oil_Rents_GDP_Pct_lag1,primary,All_Eligible,Country_Holdout_CV,OOF_ALL_FOLDS,ElasticNet,added_model_vs_strongest_benchmark,0.012000000000000028,1.0
M1_Macro_vs_M2_Macro_Oil__primary__All_Eligible,Oil_Rents_GDP_Pct_lag1,primary,All_Eligible,Country_Holdout_CV,OOF_ALL_FOLDS,ElasticNet,added_model_vs_strongest_benchmark,0.012500000000000028,1.0
M1_Macro_vs_M2_Macro_Oil__primary__All_Eligible,Oil_Rents_GDP_Pct_lag1,primary,All_Eligible,Country_Holdout_CV,OOF_ALL_FOLDS,ElasticNet,added_model_vs_strongest_benchmark,0.013000000000000029,1.0
M1_Macro_vs_M2_Macro_Oil__primary__All_Eligible,Oil_Rents_GDP_Pct_lag1,primary,All_Eligible,Country_Holdout_CV,OOF_ALL_FOLDS,ElasticNet,added_model_vs_strongest_benchmark,0.01350000000000003,1.0
M1_Macro_vs_M2_Macro_Oil__primary__All_Eligible,Oil_Rents_GDP_Pct_lag1,primary,All_Eligible,Country_Holdout_CV,OOF_ALL_FOLDS,ElasticNet,added_model_vs_strongest_benchmark,0.01400000000000003,1.0
M1_Macro_vs_M2_Macro_Oil__primary__All_Eligible,Oil_Rents_GDP_Pct_lag1,primary,All_Eligible,Country_Holdout_CV,OOF_ALL_FOLDS,ElasticNet,added_model_vs_strongest_benchmark,0.01450000000000003,1.0
M1_Macro_vs_M2_Macro_Oil__primary__All_Eligible,Oil_Rents_GDP_Pct_lag1,primary,All_Eligible,Country_Holdout_CV,OOF_ALL_FOLDS,ElasticNet,added_model_vs_strongest_benchmark,0.01500000000000003,1.0
M1_Macro_vs_M2_Macro_Oil__primary__All_Eligible,Oil_Rents_GDP_Pct_lag1,primary,All_Eligible,Country_Holdout_CV,OOF_ALL_FOLDS,ElasticNet,added_model_vs_strongest_benchmark,0.015500000000000031,1.0
M1_Macro_vs_M2_Macro_Oil__primary__All_Eligible,Oil_Rents_GDP_Pct_lag1,primary,All_Eligible,Country_Holdout_CV,OOF_ALL_FOLDS,ElasticNet,added_model_vs_strongest_benchmark,0.01600000000000003,1.0
M1_Macro_vs_M2_Macro_Oil__primary__All_Eligible,Oil_Rents_GDP_Pct_lag1,primary,All_Eligible,Country_Holdout_CV,OOF_ALL_FOLDS,ElasticNet,added_model_vs_strongest_benchmark,0.016500000000000032,1.0
M1_Macro_vs_M2_Macro_Oil__primary__All_Eligible,Oil_Rents_GDP_Pct_lag1,primary,All_Eligible,Country_Holdout_CV,OOF_ALL_FOLDS,ElasticNet,added_model_vs_strongest_benchmark,0.017000000000000032,1.0
M1_Macro_vs_M2_Macro_Oil__primary__All_Eligible,Oil_Rents_GDP_Pct_lag1,primary,All_Eligible,Country_Holdout_CV,OOF_ALL_FOLDS,ElasticNet,added_model_vs_strongest_benchmark,0.017500000000000033,1.0
M1_Macro_vs_M2_Macro_Oil__primary__All_Eligible,Oil_Rents_GDP_Pct_lag1,primary,All_Eligible,Country_Holdout_CV,OOF_ALL_FOLDS,ElasticNet,added_model_vs_strongest_benchmark,0.018000000000000033,1.0
M1_Macro_vs_M2_Macro_Oil__primary__All_Eligible,Oil_Rents_GDP_Pct_lag1,primary,All_Eligible,Country_Holdout_CV,OOF_ALL_FOLDS,ElasticNet,added_model_vs_strongest_benchmark,0.018500000000000034,1.0
M1_Macro_vs_M2_Macro_Oil__primary__All_Eligible,Oil_Rents_GDP_Pct_lag1,primary,All_Eligible,Country_Holdout_CV,OOF_ALL_FOLDS,ElasticNet,added_model_vs_strongest_benchmark,0.019000000000000034,1.0
M1_Macro_vs_M2_Macro_Oil__primary__All_Eligible,Oil_Rents_GDP_Pct_lag1,primary,All_Eligible,Country_Holdout_CV,OOF_ALL_FOLDS,ElasticNet,added_model_vs_strongest_benchmark,0.019500000000000035,1.0
M1_Macro_vs_M2_Macro_Oil__primary__All_Eligible,Oil_Rents_GDP_Pct_lag1,primary,All_Eligible,Country_Holdout_CV,OOF_ALL_FOLDS,ElasticNet,added_model_vs_strongest_benchmark,0.020000000000000035,1.0
M1_Macro_vs_M2_Macro_Oil__primary__All_Eligible,Oil_Rents_GDP_Pct_lag1,primary,All_Eligible,Country_Holdout_CV,OOF_ALL_FOLDS,ElasticNet,added_model_vs_strongest_benchmark,0.020500000000000036,1.0
M1_Macro_vs_M2_Macro_Oil__primary__All_Eligible,Oil_Rents_GDP_Pct_lag1,primary,All_Eligible,Country_Holdout_CV,OOF_ALL_FOLDS,ElasticNet,added_model_vs_strongest_benchmark,0.021000000000000036,1.0
M1_Macro_vs_M2_Macro_Oil__primary__All_Eligible,Oil_Rents_GDP_Pct_lag1,primary,All_Eligible,Country_Holdout_CV,OOF_ALL_FOLDS,ElasticNet,added_model_vs_strongest_benchmark,0.021500000000000036,1.0
M1_Macro_vs_M2_Macro_Oil__primary__All_Eligible,Oil_Rents_GDP_Pct_lag1,primary,All_Eligible,Country_Holdout_CV,OOF_ALL_FOLDS,ElasticNet,added_model_vs_strongest_benchmark,0.022000000000000037,1.0
M1_Macro_vs_M2_Macro_Oil__primary__All_Eligible,Oil_Rents_GDP_Pct_lag1,primary,All_Eligible,Country_Holdout_CV,OOF_ALL_FOLDS,ElasticNet,added_model_vs_strongest_benchmark,0.022500000000000037,1.0
M1_Macro_vs_M2_Macro_Oil__primary__All_Eligible,Oil_Rents_GDP_Pct_lag1,primary,All_Eligible,Country_Holdout_CV,OOF_ALL_FOLDS,ElasticNet,added_model_vs_strongest_benchmark,0.023000000000000038,1.0
M1_Macro_vs_M2_Macro_Oil__primary__All_Eligible,Oil_Rents_GDP_Pct_lag1,primary,All_Eligible,Country_Holdout_CV,OOF_ALL_FOLDS,ElasticNet,added_model_vs_strongest_benchmark,0.023500000000000038,1.0
M1_Macro_vs_M2_Macro_Oil__primary__All_Eligible,Oil_Rents_GDP_Pct_lag1,primary,All_Eligible,Country_Holdout_CV,OOF_ALL_FOLDS,ElasticNet,added_model_vs_strongest_benchmark,0.02400000000000004,1.0
M1_Macro_vs_M2_Macro_Oil__primary__All_Eligible,Oil_Rents_GDP_Pct_lag1,primary,All_Eligible,Country_Holdout_CV,OOF_ALL_FOLDS,ElasticNet,added_model_vs_strongest_benchmark,0.02450000000000004,1.0
M1_Macro_vs_M2_Macro_Oil__primary__All_Eligible,Oil_Rents_GDP_Pct_lag1,primary,All_Eligible,Country_Holdout_CV,OOF_ALL_FOLDS,ElasticNet,added_model_vs_strongest_benchmark,0.02500000000000004,1.0
M1_Macro_vs_M2_Macro_Oil__primary__All_Eligible,Oil_Rents_GDP_Pct_lag1,primary,All_Eligible,Country_Holdout_CV,OOF_ALL_FOLDS,ElasticNet,added_model_vs_strongest_benchmark,0.02550000000000004,1.0
M1_Macro_vs_M2_Macro_Oil__primary__All_Eligible,Oil_Rents_GDP_Pct_lag1,primary,All_Eligible,Country_Holdout_CV,OOF_ALL_FOLDS,ElasticNet,added_model_vs_strongest_benchmark,0.02600000000000004,1.0
M1_Macro_vs_M2_Macro_Oil__primary__All_Eligible,Oil_Rents_GDP_Pct_lag1,primary,All_Eligible,Country_Holdout_CV,OOF_ALL_FOLDS,ElasticNet,added_model_vs_strongest_benchmark,0.02650000000000004,1.0
M1_Macro_vs_M2_Macro_Oil__primary__All_Eligible,Oil_Rents_GDP_Pct_lag1,primary,All_Eligible,Country_Holdout_CV,OOF_ALL_FOLDS,ElasticNet,added_model_vs_strongest_benchmark,0.02700000000000004,1.0
M1_Macro_vs_M2_Macro_Oil__primary__All_Eligible,Oil_Rents_GDP_Pct_lag1,primary,All_Eligible,Country_Holdout_CV,OOF_ALL_FOLDS,ElasticNet,added_model_vs_strongest_benchmark,0.027500000000000042,1.0
M1_Macro_vs_M2_Macro_Oil__primary__All_Eligible,Oil_Rents_GDP_Pct_lag1,primary,All_Eligible,Country_Holdout_CV,OOF_ALL_FOLDS,ElasticNet,added_model_vs_strongest_benchmark,0.028000000000000042,1.0
M1_Macro_vs_M2_Macro_Oil__primary__All_Eligible,Oil_Rents_GDP_Pct_lag1,primary,All_Eligible,Country_Holdout_CV,OOF_ALL_FOLDS,ElasticNet,added_model_vs_strongest_benchmark,0.028500000000000043,1.0
M1_Macro_vs_M2_Macro_Oil__primary__All_Eligible,Oil_Rents_GDP_Pct_lag1,primary,All_Eligible,Country_Holdout_CV,OOF_ALL_FOLDS,ElasticNet,added_model_vs_strongest_benchmark,0.029000000000000043,1.0
M1_Macro_vs_M2_Macro_Oil__primary__All_Eligible,Oil_Rents_GDP_Pct_lag1,primary,All_Eligible,Country_Holdout_CV,OOF_ALL_FOLDS,ElasticNet,added_model_vs_strongest_benchmark,0.029500000000000044,1.0
M1_Macro_vs_M2_Macro_Oil__primary__All_Eligible,Oil_Rents_GDP_Pct_lag1,primary,All_Eligible,Country_Holdout_CV,OOF_ALL_FOLDS,ElasticNet,added_model_vs_strongest_benchmark,0.030000000000000044,1.0
M1_Macro_vs_M2_Macro_Oil__primary__All_Eligible,Oil_Rents_GDP_Pct_lag1,primary,All_Eligible,Country_Holdout_CV,OOF_ALL_FOLDS,RandomForest,signal_increment,-0.02,1.0
M1_Macro_vs_M2_Macro_Oil__primary__All_Eligible,Oil_Rents_GDP_Pct_lag1,primary,All_Eligible,Country_Holdout_CV,OOF_ALL_FOLDS,RandomForest,signal_increment,-0.0195,1.0
M1_Macro_vs_M2_Macro_Oil__primary__All_Eligible,Oil_Rents_GDP_Pct_lag1,primary,All_Eligible,Country_Holdout_CV,OOF_ALL_FOLDS,RandomForest,signal_increment,-0.019,1.0
M1_Macro_vs_M2_Macro_Oil__primary__All_Eligible,Oil_Rents_GDP_Pct_lag1,primary,All_Eligible,Country_Holdout_CV,OOF_ALL_FOLDS,RandomForest,signal_increment,-0.0185,1.0
M1_Macro_vs_M2_Macro_Oil__primary__All_Eligible,Oil_Rents_GDP_Pct_lag1,primary,All_Eligible,Country_Holdout_CV,OOF_ALL_FOLDS,RandomForest,signal_increment,-0.018,1.0
M1_Macro_vs_M2_Macro_Oil__primary__All_Eligible,Oil_Rents_GDP_Pct_lag1,primary,All_Eligible,Country_Holdout_CV,OOF_ALL_FOLDS,RandomForest,signal_increment,-0.017499999999999998,1.0
M1_Macro_vs_M2_Macro_Oil__primary__All_Eligible,Oil_Rents_GDP_Pct_lag1,primary,All_Eligible,Country_Holdout_CV,OOF_ALL_FOLDS,RandomForest,signal_increment,-0.016999999999999998,1.0
M1_Macro_vs_M2_Macro_Oil__primary__All_Eligible,Oil_Rents_GDP_Pct_lag1,primary,All_Eligible,Country_Holdout_CV,OOF_ALL_FOLDS,RandomForest,signal_increment,-0.016499999999999997,1.0
M1_Macro_vs_M2_Macro_Oil__primary__All_Eligible,Oil_Rents_GDP_Pct_lag1,primary,All_Eligible,Country_Holdout_CV,OOF_ALL_FOLDS,RandomForest,signal_increment,-0.015999999999999997,1.0
M1_Macro_vs_M2_Macro_Oil__primary__All_Eligible,Oil_Rents_GDP_Pct_lag1,primary,All_Eligible,Country_Holdout_CV,OOF_ALL_FOLDS,RandomForest,signal_increment,-0.015499999999999996,1.0
M1_Macro_vs_M2_Macro_Oil__primary__All_Eligible,Oil_Rents_GDP_Pct_lag1,primary,All_Eligible,Country_Holdout_CV,OOF_ALL_FOLDS,RandomForest,signal_increment,-0.014999999999999996,1.0
M1_Macro_vs_M2_Macro_Oil__primary__All_Eligible,Oil_Rents_GDP_Pct_lag1,primary,All_Eligible,Country_Holdout_CV,OOF_ALL_FOLDS,RandomForest,signal_increment,-0.014499999999999996,1.0
M1_Macro_vs_M2_Macro_Oil__primary__All_Eligible,Oil_Rents_GDP_Pct_lag1,primary,All_Eligible,Country_Holdout_CV,OOF_ALL_FOLDS,RandomForest,signal_increment,-0.013999999999999995,1.0
M1_Macro_vs_M2_Macro_Oil__primary__All_Eligible,Oil_Rents_GDP_Pct_lag1,primary,All_Eligible,Country_Holdout_CV,OOF_ALL_FOLDS,RandomForest,signal_increment,-0.013499999999999995,1.0
M1_Macro_vs_M2_Macro_Oil__primary__All_Eligible,Oil_Rents_GDP_Pct_lag1,primary,All_Eligible,Country_Holdout_CV,OOF_ALL_FOLDS,RandomForest,signal_increment,-0.012999999999999994,1.0
M1_Macro_vs_M2_Macro_Oil__primary__All_Eligible,Oil_Rents_GDP_Pct_lag1,primary,All_Eligible,Country_Holdout_CV,OOF_ALL_FOLDS,RandomForest,signal_increment,-0.012499999999999994,1.0
M1_Macro_vs_M2_Macro_Oil__primary__All_Eligible,Oil_Rents_GDP_Pct_lag1,primary,All_Eligible,Country_Holdout_CV,OOF_ALL_FOLDS,RandomForest,signal_increment,-0.011999999999999993,1.0
M1_Macro_vs_M2_Macro_Oil__primary__All_Eligible,Oil_Rents_GDP_Pct_lag1,primary,All_Eligible,Country_Holdout_CV,OOF_ALL_FOLDS,RandomForest,signal_increment,-0.011499999999999993,1.0
M1_Macro_vs_M2_Macro_Oil__primary__All_Eligible,Oil_Rents_GDP_Pct_lag1,primary,All_Eligible,Country_Holdout_CV,OOF_ALL_FOLDS,RandomForest,signal_increment,-0.010999999999999992,1.0
M1_Macro_vs_M2_Macro_Oil__primary__All_Eligible,Oil_Rents_GDP_Pct_lag1,primary,All_Eligible,Country_Holdout_CV,OOF_ALL_FOLDS,RandomForest,signal_increment,-0.010499999999999992,0.9995
M1_Macro_vs_M2_Macro_Oil__primary__All_Eligible,Oil_Rents_GDP_Pct_lag1,primary,All_Eligible,Country_Holdout_CV,OOF_ALL_FOLDS,RandomForest,signal_increment,-0.009999999999999992,0.9995
M1_Macro_vs_M2_Macro_Oil__primary__All_Eligible,Oil_Rents_GDP_Pct_lag1,primary,All_Eligible,Country_Holdout_CV,OOF_ALL_FOLDS,RandomForest,signal_increment,-0.009499999999999991,0.9995
M1_Macro_vs_M2_Macro_Oil__primary__All_Eligible,Oil_Rents_GDP_Pct_lag1,primary,All_Eligible,Country_Holdout_CV,OOF_ALL_FOLDS,RandomForest,signal_increment,-0.00899999999999999,0.9995
M1_Macro_vs_M2_Macro_Oil__primary__All_Eligible,Oil_Rents_GDP_Pct_lag1,primary,All_Eligible,Country_Holdout_CV,OOF_ALL_FOLDS,RandomForest,signal_increment,-0.00849999999999999,0.9995
M1_Macro_vs_M2_Macro_Oil__primary__All_Eligible,Oil_Rents_GDP_Pct_lag1,primary,All_Eligible,Country_Holdout_CV,OOF_ALL_FOLDS,RandomForest,signal_increment,-0.00799999999999999,0.9995
M1_Macro_vs_M2_Macro_Oil__primary__All_Eligible,Oil_Rents_GDP_Pct_lag1,primary,All_Eligible,Country_Holdout_CV,OOF_ALL_FOLDS,RandomForest,signal_increment,-0.007499999999999989,0.9985
M1_Macro_vs_M2_Macro_Oil__primary__All_Eligible,Oil_Rents_GDP_Pct_lag1,primary,All_Eligible,Country_Holdout_CV,OOF_ALL_FOLDS,RandomForest,signal_increment,-0.006999999999999989,0.9975
M1_Macro_vs_M2_Macro_Oil__primary__All_Eligible,Oil_Rents_GDP_Pct_lag1,primary,All_Eligible,Country_Holdout_CV,OOF_ALL_FOLDS,RandomForest,signal_increment,-0.006499999999999988,0.996
M1_Macro_vs_M2_Macro_Oil__primary__All_Eligible,Oil_Rents_GDP_Pct_lag1,primary,All_Eligible,Country_Holdout_CV,OOF_ALL_FOLDS,RandomForest,signal_increment,-0.005999999999999988,0.996
M1_Macro_vs_M2_Macro_Oil__primary__All_Eligible,Oil_Rents_GDP_Pct_lag1,primary,All_Eligible,Country_Holdout_CV,OOF_ALL_FOLDS,RandomForest,signal_increment,-0.0054999999999999875,0.996
M1_Macro_vs_M2_Macro_Oil__primary__All_Eligible,Oil_Rents_GDP_Pct_lag1,primary,All_Eligible,Country_Holdout_CV,OOF_ALL_FOLDS,RandomForest,signal_increment,-0.004999999999999987,0.995
M1_Macro_vs_M2_Macro_Oil__primary__All_Eligible,Oil_Rents_GDP_Pct_lag1,primary,All_Eligible,Country_Holdout_CV,OOF_ALL_FOLDS,RandomForest,signal_increment,-0.004499999999999987,0.993
M1_Macro_vs_M2_Macro_Oil__primary__All_Eligible,Oil_Rents_GDP_Pct_lag1,primary,All_Eligible,Country_Holdout_CV,OOF_ALL_FOLDS,RandomForest,signal_increment,-0.003999999999999986,0.993
M1_Macro_vs_M2_Macro_Oil__primary__All_Eligible,Oil_Rents_GDP_Pct_lag1,primary,All_Eligible,Country_Holdout_CV,OOF_ALL_FOLDS,RandomForest,signal_increment,-0.0034999999999999858,0.9915
M1_Macro_vs_M2_Macro_Oil__primary__All_Eligible,Oil_Rents_GDP_Pct_lag1,primary,All_Eligible,Country_Holdout_CV,OOF_ALL_FOLDS,RandomForest,signal_increment,-0.0029999999999999853,0.9905
M1_Macro_vs_M2_Macro_Oil__primary__All_Eligible,Oil_Rents_GDP_Pct_lag1,primary,All_Eligible,Country_Holdout_CV,OOF_ALL_FOLDS,RandomForest,signal_increment,-0.002499999999999985,0.989
M1_Macro_vs_M2_Macro_Oil__primary__All_Eligible,Oil_Rents_GDP_Pct_lag1,primary,All_Eligible,Country_Holdout_CV,OOF_ALL_FOLDS,RandomForest,signal_increment,-0.0019999999999999844,0.987
M1_Macro_vs_M2_Macro_Oil__primary__All_Eligible,Oil_Rents_GDP_Pct_lag1,primary,All_Eligible,Country_Holdout_CV,OOF_ALL_FOLDS,RandomForest,signal_increment,-0.001499999999999984,0.9855
M1_Macro_vs_M2_Macro_Oil__primary__All_Eligible,Oil_Rents_GDP_Pct_lag1,primary,All_Eligible,Country_Holdout_CV,OOF_ALL_FOLDS,RandomForest,signal_increment,-0.0009999999999999835,0.983
M1_Macro_vs_M2_Macro_Oil__primary__All_Eligible,Oil_Rents_GDP_Pct_lag1,primary,All_Eligible,Country_Holdout_CV,OOF_ALL_FOLDS,RandomForest,signal_increment,-0.0004999999999999831,0.9815
M1_Macro_vs_M2_Macro_Oil__primary__All_Eligible,Oil_Rents_GDP_Pct_lag1,primary,All_Eligible,Country_Holdout_CV,OOF_ALL_FOLDS,RandomForest,signal_increment,1.734723475976807e-17,0.978
M1_Macro_vs_M2_Macro_Oil__primary__All_Eligible,Oil_Rents_GDP_Pct_lag1,primary,All_Eligible,Country_Holdout_CV,OOF_ALL_FOLDS,RandomForest,signal_increment,0.0005000000000000178,0.9755
M1_Macro_vs_M2_Macro_Oil__primary__All_Eligible,Oil_Rents_GDP_Pct_lag1,primary,All_Eligible,Country_Holdout_CV,OOF_ALL_FOLDS,RandomForest,signal_increment,0.0010000000000000182,0.973
M1_Macro_vs_M2_Macro_Oil__primary__All_Eligible,Oil_Rents_GDP_Pct_lag1,primary,All_Eligible,Country_Holdout_CV,OOF_ALL_FOLDS,RandomForest,signal_increment,0.0015000000000000187,0.971
M1_Macro_vs_M2_Macro_Oil__primary__All_Eligible,Oil_Rents_GDP_Pct_lag1,primary,All_Eligible,Country_Holdout_CV,OOF_ALL_FOLDS,RandomForest,signal_increment,0.002000000000000019,0.9685
M1_Macro_vs_M2_Macro_Oil__primary__All_Eligible,Oil_Rents_GDP_Pct_lag1,primary,All_Eligible,Country_Holdout_CV,OOF_ALL_FOLDS,RandomForest,signal_increment,0.0025000000000000196,0.965
M1_Macro_vs_M2_Macro_Oil__primary__All_Eligible,Oil_Rents_GDP_Pct_lag1,primary,All_Eligible,Country_Holdout_CV,OOF_ALL_FOLDS,RandomForest,signal_increment,0.00300000000000002,0.9615
M1_Macro_vs_M2_Macro_Oil__primary__All_Eligible,Oil_Rents_GDP_Pct_lag1,primary,All_Eligible,Country_Holdout_CV,OOF_ALL_FOLDS,RandomForest,signal_increment,0.0035000000000000205,0.958
M1_Macro_vs_M2_Macro_Oil__primary__All_Eligible,Oil_Rents_GDP_Pct_lag1,primary,All_Eligible,Country_Holdout_CV,OOF_ALL_FOLDS,RandomForest,signal_increment,0.004000000000000021,0.955
M1_Macro_vs_M2_Macro_Oil__primary__All_Eligible,Oil_Rents_GDP_Pct_lag1,primary,All_Eligible,Country_Holdout_CV,OOF_ALL_FOLDS,RandomForest,signal_increment,0.004500000000000021,0.9495
M1_Macro_vs_M2_Macro_Oil__primary__All_Eligible,Oil_Rents_GDP_Pct_lag1,primary,All_Eligible,Country_Holdout_CV,OOF_ALL_FOLDS,RandomForest,signal_increment,0.005000000000000022,0.946
M1_Macro_vs_M2_Macro_Oil__primary__All_Eligible,Oil_Rents_GDP_Pct_lag1,primary,All_Eligible,Country_Holdout_CV,OOF_ALL_FOLDS,RandomForest,signal_increment,0.005500000000000022,0.9435
M1_Macro_vs_M2_Macro_Oil__primary__All_Eligible,Oil_Rents_GDP_Pct_lag1,primary,All_Eligible,Country_Holdout_CV,OOF_ALL_FOLDS,RandomForest,signal_increment,0.006000000000000023,0.937
M1_Macro_vs_M2_Macro_Oil__primary__All_Eligible,Oil_Rents_GDP_Pct_lag1,primary,All_Eligible,Country_Holdout_CV,OOF_ALL_FOLDS,RandomForest,signal_increment,0.006500000000000023,0.9295
M1_Macro_vs_M2_Macro_Oil__primary__All_Eligible,Oil_Rents_GDP_Pct_lag1,primary,All_Eligible,Country_Holdout_CV,OOF_ALL_FOLDS,RandomForest,signal_increment,0.0070000000000000236,0.925
M1_Macro_vs_M2_Macro_Oil__primary__All_Eligible,Oil_Rents_GDP_Pct_lag1,primary,All_Eligible,Country_Holdout_CV,OOF_ALL_FOLDS,RandomForest,signal_increment,0.007500000000000024,0.918
M1_Macro_vs_M2_Macro_Oil__primary__All_Eligible,Oil_Rents_GDP_Pct_lag1,primary,All_Eligible,Country_Holdout_CV,OOF_ALL_FOLDS,RandomForest,signal_increment,0.008000000000000024,0.909
M1_Macro_vs_M2_Macro_Oil__primary__All_Eligible,Oil_Rents_GDP_Pct_lag1,primary,All_Eligible,Country_Holdout_CV,OOF_ALL_FOLDS,RandomForest,signal_increment,0.008500000000000025,0.901
M1_Macro_vs_M2_Macro_Oil__primary__All_Eligible,Oil_Rents_GDP_Pct_lag1,primary,All_Eligible,Country_Holdout_CV,OOF_ALL_FOLDS,RandomForest,signal_increment,0.009000000000000025,0.8935
M1_Macro_vs_M2_Macro_Oil__primary__All_Eligible,Oil_Rents_GDP_Pct_lag1,primary,All_Eligible,Country_Holdout_CV,OOF_ALL_FOLDS,RandomForest,signal_increment,0.009500000000000026,0.883
M1_Macro_vs_M2_Macro_Oil__primary__All_Eligible,Oil_Rents_GDP_Pct_lag1,primary,All_Eligible,Country_Holdout_CV,OOF_ALL_FOLDS,RandomForest,signal_increment,0.010000000000000026,0.8725
M1_Macro_vs_M2_Macro_Oil__primary__All_Eligible,Oil_Rents_GDP_Pct_lag1,primary,All_Eligible,Country_Holdout_CV,OOF_ALL_FOLDS,RandomForest,signal_increment,0.010500000000000027,0.8645
M1_Macro_vs_M2_Macro_Oil__primary__All_Eligible,Oil_Rents_GDP_Pct_lag1,primary,All_Eligible,Country_Holdout_CV,OOF_ALL_FOLDS,RandomForest,signal_increment,0.011000000000000027,0.8525
M1_Macro_vs_M2_Macro_Oil__primary__All_Eligible,Oil_Rents_GDP_Pct_lag1,primary,All_Eligible,Country_Holdout_CV,OOF_ALL_FOLDS,RandomForest,signal_increment,0.011500000000000028,0.837
M1_Macro_vs_M2_Macro_Oil__primary__All_Eligible,Oil_Rents_GDP_Pct_lag1,primary,All_Eligible,Country_Holdout_CV,OOF_ALL_FOLDS,RandomForest,signal_increment,0.012000000000000028,0.828
M1_Macro_vs_M2_Macro_Oil__primary__All_Eligible,Oil_Rents_GDP_Pct_lag1,primary,All_Eligible,Country_Holdout_CV,OOF_ALL_FOLDS,RandomForest,signal_increment,0.012500000000000028,0.817
M1_Macro_vs_M2_Macro_Oil__primary__All_Eligible,Oil_Rents_GDP_Pct_lag1,primary,All_Eligible,Country_Holdout_CV,OOF_ALL_FOLDS,RandomForest,signal_increment,0.013000000000000029,0.802
M1_Macro_vs_M2_Macro_Oil__primary__All_Eligible,Oil_Rents_GDP_Pct_lag1,primary,All_Eligible,Country_Holdout_CV,OOF_ALL_FOLDS,RandomForest,signal_increment,0.01350000000000003,0.793
M1_Macro_vs_M2_Macro_Oil__primary__All_Eligible,Oil_Rents_GDP_Pct_lag1,primary,All_Eligible,Country_Holdout_CV,OOF_ALL_FOLDS,RandomForest,signal_increment,0.01400000000000003,0.7815
M1_Macro_vs_M2_Macro_Oil__primary__All_Eligible,Oil_Rents_GDP_Pct_lag1,primary,All_Eligible,Country_Holdout_CV,OOF_ALL_FOLDS,RandomForest,signal_increment,0.01450000000000003,0.765
M1_Macro_vs_M2_Macro_Oil__primary__All_Eligible,Oil_Rents_GDP_Pct_lag1,primary,All_Eligible,Country_Holdout_CV,OOF_ALL_FOLDS,RandomForest,signal_increment,0.01500000000000003,0.7505
M1_Macro_vs_M2_Macro_Oil__primary__All_Eligible,Oil_Rents_GDP_Pct_lag1,primary,All_Eligible,Country_Holdout_CV,OOF_ALL_FOLDS,RandomForest,signal_increment,0.015500000000000031,0.7375
M1_Macro_vs_M2_Macro_Oil__primary__All_Eligible,Oil_Rents_GDP_Pct_lag1,primary,All_Eligible,Country_Holdout_CV,OOF_ALL_FOLDS,RandomForest,signal_increment,0.01600000000000003,0.7245
M1_Macro_vs_M2_Macro_Oil__primary__All_Eligible,Oil_Rents_GDP_Pct_lag1,primary,All_Eligible,Country_Holdout_CV,OOF_ALL_FOLDS,RandomForest,signal_increment,0.016500000000000032,0.711
M1_Macro_vs_M2_Macro_Oil__primary__All_Eligible,Oil_Rents_GDP_Pct_lag1,primary,All_Eligible,Country_Holdout_CV,OOF_ALL_FOLDS,RandomForest,signal_increment,0.017000000000000032,0.697
M1_Macro_vs_M2_Macro_Oil__primary__All_Eligible,Oil_Rents_GDP_Pct_lag1,primary,All_Eligible,Country_Holdout_CV,OOF_ALL_FOLDS,RandomForest,signal_increment,0.017500000000000033,0.682
M1_Macro_vs_M2_Macro_Oil__primary__All_Eligible,Oil_Rents_GDP_Pct_lag1,primary,All_Eligible,Country_Holdout_CV,OOF_ALL_FOLDS,RandomForest,signal_increment,0.018000000000000033,0.669
M1_Macro_vs_M2_Macro_Oil__primary__All_Eligible,Oil_Rents_GDP_Pct_lag1,primary,All_Eligible,Country_Holdout_CV,OOF_ALL_FOLDS,RandomForest,signal_increment,0.018500000000000034,0.6475
M1_Macro_vs_M2_Macro_Oil__primary__All_Eligible,Oil_Rents_GDP_Pct_lag1,primary,All_Eligible,Country_Holdout_CV,OOF_ALL_FOLDS,RandomForest,signal_increment,0.019000000000000034,0.627
M1_Macro_vs_M2_Macro_Oil__primary__All_Eligible,Oil_Rents_GDP_Pct_lag1,primary,All_Eligible,Country_Holdout_CV,OOF_ALL_FOLDS,RandomForest,signal_increment,0.019500000000000035,0.6095
M1_Macro_vs_M2_Macro_Oil__primary__All_Eligible,Oil_Rents_GDP_Pct_lag1,primary,All_Eligible,Country_Holdout_CV,OOF_ALL_FOLDS,RandomForest,signal_increment,0.020000000000000035,0.593
M1_Macro_vs_M2_Macro_Oil__primary__All_Eligible,Oil_Rents_GDP_Pct_lag1,primary,All_Eligible,Country_Holdout_CV,OOF_ALL_FOLDS,RandomForest,signal_increment,0.020500000000000036,0.574
M1_Macro_vs_M2_Macro_Oil__primary__All_Eligible,Oil_Rents_GDP_Pct_lag1,primary,All_Eligible,Country_Holdout_CV,OOF_ALL_FOLDS,RandomForest,signal_increment,0.021000000000000036,0.5545
M1_Macro_vs_M2_Macro_Oil__primary__All_Eligible,Oil_Rents_GDP_Pct_lag1,primary,All_Eligible,Country_Holdout_CV,OOF_ALL_FOLDS,RandomForest,signal_increment,0.021500000000000036,0.5365
M1_Macro_vs_M2_Macro_Oil__primary__All_Eligible,Oil_Rents_GDP_Pct_lag1,primary,All_Eligible,Country_Holdout_CV,OOF_ALL_FOLDS,RandomForest,signal_increment,0.022000000000000037,0.5225
M1_Macro_vs_M2_Macro_Oil__primary__All_Eligible,Oil_Rents_GDP_Pct_lag1,primary,All_Eligible,Country_Holdout_CV,OOF_ALL_FOLDS,RandomForest,signal_increment,0.022500000000000037,0.5095
M1_Macro_vs_M2_Macro_Oil__primary__All_Eligible,Oil_Rents_GDP_Pct_lag1,primary,All_Eligible,Country_Holdout_CV,OOF_ALL_FOLDS,RandomForest,signal_increment,0.023000000000000038,0.491
M1_Macro_vs_M2_Macro_Oil__primary__All_Eligible,Oil_Rents_GDP_Pct_lag1,primary,All_Eligible,Country_Holdout_CV,OOF_ALL_FOLDS,RandomForest,signal_increment,0.023500000000000038,0.469
M1_Macro_vs_M2_Macro_Oil__primary__All_Eligible,Oil_Rents_GDP_Pct_lag1,primary,All_Eligible,Country_Holdout_CV,OOF_ALL_FOLDS,RandomForest,signal_increment,0.02400000000000004,0.4585
M1_Macro_vs_M2_Macro_Oil__primary__All_Eligible,Oil_Rents_GDP_Pct_lag1,primary,All_Eligible,Country_Holdout_CV,OOF_ALL_FOLDS,RandomForest,signal_increment,0.02450000000000004,0.445
M1_Macro_vs_M2_Macro_Oil__primary__All_Eligible,Oil_Rents_GDP_Pct_lag1,primary,All_Eligible,Country_Holdout_CV,OOF_ALL_FOLDS,RandomForest,signal_increment,0.02500000000000004,0.4225
M1_Macro_vs_M2_Macro_Oil__primary__All_Eligible,Oil_Rents_GDP_Pct_lag1,primary,All_Eligible,Country_Holdout_CV,OOF_ALL_FOLDS,RandomForest,signal_increment,0.02550000000000004,0.41
M1_Macro_vs_M2_Macro_Oil__primary__All_Eligible,Oil_Rents_GDP_Pct_lag1,primary,All_Eligible,Country_Holdout_CV,OOF_ALL_FOLDS,RandomForest,signal_increment,0.02600000000000004,0.3915
M1_Macro_vs_M2_Macro_Oil__primary__All_Eligible,Oil_Rents_GDP_Pct_lag1,primary,All_Eligible,Country_Holdout_CV,OOF_ALL_FOLDS,RandomForest,signal_increment,0.02650000000000004,0.375
M1_Macro_vs_M2_Macro_Oil__primary__All_Eligible,Oil_Rents_GDP_Pct_lag1,primary,All_Eligible,Country_Holdout_CV,OOF_ALL_FOLDS,RandomForest,signal_increment,0.02700000000000004,0.358
M1_Macro_vs_M2_Macro_Oil__primary__All_Eligible,Oil_Rents_GDP_Pct_lag1,primary,All_Eligible,Country_Holdout_CV,OOF_ALL_FOLDS,RandomForest,signal_increment,0.027500000000000042,0.3435
M1_Macro_vs_M2_Macro_Oil__primary__All_Eligible,Oil_Rents_GDP_Pct_lag1,primary,All_Eligible,Country_Holdout_CV,OOF_ALL_FOLDS,RandomForest,signal_increment,0.028000000000000042,0.328
M1_Macro_vs_M2_Macro_Oil__primary__All_Eligible,Oil_Rents_GDP_Pct_lag1,primary,All_Eligible,Country_Holdout_CV,OOF_ALL_FOLDS,RandomForest,signal_increment,0.028500000000000043,0.309
M1_Macro_vs_M2_Macro_Oil__primary__All_Eligible,Oil_Rents_GDP_Pct_lag1,primary,All_Eligible,Country_Holdout_CV,OOF_ALL_FOLDS,RandomForest,signal_increment,0.029000000000000043,0.294
M1_Macro_vs_M2_Macro_Oil__primary__All_Eligible,Oil_Rents_GDP_Pct_lag1,primary,All_Eligible,Country_Holdout_CV,OOF_ALL_FOLDS,RandomForest,signal_increment,0.029500000000000044,0.279
M1_Macro_vs_M2_Macro_Oil__primary__All_Eligible,Oil_Rents_GDP_Pct_lag1,primary,All_Eligible,Country_Holdout_CV,OOF_ALL_FOLDS,RandomForest,signal_increment,0.030000000000000044,0.269
M1_Macro_vs_M2_Macro_Oil__primary__All_Eligible,Oil_Rents_GDP_Pct_lag1,primary,All_Eligible,Country_Holdout_CV,OOF_ALL_FOLDS,RandomForest,added_model_vs_strongest_benchmark,-0.02,1.0
M1_Macro_vs_M2_Macro_Oil__primary__All_Eligible,Oil_Rents_GDP_Pct_lag1,primary,All_Eligible,Country_Holdout_CV,OOF_ALL_FOLDS,RandomForest,added_model_vs_strongest_benchmark,-0.0195,1.0
M1_Macro_vs_M2_Macro_Oil__primary__All_Eligible,Oil_Rents_GDP_Pct_lag1,primary,All_Eligible,Country_Holdout_CV,OOF_ALL_FOLDS,RandomForest,added_model_vs_strongest_benchmark,-0.019,1.0
M1_Macro_vs_M2_Macro_Oil__primary__All_Eligible,Oil_Rents_GDP_Pct_lag1,primary,All_Eligible,Country_Holdout_CV,OOF_ALL_FOLDS,RandomForest,added_model_vs_strongest_benchmark,-0.0185,1.0
M1_Macro_vs_M2_Macro_Oil__primary__All_Eligible,Oil_Rents_GDP_Pct_lag1,primary,All_Eligible,Country_Holdout_CV,OOF_ALL_FOLDS,RandomForest,added_model_vs_strongest_benchmark,-0.018,1.0
M1_Macro_vs_M2_Macro_Oil__primary__All_Eligible,Oil_Rents_GDP_Pct_lag1,primary,All_Eligible,Country_Holdout_CV,OOF_ALL_FOLDS,RandomForest,added_model_vs_strongest_benchmark,-0.017499999999999998,1.0
M1_Macro_vs_M2_Macro_Oil__primary__All_Eligible,Oil_Rents_GDP_Pct_lag1,primary,All_Eligible,Country_Holdout_CV,OOF_ALL_FOLDS,RandomForest,added_model_vs_strongest_benchmark,-0.016999999999999998,1.0
M1_Macro_vs_M2_Macro_Oil__primary__All_Eligible,Oil_Rents_GDP_Pct_lag1,primary,All_Eligible,Country_Holdout_CV,OOF_ALL_FOLDS,RandomForest,added_model_vs_strongest_benchmark,-0.016499999999999997,1.0
M1_Macro_vs_M2_Macro_Oil__primary__All_Eligible,Oil_Rents_GDP_Pct_lag1,primary,All_Eligible,Country_Holdout_CV,OOF_ALL_FOLDS,RandomForest,added_model_vs_strongest_benchmark,-0.015999999999999997,1.0
M1_Macro_vs_M2_Macro_Oil__primary__All_Eligible,Oil_Rents_GDP_Pct_lag1,primary,All_Eligible,Country_Holdout_CV,OOF_ALL_FOLDS,RandomForest,added_model_vs_strongest_benchmark,-0.015499999999999996,1.0
M1_Macro_vs_M2_Macro_Oil__primary__All_Eligible,Oil_Rents_GDP_Pct_lag1,primary,All_Eligible,Country_Holdout_CV,OOF_ALL_FOLDS,RandomForest,added_model_vs_strongest_benchmark,-0.014999999999999996,1.0
M1_Macro_vs_M2_Macro_Oil__primary__All_Eligible,Oil_Rents_GDP_Pct_lag1,primary,All_Eligible,Country_Holdout_CV,OOF_ALL_FOLDS,RandomForest,added_model_vs_strongest_benchmark,-0.014499999999999996,1.0
M1_Macro_vs_M2_Macro_Oil__primary__All_Eligible,Oil_Rents_GDP_Pct_lag1,primary,All_Eligible,Country_Holdout_CV,OOF_ALL_FOLDS,RandomForest,added_model_vs_strongest_benchmark,-0.013999999999999995,1.0
M1_Macro_vs_M2_Macro_Oil__primary__All_Eligible,Oil_Rents_GDP_Pct_lag1,primary,All_Eligible,Country_Holdout_CV,OOF_ALL_FOLDS,RandomForest,added_model_vs_strongest_benchmark,-0.013499999999999995,1.0
M1_Macro_vs_M2_Macro_Oil__primary__All_Eligible,Oil_Rents_GDP_Pct_lag1,primary,All_Eligible,Country_Holdout_CV,OOF_ALL_FOLDS,RandomForest,added_model_vs_strongest_benchmark,-0.012999999999999994,1.0
M1_Macro_vs_M2_Macro_Oil__primary__All_Eligible,Oil_Rents_GDP_Pct_lag1,primary,All_Eligible,Country_Holdout_CV,OOF_ALL_FOLDS,RandomForest,added_model_vs_strongest_benchmark,-0.012499999999999994,1.0
M1_Macro_vs_M2_Macro_Oil__primary__All_Eligible,Oil_Rents_GDP_Pct_lag1,primary,All_Eligible,Country_Holdout_CV,OOF_ALL_FOLDS,RandomForest,added_model_vs_strongest_benchmark,-0.011999999999999993,1.0
M1_Macro_vs_M2_Macro_Oil__primary__All_Eligible,Oil_Rents_GDP_Pct_lag1,primary,All_Eligible,Country_Holdout_CV,OOF_ALL_FOLDS,RandomForest,added_model_vs_strongest_benchmark,-0.011499999999999993,1.0
M1_Macro_vs_M2_Macro_Oil__primary__All_Eligible,Oil_Rents_GDP_Pct_lag1,primary,All_Eligible,Country_Holdout_CV,OOF_ALL_FOLDS,RandomForest,added_model_vs_strongest_benchmark,-0.010999999999999992,1.0
M1_Macro_vs_M2_Macro_Oil__primary__All_Eligible,Oil_Rents_GDP_Pct_lag1,primary,All_Eligible,Country_Holdout_CV,OOF_ALL_FOLDS,RandomForest,added_model_vs_strongest_benchmark,-0.010499999999999992,1.0
M1_Macro_vs_M2_Macro_Oil__primary__All_Eligible,Oil_Rents_GDP_Pct_lag1,primary,All_Eligible,Country_Holdout_CV,OOF_ALL_FOLDS,RandomForest,added_model_vs_strongest_benchmark,-0.009999999999999992,1.0
M1_Macro_vs_M2_Macro_Oil__primary__All_Eligible,Oil_Rents_GDP_Pct_lag1,primary,All_Eligible,Country_Holdout_CV,OOF_ALL_FOLDS,RandomForest,added_model_vs_strongest_benchmark,-0.009499999999999991,1.0
M1_Macro_vs_M2_Macro_Oil__primary__All_Eligible,Oil_Rents_GDP_Pct_lag1,primary,All_Eligible,Country_Holdout_CV,OOF_ALL_FOLDS,RandomForest,added_model_vs_strongest_benchmark,-0.00899999999999999,1.0
M1_Macro_vs_M2_Macro_Oil__primary__All_Eligible,Oil_Rents_GDP_Pct_lag1,primary,All_Eligible,Country_Holdout_CV,OOF_ALL_FOLDS,RandomForest,added_model_vs_strongest_benchmark,-0.00849999999999999,1.0
M1_Macro_vs_M2_Macro_Oil__primary__All_Eligible,Oil_Rents_GDP_Pct_lag1,primary,All_Eligible,Country_Holdout_CV,OOF_ALL_FOLDS,RandomForest,added_model_vs_strongest_benchmark,-0.00799999999999999,1.0
M1_Macro_vs_M2_Macro_Oil__primary__All_Eligible,Oil_Rents_GDP_Pct_lag1,primary,All_Eligible,Country_Holdout_CV,OOF_ALL_FOLDS,RandomForest,added_model_vs_strongest_benchmark,-0.007499999999999989,1.0
M1_Macro_vs_M2_Macro_Oil__primary__All_Eligible,Oil_Rents_GDP_Pct_lag1,primary,All_Eligible,Country_Holdout_CV,OOF_ALL_FOLDS,RandomForest,added_model_vs_strongest_benchmark,-0.006999999999999989,1.0
M1_Macro_vs_M2_Macro_Oil__primary__All_Eligible,Oil_Rents_GDP_Pct_lag1,primary,All_Eligible,Country_Holdout_CV,OOF_ALL_FOLDS,RandomForest,added_model_vs_strongest_benchmark,-0.006499999999999988,1.0
M1_Macro_vs_M2_Macro_Oil__primary__All_Eligible,Oil_Rents_GDP_Pct_lag1,primary,All_Eligible,Country_Holdout_CV,OOF_ALL_FOLDS,RandomForest,added_model_vs_strongest_benchmark,-0.005999999999999988,1.0
M1_Macro_vs_M2_Macro_Oil__primary__All_Eligible,Oil_Rents_GDP_Pct_lag1,primary,All_Eligible,Country_Holdout_CV,OOF_ALL_FOLDS,RandomForest,added_model_vs_strongest_benchmark,-0.0054999999999999875,1.0
M1_Macro_vs_M2_Macro_Oil__primary__All_Eligible,Oil_Rents_GDP_Pct_lag1,primary,All_Eligible,Country_Holdout_CV,OOF_ALL_FOLDS,RandomForest,added_model_vs_strongest_benchmark,-0.004999999999999987,1.0
M1_Macro_vs_M2_Macro_Oil__primary__All_Eligible,Oil_Rents_GDP_Pct_lag1,primary,All_Eligible,Country_Holdout_CV,OOF_ALL_FOLDS,RandomForest,added_model_vs_strongest_benchmark,-0.004499999999999987,1.0
M1_Macro_vs_M2_Macro_Oil__primary__All_Eligible,Oil_Rents_GDP_Pct_lag1,primary,All_Eligible,Country_Holdout_CV,OOF_ALL_FOLDS,RandomForest,added_model_vs_strongest_benchmark,-0.003999999999999986,1.0
M1_Macro_vs_M2_Macro_Oil__primary__All_Eligible,Oil_Rents_GDP_Pct_lag1,primary,All_Eligible,Country_Holdout_CV,OOF_ALL_FOLDS,RandomForest,added_model_vs_strongest_benchmark,-0.0034999999999999858,1.0
M1_Macro_vs_M2_Macro_Oil__primary__All_Eligible,Oil_Rents_GDP_Pct_lag1,primary,All_Eligible,Country_Holdout_CV,OOF_ALL_FOLDS,RandomForest,added_model_vs_strongest_benchmark,-0.0029999999999999853,1.0
M1_Macro_vs_M2_Macro_Oil__primary__All_Eligible,Oil_Rents_GDP_Pct_lag1,primary,All_Eligible,Country_Holdout_CV,OOF_ALL_FOLDS,RandomForest,added_model_vs_strongest_benchmark,-0.002499999999999985,1.0
M1_Macro_vs_M2_Macro_Oil__primary__All_Eligible,Oil_Rents_GDP_Pct_lag1,primary,All_Eligible,Country_Holdout_CV,OOF_ALL_FOLDS,RandomForest,added_model_vs_strongest_benchmark,-0.0019999999999999844,1.0
M1_Macro_vs_M2_Macro_Oil__primary__All_Eligible,Oil_Rents_GDP_Pct_lag1,primary,All_Eligible,Country_Holdout_CV,OOF_ALL_FOLDS,RandomForest,added_model_vs_strongest_benchmark,-0.001499999999999984,1.0
M1_Macro_vs_M2_Macro_Oil__primary__All_Eligible,Oil_Rents_GDP_Pct_lag1,primary,All_Eligible,Country_Holdout_CV,OOF_ALL_FOLDS,RandomForest,added_model_vs_strongest_benchmark,-0.0009999999999999835,1.0
M1_Macro_vs_M2_Macro_Oil__primary__All_Eligible,Oil_Rents_GDP_Pct_lag1,primary,All_Eligible,Country_Holdout_CV,OOF_ALL_FOLDS,RandomForest,added_model_vs_strongest_benchmark,-0.0004999999999999831,1.0
M1_Macro_vs_M2_Macro_Oil__primary__All_Eligible,Oil_Rents_GDP_Pct_lag1,primary,All_Eligible,Country_Holdout_CV,OOF_ALL_FOLDS,RandomForest,added_model_vs_strongest_benchmark,1.734723475976807e-17,1.0
M1_Macro_vs_M2_Macro_Oil__primary__All_Eligible,Oil_Rents_GDP_Pct_lag1,primary,All_Eligible,Country_Holdout_CV,OOF_ALL_FOLDS,RandomForest,added_model_vs_strongest_benchmark,0.0005000000000000178,1.0
M1_Macro_vs_M2_Macro_Oil__primary__All_Eligible,Oil_Rents_GDP_Pct_lag1,primary,All_Eligible,Country_Holdout_CV,OOF_ALL_FOLDS,RandomForest,added_model_vs_strongest_benchmark,0.0010000000000000182,1.0
M1_Macro_vs_M2_Macro_Oil__primary__All_Eligible,Oil_Rents_GDP_Pct_lag1,primary,All_Eligible,Country_Holdout_CV,OOF_ALL_FOLDS,RandomForest,added_model_vs_strongest_benchmark,0.0015000000000000187,1.0
M1_Macro_vs_M2_Macro_Oil__primary__All_Eligible,Oil_Rents_GDP_Pct_lag1,primary,All_Eligible,Country_Holdout_CV,OOF_ALL_FOLDS,RandomForest,added_model_vs_strongest_benchmark,0.002000000000000019,1.0
M1_Macro_vs_M2_Macro_Oil__primary__All_Eligible,Oil_Rents_GDP_Pct_lag1,primary,All_Eligible,Country_Holdout_CV,OOF_ALL_FOLDS,RandomForest,added_model_vs_strongest_benchmark,0.0025000000000000196,1.0
M1_Macro_vs_M2_Macro_Oil__primary__All_Eligible,Oil_Rents_GDP_Pct_lag1,primary,All_Eligible,Country_Holdout_CV,OOF_ALL_FOLDS,RandomForest,added_model_vs_strongest_benchmark,0.00300000000000002,1.0
M1_Macro_vs_M2_Macro_Oil__primary__All_Eligible,Oil_Rents_GDP_Pct_lag1,primary,All_Eligible,Country_Holdout_CV,OOF_ALL_FOLDS,RandomForest,added_model_vs_strongest_benchmark,0.0035000000000000205,1.0
M1_Macro_vs_M2_Macro_Oil__primary__All_Eligible,Oil_Rents_GDP_Pct_lag1,primary,All_Eligible,Country_Holdout_CV,OOF_ALL_FOLDS,RandomForest,added_model_vs_strongest_benchmark,0.004000000000000021,1.0
M1_Macro_vs_M2_Macro_Oil__primary__All_Eligible,Oil_Rents_GDP_Pct_lag1,primary,All_Eligible,Country_Holdout_CV,OOF_ALL_FOLDS,RandomForest,added_model_vs_strongest_benchmark,0.004500000000000021,1.0
M1_Macro_vs_M2_Macro_Oil__primary__All_Eligible,Oil_Rents_GDP_Pct_lag1,primary,All_Eligible,Country_Holdout_CV,OOF_ALL_FOLDS,RandomForest,added_model_vs_strongest_benchmark,0.005000000000000022,1.0
M1_Macro_vs_M2_Macro_Oil__primary__All_Eligible,Oil_Rents_GDP_Pct_lag1,primary,All_Eligible,Country_Holdout_CV,OOF_ALL_FOLDS,RandomForest,added_model_vs_strongest_benchmark,0.005500000000000022,1.0
M1_Macro_vs_M2_Macro_Oil__primary__All_Eligible,Oil_Rents_GDP_Pct_lag1,primary,All_Eligible,Country_Holdout_CV,OOF_ALL_FOLDS,RandomForest,added_model_vs_strongest_benchmark,0.006000000000000023,1.0
M1_Macro_vs_M2_Macro_Oil__primary__All_Eligible,Oil_Rents_GDP_Pct_lag1,primary,All_Eligible,Country_Holdout_CV,OOF_ALL_FOLDS,RandomForest,added_model_vs_strongest_benchmark,0.006500000000000023,1.0
M1_Macro_vs_M2_Macro_Oil__primary__All_Eligible,Oil_Rents_GDP_Pct_lag1,primary,All_Eligible,Country_Holdout_CV,OOF_ALL_FOLDS,RandomForest,added_model_vs_strongest_benchmark,0.0070000000000000236,1.0
M1_Macro_vs_M2_Macro_Oil__primary__All_Eligible,Oil_Rents_GDP_Pct_lag1,primary,All_Eligible,Country_Holdout_CV,OOF_ALL_FOLDS,RandomForest,added_model_vs_strongest_benchmark,0.007500000000000024,1.0
M1_Macro_vs_M2_Macro_Oil__primary__All_Eligible,Oil_Rents_GDP_Pct_lag1,primary,All_Eligible,Country_Holdout_CV,OOF_ALL_FOLDS,RandomForest,added_model_vs_strongest_benchmark,0.008000000000000024,1.0
M1_Macro_vs_M2_Macro_Oil__primary__All_Eligible,Oil_Rents_GDP_Pct_lag1,primary,All_Eligible,Country_Holdout_CV,OOF_ALL_FOLDS,RandomForest,added_model_vs_strongest_benchmark,0.008500000000000025,1.0
M1_Macro_vs_M2_Macro_Oil__primary__All_Eligible,Oil_Rents_GDP_Pct_lag1,primary,All_Eligible,Country_Holdout_CV,OOF_ALL_FOLDS,RandomForest,added_model_vs_strongest_benchmark,0.009000000000000025,1.0
M1_Macro_vs_M2_Macro_Oil__primary__All_Eligible,Oil_Rents_GDP_Pct_lag1,primary,All_Eligible,Country_Holdout_CV,OOF_ALL_FOLDS,RandomForest,added_model_vs_strongest_benchmark,0.009500000000000026,1.0
M1_Macro_vs_M2_Macro_Oil__primary__All_Eligible,Oil_Rents_GDP_Pct_lag1,primary,All_Eligible,Country_Holdout_CV,OOF_ALL_FOLDS,RandomForest,added_model_vs_strongest_benchmark,0.010000000000000026,1.0
M1_Macro_vs_M2_Macro_Oil__primary__All_Eligible,Oil_Rents_GDP_Pct_lag1,primary,All_Eligible,Country_Holdout_CV,OOF_ALL_FOLDS,RandomForest,added_model_vs_strongest_benchmark,0.010500000000000027,1.0
M1_Macro_vs_M2_Macro_Oil__primary__All_Eligible,Oil_Rents_GDP_Pct_lag1,primary,All_Eligible,Country_Holdout_CV,OOF_ALL_FOLDS,RandomForest,added_model_vs_strongest_benchmark,0.011000000000000027,1.0
M1_Macro_vs_M2_Macro_Oil__primary__All_Eligible,Oil_Rents_GDP_Pct_lag1,primary,All_Eligible,Country_Holdout_CV,OOF_ALL_FOLDS,RandomForest,added_model_vs_strongest_benchmark,0.011500000000000028,1.0
M1_Macro_vs_M2_Macro_Oil__primary__All_Eligible,Oil_Rents_GDP_Pct_lag1,primary,All_Eligible,Country_Holdout_CV,OOF_ALL_FOLDS,RandomForest,added_model_vs_strongest_benchmark,0.012000000000000028,1.0
M1_Macro_vs_M2_Macro_Oil__primary__All_Eligible,Oil_Rents_GDP_Pct_lag1,primary,All_Eligible,Country_Holdout_CV,OOF_ALL_FOLDS,RandomForest,added_model_vs_strongest_benchmark,0.012500000000000028,1.0
M1_Macro_vs_M2_Macro_Oil__primary__All_Eligible,Oil_Rents_GDP_Pct_lag1,primary,All_Eligible,Country_Holdout_CV,OOF_ALL_FOLDS,RandomForest,added_model_vs_strongest_benchmark,0.013000000000000029,1.0
M1_Macro_vs_M2_Macro_Oil__primary__All_Eligible,Oil_Rents_GDP_Pct_lag1,primary,All_Eligible,Country_Holdout_CV,OOF_ALL_FOLDS,RandomForest,added_model_vs_strongest_benchmark,0.01350000000000003,1.0
M1_Macro_vs_M2_Macro_Oil__primary__All_Eligible,Oil_Rents_GDP_Pct_lag1,primary,All_Eligible,Country_Holdout_CV,OOF_ALL_FOLDS,RandomForest,added_model_vs_strongest_benchmark,0.01400000000000003,1.0
M1_Macro_vs_M2_Macro_Oil__primary__All_Eligible,Oil_Rents_GDP_Pct_lag1,primary,All_Eligible,Country_Holdout_CV,OOF_ALL_FOLDS,RandomForest,added_model_vs_strongest_benchmark,0.01450000000000003,1.0
M1_Macro_vs_M2_Macro_Oil__primary__All_Eligible,Oil_Rents_GDP_Pct_lag1,primary,All_Eligible,Country_Holdout_CV,OOF_ALL_FOLDS,RandomForest,added_model_vs_strongest_benchmark,0.01500000000000003,1.0
M1_Macro_vs_M2_Macro_Oil__primary__All_Eligible,Oil_Rents_GDP_Pct_lag1,primary,All_Eligible,Country_Holdout_CV,OOF_ALL_FOLDS,RandomForest,added_model_vs_strongest_benchmark,0.015500000000000031,1.0
M1_Macro_vs_M2_Macro_Oil__primary__All_Eligible,Oil_Rents_GDP_Pct_lag1,primary,All_Eligible,Country_Holdout_CV,OOF_ALL_FOLDS,RandomForest,added_model_vs_strongest_benchmark,0.01600000000000003,1.0
M1_Macro_vs_M2_Macro_Oil__primary__All_Eligible,Oil_Rents_GDP_Pct_lag1,primary,All_Eligible,Country_Holdout_CV,OOF_ALL_FOLDS,RandomForest,added_model_vs_strongest_benchmark,0.016500000000000032,1.0
M1_Macro_vs_M2_Macro_Oil__primary__All_Eligible,Oil_Rents_GDP_Pct_lag1,primary,All_Eligible,Country_Holdout_CV,OOF_ALL_FOLDS,RandomForest,added_model_vs_strongest_benchmark,0.017000000000000032,1.0
M1_Macro_vs_M2_Macro_Oil__primary__All_Eligible,Oil_Rents_GDP_Pct_lag1,primary,All_Eligible,Country_Holdout_CV,OOF_ALL_FOLDS,RandomForest,added_model_vs_strongest_benchmark,0.017500000000000033,1.0
M1_Macro_vs_M2_Macro_Oil__primary__All_Eligible,Oil_Rents_GDP_Pct_lag1,primary,All_Eligible,Country_Holdout_CV,OOF_ALL_FOLDS,RandomForest,added_model_vs_strongest_benchmark,0.018000000000000033,1.0
M1_Macro_vs_M2_Macro_Oil__primary__All_Eligible,Oil_Rents_GDP_Pct_lag1,primary,All_Eligible,Country_Holdout_CV,OOF_ALL_FOLDS,RandomForest,added_model_vs_strongest_benchmark,0.018500000000000034,1.0
M1_Macro_vs_M2_Macro_Oil__primary__All_Eligible,Oil_Rents_GDP_Pct_lag1,primary,All_Eligible,Country_Holdout_CV,OOF_ALL_FOLDS,RandomForest,added_model_vs_strongest_benchmark,0.019000000000000034,1.0
M1_Macro_vs_M2_Macro_Oil__primary__All_Eligible,Oil_Rents_GDP_Pct_lag1,primary,All_Eligible,Country_Holdout_CV,OOF_ALL_FOLDS,RandomForest,added_model_vs_strongest_benchmark,0.019500000000000035,1.0
M1_Macro_vs_M2_Macro_Oil__primary__All_Eligible,Oil_Rents_GDP_Pct_lag1,primary,All_Eligible,Country_Holdout_CV,OOF_ALL_FOLDS,RandomForest,added_model_vs_strongest_benchmark,0.020000000000000035,1.0
M1_Macro_vs_M2_Macro_Oil__primary__All_Eligible,Oil_Rents_GDP_Pct_lag1,primary,All_Eligible,Country_Holdout_CV,OOF_ALL_FOLDS,RandomForest,added_model_vs_strongest_benchmark,0.020500000000000036,1.0
M1_Macro_vs_M2_Macro_Oil__primary__All_Eligible,Oil_Rents_GDP_Pct_lag1,primary,All_Eligible,Country_Holdout_CV,OOF_ALL_FOLDS,RandomForest,added_model_vs_strongest_benchmark,0.021000000000000036,1.0
M1_Macro_vs_M2_Macro_Oil__primary__All_Eligible,Oil_Rents_GDP_Pct_lag1,primary,All_Eligible,Country_Holdout_CV,OOF_ALL_FOLDS,RandomForest,added_model_vs_strongest_benchmark,0.021500000000000036,1.0
M1_Macro_vs_M2_Macro_Oil__primary__All_Eligible,Oil_Rents_GDP_Pct_lag1,primary,All_Eligible,Country_Holdout_CV,OOF_ALL_FOLDS,RandomForest,added_model_vs_strongest_benchmark,0.022000000000000037,1.0
M1_Macro_vs_M2_Macro_Oil__primary__All_Eligible,Oil_Rents_GDP_Pct_lag1,primary,All_Eligible,Country_Holdout_CV,OOF_ALL_FOLDS,RandomForest,added_model_vs_strongest_benchmark,0.022500000000000037,1.0
M1_Macro_vs_M2_Macro_Oil__primary__All_Eligible,Oil_Rents_GDP_Pct_lag1,primary,All_Eligible,Country_Holdout_CV,OOF_ALL_FOLDS,RandomForest,added_model_vs_strongest_benchmark,0.023000000000000038,1.0
M1_Macro_vs_M2_Macro_Oil__primary__All_Eligible,Oil_Rents_GDP_Pct_lag1,primary,All_Eligible,Country_Holdout_CV,OOF_ALL_FOLDS,RandomForest,added_model_vs_strongest_benchmark,0.023500000000000038,1.0
M1_Macro_vs_M2_Macro_Oil__primary__All_Eligible,Oil_Rents_GDP_Pct_lag1,primary,All_Eligible,Country_Holdout_CV,OOF_ALL_FOLDS,RandomForest,added_model_vs_strongest_benchmark,0.02400000000000004,1.0
M1_Macro_vs_M2_Macro_Oil__primary__All_Eligible,Oil_Rents_GDP_Pct_lag1,primary,All_Eligible,Country_Holdout_CV,OOF_ALL_FOLDS,RandomForest,added_model_vs_strongest_benchmark,0.02450000000000004,1.0
M1_Macro_vs_M2_Macro_Oil__primary__All_Eligible,Oil_Rents_GDP_Pct_lag1,primary,All_Eligible,Country_Holdout_CV,OOF_ALL_FOLDS,RandomForest,added_model_vs_strongest_benchmark,0.02500000000000004,1.0
M1_Macro_vs_M2_Macro_Oil__primary__All_Eligible,Oil_Rents_GDP_Pct_lag1,primary,All_Eligible,Country_Holdout_CV,OOF_ALL_FOLDS,RandomForest,added_model_vs_strongest_benchmark,0.02550000000000004,1.0
M1_Macro_vs_M2_Macro_Oil__primary__All_Eligible,Oil_Rents_GDP_Pct_lag1,primary,All_Eligible,Country_Holdout_CV,OOF_ALL_FOLDS,RandomForest,added_model_vs_strongest_benchmark,0.02600000000000004,1.0
M1_Macro_vs_M2_Macro_Oil__primary__All_Eligible,Oil_Rents_GDP_Pct_lag1,primary,All_Eligible,Country_Holdout_CV,OOF_ALL_FOLDS,RandomForest,added_model_vs_strongest_benchmark,0.02650000000000004,1.0
M1_Macro_vs_M2_Macro_Oil__primary__All_Eligible,Oil_Rents_GDP_Pct_lag1,primary,All_Eligible,Country_Holdout_CV,OOF_ALL_FOLDS,RandomForest,added_model_vs_strongest_benchmark,0.02700000000000004,1.0
M1_Macro_vs_M2_Macro_Oil__primary__All_Eligible,Oil_Rents_GDP_Pct_lag1,primary,All_Eligible,Country_Holdout_CV,OOF_ALL_FOLDS,RandomForest,added_model_vs_strongest_benchmark,0.027500000000000042,1.0
M1_Macro_vs_M2_Macro_Oil__primary__All_Eligible,Oil_Rents_GDP_Pct_lag1,primary,All_Eligible,Country_Holdout_CV,OOF_ALL_FOLDS,RandomForest,added_model_vs_strongest_benchmark,0.028000000000000042,1.0
M1_Macro_vs_M2_Macro_Oil__primary__All_Eligible,Oil_Rents_GDP_Pct_lag1,primary,All_Eligible,Country_Holdout_CV,OOF_ALL_FOLDS,RandomForest,added_model_vs_strongest_benchmark,0.028500000000000043,1.0
M1_Macro_vs_M2_Macro_Oil__primary__All_Eligible,Oil_Rents_GDP_Pct_lag1,primary,All_Eligible,Country_Holdout_CV,OOF_ALL_FOLDS,RandomForest,added_model_vs_strongest_benchmark,0.029000000000000043,1.0
M1_Macro_vs_M2_Macro_Oil__primary__All_Eligible,Oil_Rents_GDP_Pct_lag1,primary,All_Eligible,Country_Holdout_CV,OOF_ALL_FOLDS,RandomForest,added_model_vs_strongest_benchmark,0.029500000000000044,1.0
M1_Macro_vs_M2_Macro_Oil__primary__All_Eligible,Oil_Rents_GDP_Pct_lag1,primary,All_Eligible,Country_Holdout_CV,OOF_ALL_FOLDS,RandomForest,added_model_vs_strongest_benchmark,0.030000000000000044,1.0
M1_Macro_vs_M2_Macro_Oil__primary__All_Eligible,Oil_Rents_GDP_Pct_lag1,primary,All_Eligible,Future_Period,train_to_2012__test_from_2013,Ridge,signal_increment,-0.02,1.0
M1_Macro_vs_M2_Macro_Oil__primary__All_Eligible,Oil_Rents_GDP_Pct_lag1,primary,All_Eligible,Future_Period,train_to_2012__test_from_2013,Ridge,signal_increment,-0.0195,1.0
M1_Macro_vs_M2_Macro_Oil__primary__All_Eligible,Oil_Rents_GDP_Pct_lag1,primary,All_Eligible,Future_Period,train_to_2012__test_from_2013,Ridge,signal_increment,-0.019,1.0
M1_Macro_vs_M2_Macro_Oil__primary__All_Eligible,Oil_Rents_GDP_Pct_lag1,primary,All_Eligible,Future_Period,train_to_2012__test_from_2013,Ridge,signal_increment,-0.0185,1.0
M1_Macro_vs_M2_Macro_Oil__primary__All_Eligible,Oil_Rents_GDP_Pct_lag1,primary,All_Eligible,Future_Period,train_to_2012__test_from_2013,Ridge,signal_increment,-0.018,1.0
M1_Macro_vs_M2_Macro_Oil__primary__All_Eligible,Oil_Rents_GDP_Pct_lag1,primary,All_Eligible,Future_Period,train_to_2012__test_from_2013,Ridge,signal_increment,-0.017499999999999998,1.0
M1_Macro_vs_M2_Macro_Oil__primary__All_Eligible,Oil_Rents_GDP_Pct_lag1,primary,All_Eligible,Future_Period,train_to_2012__test_from_2013,Ridge,signal_increment,-0.016999999999999998,1.0
M1_Macro_vs_M2_Macro_Oil__primary__All_Eligible,Oil_Rents_GDP_Pct_lag1,primary,All_Eligible,Future_Period,train_to_2012__test_from_2013,Ridge,signal_increment,-0.016499999999999997,1.0
M1_Macro_vs_M2_Macro_Oil__primary__All_Eligible,Oil_Rents_GDP_Pct_lag1,primary,All_Eligible,Future_Period,train_to_2012__test_from_2013,Ridge,signal_increment,-0.015999999999999997,1.0
M1_Macro_vs_M2_Macro_Oil__primary__All_Eligible,Oil_Rents_GDP_Pct_lag1,primary,All_Eligible,Future_Period,train_to_2012__test_from_2013,Ridge,signal_increment,-0.015499999999999996,1.0
M1_Macro_vs_M2_Macro_Oil__primary__All_Eligible,Oil_Rents_GDP_Pct_lag1,primary,All_Eligible,Future_Period,train_to_2012__test_from_2013,Ridge,signal_increment,-0.014999999999999996,1.0
M1_Macro_vs_M2_Macro_Oil__primary__All_Eligible,Oil_Rents_GDP_Pct_lag1,primary,All_Eligible,Future_Period,train_to_2012__test_from_2013,Ridge,signal_increment,-0.014499999999999996,1.0
M1_Macro_vs_M2_Macro_Oil__primary__All_Eligible,Oil_Rents_GDP_Pct_lag1,primary,All_Eligible,Future_Period,train_to_2012__test_from_2013,Ridge,signal_increment,-0.013999999999999995,1.0
M1_Macro_vs_M2_Macro_Oil__primary__All_Eligible,Oil_Rents_GDP_Pct_lag1,primary,All_Eligible,Future_Period,train_to_2012__test_from_2013,Ridge,signal_increment,-0.013499999999999995,1.0
M1_Macro_vs_M2_Macro_Oil__primary__All_Eligible,Oil_Rents_GDP_Pct_lag1,primary,All_Eligible,Future_Period,train_to_2012__test_from_2013,Ridge,signal_increment,-0.012999999999999994,1.0
M1_Macro_vs_M2_Macro_Oil__primary__All_Eligible,Oil_Rents_GDP_Pct_lag1,primary,All_Eligible,Future_Period,train_to_2012__test_from_2013,Ridge,signal_increment,-0.012499999999999994,1.0
M1_Macro_vs_M2_Macro_Oil__primary__All_Eligible,Oil_Rents_GDP_Pct_lag1,primary,All_Eligible,Future_Period,train_to_2012__test_from_2013,Ridge,signal_increment,-0.011999999999999993,1.0
M1_Macro_vs_M2_Macro_Oil__primary__All_Eligible,Oil_Rents_GDP_Pct_lag1,primary,All_Eligible,Future_Period,train_to_2012__test_from_2013,Ridge,signal_increment,-0.011499999999999993,1.0
M1_Macro_vs_M2_Macro_Oil__primary__All_Eligible,Oil_Rents_GDP_Pct_lag1,primary,All_Eligible,Future_Period,train_to_2012__test_from_2013,Ridge,signal_increment,-0.010999999999999992,1.0
M1_Macro_vs_M2_Macro_Oil__primary__All_Eligible,Oil_Rents_GDP_Pct_lag1,primary,All_Eligible,Future_Period,train_to_2012__test_from_2013,Ridge,signal_increment,-0.010499999999999992,1.0
M1_Macro_vs_M2_Macro_Oil__primary__All_Eligible,Oil_Rents_GDP_Pct_lag1,primary,All_Eligible,Future_Period,train_to_2012__test_from_2013,Ridge,signal_increment,-0.009999999999999992,1.0
M1_Macro_vs_M2_Macro_Oil__primary__All_Eligible,Oil_Rents_GDP_Pct_lag1,primary,All_Eligible,Future_Period,train_to_2012__test_from_2013,Ridge,signal_increment,-0.009499999999999991,1.0
M1_Macro_vs_M2_Macro_Oil__primary__All_Eligible,Oil_Rents_GDP_Pct_lag1,primary,All_Eligible,Future_Period,train_to_2012__test_from_2013,Ridge,signal_increment,-0.00899999999999999,1.0
M1_Macro_vs_M2_Macro_Oil__primary__All_Eligible,Oil_Rents_GDP_Pct_lag1,primary,All_Eligible,Future_Period,train_to_2012__test_from_2013,Ridge,signal_increment,-0.00849999999999999,1.0
M1_Macro_vs_M2_Macro_Oil__primary__All_Eligible,Oil_Rents_GDP_Pct_lag1,primary,All_Eligible,Future_Period,train_to_2012__test_from_2013,Ridge,signal_increment,-0.00799999999999999,1.0
M1_Macro_vs_M2_Macro_Oil__primary__All_Eligible,Oil_Rents_GDP_Pct_lag1,primary,All_Eligible,Future_Period,train_to_2012__test_from_2013,Ridge,signal_increment,-0.007499999999999989,1.0
M1_Macro_vs_M2_Macro_Oil__primary__All_Eligible,Oil_Rents_GDP_Pct_lag1,primary,All_Eligible,Future_Period,train_to_2012__test_from_2013,Ridge,signal_increment,-0.006999999999999989,1.0
M1_Macro_vs_M2_Macro_Oil__primary__All_Eligible,Oil_Rents_GDP_Pct_lag1,primary,All_Eligible,Future_Period,train_to_2012__test_from_2013,Ridge,signal_increment,-0.006499999999999988,1.0
M1_Macro_vs_M2_Macro_Oil__primary__All_Eligible,Oil_Rents_GDP_Pct_lag1,primary,All_Eligible,Future_Period,train_to_2012__test_from_2013,Ridge,signal_increment,-0.005999999999999988,1.0
M1_Macro_vs_M2_Macro_Oil__primary__All_Eligible,Oil_Rents_GDP_Pct_lag1,primary,All_Eligible,Future_Period,train_to_2012__test_from_2013,Ridge,signal_increment,-0.0054999999999999875,1.0
M1_Macro_vs_M2_Macro_Oil__primary__All_Eligible,Oil_Rents_GDP_Pct_lag1,primary,All_Eligible,Future_Period,train_to_2012__test_from_2013,Ridge,signal_increment,-0.004999999999999987,1.0
M1_Macro_vs_M2_Macro_Oil__primary__All_Eligible,Oil_Rents_GDP_Pct_lag1,primary,All_Eligible,Future_Period,train_to_2012__test_from_2013,Ridge,signal_increment,-0.004499999999999987,1.0
M1_Macro_vs_M2_Macro_Oil__primary__All_Eligible,Oil_Rents_GDP_Pct_lag1,primary,All_Eligible,Future_Period,train_to_2012__test_from_2013,Ridge,signal_increment,-0.003999999999999986,0.9995
M1_Macro_vs_M2_Macro_Oil__primary__All_Eligible,Oil_Rents_GDP_Pct_lag1,primary,All_Eligible,Future_Period,train_to_2012__test_from_2013,Ridge,signal_increment,-0.0034999999999999858,0.999
M1_Macro_vs_M2_Macro_Oil__primary__All_Eligible,Oil_Rents_GDP_Pct_lag1,primary,All_Eligible,Future_Period,train_to_2012__test_from_2013,Ridge,signal_increment,-0.0029999999999999853,0.9975
M1_Macro_vs_M2_Macro_Oil__primary__All_Eligible,Oil_Rents_GDP_Pct_lag1,primary,All_Eligible,Future_Period,train_to_2012__test_from_2013,Ridge,signal_increment,-0.002499999999999985,0.997
M1_Macro_vs_M2_Macro_Oil__primary__All_Eligible,Oil_Rents_GDP_Pct_lag1,primary,All_Eligible,Future_Period,train_to_2012__test_from_2013,Ridge,signal_increment,-0.0019999999999999844,0.9955
M1_Macro_vs_M2_Macro_Oil__primary__All_Eligible,Oil_Rents_GDP_Pct_lag1,primary,All_Eligible,Future_Period,train_to_2012__test_from_2013,Ridge,signal_increment,-0.001499999999999984,0.9945
M1_Macro_vs_M2_Macro_Oil__primary__All_Eligible,Oil_Rents_GDP_Pct_lag1,primary,All_Eligible,Future_Period,train_to_2012__test_from_2013,Ridge,signal_increment,-0.0009999999999999835,0.9915
M1_Macro_vs_M2_Macro_Oil__primary__All_Eligible,Oil_Rents_GDP_Pct_lag1,primary,All_Eligible,Future_Period,train_to_2012__test_from_2013,Ridge,signal_increment,-0.0004999999999999831,0.987
M1_Macro_vs_M2_Macro_Oil__primary__All_Eligible,Oil_Rents_GDP_Pct_lag1,primary,All_Eligible,Future_Period,train_to_2012__test_from_2013,Ridge,signal_increment,1.734723475976807e-17,0.9805
M1_Macro_vs_M2_Macro_Oil__primary__All_Eligible,Oil_Rents_GDP_Pct_lag1,primary,All_Eligible,Future_Period,train_to_2012__test_from_2013,Ridge,signal_increment,0.0005000000000000178,0.974
M1_Macro_vs_M2_Macro_Oil__primary__All_Eligible,Oil_Rents_GDP_Pct_lag1,primary,All_Eligible,Future_Period,train_to_2012__test_from_2013,Ridge,signal_increment,0.0010000000000000182,0.962
M1_Macro_vs_M2_Macro_Oil__primary__All_Eligible,Oil_Rents_GDP_Pct_lag1,primary,All_Eligible,Future_Period,train_to_2012__test_from_2013,Ridge,signal_increment,0.0015000000000000187,0.9445
M1_Macro_vs_M2_Macro_Oil__primary__All_Eligible,Oil_Rents_GDP_Pct_lag1,primary,All_Eligible,Future_Period,train_to_2012__test_from_2013,Ridge,signal_increment,0.002000000000000019,0.927
M1_Macro_vs_M2_Macro_Oil__primary__All_Eligible,Oil_Rents_GDP_Pct_lag1,primary,All_Eligible,Future_Period,train_to_2012__test_from_2013,Ridge,signal_increment,0.0025000000000000196,0.9045
M1_Macro_vs_M2_Macro_Oil__primary__All_Eligible,Oil_Rents_GDP_Pct_lag1,primary,All_Eligible,Future_Period,train_to_2012__test_from_2013,Ridge,signal_increment,0.00300000000000002,0.8825
M1_Macro_vs_M2_Macro_Oil__primary__All_Eligible,Oil_Rents_GDP_Pct_lag1,primary,All_Eligible,Future_Period,train_to_2012__test_from_2013,Ridge,signal_increment,0.0035000000000000205,0.8565
M1_Macro_vs_M2_Macro_Oil__primary__All_Eligible,Oil_Rents_GDP_Pct_lag1,primary,All_Eligible,Future_Period,train_to_2012__test_from_2013,Ridge,signal_increment,0.004000000000000021,0.8205
M1_Macro_vs_M2_Macro_Oil__primary__All_Eligible,Oil_Rents_GDP_Pct_lag1,primary,All_Eligible,Future_Period,train_to_2012__test_from_2013,Ridge,signal_increment,0.004500000000000021,0.781
M1_Macro_vs_M2_Macro_Oil__primary__All_Eligible,Oil_Rents_GDP_Pct_lag1,primary,All_Eligible,Future_Period,train_to_2012__test_from_2013,Ridge,signal_increment,0.005000000000000022,0.7385
M1_Macro_vs_M2_Macro_Oil__primary__All_Eligible,Oil_Rents_GDP_Pct_lag1,primary,All_Eligible,Future_Period,train_to_2012__test_from_2013,Ridge,signal_increment,0.005500000000000022,0.7005
M1_Macro_vs_M2_Macro_Oil__primary__All_Eligible,Oil_Rents_GDP_Pct_lag1,primary,All_Eligible,Future_Period,train_to_2012__test_from_2013,Ridge,signal_increment,0.006000000000000023,0.6575
M1_Macro_vs_M2_Macro_Oil__primary__All_Eligible,Oil_Rents_GDP_Pct_lag1,primary,All_Eligible,Future_Period,train_to_2012__test_from_2013,Ridge,signal_increment,0.006500000000000023,0.6125
M1_Macro_vs_M2_Macro_Oil__primary__All_Eligible,Oil_Rents_GDP_Pct_lag1,primary,All_Eligible,Future_Period,train_to_2012__test_from_2013,Ridge,signal_increment,0.0070000000000000236,0.5725
M1_Macro_vs_M2_Macro_Oil__primary__All_Eligible,Oil_Rents_GDP_Pct_lag1,primary,All_Eligible,Future_Period,train_to_2012__test_from_2013,Ridge,signal_increment,0.007500000000000024,0.5205
M1_Macro_vs_M2_Macro_Oil__primary__All_Eligible,Oil_Rents_GDP_Pct_lag1,primary,All_Eligible,Future_Period,train_to_2012__test_from_2013,Ridge,signal_increment,0.008000000000000024,0.472
M1_Macro_vs_M2_Macro_Oil__primary__All_Eligible,Oil_Rents_GDP_Pct_lag1,primary,All_Eligible,Future_Period,train_to_2012__test_from_2013,Ridge,signal_increment,0.008500000000000025,0.427
M1_Macro_vs_M2_Macro_Oil__primary__All_Eligible,Oil_Rents_GDP_Pct_lag1,primary,All_Eligible,Future_Period,train_to_2012__test_from_2013,Ridge,signal_increment,0.009000000000000025,0.3855
M1_Macro_vs_M2_Macro_Oil__primary__All_Eligible,Oil_Rents_GDP_Pct_lag1,primary,All_Eligible,Future_Period,train_to_2012__test_from_2013,Ridge,signal_increment,0.009500000000000026,0.3445
M1_Macro_vs_M2_Macro_Oil__primary__All_Eligible,Oil_Rents_GDP_Pct_lag1,primary,All_Eligible,Future_Period,train_to_2012__test_from_2013,Ridge,signal_increment,0.010000000000000026,0.306
M1_Macro_vs_M2_Macro_Oil__primary__All_Eligible,Oil_Rents_GDP_Pct_lag1,primary,All_Eligible,Future_Period,train_to_2012__test_from_2013,Ridge,signal_increment,0.010500000000000027,0.2745
M1_Macro_vs_M2_Macro_Oil__primary__All_Eligible,Oil_Rents_GDP_Pct_lag1,primary,All_Eligible,Future_Period,train_to_2012__test_from_2013,Ridge,signal_increment,0.011000000000000027,0.239
M1_Macro_vs_M2_Macro_Oil__primary__All_Eligible,Oil_Rents_GDP_Pct_lag1,primary,All_Eligible,Future_Period,train_to_2012__test_from_2013,Ridge,signal_increment,0.011500000000000028,0.2115
M1_Macro_vs_M2_Macro_Oil__primary__All_Eligible,Oil_Rents_GDP_Pct_lag1,primary,All_Eligible,Future_Period,train_to_2012__test_from_2013,Ridge,signal_increment,0.012000000000000028,0.1835
M1_Macro_vs_M2_Macro_Oil__primary__All_Eligible,Oil_Rents_GDP_Pct_lag1,primary,All_Eligible,Future_Period,train_to_2012__test_from_2013,Ridge,signal_increment,0.012500000000000028,0.153
M1_Macro_vs_M2_Macro_Oil__primary__All_Eligible,Oil_Rents_GDP_Pct_lag1,primary,All_Eligible,Future_Period,train_to_2012__test_from_2013,Ridge,signal_increment,0.013000000000000029,0.1275
M1_Macro_vs_M2_Macro_Oil__primary__All_Eligible,Oil_Rents_GDP_Pct_lag1,primary,All_Eligible,Future_Period,train_to_2012__test_from_2013,Ridge,signal_increment,0.01350000000000003,0.107
M1_Macro_vs_M2_Macro_Oil__primary__All_Eligible,Oil_Rents_GDP_Pct_lag1,primary,All_Eligible,Future_Period,train_to_2012__test_from_2013,Ridge,signal_increment,0.01400000000000003,0.089
M1_Macro_vs_M2_Macro_Oil__primary__All_Eligible,Oil_Rents_GDP_Pct_lag1,primary,All_Eligible,Future_Period,train_to_2012__test_from_2013,Ridge,signal_increment,0.01450000000000003,0.0745
M1_Macro_vs_M2_Macro_Oil__primary__All_Eligible,Oil_Rents_GDP_Pct_lag1,primary,All_Eligible,Future_Period,train_to_2012__test_from_2013,Ridge,signal_increment,0.01500000000000003,0.06
M1_Macro_vs_M2_Macro_Oil__primary__All_Eligible,Oil_Rents_GDP_Pct_lag1,primary,All_Eligible,Future_Period,train_to_2012__test_from_2013,Ridge,signal_increment,0.015500000000000031,0.0495
M1_Macro_vs_M2_Macro_Oil__primary__All_Eligible,Oil_Rents_GDP_Pct_lag1,primary,All_Eligible,Future_Period,train_to_2012__test_from_2013,Ridge,signal_increment,0.01600000000000003,0.0385
M1_Macro_vs_M2_Macro_Oil__primary__All_Eligible,Oil_Rents_GDP_Pct_lag1,primary,All_Eligible,Future_Period,train_to_2012__test_from_2013,Ridge,signal_increment,0.016500000000000032,0.0275
M1_Macro_vs_M2_Macro_Oil__primary__All_Eligible,Oil_Rents_GDP_Pct_lag1,primary,All_Eligible,Future_Period,train_to_2012__test_from_2013,Ridge,signal_increment,0.017000000000000032,0.0205
M1_Macro_vs_M2_Macro_Oil__primary__All_Eligible,Oil_Rents_GDP_Pct_lag1,primary,All_Eligible,Future_Period,train_to_2012__test_from_2013,Ridge,signal_increment,0.017500000000000033,0.0155
M1_Macro_vs_M2_Macro_Oil__primary__All_Eligible,Oil_Rents_GDP_Pct_lag1,primary,All_Eligible,Future_Period,train_to_2012__test_from_2013,Ridge,signal_increment,0.018000000000000033,0.0125
M1_Macro_vs_M2_Macro_Oil__primary__All_Eligible,Oil_Rents_GDP_Pct_lag1,primary,All_Eligible,Future_Period,train_to_2012__test_from_2013,Ridge,signal_increment,0.018500000000000034,0.01
M1_Macro_vs_M2_Macro_Oil__primary__All_Eligible,Oil_Rents_GDP_Pct_lag1,primary,All_Eligible,Future_Period,train_to_2012__test_from_2013,Ridge,signal_increment,0.019000000000000034,0.0075
M1_Macro_vs_M2_Macro_Oil__primary__All_Eligible,Oil_Rents_GDP_Pct_lag1,primary,All_Eligible,Future_Period,train_to_2012__test_from_2013,Ridge,signal_increment,0.019500000000000035,0.006
M1_Macro_vs_M2_Macro_Oil__primary__All_Eligible,Oil_Rents_GDP_Pct_lag1,primary,All_Eligible,Future_Period,train_to_2012__test_from_2013,Ridge,signal_increment,0.020000000000000035,0.005
M1_Macro_vs_M2_Macro_Oil__primary__All_Eligible,Oil_Rents_GDP_Pct_lag1,primary,All_Eligible,Future_Period,train_to_2012__test_from_2013,Ridge,signal_increment,0.020500000000000036,0.004
M1_Macro_vs_M2_Macro_Oil__primary__All_Eligible,Oil_Rents_GDP_Pct_lag1,primary,All_Eligible,Future_Period,train_to_2012__test_from_2013,Ridge,signal_increment,0.021000000000000036,0.004
M1_Macro_vs_M2_Macro_Oil__primary__All_Eligible,Oil_Rents_GDP_Pct_lag1,primary,All_Eligible,Future_Period,train_to_2012__test_from_2013,Ridge,signal_increment,0.021500000000000036,0.0035
M1_Macro_vs_M2_Macro_Oil__primary__All_Eligible,Oil_Rents_GDP_Pct_lag1,primary,All_Eligible,Future_Period,train_to_2012__test_from_2013,Ridge,signal_increment,0.022000000000000037,0.003
M1_Macro_vs_M2_Macro_Oil__primary__All_Eligible,Oil_Rents_GDP_Pct_lag1,primary,All_Eligible,Future_Period,train_to_2012__test_from_2013,Ridge,signal_increment,0.022500000000000037,0.002
M1_Macro_vs_M2_Macro_Oil__primary__All_Eligible,Oil_Rents_GDP_Pct_lag1,primary,All_Eligible,Future_Period,train_to_2012__test_from_2013,Ridge,signal_increment,0.023000000000000038,0.0015
M1_Macro_vs_M2_Macro_Oil__primary__All_Eligible,Oil_Rents_GDP_Pct_lag1,primary,All_Eligible,Future_Period,train_to_2012__test_from_2013,Ridge,signal_increment,0.023500000000000038,0.001
M1_Macro_vs_M2_Macro_Oil__primary__All_Eligible,Oil_Rents_GDP_Pct_lag1,primary,All_Eligible,Future_Period,train_to_2012__test_from_2013,Ridge,signal_increment,0.02400000000000004,0.001
M1_Macro_vs_M2_Macro_Oil__primary__All_Eligible,Oil_Rents_GDP_Pct_lag1,primary,All_Eligible,Future_Period,train_to_2012__test_from_2013,Ridge,signal_increment,0.02450000000000004,0.0005
M1_Macro_vs_M2_Macro_Oil__primary__All_Eligible,Oil_Rents_GDP_Pct_lag1,primary,All_Eligible,Future_Period,train_to_2012__test_from_2013,Ridge,signal_increment,0.02500000000000004,0.0005
M1_Macro_vs_M2_Macro_Oil__primary__All_Eligible,Oil_Rents_GDP_Pct_lag1,primary,All_Eligible,Future_Period,train_to_2012__test_from_2013,Ridge,signal_increment,0.02550000000000004,0.0005
M1_Macro_vs_M2_Macro_Oil__primary__All_Eligible,Oil_Rents_GDP_Pct_lag1,primary,All_Eligible,Future_Period,train_to_2012__test_from_2013,Ridge,signal_increment,0.02600000000000004,0.0
M1_Macro_vs_M2_Macro_Oil__primary__All_Eligible,Oil_Rents_GDP_Pct_lag1,primary,All_Eligible,Future_Period,train_to_2012__test_from_2013,Ridge,signal_increment,0.02650000000000004,0.0
M1_Macro_vs_M2_Macro_Oil__primary__All_Eligible,Oil_Rents_GDP_Pct_lag1,primary,All_Eligible,Future_Period,train_to_2012__test_from_2013,Ridge,signal_increment,0.02700000000000004,0.0
M1_Macro_vs_M2_Macro_Oil__primary__All_Eligible,Oil_Rents_GDP_Pct_lag1,primary,All_Eligible,Future_Period,train_to_2012__test_from_2013,Ridge,signal_increment,0.027500000000000042,0.0
M1_Macro_vs_M2_Macro_Oil__primary__All_Eligible,Oil_Rents_GDP_Pct_lag1,primary,All_Eligible,Future_Period,train_to_2012__test_from_2013,Ridge,signal_increment,0.028000000000000042,0.0
M1_Macro_vs_M2_Macro_Oil__primary__All_Eligible,Oil_Rents_GDP_Pct_lag1,primary,All_Eligible,Future_Period,train_to_2012__test_from_2013,Ridge,signal_increment,0.028500000000000043,0.0
M1_Macro_vs_M2_Macro_Oil__primary__All_Eligible,Oil_Rents_GDP_Pct_lag1,primary,All_Eligible,Future_Period,train_to_2012__test_from_2013,Ridge,signal_increment,0.029000000000000043,0.0
M1_Macro_vs_M2_Macro_Oil__primary__All_Eligible,Oil_Rents_GDP_Pct_lag1,primary,All_Eligible,Future_Period,train_to_2012__test_from_2013,Ridge,signal_increment,0.029500000000000044,0.0
M1_Macro_vs_M2_Macro_Oil__primary__All_Eligible,Oil_Rents_GDP_Pct_lag1,primary,All_Eligible,Future_Period,train_to_2012__test_from_2013,Ridge,signal_increment,0.030000000000000044,0.0
M1_Macro_vs_M2_Macro_Oil__primary__All_Eligible,Oil_Rents_GDP_Pct_lag1,primary,All_Eligible,Future_Period,train_to_2012__test_from_2013,Ridge,added_model_vs_strongest_benchmark,-0.02,1.0
M1_Macro_vs_M2_Macro_Oil__primary__All_Eligible,Oil_Rents_GDP_Pct_lag1,primary,All_Eligible,Future_Period,train_to_2012__test_from_2013,Ridge,added_model_vs_strongest_benchmark,-0.0195,1.0
M1_Macro_vs_M2_Macro_Oil__primary__All_Eligible,Oil_Rents_GDP_Pct_lag1,primary,All_Eligible,Future_Period,train_to_2012__test_from_2013,Ridge,added_model_vs_strongest_benchmark,-0.019,1.0
M1_Macro_vs_M2_Macro_Oil__primary__All_Eligible,Oil_Rents_GDP_Pct_lag1,primary,All_Eligible,Future_Period,train_to_2012__test_from_2013,Ridge,added_model_vs_strongest_benchmark,-0.0185,1.0
M1_Macro_vs_M2_Macro_Oil__primary__All_Eligible,Oil_Rents_GDP_Pct_lag1,primary,All_Eligible,Future_Period,train_to_2012__test_from_2013,Ridge,added_model_vs_strongest_benchmark,-0.018,1.0
M1_Macro_vs_M2_Macro_Oil__primary__All_Eligible,Oil_Rents_GDP_Pct_lag1,primary,All_Eligible,Future_Period,train_to_2012__test_from_2013,Ridge,added_model_vs_strongest_benchmark,-0.017499999999999998,1.0
M1_Macro_vs_M2_Macro_Oil__primary__All_Eligible,Oil_Rents_GDP_Pct_lag1,primary,All_Eligible,Future_Period,train_to_2012__test_from_2013,Ridge,added_model_vs_strongest_benchmark,-0.016999999999999998,1.0
M1_Macro_vs_M2_Macro_Oil__primary__All_Eligible,Oil_Rents_GDP_Pct_lag1,primary,All_Eligible,Future_Period,train_to_2012__test_from_2013,Ridge,added_model_vs_strongest_benchmark,-0.016499999999999997,1.0
M1_Macro_vs_M2_Macro_Oil__primary__All_Eligible,Oil_Rents_GDP_Pct_lag1,primary,All_Eligible,Future_Period,train_to_2012__test_from_2013,Ridge,added_model_vs_strongest_benchmark,-0.015999999999999997,1.0
M1_Macro_vs_M2_Macro_Oil__primary__All_Eligible,Oil_Rents_GDP_Pct_lag1,primary,All_Eligible,Future_Period,train_to_2012__test_from_2013,Ridge,added_model_vs_strongest_benchmark,-0.015499999999999996,1.0
M1_Macro_vs_M2_Macro_Oil__primary__All_Eligible,Oil_Rents_GDP_Pct_lag1,primary,All_Eligible,Future_Period,train_to_2012__test_from_2013,Ridge,added_model_vs_strongest_benchmark,-0.014999999999999996,1.0
M1_Macro_vs_M2_Macro_Oil__primary__All_Eligible,Oil_Rents_GDP_Pct_lag1,primary,All_Eligible,Future_Period,train_to_2012__test_from_2013,Ridge,added_model_vs_strongest_benchmark,-0.014499999999999996,1.0
M1_Macro_vs_M2_Macro_Oil__primary__All_Eligible,Oil_Rents_GDP_Pct_lag1,primary,All_Eligible,Future_Period,train_to_2012__test_from_2013,Ridge,added_model_vs_strongest_benchmark,-0.013999999999999995,1.0
M1_Macro_vs_M2_Macro_Oil__primary__All_Eligible,Oil_Rents_GDP_Pct_lag1,primary,All_Eligible,Future_Period,train_to_2012__test_from_2013,Ridge,added_model_vs_strongest_benchmark,-0.013499999999999995,1.0
M1_Macro_vs_M2_Macro_Oil__primary__All_Eligible,Oil_Rents_GDP_Pct_lag1,primary,All_Eligible,Future_Period,train_to_2012__test_from_2013,Ridge,added_model_vs_strongest_benchmark,-0.012999999999999994,1.0
M1_Macro_vs_M2_Macro_Oil__primary__All_Eligible,Oil_Rents_GDP_Pct_lag1,primary,All_Eligible,Future_Period,train_to_2012__test_from_2013,Ridge,added_model_vs_strongest_benchmark,-0.012499999999999994,1.0
M1_Macro_vs_M2_Macro_Oil__primary__All_Eligible,Oil_Rents_GDP_Pct_lag1,primary,All_Eligible,Future_Period,train_to_2012__test_from_2013,Ridge,added_model_vs_strongest_benchmark,-0.011999999999999993,1.0
M1_Macro_vs_M2_Macro_Oil__primary__All_Eligible,Oil_Rents_GDP_Pct_lag1,primary,All_Eligible,Future_Period,train_to_2012__test_from_2013,Ridge,added_model_vs_strongest_benchmark,-0.011499999999999993,1.0
M1_Macro_vs_M2_Macro_Oil__primary__All_Eligible,Oil_Rents_GDP_Pct_lag1,primary,All_Eligible,Future_Period,train_to_2012__test_from_2013,Ridge,added_model_vs_strongest_benchmark,-0.010999999999999992,1.0
M1_Macro_vs_M2_Macro_Oil__primary__All_Eligible,Oil_Rents_GDP_Pct_lag1,primary,All_Eligible,Future_Period,train_to_2012__test_from_2013,Ridge,added_model_vs_strongest_benchmark,-0.010499999999999992,1.0
M1_Macro_vs_M2_Macro_Oil__primary__All_Eligible,Oil_Rents_GDP_Pct_lag1,primary,All_Eligible,Future_Period,train_to_2012__test_from_2013,Ridge,added_model_vs_strongest_benchmark,-0.009999999999999992,1.0
M1_Macro_vs_M2_Macro_Oil__primary__All_Eligible,Oil_Rents_GDP_Pct_lag1,primary,All_Eligible,Future_Period,train_to_2012__test_from_2013,Ridge,added_model_vs_strongest_benchmark,-0.009499999999999991,1.0
M1_Macro_vs_M2_Macro_Oil__primary__All_Eligible,Oil_Rents_GDP_Pct_lag1,primary,All_Eligible,Future_Period,train_to_2012__test_from_2013,Ridge,added_model_vs_strongest_benchmark,-0.00899999999999999,1.0
M1_Macro_vs_M2_Macro_Oil__primary__All_Eligible,Oil_Rents_GDP_Pct_lag1,primary,All_Eligible,Future_Period,train_to_2012__test_from_2013,Ridge,added_model_vs_strongest_benchmark,-0.00849999999999999,1.0
M1_Macro_vs_M2_Macro_Oil__primary__All_Eligible,Oil_Rents_GDP_Pct_lag1,primary,All_Eligible,Future_Period,train_to_2012__test_from_2013,Ridge,added_model_vs_strongest_benchmark,-0.00799999999999999,1.0
M1_Macro_vs_M2_Macro_Oil__primary__All_Eligible,Oil_Rents_GDP_Pct_lag1,primary,All_Eligible,Future_Period,train_to_2012__test_from_2013,Ridge,added_model_vs_strongest_benchmark,-0.007499999999999989,1.0
M1_Macro_vs_M2_Macro_Oil__primary__All_Eligible,Oil_Rents_GDP_Pct_lag1,primary,All_Eligible,Future_Period,train_to_2012__test_from_2013,Ridge,added_model_vs_strongest_benchmark,-0.006999999999999989,1.0
M1_Macro_vs_M2_Macro_Oil__primary__All_Eligible,Oil_Rents_GDP_Pct_lag1,primary,All_Eligible,Future_Period,train_to_2012__test_from_2013,Ridge,added_model_vs_strongest_benchmark,-0.006499999999999988,1.0
M1_Macro_vs_M2_Macro_Oil__primary__All_Eligible,Oil_Rents_GDP_Pct_lag1,primary,All_Eligible,Future_Period,train_to_2012__test_from_2013,Ridge,added_model_vs_strongest_benchmark,-0.005999999999999988,1.0
M1_Macro_vs_M2_Macro_Oil__primary__All_Eligible,Oil_Rents_GDP_Pct_lag1,primary,All_Eligible,Future_Period,train_to_2012__test_from_2013,Ridge,added_model_vs_strongest_benchmark,-0.0054999999999999875,1.0
M1_Macro_vs_M2_Macro_Oil__primary__All_Eligible,Oil_Rents_GDP_Pct_lag1,primary,All_Eligible,Future_Period,train_to_2012__test_from_2013,Ridge,added_model_vs_strongest_benchmark,-0.004999999999999987,1.0
M1_Macro_vs_M2_Macro_Oil__primary__All_Eligible,Oil_Rents_GDP_Pct_lag1,primary,All_Eligible,Future_Period,train_to_2012__test_from_2013,Ridge,added_model_vs_strongest_benchmark,-0.004499999999999987,1.0
M1_Macro_vs_M2_Macro_Oil__primary__All_Eligible,Oil_Rents_GDP_Pct_lag1,primary,All_Eligible,Future_Period,train_to_2012__test_from_2013,Ridge,added_model_vs_strongest_benchmark,-0.003999999999999986,1.0
M1_Macro_vs_M2_Macro_Oil__primary__All_Eligible,Oil_Rents_GDP_Pct_lag1,primary,All_Eligible,Future_Period,train_to_2012__test_from_2013,Ridge,added_model_vs_strongest_benchmark,-0.0034999999999999858,1.0
M1_Macro_vs_M2_Macro_Oil__primary__All_Eligible,Oil_Rents_GDP_Pct_lag1,primary,All_Eligible,Future_Period,train_to_2012__test_from_2013,Ridge,added_model_vs_strongest_benchmark,-0.0029999999999999853,1.0
M1_Macro_vs_M2_Macro_Oil__primary__All_Eligible,Oil_Rents_GDP_Pct_lag1,primary,All_Eligible,Future_Period,train_to_2012__test_from_2013,Ridge,added_model_vs_strongest_benchmark,-0.002499999999999985,1.0
M1_Macro_vs_M2_Macro_Oil__primary__All_Eligible,Oil_Rents_GDP_Pct_lag1,primary,All_Eligible,Future_Period,train_to_2012__test_from_2013,Ridge,added_model_vs_strongest_benchmark,-0.0019999999999999844,1.0
M1_Macro_vs_M2_Macro_Oil__primary__All_Eligible,Oil_Rents_GDP_Pct_lag1,primary,All_Eligible,Future_Period,train_to_2012__test_from_2013,Ridge,added_model_vs_strongest_benchmark,-0.001499999999999984,1.0
M1_Macro_vs_M2_Macro_Oil__primary__All_Eligible,Oil_Rents_GDP_Pct_lag1,primary,All_Eligible,Future_Period,train_to_2012__test_from_2013,Ridge,added_model_vs_strongest_benchmark,-0.0009999999999999835,1.0
M1_Macro_vs_M2_Macro_Oil__primary__All_Eligible,Oil_Rents_GDP_Pct_lag1,primary,All_Eligible,Future_Period,train_to_2012__test_from_2013,Ridge,added_model_vs_strongest_benchmark,-0.0004999999999999831,1.0
M1_Macro_vs_M2_Macro_Oil__primary__All_Eligible,Oil_Rents_GDP_Pct_lag1,primary,All_Eligible,Future_Period,train_to_2012__test_from_2013,Ridge,added_model_vs_strongest_benchmark,1.734723475976807e-17,1.0
M1_Macro_vs_M2_Macro_Oil__primary__All_Eligible,Oil_Rents_GDP_Pct_lag1,primary,All_Eligible,Future_Period,train_to_2012__test_from_2013,Ridge,added_model_vs_strongest_benchmark,0.0005000000000000178,1.0
M1_Macro_vs_M2_Macro_Oil__primary__All_Eligible,Oil_Rents_GDP_Pct_lag1,primary,All_Eligible,Future_Period,train_to_2012__test_from_2013,Ridge,added_model_vs_strongest_benchmark,0.0010000000000000182,1.0
M1_Macro_vs_M2_Macro_Oil__primary__All_Eligible,Oil_Rents_GDP_Pct_lag1,primary,All_Eligible,Future_Period,train_to_2012__test_from_2013,Ridge,added_model_vs_strongest_benchmark,0.0015000000000000187,1.0
M1_Macro_vs_M2_Macro_Oil__primary__All_Eligible,Oil_Rents_GDP_Pct_lag1,primary,All_Eligible,Future_Period,train_to_2012__test_from_2013,Ridge,added_model_vs_strongest_benchmark,0.002000000000000019,1.0
M1_Macro_vs_M2_Macro_Oil__primary__All_Eligible,Oil_Rents_GDP_Pct_lag1,primary,All_Eligible,Future_Period,train_to_2012__test_from_2013,Ridge,added_model_vs_strongest_benchmark,0.0025000000000000196,1.0
M1_Macro_vs_M2_Macro_Oil__primary__All_Eligible,Oil_Rents_GDP_Pct_lag1,primary,All_Eligible,Future_Period,train_to_2012__test_from_2013,Ridge,added_model_vs_strongest_benchmark,0.00300000000000002,1.0
M1_Macro_vs_M2_Macro_Oil__primary__All_Eligible,Oil_Rents_GDP_Pct_lag1,primary,All_Eligible,Future_Period,train_to_2012__test_from_2013,Ridge,added_model_vs_strongest_benchmark,0.0035000000000000205,1.0
M1_Macro_vs_M2_Macro_Oil__primary__All_Eligible,Oil_Rents_GDP_Pct_lag1,primary,All_Eligible,Future_Period,train_to_2012__test_from_2013,Ridge,added_model_vs_strongest_benchmark,0.004000000000000021,1.0
M1_Macro_vs_M2_Macro_Oil__primary__All_Eligible,Oil_Rents_GDP_Pct_lag1,primary,All_Eligible,Future_Period,train_to_2012__test_from_2013,Ridge,added_model_vs_strongest_benchmark,0.004500000000000021,1.0
M1_Macro_vs_M2_Macro_Oil__primary__All_Eligible,Oil_Rents_GDP_Pct_lag1,primary,All_Eligible,Future_Period,train_to_2012__test_from_2013,Ridge,added_model_vs_strongest_benchmark,0.005000000000000022,1.0
M1_Macro_vs_M2_Macro_Oil__primary__All_Eligible,Oil_Rents_GDP_Pct_lag1,primary,All_Eligible,Future_Period,train_to_2012__test_from_2013,Ridge,added_model_vs_strongest_benchmark,0.005500000000000022,1.0
M1_Macro_vs_M2_Macro_Oil__primary__All_Eligible,Oil_Rents_GDP_Pct_lag1,primary,All_Eligible,Future_Period,train_to_2012__test_from_2013,Ridge,added_model_vs_strongest_benchmark,0.006000000000000023,1.0
M1_Macro_vs_M2_Macro_Oil__primary__All_Eligible,Oil_Rents_GDP_Pct_lag1,primary,All_Eligible,Future_Period,train_to_2012__test_from_2013,Ridge,added_model_vs_strongest_benchmark,0.006500000000000023,1.0
M1_Macro_vs_M2_Macro_Oil__primary__All_Eligible,Oil_Rents_GDP_Pct_lag1,primary,All_Eligible,Future_Period,train_to_2012__test_from_2013,Ridge,added_model_vs_strongest_benchmark,0.0070000000000000236,1.0
M1_Macro_vs_M2_Macro_Oil__primary__All_Eligible,Oil_Rents_GDP_Pct_lag1,primary,All_Eligible,Future_Period,train_to_2012__test_from_2013,Ridge,added_model_vs_strongest_benchmark,0.007500000000000024,1.0
M1_Macro_vs_M2_Macro_Oil__primary__All_Eligible,Oil_Rents_GDP_Pct_lag1,primary,All_Eligible,Future_Period,train_to_2012__test_from_2013,Ridge,added_model_vs_strongest_benchmark,0.008000000000000024,1.0
M1_Macro_vs_M2_Macro_Oil__primary__All_Eligible,Oil_Rents_GDP_Pct_lag1,primary,All_Eligible,Future_Period,train_to_2012__test_from_2013,Ridge,added_model_vs_strongest_benchmark,0.008500000000000025,1.0
M1_Macro_vs_M2_Macro_Oil__primary__All_Eligible,Oil_Rents_GDP_Pct_lag1,primary,All_Eligible,Future_Period,train_to_2012__test_from_2013,Ridge,added_model_vs_strongest_benchmark,0.009000000000000025,1.0
M1_Macro_vs_M2_Macro_Oil__primary__All_Eligible,Oil_Rents_GDP_Pct_lag1,primary,All_Eligible,Future_Period,train_to_2012__test_from_2013,Ridge,added_model_vs_strongest_benchmark,0.009500000000000026,1.0
M1_Macro_vs_M2_Macro_Oil__primary__All_Eligible,Oil_Rents_GDP_Pct_lag1,primary,All_Eligible,Future_Period,train_to_2012__test_from_2013,Ridge,added_model_vs_strongest_benchmark,0.010000000000000026,1.0
M1_Macro_vs_M2_Macro_Oil__primary__All_Eligible,Oil_Rents_GDP_Pct_lag1,primary,All_Eligible,Future_Period,train_to_2012__test_from_2013,Ridge,added_model_vs_strongest_benchmark,0.010500000000000027,1.0
M1_Macro_vs_M2_Macro_Oil__primary__All_Eligible,Oil_Rents_GDP_Pct_lag1,primary,All_Eligible,Future_Period,train_to_2012__test_from_2013,Ridge,added_model_vs_strongest_benchmark,0.011000000000000027,1.0
M1_Macro_vs_M2_Macro_Oil__primary__All_Eligible,Oil_Rents_GDP_Pct_lag1,primary,All_Eligible,Future_Period,train_to_2012__test_from_2013,Ridge,added_model_vs_strongest_benchmark,0.011500000000000028,1.0
M1_Macro_vs_M2_Macro_Oil__primary__All_Eligible,Oil_Rents_GDP_Pct_lag1,primary,All_Eligible,Future_Period,train_to_2012__test_from_2013,Ridge,added_model_vs_strongest_benchmark,0.012000000000000028,1.0
M1_Macro_vs_M2_Macro_Oil__primary__All_Eligible,Oil_Rents_GDP_Pct_lag1,primary,All_Eligible,Future_Period,train_to_2012__test_from_2013,Ridge,added_model_vs_strongest_benchmark,0.012500000000000028,1.0
M1_Macro_vs_M2_Macro_Oil__primary__All_Eligible,Oil_Rents_GDP_Pct_lag1,primary,All_Eligible,Future_Period,train_to_2012__test_from_2013,Ridge,added_model_vs_strongest_benchmark,0.013000000000000029,1.0
M1_Macro_vs_M2_Macro_Oil__primary__All_Eligible,Oil_Rents_GDP_Pct_lag1,primary,All_Eligible,Future_Period,train_to_2012__test_from_2013,Ridge,added_model_vs_strongest_benchmark,0.01350000000000003,1.0
M1_Macro_vs_M2_Macro_Oil__primary__All_Eligible,Oil_Rents_GDP_Pct_lag1,primary,All_Eligible,Future_Period,train_to_2012__test_from_2013,Ridge,added_model_vs_strongest_benchmark,0.01400000000000003,1.0
M1_Macro_vs_M2_Macro_Oil__primary__All_Eligible,Oil_Rents_GDP_Pct_lag1,primary,All_Eligible,Future_Period,train_to_2012__test_from_2013,Ridge,added_model_vs_strongest_benchmark,0.01450000000000003,1.0
M1_Macro_vs_M2_Macro_Oil__primary__All_Eligible,Oil_Rents_GDP_Pct_lag1,primary,All_Eligible,Future_Period,train_to_2012__test_from_2013,Ridge,added_model_vs_strongest_benchmark,0.01500000000000003,1.0
M1_Macro_vs_M2_Macro_Oil__primary__All_Eligible,Oil_Rents_GDP_Pct_lag1,primary,All_Eligible,Future_Period,train_to_2012__test_from_2013,Ridge,added_model_vs_strongest_benchmark,0.015500000000000031,1.0
M1_Macro_vs_M2_Macro_Oil__primary__All_Eligible,Oil_Rents_GDP_Pct_lag1,primary,All_Eligible,Future_Period,train_to_2012__test_from_2013,Ridge,added_model_vs_strongest_benchmark,0.01600000000000003,1.0
M1_Macro_vs_M2_Macro_Oil__primary__All_Eligible,Oil_Rents_GDP_Pct_lag1,primary,All_Eligible,Future_Period,train_to_2012__test_from_2013,Ridge,added_model_vs_strongest_benchmark,0.016500000000000032,1.0
M1_Macro_vs_M2_Macro_Oil__primary__All_Eligible,Oil_Rents_GDP_Pct_lag1,primary,All_Eligible,Future_Period,train_to_2012__test_from_2013,Ridge,added_model_vs_strongest_benchmark,0.017000000000000032,1.0
M1_Macro_vs_M2_Macro_Oil__primary__All_Eligible,Oil_Rents_GDP_Pct_lag1,primary,All_Eligible,Future_Period,train_to_2012__test_from_2013,Ridge,added_model_vs_strongest_benchmark,0.017500000000000033,1.0
M1_Macro_vs_M2_Macro_Oil__primary__All_Eligible,Oil_Rents_GDP_Pct_lag1,primary,All_Eligible,Future_Period,train_to_2012__test_from_2013,Ridge,added_model_vs_strongest_benchmark,0.018000000000000033,1.0
M1_Macro_vs_M2_Macro_Oil__primary__All_Eligible,Oil_Rents_GDP_Pct_lag1,primary,All_Eligible,Future_Period,train_to_2012__test_from_2013,Ridge,added_model_vs_strongest_benchmark,0.018500000000000034,1.0
M1_Macro_vs_M2_Macro_Oil__primary__All_Eligible,Oil_Rents_GDP_Pct_lag1,primary,All_Eligible,Future_Period,train_to_2012__test_from_2013,Ridge,added_model_vs_strongest_benchmark,0.019000000000000034,1.0
M1_Macro_vs_M2_Macro_Oil__primary__All_Eligible,Oil_Rents_GDP_Pct_lag1,primary,All_Eligible,Future_Period,train_to_2012__test_from_2013,Ridge,added_model_vs_strongest_benchmark,0.019500000000000035,1.0
M1_Macro_vs_M2_Macro_Oil__primary__All_Eligible,Oil_Rents_GDP_Pct_lag1,primary,All_Eligible,Future_Period,train_to_2012__test_from_2013,Ridge,added_model_vs_strongest_benchmark,0.020000000000000035,1.0
M1_Macro_vs_M2_Macro_Oil__primary__All_Eligible,Oil_Rents_GDP_Pct_lag1,primary,All_Eligible,Future_Period,train_to_2012__test_from_2013,Ridge,added_model_vs_strongest_benchmark,0.020500000000000036,1.0
M1_Macro_vs_M2_Macro_Oil__primary__All_Eligible,Oil_Rents_GDP_Pct_lag1,primary,All_Eligible,Future_Period,train_to_2012__test_from_2013,Ridge,added_model_vs_strongest_benchmark,0.021000000000000036,1.0
M1_Macro_vs_M2_Macro_Oil__primary__All_Eligible,Oil_Rents_GDP_Pct_lag1,primary,All_Eligible,Future_Period,train_to_2012__test_from_2013,Ridge,added_model_vs_strongest_benchmark,0.021500000000000036,1.0
M1_Macro_vs_M2_Macro_Oil__primary__All_Eligible,Oil_Rents_GDP_Pct_lag1,primary,All_Eligible,Future_Period,train_to_2012__test_from_2013,Ridge,added_model_vs_strongest_benchmark,0.022000000000000037,1.0
M1_Macro_vs_M2_Macro_Oil__primary__All_Eligible,Oil_Rents_GDP_Pct_lag1,primary,All_Eligible,Future_Period,train_to_2012__test_from_2013,Ridge,added_model_vs_strongest_benchmark,0.022500000000000037,1.0
M1_Macro_vs_M2_Macro_Oil__primary__All_Eligible,Oil_Rents_GDP_Pct_lag1,primary,All_Eligible,Future_Period,train_to_2012__test_from_2013,Ridge,added_model_vs_strongest_benchmark,0.023000000000000038,1.0
M1_Macro_vs_M2_Macro_Oil__primary__All_Eligible,Oil_Rents_GDP_Pct_lag1,primary,All_Eligible,Future_Period,train_to_2012__test_from_2013,Ridge,added_model_vs_strongest_benchmark,0.023500000000000038,1.0
M1_Macro_vs_M2_Macro_Oil__primary__All_Eligible,Oil_Rents_GDP_Pct_lag1,primary,All_Eligible,Future_Period,train_to_2012__test_from_2013,Ridge,added_model_vs_strongest_benchmark,0.02400000000000004,1.0
M1_Macro_vs_M2_Macro_Oil__primary__All_Eligible,Oil_Rents_GDP_Pct_lag1,primary,All_Eligible,Future_Period,train_to_2012__test_from_2013,Ridge,added_model_vs_strongest_benchmark,0.02450000000000004,1.0
M1_Macro_vs_M2_Macro_Oil__primary__All_Eligible,Oil_Rents_GDP_Pct_lag1,primary,All_Eligible,Future_Period,train_to_2012__test_from_2013,Ridge,added_model_vs_strongest_benchmark,0.02500000000000004,1.0
M1_Macro_vs_M2_Macro_Oil__primary__All_Eligible,Oil_Rents_GDP_Pct_lag1,primary,All_Eligible,Future_Period,train_to_2012__test_from_2013,Ridge,added_model_vs_strongest_benchmark,0.02550000000000004,1.0
M1_Macro_vs_M2_Macro_Oil__primary__All_Eligible,Oil_Rents_GDP_Pct_lag1,primary,All_Eligible,Future_Period,train_to_2012__test_from_2013,Ridge,added_model_vs_strongest_benchmark,0.02600000000000004,1.0
M1_Macro_vs_M2_Macro_Oil__primary__All_Eligible,Oil_Rents_GDP_Pct_lag1,primary,All_Eligible,Future_Period,train_to_2012__test_from_2013,Ridge,added_model_vs_strongest_benchmark,0.02650000000000004,1.0
M1_Macro_vs_M2_Macro_Oil__primary__All_Eligible,Oil_Rents_GDP_Pct_lag1,primary,All_Eligible,Future_Period,train_to_2012__test_from_2013,Ridge,added_model_vs_strongest_benchmark,0.02700000000000004,1.0
M1_Macro_vs_M2_Macro_Oil__primary__All_Eligible,Oil_Rents_GDP_Pct_lag1,primary,All_Eligible,Future_Period,train_to_2012__test_from_2013,Ridge,added_model_vs_strongest_benchmark,0.027500000000000042,1.0
M1_Macro_vs_M2_Macro_Oil__primary__All_Eligible,Oil_Rents_GDP_Pct_lag1,primary,All_Eligible,Future_Period,train_to_2012__test_from_2013,Ridge,added_model_vs_strongest_benchmark,0.028000000000000042,1.0
M1_Macro_vs_M2_Macro_Oil__primary__All_Eligible,Oil_Rents_GDP_Pct_lag1,primary,All_Eligible,Future_Period,train_to_2012__test_from_2013,Ridge,added_model_vs_strongest_benchmark,0.028500000000000043,1.0
M1_Macro_vs_M2_Macro_Oil__primary__All_Eligible,Oil_Rents_GDP_Pct_lag1,primary,All_Eligible,Future_Period,train_to_2012__test_from_2013,Ridge,added_model_vs_strongest_benchmark,0.029000000000000043,1.0
M1_Macro_vs_M2_Macro_Oil__primary__All_Eligible,Oil_Rents_GDP_Pct_lag1,primary,All_Eligible,Future_Period,train_to_2012__test_from_2013,Ridge,added_model_vs_strongest_benchmark,0.029500000000000044,1.0
M1_Macro_vs_M2_Macro_Oil__primary__All_Eligible,Oil_Rents_GDP_Pct_lag1,primary,All_Eligible,Future_Period,train_to_2012__test_from_2013,Ridge,added_model_vs_strongest_benchmark,0.030000000000000044,1.0
M1_Macro_vs_M2_Macro_Oil__primary__All_Eligible,Oil_Rents_GDP_Pct_lag1,primary,All_Eligible,Future_Period,train_to_2012__test_from_2013,ElasticNet,signal_increment,-0.02,1.0
M1_Macro_vs_M2_Macro_Oil__primary__All_Eligible,Oil_Rents_GDP_Pct_lag1,primary,All_Eligible,Future_Period,train_to_2012__test_from_2013,ElasticNet,signal_increment,-0.0195,1.0
M1_Macro_vs_M2_Macro_Oil__primary__All_Eligible,Oil_Rents_GDP_Pct_lag1,primary,All_Eligible,Future_Period,train_to_2012__test_from_2013,ElasticNet,signal_increment,-0.019,1.0
M1_Macro_vs_M2_Macro_Oil__primary__All_Eligible,Oil_Rents_GDP_Pct_lag1,primary,All_Eligible,Future_Period,train_to_2012__test_from_2013,ElasticNet,signal_increment,-0.0185,1.0
M1_Macro_vs_M2_Macro_Oil__primary__All_Eligible,Oil_Rents_GDP_Pct_lag1,primary,All_Eligible,Future_Period,train_to_2012__test_from_2013,ElasticNet,signal_increment,-0.018,1.0
M1_Macro_vs_M2_Macro_Oil__primary__All_Eligible,Oil_Rents_GDP_Pct_lag1,primary,All_Eligible,Future_Period,train_to_2012__test_from_2013,ElasticNet,signal_increment,-0.017499999999999998,1.0
M1_Macro_vs_M2_Macro_Oil__primary__All_Eligible,Oil_Rents_GDP_Pct_lag1,primary,All_Eligible,Future_Period,train_to_2012__test_from_2013,ElasticNet,signal_increment,-0.016999999999999998,1.0
M1_Macro_vs_M2_Macro_Oil__primary__All_Eligible,Oil_Rents_GDP_Pct_lag1,primary,All_Eligible,Future_Period,train_to_2012__test_from_2013,ElasticNet,signal_increment,-0.016499999999999997,1.0
M1_Macro_vs_M2_Macro_Oil__primary__All_Eligible,Oil_Rents_GDP_Pct_lag1,primary,All_Eligible,Future_Period,train_to_2012__test_from_2013,ElasticNet,signal_increment,-0.015999999999999997,1.0
M1_Macro_vs_M2_Macro_Oil__primary__All_Eligible,Oil_Rents_GDP_Pct_lag1,primary,All_Eligible,Future_Period,train_to_2012__test_from_2013,ElasticNet,signal_increment,-0.015499999999999996,1.0
M1_Macro_vs_M2_Macro_Oil__primary__All_Eligible,Oil_Rents_GDP_Pct_lag1,primary,All_Eligible,Future_Period,train_to_2012__test_from_2013,ElasticNet,signal_increment,-0.014999999999999996,1.0
M1_Macro_vs_M2_Macro_Oil__primary__All_Eligible,Oil_Rents_GDP_Pct_lag1,primary,All_Eligible,Future_Period,train_to_2012__test_from_2013,ElasticNet,signal_increment,-0.014499999999999996,1.0
M1_Macro_vs_M2_Macro_Oil__primary__All_Eligible,Oil_Rents_GDP_Pct_lag1,primary,All_Eligible,Future_Period,train_to_2012__test_from_2013,ElasticNet,signal_increment,-0.013999999999999995,1.0
M1_Macro_vs_M2_Macro_Oil__primary__All_Eligible,Oil_Rents_GDP_Pct_lag1,primary,All_Eligible,Future_Period,train_to_2012__test_from_2013,ElasticNet,signal_increment,-0.013499999999999995,1.0
M1_Macro_vs_M2_Macro_Oil__primary__All_Eligible,Oil_Rents_GDP_Pct_lag1,primary,All_Eligible,Future_Period,train_to_2012__test_from_2013,ElasticNet,signal_increment,-0.012999999999999994,1.0
M1_Macro_vs_M2_Macro_Oil__primary__All_Eligible,Oil_Rents_GDP_Pct_lag1,primary,All_Eligible,Future_Period,train_to_2012__test_from_2013,ElasticNet,signal_increment,-0.012499999999999994,1.0
M1_Macro_vs_M2_Macro_Oil__primary__All_Eligible,Oil_Rents_GDP_Pct_lag1,primary,All_Eligible,Future_Period,train_to_2012__test_from_2013,ElasticNet,signal_increment,-0.011999999999999993,1.0
M1_Macro_vs_M2_Macro_Oil__primary__All_Eligible,Oil_Rents_GDP_Pct_lag1,primary,All_Eligible,Future_Period,train_to_2012__test_from_2013,ElasticNet,signal_increment,-0.011499999999999993,1.0
M1_Macro_vs_M2_Macro_Oil__primary__All_Eligible,Oil_Rents_GDP_Pct_lag1,primary,All_Eligible,Future_Period,train_to_2012__test_from_2013,ElasticNet,signal_increment,-0.010999999999999992,1.0
M1_Macro_vs_M2_Macro_Oil__primary__All_Eligible,Oil_Rents_GDP_Pct_lag1,primary,All_Eligible,Future_Period,train_to_2012__test_from_2013,ElasticNet,signal_increment,-0.010499999999999992,1.0
M1_Macro_vs_M2_Macro_Oil__primary__All_Eligible,Oil_Rents_GDP_Pct_lag1,primary,All_Eligible,Future_Period,train_to_2012__test_from_2013,ElasticNet,signal_increment,-0.009999999999999992,1.0
M1_Macro_vs_M2_Macro_Oil__primary__All_Eligible,Oil_Rents_GDP_Pct_lag1,primary,All_Eligible,Future_Period,train_to_2012__test_from_2013,ElasticNet,signal_increment,-0.009499999999999991,1.0
M1_Macro_vs_M2_Macro_Oil__primary__All_Eligible,Oil_Rents_GDP_Pct_lag1,primary,All_Eligible,Future_Period,train_to_2012__test_from_2013,ElasticNet,signal_increment,-0.00899999999999999,1.0
M1_Macro_vs_M2_Macro_Oil__primary__All_Eligible,Oil_Rents_GDP_Pct_lag1,primary,All_Eligible,Future_Period,train_to_2012__test_from_2013,ElasticNet,signal_increment,-0.00849999999999999,1.0
M1_Macro_vs_M2_Macro_Oil__primary__All_Eligible,Oil_Rents_GDP_Pct_lag1,primary,All_Eligible,Future_Period,train_to_2012__test_from_2013,ElasticNet,signal_increment,-0.00799999999999999,1.0
M1_Macro_vs_M2_Macro_Oil__primary__All_Eligible,Oil_Rents_GDP_Pct_lag1,primary,All_Eligible,Future_Period,train_to_2012__test_from_2013,ElasticNet,signal_increment,-0.007499999999999989,1.0
M1_Macro_vs_M2_Macro_Oil__primary__All_Eligible,Oil_Rents_GDP_Pct_lag1,primary,All_Eligible,Future_Period,train_to_2012__test_from_2013,ElasticNet,signal_increment,-0.006999999999999989,1.0
M1_Macro_vs_M2_Macro_Oil__primary__All_Eligible,Oil_Rents_GDP_Pct_lag1,primary,All_Eligible,Future_Period,train_to_2012__test_from_2013,ElasticNet,signal_increment,-0.006499999999999988,1.0
M1_Macro_vs_M2_Macro_Oil__primary__All_Eligible,Oil_Rents_GDP_Pct_lag1,primary,All_Eligible,Future_Period,train_to_2012__test_from_2013,ElasticNet,signal_increment,-0.005999999999999988,1.0
M1_Macro_vs_M2_Macro_Oil__primary__All_Eligible,Oil_Rents_GDP_Pct_lag1,primary,All_Eligible,Future_Period,train_to_2012__test_from_2013,ElasticNet,signal_increment,-0.0054999999999999875,1.0
M1_Macro_vs_M2_Macro_Oil__primary__All_Eligible,Oil_Rents_GDP_Pct_lag1,primary,All_Eligible,Future_Period,train_to_2012__test_from_2013,ElasticNet,signal_increment,-0.004999999999999987,1.0
M1_Macro_vs_M2_Macro_Oil__primary__All_Eligible,Oil_Rents_GDP_Pct_lag1,primary,All_Eligible,Future_Period,train_to_2012__test_from_2013,ElasticNet,signal_increment,-0.004499999999999987,1.0
M1_Macro_vs_M2_Macro_Oil__primary__All_Eligible,Oil_Rents_GDP_Pct_lag1,primary,All_Eligible,Future_Period,train_to_2012__test_from_2013,ElasticNet,signal_increment,-0.003999999999999986,1.0
M1_Macro_vs_M2_Macro_Oil__primary__All_Eligible,Oil_Rents_GDP_Pct_lag1,primary,All_Eligible,Future_Period,train_to_2012__test_from_2013,ElasticNet,signal_increment,-0.0034999999999999858,0.9995
M1_Macro_vs_M2_Macro_Oil__primary__All_Eligible,Oil_Rents_GDP_Pct_lag1,primary,All_Eligible,Future_Period,train_to_2012__test_from_2013,ElasticNet,signal_increment,-0.0029999999999999853,0.998
M1_Macro_vs_M2_Macro_Oil__primary__All_Eligible,Oil_Rents_GDP_Pct_lag1,primary,All_Eligible,Future_Period,train_to_2012__test_from_2013,ElasticNet,signal_increment,-0.002499999999999985,0.997
M1_Macro_vs_M2_Macro_Oil__primary__All_Eligible,Oil_Rents_GDP_Pct_lag1,primary,All_Eligible,Future_Period,train_to_2012__test_from_2013,ElasticNet,signal_increment,-0.0019999999999999844,0.9965
M1_Macro_vs_M2_Macro_Oil__primary__All_Eligible,Oil_Rents_GDP_Pct_lag1,primary,All_Eligible,Future_Period,train_to_2012__test_from_2013,ElasticNet,signal_increment,-0.001499999999999984,0.995
M1_Macro_vs_M2_Macro_Oil__primary__All_Eligible,Oil_Rents_GDP_Pct_lag1,primary,All_Eligible,Future_Period,train_to_2012__test_from_2013,ElasticNet,signal_increment,-0.0009999999999999835,0.992
M1_Macro_vs_M2_Macro_Oil__primary__All_Eligible,Oil_Rents_GDP_Pct_lag1,primary,All_Eligible,Future_Period,train_to_2012__test_from_2013,ElasticNet,signal_increment,-0.0004999999999999831,0.988
M1_Macro_vs_M2_Macro_Oil__primary__All_Eligible,Oil_Rents_GDP_Pct_lag1,primary,All_Eligible,Future_Period,train_to_2012__test_from_2013,ElasticNet,signal_increment,1.734723475976807e-17,0.981
M1_Macro_vs_M2_Macro_Oil__primary__All_Eligible,Oil_Rents_GDP_Pct_lag1,primary,All_Eligible,Future_Period,train_to_2012__test_from_2013,ElasticNet,signal_increment,0.0005000000000000178,0.974
M1_Macro_vs_M2_Macro_Oil__primary__All_Eligible,Oil_Rents_GDP_Pct_lag1,primary,All_Eligible,Future_Period,train_to_2012__test_from_2013,ElasticNet,signal_increment,0.0010000000000000182,0.962
M1_Macro_vs_M2_Macro_Oil__primary__All_Eligible,Oil_Rents_GDP_Pct_lag1,primary,All_Eligible,Future_Period,train_to_2012__test_from_2013,ElasticNet,signal_increment,0.0015000000000000187,0.9445
M1_Macro_vs_M2_Macro_Oil__primary__All_Eligible,Oil_Rents_GDP_Pct_lag1,primary,All_Eligible,Future_Period,train_to_2012__test_from_2013,ElasticNet,signal_increment,0.002000000000000019,0.9265
M1_Macro_vs_M2_Macro_Oil__primary__All_Eligible,Oil_Rents_GDP_Pct_lag1,primary,All_Eligible,Future_Period,train_to_2012__test_from_2013,ElasticNet,signal_increment,0.0025000000000000196,0.903
M1_Macro_vs_M2_Macro_Oil__primary__All_Eligible,Oil_Rents_GDP_Pct_lag1,primary,All_Eligible,Future_Period,train_to_2012__test_from_2013,ElasticNet,signal_increment,0.00300000000000002,0.8805
M1_Macro_vs_M2_Macro_Oil__primary__All_Eligible,Oil_Rents_GDP_Pct_lag1,primary,All_Eligible,Future_Period,train_to_2012__test_from_2013,ElasticNet,signal_increment,0.0035000000000000205,0.852
M1_Macro_vs_M2_Macro_Oil__primary__All_Eligible,Oil_Rents_GDP_Pct_lag1,primary,All_Eligible,Future_Period,train_to_2012__test_from_2013,ElasticNet,signal_increment,0.004000000000000021,0.8135
M1_Macro_vs_M2_Macro_Oil__primary__All_Eligible,Oil_Rents_GDP_Pct_lag1,primary,All_Eligible,Future_Period,train_to_2012__test_from_2013,ElasticNet,signal_increment,0.004500000000000021,0.7755
M1_Macro_vs_M2_Macro_Oil__primary__All_Eligible,Oil_Rents_GDP_Pct_lag1,primary,All_Eligible,Future_Period,train_to_2012__test_from_2013,ElasticNet,signal_increment,0.005000000000000022,0.735
M1_Macro_vs_M2_Macro_Oil__primary__All_Eligible,Oil_Rents_GDP_Pct_lag1,primary,All_Eligible,Future_Period,train_to_2012__test_from_2013,ElasticNet,signal_increment,0.005500000000000022,0.694
M1_Macro_vs_M2_Macro_Oil__primary__All_Eligible,Oil_Rents_GDP_Pct_lag1,primary,All_Eligible,Future_Period,train_to_2012__test_from_2013,ElasticNet,signal_increment,0.006000000000000023,0.6485
M1_Macro_vs_M2_Macro_Oil__primary__All_Eligible,Oil_Rents_GDP_Pct_lag1,primary,All_Eligible,Future_Period,train_to_2012__test_from_2013,ElasticNet,signal_increment,0.006500000000000023,0.604
M1_Macro_vs_M2_Macro_Oil__primary__All_Eligible,Oil_Rents_GDP_Pct_lag1,primary,All_Eligible,Future_Period,train_to_2012__test_from_2013,ElasticNet,signal_increment,0.0070000000000000236,0.565
M1_Macro_vs_M2_Macro_Oil__primary__All_Eligible,Oil_Rents_GDP_Pct_lag1,primary,All_Eligible,Future_Period,train_to_2012__test_from_2013,ElasticNet,signal_increment,0.007500000000000024,0.508
M1_Macro_vs_M2_Macro_Oil__primary__All_Eligible,Oil_Rents_GDP_Pct_lag1,primary,All_Eligible,Future_Period,train_to_2012__test_from_2013,ElasticNet,signal_increment,0.008000000000000024,0.464
M1_Macro_vs_M2_Macro_Oil__primary__All_Eligible,Oil_Rents_GDP_Pct_lag1,primary,All_Eligible,Future_Period,train_to_2012__test_from_2013,ElasticNet,signal_increment,0.008500000000000025,0.414
M1_Macro_vs_M2_Macro_Oil__primary__All_Eligible,Oil_Rents_GDP_Pct_lag1,primary,All_Eligible,Future_Period,train_to_2012__test_from_2013,ElasticNet,signal_increment,0.009000000000000025,0.3745
M1_Macro_vs_M2_Macro_Oil__primary__All_Eligible,Oil_Rents_GDP_Pct_lag1,primary,All_Eligible,Future_Period,train_to_2012__test_from_2013,ElasticNet,signal_increment,0.009500000000000026,0.3335
M1_Macro_vs_M2_Macro_Oil__primary__All_Eligible,Oil_Rents_GDP_Pct_lag1,primary,All_Eligible,Future_Period,train_to_2012__test_from_2013,ElasticNet,signal_increment,0.010000000000000026,0.2955
M1_Macro_vs_M2_Macro_Oil__primary__All_Eligible,Oil_Rents_GDP_Pct_lag1,primary,All_Eligible,Future_Period,train_to_2012__test_from_2013,ElasticNet,signal_increment,0.010500000000000027,0.26
M1_Macro_vs_M2_Macro_Oil__primary__All_Eligible,Oil_Rents_GDP_Pct_lag1,primary,All_Eligible,Future_Period,train_to_2012__test_from_2013,ElasticNet,signal_increment,0.011000000000000027,0.2295
M1_Macro_vs_M2_Macro_Oil__primary__All_Eligible,Oil_Rents_GDP_Pct_lag1,primary,All_Eligible,Future_Period,train_to_2012__test_from_2013,ElasticNet,signal_increment,0.011500000000000028,0.204
M1_Macro_vs_M2_Macro_Oil__primary__All_Eligible,Oil_Rents_GDP_Pct_lag1,primary,All_Eligible,Future_Period,train_to_2012__test_from_2013,ElasticNet,signal_increment,0.012000000000000028,0.1655
M1_Macro_vs_M2_Macro_Oil__primary__All_Eligible,Oil_Rents_GDP_Pct_lag1,primary,All_Eligible,Future_Period,train_to_2012__test_from_2013,ElasticNet,signal_increment,0.012500000000000028,0.1435
M1_Macro_vs_M2_Macro_Oil__primary__All_Eligible,Oil_Rents_GDP_Pct_lag1,primary,All_Eligible,Future_Period,train_to_2012__test_from_2013,ElasticNet,signal_increment,0.013000000000000029,0.1185
M1_Macro_vs_M2_Macro_Oil__primary__All_Eligible,Oil_Rents_GDP_Pct_lag1,primary,All_Eligible,Future_Period,train_to_2012__test_from_2013,ElasticNet,signal_increment,0.01350000000000003,0.0995
M1_Macro_vs_M2_Macro_Oil__primary__All_Eligible,Oil_Rents_GDP_Pct_lag1,primary,All_Eligible,Future_Period,train_to_2012__test_from_2013,ElasticNet,signal_increment,0.01400000000000003,0.0825
M1_Macro_vs_M2_Macro_Oil__primary__All_Eligible,Oil_Rents_GDP_Pct_lag1,primary,All_Eligible,Future_Period,train_to_2012__test_from_2013,ElasticNet,signal_increment,0.01450000000000003,0.071
M1_Macro_vs_M2_Macro_Oil__primary__All_Eligible,Oil_Rents_GDP_Pct_lag1,primary,All_Eligible,Future_Period,train_to_2012__test_from_2013,ElasticNet,signal_increment,0.01500000000000003,0.055
M1_Macro_vs_M2_Macro_Oil__primary__All_Eligible,Oil_Rents_GDP_Pct_lag1,primary,All_Eligible,Future_Period,train_to_2012__test_from_2013,ElasticNet,signal_increment,0.015500000000000031,0.043
M1_Macro_vs_M2_Macro_Oil__primary__All_Eligible,Oil_Rents_GDP_Pct_lag1,primary,All_Eligible,Future_Period,train_to_2012__test_from_2013,ElasticNet,signal_increment,0.01600000000000003,0.0315
M1_Macro_vs_M2_Macro_Oil__primary__All_Eligible,Oil_Rents_GDP_Pct_lag1,primary,All_Eligible,Future_Period,train_to_2012__test_from_2013,ElasticNet,signal_increment,0.016500000000000032,0.0235
M1_Macro_vs_M2_Macro_Oil__primary__All_Eligible,Oil_Rents_GDP_Pct_lag1,primary,All_Eligible,Future_Period,train_to_2012__test_from_2013,ElasticNet,signal_increment,0.017000000000000032,0.0185
M1_Macro_vs_M2_Macro_Oil__primary__All_Eligible,Oil_Rents_GDP_Pct_lag1,primary,All_Eligible,Future_Period,train_to_2012__test_from_2013,ElasticNet,signal_increment,0.017500000000000033,0.0125
M1_Macro_vs_M2_Macro_Oil__primary__All_Eligible,Oil_Rents_GDP_Pct_lag1,primary,All_Eligible,Future_Period,train_to_2012__test_from_2013,ElasticNet,signal_increment,0.018000000000000033,0.011
M1_Macro_vs_M2_Macro_Oil__primary__All_Eligible,Oil_Rents_GDP_Pct_lag1,primary,All_Eligible,Future_Period,train_to_2012__test_from_2013,ElasticNet,signal_increment,0.018500000000000034,0.0075
M1_Macro_vs_M2_Macro_Oil__primary__All_Eligible,Oil_Rents_GDP_Pct_lag1,primary,All_Eligible,Future_Period,train_to_2012__test_from_2013,ElasticNet,signal_increment,0.019000000000000034,0.006
M1_Macro_vs_M2_Macro_Oil__primary__All_Eligible,Oil_Rents_GDP_Pct_lag1,primary,All_Eligible,Future_Period,train_to_2012__test_from_2013,ElasticNet,signal_increment,0.019500000000000035,0.0055
M1_Macro_vs_M2_Macro_Oil__primary__All_Eligible,Oil_Rents_GDP_Pct_lag1,primary,All_Eligible,Future_Period,train_to_2012__test_from_2013,ElasticNet,signal_increment,0.020000000000000035,0.004
M1_Macro_vs_M2_Macro_Oil__primary__All_Eligible,Oil_Rents_GDP_Pct_lag1,primary,All_Eligible,Future_Period,train_to_2012__test_from_2013,ElasticNet,signal_increment,0.020500000000000036,0.004
M1_Macro_vs_M2_Macro_Oil__primary__All_Eligible,Oil_Rents_GDP_Pct_lag1,primary,All_Eligible,Future_Period,train_to_2012__test_from_2013,ElasticNet,signal_increment,0.021000000000000036,0.0035
M1_Macro_vs_M2_Macro_Oil__primary__All_Eligible,Oil_Rents_GDP_Pct_lag1,primary,All_Eligible,Future_Period,train_to_2012__test_from_2013,ElasticNet,signal_increment,0.021500000000000036,0.003
M1_Macro_vs_M2_Macro_Oil__primary__All_Eligible,Oil_Rents_GDP_Pct_lag1,primary,All_Eligible,Future_Period,train_to_2012__test_from_2013,ElasticNet,signal_increment,0.022000000000000037,0.0025
M1_Macro_vs_M2_Macro_Oil__primary__All_Eligible,Oil_Rents_GDP_Pct_lag1,primary,All_Eligible,Future_Period,train_to_2012__test_from_2013,ElasticNet,signal_increment,0.022500000000000037,0.0015
M1_Macro_vs_M2_Macro_Oil__primary__All_Eligible,Oil_Rents_GDP_Pct_lag1,primary,All_Eligible,Future_Period,train_to_2012__test_from_2013,ElasticNet,signal_increment,0.023000000000000038,0.001
M1_Macro_vs_M2_Macro_Oil__primary__All_Eligible,Oil_Rents_GDP_Pct_lag1,primary,All_Eligible,Future_Period,train_to_2012__test_from_2013,ElasticNet,signal_increment,0.023500000000000038,0.001
M1_Macro_vs_M2_Macro_Oil__primary__All_Eligible,Oil_Rents_GDP_Pct_lag1,primary,All_Eligible,Future_Period,train_to_2012__test_from_2013,ElasticNet,signal_increment,0.02400000000000004,0.001
M1_Macro_vs_M2_Macro_Oil__primary__All_Eligible,Oil_Rents_GDP_Pct_lag1,primary,All_Eligible,Future_Period,train_to_2012__test_from_2013,ElasticNet,signal_increment,0.02450000000000004,0.0005
M1_Macro_vs_M2_Macro_Oil__primary__All_Eligible,Oil_Rents_GDP_Pct_lag1,primary,All_Eligible,Future_Period,train_to_2012__test_from_2013,ElasticNet,signal_increment,0.02500000000000004,0.0005
M1_Macro_vs_M2_Macro_Oil__primary__All_Eligible,Oil_Rents_GDP_Pct_lag1,primary,All_Eligible,Future_Period,train_to_2012__test_from_2013,ElasticNet,signal_increment,0.02550000000000004,0.0
M1_Macro_vs_M2_Macro_Oil__primary__All_Eligible,Oil_Rents_GDP_Pct_lag1,primary,All_Eligible,Future_Period,train_to_2012__test_from_2013,ElasticNet,signal_increment,0.02600000000000004,0.0
M1_Macro_vs_M2_Macro_Oil__primary__All_Eligible,Oil_Rents_GDP_Pct_lag1,primary,All_Eligible,Future_Period,train_to_2012__test_from_2013,ElasticNet,signal_increment,0.02650000000000004,0.0
M1_Macro_vs_M2_Macro_Oil__primary__All_Eligible,Oil_Rents_GDP_Pct_lag1,primary,All_Eligible,Future_Period,train_to_2012__test_from_2013,ElasticNet,signal_increment,0.02700000000000004,0.0
M1_Macro_vs_M2_Macro_Oil__primary__All_Eligible,Oil_Rents_GDP_Pct_lag1,primary,All_Eligible,Future_Period,train_to_2012__test_from_2013,ElasticNet,signal_increment,0.027500000000000042,0.0
M1_Macro_vs_M2_Macro_Oil__primary__All_Eligible,Oil_Rents_GDP_Pct_lag1,primary,All_Eligible,Future_Period,train_to_2012__test_from_2013,ElasticNet,signal_increment,0.028000000000000042,0.0
M1_Macro_vs_M2_Macro_Oil__primary__All_Eligible,Oil_Rents_GDP_Pct_lag1,primary,All_Eligible,Future_Period,train_to_2012__test_from_2013,ElasticNet,signal_increment,0.028500000000000043,0.0
M1_Macro_vs_M2_Macro_Oil__primary__All_Eligible,Oil_Rents_GDP_Pct_lag1,primary,All_Eligible,Future_Period,train_to_2012__test_from_2013,ElasticNet,signal_increment,0.029000000000000043,0.0
M1_Macro_vs_M2_Macro_Oil__primary__All_Eligible,Oil_Rents_GDP_Pct_lag1,primary,All_Eligible,Future_Period,train_to_2012__test_from_2013,ElasticNet,signal_increment,0.029500000000000044,0.0
M1_Macro_vs_M2_Macro_Oil__primary__All_Eligible,Oil_Rents_GDP_Pct_lag1,primary,All_Eligible,Future_Period,train_to_2012__test_from_2013,ElasticNet,signal_increment,0.030000000000000044,0.0
M1_Macro_vs_M2_Macro_Oil__primary__All_Eligible,Oil_Rents_GDP_Pct_lag1,primary,All_Eligible,Future_Period,train_to_2012__test_from_2013,ElasticNet,added_model_vs_strongest_benchmark,-0.02,1.0
M1_Macro_vs_M2_Macro_Oil__primary__All_Eligible,Oil_Rents_GDP_Pct_lag1,primary,All_Eligible,Future_Period,train_to_2012__test_from_2013,ElasticNet,added_model_vs_strongest_benchmark,-0.0195,1.0
M1_Macro_vs_M2_Macro_Oil__primary__All_Eligible,Oil_Rents_GDP_Pct_lag1,primary,All_Eligible,Future_Period,train_to_2012__test_from_2013,ElasticNet,added_model_vs_strongest_benchmark,-0.019,1.0
M1_Macro_vs_M2_Macro_Oil__primary__All_Eligible,Oil_Rents_GDP_Pct_lag1,primary,All_Eligible,Future_Period,train_to_2012__test_from_2013,ElasticNet,added_model_vs_strongest_benchmark,-0.0185,1.0
M1_Macro_vs_M2_Macro_Oil__primary__All_Eligible,Oil_Rents_GDP_Pct_lag1,primary,All_Eligible,Future_Period,train_to_2012__test_from_2013,ElasticNet,added_model_vs_strongest_benchmark,-0.018,1.0
M1_Macro_vs_M2_Macro_Oil__primary__All_Eligible,Oil_Rents_GDP_Pct_lag1,primary,All_Eligible,Future_Period,train_to_2012__test_from_2013,ElasticNet,added_model_vs_strongest_benchmark,-0.017499999999999998,1.0
M1_Macro_vs_M2_Macro_Oil__primary__All_Eligible,Oil_Rents_GDP_Pct_lag1,primary,All_Eligible,Future_Period,train_to_2012__test_from_2013,ElasticNet,added_model_vs_strongest_benchmark,-0.016999999999999998,1.0
M1_Macro_vs_M2_Macro_Oil__primary__All_Eligible,Oil_Rents_GDP_Pct_lag1,primary,All_Eligible,Future_Period,train_to_2012__test_from_2013,ElasticNet,added_model_vs_strongest_benchmark,-0.016499999999999997,1.0
M1_Macro_vs_M2_Macro_Oil__primary__All_Eligible,Oil_Rents_GDP_Pct_lag1,primary,All_Eligible,Future_Period,train_to_2012__test_from_2013,ElasticNet,added_model_vs_strongest_benchmark,-0.015999999999999997,1.0
M1_Macro_vs_M2_Macro_Oil__primary__All_Eligible,Oil_Rents_GDP_Pct_lag1,primary,All_Eligible,Future_Period,train_to_2012__test_from_2013,ElasticNet,added_model_vs_strongest_benchmark,-0.015499999999999996,1.0
M1_Macro_vs_M2_Macro_Oil__primary__All_Eligible,Oil_Rents_GDP_Pct_lag1,primary,All_Eligible,Future_Period,train_to_2012__test_from_2013,ElasticNet,added_model_vs_strongest_benchmark,-0.014999999999999996,1.0
M1_Macro_vs_M2_Macro_Oil__primary__All_Eligible,Oil_Rents_GDP_Pct_lag1,primary,All_Eligible,Future_Period,train_to_2012__test_from_2013,ElasticNet,added_model_vs_strongest_benchmark,-0.014499999999999996,1.0
M1_Macro_vs_M2_Macro_Oil__primary__All_Eligible,Oil_Rents_GDP_Pct_lag1,primary,All_Eligible,Future_Period,train_to_2012__test_from_2013,ElasticNet,added_model_vs_strongest_benchmark,-0.013999999999999995,1.0
M1_Macro_vs_M2_Macro_Oil__primary__All_Eligible,Oil_Rents_GDP_Pct_lag1,primary,All_Eligible,Future_Period,train_to_2012__test_from_2013,ElasticNet,added_model_vs_strongest_benchmark,-0.013499999999999995,1.0
M1_Macro_vs_M2_Macro_Oil__primary__All_Eligible,Oil_Rents_GDP_Pct_lag1,primary,All_Eligible,Future_Period,train_to_2012__test_from_2013,ElasticNet,added_model_vs_strongest_benchmark,-0.012999999999999994,1.0
M1_Macro_vs_M2_Macro_Oil__primary__All_Eligible,Oil_Rents_GDP_Pct_lag1,primary,All_Eligible,Future_Period,train_to_2012__test_from_2013,ElasticNet,added_model_vs_strongest_benchmark,-0.012499999999999994,1.0
M1_Macro_vs_M2_Macro_Oil__primary__All_Eligible,Oil_Rents_GDP_Pct_lag1,primary,All_Eligible,Future_Period,train_to_2012__test_from_2013,ElasticNet,added_model_vs_strongest_benchmark,-0.011999999999999993,1.0
M1_Macro_vs_M2_Macro_Oil__primary__All_Eligible,Oil_Rents_GDP_Pct_lag1,primary,All_Eligible,Future_Period,train_to_2012__test_from_2013,ElasticNet,added_model_vs_strongest_benchmark,-0.011499999999999993,1.0
M1_Macro_vs_M2_Macro_Oil__primary__All_Eligible,Oil_Rents_GDP_Pct_lag1,primary,All_Eligible,Future_Period,train_to_2012__test_from_2013,ElasticNet,added_model_vs_strongest_benchmark,-0.010999999999999992,1.0
M1_Macro_vs_M2_Macro_Oil__primary__All_Eligible,Oil_Rents_GDP_Pct_lag1,primary,All_Eligible,Future_Period,train_to_2012__test_from_2013,ElasticNet,added_model_vs_strongest_benchmark,-0.010499999999999992,1.0
M1_Macro_vs_M2_Macro_Oil__primary__All_Eligible,Oil_Rents_GDP_Pct_lag1,primary,All_Eligible,Future_Period,train_to_2012__test_from_2013,ElasticNet,added_model_vs_strongest_benchmark,-0.009999999999999992,1.0
M1_Macro_vs_M2_Macro_Oil__primary__All_Eligible,Oil_Rents_GDP_Pct_lag1,primary,All_Eligible,Future_Period,train_to_2012__test_from_2013,ElasticNet,added_model_vs_strongest_benchmark,-0.009499999999999991,1.0
M1_Macro_vs_M2_Macro_Oil__primary__All_Eligible,Oil_Rents_GDP_Pct_lag1,primary,All_Eligible,Future_Period,train_to_2012__test_from_2013,ElasticNet,added_model_vs_strongest_benchmark,-0.00899999999999999,1.0
M1_Macro_vs_M2_Macro_Oil__primary__All_Eligible,Oil_Rents_GDP_Pct_lag1,primary,All_Eligible,Future_Period,train_to_2012__test_from_2013,ElasticNet,added_model_vs_strongest_benchmark,-0.00849999999999999,1.0
M1_Macro_vs_M2_Macro_Oil__primary__All_Eligible,Oil_Rents_GDP_Pct_lag1,primary,All_Eligible,Future_Period,train_to_2012__test_from_2013,ElasticNet,added_model_vs_strongest_benchmark,-0.00799999999999999,1.0
M1_Macro_vs_M2_Macro_Oil__primary__All_Eligible,Oil_Rents_GDP_Pct_lag1,primary,All_Eligible,Future_Period,train_to_2012__test_from_2013,ElasticNet,added_model_vs_strongest_benchmark,-0.007499999999999989,1.0
M1_Macro_vs_M2_Macro_Oil__primary__All_Eligible,Oil_Rents_GDP_Pct_lag1,primary,All_Eligible,Future_Period,train_to_2012__test_from_2013,ElasticNet,added_model_vs_strongest_benchmark,-0.006999999999999989,1.0
M1_Macro_vs_M2_Macro_Oil__primary__All_Eligible,Oil_Rents_GDP_Pct_lag1,primary,All_Eligible,Future_Period,train_to_2012__test_from_2013,ElasticNet,added_model_vs_strongest_benchmark,-0.006499999999999988,1.0
M1_Macro_vs_M2_Macro_Oil__primary__All_Eligible,Oil_Rents_GDP_Pct_lag1,primary,All_Eligible,Future_Period,train_to_2012__test_from_2013,ElasticNet,added_model_vs_strongest_benchmark,-0.005999999999999988,1.0
M1_Macro_vs_M2_Macro_Oil__primary__All_Eligible,Oil_Rents_GDP_Pct_lag1,primary,All_Eligible,Future_Period,train_to_2012__test_from_2013,ElasticNet,added_model_vs_strongest_benchmark,-0.0054999999999999875,1.0
M1_Macro_vs_M2_Macro_Oil__primary__All_Eligible,Oil_Rents_GDP_Pct_lag1,primary,All_Eligible,Future_Period,train_to_2012__test_from_2013,ElasticNet,added_model_vs_strongest_benchmark,-0.004999999999999987,1.0
M1_Macro_vs_M2_Macro_Oil__primary__All_Eligible,Oil_Rents_GDP_Pct_lag1,primary,All_Eligible,Future_Period,train_to_2012__test_from_2013,ElasticNet,added_model_vs_strongest_benchmark,-0.004499999999999987,1.0
M1_Macro_vs_M2_Macro_Oil__primary__All_Eligible,Oil_Rents_GDP_Pct_lag1,primary,All_Eligible,Future_Period,train_to_2012__test_from_2013,ElasticNet,added_model_vs_strongest_benchmark,-0.003999999999999986,1.0
M1_Macro_vs_M2_Macro_Oil__primary__All_Eligible,Oil_Rents_GDP_Pct_lag1,primary,All_Eligible,Future_Period,train_to_2012__test_from_2013,ElasticNet,added_model_vs_strongest_benchmark,-0.0034999999999999858,1.0
M1_Macro_vs_M2_Macro_Oil__primary__All_Eligible,Oil_Rents_GDP_Pct_lag1,primary,All_Eligible,Future_Period,train_to_2012__test_from_2013,ElasticNet,added_model_vs_strongest_benchmark,-0.0029999999999999853,1.0
M1_Macro_vs_M2_Macro_Oil__primary__All_Eligible,Oil_Rents_GDP_Pct_lag1,primary,All_Eligible,Future_Period,train_to_2012__test_from_2013,ElasticNet,added_model_vs_strongest_benchmark,-0.002499999999999985,1.0
M1_Macro_vs_M2_Macro_Oil__primary__All_Eligible,Oil_Rents_GDP_Pct_lag1,primary,All_Eligible,Future_Period,train_to_2012__test_from_2013,ElasticNet,added_model_vs_strongest_benchmark,-0.0019999999999999844,1.0
M1_Macro_vs_M2_Macro_Oil__primary__All_Eligible,Oil_Rents_GDP_Pct_lag1,primary,All_Eligible,Future_Period,train_to_2012__test_from_2013,ElasticNet,added_model_vs_strongest_benchmark,-0.001499999999999984,1.0
M1_Macro_vs_M2_Macro_Oil__primary__All_Eligible,Oil_Rents_GDP_Pct_lag1,primary,All_Eligible,Future_Period,train_to_2012__test_from_2013,ElasticNet,added_model_vs_strongest_benchmark,-0.0009999999999999835,1.0
M1_Macro_vs_M2_Macro_Oil__primary__All_Eligible,Oil_Rents_GDP_Pct_lag1,primary,All_Eligible,Future_Period,train_to_2012__test_from_2013,ElasticNet,added_model_vs_strongest_benchmark,-0.0004999999999999831,1.0
M1_Macro_vs_M2_Macro_Oil__primary__All_Eligible,Oil_Rents_GDP_Pct_lag1,primary,All_Eligible,Future_Period,train_to_2012__test_from_2013,ElasticNet,added_model_vs_strongest_benchmark,1.734723475976807e-17,1.0
M1_Macro_vs_M2_Macro_Oil__primary__All_Eligible,Oil_Rents_GDP_Pct_lag1,primary,All_Eligible,Future_Period,train_to_2012__test_from_2013,ElasticNet,added_model_vs_strongest_benchmark,0.0005000000000000178,1.0
M1_Macro_vs_M2_Macro_Oil__primary__All_Eligible,Oil_Rents_GDP_Pct_lag1,primary,All_Eligible,Future_Period,train_to_2012__test_from_2013,ElasticNet,added_model_vs_strongest_benchmark,0.0010000000000000182,1.0
M1_Macro_vs_M2_Macro_Oil__primary__All_Eligible,Oil_Rents_GDP_Pct_lag1,primary,All_Eligible,Future_Period,train_to_2012__test_from_2013,ElasticNet,added_model_vs_strongest_benchmark,0.0015000000000000187,1.0
M1_Macro_vs_M2_Macro_Oil__primary__All_Eligible,Oil_Rents_GDP_Pct_lag1,primary,All_Eligible,Future_Period,train_to_2012__test_from_2013,ElasticNet,added_model_vs_strongest_benchmark,0.002000000000000019,1.0
M1_Macro_vs_M2_Macro_Oil__primary__All_Eligible,Oil_Rents_GDP_Pct_lag1,primary,All_Eligible,Future_Period,train_to_2012__test_from_2013,ElasticNet,added_model_vs_strongest_benchmark,0.0025000000000000196,1.0
M1_Macro_vs_M2_Macro_Oil__primary__All_Eligible,Oil_Rents_GDP_Pct_lag1,primary,All_Eligible,Future_Period,train_to_2012__test_from_2013,ElasticNet,added_model_vs_strongest_benchmark,0.00300000000000002,1.0
M1_Macro_vs_M2_Macro_Oil__primary__All_Eligible,Oil_Rents_GDP_Pct_lag1,primary,All_Eligible,Future_Period,train_to_2012__test_from_2013,ElasticNet,added_model_vs_strongest_benchmark,0.0035000000000000205,1.0
M1_Macro_vs_M2_Macro_Oil__primary__All_Eligible,Oil_Rents_GDP_Pct_lag1,primary,All_Eligible,Future_Period,train_to_2012__test_from_2013,ElasticNet,added_model_vs_strongest_benchmark,0.004000000000000021,1.0
M1_Macro_vs_M2_Macro_Oil__primary__All_Eligible,Oil_Rents_GDP_Pct_lag1,primary,All_Eligible,Future_Period,train_to_2012__test_from_2013,ElasticNet,added_model_vs_strongest_benchmark,0.004500000000000021,1.0
M1_Macro_vs_M2_Macro_Oil__primary__All_Eligible,Oil_Rents_GDP_Pct_lag1,primary,All_Eligible,Future_Period,train_to_2012__test_from_2013,ElasticNet,added_model_vs_strongest_benchmark,0.005000000000000022,1.0
M1_Macro_vs_M2_Macro_Oil__primary__All_Eligible,Oil_Rents_GDP_Pct_lag1,primary,All_Eligible,Future_Period,train_to_2012__test_from_2013,ElasticNet,added_model_vs_strongest_benchmark,0.005500000000000022,1.0
M1_Macro_vs_M2_Macro_Oil__primary__All_Eligible,Oil_Rents_GDP_Pct_lag1,primary,All_Eligible,Future_Period,train_to_2012__test_from_2013,ElasticNet,added_model_vs_strongest_benchmark,0.006000000000000023,1.0
M1_Macro_vs_M2_Macro_Oil__primary__All_Eligible,Oil_Rents_GDP_Pct_lag1,primary,All_Eligible,Future_Period,train_to_2012__test_from_2013,ElasticNet,added_model_vs_strongest_benchmark,0.006500000000000023,1.0
M1_Macro_vs_M2_Macro_Oil__primary__All_Eligible,Oil_Rents_GDP_Pct_lag1,primary,All_Eligible,Future_Period,train_to_2012__test_from_2013,ElasticNet,added_model_vs_strongest_benchmark,0.0070000000000000236,1.0
M1_Macro_vs_M2_Macro_Oil__primary__All_Eligible,Oil_Rents_GDP_Pct_lag1,primary,All_Eligible,Future_Period,train_to_2012__test_from_2013,ElasticNet,added_model_vs_strongest_benchmark,0.007500000000000024,1.0
M1_Macro_vs_M2_Macro_Oil__primary__All_Eligible,Oil_Rents_GDP_Pct_lag1,primary,All_Eligible,Future_Period,train_to_2012__test_from_2013,ElasticNet,added_model_vs_strongest_benchmark,0.008000000000000024,1.0
M1_Macro_vs_M2_Macro_Oil__primary__All_Eligible,Oil_Rents_GDP_Pct_lag1,primary,All_Eligible,Future_Period,train_to_2012__test_from_2013,ElasticNet,added_model_vs_strongest_benchmark,0.008500000000000025,1.0
M1_Macro_vs_M2_Macro_Oil__primary__All_Eligible,Oil_Rents_GDP_Pct_lag1,primary,All_Eligible,Future_Period,train_to_2012__test_from_2013,ElasticNet,added_model_vs_strongest_benchmark,0.009000000000000025,1.0
M1_Macro_vs_M2_Macro_Oil__primary__All_Eligible,Oil_Rents_GDP_Pct_lag1,primary,All_Eligible,Future_Period,train_to_2012__test_from_2013,ElasticNet,added_model_vs_strongest_benchmark,0.009500000000000026,1.0
M1_Macro_vs_M2_Macro_Oil__primary__All_Eligible,Oil_Rents_GDP_Pct_lag1,primary,All_Eligible,Future_Period,train_to_2012__test_from_2013,ElasticNet,added_model_vs_strongest_benchmark,0.010000000000000026,1.0
M1_Macro_vs_M2_Macro_Oil__primary__All_Eligible,Oil_Rents_GDP_Pct_lag1,primary,All_Eligible,Future_Period,train_to_2012__test_from_2013,ElasticNet,added_model_vs_strongest_benchmark,0.010500000000000027,1.0
M1_Macro_vs_M2_Macro_Oil__primary__All_Eligible,Oil_Rents_GDP_Pct_lag1,primary,All_Eligible,Future_Period,train_to_2012__test_from_2013,ElasticNet,added_model_vs_strongest_benchmark,0.011000000000000027,1.0
M1_Macro_vs_M2_Macro_Oil__primary__All_Eligible,Oil_Rents_GDP_Pct_lag1,primary,All_Eligible,Future_Period,train_to_2012__test_from_2013,ElasticNet,added_model_vs_strongest_benchmark,0.011500000000000028,1.0
M1_Macro_vs_M2_Macro_Oil__primary__All_Eligible,Oil_Rents_GDP_Pct_lag1,primary,All_Eligible,Future_Period,train_to_2012__test_from_2013,ElasticNet,added_model_vs_strongest_benchmark,0.012000000000000028,1.0
M1_Macro_vs_M2_Macro_Oil__primary__All_Eligible,Oil_Rents_GDP_Pct_lag1,primary,All_Eligible,Future_Period,train_to_2012__test_from_2013,ElasticNet,added_model_vs_strongest_benchmark,0.012500000000000028,1.0
M1_Macro_vs_M2_Macro_Oil__primary__All_Eligible,Oil_Rents_GDP_Pct_lag1,primary,All_Eligible,Future_Period,train_to_2012__test_from_2013,ElasticNet,added_model_vs_strongest_benchmark,0.013000000000000029,1.0
M1_Macro_vs_M2_Macro_Oil__primary__All_Eligible,Oil_Rents_GDP_Pct_lag1,primary,All_Eligible,Future_Period,train_to_2012__test_from_2013,ElasticNet,added_model_vs_strongest_benchmark,0.01350000000000003,1.0
M1_Macro_vs_M2_Macro_Oil__primary__All_Eligible,Oil_Rents_GDP_Pct_lag1,primary,All_Eligible,Future_Period,train_to_2012__test_from_2013,ElasticNet,added_model_vs_strongest_benchmark,0.01400000000000003,1.0
M1_Macro_vs_M2_Macro_Oil__primary__All_Eligible,Oil_Rents_GDP_Pct_lag1,primary,All_Eligible,Future_Period,train_to_2012__test_from_2013,ElasticNet,added_model_vs_strongest_benchmark,0.01450000000000003,1.0
M1_Macro_vs_M2_Macro_Oil__primary__All_Eligible,Oil_Rents_GDP_Pct_lag1,primary,All_Eligible,Future_Period,train_to_2012__test_from_2013,ElasticNet,added_model_vs_strongest_benchmark,0.01500000000000003,1.0
M1_Macro_vs_M2_Macro_Oil__primary__All_Eligible,Oil_Rents_GDP_Pct_lag1,primary,All_Eligible,Future_Period,train_to_2012__test_from_2013,ElasticNet,added_model_vs_strongest_benchmark,0.015500000000000031,1.0
M1_Macro_vs_M2_Macro_Oil__primary__All_Eligible,Oil_Rents_GDP_Pct_lag1,primary,All_Eligible,Future_Period,train_to_2012__test_from_2013,ElasticNet,added_model_vs_strongest_benchmark,0.01600000000000003,1.0
M1_Macro_vs_M2_Macro_Oil__primary__All_Eligible,Oil_Rents_GDP_Pct_lag1,primary,All_Eligible,Future_Period,train_to_2012__test_from_2013,ElasticNet,added_model_vs_strongest_benchmark,0.016500000000000032,1.0
M1_Macro_vs_M2_Macro_Oil__primary__All_Eligible,Oil_Rents_GDP_Pct_lag1,primary,All_Eligible,Future_Period,train_to_2012__test_from_2013,ElasticNet,added_model_vs_strongest_benchmark,0.017000000000000032,1.0
M1_Macro_vs_M2_Macro_Oil__primary__All_Eligible,Oil_Rents_GDP_Pct_lag1,primary,All_Eligible,Future_Period,train_to_2012__test_from_2013,ElasticNet,added_model_vs_strongest_benchmark,0.017500000000000033,1.0
M1_Macro_vs_M2_Macro_Oil__primary__All_Eligible,Oil_Rents_GDP_Pct_lag1,primary,All_Eligible,Future_Period,train_to_2012__test_from_2013,ElasticNet,added_model_vs_strongest_benchmark,0.018000000000000033,1.0
M1_Macro_vs_M2_Macro_Oil__primary__All_Eligible,Oil_Rents_GDP_Pct_lag1,primary,All_Eligible,Future_Period,train_to_2012__test_from_2013,ElasticNet,added_model_vs_strongest_benchmark,0.018500000000000034,1.0
M1_Macro_vs_M2_Macro_Oil__primary__All_Eligible,Oil_Rents_GDP_Pct_lag1,primary,All_Eligible,Future_Period,train_to_2012__test_from_2013,ElasticNet,added_model_vs_strongest_benchmark,0.019000000000000034,1.0
M1_Macro_vs_M2_Macro_Oil__primary__All_Eligible,Oil_Rents_GDP_Pct_lag1,primary,All_Eligible,Future_Period,train_to_2012__test_from_2013,ElasticNet,added_model_vs_strongest_benchmark,0.019500000000000035,1.0
M1_Macro_vs_M2_Macro_Oil__primary__All_Eligible,Oil_Rents_GDP_Pct_lag1,primary,All_Eligible,Future_Period,train_to_2012__test_from_2013,ElasticNet,added_model_vs_strongest_benchmark,0.020000000000000035,1.0
M1_Macro_vs_M2_Macro_Oil__primary__All_Eligible,Oil_Rents_GDP_Pct_lag1,primary,All_Eligible,Future_Period,train_to_2012__test_from_2013,ElasticNet,added_model_vs_strongest_benchmark,0.020500000000000036,1.0
M1_Macro_vs_M2_Macro_Oil__primary__All_Eligible,Oil_Rents_GDP_Pct_lag1,primary,All_Eligible,Future_Period,train_to_2012__test_from_2013,ElasticNet,added_model_vs_strongest_benchmark,0.021000000000000036,1.0
M1_Macro_vs_M2_Macro_Oil__primary__All_Eligible,Oil_Rents_GDP_Pct_lag1,primary,All_Eligible,Future_Period,train_to_2012__test_from_2013,ElasticNet,added_model_vs_strongest_benchmark,0.021500000000000036,1.0
M1_Macro_vs_M2_Macro_Oil__primary__All_Eligible,Oil_Rents_GDP_Pct_lag1,primary,All_Eligible,Future_Period,train_to_2012__test_from_2013,ElasticNet,added_model_vs_strongest_benchmark,0.022000000000000037,1.0
M1_Macro_vs_M2_Macro_Oil__primary__All_Eligible,Oil_Rents_GDP_Pct_lag1,primary,All_Eligible,Future_Period,train_to_2012__test_from_2013,ElasticNet,added_model_vs_strongest_benchmark,0.022500000000000037,1.0
M1_Macro_vs_M2_Macro_Oil__primary__All_Eligible,Oil_Rents_GDP_Pct_lag1,primary,All_Eligible,Future_Period,train_to_2012__test_from_2013,ElasticNet,added_model_vs_strongest_benchmark,0.023000000000000038,1.0
M1_Macro_vs_M2_Macro_Oil__primary__All_Eligible,Oil_Rents_GDP_Pct_lag1,primary,All_Eligible,Future_Period,train_to_2012__test_from_2013,ElasticNet,added_model_vs_strongest_benchmark,0.023500000000000038,1.0
M1_Macro_vs_M2_Macro_Oil__primary__All_Eligible,Oil_Rents_GDP_Pct_lag1,primary,All_Eligible,Future_Period,train_to_2012__test_from_2013,ElasticNet,added_model_vs_strongest_benchmark,0.02400000000000004,1.0
M1_Macro_vs_M2_Macro_Oil__primary__All_Eligible,Oil_Rents_GDP_Pct_lag1,primary,All_Eligible,Future_Period,train_to_2012__test_from_2013,ElasticNet,added_model_vs_strongest_benchmark,0.02450000000000004,1.0
M1_Macro_vs_M2_Macro_Oil__primary__All_Eligible,Oil_Rents_GDP_Pct_lag1,primary,All_Eligible,Future_Period,train_to_2012__test_from_2013,ElasticNet,added_model_vs_strongest_benchmark,0.02500000000000004,1.0
M1_Macro_vs_M2_Macro_Oil__primary__All_Eligible,Oil_Rents_GDP_Pct_lag1,primary,All_Eligible,Future_Period,train_to_2012__test_from_2013,ElasticNet,added_model_vs_strongest_benchmark,0.02550000000000004,1.0
M1_Macro_vs_M2_Macro_Oil__primary__All_Eligible,Oil_Rents_GDP_Pct_lag1,primary,All_Eligible,Future_Period,train_to_2012__test_from_2013,ElasticNet,added_model_vs_strongest_benchmark,0.02600000000000004,1.0
M1_Macro_vs_M2_Macro_Oil__primary__All_Eligible,Oil_Rents_GDP_Pct_lag1,primary,All_Eligible,Future_Period,train_to_2012__test_from_2013,ElasticNet,added_model_vs_strongest_benchmark,0.02650000000000004,1.0
M1_Macro_vs_M2_Macro_Oil__primary__All_Eligible,Oil_Rents_GDP_Pct_lag1,primary,All_Eligible,Future_Period,train_to_2012__test_from_2013,ElasticNet,added_model_vs_strongest_benchmark,0.02700000000000004,1.0
M1_Macro_vs_M2_Macro_Oil__primary__All_Eligible,Oil_Rents_GDP_Pct_lag1,primary,All_Eligible,Future_Period,train_to_2012__test_from_2013,ElasticNet,added_model_vs_strongest_benchmark,0.027500000000000042,1.0
M1_Macro_vs_M2_Macro_Oil__primary__All_Eligible,Oil_Rents_GDP_Pct_lag1,primary,All_Eligible,Future_Period,train_to_2012__test_from_2013,ElasticNet,added_model_vs_strongest_benchmark,0.028000000000000042,1.0
M1_Macro_vs_M2_Macro_Oil__primary__All_Eligible,Oil_Rents_GDP_Pct_lag1,primary,All_Eligible,Future_Period,train_to_2012__test_from_2013,ElasticNet,added_model_vs_strongest_benchmark,0.028500000000000043,1.0
M1_Macro_vs_M2_Macro_Oil__primary__All_Eligible,Oil_Rents_GDP_Pct_lag1,primary,All_Eligible,Future_Period,train_to_2012__test_from_2013,ElasticNet,added_model_vs_strongest_benchmark,0.029000000000000043,1.0
M1_Macro_vs_M2_Macro_Oil__primary__All_Eligible,Oil_Rents_GDP_Pct_lag1,primary,All_Eligible,Future_Period,train_to_2012__test_from_2013,ElasticNet,added_model_vs_strongest_benchmark,0.029500000000000044,1.0
M1_Macro_vs_M2_Macro_Oil__primary__All_Eligible,Oil_Rents_GDP_Pct_lag1,primary,All_Eligible,Future_Period,train_to_2012__test_from_2013,ElasticNet,added_model_vs_strongest_benchmark,0.030000000000000044,1.0
M1_Macro_vs_M2_Macro_Oil__primary__All_Eligible,Oil_Rents_GDP_Pct_lag1,primary,All_Eligible,Future_Period,train_to_2012__test_from_2013,RandomForest,signal_increment,-0.02,1.0
M1_Macro_vs_M2_Macro_Oil__primary__All_Eligible,Oil_Rents_GDP_Pct_lag1,primary,All_Eligible,Future_Period,train_to_2012__test_from_2013,RandomForest,signal_increment,-0.0195,1.0
M1_Macro_vs_M2_Macro_Oil__primary__All_Eligible,Oil_Rents_GDP_Pct_lag1,primary,All_Eligible,Future_Period,train_to_2012__test_from_2013,RandomForest,signal_increment,-0.019,1.0
M1_Macro_vs_M2_Macro_Oil__primary__All_Eligible,Oil_Rents_GDP_Pct_lag1,primary,All_Eligible,Future_Period,train_to_2012__test_from_2013,RandomForest,signal_increment,-0.0185,1.0
M1_Macro_vs_M2_Macro_Oil__primary__All_Eligible,Oil_Rents_GDP_Pct_lag1,primary,All_Eligible,Future_Period,train_to_2012__test_from_2013,RandomForest,signal_increment,-0.018,1.0
M1_Macro_vs_M2_Macro_Oil__primary__All_Eligible,Oil_Rents_GDP_Pct_lag1,primary,All_Eligible,Future_Period,train_to_2012__test_from_2013,RandomForest,signal_increment,-0.017499999999999998,1.0
M1_Macro_vs_M2_Macro_Oil__primary__All_Eligible,Oil_Rents_GDP_Pct_lag1,primary,All_Eligible,Future_Period,train_to_2012__test_from_2013,RandomForest,signal_increment,-0.016999999999999998,1.0
M1_Macro_vs_M2_Macro_Oil__primary__All_Eligible,Oil_Rents_GDP_Pct_lag1,primary,All_Eligible,Future_Period,train_to_2012__test_from_2013,RandomForest,signal_increment,-0.016499999999999997,1.0
M1_Macro_vs_M2_Macro_Oil__primary__All_Eligible,Oil_Rents_GDP_Pct_lag1,primary,All_Eligible,Future_Period,train_to_2012__test_from_2013,RandomForest,signal_increment,-0.015999999999999997,1.0
M1_Macro_vs_M2_Macro_Oil__primary__All_Eligible,Oil_Rents_GDP_Pct_lag1,primary,All_Eligible,Future_Period,train_to_2012__test_from_2013,RandomForest,signal_increment,-0.015499999999999996,1.0
M1_Macro_vs_M2_Macro_Oil__primary__All_Eligible,Oil_Rents_GDP_Pct_lag1,primary,All_Eligible,Future_Period,train_to_2012__test_from_2013,RandomForest,signal_increment,-0.014999999999999996,1.0
M1_Macro_vs_M2_Macro_Oil__primary__All_Eligible,Oil_Rents_GDP_Pct_lag1,primary,All_Eligible,Future_Period,train_to_2012__test_from_2013,RandomForest,signal_increment,-0.014499999999999996,1.0
M1_Macro_vs_M2_Macro_Oil__primary__All_Eligible,Oil_Rents_GDP_Pct_lag1,primary,All_Eligible,Future_Period,train_to_2012__test_from_2013,RandomForest,signal_increment,-0.013999999999999995,1.0
M1_Macro_vs_M2_Macro_Oil__primary__All_Eligible,Oil_Rents_GDP_Pct_lag1,primary,All_Eligible,Future_Period,train_to_2012__test_from_2013,RandomForest,signal_increment,-0.013499999999999995,1.0
M1_Macro_vs_M2_Macro_Oil__primary__All_Eligible,Oil_Rents_GDP_Pct_lag1,primary,All_Eligible,Future_Period,train_to_2012__test_from_2013,RandomForest,signal_increment,-0.012999999999999994,1.0
M1_Macro_vs_M2_Macro_Oil__primary__All_Eligible,Oil_Rents_GDP_Pct_lag1,primary,All_Eligible,Future_Period,train_to_2012__test_from_2013,RandomForest,signal_increment,-0.012499999999999994,1.0
M1_Macro_vs_M2_Macro_Oil__primary__All_Eligible,Oil_Rents_GDP_Pct_lag1,primary,All_Eligible,Future_Period,train_to_2012__test_from_2013,RandomForest,signal_increment,-0.011999999999999993,1.0
M1_Macro_vs_M2_Macro_Oil__primary__All_Eligible,Oil_Rents_GDP_Pct_lag1,primary,All_Eligible,Future_Period,train_to_2012__test_from_2013,RandomForest,signal_increment,-0.011499999999999993,0.9995
M1_Macro_vs_M2_Macro_Oil__primary__All_Eligible,Oil_Rents_GDP_Pct_lag1,primary,All_Eligible,Future_Period,train_to_2012__test_from_2013,RandomForest,signal_increment,-0.010999999999999992,0.9995
M1_Macro_vs_M2_Macro_Oil__primary__All_Eligible,Oil_Rents_GDP_Pct_lag1,primary,All_Eligible,Future_Period,train_to_2012__test_from_2013,RandomForest,signal_increment,-0.010499999999999992,0.9995
M1_Macro_vs_M2_Macro_Oil__primary__All_Eligible,Oil_Rents_GDP_Pct_lag1,primary,All_Eligible,Future_Period,train_to_2012__test_from_2013,RandomForest,signal_increment,-0.009999999999999992,0.9995
M1_Macro_vs_M2_Macro_Oil__primary__All_Eligible,Oil_Rents_GDP_Pct_lag1,primary,All_Eligible,Future_Period,train_to_2012__test_from_2013,RandomForest,signal_increment,-0.009499999999999991,0.9995
M1_Macro_vs_M2_Macro_Oil__primary__All_Eligible,Oil_Rents_GDP_Pct_lag1,primary,All_Eligible,Future_Period,train_to_2012__test_from_2013,RandomForest,signal_increment,-0.00899999999999999,0.9995
M1_Macro_vs_M2_Macro_Oil__primary__All_Eligible,Oil_Rents_GDP_Pct_lag1,primary,All_Eligible,Future_Period,train_to_2012__test_from_2013,RandomForest,signal_increment,-0.00849999999999999,0.9995
M1_Macro_vs_M2_Macro_Oil__primary__All_Eligible,Oil_Rents_GDP_Pct_lag1,primary,All_Eligible,Future_Period,train_to_2012__test_from_2013,RandomForest,signal_increment,-0.00799999999999999,0.9995
M1_Macro_vs_M2_Macro_Oil__primary__All_Eligible,Oil_Rents_GDP_Pct_lag1,primary,All_Eligible,Future_Period,train_to_2012__test_from_2013,RandomForest,signal_increment,-0.007499999999999989,0.9995
M1_Macro_vs_M2_Macro_Oil__primary__All_Eligible,Oil_Rents_GDP_Pct_lag1,primary,All_Eligible,Future_Period,train_to_2012__test_from_2013,RandomForest,signal_increment,-0.006999999999999989,0.9995
M1_Macro_vs_M2_Macro_Oil__primary__All_Eligible,Oil_Rents_GDP_Pct_lag1,primary,All_Eligible,Future_Period,train_to_2012__test_from_2013,RandomForest,signal_increment,-0.006499999999999988,0.999
M1_Macro_vs_M2_Macro_Oil__primary__All_Eligible,Oil_Rents_GDP_Pct_lag1,primary,All_Eligible,Future_Period,train_to_2012__test_from_2013,RandomForest,signal_increment,-0.005999999999999988,0.999
M1_Macro_vs_M2_Macro_Oil__primary__All_Eligible,Oil_Rents_GDP_Pct_lag1,primary,All_Eligible,Future_Period,train_to_2012__test_from_2013,RandomForest,signal_increment,-0.0054999999999999875,0.9985
M1_Macro_vs_M2_Macro_Oil__primary__All_Eligible,Oil_Rents_GDP_Pct_lag1,primary,All_Eligible,Future_Period,train_to_2012__test_from_2013,RandomForest,signal_increment,-0.004999999999999987,0.9985
M1_Macro_vs_M2_Macro_Oil__primary__All_Eligible,Oil_Rents_GDP_Pct_lag1,primary,All_Eligible,Future_Period,train_to_2012__test_from_2013,RandomForest,signal_increment,-0.004499999999999987,0.998
M1_Macro_vs_M2_Macro_Oil__primary__All_Eligible,Oil_Rents_GDP_Pct_lag1,primary,All_Eligible,Future_Period,train_to_2012__test_from_2013,RandomForest,signal_increment,-0.003999999999999986,0.9975
M1_Macro_vs_M2_Macro_Oil__primary__All_Eligible,Oil_Rents_GDP_Pct_lag1,primary,All_Eligible,Future_Period,train_to_2012__test_from_2013,RandomForest,signal_increment,-0.0034999999999999858,0.9975
M1_Macro_vs_M2_Macro_Oil__primary__All_Eligible,Oil_Rents_GDP_Pct_lag1,primary,All_Eligible,Future_Period,train_to_2012__test_from_2013,RandomForest,signal_increment,-0.0029999999999999853,0.996
M1_Macro_vs_M2_Macro_Oil__primary__All_Eligible,Oil_Rents_GDP_Pct_lag1,primary,All_Eligible,Future_Period,train_to_2012__test_from_2013,RandomForest,signal_increment,-0.002499999999999985,0.9955
M1_Macro_vs_M2_Macro_Oil__primary__All_Eligible,Oil_Rents_GDP_Pct_lag1,primary,All_Eligible,Future_Period,train_to_2012__test_from_2013,RandomForest,signal_increment,-0.0019999999999999844,0.9945
M1_Macro_vs_M2_Macro_Oil__primary__All_Eligible,Oil_Rents_GDP_Pct_lag1,primary,All_Eligible,Future_Period,train_to_2012__test_from_2013,RandomForest,signal_increment,-0.001499999999999984,0.9945
M1_Macro_vs_M2_Macro_Oil__primary__All_Eligible,Oil_Rents_GDP_Pct_lag1,primary,All_Eligible,Future_Period,train_to_2012__test_from_2013,RandomForest,signal_increment,-0.0009999999999999835,0.994
M1_Macro_vs_M2_Macro_Oil__primary__All_Eligible,Oil_Rents_GDP_Pct_lag1,primary,All_Eligible,Future_Period,train_to_2012__test_from_2013,RandomForest,signal_increment,-0.0004999999999999831,0.9935
M1_Macro_vs_M2_Macro_Oil__primary__All_Eligible,Oil_Rents_GDP_Pct_lag1,primary,All_Eligible,Future_Period,train_to_2012__test_from_2013,RandomForest,signal_increment,1.734723475976807e-17,0.993
M1_Macro_vs_M2_Macro_Oil__primary__All_Eligible,Oil_Rents_GDP_Pct_lag1,primary,All_Eligible,Future_Period,train_to_2012__test_from_2013,RandomForest,signal_increment,0.0005000000000000178,0.9915
M1_Macro_vs_M2_Macro_Oil__primary__All_Eligible,Oil_Rents_GDP_Pct_lag1,primary,All_Eligible,Future_Period,train_to_2012__test_from_2013,RandomForest,signal_increment,0.0010000000000000182,0.989
M1_Macro_vs_M2_Macro_Oil__primary__All_Eligible,Oil_Rents_GDP_Pct_lag1,primary,All_Eligible,Future_Period,train_to_2012__test_from_2013,RandomForest,signal_increment,0.0015000000000000187,0.987
M1_Macro_vs_M2_Macro_Oil__primary__All_Eligible,Oil_Rents_GDP_Pct_lag1,primary,All_Eligible,Future_Period,train_to_2012__test_from_2013,RandomForest,signal_increment,0.002000000000000019,0.9855
M1_Macro_vs_M2_Macro_Oil__primary__All_Eligible,Oil_Rents_GDP_Pct_lag1,primary,All_Eligible,Future_Period,train_to_2012__test_from_2013,RandomForest,signal_increment,0.0025000000000000196,0.983
M1_Macro_vs_M2_Macro_Oil__primary__All_Eligible,Oil_Rents_GDP_Pct_lag1,primary,All_Eligible,Future_Period,train_to_2012__test_from_2013,RandomForest,signal_increment,0.00300000000000002,0.9795
M1_Macro_vs_M2_Macro_Oil__primary__All_Eligible,Oil_Rents_GDP_Pct_lag1,primary,All_Eligible,Future_Period,train_to_2012__test_from_2013,RandomForest,signal_increment,0.0035000000000000205,0.975
M1_Macro_vs_M2_Macro_Oil__primary__All_Eligible,Oil_Rents_GDP_Pct_lag1,primary,All_Eligible,Future_Period,train_to_2012__test_from_2013,RandomForest,signal_increment,0.004000000000000021,0.9725
M1_Macro_vs_M2_Macro_Oil__primary__All_Eligible,Oil_Rents_GDP_Pct_lag1,primary,All_Eligible,Future_Period,train_to_2012__test_from_2013,RandomForest,signal_increment,0.004500000000000021,0.9695
M1_Macro_vs_M2_Macro_Oil__primary__All_Eligible,Oil_Rents_GDP_Pct_lag1,primary,All_Eligible,Future_Period,train_to_2012__test_from_2013,RandomForest,signal_increment,0.005000000000000022,0.965
M1_Macro_vs_M2_Macro_Oil__primary__All_Eligible,Oil_Rents_GDP_Pct_lag1,primary,All_Eligible,Future_Period,train_to_2012__test_from_2013,RandomForest,signal_increment,0.005500000000000022,0.962
M1_Macro_vs_M2_Macro_Oil__primary__All_Eligible,Oil_Rents_GDP_Pct_lag1,primary,All_Eligible,Future_Period,train_to_2012__test_from_2013,RandomForest,signal_increment,0.006000000000000023,0.9585
M1_Macro_vs_M2_Macro_Oil__primary__All_Eligible,Oil_Rents_GDP_Pct_lag1,primary,All_Eligible,Future_Period,train_to_2012__test_from_2013,RandomForest,signal_increment,0.006500000000000023,0.953
M1_Macro_vs_M2_Macro_Oil__primary__All_Eligible,Oil_Rents_GDP_Pct_lag1,primary,All_Eligible,Future_Period,train_to_2012__test_from_2013,RandomForest,signal_increment,0.0070000000000000236,0.9465
M1_Macro_vs_M2_Macro_Oil__primary__All_Eligible,Oil_Rents_GDP_Pct_lag1,primary,All_Eligible,Future_Period,train_to_2012__test_from_2013,RandomForest,signal_increment,0.007500000000000024,0.943
M1_Macro_vs_M2_Macro_Oil__primary__All_Eligible,Oil_Rents_GDP_Pct_lag1,primary,All_Eligible,Future_Period,train_to_2012__test_from_2013,RandomForest,signal_increment,0.008000000000000024,0.938
M1_Macro_vs_M2_Macro_Oil__primary__All_Eligible,Oil_Rents_GDP_Pct_lag1,primary,All_Eligible,Future_Period,train_to_2012__test_from_2013,RandomForest,signal_increment,0.008500000000000025,0.93
M1_Macro_vs_M2_Macro_Oil__primary__All_Eligible,Oil_Rents_GDP_Pct_lag1,primary,All_Eligible,Future_Period,train_to_2012__test_from_2013,RandomForest,signal_increment,0.009000000000000025,0.9265
M1_Macro_vs_M2_Macro_Oil__primary__All_Eligible,Oil_Rents_GDP_Pct_lag1,primary,All_Eligible,Future_Period,train_to_2012__test_from_2013,RandomForest,signal_increment,0.009500000000000026,0.9205
M1_Macro_vs_M2_Macro_Oil__primary__All_Eligible,Oil_Rents_GDP_Pct_lag1,primary,All_Eligible,Future_Period,train_to_2012__test_from_2013,RandomForest,signal_increment,0.010000000000000026,0.9135
M1_Macro_vs_M2_Macro_Oil__primary__All_Eligible,Oil_Rents_GDP_Pct_lag1,primary,All_Eligible,Future_Period,train_to_2012__test_from_2013,RandomForest,signal_increment,0.010500000000000027,0.906
M1_Macro_vs_M2_Macro_Oil__primary__All_Eligible,Oil_Rents_GDP_Pct_lag1,primary,All_Eligible,Future_Period,train_to_2012__test_from_2013,RandomForest,signal_increment,0.011000000000000027,0.8975
M1_Macro_vs_M2_Macro_Oil__primary__All_Eligible,Oil_Rents_GDP_Pct_lag1,primary,All_Eligible,Future_Period,train_to_2012__test_from_2013,RandomForest,signal_increment,0.011500000000000028,0.8885
M1_Macro_vs_M2_Macro_Oil__primary__All_Eligible,Oil_Rents_GDP_Pct_lag1,primary,All_Eligible,Future_Period,train_to_2012__test_from_2013,RandomForest,signal_increment,0.012000000000000028,0.8815
M1_Macro_vs_M2_Macro_Oil__primary__All_Eligible,Oil_Rents_GDP_Pct_lag1,primary,All_Eligible,Future_Period,train_to_2012__test_from_2013,RandomForest,signal_increment,0.012500000000000028,0.8715
M1_Macro_vs_M2_Macro_Oil__primary__All_Eligible,Oil_Rents_GDP_Pct_lag1,primary,All_Eligible,Future_Period,train_to_2012__test_from_2013,RandomForest,signal_increment,0.013000000000000029,0.863
M1_Macro_vs_M2_Macro_Oil__primary__All_Eligible,Oil_Rents_GDP_Pct_lag1,primary,All_Eligible,Future_Period,train_to_2012__test_from_2013,RandomForest,signal_increment,0.01350000000000003,0.855
M1_Macro_vs_M2_Macro_Oil__primary__All_Eligible,Oil_Rents_GDP_Pct_lag1,primary,All_Eligible,Future_Period,train_to_2012__test_from_2013,RandomForest,signal_increment,0.01400000000000003,0.8445
M1_Macro_vs_M2_Macro_Oil__primary__All_Eligible,Oil_Rents_GDP_Pct_lag1,primary,All_Eligible,Future_Period,train_to_2012__test_from_2013,RandomForest,signal_increment,0.01450000000000003,0.8365
M1_Macro_vs_M2_Macro_Oil__primary__All_Eligible,Oil_Rents_GDP_Pct_lag1,primary,All_Eligible,Future_Period,train_to_2012__test_from_2013,RandomForest,signal_increment,0.01500000000000003,0.8275
M1_Macro_vs_M2_Macro_Oil__primary__All_Eligible,Oil_Rents_GDP_Pct_lag1,primary,All_Eligible,Future_Period,train_to_2012__test_from_2013,RandomForest,signal_increment,0.015500000000000031,0.8165
M1_Macro_vs_M2_Macro_Oil__primary__All_Eligible,Oil_Rents_GDP_Pct_lag1,primary,All_Eligible,Future_Period,train_to_2012__test_from_2013,RandomForest,signal_increment,0.01600000000000003,0.806
M1_Macro_vs_M2_Macro_Oil__primary__All_Eligible,Oil_Rents_GDP_Pct_lag1,primary,All_Eligible,Future_Period,train_to_2012__test_from_2013,RandomForest,signal_increment,0.016500000000000032,0.794
M1_Macro_vs_M2_Macro_Oil__primary__All_Eligible,Oil_Rents_GDP_Pct_lag1,primary,All_Eligible,Future_Period,train_to_2012__test_from_2013,RandomForest,signal_increment,0.017000000000000032,0.782
M1_Macro_vs_M2_Macro_Oil__primary__All_Eligible,Oil_Rents_GDP_Pct_lag1,primary,All_Eligible,Future_Period,train_to_2012__test_from_2013,RandomForest,signal_increment,0.017500000000000033,0.768
M1_Macro_vs_M2_Macro_Oil__primary__All_Eligible,Oil_Rents_GDP_Pct_lag1,primary,All_Eligible,Future_Period,train_to_2012__test_from_2013,RandomForest,signal_increment,0.018000000000000033,0.755
M1_Macro_vs_M2_Macro_Oil__primary__All_Eligible,Oil_Rents_GDP_Pct_lag1,primary,All_Eligible,Future_Period,train_to_2012__test_from_2013,RandomForest,signal_increment,0.018500000000000034,0.744
M1_Macro_vs_M2_Macro_Oil__primary__All_Eligible,Oil_Rents_GDP_Pct_lag1,primary,All_Eligible,Future_Period,train_to_2012__test_from_2013,RandomForest,signal_increment,0.019000000000000034,0.7355
M1_Macro_vs_M2_Macro_Oil__primary__All_Eligible,Oil_Rents_GDP_Pct_lag1,primary,All_Eligible,Future_Period,train_to_2012__test_from_2013,RandomForest,signal_increment,0.019500000000000035,0.7185
M1_Macro_vs_M2_Macro_Oil__primary__All_Eligible,Oil_Rents_GDP_Pct_lag1,primary,All_Eligible,Future_Period,train_to_2012__test_from_2013,RandomForest,signal_increment,0.020000000000000035,0.701
M1_Macro_vs_M2_Macro_Oil__primary__All_Eligible,Oil_Rents_GDP_Pct_lag1,primary,All_Eligible,Future_Period,train_to_2012__test_from_2013,RandomForest,signal_increment,0.020500000000000036,0.6865
M1_Macro_vs_M2_Macro_Oil__primary__All_Eligible,Oil_Rents_GDP_Pct_lag1,primary,All_Eligible,Future_Period,train_to_2012__test_from_2013,RandomForest,signal_increment,0.021000000000000036,0.667
M1_Macro_vs_M2_Macro_Oil__primary__All_Eligible,Oil_Rents_GDP_Pct_lag1,primary,All_Eligible,Future_Period,train_to_2012__test_from_2013,RandomForest,signal_increment,0.021500000000000036,0.649
M1_Macro_vs_M2_Macro_Oil__primary__All_Eligible,Oil_Rents_GDP_Pct_lag1,primary,All_Eligible,Future_Period,train_to_2012__test_from_2013,RandomForest,signal_increment,0.022000000000000037,0.634
M1_Macro_vs_M2_Macro_Oil__primary__All_Eligible,Oil_Rents_GDP_Pct_lag1,primary,All_Eligible,Future_Period,train_to_2012__test_from_2013,RandomForest,signal_increment,0.022500000000000037,0.622
M1_Macro_vs_M2_Macro_Oil__primary__All_Eligible,Oil_Rents_GDP_Pct_lag1,primary,All_Eligible,Future_Period,train_to_2012__test_from_2013,RandomForest,signal_increment,0.023000000000000038,0.6065
M1_Macro_vs_M2_Macro_Oil__primary__All_Eligible,Oil_Rents_GDP_Pct_lag1,primary,All_Eligible,Future_Period,train_to_2012__test_from_2013,RandomForest,signal_increment,0.023500000000000038,0.5895
M1_Macro_vs_M2_Macro_Oil__primary__All_Eligible,Oil_Rents_GDP_Pct_lag1,primary,All_Eligible,Future_Period,train_to_2012__test_from_2013,RandomForest,signal_increment,0.02400000000000004,0.5775
M1_Macro_vs_M2_Macro_Oil__primary__All_Eligible,Oil_Rents_GDP_Pct_lag1,primary,All_Eligible,Future_Period,train_to_2012__test_from_2013,RandomForest,signal_increment,0.02450000000000004,0.5555
M1_Macro_vs_M2_Macro_Oil__primary__All_Eligible,Oil_Rents_GDP_Pct_lag1,primary,All_Eligible,Future_Period,train_to_2012__test_from_2013,RandomForest,signal_increment,0.02500000000000004,0.531
M1_Macro_vs_M2_Macro_Oil__primary__All_Eligible,Oil_Rents_GDP_Pct_lag1,primary,All_Eligible,Future_Period,train_to_2012__test_from_2013,RandomForest,signal_increment,0.02550000000000004,0.51
M1_Macro_vs_M2_Macro_Oil__primary__All_Eligible,Oil_Rents_GDP_Pct_lag1,primary,All_Eligible,Future_Period,train_to_2012__test_from_2013,RandomForest,signal_increment,0.02600000000000004,0.495
M1_Macro_vs_M2_Macro_Oil__primary__All_Eligible,Oil_Rents_GDP_Pct_lag1,primary,All_Eligible,Future_Period,train_to_2012__test_from_2013,RandomForest,signal_increment,0.02650000000000004,0.478
M1_Macro_vs_M2_Macro_Oil__primary__All_Eligible,Oil_Rents_GDP_Pct_lag1,primary,All_Eligible,Future_Period,train_to_2012__test_from_2013,RandomForest,signal_increment,0.02700000000000004,0.4605
M1_Macro_vs_M2_Macro_Oil__primary__All_Eligible,Oil_Rents_GDP_Pct_lag1,primary,All_Eligible,Future_Period,train_to_2012__test_from_2013,RandomForest,signal_increment,0.027500000000000042,0.4435
M1_Macro_vs_M2_Macro_Oil__primary__All_Eligible,Oil_Rents_GDP_Pct_lag1,primary,All_Eligible,Future_Period,train_to_2012__test_from_2013,RandomForest,signal_increment,0.028000000000000042,0.4265
M1_Macro_vs_M2_Macro_Oil__primary__All_Eligible,Oil_Rents_GDP_Pct_lag1,primary,All_Eligible,Future_Period,train_to_2012__test_from_2013,RandomForest,signal_increment,0.028500000000000043,0.407
M1_Macro_vs_M2_Macro_Oil__primary__All_Eligible,Oil_Rents_GDP_Pct_lag1,primary,All_Eligible,Future_Period,train_to_2012__test_from_2013,RandomForest,signal_increment,0.029000000000000043,0.3875
M1_Macro_vs_M2_Macro_Oil__primary__All_Eligible,Oil_Rents_GDP_Pct_lag1,primary,All_Eligible,Future_Period,train_to_2012__test_from_2013,RandomForest,signal_increment,0.029500000000000044,0.372
M1_Macro_vs_M2_Macro_Oil__primary__All_Eligible,Oil_Rents_GDP_Pct_lag1,primary,All_Eligible,Future_Period,train_to_2012__test_from_2013,RandomForest,signal_increment,0.030000000000000044,0.3565
M1_Macro_vs_M2_Macro_Oil__primary__All_Eligible,Oil_Rents_GDP_Pct_lag1,primary,All_Eligible,Future_Period,train_to_2012__test_from_2013,RandomForest,added_model_vs_strongest_benchmark,-0.02,1.0
M1_Macro_vs_M2_Macro_Oil__primary__All_Eligible,Oil_Rents_GDP_Pct_lag1,primary,All_Eligible,Future_Period,train_to_2012__test_from_2013,RandomForest,added_model_vs_strongest_benchmark,-0.0195,1.0
M1_Macro_vs_M2_Macro_Oil__primary__All_Eligible,Oil_Rents_GDP_Pct_lag1,primary,All_Eligible,Future_Period,train_to_2012__test_from_2013,RandomForest,added_model_vs_strongest_benchmark,-0.019,1.0
M1_Macro_vs_M2_Macro_Oil__primary__All_Eligible,Oil_Rents_GDP_Pct_lag1,primary,All_Eligible,Future_Period,train_to_2012__test_from_2013,RandomForest,added_model_vs_strongest_benchmark,-0.0185,1.0
M1_Macro_vs_M2_Macro_Oil__primary__All_Eligible,Oil_Rents_GDP_Pct_lag1,primary,All_Eligible,Future_Period,train_to_2012__test_from_2013,RandomForest,added_model_vs_strongest_benchmark,-0.018,1.0
M1_Macro_vs_M2_Macro_Oil__primary__All_Eligible,Oil_Rents_GDP_Pct_lag1,primary,All_Eligible,Future_Period,train_to_2012__test_from_2013,RandomForest,added_model_vs_strongest_benchmark,-0.017499999999999998,1.0
M1_Macro_vs_M2_Macro_Oil__primary__All_Eligible,Oil_Rents_GDP_Pct_lag1,primary,All_Eligible,Future_Period,train_to_2012__test_from_2013,RandomForest,added_model_vs_strongest_benchmark,-0.016999999999999998,1.0
M1_Macro_vs_M2_Macro_Oil__primary__All_Eligible,Oil_Rents_GDP_Pct_lag1,primary,All_Eligible,Future_Period,train_to_2012__test_from_2013,RandomForest,added_model_vs_strongest_benchmark,-0.016499999999999997,1.0
M1_Macro_vs_M2_Macro_Oil__primary__All_Eligible,Oil_Rents_GDP_Pct_lag1,primary,All_Eligible,Future_Period,train_to_2012__test_from_2013,RandomForest,added_model_vs_strongest_benchmark,-0.015999999999999997,1.0
M1_Macro_vs_M2_Macro_Oil__primary__All_Eligible,Oil_Rents_GDP_Pct_lag1,primary,All_Eligible,Future_Period,train_to_2012__test_from_2013,RandomForest,added_model_vs_strongest_benchmark,-0.015499999999999996,1.0
M1_Macro_vs_M2_Macro_Oil__primary__All_Eligible,Oil_Rents_GDP_Pct_lag1,primary,All_Eligible,Future_Period,train_to_2012__test_from_2013,RandomForest,added_model_vs_strongest_benchmark,-0.014999999999999996,1.0
M1_Macro_vs_M2_Macro_Oil__primary__All_Eligible,Oil_Rents_GDP_Pct_lag1,primary,All_Eligible,Future_Period,train_to_2012__test_from_2013,RandomForest,added_model_vs_strongest_benchmark,-0.014499999999999996,1.0
M1_Macro_vs_M2_Macro_Oil__primary__All_Eligible,Oil_Rents_GDP_Pct_lag1,primary,All_Eligible,Future_Period,train_to_2012__test_from_2013,RandomForest,added_model_vs_strongest_benchmark,-0.013999999999999995,1.0
M1_Macro_vs_M2_Macro_Oil__primary__All_Eligible,Oil_Rents_GDP_Pct_lag1,primary,All_Eligible,Future_Period,train_to_2012__test_from_2013,RandomForest,added_model_vs_strongest_benchmark,-0.013499999999999995,1.0
M1_Macro_vs_M2_Macro_Oil__primary__All_Eligible,Oil_Rents_GDP_Pct_lag1,primary,All_Eligible,Future_Period,train_to_2012__test_from_2013,RandomForest,added_model_vs_strongest_benchmark,-0.012999999999999994,1.0
M1_Macro_vs_M2_Macro_Oil__primary__All_Eligible,Oil_Rents_GDP_Pct_lag1,primary,All_Eligible,Future_Period,train_to_2012__test_from_2013,RandomForest,added_model_vs_strongest_benchmark,-0.012499999999999994,1.0
M1_Macro_vs_M2_Macro_Oil__primary__All_Eligible,Oil_Rents_GDP_Pct_lag1,primary,All_Eligible,Future_Period,train_to_2012__test_from_2013,RandomForest,added_model_vs_strongest_benchmark,-0.011999999999999993,1.0
M1_Macro_vs_M2_Macro_Oil__primary__All_Eligible,Oil_Rents_GDP_Pct_lag1,primary,All_Eligible,Future_Period,train_to_2012__test_from_2013,RandomForest,added_model_vs_strongest_benchmark,-0.011499999999999993,1.0
M1_Macro_vs_M2_Macro_Oil__primary__All_Eligible,Oil_Rents_GDP_Pct_lag1,primary,All_Eligible,Future_Period,train_to_2012__test_from_2013,RandomForest,added_model_vs_strongest_benchmark,-0.010999999999999992,1.0
M1_Macro_vs_M2_Macro_Oil__primary__All_Eligible,Oil_Rents_GDP_Pct_lag1,primary,All_Eligible,Future_Period,train_to_2012__test_from_2013,RandomForest,added_model_vs_strongest_benchmark,-0.010499999999999992,1.0
M1_Macro_vs_M2_Macro_Oil__primary__All_Eligible,Oil_Rents_GDP_Pct_lag1,primary,All_Eligible,Future_Period,train_to_2012__test_from_2013,RandomForest,added_model_vs_strongest_benchmark,-0.009999999999999992,1.0
M1_Macro_vs_M2_Macro_Oil__primary__All_Eligible,Oil_Rents_GDP_Pct_lag1,primary,All_Eligible,Future_Period,train_to_2012__test_from_2013,RandomForest,added_model_vs_strongest_benchmark,-0.009499999999999991,1.0
M1_Macro_vs_M2_Macro_Oil__primary__All_Eligible,Oil_Rents_GDP_Pct_lag1,primary,All_Eligible,Future_Period,train_to_2012__test_from_2013,RandomForest,added_model_vs_strongest_benchmark,-0.00899999999999999,1.0
M1_Macro_vs_M2_Macro_Oil__primary__All_Eligible,Oil_Rents_GDP_Pct_lag1,primary,All_Eligible,Future_Period,train_to_2012__test_from_2013,RandomForest,added_model_vs_strongest_benchmark,-0.00849999999999999,1.0
M1_Macro_vs_M2_Macro_Oil__primary__All_Eligible,Oil_Rents_GDP_Pct_lag1,primary,All_Eligible,Future_Period,train_to_2012__test_from_2013,RandomForest,added_model_vs_strongest_benchmark,-0.00799999999999999,1.0
M1_Macro_vs_M2_Macro_Oil__primary__All_Eligible,Oil_Rents_GDP_Pct_lag1,primary,All_Eligible,Future_Period,train_to_2012__test_from_2013,RandomForest,added_model_vs_strongest_benchmark,-0.007499999999999989,1.0
M1_Macro_vs_M2_Macro_Oil__primary__All_Eligible,Oil_Rents_GDP_Pct_lag1,primary,All_Eligible,Future_Period,train_to_2012__test_from_2013,RandomForest,added_model_vs_strongest_benchmark,-0.006999999999999989,1.0
M1_Macro_vs_M2_Macro_Oil__primary__All_Eligible,Oil_Rents_GDP_Pct_lag1,primary,All_Eligible,Future_Period,train_to_2012__test_from_2013,RandomForest,added_model_vs_strongest_benchmark,-0.006499999999999988,1.0
M1_Macro_vs_M2_Macro_Oil__primary__All_Eligible,Oil_Rents_GDP_Pct_lag1,primary,All_Eligible,Future_Period,train_to_2012__test_from_2013,RandomForest,added_model_vs_strongest_benchmark,-0.005999999999999988,1.0
M1_Macro_vs_M2_Macro_Oil__primary__All_Eligible,Oil_Rents_GDP_Pct_lag1,primary,All_Eligible,Future_Period,train_to_2012__test_from_2013,RandomForest,added_model_vs_strongest_benchmark,-0.0054999999999999875,1.0
M1_Macro_vs_M2_Macro_Oil__primary__All_Eligible,Oil_Rents_GDP_Pct_lag1,primary,All_Eligible,Future_Period,train_to_2012__test_from_2013,RandomForest,added_model_vs_strongest_benchmark,-0.004999999999999987,1.0
M1_Macro_vs_M2_Macro_Oil__primary__All_Eligible,Oil_Rents_GDP_Pct_lag1,primary,All_Eligible,Future_Period,train_to_2012__test_from_2013,RandomForest,added_model_vs_strongest_benchmark,-0.004499999999999987,1.0
M1_Macro_vs_M2_Macro_Oil__primary__All_Eligible,Oil_Rents_GDP_Pct_lag1,primary,All_Eligible,Future_Period,train_to_2012__test_from_2013,RandomForest,added_model_vs_strongest_benchmark,-0.003999999999999986,1.0
M1_Macro_vs_M2_Macro_Oil__primary__All_Eligible,Oil_Rents_GDP_Pct_lag1,primary,All_Eligible,Future_Period,train_to_2012__test_from_2013,RandomForest,added_model_vs_strongest_benchmark,-0.0034999999999999858,1.0
M1_Macro_vs_M2_Macro_Oil__primary__All_Eligible,Oil_Rents_GDP_Pct_lag1,primary,All_Eligible,Future_Period,train_to_2012__test_from_2013,RandomForest,added_model_vs_strongest_benchmark,-0.0029999999999999853,1.0
M1_Macro_vs_M2_Macro_Oil__primary__All_Eligible,Oil_Rents_GDP_Pct_lag1,primary,All_Eligible,Future_Period,train_to_2012__test_from_2013,RandomForest,added_model_vs_strongest_benchmark,-0.002499999999999985,1.0
M1_Macro_vs_M2_Macro_Oil__primary__All_Eligible,Oil_Rents_GDP_Pct_lag1,primary,All_Eligible,Future_Period,train_to_2012__test_from_2013,RandomForest,added_model_vs_strongest_benchmark,-0.0019999999999999844,1.0
M1_Macro_vs_M2_Macro_Oil__primary__All_Eligible,Oil_Rents_GDP_Pct_lag1,primary,All_Eligible,Future_Period,train_to_2012__test_from_2013,RandomForest,added_model_vs_strongest_benchmark,-0.001499999999999984,1.0
M1_Macro_vs_M2_Macro_Oil__primary__All_Eligible,Oil_Rents_GDP_Pct_lag1,primary,All_Eligible,Future_Period,train_to_2012__test_from_2013,RandomForest,added_model_vs_strongest_benchmark,-0.0009999999999999835,1.0
M1_Macro_vs_M2_Macro_Oil__primary__All_Eligible,Oil_Rents_GDP_Pct_lag1,primary,All_Eligible,Future_Period,train_to_2012__test_from_2013,RandomForest,added_model_vs_strongest_benchmark,-0.0004999999999999831,1.0
M1_Macro_vs_M2_Macro_Oil__primary__All_Eligible,Oil_Rents_GDP_Pct_lag1,primary,All_Eligible,Future_Period,train_to_2012__test_from_2013,RandomForest,added_model_vs_strongest_benchmark,1.734723475976807e-17,1.0
M1_Macro_vs_M2_Macro_Oil__primary__All_Eligible,Oil_Rents_GDP_Pct_lag1,primary,All_Eligible,Future_Period,train_to_2012__test_from_2013,RandomForest,added_model_vs_strongest_benchmark,0.0005000000000000178,1.0
M1_Macro_vs_M2_Macro_Oil__primary__All_Eligible,Oil_Rents_GDP_Pct_lag1,primary,All_Eligible,Future_Period,train_to_2012__test_from_2013,RandomForest,added_model_vs_strongest_benchmark,0.0010000000000000182,1.0
M1_Macro_vs_M2_Macro_Oil__primary__All_Eligible,Oil_Rents_GDP_Pct_lag1,primary,All_Eligible,Future_Period,train_to_2012__test_from_2013,RandomForest,added_model_vs_strongest_benchmark,0.0015000000000000187,1.0
M1_Macro_vs_M2_Macro_Oil__primary__All_Eligible,Oil_Rents_GDP_Pct_lag1,primary,All_Eligible,Future_Period,train_to_2012__test_from_2013,RandomForest,added_model_vs_strongest_benchmark,0.002000000000000019,1.0
M1_Macro_vs_M2_Macro_Oil__primary__All_Eligible,Oil_Rents_GDP_Pct_lag1,primary,All_Eligible,Future_Period,train_to_2012__test_from_2013,RandomForest,added_model_vs_strongest_benchmark,0.0025000000000000196,1.0
M1_Macro_vs_M2_Macro_Oil__primary__All_Eligible,Oil_Rents_GDP_Pct_lag1,primary,All_Eligible,Future_Period,train_to_2012__test_from_2013,RandomForest,added_model_vs_strongest_benchmark,0.00300000000000002,1.0
M1_Macro_vs_M2_Macro_Oil__primary__All_Eligible,Oil_Rents_GDP_Pct_lag1,primary,All_Eligible,Future_Period,train_to_2012__test_from_2013,RandomForest,added_model_vs_strongest_benchmark,0.0035000000000000205,1.0
M1_Macro_vs_M2_Macro_Oil__primary__All_Eligible,Oil_Rents_GDP_Pct_lag1,primary,All_Eligible,Future_Period,train_to_2012__test_from_2013,RandomForest,added_model_vs_strongest_benchmark,0.004000000000000021,1.0
M1_Macro_vs_M2_Macro_Oil__primary__All_Eligible,Oil_Rents_GDP_Pct_lag1,primary,All_Eligible,Future_Period,train_to_2012__test_from_2013,RandomForest,added_model_vs_strongest_benchmark,0.004500000000000021,1.0
M1_Macro_vs_M2_Macro_Oil__primary__All_Eligible,Oil_Rents_GDP_Pct_lag1,primary,All_Eligible,Future_Period,train_to_2012__test_from_2013,RandomForest,added_model_vs_strongest_benchmark,0.005000000000000022,1.0
M1_Macro_vs_M2_Macro_Oil__primary__All_Eligible,Oil_Rents_GDP_Pct_lag1,primary,All_Eligible,Future_Period,train_to_2012__test_from_2013,RandomForest,added_model_vs_strongest_benchmark,0.005500000000000022,1.0
M1_Macro_vs_M2_Macro_Oil__primary__All_Eligible,Oil_Rents_GDP_Pct_lag1,primary,All_Eligible,Future_Period,train_to_2012__test_from_2013,RandomForest,added_model_vs_strongest_benchmark,0.006000000000000023,1.0
M1_Macro_vs_M2_Macro_Oil__primary__All_Eligible,Oil_Rents_GDP_Pct_lag1,primary,All_Eligible,Future_Period,train_to_2012__test_from_2013,RandomForest,added_model_vs_strongest_benchmark,0.006500000000000023,1.0
M1_Macro_vs_M2_Macro_Oil__primary__All_Eligible,Oil_Rents_GDP_Pct_lag1,primary,All_Eligible,Future_Period,train_to_2012__test_from_2013,RandomForest,added_model_vs_strongest_benchmark,0.0070000000000000236,1.0
M1_Macro_vs_M2_Macro_Oil__primary__All_Eligible,Oil_Rents_GDP_Pct_lag1,primary,All_Eligible,Future_Period,train_to_2012__test_from_2013,RandomForest,added_model_vs_strongest_benchmark,0.007500000000000024,1.0
M1_Macro_vs_M2_Macro_Oil__primary__All_Eligible,Oil_Rents_GDP_Pct_lag1,primary,All_Eligible,Future_Period,train_to_2012__test_from_2013,RandomForest,added_model_vs_strongest_benchmark,0.008000000000000024,1.0
M1_Macro_vs_M2_Macro_Oil__primary__All_Eligible,Oil_Rents_GDP_Pct_lag1,primary,All_Eligible,Future_Period,train_to_2012__test_from_2013,RandomForest,added_model_vs_strongest_benchmark,0.008500000000000025,1.0
M1_Macro_vs_M2_Macro_Oil__primary__All_Eligible,Oil_Rents_GDP_Pct_lag1,primary,All_Eligible,Future_Period,train_to_2012__test_from_2013,RandomForest,added_model_vs_strongest_benchmark,0.009000000000000025,1.0
M1_Macro_vs_M2_Macro_Oil__primary__All_Eligible,Oil_Rents_GDP_Pct_lag1,primary,All_Eligible,Future_Period,train_to_2012__test_from_2013,RandomForest,added_model_vs_strongest_benchmark,0.009500000000000026,1.0
M1_Macro_vs_M2_Macro_Oil__primary__All_Eligible,Oil_Rents_GDP_Pct_lag1,primary,All_Eligible,Future_Period,train_to_2012__test_from_2013,RandomForest,added_model_vs_strongest_benchmark,0.010000000000000026,1.0
M1_Macro_vs_M2_Macro_Oil__primary__All_Eligible,Oil_Rents_GDP_Pct_lag1,primary,All_Eligible,Future_Period,train_to_2012__test_from_2013,RandomForest,added_model_vs_strongest_benchmark,0.010500000000000027,0.9995
M1_Macro_vs_M2_Macro_Oil__primary__All_Eligible,Oil_Rents_GDP_Pct_lag1,primary,All_Eligible,Future_Period,train_to_2012__test_from_2013,RandomForest,added_model_vs_strongest_benchmark,0.011000000000000027,0.999
M1_Macro_vs_M2_Macro_Oil__primary__All_Eligible,Oil_Rents_GDP_Pct_lag1,primary,All_Eligible,Future_Period,train_to_2012__test_from_2013,RandomForest,added_model_vs_strongest_benchmark,0.011500000000000028,0.999
M1_Macro_vs_M2_Macro_Oil__primary__All_Eligible,Oil_Rents_GDP_Pct_lag1,primary,All_Eligible,Future_Period,train_to_2012__test_from_2013,RandomForest,added_model_vs_strongest_benchmark,0.012000000000000028,0.999
M1_Macro_vs_M2_Macro_Oil__primary__All_Eligible,Oil_Rents_GDP_Pct_lag1,primary,All_Eligible,Future_Period,train_to_2012__test_from_2013,RandomForest,added_model_vs_strongest_benchmark,0.012500000000000028,0.9985
M1_Macro_vs_M2_Macro_Oil__primary__All_Eligible,Oil_Rents_GDP_Pct_lag1,primary,All_Eligible,Future_Period,train_to_2012__test_from_2013,RandomForest,added_model_vs_strongest_benchmark,0.013000000000000029,0.9985
M1_Macro_vs_M2_Macro_Oil__primary__All_Eligible,Oil_Rents_GDP_Pct_lag1,primary,All_Eligible,Future_Period,train_to_2012__test_from_2013,RandomForest,added_model_vs_strongest_benchmark,0.01350000000000003,0.9985
M1_Macro_vs_M2_Macro_Oil__primary__All_Eligible,Oil_Rents_GDP_Pct_lag1,primary,All_Eligible,Future_Period,train_to_2012__test_from_2013,RandomForest,added_model_vs_strongest_benchmark,0.01400000000000003,0.9985
M1_Macro_vs_M2_Macro_Oil__primary__All_Eligible,Oil_Rents_GDP_Pct_lag1,primary,All_Eligible,Future_Period,train_to_2012__test_from_2013,RandomForest,added_model_vs_strongest_benchmark,0.01450000000000003,0.9985
M1_Macro_vs_M2_Macro_Oil__primary__All_Eligible,Oil_Rents_GDP_Pct_lag1,primary,All_Eligible,Future_Period,train_to_2012__test_from_2013,RandomForest,added_model_vs_strongest_benchmark,0.01500000000000003,0.9985
M1_Macro_vs_M2_Macro_Oil__primary__All_Eligible,Oil_Rents_GDP_Pct_lag1,primary,All_Eligible,Future_Period,train_to_2012__test_from_2013,RandomForest,added_model_vs_strongest_benchmark,0.015500000000000031,0.9985
M1_Macro_vs_M2_Macro_Oil__primary__All_Eligible,Oil_Rents_GDP_Pct_lag1,primary,All_Eligible,Future_Period,train_to_2012__test_from_2013,RandomForest,added_model_vs_strongest_benchmark,0.01600000000000003,0.998
M1_Macro_vs_M2_Macro_Oil__primary__All_Eligible,Oil_Rents_GDP_Pct_lag1,primary,All_Eligible,Future_Period,train_to_2012__test_from_2013,RandomForest,added_model_vs_strongest_benchmark,0.016500000000000032,0.9975
M1_Macro_vs_M2_Macro_Oil__primary__All_Eligible,Oil_Rents_GDP_Pct_lag1,primary,All_Eligible,Future_Period,train_to_2012__test_from_2013,RandomForest,added_model_vs_strongest_benchmark,0.017000000000000032,0.997
M1_Macro_vs_M2_Macro_Oil__primary__All_Eligible,Oil_Rents_GDP_Pct_lag1,primary,All_Eligible,Future_Period,train_to_2012__test_from_2013,RandomForest,added_model_vs_strongest_benchmark,0.017500000000000033,0.997
M1_Macro_vs_M2_Macro_Oil__primary__All_Eligible,Oil_Rents_GDP_Pct_lag1,primary,All_Eligible,Future_Period,train_to_2012__test_from_2013,RandomForest,added_model_vs_strongest_benchmark,0.018000000000000033,0.9965
M1_Macro_vs_M2_Macro_Oil__primary__All_Eligible,Oil_Rents_GDP_Pct_lag1,primary,All_Eligible,Future_Period,train_to_2012__test_from_2013,RandomForest,added_model_vs_strongest_benchmark,0.018500000000000034,0.996
M1_Macro_vs_M2_Macro_Oil__primary__All_Eligible,Oil_Rents_GDP_Pct_lag1,primary,All_Eligible,Future_Period,train_to_2012__test_from_2013,RandomForest,added_model_vs_strongest_benchmark,0.019000000000000034,0.996
M1_Macro_vs_M2_Macro_Oil__primary__All_Eligible,Oil_Rents_GDP_Pct_lag1,primary,All_Eligible,Future_Period,train_to_2012__test_from_2013,RandomForest,added_model_vs_strongest_benchmark,0.019500000000000035,0.996
M1_Macro_vs_M2_Macro_Oil__primary__All_Eligible,Oil_Rents_GDP_Pct_lag1,primary,All_Eligible,Future_Period,train_to_2012__test_from_2013,RandomForest,added_model_vs_strongest_benchmark,0.020000000000000035,0.996
M1_Macro_vs_M2_Macro_Oil__primary__All_Eligible,Oil_Rents_GDP_Pct_lag1,primary,All_Eligible,Future_Period,train_to_2012__test_from_2013,RandomForest,added_model_vs_strongest_benchmark,0.020500000000000036,0.996
M1_Macro_vs_M2_Macro_Oil__primary__All_Eligible,Oil_Rents_GDP_Pct_lag1,primary,All_Eligible,Future_Period,train_to_2012__test_from_2013,RandomForest,added_model_vs_strongest_benchmark,0.021000000000000036,0.996
M1_Macro_vs_M2_Macro_Oil__primary__All_Eligible,Oil_Rents_GDP_Pct_lag1,primary,All_Eligible,Future_Period,train_to_2012__test_from_2013,RandomForest,added_model_vs_strongest_benchmark,0.021500000000000036,0.996
M1_Macro_vs_M2_Macro_Oil__primary__All_Eligible,Oil_Rents_GDP_Pct_lag1,primary,All_Eligible,Future_Period,train_to_2012__test_from_2013,RandomForest,added_model_vs_strongest_benchmark,0.022000000000000037,0.996
M1_Macro_vs_M2_Macro_Oil__primary__All_Eligible,Oil_Rents_GDP_Pct_lag1,primary,All_Eligible,Future_Period,train_to_2012__test_from_2013,RandomForest,added_model_vs_strongest_benchmark,0.022500000000000037,0.996
M1_Macro_vs_M2_Macro_Oil__primary__All_Eligible,Oil_Rents_GDP_Pct_lag1,primary,All_Eligible,Future_Period,train_to_2012__test_from_2013,RandomForest,added_model_vs_strongest_benchmark,0.023000000000000038,0.996
M1_Macro_vs_M2_Macro_Oil__primary__All_Eligible,Oil_Rents_GDP_Pct_lag1,primary,All_Eligible,Future_Period,train_to_2012__test_from_2013,RandomForest,added_model_vs_strongest_benchmark,0.023500000000000038,0.996
M1_Macro_vs_M2_Macro_Oil__primary__All_Eligible,Oil_Rents_GDP_Pct_lag1,primary,All_Eligible,Future_Period,train_to_2012__test_from_2013,RandomForest,added_model_vs_strongest_benchmark,0.02400000000000004,0.996
M1_Macro_vs_M2_Macro_Oil__primary__All_Eligible,Oil_Rents_GDP_Pct_lag1,primary,All_Eligible,Future_Period,train_to_2012__test_from_2013,RandomForest,added_model_vs_strongest_benchmark,0.02450000000000004,0.996
M1_Macro_vs_M2_Macro_Oil__primary__All_Eligible,Oil_Rents_GDP_Pct_lag1,primary,All_Eligible,Future_Period,train_to_2012__test_from_2013,RandomForest,added_model_vs_strongest_benchmark,0.02500000000000004,0.996
M1_Macro_vs_M2_Macro_Oil__primary__All_Eligible,Oil_Rents_GDP_Pct_lag1,primary,All_Eligible,Future_Period,train_to_2012__test_from_2013,RandomForest,added_model_vs_strongest_benchmark,0.02550000000000004,0.996
M1_Macro_vs_M2_Macro_Oil__primary__All_Eligible,Oil_Rents_GDP_Pct_lag1,primary,All_Eligible,Future_Period,train_to_2012__test_from_2013,RandomForest,added_model_vs_strongest_benchmark,0.02600000000000004,0.996
M1_Macro_vs_M2_Macro_Oil__primary__All_Eligible,Oil_Rents_GDP_Pct_lag1,primary,All_Eligible,Future_Period,train_to_2012__test_from_2013,RandomForest,added_model_vs_strongest_benchmark,0.02650000000000004,0.996
M1_Macro_vs_M2_Macro_Oil__primary__All_Eligible,Oil_Rents_GDP_Pct_lag1,primary,All_Eligible,Future_Period,train_to_2012__test_from_2013,RandomForest,added_model_vs_strongest_benchmark,0.02700000000000004,0.996
M1_Macro_vs_M2_Macro_Oil__primary__All_Eligible,Oil_Rents_GDP_Pct_lag1,primary,All_Eligible,Future_Period,train_to_2012__test_from_2013,RandomForest,added_model_vs_strongest_benchmark,0.027500000000000042,0.996
M1_Macro_vs_M2_Macro_Oil__primary__All_Eligible,Oil_Rents_GDP_Pct_lag1,primary,All_Eligible,Future_Period,train_to_2012__test_from_2013,RandomForest,added_model_vs_strongest_benchmark,0.028000000000000042,0.996
M1_Macro_vs_M2_Macro_Oil__primary__All_Eligible,Oil_Rents_GDP_Pct_lag1,primary,All_Eligible,Future_Period,train_to_2012__test_from_2013,RandomForest,added_model_vs_strongest_benchmark,0.028500000000000043,0.996
M1_Macro_vs_M2_Macro_Oil__primary__All_Eligible,Oil_Rents_GDP_Pct_lag1,primary,All_Eligible,Future_Period,train_to_2012__test_from_2013,RandomForest,added_model_vs_strongest_benchmark,0.029000000000000043,0.996
M1_Macro_vs_M2_Macro_Oil__primary__All_Eligible,Oil_Rents_GDP_Pct_lag1,primary,All_Eligible,Future_Period,train_to_2012__test_from_2013,RandomForest,added_model_vs_strongest_benchmark,0.029500000000000044,0.996
M1_Macro_vs_M2_Macro_Oil__primary__All_Eligible,Oil_Rents_GDP_Pct_lag1,primary,All_Eligible,Future_Period,train_to_2012__test_from_2013,RandomForest,added_model_vs_strongest_benchmark,0.030000000000000044,0.996
M1_Macro_vs_M2_Macro_Oil__primary__All_Eligible,Oil_Rents_GDP_Pct_lag1,primary,All_Eligible,Future_Period,train_to_2014__test_from_2015,Ridge,signal_increment,-0.02,1.0
M1_Macro_vs_M2_Macro_Oil__primary__All_Eligible,Oil_Rents_GDP_Pct_lag1,primary,All_Eligible,Future_Period,train_to_2014__test_from_2015,Ridge,signal_increment,-0.0195,1.0
M1_Macro_vs_M2_Macro_Oil__primary__All_Eligible,Oil_Rents_GDP_Pct_lag1,primary,All_Eligible,Future_Period,train_to_2014__test_from_2015,Ridge,signal_increment,-0.019,1.0
M1_Macro_vs_M2_Macro_Oil__primary__All_Eligible,Oil_Rents_GDP_Pct_lag1,primary,All_Eligible,Future_Period,train_to_2014__test_from_2015,Ridge,signal_increment,-0.0185,1.0
M1_Macro_vs_M2_Macro_Oil__primary__All_Eligible,Oil_Rents_GDP_Pct_lag1,primary,All_Eligible,Future_Period,train_to_2014__test_from_2015,Ridge,signal_increment,-0.018,1.0
M1_Macro_vs_M2_Macro_Oil__primary__All_Eligible,Oil_Rents_GDP_Pct_lag1,primary,All_Eligible,Future_Period,train_to_2014__test_from_2015,Ridge,signal_increment,-0.017499999999999998,1.0
M1_Macro_vs_M2_Macro_Oil__primary__All_Eligible,Oil_Rents_GDP_Pct_lag1,primary,All_Eligible,Future_Period,train_to_2014__test_from_2015,Ridge,signal_increment,-0.016999999999999998,1.0
M1_Macro_vs_M2_Macro_Oil__primary__All_Eligible,Oil_Rents_GDP_Pct_lag1,primary,All_Eligible,Future_Period,train_to_2014__test_from_2015,Ridge,signal_increment,-0.016499999999999997,1.0
M1_Macro_vs_M2_Macro_Oil__primary__All_Eligible,Oil_Rents_GDP_Pct_lag1,primary,All_Eligible,Future_Period,train_to_2014__test_from_2015,Ridge,signal_increment,-0.015999999999999997,1.0
M1_Macro_vs_M2_Macro_Oil__primary__All_Eligible,Oil_Rents_GDP_Pct_lag1,primary,All_Eligible,Future_Period,train_to_2014__test_from_2015,Ridge,signal_increment,-0.015499999999999996,1.0
M1_Macro_vs_M2_Macro_Oil__primary__All_Eligible,Oil_Rents_GDP_Pct_lag1,primary,All_Eligible,Future_Period,train_to_2014__test_from_2015,Ridge,signal_increment,-0.014999999999999996,1.0
M1_Macro_vs_M2_Macro_Oil__primary__All_Eligible,Oil_Rents_GDP_Pct_lag1,primary,All_Eligible,Future_Period,train_to_2014__test_from_2015,Ridge,signal_increment,-0.014499999999999996,1.0
M1_Macro_vs_M2_Macro_Oil__primary__All_Eligible,Oil_Rents_GDP_Pct_lag1,primary,All_Eligible,Future_Period,train_to_2014__test_from_2015,Ridge,signal_increment,-0.013999999999999995,1.0
M1_Macro_vs_M2_Macro_Oil__primary__All_Eligible,Oil_Rents_GDP_Pct_lag1,primary,All_Eligible,Future_Period,train_to_2014__test_from_2015,Ridge,signal_increment,-0.013499999999999995,1.0
M1_Macro_vs_M2_Macro_Oil__primary__All_Eligible,Oil_Rents_GDP_Pct_lag1,primary,All_Eligible,Future_Period,train_to_2014__test_from_2015,Ridge,signal_increment,-0.012999999999999994,1.0
M1_Macro_vs_M2_Macro_Oil__primary__All_Eligible,Oil_Rents_GDP_Pct_lag1,primary,All_Eligible,Future_Period,train_to_2014__test_from_2015,Ridge,signal_increment,-0.012499999999999994,1.0
M1_Macro_vs_M2_Macro_Oil__primary__All_Eligible,Oil_Rents_GDP_Pct_lag1,primary,All_Eligible,Future_Period,train_to_2014__test_from_2015,Ridge,signal_increment,-0.011999999999999993,1.0
M1_Macro_vs_M2_Macro_Oil__primary__All_Eligible,Oil_Rents_GDP_Pct_lag1,primary,All_Eligible,Future_Period,train_to_2014__test_from_2015,Ridge,signal_increment,-0.011499999999999993,1.0
M1_Macro_vs_M2_Macro_Oil__primary__All_Eligible,Oil_Rents_GDP_Pct_lag1,primary,All_Eligible,Future_Period,train_to_2014__test_from_2015,Ridge,signal_increment,-0.010999999999999992,1.0
M1_Macro_vs_M2_Macro_Oil__primary__All_Eligible,Oil_Rents_GDP_Pct_lag1,primary,All_Eligible,Future_Period,train_to_2014__test_from_2015,Ridge,signal_increment,-0.010499999999999992,1.0
M1_Macro_vs_M2_Macro_Oil__primary__All_Eligible,Oil_Rents_GDP_Pct_lag1,primary,All_Eligible,Future_Period,train_to_2014__test_from_2015,Ridge,signal_increment,-0.009999999999999992,1.0
M1_Macro_vs_M2_Macro_Oil__primary__All_Eligible,Oil_Rents_GDP_Pct_lag1,primary,All_Eligible,Future_Period,train_to_2014__test_from_2015,Ridge,signal_increment,-0.009499999999999991,1.0
M1_Macro_vs_M2_Macro_Oil__primary__All_Eligible,Oil_Rents_GDP_Pct_lag1,primary,All_Eligible,Future_Period,train_to_2014__test_from_2015,Ridge,signal_increment,-0.00899999999999999,1.0
M1_Macro_vs_M2_Macro_Oil__primary__All_Eligible,Oil_Rents_GDP_Pct_lag1,primary,All_Eligible,Future_Period,train_to_2014__test_from_2015,Ridge,signal_increment,-0.00849999999999999,1.0
M1_Macro_vs_M2_Macro_Oil__primary__All_Eligible,Oil_Rents_GDP_Pct_lag1,primary,All_Eligible,Future_Period,train_to_2014__test_from_2015,Ridge,signal_increment,-0.00799999999999999,1.0
M1_Macro_vs_M2_Macro_Oil__primary__All_Eligible,Oil_Rents_GDP_Pct_lag1,primary,All_Eligible,Future_Period,train_to_2014__test_from_2015,Ridge,signal_increment,-0.007499999999999989,1.0
M1_Macro_vs_M2_Macro_Oil__primary__All_Eligible,Oil_Rents_GDP_Pct_lag1,primary,All_Eligible,Future_Period,train_to_2014__test_from_2015,Ridge,signal_increment,-0.006999999999999989,1.0
M1_Macro_vs_M2_Macro_Oil__primary__All_Eligible,Oil_Rents_GDP_Pct_lag1,primary,All_Eligible,Future_Period,train_to_2014__test_from_2015,Ridge,signal_increment,-0.006499999999999988,1.0
M1_Macro_vs_M2_Macro_Oil__primary__All_Eligible,Oil_Rents_GDP_Pct_lag1,primary,All_Eligible,Future_Period,train_to_2014__test_from_2015,Ridge,signal_increment,-0.005999999999999988,1.0
M1_Macro_vs_M2_Macro_Oil__primary__All_Eligible,Oil_Rents_GDP_Pct_lag1,primary,All_Eligible,Future_Period,train_to_2014__test_from_2015,Ridge,signal_increment,-0.0054999999999999875,1.0
M1_Macro_vs_M2_Macro_Oil__primary__All_Eligible,Oil_Rents_GDP_Pct_lag1,primary,All_Eligible,Future_Period,train_to_2014__test_from_2015,Ridge,signal_increment,-0.004999999999999987,0.9995
M1_Macro_vs_M2_Macro_Oil__primary__All_Eligible,Oil_Rents_GDP_Pct_lag1,primary,All_Eligible,Future_Period,train_to_2014__test_from_2015,Ridge,signal_increment,-0.004499999999999987,0.9995
M1_Macro_vs_M2_Macro_Oil__primary__All_Eligible,Oil_Rents_GDP_Pct_lag1,primary,All_Eligible,Future_Period,train_to_2014__test_from_2015,Ridge,signal_increment,-0.003999999999999986,0.999
M1_Macro_vs_M2_Macro_Oil__primary__All_Eligible,Oil_Rents_GDP_Pct_lag1,primary,All_Eligible,Future_Period,train_to_2014__test_from_2015,Ridge,signal_increment,-0.0034999999999999858,0.9985
M1_Macro_vs_M2_Macro_Oil__primary__All_Eligible,Oil_Rents_GDP_Pct_lag1,primary,All_Eligible,Future_Period,train_to_2014__test_from_2015,Ridge,signal_increment,-0.0029999999999999853,0.998
M1_Macro_vs_M2_Macro_Oil__primary__All_Eligible,Oil_Rents_GDP_Pct_lag1,primary,All_Eligible,Future_Period,train_to_2014__test_from_2015,Ridge,signal_increment,-0.002499999999999985,0.997
M1_Macro_vs_M2_Macro_Oil__primary__All_Eligible,Oil_Rents_GDP_Pct_lag1,primary,All_Eligible,Future_Period,train_to_2014__test_from_2015,Ridge,signal_increment,-0.0019999999999999844,0.9955
M1_Macro_vs_M2_Macro_Oil__primary__All_Eligible,Oil_Rents_GDP_Pct_lag1,primary,All_Eligible,Future_Period,train_to_2014__test_from_2015,Ridge,signal_increment,-0.001499999999999984,0.9915
M1_Macro_vs_M2_Macro_Oil__primary__All_Eligible,Oil_Rents_GDP_Pct_lag1,primary,All_Eligible,Future_Period,train_to_2014__test_from_2015,Ridge,signal_increment,-0.0009999999999999835,0.987
M1_Macro_vs_M2_Macro_Oil__primary__All_Eligible,Oil_Rents_GDP_Pct_lag1,primary,All_Eligible,Future_Period,train_to_2014__test_from_2015,Ridge,signal_increment,-0.0004999999999999831,0.98
M1_Macro_vs_M2_Macro_Oil__primary__All_Eligible,Oil_Rents_GDP_Pct_lag1,primary,All_Eligible,Future_Period,train_to_2014__test_from_2015,Ridge,signal_increment,1.734723475976807e-17,0.9725
M1_Macro_vs_M2_Macro_Oil__primary__All_Eligible,Oil_Rents_GDP_Pct_lag1,primary,All_Eligible,Future_Period,train_to_2014__test_from_2015,Ridge,signal_increment,0.0005000000000000178,0.9615
M1_Macro_vs_M2_Macro_Oil__primary__All_Eligible,Oil_Rents_GDP_Pct_lag1,primary,All_Eligible,Future_Period,train_to_2014__test_from_2015,Ridge,signal_increment,0.0010000000000000182,0.946
M1_Macro_vs_M2_Macro_Oil__primary__All_Eligible,Oil_Rents_GDP_Pct_lag1,primary,All_Eligible,Future_Period,train_to_2014__test_from_2015,Ridge,signal_increment,0.0015000000000000187,0.932
M1_Macro_vs_M2_Macro_Oil__primary__All_Eligible,Oil_Rents_GDP_Pct_lag1,primary,All_Eligible,Future_Period,train_to_2014__test_from_2015,Ridge,signal_increment,0.002000000000000019,0.9105
M1_Macro_vs_M2_Macro_Oil__primary__All_Eligible,Oil_Rents_GDP_Pct_lag1,primary,All_Eligible,Future_Period,train_to_2014__test_from_2015,Ridge,signal_increment,0.0025000000000000196,0.886
M1_Macro_vs_M2_Macro_Oil__primary__All_Eligible,Oil_Rents_GDP_Pct_lag1,primary,All_Eligible,Future_Period,train_to_2014__test_from_2015,Ridge,signal_increment,0.00300000000000002,0.86
M1_Macro_vs_M2_Macro_Oil__primary__All_Eligible,Oil_Rents_GDP_Pct_lag1,primary,All_Eligible,Future_Period,train_to_2014__test_from_2015,Ridge,signal_increment,0.0035000000000000205,0.8335
M1_Macro_vs_M2_Macro_Oil__primary__All_Eligible,Oil_Rents_GDP_Pct_lag1,primary,All_Eligible,Future_Period,train_to_2014__test_from_2015,Ridge,signal_increment,0.004000000000000021,0.8005
M1_Macro_vs_M2_Macro_Oil__primary__All_Eligible,Oil_Rents_GDP_Pct_lag1,primary,All_Eligible,Future_Period,train_to_2014__test_from_2015,Ridge,signal_increment,0.004500000000000021,0.766
M1_Macro_vs_M2_Macro_Oil__primary__All_Eligible,Oil_Rents_GDP_Pct_lag1,primary,All_Eligible,Future_Period,train_to_2014__test_from_2015,Ridge,signal_increment,0.005000000000000022,0.7335
M1_Macro_vs_M2_Macro_Oil__primary__All_Eligible,Oil_Rents_GDP_Pct_lag1,primary,All_Eligible,Future_Period,train_to_2014__test_from_2015,Ridge,signal_increment,0.005500000000000022,0.6915
M1_Macro_vs_M2_Macro_Oil__primary__All_Eligible,Oil_Rents_GDP_Pct_lag1,primary,All_Eligible,Future_Period,train_to_2014__test_from_2015,Ridge,signal_increment,0.006000000000000023,0.6395
M1_Macro_vs_M2_Macro_Oil__primary__All_Eligible,Oil_Rents_GDP_Pct_lag1,primary,All_Eligible,Future_Period,train_to_2014__test_from_2015,Ridge,signal_increment,0.006500000000000023,0.59
M1_Macro_vs_M2_Macro_Oil__primary__All_Eligible,Oil_Rents_GDP_Pct_lag1,primary,All_Eligible,Future_Period,train_to_2014__test_from_2015,Ridge,signal_increment,0.0070000000000000236,0.541
M1_Macro_vs_M2_Macro_Oil__primary__All_Eligible,Oil_Rents_GDP_Pct_lag1,primary,All_Eligible,Future_Period,train_to_2014__test_from_2015,Ridge,signal_increment,0.007500000000000024,0.4995
M1_Macro_vs_M2_Macro_Oil__primary__All_Eligible,Oil_Rents_GDP_Pct_lag1,primary,All_Eligible,Future_Period,train_to_2014__test_from_2015,Ridge,signal_increment,0.008000000000000024,0.457
M1_Macro_vs_M2_Macro_Oil__primary__All_Eligible,Oil_Rents_GDP_Pct_lag1,primary,All_Eligible,Future_Period,train_to_2014__test_from_2015,Ridge,signal_increment,0.008500000000000025,0.414
M1_Macro_vs_M2_Macro_Oil__primary__All_Eligible,Oil_Rents_GDP_Pct_lag1,primary,All_Eligible,Future_Period,train_to_2014__test_from_2015,Ridge,signal_increment,0.009000000000000025,0.3715
M1_Macro_vs_M2_Macro_Oil__primary__All_Eligible,Oil_Rents_GDP_Pct_lag1,primary,All_Eligible,Future_Period,train_to_2014__test_from_2015,Ridge,signal_increment,0.009500000000000026,0.337
M1_Macro_vs_M2_Macro_Oil__primary__All_Eligible,Oil_Rents_GDP_Pct_lag1,primary,All_Eligible,Future_Period,train_to_2014__test_from_2015,Ridge,signal_increment,0.010000000000000026,0.3005
M1_Macro_vs_M2_Macro_Oil__primary__All_Eligible,Oil_Rents_GDP_Pct_lag1,primary,All_Eligible,Future_Period,train_to_2014__test_from_2015,Ridge,signal_increment,0.010500000000000027,0.2605
M1_Macro_vs_M2_Macro_Oil__primary__All_Eligible,Oil_Rents_GDP_Pct_lag1,primary,All_Eligible,Future_Period,train_to_2014__test_from_2015,Ridge,signal_increment,0.011000000000000027,0.229
M1_Macro_vs_M2_Macro_Oil__primary__All_Eligible,Oil_Rents_GDP_Pct_lag1,primary,All_Eligible,Future_Period,train_to_2014__test_from_2015,Ridge,signal_increment,0.011500000000000028,0.204
M1_Macro_vs_M2_Macro_Oil__primary__All_Eligible,Oil_Rents_GDP_Pct_lag1,primary,All_Eligible,Future_Period,train_to_2014__test_from_2015,Ridge,signal_increment,0.012000000000000028,0.1725
M1_Macro_vs_M2_Macro_Oil__primary__All_Eligible,Oil_Rents_GDP_Pct_lag1,primary,All_Eligible,Future_Period,train_to_2014__test_from_2015,Ridge,signal_increment,0.012500000000000028,0.152
M1_Macro_vs_M2_Macro_Oil__primary__All_Eligible,Oil_Rents_GDP_Pct_lag1,primary,All_Eligible,Future_Period,train_to_2014__test_from_2015,Ridge,signal_increment,0.013000000000000029,0.1275
M1_Macro_vs_M2_Macro_Oil__primary__All_Eligible,Oil_Rents_GDP_Pct_lag1,primary,All_Eligible,Future_Period,train_to_2014__test_from_2015,Ridge,signal_increment,0.01350000000000003,0.11
M1_Macro_vs_M2_Macro_Oil__primary__All_Eligible,Oil_Rents_GDP_Pct_lag1,primary,All_Eligible,Future_Period,train_to_2014__test_from_2015,Ridge,signal_increment,0.01400000000000003,0.085
M1_Macro_vs_M2_Macro_Oil__primary__All_Eligible,Oil_Rents_GDP_Pct_lag1,primary,All_Eligible,Future_Period,train_to_2014__test_from_2015,Ridge,signal_increment,0.01450000000000003,0.067
M1_Macro_vs_M2_Macro_Oil__primary__All_Eligible,Oil_Rents_GDP_Pct_lag1,primary,All_Eligible,Future_Period,train_to_2014__test_from_2015,Ridge,signal_increment,0.01500000000000003,0.0585
M1_Macro_vs_M2_Macro_Oil__primary__All_Eligible,Oil_Rents_GDP_Pct_lag1,primary,All_Eligible,Future_Period,train_to_2014__test_from_2015,Ridge,signal_increment,0.015500000000000031,0.049
M1_Macro_vs_M2_Macro_Oil__primary__All_Eligible,Oil_Rents_GDP_Pct_lag1,primary,All_Eligible,Future_Period,train_to_2014__test_from_2015,Ridge,signal_increment,0.01600000000000003,0.038
M1_Macro_vs_M2_Macro_Oil__primary__All_Eligible,Oil_Rents_GDP_Pct_lag1,primary,All_Eligible,Future_Period,train_to_2014__test_from_2015,Ridge,signal_increment,0.016500000000000032,0.0335
M1_Macro_vs_M2_Macro_Oil__primary__All_Eligible,Oil_Rents_GDP_Pct_lag1,primary,All_Eligible,Future_Period,train_to_2014__test_from_2015,Ridge,signal_increment,0.017000000000000032,0.0255
M1_Macro_vs_M2_Macro_Oil__primary__All_Eligible,Oil_Rents_GDP_Pct_lag1,primary,All_Eligible,Future_Period,train_to_2014__test_from_2015,Ridge,signal_increment,0.017500000000000033,0.0215
M1_Macro_vs_M2_Macro_Oil__primary__All_Eligible,Oil_Rents_GDP_Pct_lag1,primary,All_Eligible,Future_Period,train_to_2014__test_from_2015,Ridge,signal_increment,0.018000000000000033,0.0175
M1_Macro_vs_M2_Macro_Oil__primary__All_Eligible,Oil_Rents_GDP_Pct_lag1,primary,All_Eligible,Future_Period,train_to_2014__test_from_2015,Ridge,signal_increment,0.018500000000000034,0.012
M1_Macro_vs_M2_Macro_Oil__primary__All_Eligible,Oil_Rents_GDP_Pct_lag1,primary,All_Eligible,Future_Period,train_to_2014__test_from_2015,Ridge,signal_increment,0.019000000000000034,0.0085
M1_Macro_vs_M2_Macro_Oil__primary__All_Eligible,Oil_Rents_GDP_Pct_lag1,primary,All_Eligible,Future_Period,train_to_2014__test_from_2015,Ridge,signal_increment,0.019500000000000035,0.006
M1_Macro_vs_M2_Macro_Oil__primary__All_Eligible,Oil_Rents_GDP_Pct_lag1,primary,All_Eligible,Future_Period,train_to_2014__test_from_2015,Ridge,signal_increment,0.020000000000000035,0.004
M1_Macro_vs_M2_Macro_Oil__primary__All_Eligible,Oil_Rents_GDP_Pct_lag1,primary,All_Eligible,Future_Period,train_to_2014__test_from_2015,Ridge,signal_increment,0.020500000000000036,0.003
M1_Macro_vs_M2_Macro_Oil__primary__All_Eligible,Oil_Rents_GDP_Pct_lag1,primary,All_Eligible,Future_Period,train_to_2014__test_from_2015,Ridge,signal_increment,0.021000000000000036,0.0025
M1_Macro_vs_M2_Macro_Oil__primary__All_Eligible,Oil_Rents_GDP_Pct_lag1,primary,All_Eligible,Future_Period,train_to_2014__test_from_2015,Ridge,signal_increment,0.021500000000000036,0.002
M1_Macro_vs_M2_Macro_Oil__primary__All_Eligible,Oil_Rents_GDP_Pct_lag1,primary,All_Eligible,Future_Period,train_to_2014__test_from_2015,Ridge,signal_increment,0.022000000000000037,0.0005
M1_Macro_vs_M2_Macro_Oil__primary__All_Eligible,Oil_Rents_GDP_Pct_lag1,primary,All_Eligible,Future_Period,train_to_2014__test_from_2015,Ridge,signal_increment,0.022500000000000037,0.0005
M1_Macro_vs_M2_Macro_Oil__primary__All_Eligible,Oil_Rents_GDP_Pct_lag1,primary,All_Eligible,Future_Period,train_to_2014__test_from_2015,Ridge,signal_increment,0.023000000000000038,0.0005
M1_Macro_vs_M2_Macro_Oil__primary__All_Eligible,Oil_Rents_GDP_Pct_lag1,primary,All_Eligible,Future_Period,train_to_2014__test_from_2015,Ridge,signal_increment,0.023500000000000038,0.0005
M1_Macro_vs_M2_Macro_Oil__primary__All_Eligible,Oil_Rents_GDP_Pct_lag1,primary,All_Eligible,Future_Period,train_to_2014__test_from_2015,Ridge,signal_increment,0.02400000000000004,0.0005
M1_Macro_vs_M2_Macro_Oil__primary__All_Eligible,Oil_Rents_GDP_Pct_lag1,primary,All_Eligible,Future_Period,train_to_2014__test_from_2015,Ridge,signal_increment,0.02450000000000004,0.0005
M1_Macro_vs_M2_Macro_Oil__primary__All_Eligible,Oil_Rents_GDP_Pct_lag1,primary,All_Eligible,Future_Period,train_to_2014__test_from_2015,Ridge,signal_increment,0.02500000000000004,0.0005
M1_Macro_vs_M2_Macro_Oil__primary__All_Eligible,Oil_Rents_GDP_Pct_lag1,primary,All_Eligible,Future_Period,train_to_2014__test_from_2015,Ridge,signal_increment,0.02550000000000004,0.0005
M1_Macro_vs_M2_Macro_Oil__primary__All_Eligible,Oil_Rents_GDP_Pct_lag1,primary,All_Eligible,Future_Period,train_to_2014__test_from_2015,Ridge,signal_increment,0.02600000000000004,0.0
M1_Macro_vs_M2_Macro_Oil__primary__All_Eligible,Oil_Rents_GDP_Pct_lag1,primary,All_Eligible,Future_Period,train_to_2014__test_from_2015,Ridge,signal_increment,0.02650000000000004,0.0
M1_Macro_vs_M2_Macro_Oil__primary__All_Eligible,Oil_Rents_GDP_Pct_lag1,primary,All_Eligible,Future_Period,train_to_2014__test_from_2015,Ridge,signal_increment,0.02700000000000004,0.0
M1_Macro_vs_M2_Macro_Oil__primary__All_Eligible,Oil_Rents_GDP_Pct_lag1,primary,All_Eligible,Future_Period,train_to_2014__test_from_2015,Ridge,signal_increment,0.027500000000000042,0.0
M1_Macro_vs_M2_Macro_Oil__primary__All_Eligible,Oil_Rents_GDP_Pct_lag1,primary,All_Eligible,Future_Period,train_to_2014__test_from_2015,Ridge,signal_increment,0.028000000000000042,0.0
M1_Macro_vs_M2_Macro_Oil__primary__All_Eligible,Oil_Rents_GDP_Pct_lag1,primary,All_Eligible,Future_Period,train_to_2014__test_from_2015,Ridge,signal_increment,0.028500000000000043,0.0
M1_Macro_vs_M2_Macro_Oil__primary__All_Eligible,Oil_Rents_GDP_Pct_lag1,primary,All_Eligible,Future_Period,train_to_2014__test_from_2015,Ridge,signal_increment,0.029000000000000043,0.0
M1_Macro_vs_M2_Macro_Oil__primary__All_Eligible,Oil_Rents_GDP_Pct_lag1,primary,All_Eligible,Future_Period,train_to_2014__test_from_2015,Ridge,signal_increment,0.029500000000000044,0.0
M1_Macro_vs_M2_Macro_Oil__primary__All_Eligible,Oil_Rents_GDP_Pct_lag1,primary,All_Eligible,Future_Period,train_to_2014__test_from_2015,Ridge,signal_increment,0.030000000000000044,0.0
M1_Macro_vs_M2_Macro_Oil__primary__All_Eligible,Oil_Rents_GDP_Pct_lag1,primary,All_Eligible,Future_Period,train_to_2014__test_from_2015,Ridge,added_model_vs_strongest_benchmark,-0.02,1.0
M1_Macro_vs_M2_Macro_Oil__primary__All_Eligible,Oil_Rents_GDP_Pct_lag1,primary,All_Eligible,Future_Period,train_to_2014__test_from_2015,Ridge,added_model_vs_strongest_benchmark,-0.0195,1.0
M1_Macro_vs_M2_Macro_Oil__primary__All_Eligible,Oil_Rents_GDP_Pct_lag1,primary,All_Eligible,Future_Period,train_to_2014__test_from_2015,Ridge,added_model_vs_strongest_benchmark,-0.019,1.0
M1_Macro_vs_M2_Macro_Oil__primary__All_Eligible,Oil_Rents_GDP_Pct_lag1,primary,All_Eligible,Future_Period,train_to_2014__test_from_2015,Ridge,added_model_vs_strongest_benchmark,-0.0185,1.0
M1_Macro_vs_M2_Macro_Oil__primary__All_Eligible,Oil_Rents_GDP_Pct_lag1,primary,All_Eligible,Future_Period,train_to_2014__test_from_2015,Ridge,added_model_vs_strongest_benchmark,-0.018,1.0
M1_Macro_vs_M2_Macro_Oil__primary__All_Eligible,Oil_Rents_GDP_Pct_lag1,primary,All_Eligible,Future_Period,train_to_2014__test_from_2015,Ridge,added_model_vs_strongest_benchmark,-0.017499999999999998,1.0
M1_Macro_vs_M2_Macro_Oil__primary__All_Eligible,Oil_Rents_GDP_Pct_lag1,primary,All_Eligible,Future_Period,train_to_2014__test_from_2015,Ridge,added_model_vs_strongest_benchmark,-0.016999999999999998,1.0
M1_Macro_vs_M2_Macro_Oil__primary__All_Eligible,Oil_Rents_GDP_Pct_lag1,primary,All_Eligible,Future_Period,train_to_2014__test_from_2015,Ridge,added_model_vs_strongest_benchmark,-0.016499999999999997,1.0
M1_Macro_vs_M2_Macro_Oil__primary__All_Eligible,Oil_Rents_GDP_Pct_lag1,primary,All_Eligible,Future_Period,train_to_2014__test_from_2015,Ridge,added_model_vs_strongest_benchmark,-0.015999999999999997,1.0
M1_Macro_vs_M2_Macro_Oil__primary__All_Eligible,Oil_Rents_GDP_Pct_lag1,primary,All_Eligible,Future_Period,train_to_2014__test_from_2015,Ridge,added_model_vs_strongest_benchmark,-0.015499999999999996,1.0
M1_Macro_vs_M2_Macro_Oil__primary__All_Eligible,Oil_Rents_GDP_Pct_lag1,primary,All_Eligible,Future_Period,train_to_2014__test_from_2015,Ridge,added_model_vs_strongest_benchmark,-0.014999999999999996,1.0
M1_Macro_vs_M2_Macro_Oil__primary__All_Eligible,Oil_Rents_GDP_Pct_lag1,primary,All_Eligible,Future_Period,train_to_2014__test_from_2015,Ridge,added_model_vs_strongest_benchmark,-0.014499999999999996,1.0
M1_Macro_vs_M2_Macro_Oil__primary__All_Eligible,Oil_Rents_GDP_Pct_lag1,primary,All_Eligible,Future_Period,train_to_2014__test_from_2015,Ridge,added_model_vs_strongest_benchmark,-0.013999999999999995,1.0
M1_Macro_vs_M2_Macro_Oil__primary__All_Eligible,Oil_Rents_GDP_Pct_lag1,primary,All_Eligible,Future_Period,train_to_2014__test_from_2015,Ridge,added_model_vs_strongest_benchmark,-0.013499999999999995,1.0
M1_Macro_vs_M2_Macro_Oil__primary__All_Eligible,Oil_Rents_GDP_Pct_lag1,primary,All_Eligible,Future_Period,train_to_2014__test_from_2015,Ridge,added_model_vs_strongest_benchmark,-0.012999999999999994,1.0
M1_Macro_vs_M2_Macro_Oil__primary__All_Eligible,Oil_Rents_GDP_Pct_lag1,primary,All_Eligible,Future_Period,train_to_2014__test_from_2015,Ridge,added_model_vs_strongest_benchmark,-0.012499999999999994,1.0
M1_Macro_vs_M2_Macro_Oil__primary__All_Eligible,Oil_Rents_GDP_Pct_lag1,primary,All_Eligible,Future_Period,train_to_2014__test_from_2015,Ridge,added_model_vs_strongest_benchmark,-0.011999999999999993,1.0
M1_Macro_vs_M2_Macro_Oil__primary__All_Eligible,Oil_Rents_GDP_Pct_lag1,primary,All_Eligible,Future_Period,train_to_2014__test_from_2015,Ridge,added_model_vs_strongest_benchmark,-0.011499999999999993,1.0
M1_Macro_vs_M2_Macro_Oil__primary__All_Eligible,Oil_Rents_GDP_Pct_lag1,primary,All_Eligible,Future_Period,train_to_2014__test_from_2015,Ridge,added_model_vs_strongest_benchmark,-0.010999999999999992,1.0
M1_Macro_vs_M2_Macro_Oil__primary__All_Eligible,Oil_Rents_GDP_Pct_lag1,primary,All_Eligible,Future_Period,train_to_2014__test_from_2015,Ridge,added_model_vs_strongest_benchmark,-0.010499999999999992,1.0
M1_Macro_vs_M2_Macro_Oil__primary__All_Eligible,Oil_Rents_GDP_Pct_lag1,primary,All_Eligible,Future_Period,train_to_2014__test_from_2015,Ridge,added_model_vs_strongest_benchmark,-0.009999999999999992,1.0
M1_Macro_vs_M2_Macro_Oil__primary__All_Eligible,Oil_Rents_GDP_Pct_lag1,primary,All_Eligible,Future_Period,train_to_2014__test_from_2015,Ridge,added_model_vs_strongest_benchmark,-0.009499999999999991,1.0
M1_Macro_vs_M2_Macro_Oil__primary__All_Eligible,Oil_Rents_GDP_Pct_lag1,primary,All_Eligible,Future_Period,train_to_2014__test_from_2015,Ridge,added_model_vs_strongest_benchmark,-0.00899999999999999,1.0
M1_Macro_vs_M2_Macro_Oil__primary__All_Eligible,Oil_Rents_GDP_Pct_lag1,primary,All_Eligible,Future_Period,train_to_2014__test_from_2015,Ridge,added_model_vs_strongest_benchmark,-0.00849999999999999,1.0
M1_Macro_vs_M2_Macro_Oil__primary__All_Eligible,Oil_Rents_GDP_Pct_lag1,primary,All_Eligible,Future_Period,train_to_2014__test_from_2015,Ridge,added_model_vs_strongest_benchmark,-0.00799999999999999,1.0
M1_Macro_vs_M2_Macro_Oil__primary__All_Eligible,Oil_Rents_GDP_Pct_lag1,primary,All_Eligible,Future_Period,train_to_2014__test_from_2015,Ridge,added_model_vs_strongest_benchmark,-0.007499999999999989,1.0
M1_Macro_vs_M2_Macro_Oil__primary__All_Eligible,Oil_Rents_GDP_Pct_lag1,primary,All_Eligible,Future_Period,train_to_2014__test_from_2015,Ridge,added_model_vs_strongest_benchmark,-0.006999999999999989,1.0
M1_Macro_vs_M2_Macro_Oil__primary__All_Eligible,Oil_Rents_GDP_Pct_lag1,primary,All_Eligible,Future_Period,train_to_2014__test_from_2015,Ridge,added_model_vs_strongest_benchmark,-0.006499999999999988,1.0
M1_Macro_vs_M2_Macro_Oil__primary__All_Eligible,Oil_Rents_GDP_Pct_lag1,primary,All_Eligible,Future_Period,train_to_2014__test_from_2015,Ridge,added_model_vs_strongest_benchmark,-0.005999999999999988,1.0
M1_Macro_vs_M2_Macro_Oil__primary__All_Eligible,Oil_Rents_GDP_Pct_lag1,primary,All_Eligible,Future_Period,train_to_2014__test_from_2015,Ridge,added_model_vs_strongest_benchmark,-0.0054999999999999875,1.0
M1_Macro_vs_M2_Macro_Oil__primary__All_Eligible,Oil_Rents_GDP_Pct_lag1,primary,All_Eligible,Future_Period,train_to_2014__test_from_2015,Ridge,added_model_vs_strongest_benchmark,-0.004999999999999987,1.0
M1_Macro_vs_M2_Macro_Oil__primary__All_Eligible,Oil_Rents_GDP_Pct_lag1,primary,All_Eligible,Future_Period,train_to_2014__test_from_2015,Ridge,added_model_vs_strongest_benchmark,-0.004499999999999987,1.0
M1_Macro_vs_M2_Macro_Oil__primary__All_Eligible,Oil_Rents_GDP_Pct_lag1,primary,All_Eligible,Future_Period,train_to_2014__test_from_2015,Ridge,added_model_vs_strongest_benchmark,-0.003999999999999986,1.0
M1_Macro_vs_M2_Macro_Oil__primary__All_Eligible,Oil_Rents_GDP_Pct_lag1,primary,All_Eligible,Future_Period,train_to_2014__test_from_2015,Ridge,added_model_vs_strongest_benchmark,-0.0034999999999999858,1.0
M1_Macro_vs_M2_Macro_Oil__primary__All_Eligible,Oil_Rents_GDP_Pct_lag1,primary,All_Eligible,Future_Period,train_to_2014__test_from_2015,Ridge,added_model_vs_strongest_benchmark,-0.0029999999999999853,1.0
M1_Macro_vs_M2_Macro_Oil__primary__All_Eligible,Oil_Rents_GDP_Pct_lag1,primary,All_Eligible,Future_Period,train_to_2014__test_from_2015,Ridge,added_model_vs_strongest_benchmark,-0.002499999999999985,1.0
M1_Macro_vs_M2_Macro_Oil__primary__All_Eligible,Oil_Rents_GDP_Pct_lag1,primary,All_Eligible,Future_Period,train_to_2014__test_from_2015,Ridge,added_model_vs_strongest_benchmark,-0.0019999999999999844,1.0
M1_Macro_vs_M2_Macro_Oil__primary__All_Eligible,Oil_Rents_GDP_Pct_lag1,primary,All_Eligible,Future_Period,train_to_2014__test_from_2015,Ridge,added_model_vs_strongest_benchmark,-0.001499999999999984,1.0
M1_Macro_vs_M2_Macro_Oil__primary__All_Eligible,Oil_Rents_GDP_Pct_lag1,primary,All_Eligible,Future_Period,train_to_2014__test_from_2015,Ridge,added_model_vs_strongest_benchmark,-0.0009999999999999835,1.0
M1_Macro_vs_M2_Macro_Oil__primary__All_Eligible,Oil_Rents_GDP_Pct_lag1,primary,All_Eligible,Future_Period,train_to_2014__test_from_2015,Ridge,added_model_vs_strongest_benchmark,-0.0004999999999999831,1.0
M1_Macro_vs_M2_Macro_Oil__primary__All_Eligible,Oil_Rents_GDP_Pct_lag1,primary,All_Eligible,Future_Period,train_to_2014__test_from_2015,Ridge,added_model_vs_strongest_benchmark,1.734723475976807e-17,1.0
M1_Macro_vs_M2_Macro_Oil__primary__All_Eligible,Oil_Rents_GDP_Pct_lag1,primary,All_Eligible,Future_Period,train_to_2014__test_from_2015,Ridge,added_model_vs_strongest_benchmark,0.0005000000000000178,1.0
M1_Macro_vs_M2_Macro_Oil__primary__All_Eligible,Oil_Rents_GDP_Pct_lag1,primary,All_Eligible,Future_Period,train_to_2014__test_from_2015,Ridge,added_model_vs_strongest_benchmark,0.0010000000000000182,1.0
M1_Macro_vs_M2_Macro_Oil__primary__All_Eligible,Oil_Rents_GDP_Pct_lag1,primary,All_Eligible,Future_Period,train_to_2014__test_from_2015,Ridge,added_model_vs_strongest_benchmark,0.0015000000000000187,1.0
M1_Macro_vs_M2_Macro_Oil__primary__All_Eligible,Oil_Rents_GDP_Pct_lag1,primary,All_Eligible,Future_Period,train_to_2014__test_from_2015,Ridge,added_model_vs_strongest_benchmark,0.002000000000000019,1.0
M1_Macro_vs_M2_Macro_Oil__primary__All_Eligible,Oil_Rents_GDP_Pct_lag1,primary,All_Eligible,Future_Period,train_to_2014__test_from_2015,Ridge,added_model_vs_strongest_benchmark,0.0025000000000000196,1.0
M1_Macro_vs_M2_Macro_Oil__primary__All_Eligible,Oil_Rents_GDP_Pct_lag1,primary,All_Eligible,Future_Period,train_to_2014__test_from_2015,Ridge,added_model_vs_strongest_benchmark,0.00300000000000002,1.0
M1_Macro_vs_M2_Macro_Oil__primary__All_Eligible,Oil_Rents_GDP_Pct_lag1,primary,All_Eligible,Future_Period,train_to_2014__test_from_2015,Ridge,added_model_vs_strongest_benchmark,0.0035000000000000205,1.0
M1_Macro_vs_M2_Macro_Oil__primary__All_Eligible,Oil_Rents_GDP_Pct_lag1,primary,All_Eligible,Future_Period,train_to_2014__test_from_2015,Ridge,added_model_vs_strongest_benchmark,0.004000000000000021,1.0
M1_Macro_vs_M2_Macro_Oil__primary__All_Eligible,Oil_Rents_GDP_Pct_lag1,primary,All_Eligible,Future_Period,train_to_2014__test_from_2015,Ridge,added_model_vs_strongest_benchmark,0.004500000000000021,1.0
M1_Macro_vs_M2_Macro_Oil__primary__All_Eligible,Oil_Rents_GDP_Pct_lag1,primary,All_Eligible,Future_Period,train_to_2014__test_from_2015,Ridge,added_model_vs_strongest_benchmark,0.005000000000000022,1.0
M1_Macro_vs_M2_Macro_Oil__primary__All_Eligible,Oil_Rents_GDP_Pct_lag1,primary,All_Eligible,Future_Period,train_to_2014__test_from_2015,Ridge,added_model_vs_strongest_benchmark,0.005500000000000022,1.0
M1_Macro_vs_M2_Macro_Oil__primary__All_Eligible,Oil_Rents_GDP_Pct_lag1,primary,All_Eligible,Future_Period,train_to_2014__test_from_2015,Ridge,added_model_vs_strongest_benchmark,0.006000000000000023,1.0
M1_Macro_vs_M2_Macro_Oil__primary__All_Eligible,Oil_Rents_GDP_Pct_lag1,primary,All_Eligible,Future_Period,train_to_2014__test_from_2015,Ridge,added_model_vs_strongest_benchmark,0.006500000000000023,1.0
M1_Macro_vs_M2_Macro_Oil__primary__All_Eligible,Oil_Rents_GDP_Pct_lag1,primary,All_Eligible,Future_Period,train_to_2014__test_from_2015,Ridge,added_model_vs_strongest_benchmark,0.0070000000000000236,1.0
M1_Macro_vs_M2_Macro_Oil__primary__All_Eligible,Oil_Rents_GDP_Pct_lag1,primary,All_Eligible,Future_Period,train_to_2014__test_from_2015,Ridge,added_model_vs_strongest_benchmark,0.007500000000000024,1.0
M1_Macro_vs_M2_Macro_Oil__primary__All_Eligible,Oil_Rents_GDP_Pct_lag1,primary,All_Eligible,Future_Period,train_to_2014__test_from_2015,Ridge,added_model_vs_strongest_benchmark,0.008000000000000024,1.0
M1_Macro_vs_M2_Macro_Oil__primary__All_Eligible,Oil_Rents_GDP_Pct_lag1,primary,All_Eligible,Future_Period,train_to_2014__test_from_2015,Ridge,added_model_vs_strongest_benchmark,0.008500000000000025,1.0
M1_Macro_vs_M2_Macro_Oil__primary__All_Eligible,Oil_Rents_GDP_Pct_lag1,primary,All_Eligible,Future_Period,train_to_2014__test_from_2015,Ridge,added_model_vs_strongest_benchmark,0.009000000000000025,1.0
M1_Macro_vs_M2_Macro_Oil__primary__All_Eligible,Oil_Rents_GDP_Pct_lag1,primary,All_Eligible,Future_Period,train_to_2014__test_from_2015,Ridge,added_model_vs_strongest_benchmark,0.009500000000000026,1.0
M1_Macro_vs_M2_Macro_Oil__primary__All_Eligible,Oil_Rents_GDP_Pct_lag1,primary,All_Eligible,Future_Period,train_to_2014__test_from_2015,Ridge,added_model_vs_strongest_benchmark,0.010000000000000026,1.0
M1_Macro_vs_M2_Macro_Oil__primary__All_Eligible,Oil_Rents_GDP_Pct_lag1,primary,All_Eligible,Future_Period,train_to_2014__test_from_2015,Ridge,added_model_vs_strongest_benchmark,0.010500000000000027,1.0
M1_Macro_vs_M2_Macro_Oil__primary__All_Eligible,Oil_Rents_GDP_Pct_lag1,primary,All_Eligible,Future_Period,train_to_2014__test_from_2015,Ridge,added_model_vs_strongest_benchmark,0.011000000000000027,1.0
M1_Macro_vs_M2_Macro_Oil__primary__All_Eligible,Oil_Rents_GDP_Pct_lag1,primary,All_Eligible,Future_Period,train_to_2014__test_from_2015,Ridge,added_model_vs_strongest_benchmark,0.011500000000000028,1.0
M1_Macro_vs_M2_Macro_Oil__primary__All_Eligible,Oil_Rents_GDP_Pct_lag1,primary,All_Eligible,Future_Period,train_to_2014__test_from_2015,Ridge,added_model_vs_strongest_benchmark,0.012000000000000028,1.0
M1_Macro_vs_M2_Macro_Oil__primary__All_Eligible,Oil_Rents_GDP_Pct_lag1,primary,All_Eligible,Future_Period,train_to_2014__test_from_2015,Ridge,added_model_vs_strongest_benchmark,0.012500000000000028,1.0
M1_Macro_vs_M2_Macro_Oil__primary__All_Eligible,Oil_Rents_GDP_Pct_lag1,primary,All_Eligible,Future_Period,train_to_2014__test_from_2015,Ridge,added_model_vs_strongest_benchmark,0.013000000000000029,1.0
M1_Macro_vs_M2_Macro_Oil__primary__All_Eligible,Oil_Rents_GDP_Pct_lag1,primary,All_Eligible,Future_Period,train_to_2014__test_from_2015,Ridge,added_model_vs_strongest_benchmark,0.01350000000000003,1.0
M1_Macro_vs_M2_Macro_Oil__primary__All_Eligible,Oil_Rents_GDP_Pct_lag1,primary,All_Eligible,Future_Period,train_to_2014__test_from_2015,Ridge,added_model_vs_strongest_benchmark,0.01400000000000003,1.0
M1_Macro_vs_M2_Macro_Oil__primary__All_Eligible,Oil_Rents_GDP_Pct_lag1,primary,All_Eligible,Future_Period,train_to_2014__test_from_2015,Ridge,added_model_vs_strongest_benchmark,0.01450000000000003,1.0
M1_Macro_vs_M2_Macro_Oil__primary__All_Eligible,Oil_Rents_GDP_Pct_lag1,primary,All_Eligible,Future_Period,train_to_2014__test_from_2015,Ridge,added_model_vs_strongest_benchmark,0.01500000000000003,1.0
M1_Macro_vs_M2_Macro_Oil__primary__All_Eligible,Oil_Rents_GDP_Pct_lag1,primary,All_Eligible,Future_Period,train_to_2014__test_from_2015,Ridge,added_model_vs_strongest_benchmark,0.015500000000000031,1.0
M1_Macro_vs_M2_Macro_Oil__primary__All_Eligible,Oil_Rents_GDP_Pct_lag1,primary,All_Eligible,Future_Period,train_to_2014__test_from_2015,Ridge,added_model_vs_strongest_benchmark,0.01600000000000003,1.0
M1_Macro_vs_M2_Macro_Oil__primary__All_Eligible,Oil_Rents_GDP_Pct_lag1,primary,All_Eligible,Future_Period,train_to_2014__test_from_2015,Ridge,added_model_vs_strongest_benchmark,0.016500000000000032,1.0
M1_Macro_vs_M2_Macro_Oil__primary__All_Eligible,Oil_Rents_GDP_Pct_lag1,primary,All_Eligible,Future_Period,train_to_2014__test_from_2015,Ridge,added_model_vs_strongest_benchmark,0.017000000000000032,1.0
M1_Macro_vs_M2_Macro_Oil__primary__All_Eligible,Oil_Rents_GDP_Pct_lag1,primary,All_Eligible,Future_Period,train_to_2014__test_from_2015,Ridge,added_model_vs_strongest_benchmark,0.017500000000000033,1.0
M1_Macro_vs_M2_Macro_Oil__primary__All_Eligible,Oil_Rents_GDP_Pct_lag1,primary,All_Eligible,Future_Period,train_to_2014__test_from_2015,Ridge,added_model_vs_strongest_benchmark,0.018000000000000033,1.0
M1_Macro_vs_M2_Macro_Oil__primary__All_Eligible,Oil_Rents_GDP_Pct_lag1,primary,All_Eligible,Future_Period,train_to_2014__test_from_2015,Ridge,added_model_vs_strongest_benchmark,0.018500000000000034,1.0
M1_Macro_vs_M2_Macro_Oil__primary__All_Eligible,Oil_Rents_GDP_Pct_lag1,primary,All_Eligible,Future_Period,train_to_2014__test_from_2015,Ridge,added_model_vs_strongest_benchmark,0.019000000000000034,1.0
M1_Macro_vs_M2_Macro_Oil__primary__All_Eligible,Oil_Rents_GDP_Pct_lag1,primary,All_Eligible,Future_Period,train_to_2014__test_from_2015,Ridge,added_model_vs_strongest_benchmark,0.019500000000000035,1.0
M1_Macro_vs_M2_Macro_Oil__primary__All_Eligible,Oil_Rents_GDP_Pct_lag1,primary,All_Eligible,Future_Period,train_to_2014__test_from_2015,Ridge,added_model_vs_strongest_benchmark,0.020000000000000035,1.0
M1_Macro_vs_M2_Macro_Oil__primary__All_Eligible,Oil_Rents_GDP_Pct_lag1,primary,All_Eligible,Future_Period,train_to_2014__test_from_2015,Ridge,added_model_vs_strongest_benchmark,0.020500000000000036,1.0
M1_Macro_vs_M2_Macro_Oil__primary__All_Eligible,Oil_Rents_GDP_Pct_lag1,primary,All_Eligible,Future_Period,train_to_2014__test_from_2015,Ridge,added_model_vs_strongest_benchmark,0.021000000000000036,1.0
M1_Macro_vs_M2_Macro_Oil__primary__All_Eligible,Oil_Rents_GDP_Pct_lag1,primary,All_Eligible,Future_Period,train_to_2014__test_from_2015,Ridge,added_model_vs_strongest_benchmark,0.021500000000000036,1.0
M1_Macro_vs_M2_Macro_Oil__primary__All_Eligible,Oil_Rents_GDP_Pct_lag1,primary,All_Eligible,Future_Period,train_to_2014__test_from_2015,Ridge,added_model_vs_strongest_benchmark,0.022000000000000037,1.0
M1_Macro_vs_M2_Macro_Oil__primary__All_Eligible,Oil_Rents_GDP_Pct_lag1,primary,All_Eligible,Future_Period,train_to_2014__test_from_2015,Ridge,added_model_vs_strongest_benchmark,0.022500000000000037,1.0
M1_Macro_vs_M2_Macro_Oil__primary__All_Eligible,Oil_Rents_GDP_Pct_lag1,primary,All_Eligible,Future_Period,train_to_2014__test_from_2015,Ridge,added_model_vs_strongest_benchmark,0.023000000000000038,1.0
M1_Macro_vs_M2_Macro_Oil__primary__All_Eligible,Oil_Rents_GDP_Pct_lag1,primary,All_Eligible,Future_Period,train_to_2014__test_from_2015,Ridge,added_model_vs_strongest_benchmark,0.023500000000000038,1.0
M1_Macro_vs_M2_Macro_Oil__primary__All_Eligible,Oil_Rents_GDP_Pct_lag1,primary,All_Eligible,Future_Period,train_to_2014__test_from_2015,Ridge,added_model_vs_strongest_benchmark,0.02400000000000004,1.0
M1_Macro_vs_M2_Macro_Oil__primary__All_Eligible,Oil_Rents_GDP_Pct_lag1,primary,All_Eligible,Future_Period,train_to_2014__test_from_2015,Ridge,added_model_vs_strongest_benchmark,0.02450000000000004,1.0
M1_Macro_vs_M2_Macro_Oil__primary__All_Eligible,Oil_Rents_GDP_Pct_lag1,primary,All_Eligible,Future_Period,train_to_2014__test_from_2015,Ridge,added_model_vs_strongest_benchmark,0.02500000000000004,1.0
M1_Macro_vs_M2_Macro_Oil__primary__All_Eligible,Oil_Rents_GDP_Pct_lag1,primary,All_Eligible,Future_Period,train_to_2014__test_from_2015,Ridge,added_model_vs_strongest_benchmark,0.02550000000000004,1.0
M1_Macro_vs_M2_Macro_Oil__primary__All_Eligible,Oil_Rents_GDP_Pct_lag1,primary,All_Eligible,Future_Period,train_to_2014__test_from_2015,Ridge,added_model_vs_strongest_benchmark,0.02600000000000004,1.0
M1_Macro_vs_M2_Macro_Oil__primary__All_Eligible,Oil_Rents_GDP_Pct_lag1,primary,All_Eligible,Future_Period,train_to_2014__test_from_2015,Ridge,added_model_vs_strongest_benchmark,0.02650000000000004,1.0
M1_Macro_vs_M2_Macro_Oil__primary__All_Eligible,Oil_Rents_GDP_Pct_lag1,primary,All_Eligible,Future_Period,train_to_2014__test_from_2015,Ridge,added_model_vs_strongest_benchmark,0.02700000000000004,1.0
M1_Macro_vs_M2_Macro_Oil__primary__All_Eligible,Oil_Rents_GDP_Pct_lag1,primary,All_Eligible,Future_Period,train_to_2014__test_from_2015,Ridge,added_model_vs_strongest_benchmark,0.027500000000000042,1.0
M1_Macro_vs_M2_Macro_Oil__primary__All_Eligible,Oil_Rents_GDP_Pct_lag1,primary,All_Eligible,Future_Period,train_to_2014__test_from_2015,Ridge,added_model_vs_strongest_benchmark,0.028000000000000042,1.0
M1_Macro_vs_M2_Macro_Oil__primary__All_Eligible,Oil_Rents_GDP_Pct_lag1,primary,All_Eligible,Future_Period,train_to_2014__test_from_2015,Ridge,added_model_vs_strongest_benchmark,0.028500000000000043,1.0
M1_Macro_vs_M2_Macro_Oil__primary__All_Eligible,Oil_Rents_GDP_Pct_lag1,primary,All_Eligible,Future_Period,train_to_2014__test_from_2015,Ridge,added_model_vs_strongest_benchmark,0.029000000000000043,1.0
M1_Macro_vs_M2_Macro_Oil__primary__All_Eligible,Oil_Rents_GDP_Pct_lag1,primary,All_Eligible,Future_Period,train_to_2014__test_from_2015,Ridge,added_model_vs_strongest_benchmark,0.029500000000000044,1.0
M1_Macro_vs_M2_Macro_Oil__primary__All_Eligible,Oil_Rents_GDP_Pct_lag1,primary,All_Eligible,Future_Period,train_to_2014__test_from_2015,Ridge,added_model_vs_strongest_benchmark,0.030000000000000044,1.0
M1_Macro_vs_M2_Macro_Oil__primary__All_Eligible,Oil_Rents_GDP_Pct_lag1,primary,All_Eligible,Future_Period,train_to_2014__test_from_2015,ElasticNet,signal_increment,-0.02,1.0
M1_Macro_vs_M2_Macro_Oil__primary__All_Eligible,Oil_Rents_GDP_Pct_lag1,primary,All_Eligible,Future_Period,train_to_2014__test_from_2015,ElasticNet,signal_increment,-0.0195,1.0
M1_Macro_vs_M2_Macro_Oil__primary__All_Eligible,Oil_Rents_GDP_Pct_lag1,primary,All_Eligible,Future_Period,train_to_2014__test_from_2015,ElasticNet,signal_increment,-0.019,1.0
M1_Macro_vs_M2_Macro_Oil__primary__All_Eligible,Oil_Rents_GDP_Pct_lag1,primary,All_Eligible,Future_Period,train_to_2014__test_from_2015,ElasticNet,signal_increment,-0.0185,1.0
M1_Macro_vs_M2_Macro_Oil__primary__All_Eligible,Oil_Rents_GDP_Pct_lag1,primary,All_Eligible,Future_Period,train_to_2014__test_from_2015,ElasticNet,signal_increment,-0.018,1.0
M1_Macro_vs_M2_Macro_Oil__primary__All_Eligible,Oil_Rents_GDP_Pct_lag1,primary,All_Eligible,Future_Period,train_to_2014__test_from_2015,ElasticNet,signal_increment,-0.017499999999999998,1.0
M1_Macro_vs_M2_Macro_Oil__primary__All_Eligible,Oil_Rents_GDP_Pct_lag1,primary,All_Eligible,Future_Period,train_to_2014__test_from_2015,ElasticNet,signal_increment,-0.016999999999999998,1.0
M1_Macro_vs_M2_Macro_Oil__primary__All_Eligible,Oil_Rents_GDP_Pct_lag1,primary,All_Eligible,Future_Period,train_to_2014__test_from_2015,ElasticNet,signal_increment,-0.016499999999999997,1.0
M1_Macro_vs_M2_Macro_Oil__primary__All_Eligible,Oil_Rents_GDP_Pct_lag1,primary,All_Eligible,Future_Period,train_to_2014__test_from_2015,ElasticNet,signal_increment,-0.015999999999999997,1.0
M1_Macro_vs_M2_Macro_Oil__primary__All_Eligible,Oil_Rents_GDP_Pct_lag1,primary,All_Eligible,Future_Period,train_to_2014__test_from_2015,ElasticNet,signal_increment,-0.015499999999999996,1.0
M1_Macro_vs_M2_Macro_Oil__primary__All_Eligible,Oil_Rents_GDP_Pct_lag1,primary,All_Eligible,Future_Period,train_to_2014__test_from_2015,ElasticNet,signal_increment,-0.014999999999999996,1.0
M1_Macro_vs_M2_Macro_Oil__primary__All_Eligible,Oil_Rents_GDP_Pct_lag1,primary,All_Eligible,Future_Period,train_to_2014__test_from_2015,ElasticNet,signal_increment,-0.014499999999999996,1.0
M1_Macro_vs_M2_Macro_Oil__primary__All_Eligible,Oil_Rents_GDP_Pct_lag1,primary,All_Eligible,Future_Period,train_to_2014__test_from_2015,ElasticNet,signal_increment,-0.013999999999999995,1.0
M1_Macro_vs_M2_Macro_Oil__primary__All_Eligible,Oil_Rents_GDP_Pct_lag1,primary,All_Eligible,Future_Period,train_to_2014__test_from_2015,ElasticNet,signal_increment,-0.013499999999999995,1.0
M1_Macro_vs_M2_Macro_Oil__primary__All_Eligible,Oil_Rents_GDP_Pct_lag1,primary,All_Eligible,Future_Period,train_to_2014__test_from_2015,ElasticNet,signal_increment,-0.012999999999999994,1.0
M1_Macro_vs_M2_Macro_Oil__primary__All_Eligible,Oil_Rents_GDP_Pct_lag1,primary,All_Eligible,Future_Period,train_to_2014__test_from_2015,ElasticNet,signal_increment,-0.012499999999999994,1.0
M1_Macro_vs_M2_Macro_Oil__primary__All_Eligible,Oil_Rents_GDP_Pct_lag1,primary,All_Eligible,Future_Period,train_to_2014__test_from_2015,ElasticNet,signal_increment,-0.011999999999999993,1.0
M1_Macro_vs_M2_Macro_Oil__primary__All_Eligible,Oil_Rents_GDP_Pct_lag1,primary,All_Eligible,Future_Period,train_to_2014__test_from_2015,ElasticNet,signal_increment,-0.011499999999999993,1.0
M1_Macro_vs_M2_Macro_Oil__primary__All_Eligible,Oil_Rents_GDP_Pct_lag1,primary,All_Eligible,Future_Period,train_to_2014__test_from_2015,ElasticNet,signal_increment,-0.010999999999999992,1.0
M1_Macro_vs_M2_Macro_Oil__primary__All_Eligible,Oil_Rents_GDP_Pct_lag1,primary,All_Eligible,Future_Period,train_to_2014__test_from_2015,ElasticNet,signal_increment,-0.010499999999999992,1.0
M1_Macro_vs_M2_Macro_Oil__primary__All_Eligible,Oil_Rents_GDP_Pct_lag1,primary,All_Eligible,Future_Period,train_to_2014__test_from_2015,ElasticNet,signal_increment,-0.009999999999999992,1.0
M1_Macro_vs_M2_Macro_Oil__primary__All_Eligible,Oil_Rents_GDP_Pct_lag1,primary,All_Eligible,Future_Period,train_to_2014__test_from_2015,ElasticNet,signal_increment,-0.009499999999999991,1.0
M1_Macro_vs_M2_Macro_Oil__primary__All_Eligible,Oil_Rents_GDP_Pct_lag1,primary,All_Eligible,Future_Period,train_to_2014__test_from_2015,ElasticNet,signal_increment,-0.00899999999999999,1.0
M1_Macro_vs_M2_Macro_Oil__primary__All_Eligible,Oil_Rents_GDP_Pct_lag1,primary,All_Eligible,Future_Period,train_to_2014__test_from_2015,ElasticNet,signal_increment,-0.00849999999999999,1.0
M1_Macro_vs_M2_Macro_Oil__primary__All_Eligible,Oil_Rents_GDP_Pct_lag1,primary,All_Eligible,Future_Period,train_to_2014__test_from_2015,ElasticNet,signal_increment,-0.00799999999999999,1.0
M1_Macro_vs_M2_Macro_Oil__primary__All_Eligible,Oil_Rents_GDP_Pct_lag1,primary,All_Eligible,Future_Period,train_to_2014__test_from_2015,ElasticNet,signal_increment,-0.007499999999999989,1.0
M1_Macro_vs_M2_Macro_Oil__primary__All_Eligible,Oil_Rents_GDP_Pct_lag1,primary,All_Eligible,Future_Period,train_to_2014__test_from_2015,ElasticNet,signal_increment,-0.006999999999999989,1.0
M1_Macro_vs_M2_Macro_Oil__primary__All_Eligible,Oil_Rents_GDP_Pct_lag1,primary,All_Eligible,Future_Period,train_to_2014__test_from_2015,ElasticNet,signal_increment,-0.006499999999999988,1.0
M1_Macro_vs_M2_Macro_Oil__primary__All_Eligible,Oil_Rents_GDP_Pct_lag1,primary,All_Eligible,Future_Period,train_to_2014__test_from_2015,ElasticNet,signal_increment,-0.005999999999999988,1.0
M1_Macro_vs_M2_Macro_Oil__primary__All_Eligible,Oil_Rents_GDP_Pct_lag1,primary,All_Eligible,Future_Period,train_to_2014__test_from_2015,ElasticNet,signal_increment,-0.0054999999999999875,1.0
M1_Macro_vs_M2_Macro_Oil__primary__All_Eligible,Oil_Rents_GDP_Pct_lag1,primary,All_Eligible,Future_Period,train_to_2014__test_from_2015,ElasticNet,signal_increment,-0.004999999999999987,0.9995
M1_Macro_vs_M2_Macro_Oil__primary__All_Eligible,Oil_Rents_GDP_Pct_lag1,primary,All_Eligible,Future_Period,train_to_2014__test_from_2015,ElasticNet,signal_increment,-0.004499999999999987,0.9995
M1_Macro_vs_M2_Macro_Oil__primary__All_Eligible,Oil_Rents_GDP_Pct_lag1,primary,All_Eligible,Future_Period,train_to_2014__test_from_2015,ElasticNet,signal_increment,-0.003999999999999986,0.999
M1_Macro_vs_M2_Macro_Oil__primary__All_Eligible,Oil_Rents_GDP_Pct_lag1,primary,All_Eligible,Future_Period,train_to_2014__test_from_2015,ElasticNet,signal_increment,-0.0034999999999999858,0.9985
M1_Macro_vs_M2_Macro_Oil__primary__All_Eligible,Oil_Rents_GDP_Pct_lag1,primary,All_Eligible,Future_Period,train_to_2014__test_from_2015,ElasticNet,signal_increment,-0.0029999999999999853,0.998
M1_Macro_vs_M2_Macro_Oil__primary__All_Eligible,Oil_Rents_GDP_Pct_lag1,primary,All_Eligible,Future_Period,train_to_2014__test_from_2015,ElasticNet,signal_increment,-0.002499999999999985,0.9975
M1_Macro_vs_M2_Macro_Oil__primary__All_Eligible,Oil_Rents_GDP_Pct_lag1,primary,All_Eligible,Future_Period,train_to_2014__test_from_2015,ElasticNet,signal_increment,-0.0019999999999999844,0.996
M1_Macro_vs_M2_Macro_Oil__primary__All_Eligible,Oil_Rents_GDP_Pct_lag1,primary,All_Eligible,Future_Period,train_to_2014__test_from_2015,ElasticNet,signal_increment,-0.001499999999999984,0.9915
M1_Macro_vs_M2_Macro_Oil__primary__All_Eligible,Oil_Rents_GDP_Pct_lag1,primary,All_Eligible,Future_Period,train_to_2014__test_from_2015,ElasticNet,signal_increment,-0.0009999999999999835,0.987
M1_Macro_vs_M2_Macro_Oil__primary__All_Eligible,Oil_Rents_GDP_Pct_lag1,primary,All_Eligible,Future_Period,train_to_2014__test_from_2015,ElasticNet,signal_increment,-0.0004999999999999831,0.981
M1_Macro_vs_M2_Macro_Oil__primary__All_Eligible,Oil_Rents_GDP_Pct_lag1,primary,All_Eligible,Future_Period,train_to_2014__test_from_2015,ElasticNet,signal_increment,1.734723475976807e-17,0.974
M1_Macro_vs_M2_Macro_Oil__primary__All_Eligible,Oil_Rents_GDP_Pct_lag1,primary,All_Eligible,Future_Period,train_to_2014__test_from_2015,ElasticNet,signal_increment,0.0005000000000000178,0.963
M1_Macro_vs_M2_Macro_Oil__primary__All_Eligible,Oil_Rents_GDP_Pct_lag1,primary,All_Eligible,Future_Period,train_to_2014__test_from_2015,ElasticNet,signal_increment,0.0010000000000000182,0.9465
M1_Macro_vs_M2_Macro_Oil__primary__All_Eligible,Oil_Rents_GDP_Pct_lag1,primary,All_Eligible,Future_Period,train_to_2014__test_from_2015,ElasticNet,signal_increment,0.0015000000000000187,0.9325
M1_Macro_vs_M2_Macro_Oil__primary__All_Eligible,Oil_Rents_GDP_Pct_lag1,primary,All_Eligible,Future_Period,train_to_2014__test_from_2015,ElasticNet,signal_increment,0.002000000000000019,0.911
M1_Macro_vs_M2_Macro_Oil__primary__All_Eligible,Oil_Rents_GDP_Pct_lag1,primary,All_Eligible,Future_Period,train_to_2014__test_from_2015,ElasticNet,signal_increment,0.0025000000000000196,0.886
M1_Macro_vs_M2_Macro_Oil__primary__All_Eligible,Oil_Rents_GDP_Pct_lag1,primary,All_Eligible,Future_Period,train_to_2014__test_from_2015,ElasticNet,signal_increment,0.00300000000000002,0.8595
M1_Macro_vs_M2_Macro_Oil__primary__All_Eligible,Oil_Rents_GDP_Pct_lag1,primary,All_Eligible,Future_Period,train_to_2014__test_from_2015,ElasticNet,signal_increment,0.0035000000000000205,0.8335
M1_Macro_vs_M2_Macro_Oil__primary__All_Eligible,Oil_Rents_GDP_Pct_lag1,primary,All_Eligible,Future_Period,train_to_2014__test_from_2015,ElasticNet,signal_increment,0.004000000000000021,0.798
M1_Macro_vs_M2_Macro_Oil__primary__All_Eligible,Oil_Rents_GDP_Pct_lag1,primary,All_Eligible,Future_Period,train_to_2014__test_from_2015,ElasticNet,signal_increment,0.004500000000000021,0.7655
M1_Macro_vs_M2_Macro_Oil__primary__All_Eligible,Oil_Rents_GDP_Pct_lag1,primary,All_Eligible,Future_Period,train_to_2014__test_from_2015,ElasticNet,signal_increment,0.005000000000000022,0.73
M1_Macro_vs_M2_Macro_Oil__primary__All_Eligible,Oil_Rents_GDP_Pct_lag1,primary,All_Eligible,Future_Period,train_to_2014__test_from_2015,ElasticNet,signal_increment,0.005500000000000022,0.6855
M1_Macro_vs_M2_Macro_Oil__primary__All_Eligible,Oil_Rents_GDP_Pct_lag1,primary,All_Eligible,Future_Period,train_to_2014__test_from_2015,ElasticNet,signal_increment,0.006000000000000023,0.6335
M1_Macro_vs_M2_Macro_Oil__primary__All_Eligible,Oil_Rents_GDP_Pct_lag1,primary,All_Eligible,Future_Period,train_to_2014__test_from_2015,ElasticNet,signal_increment,0.006500000000000023,0.584
M1_Macro_vs_M2_Macro_Oil__primary__All_Eligible,Oil_Rents_GDP_Pct_lag1,primary,All_Eligible,Future_Period,train_to_2014__test_from_2015,ElasticNet,signal_increment,0.0070000000000000236,0.5335
M1_Macro_vs_M2_Macro_Oil__primary__All_Eligible,Oil_Rents_GDP_Pct_lag1,primary,All_Eligible,Future_Period,train_to_2014__test_from_2015,ElasticNet,signal_increment,0.007500000000000024,0.4915
M1_Macro_vs_M2_Macro_Oil__primary__All_Eligible,Oil_Rents_GDP_Pct_lag1,primary,All_Eligible,Future_Period,train_to_2014__test_from_2015,ElasticNet,signal_increment,0.008000000000000024,0.4475
M1_Macro_vs_M2_Macro_Oil__primary__All_Eligible,Oil_Rents_GDP_Pct_lag1,primary,All_Eligible,Future_Period,train_to_2014__test_from_2015,ElasticNet,signal_increment,0.008500000000000025,0.405
M1_Macro_vs_M2_Macro_Oil__primary__All_Eligible,Oil_Rents_GDP_Pct_lag1,primary,All_Eligible,Future_Period,train_to_2014__test_from_2015,ElasticNet,signal_increment,0.009000000000000025,0.364
M1_Macro_vs_M2_Macro_Oil__primary__All_Eligible,Oil_Rents_GDP_Pct_lag1,primary,All_Eligible,Future_Period,train_to_2014__test_from_2015,ElasticNet,signal_increment,0.009500000000000026,0.327
M1_Macro_vs_M2_Macro_Oil__primary__All_Eligible,Oil_Rents_GDP_Pct_lag1,primary,All_Eligible,Future_Period,train_to_2014__test_from_2015,ElasticNet,signal_increment,0.010000000000000026,0.2895
M1_Macro_vs_M2_Macro_Oil__primary__All_Eligible,Oil_Rents_GDP_Pct_lag1,primary,All_Eligible,Future_Period,train_to_2014__test_from_2015,ElasticNet,signal_increment,0.010500000000000027,0.25
M1_Macro_vs_M2_Macro_Oil__primary__All_Eligible,Oil_Rents_GDP_Pct_lag1,primary,All_Eligible,Future_Period,train_to_2014__test_from_2015,ElasticNet,signal_increment,0.011000000000000027,0.2205
M1_Macro_vs_M2_Macro_Oil__primary__All_Eligible,Oil_Rents_GDP_Pct_lag1,primary,All_Eligible,Future_Period,train_to_2014__test_from_2015,ElasticNet,signal_increment,0.011500000000000028,0.1965
M1_Macro_vs_M2_Macro_Oil__primary__All_Eligible,Oil_Rents_GDP_Pct_lag1,primary,All_Eligible,Future_Period,train_to_2014__test_from_2015,ElasticNet,signal_increment,0.012000000000000028,0.166
M1_Macro_vs_M2_Macro_Oil__primary__All_Eligible,Oil_Rents_GDP_Pct_lag1,primary,All_Eligible,Future_Period,train_to_2014__test_from_2015,ElasticNet,signal_increment,0.012500000000000028,0.1425
M1_Macro_vs_M2_Macro_Oil__primary__All_Eligible,Oil_Rents_GDP_Pct_lag1,primary,All_Eligible,Future_Period,train_to_2014__test_from_2015,ElasticNet,signal_increment,0.013000000000000029,0.1225
M1_Macro_vs_M2_Macro_Oil__primary__All_Eligible,Oil_Rents_GDP_Pct_lag1,primary,All_Eligible,Future_Period,train_to_2014__test_from_2015,ElasticNet,signal_increment,0.01350000000000003,0.1035
M1_Macro_vs_M2_Macro_Oil__primary__All_Eligible,Oil_Rents_GDP_Pct_lag1,primary,All_Eligible,Future_Period,train_to_2014__test_from_2015,ElasticNet,signal_increment,0.01400000000000003,0.077
M1_Macro_vs_M2_Macro_Oil__primary__All_Eligible,Oil_Rents_GDP_Pct_lag1,primary,All_Eligible,Future_Period,train_to_2014__test_from_2015,ElasticNet,signal_increment,0.01450000000000003,0.0625
M1_Macro_vs_M2_Macro_Oil__primary__All_Eligible,Oil_Rents_GDP_Pct_lag1,primary,All_Eligible,Future_Period,train_to_2014__test_from_2015,ElasticNet,signal_increment,0.01500000000000003,0.0535
M1_Macro_vs_M2_Macro_Oil__primary__All_Eligible,Oil_Rents_GDP_Pct_lag1,primary,All_Eligible,Future_Period,train_to_2014__test_from_2015,ElasticNet,signal_increment,0.015500000000000031,0.0455
M1_Macro_vs_M2_Macro_Oil__primary__All_Eligible,Oil_Rents_GDP_Pct_lag1,primary,All_Eligible,Future_Period,train_to_2014__test_from_2015,ElasticNet,signal_increment,0.01600000000000003,0.0355
M1_Macro_vs_M2_Macro_Oil__primary__All_Eligible,Oil_Rents_GDP_Pct_lag1,primary,All_Eligible,Future_Period,train_to_2014__test_from_2015,ElasticNet,signal_increment,0.016500000000000032,0.0285
M1_Macro_vs_M2_Macro_Oil__primary__All_Eligible,Oil_Rents_GDP_Pct_lag1,primary,All_Eligible,Future_Period,train_to_2014__test_from_2015,ElasticNet,signal_increment,0.017000000000000032,0.025
M1_Macro_vs_M2_Macro_Oil__primary__All_Eligible,Oil_Rents_GDP_Pct_lag1,primary,All_Eligible,Future_Period,train_to_2014__test_from_2015,ElasticNet,signal_increment,0.017500000000000033,0.02
M1_Macro_vs_M2_Macro_Oil__primary__All_Eligible,Oil_Rents_GDP_Pct_lag1,primary,All_Eligible,Future_Period,train_to_2014__test_from_2015,ElasticNet,signal_increment,0.018000000000000033,0.015
M1_Macro_vs_M2_Macro_Oil__primary__All_Eligible,Oil_Rents_GDP_Pct_lag1,primary,All_Eligible,Future_Period,train_to_2014__test_from_2015,ElasticNet,signal_increment,0.018500000000000034,0.01
M1_Macro_vs_M2_Macro_Oil__primary__All_Eligible,Oil_Rents_GDP_Pct_lag1,primary,All_Eligible,Future_Period,train_to_2014__test_from_2015,ElasticNet,signal_increment,0.019000000000000034,0.0075
M1_Macro_vs_M2_Macro_Oil__primary__All_Eligible,Oil_Rents_GDP_Pct_lag1,primary,All_Eligible,Future_Period,train_to_2014__test_from_2015,ElasticNet,signal_increment,0.019500000000000035,0.0045
M1_Macro_vs_M2_Macro_Oil__primary__All_Eligible,Oil_Rents_GDP_Pct_lag1,primary,All_Eligible,Future_Period,train_to_2014__test_from_2015,ElasticNet,signal_increment,0.020000000000000035,0.003
M1_Macro_vs_M2_Macro_Oil__primary__All_Eligible,Oil_Rents_GDP_Pct_lag1,primary,All_Eligible,Future_Period,train_to_2014__test_from_2015,ElasticNet,signal_increment,0.020500000000000036,0.0025
M1_Macro_vs_M2_Macro_Oil__primary__All_Eligible,Oil_Rents_GDP_Pct_lag1,primary,All_Eligible,Future_Period,train_to_2014__test_from_2015,ElasticNet,signal_increment,0.021000000000000036,0.002
M1_Macro_vs_M2_Macro_Oil__primary__All_Eligible,Oil_Rents_GDP_Pct_lag1,primary,All_Eligible,Future_Period,train_to_2014__test_from_2015,ElasticNet,signal_increment,0.021500000000000036,0.0005
M1_Macro_vs_M2_Macro_Oil__primary__All_Eligible,Oil_Rents_GDP_Pct_lag1,primary,All_Eligible,Future_Period,train_to_2014__test_from_2015,ElasticNet,signal_increment,0.022000000000000037,0.0005
M1_Macro_vs_M2_Macro_Oil__primary__All_Eligible,Oil_Rents_GDP_Pct_lag1,primary,All_Eligible,Future_Period,train_to_2014__test_from_2015,ElasticNet,signal_increment,0.022500000000000037,0.0005
M1_Macro_vs_M2_Macro_Oil__primary__All_Eligible,Oil_Rents_GDP_Pct_lag1,primary,All_Eligible,Future_Period,train_to_2014__test_from_2015,ElasticNet,signal_increment,0.023000000000000038,0.0005
M1_Macro_vs_M2_Macro_Oil__primary__All_Eligible,Oil_Rents_GDP_Pct_lag1,primary,All_Eligible,Future_Period,train_to_2014__test_from_2015,ElasticNet,signal_increment,0.023500000000000038,0.0005
M1_Macro_vs_M2_Macro_Oil__primary__All_Eligible,Oil_Rents_GDP_Pct_lag1,primary,All_Eligible,Future_Period,train_to_2014__test_from_2015,ElasticNet,signal_increment,0.02400000000000004,0.0005
M1_Macro_vs_M2_Macro_Oil__primary__All_Eligible,Oil_Rents_GDP_Pct_lag1,primary,All_Eligible,Future_Period,train_to_2014__test_from_2015,ElasticNet,signal_increment,0.02450000000000004,0.0005
M1_Macro_vs_M2_Macro_Oil__primary__All_Eligible,Oil_Rents_GDP_Pct_lag1,primary,All_Eligible,Future_Period,train_to_2014__test_from_2015,ElasticNet,signal_increment,0.02500000000000004,0.0005
M1_Macro_vs_M2_Macro_Oil__primary__All_Eligible,Oil_Rents_GDP_Pct_lag1,primary,All_Eligible,Future_Period,train_to_2014__test_from_2015,ElasticNet,signal_increment,0.02550000000000004,0.0
M1_Macro_vs_M2_Macro_Oil__primary__All_Eligible,Oil_Rents_GDP_Pct_lag1,primary,All_Eligible,Future_Period,train_to_2014__test_from_2015,ElasticNet,signal_increment,0.02600000000000004,0.0
M1_Macro_vs_M2_Macro_Oil__primary__All_Eligible,Oil_Rents_GDP_Pct_lag1,primary,All_Eligible,Future_Period,train_to_2014__test_from_2015,ElasticNet,signal_increment,0.02650000000000004,0.0
M1_Macro_vs_M2_Macro_Oil__primary__All_Eligible,Oil_Rents_GDP_Pct_lag1,primary,All_Eligible,Future_Period,train_to_2014__test_from_2015,ElasticNet,signal_increment,0.02700000000000004,0.0
M1_Macro_vs_M2_Macro_Oil__primary__All_Eligible,Oil_Rents_GDP_Pct_lag1,primary,All_Eligible,Future_Period,train_to_2014__test_from_2015,ElasticNet,signal_increment,0.027500000000000042,0.0
M1_Macro_vs_M2_Macro_Oil__primary__All_Eligible,Oil_Rents_GDP_Pct_lag1,primary,All_Eligible,Future_Period,train_to_2014__test_from_2015,ElasticNet,signal_increment,0.028000000000000042,0.0
M1_Macro_vs_M2_Macro_Oil__primary__All_Eligible,Oil_Rents_GDP_Pct_lag1,primary,All_Eligible,Future_Period,train_to_2014__test_from_2015,ElasticNet,signal_increment,0.028500000000000043,0.0
M1_Macro_vs_M2_Macro_Oil__primary__All_Eligible,Oil_Rents_GDP_Pct_lag1,primary,All_Eligible,Future_Period,train_to_2014__test_from_2015,ElasticNet,signal_increment,0.029000000000000043,0.0
M1_Macro_vs_M2_Macro_Oil__primary__All_Eligible,Oil_Rents_GDP_Pct_lag1,primary,All_Eligible,Future_Period,train_to_2014__test_from_2015,ElasticNet,signal_increment,0.029500000000000044,0.0
M1_Macro_vs_M2_Macro_Oil__primary__All_Eligible,Oil_Rents_GDP_Pct_lag1,primary,All_Eligible,Future_Period,train_to_2014__test_from_2015,ElasticNet,signal_increment,0.030000000000000044,0.0
M1_Macro_vs_M2_Macro_Oil__primary__All_Eligible,Oil_Rents_GDP_Pct_lag1,primary,All_Eligible,Future_Period,train_to_2014__test_from_2015,ElasticNet,added_model_vs_strongest_benchmark,-0.02,1.0
M1_Macro_vs_M2_Macro_Oil__primary__All_Eligible,Oil_Rents_GDP_Pct_lag1,primary,All_Eligible,Future_Period,train_to_2014__test_from_2015,ElasticNet,added_model_vs_strongest_benchmark,-0.0195,1.0
M1_Macro_vs_M2_Macro_Oil__primary__All_Eligible,Oil_Rents_GDP_Pct_lag1,primary,All_Eligible,Future_Period,train_to_2014__test_from_2015,ElasticNet,added_model_vs_strongest_benchmark,-0.019,1.0
M1_Macro_vs_M2_Macro_Oil__primary__All_Eligible,Oil_Rents_GDP_Pct_lag1,primary,All_Eligible,Future_Period,train_to_2014__test_from_2015,ElasticNet,added_model_vs_strongest_benchmark,-0.0185,1.0
M1_Macro_vs_M2_Macro_Oil__primary__All_Eligible,Oil_Rents_GDP_Pct_lag1,primary,All_Eligible,Future_Period,train_to_2014__test_from_2015,ElasticNet,added_model_vs_strongest_benchmark,-0.018,1.0
M1_Macro_vs_M2_Macro_Oil__primary__All_Eligible,Oil_Rents_GDP_Pct_lag1,primary,All_Eligible,Future_Period,train_to_2014__test_from_2015,ElasticNet,added_model_vs_strongest_benchmark,-0.017499999999999998,1.0
M1_Macro_vs_M2_Macro_Oil__primary__All_Eligible,Oil_Rents_GDP_Pct_lag1,primary,All_Eligible,Future_Period,train_to_2014__test_from_2015,ElasticNet,added_model_vs_strongest_benchmark,-0.016999999999999998,1.0
M1_Macro_vs_M2_Macro_Oil__primary__All_Eligible,Oil_Rents_GDP_Pct_lag1,primary,All_Eligible,Future_Period,train_to_2014__test_from_2015,ElasticNet,added_model_vs_strongest_benchmark,-0.016499999999999997,1.0
M1_Macro_vs_M2_Macro_Oil__primary__All_Eligible,Oil_Rents_GDP_Pct_lag1,primary,All_Eligible,Future_Period,train_to_2014__test_from_2015,ElasticNet,added_model_vs_strongest_benchmark,-0.015999999999999997,1.0
M1_Macro_vs_M2_Macro_Oil__primary__All_Eligible,Oil_Rents_GDP_Pct_lag1,primary,All_Eligible,Future_Period,train_to_2014__test_from_2015,ElasticNet,added_model_vs_strongest_benchmark,-0.015499999999999996,1.0
M1_Macro_vs_M2_Macro_Oil__primary__All_Eligible,Oil_Rents_GDP_Pct_lag1,primary,All_Eligible,Future_Period,train_to_2014__test_from_2015,ElasticNet,added_model_vs_strongest_benchmark,-0.014999999999999996,1.0
M1_Macro_vs_M2_Macro_Oil__primary__All_Eligible,Oil_Rents_GDP_Pct_lag1,primary,All_Eligible,Future_Period,train_to_2014__test_from_2015,ElasticNet,added_model_vs_strongest_benchmark,-0.014499999999999996,1.0
M1_Macro_vs_M2_Macro_Oil__primary__All_Eligible,Oil_Rents_GDP_Pct_lag1,primary,All_Eligible,Future_Period,train_to_2014__test_from_2015,ElasticNet,added_model_vs_strongest_benchmark,-0.013999999999999995,1.0
M1_Macro_vs_M2_Macro_Oil__primary__All_Eligible,Oil_Rents_GDP_Pct_lag1,primary,All_Eligible,Future_Period,train_to_2014__test_from_2015,ElasticNet,added_model_vs_strongest_benchmark,-0.013499999999999995,1.0
M1_Macro_vs_M2_Macro_Oil__primary__All_Eligible,Oil_Rents_GDP_Pct_lag1,primary,All_Eligible,Future_Period,train_to_2014__test_from_2015,ElasticNet,added_model_vs_strongest_benchmark,-0.012999999999999994,1.0
M1_Macro_vs_M2_Macro_Oil__primary__All_Eligible,Oil_Rents_GDP_Pct_lag1,primary,All_Eligible,Future_Period,train_to_2014__test_from_2015,ElasticNet,added_model_vs_strongest_benchmark,-0.012499999999999994,1.0
M1_Macro_vs_M2_Macro_Oil__primary__All_Eligible,Oil_Rents_GDP_Pct_lag1,primary,All_Eligible,Future_Period,train_to_2014__test_from_2015,ElasticNet,added_model_vs_strongest_benchmark,-0.011999999999999993,1.0
M1_Macro_vs_M2_Macro_Oil__primary__All_Eligible,Oil_Rents_GDP_Pct_lag1,primary,All_Eligible,Future_Period,train_to_2014__test_from_2015,ElasticNet,added_model_vs_strongest_benchmark,-0.011499999999999993,1.0
M1_Macro_vs_M2_Macro_Oil__primary__All_Eligible,Oil_Rents_GDP_Pct_lag1,primary,All_Eligible,Future_Period,train_to_2014__test_from_2015,ElasticNet,added_model_vs_strongest_benchmark,-0.010999999999999992,1.0
M1_Macro_vs_M2_Macro_Oil__primary__All_Eligible,Oil_Rents_GDP_Pct_lag1,primary,All_Eligible,Future_Period,train_to_2014__test_from_2015,ElasticNet,added_model_vs_strongest_benchmark,-0.010499999999999992,1.0
M1_Macro_vs_M2_Macro_Oil__primary__All_Eligible,Oil_Rents_GDP_Pct_lag1,primary,All_Eligible,Future_Period,train_to_2014__test_from_2015,ElasticNet,added_model_vs_strongest_benchmark,-0.009999999999999992,1.0
M1_Macro_vs_M2_Macro_Oil__primary__All_Eligible,Oil_Rents_GDP_Pct_lag1,primary,All_Eligible,Future_Period,train_to_2014__test_from_2015,ElasticNet,added_model_vs_strongest_benchmark,-0.009499999999999991,1.0
M1_Macro_vs_M2_Macro_Oil__primary__All_Eligible,Oil_Rents_GDP_Pct_lag1,primary,All_Eligible,Future_Period,train_to_2014__test_from_2015,ElasticNet,added_model_vs_strongest_benchmark,-0.00899999999999999,1.0
M1_Macro_vs_M2_Macro_Oil__primary__All_Eligible,Oil_Rents_GDP_Pct_lag1,primary,All_Eligible,Future_Period,train_to_2014__test_from_2015,ElasticNet,added_model_vs_strongest_benchmark,-0.00849999999999999,1.0
M1_Macro_vs_M2_Macro_Oil__primary__All_Eligible,Oil_Rents_GDP_Pct_lag1,primary,All_Eligible,Future_Period,train_to_2014__test_from_2015,ElasticNet,added_model_vs_strongest_benchmark,-0.00799999999999999,1.0
M1_Macro_vs_M2_Macro_Oil__primary__All_Eligible,Oil_Rents_GDP_Pct_lag1,primary,All_Eligible,Future_Period,train_to_2014__test_from_2015,ElasticNet,added_model_vs_strongest_benchmark,-0.007499999999999989,1.0
M1_Macro_vs_M2_Macro_Oil__primary__All_Eligible,Oil_Rents_GDP_Pct_lag1,primary,All_Eligible,Future_Period,train_to_2014__test_from_2015,ElasticNet,added_model_vs_strongest_benchmark,-0.006999999999999989,1.0
M1_Macro_vs_M2_Macro_Oil__primary__All_Eligible,Oil_Rents_GDP_Pct_lag1,primary,All_Eligible,Future_Period,train_to_2014__test_from_2015,ElasticNet,added_model_vs_strongest_benchmark,-0.006499999999999988,1.0
M1_Macro_vs_M2_Macro_Oil__primary__All_Eligible,Oil_Rents_GDP_Pct_lag1,primary,All_Eligible,Future_Period,train_to_2014__test_from_2015,ElasticNet,added_model_vs_strongest_benchmark,-0.005999999999999988,1.0
M1_Macro_vs_M2_Macro_Oil__primary__All_Eligible,Oil_Rents_GDP_Pct_lag1,primary,All_Eligible,Future_Period,train_to_2014__test_from_2015,ElasticNet,added_model_vs_strongest_benchmark,-0.0054999999999999875,1.0
M1_Macro_vs_M2_Macro_Oil__primary__All_Eligible,Oil_Rents_GDP_Pct_lag1,primary,All_Eligible,Future_Period,train_to_2014__test_from_2015,ElasticNet,added_model_vs_strongest_benchmark,-0.004999999999999987,1.0
M1_Macro_vs_M2_Macro_Oil__primary__All_Eligible,Oil_Rents_GDP_Pct_lag1,primary,All_Eligible,Future_Period,train_to_2014__test_from_2015,ElasticNet,added_model_vs_strongest_benchmark,-0.004499999999999987,1.0
M1_Macro_vs_M2_Macro_Oil__primary__All_Eligible,Oil_Rents_GDP_Pct_lag1,primary,All_Eligible,Future_Period,train_to_2014__test_from_2015,ElasticNet,added_model_vs_strongest_benchmark,-0.003999999999999986,1.0
M1_Macro_vs_M2_Macro_Oil__primary__All_Eligible,Oil_Rents_GDP_Pct_lag1,primary,All_Eligible,Future_Period,train_to_2014__test_from_2015,ElasticNet,added_model_vs_strongest_benchmark,-0.0034999999999999858,1.0
M1_Macro_vs_M2_Macro_Oil__primary__All_Eligible,Oil_Rents_GDP_Pct_lag1,primary,All_Eligible,Future_Period,train_to_2014__test_from_2015,ElasticNet,added_model_vs_strongest_benchmark,-0.0029999999999999853,1.0
M1_Macro_vs_M2_Macro_Oil__primary__All_Eligible,Oil_Rents_GDP_Pct_lag1,primary,All_Eligible,Future_Period,train_to_2014__test_from_2015,ElasticNet,added_model_vs_strongest_benchmark,-0.002499999999999985,1.0
M1_Macro_vs_M2_Macro_Oil__primary__All_Eligible,Oil_Rents_GDP_Pct_lag1,primary,All_Eligible,Future_Period,train_to_2014__test_from_2015,ElasticNet,added_model_vs_strongest_benchmark,-0.0019999999999999844,1.0
M1_Macro_vs_M2_Macro_Oil__primary__All_Eligible,Oil_Rents_GDP_Pct_lag1,primary,All_Eligible,Future_Period,train_to_2014__test_from_2015,ElasticNet,added_model_vs_strongest_benchmark,-0.001499999999999984,1.0
M1_Macro_vs_M2_Macro_Oil__primary__All_Eligible,Oil_Rents_GDP_Pct_lag1,primary,All_Eligible,Future_Period,train_to_2014__test_from_2015,ElasticNet,added_model_vs_strongest_benchmark,-0.0009999999999999835,1.0
M1_Macro_vs_M2_Macro_Oil__primary__All_Eligible,Oil_Rents_GDP_Pct_lag1,primary,All_Eligible,Future_Period,train_to_2014__test_from_2015,ElasticNet,added_model_vs_strongest_benchmark,-0.0004999999999999831,1.0
M1_Macro_vs_M2_Macro_Oil__primary__All_Eligible,Oil_Rents_GDP_Pct_lag1,primary,All_Eligible,Future_Period,train_to_2014__test_from_2015,ElasticNet,added_model_vs_strongest_benchmark,1.734723475976807e-17,1.0
M1_Macro_vs_M2_Macro_Oil__primary__All_Eligible,Oil_Rents_GDP_Pct_lag1,primary,All_Eligible,Future_Period,train_to_2014__test_from_2015,ElasticNet,added_model_vs_strongest_benchmark,0.0005000000000000178,1.0
M1_Macro_vs_M2_Macro_Oil__primary__All_Eligible,Oil_Rents_GDP_Pct_lag1,primary,All_Eligible,Future_Period,train_to_2014__test_from_2015,ElasticNet,added_model_vs_strongest_benchmark,0.0010000000000000182,1.0
M1_Macro_vs_M2_Macro_Oil__primary__All_Eligible,Oil_Rents_GDP_Pct_lag1,primary,All_Eligible,Future_Period,train_to_2014__test_from_2015,ElasticNet,added_model_vs_strongest_benchmark,0.0015000000000000187,1.0
M1_Macro_vs_M2_Macro_Oil__primary__All_Eligible,Oil_Rents_GDP_Pct_lag1,primary,All_Eligible,Future_Period,train_to_2014__test_from_2015,ElasticNet,added_model_vs_strongest_benchmark,0.002000000000000019,1.0
M1_Macro_vs_M2_Macro_Oil__primary__All_Eligible,Oil_Rents_GDP_Pct_lag1,primary,All_Eligible,Future_Period,train_to_2014__test_from_2015,ElasticNet,added_model_vs_strongest_benchmark,0.0025000000000000196,1.0
M1_Macro_vs_M2_Macro_Oil__primary__All_Eligible,Oil_Rents_GDP_Pct_lag1,primary,All_Eligible,Future_Period,train_to_2014__test_from_2015,ElasticNet,added_model_vs_strongest_benchmark,0.00300000000000002,1.0
M1_Macro_vs_M2_Macro_Oil__primary__All_Eligible,Oil_Rents_GDP_Pct_lag1,primary,All_Eligible,Future_Period,train_to_2014__test_from_2015,ElasticNet,added_model_vs_strongest_benchmark,0.0035000000000000205,1.0
M1_Macro_vs_M2_Macro_Oil__primary__All_Eligible,Oil_Rents_GDP_Pct_lag1,primary,All_Eligible,Future_Period,train_to_2014__test_from_2015,ElasticNet,added_model_vs_strongest_benchmark,0.004000000000000021,1.0
M1_Macro_vs_M2_Macro_Oil__primary__All_Eligible,Oil_Rents_GDP_Pct_lag1,primary,All_Eligible,Future_Period,train_to_2014__test_from_2015,ElasticNet,added_model_vs_strongest_benchmark,0.004500000000000021,1.0
M1_Macro_vs_M2_Macro_Oil__primary__All_Eligible,Oil_Rents_GDP_Pct_lag1,primary,All_Eligible,Future_Period,train_to_2014__test_from_2015,ElasticNet,added_model_vs_strongest_benchmark,0.005000000000000022,1.0
M1_Macro_vs_M2_Macro_Oil__primary__All_Eligible,Oil_Rents_GDP_Pct_lag1,primary,All_Eligible,Future_Period,train_to_2014__test_from_2015,ElasticNet,added_model_vs_strongest_benchmark,0.005500000000000022,1.0
M1_Macro_vs_M2_Macro_Oil__primary__All_Eligible,Oil_Rents_GDP_Pct_lag1,primary,All_Eligible,Future_Period,train_to_2014__test_from_2015,ElasticNet,added_model_vs_strongest_benchmark,0.006000000000000023,1.0
M1_Macro_vs_M2_Macro_Oil__primary__All_Eligible,Oil_Rents_GDP_Pct_lag1,primary,All_Eligible,Future_Period,train_to_2014__test_from_2015,ElasticNet,added_model_vs_strongest_benchmark,0.006500000000000023,1.0
M1_Macro_vs_M2_Macro_Oil__primary__All_Eligible,Oil_Rents_GDP_Pct_lag1,primary,All_Eligible,Future_Period,train_to_2014__test_from_2015,ElasticNet,added_model_vs_strongest_benchmark,0.0070000000000000236,1.0
M1_Macro_vs_M2_Macro_Oil__primary__All_Eligible,Oil_Rents_GDP_Pct_lag1,primary,All_Eligible,Future_Period,train_to_2014__test_from_2015,ElasticNet,added_model_vs_strongest_benchmark,0.007500000000000024,1.0
M1_Macro_vs_M2_Macro_Oil__primary__All_Eligible,Oil_Rents_GDP_Pct_lag1,primary,All_Eligible,Future_Period,train_to_2014__test_from_2015,ElasticNet,added_model_vs_strongest_benchmark,0.008000000000000024,1.0
M1_Macro_vs_M2_Macro_Oil__primary__All_Eligible,Oil_Rents_GDP_Pct_lag1,primary,All_Eligible,Future_Period,train_to_2014__test_from_2015,ElasticNet,added_model_vs_strongest_benchmark,0.008500000000000025,1.0
M1_Macro_vs_M2_Macro_Oil__primary__All_Eligible,Oil_Rents_GDP_Pct_lag1,primary,All_Eligible,Future_Period,train_to_2014__test_from_2015,ElasticNet,added_model_vs_strongest_benchmark,0.009000000000000025,1.0
M1_Macro_vs_M2_Macro_Oil__primary__All_Eligible,Oil_Rents_GDP_Pct_lag1,primary,All_Eligible,Future_Period,train_to_2014__test_from_2015,ElasticNet,added_model_vs_strongest_benchmark,0.009500000000000026,1.0
M1_Macro_vs_M2_Macro_Oil__primary__All_Eligible,Oil_Rents_GDP_Pct_lag1,primary,All_Eligible,Future_Period,train_to_2014__test_from_2015,ElasticNet,added_model_vs_strongest_benchmark,0.010000000000000026,1.0
M1_Macro_vs_M2_Macro_Oil__primary__All_Eligible,Oil_Rents_GDP_Pct_lag1,primary,All_Eligible,Future_Period,train_to_2014__test_from_2015,ElasticNet,added_model_vs_strongest_benchmark,0.010500000000000027,1.0
M1_Macro_vs_M2_Macro_Oil__primary__All_Eligible,Oil_Rents_GDP_Pct_lag1,primary,All_Eligible,Future_Period,train_to_2014__test_from_2015,ElasticNet,added_model_vs_strongest_benchmark,0.011000000000000027,1.0
M1_Macro_vs_M2_Macro_Oil__primary__All_Eligible,Oil_Rents_GDP_Pct_lag1,primary,All_Eligible,Future_Period,train_to_2014__test_from_2015,ElasticNet,added_model_vs_strongest_benchmark,0.011500000000000028,1.0
M1_Macro_vs_M2_Macro_Oil__primary__All_Eligible,Oil_Rents_GDP_Pct_lag1,primary,All_Eligible,Future_Period,train_to_2014__test_from_2015,ElasticNet,added_model_vs_strongest_benchmark,0.012000000000000028,1.0
M1_Macro_vs_M2_Macro_Oil__primary__All_Eligible,Oil_Rents_GDP_Pct_lag1,primary,All_Eligible,Future_Period,train_to_2014__test_from_2015,ElasticNet,added_model_vs_strongest_benchmark,0.012500000000000028,1.0
M1_Macro_vs_M2_Macro_Oil__primary__All_Eligible,Oil_Rents_GDP_Pct_lag1,primary,All_Eligible,Future_Period,train_to_2014__test_from_2015,ElasticNet,added_model_vs_strongest_benchmark,0.013000000000000029,1.0
M1_Macro_vs_M2_Macro_Oil__primary__All_Eligible,Oil_Rents_GDP_Pct_lag1,primary,All_Eligible,Future_Period,train_to_2014__test_from_2015,ElasticNet,added_model_vs_strongest_benchmark,0.01350000000000003,1.0
M1_Macro_vs_M2_Macro_Oil__primary__All_Eligible,Oil_Rents_GDP_Pct_lag1,primary,All_Eligible,Future_Period,train_to_2014__test_from_2015,ElasticNet,added_model_vs_strongest_benchmark,0.01400000000000003,1.0
M1_Macro_vs_M2_Macro_Oil__primary__All_Eligible,Oil_Rents_GDP_Pct_lag1,primary,All_Eligible,Future_Period,train_to_2014__test_from_2015,ElasticNet,added_model_vs_strongest_benchmark,0.01450000000000003,1.0
M1_Macro_vs_M2_Macro_Oil__primary__All_Eligible,Oil_Rents_GDP_Pct_lag1,primary,All_Eligible,Future_Period,train_to_2014__test_from_2015,ElasticNet,added_model_vs_strongest_benchmark,0.01500000000000003,1.0
M1_Macro_vs_M2_Macro_Oil__primary__All_Eligible,Oil_Rents_GDP_Pct_lag1,primary,All_Eligible,Future_Period,train_to_2014__test_from_2015,ElasticNet,added_model_vs_strongest_benchmark,0.015500000000000031,1.0
M1_Macro_vs_M2_Macro_Oil__primary__All_Eligible,Oil_Rents_GDP_Pct_lag1,primary,All_Eligible,Future_Period,train_to_2014__test_from_2015,ElasticNet,added_model_vs_strongest_benchmark,0.01600000000000003,1.0
M1_Macro_vs_M2_Macro_Oil__primary__All_Eligible,Oil_Rents_GDP_Pct_lag1,primary,All_Eligible,Future_Period,train_to_2014__test_from_2015,ElasticNet,added_model_vs_strongest_benchmark,0.016500000000000032,1.0
M1_Macro_vs_M2_Macro_Oil__primary__All_Eligible,Oil_Rents_GDP_Pct_lag1,primary,All_Eligible,Future_Period,train_to_2014__test_from_2015,ElasticNet,added_model_vs_strongest_benchmark,0.017000000000000032,1.0
M1_Macro_vs_M2_Macro_Oil__primary__All_Eligible,Oil_Rents_GDP_Pct_lag1,primary,All_Eligible,Future_Period,train_to_2014__test_from_2015,ElasticNet,added_model_vs_strongest_benchmark,0.017500000000000033,1.0
M1_Macro_vs_M2_Macro_Oil__primary__All_Eligible,Oil_Rents_GDP_Pct_lag1,primary,All_Eligible,Future_Period,train_to_2014__test_from_2015,ElasticNet,added_model_vs_strongest_benchmark,0.018000000000000033,1.0
M1_Macro_vs_M2_Macro_Oil__primary__All_Eligible,Oil_Rents_GDP_Pct_lag1,primary,All_Eligible,Future_Period,train_to_2014__test_from_2015,ElasticNet,added_model_vs_strongest_benchmark,0.018500000000000034,1.0
M1_Macro_vs_M2_Macro_Oil__primary__All_Eligible,Oil_Rents_GDP_Pct_lag1,primary,All_Eligible,Future_Period,train_to_2014__test_from_2015,ElasticNet,added_model_vs_strongest_benchmark,0.019000000000000034,1.0
M1_Macro_vs_M2_Macro_Oil__primary__All_Eligible,Oil_Rents_GDP_Pct_lag1,primary,All_Eligible,Future_Period,train_to_2014__test_from_2015,ElasticNet,added_model_vs_strongest_benchmark,0.019500000000000035,1.0
M1_Macro_vs_M2_Macro_Oil__primary__All_Eligible,Oil_Rents_GDP_Pct_lag1,primary,All_Eligible,Future_Period,train_to_2014__test_from_2015,ElasticNet,added_model_vs_strongest_benchmark,0.020000000000000035,1.0
M1_Macro_vs_M2_Macro_Oil__primary__All_Eligible,Oil_Rents_GDP_Pct_lag1,primary,All_Eligible,Future_Period,train_to_2014__test_from_2015,ElasticNet,added_model_vs_strongest_benchmark,0.020500000000000036,1.0
M1_Macro_vs_M2_Macro_Oil__primary__All_Eligible,Oil_Rents_GDP_Pct_lag1,primary,All_Eligible,Future_Period,train_to_2014__test_from_2015,ElasticNet,added_model_vs_strongest_benchmark,0.021000000000000036,1.0
M1_Macro_vs_M2_Macro_Oil__primary__All_Eligible,Oil_Rents_GDP_Pct_lag1,primary,All_Eligible,Future_Period,train_to_2014__test_from_2015,ElasticNet,added_model_vs_strongest_benchmark,0.021500000000000036,1.0
M1_Macro_vs_M2_Macro_Oil__primary__All_Eligible,Oil_Rents_GDP_Pct_lag1,primary,All_Eligible,Future_Period,train_to_2014__test_from_2015,ElasticNet,added_model_vs_strongest_benchmark,0.022000000000000037,1.0
M1_Macro_vs_M2_Macro_Oil__primary__All_Eligible,Oil_Rents_GDP_Pct_lag1,primary,All_Eligible,Future_Period,train_to_2014__test_from_2015,ElasticNet,added_model_vs_strongest_benchmark,0.022500000000000037,1.0
M1_Macro_vs_M2_Macro_Oil__primary__All_Eligible,Oil_Rents_GDP_Pct_lag1,primary,All_Eligible,Future_Period,train_to_2014__test_from_2015,ElasticNet,added_model_vs_strongest_benchmark,0.023000000000000038,1.0
M1_Macro_vs_M2_Macro_Oil__primary__All_Eligible,Oil_Rents_GDP_Pct_lag1,primary,All_Eligible,Future_Period,train_to_2014__test_from_2015,ElasticNet,added_model_vs_strongest_benchmark,0.023500000000000038,1.0
M1_Macro_vs_M2_Macro_Oil__primary__All_Eligible,Oil_Rents_GDP_Pct_lag1,primary,All_Eligible,Future_Period,train_to_2014__test_from_2015,ElasticNet,added_model_vs_strongest_benchmark,0.02400000000000004,1.0
M1_Macro_vs_M2_Macro_Oil__primary__All_Eligible,Oil_Rents_GDP_Pct_lag1,primary,All_Eligible,Future_Period,train_to_2014__test_from_2015,ElasticNet,added_model_vs_strongest_benchmark,0.02450000000000004,1.0
M1_Macro_vs_M2_Macro_Oil__primary__All_Eligible,Oil_Rents_GDP_Pct_lag1,primary,All_Eligible,Future_Period,train_to_2014__test_from_2015,ElasticNet,added_model_vs_strongest_benchmark,0.02500000000000004,1.0
M1_Macro_vs_M2_Macro_Oil__primary__All_Eligible,Oil_Rents_GDP_Pct_lag1,primary,All_Eligible,Future_Period,train_to_2014__test_from_2015,ElasticNet,added_model_vs_strongest_benchmark,0.02550000000000004,1.0
M1_Macro_vs_M2_Macro_Oil__primary__All_Eligible,Oil_Rents_GDP_Pct_lag1,primary,All_Eligible,Future_Period,train_to_2014__test_from_2015,ElasticNet,added_model_vs_strongest_benchmark,0.02600000000000004,1.0
M1_Macro_vs_M2_Macro_Oil__primary__All_Eligible,Oil_Rents_GDP_Pct_lag1,primary,All_Eligible,Future_Period,train_to_2014__test_from_2015,ElasticNet,added_model_vs_strongest_benchmark,0.02650000000000004,1.0
M1_Macro_vs_M2_Macro_Oil__primary__All_Eligible,Oil_Rents_GDP_Pct_lag1,primary,All_Eligible,Future_Period,train_to_2014__test_from_2015,ElasticNet,added_model_vs_strongest_benchmark,0.02700000000000004,1.0
M1_Macro_vs_M2_Macro_Oil__primary__All_Eligible,Oil_Rents_GDP_Pct_lag1,primary,All_Eligible,Future_Period,train_to_2014__test_from_2015,ElasticNet,added_model_vs_strongest_benchmark,0.027500000000000042,1.0
M1_Macro_vs_M2_Macro_Oil__primary__All_Eligible,Oil_Rents_GDP_Pct_lag1,primary,All_Eligible,Future_Period,train_to_2014__test_from_2015,ElasticNet,added_model_vs_strongest_benchmark,0.028000000000000042,1.0
M1_Macro_vs_M2_Macro_Oil__primary__All_Eligible,Oil_Rents_GDP_Pct_lag1,primary,All_Eligible,Future_Period,train_to_2014__test_from_2015,ElasticNet,added_model_vs_strongest_benchmark,0.028500000000000043,1.0
M1_Macro_vs_M2_Macro_Oil__primary__All_Eligible,Oil_Rents_GDP_Pct_lag1,primary,All_Eligible,Future_Period,train_to_2014__test_from_2015,ElasticNet,added_model_vs_strongest_benchmark,0.029000000000000043,1.0
M1_Macro_vs_M2_Macro_Oil__primary__All_Eligible,Oil_Rents_GDP_Pct_lag1,primary,All_Eligible,Future_Period,train_to_2014__test_from_2015,ElasticNet,added_model_vs_strongest_benchmark,0.029500000000000044,1.0
M1_Macro_vs_M2_Macro_Oil__primary__All_Eligible,Oil_Rents_GDP_Pct_lag1,primary,All_Eligible,Future_Period,train_to_2014__test_from_2015,ElasticNet,added_model_vs_strongest_benchmark,0.030000000000000044,1.0
M1_Macro_vs_M2_Macro_Oil__primary__All_Eligible,Oil_Rents_GDP_Pct_lag1,primary,All_Eligible,Future_Period,train_to_2014__test_from_2015,RandomForest,signal_increment,-0.02,1.0
M1_Macro_vs_M2_Macro_Oil__primary__All_Eligible,Oil_Rents_GDP_Pct_lag1,primary,All_Eligible,Future_Period,train_to_2014__test_from_2015,RandomForest,signal_increment,-0.0195,0.9995
M1_Macro_vs_M2_Macro_Oil__primary__All_Eligible,Oil_Rents_GDP_Pct_lag1,primary,All_Eligible,Future_Period,train_to_2014__test_from_2015,RandomForest,signal_increment,-0.019,0.9995
M1_Macro_vs_M2_Macro_Oil__primary__All_Eligible,Oil_Rents_GDP_Pct_lag1,primary,All_Eligible,Future_Period,train_to_2014__test_from_2015,RandomForest,signal_increment,-0.0185,0.9995
M1_Macro_vs_M2_Macro_Oil__primary__All_Eligible,Oil_Rents_GDP_Pct_lag1,primary,All_Eligible,Future_Period,train_to_2014__test_from_2015,RandomForest,signal_increment,-0.018,0.9995
M1_Macro_vs_M2_Macro_Oil__primary__All_Eligible,Oil_Rents_GDP_Pct_lag1,primary,All_Eligible,Future_Period,train_to_2014__test_from_2015,RandomForest,signal_increment,-0.017499999999999998,0.9995
M1_Macro_vs_M2_Macro_Oil__primary__All_Eligible,Oil_Rents_GDP_Pct_lag1,primary,All_Eligible,Future_Period,train_to_2014__test_from_2015,RandomForest,signal_increment,-0.016999999999999998,0.9995
M1_Macro_vs_M2_Macro_Oil__primary__All_Eligible,Oil_Rents_GDP_Pct_lag1,primary,All_Eligible,Future_Period,train_to_2014__test_from_2015,RandomForest,signal_increment,-0.016499999999999997,0.999
M1_Macro_vs_M2_Macro_Oil__primary__All_Eligible,Oil_Rents_GDP_Pct_lag1,primary,All_Eligible,Future_Period,train_to_2014__test_from_2015,RandomForest,signal_increment,-0.015999999999999997,0.9985
M1_Macro_vs_M2_Macro_Oil__primary__All_Eligible,Oil_Rents_GDP_Pct_lag1,primary,All_Eligible,Future_Period,train_to_2014__test_from_2015,RandomForest,signal_increment,-0.015499999999999996,0.998
M1_Macro_vs_M2_Macro_Oil__primary__All_Eligible,Oil_Rents_GDP_Pct_lag1,primary,All_Eligible,Future_Period,train_to_2014__test_from_2015,RandomForest,signal_increment,-0.014999999999999996,0.998
M1_Macro_vs_M2_Macro_Oil__primary__All_Eligible,Oil_Rents_GDP_Pct_lag1,primary,All_Eligible,Future_Period,train_to_2014__test_from_2015,RandomForest,signal_increment,-0.014499999999999996,0.998
M1_Macro_vs_M2_Macro_Oil__primary__All_Eligible,Oil_Rents_GDP_Pct_lag1,primary,All_Eligible,Future_Period,train_to_2014__test_from_2015,RandomForest,signal_increment,-0.013999999999999995,0.998
M1_Macro_vs_M2_Macro_Oil__primary__All_Eligible,Oil_Rents_GDP_Pct_lag1,primary,All_Eligible,Future_Period,train_to_2014__test_from_2015,RandomForest,signal_increment,-0.013499999999999995,0.9975
M1_Macro_vs_M2_Macro_Oil__primary__All_Eligible,Oil_Rents_GDP_Pct_lag1,primary,All_Eligible,Future_Period,train_to_2014__test_from_2015,RandomForest,signal_increment,-0.012999999999999994,0.9975
M1_Macro_vs_M2_Macro_Oil__primary__All_Eligible,Oil_Rents_GDP_Pct_lag1,primary,All_Eligible,Future_Period,train_to_2014__test_from_2015,RandomForest,signal_increment,-0.012499999999999994,0.9975
M1_Macro_vs_M2_Macro_Oil__primary__All_Eligible,Oil_Rents_GDP_Pct_lag1,primary,All_Eligible,Future_Period,train_to_2014__test_from_2015,RandomForest,signal_increment,-0.011999999999999993,0.997
M1_Macro_vs_M2_Macro_Oil__primary__All_Eligible,Oil_Rents_GDP_Pct_lag1,primary,All_Eligible,Future_Period,train_to_2014__test_from_2015,RandomForest,signal_increment,-0.011499999999999993,0.997
M1_Macro_vs_M2_Macro_Oil__primary__All_Eligible,Oil_Rents_GDP_Pct_lag1,primary,All_Eligible,Future_Period,train_to_2014__test_from_2015,RandomForest,signal_increment,-0.010999999999999992,0.9965
M1_Macro_vs_M2_Macro_Oil__primary__All_Eligible,Oil_Rents_GDP_Pct_lag1,primary,All_Eligible,Future_Period,train_to_2014__test_from_2015,RandomForest,signal_increment,-0.010499999999999992,0.995
M1_Macro_vs_M2_Macro_Oil__primary__All_Eligible,Oil_Rents_GDP_Pct_lag1,primary,All_Eligible,Future_Period,train_to_2014__test_from_2015,RandomForest,signal_increment,-0.009999999999999992,0.995
M1_Macro_vs_M2_Macro_Oil__primary__All_Eligible,Oil_Rents_GDP_Pct_lag1,primary,All_Eligible,Future_Period,train_to_2014__test_from_2015,RandomForest,signal_increment,-0.009499999999999991,0.9945
M1_Macro_vs_M2_Macro_Oil__primary__All_Eligible,Oil_Rents_GDP_Pct_lag1,primary,All_Eligible,Future_Period,train_to_2014__test_from_2015,RandomForest,signal_increment,-0.00899999999999999,0.9945
M1_Macro_vs_M2_Macro_Oil__primary__All_Eligible,Oil_Rents_GDP_Pct_lag1,primary,All_Eligible,Future_Period,train_to_2014__test_from_2015,RandomForest,signal_increment,-0.00849999999999999,0.9945
M1_Macro_vs_M2_Macro_Oil__primary__All_Eligible,Oil_Rents_GDP_Pct_lag1,primary,All_Eligible,Future_Period,train_to_2014__test_from_2015,RandomForest,signal_increment,-0.00799999999999999,0.9935
M1_Macro_vs_M2_Macro_Oil__primary__All_Eligible,Oil_Rents_GDP_Pct_lag1,primary,All_Eligible,Future_Period,train_to_2014__test_from_2015,RandomForest,signal_increment,-0.007499999999999989,0.993
M1_Macro_vs_M2_Macro_Oil__primary__All_Eligible,Oil_Rents_GDP_Pct_lag1,primary,All_Eligible,Future_Period,train_to_2014__test_from_2015,RandomForest,signal_increment,-0.006999999999999989,0.9925
M1_Macro_vs_M2_Macro_Oil__primary__All_Eligible,Oil_Rents_GDP_Pct_lag1,primary,All_Eligible,Future_Period,train_to_2014__test_from_2015,RandomForest,signal_increment,-0.006499999999999988,0.99
M1_Macro_vs_M2_Macro_Oil__primary__All_Eligible,Oil_Rents_GDP_Pct_lag1,primary,All_Eligible,Future_Period,train_to_2014__test_from_2015,RandomForest,signal_increment,-0.005999999999999988,0.9875
M1_Macro_vs_M2_Macro_Oil__primary__All_Eligible,Oil_Rents_GDP_Pct_lag1,primary,All_Eligible,Future_Period,train_to_2014__test_from_2015,RandomForest,signal_increment,-0.0054999999999999875,0.9855
M1_Macro_vs_M2_Macro_Oil__primary__All_Eligible,Oil_Rents_GDP_Pct_lag1,primary,All_Eligible,Future_Period,train_to_2014__test_from_2015,RandomForest,signal_increment,-0.004999999999999987,0.981
M1_Macro_vs_M2_Macro_Oil__primary__All_Eligible,Oil_Rents_GDP_Pct_lag1,primary,All_Eligible,Future_Period,train_to_2014__test_from_2015,RandomForest,signal_increment,-0.004499999999999987,0.9795
M1_Macro_vs_M2_Macro_Oil__primary__All_Eligible,Oil_Rents_GDP_Pct_lag1,primary,All_Eligible,Future_Period,train_to_2014__test_from_2015,RandomForest,signal_increment,-0.003999999999999986,0.977
M1_Macro_vs_M2_Macro_Oil__primary__All_Eligible,Oil_Rents_GDP_Pct_lag1,primary,All_Eligible,Future_Period,train_to_2014__test_from_2015,RandomForest,signal_increment,-0.0034999999999999858,0.9725
M1_Macro_vs_M2_Macro_Oil__primary__All_Eligible,Oil_Rents_GDP_Pct_lag1,primary,All_Eligible,Future_Period,train_to_2014__test_from_2015,RandomForest,signal_increment,-0.0029999999999999853,0.9675
M1_Macro_vs_M2_Macro_Oil__primary__All_Eligible,Oil_Rents_GDP_Pct_lag1,primary,All_Eligible,Future_Period,train_to_2014__test_from_2015,RandomForest,signal_increment,-0.002499999999999985,0.962
M1_Macro_vs_M2_Macro_Oil__primary__All_Eligible,Oil_Rents_GDP_Pct_lag1,primary,All_Eligible,Future_Period,train_to_2014__test_from_2015,RandomForest,signal_increment,-0.0019999999999999844,0.955
M1_Macro_vs_M2_Macro_Oil__primary__All_Eligible,Oil_Rents_GDP_Pct_lag1,primary,All_Eligible,Future_Period,train_to_2014__test_from_2015,RandomForest,signal_increment,-0.001499999999999984,0.95
M1_Macro_vs_M2_Macro_Oil__primary__All_Eligible,Oil_Rents_GDP_Pct_lag1,primary,All_Eligible,Future_Period,train_to_2014__test_from_2015,RandomForest,signal_increment,-0.0009999999999999835,0.944
M1_Macro_vs_M2_Macro_Oil__primary__All_Eligible,Oil_Rents_GDP_Pct_lag1,primary,All_Eligible,Future_Period,train_to_2014__test_from_2015,RandomForest,signal_increment,-0.0004999999999999831,0.939
M1_Macro_vs_M2_Macro_Oil__primary__All_Eligible,Oil_Rents_GDP_Pct_lag1,primary,All_Eligible,Future_Period,train_to_2014__test_from_2015,RandomForest,signal_increment,1.734723475976807e-17,0.9345
M1_Macro_vs_M2_Macro_Oil__primary__All_Eligible,Oil_Rents_GDP_Pct_lag1,primary,All_Eligible,Future_Period,train_to_2014__test_from_2015,RandomForest,signal_increment,0.0005000000000000178,0.9255
M1_Macro_vs_M2_Macro_Oil__primary__All_Eligible,Oil_Rents_GDP_Pct_lag1,primary,All_Eligible,Future_Period,train_to_2014__test_from_2015,RandomForest,signal_increment,0.0010000000000000182,0.918
M1_Macro_vs_M2_Macro_Oil__primary__All_Eligible,Oil_Rents_GDP_Pct_lag1,primary,All_Eligible,Future_Period,train_to_2014__test_from_2015,RandomForest,signal_increment,0.0015000000000000187,0.9095
M1_Macro_vs_M2_Macro_Oil__primary__All_Eligible,Oil_Rents_GDP_Pct_lag1,primary,All_Eligible,Future_Period,train_to_2014__test_from_2015,RandomForest,signal_increment,0.002000000000000019,0.898
M1_Macro_vs_M2_Macro_Oil__primary__All_Eligible,Oil_Rents_GDP_Pct_lag1,primary,All_Eligible,Future_Period,train_to_2014__test_from_2015,RandomForest,signal_increment,0.0025000000000000196,0.8895
M1_Macro_vs_M2_Macro_Oil__primary__All_Eligible,Oil_Rents_GDP_Pct_lag1,primary,All_Eligible,Future_Period,train_to_2014__test_from_2015,RandomForest,signal_increment,0.00300000000000002,0.8795
M1_Macro_vs_M2_Macro_Oil__primary__All_Eligible,Oil_Rents_GDP_Pct_lag1,primary,All_Eligible,Future_Period,train_to_2014__test_from_2015,RandomForest,signal_increment,0.0035000000000000205,0.87
M1_Macro_vs_M2_Macro_Oil__primary__All_Eligible,Oil_Rents_GDP_Pct_lag1,primary,All_Eligible,Future_Period,train_to_2014__test_from_2015,RandomForest,signal_increment,0.004000000000000021,0.86
M1_Macro_vs_M2_Macro_Oil__primary__All_Eligible,Oil_Rents_GDP_Pct_lag1,primary,All_Eligible,Future_Period,train_to_2014__test_from_2015,RandomForest,signal_increment,0.004500000000000021,0.8455
M1_Macro_vs_M2_Macro_Oil__primary__All_Eligible,Oil_Rents_GDP_Pct_lag1,primary,All_Eligible,Future_Period,train_to_2014__test_from_2015,RandomForest,signal_increment,0.005000000000000022,0.836
M1_Macro_vs_M2_Macro_Oil__primary__All_Eligible,Oil_Rents_GDP_Pct_lag1,primary,All_Eligible,Future_Period,train_to_2014__test_from_2015,RandomForest,signal_increment,0.005500000000000022,0.824
M1_Macro_vs_M2_Macro_Oil__primary__All_Eligible,Oil_Rents_GDP_Pct_lag1,primary,All_Eligible,Future_Period,train_to_2014__test_from_2015,RandomForest,signal_increment,0.006000000000000023,0.815
M1_Macro_vs_M2_Macro_Oil__primary__All_Eligible,Oil_Rents_GDP_Pct_lag1,primary,All_Eligible,Future_Period,train_to_2014__test_from_2015,RandomForest,signal_increment,0.006500000000000023,0.7995
M1_Macro_vs_M2_Macro_Oil__primary__All_Eligible,Oil_Rents_GDP_Pct_lag1,primary,All_Eligible,Future_Period,train_to_2014__test_from_2015,RandomForest,signal_increment,0.0070000000000000236,0.791
M1_Macro_vs_M2_Macro_Oil__primary__All_Eligible,Oil_Rents_GDP_Pct_lag1,primary,All_Eligible,Future_Period,train_to_2014__test_from_2015,RandomForest,signal_increment,0.007500000000000024,0.778
M1_Macro_vs_M2_Macro_Oil__primary__All_Eligible,Oil_Rents_GDP_Pct_lag1,primary,All_Eligible,Future_Period,train_to_2014__test_from_2015,RandomForest,signal_increment,0.008000000000000024,0.763
M1_Macro_vs_M2_Macro_Oil__primary__All_Eligible,Oil_Rents_GDP_Pct_lag1,primary,All_Eligible,Future_Period,train_to_2014__test_from_2015,RandomForest,signal_increment,0.008500000000000025,0.7485
M1_Macro_vs_M2_Macro_Oil__primary__All_Eligible,Oil_Rents_GDP_Pct_lag1,primary,All_Eligible,Future_Period,train_to_2014__test_from_2015,RandomForest,signal_increment,0.009000000000000025,0.7345
M1_Macro_vs_M2_Macro_Oil__primary__All_Eligible,Oil_Rents_GDP_Pct_lag1,primary,All_Eligible,Future_Period,train_to_2014__test_from_2015,RandomForest,signal_increment,0.009500000000000026,0.7165
M1_Macro_vs_M2_Macro_Oil__primary__All_Eligible,Oil_Rents_GDP_Pct_lag1,primary,All_Eligible,Future_Period,train_to_2014__test_from_2015,RandomForest,signal_increment,0.010000000000000026,0.698
M1_Macro_vs_M2_Macro_Oil__primary__All_Eligible,Oil_Rents_GDP_Pct_lag1,primary,All_Eligible,Future_Period,train_to_2014__test_from_2015,RandomForest,signal_increment,0.010500000000000027,0.6835
M1_Macro_vs_M2_Macro_Oil__primary__All_Eligible,Oil_Rents_GDP_Pct_lag1,primary,All_Eligible,Future_Period,train_to_2014__test_from_2015,RandomForest,signal_increment,0.011000000000000027,0.6685
M1_Macro_vs_M2_Macro_Oil__primary__All_Eligible,Oil_Rents_GDP_Pct_lag1,primary,All_Eligible,Future_Period,train_to_2014__test_from_2015,RandomForest,signal_increment,0.011500000000000028,0.6465
M1_Macro_vs_M2_Macro_Oil__primary__All_Eligible,Oil_Rents_GDP_Pct_lag1,primary,All_Eligible,Future_Period,train_to_2014__test_from_2015,RandomForest,signal_increment,0.012000000000000028,0.63
M1_Macro_vs_M2_Macro_Oil__primary__All_Eligible,Oil_Rents_GDP_Pct_lag1,primary,All_Eligible,Future_Period,train_to_2014__test_from_2015,RandomForest,signal_increment,0.012500000000000028,0.6145
M1_Macro_vs_M2_Macro_Oil__primary__All_Eligible,Oil_Rents_GDP_Pct_lag1,primary,All_Eligible,Future_Period,train_to_2014__test_from_2015,RandomForest,signal_increment,0.013000000000000029,0.598
M1_Macro_vs_M2_Macro_Oil__primary__All_Eligible,Oil_Rents_GDP_Pct_lag1,primary,All_Eligible,Future_Period,train_to_2014__test_from_2015,RandomForest,signal_increment,0.01350000000000003,0.5805
M1_Macro_vs_M2_Macro_Oil__primary__All_Eligible,Oil_Rents_GDP_Pct_lag1,primary,All_Eligible,Future_Period,train_to_2014__test_from_2015,RandomForest,signal_increment,0.01400000000000003,0.566
M1_Macro_vs_M2_Macro_Oil__primary__All_Eligible,Oil_Rents_GDP_Pct_lag1,primary,All_Eligible,Future_Period,train_to_2014__test_from_2015,RandomForest,signal_increment,0.01450000000000003,0.547
M1_Macro_vs_M2_Macro_Oil__primary__All_Eligible,Oil_Rents_GDP_Pct_lag1,primary,All_Eligible,Future_Period,train_to_2014__test_from_2015,RandomForest,signal_increment,0.01500000000000003,0.527
M1_Macro_vs_M2_Macro_Oil__primary__All_Eligible,Oil_Rents_GDP_Pct_lag1,primary,All_Eligible,Future_Period,train_to_2014__test_from_2015,RandomForest,signal_increment,0.015500000000000031,0.5065
M1_Macro_vs_M2_Macro_Oil__primary__All_Eligible,Oil_Rents_GDP_Pct_lag1,primary,All_Eligible,Future_Period,train_to_2014__test_from_2015,RandomForest,signal_increment,0.01600000000000003,0.493
M1_Macro_vs_M2_Macro_Oil__primary__All_Eligible,Oil_Rents_GDP_Pct_lag1,primary,All_Eligible,Future_Period,train_to_2014__test_from_2015,RandomForest,signal_increment,0.016500000000000032,0.4825
M1_Macro_vs_M2_Macro_Oil__primary__All_Eligible,Oil_Rents_GDP_Pct_lag1,primary,All_Eligible,Future_Period,train_to_2014__test_from_2015,RandomForest,signal_increment,0.017000000000000032,0.4645
M1_Macro_vs_M2_Macro_Oil__primary__All_Eligible,Oil_Rents_GDP_Pct_lag1,primary,All_Eligible,Future_Period,train_to_2014__test_from_2015,RandomForest,signal_increment,0.017500000000000033,0.449
M1_Macro_vs_M2_Macro_Oil__primary__All_Eligible,Oil_Rents_GDP_Pct_lag1,primary,All_Eligible,Future_Period,train_to_2014__test_from_2015,RandomForest,signal_increment,0.018000000000000033,0.43
M1_Macro_vs_M2_Macro_Oil__primary__All_Eligible,Oil_Rents_GDP_Pct_lag1,primary,All_Eligible,Future_Period,train_to_2014__test_from_2015,RandomForest,signal_increment,0.018500000000000034,0.414
M1_Macro_vs_M2_Macro_Oil__primary__All_Eligible,Oil_Rents_GDP_Pct_lag1,primary,All_Eligible,Future_Period,train_to_2014__test_from_2015,RandomForest,signal_increment,0.019000000000000034,0.394
M1_Macro_vs_M2_Macro_Oil__primary__All_Eligible,Oil_Rents_GDP_Pct_lag1,primary,All_Eligible,Future_Period,train_to_2014__test_from_2015,RandomForest,signal_increment,0.019500000000000035,0.3735
M1_Macro_vs_M2_Macro_Oil__primary__All_Eligible,Oil_Rents_GDP_Pct_lag1,primary,All_Eligible,Future_Period,train_to_2014__test_from_2015,RandomForest,signal_increment,0.020000000000000035,0.3545
M1_Macro_vs_M2_Macro_Oil__primary__All_Eligible,Oil_Rents_GDP_Pct_lag1,primary,All_Eligible,Future_Period,train_to_2014__test_from_2015,RandomForest,signal_increment,0.020500000000000036,0.338
M1_Macro_vs_M2_Macro_Oil__primary__All_Eligible,Oil_Rents_GDP_Pct_lag1,primary,All_Eligible,Future_Period,train_to_2014__test_from_2015,RandomForest,signal_increment,0.021000000000000036,0.322
M1_Macro_vs_M2_Macro_Oil__primary__All_Eligible,Oil_Rents_GDP_Pct_lag1,primary,All_Eligible,Future_Period,train_to_2014__test_from_2015,RandomForest,signal_increment,0.021500000000000036,0.3075
M1_Macro_vs_M2_Macro_Oil__primary__All_Eligible,Oil_Rents_GDP_Pct_lag1,primary,All_Eligible,Future_Period,train_to_2014__test_from_2015,RandomForest,signal_increment,0.022000000000000037,0.292
M1_Macro_vs_M2_Macro_Oil__primary__All_Eligible,Oil_Rents_GDP_Pct_lag1,primary,All_Eligible,Future_Period,train_to_2014__test_from_2015,RandomForest,signal_increment,0.022500000000000037,0.276
M1_Macro_vs_M2_Macro_Oil__primary__All_Eligible,Oil_Rents_GDP_Pct_lag1,primary,All_Eligible,Future_Period,train_to_2014__test_from_2015,RandomForest,signal_increment,0.023000000000000038,0.255
M1_Macro_vs_M2_Macro_Oil__primary__All_Eligible,Oil_Rents_GDP_Pct_lag1,primary,All_Eligible,Future_Period,train_to_2014__test_from_2015,RandomForest,signal_increment,0.023500000000000038,0.242
M1_Macro_vs_M2_Macro_Oil__primary__All_Eligible,Oil_Rents_GDP_Pct_lag1,primary,All_Eligible,Future_Period,train_to_2014__test_from_2015,RandomForest,signal_increment,0.02400000000000004,0.2265
M1_Macro_vs_M2_Macro_Oil__primary__All_Eligible,Oil_Rents_GDP_Pct_lag1,primary,All_Eligible,Future_Period,train_to_2014__test_from_2015,RandomForest,signal_increment,0.02450000000000004,0.2145
M1_Macro_vs_M2_Macro_Oil__primary__All_Eligible,Oil_Rents_GDP_Pct_lag1,primary,All_Eligible,Future_Period,train_to_2014__test_from_2015,RandomForest,signal_increment,0.02500000000000004,0.2045
M1_Macro_vs_M2_Macro_Oil__primary__All_Eligible,Oil_Rents_GDP_Pct_lag1,primary,All_Eligible,Future_Period,train_to_2014__test_from_2015,RandomForest,signal_increment,0.02550000000000004,0.1975
M1_Macro_vs_M2_Macro_Oil__primary__All_Eligible,Oil_Rents_GDP_Pct_lag1,primary,All_Eligible,Future_Period,train_to_2014__test_from_2015,RandomForest,signal_increment,0.02600000000000004,0.1845
M1_Macro_vs_M2_Macro_Oil__primary__All_Eligible,Oil_Rents_GDP_Pct_lag1,primary,All_Eligible,Future_Period,train_to_2014__test_from_2015,RandomForest,signal_increment,0.02650000000000004,0.17
M1_Macro_vs_M2_Macro_Oil__primary__All_Eligible,Oil_Rents_GDP_Pct_lag1,primary,All_Eligible,Future_Period,train_to_2014__test_from_2015,RandomForest,signal_increment,0.02700000000000004,0.1585
M1_Macro_vs_M2_Macro_Oil__primary__All_Eligible,Oil_Rents_GDP_Pct_lag1,primary,All_Eligible,Future_Period,train_to_2014__test_from_2015,RandomForest,signal_increment,0.027500000000000042,0.1495
M1_Macro_vs_M2_Macro_Oil__primary__All_Eligible,Oil_Rents_GDP_Pct_lag1,primary,All_Eligible,Future_Period,train_to_2014__test_from_2015,RandomForest,signal_increment,0.028000000000000042,0.141
M1_Macro_vs_M2_Macro_Oil__primary__All_Eligible,Oil_Rents_GDP_Pct_lag1,primary,All_Eligible,Future_Period,train_to_2014__test_from_2015,RandomForest,signal_increment,0.028500000000000043,0.136
M1_Macro_vs_M2_Macro_Oil__primary__All_Eligible,Oil_Rents_GDP_Pct_lag1,primary,All_Eligible,Future_Period,train_to_2014__test_from_2015,RandomForest,signal_increment,0.029000000000000043,0.1285
M1_Macro_vs_M2_Macro_Oil__primary__All_Eligible,Oil_Rents_GDP_Pct_lag1,primary,All_Eligible,Future_Period,train_to_2014__test_from_2015,RandomForest,signal_increment,0.029500000000000044,0.1215
M1_Macro_vs_M2_Macro_Oil__primary__All_Eligible,Oil_Rents_GDP_Pct_lag1,primary,All_Eligible,Future_Period,train_to_2014__test_from_2015,RandomForest,signal_increment,0.030000000000000044,0.1155
M1_Macro_vs_M2_Macro_Oil__primary__All_Eligible,Oil_Rents_GDP_Pct_lag1,primary,All_Eligible,Future_Period,train_to_2014__test_from_2015,RandomForest,added_model_vs_strongest_benchmark,-0.02,1.0
M1_Macro_vs_M2_Macro_Oil__primary__All_Eligible,Oil_Rents_GDP_Pct_lag1,primary,All_Eligible,Future_Period,train_to_2014__test_from_2015,RandomForest,added_model_vs_strongest_benchmark,-0.0195,1.0
M1_Macro_vs_M2_Macro_Oil__primary__All_Eligible,Oil_Rents_GDP_Pct_lag1,primary,All_Eligible,Future_Period,train_to_2014__test_from_2015,RandomForest,added_model_vs_strongest_benchmark,-0.019,1.0
M1_Macro_vs_M2_Macro_Oil__primary__All_Eligible,Oil_Rents_GDP_Pct_lag1,primary,All_Eligible,Future_Period,train_to_2014__test_from_2015,RandomForest,added_model_vs_strongest_benchmark,-0.0185,1.0
M1_Macro_vs_M2_Macro_Oil__primary__All_Eligible,Oil_Rents_GDP_Pct_lag1,primary,All_Eligible,Future_Period,train_to_2014__test_from_2015,RandomForest,added_model_vs_strongest_benchmark,-0.018,1.0
M1_Macro_vs_M2_Macro_Oil__primary__All_Eligible,Oil_Rents_GDP_Pct_lag1,primary,All_Eligible,Future_Period,train_to_2014__test_from_2015,RandomForest,added_model_vs_strongest_benchmark,-0.017499999999999998,1.0
M1_Macro_vs_M2_Macro_Oil__primary__All_Eligible,Oil_Rents_GDP_Pct_lag1,primary,All_Eligible,Future_Period,train_to_2014__test_from_2015,RandomForest,added_model_vs_strongest_benchmark,-0.016999999999999998,1.0
M1_Macro_vs_M2_Macro_Oil__primary__All_Eligible,Oil_Rents_GDP_Pct_lag1,primary,All_Eligible,Future_Period,train_to_2014__test_from_2015,RandomForest,added_model_vs_strongest_benchmark,-0.016499999999999997,1.0
M1_Macro_vs_M2_Macro_Oil__primary__All_Eligible,Oil_Rents_GDP_Pct_lag1,primary,All_Eligible,Future_Period,train_to_2014__test_from_2015,RandomForest,added_model_vs_strongest_benchmark,-0.015999999999999997,1.0
M1_Macro_vs_M2_Macro_Oil__primary__All_Eligible,Oil_Rents_GDP_Pct_lag1,primary,All_Eligible,Future_Period,train_to_2014__test_from_2015,RandomForest,added_model_vs_strongest_benchmark,-0.015499999999999996,1.0
M1_Macro_vs_M2_Macro_Oil__primary__All_Eligible,Oil_Rents_GDP_Pct_lag1,primary,All_Eligible,Future_Period,train_to_2014__test_from_2015,RandomForest,added_model_vs_strongest_benchmark,-0.014999999999999996,1.0
M1_Macro_vs_M2_Macro_Oil__primary__All_Eligible,Oil_Rents_GDP_Pct_lag1,primary,All_Eligible,Future_Period,train_to_2014__test_from_2015,RandomForest,added_model_vs_strongest_benchmark,-0.014499999999999996,1.0
M1_Macro_vs_M2_Macro_Oil__primary__All_Eligible,Oil_Rents_GDP_Pct_lag1,primary,All_Eligible,Future_Period,train_to_2014__test_from_2015,RandomForest,added_model_vs_strongest_benchmark,-0.013999999999999995,1.0
M1_Macro_vs_M2_Macro_Oil__primary__All_Eligible,Oil_Rents_GDP_Pct_lag1,primary,All_Eligible,Future_Period,train_to_2014__test_from_2015,RandomForest,added_model_vs_strongest_benchmark,-0.013499999999999995,1.0
M1_Macro_vs_M2_Macro_Oil__primary__All_Eligible,Oil_Rents_GDP_Pct_lag1,primary,All_Eligible,Future_Period,train_to_2014__test_from_2015,RandomForest,added_model_vs_strongest_benchmark,-0.012999999999999994,1.0
M1_Macro_vs_M2_Macro_Oil__primary__All_Eligible,Oil_Rents_GDP_Pct_lag1,primary,All_Eligible,Future_Period,train_to_2014__test_from_2015,RandomForest,added_model_vs_strongest_benchmark,-0.012499999999999994,1.0
M1_Macro_vs_M2_Macro_Oil__primary__All_Eligible,Oil_Rents_GDP_Pct_lag1,primary,All_Eligible,Future_Period,train_to_2014__test_from_2015,RandomForest,added_model_vs_strongest_benchmark,-0.011999999999999993,1.0
M1_Macro_vs_M2_Macro_Oil__primary__All_Eligible,Oil_Rents_GDP_Pct_lag1,primary,All_Eligible,Future_Period,train_to_2014__test_from_2015,RandomForest,added_model_vs_strongest_benchmark,-0.011499999999999993,1.0
M1_Macro_vs_M2_Macro_Oil__primary__All_Eligible,Oil_Rents_GDP_Pct_lag1,primary,All_Eligible,Future_Period,train_to_2014__test_from_2015,RandomForest,added_model_vs_strongest_benchmark,-0.010999999999999992,1.0
M1_Macro_vs_M2_Macro_Oil__primary__All_Eligible,Oil_Rents_GDP_Pct_lag1,primary,All_Eligible,Future_Period,train_to_2014__test_from_2015,RandomForest,added_model_vs_strongest_benchmark,-0.010499999999999992,1.0
M1_Macro_vs_M2_Macro_Oil__primary__All_Eligible,Oil_Rents_GDP_Pct_lag1,primary,All_Eligible,Future_Period,train_to_2014__test_from_2015,RandomForest,added_model_vs_strongest_benchmark,-0.009999999999999992,1.0
M1_Macro_vs_M2_Macro_Oil__primary__All_Eligible,Oil_Rents_GDP_Pct_lag1,primary,All_Eligible,Future_Period,train_to_2014__test_from_2015,RandomForest,added_model_vs_strongest_benchmark,-0.009499999999999991,1.0
M1_Macro_vs_M2_Macro_Oil__primary__All_Eligible,Oil_Rents_GDP_Pct_lag1,primary,All_Eligible,Future_Period,train_to_2014__test_from_2015,RandomForest,added_model_vs_strongest_benchmark,-0.00899999999999999,1.0
M1_Macro_vs_M2_Macro_Oil__primary__All_Eligible,Oil_Rents_GDP_Pct_lag1,primary,All_Eligible,Future_Period,train_to_2014__test_from_2015,RandomForest,added_model_vs_strongest_benchmark,-0.00849999999999999,1.0
M1_Macro_vs_M2_Macro_Oil__primary__All_Eligible,Oil_Rents_GDP_Pct_lag1,primary,All_Eligible,Future_Period,train_to_2014__test_from_2015,RandomForest,added_model_vs_strongest_benchmark,-0.00799999999999999,1.0
M1_Macro_vs_M2_Macro_Oil__primary__All_Eligible,Oil_Rents_GDP_Pct_lag1,primary,All_Eligible,Future_Period,train_to_2014__test_from_2015,RandomForest,added_model_vs_strongest_benchmark,-0.007499999999999989,1.0
M1_Macro_vs_M2_Macro_Oil__primary__All_Eligible,Oil_Rents_GDP_Pct_lag1,primary,All_Eligible,Future_Period,train_to_2014__test_from_2015,RandomForest,added_model_vs_strongest_benchmark,-0.006999999999999989,1.0
M1_Macro_vs_M2_Macro_Oil__primary__All_Eligible,Oil_Rents_GDP_Pct_lag1,primary,All_Eligible,Future_Period,train_to_2014__test_from_2015,RandomForest,added_model_vs_strongest_benchmark,-0.006499999999999988,1.0
M1_Macro_vs_M2_Macro_Oil__primary__All_Eligible,Oil_Rents_GDP_Pct_lag1,primary,All_Eligible,Future_Period,train_to_2014__test_from_2015,RandomForest,added_model_vs_strongest_benchmark,-0.005999999999999988,1.0
M1_Macro_vs_M2_Macro_Oil__primary__All_Eligible,Oil_Rents_GDP_Pct_lag1,primary,All_Eligible,Future_Period,train_to_2014__test_from_2015,RandomForest,added_model_vs_strongest_benchmark,-0.0054999999999999875,1.0
M1_Macro_vs_M2_Macro_Oil__primary__All_Eligible,Oil_Rents_GDP_Pct_lag1,primary,All_Eligible,Future_Period,train_to_2014__test_from_2015,RandomForest,added_model_vs_strongest_benchmark,-0.004999999999999987,1.0
M1_Macro_vs_M2_Macro_Oil__primary__All_Eligible,Oil_Rents_GDP_Pct_lag1,primary,All_Eligible,Future_Period,train_to_2014__test_from_2015,RandomForest,added_model_vs_strongest_benchmark,-0.004499999999999987,1.0
M1_Macro_vs_M2_Macro_Oil__primary__All_Eligible,Oil_Rents_GDP_Pct_lag1,primary,All_Eligible,Future_Period,train_to_2014__test_from_2015,RandomForest,added_model_vs_strongest_benchmark,-0.003999999999999986,1.0
M1_Macro_vs_M2_Macro_Oil__primary__All_Eligible,Oil_Rents_GDP_Pct_lag1,primary,All_Eligible,Future_Period,train_to_2014__test_from_2015,RandomForest,added_model_vs_strongest_benchmark,-0.0034999999999999858,1.0
M1_Macro_vs_M2_Macro_Oil__primary__All_Eligible,Oil_Rents_GDP_Pct_lag1,primary,All_Eligible,Future_Period,train_to_2014__test_from_2015,RandomForest,added_model_vs_strongest_benchmark,-0.0029999999999999853,1.0
M1_Macro_vs_M2_Macro_Oil__primary__All_Eligible,Oil_Rents_GDP_Pct_lag1,primary,All_Eligible,Future_Period,train_to_2014__test_from_2015,RandomForest,added_model_vs_strongest_benchmark,-0.002499999999999985,1.0
M1_Macro_vs_M2_Macro_Oil__primary__All_Eligible,Oil_Rents_GDP_Pct_lag1,primary,All_Eligible,Future_Period,train_to_2014__test_from_2015,RandomForest,added_model_vs_strongest_benchmark,-0.0019999999999999844,1.0
M1_Macro_vs_M2_Macro_Oil__primary__All_Eligible,Oil_Rents_GDP_Pct_lag1,primary,All_Eligible,Future_Period,train_to_2014__test_from_2015,RandomForest,added_model_vs_strongest_benchmark,-0.001499999999999984,1.0
M1_Macro_vs_M2_Macro_Oil__primary__All_Eligible,Oil_Rents_GDP_Pct_lag1,primary,All_Eligible,Future_Period,train_to_2014__test_from_2015,RandomForest,added_model_vs_strongest_benchmark,-0.0009999999999999835,1.0
M1_Macro_vs_M2_Macro_Oil__primary__All_Eligible,Oil_Rents_GDP_Pct_lag1,primary,All_Eligible,Future_Period,train_to_2014__test_from_2015,RandomForest,added_model_vs_strongest_benchmark,-0.0004999999999999831,1.0
M1_Macro_vs_M2_Macro_Oil__primary__All_Eligible,Oil_Rents_GDP_Pct_lag1,primary,All_Eligible,Future_Period,train_to_2014__test_from_2015,RandomForest,added_model_vs_strongest_benchmark,1.734723475976807e-17,1.0
M1_Macro_vs_M2_Macro_Oil__primary__All_Eligible,Oil_Rents_GDP_Pct_lag1,primary,All_Eligible,Future_Period,train_to_2014__test_from_2015,RandomForest,added_model_vs_strongest_benchmark,0.0005000000000000178,1.0
M1_Macro_vs_M2_Macro_Oil__primary__All_Eligible,Oil_Rents_GDP_Pct_lag1,primary,All_Eligible,Future_Period,train_to_2014__test_from_2015,RandomForest,added_model_vs_strongest_benchmark,0.0010000000000000182,1.0
M1_Macro_vs_M2_Macro_Oil__primary__All_Eligible,Oil_Rents_GDP_Pct_lag1,primary,All_Eligible,Future_Period,train_to_2014__test_from_2015,RandomForest,added_model_vs_strongest_benchmark,0.0015000000000000187,1.0
M1_Macro_vs_M2_Macro_Oil__primary__All_Eligible,Oil_Rents_GDP_Pct_lag1,primary,All_Eligible,Future_Period,train_to_2014__test_from_2015,RandomForest,added_model_vs_strongest_benchmark,0.002000000000000019,1.0
M1_Macro_vs_M2_Macro_Oil__primary__All_Eligible,Oil_Rents_GDP_Pct_lag1,primary,All_Eligible,Future_Period,train_to_2014__test_from_2015,RandomForest,added_model_vs_strongest_benchmark,0.0025000000000000196,1.0
M1_Macro_vs_M2_Macro_Oil__primary__All_Eligible,Oil_Rents_GDP_Pct_lag1,primary,All_Eligible,Future_Period,train_to_2014__test_from_2015,RandomForest,added_model_vs_strongest_benchmark,0.00300000000000002,1.0
M1_Macro_vs_M2_Macro_Oil__primary__All_Eligible,Oil_Rents_GDP_Pct_lag1,primary,All_Eligible,Future_Period,train_to_2014__test_from_2015,RandomForest,added_model_vs_strongest_benchmark,0.0035000000000000205,1.0
M1_Macro_vs_M2_Macro_Oil__primary__All_Eligible,Oil_Rents_GDP_Pct_lag1,primary,All_Eligible,Future_Period,train_to_2014__test_from_2015,RandomForest,added_model_vs_strongest_benchmark,0.004000000000000021,1.0
M1_Macro_vs_M2_Macro_Oil__primary__All_Eligible,Oil_Rents_GDP_Pct_lag1,primary,All_Eligible,Future_Period,train_to_2014__test_from_2015,RandomForest,added_model_vs_strongest_benchmark,0.004500000000000021,1.0
M1_Macro_vs_M2_Macro_Oil__primary__All_Eligible,Oil_Rents_GDP_Pct_lag1,primary,All_Eligible,Future_Period,train_to_2014__test_from_2015,RandomForest,added_model_vs_strongest_benchmark,0.005000000000000022,1.0
M1_Macro_vs_M2_Macro_Oil__primary__All_Eligible,Oil_Rents_GDP_Pct_lag1,primary,All_Eligible,Future_Period,train_to_2014__test_from_2015,RandomForest,added_model_vs_strongest_benchmark,0.005500000000000022,1.0
M1_Macro_vs_M2_Macro_Oil__primary__All_Eligible,Oil_Rents_GDP_Pct_lag1,primary,All_Eligible,Future_Period,train_to_2014__test_from_2015,RandomForest,added_model_vs_strongest_benchmark,0.006000000000000023,1.0
M1_Macro_vs_M2_Macro_Oil__primary__All_Eligible,Oil_Rents_GDP_Pct_lag1,primary,All_Eligible,Future_Period,train_to_2014__test_from_2015,RandomForest,added_model_vs_strongest_benchmark,0.006500000000000023,1.0
M1_Macro_vs_M2_Macro_Oil__primary__All_Eligible,Oil_Rents_GDP_Pct_lag1,primary,All_Eligible,Future_Period,train_to_2014__test_from_2015,RandomForest,added_model_vs_strongest_benchmark,0.0070000000000000236,1.0
M1_Macro_vs_M2_Macro_Oil__primary__All_Eligible,Oil_Rents_GDP_Pct_lag1,primary,All_Eligible,Future_Period,train_to_2014__test_from_2015,RandomForest,added_model_vs_strongest_benchmark,0.007500000000000024,1.0
M1_Macro_vs_M2_Macro_Oil__primary__All_Eligible,Oil_Rents_GDP_Pct_lag1,primary,All_Eligible,Future_Period,train_to_2014__test_from_2015,RandomForest,added_model_vs_strongest_benchmark,0.008000000000000024,1.0
M1_Macro_vs_M2_Macro_Oil__primary__All_Eligible,Oil_Rents_GDP_Pct_lag1,primary,All_Eligible,Future_Period,train_to_2014__test_from_2015,RandomForest,added_model_vs_strongest_benchmark,0.008500000000000025,1.0
M1_Macro_vs_M2_Macro_Oil__primary__All_Eligible,Oil_Rents_GDP_Pct_lag1,primary,All_Eligible,Future_Period,train_to_2014__test_from_2015,RandomForest,added_model_vs_strongest_benchmark,0.009000000000000025,1.0
M1_Macro_vs_M2_Macro_Oil__primary__All_Eligible,Oil_Rents_GDP_Pct_lag1,primary,All_Eligible,Future_Period,train_to_2014__test_from_2015,RandomForest,added_model_vs_strongest_benchmark,0.009500000000000026,1.0
M1_Macro_vs_M2_Macro_Oil__primary__All_Eligible,Oil_Rents_GDP_Pct_lag1,primary,All_Eligible,Future_Period,train_to_2014__test_from_2015,RandomForest,added_model_vs_strongest_benchmark,0.010000000000000026,1.0
M1_Macro_vs_M2_Macro_Oil__primary__All_Eligible,Oil_Rents_GDP_Pct_lag1,primary,All_Eligible,Future_Period,train_to_2014__test_from_2015,RandomForest,added_model_vs_strongest_benchmark,0.010500000000000027,1.0
M1_Macro_vs_M2_Macro_Oil__primary__All_Eligible,Oil_Rents_GDP_Pct_lag1,primary,All_Eligible,Future_Period,train_to_2014__test_from_2015,RandomForest,added_model_vs_strongest_benchmark,0.011000000000000027,1.0
M1_Macro_vs_M2_Macro_Oil__primary__All_Eligible,Oil_Rents_GDP_Pct_lag1,primary,All_Eligible,Future_Period,train_to_2014__test_from_2015,RandomForest,added_model_vs_strongest_benchmark,0.011500000000000028,1.0
M1_Macro_vs_M2_Macro_Oil__primary__All_Eligible,Oil_Rents_GDP_Pct_lag1,primary,All_Eligible,Future_Period,train_to_2014__test_from_2015,RandomForest,added_model_vs_strongest_benchmark,0.012000000000000028,1.0
M1_Macro_vs_M2_Macro_Oil__primary__All_Eligible,Oil_Rents_GDP_Pct_lag1,primary,All_Eligible,Future_Period,train_to_2014__test_from_2015,RandomForest,added_model_vs_strongest_benchmark,0.012500000000000028,1.0
M1_Macro_vs_M2_Macro_Oil__primary__All_Eligible,Oil_Rents_GDP_Pct_lag1,primary,All_Eligible,Future_Period,train_to_2014__test_from_2015,RandomForest,added_model_vs_strongest_benchmark,0.013000000000000029,1.0
M1_Macro_vs_M2_Macro_Oil__primary__All_Eligible,Oil_Rents_GDP_Pct_lag1,primary,All_Eligible,Future_Period,train_to_2014__test_from_2015,RandomForest,added_model_vs_strongest_benchmark,0.01350000000000003,1.0
M1_Macro_vs_M2_Macro_Oil__primary__All_Eligible,Oil_Rents_GDP_Pct_lag1,primary,All_Eligible,Future_Period,train_to_2014__test_from_2015,RandomForest,added_model_vs_strongest_benchmark,0.01400000000000003,1.0
M1_Macro_vs_M2_Macro_Oil__primary__All_Eligible,Oil_Rents_GDP_Pct_lag1,primary,All_Eligible,Future_Period,train_to_2014__test_from_2015,RandomForest,added_model_vs_strongest_benchmark,0.01450000000000003,1.0
M1_Macro_vs_M2_Macro_Oil__primary__All_Eligible,Oil_Rents_GDP_Pct_lag1,primary,All_Eligible,Future_Period,train_to_2014__test_from_2015,RandomForest,added_model_vs_strongest_benchmark,0.01500000000000003,1.0
M1_Macro_vs_M2_Macro_Oil__primary__All_Eligible,Oil_Rents_GDP_Pct_lag1,primary,All_Eligible,Future_Period,train_to_2014__test_from_2015,RandomForest,added_model_vs_strongest_benchmark,0.015500000000000031,1.0
M1_Macro_vs_M2_Macro_Oil__primary__All_Eligible,Oil_Rents_GDP_Pct_lag1,primary,All_Eligible,Future_Period,train_to_2014__test_from_2015,RandomForest,added_model_vs_strongest_benchmark,0.01600000000000003,1.0
M1_Macro_vs_M2_Macro_Oil__primary__All_Eligible,Oil_Rents_GDP_Pct_lag1,primary,All_Eligible,Future_Period,train_to_2014__test_from_2015,RandomForest,added_model_vs_strongest_benchmark,0.016500000000000032,1.0
M1_Macro_vs_M2_Macro_Oil__primary__All_Eligible,Oil_Rents_GDP_Pct_lag1,primary,All_Eligible,Future_Period,train_to_2014__test_from_2015,RandomForest,added_model_vs_strongest_benchmark,0.017000000000000032,1.0
M1_Macro_vs_M2_Macro_Oil__primary__All_Eligible,Oil_Rents_GDP_Pct_lag1,primary,All_Eligible,Future_Period,train_to_2014__test_from_2015,RandomForest,added_model_vs_strongest_benchmark,0.017500000000000033,1.0
M1_Macro_vs_M2_Macro_Oil__primary__All_Eligible,Oil_Rents_GDP_Pct_lag1,primary,All_Eligible,Future_Period,train_to_2014__test_from_2015,RandomForest,added_model_vs_strongest_benchmark,0.018000000000000033,1.0
M1_Macro_vs_M2_Macro_Oil__primary__All_Eligible,Oil_Rents_GDP_Pct_lag1,primary,All_Eligible,Future_Period,train_to_2014__test_from_2015,RandomForest,added_model_vs_strongest_benchmark,0.018500000000000034,1.0
M1_Macro_vs_M2_Macro_Oil__primary__All_Eligible,Oil_Rents_GDP_Pct_lag1,primary,All_Eligible,Future_Period,train_to_2014__test_from_2015,RandomForest,added_model_vs_strongest_benchmark,0.019000000000000034,1.0
M1_Macro_vs_M2_Macro_Oil__primary__All_Eligible,Oil_Rents_GDP_Pct_lag1,primary,All_Eligible,Future_Period,train_to_2014__test_from_2015,RandomForest,added_model_vs_strongest_benchmark,0.019500000000000035,1.0
M1_Macro_vs_M2_Macro_Oil__primary__All_Eligible,Oil_Rents_GDP_Pct_lag1,primary,All_Eligible,Future_Period,train_to_2014__test_from_2015,RandomForest,added_model_vs_strongest_benchmark,0.020000000000000035,1.0
M1_Macro_vs_M2_Macro_Oil__primary__All_Eligible,Oil_Rents_GDP_Pct_lag1,primary,All_Eligible,Future_Period,train_to_2014__test_from_2015,RandomForest,added_model_vs_strongest_benchmark,0.020500000000000036,1.0
M1_Macro_vs_M2_Macro_Oil__primary__All_Eligible,Oil_Rents_GDP_Pct_lag1,primary,All_Eligible,Future_Period,train_to_2014__test_from_2015,RandomForest,added_model_vs_strongest_benchmark,0.021000000000000036,1.0
M1_Macro_vs_M2_Macro_Oil__primary__All_Eligible,Oil_Rents_GDP_Pct_lag1,primary,All_Eligible,Future_Period,train_to_2014__test_from_2015,RandomForest,added_model_vs_strongest_benchmark,0.021500000000000036,1.0
M1_Macro_vs_M2_Macro_Oil__primary__All_Eligible,Oil_Rents_GDP_Pct_lag1,primary,All_Eligible,Future_Period,train_to_2014__test_from_2015,RandomForest,added_model_vs_strongest_benchmark,0.022000000000000037,1.0
M1_Macro_vs_M2_Macro_Oil__primary__All_Eligible,Oil_Rents_GDP_Pct_lag1,primary,All_Eligible,Future_Period,train_to_2014__test_from_2015,RandomForest,added_model_vs_strongest_benchmark,0.022500000000000037,1.0
M1_Macro_vs_M2_Macro_Oil__primary__All_Eligible,Oil_Rents_GDP_Pct_lag1,primary,All_Eligible,Future_Period,train_to_2014__test_from_2015,RandomForest,added_model_vs_strongest_benchmark,0.023000000000000038,1.0
M1_Macro_vs_M2_Macro_Oil__primary__All_Eligible,Oil_Rents_GDP_Pct_lag1,primary,All_Eligible,Future_Period,train_to_2014__test_from_2015,RandomForest,added_model_vs_strongest_benchmark,0.023500000000000038,1.0
M1_Macro_vs_M2_Macro_Oil__primary__All_Eligible,Oil_Rents_GDP_Pct_lag1,primary,All_Eligible,Future_Period,train_to_2014__test_from_2015,RandomForest,added_model_vs_strongest_benchmark,0.02400000000000004,1.0
M1_Macro_vs_M2_Macro_Oil__primary__All_Eligible,Oil_Rents_GDP_Pct_lag1,primary,All_Eligible,Future_Period,train_to_2014__test_from_2015,RandomForest,added_model_vs_strongest_benchmark,0.02450000000000004,1.0
M1_Macro_vs_M2_Macro_Oil__primary__All_Eligible,Oil_Rents_GDP_Pct_lag1,primary,All_Eligible,Future_Period,train_to_2014__test_from_2015,RandomForest,added_model_vs_strongest_benchmark,0.02500000000000004,1.0
M1_Macro_vs_M2_Macro_Oil__primary__All_Eligible,Oil_Rents_GDP_Pct_lag1,primary,All_Eligible,Future_Period,train_to_2014__test_from_2015,RandomForest,added_model_vs_strongest_benchmark,0.02550000000000004,1.0
M1_Macro_vs_M2_Macro_Oil__primary__All_Eligible,Oil_Rents_GDP_Pct_lag1,primary,All_Eligible,Future_Period,train_to_2014__test_from_2015,RandomForest,added_model_vs_strongest_benchmark,0.02600000000000004,1.0
M1_Macro_vs_M2_Macro_Oil__primary__All_Eligible,Oil_Rents_GDP_Pct_lag1,primary,All_Eligible,Future_Period,train_to_2014__test_from_2015,RandomForest,added_model_vs_strongest_benchmark,0.02650000000000004,1.0
M1_Macro_vs_M2_Macro_Oil__primary__All_Eligible,Oil_Rents_GDP_Pct_lag1,primary,All_Eligible,Future_Period,train_to_2014__test_from_2015,RandomForest,added_model_vs_strongest_benchmark,0.02700000000000004,1.0
M1_Macro_vs_M2_Macro_Oil__primary__All_Eligible,Oil_Rents_GDP_Pct_lag1,primary,All_Eligible,Future_Period,train_to_2014__test_from_2015,RandomForest,added_model_vs_strongest_benchmark,0.027500000000000042,1.0
M1_Macro_vs_M2_Macro_Oil__primary__All_Eligible,Oil_Rents_GDP_Pct_lag1,primary,All_Eligible,Future_Period,train_to_2014__test_from_2015,RandomForest,added_model_vs_strongest_benchmark,0.028000000000000042,1.0
M1_Macro_vs_M2_Macro_Oil__primary__All_Eligible,Oil_Rents_GDP_Pct_lag1,primary,All_Eligible,Future_Period,train_to_2014__test_from_2015,RandomForest,added_model_vs_strongest_benchmark,0.028500000000000043,1.0
M1_Macro_vs_M2_Macro_Oil__primary__All_Eligible,Oil_Rents_GDP_Pct_lag1,primary,All_Eligible,Future_Period,train_to_2014__test_from_2015,RandomForest,added_model_vs_strongest_benchmark,0.029000000000000043,1.0
M1_Macro_vs_M2_Macro_Oil__primary__All_Eligible,Oil_Rents_GDP_Pct_lag1,primary,All_Eligible,Future_Period,train_to_2014__test_from_2015,RandomForest,added_model_vs_strongest_benchmark,0.029500000000000044,1.0
M1_Macro_vs_M2_Macro_Oil__primary__All_Eligible,Oil_Rents_GDP_Pct_lag1,primary,All_Eligible,Future_Period,train_to_2014__test_from_2015,RandomForest,added_model_vs_strongest_benchmark,0.030000000000000044,1.0
M1_Macro_vs_M2_Macro_Oil__primary__All_Eligible,Oil_Rents_GDP_Pct_lag1,primary,All_Eligible,Future_Period,train_to_2015__test_from_2016,Ridge,signal_increment,-0.02,1.0
M1_Macro_vs_M2_Macro_Oil__primary__All_Eligible,Oil_Rents_GDP_Pct_lag1,primary,All_Eligible,Future_Period,train_to_2015__test_from_2016,Ridge,signal_increment,-0.0195,1.0
M1_Macro_vs_M2_Macro_Oil__primary__All_Eligible,Oil_Rents_GDP_Pct_lag1,primary,All_Eligible,Future_Period,train_to_2015__test_from_2016,Ridge,signal_increment,-0.019,1.0
M1_Macro_vs_M2_Macro_Oil__primary__All_Eligible,Oil_Rents_GDP_Pct_lag1,primary,All_Eligible,Future_Period,train_to_2015__test_from_2016,Ridge,signal_increment,-0.0185,1.0
M1_Macro_vs_M2_Macro_Oil__primary__All_Eligible,Oil_Rents_GDP_Pct_lag1,primary,All_Eligible,Future_Period,train_to_2015__test_from_2016,Ridge,signal_increment,-0.018,1.0
M1_Macro_vs_M2_Macro_Oil__primary__All_Eligible,Oil_Rents_GDP_Pct_lag1,primary,All_Eligible,Future_Period,train_to_2015__test_from_2016,Ridge,signal_increment,-0.017499999999999998,1.0
M1_Macro_vs_M2_Macro_Oil__primary__All_Eligible,Oil_Rents_GDP_Pct_lag1,primary,All_Eligible,Future_Period,train_to_2015__test_from_2016,Ridge,signal_increment,-0.016999999999999998,1.0
M1_Macro_vs_M2_Macro_Oil__primary__All_Eligible,Oil_Rents_GDP_Pct_lag1,primary,All_Eligible,Future_Period,train_to_2015__test_from_2016,Ridge,signal_increment,-0.016499999999999997,1.0
M1_Macro_vs_M2_Macro_Oil__primary__All_Eligible,Oil_Rents_GDP_Pct_lag1,primary,All_Eligible,Future_Period,train_to_2015__test_from_2016,Ridge,signal_increment,-0.015999999999999997,1.0
M1_Macro_vs_M2_Macro_Oil__primary__All_Eligible,Oil_Rents_GDP_Pct_lag1,primary,All_Eligible,Future_Period,train_to_2015__test_from_2016,Ridge,signal_increment,-0.015499999999999996,1.0
M1_Macro_vs_M2_Macro_Oil__primary__All_Eligible,Oil_Rents_GDP_Pct_lag1,primary,All_Eligible,Future_Period,train_to_2015__test_from_2016,Ridge,signal_increment,-0.014999999999999996,1.0
M1_Macro_vs_M2_Macro_Oil__primary__All_Eligible,Oil_Rents_GDP_Pct_lag1,primary,All_Eligible,Future_Period,train_to_2015__test_from_2016,Ridge,signal_increment,-0.014499999999999996,1.0
M1_Macro_vs_M2_Macro_Oil__primary__All_Eligible,Oil_Rents_GDP_Pct_lag1,primary,All_Eligible,Future_Period,train_to_2015__test_from_2016,Ridge,signal_increment,-0.013999999999999995,1.0
M1_Macro_vs_M2_Macro_Oil__primary__All_Eligible,Oil_Rents_GDP_Pct_lag1,primary,All_Eligible,Future_Period,train_to_2015__test_from_2016,Ridge,signal_increment,-0.013499999999999995,1.0
M1_Macro_vs_M2_Macro_Oil__primary__All_Eligible,Oil_Rents_GDP_Pct_lag1,primary,All_Eligible,Future_Period,train_to_2015__test_from_2016,Ridge,signal_increment,-0.012999999999999994,1.0
M1_Macro_vs_M2_Macro_Oil__primary__All_Eligible,Oil_Rents_GDP_Pct_lag1,primary,All_Eligible,Future_Period,train_to_2015__test_from_2016,Ridge,signal_increment,-0.012499999999999994,1.0
M1_Macro_vs_M2_Macro_Oil__primary__All_Eligible,Oil_Rents_GDP_Pct_lag1,primary,All_Eligible,Future_Period,train_to_2015__test_from_2016,Ridge,signal_increment,-0.011999999999999993,1.0
M1_Macro_vs_M2_Macro_Oil__primary__All_Eligible,Oil_Rents_GDP_Pct_lag1,primary,All_Eligible,Future_Period,train_to_2015__test_from_2016,Ridge,signal_increment,-0.011499999999999993,1.0
M1_Macro_vs_M2_Macro_Oil__primary__All_Eligible,Oil_Rents_GDP_Pct_lag1,primary,All_Eligible,Future_Period,train_to_2015__test_from_2016,Ridge,signal_increment,-0.010999999999999992,1.0
M1_Macro_vs_M2_Macro_Oil__primary__All_Eligible,Oil_Rents_GDP_Pct_lag1,primary,All_Eligible,Future_Period,train_to_2015__test_from_2016,Ridge,signal_increment,-0.010499999999999992,1.0
M1_Macro_vs_M2_Macro_Oil__primary__All_Eligible,Oil_Rents_GDP_Pct_lag1,primary,All_Eligible,Future_Period,train_to_2015__test_from_2016,Ridge,signal_increment,-0.009999999999999992,1.0
M1_Macro_vs_M2_Macro_Oil__primary__All_Eligible,Oil_Rents_GDP_Pct_lag1,primary,All_Eligible,Future_Period,train_to_2015__test_from_2016,Ridge,signal_increment,-0.009499999999999991,1.0
M1_Macro_vs_M2_Macro_Oil__primary__All_Eligible,Oil_Rents_GDP_Pct_lag1,primary,All_Eligible,Future_Period,train_to_2015__test_from_2016,Ridge,signal_increment,-0.00899999999999999,1.0
M1_Macro_vs_M2_Macro_Oil__primary__All_Eligible,Oil_Rents_GDP_Pct_lag1,primary,All_Eligible,Future_Period,train_to_2015__test_from_2016,Ridge,signal_increment,-0.00849999999999999,1.0
M1_Macro_vs_M2_Macro_Oil__primary__All_Eligible,Oil_Rents_GDP_Pct_lag1,primary,All_Eligible,Future_Period,train_to_2015__test_from_2016,Ridge,signal_increment,-0.00799999999999999,1.0
M1_Macro_vs_M2_Macro_Oil__primary__All_Eligible,Oil_Rents_GDP_Pct_lag1,primary,All_Eligible,Future_Period,train_to_2015__test_from_2016,Ridge,signal_increment,-0.007499999999999989,1.0
M1_Macro_vs_M2_Macro_Oil__primary__All_Eligible,Oil_Rents_GDP_Pct_lag1,primary,All_Eligible,Future_Period,train_to_2015__test_from_2016,Ridge,signal_increment,-0.006999999999999989,1.0
M1_Macro_vs_M2_Macro_Oil__primary__All_Eligible,Oil_Rents_GDP_Pct_lag1,primary,All_Eligible,Future_Period,train_to_2015__test_from_2016,Ridge,signal_increment,-0.006499999999999988,1.0
M1_Macro_vs_M2_Macro_Oil__primary__All_Eligible,Oil_Rents_GDP_Pct_lag1,primary,All_Eligible,Future_Period,train_to_2015__test_from_2016,Ridge,signal_increment,-0.005999999999999988,1.0
M1_Macro_vs_M2_Macro_Oil__primary__All_Eligible,Oil_Rents_GDP_Pct_lag1,primary,All_Eligible,Future_Period,train_to_2015__test_from_2016,Ridge,signal_increment,-0.0054999999999999875,1.0
M1_Macro_vs_M2_Macro_Oil__primary__All_Eligible,Oil_Rents_GDP_Pct_lag1,primary,All_Eligible,Future_Period,train_to_2015__test_from_2016,Ridge,signal_increment,-0.004999999999999987,1.0
M1_Macro_vs_M2_Macro_Oil__primary__All_Eligible,Oil_Rents_GDP_Pct_lag1,primary,All_Eligible,Future_Period,train_to_2015__test_from_2016,Ridge,signal_increment,-0.004499999999999987,0.9995
M1_Macro_vs_M2_Macro_Oil__primary__All_Eligible,Oil_Rents_GDP_Pct_lag1,primary,All_Eligible,Future_Period,train_to_2015__test_from_2016,Ridge,signal_increment,-0.003999999999999986,0.9985
M1_Macro_vs_M2_Macro_Oil__primary__All_Eligible,Oil_Rents_GDP_Pct_lag1,primary,All_Eligible,Future_Period,train_to_2015__test_from_2016,Ridge,signal_increment,-0.0034999999999999858,0.9965
M1_Macro_vs_M2_Macro_Oil__primary__All_Eligible,Oil_Rents_GDP_Pct_lag1,primary,All_Eligible,Future_Period,train_to_2015__test_from_2016,Ridge,signal_increment,-0.0029999999999999853,0.996
M1_Macro_vs_M2_Macro_Oil__primary__All_Eligible,Oil_Rents_GDP_Pct_lag1,primary,All_Eligible,Future_Period,train_to_2015__test_from_2016,Ridge,signal_increment,-0.002499999999999985,0.995
M1_Macro_vs_M2_Macro_Oil__primary__All_Eligible,Oil_Rents_GDP_Pct_lag1,primary,All_Eligible,Future_Period,train_to_2015__test_from_2016,Ridge,signal_increment,-0.0019999999999999844,0.991
M1_Macro_vs_M2_Macro_Oil__primary__All_Eligible,Oil_Rents_GDP_Pct_lag1,primary,All_Eligible,Future_Period,train_to_2015__test_from_2016,Ridge,signal_increment,-0.001499999999999984,0.9845
M1_Macro_vs_M2_Macro_Oil__primary__All_Eligible,Oil_Rents_GDP_Pct_lag1,primary,All_Eligible,Future_Period,train_to_2015__test_from_2016,Ridge,signal_increment,-0.0009999999999999835,0.9785
M1_Macro_vs_M2_Macro_Oil__primary__All_Eligible,Oil_Rents_GDP_Pct_lag1,primary,All_Eligible,Future_Period,train_to_2015__test_from_2016,Ridge,signal_increment,-0.0004999999999999831,0.97
M1_Macro_vs_M2_Macro_Oil__primary__All_Eligible,Oil_Rents_GDP_Pct_lag1,primary,All_Eligible,Future_Period,train_to_2015__test_from_2016,Ridge,signal_increment,1.734723475976807e-17,0.9635
M1_Macro_vs_M2_Macro_Oil__primary__All_Eligible,Oil_Rents_GDP_Pct_lag1,primary,All_Eligible,Future_Period,train_to_2015__test_from_2016,Ridge,signal_increment,0.0005000000000000178,0.955
M1_Macro_vs_M2_Macro_Oil__primary__All_Eligible,Oil_Rents_GDP_Pct_lag1,primary,All_Eligible,Future_Period,train_to_2015__test_from_2016,Ridge,signal_increment,0.0010000000000000182,0.939
M1_Macro_vs_M2_Macro_Oil__primary__All_Eligible,Oil_Rents_GDP_Pct_lag1,primary,All_Eligible,Future_Period,train_to_2015__test_from_2016,Ridge,signal_increment,0.0015000000000000187,0.9235
M1_Macro_vs_M2_Macro_Oil__primary__All_Eligible,Oil_Rents_GDP_Pct_lag1,primary,All_Eligible,Future_Period,train_to_2015__test_from_2016,Ridge,signal_increment,0.002000000000000019,0.9025
M1_Macro_vs_M2_Macro_Oil__primary__All_Eligible,Oil_Rents_GDP_Pct_lag1,primary,All_Eligible,Future_Period,train_to_2015__test_from_2016,Ridge,signal_increment,0.0025000000000000196,0.8725
M1_Macro_vs_M2_Macro_Oil__primary__All_Eligible,Oil_Rents_GDP_Pct_lag1,primary,All_Eligible,Future_Period,train_to_2015__test_from_2016,Ridge,signal_increment,0.00300000000000002,0.8435
M1_Macro_vs_M2_Macro_Oil__primary__All_Eligible,Oil_Rents_GDP_Pct_lag1,primary,All_Eligible,Future_Period,train_to_2015__test_from_2016,Ridge,signal_increment,0.0035000000000000205,0.8165
M1_Macro_vs_M2_Macro_Oil__primary__All_Eligible,Oil_Rents_GDP_Pct_lag1,primary,All_Eligible,Future_Period,train_to_2015__test_from_2016,Ridge,signal_increment,0.004000000000000021,0.7835
M1_Macro_vs_M2_Macro_Oil__primary__All_Eligible,Oil_Rents_GDP_Pct_lag1,primary,All_Eligible,Future_Period,train_to_2015__test_from_2016,Ridge,signal_increment,0.004500000000000021,0.753
M1_Macro_vs_M2_Macro_Oil__primary__All_Eligible,Oil_Rents_GDP_Pct_lag1,primary,All_Eligible,Future_Period,train_to_2015__test_from_2016,Ridge,signal_increment,0.005000000000000022,0.7155
M1_Macro_vs_M2_Macro_Oil__primary__All_Eligible,Oil_Rents_GDP_Pct_lag1,primary,All_Eligible,Future_Period,train_to_2015__test_from_2016,Ridge,signal_increment,0.005500000000000022,0.674
M1_Macro_vs_M2_Macro_Oil__primary__All_Eligible,Oil_Rents_GDP_Pct_lag1,primary,All_Eligible,Future_Period,train_to_2015__test_from_2016,Ridge,signal_increment,0.006000000000000023,0.629
M1_Macro_vs_M2_Macro_Oil__primary__All_Eligible,Oil_Rents_GDP_Pct_lag1,primary,All_Eligible,Future_Period,train_to_2015__test_from_2016,Ridge,signal_increment,0.006500000000000023,0.59
M1_Macro_vs_M2_Macro_Oil__primary__All_Eligible,Oil_Rents_GDP_Pct_lag1,primary,All_Eligible,Future_Period,train_to_2015__test_from_2016,Ridge,signal_increment,0.0070000000000000236,0.549
M1_Macro_vs_M2_Macro_Oil__primary__All_Eligible,Oil_Rents_GDP_Pct_lag1,primary,All_Eligible,Future_Period,train_to_2015__test_from_2016,Ridge,signal_increment,0.007500000000000024,0.509
M1_Macro_vs_M2_Macro_Oil__primary__All_Eligible,Oil_Rents_GDP_Pct_lag1,primary,All_Eligible,Future_Period,train_to_2015__test_from_2016,Ridge,signal_increment,0.008000000000000024,0.4625
M1_Macro_vs_M2_Macro_Oil__primary__All_Eligible,Oil_Rents_GDP_Pct_lag1,primary,All_Eligible,Future_Period,train_to_2015__test_from_2016,Ridge,signal_increment,0.008500000000000025,0.4215
M1_Macro_vs_M2_Macro_Oil__primary__All_Eligible,Oil_Rents_GDP_Pct_lag1,primary,All_Eligible,Future_Period,train_to_2015__test_from_2016,Ridge,signal_increment,0.009000000000000025,0.3815
M1_Macro_vs_M2_Macro_Oil__primary__All_Eligible,Oil_Rents_GDP_Pct_lag1,primary,All_Eligible,Future_Period,train_to_2015__test_from_2016,Ridge,signal_increment,0.009500000000000026,0.3405
M1_Macro_vs_M2_Macro_Oil__primary__All_Eligible,Oil_Rents_GDP_Pct_lag1,primary,All_Eligible,Future_Period,train_to_2015__test_from_2016,Ridge,signal_increment,0.010000000000000026,0.3065
M1_Macro_vs_M2_Macro_Oil__primary__All_Eligible,Oil_Rents_GDP_Pct_lag1,primary,All_Eligible,Future_Period,train_to_2015__test_from_2016,Ridge,signal_increment,0.010500000000000027,0.271
M1_Macro_vs_M2_Macro_Oil__primary__All_Eligible,Oil_Rents_GDP_Pct_lag1,primary,All_Eligible,Future_Period,train_to_2015__test_from_2016,Ridge,signal_increment,0.011000000000000027,0.2335
M1_Macro_vs_M2_Macro_Oil__primary__All_Eligible,Oil_Rents_GDP_Pct_lag1,primary,All_Eligible,Future_Period,train_to_2015__test_from_2016,Ridge,signal_increment,0.011500000000000028,0.2065
M1_Macro_vs_M2_Macro_Oil__primary__All_Eligible,Oil_Rents_GDP_Pct_lag1,primary,All_Eligible,Future_Period,train_to_2015__test_from_2016,Ridge,signal_increment,0.012000000000000028,0.1745
M1_Macro_vs_M2_Macro_Oil__primary__All_Eligible,Oil_Rents_GDP_Pct_lag1,primary,All_Eligible,Future_Period,train_to_2015__test_from_2016,Ridge,signal_increment,0.012500000000000028,0.148
M1_Macro_vs_M2_Macro_Oil__primary__All_Eligible,Oil_Rents_GDP_Pct_lag1,primary,All_Eligible,Future_Period,train_to_2015__test_from_2016,Ridge,signal_increment,0.013000000000000029,0.1305
M1_Macro_vs_M2_Macro_Oil__primary__All_Eligible,Oil_Rents_GDP_Pct_lag1,primary,All_Eligible,Future_Period,train_to_2015__test_from_2016,Ridge,signal_increment,0.01350000000000003,0.1115
M1_Macro_vs_M2_Macro_Oil__primary__All_Eligible,Oil_Rents_GDP_Pct_lag1,primary,All_Eligible,Future_Period,train_to_2015__test_from_2016,Ridge,signal_increment,0.01400000000000003,0.09
M1_Macro_vs_M2_Macro_Oil__primary__All_Eligible,Oil_Rents_GDP_Pct_lag1,primary,All_Eligible,Future_Period,train_to_2015__test_from_2016,Ridge,signal_increment,0.01450000000000003,0.0715
M1_Macro_vs_M2_Macro_Oil__primary__All_Eligible,Oil_Rents_GDP_Pct_lag1,primary,All_Eligible,Future_Period,train_to_2015__test_from_2016,Ridge,signal_increment,0.01500000000000003,0.061
M1_Macro_vs_M2_Macro_Oil__primary__All_Eligible,Oil_Rents_GDP_Pct_lag1,primary,All_Eligible,Future_Period,train_to_2015__test_from_2016,Ridge,signal_increment,0.015500000000000031,0.051
M1_Macro_vs_M2_Macro_Oil__primary__All_Eligible,Oil_Rents_GDP_Pct_lag1,primary,All_Eligible,Future_Period,train_to_2015__test_from_2016,Ridge,signal_increment,0.01600000000000003,0.0415
M1_Macro_vs_M2_Macro_Oil__primary__All_Eligible,Oil_Rents_GDP_Pct_lag1,primary,All_Eligible,Future_Period,train_to_2015__test_from_2016,Ridge,signal_increment,0.016500000000000032,0.0345
M1_Macro_vs_M2_Macro_Oil__primary__All_Eligible,Oil_Rents_GDP_Pct_lag1,primary,All_Eligible,Future_Period,train_to_2015__test_from_2016,Ridge,signal_increment,0.017000000000000032,0.0305
M1_Macro_vs_M2_Macro_Oil__primary__All_Eligible,Oil_Rents_GDP_Pct_lag1,primary,All_Eligible,Future_Period,train_to_2015__test_from_2016,Ridge,signal_increment,0.017500000000000033,0.0235
M1_Macro_vs_M2_Macro_Oil__primary__All_Eligible,Oil_Rents_GDP_Pct_lag1,primary,All_Eligible,Future_Period,train_to_2015__test_from_2016,Ridge,signal_increment,0.018000000000000033,0.0195
M1_Macro_vs_M2_Macro_Oil__primary__All_Eligible,Oil_Rents_GDP_Pct_lag1,primary,All_Eligible,Future_Period,train_to_2015__test_from_2016,Ridge,signal_increment,0.018500000000000034,0.0145
M1_Macro_vs_M2_Macro_Oil__primary__All_Eligible,Oil_Rents_GDP_Pct_lag1,primary,All_Eligible,Future_Period,train_to_2015__test_from_2016,Ridge,signal_increment,0.019000000000000034,0.013
M1_Macro_vs_M2_Macro_Oil__primary__All_Eligible,Oil_Rents_GDP_Pct_lag1,primary,All_Eligible,Future_Period,train_to_2015__test_from_2016,Ridge,signal_increment,0.019500000000000035,0.0075
M1_Macro_vs_M2_Macro_Oil__primary__All_Eligible,Oil_Rents_GDP_Pct_lag1,primary,All_Eligible,Future_Period,train_to_2015__test_from_2016,Ridge,signal_increment,0.020000000000000035,0.006
M1_Macro_vs_M2_Macro_Oil__primary__All_Eligible,Oil_Rents_GDP_Pct_lag1,primary,All_Eligible,Future_Period,train_to_2015__test_from_2016,Ridge,signal_increment,0.020500000000000036,0.0035
M1_Macro_vs_M2_Macro_Oil__primary__All_Eligible,Oil_Rents_GDP_Pct_lag1,primary,All_Eligible,Future_Period,train_to_2015__test_from_2016,Ridge,signal_increment,0.021000000000000036,0.0025
M1_Macro_vs_M2_Macro_Oil__primary__All_Eligible,Oil_Rents_GDP_Pct_lag1,primary,All_Eligible,Future_Period,train_to_2015__test_from_2016,Ridge,signal_increment,0.021500000000000036,0.0015
M1_Macro_vs_M2_Macro_Oil__primary__All_Eligible,Oil_Rents_GDP_Pct_lag1,primary,All_Eligible,Future_Period,train_to_2015__test_from_2016,Ridge,signal_increment,0.022000000000000037,0.001
M1_Macro_vs_M2_Macro_Oil__primary__All_Eligible,Oil_Rents_GDP_Pct_lag1,primary,All_Eligible,Future_Period,train_to_2015__test_from_2016,Ridge,signal_increment,0.022500000000000037,0.001
M1_Macro_vs_M2_Macro_Oil__primary__All_Eligible,Oil_Rents_GDP_Pct_lag1,primary,All_Eligible,Future_Period,train_to_2015__test_from_2016,Ridge,signal_increment,0.023000000000000038,0.001
M1_Macro_vs_M2_Macro_Oil__primary__All_Eligible,Oil_Rents_GDP_Pct_lag1,primary,All_Eligible,Future_Period,train_to_2015__test_from_2016,Ridge,signal_increment,0.023500000000000038,0.0005
M1_Macro_vs_M2_Macro_Oil__primary__All_Eligible,Oil_Rents_GDP_Pct_lag1,primary,All_Eligible,Future_Period,train_to_2015__test_from_2016,Ridge,signal_increment,0.02400000000000004,0.0005
M1_Macro_vs_M2_Macro_Oil__primary__All_Eligible,Oil_Rents_GDP_Pct_lag1,primary,All_Eligible,Future_Period,train_to_2015__test_from_2016,Ridge,signal_increment,0.02450000000000004,0.0005
M1_Macro_vs_M2_Macro_Oil__primary__All_Eligible,Oil_Rents_GDP_Pct_lag1,primary,All_Eligible,Future_Period,train_to_2015__test_from_2016,Ridge,signal_increment,0.02500000000000004,0.0005
M1_Macro_vs_M2_Macro_Oil__primary__All_Eligible,Oil_Rents_GDP_Pct_lag1,primary,All_Eligible,Future_Period,train_to_2015__test_from_2016,Ridge,signal_increment,0.02550000000000004,0.0005
M1_Macro_vs_M2_Macro_Oil__primary__All_Eligible,Oil_Rents_GDP_Pct_lag1,primary,All_Eligible,Future_Period,train_to_2015__test_from_2016,Ridge,signal_increment,0.02600000000000004,0.0005
M1_Macro_vs_M2_Macro_Oil__primary__All_Eligible,Oil_Rents_GDP_Pct_lag1,primary,All_Eligible,Future_Period,train_to_2015__test_from_2016,Ridge,signal_increment,0.02650000000000004,0.0005
M1_Macro_vs_M2_Macro_Oil__primary__All_Eligible,Oil_Rents_GDP_Pct_lag1,primary,All_Eligible,Future_Period,train_to_2015__test_from_2016,Ridge,signal_increment,0.02700000000000004,0.0005
M1_Macro_vs_M2_Macro_Oil__primary__All_Eligible,Oil_Rents_GDP_Pct_lag1,primary,All_Eligible,Future_Period,train_to_2015__test_from_2016,Ridge,signal_increment,0.027500000000000042,0.0005
M1_Macro_vs_M2_Macro_Oil__primary__All_Eligible,Oil_Rents_GDP_Pct_lag1,primary,All_Eligible,Future_Period,train_to_2015__test_from_2016,Ridge,signal_increment,0.028000000000000042,0.0
M1_Macro_vs_M2_Macro_Oil__primary__All_Eligible,Oil_Rents_GDP_Pct_lag1,primary,All_Eligible,Future_Period,train_to_2015__test_from_2016,Ridge,signal_increment,0.028500000000000043,0.0
M1_Macro_vs_M2_Macro_Oil__primary__All_Eligible,Oil_Rents_GDP_Pct_lag1,primary,All_Eligible,Future_Period,train_to_2015__test_from_2016,Ridge,signal_increment,0.029000000000000043,0.0
M1_Macro_vs_M2_Macro_Oil__primary__All_Eligible,Oil_Rents_GDP_Pct_lag1,primary,All_Eligible,Future_Period,train_to_2015__test_from_2016,Ridge,signal_increment,0.029500000000000044,0.0
M1_Macro_vs_M2_Macro_Oil__primary__All_Eligible,Oil_Rents_GDP_Pct_lag1,primary,All_Eligible,Future_Period,train_to_2015__test_from_2016,Ridge,signal_increment,0.030000000000000044,0.0
M1_Macro_vs_M2_Macro_Oil__primary__All_Eligible,Oil_Rents_GDP_Pct_lag1,primary,All_Eligible,Future_Period,train_to_2015__test_from_2016,Ridge,added_model_vs_strongest_benchmark,-0.02,1.0
M1_Macro_vs_M2_Macro_Oil__primary__All_Eligible,Oil_Rents_GDP_Pct_lag1,primary,All_Eligible,Future_Period,train_to_2015__test_from_2016,Ridge,added_model_vs_strongest_benchmark,-0.0195,1.0
M1_Macro_vs_M2_Macro_Oil__primary__All_Eligible,Oil_Rents_GDP_Pct_lag1,primary,All_Eligible,Future_Period,train_to_2015__test_from_2016,Ridge,added_model_vs_strongest_benchmark,-0.019,1.0
M1_Macro_vs_M2_Macro_Oil__primary__All_Eligible,Oil_Rents_GDP_Pct_lag1,primary,All_Eligible,Future_Period,train_to_2015__test_from_2016,Ridge,added_model_vs_strongest_benchmark,-0.0185,1.0
M1_Macro_vs_M2_Macro_Oil__primary__All_Eligible,Oil_Rents_GDP_Pct_lag1,primary,All_Eligible,Future_Period,train_to_2015__test_from_2016,Ridge,added_model_vs_strongest_benchmark,-0.018,1.0
M1_Macro_vs_M2_Macro_Oil__primary__All_Eligible,Oil_Rents_GDP_Pct_lag1,primary,All_Eligible,Future_Period,train_to_2015__test_from_2016,Ridge,added_model_vs_strongest_benchmark,-0.017499999999999998,1.0
M1_Macro_vs_M2_Macro_Oil__primary__All_Eligible,Oil_Rents_GDP_Pct_lag1,primary,All_Eligible,Future_Period,train_to_2015__test_from_2016,Ridge,added_model_vs_strongest_benchmark,-0.016999999999999998,1.0
M1_Macro_vs_M2_Macro_Oil__primary__All_Eligible,Oil_Rents_GDP_Pct_lag1,primary,All_Eligible,Future_Period,train_to_2015__test_from_2016,Ridge,added_model_vs_strongest_benchmark,-0.016499999999999997,1.0
M1_Macro_vs_M2_Macro_Oil__primary__All_Eligible,Oil_Rents_GDP_Pct_lag1,primary,All_Eligible,Future_Period,train_to_2015__test_from_2016,Ridge,added_model_vs_strongest_benchmark,-0.015999999999999997,1.0
M1_Macro_vs_M2_Macro_Oil__primary__All_Eligible,Oil_Rents_GDP_Pct_lag1,primary,All_Eligible,Future_Period,train_to_2015__test_from_2016,Ridge,added_model_vs_strongest_benchmark,-0.015499999999999996,1.0
M1_Macro_vs_M2_Macro_Oil__primary__All_Eligible,Oil_Rents_GDP_Pct_lag1,primary,All_Eligible,Future_Period,train_to_2015__test_from_2016,Ridge,added_model_vs_strongest_benchmark,-0.014999999999999996,1.0
M1_Macro_vs_M2_Macro_Oil__primary__All_Eligible,Oil_Rents_GDP_Pct_lag1,primary,All_Eligible,Future_Period,train_to_2015__test_from_2016,Ridge,added_model_vs_strongest_benchmark,-0.014499999999999996,1.0
M1_Macro_vs_M2_Macro_Oil__primary__All_Eligible,Oil_Rents_GDP_Pct_lag1,primary,All_Eligible,Future_Period,train_to_2015__test_from_2016,Ridge,added_model_vs_strongest_benchmark,-0.013999999999999995,1.0
M1_Macro_vs_M2_Macro_Oil__primary__All_Eligible,Oil_Rents_GDP_Pct_lag1,primary,All_Eligible,Future_Period,train_to_2015__test_from_2016,Ridge,added_model_vs_strongest_benchmark,-0.013499999999999995,1.0
M1_Macro_vs_M2_Macro_Oil__primary__All_Eligible,Oil_Rents_GDP_Pct_lag1,primary,All_Eligible,Future_Period,train_to_2015__test_from_2016,Ridge,added_model_vs_strongest_benchmark,-0.012999999999999994,1.0
M1_Macro_vs_M2_Macro_Oil__primary__All_Eligible,Oil_Rents_GDP_Pct_lag1,primary,All_Eligible,Future_Period,train_to_2015__test_from_2016,Ridge,added_model_vs_strongest_benchmark,-0.012499999999999994,1.0
M1_Macro_vs_M2_Macro_Oil__primary__All_Eligible,Oil_Rents_GDP_Pct_lag1,primary,All_Eligible,Future_Period,train_to_2015__test_from_2016,Ridge,added_model_vs_strongest_benchmark,-0.011999999999999993,1.0
M1_Macro_vs_M2_Macro_Oil__primary__All_Eligible,Oil_Rents_GDP_Pct_lag1,primary,All_Eligible,Future_Period,train_to_2015__test_from_2016,Ridge,added_model_vs_strongest_benchmark,-0.011499999999999993,1.0
M1_Macro_vs_M2_Macro_Oil__primary__All_Eligible,Oil_Rents_GDP_Pct_lag1,primary,All_Eligible,Future_Period,train_to_2015__test_from_2016,Ridge,added_model_vs_strongest_benchmark,-0.010999999999999992,1.0
M1_Macro_vs_M2_Macro_Oil__primary__All_Eligible,Oil_Rents_GDP_Pct_lag1,primary,All_Eligible,Future_Period,train_to_2015__test_from_2016,Ridge,added_model_vs_strongest_benchmark,-0.010499999999999992,1.0
M1_Macro_vs_M2_Macro_Oil__primary__All_Eligible,Oil_Rents_GDP_Pct_lag1,primary,All_Eligible,Future_Period,train_to_2015__test_from_2016,Ridge,added_model_vs_strongest_benchmark,-0.009999999999999992,1.0
M1_Macro_vs_M2_Macro_Oil__primary__All_Eligible,Oil_Rents_GDP_Pct_lag1,primary,All_Eligible,Future_Period,train_to_2015__test_from_2016,Ridge,added_model_vs_strongest_benchmark,-0.009499999999999991,1.0
M1_Macro_vs_M2_Macro_Oil__primary__All_Eligible,Oil_Rents_GDP_Pct_lag1,primary,All_Eligible,Future_Period,train_to_2015__test_from_2016,Ridge,added_model_vs_strongest_benchmark,-0.00899999999999999,1.0
M1_Macro_vs_M2_Macro_Oil__primary__All_Eligible,Oil_Rents_GDP_Pct_lag1,primary,All_Eligible,Future_Period,train_to_2015__test_from_2016,Ridge,added_model_vs_strongest_benchmark,-0.00849999999999999,1.0
M1_Macro_vs_M2_Macro_Oil__primary__All_Eligible,Oil_Rents_GDP_Pct_lag1,primary,All_Eligible,Future_Period,train_to_2015__test_from_2016,Ridge,added_model_vs_strongest_benchmark,-0.00799999999999999,1.0
M1_Macro_vs_M2_Macro_Oil__primary__All_Eligible,Oil_Rents_GDP_Pct_lag1,primary,All_Eligible,Future_Period,train_to_2015__test_from_2016,Ridge,added_model_vs_strongest_benchmark,-0.007499999999999989,1.0
M1_Macro_vs_M2_Macro_Oil__primary__All_Eligible,Oil_Rents_GDP_Pct_lag1,primary,All_Eligible,Future_Period,train_to_2015__test_from_2016,Ridge,added_model_vs_strongest_benchmark,-0.006999999999999989,1.0
M1_Macro_vs_M2_Macro_Oil__primary__All_Eligible,Oil_Rents_GDP_Pct_lag1,primary,All_Eligible,Future_Period,train_to_2015__test_from_2016,Ridge,added_model_vs_strongest_benchmark,-0.006499999999999988,1.0
M1_Macro_vs_M2_Macro_Oil__primary__All_Eligible,Oil_Rents_GDP_Pct_lag1,primary,All_Eligible,Future_Period,train_to_2015__test_from_2016,Ridge,added_model_vs_strongest_benchmark,-0.005999999999999988,1.0
M1_Macro_vs_M2_Macro_Oil__primary__All_Eligible,Oil_Rents_GDP_Pct_lag1,primary,All_Eligible,Future_Period,train_to_2015__test_from_2016,Ridge,added_model_vs_strongest_benchmark,-0.0054999999999999875,1.0
M1_Macro_vs_M2_Macro_Oil__primary__All_Eligible,Oil_Rents_GDP_Pct_lag1,primary,All_Eligible,Future_Period,train_to_2015__test_from_2016,Ridge,added_model_vs_strongest_benchmark,-0.004999999999999987,1.0
M1_Macro_vs_M2_Macro_Oil__primary__All_Eligible,Oil_Rents_GDP_Pct_lag1,primary,All_Eligible,Future_Period,train_to_2015__test_from_2016,Ridge,added_model_vs_strongest_benchmark,-0.004499999999999987,1.0
M1_Macro_vs_M2_Macro_Oil__primary__All_Eligible,Oil_Rents_GDP_Pct_lag1,primary,All_Eligible,Future_Period,train_to_2015__test_from_2016,Ridge,added_model_vs_strongest_benchmark,-0.003999999999999986,1.0
M1_Macro_vs_M2_Macro_Oil__primary__All_Eligible,Oil_Rents_GDP_Pct_lag1,primary,All_Eligible,Future_Period,train_to_2015__test_from_2016,Ridge,added_model_vs_strongest_benchmark,-0.0034999999999999858,1.0
M1_Macro_vs_M2_Macro_Oil__primary__All_Eligible,Oil_Rents_GDP_Pct_lag1,primary,All_Eligible,Future_Period,train_to_2015__test_from_2016,Ridge,added_model_vs_strongest_benchmark,-0.0029999999999999853,1.0
M1_Macro_vs_M2_Macro_Oil__primary__All_Eligible,Oil_Rents_GDP_Pct_lag1,primary,All_Eligible,Future_Period,train_to_2015__test_from_2016,Ridge,added_model_vs_strongest_benchmark,-0.002499999999999985,1.0
M1_Macro_vs_M2_Macro_Oil__primary__All_Eligible,Oil_Rents_GDP_Pct_lag1,primary,All_Eligible,Future_Period,train_to_2015__test_from_2016,Ridge,added_model_vs_strongest_benchmark,-0.0019999999999999844,1.0
M1_Macro_vs_M2_Macro_Oil__primary__All_Eligible,Oil_Rents_GDP_Pct_lag1,primary,All_Eligible,Future_Period,train_to_2015__test_from_2016,Ridge,added_model_vs_strongest_benchmark,-0.001499999999999984,1.0
M1_Macro_vs_M2_Macro_Oil__primary__All_Eligible,Oil_Rents_GDP_Pct_lag1,primary,All_Eligible,Future_Period,train_to_2015__test_from_2016,Ridge,added_model_vs_strongest_benchmark,-0.0009999999999999835,1.0
M1_Macro_vs_M2_Macro_Oil__primary__All_Eligible,Oil_Rents_GDP_Pct_lag1,primary,All_Eligible,Future_Period,train_to_2015__test_from_2016,Ridge,added_model_vs_strongest_benchmark,-0.0004999999999999831,1.0
M1_Macro_vs_M2_Macro_Oil__primary__All_Eligible,Oil_Rents_GDP_Pct_lag1,primary,All_Eligible,Future_Period,train_to_2015__test_from_2016,Ridge,added_model_vs_strongest_benchmark,1.734723475976807e-17,1.0
M1_Macro_vs_M2_Macro_Oil__primary__All_Eligible,Oil_Rents_GDP_Pct_lag1,primary,All_Eligible,Future_Period,train_to_2015__test_from_2016,Ridge,added_model_vs_strongest_benchmark,0.0005000000000000178,1.0
M1_Macro_vs_M2_Macro_Oil__primary__All_Eligible,Oil_Rents_GDP_Pct_lag1,primary,All_Eligible,Future_Period,train_to_2015__test_from_2016,Ridge,added_model_vs_strongest_benchmark,0.0010000000000000182,1.0
M1_Macro_vs_M2_Macro_Oil__primary__All_Eligible,Oil_Rents_GDP_Pct_lag1,primary,All_Eligible,Future_Period,train_to_2015__test_from_2016,Ridge,added_model_vs_strongest_benchmark,0.0015000000000000187,1.0
M1_Macro_vs_M2_Macro_Oil__primary__All_Eligible,Oil_Rents_GDP_Pct_lag1,primary,All_Eligible,Future_Period,train_to_2015__test_from_2016,Ridge,added_model_vs_strongest_benchmark,0.002000000000000019,1.0
M1_Macro_vs_M2_Macro_Oil__primary__All_Eligible,Oil_Rents_GDP_Pct_lag1,primary,All_Eligible,Future_Period,train_to_2015__test_from_2016,Ridge,added_model_vs_strongest_benchmark,0.0025000000000000196,1.0
M1_Macro_vs_M2_Macro_Oil__primary__All_Eligible,Oil_Rents_GDP_Pct_lag1,primary,All_Eligible,Future_Period,train_to_2015__test_from_2016,Ridge,added_model_vs_strongest_benchmark,0.00300000000000002,1.0
M1_Macro_vs_M2_Macro_Oil__primary__All_Eligible,Oil_Rents_GDP_Pct_lag1,primary,All_Eligible,Future_Period,train_to_2015__test_from_2016,Ridge,added_model_vs_strongest_benchmark,0.0035000000000000205,1.0
M1_Macro_vs_M2_Macro_Oil__primary__All_Eligible,Oil_Rents_GDP_Pct_lag1,primary,All_Eligible,Future_Period,train_to_2015__test_from_2016,Ridge,added_model_vs_strongest_benchmark,0.004000000000000021,1.0
M1_Macro_vs_M2_Macro_Oil__primary__All_Eligible,Oil_Rents_GDP_Pct_lag1,primary,All_Eligible,Future_Period,train_to_2015__test_from_2016,Ridge,added_model_vs_strongest_benchmark,0.004500000000000021,1.0
M1_Macro_vs_M2_Macro_Oil__primary__All_Eligible,Oil_Rents_GDP_Pct_lag1,primary,All_Eligible,Future_Period,train_to_2015__test_from_2016,Ridge,added_model_vs_strongest_benchmark,0.005000000000000022,1.0
M1_Macro_vs_M2_Macro_Oil__primary__All_Eligible,Oil_Rents_GDP_Pct_lag1,primary,All_Eligible,Future_Period,train_to_2015__test_from_2016,Ridge,added_model_vs_strongest_benchmark,0.005500000000000022,1.0
M1_Macro_vs_M2_Macro_Oil__primary__All_Eligible,Oil_Rents_GDP_Pct_lag1,primary,All_Eligible,Future_Period,train_to_2015__test_from_2016,Ridge,added_model_vs_strongest_benchmark,0.006000000000000023,1.0
M1_Macro_vs_M2_Macro_Oil__primary__All_Eligible,Oil_Rents_GDP_Pct_lag1,primary,All_Eligible,Future_Period,train_to_2015__test_from_2016,Ridge,added_model_vs_strongest_benchmark,0.006500000000000023,1.0
M1_Macro_vs_M2_Macro_Oil__primary__All_Eligible,Oil_Rents_GDP_Pct_lag1,primary,All_Eligible,Future_Period,train_to_2015__test_from_2016,Ridge,added_model_vs_strongest_benchmark,0.0070000000000000236,1.0
M1_Macro_vs_M2_Macro_Oil__primary__All_Eligible,Oil_Rents_GDP_Pct_lag1,primary,All_Eligible,Future_Period,train_to_2015__test_from_2016,Ridge,added_model_vs_strongest_benchmark,0.007500000000000024,1.0
M1_Macro_vs_M2_Macro_Oil__primary__All_Eligible,Oil_Rents_GDP_Pct_lag1,primary,All_Eligible,Future_Period,train_to_2015__test_from_2016,Ridge,added_model_vs_strongest_benchmark,0.008000000000000024,1.0
M1_Macro_vs_M2_Macro_Oil__primary__All_Eligible,Oil_Rents_GDP_Pct_lag1,primary,All_Eligible,Future_Period,train_to_2015__test_from_2016,Ridge,added_model_vs_strongest_benchmark,0.008500000000000025,1.0
M1_Macro_vs_M2_Macro_Oil__primary__All_Eligible,Oil_Rents_GDP_Pct_lag1,primary,All_Eligible,Future_Period,train_to_2015__test_from_2016,Ridge,added_model_vs_strongest_benchmark,0.009000000000000025,1.0
M1_Macro_vs_M2_Macro_Oil__primary__All_Eligible,Oil_Rents_GDP_Pct_lag1,primary,All_Eligible,Future_Period,train_to_2015__test_from_2016,Ridge,added_model_vs_strongest_benchmark,0.009500000000000026,1.0
M1_Macro_vs_M2_Macro_Oil__primary__All_Eligible,Oil_Rents_GDP_Pct_lag1,primary,All_Eligible,Future_Period,train_to_2015__test_from_2016,Ridge,added_model_vs_strongest_benchmark,0.010000000000000026,1.0
M1_Macro_vs_M2_Macro_Oil__primary__All_Eligible,Oil_Rents_GDP_Pct_lag1,primary,All_Eligible,Future_Period,train_to_2015__test_from_2016,Ridge,added_model_vs_strongest_benchmark,0.010500000000000027,1.0
M1_Macro_vs_M2_Macro_Oil__primary__All_Eligible,Oil_Rents_GDP_Pct_lag1,primary,All_Eligible,Future_Period,train_to_2015__test_from_2016,Ridge,added_model_vs_strongest_benchmark,0.011000000000000027,1.0
M1_Macro_vs_M2_Macro_Oil__primary__All_Eligible,Oil_Rents_GDP_Pct_lag1,primary,All_Eligible,Future_Period,train_to_2015__test_from_2016,Ridge,added_model_vs_strongest_benchmark,0.011500000000000028,1.0
M1_Macro_vs_M2_Macro_Oil__primary__All_Eligible,Oil_Rents_GDP_Pct_lag1,primary,All_Eligible,Future_Period,train_to_2015__test_from_2016,Ridge,added_model_vs_strongest_benchmark,0.012000000000000028,1.0
M1_Macro_vs_M2_Macro_Oil__primary__All_Eligible,Oil_Rents_GDP_Pct_lag1,primary,All_Eligible,Future_Period,train_to_2015__test_from_2016,Ridge,added_model_vs_strongest_benchmark,0.012500000000000028,1.0
M1_Macro_vs_M2_Macro_Oil__primary__All_Eligible,Oil_Rents_GDP_Pct_lag1,primary,All_Eligible,Future_Period,train_to_2015__test_from_2016,Ridge,added_model_vs_strongest_benchmark,0.013000000000000029,1.0
M1_Macro_vs_M2_Macro_Oil__primary__All_Eligible,Oil_Rents_GDP_Pct_lag1,primary,All_Eligible,Future_Period,train_to_2015__test_from_2016,Ridge,added_model_vs_strongest_benchmark,0.01350000000000003,1.0
M1_Macro_vs_M2_Macro_Oil__primary__All_Eligible,Oil_Rents_GDP_Pct_lag1,primary,All_Eligible,Future_Period,train_to_2015__test_from_2016,Ridge,added_model_vs_strongest_benchmark,0.01400000000000003,1.0
M1_Macro_vs_M2_Macro_Oil__primary__All_Eligible,Oil_Rents_GDP_Pct_lag1,primary,All_Eligible,Future_Period,train_to_2015__test_from_2016,Ridge,added_model_vs_strongest_benchmark,0.01450000000000003,1.0
M1_Macro_vs_M2_Macro_Oil__primary__All_Eligible,Oil_Rents_GDP_Pct_lag1,primary,All_Eligible,Future_Period,train_to_2015__test_from_2016,Ridge,added_model_vs_strongest_benchmark,0.01500000000000003,1.0
M1_Macro_vs_M2_Macro_Oil__primary__All_Eligible,Oil_Rents_GDP_Pct_lag1,primary,All_Eligible,Future_Period,train_to_2015__test_from_2016,Ridge,added_model_vs_strongest_benchmark,0.015500000000000031,1.0
M1_Macro_vs_M2_Macro_Oil__primary__All_Eligible,Oil_Rents_GDP_Pct_lag1,primary,All_Eligible,Future_Period,train_to_2015__test_from_2016,Ridge,added_model_vs_strongest_benchmark,0.01600000000000003,1.0
M1_Macro_vs_M2_Macro_Oil__primary__All_Eligible,Oil_Rents_GDP_Pct_lag1,primary,All_Eligible,Future_Period,train_to_2015__test_from_2016,Ridge,added_model_vs_strongest_benchmark,0.016500000000000032,1.0
M1_Macro_vs_M2_Macro_Oil__primary__All_Eligible,Oil_Rents_GDP_Pct_lag1,primary,All_Eligible,Future_Period,train_to_2015__test_from_2016,Ridge,added_model_vs_strongest_benchmark,0.017000000000000032,1.0
M1_Macro_vs_M2_Macro_Oil__primary__All_Eligible,Oil_Rents_GDP_Pct_lag1,primary,All_Eligible,Future_Period,train_to_2015__test_from_2016,Ridge,added_model_vs_strongest_benchmark,0.017500000000000033,1.0
M1_Macro_vs_M2_Macro_Oil__primary__All_Eligible,Oil_Rents_GDP_Pct_lag1,primary,All_Eligible,Future_Period,train_to_2015__test_from_2016,Ridge,added_model_vs_strongest_benchmark,0.018000000000000033,1.0
M1_Macro_vs_M2_Macro_Oil__primary__All_Eligible,Oil_Rents_GDP_Pct_lag1,primary,All_Eligible,Future_Period,train_to_2015__test_from_2016,Ridge,added_model_vs_strongest_benchmark,0.018500000000000034,1.0
M1_Macro_vs_M2_Macro_Oil__primary__All_Eligible,Oil_Rents_GDP_Pct_lag1,primary,All_Eligible,Future_Period,train_to_2015__test_from_2016,Ridge,added_model_vs_strongest_benchmark,0.019000000000000034,1.0
M1_Macro_vs_M2_Macro_Oil__primary__All_Eligible,Oil_Rents_GDP_Pct_lag1,primary,All_Eligible,Future_Period,train_to_2015__test_from_2016,Ridge,added_model_vs_strongest_benchmark,0.019500000000000035,1.0
M1_Macro_vs_M2_Macro_Oil__primary__All_Eligible,Oil_Rents_GDP_Pct_lag1,primary,All_Eligible,Future_Period,train_to_2015__test_from_2016,Ridge,added_model_vs_strongest_benchmark,0.020000000000000035,1.0
M1_Macro_vs_M2_Macro_Oil__primary__All_Eligible,Oil_Rents_GDP_Pct_lag1,primary,All_Eligible,Future_Period,train_to_2015__test_from_2016,Ridge,added_model_vs_strongest_benchmark,0.020500000000000036,1.0
M1_Macro_vs_M2_Macro_Oil__primary__All_Eligible,Oil_Rents_GDP_Pct_lag1,primary,All_Eligible,Future_Period,train_to_2015__test_from_2016,Ridge,added_model_vs_strongest_benchmark,0.021000000000000036,1.0
M1_Macro_vs_M2_Macro_Oil__primary__All_Eligible,Oil_Rents_GDP_Pct_lag1,primary,All_Eligible,Future_Period,train_to_2015__test_from_2016,Ridge,added_model_vs_strongest_benchmark,0.021500000000000036,1.0
M1_Macro_vs_M2_Macro_Oil__primary__All_Eligible,Oil_Rents_GDP_Pct_lag1,primary,All_Eligible,Future_Period,train_to_2015__test_from_2016,Ridge,added_model_vs_strongest_benchmark,0.022000000000000037,1.0
M1_Macro_vs_M2_Macro_Oil__primary__All_Eligible,Oil_Rents_GDP_Pct_lag1,primary,All_Eligible,Future_Period,train_to_2015__test_from_2016,Ridge,added_model_vs_strongest_benchmark,0.022500000000000037,1.0
M1_Macro_vs_M2_Macro_Oil__primary__All_Eligible,Oil_Rents_GDP_Pct_lag1,primary,All_Eligible,Future_Period,train_to_2015__test_from_2016,Ridge,added_model_vs_strongest_benchmark,0.023000000000000038,1.0
M1_Macro_vs_M2_Macro_Oil__primary__All_Eligible,Oil_Rents_GDP_Pct_lag1,primary,All_Eligible,Future_Period,train_to_2015__test_from_2016,Ridge,added_model_vs_strongest_benchmark,0.023500000000000038,1.0
M1_Macro_vs_M2_Macro_Oil__primary__All_Eligible,Oil_Rents_GDP_Pct_lag1,primary,All_Eligible,Future_Period,train_to_2015__test_from_2016,Ridge,added_model_vs_strongest_benchmark,0.02400000000000004,1.0
M1_Macro_vs_M2_Macro_Oil__primary__All_Eligible,Oil_Rents_GDP_Pct_lag1,primary,All_Eligible,Future_Period,train_to_2015__test_from_2016,Ridge,added_model_vs_strongest_benchmark,0.02450000000000004,1.0
M1_Macro_vs_M2_Macro_Oil__primary__All_Eligible,Oil_Rents_GDP_Pct_lag1,primary,All_Eligible,Future_Period,train_to_2015__test_from_2016,Ridge,added_model_vs_strongest_benchmark,0.02500000000000004,1.0
M1_Macro_vs_M2_Macro_Oil__primary__All_Eligible,Oil_Rents_GDP_Pct_lag1,primary,All_Eligible,Future_Period,train_to_2015__test_from_2016,Ridge,added_model_vs_strongest_benchmark,0.02550000000000004,1.0
M1_Macro_vs_M2_Macro_Oil__primary__All_Eligible,Oil_Rents_GDP_Pct_lag1,primary,All_Eligible,Future_Period,train_to_2015__test_from_2016,Ridge,added_model_vs_strongest_benchmark,0.02600000000000004,1.0
M1_Macro_vs_M2_Macro_Oil__primary__All_Eligible,Oil_Rents_GDP_Pct_lag1,primary,All_Eligible,Future_Period,train_to_2015__test_from_2016,Ridge,added_model_vs_strongest_benchmark,0.02650000000000004,1.0
M1_Macro_vs_M2_Macro_Oil__primary__All_Eligible,Oil_Rents_GDP_Pct_lag1,primary,All_Eligible,Future_Period,train_to_2015__test_from_2016,Ridge,added_model_vs_strongest_benchmark,0.02700000000000004,1.0
M1_Macro_vs_M2_Macro_Oil__primary__All_Eligible,Oil_Rents_GDP_Pct_lag1,primary,All_Eligible,Future_Period,train_to_2015__test_from_2016,Ridge,added_model_vs_strongest_benchmark,0.027500000000000042,1.0
M1_Macro_vs_M2_Macro_Oil__primary__All_Eligible,Oil_Rents_GDP_Pct_lag1,primary,All_Eligible,Future_Period,train_to_2015__test_from_2016,Ridge,added_model_vs_strongest_benchmark,0.028000000000000042,1.0
M1_Macro_vs_M2_Macro_Oil__primary__All_Eligible,Oil_Rents_GDP_Pct_lag1,primary,All_Eligible,Future_Period,train_to_2015__test_from_2016,Ridge,added_model_vs_strongest_benchmark,0.028500000000000043,1.0
M1_Macro_vs_M2_Macro_Oil__primary__All_Eligible,Oil_Rents_GDP_Pct_lag1,primary,All_Eligible,Future_Period,train_to_2015__test_from_2016,Ridge,added_model_vs_strongest_benchmark,0.029000000000000043,1.0
M1_Macro_vs_M2_Macro_Oil__primary__All_Eligible,Oil_Rents_GDP_Pct_lag1,primary,All_Eligible,Future_Period,train_to_2015__test_from_2016,Ridge,added_model_vs_strongest_benchmark,0.029500000000000044,1.0
M1_Macro_vs_M2_Macro_Oil__primary__All_Eligible,Oil_Rents_GDP_Pct_lag1,primary,All_Eligible,Future_Period,train_to_2015__test_from_2016,Ridge,added_model_vs_strongest_benchmark,0.030000000000000044,1.0
M1_Macro_vs_M2_Macro_Oil__primary__All_Eligible,Oil_Rents_GDP_Pct_lag1,primary,All_Eligible,Future_Period,train_to_2015__test_from_2016,ElasticNet,signal_increment,-0.02,1.0
M1_Macro_vs_M2_Macro_Oil__primary__All_Eligible,Oil_Rents_GDP_Pct_lag1,primary,All_Eligible,Future_Period,train_to_2015__test_from_2016,ElasticNet,signal_increment,-0.0195,1.0
M1_Macro_vs_M2_Macro_Oil__primary__All_Eligible,Oil_Rents_GDP_Pct_lag1,primary,All_Eligible,Future_Period,train_to_2015__test_from_2016,ElasticNet,signal_increment,-0.019,1.0
M1_Macro_vs_M2_Macro_Oil__primary__All_Eligible,Oil_Rents_GDP_Pct_lag1,primary,All_Eligible,Future_Period,train_to_2015__test_from_2016,ElasticNet,signal_increment,-0.0185,1.0
M1_Macro_vs_M2_Macro_Oil__primary__All_Eligible,Oil_Rents_GDP_Pct_lag1,primary,All_Eligible,Future_Period,train_to_2015__test_from_2016,ElasticNet,signal_increment,-0.018,1.0
M1_Macro_vs_M2_Macro_Oil__primary__All_Eligible,Oil_Rents_GDP_Pct_lag1,primary,All_Eligible,Future_Period,train_to_2015__test_from_2016,ElasticNet,signal_increment,-0.017499999999999998,1.0
M1_Macro_vs_M2_Macro_Oil__primary__All_Eligible,Oil_Rents_GDP_Pct_lag1,primary,All_Eligible,Future_Period,train_to_2015__test_from_2016,ElasticNet,signal_increment,-0.016999999999999998,1.0
M1_Macro_vs_M2_Macro_Oil__primary__All_Eligible,Oil_Rents_GDP_Pct_lag1,primary,All_Eligible,Future_Period,train_to_2015__test_from_2016,ElasticNet,signal_increment,-0.016499999999999997,1.0
M1_Macro_vs_M2_Macro_Oil__primary__All_Eligible,Oil_Rents_GDP_Pct_lag1,primary,All_Eligible,Future_Period,train_to_2015__test_from_2016,ElasticNet,signal_increment,-0.015999999999999997,1.0
M1_Macro_vs_M2_Macro_Oil__primary__All_Eligible,Oil_Rents_GDP_Pct_lag1,primary,All_Eligible,Future_Period,train_to_2015__test_from_2016,ElasticNet,signal_increment,-0.015499999999999996,1.0
M1_Macro_vs_M2_Macro_Oil__primary__All_Eligible,Oil_Rents_GDP_Pct_lag1,primary,All_Eligible,Future_Period,train_to_2015__test_from_2016,ElasticNet,signal_increment,-0.014999999999999996,1.0
M1_Macro_vs_M2_Macro_Oil__primary__All_Eligible,Oil_Rents_GDP_Pct_lag1,primary,All_Eligible,Future_Period,train_to_2015__test_from_2016,ElasticNet,signal_increment,-0.014499999999999996,1.0
M1_Macro_vs_M2_Macro_Oil__primary__All_Eligible,Oil_Rents_GDP_Pct_lag1,primary,All_Eligible,Future_Period,train_to_2015__test_from_2016,ElasticNet,signal_increment,-0.013999999999999995,1.0
M1_Macro_vs_M2_Macro_Oil__primary__All_Eligible,Oil_Rents_GDP_Pct_lag1,primary,All_Eligible,Future_Period,train_to_2015__test_from_2016,ElasticNet,signal_increment,-0.013499999999999995,1.0
M1_Macro_vs_M2_Macro_Oil__primary__All_Eligible,Oil_Rents_GDP_Pct_lag1,primary,All_Eligible,Future_Period,train_to_2015__test_from_2016,ElasticNet,signal_increment,-0.012999999999999994,1.0
M1_Macro_vs_M2_Macro_Oil__primary__All_Eligible,Oil_Rents_GDP_Pct_lag1,primary,All_Eligible,Future_Period,train_to_2015__test_from_2016,ElasticNet,signal_increment,-0.012499999999999994,1.0
M1_Macro_vs_M2_Macro_Oil__primary__All_Eligible,Oil_Rents_GDP_Pct_lag1,primary,All_Eligible,Future_Period,train_to_2015__test_from_2016,ElasticNet,signal_increment,-0.011999999999999993,1.0
M1_Macro_vs_M2_Macro_Oil__primary__All_Eligible,Oil_Rents_GDP_Pct_lag1,primary,All_Eligible,Future_Period,train_to_2015__test_from_2016,ElasticNet,signal_increment,-0.011499999999999993,1.0
M1_Macro_vs_M2_Macro_Oil__primary__All_Eligible,Oil_Rents_GDP_Pct_lag1,primary,All_Eligible,Future_Period,train_to_2015__test_from_2016,ElasticNet,signal_increment,-0.010999999999999992,1.0
M1_Macro_vs_M2_Macro_Oil__primary__All_Eligible,Oil_Rents_GDP_Pct_lag1,primary,All_Eligible,Future_Period,train_to_2015__test_from_2016,ElasticNet,signal_increment,-0.010499999999999992,1.0
M1_Macro_vs_M2_Macro_Oil__primary__All_Eligible,Oil_Rents_GDP_Pct_lag1,primary,All_Eligible,Future_Period,train_to_2015__test_from_2016,ElasticNet,signal_increment,-0.009999999999999992,1.0
M1_Macro_vs_M2_Macro_Oil__primary__All_Eligible,Oil_Rents_GDP_Pct_lag1,primary,All_Eligible,Future_Period,train_to_2015__test_from_2016,ElasticNet,signal_increment,-0.009499999999999991,1.0
M1_Macro_vs_M2_Macro_Oil__primary__All_Eligible,Oil_Rents_GDP_Pct_lag1,primary,All_Eligible,Future_Period,train_to_2015__test_from_2016,ElasticNet,signal_increment,-0.00899999999999999,1.0
M1_Macro_vs_M2_Macro_Oil__primary__All_Eligible,Oil_Rents_GDP_Pct_lag1,primary,All_Eligible,Future_Period,train_to_2015__test_from_2016,ElasticNet,signal_increment,-0.00849999999999999,1.0
M1_Macro_vs_M2_Macro_Oil__primary__All_Eligible,Oil_Rents_GDP_Pct_lag1,primary,All_Eligible,Future_Period,train_to_2015__test_from_2016,ElasticNet,signal_increment,-0.00799999999999999,1.0
M1_Macro_vs_M2_Macro_Oil__primary__All_Eligible,Oil_Rents_GDP_Pct_lag1,primary,All_Eligible,Future_Period,train_to_2015__test_from_2016,ElasticNet,signal_increment,-0.007499999999999989,1.0
M1_Macro_vs_M2_Macro_Oil__primary__All_Eligible,Oil_Rents_GDP_Pct_lag1,primary,All_Eligible,Future_Period,train_to_2015__test_from_2016,ElasticNet,signal_increment,-0.006999999999999989,1.0
M1_Macro_vs_M2_Macro_Oil__primary__All_Eligible,Oil_Rents_GDP_Pct_lag1,primary,All_Eligible,Future_Period,train_to_2015__test_from_2016,ElasticNet,signal_increment,-0.006499999999999988,1.0
M1_Macro_vs_M2_Macro_Oil__primary__All_Eligible,Oil_Rents_GDP_Pct_lag1,primary,All_Eligible,Future_Period,train_to_2015__test_from_2016,ElasticNet,signal_increment,-0.005999999999999988,1.0
M1_Macro_vs_M2_Macro_Oil__primary__All_Eligible,Oil_Rents_GDP_Pct_lag1,primary,All_Eligible,Future_Period,train_to_2015__test_from_2016,ElasticNet,signal_increment,-0.0054999999999999875,1.0
M1_Macro_vs_M2_Macro_Oil__primary__All_Eligible,Oil_Rents_GDP_Pct_lag1,primary,All_Eligible,Future_Period,train_to_2015__test_from_2016,ElasticNet,signal_increment,-0.004999999999999987,1.0
M1_Macro_vs_M2_Macro_Oil__primary__All_Eligible,Oil_Rents_GDP_Pct_lag1,primary,All_Eligible,Future_Period,train_to_2015__test_from_2016,ElasticNet,signal_increment,-0.004499999999999987,1.0
M1_Macro_vs_M2_Macro_Oil__primary__All_Eligible,Oil_Rents_GDP_Pct_lag1,primary,All_Eligible,Future_Period,train_to_2015__test_from_2016,ElasticNet,signal_increment,-0.003999999999999986,0.999
M1_Macro_vs_M2_Macro_Oil__primary__All_Eligible,Oil_Rents_GDP_Pct_lag1,primary,All_Eligible,Future_Period,train_to_2015__test_from_2016,ElasticNet,signal_increment,-0.0034999999999999858,0.9965
M1_Macro_vs_M2_Macro_Oil__primary__All_Eligible,Oil_Rents_GDP_Pct_lag1,primary,All_Eligible,Future_Period,train_to_2015__test_from_2016,ElasticNet,signal_increment,-0.0029999999999999853,0.996
M1_Macro_vs_M2_Macro_Oil__primary__All_Eligible,Oil_Rents_GDP_Pct_lag1,primary,All_Eligible,Future_Period,train_to_2015__test_from_2016,ElasticNet,signal_increment,-0.002499999999999985,0.9955
M1_Macro_vs_M2_Macro_Oil__primary__All_Eligible,Oil_Rents_GDP_Pct_lag1,primary,All_Eligible,Future_Period,train_to_2015__test_from_2016,ElasticNet,signal_increment,-0.0019999999999999844,0.9925
M1_Macro_vs_M2_Macro_Oil__primary__All_Eligible,Oil_Rents_GDP_Pct_lag1,primary,All_Eligible,Future_Period,train_to_2015__test_from_2016,ElasticNet,signal_increment,-0.001499999999999984,0.985
M1_Macro_vs_M2_Macro_Oil__primary__All_Eligible,Oil_Rents_GDP_Pct_lag1,primary,All_Eligible,Future_Period,train_to_2015__test_from_2016,ElasticNet,signal_increment,-0.0009999999999999835,0.979
M1_Macro_vs_M2_Macro_Oil__primary__All_Eligible,Oil_Rents_GDP_Pct_lag1,primary,All_Eligible,Future_Period,train_to_2015__test_from_2016,ElasticNet,signal_increment,-0.0004999999999999831,0.9725
M1_Macro_vs_M2_Macro_Oil__primary__All_Eligible,Oil_Rents_GDP_Pct_lag1,primary,All_Eligible,Future_Period,train_to_2015__test_from_2016,ElasticNet,signal_increment,1.734723475976807e-17,0.965
M1_Macro_vs_M2_Macro_Oil__primary__All_Eligible,Oil_Rents_GDP_Pct_lag1,primary,All_Eligible,Future_Period,train_to_2015__test_from_2016,ElasticNet,signal_increment,0.0005000000000000178,0.956
M1_Macro_vs_M2_Macro_Oil__primary__All_Eligible,Oil_Rents_GDP_Pct_lag1,primary,All_Eligible,Future_Period,train_to_2015__test_from_2016,ElasticNet,signal_increment,0.0010000000000000182,0.94
M1_Macro_vs_M2_Macro_Oil__primary__All_Eligible,Oil_Rents_GDP_Pct_lag1,primary,All_Eligible,Future_Period,train_to_2015__test_from_2016,ElasticNet,signal_increment,0.0015000000000000187,0.925
M1_Macro_vs_M2_Macro_Oil__primary__All_Eligible,Oil_Rents_GDP_Pct_lag1,primary,All_Eligible,Future_Period,train_to_2015__test_from_2016,ElasticNet,signal_increment,0.002000000000000019,0.902
M1_Macro_vs_M2_Macro_Oil__primary__All_Eligible,Oil_Rents_GDP_Pct_lag1,primary,All_Eligible,Future_Period,train_to_2015__test_from_2016,ElasticNet,signal_increment,0.0025000000000000196,0.8735
M1_Macro_vs_M2_Macro_Oil__primary__All_Eligible,Oil_Rents_GDP_Pct_lag1,primary,All_Eligible,Future_Period,train_to_2015__test_from_2016,ElasticNet,signal_increment,0.00300000000000002,0.8425
M1_Macro_vs_M2_Macro_Oil__primary__All_Eligible,Oil_Rents_GDP_Pct_lag1,primary,All_Eligible,Future_Period,train_to_2015__test_from_2016,ElasticNet,signal_increment,0.0035000000000000205,0.8145
M1_Macro_vs_M2_Macro_Oil__primary__All_Eligible,Oil_Rents_GDP_Pct_lag1,primary,All_Eligible,Future_Period,train_to_2015__test_from_2016,ElasticNet,signal_increment,0.004000000000000021,0.7835
M1_Macro_vs_M2_Macro_Oil__primary__All_Eligible,Oil_Rents_GDP_Pct_lag1,primary,All_Eligible,Future_Period,train_to_2015__test_from_2016,ElasticNet,signal_increment,0.004500000000000021,0.751
M1_Macro_vs_M2_Macro_Oil__primary__All_Eligible,Oil_Rents_GDP_Pct_lag1,primary,All_Eligible,Future_Period,train_to_2015__test_from_2016,ElasticNet,signal_increment,0.005000000000000022,0.712
M1_Macro_vs_M2_Macro_Oil__primary__All_Eligible,Oil_Rents_GDP_Pct_lag1,primary,All_Eligible,Future_Period,train_to_2015__test_from_2016,ElasticNet,signal_increment,0.005500000000000022,0.6695
M1_Macro_vs_M2_Macro_Oil__primary__All_Eligible,Oil_Rents_GDP_Pct_lag1,primary,All_Eligible,Future_Period,train_to_2015__test_from_2016,ElasticNet,signal_increment,0.006000000000000023,0.6195
M1_Macro_vs_M2_Macro_Oil__primary__All_Eligible,Oil_Rents_GDP_Pct_lag1,primary,All_Eligible,Future_Period,train_to_2015__test_from_2016,ElasticNet,signal_increment,0.006500000000000023,0.5825
M1_Macro_vs_M2_Macro_Oil__primary__All_Eligible,Oil_Rents_GDP_Pct_lag1,primary,All_Eligible,Future_Period,train_to_2015__test_from_2016,ElasticNet,signal_increment,0.0070000000000000236,0.5445
M1_Macro_vs_M2_Macro_Oil__primary__All_Eligible,Oil_Rents_GDP_Pct_lag1,primary,All_Eligible,Future_Period,train_to_2015__test_from_2016,ElasticNet,signal_increment,0.007500000000000024,0.501
M1_Macro_vs_M2_Macro_Oil__primary__All_Eligible,Oil_Rents_GDP_Pct_lag1,primary,All_Eligible,Future_Period,train_to_2015__test_from_2016,ElasticNet,signal_increment,0.008000000000000024,0.455
M1_Macro_vs_M2_Macro_Oil__primary__All_Eligible,Oil_Rents_GDP_Pct_lag1,primary,All_Eligible,Future_Period,train_to_2015__test_from_2016,ElasticNet,signal_increment,0.008500000000000025,0.413
M1_Macro_vs_M2_Macro_Oil__primary__All_Eligible,Oil_Rents_GDP_Pct_lag1,primary,All_Eligible,Future_Period,train_to_2015__test_from_2016,ElasticNet,signal_increment,0.009000000000000025,0.3725
M1_Macro_vs_M2_Macro_Oil__primary__All_Eligible,Oil_Rents_GDP_Pct_lag1,primary,All_Eligible,Future_Period,train_to_2015__test_from_2016,ElasticNet,signal_increment,0.009500000000000026,0.331
M1_Macro_vs_M2_Macro_Oil__primary__All_Eligible,Oil_Rents_GDP_Pct_lag1,primary,All_Eligible,Future_Period,train_to_2015__test_from_2016,ElasticNet,signal_increment,0.010000000000000026,0.297
M1_Macro_vs_M2_Macro_Oil__primary__All_Eligible,Oil_Rents_GDP_Pct_lag1,primary,All_Eligible,Future_Period,train_to_2015__test_from_2016,ElasticNet,signal_increment,0.010500000000000027,0.26
M1_Macro_vs_M2_Macro_Oil__primary__All_Eligible,Oil_Rents_GDP_Pct_lag1,primary,All_Eligible,Future_Period,train_to_2015__test_from_2016,ElasticNet,signal_increment,0.011000000000000027,0.2285
M1_Macro_vs_M2_Macro_Oil__primary__All_Eligible,Oil_Rents_GDP_Pct_lag1,primary,All_Eligible,Future_Period,train_to_2015__test_from_2016,ElasticNet,signal_increment,0.011500000000000028,0.196
M1_Macro_vs_M2_Macro_Oil__primary__All_Eligible,Oil_Rents_GDP_Pct_lag1,primary,All_Eligible,Future_Period,train_to_2015__test_from_2016,ElasticNet,signal_increment,0.012000000000000028,0.165
M1_Macro_vs_M2_Macro_Oil__primary__All_Eligible,Oil_Rents_GDP_Pct_lag1,primary,All_Eligible,Future_Period,train_to_2015__test_from_2016,ElasticNet,signal_increment,0.012500000000000028,0.141
M1_Macro_vs_M2_Macro_Oil__primary__All_Eligible,Oil_Rents_GDP_Pct_lag1,primary,All_Eligible,Future_Period,train_to_2015__test_from_2016,ElasticNet,signal_increment,0.013000000000000029,0.1225
M1_Macro_vs_M2_Macro_Oil__primary__All_Eligible,Oil_Rents_GDP_Pct_lag1,primary,All_Eligible,Future_Period,train_to_2015__test_from_2016,ElasticNet,signal_increment,0.01350000000000003,0.104
M1_Macro_vs_M2_Macro_Oil__primary__All_Eligible,Oil_Rents_GDP_Pct_lag1,primary,All_Eligible,Future_Period,train_to_2015__test_from_2016,ElasticNet,signal_increment,0.01400000000000003,0.0835
M1_Macro_vs_M2_Macro_Oil__primary__All_Eligible,Oil_Rents_GDP_Pct_lag1,primary,All_Eligible,Future_Period,train_to_2015__test_from_2016,ElasticNet,signal_increment,0.01450000000000003,0.067
M1_Macro_vs_M2_Macro_Oil__primary__All_Eligible,Oil_Rents_GDP_Pct_lag1,primary,All_Eligible,Future_Period,train_to_2015__test_from_2016,ElasticNet,signal_increment,0.01500000000000003,0.057
M1_Macro_vs_M2_Macro_Oil__primary__All_Eligible,Oil_Rents_GDP_Pct_lag1,primary,All_Eligible,Future_Period,train_to_2015__test_from_2016,ElasticNet,signal_increment,0.015500000000000031,0.048
M1_Macro_vs_M2_Macro_Oil__primary__All_Eligible,Oil_Rents_GDP_Pct_lag1,primary,All_Eligible,Future_Period,train_to_2015__test_from_2016,ElasticNet,signal_increment,0.01600000000000003,0.0375
M1_Macro_vs_M2_Macro_Oil__primary__All_Eligible,Oil_Rents_GDP_Pct_lag1,primary,All_Eligible,Future_Period,train_to_2015__test_from_2016,ElasticNet,signal_increment,0.016500000000000032,0.0335
M1_Macro_vs_M2_Macro_Oil__primary__All_Eligible,Oil_Rents_GDP_Pct_lag1,primary,All_Eligible,Future_Period,train_to_2015__test_from_2016,ElasticNet,signal_increment,0.017000000000000032,0.0265
M1_Macro_vs_M2_Macro_Oil__primary__All_Eligible,Oil_Rents_GDP_Pct_lag1,primary,All_Eligible,Future_Period,train_to_2015__test_from_2016,ElasticNet,signal_increment,0.017500000000000033,0.0215
M1_Macro_vs_M2_Macro_Oil__primary__All_Eligible,Oil_Rents_GDP_Pct_lag1,primary,All_Eligible,Future_Period,train_to_2015__test_from_2016,ElasticNet,signal_increment,0.018000000000000033,0.017
M1_Macro_vs_M2_Macro_Oil__primary__All_Eligible,Oil_Rents_GDP_Pct_lag1,primary,All_Eligible,Future_Period,train_to_2015__test_from_2016,ElasticNet,signal_increment,0.018500000000000034,0.013
M1_Macro_vs_M2_Macro_Oil__primary__All_Eligible,Oil_Rents_GDP_Pct_lag1,primary,All_Eligible,Future_Period,train_to_2015__test_from_2016,ElasticNet,signal_increment,0.019000000000000034,0.0095
M1_Macro_vs_M2_Macro_Oil__primary__All_Eligible,Oil_Rents_GDP_Pct_lag1,primary,All_Eligible,Future_Period,train_to_2015__test_from_2016,ElasticNet,signal_increment,0.019500000000000035,0.007
M1_Macro_vs_M2_Macro_Oil__primary__All_Eligible,Oil_Rents_GDP_Pct_lag1,primary,All_Eligible,Future_Period,train_to_2015__test_from_2016,ElasticNet,signal_increment,0.020000000000000035,0.0045
M1_Macro_vs_M2_Macro_Oil__primary__All_Eligible,Oil_Rents_GDP_Pct_lag1,primary,All_Eligible,Future_Period,train_to_2015__test_from_2016,ElasticNet,signal_increment,0.020500000000000036,0.003
M1_Macro_vs_M2_Macro_Oil__primary__All_Eligible,Oil_Rents_GDP_Pct_lag1,primary,All_Eligible,Future_Period,train_to_2015__test_from_2016,ElasticNet,signal_increment,0.021000000000000036,0.0025
M1_Macro_vs_M2_Macro_Oil__primary__All_Eligible,Oil_Rents_GDP_Pct_lag1,primary,All_Eligible,Future_Period,train_to_2015__test_from_2016,ElasticNet,signal_increment,0.021500000000000036,0.001
M1_Macro_vs_M2_Macro_Oil__primary__All_Eligible,Oil_Rents_GDP_Pct_lag1,primary,All_Eligible,Future_Period,train_to_2015__test_from_2016,ElasticNet,signal_increment,0.022000000000000037,0.001
M1_Macro_vs_M2_Macro_Oil__primary__All_Eligible,Oil_Rents_GDP_Pct_lag1,primary,All_Eligible,Future_Period,train_to_2015__test_from_2016,ElasticNet,signal_increment,0.022500000000000037,0.001
M1_Macro_vs_M2_Macro_Oil__primary__All_Eligible,Oil_Rents_GDP_Pct_lag1,primary,All_Eligible,Future_Period,train_to_2015__test_from_2016,ElasticNet,signal_increment,0.023000000000000038,0.001
M1_Macro_vs_M2_Macro_Oil__primary__All_Eligible,Oil_Rents_GDP_Pct_lag1,primary,All_Eligible,Future_Period,train_to_2015__test_from_2016,ElasticNet,signal_increment,0.023500000000000038,0.0005
M1_Macro_vs_M2_Macro_Oil__primary__All_Eligible,Oil_Rents_GDP_Pct_lag1,primary,All_Eligible,Future_Period,train_to_2015__test_from_2016,ElasticNet,signal_increment,0.02400000000000004,0.0005
M1_Macro_vs_M2_Macro_Oil__primary__All_Eligible,Oil_Rents_GDP_Pct_lag1,primary,All_Eligible,Future_Period,train_to_2015__test_from_2016,ElasticNet,signal_increment,0.02450000000000004,0.0005
M1_Macro_vs_M2_Macro_Oil__primary__All_Eligible,Oil_Rents_GDP_Pct_lag1,primary,All_Eligible,Future_Period,train_to_2015__test_from_2016,ElasticNet,signal_increment,0.02500000000000004,0.0005
M1_Macro_vs_M2_Macro_Oil__primary__All_Eligible,Oil_Rents_GDP_Pct_lag1,primary,All_Eligible,Future_Period,train_to_2015__test_from_2016,ElasticNet,signal_increment,0.02550000000000004,0.0005
M1_Macro_vs_M2_Macro_Oil__primary__All_Eligible,Oil_Rents_GDP_Pct_lag1,primary,All_Eligible,Future_Period,train_to_2015__test_from_2016,ElasticNet,signal_increment,0.02600000000000004,0.0005
M1_Macro_vs_M2_Macro_Oil__primary__All_Eligible,Oil_Rents_GDP_Pct_lag1,primary,All_Eligible,Future_Period,train_to_2015__test_from_2016,ElasticNet,signal_increment,0.02650000000000004,0.0005
M1_Macro_vs_M2_Macro_Oil__primary__All_Eligible,Oil_Rents_GDP_Pct_lag1,primary,All_Eligible,Future_Period,train_to_2015__test_from_2016,ElasticNet,signal_increment,0.02700000000000004,0.0005
M1_Macro_vs_M2_Macro_Oil__primary__All_Eligible,Oil_Rents_GDP_Pct_lag1,primary,All_Eligible,Future_Period,train_to_2015__test_from_2016,ElasticNet,signal_increment,0.027500000000000042,0.0
M1_Macro_vs_M2_Macro_Oil__primary__All_Eligible,Oil_Rents_GDP_Pct_lag1,primary,All_Eligible,Future_Period,train_to_2015__test_from_2016,ElasticNet,signal_increment,0.028000000000000042,0.0
M1_Macro_vs_M2_Macro_Oil__primary__All_Eligible,Oil_Rents_GDP_Pct_lag1,primary,All_Eligible,Future_Period,train_to_2015__test_from_2016,ElasticNet,signal_increment,0.028500000000000043,0.0
M1_Macro_vs_M2_Macro_Oil__primary__All_Eligible,Oil_Rents_GDP_Pct_lag1,primary,All_Eligible,Future_Period,train_to_2015__test_from_2016,ElasticNet,signal_increment,0.029000000000000043,0.0
M1_Macro_vs_M2_Macro_Oil__primary__All_Eligible,Oil_Rents_GDP_Pct_lag1,primary,All_Eligible,Future_Period,train_to_2015__test_from_2016,ElasticNet,signal_increment,0.029500000000000044,0.0
M1_Macro_vs_M2_Macro_Oil__primary__All_Eligible,Oil_Rents_GDP_Pct_lag1,primary,All_Eligible,Future_Period,train_to_2015__test_from_2016,ElasticNet,signal_increment,0.030000000000000044,0.0
M1_Macro_vs_M2_Macro_Oil__primary__All_Eligible,Oil_Rents_GDP_Pct_lag1,primary,All_Eligible,Future_Period,train_to_2015__test_from_2016,ElasticNet,added_model_vs_strongest_benchmark,-0.02,1.0
M1_Macro_vs_M2_Macro_Oil__primary__All_Eligible,Oil_Rents_GDP_Pct_lag1,primary,All_Eligible,Future_Period,train_to_2015__test_from_2016,ElasticNet,added_model_vs_strongest_benchmark,-0.0195,1.0
M1_Macro_vs_M2_Macro_Oil__primary__All_Eligible,Oil_Rents_GDP_Pct_lag1,primary,All_Eligible,Future_Period,train_to_2015__test_from_2016,ElasticNet,added_model_vs_strongest_benchmark,-0.019,1.0
M1_Macro_vs_M2_Macro_Oil__primary__All_Eligible,Oil_Rents_GDP_Pct_lag1,primary,All_Eligible,Future_Period,train_to_2015__test_from_2016,ElasticNet,added_model_vs_strongest_benchmark,-0.0185,1.0
M1_Macro_vs_M2_Macro_Oil__primary__All_Eligible,Oil_Rents_GDP_Pct_lag1,primary,All_Eligible,Future_Period,train_to_2015__test_from_2016,ElasticNet,added_model_vs_strongest_benchmark,-0.018,1.0
M1_Macro_vs_M2_Macro_Oil__primary__All_Eligible,Oil_Rents_GDP_Pct_lag1,primary,All_Eligible,Future_Period,train_to_2015__test_from_2016,ElasticNet,added_model_vs_strongest_benchmark,-0.017499999999999998,1.0
M1_Macro_vs_M2_Macro_Oil__primary__All_Eligible,Oil_Rents_GDP_Pct_lag1,primary,All_Eligible,Future_Period,train_to_2015__test_from_2016,ElasticNet,added_model_vs_strongest_benchmark,-0.016999999999999998,1.0
M1_Macro_vs_M2_Macro_Oil__primary__All_Eligible,Oil_Rents_GDP_Pct_lag1,primary,All_Eligible,Future_Period,train_to_2015__test_from_2016,ElasticNet,added_model_vs_strongest_benchmark,-0.016499999999999997,1.0
M1_Macro_vs_M2_Macro_Oil__primary__All_Eligible,Oil_Rents_GDP_Pct_lag1,primary,All_Eligible,Future_Period,train_to_2015__test_from_2016,ElasticNet,added_model_vs_strongest_benchmark,-0.015999999999999997,1.0
M1_Macro_vs_M2_Macro_Oil__primary__All_Eligible,Oil_Rents_GDP_Pct_lag1,primary,All_Eligible,Future_Period,train_to_2015__test_from_2016,ElasticNet,added_model_vs_strongest_benchmark,-0.015499999999999996,1.0
M1_Macro_vs_M2_Macro_Oil__primary__All_Eligible,Oil_Rents_GDP_Pct_lag1,primary,All_Eligible,Future_Period,train_to_2015__test_from_2016,ElasticNet,added_model_vs_strongest_benchmark,-0.014999999999999996,1.0
M1_Macro_vs_M2_Macro_Oil__primary__All_Eligible,Oil_Rents_GDP_Pct_lag1,primary,All_Eligible,Future_Period,train_to_2015__test_from_2016,ElasticNet,added_model_vs_strongest_benchmark,-0.014499999999999996,1.0
M1_Macro_vs_M2_Macro_Oil__primary__All_Eligible,Oil_Rents_GDP_Pct_lag1,primary,All_Eligible,Future_Period,train_to_2015__test_from_2016,ElasticNet,added_model_vs_strongest_benchmark,-0.013999999999999995,1.0
M1_Macro_vs_M2_Macro_Oil__primary__All_Eligible,Oil_Rents_GDP_Pct_lag1,primary,All_Eligible,Future_Period,train_to_2015__test_from_2016,ElasticNet,added_model_vs_strongest_benchmark,-0.013499999999999995,1.0
M1_Macro_vs_M2_Macro_Oil__primary__All_Eligible,Oil_Rents_GDP_Pct_lag1,primary,All_Eligible,Future_Period,train_to_2015__test_from_2016,ElasticNet,added_model_vs_strongest_benchmark,-0.012999999999999994,1.0
M1_Macro_vs_M2_Macro_Oil__primary__All_Eligible,Oil_Rents_GDP_Pct_lag1,primary,All_Eligible,Future_Period,train_to_2015__test_from_2016,ElasticNet,added_model_vs_strongest_benchmark,-0.012499999999999994,1.0
M1_Macro_vs_M2_Macro_Oil__primary__All_Eligible,Oil_Rents_GDP_Pct_lag1,primary,All_Eligible,Future_Period,train_to_2015__test_from_2016,ElasticNet,added_model_vs_strongest_benchmark,-0.011999999999999993,1.0
M1_Macro_vs_M2_Macro_Oil__primary__All_Eligible,Oil_Rents_GDP_Pct_lag1,primary,All_Eligible,Future_Period,train_to_2015__test_from_2016,ElasticNet,added_model_vs_strongest_benchmark,-0.011499999999999993,1.0
M1_Macro_vs_M2_Macro_Oil__primary__All_Eligible,Oil_Rents_GDP_Pct_lag1,primary,All_Eligible,Future_Period,train_to_2015__test_from_2016,ElasticNet,added_model_vs_strongest_benchmark,-0.010999999999999992,1.0
M1_Macro_vs_M2_Macro_Oil__primary__All_Eligible,Oil_Rents_GDP_Pct_lag1,primary,All_Eligible,Future_Period,train_to_2015__test_from_2016,ElasticNet,added_model_vs_strongest_benchmark,-0.010499999999999992,1.0
M1_Macro_vs_M2_Macro_Oil__primary__All_Eligible,Oil_Rents_GDP_Pct_lag1,primary,All_Eligible,Future_Period,train_to_2015__test_from_2016,ElasticNet,added_model_vs_strongest_benchmark,-0.009999999999999992,1.0
M1_Macro_vs_M2_Macro_Oil__primary__All_Eligible,Oil_Rents_GDP_Pct_lag1,primary,All_Eligible,Future_Period,train_to_2015__test_from_2016,ElasticNet,added_model_vs_strongest_benchmark,-0.009499999999999991,1.0
M1_Macro_vs_M2_Macro_Oil__primary__All_Eligible,Oil_Rents_GDP_Pct_lag1,primary,All_Eligible,Future_Period,train_to_2015__test_from_2016,ElasticNet,added_model_vs_strongest_benchmark,-0.00899999999999999,1.0
M1_Macro_vs_M2_Macro_Oil__primary__All_Eligible,Oil_Rents_GDP_Pct_lag1,primary,All_Eligible,Future_Period,train_to_2015__test_from_2016,ElasticNet,added_model_vs_strongest_benchmark,-0.00849999999999999,1.0
M1_Macro_vs_M2_Macro_Oil__primary__All_Eligible,Oil_Rents_GDP_Pct_lag1,primary,All_Eligible,Future_Period,train_to_2015__test_from_2016,ElasticNet,added_model_vs_strongest_benchmark,-0.00799999999999999,1.0
M1_Macro_vs_M2_Macro_Oil__primary__All_Eligible,Oil_Rents_GDP_Pct_lag1,primary,All_Eligible,Future_Period,train_to_2015__test_from_2016,ElasticNet,added_model_vs_strongest_benchmark,-0.007499999999999989,1.0
M1_Macro_vs_M2_Macro_Oil__primary__All_Eligible,Oil_Rents_GDP_Pct_lag1,primary,All_Eligible,Future_Period,train_to_2015__test_from_2016,ElasticNet,added_model_vs_strongest_benchmark,-0.006999999999999989,1.0
M1_Macro_vs_M2_Macro_Oil__primary__All_Eligible,Oil_Rents_GDP_Pct_lag1,primary,All_Eligible,Future_Period,train_to_2015__test_from_2016,ElasticNet,added_model_vs_strongest_benchmark,-0.006499999999999988,1.0
M1_Macro_vs_M2_Macro_Oil__primary__All_Eligible,Oil_Rents_GDP_Pct_lag1,primary,All_Eligible,Future_Period,train_to_2015__test_from_2016,ElasticNet,added_model_vs_strongest_benchmark,-0.005999999999999988,1.0
M1_Macro_vs_M2_Macro_Oil__primary__All_Eligible,Oil_Rents_GDP_Pct_lag1,primary,All_Eligible,Future_Period,train_to_2015__test_from_2016,ElasticNet,added_model_vs_strongest_benchmark,-0.0054999999999999875,1.0
M1_Macro_vs_M2_Macro_Oil__primary__All_Eligible,Oil_Rents_GDP_Pct_lag1,primary,All_Eligible,Future_Period,train_to_2015__test_from_2016,ElasticNet,added_model_vs_strongest_benchmark,-0.004999999999999987,1.0
M1_Macro_vs_M2_Macro_Oil__primary__All_Eligible,Oil_Rents_GDP_Pct_lag1,primary,All_Eligible,Future_Period,train_to_2015__test_from_2016,ElasticNet,added_model_vs_strongest_benchmark,-0.004499999999999987,1.0
M1_Macro_vs_M2_Macro_Oil__primary__All_Eligible,Oil_Rents_GDP_Pct_lag1,primary,All_Eligible,Future_Period,train_to_2015__test_from_2016,ElasticNet,added_model_vs_strongest_benchmark,-0.003999999999999986,1.0
M1_Macro_vs_M2_Macro_Oil__primary__All_Eligible,Oil_Rents_GDP_Pct_lag1,primary,All_Eligible,Future_Period,train_to_2015__test_from_2016,ElasticNet,added_model_vs_strongest_benchmark,-0.0034999999999999858,1.0
M1_Macro_vs_M2_Macro_Oil__primary__All_Eligible,Oil_Rents_GDP_Pct_lag1,primary,All_Eligible,Future_Period,train_to_2015__test_from_2016,ElasticNet,added_model_vs_strongest_benchmark,-0.0029999999999999853,1.0
M1_Macro_vs_M2_Macro_Oil__primary__All_Eligible,Oil_Rents_GDP_Pct_lag1,primary,All_Eligible,Future_Period,train_to_2015__test_from_2016,ElasticNet,added_model_vs_strongest_benchmark,-0.002499999999999985,1.0
M1_Macro_vs_M2_Macro_Oil__primary__All_Eligible,Oil_Rents_GDP_Pct_lag1,primary,All_Eligible,Future_Period,train_to_2015__test_from_2016,ElasticNet,added_model_vs_strongest_benchmark,-0.0019999999999999844,1.0
M1_Macro_vs_M2_Macro_Oil__primary__All_Eligible,Oil_Rents_GDP_Pct_lag1,primary,All_Eligible,Future_Period,train_to_2015__test_from_2016,ElasticNet,added_model_vs_strongest_benchmark,-0.001499999999999984,1.0
M1_Macro_vs_M2_Macro_Oil__primary__All_Eligible,Oil_Rents_GDP_Pct_lag1,primary,All_Eligible,Future_Period,train_to_2015__test_from_2016,ElasticNet,added_model_vs_strongest_benchmark,-0.0009999999999999835,1.0
M1_Macro_vs_M2_Macro_Oil__primary__All_Eligible,Oil_Rents_GDP_Pct_lag1,primary,All_Eligible,Future_Period,train_to_2015__test_from_2016,ElasticNet,added_model_vs_strongest_benchmark,-0.0004999999999999831,1.0
M1_Macro_vs_M2_Macro_Oil__primary__All_Eligible,Oil_Rents_GDP_Pct_lag1,primary,All_Eligible,Future_Period,train_to_2015__test_from_2016,ElasticNet,added_model_vs_strongest_benchmark,1.734723475976807e-17,1.0
M1_Macro_vs_M2_Macro_Oil__primary__All_Eligible,Oil_Rents_GDP_Pct_lag1,primary,All_Eligible,Future_Period,train_to_2015__test_from_2016,ElasticNet,added_model_vs_strongest_benchmark,0.0005000000000000178,1.0
M1_Macro_vs_M2_Macro_Oil__primary__All_Eligible,Oil_Rents_GDP_Pct_lag1,primary,All_Eligible,Future_Period,train_to_2015__test_from_2016,ElasticNet,added_model_vs_strongest_benchmark,0.0010000000000000182,1.0
M1_Macro_vs_M2_Macro_Oil__primary__All_Eligible,Oil_Rents_GDP_Pct_lag1,primary,All_Eligible,Future_Period,train_to_2015__test_from_2016,ElasticNet,added_model_vs_strongest_benchmark,0.0015000000000000187,1.0
M1_Macro_vs_M2_Macro_Oil__primary__All_Eligible,Oil_Rents_GDP_Pct_lag1,primary,All_Eligible,Future_Period,train_to_2015__test_from_2016,ElasticNet,added_model_vs_strongest_benchmark,0.002000000000000019,1.0
M1_Macro_vs_M2_Macro_Oil__primary__All_Eligible,Oil_Rents_GDP_Pct_lag1,primary,All_Eligible,Future_Period,train_to_2015__test_from_2016,ElasticNet,added_model_vs_strongest_benchmark,0.0025000000000000196,1.0
M1_Macro_vs_M2_Macro_Oil__primary__All_Eligible,Oil_Rents_GDP_Pct_lag1,primary,All_Eligible,Future_Period,train_to_2015__test_from_2016,ElasticNet,added_model_vs_strongest_benchmark,0.00300000000000002,1.0
M1_Macro_vs_M2_Macro_Oil__primary__All_Eligible,Oil_Rents_GDP_Pct_lag1,primary,All_Eligible,Future_Period,train_to_2015__test_from_2016,ElasticNet,added_model_vs_strongest_benchmark,0.0035000000000000205,1.0
M1_Macro_vs_M2_Macro_Oil__primary__All_Eligible,Oil_Rents_GDP_Pct_lag1,primary,All_Eligible,Future_Period,train_to_2015__test_from_2016,ElasticNet,added_model_vs_strongest_benchmark,0.004000000000000021,1.0
M1_Macro_vs_M2_Macro_Oil__primary__All_Eligible,Oil_Rents_GDP_Pct_lag1,primary,All_Eligible,Future_Period,train_to_2015__test_from_2016,ElasticNet,added_model_vs_strongest_benchmark,0.004500000000000021,1.0
M1_Macro_vs_M2_Macro_Oil__primary__All_Eligible,Oil_Rents_GDP_Pct_lag1,primary,All_Eligible,Future_Period,train_to_2015__test_from_2016,ElasticNet,added_model_vs_strongest_benchmark,0.005000000000000022,1.0
M1_Macro_vs_M2_Macro_Oil__primary__All_Eligible,Oil_Rents_GDP_Pct_lag1,primary,All_Eligible,Future_Period,train_to_2015__test_from_2016,ElasticNet,added_model_vs_strongest_benchmark,0.005500000000000022,1.0
M1_Macro_vs_M2_Macro_Oil__primary__All_Eligible,Oil_Rents_GDP_Pct_lag1,primary,All_Eligible,Future_Period,train_to_2015__test_from_2016,ElasticNet,added_model_vs_strongest_benchmark,0.006000000000000023,1.0
M1_Macro_vs_M2_Macro_Oil__primary__All_Eligible,Oil_Rents_GDP_Pct_lag1,primary,All_Eligible,Future_Period,train_to_2015__test_from_2016,ElasticNet,added_model_vs_strongest_benchmark,0.006500000000000023,1.0
M1_Macro_vs_M2_Macro_Oil__primary__All_Eligible,Oil_Rents_GDP_Pct_lag1,primary,All_Eligible,Future_Period,train_to_2015__test_from_2016,ElasticNet,added_model_vs_strongest_benchmark,0.0070000000000000236,1.0
M1_Macro_vs_M2_Macro_Oil__primary__All_Eligible,Oil_Rents_GDP_Pct_lag1,primary,All_Eligible,Future_Period,train_to_2015__test_from_2016,ElasticNet,added_model_vs_strongest_benchmark,0.007500000000000024,1.0
M1_Macro_vs_M2_Macro_Oil__primary__All_Eligible,Oil_Rents_GDP_Pct_lag1,primary,All_Eligible,Future_Period,train_to_2015__test_from_2016,ElasticNet,added_model_vs_strongest_benchmark,0.008000000000000024,1.0
M1_Macro_vs_M2_Macro_Oil__primary__All_Eligible,Oil_Rents_GDP_Pct_lag1,primary,All_Eligible,Future_Period,train_to_2015__test_from_2016,ElasticNet,added_model_vs_strongest_benchmark,0.008500000000000025,1.0
M1_Macro_vs_M2_Macro_Oil__primary__All_Eligible,Oil_Rents_GDP_Pct_lag1,primary,All_Eligible,Future_Period,train_to_2015__test_from_2016,ElasticNet,added_model_vs_strongest_benchmark,0.009000000000000025,1.0
M1_Macro_vs_M2_Macro_Oil__primary__All_Eligible,Oil_Rents_GDP_Pct_lag1,primary,All_Eligible,Future_Period,train_to_2015__test_from_2016,ElasticNet,added_model_vs_strongest_benchmark,0.009500000000000026,1.0
M1_Macro_vs_M2_Macro_Oil__primary__All_Eligible,Oil_Rents_GDP_Pct_lag1,primary,All_Eligible,Future_Period,train_to_2015__test_from_2016,ElasticNet,added_model_vs_strongest_benchmark,0.010000000000000026,1.0
M1_Macro_vs_M2_Macro_Oil__primary__All_Eligible,Oil_Rents_GDP_Pct_lag1,primary,All_Eligible,Future_Period,train_to_2015__test_from_2016,ElasticNet,added_model_vs_strongest_benchmark,0.010500000000000027,1.0
M1_Macro_vs_M2_Macro_Oil__primary__All_Eligible,Oil_Rents_GDP_Pct_lag1,primary,All_Eligible,Future_Period,train_to_2015__test_from_2016,ElasticNet,added_model_vs_strongest_benchmark,0.011000000000000027,1.0
M1_Macro_vs_M2_Macro_Oil__primary__All_Eligible,Oil_Rents_GDP_Pct_lag1,primary,All_Eligible,Future_Period,train_to_2015__test_from_2016,ElasticNet,added_model_vs_strongest_benchmark,0.011500000000000028,1.0
M1_Macro_vs_M2_Macro_Oil__primary__All_Eligible,Oil_Rents_GDP_Pct_lag1,primary,All_Eligible,Future_Period,train_to_2015__test_from_2016,ElasticNet,added_model_vs_strongest_benchmark,0.012000000000000028,1.0
M1_Macro_vs_M2_Macro_Oil__primary__All_Eligible,Oil_Rents_GDP_Pct_lag1,primary,All_Eligible,Future_Period,train_to_2015__test_from_2016,ElasticNet,added_model_vs_strongest_benchmark,0.012500000000000028,1.0
M1_Macro_vs_M2_Macro_Oil__primary__All_Eligible,Oil_Rents_GDP_Pct_lag1,primary,All_Eligible,Future_Period,train_to_2015__test_from_2016,ElasticNet,added_model_vs_strongest_benchmark,0.013000000000000029,1.0
M1_Macro_vs_M2_Macro_Oil__primary__All_Eligible,Oil_Rents_GDP_Pct_lag1,primary,All_Eligible,Future_Period,train_to_2015__test_from_2016,ElasticNet,added_model_vs_strongest_benchmark,0.01350000000000003,1.0
M1_Macro_vs_M2_Macro_Oil__primary__All_Eligible,Oil_Rents_GDP_Pct_lag1,primary,All_Eligible,Future_Period,train_to_2015__test_from_2016,ElasticNet,added_model_vs_strongest_benchmark,0.01400000000000003,1.0
M1_Macro_vs_M2_Macro_Oil__primary__All_Eligible,Oil_Rents_GDP_Pct_lag1,primary,All_Eligible,Future_Period,train_to_2015__test_from_2016,ElasticNet,added_model_vs_strongest_benchmark,0.01450000000000003,1.0
M1_Macro_vs_M2_Macro_Oil__primary__All_Eligible,Oil_Rents_GDP_Pct_lag1,primary,All_Eligible,Future_Period,train_to_2015__test_from_2016,ElasticNet,added_model_vs_strongest_benchmark,0.01500000000000003,1.0
M1_Macro_vs_M2_Macro_Oil__primary__All_Eligible,Oil_Rents_GDP_Pct_lag1,primary,All_Eligible,Future_Period,train_to_2015__test_from_2016,ElasticNet,added_model_vs_strongest_benchmark,0.015500000000000031,1.0
M1_Macro_vs_M2_Macro_Oil__primary__All_Eligible,Oil_Rents_GDP_Pct_lag1,primary,All_Eligible,Future_Period,train_to_2015__test_from_2016,ElasticNet,added_model_vs_strongest_benchmark,0.01600000000000003,1.0
M1_Macro_vs_M2_Macro_Oil__primary__All_Eligible,Oil_Rents_GDP_Pct_lag1,primary,All_Eligible,Future_Period,train_to_2015__test_from_2016,ElasticNet,added_model_vs_strongest_benchmark,0.016500000000000032,1.0
M1_Macro_vs_M2_Macro_Oil__primary__All_Eligible,Oil_Rents_GDP_Pct_lag1,primary,All_Eligible,Future_Period,train_to_2015__test_from_2016,ElasticNet,added_model_vs_strongest_benchmark,0.017000000000000032,1.0
M1_Macro_vs_M2_Macro_Oil__primary__All_Eligible,Oil_Rents_GDP_Pct_lag1,primary,All_Eligible,Future_Period,train_to_2015__test_from_2016,ElasticNet,added_model_vs_strongest_benchmark,0.017500000000000033,1.0
M1_Macro_vs_M2_Macro_Oil__primary__All_Eligible,Oil_Rents_GDP_Pct_lag1,primary,All_Eligible,Future_Period,train_to_2015__test_from_2016,ElasticNet,added_model_vs_strongest_benchmark,0.018000000000000033,1.0
M1_Macro_vs_M2_Macro_Oil__primary__All_Eligible,Oil_Rents_GDP_Pct_lag1,primary,All_Eligible,Future_Period,train_to_2015__test_from_2016,ElasticNet,added_model_vs_strongest_benchmark,0.018500000000000034,1.0
M1_Macro_vs_M2_Macro_Oil__primary__All_Eligible,Oil_Rents_GDP_Pct_lag1,primary,All_Eligible,Future_Period,train_to_2015__test_from_2016,ElasticNet,added_model_vs_strongest_benchmark,0.019000000000000034,1.0
M1_Macro_vs_M2_Macro_Oil__primary__All_Eligible,Oil_Rents_GDP_Pct_lag1,primary,All_Eligible,Future_Period,train_to_2015__test_from_2016,ElasticNet,added_model_vs_strongest_benchmark,0.019500000000000035,1.0
M1_Macro_vs_M2_Macro_Oil__primary__All_Eligible,Oil_Rents_GDP_Pct_lag1,primary,All_Eligible,Future_Period,train_to_2015__test_from_2016,ElasticNet,added_model_vs_strongest_benchmark,0.020000000000000035,1.0
M1_Macro_vs_M2_Macro_Oil__primary__All_Eligible,Oil_Rents_GDP_Pct_lag1,primary,All_Eligible,Future_Period,train_to_2015__test_from_2016,ElasticNet,added_model_vs_strongest_benchmark,0.020500000000000036,1.0
M1_Macro_vs_M2_Macro_Oil__primary__All_Eligible,Oil_Rents_GDP_Pct_lag1,primary,All_Eligible,Future_Period,train_to_2015__test_from_2016,ElasticNet,added_model_vs_strongest_benchmark,0.021000000000000036,1.0
M1_Macro_vs_M2_Macro_Oil__primary__All_Eligible,Oil_Rents_GDP_Pct_lag1,primary,All_Eligible,Future_Period,train_to_2015__test_from_2016,ElasticNet,added_model_vs_strongest_benchmark,0.021500000000000036,1.0
M1_Macro_vs_M2_Macro_Oil__primary__All_Eligible,Oil_Rents_GDP_Pct_lag1,primary,All_Eligible,Future_Period,train_to_2015__test_from_2016,ElasticNet,added_model_vs_strongest_benchmark,0.022000000000000037,1.0
M1_Macro_vs_M2_Macro_Oil__primary__All_Eligible,Oil_Rents_GDP_Pct_lag1,primary,All_Eligible,Future_Period,train_to_2015__test_from_2016,ElasticNet,added_model_vs_strongest_benchmark,0.022500000000000037,1.0
M1_Macro_vs_M2_Macro_Oil__primary__All_Eligible,Oil_Rents_GDP_Pct_lag1,primary,All_Eligible,Future_Period,train_to_2015__test_from_2016,ElasticNet,added_model_vs_strongest_benchmark,0.023000000000000038,1.0
M1_Macro_vs_M2_Macro_Oil__primary__All_Eligible,Oil_Rents_GDP_Pct_lag1,primary,All_Eligible,Future_Period,train_to_2015__test_from_2016,ElasticNet,added_model_vs_strongest_benchmark,0.023500000000000038,1.0
M1_Macro_vs_M2_Macro_Oil__primary__All_Eligible,Oil_Rents_GDP_Pct_lag1,primary,All_Eligible,Future_Period,train_to_2015__test_from_2016,ElasticNet,added_model_vs_strongest_benchmark,0.02400000000000004,1.0
M1_Macro_vs_M2_Macro_Oil__primary__All_Eligible,Oil_Rents_GDP_Pct_lag1,primary,All_Eligible,Future_Period,train_to_2015__test_from_2016,ElasticNet,added_model_vs_strongest_benchmark,0.02450000000000004,1.0
M1_Macro_vs_M2_Macro_Oil__primary__All_Eligible,Oil_Rents_GDP_Pct_lag1,primary,All_Eligible,Future_Period,train_to_2015__test_from_2016,ElasticNet,added_model_vs_strongest_benchmark,0.02500000000000004,1.0
M1_Macro_vs_M2_Macro_Oil__primary__All_Eligible,Oil_Rents_GDP_Pct_lag1,primary,All_Eligible,Future_Period,train_to_2015__test_from_2016,ElasticNet,added_model_vs_strongest_benchmark,0.02550000000000004,1.0
M1_Macro_vs_M2_Macro_Oil__primary__All_Eligible,Oil_Rents_GDP_Pct_lag1,primary,All_Eligible,Future_Period,train_to_2015__test_from_2016,ElasticNet,added_model_vs_strongest_benchmark,0.02600000000000004,1.0
M1_Macro_vs_M2_Macro_Oil__primary__All_Eligible,Oil_Rents_GDP_Pct_lag1,primary,All_Eligible,Future_Period,train_to_2015__test_from_2016,ElasticNet,added_model_vs_strongest_benchmark,0.02650000000000004,1.0
M1_Macro_vs_M2_Macro_Oil__primary__All_Eligible,Oil_Rents_GDP_Pct_lag1,primary,All_Eligible,Future_Period,train_to_2015__test_from_2016,ElasticNet,added_model_vs_strongest_benchmark,0.02700000000000004,1.0
M1_Macro_vs_M2_Macro_Oil__primary__All_Eligible,Oil_Rents_GDP_Pct_lag1,primary,All_Eligible,Future_Period,train_to_2015__test_from_2016,ElasticNet,added_model_vs_strongest_benchmark,0.027500000000000042,1.0
M1_Macro_vs_M2_Macro_Oil__primary__All_Eligible,Oil_Rents_GDP_Pct_lag1,primary,All_Eligible,Future_Period,train_to_2015__test_from_2016,ElasticNet,added_model_vs_strongest_benchmark,0.028000000000000042,1.0
M1_Macro_vs_M2_Macro_Oil__primary__All_Eligible,Oil_Rents_GDP_Pct_lag1,primary,All_Eligible,Future_Period,train_to_2015__test_from_2016,ElasticNet,added_model_vs_strongest_benchmark,0.028500000000000043,1.0
M1_Macro_vs_M2_Macro_Oil__primary__All_Eligible,Oil_Rents_GDP_Pct_lag1,primary,All_Eligible,Future_Period,train_to_2015__test_from_2016,ElasticNet,added_model_vs_strongest_benchmark,0.029000000000000043,1.0
M1_Macro_vs_M2_Macro_Oil__primary__All_Eligible,Oil_Rents_GDP_Pct_lag1,primary,All_Eligible,Future_Period,train_to_2015__test_from_2016,ElasticNet,added_model_vs_strongest_benchmark,0.029500000000000044,1.0
M1_Macro_vs_M2_Macro_Oil__primary__All_Eligible,Oil_Rents_GDP_Pct_lag1,primary,All_Eligible,Future_Period,train_to_2015__test_from_2016,ElasticNet,added_model_vs_strongest_benchmark,0.030000000000000044,1.0
M1_Macro_vs_M2_Macro_Oil__primary__All_Eligible,Oil_Rents_GDP_Pct_lag1,primary,All_Eligible,Future_Period,train_to_2015__test_from_2016,RandomForest,signal_increment,-0.02,1.0
M1_Macro_vs_M2_Macro_Oil__primary__All_Eligible,Oil_Rents_GDP_Pct_lag1,primary,All_Eligible,Future_Period,train_to_2015__test_from_2016,RandomForest,signal_increment,-0.0195,1.0
M1_Macro_vs_M2_Macro_Oil__primary__All_Eligible,Oil_Rents_GDP_Pct_lag1,primary,All_Eligible,Future_Period,train_to_2015__test_from_2016,RandomForest,signal_increment,-0.019,1.0
M1_Macro_vs_M2_Macro_Oil__primary__All_Eligible,Oil_Rents_GDP_Pct_lag1,primary,All_Eligible,Future_Period,train_to_2015__test_from_2016,RandomForest,signal_increment,-0.0185,1.0
M1_Macro_vs_M2_Macro_Oil__primary__All_Eligible,Oil_Rents_GDP_Pct_lag1,primary,All_Eligible,Future_Period,train_to_2015__test_from_2016,RandomForest,signal_increment,-0.018,1.0
M1_Macro_vs_M2_Macro_Oil__primary__All_Eligible,Oil_Rents_GDP_Pct_lag1,primary,All_Eligible,Future_Period,train_to_2015__test_from_2016,RandomForest,signal_increment,-0.017499999999999998,1.0
M1_Macro_vs_M2_Macro_Oil__primary__All_Eligible,Oil_Rents_GDP_Pct_lag1,primary,All_Eligible,Future_Period,train_to_2015__test_from_2016,RandomForest,signal_increment,-0.016999999999999998,1.0
M1_Macro_vs_M2_Macro_Oil__primary__All_Eligible,Oil_Rents_GDP_Pct_lag1,primary,All_Eligible,Future_Period,train_to_2015__test_from_2016,RandomForest,signal_increment,-0.016499999999999997,1.0
M1_Macro_vs_M2_Macro_Oil__primary__All_Eligible,Oil_Rents_GDP_Pct_lag1,primary,All_Eligible,Future_Period,train_to_2015__test_from_2016,RandomForest,signal_increment,-0.015999999999999997,1.0
M1_Macro_vs_M2_Macro_Oil__primary__All_Eligible,Oil_Rents_GDP_Pct_lag1,primary,All_Eligible,Future_Period,train_to_2015__test_from_2016,RandomForest,signal_increment,-0.015499999999999996,1.0
M1_Macro_vs_M2_Macro_Oil__primary__All_Eligible,Oil_Rents_GDP_Pct_lag1,primary,All_Eligible,Future_Period,train_to_2015__test_from_2016,RandomForest,signal_increment,-0.014999999999999996,1.0
M1_Macro_vs_M2_Macro_Oil__primary__All_Eligible,Oil_Rents_GDP_Pct_lag1,primary,All_Eligible,Future_Period,train_to_2015__test_from_2016,RandomForest,signal_increment,-0.014499999999999996,1.0
M1_Macro_vs_M2_Macro_Oil__primary__All_Eligible,Oil_Rents_GDP_Pct_lag1,primary,All_Eligible,Future_Period,train_to_2015__test_from_2016,RandomForest,signal_increment,-0.013999999999999995,1.0
M1_Macro_vs_M2_Macro_Oil__primary__All_Eligible,Oil_Rents_GDP_Pct_lag1,primary,All_Eligible,Future_Period,train_to_2015__test_from_2016,RandomForest,signal_increment,-0.013499999999999995,1.0
M1_Macro_vs_M2_Macro_Oil__primary__All_Eligible,Oil_Rents_GDP_Pct_lag1,primary,All_Eligible,Future_Period,train_to_2015__test_from_2016,RandomForest,signal_increment,-0.012999999999999994,1.0
M1_Macro_vs_M2_Macro_Oil__primary__All_Eligible,Oil_Rents_GDP_Pct_lag1,primary,All_Eligible,Future_Period,train_to_2015__test_from_2016,RandomForest,signal_increment,-0.012499999999999994,1.0
M1_Macro_vs_M2_Macro_Oil__primary__All_Eligible,Oil_Rents_GDP_Pct_lag1,primary,All_Eligible,Future_Period,train_to_2015__test_from_2016,RandomForest,signal_increment,-0.011999999999999993,1.0
M1_Macro_vs_M2_Macro_Oil__primary__All_Eligible,Oil_Rents_GDP_Pct_lag1,primary,All_Eligible,Future_Period,train_to_2015__test_from_2016,RandomForest,signal_increment,-0.011499999999999993,1.0
M1_Macro_vs_M2_Macro_Oil__primary__All_Eligible,Oil_Rents_GDP_Pct_lag1,primary,All_Eligible,Future_Period,train_to_2015__test_from_2016,RandomForest,signal_increment,-0.010999999999999992,0.9995
M1_Macro_vs_M2_Macro_Oil__primary__All_Eligible,Oil_Rents_GDP_Pct_lag1,primary,All_Eligible,Future_Period,train_to_2015__test_from_2016,RandomForest,signal_increment,-0.010499999999999992,0.999
M1_Macro_vs_M2_Macro_Oil__primary__All_Eligible,Oil_Rents_GDP_Pct_lag1,primary,All_Eligible,Future_Period,train_to_2015__test_from_2016,RandomForest,signal_increment,-0.009999999999999992,0.999
M1_Macro_vs_M2_Macro_Oil__primary__All_Eligible,Oil_Rents_GDP_Pct_lag1,primary,All_Eligible,Future_Period,train_to_2015__test_from_2016,RandomForest,signal_increment,-0.009499999999999991,0.999
M1_Macro_vs_M2_Macro_Oil__primary__All_Eligible,Oil_Rents_GDP_Pct_lag1,primary,All_Eligible,Future_Period,train_to_2015__test_from_2016,RandomForest,signal_increment,-0.00899999999999999,0.998
M1_Macro_vs_M2_Macro_Oil__primary__All_Eligible,Oil_Rents_GDP_Pct_lag1,primary,All_Eligible,Future_Period,train_to_2015__test_from_2016,RandomForest,signal_increment,-0.00849999999999999,0.998
M1_Macro_vs_M2_Macro_Oil__primary__All_Eligible,Oil_Rents_GDP_Pct_lag1,primary,All_Eligible,Future_Period,train_to_2015__test_from_2016,RandomForest,signal_increment,-0.00799999999999999,0.9975
M1_Macro_vs_M2_Macro_Oil__primary__All_Eligible,Oil_Rents_GDP_Pct_lag1,primary,All_Eligible,Future_Period,train_to_2015__test_from_2016,RandomForest,signal_increment,-0.007499999999999989,0.9975
M1_Macro_vs_M2_Macro_Oil__primary__All_Eligible,Oil_Rents_GDP_Pct_lag1,primary,All_Eligible,Future_Period,train_to_2015__test_from_2016,RandomForest,signal_increment,-0.006999999999999989,0.996
M1_Macro_vs_M2_Macro_Oil__primary__All_Eligible,Oil_Rents_GDP_Pct_lag1,primary,All_Eligible,Future_Period,train_to_2015__test_from_2016,RandomForest,signal_increment,-0.006499999999999988,0.996
M1_Macro_vs_M2_Macro_Oil__primary__All_Eligible,Oil_Rents_GDP_Pct_lag1,primary,All_Eligible,Future_Period,train_to_2015__test_from_2016,RandomForest,signal_increment,-0.005999999999999988,0.996
M1_Macro_vs_M2_Macro_Oil__primary__All_Eligible,Oil_Rents_GDP_Pct_lag1,primary,All_Eligible,Future_Period,train_to_2015__test_from_2016,RandomForest,signal_increment,-0.0054999999999999875,0.996
M1_Macro_vs_M2_Macro_Oil__primary__All_Eligible,Oil_Rents_GDP_Pct_lag1,primary,All_Eligible,Future_Period,train_to_2015__test_from_2016,RandomForest,signal_increment,-0.004999999999999987,0.995
M1_Macro_vs_M2_Macro_Oil__primary__All_Eligible,Oil_Rents_GDP_Pct_lag1,primary,All_Eligible,Future_Period,train_to_2015__test_from_2016,RandomForest,signal_increment,-0.004499999999999987,0.9945
M1_Macro_vs_M2_Macro_Oil__primary__All_Eligible,Oil_Rents_GDP_Pct_lag1,primary,All_Eligible,Future_Period,train_to_2015__test_from_2016,RandomForest,signal_increment,-0.003999999999999986,0.9935
M1_Macro_vs_M2_Macro_Oil__primary__All_Eligible,Oil_Rents_GDP_Pct_lag1,primary,All_Eligible,Future_Period,train_to_2015__test_from_2016,RandomForest,signal_increment,-0.0034999999999999858,0.9935
M1_Macro_vs_M2_Macro_Oil__primary__All_Eligible,Oil_Rents_GDP_Pct_lag1,primary,All_Eligible,Future_Period,train_to_2015__test_from_2016,RandomForest,signal_increment,-0.0029999999999999853,0.993
M1_Macro_vs_M2_Macro_Oil__primary__All_Eligible,Oil_Rents_GDP_Pct_lag1,primary,All_Eligible,Future_Period,train_to_2015__test_from_2016,RandomForest,signal_increment,-0.002499999999999985,0.9925
M1_Macro_vs_M2_Macro_Oil__primary__All_Eligible,Oil_Rents_GDP_Pct_lag1,primary,All_Eligible,Future_Period,train_to_2015__test_from_2016,RandomForest,signal_increment,-0.0019999999999999844,0.989
M1_Macro_vs_M2_Macro_Oil__primary__All_Eligible,Oil_Rents_GDP_Pct_lag1,primary,All_Eligible,Future_Period,train_to_2015__test_from_2016,RandomForest,signal_increment,-0.001499999999999984,0.988
M1_Macro_vs_M2_Macro_Oil__primary__All_Eligible,Oil_Rents_GDP_Pct_lag1,primary,All_Eligible,Future_Period,train_to_2015__test_from_2016,RandomForest,signal_increment,-0.0009999999999999835,0.986
M1_Macro_vs_M2_Macro_Oil__primary__All_Eligible,Oil_Rents_GDP_Pct_lag1,primary,All_Eligible,Future_Period,train_to_2015__test_from_2016,RandomForest,signal_increment,-0.0004999999999999831,0.983
M1_Macro_vs_M2_Macro_Oil__primary__All_Eligible,Oil_Rents_GDP_Pct_lag1,primary,All_Eligible,Future_Period,train_to_2015__test_from_2016,RandomForest,signal_increment,1.734723475976807e-17,0.981
M1_Macro_vs_M2_Macro_Oil__primary__All_Eligible,Oil_Rents_GDP_Pct_lag1,primary,All_Eligible,Future_Period,train_to_2015__test_from_2016,RandomForest,signal_increment,0.0005000000000000178,0.978
M1_Macro_vs_M2_Macro_Oil__primary__All_Eligible,Oil_Rents_GDP_Pct_lag1,primary,All_Eligible,Future_Period,train_to_2015__test_from_2016,RandomForest,signal_increment,0.0010000000000000182,0.976
M1_Macro_vs_M2_Macro_Oil__primary__All_Eligible,Oil_Rents_GDP_Pct_lag1,primary,All_Eligible,Future_Period,train_to_2015__test_from_2016,RandomForest,signal_increment,0.0015000000000000187,0.9735
M1_Macro_vs_M2_Macro_Oil__primary__All_Eligible,Oil_Rents_GDP_Pct_lag1,primary,All_Eligible,Future_Period,train_to_2015__test_from_2016,RandomForest,signal_increment,0.002000000000000019,0.9705
M1_Macro_vs_M2_Macro_Oil__primary__All_Eligible,Oil_Rents_GDP_Pct_lag1,primary,All_Eligible,Future_Period,train_to_2015__test_from_2016,RandomForest,signal_increment,0.0025000000000000196,0.967
M1_Macro_vs_M2_Macro_Oil__primary__All_Eligible,Oil_Rents_GDP_Pct_lag1,primary,All_Eligible,Future_Period,train_to_2015__test_from_2016,RandomForest,signal_increment,0.00300000000000002,0.9615
M1_Macro_vs_M2_Macro_Oil__primary__All_Eligible,Oil_Rents_GDP_Pct_lag1,primary,All_Eligible,Future_Period,train_to_2015__test_from_2016,RandomForest,signal_increment,0.0035000000000000205,0.9595
M1_Macro_vs_M2_Macro_Oil__primary__All_Eligible,Oil_Rents_GDP_Pct_lag1,primary,All_Eligible,Future_Period,train_to_2015__test_from_2016,RandomForest,signal_increment,0.004000000000000021,0.956
M1_Macro_vs_M2_Macro_Oil__primary__All_Eligible,Oil_Rents_GDP_Pct_lag1,primary,All_Eligible,Future_Period,train_to_2015__test_from_2016,RandomForest,signal_increment,0.004500000000000021,0.9535
M1_Macro_vs_M2_Macro_Oil__primary__All_Eligible,Oil_Rents_GDP_Pct_lag1,primary,All_Eligible,Future_Period,train_to_2015__test_from_2016,RandomForest,signal_increment,0.005000000000000022,0.948
M1_Macro_vs_M2_Macro_Oil__primary__All_Eligible,Oil_Rents_GDP_Pct_lag1,primary,All_Eligible,Future_Period,train_to_2015__test_from_2016,RandomForest,signal_increment,0.005500000000000022,0.945
M1_Macro_vs_M2_Macro_Oil__primary__All_Eligible,Oil_Rents_GDP_Pct_lag1,primary,All_Eligible,Future_Period,train_to_2015__test_from_2016,RandomForest,signal_increment,0.006000000000000023,0.9385
M1_Macro_vs_M2_Macro_Oil__primary__All_Eligible,Oil_Rents_GDP_Pct_lag1,primary,All_Eligible,Future_Period,train_to_2015__test_from_2016,RandomForest,signal_increment,0.006500000000000023,0.9325
M1_Macro_vs_M2_Macro_Oil__primary__All_Eligible,Oil_Rents_GDP_Pct_lag1,primary,All_Eligible,Future_Period,train_to_2015__test_from_2016,RandomForest,signal_increment,0.0070000000000000236,0.9275
M1_Macro_vs_M2_Macro_Oil__primary__All_Eligible,Oil_Rents_GDP_Pct_lag1,primary,All_Eligible,Future_Period,train_to_2015__test_from_2016,RandomForest,signal_increment,0.007500000000000024,0.9215
M1_Macro_vs_M2_Macro_Oil__primary__All_Eligible,Oil_Rents_GDP_Pct_lag1,primary,All_Eligible,Future_Period,train_to_2015__test_from_2016,RandomForest,signal_increment,0.008000000000000024,0.9155
M1_Macro_vs_M2_Macro_Oil__primary__All_Eligible,Oil_Rents_GDP_Pct_lag1,primary,All_Eligible,Future_Period,train_to_2015__test_from_2016,RandomForest,signal_increment,0.008500000000000025,0.9095
M1_Macro_vs_M2_Macro_Oil__primary__All_Eligible,Oil_Rents_GDP_Pct_lag1,primary,All_Eligible,Future_Period,train_to_2015__test_from_2016,RandomForest,signal_increment,0.009000000000000025,0.902
M1_Macro_vs_M2_Macro_Oil__primary__All_Eligible,Oil_Rents_GDP_Pct_lag1,primary,All_Eligible,Future_Period,train_to_2015__test_from_2016,RandomForest,signal_increment,0.009500000000000026,0.8945
M1_Macro_vs_M2_Macro_Oil__primary__All_Eligible,Oil_Rents_GDP_Pct_lag1,primary,All_Eligible,Future_Period,train_to_2015__test_from_2016,RandomForest,signal_increment,0.010000000000000026,0.8905
M1_Macro_vs_M2_Macro_Oil__primary__All_Eligible,Oil_Rents_GDP_Pct_lag1,primary,All_Eligible,Future_Period,train_to_2015__test_from_2016,RandomForest,signal_increment,0.010500000000000027,0.8825
M1_Macro_vs_M2_Macro_Oil__primary__All_Eligible,Oil_Rents_GDP_Pct_lag1,primary,All_Eligible,Future_Period,train_to_2015__test_from_2016,RandomForest,signal_increment,0.011000000000000027,0.877
M1_Macro_vs_M2_Macro_Oil__primary__All_Eligible,Oil_Rents_GDP_Pct_lag1,primary,All_Eligible,Future_Period,train_to_2015__test_from_2016,RandomForest,signal_increment,0.011500000000000028,0.868
M1_Macro_vs_M2_Macro_Oil__primary__All_Eligible,Oil_Rents_GDP_Pct_lag1,primary,All_Eligible,Future_Period,train_to_2015__test_from_2016,RandomForest,signal_increment,0.012000000000000028,0.8575
M1_Macro_vs_M2_Macro_Oil__primary__All_Eligible,Oil_Rents_GDP_Pct_lag1,primary,All_Eligible,Future_Period,train_to_2015__test_from_2016,RandomForest,signal_increment,0.012500000000000028,0.8445
M1_Macro_vs_M2_Macro_Oil__primary__All_Eligible,Oil_Rents_GDP_Pct_lag1,primary,All_Eligible,Future_Period,train_to_2015__test_from_2016,RandomForest,signal_increment,0.013000000000000029,0.838
M1_Macro_vs_M2_Macro_Oil__primary__All_Eligible,Oil_Rents_GDP_Pct_lag1,primary,All_Eligible,Future_Period,train_to_2015__test_from_2016,RandomForest,signal_increment,0.01350000000000003,0.821
M1_Macro_vs_M2_Macro_Oil__primary__All_Eligible,Oil_Rents_GDP_Pct_lag1,primary,All_Eligible,Future_Period,train_to_2015__test_from_2016,RandomForest,signal_increment,0.01400000000000003,0.8095
M1_Macro_vs_M2_Macro_Oil__primary__All_Eligible,Oil_Rents_GDP_Pct_lag1,primary,All_Eligible,Future_Period,train_to_2015__test_from_2016,RandomForest,signal_increment,0.01450000000000003,0.803
M1_Macro_vs_M2_Macro_Oil__primary__All_Eligible,Oil_Rents_GDP_Pct_lag1,primary,All_Eligible,Future_Period,train_to_2015__test_from_2016,RandomForest,signal_increment,0.01500000000000003,0.791
M1_Macro_vs_M2_Macro_Oil__primary__All_Eligible,Oil_Rents_GDP_Pct_lag1,primary,All_Eligible,Future_Period,train_to_2015__test_from_2016,RandomForest,signal_increment,0.015500000000000031,0.7775
M1_Macro_vs_M2_Macro_Oil__primary__All_Eligible,Oil_Rents_GDP_Pct_lag1,primary,All_Eligible,Future_Period,train_to_2015__test_from_2016,RandomForest,signal_increment,0.01600000000000003,0.7645
M1_Macro_vs_M2_Macro_Oil__primary__All_Eligible,Oil_Rents_GDP_Pct_lag1,primary,All_Eligible,Future_Period,train_to_2015__test_from_2016,RandomForest,signal_increment,0.016500000000000032,0.753
M1_Macro_vs_M2_Macro_Oil__primary__All_Eligible,Oil_Rents_GDP_Pct_lag1,primary,All_Eligible,Future_Period,train_to_2015__test_from_2016,RandomForest,signal_increment,0.017000000000000032,0.7405
M1_Macro_vs_M2_Macro_Oil__primary__All_Eligible,Oil_Rents_GDP_Pct_lag1,primary,All_Eligible,Future_Period,train_to_2015__test_from_2016,RandomForest,signal_increment,0.017500000000000033,0.727
M1_Macro_vs_M2_Macro_Oil__primary__All_Eligible,Oil_Rents_GDP_Pct_lag1,primary,All_Eligible,Future_Period,train_to_2015__test_from_2016,RandomForest,signal_increment,0.018000000000000033,0.7075
M1_Macro_vs_M2_Macro_Oil__primary__All_Eligible,Oil_Rents_GDP_Pct_lag1,primary,All_Eligible,Future_Period,train_to_2015__test_from_2016,RandomForest,signal_increment,0.018500000000000034,0.692
M1_Macro_vs_M2_Macro_Oil__primary__All_Eligible,Oil_Rents_GDP_Pct_lag1,primary,All_Eligible,Future_Period,train_to_2015__test_from_2016,RandomForest,signal_increment,0.019000000000000034,0.6765
M1_Macro_vs_M2_Macro_Oil__primary__All_Eligible,Oil_Rents_GDP_Pct_lag1,primary,All_Eligible,Future_Period,train_to_2015__test_from_2016,RandomForest,signal_increment,0.019500000000000035,0.6625
M1_Macro_vs_M2_Macro_Oil__primary__All_Eligible,Oil_Rents_GDP_Pct_lag1,primary,All_Eligible,Future_Period,train_to_2015__test_from_2016,RandomForest,signal_increment,0.020000000000000035,0.645
M1_Macro_vs_M2_Macro_Oil__primary__All_Eligible,Oil_Rents_GDP_Pct_lag1,primary,All_Eligible,Future_Period,train_to_2015__test_from_2016,RandomForest,signal_increment,0.020500000000000036,0.6325
M1_Macro_vs_M2_Macro_Oil__primary__All_Eligible,Oil_Rents_GDP_Pct_lag1,primary,All_Eligible,Future_Period,train_to_2015__test_from_2016,RandomForest,signal_increment,0.021000000000000036,0.6155
M1_Macro_vs_M2_Macro_Oil__primary__All_Eligible,Oil_Rents_GDP_Pct_lag1,primary,All_Eligible,Future_Period,train_to_2015__test_from_2016,RandomForest,signal_increment,0.021500000000000036,0.6015
M1_Macro_vs_M2_Macro_Oil__primary__All_Eligible,Oil_Rents_GDP_Pct_lag1,primary,All_Eligible,Future_Period,train_to_2015__test_from_2016,RandomForest,signal_increment,0.022000000000000037,0.5895
M1_Macro_vs_M2_Macro_Oil__primary__All_Eligible,Oil_Rents_GDP_Pct_lag1,primary,All_Eligible,Future_Period,train_to_2015__test_from_2016,RandomForest,signal_increment,0.022500000000000037,0.5735
M1_Macro_vs_M2_Macro_Oil__primary__All_Eligible,Oil_Rents_GDP_Pct_lag1,primary,All_Eligible,Future_Period,train_to_2015__test_from_2016,RandomForest,signal_increment,0.023000000000000038,0.561
M1_Macro_vs_M2_Macro_Oil__primary__All_Eligible,Oil_Rents_GDP_Pct_lag1,primary,All_Eligible,Future_Period,train_to_2015__test_from_2016,RandomForest,signal_increment,0.023500000000000038,0.547
M1_Macro_vs_M2_Macro_Oil__primary__All_Eligible,Oil_Rents_GDP_Pct_lag1,primary,All_Eligible,Future_Period,train_to_2015__test_from_2016,RandomForest,signal_increment,0.02400000000000004,0.534
M1_Macro_vs_M2_Macro_Oil__primary__All_Eligible,Oil_Rents_GDP_Pct_lag1,primary,All_Eligible,Future_Period,train_to_2015__test_from_2016,RandomForest,signal_increment,0.02450000000000004,0.5185
M1_Macro_vs_M2_Macro_Oil__primary__All_Eligible,Oil_Rents_GDP_Pct_lag1,primary,All_Eligible,Future_Period,train_to_2015__test_from_2016,RandomForest,signal_increment,0.02500000000000004,0.506
M1_Macro_vs_M2_Macro_Oil__primary__All_Eligible,Oil_Rents_GDP_Pct_lag1,primary,All_Eligible,Future_Period,train_to_2015__test_from_2016,RandomForest,signal_increment,0.02550000000000004,0.49
M1_Macro_vs_M2_Macro_Oil__primary__All_Eligible,Oil_Rents_GDP_Pct_lag1,primary,All_Eligible,Future_Period,train_to_2015__test_from_2016,RandomForest,signal_increment,0.02600000000000004,0.4705
M1_Macro_vs_M2_Macro_Oil__primary__All_Eligible,Oil_Rents_GDP_Pct_lag1,primary,All_Eligible,Future_Period,train_to_2015__test_from_2016,RandomForest,signal_increment,0.02650000000000004,0.4505
M1_Macro_vs_M2_Macro_Oil__primary__All_Eligible,Oil_Rents_GDP_Pct_lag1,primary,All_Eligible,Future_Period,train_to_2015__test_from_2016,RandomForest,signal_increment,0.02700000000000004,0.436
M1_Macro_vs_M2_Macro_Oil__primary__All_Eligible,Oil_Rents_GDP_Pct_lag1,primary,All_Eligible,Future_Period,train_to_2015__test_from_2016,RandomForest,signal_increment,0.027500000000000042,0.4175
M1_Macro_vs_M2_Macro_Oil__primary__All_Eligible,Oil_Rents_GDP_Pct_lag1,primary,All_Eligible,Future_Period,train_to_2015__test_from_2016,RandomForest,signal_increment,0.028000000000000042,0.4
M1_Macro_vs_M2_Macro_Oil__primary__All_Eligible,Oil_Rents_GDP_Pct_lag1,primary,All_Eligible,Future_Period,train_to_2015__test_from_2016,RandomForest,signal_increment,0.028500000000000043,0.3845
M1_Macro_vs_M2_Macro_Oil__primary__All_Eligible,Oil_Rents_GDP_Pct_lag1,primary,All_Eligible,Future_Period,train_to_2015__test_from_2016,RandomForest,signal_increment,0.029000000000000043,0.366
M1_Macro_vs_M2_Macro_Oil__primary__All_Eligible,Oil_Rents_GDP_Pct_lag1,primary,All_Eligible,Future_Period,train_to_2015__test_from_2016,RandomForest,signal_increment,0.029500000000000044,0.35
M1_Macro_vs_M2_Macro_Oil__primary__All_Eligible,Oil_Rents_GDP_Pct_lag1,primary,All_Eligible,Future_Period,train_to_2015__test_from_2016,RandomForest,signal_increment,0.030000000000000044,0.3365
M1_Macro_vs_M2_Macro_Oil__primary__All_Eligible,Oil_Rents_GDP_Pct_lag1,primary,All_Eligible,Future_Period,train_to_2015__test_from_2016,RandomForest,added_model_vs_strongest_benchmark,-0.02,1.0
M1_Macro_vs_M2_Macro_Oil__primary__All_Eligible,Oil_Rents_GDP_Pct_lag1,primary,All_Eligible,Future_Period,train_to_2015__test_from_2016,RandomForest,added_model_vs_strongest_benchmark,-0.0195,1.0
M1_Macro_vs_M2_Macro_Oil__primary__All_Eligible,Oil_Rents_GDP_Pct_lag1,primary,All_Eligible,Future_Period,train_to_2015__test_from_2016,RandomForest,added_model_vs_strongest_benchmark,-0.019,1.0
M1_Macro_vs_M2_Macro_Oil__primary__All_Eligible,Oil_Rents_GDP_Pct_lag1,primary,All_Eligible,Future_Period,train_to_2015__test_from_2016,RandomForest,added_model_vs_strongest_benchmark,-0.0185,1.0
M1_Macro_vs_M2_Macro_Oil__primary__All_Eligible,Oil_Rents_GDP_Pct_lag1,primary,All_Eligible,Future_Period,train_to_2015__test_from_2016,RandomForest,added_model_vs_strongest_benchmark,-0.018,1.0
M1_Macro_vs_M2_Macro_Oil__primary__All_Eligible,Oil_Rents_GDP_Pct_lag1,primary,All_Eligible,Future_Period,train_to_2015__test_from_2016,RandomForest,added_model_vs_strongest_benchmark,-0.017499999999999998,1.0
M1_Macro_vs_M2_Macro_Oil__primary__All_Eligible,Oil_Rents_GDP_Pct_lag1,primary,All_Eligible,Future_Period,train_to_2015__test_from_2016,RandomForest,added_model_vs_strongest_benchmark,-0.016999999999999998,1.0
M1_Macro_vs_M2_Macro_Oil__primary__All_Eligible,Oil_Rents_GDP_Pct_lag1,primary,All_Eligible,Future_Period,train_to_2015__test_from_2016,RandomForest,added_model_vs_strongest_benchmark,-0.016499999999999997,1.0
M1_Macro_vs_M2_Macro_Oil__primary__All_Eligible,Oil_Rents_GDP_Pct_lag1,primary,All_Eligible,Future_Period,train_to_2015__test_from_2016,RandomForest,added_model_vs_strongest_benchmark,-0.015999999999999997,1.0
M1_Macro_vs_M2_Macro_Oil__primary__All_Eligible,Oil_Rents_GDP_Pct_lag1,primary,All_Eligible,Future_Period,train_to_2015__test_from_2016,RandomForest,added_model_vs_strongest_benchmark,-0.015499999999999996,1.0
M1_Macro_vs_M2_Macro_Oil__primary__All_Eligible,Oil_Rents_GDP_Pct_lag1,primary,All_Eligible,Future_Period,train_to_2015__test_from_2016,RandomForest,added_model_vs_strongest_benchmark,-0.014999999999999996,1.0
M1_Macro_vs_M2_Macro_Oil__primary__All_Eligible,Oil_Rents_GDP_Pct_lag1,primary,All_Eligible,Future_Period,train_to_2015__test_from_2016,RandomForest,added_model_vs_strongest_benchmark,-0.014499999999999996,1.0
M1_Macro_vs_M2_Macro_Oil__primary__All_Eligible,Oil_Rents_GDP_Pct_lag1,primary,All_Eligible,Future_Period,train_to_2015__test_from_2016,RandomForest,added_model_vs_strongest_benchmark,-0.013999999999999995,1.0
M1_Macro_vs_M2_Macro_Oil__primary__All_Eligible,Oil_Rents_GDP_Pct_lag1,primary,All_Eligible,Future_Period,train_to_2015__test_from_2016,RandomForest,added_model_vs_strongest_benchmark,-0.013499999999999995,1.0
M1_Macro_vs_M2_Macro_Oil__primary__All_Eligible,Oil_Rents_GDP_Pct_lag1,primary,All_Eligible,Future_Period,train_to_2015__test_from_2016,RandomForest,added_model_vs_strongest_benchmark,-0.012999999999999994,1.0
M1_Macro_vs_M2_Macro_Oil__primary__All_Eligible,Oil_Rents_GDP_Pct_lag1,primary,All_Eligible,Future_Period,train_to_2015__test_from_2016,RandomForest,added_model_vs_strongest_benchmark,-0.012499999999999994,1.0
M1_Macro_vs_M2_Macro_Oil__primary__All_Eligible,Oil_Rents_GDP_Pct_lag1,primary,All_Eligible,Future_Period,train_to_2015__test_from_2016,RandomForest,added_model_vs_strongest_benchmark,-0.011999999999999993,1.0
M1_Macro_vs_M2_Macro_Oil__primary__All_Eligible,Oil_Rents_GDP_Pct_lag1,primary,All_Eligible,Future_Period,train_to_2015__test_from_2016,RandomForest,added_model_vs_strongest_benchmark,-0.011499999999999993,1.0
M1_Macro_vs_M2_Macro_Oil__primary__All_Eligible,Oil_Rents_GDP_Pct_lag1,primary,All_Eligible,Future_Period,train_to_2015__test_from_2016,RandomForest,added_model_vs_strongest_benchmark,-0.010999999999999992,1.0
M1_Macro_vs_M2_Macro_Oil__primary__All_Eligible,Oil_Rents_GDP_Pct_lag1,primary,All_Eligible,Future_Period,train_to_2015__test_from_2016,RandomForest,added_model_vs_strongest_benchmark,-0.010499999999999992,1.0
M1_Macro_vs_M2_Macro_Oil__primary__All_Eligible,Oil_Rents_GDP_Pct_lag1,primary,All_Eligible,Future_Period,train_to_2015__test_from_2016,RandomForest,added_model_vs_strongest_benchmark,-0.009999999999999992,1.0
M1_Macro_vs_M2_Macro_Oil__primary__All_Eligible,Oil_Rents_GDP_Pct_lag1,primary,All_Eligible,Future_Period,train_to_2015__test_from_2016,RandomForest,added_model_vs_strongest_benchmark,-0.009499999999999991,1.0
M1_Macro_vs_M2_Macro_Oil__primary__All_Eligible,Oil_Rents_GDP_Pct_lag1,primary,All_Eligible,Future_Period,train_to_2015__test_from_2016,RandomForest,added_model_vs_strongest_benchmark,-0.00899999999999999,1.0
M1_Macro_vs_M2_Macro_Oil__primary__All_Eligible,Oil_Rents_GDP_Pct_lag1,primary,All_Eligible,Future_Period,train_to_2015__test_from_2016,RandomForest,added_model_vs_strongest_benchmark,-0.00849999999999999,1.0
M1_Macro_vs_M2_Macro_Oil__primary__All_Eligible,Oil_Rents_GDP_Pct_lag1,primary,All_Eligible,Future_Period,train_to_2015__test_from_2016,RandomForest,added_model_vs_strongest_benchmark,-0.00799999999999999,1.0
M1_Macro_vs_M2_Macro_Oil__primary__All_Eligible,Oil_Rents_GDP_Pct_lag1,primary,All_Eligible,Future_Period,train_to_2015__test_from_2016,RandomForest,added_model_vs_strongest_benchmark,-0.007499999999999989,1.0
M1_Macro_vs_M2_Macro_Oil__primary__All_Eligible,Oil_Rents_GDP_Pct_lag1,primary,All_Eligible,Future_Period,train_to_2015__test_from_2016,RandomForest,added_model_vs_strongest_benchmark,-0.006999999999999989,1.0
M1_Macro_vs_M2_Macro_Oil__primary__All_Eligible,Oil_Rents_GDP_Pct_lag1,primary,All_Eligible,Future_Period,train_to_2015__test_from_2016,RandomForest,added_model_vs_strongest_benchmark,-0.006499999999999988,1.0
M1_Macro_vs_M2_Macro_Oil__primary__All_Eligible,Oil_Rents_GDP_Pct_lag1,primary,All_Eligible,Future_Period,train_to_2015__test_from_2016,RandomForest,added_model_vs_strongest_benchmark,-0.005999999999999988,1.0
M1_Macro_vs_M2_Macro_Oil__primary__All_Eligible,Oil_Rents_GDP_Pct_lag1,primary,All_Eligible,Future_Period,train_to_2015__test_from_2016,RandomForest,added_model_vs_strongest_benchmark,-0.0054999999999999875,1.0
M1_Macro_vs_M2_Macro_Oil__primary__All_Eligible,Oil_Rents_GDP_Pct_lag1,primary,All_Eligible,Future_Period,train_to_2015__test_from_2016,RandomForest,added_model_vs_strongest_benchmark,-0.004999999999999987,1.0
M1_Macro_vs_M2_Macro_Oil__primary__All_Eligible,Oil_Rents_GDP_Pct_lag1,primary,All_Eligible,Future_Period,train_to_2015__test_from_2016,RandomForest,added_model_vs_strongest_benchmark,-0.004499999999999987,1.0
M1_Macro_vs_M2_Macro_Oil__primary__All_Eligible,Oil_Rents_GDP_Pct_lag1,primary,All_Eligible,Future_Period,train_to_2015__test_from_2016,RandomForest,added_model_vs_strongest_benchmark,-0.003999999999999986,1.0
M1_Macro_vs_M2_Macro_Oil__primary__All_Eligible,Oil_Rents_GDP_Pct_lag1,primary,All_Eligible,Future_Period,train_to_2015__test_from_2016,RandomForest,added_model_vs_strongest_benchmark,-0.0034999999999999858,1.0
M1_Macro_vs_M2_Macro_Oil__primary__All_Eligible,Oil_Rents_GDP_Pct_lag1,primary,All_Eligible,Future_Period,train_to_2015__test_from_2016,RandomForest,added_model_vs_strongest_benchmark,-0.0029999999999999853,1.0
M1_Macro_vs_M2_Macro_Oil__primary__All_Eligible,Oil_Rents_GDP_Pct_lag1,primary,All_Eligible,Future_Period,train_to_2015__test_from_2016,RandomForest,added_model_vs_strongest_benchmark,-0.002499999999999985,1.0
M1_Macro_vs_M2_Macro_Oil__primary__All_Eligible,Oil_Rents_GDP_Pct_lag1,primary,All_Eligible,Future_Period,train_to_2015__test_from_2016,RandomForest,added_model_vs_strongest_benchmark,-0.0019999999999999844,1.0
M1_Macro_vs_M2_Macro_Oil__primary__All_Eligible,Oil_Rents_GDP_Pct_lag1,primary,All_Eligible,Future_Period,train_to_2015__test_from_2016,RandomForest,added_model_vs_strongest_benchmark,-0.001499999999999984,1.0
M1_Macro_vs_M2_Macro_Oil__primary__All_Eligible,Oil_Rents_GDP_Pct_lag1,primary,All_Eligible,Future_Period,train_to_2015__test_from_2016,RandomForest,added_model_vs_strongest_benchmark,-0.0009999999999999835,1.0
M1_Macro_vs_M2_Macro_Oil__primary__All_Eligible,Oil_Rents_GDP_Pct_lag1,primary,All_Eligible,Future_Period,train_to_2015__test_from_2016,RandomForest,added_model_vs_strongest_benchmark,-0.0004999999999999831,1.0
M1_Macro_vs_M2_Macro_Oil__primary__All_Eligible,Oil_Rents_GDP_Pct_lag1,primary,All_Eligible,Future_Period,train_to_2015__test_from_2016,RandomForest,added_model_vs_strongest_benchmark,1.734723475976807e-17,1.0
M1_Macro_vs_M2_Macro_Oil__primary__All_Eligible,Oil_Rents_GDP_Pct_lag1,primary,All_Eligible,Future_Period,train_to_2015__test_from_2016,RandomForest,added_model_vs_strongest_benchmark,0.0005000000000000178,1.0
M1_Macro_vs_M2_Macro_Oil__primary__All_Eligible,Oil_Rents_GDP_Pct_lag1,primary,All_Eligible,Future_Period,train_to_2015__test_from_2016,RandomForest,added_model_vs_strongest_benchmark,0.0010000000000000182,1.0
M1_Macro_vs_M2_Macro_Oil__primary__All_Eligible,Oil_Rents_GDP_Pct_lag1,primary,All_Eligible,Future_Period,train_to_2015__test_from_2016,RandomForest,added_model_vs_strongest_benchmark,0.0015000000000000187,1.0
M1_Macro_vs_M2_Macro_Oil__primary__All_Eligible,Oil_Rents_GDP_Pct_lag1,primary,All_Eligible,Future_Period,train_to_2015__test_from_2016,RandomForest,added_model_vs_strongest_benchmark,0.002000000000000019,1.0
M1_Macro_vs_M2_Macro_Oil__primary__All_Eligible,Oil_Rents_GDP_Pct_lag1,primary,All_Eligible,Future_Period,train_to_2015__test_from_2016,RandomForest,added_model_vs_strongest_benchmark,0.0025000000000000196,1.0
M1_Macro_vs_M2_Macro_Oil__primary__All_Eligible,Oil_Rents_GDP_Pct_lag1,primary,All_Eligible,Future_Period,train_to_2015__test_from_2016,RandomForest,added_model_vs_strongest_benchmark,0.00300000000000002,1.0
M1_Macro_vs_M2_Macro_Oil__primary__All_Eligible,Oil_Rents_GDP_Pct_lag1,primary,All_Eligible,Future_Period,train_to_2015__test_from_2016,RandomForest,added_model_vs_strongest_benchmark,0.0035000000000000205,1.0
M1_Macro_vs_M2_Macro_Oil__primary__All_Eligible,Oil_Rents_GDP_Pct_lag1,primary,All_Eligible,Future_Period,train_to_2015__test_from_2016,RandomForest,added_model_vs_strongest_benchmark,0.004000000000000021,1.0
M1_Macro_vs_M2_Macro_Oil__primary__All_Eligible,Oil_Rents_GDP_Pct_lag1,primary,All_Eligible,Future_Period,train_to_2015__test_from_2016,RandomForest,added_model_vs_strongest_benchmark,0.004500000000000021,1.0
M1_Macro_vs_M2_Macro_Oil__primary__All_Eligible,Oil_Rents_GDP_Pct_lag1,primary,All_Eligible,Future_Period,train_to_2015__test_from_2016,RandomForest,added_model_vs_strongest_benchmark,0.005000000000000022,1.0
M1_Macro_vs_M2_Macro_Oil__primary__All_Eligible,Oil_Rents_GDP_Pct_lag1,primary,All_Eligible,Future_Period,train_to_2015__test_from_2016,RandomForest,added_model_vs_strongest_benchmark,0.005500000000000022,1.0
M1_Macro_vs_M2_Macro_Oil__primary__All_Eligible,Oil_Rents_GDP_Pct_lag1,primary,All_Eligible,Future_Period,train_to_2015__test_from_2016,RandomForest,added_model_vs_strongest_benchmark,0.006000000000000023,1.0
M1_Macro_vs_M2_Macro_Oil__primary__All_Eligible,Oil_Rents_GDP_Pct_lag1,primary,All_Eligible,Future_Period,train_to_2015__test_from_2016,RandomForest,added_model_vs_strongest_benchmark,0.006500000000000023,1.0
M1_Macro_vs_M2_Macro_Oil__primary__All_Eligible,Oil_Rents_GDP_Pct_lag1,primary,All_Eligible,Future_Period,train_to_2015__test_from_2016,RandomForest,added_model_vs_strongest_benchmark,0.0070000000000000236,1.0
M1_Macro_vs_M2_Macro_Oil__primary__All_Eligible,Oil_Rents_GDP_Pct_lag1,primary,All_Eligible,Future_Period,train_to_2015__test_from_2016,RandomForest,added_model_vs_strongest_benchmark,0.007500000000000024,1.0
M1_Macro_vs_M2_Macro_Oil__primary__All_Eligible,Oil_Rents_GDP_Pct_lag1,primary,All_Eligible,Future_Period,train_to_2015__test_from_2016,RandomForest,added_model_vs_strongest_benchmark,0.008000000000000024,1.0
M1_Macro_vs_M2_Macro_Oil__primary__All_Eligible,Oil_Rents_GDP_Pct_lag1,primary,All_Eligible,Future_Period,train_to_2015__test_from_2016,RandomForest,added_model_vs_strongest_benchmark,0.008500000000000025,1.0
M1_Macro_vs_M2_Macro_Oil__primary__All_Eligible,Oil_Rents_GDP_Pct_lag1,primary,All_Eligible,Future_Period,train_to_2015__test_from_2016,RandomForest,added_model_vs_strongest_benchmark,0.009000000000000025,1.0
M1_Macro_vs_M2_Macro_Oil__primary__All_Eligible,Oil_Rents_GDP_Pct_lag1,primary,All_Eligible,Future_Period,train_to_2015__test_from_2016,RandomForest,added_model_vs_strongest_benchmark,0.009500000000000026,1.0
M1_Macro_vs_M2_Macro_Oil__primary__All_Eligible,Oil_Rents_GDP_Pct_lag1,primary,All_Eligible,Future_Period,train_to_2015__test_from_2016,RandomForest,added_model_vs_strongest_benchmark,0.010000000000000026,1.0
M1_Macro_vs_M2_Macro_Oil__primary__All_Eligible,Oil_Rents_GDP_Pct_lag1,primary,All_Eligible,Future_Period,train_to_2015__test_from_2016,RandomForest,added_model_vs_strongest_benchmark,0.010500000000000027,1.0
M1_Macro_vs_M2_Macro_Oil__primary__All_Eligible,Oil_Rents_GDP_Pct_lag1,primary,All_Eligible,Future_Period,train_to_2015__test_from_2016,RandomForest,added_model_vs_strongest_benchmark,0.011000000000000027,1.0
M1_Macro_vs_M2_Macro_Oil__primary__All_Eligible,Oil_Rents_GDP_Pct_lag1,primary,All_Eligible,Future_Period,train_to_2015__test_from_2016,RandomForest,added_model_vs_strongest_benchmark,0.011500000000000028,1.0
M1_Macro_vs_M2_Macro_Oil__primary__All_Eligible,Oil_Rents_GDP_Pct_lag1,primary,All_Eligible,Future_Period,train_to_2015__test_from_2016,RandomForest,added_model_vs_strongest_benchmark,0.012000000000000028,1.0
M1_Macro_vs_M2_Macro_Oil__primary__All_Eligible,Oil_Rents_GDP_Pct_lag1,primary,All_Eligible,Future_Period,train_to_2015__test_from_2016,RandomForest,added_model_vs_strongest_benchmark,0.012500000000000028,1.0
M1_Macro_vs_M2_Macro_Oil__primary__All_Eligible,Oil_Rents_GDP_Pct_lag1,primary,All_Eligible,Future_Period,train_to_2015__test_from_2016,RandomForest,added_model_vs_strongest_benchmark,0.013000000000000029,1.0
M1_Macro_vs_M2_Macro_Oil__primary__All_Eligible,Oil_Rents_GDP_Pct_lag1,primary,All_Eligible,Future_Period,train_to_2015__test_from_2016,RandomForest,added_model_vs_strongest_benchmark,0.01350000000000003,1.0
M1_Macro_vs_M2_Macro_Oil__primary__All_Eligible,Oil_Rents_GDP_Pct_lag1,primary,All_Eligible,Future_Period,train_to_2015__test_from_2016,RandomForest,added_model_vs_strongest_benchmark,0.01400000000000003,1.0
M1_Macro_vs_M2_Macro_Oil__primary__All_Eligible,Oil_Rents_GDP_Pct_lag1,primary,All_Eligible,Future_Period,train_to_2015__test_from_2016,RandomForest,added_model_vs_strongest_benchmark,0.01450000000000003,1.0
M1_Macro_vs_M2_Macro_Oil__primary__All_Eligible,Oil_Rents_GDP_Pct_lag1,primary,All_Eligible,Future_Period,train_to_2015__test_from_2016,RandomForest,added_model_vs_strongest_benchmark,0.01500000000000003,1.0
M1_Macro_vs_M2_Macro_Oil__primary__All_Eligible,Oil_Rents_GDP_Pct_lag1,primary,All_Eligible,Future_Period,train_to_2015__test_from_2016,RandomForest,added_model_vs_strongest_benchmark,0.015500000000000031,1.0
M1_Macro_vs_M2_Macro_Oil__primary__All_Eligible,Oil_Rents_GDP_Pct_lag1,primary,All_Eligible,Future_Period,train_to_2015__test_from_2016,RandomForest,added_model_vs_strongest_benchmark,0.01600000000000003,1.0
M1_Macro_vs_M2_Macro_Oil__primary__All_Eligible,Oil_Rents_GDP_Pct_lag1,primary,All_Eligible,Future_Period,train_to_2015__test_from_2016,RandomForest,added_model_vs_strongest_benchmark,0.016500000000000032,1.0
M1_Macro_vs_M2_Macro_Oil__primary__All_Eligible,Oil_Rents_GDP_Pct_lag1,primary,All_Eligible,Future_Period,train_to_2015__test_from_2016,RandomForest,added_model_vs_strongest_benchmark,0.017000000000000032,1.0
M1_Macro_vs_M2_Macro_Oil__primary__All_Eligible,Oil_Rents_GDP_Pct_lag1,primary,All_Eligible,Future_Period,train_to_2015__test_from_2016,RandomForest,added_model_vs_strongest_benchmark,0.017500000000000033,1.0
M1_Macro_vs_M2_Macro_Oil__primary__All_Eligible,Oil_Rents_GDP_Pct_lag1,primary,All_Eligible,Future_Period,train_to_2015__test_from_2016,RandomForest,added_model_vs_strongest_benchmark,0.018000000000000033,1.0
M1_Macro_vs_M2_Macro_Oil__primary__All_Eligible,Oil_Rents_GDP_Pct_lag1,primary,All_Eligible,Future_Period,train_to_2015__test_from_2016,RandomForest,added_model_vs_strongest_benchmark,0.018500000000000034,1.0
M1_Macro_vs_M2_Macro_Oil__primary__All_Eligible,Oil_Rents_GDP_Pct_lag1,primary,All_Eligible,Future_Period,train_to_2015__test_from_2016,RandomForest,added_model_vs_strongest_benchmark,0.019000000000000034,1.0
M1_Macro_vs_M2_Macro_Oil__primary__All_Eligible,Oil_Rents_GDP_Pct_lag1,primary,All_Eligible,Future_Period,train_to_2015__test_from_2016,RandomForest,added_model_vs_strongest_benchmark,0.019500000000000035,1.0
M1_Macro_vs_M2_Macro_Oil__primary__All_Eligible,Oil_Rents_GDP_Pct_lag1,primary,All_Eligible,Future_Period,train_to_2015__test_from_2016,RandomForest,added_model_vs_strongest_benchmark,0.020000000000000035,1.0
M1_Macro_vs_M2_Macro_Oil__primary__All_Eligible,Oil_Rents_GDP_Pct_lag1,primary,All_Eligible,Future_Period,train_to_2015__test_from_2016,RandomForest,added_model_vs_strongest_benchmark,0.020500000000000036,1.0
M1_Macro_vs_M2_Macro_Oil__primary__All_Eligible,Oil_Rents_GDP_Pct_lag1,primary,All_Eligible,Future_Period,train_to_2015__test_from_2016,RandomForest,added_model_vs_strongest_benchmark,0.021000000000000036,1.0
M1_Macro_vs_M2_Macro_Oil__primary__All_Eligible,Oil_Rents_GDP_Pct_lag1,primary,All_Eligible,Future_Period,train_to_2015__test_from_2016,RandomForest,added_model_vs_strongest_benchmark,0.021500000000000036,1.0
M1_Macro_vs_M2_Macro_Oil__primary__All_Eligible,Oil_Rents_GDP_Pct_lag1,primary,All_Eligible,Future_Period,train_to_2015__test_from_2016,RandomForest,added_model_vs_strongest_benchmark,0.022000000000000037,1.0
M1_Macro_vs_M2_Macro_Oil__primary__All_Eligible,Oil_Rents_GDP_Pct_lag1,primary,All_Eligible,Future_Period,train_to_2015__test_from_2016,RandomForest,added_model_vs_strongest_benchmark,0.022500000000000037,1.0
M1_Macro_vs_M2_Macro_Oil__primary__All_Eligible,Oil_Rents_GDP_Pct_lag1,primary,All_Eligible,Future_Period,train_to_2015__test_from_2016,RandomForest,added_model_vs_strongest_benchmark,0.023000000000000038,1.0
M1_Macro_vs_M2_Macro_Oil__primary__All_Eligible,Oil_Rents_GDP_Pct_lag1,primary,All_Eligible,Future_Period,train_to_2015__test_from_2016,RandomForest,added_model_vs_strongest_benchmark,0.023500000000000038,1.0
M1_Macro_vs_M2_Macro_Oil__primary__All_Eligible,Oil_Rents_GDP_Pct_lag1,primary,All_Eligible,Future_Period,train_to_2015__test_from_2016,RandomForest,added_model_vs_strongest_benchmark,0.02400000000000004,1.0
M1_Macro_vs_M2_Macro_Oil__primary__All_Eligible,Oil_Rents_GDP_Pct_lag1,primary,All_Eligible,Future_Period,train_to_2015__test_from_2016,RandomForest,added_model_vs_strongest_benchmark,0.02450000000000004,1.0
M1_Macro_vs_M2_Macro_Oil__primary__All_Eligible,Oil_Rents_GDP_Pct_lag1,primary,All_Eligible,Future_Period,train_to_2015__test_from_2016,RandomForest,added_model_vs_strongest_benchmark,0.02500000000000004,1.0
M1_Macro_vs_M2_Macro_Oil__primary__All_Eligible,Oil_Rents_GDP_Pct_lag1,primary,All_Eligible,Future_Period,train_to_2015__test_from_2016,RandomForest,added_model_vs_strongest_benchmark,0.02550000000000004,1.0
M1_Macro_vs_M2_Macro_Oil__primary__All_Eligible,Oil_Rents_GDP_Pct_lag1,primary,All_Eligible,Future_Period,train_to_2015__test_from_2016,RandomForest,added_model_vs_strongest_benchmark,0.02600000000000004,1.0
M1_Macro_vs_M2_Macro_Oil__primary__All_Eligible,Oil_Rents_GDP_Pct_lag1,primary,All_Eligible,Future_Period,train_to_2015__test_from_2016,RandomForest,added_model_vs_strongest_benchmark,0.02650000000000004,1.0
M1_Macro_vs_M2_Macro_Oil__primary__All_Eligible,Oil_Rents_GDP_Pct_lag1,primary,All_Eligible,Future_Period,train_to_2015__test_from_2016,RandomForest,added_model_vs_strongest_benchmark,0.02700000000000004,1.0
M1_Macro_vs_M2_Macro_Oil__primary__All_Eligible,Oil_Rents_GDP_Pct_lag1,primary,All_Eligible,Future_Period,train_to_2015__test_from_2016,RandomForest,added_model_vs_strongest_benchmark,0.027500000000000042,1.0
M1_Macro_vs_M2_Macro_Oil__primary__All_Eligible,Oil_Rents_GDP_Pct_lag1,primary,All_Eligible,Future_Period,train_to_2015__test_from_2016,RandomForest,added_model_vs_strongest_benchmark,0.028000000000000042,1.0
M1_Macro_vs_M2_Macro_Oil__primary__All_Eligible,Oil_Rents_GDP_Pct_lag1,primary,All_Eligible,Future_Period,train_to_2015__test_from_2016,RandomForest,added_model_vs_strongest_benchmark,0.028500000000000043,1.0
M1_Macro_vs_M2_Macro_Oil__primary__All_Eligible,Oil_Rents_GDP_Pct_lag1,primary,All_Eligible,Future_Period,train_to_2015__test_from_2016,RandomForest,added_model_vs_strongest_benchmark,0.029000000000000043,1.0
M1_Macro_vs_M2_Macro_Oil__primary__All_Eligible,Oil_Rents_GDP_Pct_lag1,primary,All_Eligible,Future_Period,train_to_2015__test_from_2016,RandomForest,added_model_vs_strongest_benchmark,0.029500000000000044,1.0
M1_Macro_vs_M2_Macro_Oil__primary__All_Eligible,Oil_Rents_GDP_Pct_lag1,primary,All_Eligible,Future_Period,train_to_2015__test_from_2016,RandomForest,added_model_vs_strongest_benchmark,0.030000000000000044,1.0
M1_Macro_vs_M2_Macro_Oil__primary__All_Eligible,Oil_Rents_GDP_Pct_lag1,primary,All_Eligible,Future_Period,train_to_2016__test_from_2017,Ridge,signal_increment,-0.02,1.0
M1_Macro_vs_M2_Macro_Oil__primary__All_Eligible,Oil_Rents_GDP_Pct_lag1,primary,All_Eligible,Future_Period,train_to_2016__test_from_2017,Ridge,signal_increment,-0.0195,1.0
M1_Macro_vs_M2_Macro_Oil__primary__All_Eligible,Oil_Rents_GDP_Pct_lag1,primary,All_Eligible,Future_Period,train_to_2016__test_from_2017,Ridge,signal_increment,-0.019,1.0
M1_Macro_vs_M2_Macro_Oil__primary__All_Eligible,Oil_Rents_GDP_Pct_lag1,primary,All_Eligible,Future_Period,train_to_2016__test_from_2017,Ridge,signal_increment,-0.0185,1.0
M1_Macro_vs_M2_Macro_Oil__primary__All_Eligible,Oil_Rents_GDP_Pct_lag1,primary,All_Eligible,Future_Period,train_to_2016__test_from_2017,Ridge,signal_increment,-0.018,1.0
M1_Macro_vs_M2_Macro_Oil__primary__All_Eligible,Oil_Rents_GDP_Pct_lag1,primary,All_Eligible,Future_Period,train_to_2016__test_from_2017,Ridge,signal_increment,-0.017499999999999998,1.0
M1_Macro_vs_M2_Macro_Oil__primary__All_Eligible,Oil_Rents_GDP_Pct_lag1,primary,All_Eligible,Future_Period,train_to_2016__test_from_2017,Ridge,signal_increment,-0.016999999999999998,1.0
M1_Macro_vs_M2_Macro_Oil__primary__All_Eligible,Oil_Rents_GDP_Pct_lag1,primary,All_Eligible,Future_Period,train_to_2016__test_from_2017,Ridge,signal_increment,-0.016499999999999997,1.0
M1_Macro_vs_M2_Macro_Oil__primary__All_Eligible,Oil_Rents_GDP_Pct_lag1,primary,All_Eligible,Future_Period,train_to_2016__test_from_2017,Ridge,signal_increment,-0.015999999999999997,1.0
M1_Macro_vs_M2_Macro_Oil__primary__All_Eligible,Oil_Rents_GDP_Pct_lag1,primary,All_Eligible,Future_Period,train_to_2016__test_from_2017,Ridge,signal_increment,-0.015499999999999996,1.0
M1_Macro_vs_M2_Macro_Oil__primary__All_Eligible,Oil_Rents_GDP_Pct_lag1,primary,All_Eligible,Future_Period,train_to_2016__test_from_2017,Ridge,signal_increment,-0.014999999999999996,1.0
M1_Macro_vs_M2_Macro_Oil__primary__All_Eligible,Oil_Rents_GDP_Pct_lag1,primary,All_Eligible,Future_Period,train_to_2016__test_from_2017,Ridge,signal_increment,-0.014499999999999996,1.0
M1_Macro_vs_M2_Macro_Oil__primary__All_Eligible,Oil_Rents_GDP_Pct_lag1,primary,All_Eligible,Future_Period,train_to_2016__test_from_2017,Ridge,signal_increment,-0.013999999999999995,1.0
M1_Macro_vs_M2_Macro_Oil__primary__All_Eligible,Oil_Rents_GDP_Pct_lag1,primary,All_Eligible,Future_Period,train_to_2016__test_from_2017,Ridge,signal_increment,-0.013499999999999995,1.0
M1_Macro_vs_M2_Macro_Oil__primary__All_Eligible,Oil_Rents_GDP_Pct_lag1,primary,All_Eligible,Future_Period,train_to_2016__test_from_2017,Ridge,signal_increment,-0.012999999999999994,1.0
M1_Macro_vs_M2_Macro_Oil__primary__All_Eligible,Oil_Rents_GDP_Pct_lag1,primary,All_Eligible,Future_Period,train_to_2016__test_from_2017,Ridge,signal_increment,-0.012499999999999994,1.0
M1_Macro_vs_M2_Macro_Oil__primary__All_Eligible,Oil_Rents_GDP_Pct_lag1,primary,All_Eligible,Future_Period,train_to_2016__test_from_2017,Ridge,signal_increment,-0.011999999999999993,1.0
M1_Macro_vs_M2_Macro_Oil__primary__All_Eligible,Oil_Rents_GDP_Pct_lag1,primary,All_Eligible,Future_Period,train_to_2016__test_from_2017,Ridge,signal_increment,-0.011499999999999993,1.0
M1_Macro_vs_M2_Macro_Oil__primary__All_Eligible,Oil_Rents_GDP_Pct_lag1,primary,All_Eligible,Future_Period,train_to_2016__test_from_2017,Ridge,signal_increment,-0.010999999999999992,1.0
M1_Macro_vs_M2_Macro_Oil__primary__All_Eligible,Oil_Rents_GDP_Pct_lag1,primary,All_Eligible,Future_Period,train_to_2016__test_from_2017,Ridge,signal_increment,-0.010499999999999992,1.0
M1_Macro_vs_M2_Macro_Oil__primary__All_Eligible,Oil_Rents_GDP_Pct_lag1,primary,All_Eligible,Future_Period,train_to_2016__test_from_2017,Ridge,signal_increment,-0.009999999999999992,1.0
M1_Macro_vs_M2_Macro_Oil__primary__All_Eligible,Oil_Rents_GDP_Pct_lag1,primary,All_Eligible,Future_Period,train_to_2016__test_from_2017,Ridge,signal_increment,-0.009499999999999991,1.0
M1_Macro_vs_M2_Macro_Oil__primary__All_Eligible,Oil_Rents_GDP_Pct_lag1,primary,All_Eligible,Future_Period,train_to_2016__test_from_2017,Ridge,signal_increment,-0.00899999999999999,1.0
M1_Macro_vs_M2_Macro_Oil__primary__All_Eligible,Oil_Rents_GDP_Pct_lag1,primary,All_Eligible,Future_Period,train_to_2016__test_from_2017,Ridge,signal_increment,-0.00849999999999999,1.0
M1_Macro_vs_M2_Macro_Oil__primary__All_Eligible,Oil_Rents_GDP_Pct_lag1,primary,All_Eligible,Future_Period,train_to_2016__test_from_2017,Ridge,signal_increment,-0.00799999999999999,1.0
M1_Macro_vs_M2_Macro_Oil__primary__All_Eligible,Oil_Rents_GDP_Pct_lag1,primary,All_Eligible,Future_Period,train_to_2016__test_from_2017,Ridge,signal_increment,-0.007499999999999989,1.0
M1_Macro_vs_M2_Macro_Oil__primary__All_Eligible,Oil_Rents_GDP_Pct_lag1,primary,All_Eligible,Future_Period,train_to_2016__test_from_2017,Ridge,signal_increment,-0.006999999999999989,1.0
M1_Macro_vs_M2_Macro_Oil__primary__All_Eligible,Oil_Rents_GDP_Pct_lag1,primary,All_Eligible,Future_Period,train_to_2016__test_from_2017,Ridge,signal_increment,-0.006499999999999988,0.999
M1_Macro_vs_M2_Macro_Oil__primary__All_Eligible,Oil_Rents_GDP_Pct_lag1,primary,All_Eligible,Future_Period,train_to_2016__test_from_2017,Ridge,signal_increment,-0.005999999999999988,0.9985
M1_Macro_vs_M2_Macro_Oil__primary__All_Eligible,Oil_Rents_GDP_Pct_lag1,primary,All_Eligible,Future_Period,train_to_2016__test_from_2017,Ridge,signal_increment,-0.0054999999999999875,0.997
M1_Macro_vs_M2_Macro_Oil__primary__All_Eligible,Oil_Rents_GDP_Pct_lag1,primary,All_Eligible,Future_Period,train_to_2016__test_from_2017,Ridge,signal_increment,-0.004999999999999987,0.9965
M1_Macro_vs_M2_Macro_Oil__primary__All_Eligible,Oil_Rents_GDP_Pct_lag1,primary,All_Eligible,Future_Period,train_to_2016__test_from_2017,Ridge,signal_increment,-0.004499999999999987,0.996
M1_Macro_vs_M2_Macro_Oil__primary__All_Eligible,Oil_Rents_GDP_Pct_lag1,primary,All_Eligible,Future_Period,train_to_2016__test_from_2017,Ridge,signal_increment,-0.003999999999999986,0.994
M1_Macro_vs_M2_Macro_Oil__primary__All_Eligible,Oil_Rents_GDP_Pct_lag1,primary,All_Eligible,Future_Period,train_to_2016__test_from_2017,Ridge,signal_increment,-0.0034999999999999858,0.992
M1_Macro_vs_M2_Macro_Oil__primary__All_Eligible,Oil_Rents_GDP_Pct_lag1,primary,All_Eligible,Future_Period,train_to_2016__test_from_2017,Ridge,signal_increment,-0.0029999999999999853,0.9905
M1_Macro_vs_M2_Macro_Oil__primary__All_Eligible,Oil_Rents_GDP_Pct_lag1,primary,All_Eligible,Future_Period,train_to_2016__test_from_2017,Ridge,signal_increment,-0.002499999999999985,0.987
M1_Macro_vs_M2_Macro_Oil__primary__All_Eligible,Oil_Rents_GDP_Pct_lag1,primary,All_Eligible,Future_Period,train_to_2016__test_from_2017,Ridge,signal_increment,-0.0019999999999999844,0.9815
M1_Macro_vs_M2_Macro_Oil__primary__All_Eligible,Oil_Rents_GDP_Pct_lag1,primary,All_Eligible,Future_Period,train_to_2016__test_from_2017,Ridge,signal_increment,-0.001499999999999984,0.976
M1_Macro_vs_M2_Macro_Oil__primary__All_Eligible,Oil_Rents_GDP_Pct_lag1,primary,All_Eligible,Future_Period,train_to_2016__test_from_2017,Ridge,signal_increment,-0.0009999999999999835,0.9655
M1_Macro_vs_M2_Macro_Oil__primary__All_Eligible,Oil_Rents_GDP_Pct_lag1,primary,All_Eligible,Future_Period,train_to_2016__test_from_2017,Ridge,signal_increment,-0.0004999999999999831,0.9525
M1_Macro_vs_M2_Macro_Oil__primary__All_Eligible,Oil_Rents_GDP_Pct_lag1,primary,All_Eligible,Future_Period,train_to_2016__test_from_2017,Ridge,signal_increment,1.734723475976807e-17,0.9405
M1_Macro_vs_M2_Macro_Oil__primary__All_Eligible,Oil_Rents_GDP_Pct_lag1,primary,All_Eligible,Future_Period,train_to_2016__test_from_2017,Ridge,signal_increment,0.0005000000000000178,0.923
M1_Macro_vs_M2_Macro_Oil__primary__All_Eligible,Oil_Rents_GDP_Pct_lag1,primary,All_Eligible,Future_Period,train_to_2016__test_from_2017,Ridge,signal_increment,0.0010000000000000182,0.904
M1_Macro_vs_M2_Macro_Oil__primary__All_Eligible,Oil_Rents_GDP_Pct_lag1,primary,All_Eligible,Future_Period,train_to_2016__test_from_2017,Ridge,signal_increment,0.0015000000000000187,0.8775
M1_Macro_vs_M2_Macro_Oil__primary__All_Eligible,Oil_Rents_GDP_Pct_lag1,primary,All_Eligible,Future_Period,train_to_2016__test_from_2017,Ridge,signal_increment,0.002000000000000019,0.849
M1_Macro_vs_M2_Macro_Oil__primary__All_Eligible,Oil_Rents_GDP_Pct_lag1,primary,All_Eligible,Future_Period,train_to_2016__test_from_2017,Ridge,signal_increment,0.0025000000000000196,0.825
M1_Macro_vs_M2_Macro_Oil__primary__All_Eligible,Oil_Rents_GDP_Pct_lag1,primary,All_Eligible,Future_Period,train_to_2016__test_from_2017,Ridge,signal_increment,0.00300000000000002,0.798
M1_Macro_vs_M2_Macro_Oil__primary__All_Eligible,Oil_Rents_GDP_Pct_lag1,primary,All_Eligible,Future_Period,train_to_2016__test_from_2017,Ridge,signal_increment,0.0035000000000000205,0.7665
M1_Macro_vs_M2_Macro_Oil__primary__All_Eligible,Oil_Rents_GDP_Pct_lag1,primary,All_Eligible,Future_Period,train_to_2016__test_from_2017,Ridge,signal_increment,0.004000000000000021,0.731
M1_Macro_vs_M2_Macro_Oil__primary__All_Eligible,Oil_Rents_GDP_Pct_lag1,primary,All_Eligible,Future_Period,train_to_2016__test_from_2017,Ridge,signal_increment,0.004500000000000021,0.699
M1_Macro_vs_M2_Macro_Oil__primary__All_Eligible,Oil_Rents_GDP_Pct_lag1,primary,All_Eligible,Future_Period,train_to_2016__test_from_2017,Ridge,signal_increment,0.005000000000000022,0.6605
M1_Macro_vs_M2_Macro_Oil__primary__All_Eligible,Oil_Rents_GDP_Pct_lag1,primary,All_Eligible,Future_Period,train_to_2016__test_from_2017,Ridge,signal_increment,0.005500000000000022,0.627
M1_Macro_vs_M2_Macro_Oil__primary__All_Eligible,Oil_Rents_GDP_Pct_lag1,primary,All_Eligible,Future_Period,train_to_2016__test_from_2017,Ridge,signal_increment,0.006000000000000023,0.5915
M1_Macro_vs_M2_Macro_Oil__primary__All_Eligible,Oil_Rents_GDP_Pct_lag1,primary,All_Eligible,Future_Period,train_to_2016__test_from_2017,Ridge,signal_increment,0.006500000000000023,0.549
M1_Macro_vs_M2_Macro_Oil__primary__All_Eligible,Oil_Rents_GDP_Pct_lag1,primary,All_Eligible,Future_Period,train_to_2016__test_from_2017,Ridge,signal_increment,0.0070000000000000236,0.52
M1_Macro_vs_M2_Macro_Oil__primary__All_Eligible,Oil_Rents_GDP_Pct_lag1,primary,All_Eligible,Future_Period,train_to_2016__test_from_2017,Ridge,signal_increment,0.007500000000000024,0.49
M1_Macro_vs_M2_Macro_Oil__primary__All_Eligible,Oil_Rents_GDP_Pct_lag1,primary,All_Eligible,Future_Period,train_to_2016__test_from_2017,Ridge,signal_increment,0.008000000000000024,0.4465
M1_Macro_vs_M2_Macro_Oil__primary__All_Eligible,Oil_Rents_GDP_Pct_lag1,primary,All_Eligible,Future_Period,train_to_2016__test_from_2017,Ridge,signal_increment,0.008500000000000025,0.41
M1_Macro_vs_M2_Macro_Oil__primary__All_Eligible,Oil_Rents_GDP_Pct_lag1,primary,All_Eligible,Future_Period,train_to_2016__test_from_2017,Ridge,signal_increment,0.009000000000000025,0.37
M1_Macro_vs_M2_Macro_Oil__primary__All_Eligible,Oil_Rents_GDP_Pct_lag1,primary,All_Eligible,Future_Period,train_to_2016__test_from_2017,Ridge,signal_increment,0.009500000000000026,0.3355
M1_Macro_vs_M2_Macro_Oil__primary__All_Eligible,Oil_Rents_GDP_Pct_lag1,primary,All_Eligible,Future_Period,train_to_2016__test_from_2017,Ridge,signal_increment,0.010000000000000026,0.305
M1_Macro_vs_M2_Macro_Oil__primary__All_Eligible,Oil_Rents_GDP_Pct_lag1,primary,All_Eligible,Future_Period,train_to_2016__test_from_2017,Ridge,signal_increment,0.010500000000000027,0.2795
M1_Macro_vs_M2_Macro_Oil__primary__All_Eligible,Oil_Rents_GDP_Pct_lag1,primary,All_Eligible,Future_Period,train_to_2016__test_from_2017,Ridge,signal_increment,0.011000000000000027,0.2455
M1_Macro_vs_M2_Macro_Oil__primary__All_Eligible,Oil_Rents_GDP_Pct_lag1,primary,All_Eligible,Future_Period,train_to_2016__test_from_2017,Ridge,signal_increment,0.011500000000000028,0.221
M1_Macro_vs_M2_Macro_Oil__primary__All_Eligible,Oil_Rents_GDP_Pct_lag1,primary,All_Eligible,Future_Period,train_to_2016__test_from_2017,Ridge,signal_increment,0.012000000000000028,0.196
M1_Macro_vs_M2_Macro_Oil__primary__All_Eligible,Oil_Rents_GDP_Pct_lag1,primary,All_Eligible,Future_Period,train_to_2016__test_from_2017,Ridge,signal_increment,0.012500000000000028,0.1745
M1_Macro_vs_M2_Macro_Oil__primary__All_Eligible,Oil_Rents_GDP_Pct_lag1,primary,All_Eligible,Future_Period,train_to_2016__test_from_2017,Ridge,signal_increment,0.013000000000000029,0.151
M1_Macro_vs_M2_Macro_Oil__primary__All_Eligible,Oil_Rents_GDP_Pct_lag1,primary,All_Eligible,Future_Period,train_to_2016__test_from_2017,Ridge,signal_increment,0.01350000000000003,0.132
M1_Macro_vs_M2_Macro_Oil__primary__All_Eligible,Oil_Rents_GDP_Pct_lag1,primary,All_Eligible,Future_Period,train_to_2016__test_from_2017,Ridge,signal_increment,0.01400000000000003,0.115
M1_Macro_vs_M2_Macro_Oil__primary__All_Eligible,Oil_Rents_GDP_Pct_lag1,primary,All_Eligible,Future_Period,train_to_2016__test_from_2017,Ridge,signal_increment,0.01450000000000003,0.101
M1_Macro_vs_M2_Macro_Oil__primary__All_Eligible,Oil_Rents_GDP_Pct_lag1,primary,All_Eligible,Future_Period,train_to_2016__test_from_2017,Ridge,signal_increment,0.01500000000000003,0.086
M1_Macro_vs_M2_Macro_Oil__primary__All_Eligible,Oil_Rents_GDP_Pct_lag1,primary,All_Eligible,Future_Period,train_to_2016__test_from_2017,Ridge,signal_increment,0.015500000000000031,0.0705
M1_Macro_vs_M2_Macro_Oil__primary__All_Eligible,Oil_Rents_GDP_Pct_lag1,primary,All_Eligible,Future_Period,train_to_2016__test_from_2017,Ridge,signal_increment,0.01600000000000003,0.055
M1_Macro_vs_M2_Macro_Oil__primary__All_Eligible,Oil_Rents_GDP_Pct_lag1,primary,All_Eligible,Future_Period,train_to_2016__test_from_2017,Ridge,signal_increment,0.016500000000000032,0.042
M1_Macro_vs_M2_Macro_Oil__primary__All_Eligible,Oil_Rents_GDP_Pct_lag1,primary,All_Eligible,Future_Period,train_to_2016__test_from_2017,Ridge,signal_increment,0.017000000000000032,0.033
M1_Macro_vs_M2_Macro_Oil__primary__All_Eligible,Oil_Rents_GDP_Pct_lag1,primary,All_Eligible,Future_Period,train_to_2016__test_from_2017,Ridge,signal_increment,0.017500000000000033,0.0285
M1_Macro_vs_M2_Macro_Oil__primary__All_Eligible,Oil_Rents_GDP_Pct_lag1,primary,All_Eligible,Future_Period,train_to_2016__test_from_2017,Ridge,signal_increment,0.018000000000000033,0.0225
M1_Macro_vs_M2_Macro_Oil__primary__All_Eligible,Oil_Rents_GDP_Pct_lag1,primary,All_Eligible,Future_Period,train_to_2016__test_from_2017,Ridge,signal_increment,0.018500000000000034,0.019
M1_Macro_vs_M2_Macro_Oil__primary__All_Eligible,Oil_Rents_GDP_Pct_lag1,primary,All_Eligible,Future_Period,train_to_2016__test_from_2017,Ridge,signal_increment,0.019000000000000034,0.015
M1_Macro_vs_M2_Macro_Oil__primary__All_Eligible,Oil_Rents_GDP_Pct_lag1,primary,All_Eligible,Future_Period,train_to_2016__test_from_2017,Ridge,signal_increment,0.019500000000000035,0.0135
M1_Macro_vs_M2_Macro_Oil__primary__All_Eligible,Oil_Rents_GDP_Pct_lag1,primary,All_Eligible,Future_Period,train_to_2016__test_from_2017,Ridge,signal_increment,0.020000000000000035,0.0095
M1_Macro_vs_M2_Macro_Oil__primary__All_Eligible,Oil_Rents_GDP_Pct_lag1,primary,All_Eligible,Future_Period,train_to_2016__test_from_2017,Ridge,signal_increment,0.020500000000000036,0.0085
M1_Macro_vs_M2_Macro_Oil__primary__All_Eligible,Oil_Rents_GDP_Pct_lag1,primary,All_Eligible,Future_Period,train_to_2016__test_from_2017,Ridge,signal_increment,0.021000000000000036,0.005
M1_Macro_vs_M2_Macro_Oil__primary__All_Eligible,Oil_Rents_GDP_Pct_lag1,primary,All_Eligible,Future_Period,train_to_2016__test_from_2017,Ridge,signal_increment,0.021500000000000036,0.0045
M1_Macro_vs_M2_Macro_Oil__primary__All_Eligible,Oil_Rents_GDP_Pct_lag1,primary,All_Eligible,Future_Period,train_to_2016__test_from_2017,Ridge,signal_increment,0.022000000000000037,0.004
M1_Macro_vs_M2_Macro_Oil__primary__All_Eligible,Oil_Rents_GDP_Pct_lag1,primary,All_Eligible,Future_Period,train_to_2016__test_from_2017,Ridge,signal_increment,0.022500000000000037,0.0025
M1_Macro_vs_M2_Macro_Oil__primary__All_Eligible,Oil_Rents_GDP_Pct_lag1,primary,All_Eligible,Future_Period,train_to_2016__test_from_2017,Ridge,signal_increment,0.023000000000000038,0.002
M1_Macro_vs_M2_Macro_Oil__primary__All_Eligible,Oil_Rents_GDP_Pct_lag1,primary,All_Eligible,Future_Period,train_to_2016__test_from_2017,Ridge,signal_increment,0.023500000000000038,0.0015
M1_Macro_vs_M2_Macro_Oil__primary__All_Eligible,Oil_Rents_GDP_Pct_lag1,primary,All_Eligible,Future_Period,train_to_2016__test_from_2017,Ridge,signal_increment,0.02400000000000004,0.0015
M1_Macro_vs_M2_Macro_Oil__primary__All_Eligible,Oil_Rents_GDP_Pct_lag1,primary,All_Eligible,Future_Period,train_to_2016__test_from_2017,Ridge,signal_increment,0.02450000000000004,0.001
M1_Macro_vs_M2_Macro_Oil__primary__All_Eligible,Oil_Rents_GDP_Pct_lag1,primary,All_Eligible,Future_Period,train_to_2016__test_from_2017,Ridge,signal_increment,0.02500000000000004,0.0
M1_Macro_vs_M2_Macro_Oil__primary__All_Eligible,Oil_Rents_GDP_Pct_lag1,primary,All_Eligible,Future_Period,train_to_2016__test_from_2017,Ridge,signal_increment,0.02550000000000004,0.0
M1_Macro_vs_M2_Macro_Oil__primary__All_Eligible,Oil_Rents_GDP_Pct_lag1,primary,All_Eligible,Future_Period,train_to_2016__test_from_2017,Ridge,signal_increment,0.02600000000000004,0.0
M1_Macro_vs_M2_Macro_Oil__primary__All_Eligible,Oil_Rents_GDP_Pct_lag1,primary,All_Eligible,Future_Period,train_to_2016__test_from_2017,Ridge,signal_increment,0.02650000000000004,0.0
M1_Macro_vs_M2_Macro_Oil__primary__All_Eligible,Oil_Rents_GDP_Pct_lag1,primary,All_Eligible,Future_Period,train_to_2016__test_from_2017,Ridge,signal_increment,0.02700000000000004,0.0
M1_Macro_vs_M2_Macro_Oil__primary__All_Eligible,Oil_Rents_GDP_Pct_lag1,primary,All_Eligible,Future_Period,train_to_2016__test_from_2017,Ridge,signal_increment,0.027500000000000042,0.0
M1_Macro_vs_M2_Macro_Oil__primary__All_Eligible,Oil_Rents_GDP_Pct_lag1,primary,All_Eligible,Future_Period,train_to_2016__test_from_2017,Ridge,signal_increment,0.028000000000000042,0.0
M1_Macro_vs_M2_Macro_Oil__primary__All_Eligible,Oil_Rents_GDP_Pct_lag1,primary,All_Eligible,Future_Period,train_to_2016__test_from_2017,Ridge,signal_increment,0.028500000000000043,0.0
M1_Macro_vs_M2_Macro_Oil__primary__All_Eligible,Oil_Rents_GDP_Pct_lag1,primary,All_Eligible,Future_Period,train_to_2016__test_from_2017,Ridge,signal_increment,0.029000000000000043,0.0
M1_Macro_vs_M2_Macro_Oil__primary__All_Eligible,Oil_Rents_GDP_Pct_lag1,primary,All_Eligible,Future_Period,train_to_2016__test_from_2017,Ridge,signal_increment,0.029500000000000044,0.0
M1_Macro_vs_M2_Macro_Oil__primary__All_Eligible,Oil_Rents_GDP_Pct_lag1,primary,All_Eligible,Future_Period,train_to_2016__test_from_2017,Ridge,signal_increment,0.030000000000000044,0.0
M1_Macro_vs_M2_Macro_Oil__primary__All_Eligible,Oil_Rents_GDP_Pct_lag1,primary,All_Eligible,Future_Period,train_to_2016__test_from_2017,Ridge,added_model_vs_strongest_benchmark,-0.02,1.0
M1_Macro_vs_M2_Macro_Oil__primary__All_Eligible,Oil_Rents_GDP_Pct_lag1,primary,All_Eligible,Future_Period,train_to_2016__test_from_2017,Ridge,added_model_vs_strongest_benchmark,-0.0195,1.0
M1_Macro_vs_M2_Macro_Oil__primary__All_Eligible,Oil_Rents_GDP_Pct_lag1,primary,All_Eligible,Future_Period,train_to_2016__test_from_2017,Ridge,added_model_vs_strongest_benchmark,-0.019,1.0
M1_Macro_vs_M2_Macro_Oil__primary__All_Eligible,Oil_Rents_GDP_Pct_lag1,primary,All_Eligible,Future_Period,train_to_2016__test_from_2017,Ridge,added_model_vs_strongest_benchmark,-0.0185,1.0
M1_Macro_vs_M2_Macro_Oil__primary__All_Eligible,Oil_Rents_GDP_Pct_lag1,primary,All_Eligible,Future_Period,train_to_2016__test_from_2017,Ridge,added_model_vs_strongest_benchmark,-0.018,1.0
M1_Macro_vs_M2_Macro_Oil__primary__All_Eligible,Oil_Rents_GDP_Pct_lag1,primary,All_Eligible,Future_Period,train_to_2016__test_from_2017,Ridge,added_model_vs_strongest_benchmark,-0.017499999999999998,1.0
M1_Macro_vs_M2_Macro_Oil__primary__All_Eligible,Oil_Rents_GDP_Pct_lag1,primary,All_Eligible,Future_Period,train_to_2016__test_from_2017,Ridge,added_model_vs_strongest_benchmark,-0.016999999999999998,1.0
M1_Macro_vs_M2_Macro_Oil__primary__All_Eligible,Oil_Rents_GDP_Pct_lag1,primary,All_Eligible,Future_Period,train_to_2016__test_from_2017,Ridge,added_model_vs_strongest_benchmark,-0.016499999999999997,1.0
M1_Macro_vs_M2_Macro_Oil__primary__All_Eligible,Oil_Rents_GDP_Pct_lag1,primary,All_Eligible,Future_Period,train_to_2016__test_from_2017,Ridge,added_model_vs_strongest_benchmark,-0.015999999999999997,1.0
M1_Macro_vs_M2_Macro_Oil__primary__All_Eligible,Oil_Rents_GDP_Pct_lag1,primary,All_Eligible,Future_Period,train_to_2016__test_from_2017,Ridge,added_model_vs_strongest_benchmark,-0.015499999999999996,1.0
M1_Macro_vs_M2_Macro_Oil__primary__All_Eligible,Oil_Rents_GDP_Pct_lag1,primary,All_Eligible,Future_Period,train_to_2016__test_from_2017,Ridge,added_model_vs_strongest_benchmark,-0.014999999999999996,1.0
M1_Macro_vs_M2_Macro_Oil__primary__All_Eligible,Oil_Rents_GDP_Pct_lag1,primary,All_Eligible,Future_Period,train_to_2016__test_from_2017,Ridge,added_model_vs_strongest_benchmark,-0.014499999999999996,1.0
M1_Macro_vs_M2_Macro_Oil__primary__All_Eligible,Oil_Rents_GDP_Pct_lag1,primary,All_Eligible,Future_Period,train_to_2016__test_from_2017,Ridge,added_model_vs_strongest_benchmark,-0.013999999999999995,1.0
M1_Macro_vs_M2_Macro_Oil__primary__All_Eligible,Oil_Rents_GDP_Pct_lag1,primary,All_Eligible,Future_Period,train_to_2016__test_from_2017,Ridge,added_model_vs_strongest_benchmark,-0.013499999999999995,1.0
M1_Macro_vs_M2_Macro_Oil__primary__All_Eligible,Oil_Rents_GDP_Pct_lag1,primary,All_Eligible,Future_Period,train_to_2016__test_from_2017,Ridge,added_model_vs_strongest_benchmark,-0.012999999999999994,1.0
M1_Macro_vs_M2_Macro_Oil__primary__All_Eligible,Oil_Rents_GDP_Pct_lag1,primary,All_Eligible,Future_Period,train_to_2016__test_from_2017,Ridge,added_model_vs_strongest_benchmark,-0.012499999999999994,1.0
M1_Macro_vs_M2_Macro_Oil__primary__All_Eligible,Oil_Rents_GDP_Pct_lag1,primary,All_Eligible,Future_Period,train_to_2016__test_from_2017,Ridge,added_model_vs_strongest_benchmark,-0.011999999999999993,1.0
M1_Macro_vs_M2_Macro_Oil__primary__All_Eligible,Oil_Rents_GDP_Pct_lag1,primary,All_Eligible,Future_Period,train_to_2016__test_from_2017,Ridge,added_model_vs_strongest_benchmark,-0.011499999999999993,1.0
M1_Macro_vs_M2_Macro_Oil__primary__All_Eligible,Oil_Rents_GDP_Pct_lag1,primary,All_Eligible,Future_Period,train_to_2016__test_from_2017,Ridge,added_model_vs_strongest_benchmark,-0.010999999999999992,1.0
M1_Macro_vs_M2_Macro_Oil__primary__All_Eligible,Oil_Rents_GDP_Pct_lag1,primary,All_Eligible,Future_Period,train_to_2016__test_from_2017,Ridge,added_model_vs_strongest_benchmark,-0.010499999999999992,1.0
M1_Macro_vs_M2_Macro_Oil__primary__All_Eligible,Oil_Rents_GDP_Pct_lag1,primary,All_Eligible,Future_Period,train_to_2016__test_from_2017,Ridge,added_model_vs_strongest_benchmark,-0.009999999999999992,1.0
M1_Macro_vs_M2_Macro_Oil__primary__All_Eligible,Oil_Rents_GDP_Pct_lag1,primary,All_Eligible,Future_Period,train_to_2016__test_from_2017,Ridge,added_model_vs_strongest_benchmark,-0.009499999999999991,1.0
M1_Macro_vs_M2_Macro_Oil__primary__All_Eligible,Oil_Rents_GDP_Pct_lag1,primary,All_Eligible,Future_Period,train_to_2016__test_from_2017,Ridge,added_model_vs_strongest_benchmark,-0.00899999999999999,1.0
M1_Macro_vs_M2_Macro_Oil__primary__All_Eligible,Oil_Rents_GDP_Pct_lag1,primary,All_Eligible,Future_Period,train_to_2016__test_from_2017,Ridge,added_model_vs_strongest_benchmark,-0.00849999999999999,1.0
M1_Macro_vs_M2_Macro_Oil__primary__All_Eligible,Oil_Rents_GDP_Pct_lag1,primary,All_Eligible,Future_Period,train_to_2016__test_from_2017,Ridge,added_model_vs_strongest_benchmark,-0.00799999999999999,1.0
M1_Macro_vs_M2_Macro_Oil__primary__All_Eligible,Oil_Rents_GDP_Pct_lag1,primary,All_Eligible,Future_Period,train_to_2016__test_from_2017,Ridge,added_model_vs_strongest_benchmark,-0.007499999999999989,1.0
M1_Macro_vs_M2_Macro_Oil__primary__All_Eligible,Oil_Rents_GDP_Pct_lag1,primary,All_Eligible,Future_Period,train_to_2016__test_from_2017,Ridge,added_model_vs_strongest_benchmark,-0.006999999999999989,1.0
M1_Macro_vs_M2_Macro_Oil__primary__All_Eligible,Oil_Rents_GDP_Pct_lag1,primary,All_Eligible,Future_Period,train_to_2016__test_from_2017,Ridge,added_model_vs_strongest_benchmark,-0.006499999999999988,1.0
M1_Macro_vs_M2_Macro_Oil__primary__All_Eligible,Oil_Rents_GDP_Pct_lag1,primary,All_Eligible,Future_Period,train_to_2016__test_from_2017,Ridge,added_model_vs_strongest_benchmark,-0.005999999999999988,1.0
M1_Macro_vs_M2_Macro_Oil__primary__All_Eligible,Oil_Rents_GDP_Pct_lag1,primary,All_Eligible,Future_Period,train_to_2016__test_from_2017,Ridge,added_model_vs_strongest_benchmark,-0.0054999999999999875,1.0
M1_Macro_vs_M2_Macro_Oil__primary__All_Eligible,Oil_Rents_GDP_Pct_lag1,primary,All_Eligible,Future_Period,train_to_2016__test_from_2017,Ridge,added_model_vs_strongest_benchmark,-0.004999999999999987,1.0
M1_Macro_vs_M2_Macro_Oil__primary__All_Eligible,Oil_Rents_GDP_Pct_lag1,primary,All_Eligible,Future_Period,train_to_2016__test_from_2017,Ridge,added_model_vs_strongest_benchmark,-0.004499999999999987,1.0
M1_Macro_vs_M2_Macro_Oil__primary__All_Eligible,Oil_Rents_GDP_Pct_lag1,primary,All_Eligible,Future_Period,train_to_2016__test_from_2017,Ridge,added_model_vs_strongest_benchmark,-0.003999999999999986,1.0
M1_Macro_vs_M2_Macro_Oil__primary__All_Eligible,Oil_Rents_GDP_Pct_lag1,primary,All_Eligible,Future_Period,train_to_2016__test_from_2017,Ridge,added_model_vs_strongest_benchmark,-0.0034999999999999858,1.0
M1_Macro_vs_M2_Macro_Oil__primary__All_Eligible,Oil_Rents_GDP_Pct_lag1,primary,All_Eligible,Future_Period,train_to_2016__test_from_2017,Ridge,added_model_vs_strongest_benchmark,-0.0029999999999999853,1.0
M1_Macro_vs_M2_Macro_Oil__primary__All_Eligible,Oil_Rents_GDP_Pct_lag1,primary,All_Eligible,Future_Period,train_to_2016__test_from_2017,Ridge,added_model_vs_strongest_benchmark,-0.002499999999999985,1.0
M1_Macro_vs_M2_Macro_Oil__primary__All_Eligible,Oil_Rents_GDP_Pct_lag1,primary,All_Eligible,Future_Period,train_to_2016__test_from_2017,Ridge,added_model_vs_strongest_benchmark,-0.0019999999999999844,1.0
M1_Macro_vs_M2_Macro_Oil__primary__All_Eligible,Oil_Rents_GDP_Pct_lag1,primary,All_Eligible,Future_Period,train_to_2016__test_from_2017,Ridge,added_model_vs_strongest_benchmark,-0.001499999999999984,1.0
M1_Macro_vs_M2_Macro_Oil__primary__All_Eligible,Oil_Rents_GDP_Pct_lag1,primary,All_Eligible,Future_Period,train_to_2016__test_from_2017,Ridge,added_model_vs_strongest_benchmark,-0.0009999999999999835,1.0
M1_Macro_vs_M2_Macro_Oil__primary__All_Eligible,Oil_Rents_GDP_Pct_lag1,primary,All_Eligible,Future_Period,train_to_2016__test_from_2017,Ridge,added_model_vs_strongest_benchmark,-0.0004999999999999831,1.0
M1_Macro_vs_M2_Macro_Oil__primary__All_Eligible,Oil_Rents_GDP_Pct_lag1,primary,All_Eligible,Future_Period,train_to_2016__test_from_2017,Ridge,added_model_vs_strongest_benchmark,1.734723475976807e-17,1.0
M1_Macro_vs_M2_Macro_Oil__primary__All_Eligible,Oil_Rents_GDP_Pct_lag1,primary,All_Eligible,Future_Period,train_to_2016__test_from_2017,Ridge,added_model_vs_strongest_benchmark,0.0005000000000000178,1.0
M1_Macro_vs_M2_Macro_Oil__primary__All_Eligible,Oil_Rents_GDP_Pct_lag1,primary,All_Eligible,Future_Period,train_to_2016__test_from_2017,Ridge,added_model_vs_strongest_benchmark,0.0010000000000000182,1.0
M1_Macro_vs_M2_Macro_Oil__primary__All_Eligible,Oil_Rents_GDP_Pct_lag1,primary,All_Eligible,Future_Period,train_to_2016__test_from_2017,Ridge,added_model_vs_strongest_benchmark,0.0015000000000000187,1.0
M1_Macro_vs_M2_Macro_Oil__primary__All_Eligible,Oil_Rents_GDP_Pct_lag1,primary,All_Eligible,Future_Period,train_to_2016__test_from_2017,Ridge,added_model_vs_strongest_benchmark,0.002000000000000019,1.0
M1_Macro_vs_M2_Macro_Oil__primary__All_Eligible,Oil_Rents_GDP_Pct_lag1,primary,All_Eligible,Future_Period,train_to_2016__test_from_2017,Ridge,added_model_vs_strongest_benchmark,0.0025000000000000196,1.0
M1_Macro_vs_M2_Macro_Oil__primary__All_Eligible,Oil_Rents_GDP_Pct_lag1,primary,All_Eligible,Future_Period,train_to_2016__test_from_2017,Ridge,added_model_vs_strongest_benchmark,0.00300000000000002,1.0
M1_Macro_vs_M2_Macro_Oil__primary__All_Eligible,Oil_Rents_GDP_Pct_lag1,primary,All_Eligible,Future_Period,train_to_2016__test_from_2017,Ridge,added_model_vs_strongest_benchmark,0.0035000000000000205,1.0
M1_Macro_vs_M2_Macro_Oil__primary__All_Eligible,Oil_Rents_GDP_Pct_lag1,primary,All_Eligible,Future_Period,train_to_2016__test_from_2017,Ridge,added_model_vs_strongest_benchmark,0.004000000000000021,1.0
M1_Macro_vs_M2_Macro_Oil__primary__All_Eligible,Oil_Rents_GDP_Pct_lag1,primary,All_Eligible,Future_Period,train_to_2016__test_from_2017,Ridge,added_model_vs_strongest_benchmark,0.004500000000000021,1.0
M1_Macro_vs_M2_Macro_Oil__primary__All_Eligible,Oil_Rents_GDP_Pct_lag1,primary,All_Eligible,Future_Period,train_to_2016__test_from_2017,Ridge,added_model_vs_strongest_benchmark,0.005000000000000022,1.0
M1_Macro_vs_M2_Macro_Oil__primary__All_Eligible,Oil_Rents_GDP_Pct_lag1,primary,All_Eligible,Future_Period,train_to_2016__test_from_2017,Ridge,added_model_vs_strongest_benchmark,0.005500000000000022,1.0
M1_Macro_vs_M2_Macro_Oil__primary__All_Eligible,Oil_Rents_GDP_Pct_lag1,primary,All_Eligible,Future_Period,train_to_2016__test_from_2017,Ridge,added_model_vs_strongest_benchmark,0.006000000000000023,1.0
M1_Macro_vs_M2_Macro_Oil__primary__All_Eligible,Oil_Rents_GDP_Pct_lag1,primary,All_Eligible,Future_Period,train_to_2016__test_from_2017,Ridge,added_model_vs_strongest_benchmark,0.006500000000000023,1.0
M1_Macro_vs_M2_Macro_Oil__primary__All_Eligible,Oil_Rents_GDP_Pct_lag1,primary,All_Eligible,Future_Period,train_to_2016__test_from_2017,Ridge,added_model_vs_strongest_benchmark,0.0070000000000000236,1.0
M1_Macro_vs_M2_Macro_Oil__primary__All_Eligible,Oil_Rents_GDP_Pct_lag1,primary,All_Eligible,Future_Period,train_to_2016__test_from_2017,Ridge,added_model_vs_strongest_benchmark,0.007500000000000024,1.0
M1_Macro_vs_M2_Macro_Oil__primary__All_Eligible,Oil_Rents_GDP_Pct_lag1,primary,All_Eligible,Future_Period,train_to_2016__test_from_2017,Ridge,added_model_vs_strongest_benchmark,0.008000000000000024,1.0
M1_Macro_vs_M2_Macro_Oil__primary__All_Eligible,Oil_Rents_GDP_Pct_lag1,primary,All_Eligible,Future_Period,train_to_2016__test_from_2017,Ridge,added_model_vs_strongest_benchmark,0.008500000000000025,1.0
M1_Macro_vs_M2_Macro_Oil__primary__All_Eligible,Oil_Rents_GDP_Pct_lag1,primary,All_Eligible,Future_Period,train_to_2016__test_from_2017,Ridge,added_model_vs_strongest_benchmark,0.009000000000000025,1.0
M1_Macro_vs_M2_Macro_Oil__primary__All_Eligible,Oil_Rents_GDP_Pct_lag1,primary,All_Eligible,Future_Period,train_to_2016__test_from_2017,Ridge,added_model_vs_strongest_benchmark,0.009500000000000026,1.0
M1_Macro_vs_M2_Macro_Oil__primary__All_Eligible,Oil_Rents_GDP_Pct_lag1,primary,All_Eligible,Future_Period,train_to_2016__test_from_2017,Ridge,added_model_vs_strongest_benchmark,0.010000000000000026,1.0
M1_Macro_vs_M2_Macro_Oil__primary__All_Eligible,Oil_Rents_GDP_Pct_lag1,primary,All_Eligible,Future_Period,train_to_2016__test_from_2017,Ridge,added_model_vs_strongest_benchmark,0.010500000000000027,1.0
M1_Macro_vs_M2_Macro_Oil__primary__All_Eligible,Oil_Rents_GDP_Pct_lag1,primary,All_Eligible,Future_Period,train_to_2016__test_from_2017,Ridge,added_model_vs_strongest_benchmark,0.011000000000000027,1.0
M1_Macro_vs_M2_Macro_Oil__primary__All_Eligible,Oil_Rents_GDP_Pct_lag1,primary,All_Eligible,Future_Period,train_to_2016__test_from_2017,Ridge,added_model_vs_strongest_benchmark,0.011500000000000028,1.0
M1_Macro_vs_M2_Macro_Oil__primary__All_Eligible,Oil_Rents_GDP_Pct_lag1,primary,All_Eligible,Future_Period,train_to_2016__test_from_2017,Ridge,added_model_vs_strongest_benchmark,0.012000000000000028,1.0
M1_Macro_vs_M2_Macro_Oil__primary__All_Eligible,Oil_Rents_GDP_Pct_lag1,primary,All_Eligible,Future_Period,train_to_2016__test_from_2017,Ridge,added_model_vs_strongest_benchmark,0.012500000000000028,1.0
M1_Macro_vs_M2_Macro_Oil__primary__All_Eligible,Oil_Rents_GDP_Pct_lag1,primary,All_Eligible,Future_Period,train_to_2016__test_from_2017,Ridge,added_model_vs_strongest_benchmark,0.013000000000000029,1.0
M1_Macro_vs_M2_Macro_Oil__primary__All_Eligible,Oil_Rents_GDP_Pct_lag1,primary,All_Eligible,Future_Period,train_to_2016__test_from_2017,Ridge,added_model_vs_strongest_benchmark,0.01350000000000003,1.0
M1_Macro_vs_M2_Macro_Oil__primary__All_Eligible,Oil_Rents_GDP_Pct_lag1,primary,All_Eligible,Future_Period,train_to_2016__test_from_2017,Ridge,added_model_vs_strongest_benchmark,0.01400000000000003,1.0
M1_Macro_vs_M2_Macro_Oil__primary__All_Eligible,Oil_Rents_GDP_Pct_lag1,primary,All_Eligible,Future_Period,train_to_2016__test_from_2017,Ridge,added_model_vs_strongest_benchmark,0.01450000000000003,1.0
M1_Macro_vs_M2_Macro_Oil__primary__All_Eligible,Oil_Rents_GDP_Pct_lag1,primary,All_Eligible,Future_Period,train_to_2016__test_from_2017,Ridge,added_model_vs_strongest_benchmark,0.01500000000000003,1.0
M1_Macro_vs_M2_Macro_Oil__primary__All_Eligible,Oil_Rents_GDP_Pct_lag1,primary,All_Eligible,Future_Period,train_to_2016__test_from_2017,Ridge,added_model_vs_strongest_benchmark,0.015500000000000031,1.0
M1_Macro_vs_M2_Macro_Oil__primary__All_Eligible,Oil_Rents_GDP_Pct_lag1,primary,All_Eligible,Future_Period,train_to_2016__test_from_2017,Ridge,added_model_vs_strongest_benchmark,0.01600000000000003,1.0
M1_Macro_vs_M2_Macro_Oil__primary__All_Eligible,Oil_Rents_GDP_Pct_lag1,primary,All_Eligible,Future_Period,train_to_2016__test_from_2017,Ridge,added_model_vs_strongest_benchmark,0.016500000000000032,1.0
M1_Macro_vs_M2_Macro_Oil__primary__All_Eligible,Oil_Rents_GDP_Pct_lag1,primary,All_Eligible,Future_Period,train_to_2016__test_from_2017,Ridge,added_model_vs_strongest_benchmark,0.017000000000000032,1.0
M1_Macro_vs_M2_Macro_Oil__primary__All_Eligible,Oil_Rents_GDP_Pct_lag1,primary,All_Eligible,Future_Period,train_to_2016__test_from_2017,Ridge,added_model_vs_strongest_benchmark,0.017500000000000033,1.0
M1_Macro_vs_M2_Macro_Oil__primary__All_Eligible,Oil_Rents_GDP_Pct_lag1,primary,All_Eligible,Future_Period,train_to_2016__test_from_2017,Ridge,added_model_vs_strongest_benchmark,0.018000000000000033,1.0
M1_Macro_vs_M2_Macro_Oil__primary__All_Eligible,Oil_Rents_GDP_Pct_lag1,primary,All_Eligible,Future_Period,train_to_2016__test_from_2017,Ridge,added_model_vs_strongest_benchmark,0.018500000000000034,1.0
M1_Macro_vs_M2_Macro_Oil__primary__All_Eligible,Oil_Rents_GDP_Pct_lag1,primary,All_Eligible,Future_Period,train_to_2016__test_from_2017,Ridge,added_model_vs_strongest_benchmark,0.019000000000000034,1.0
M1_Macro_vs_M2_Macro_Oil__primary__All_Eligible,Oil_Rents_GDP_Pct_lag1,primary,All_Eligible,Future_Period,train_to_2016__test_from_2017,Ridge,added_model_vs_strongest_benchmark,0.019500000000000035,1.0
M1_Macro_vs_M2_Macro_Oil__primary__All_Eligible,Oil_Rents_GDP_Pct_lag1,primary,All_Eligible,Future_Period,train_to_2016__test_from_2017,Ridge,added_model_vs_strongest_benchmark,0.020000000000000035,1.0
M1_Macro_vs_M2_Macro_Oil__primary__All_Eligible,Oil_Rents_GDP_Pct_lag1,primary,All_Eligible,Future_Period,train_to_2016__test_from_2017,Ridge,added_model_vs_strongest_benchmark,0.020500000000000036,1.0
M1_Macro_vs_M2_Macro_Oil__primary__All_Eligible,Oil_Rents_GDP_Pct_lag1,primary,All_Eligible,Future_Period,train_to_2016__test_from_2017,Ridge,added_model_vs_strongest_benchmark,0.021000000000000036,1.0
M1_Macro_vs_M2_Macro_Oil__primary__All_Eligible,Oil_Rents_GDP_Pct_lag1,primary,All_Eligible,Future_Period,train_to_2016__test_from_2017,Ridge,added_model_vs_strongest_benchmark,0.021500000000000036,1.0
M1_Macro_vs_M2_Macro_Oil__primary__All_Eligible,Oil_Rents_GDP_Pct_lag1,primary,All_Eligible,Future_Period,train_to_2016__test_from_2017,Ridge,added_model_vs_strongest_benchmark,0.022000000000000037,1.0
M1_Macro_vs_M2_Macro_Oil__primary__All_Eligible,Oil_Rents_GDP_Pct_lag1,primary,All_Eligible,Future_Period,train_to_2016__test_from_2017,Ridge,added_model_vs_strongest_benchmark,0.022500000000000037,1.0
M1_Macro_vs_M2_Macro_Oil__primary__All_Eligible,Oil_Rents_GDP_Pct_lag1,primary,All_Eligible,Future_Period,train_to_2016__test_from_2017,Ridge,added_model_vs_strongest_benchmark,0.023000000000000038,1.0
M1_Macro_vs_M2_Macro_Oil__primary__All_Eligible,Oil_Rents_GDP_Pct_lag1,primary,All_Eligible,Future_Period,train_to_2016__test_from_2017,Ridge,added_model_vs_strongest_benchmark,0.023500000000000038,1.0
M1_Macro_vs_M2_Macro_Oil__primary__All_Eligible,Oil_Rents_GDP_Pct_lag1,primary,All_Eligible,Future_Period,train_to_2016__test_from_2017,Ridge,added_model_vs_strongest_benchmark,0.02400000000000004,1.0
M1_Macro_vs_M2_Macro_Oil__primary__All_Eligible,Oil_Rents_GDP_Pct_lag1,primary,All_Eligible,Future_Period,train_to_2016__test_from_2017,Ridge,added_model_vs_strongest_benchmark,0.02450000000000004,1.0
M1_Macro_vs_M2_Macro_Oil__primary__All_Eligible,Oil_Rents_GDP_Pct_lag1,primary,All_Eligible,Future_Period,train_to_2016__test_from_2017,Ridge,added_model_vs_strongest_benchmark,0.02500000000000004,1.0
M1_Macro_vs_M2_Macro_Oil__primary__All_Eligible,Oil_Rents_GDP_Pct_lag1,primary,All_Eligible,Future_Period,train_to_2016__test_from_2017,Ridge,added_model_vs_strongest_benchmark,0.02550000000000004,1.0
M1_Macro_vs_M2_Macro_Oil__primary__All_Eligible,Oil_Rents_GDP_Pct_lag1,primary,All_Eligible,Future_Period,train_to_2016__test_from_2017,Ridge,added_model_vs_strongest_benchmark,0.02600000000000004,1.0
M1_Macro_vs_M2_Macro_Oil__primary__All_Eligible,Oil_Rents_GDP_Pct_lag1,primary,All_Eligible,Future_Period,train_to_2016__test_from_2017,Ridge,added_model_vs_strongest_benchmark,0.02650000000000004,1.0
M1_Macro_vs_M2_Macro_Oil__primary__All_Eligible,Oil_Rents_GDP_Pct_lag1,primary,All_Eligible,Future_Period,train_to_2016__test_from_2017,Ridge,added_model_vs_strongest_benchmark,0.02700000000000004,1.0
M1_Macro_vs_M2_Macro_Oil__primary__All_Eligible,Oil_Rents_GDP_Pct_lag1,primary,All_Eligible,Future_Period,train_to_2016__test_from_2017,Ridge,added_model_vs_strongest_benchmark,0.027500000000000042,1.0
M1_Macro_vs_M2_Macro_Oil__primary__All_Eligible,Oil_Rents_GDP_Pct_lag1,primary,All_Eligible,Future_Period,train_to_2016__test_from_2017,Ridge,added_model_vs_strongest_benchmark,0.028000000000000042,1.0
M1_Macro_vs_M2_Macro_Oil__primary__All_Eligible,Oil_Rents_GDP_Pct_lag1,primary,All_Eligible,Future_Period,train_to_2016__test_from_2017,Ridge,added_model_vs_strongest_benchmark,0.028500000000000043,1.0
M1_Macro_vs_M2_Macro_Oil__primary__All_Eligible,Oil_Rents_GDP_Pct_lag1,primary,All_Eligible,Future_Period,train_to_2016__test_from_2017,Ridge,added_model_vs_strongest_benchmark,0.029000000000000043,1.0
M1_Macro_vs_M2_Macro_Oil__primary__All_Eligible,Oil_Rents_GDP_Pct_lag1,primary,All_Eligible,Future_Period,train_to_2016__test_from_2017,Ridge,added_model_vs_strongest_benchmark,0.029500000000000044,1.0
M1_Macro_vs_M2_Macro_Oil__primary__All_Eligible,Oil_Rents_GDP_Pct_lag1,primary,All_Eligible,Future_Period,train_to_2016__test_from_2017,Ridge,added_model_vs_strongest_benchmark,0.030000000000000044,1.0
M1_Macro_vs_M2_Macro_Oil__primary__All_Eligible,Oil_Rents_GDP_Pct_lag1,primary,All_Eligible,Future_Period,train_to_2016__test_from_2017,ElasticNet,signal_increment,-0.02,1.0
M1_Macro_vs_M2_Macro_Oil__primary__All_Eligible,Oil_Rents_GDP_Pct_lag1,primary,All_Eligible,Future_Period,train_to_2016__test_from_2017,ElasticNet,signal_increment,-0.0195,1.0
M1_Macro_vs_M2_Macro_Oil__primary__All_Eligible,Oil_Rents_GDP_Pct_lag1,primary,All_Eligible,Future_Period,train_to_2016__test_from_2017,ElasticNet,signal_increment,-0.019,1.0
M1_Macro_vs_M2_Macro_Oil__primary__All_Eligible,Oil_Rents_GDP_Pct_lag1,primary,All_Eligible,Future_Period,train_to_2016__test_from_2017,ElasticNet,signal_increment,-0.0185,1.0
M1_Macro_vs_M2_Macro_Oil__primary__All_Eligible,Oil_Rents_GDP_Pct_lag1,primary,All_Eligible,Future_Period,train_to_2016__test_from_2017,ElasticNet,signal_increment,-0.018,1.0
M1_Macro_vs_M2_Macro_Oil__primary__All_Eligible,Oil_Rents_GDP_Pct_lag1,primary,All_Eligible,Future_Period,train_to_2016__test_from_2017,ElasticNet,signal_increment,-0.017499999999999998,1.0
M1_Macro_vs_M2_Macro_Oil__primary__All_Eligible,Oil_Rents_GDP_Pct_lag1,primary,All_Eligible,Future_Period,train_to_2016__test_from_2017,ElasticNet,signal_increment,-0.016999999999999998,1.0
M1_Macro_vs_M2_Macro_Oil__primary__All_Eligible,Oil_Rents_GDP_Pct_lag1,primary,All_Eligible,Future_Period,train_to_2016__test_from_2017,ElasticNet,signal_increment,-0.016499999999999997,1.0
M1_Macro_vs_M2_Macro_Oil__primary__All_Eligible,Oil_Rents_GDP_Pct_lag1,primary,All_Eligible,Future_Period,train_to_2016__test_from_2017,ElasticNet,signal_increment,-0.015999999999999997,1.0
M1_Macro_vs_M2_Macro_Oil__primary__All_Eligible,Oil_Rents_GDP_Pct_lag1,primary,All_Eligible,Future_Period,train_to_2016__test_from_2017,ElasticNet,signal_increment,-0.015499999999999996,1.0
M1_Macro_vs_M2_Macro_Oil__primary__All_Eligible,Oil_Rents_GDP_Pct_lag1,primary,All_Eligible,Future_Period,train_to_2016__test_from_2017,ElasticNet,signal_increment,-0.014999999999999996,1.0
M1_Macro_vs_M2_Macro_Oil__primary__All_Eligible,Oil_Rents_GDP_Pct_lag1,primary,All_Eligible,Future_Period,train_to_2016__test_from_2017,ElasticNet,signal_increment,-0.014499999999999996,1.0
M1_Macro_vs_M2_Macro_Oil__primary__All_Eligible,Oil_Rents_GDP_Pct_lag1,primary,All_Eligible,Future_Period,train_to_2016__test_from_2017,ElasticNet,signal_increment,-0.013999999999999995,1.0
M1_Macro_vs_M2_Macro_Oil__primary__All_Eligible,Oil_Rents_GDP_Pct_lag1,primary,All_Eligible,Future_Period,train_to_2016__test_from_2017,ElasticNet,signal_increment,-0.013499999999999995,1.0
M1_Macro_vs_M2_Macro_Oil__primary__All_Eligible,Oil_Rents_GDP_Pct_lag1,primary,All_Eligible,Future_Period,train_to_2016__test_from_2017,ElasticNet,signal_increment,-0.012999999999999994,1.0
M1_Macro_vs_M2_Macro_Oil__primary__All_Eligible,Oil_Rents_GDP_Pct_lag1,primary,All_Eligible,Future_Period,train_to_2016__test_from_2017,ElasticNet,signal_increment,-0.012499999999999994,1.0
M1_Macro_vs_M2_Macro_Oil__primary__All_Eligible,Oil_Rents_GDP_Pct_lag1,primary,All_Eligible,Future_Period,train_to_2016__test_from_2017,ElasticNet,signal_increment,-0.011999999999999993,1.0
M1_Macro_vs_M2_Macro_Oil__primary__All_Eligible,Oil_Rents_GDP_Pct_lag1,primary,All_Eligible,Future_Period,train_to_2016__test_from_2017,ElasticNet,signal_increment,-0.011499999999999993,1.0
M1_Macro_vs_M2_Macro_Oil__primary__All_Eligible,Oil_Rents_GDP_Pct_lag1,primary,All_Eligible,Future_Period,train_to_2016__test_from_2017,ElasticNet,signal_increment,-0.010999999999999992,1.0
M1_Macro_vs_M2_Macro_Oil__primary__All_Eligible,Oil_Rents_GDP_Pct_lag1,primary,All_Eligible,Future_Period,train_to_2016__test_from_2017,ElasticNet,signal_increment,-0.010499999999999992,1.0
M1_Macro_vs_M2_Macro_Oil__primary__All_Eligible,Oil_Rents_GDP_Pct_lag1,primary,All_Eligible,Future_Period,train_to_2016__test_from_2017,ElasticNet,signal_increment,-0.009999999999999992,1.0
M1_Macro_vs_M2_Macro_Oil__primary__All_Eligible,Oil_Rents_GDP_Pct_lag1,primary,All_Eligible,Future_Period,train_to_2016__test_from_2017,ElasticNet,signal_increment,-0.009499999999999991,1.0
M1_Macro_vs_M2_Macro_Oil__primary__All_Eligible,Oil_Rents_GDP_Pct_lag1,primary,All_Eligible,Future_Period,train_to_2016__test_from_2017,ElasticNet,signal_increment,-0.00899999999999999,1.0
M1_Macro_vs_M2_Macro_Oil__primary__All_Eligible,Oil_Rents_GDP_Pct_lag1,primary,All_Eligible,Future_Period,train_to_2016__test_from_2017,ElasticNet,signal_increment,-0.00849999999999999,1.0
M1_Macro_vs_M2_Macro_Oil__primary__All_Eligible,Oil_Rents_GDP_Pct_lag1,primary,All_Eligible,Future_Period,train_to_2016__test_from_2017,ElasticNet,signal_increment,-0.00799999999999999,1.0
M1_Macro_vs_M2_Macro_Oil__primary__All_Eligible,Oil_Rents_GDP_Pct_lag1,primary,All_Eligible,Future_Period,train_to_2016__test_from_2017,ElasticNet,signal_increment,-0.007499999999999989,1.0
M1_Macro_vs_M2_Macro_Oil__primary__All_Eligible,Oil_Rents_GDP_Pct_lag1,primary,All_Eligible,Future_Period,train_to_2016__test_from_2017,ElasticNet,signal_increment,-0.006999999999999989,1.0
M1_Macro_vs_M2_Macro_Oil__primary__All_Eligible,Oil_Rents_GDP_Pct_lag1,primary,All_Eligible,Future_Period,train_to_2016__test_from_2017,ElasticNet,signal_increment,-0.006499999999999988,0.999
M1_Macro_vs_M2_Macro_Oil__primary__All_Eligible,Oil_Rents_GDP_Pct_lag1,primary,All_Eligible,Future_Period,train_to_2016__test_from_2017,ElasticNet,signal_increment,-0.005999999999999988,0.9985
M1_Macro_vs_M2_Macro_Oil__primary__All_Eligible,Oil_Rents_GDP_Pct_lag1,primary,All_Eligible,Future_Period,train_to_2016__test_from_2017,ElasticNet,signal_increment,-0.0054999999999999875,0.9975
M1_Macro_vs_M2_Macro_Oil__primary__All_Eligible,Oil_Rents_GDP_Pct_lag1,primary,All_Eligible,Future_Period,train_to_2016__test_from_2017,ElasticNet,signal_increment,-0.004999999999999987,0.9965
M1_Macro_vs_M2_Macro_Oil__primary__All_Eligible,Oil_Rents_GDP_Pct_lag1,primary,All_Eligible,Future_Period,train_to_2016__test_from_2017,ElasticNet,signal_increment,-0.004499999999999987,0.996
M1_Macro_vs_M2_Macro_Oil__primary__All_Eligible,Oil_Rents_GDP_Pct_lag1,primary,All_Eligible,Future_Period,train_to_2016__test_from_2017,ElasticNet,signal_increment,-0.003999999999999986,0.9945
M1_Macro_vs_M2_Macro_Oil__primary__All_Eligible,Oil_Rents_GDP_Pct_lag1,primary,All_Eligible,Future_Period,train_to_2016__test_from_2017,ElasticNet,signal_increment,-0.0034999999999999858,0.993
M1_Macro_vs_M2_Macro_Oil__primary__All_Eligible,Oil_Rents_GDP_Pct_lag1,primary,All_Eligible,Future_Period,train_to_2016__test_from_2017,ElasticNet,signal_increment,-0.0029999999999999853,0.991
M1_Macro_vs_M2_Macro_Oil__primary__All_Eligible,Oil_Rents_GDP_Pct_lag1,primary,All_Eligible,Future_Period,train_to_2016__test_from_2017,ElasticNet,signal_increment,-0.002499999999999985,0.9875
M1_Macro_vs_M2_Macro_Oil__primary__All_Eligible,Oil_Rents_GDP_Pct_lag1,primary,All_Eligible,Future_Period,train_to_2016__test_from_2017,ElasticNet,signal_increment,-0.0019999999999999844,0.9835
M1_Macro_vs_M2_Macro_Oil__primary__All_Eligible,Oil_Rents_GDP_Pct_lag1,primary,All_Eligible,Future_Period,train_to_2016__test_from_2017,ElasticNet,signal_increment,-0.001499999999999984,0.9785
M1_Macro_vs_M2_Macro_Oil__primary__All_Eligible,Oil_Rents_GDP_Pct_lag1,primary,All_Eligible,Future_Period,train_to_2016__test_from_2017,ElasticNet,signal_increment,-0.0009999999999999835,0.966
M1_Macro_vs_M2_Macro_Oil__primary__All_Eligible,Oil_Rents_GDP_Pct_lag1,primary,All_Eligible,Future_Period,train_to_2016__test_from_2017,ElasticNet,signal_increment,-0.0004999999999999831,0.953
M1_Macro_vs_M2_Macro_Oil__primary__All_Eligible,Oil_Rents_GDP_Pct_lag1,primary,All_Eligible,Future_Period,train_to_2016__test_from_2017,ElasticNet,signal_increment,1.734723475976807e-17,0.942
M1_Macro_vs_M2_Macro_Oil__primary__All_Eligible,Oil_Rents_GDP_Pct_lag1,primary,All_Eligible,Future_Period,train_to_2016__test_from_2017,ElasticNet,signal_increment,0.0005000000000000178,0.9245
M1_Macro_vs_M2_Macro_Oil__primary__All_Eligible,Oil_Rents_GDP_Pct_lag1,primary,All_Eligible,Future_Period,train_to_2016__test_from_2017,ElasticNet,signal_increment,0.0010000000000000182,0.9065
M1_Macro_vs_M2_Macro_Oil__primary__All_Eligible,Oil_Rents_GDP_Pct_lag1,primary,All_Eligible,Future_Period,train_to_2016__test_from_2017,ElasticNet,signal_increment,0.0015000000000000187,0.88
M1_Macro_vs_M2_Macro_Oil__primary__All_Eligible,Oil_Rents_GDP_Pct_lag1,primary,All_Eligible,Future_Period,train_to_2016__test_from_2017,ElasticNet,signal_increment,0.002000000000000019,0.85
M1_Macro_vs_M2_Macro_Oil__primary__All_Eligible,Oil_Rents_GDP_Pct_lag1,primary,All_Eligible,Future_Period,train_to_2016__test_from_2017,ElasticNet,signal_increment,0.0025000000000000196,0.8255
M1_Macro_vs_M2_Macro_Oil__primary__All_Eligible,Oil_Rents_GDP_Pct_lag1,primary,All_Eligible,Future_Period,train_to_2016__test_from_2017,ElasticNet,signal_increment,0.00300000000000002,0.799
M1_Macro_vs_M2_Macro_Oil__primary__All_Eligible,Oil_Rents_GDP_Pct_lag1,primary,All_Eligible,Future_Period,train_to_2016__test_from_2017,ElasticNet,signal_increment,0.0035000000000000205,0.768
M1_Macro_vs_M2_Macro_Oil__primary__All_Eligible,Oil_Rents_GDP_Pct_lag1,primary,All_Eligible,Future_Period,train_to_2016__test_from_2017,ElasticNet,signal_increment,0.004000000000000021,0.73
M1_Macro_vs_M2_Macro_Oil__primary__All_Eligible,Oil_Rents_GDP_Pct_lag1,primary,All_Eligible,Future_Period,train_to_2016__test_from_2017,ElasticNet,signal_increment,0.004500000000000021,0.698
M1_Macro_vs_M2_Macro_Oil__primary__All_Eligible,Oil_Rents_GDP_Pct_lag1,primary,All_Eligible,Future_Period,train_to_2016__test_from_2017,ElasticNet,signal_increment,0.005000000000000022,0.658
M1_Macro_vs_M2_Macro_Oil__primary__All_Eligible,Oil_Rents_GDP_Pct_lag1,primary,All_Eligible,Future_Period,train_to_2016__test_from_2017,ElasticNet,signal_increment,0.005500000000000022,0.6235
M1_Macro_vs_M2_Macro_Oil__primary__All_Eligible,Oil_Rents_GDP_Pct_lag1,primary,All_Eligible,Future_Period,train_to_2016__test_from_2017,ElasticNet,signal_increment,0.006000000000000023,0.588
M1_Macro_vs_M2_Macro_Oil__primary__All_Eligible,Oil_Rents_GDP_Pct_lag1,primary,All_Eligible,Future_Period,train_to_2016__test_from_2017,ElasticNet,signal_increment,0.006500000000000023,0.545
M1_Macro_vs_M2_Macro_Oil__primary__All_Eligible,Oil_Rents_GDP_Pct_lag1,primary,All_Eligible,Future_Period,train_to_2016__test_from_2017,ElasticNet,signal_increment,0.0070000000000000236,0.5165
M1_Macro_vs_M2_Macro_Oil__primary__All_Eligible,Oil_Rents_GDP_Pct_lag1,primary,All_Eligible,Future_Period,train_to_2016__test_from_2017,ElasticNet,signal_increment,0.007500000000000024,0.484
M1_Macro_vs_M2_Macro_Oil__primary__All_Eligible,Oil_Rents_GDP_Pct_lag1,primary,All_Eligible,Future_Period,train_to_2016__test_from_2017,ElasticNet,signal_increment,0.008000000000000024,0.4415
M1_Macro_vs_M2_Macro_Oil__primary__All_Eligible,Oil_Rents_GDP_Pct_lag1,primary,All_Eligible,Future_Period,train_to_2016__test_from_2017,ElasticNet,signal_increment,0.008500000000000025,0.4045
M1_Macro_vs_M2_Macro_Oil__primary__All_Eligible,Oil_Rents_GDP_Pct_lag1,primary,All_Eligible,Future_Period,train_to_2016__test_from_2017,ElasticNet,signal_increment,0.009000000000000025,0.367
M1_Macro_vs_M2_Macro_Oil__primary__All_Eligible,Oil_Rents_GDP_Pct_lag1,primary,All_Eligible,Future_Period,train_to_2016__test_from_2017,ElasticNet,signal_increment,0.009500000000000026,0.328
M1_Macro_vs_M2_Macro_Oil__primary__All_Eligible,Oil_Rents_GDP_Pct_lag1,primary,All_Eligible,Future_Period,train_to_2016__test_from_2017,ElasticNet,signal_increment,0.010000000000000026,0.3
M1_Macro_vs_M2_Macro_Oil__primary__All_Eligible,Oil_Rents_GDP_Pct_lag1,primary,All_Eligible,Future_Period,train_to_2016__test_from_2017,ElasticNet,signal_increment,0.010500000000000027,0.2705
M1_Macro_vs_M2_Macro_Oil__primary__All_Eligible,Oil_Rents_GDP_Pct_lag1,primary,All_Eligible,Future_Period,train_to_2016__test_from_2017,ElasticNet,signal_increment,0.011000000000000027,0.238
M1_Macro_vs_M2_Macro_Oil__primary__All_Eligible,Oil_Rents_GDP_Pct_lag1,primary,All_Eligible,Future_Period,train_to_2016__test_from_2017,ElasticNet,signal_increment,0.011500000000000028,0.213
M1_Macro_vs_M2_Macro_Oil__primary__All_Eligible,Oil_Rents_GDP_Pct_lag1,primary,All_Eligible,Future_Period,train_to_2016__test_from_2017,ElasticNet,signal_increment,0.012000000000000028,0.1875
M1_Macro_vs_M2_Macro_Oil__primary__All_Eligible,Oil_Rents_GDP_Pct_lag1,primary,All_Eligible,Future_Period,train_to_2016__test_from_2017,ElasticNet,signal_increment,0.012500000000000028,0.1685
M1_Macro_vs_M2_Macro_Oil__primary__All_Eligible,Oil_Rents_GDP_Pct_lag1,primary,All_Eligible,Future_Period,train_to_2016__test_from_2017,ElasticNet,signal_increment,0.013000000000000029,0.145
M1_Macro_vs_M2_Macro_Oil__primary__All_Eligible,Oil_Rents_GDP_Pct_lag1,primary,All_Eligible,Future_Period,train_to_2016__test_from_2017,ElasticNet,signal_increment,0.01350000000000003,0.1225
M1_Macro_vs_M2_Macro_Oil__primary__All_Eligible,Oil_Rents_GDP_Pct_lag1,primary,All_Eligible,Future_Period,train_to_2016__test_from_2017,ElasticNet,signal_increment,0.01400000000000003,0.1095
M1_Macro_vs_M2_Macro_Oil__primary__All_Eligible,Oil_Rents_GDP_Pct_lag1,primary,All_Eligible,Future_Period,train_to_2016__test_from_2017,ElasticNet,signal_increment,0.01450000000000003,0.098
M1_Macro_vs_M2_Macro_Oil__primary__All_Eligible,Oil_Rents_GDP_Pct_lag1,primary,All_Eligible,Future_Period,train_to_2016__test_from_2017,ElasticNet,signal_increment,0.01500000000000003,0.0805
M1_Macro_vs_M2_Macro_Oil__primary__All_Eligible,Oil_Rents_GDP_Pct_lag1,primary,All_Eligible,Future_Period,train_to_2016__test_from_2017,ElasticNet,signal_increment,0.015500000000000031,0.0645
M1_Macro_vs_M2_Macro_Oil__primary__All_Eligible,Oil_Rents_GDP_Pct_lag1,primary,All_Eligible,Future_Period,train_to_2016__test_from_2017,ElasticNet,signal_increment,0.01600000000000003,0.0485
M1_Macro_vs_M2_Macro_Oil__primary__All_Eligible,Oil_Rents_GDP_Pct_lag1,primary,All_Eligible,Future_Period,train_to_2016__test_from_2017,ElasticNet,signal_increment,0.016500000000000032,0.0375
M1_Macro_vs_M2_Macro_Oil__primary__All_Eligible,Oil_Rents_GDP_Pct_lag1,primary,All_Eligible,Future_Period,train_to_2016__test_from_2017,ElasticNet,signal_increment,0.017000000000000032,0.0315
M1_Macro_vs_M2_Macro_Oil__primary__All_Eligible,Oil_Rents_GDP_Pct_lag1,primary,All_Eligible,Future_Period,train_to_2016__test_from_2017,ElasticNet,signal_increment,0.017500000000000033,0.027
M1_Macro_vs_M2_Macro_Oil__primary__All_Eligible,Oil_Rents_GDP_Pct_lag1,primary,All_Eligible,Future_Period,train_to_2016__test_from_2017,ElasticNet,signal_increment,0.018000000000000033,0.021
M1_Macro_vs_M2_Macro_Oil__primary__All_Eligible,Oil_Rents_GDP_Pct_lag1,primary,All_Eligible,Future_Period,train_to_2016__test_from_2017,ElasticNet,signal_increment,0.018500000000000034,0.016
M1_Macro_vs_M2_Macro_Oil__primary__All_Eligible,Oil_Rents_GDP_Pct_lag1,primary,All_Eligible,Future_Period,train_to_2016__test_from_2017,ElasticNet,signal_increment,0.019000000000000034,0.0135
M1_Macro_vs_M2_Macro_Oil__primary__All_Eligible,Oil_Rents_GDP_Pct_lag1,primary,All_Eligible,Future_Period,train_to_2016__test_from_2017,ElasticNet,signal_increment,0.019500000000000035,0.0115
M1_Macro_vs_M2_Macro_Oil__primary__All_Eligible,Oil_Rents_GDP_Pct_lag1,primary,All_Eligible,Future_Period,train_to_2016__test_from_2017,ElasticNet,signal_increment,0.020000000000000035,0.0085
M1_Macro_vs_M2_Macro_Oil__primary__All_Eligible,Oil_Rents_GDP_Pct_lag1,primary,All_Eligible,Future_Period,train_to_2016__test_from_2017,ElasticNet,signal_increment,0.020500000000000036,0.007
M1_Macro_vs_M2_Macro_Oil__primary__All_Eligible,Oil_Rents_GDP_Pct_lag1,primary,All_Eligible,Future_Period,train_to_2016__test_from_2017,ElasticNet,signal_increment,0.021000000000000036,0.0045
M1_Macro_vs_M2_Macro_Oil__primary__All_Eligible,Oil_Rents_GDP_Pct_lag1,primary,All_Eligible,Future_Period,train_to_2016__test_from_2017,ElasticNet,signal_increment,0.021500000000000036,0.004
M1_Macro_vs_M2_Macro_Oil__primary__All_Eligible,Oil_Rents_GDP_Pct_lag1,primary,All_Eligible,Future_Period,train_to_2016__test_from_2017,ElasticNet,signal_increment,0.022000000000000037,0.0035
M1_Macro_vs_M2_Macro_Oil__primary__All_Eligible,Oil_Rents_GDP_Pct_lag1,primary,All_Eligible,Future_Period,train_to_2016__test_from_2017,ElasticNet,signal_increment,0.022500000000000037,0.0025
M1_Macro_vs_M2_Macro_Oil__primary__All_Eligible,Oil_Rents_GDP_Pct_lag1,primary,All_Eligible,Future_Period,train_to_2016__test_from_2017,ElasticNet,signal_increment,0.023000000000000038,0.0015
M1_Macro_vs_M2_Macro_Oil__primary__All_Eligible,Oil_Rents_GDP_Pct_lag1,primary,All_Eligible,Future_Period,train_to_2016__test_from_2017,ElasticNet,signal_increment,0.023500000000000038,0.0015
M1_Macro_vs_M2_Macro_Oil__primary__All_Eligible,Oil_Rents_GDP_Pct_lag1,primary,All_Eligible,Future_Period,train_to_2016__test_from_2017,ElasticNet,signal_increment,0.02400000000000004,0.001
M1_Macro_vs_M2_Macro_Oil__primary__All_Eligible,Oil_Rents_GDP_Pct_lag1,primary,All_Eligible,Future_Period,train_to_2016__test_from_2017,ElasticNet,signal_increment,0.02450000000000004,0.0
M1_Macro_vs_M2_Macro_Oil__primary__All_Eligible,Oil_Rents_GDP_Pct_lag1,primary,All_Eligible,Future_Period,train_to_2016__test_from_2017,ElasticNet,signal_increment,0.02500000000000004,0.0
M1_Macro_vs_M2_Macro_Oil__primary__All_Eligible,Oil_Rents_GDP_Pct_lag1,primary,All_Eligible,Future_Period,train_to_2016__test_from_2017,ElasticNet,signal_increment,0.02550000000000004,0.0
M1_Macro_vs_M2_Macro_Oil__primary__All_Eligible,Oil_Rents_GDP_Pct_lag1,primary,All_Eligible,Future_Period,train_to_2016__test_from_2017,ElasticNet,signal_increment,0.02600000000000004,0.0
M1_Macro_vs_M2_Macro_Oil__primary__All_Eligible,Oil_Rents_GDP_Pct_lag1,primary,All_Eligible,Future_Period,train_to_2016__test_from_2017,ElasticNet,signal_increment,0.02650000000000004,0.0
M1_Macro_vs_M2_Macro_Oil__primary__All_Eligible,Oil_Rents_GDP_Pct_lag1,primary,All_Eligible,Future_Period,train_to_2016__test_from_2017,ElasticNet,signal_increment,0.02700000000000004,0.0
M1_Macro_vs_M2_Macro_Oil__primary__All_Eligible,Oil_Rents_GDP_Pct_lag1,primary,All_Eligible,Future_Period,train_to_2016__test_from_2017,ElasticNet,signal_increment,0.027500000000000042,0.0
M1_Macro_vs_M2_Macro_Oil__primary__All_Eligible,Oil_Rents_GDP_Pct_lag1,primary,All_Eligible,Future_Period,train_to_2016__test_from_2017,ElasticNet,signal_increment,0.028000000000000042,0.0
M1_Macro_vs_M2_Macro_Oil__primary__All_Eligible,Oil_Rents_GDP_Pct_lag1,primary,All_Eligible,Future_Period,train_to_2016__test_from_2017,ElasticNet,signal_increment,0.028500000000000043,0.0
M1_Macro_vs_M2_Macro_Oil__primary__All_Eligible,Oil_Rents_GDP_Pct_lag1,primary,All_Eligible,Future_Period,train_to_2016__test_from_2017,ElasticNet,signal_increment,0.029000000000000043,0.0
M1_Macro_vs_M2_Macro_Oil__primary__All_Eligible,Oil_Rents_GDP_Pct_lag1,primary,All_Eligible,Future_Period,train_to_2016__test_from_2017,ElasticNet,signal_increment,0.029500000000000044,0.0
M1_Macro_vs_M2_Macro_Oil__primary__All_Eligible,Oil_Rents_GDP_Pct_lag1,primary,All_Eligible,Future_Period,train_to_2016__test_from_2017,ElasticNet,signal_increment,0.030000000000000044,0.0
M1_Macro_vs_M2_Macro_Oil__primary__All_Eligible,Oil_Rents_GDP_Pct_lag1,primary,All_Eligible,Future_Period,train_to_2016__test_from_2017,ElasticNet,added_model_vs_strongest_benchmark,-0.02,1.0
M1_Macro_vs_M2_Macro_Oil__primary__All_Eligible,Oil_Rents_GDP_Pct_lag1,primary,All_Eligible,Future_Period,train_to_2016__test_from_2017,ElasticNet,added_model_vs_strongest_benchmark,-0.0195,1.0
M1_Macro_vs_M2_Macro_Oil__primary__All_Eligible,Oil_Rents_GDP_Pct_lag1,primary,All_Eligible,Future_Period,train_to_2016__test_from_2017,ElasticNet,added_model_vs_strongest_benchmark,-0.019,1.0
M1_Macro_vs_M2_Macro_Oil__primary__All_Eligible,Oil_Rents_GDP_Pct_lag1,primary,All_Eligible,Future_Period,train_to_2016__test_from_2017,ElasticNet,added_model_vs_strongest_benchmark,-0.0185,1.0
M1_Macro_vs_M2_Macro_Oil__primary__All_Eligible,Oil_Rents_GDP_Pct_lag1,primary,All_Eligible,Future_Period,train_to_2016__test_from_2017,ElasticNet,added_model_vs_strongest_benchmark,-0.018,1.0
M1_Macro_vs_M2_Macro_Oil__primary__All_Eligible,Oil_Rents_GDP_Pct_lag1,primary,All_Eligible,Future_Period,train_to_2016__test_from_2017,ElasticNet,added_model_vs_strongest_benchmark,-0.017499999999999998,1.0
M1_Macro_vs_M2_Macro_Oil__primary__All_Eligible,Oil_Rents_GDP_Pct_lag1,primary,All_Eligible,Future_Period,train_to_2016__test_from_2017,ElasticNet,added_model_vs_strongest_benchmark,-0.016999999999999998,1.0
M1_Macro_vs_M2_Macro_Oil__primary__All_Eligible,Oil_Rents_GDP_Pct_lag1,primary,All_Eligible,Future_Period,train_to_2016__test_from_2017,ElasticNet,added_model_vs_strongest_benchmark,-0.016499999999999997,1.0
M1_Macro_vs_M2_Macro_Oil__primary__All_Eligible,Oil_Rents_GDP_Pct_lag1,primary,All_Eligible,Future_Period,train_to_2016__test_from_2017,ElasticNet,added_model_vs_strongest_benchmark,-0.015999999999999997,1.0
M1_Macro_vs_M2_Macro_Oil__primary__All_Eligible,Oil_Rents_GDP_Pct_lag1,primary,All_Eligible,Future_Period,train_to_2016__test_from_2017,ElasticNet,added_model_vs_strongest_benchmark,-0.015499999999999996,1.0
M1_Macro_vs_M2_Macro_Oil__primary__All_Eligible,Oil_Rents_GDP_Pct_lag1,primary,All_Eligible,Future_Period,train_to_2016__test_from_2017,ElasticNet,added_model_vs_strongest_benchmark,-0.014999999999999996,1.0
M1_Macro_vs_M2_Macro_Oil__primary__All_Eligible,Oil_Rents_GDP_Pct_lag1,primary,All_Eligible,Future_Period,train_to_2016__test_from_2017,ElasticNet,added_model_vs_strongest_benchmark,-0.014499999999999996,1.0
M1_Macro_vs_M2_Macro_Oil__primary__All_Eligible,Oil_Rents_GDP_Pct_lag1,primary,All_Eligible,Future_Period,train_to_2016__test_from_2017,ElasticNet,added_model_vs_strongest_benchmark,-0.013999999999999995,1.0
M1_Macro_vs_M2_Macro_Oil__primary__All_Eligible,Oil_Rents_GDP_Pct_lag1,primary,All_Eligible,Future_Period,train_to_2016__test_from_2017,ElasticNet,added_model_vs_strongest_benchmark,-0.013499999999999995,1.0
M1_Macro_vs_M2_Macro_Oil__primary__All_Eligible,Oil_Rents_GDP_Pct_lag1,primary,All_Eligible,Future_Period,train_to_2016__test_from_2017,ElasticNet,added_model_vs_strongest_benchmark,-0.012999999999999994,1.0
M1_Macro_vs_M2_Macro_Oil__primary__All_Eligible,Oil_Rents_GDP_Pct_lag1,primary,All_Eligible,Future_Period,train_to_2016__test_from_2017,ElasticNet,added_model_vs_strongest_benchmark,-0.012499999999999994,1.0
M1_Macro_vs_M2_Macro_Oil__primary__All_Eligible,Oil_Rents_GDP_Pct_lag1,primary,All_Eligible,Future_Period,train_to_2016__test_from_2017,ElasticNet,added_model_vs_strongest_benchmark,-0.011999999999999993,1.0
M1_Macro_vs_M2_Macro_Oil__primary__All_Eligible,Oil_Rents_GDP_Pct_lag1,primary,All_Eligible,Future_Period,train_to_2016__test_from_2017,ElasticNet,added_model_vs_strongest_benchmark,-0.011499999999999993,1.0
M1_Macro_vs_M2_Macro_Oil__primary__All_Eligible,Oil_Rents_GDP_Pct_lag1,primary,All_Eligible,Future_Period,train_to_2016__test_from_2017,ElasticNet,added_model_vs_strongest_benchmark,-0.010999999999999992,1.0
M1_Macro_vs_M2_Macro_Oil__primary__All_Eligible,Oil_Rents_GDP_Pct_lag1,primary,All_Eligible,Future_Period,train_to_2016__test_from_2017,ElasticNet,added_model_vs_strongest_benchmark,-0.010499999999999992,1.0
M1_Macro_vs_M2_Macro_Oil__primary__All_Eligible,Oil_Rents_GDP_Pct_lag1,primary,All_Eligible,Future_Period,train_to_2016__test_from_2017,ElasticNet,added_model_vs_strongest_benchmark,-0.009999999999999992,1.0
M1_Macro_vs_M2_Macro_Oil__primary__All_Eligible,Oil_Rents_GDP_Pct_lag1,primary,All_Eligible,Future_Period,train_to_2016__test_from_2017,ElasticNet,added_model_vs_strongest_benchmark,-0.009499999999999991,1.0
M1_Macro_vs_M2_Macro_Oil__primary__All_Eligible,Oil_Rents_GDP_Pct_lag1,primary,All_Eligible,Future_Period,train_to_2016__test_from_2017,ElasticNet,added_model_vs_strongest_benchmark,-0.00899999999999999,1.0
M1_Macro_vs_M2_Macro_Oil__primary__All_Eligible,Oil_Rents_GDP_Pct_lag1,primary,All_Eligible,Future_Period,train_to_2016__test_from_2017,ElasticNet,added_model_vs_strongest_benchmark,-0.00849999999999999,1.0
M1_Macro_vs_M2_Macro_Oil__primary__All_Eligible,Oil_Rents_GDP_Pct_lag1,primary,All_Eligible,Future_Period,train_to_2016__test_from_2017,ElasticNet,added_model_vs_strongest_benchmark,-0.00799999999999999,1.0
M1_Macro_vs_M2_Macro_Oil__primary__All_Eligible,Oil_Rents_GDP_Pct_lag1,primary,All_Eligible,Future_Period,train_to_2016__test_from_2017,ElasticNet,added_model_vs_strongest_benchmark,-0.007499999999999989,1.0
M1_Macro_vs_M2_Macro_Oil__primary__All_Eligible,Oil_Rents_GDP_Pct_lag1,primary,All_Eligible,Future_Period,train_to_2016__test_from_2017,ElasticNet,added_model_vs_strongest_benchmark,-0.006999999999999989,1.0
M1_Macro_vs_M2_Macro_Oil__primary__All_Eligible,Oil_Rents_GDP_Pct_lag1,primary,All_Eligible,Future_Period,train_to_2016__test_from_2017,ElasticNet,added_model_vs_strongest_benchmark,-0.006499999999999988,1.0
M1_Macro_vs_M2_Macro_Oil__primary__All_Eligible,Oil_Rents_GDP_Pct_lag1,primary,All_Eligible,Future_Period,train_to_2016__test_from_2017,ElasticNet,added_model_vs_strongest_benchmark,-0.005999999999999988,1.0
M1_Macro_vs_M2_Macro_Oil__primary__All_Eligible,Oil_Rents_GDP_Pct_lag1,primary,All_Eligible,Future_Period,train_to_2016__test_from_2017,ElasticNet,added_model_vs_strongest_benchmark,-0.0054999999999999875,1.0
M1_Macro_vs_M2_Macro_Oil__primary__All_Eligible,Oil_Rents_GDP_Pct_lag1,primary,All_Eligible,Future_Period,train_to_2016__test_from_2017,ElasticNet,added_model_vs_strongest_benchmark,-0.004999999999999987,1.0
M1_Macro_vs_M2_Macro_Oil__primary__All_Eligible,Oil_Rents_GDP_Pct_lag1,primary,All_Eligible,Future_Period,train_to_2016__test_from_2017,ElasticNet,added_model_vs_strongest_benchmark,-0.004499999999999987,1.0
M1_Macro_vs_M2_Macro_Oil__primary__All_Eligible,Oil_Rents_GDP_Pct_lag1,primary,All_Eligible,Future_Period,train_to_2016__test_from_2017,ElasticNet,added_model_vs_strongest_benchmark,-0.003999999999999986,1.0
M1_Macro_vs_M2_Macro_Oil__primary__All_Eligible,Oil_Rents_GDP_Pct_lag1,primary,All_Eligible,Future_Period,train_to_2016__test_from_2017,ElasticNet,added_model_vs_strongest_benchmark,-0.0034999999999999858,1.0
M1_Macro_vs_M2_Macro_Oil__primary__All_Eligible,Oil_Rents_GDP_Pct_lag1,primary,All_Eligible,Future_Period,train_to_2016__test_from_2017,ElasticNet,added_model_vs_strongest_benchmark,-0.0029999999999999853,1.0
M1_Macro_vs_M2_Macro_Oil__primary__All_Eligible,Oil_Rents_GDP_Pct_lag1,primary,All_Eligible,Future_Period,train_to_2016__test_from_2017,ElasticNet,added_model_vs_strongest_benchmark,-0.002499999999999985,1.0
M1_Macro_vs_M2_Macro_Oil__primary__All_Eligible,Oil_Rents_GDP_Pct_lag1,primary,All_Eligible,Future_Period,train_to_2016__test_from_2017,ElasticNet,added_model_vs_strongest_benchmark,-0.0019999999999999844,1.0
M1_Macro_vs_M2_Macro_Oil__primary__All_Eligible,Oil_Rents_GDP_Pct_lag1,primary,All_Eligible,Future_Period,train_to_2016__test_from_2017,ElasticNet,added_model_vs_strongest_benchmark,-0.001499999999999984,1.0
M1_Macro_vs_M2_Macro_Oil__primary__All_Eligible,Oil_Rents_GDP_Pct_lag1,primary,All_Eligible,Future_Period,train_to_2016__test_from_2017,ElasticNet,added_model_vs_strongest_benchmark,-0.0009999999999999835,1.0
M1_Macro_vs_M2_Macro_Oil__primary__All_Eligible,Oil_Rents_GDP_Pct_lag1,primary,All_Eligible,Future_Period,train_to_2016__test_from_2017,ElasticNet,added_model_vs_strongest_benchmark,-0.0004999999999999831,1.0
M1_Macro_vs_M2_Macro_Oil__primary__All_Eligible,Oil_Rents_GDP_Pct_lag1,primary,All_Eligible,Future_Period,train_to_2016__test_from_2017,ElasticNet,added_model_vs_strongest_benchmark,1.734723475976807e-17,1.0
M1_Macro_vs_M2_Macro_Oil__primary__All_Eligible,Oil_Rents_GDP_Pct_lag1,primary,All_Eligible,Future_Period,train_to_2016__test_from_2017,ElasticNet,added_model_vs_strongest_benchmark,0.0005000000000000178,1.0
M1_Macro_vs_M2_Macro_Oil__primary__All_Eligible,Oil_Rents_GDP_Pct_lag1,primary,All_Eligible,Future_Period,train_to_2016__test_from_2017,ElasticNet,added_model_vs_strongest_benchmark,0.0010000000000000182,1.0
M1_Macro_vs_M2_Macro_Oil__primary__All_Eligible,Oil_Rents_GDP_Pct_lag1,primary,All_Eligible,Future_Period,train_to_2016__test_from_2017,ElasticNet,added_model_vs_strongest_benchmark,0.0015000000000000187,1.0
M1_Macro_vs_M2_Macro_Oil__primary__All_Eligible,Oil_Rents_GDP_Pct_lag1,primary,All_Eligible,Future_Period,train_to_2016__test_from_2017,ElasticNet,added_model_vs_strongest_benchmark,0.002000000000000019,1.0
M1_Macro_vs_M2_Macro_Oil__primary__All_Eligible,Oil_Rents_GDP_Pct_lag1,primary,All_Eligible,Future_Period,train_to_2016__test_from_2017,ElasticNet,added_model_vs_strongest_benchmark,0.0025000000000000196,1.0
M1_Macro_vs_M2_Macro_Oil__primary__All_Eligible,Oil_Rents_GDP_Pct_lag1,primary,All_Eligible,Future_Period,train_to_2016__test_from_2017,ElasticNet,added_model_vs_strongest_benchmark,0.00300000000000002,1.0
M1_Macro_vs_M2_Macro_Oil__primary__All_Eligible,Oil_Rents_GDP_Pct_lag1,primary,All_Eligible,Future_Period,train_to_2016__test_from_2017,ElasticNet,added_model_vs_strongest_benchmark,0.0035000000000000205,1.0
M1_Macro_vs_M2_Macro_Oil__primary__All_Eligible,Oil_Rents_GDP_Pct_lag1,primary,All_Eligible,Future_Period,train_to_2016__test_from_2017,ElasticNet,added_model_vs_strongest_benchmark,0.004000000000000021,1.0
M1_Macro_vs_M2_Macro_Oil__primary__All_Eligible,Oil_Rents_GDP_Pct_lag1,primary,All_Eligible,Future_Period,train_to_2016__test_from_2017,ElasticNet,added_model_vs_strongest_benchmark,0.004500000000000021,1.0
M1_Macro_vs_M2_Macro_Oil__primary__All_Eligible,Oil_Rents_GDP_Pct_lag1,primary,All_Eligible,Future_Period,train_to_2016__test_from_2017,ElasticNet,added_model_vs_strongest_benchmark,0.005000000000000022,1.0
M1_Macro_vs_M2_Macro_Oil__primary__All_Eligible,Oil_Rents_GDP_Pct_lag1,primary,All_Eligible,Future_Period,train_to_2016__test_from_2017,ElasticNet,added_model_vs_strongest_benchmark,0.005500000000000022,1.0
M1_Macro_vs_M2_Macro_Oil__primary__All_Eligible,Oil_Rents_GDP_Pct_lag1,primary,All_Eligible,Future_Period,train_to_2016__test_from_2017,ElasticNet,added_model_vs_strongest_benchmark,0.006000000000000023,1.0
M1_Macro_vs_M2_Macro_Oil__primary__All_Eligible,Oil_Rents_GDP_Pct_lag1,primary,All_Eligible,Future_Period,train_to_2016__test_from_2017,ElasticNet,added_model_vs_strongest_benchmark,0.006500000000000023,1.0
M1_Macro_vs_M2_Macro_Oil__primary__All_Eligible,Oil_Rents_GDP_Pct_lag1,primary,All_Eligible,Future_Period,train_to_2016__test_from_2017,ElasticNet,added_model_vs_strongest_benchmark,0.0070000000000000236,1.0
M1_Macro_vs_M2_Macro_Oil__primary__All_Eligible,Oil_Rents_GDP_Pct_lag1,primary,All_Eligible,Future_Period,train_to_2016__test_from_2017,ElasticNet,added_model_vs_strongest_benchmark,0.007500000000000024,1.0
M1_Macro_vs_M2_Macro_Oil__primary__All_Eligible,Oil_Rents_GDP_Pct_lag1,primary,All_Eligible,Future_Period,train_to_2016__test_from_2017,ElasticNet,added_model_vs_strongest_benchmark,0.008000000000000024,1.0
M1_Macro_vs_M2_Macro_Oil__primary__All_Eligible,Oil_Rents_GDP_Pct_lag1,primary,All_Eligible,Future_Period,train_to_2016__test_from_2017,ElasticNet,added_model_vs_strongest_benchmark,0.008500000000000025,1.0
M1_Macro_vs_M2_Macro_Oil__primary__All_Eligible,Oil_Rents_GDP_Pct_lag1,primary,All_Eligible,Future_Period,train_to_2016__test_from_2017,ElasticNet,added_model_vs_strongest_benchmark,0.009000000000000025,1.0
M1_Macro_vs_M2_Macro_Oil__primary__All_Eligible,Oil_Rents_GDP_Pct_lag1,primary,All_Eligible,Future_Period,train_to_2016__test_from_2017,ElasticNet,added_model_vs_strongest_benchmark,0.009500000000000026,1.0
M1_Macro_vs_M2_Macro_Oil__primary__All_Eligible,Oil_Rents_GDP_Pct_lag1,primary,All_Eligible,Future_Period,train_to_2016__test_from_2017,ElasticNet,added_model_vs_strongest_benchmark,0.010000000000000026,1.0
M1_Macro_vs_M2_Macro_Oil__primary__All_Eligible,Oil_Rents_GDP_Pct_lag1,primary,All_Eligible,Future_Period,train_to_2016__test_from_2017,ElasticNet,added_model_vs_strongest_benchmark,0.010500000000000027,1.0
M1_Macro_vs_M2_Macro_Oil__primary__All_Eligible,Oil_Rents_GDP_Pct_lag1,primary,All_Eligible,Future_Period,train_to_2016__test_from_2017,ElasticNet,added_model_vs_strongest_benchmark,0.011000000000000027,1.0
M1_Macro_vs_M2_Macro_Oil__primary__All_Eligible,Oil_Rents_GDP_Pct_lag1,primary,All_Eligible,Future_Period,train_to_2016__test_from_2017,ElasticNet,added_model_vs_strongest_benchmark,0.011500000000000028,1.0
M1_Macro_vs_M2_Macro_Oil__primary__All_Eligible,Oil_Rents_GDP_Pct_lag1,primary,All_Eligible,Future_Period,train_to_2016__test_from_2017,ElasticNet,added_model_vs_strongest_benchmark,0.012000000000000028,1.0
M1_Macro_vs_M2_Macro_Oil__primary__All_Eligible,Oil_Rents_GDP_Pct_lag1,primary,All_Eligible,Future_Period,train_to_2016__test_from_2017,ElasticNet,added_model_vs_strongest_benchmark,0.012500000000000028,1.0
M1_Macro_vs_M2_Macro_Oil__primary__All_Eligible,Oil_Rents_GDP_Pct_lag1,primary,All_Eligible,Future_Period,train_to_2016__test_from_2017,ElasticNet,added_model_vs_strongest_benchmark,0.013000000000000029,1.0
M1_Macro_vs_M2_Macro_Oil__primary__All_Eligible,Oil_Rents_GDP_Pct_lag1,primary,All_Eligible,Future_Period,train_to_2016__test_from_2017,ElasticNet,added_model_vs_strongest_benchmark,0.01350000000000003,1.0
M1_Macro_vs_M2_Macro_Oil__primary__All_Eligible,Oil_Rents_GDP_Pct_lag1,primary,All_Eligible,Future_Period,train_to_2016__test_from_2017,ElasticNet,added_model_vs_strongest_benchmark,0.01400000000000003,1.0
M1_Macro_vs_M2_Macro_Oil__primary__All_Eligible,Oil_Rents_GDP_Pct_lag1,primary,All_Eligible,Future_Period,train_to_2016__test_from_2017,ElasticNet,added_model_vs_strongest_benchmark,0.01450000000000003,1.0
M1_Macro_vs_M2_Macro_Oil__primary__All_Eligible,Oil_Rents_GDP_Pct_lag1,primary,All_Eligible,Future_Period,train_to_2016__test_from_2017,ElasticNet,added_model_vs_strongest_benchmark,0.01500000000000003,1.0
M1_Macro_vs_M2_Macro_Oil__primary__All_Eligible,Oil_Rents_GDP_Pct_lag1,primary,All_Eligible,Future_Period,train_to_2016__test_from_2017,ElasticNet,added_model_vs_strongest_benchmark,0.015500000000000031,1.0
M1_Macro_vs_M2_Macro_Oil__primary__All_Eligible,Oil_Rents_GDP_Pct_lag1,primary,All_Eligible,Future_Period,train_to_2016__test_from_2017,ElasticNet,added_model_vs_strongest_benchmark,0.01600000000000003,1.0
M1_Macro_vs_M2_Macro_Oil__primary__All_Eligible,Oil_Rents_GDP_Pct_lag1,primary,All_Eligible,Future_Period,train_to_2016__test_from_2017,ElasticNet,added_model_vs_strongest_benchmark,0.016500000000000032,1.0
M1_Macro_vs_M2_Macro_Oil__primary__All_Eligible,Oil_Rents_GDP_Pct_lag1,primary,All_Eligible,Future_Period,train_to_2016__test_from_2017,ElasticNet,added_model_vs_strongest_benchmark,0.017000000000000032,1.0
M1_Macro_vs_M2_Macro_Oil__primary__All_Eligible,Oil_Rents_GDP_Pct_lag1,primary,All_Eligible,Future_Period,train_to_2016__test_from_2017,ElasticNet,added_model_vs_strongest_benchmark,0.017500000000000033,1.0
M1_Macro_vs_M2_Macro_Oil__primary__All_Eligible,Oil_Rents_GDP_Pct_lag1,primary,All_Eligible,Future_Period,train_to_2016__test_from_2017,ElasticNet,added_model_vs_strongest_benchmark,0.018000000000000033,1.0
M1_Macro_vs_M2_Macro_Oil__primary__All_Eligible,Oil_Rents_GDP_Pct_lag1,primary,All_Eligible,Future_Period,train_to_2016__test_from_2017,ElasticNet,added_model_vs_strongest_benchmark,0.018500000000000034,1.0
M1_Macro_vs_M2_Macro_Oil__primary__All_Eligible,Oil_Rents_GDP_Pct_lag1,primary,All_Eligible,Future_Period,train_to_2016__test_from_2017,ElasticNet,added_model_vs_strongest_benchmark,0.019000000000000034,1.0
M1_Macro_vs_M2_Macro_Oil__primary__All_Eligible,Oil_Rents_GDP_Pct_lag1,primary,All_Eligible,Future_Period,train_to_2016__test_from_2017,ElasticNet,added_model_vs_strongest_benchmark,0.019500000000000035,1.0
M1_Macro_vs_M2_Macro_Oil__primary__All_Eligible,Oil_Rents_GDP_Pct_lag1,primary,All_Eligible,Future_Period,train_to_2016__test_from_2017,ElasticNet,added_model_vs_strongest_benchmark,0.020000000000000035,1.0
M1_Macro_vs_M2_Macro_Oil__primary__All_Eligible,Oil_Rents_GDP_Pct_lag1,primary,All_Eligible,Future_Period,train_to_2016__test_from_2017,ElasticNet,added_model_vs_strongest_benchmark,0.020500000000000036,1.0
M1_Macro_vs_M2_Macro_Oil__primary__All_Eligible,Oil_Rents_GDP_Pct_lag1,primary,All_Eligible,Future_Period,train_to_2016__test_from_2017,ElasticNet,added_model_vs_strongest_benchmark,0.021000000000000036,1.0
M1_Macro_vs_M2_Macro_Oil__primary__All_Eligible,Oil_Rents_GDP_Pct_lag1,primary,All_Eligible,Future_Period,train_to_2016__test_from_2017,ElasticNet,added_model_vs_strongest_benchmark,0.021500000000000036,1.0
M1_Macro_vs_M2_Macro_Oil__primary__All_Eligible,Oil_Rents_GDP_Pct_lag1,primary,All_Eligible,Future_Period,train_to_2016__test_from_2017,ElasticNet,added_model_vs_strongest_benchmark,0.022000000000000037,1.0
M1_Macro_vs_M2_Macro_Oil__primary__All_Eligible,Oil_Rents_GDP_Pct_lag1,primary,All_Eligible,Future_Period,train_to_2016__test_from_2017,ElasticNet,added_model_vs_strongest_benchmark,0.022500000000000037,1.0
M1_Macro_vs_M2_Macro_Oil__primary__All_Eligible,Oil_Rents_GDP_Pct_lag1,primary,All_Eligible,Future_Period,train_to_2016__test_from_2017,ElasticNet,added_model_vs_strongest_benchmark,0.023000000000000038,1.0
M1_Macro_vs_M2_Macro_Oil__primary__All_Eligible,Oil_Rents_GDP_Pct_lag1,primary,All_Eligible,Future_Period,train_to_2016__test_from_2017,ElasticNet,added_model_vs_strongest_benchmark,0.023500000000000038,1.0
M1_Macro_vs_M2_Macro_Oil__primary__All_Eligible,Oil_Rents_GDP_Pct_lag1,primary,All_Eligible,Future_Period,train_to_2016__test_from_2017,ElasticNet,added_model_vs_strongest_benchmark,0.02400000000000004,1.0
M1_Macro_vs_M2_Macro_Oil__primary__All_Eligible,Oil_Rents_GDP_Pct_lag1,primary,All_Eligible,Future_Period,train_to_2016__test_from_2017,ElasticNet,added_model_vs_strongest_benchmark,0.02450000000000004,1.0
M1_Macro_vs_M2_Macro_Oil__primary__All_Eligible,Oil_Rents_GDP_Pct_lag1,primary,All_Eligible,Future_Period,train_to_2016__test_from_2017,ElasticNet,added_model_vs_strongest_benchmark,0.02500000000000004,1.0
M1_Macro_vs_M2_Macro_Oil__primary__All_Eligible,Oil_Rents_GDP_Pct_lag1,primary,All_Eligible,Future_Period,train_to_2016__test_from_2017,ElasticNet,added_model_vs_strongest_benchmark,0.02550000000000004,1.0
M1_Macro_vs_M2_Macro_Oil__primary__All_Eligible,Oil_Rents_GDP_Pct_lag1,primary,All_Eligible,Future_Period,train_to_2016__test_from_2017,ElasticNet,added_model_vs_strongest_benchmark,0.02600000000000004,1.0
M1_Macro_vs_M2_Macro_Oil__primary__All_Eligible,Oil_Rents_GDP_Pct_lag1,primary,All_Eligible,Future_Period,train_to_2016__test_from_2017,ElasticNet,added_model_vs_strongest_benchmark,0.02650000000000004,1.0
M1_Macro_vs_M2_Macro_Oil__primary__All_Eligible,Oil_Rents_GDP_Pct_lag1,primary,All_Eligible,Future_Period,train_to_2016__test_from_2017,ElasticNet,added_model_vs_strongest_benchmark,0.02700000000000004,1.0
M1_Macro_vs_M2_Macro_Oil__primary__All_Eligible,Oil_Rents_GDP_Pct_lag1,primary,All_Eligible,Future_Period,train_to_2016__test_from_2017,ElasticNet,added_model_vs_strongest_benchmark,0.027500000000000042,1.0
M1_Macro_vs_M2_Macro_Oil__primary__All_Eligible,Oil_Rents_GDP_Pct_lag1,primary,All_Eligible,Future_Period,train_to_2016__test_from_2017,ElasticNet,added_model_vs_strongest_benchmark,0.028000000000000042,1.0
M1_Macro_vs_M2_Macro_Oil__primary__All_Eligible,Oil_Rents_GDP_Pct_lag1,primary,All_Eligible,Future_Period,train_to_2016__test_from_2017,ElasticNet,added_model_vs_strongest_benchmark,0.028500000000000043,1.0
M1_Macro_vs_M2_Macro_Oil__primary__All_Eligible,Oil_Rents_GDP_Pct_lag1,primary,All_Eligible,Future_Period,train_to_2016__test_from_2017,ElasticNet,added_model_vs_strongest_benchmark,0.029000000000000043,1.0
M1_Macro_vs_M2_Macro_Oil__primary__All_Eligible,Oil_Rents_GDP_Pct_lag1,primary,All_Eligible,Future_Period,train_to_2016__test_from_2017,ElasticNet,added_model_vs_strongest_benchmark,0.029500000000000044,1.0
M1_Macro_vs_M2_Macro_Oil__primary__All_Eligible,Oil_Rents_GDP_Pct_lag1,primary,All_Eligible,Future_Period,train_to_2016__test_from_2017,ElasticNet,added_model_vs_strongest_benchmark,0.030000000000000044,1.0
M1_Macro_vs_M2_Macro_Oil__primary__All_Eligible,Oil_Rents_GDP_Pct_lag1,primary,All_Eligible,Future_Period,train_to_2016__test_from_2017,RandomForest,signal_increment,-0.02,0.9815
M1_Macro_vs_M2_Macro_Oil__primary__All_Eligible,Oil_Rents_GDP_Pct_lag1,primary,All_Eligible,Future_Period,train_to_2016__test_from_2017,RandomForest,signal_increment,-0.0195,0.9795
M1_Macro_vs_M2_Macro_Oil__primary__All_Eligible,Oil_Rents_GDP_Pct_lag1,primary,All_Eligible,Future_Period,train_to_2016__test_from_2017,RandomForest,signal_increment,-0.019,0.9785
M1_Macro_vs_M2_Macro_Oil__primary__All_Eligible,Oil_Rents_GDP_Pct_lag1,primary,All_Eligible,Future_Period,train_to_2016__test_from_2017,RandomForest,signal_increment,-0.0185,0.978
M1_Macro_vs_M2_Macro_Oil__primary__All_Eligible,Oil_Rents_GDP_Pct_lag1,primary,All_Eligible,Future_Period,train_to_2016__test_from_2017,RandomForest,signal_increment,-0.018,0.975
M1_Macro_vs_M2_Macro_Oil__primary__All_Eligible,Oil_Rents_GDP_Pct_lag1,primary,All_Eligible,Future_Period,train_to_2016__test_from_2017,RandomForest,signal_increment,-0.017499999999999998,0.972
M1_Macro_vs_M2_Macro_Oil__primary__All_Eligible,Oil_Rents_GDP_Pct_lag1,primary,All_Eligible,Future_Period,train_to_2016__test_from_2017,RandomForest,signal_increment,-0.016999999999999998,0.9705
M1_Macro_vs_M2_Macro_Oil__primary__All_Eligible,Oil_Rents_GDP_Pct_lag1,primary,All_Eligible,Future_Period,train_to_2016__test_from_2017,RandomForest,signal_increment,-0.016499999999999997,0.968
M1_Macro_vs_M2_Macro_Oil__primary__All_Eligible,Oil_Rents_GDP_Pct_lag1,primary,All_Eligible,Future_Period,train_to_2016__test_from_2017,RandomForest,signal_increment,-0.015999999999999997,0.965
M1_Macro_vs_M2_Macro_Oil__primary__All_Eligible,Oil_Rents_GDP_Pct_lag1,primary,All_Eligible,Future_Period,train_to_2016__test_from_2017,RandomForest,signal_increment,-0.015499999999999996,0.964
M1_Macro_vs_M2_Macro_Oil__primary__All_Eligible,Oil_Rents_GDP_Pct_lag1,primary,All_Eligible,Future_Period,train_to_2016__test_from_2017,RandomForest,signal_increment,-0.014999999999999996,0.9605
M1_Macro_vs_M2_Macro_Oil__primary__All_Eligible,Oil_Rents_GDP_Pct_lag1,primary,All_Eligible,Future_Period,train_to_2016__test_from_2017,RandomForest,signal_increment,-0.014499999999999996,0.9585
M1_Macro_vs_M2_Macro_Oil__primary__All_Eligible,Oil_Rents_GDP_Pct_lag1,primary,All_Eligible,Future_Period,train_to_2016__test_from_2017,RandomForest,signal_increment,-0.013999999999999995,0.955
M1_Macro_vs_M2_Macro_Oil__primary__All_Eligible,Oil_Rents_GDP_Pct_lag1,primary,All_Eligible,Future_Period,train_to_2016__test_from_2017,RandomForest,signal_increment,-0.013499999999999995,0.9535
M1_Macro_vs_M2_Macro_Oil__primary__All_Eligible,Oil_Rents_GDP_Pct_lag1,primary,All_Eligible,Future_Period,train_to_2016__test_from_2017,RandomForest,signal_increment,-0.012999999999999994,0.9485
M1_Macro_vs_M2_Macro_Oil__primary__All_Eligible,Oil_Rents_GDP_Pct_lag1,primary,All_Eligible,Future_Period,train_to_2016__test_from_2017,RandomForest,signal_increment,-0.012499999999999994,0.946
M1_Macro_vs_M2_Macro_Oil__primary__All_Eligible,Oil_Rents_GDP_Pct_lag1,primary,All_Eligible,Future_Period,train_to_2016__test_from_2017,RandomForest,signal_increment,-0.011999999999999993,0.9415
M1_Macro_vs_M2_Macro_Oil__primary__All_Eligible,Oil_Rents_GDP_Pct_lag1,primary,All_Eligible,Future_Period,train_to_2016__test_from_2017,RandomForest,signal_increment,-0.011499999999999993,0.936
M1_Macro_vs_M2_Macro_Oil__primary__All_Eligible,Oil_Rents_GDP_Pct_lag1,primary,All_Eligible,Future_Period,train_to_2016__test_from_2017,RandomForest,signal_increment,-0.010999999999999992,0.9335
M1_Macro_vs_M2_Macro_Oil__primary__All_Eligible,Oil_Rents_GDP_Pct_lag1,primary,All_Eligible,Future_Period,train_to_2016__test_from_2017,RandomForest,signal_increment,-0.010499999999999992,0.928
M1_Macro_vs_M2_Macro_Oil__primary__All_Eligible,Oil_Rents_GDP_Pct_lag1,primary,All_Eligible,Future_Period,train_to_2016__test_from_2017,RandomForest,signal_increment,-0.009999999999999992,0.9215
M1_Macro_vs_M2_Macro_Oil__primary__All_Eligible,Oil_Rents_GDP_Pct_lag1,primary,All_Eligible,Future_Period,train_to_2016__test_from_2017,RandomForest,signal_increment,-0.009499999999999991,0.9175
M1_Macro_vs_M2_Macro_Oil__primary__All_Eligible,Oil_Rents_GDP_Pct_lag1,primary,All_Eligible,Future_Period,train_to_2016__test_from_2017,RandomForest,signal_increment,-0.00899999999999999,0.9145
M1_Macro_vs_M2_Macro_Oil__primary__All_Eligible,Oil_Rents_GDP_Pct_lag1,primary,All_Eligible,Future_Period,train_to_2016__test_from_2017,RandomForest,signal_increment,-0.00849999999999999,0.9115
M1_Macro_vs_M2_Macro_Oil__primary__All_Eligible,Oil_Rents_GDP_Pct_lag1,primary,All_Eligible,Future_Period,train_to_2016__test_from_2017,RandomForest,signal_increment,-0.00799999999999999,0.907
M1_Macro_vs_M2_Macro_Oil__primary__All_Eligible,Oil_Rents_GDP_Pct_lag1,primary,All_Eligible,Future_Period,train_to_2016__test_from_2017,RandomForest,signal_increment,-0.007499999999999989,0.9005
M1_Macro_vs_M2_Macro_Oil__primary__All_Eligible,Oil_Rents_GDP_Pct_lag1,primary,All_Eligible,Future_Period,train_to_2016__test_from_2017,RandomForest,signal_increment,-0.006999999999999989,0.8955
M1_Macro_vs_M2_Macro_Oil__primary__All_Eligible,Oil_Rents_GDP_Pct_lag1,primary,All_Eligible,Future_Period,train_to_2016__test_from_2017,RandomForest,signal_increment,-0.006499999999999988,0.8915
M1_Macro_vs_M2_Macro_Oil__primary__All_Eligible,Oil_Rents_GDP_Pct_lag1,primary,All_Eligible,Future_Period,train_to_2016__test_from_2017,RandomForest,signal_increment,-0.005999999999999988,0.886
M1_Macro_vs_M2_Macro_Oil__primary__All_Eligible,Oil_Rents_GDP_Pct_lag1,primary,All_Eligible,Future_Period,train_to_2016__test_from_2017,RandomForest,signal_increment,-0.0054999999999999875,0.8795
M1_Macro_vs_M2_Macro_Oil__primary__All_Eligible,Oil_Rents_GDP_Pct_lag1,primary,All_Eligible,Future_Period,train_to_2016__test_from_2017,RandomForest,signal_increment,-0.004999999999999987,0.8715
M1_Macro_vs_M2_Macro_Oil__primary__All_Eligible,Oil_Rents_GDP_Pct_lag1,primary,All_Eligible,Future_Period,train_to_2016__test_from_2017,RandomForest,signal_increment,-0.004499999999999987,0.865
M1_Macro_vs_M2_Macro_Oil__primary__All_Eligible,Oil_Rents_GDP_Pct_lag1,primary,All_Eligible,Future_Period,train_to_2016__test_from_2017,RandomForest,signal_increment,-0.003999999999999986,0.8565
M1_Macro_vs_M2_Macro_Oil__primary__All_Eligible,Oil_Rents_GDP_Pct_lag1,primary,All_Eligible,Future_Period,train_to_2016__test_from_2017,RandomForest,signal_increment,-0.0034999999999999858,0.847
M1_Macro_vs_M2_Macro_Oil__primary__All_Eligible,Oil_Rents_GDP_Pct_lag1,primary,All_Eligible,Future_Period,train_to_2016__test_from_2017,RandomForest,signal_increment,-0.0029999999999999853,0.839
M1_Macro_vs_M2_Macro_Oil__primary__All_Eligible,Oil_Rents_GDP_Pct_lag1,primary,All_Eligible,Future_Period,train_to_2016__test_from_2017,RandomForest,signal_increment,-0.002499999999999985,0.834
M1_Macro_vs_M2_Macro_Oil__primary__All_Eligible,Oil_Rents_GDP_Pct_lag1,primary,All_Eligible,Future_Period,train_to_2016__test_from_2017,RandomForest,signal_increment,-0.0019999999999999844,0.8275
M1_Macro_vs_M2_Macro_Oil__primary__All_Eligible,Oil_Rents_GDP_Pct_lag1,primary,All_Eligible,Future_Period,train_to_2016__test_from_2017,RandomForest,signal_increment,-0.001499999999999984,0.821
M1_Macro_vs_M2_Macro_Oil__primary__All_Eligible,Oil_Rents_GDP_Pct_lag1,primary,All_Eligible,Future_Period,train_to_2016__test_from_2017,RandomForest,signal_increment,-0.0009999999999999835,0.812
M1_Macro_vs_M2_Macro_Oil__primary__All_Eligible,Oil_Rents_GDP_Pct_lag1,primary,All_Eligible,Future_Period,train_to_2016__test_from_2017,RandomForest,signal_increment,-0.0004999999999999831,0.8045
M1_Macro_vs_M2_Macro_Oil__primary__All_Eligible,Oil_Rents_GDP_Pct_lag1,primary,All_Eligible,Future_Period,train_to_2016__test_from_2017,RandomForest,signal_increment,1.734723475976807e-17,0.7965
M1_Macro_vs_M2_Macro_Oil__primary__All_Eligible,Oil_Rents_GDP_Pct_lag1,primary,All_Eligible,Future_Period,train_to_2016__test_from_2017,RandomForest,signal_increment,0.0005000000000000178,0.785
M1_Macro_vs_M2_Macro_Oil__primary__All_Eligible,Oil_Rents_GDP_Pct_lag1,primary,All_Eligible,Future_Period,train_to_2016__test_from_2017,RandomForest,signal_increment,0.0010000000000000182,0.777
M1_Macro_vs_M2_Macro_Oil__primary__All_Eligible,Oil_Rents_GDP_Pct_lag1,primary,All_Eligible,Future_Period,train_to_2016__test_from_2017,RandomForest,signal_increment,0.0015000000000000187,0.766
M1_Macro_vs_M2_Macro_Oil__primary__All_Eligible,Oil_Rents_GDP_Pct_lag1,primary,All_Eligible,Future_Period,train_to_2016__test_from_2017,RandomForest,signal_increment,0.002000000000000019,0.7575
M1_Macro_vs_M2_Macro_Oil__primary__All_Eligible,Oil_Rents_GDP_Pct_lag1,primary,All_Eligible,Future_Period,train_to_2016__test_from_2017,RandomForest,signal_increment,0.0025000000000000196,0.7475
M1_Macro_vs_M2_Macro_Oil__primary__All_Eligible,Oil_Rents_GDP_Pct_lag1,primary,All_Eligible,Future_Period,train_to_2016__test_from_2017,RandomForest,signal_increment,0.00300000000000002,0.739
M1_Macro_vs_M2_Macro_Oil__primary__All_Eligible,Oil_Rents_GDP_Pct_lag1,primary,All_Eligible,Future_Period,train_to_2016__test_from_2017,RandomForest,signal_increment,0.0035000000000000205,0.727
M1_Macro_vs_M2_Macro_Oil__primary__All_Eligible,Oil_Rents_GDP_Pct_lag1,primary,All_Eligible,Future_Period,train_to_2016__test_from_2017,RandomForest,signal_increment,0.004000000000000021,0.717
M1_Macro_vs_M2_Macro_Oil__primary__All_Eligible,Oil_Rents_GDP_Pct_lag1,primary,All_Eligible,Future_Period,train_to_2016__test_from_2017,RandomForest,signal_increment,0.004500000000000021,0.706
M1_Macro_vs_M2_Macro_Oil__primary__All_Eligible,Oil_Rents_GDP_Pct_lag1,primary,All_Eligible,Future_Period,train_to_2016__test_from_2017,RandomForest,signal_increment,0.005000000000000022,0.693
M1_Macro_vs_M2_Macro_Oil__primary__All_Eligible,Oil_Rents_GDP_Pct_lag1,primary,All_Eligible,Future_Period,train_to_2016__test_from_2017,RandomForest,signal_increment,0.005500000000000022,0.6825
M1_Macro_vs_M2_Macro_Oil__primary__All_Eligible,Oil_Rents_GDP_Pct_lag1,primary,All_Eligible,Future_Period,train_to_2016__test_from_2017,RandomForest,signal_increment,0.006000000000000023,0.6725
M1_Macro_vs_M2_Macro_Oil__primary__All_Eligible,Oil_Rents_GDP_Pct_lag1,primary,All_Eligible,Future_Period,train_to_2016__test_from_2017,RandomForest,signal_increment,0.006500000000000023,0.6575
M1_Macro_vs_M2_Macro_Oil__primary__All_Eligible,Oil_Rents_GDP_Pct_lag1,primary,All_Eligible,Future_Period,train_to_2016__test_from_2017,RandomForest,signal_increment,0.0070000000000000236,0.6495
M1_Macro_vs_M2_Macro_Oil__primary__All_Eligible,Oil_Rents_GDP_Pct_lag1,primary,All_Eligible,Future_Period,train_to_2016__test_from_2017,RandomForest,signal_increment,0.007500000000000024,0.6405
M1_Macro_vs_M2_Macro_Oil__primary__All_Eligible,Oil_Rents_GDP_Pct_lag1,primary,All_Eligible,Future_Period,train_to_2016__test_from_2017,RandomForest,signal_increment,0.008000000000000024,0.63
M1_Macro_vs_M2_Macro_Oil__primary__All_Eligible,Oil_Rents_GDP_Pct_lag1,primary,All_Eligible,Future_Period,train_to_2016__test_from_2017,RandomForest,signal_increment,0.008500000000000025,0.623
M1_Macro_vs_M2_Macro_Oil__primary__All_Eligible,Oil_Rents_GDP_Pct_lag1,primary,All_Eligible,Future_Period,train_to_2016__test_from_2017,RandomForest,signal_increment,0.009000000000000025,0.6105
M1_Macro_vs_M2_Macro_Oil__primary__All_Eligible,Oil_Rents_GDP_Pct_lag1,primary,All_Eligible,Future_Period,train_to_2016__test_from_2017,RandomForest,signal_increment,0.009500000000000026,0.6035
M1_Macro_vs_M2_Macro_Oil__primary__All_Eligible,Oil_Rents_GDP_Pct_lag1,primary,All_Eligible,Future_Period,train_to_2016__test_from_2017,RandomForest,signal_increment,0.010000000000000026,0.5905
M1_Macro_vs_M2_Macro_Oil__primary__All_Eligible,Oil_Rents_GDP_Pct_lag1,primary,All_Eligible,Future_Period,train_to_2016__test_from_2017,RandomForest,signal_increment,0.010500000000000027,0.5775
M1_Macro_vs_M2_Macro_Oil__primary__All_Eligible,Oil_Rents_GDP_Pct_lag1,primary,All_Eligible,Future_Period,train_to_2016__test_from_2017,RandomForest,signal_increment,0.011000000000000027,0.5635
M1_Macro_vs_M2_Macro_Oil__primary__All_Eligible,Oil_Rents_GDP_Pct_lag1,primary,All_Eligible,Future_Period,train_to_2016__test_from_2017,RandomForest,signal_increment,0.011500000000000028,0.5515
M1_Macro_vs_M2_Macro_Oil__primary__All_Eligible,Oil_Rents_GDP_Pct_lag1,primary,All_Eligible,Future_Period,train_to_2016__test_from_2017,RandomForest,signal_increment,0.012000000000000028,0.5415
M1_Macro_vs_M2_Macro_Oil__primary__All_Eligible,Oil_Rents_GDP_Pct_lag1,primary,All_Eligible,Future_Period,train_to_2016__test_from_2017,RandomForest,signal_increment,0.012500000000000028,0.5305
M1_Macro_vs_M2_Macro_Oil__primary__All_Eligible,Oil_Rents_GDP_Pct_lag1,primary,All_Eligible,Future_Period,train_to_2016__test_from_2017,RandomForest,signal_increment,0.013000000000000029,0.5205
M1_Macro_vs_M2_Macro_Oil__primary__All_Eligible,Oil_Rents_GDP_Pct_lag1,primary,All_Eligible,Future_Period,train_to_2016__test_from_2017,RandomForest,signal_increment,0.01350000000000003,0.5105
M1_Macro_vs_M2_Macro_Oil__primary__All_Eligible,Oil_Rents_GDP_Pct_lag1,primary,All_Eligible,Future_Period,train_to_2016__test_from_2017,RandomForest,signal_increment,0.01400000000000003,0.498
M1_Macro_vs_M2_Macro_Oil__primary__All_Eligible,Oil_Rents_GDP_Pct_lag1,primary,All_Eligible,Future_Period,train_to_2016__test_from_2017,RandomForest,signal_increment,0.01450000000000003,0.4855
M1_Macro_vs_M2_Macro_Oil__primary__All_Eligible,Oil_Rents_GDP_Pct_lag1,primary,All_Eligible,Future_Period,train_to_2016__test_from_2017,RandomForest,signal_increment,0.01500000000000003,0.4685
M1_Macro_vs_M2_Macro_Oil__primary__All_Eligible,Oil_Rents_GDP_Pct_lag1,primary,All_Eligible,Future_Period,train_to_2016__test_from_2017,RandomForest,signal_increment,0.015500000000000031,0.4575
M1_Macro_vs_M2_Macro_Oil__primary__All_Eligible,Oil_Rents_GDP_Pct_lag1,primary,All_Eligible,Future_Period,train_to_2016__test_from_2017,RandomForest,signal_increment,0.01600000000000003,0.446
M1_Macro_vs_M2_Macro_Oil__primary__All_Eligible,Oil_Rents_GDP_Pct_lag1,primary,All_Eligible,Future_Period,train_to_2016__test_from_2017,RandomForest,signal_increment,0.016500000000000032,0.4355
M1_Macro_vs_M2_Macro_Oil__primary__All_Eligible,Oil_Rents_GDP_Pct_lag1,primary,All_Eligible,Future_Period,train_to_2016__test_from_2017,RandomForest,signal_increment,0.017000000000000032,0.426
M1_Macro_vs_M2_Macro_Oil__primary__All_Eligible,Oil_Rents_GDP_Pct_lag1,primary,All_Eligible,Future_Period,train_to_2016__test_from_2017,RandomForest,signal_increment,0.017500000000000033,0.417
M1_Macro_vs_M2_Macro_Oil__primary__All_Eligible,Oil_Rents_GDP_Pct_lag1,primary,All_Eligible,Future_Period,train_to_2016__test_from_2017,RandomForest,signal_increment,0.018000000000000033,0.4075
M1_Macro_vs_M2_Macro_Oil__primary__All_Eligible,Oil_Rents_GDP_Pct_lag1,primary,All_Eligible,Future_Period,train_to_2016__test_from_2017,RandomForest,signal_increment,0.018500000000000034,0.3955
M1_Macro_vs_M2_Macro_Oil__primary__All_Eligible,Oil_Rents_GDP_Pct_lag1,primary,All_Eligible,Future_Period,train_to_2016__test_from_2017,RandomForest,signal_increment,0.019000000000000034,0.387
M1_Macro_vs_M2_Macro_Oil__primary__All_Eligible,Oil_Rents_GDP_Pct_lag1,primary,All_Eligible,Future_Period,train_to_2016__test_from_2017,RandomForest,signal_increment,0.019500000000000035,0.375
M1_Macro_vs_M2_Macro_Oil__primary__All_Eligible,Oil_Rents_GDP_Pct_lag1,primary,All_Eligible,Future_Period,train_to_2016__test_from_2017,RandomForest,signal_increment,0.020000000000000035,0.3655
M1_Macro_vs_M2_Macro_Oil__primary__All_Eligible,Oil_Rents_GDP_Pct_lag1,primary,All_Eligible,Future_Period,train_to_2016__test_from_2017,RandomForest,signal_increment,0.020500000000000036,0.355
M1_Macro_vs_M2_Macro_Oil__primary__All_Eligible,Oil_Rents_GDP_Pct_lag1,primary,All_Eligible,Future_Period,train_to_2016__test_from_2017,RandomForest,signal_increment,0.021000000000000036,0.347
M1_Macro_vs_M2_Macro_Oil__primary__All_Eligible,Oil_Rents_GDP_Pct_lag1,primary,All_Eligible,Future_Period,train_to_2016__test_from_2017,RandomForest,signal_increment,0.021500000000000036,0.3335
M1_Macro_vs_M2_Macro_Oil__primary__All_Eligible,Oil_Rents_GDP_Pct_lag1,primary,All_Eligible,Future_Period,train_to_2016__test_from_2017,RandomForest,signal_increment,0.022000000000000037,0.322
M1_Macro_vs_M2_Macro_Oil__primary__All_Eligible,Oil_Rents_GDP_Pct_lag1,primary,All_Eligible,Future_Period,train_to_2016__test_from_2017,RandomForest,signal_increment,0.022500000000000037,0.3115
M1_Macro_vs_M2_Macro_Oil__primary__All_Eligible,Oil_Rents_GDP_Pct_lag1,primary,All_Eligible,Future_Period,train_to_2016__test_from_2017,RandomForest,signal_increment,0.023000000000000038,0.304
M1_Macro_vs_M2_Macro_Oil__primary__All_Eligible,Oil_Rents_GDP_Pct_lag1,primary,All_Eligible,Future_Period,train_to_2016__test_from_2017,RandomForest,signal_increment,0.023500000000000038,0.295
M1_Macro_vs_M2_Macro_Oil__primary__All_Eligible,Oil_Rents_GDP_Pct_lag1,primary,All_Eligible,Future_Period,train_to_2016__test_from_2017,RandomForest,signal_increment,0.02400000000000004,0.2885
M1_Macro_vs_M2_Macro_Oil__primary__All_Eligible,Oil_Rents_GDP_Pct_lag1,primary,All_Eligible,Future_Period,train_to_2016__test_from_2017,RandomForest,signal_increment,0.02450000000000004,0.284
M1_Macro_vs_M2_Macro_Oil__primary__All_Eligible,Oil_Rents_GDP_Pct_lag1,primary,All_Eligible,Future_Period,train_to_2016__test_from_2017,RandomForest,signal_increment,0.02500000000000004,0.2745
M1_Macro_vs_M2_Macro_Oil__primary__All_Eligible,Oil_Rents_GDP_Pct_lag1,primary,All_Eligible,Future_Period,train_to_2016__test_from_2017,RandomForest,signal_increment,0.02550000000000004,0.2665
M1_Macro_vs_M2_Macro_Oil__primary__All_Eligible,Oil_Rents_GDP_Pct_lag1,primary,All_Eligible,Future_Period,train_to_2016__test_from_2017,RandomForest,signal_increment,0.02600000000000004,0.2575
M1_Macro_vs_M2_Macro_Oil__primary__All_Eligible,Oil_Rents_GDP_Pct_lag1,primary,All_Eligible,Future_Period,train_to_2016__test_from_2017,RandomForest,signal_increment,0.02650000000000004,0.25
M1_Macro_vs_M2_Macro_Oil__primary__All_Eligible,Oil_Rents_GDP_Pct_lag1,primary,All_Eligible,Future_Period,train_to_2016__test_from_2017,RandomForest,signal_increment,0.02700000000000004,0.24
M1_Macro_vs_M2_Macro_Oil__primary__All_Eligible,Oil_Rents_GDP_Pct_lag1,primary,All_Eligible,Future_Period,train_to_2016__test_from_2017,RandomForest,signal_increment,0.027500000000000042,0.233
M1_Macro_vs_M2_Macro_Oil__primary__All_Eligible,Oil_Rents_GDP_Pct_lag1,primary,All_Eligible,Future_Period,train_to_2016__test_from_2017,RandomForest,signal_increment,0.028000000000000042,0.2275
M1_Macro_vs_M2_Macro_Oil__primary__All_Eligible,Oil_Rents_GDP_Pct_lag1,primary,All_Eligible,Future_Period,train_to_2016__test_from_2017,RandomForest,signal_increment,0.028500000000000043,0.2215
M1_Macro_vs_M2_Macro_Oil__primary__All_Eligible,Oil_Rents_GDP_Pct_lag1,primary,All_Eligible,Future_Period,train_to_2016__test_from_2017,RandomForest,signal_increment,0.029000000000000043,0.217
M1_Macro_vs_M2_Macro_Oil__primary__All_Eligible,Oil_Rents_GDP_Pct_lag1,primary,All_Eligible,Future_Period,train_to_2016__test_from_2017,RandomForest,signal_increment,0.029500000000000044,0.2065
M1_Macro_vs_M2_Macro_Oil__primary__All_Eligible,Oil_Rents_GDP_Pct_lag1,primary,All_Eligible,Future_Period,train_to_2016__test_from_2017,RandomForest,signal_increment,0.030000000000000044,0.1955
M1_Macro_vs_M2_Macro_Oil__primary__All_Eligible,Oil_Rents_GDP_Pct_lag1,primary,All_Eligible,Future_Period,train_to_2016__test_from_2017,RandomForest,added_model_vs_strongest_benchmark,-0.02,1.0
M1_Macro_vs_M2_Macro_Oil__primary__All_Eligible,Oil_Rents_GDP_Pct_lag1,primary,All_Eligible,Future_Period,train_to_2016__test_from_2017,RandomForest,added_model_vs_strongest_benchmark,-0.0195,1.0
M1_Macro_vs_M2_Macro_Oil__primary__All_Eligible,Oil_Rents_GDP_Pct_lag1,primary,All_Eligible,Future_Period,train_to_2016__test_from_2017,RandomForest,added_model_vs_strongest_benchmark,-0.019,1.0
M1_Macro_vs_M2_Macro_Oil__primary__All_Eligible,Oil_Rents_GDP_Pct_lag1,primary,All_Eligible,Future_Period,train_to_2016__test_from_2017,RandomForest,added_model_vs_strongest_benchmark,-0.0185,1.0
M1_Macro_vs_M2_Macro_Oil__primary__All_Eligible,Oil_Rents_GDP_Pct_lag1,primary,All_Eligible,Future_Period,train_to_2016__test_from_2017,RandomForest,added_model_vs_strongest_benchmark,-0.018,1.0
M1_Macro_vs_M2_Macro_Oil__primary__All_Eligible,Oil_Rents_GDP_Pct_lag1,primary,All_Eligible,Future_Period,train_to_2016__test_from_2017,RandomForest,added_model_vs_strongest_benchmark,-0.017499999999999998,1.0
M1_Macro_vs_M2_Macro_Oil__primary__All_Eligible,Oil_Rents_GDP_Pct_lag1,primary,All_Eligible,Future_Period,train_to_2016__test_from_2017,RandomForest,added_model_vs_strongest_benchmark,-0.016999999999999998,1.0
M1_Macro_vs_M2_Macro_Oil__primary__All_Eligible,Oil_Rents_GDP_Pct_lag1,primary,All_Eligible,Future_Period,train_to_2016__test_from_2017,RandomForest,added_model_vs_strongest_benchmark,-0.016499999999999997,1.0
M1_Macro_vs_M2_Macro_Oil__primary__All_Eligible,Oil_Rents_GDP_Pct_lag1,primary,All_Eligible,Future_Period,train_to_2016__test_from_2017,RandomForest,added_model_vs_strongest_benchmark,-0.015999999999999997,1.0
M1_Macro_vs_M2_Macro_Oil__primary__All_Eligible,Oil_Rents_GDP_Pct_lag1,primary,All_Eligible,Future_Period,train_to_2016__test_from_2017,RandomForest,added_model_vs_strongest_benchmark,-0.015499999999999996,1.0
M1_Macro_vs_M2_Macro_Oil__primary__All_Eligible,Oil_Rents_GDP_Pct_lag1,primary,All_Eligible,Future_Period,train_to_2016__test_from_2017,RandomForest,added_model_vs_strongest_benchmark,-0.014999999999999996,1.0
M1_Macro_vs_M2_Macro_Oil__primary__All_Eligible,Oil_Rents_GDP_Pct_lag1,primary,All_Eligible,Future_Period,train_to_2016__test_from_2017,RandomForest,added_model_vs_strongest_benchmark,-0.014499999999999996,1.0
M1_Macro_vs_M2_Macro_Oil__primary__All_Eligible,Oil_Rents_GDP_Pct_lag1,primary,All_Eligible,Future_Period,train_to_2016__test_from_2017,RandomForest,added_model_vs_strongest_benchmark,-0.013999999999999995,1.0
M1_Macro_vs_M2_Macro_Oil__primary__All_Eligible,Oil_Rents_GDP_Pct_lag1,primary,All_Eligible,Future_Period,train_to_2016__test_from_2017,RandomForest,added_model_vs_strongest_benchmark,-0.013499999999999995,1.0
M1_Macro_vs_M2_Macro_Oil__primary__All_Eligible,Oil_Rents_GDP_Pct_lag1,primary,All_Eligible,Future_Period,train_to_2016__test_from_2017,RandomForest,added_model_vs_strongest_benchmark,-0.012999999999999994,1.0
M1_Macro_vs_M2_Macro_Oil__primary__All_Eligible,Oil_Rents_GDP_Pct_lag1,primary,All_Eligible,Future_Period,train_to_2016__test_from_2017,RandomForest,added_model_vs_strongest_benchmark,-0.012499999999999994,1.0
M1_Macro_vs_M2_Macro_Oil__primary__All_Eligible,Oil_Rents_GDP_Pct_lag1,primary,All_Eligible,Future_Period,train_to_2016__test_from_2017,RandomForest,added_model_vs_strongest_benchmark,-0.011999999999999993,1.0
M1_Macro_vs_M2_Macro_Oil__primary__All_Eligible,Oil_Rents_GDP_Pct_lag1,primary,All_Eligible,Future_Period,train_to_2016__test_from_2017,RandomForest,added_model_vs_strongest_benchmark,-0.011499999999999993,1.0
M1_Macro_vs_M2_Macro_Oil__primary__All_Eligible,Oil_Rents_GDP_Pct_lag1,primary,All_Eligible,Future_Period,train_to_2016__test_from_2017,RandomForest,added_model_vs_strongest_benchmark,-0.010999999999999992,1.0
M1_Macro_vs_M2_Macro_Oil__primary__All_Eligible,Oil_Rents_GDP_Pct_lag1,primary,All_Eligible,Future_Period,train_to_2016__test_from_2017,RandomForest,added_model_vs_strongest_benchmark,-0.010499999999999992,1.0
M1_Macro_vs_M2_Macro_Oil__primary__All_Eligible,Oil_Rents_GDP_Pct_lag1,primary,All_Eligible,Future_Period,train_to_2016__test_from_2017,RandomForest,added_model_vs_strongest_benchmark,-0.009999999999999992,1.0
M1_Macro_vs_M2_Macro_Oil__primary__All_Eligible,Oil_Rents_GDP_Pct_lag1,primary,All_Eligible,Future_Period,train_to_2016__test_from_2017,RandomForest,added_model_vs_strongest_benchmark,-0.009499999999999991,1.0
M1_Macro_vs_M2_Macro_Oil__primary__All_Eligible,Oil_Rents_GDP_Pct_lag1,primary,All_Eligible,Future_Period,train_to_2016__test_from_2017,RandomForest,added_model_vs_strongest_benchmark,-0.00899999999999999,1.0
M1_Macro_vs_M2_Macro_Oil__primary__All_Eligible,Oil_Rents_GDP_Pct_lag1,primary,All_Eligible,Future_Period,train_to_2016__test_from_2017,RandomForest,added_model_vs_strongest_benchmark,-0.00849999999999999,1.0
M1_Macro_vs_M2_Macro_Oil__primary__All_Eligible,Oil_Rents_GDP_Pct_lag1,primary,All_Eligible,Future_Period,train_to_2016__test_from_2017,RandomForest,added_model_vs_strongest_benchmark,-0.00799999999999999,1.0
M1_Macro_vs_M2_Macro_Oil__primary__All_Eligible,Oil_Rents_GDP_Pct_lag1,primary,All_Eligible,Future_Period,train_to_2016__test_from_2017,RandomForest,added_model_vs_strongest_benchmark,-0.007499999999999989,1.0
M1_Macro_vs_M2_Macro_Oil__primary__All_Eligible,Oil_Rents_GDP_Pct_lag1,primary,All_Eligible,Future_Period,train_to_2016__test_from_2017,RandomForest,added_model_vs_strongest_benchmark,-0.006999999999999989,1.0
M1_Macro_vs_M2_Macro_Oil__primary__All_Eligible,Oil_Rents_GDP_Pct_lag1,primary,All_Eligible,Future_Period,train_to_2016__test_from_2017,RandomForest,added_model_vs_strongest_benchmark,-0.006499999999999988,1.0
M1_Macro_vs_M2_Macro_Oil__primary__All_Eligible,Oil_Rents_GDP_Pct_lag1,primary,All_Eligible,Future_Period,train_to_2016__test_from_2017,RandomForest,added_model_vs_strongest_benchmark,-0.005999999999999988,1.0
M1_Macro_vs_M2_Macro_Oil__primary__All_Eligible,Oil_Rents_GDP_Pct_lag1,primary,All_Eligible,Future_Period,train_to_2016__test_from_2017,RandomForest,added_model_vs_strongest_benchmark,-0.0054999999999999875,1.0
M1_Macro_vs_M2_Macro_Oil__primary__All_Eligible,Oil_Rents_GDP_Pct_lag1,primary,All_Eligible,Future_Period,train_to_2016__test_from_2017,RandomForest,added_model_vs_strongest_benchmark,-0.004999999999999987,1.0
M1_Macro_vs_M2_Macro_Oil__primary__All_Eligible,Oil_Rents_GDP_Pct_lag1,primary,All_Eligible,Future_Period,train_to_2016__test_from_2017,RandomForest,added_model_vs_strongest_benchmark,-0.004499999999999987,1.0
M1_Macro_vs_M2_Macro_Oil__primary__All_Eligible,Oil_Rents_GDP_Pct_lag1,primary,All_Eligible,Future_Period,train_to_2016__test_from_2017,RandomForest,added_model_vs_strongest_benchmark,-0.003999999999999986,1.0
M1_Macro_vs_M2_Macro_Oil__primary__All_Eligible,Oil_Rents_GDP_Pct_lag1,primary,All_Eligible,Future_Period,train_to_2016__test_from_2017,RandomForest,added_model_vs_strongest_benchmark,-0.0034999999999999858,1.0
M1_Macro_vs_M2_Macro_Oil__primary__All_Eligible,Oil_Rents_GDP_Pct_lag1,primary,All_Eligible,Future_Period,train_to_2016__test_from_2017,RandomForest,added_model_vs_strongest_benchmark,-0.0029999999999999853,1.0
M1_Macro_vs_M2_Macro_Oil__primary__All_Eligible,Oil_Rents_GDP_Pct_lag1,primary,All_Eligible,Future_Period,train_to_2016__test_from_2017,RandomForest,added_model_vs_strongest_benchmark,-0.002499999999999985,1.0
M1_Macro_vs_M2_Macro_Oil__primary__All_Eligible,Oil_Rents_GDP_Pct_lag1,primary,All_Eligible,Future_Period,train_to_2016__test_from_2017,RandomForest,added_model_vs_strongest_benchmark,-0.0019999999999999844,1.0
M1_Macro_vs_M2_Macro_Oil__primary__All_Eligible,Oil_Rents_GDP_Pct_lag1,primary,All_Eligible,Future_Period,train_to_2016__test_from_2017,RandomForest,added_model_vs_strongest_benchmark,-0.001499999999999984,1.0
M1_Macro_vs_M2_Macro_Oil__primary__All_Eligible,Oil_Rents_GDP_Pct_lag1,primary,All_Eligible,Future_Period,train_to_2016__test_from_2017,RandomForest,added_model_vs_strongest_benchmark,-0.0009999999999999835,1.0
M1_Macro_vs_M2_Macro_Oil__primary__All_Eligible,Oil_Rents_GDP_Pct_lag1,primary,All_Eligible,Future_Period,train_to_2016__test_from_2017,RandomForest,added_model_vs_strongest_benchmark,-0.0004999999999999831,1.0
M1_Macro_vs_M2_Macro_Oil__primary__All_Eligible,Oil_Rents_GDP_Pct_lag1,primary,All_Eligible,Future_Period,train_to_2016__test_from_2017,RandomForest,added_model_vs_strongest_benchmark,1.734723475976807e-17,1.0
M1_Macro_vs_M2_Macro_Oil__primary__All_Eligible,Oil_Rents_GDP_Pct_lag1,primary,All_Eligible,Future_Period,train_to_2016__test_from_2017,RandomForest,added_model_vs_strongest_benchmark,0.0005000000000000178,1.0
M1_Macro_vs_M2_Macro_Oil__primary__All_Eligible,Oil_Rents_GDP_Pct_lag1,primary,All_Eligible,Future_Period,train_to_2016__test_from_2017,RandomForest,added_model_vs_strongest_benchmark,0.0010000000000000182,1.0
M1_Macro_vs_M2_Macro_Oil__primary__All_Eligible,Oil_Rents_GDP_Pct_lag1,primary,All_Eligible,Future_Period,train_to_2016__test_from_2017,RandomForest,added_model_vs_strongest_benchmark,0.0015000000000000187,1.0
M1_Macro_vs_M2_Macro_Oil__primary__All_Eligible,Oil_Rents_GDP_Pct_lag1,primary,All_Eligible,Future_Period,train_to_2016__test_from_2017,RandomForest,added_model_vs_strongest_benchmark,0.002000000000000019,1.0
M1_Macro_vs_M2_Macro_Oil__primary__All_Eligible,Oil_Rents_GDP_Pct_lag1,primary,All_Eligible,Future_Period,train_to_2016__test_from_2017,RandomForest,added_model_vs_strongest_benchmark,0.0025000000000000196,1.0
M1_Macro_vs_M2_Macro_Oil__primary__All_Eligible,Oil_Rents_GDP_Pct_lag1,primary,All_Eligible,Future_Period,train_to_2016__test_from_2017,RandomForest,added_model_vs_strongest_benchmark,0.00300000000000002,1.0
M1_Macro_vs_M2_Macro_Oil__primary__All_Eligible,Oil_Rents_GDP_Pct_lag1,primary,All_Eligible,Future_Period,train_to_2016__test_from_2017,RandomForest,added_model_vs_strongest_benchmark,0.0035000000000000205,1.0
M1_Macro_vs_M2_Macro_Oil__primary__All_Eligible,Oil_Rents_GDP_Pct_lag1,primary,All_Eligible,Future_Period,train_to_2016__test_from_2017,RandomForest,added_model_vs_strongest_benchmark,0.004000000000000021,1.0
M1_Macro_vs_M2_Macro_Oil__primary__All_Eligible,Oil_Rents_GDP_Pct_lag1,primary,All_Eligible,Future_Period,train_to_2016__test_from_2017,RandomForest,added_model_vs_strongest_benchmark,0.004500000000000021,0.9995
M1_Macro_vs_M2_Macro_Oil__primary__All_Eligible,Oil_Rents_GDP_Pct_lag1,primary,All_Eligible,Future_Period,train_to_2016__test_from_2017,RandomForest,added_model_vs_strongest_benchmark,0.005000000000000022,0.9995
M1_Macro_vs_M2_Macro_Oil__primary__All_Eligible,Oil_Rents_GDP_Pct_lag1,primary,All_Eligible,Future_Period,train_to_2016__test_from_2017,RandomForest,added_model_vs_strongest_benchmark,0.005500000000000022,0.9995
M1_Macro_vs_M2_Macro_Oil__primary__All_Eligible,Oil_Rents_GDP_Pct_lag1,primary,All_Eligible,Future_Period,train_to_2016__test_from_2017,RandomForest,added_model_vs_strongest_benchmark,0.006000000000000023,0.9995
M1_Macro_vs_M2_Macro_Oil__primary__All_Eligible,Oil_Rents_GDP_Pct_lag1,primary,All_Eligible,Future_Period,train_to_2016__test_from_2017,RandomForest,added_model_vs_strongest_benchmark,0.006500000000000023,0.9995
M1_Macro_vs_M2_Macro_Oil__primary__All_Eligible,Oil_Rents_GDP_Pct_lag1,primary,All_Eligible,Future_Period,train_to_2016__test_from_2017,RandomForest,added_model_vs_strongest_benchmark,0.0070000000000000236,0.9995
M1_Macro_vs_M2_Macro_Oil__primary__All_Eligible,Oil_Rents_GDP_Pct_lag1,primary,All_Eligible,Future_Period,train_to_2016__test_from_2017,RandomForest,added_model_vs_strongest_benchmark,0.007500000000000024,0.9995
M1_Macro_vs_M2_Macro_Oil__primary__All_Eligible,Oil_Rents_GDP_Pct_lag1,primary,All_Eligible,Future_Period,train_to_2016__test_from_2017,RandomForest,added_model_vs_strongest_benchmark,0.008000000000000024,0.9995
M1_Macro_vs_M2_Macro_Oil__primary__All_Eligible,Oil_Rents_GDP_Pct_lag1,primary,All_Eligible,Future_Period,train_to_2016__test_from_2017,RandomForest,added_model_vs_strongest_benchmark,0.008500000000000025,0.9995
M1_Macro_vs_M2_Macro_Oil__primary__All_Eligible,Oil_Rents_GDP_Pct_lag1,primary,All_Eligible,Future_Period,train_to_2016__test_from_2017,RandomForest,added_model_vs_strongest_benchmark,0.009000000000000025,0.9995
M1_Macro_vs_M2_Macro_Oil__primary__All_Eligible,Oil_Rents_GDP_Pct_lag1,primary,All_Eligible,Future_Period,train_to_2016__test_from_2017,RandomForest,added_model_vs_strongest_benchmark,0.009500000000000026,0.9995
M1_Macro_vs_M2_Macro_Oil__primary__All_Eligible,Oil_Rents_GDP_Pct_lag1,primary,All_Eligible,Future_Period,train_to_2016__test_from_2017,RandomForest,added_model_vs_strongest_benchmark,0.010000000000000026,0.9995
M1_Macro_vs_M2_Macro_Oil__primary__All_Eligible,Oil_Rents_GDP_Pct_lag1,primary,All_Eligible,Future_Period,train_to_2016__test_from_2017,RandomForest,added_model_vs_strongest_benchmark,0.010500000000000027,0.9995
M1_Macro_vs_M2_Macro_Oil__primary__All_Eligible,Oil_Rents_GDP_Pct_lag1,primary,All_Eligible,Future_Period,train_to_2016__test_from_2017,RandomForest,added_model_vs_strongest_benchmark,0.011000000000000027,0.9995
M1_Macro_vs_M2_Macro_Oil__primary__All_Eligible,Oil_Rents_GDP_Pct_lag1,primary,All_Eligible,Future_Period,train_to_2016__test_from_2017,RandomForest,added_model_vs_strongest_benchmark,0.011500000000000028,0.9995
M1_Macro_vs_M2_Macro_Oil__primary__All_Eligible,Oil_Rents_GDP_Pct_lag1,primary,All_Eligible,Future_Period,train_to_2016__test_from_2017,RandomForest,added_model_vs_strongest_benchmark,0.012000000000000028,0.9995
M1_Macro_vs_M2_Macro_Oil__primary__All_Eligible,Oil_Rents_GDP_Pct_lag1,primary,All_Eligible,Future_Period,train_to_2016__test_from_2017,RandomForest,added_model_vs_strongest_benchmark,0.012500000000000028,0.9995
M1_Macro_vs_M2_Macro_Oil__primary__All_Eligible,Oil_Rents_GDP_Pct_lag1,primary,All_Eligible,Future_Period,train_to_2016__test_from_2017,RandomForest,added_model_vs_strongest_benchmark,0.013000000000000029,0.9995
M1_Macro_vs_M2_Macro_Oil__primary__All_Eligible,Oil_Rents_GDP_Pct_lag1,primary,All_Eligible,Future_Period,train_to_2016__test_from_2017,RandomForest,added_model_vs_strongest_benchmark,0.01350000000000003,0.9995
M1_Macro_vs_M2_Macro_Oil__primary__All_Eligible,Oil_Rents_GDP_Pct_lag1,primary,All_Eligible,Future_Period,train_to_2016__test_from_2017,RandomForest,added_model_vs_strongest_benchmark,0.01400000000000003,0.9995
M1_Macro_vs_M2_Macro_Oil__primary__All_Eligible,Oil_Rents_GDP_Pct_lag1,primary,All_Eligible,Future_Period,train_to_2016__test_from_2017,RandomForest,added_model_vs_strongest_benchmark,0.01450000000000003,0.9995
M1_Macro_vs_M2_Macro_Oil__primary__All_Eligible,Oil_Rents_GDP_Pct_lag1,primary,All_Eligible,Future_Period,train_to_2016__test_from_2017,RandomForest,added_model_vs_strongest_benchmark,0.01500000000000003,0.9995
M1_Macro_vs_M2_Macro_Oil__primary__All_Eligible,Oil_Rents_GDP_Pct_lag1,primary,All_Eligible,Future_Period,train_to_2016__test_from_2017,RandomForest,added_model_vs_strongest_benchmark,0.015500000000000031,0.9995
M1_Macro_vs_M2_Macro_Oil__primary__All_Eligible,Oil_Rents_GDP_Pct_lag1,primary,All_Eligible,Future_Period,train_to_2016__test_from_2017,RandomForest,added_model_vs_strongest_benchmark,0.01600000000000003,0.9995
M1_Macro_vs_M2_Macro_Oil__primary__All_Eligible,Oil_Rents_GDP_Pct_lag1,primary,All_Eligible,Future_Period,train_to_2016__test_from_2017,RandomForest,added_model_vs_strongest_benchmark,0.016500000000000032,0.9995
M1_Macro_vs_M2_Macro_Oil__primary__All_Eligible,Oil_Rents_GDP_Pct_lag1,primary,All_Eligible,Future_Period,train_to_2016__test_from_2017,RandomForest,added_model_vs_strongest_benchmark,0.017000000000000032,0.9995
M1_Macro_vs_M2_Macro_Oil__primary__All_Eligible,Oil_Rents_GDP_Pct_lag1,primary,All_Eligible,Future_Period,train_to_2016__test_from_2017,RandomForest,added_model_vs_strongest_benchmark,0.017500000000000033,0.9995
M1_Macro_vs_M2_Macro_Oil__primary__All_Eligible,Oil_Rents_GDP_Pct_lag1,primary,All_Eligible,Future_Period,train_to_2016__test_from_2017,RandomForest,added_model_vs_strongest_benchmark,0.018000000000000033,0.9995
M1_Macro_vs_M2_Macro_Oil__primary__All_Eligible,Oil_Rents_GDP_Pct_lag1,primary,All_Eligible,Future_Period,train_to_2016__test_from_2017,RandomForest,added_model_vs_strongest_benchmark,0.018500000000000034,0.9995
M1_Macro_vs_M2_Macro_Oil__primary__All_Eligible,Oil_Rents_GDP_Pct_lag1,primary,All_Eligible,Future_Period,train_to_2016__test_from_2017,RandomForest,added_model_vs_strongest_benchmark,0.019000000000000034,0.9995
M1_Macro_vs_M2_Macro_Oil__primary__All_Eligible,Oil_Rents_GDP_Pct_lag1,primary,All_Eligible,Future_Period,train_to_2016__test_from_2017,RandomForest,added_model_vs_strongest_benchmark,0.019500000000000035,0.9995
M1_Macro_vs_M2_Macro_Oil__primary__All_Eligible,Oil_Rents_GDP_Pct_lag1,primary,All_Eligible,Future_Period,train_to_2016__test_from_2017,RandomForest,added_model_vs_strongest_benchmark,0.020000000000000035,0.9995
M1_Macro_vs_M2_Macro_Oil__primary__All_Eligible,Oil_Rents_GDP_Pct_lag1,primary,All_Eligible,Future_Period,train_to_2016__test_from_2017,RandomForest,added_model_vs_strongest_benchmark,0.020500000000000036,0.9995
M1_Macro_vs_M2_Macro_Oil__primary__All_Eligible,Oil_Rents_GDP_Pct_lag1,primary,All_Eligible,Future_Period,train_to_2016__test_from_2017,RandomForest,added_model_vs_strongest_benchmark,0.021000000000000036,0.9995
M1_Macro_vs_M2_Macro_Oil__primary__All_Eligible,Oil_Rents_GDP_Pct_lag1,primary,All_Eligible,Future_Period,train_to_2016__test_from_2017,RandomForest,added_model_vs_strongest_benchmark,0.021500000000000036,0.9995
M1_Macro_vs_M2_Macro_Oil__primary__All_Eligible,Oil_Rents_GDP_Pct_lag1,primary,All_Eligible,Future_Period,train_to_2016__test_from_2017,RandomForest,added_model_vs_strongest_benchmark,0.022000000000000037,0.9995
M1_Macro_vs_M2_Macro_Oil__primary__All_Eligible,Oil_Rents_GDP_Pct_lag1,primary,All_Eligible,Future_Period,train_to_2016__test_from_2017,RandomForest,added_model_vs_strongest_benchmark,0.022500000000000037,0.9995
M1_Macro_vs_M2_Macro_Oil__primary__All_Eligible,Oil_Rents_GDP_Pct_lag1,primary,All_Eligible,Future_Period,train_to_2016__test_from_2017,RandomForest,added_model_vs_strongest_benchmark,0.023000000000000038,0.9995
M1_Macro_vs_M2_Macro_Oil__primary__All_Eligible,Oil_Rents_GDP_Pct_lag1,primary,All_Eligible,Future_Period,train_to_2016__test_from_2017,RandomForest,added_model_vs_strongest_benchmark,0.023500000000000038,0.9995
M1_Macro_vs_M2_Macro_Oil__primary__All_Eligible,Oil_Rents_GDP_Pct_lag1,primary,All_Eligible,Future_Period,train_to_2016__test_from_2017,RandomForest,added_model_vs_strongest_benchmark,0.02400000000000004,0.9995
M1_Macro_vs_M2_Macro_Oil__primary__All_Eligible,Oil_Rents_GDP_Pct_lag1,primary,All_Eligible,Future_Period,train_to_2016__test_from_2017,RandomForest,added_model_vs_strongest_benchmark,0.02450000000000004,0.9995
M1_Macro_vs_M2_Macro_Oil__primary__All_Eligible,Oil_Rents_GDP_Pct_lag1,primary,All_Eligible,Future_Period,train_to_2016__test_from_2017,RandomForest,added_model_vs_strongest_benchmark,0.02500000000000004,0.9995
M1_Macro_vs_M2_Macro_Oil__primary__All_Eligible,Oil_Rents_GDP_Pct_lag1,primary,All_Eligible,Future_Period,train_to_2016__test_from_2017,RandomForest,added_model_vs_strongest_benchmark,0.02550000000000004,0.9995
M1_Macro_vs_M2_Macro_Oil__primary__All_Eligible,Oil_Rents_GDP_Pct_lag1,primary,All_Eligible,Future_Period,train_to_2016__test_from_2017,RandomForest,added_model_vs_strongest_benchmark,0.02600000000000004,0.9995
M1_Macro_vs_M2_Macro_Oil__primary__All_Eligible,Oil_Rents_GDP_Pct_lag1,primary,All_Eligible,Future_Period,train_to_2016__test_from_2017,RandomForest,added_model_vs_strongest_benchmark,0.02650000000000004,0.9995
M1_Macro_vs_M2_Macro_Oil__primary__All_Eligible,Oil_Rents_GDP_Pct_lag1,primary,All_Eligible,Future_Period,train_to_2016__test_from_2017,RandomForest,added_model_vs_strongest_benchmark,0.02700000000000004,0.999
M1_Macro_vs_M2_Macro_Oil__primary__All_Eligible,Oil_Rents_GDP_Pct_lag1,primary,All_Eligible,Future_Period,train_to_2016__test_from_2017,RandomForest,added_model_vs_strongest_benchmark,0.027500000000000042,0.999
M1_Macro_vs_M2_Macro_Oil__primary__All_Eligible,Oil_Rents_GDP_Pct_lag1,primary,All_Eligible,Future_Period,train_to_2016__test_from_2017,RandomForest,added_model_vs_strongest_benchmark,0.028000000000000042,0.999
M1_Macro_vs_M2_Macro_Oil__primary__All_Eligible,Oil_Rents_GDP_Pct_lag1,primary,All_Eligible,Future_Period,train_to_2016__test_from_2017,RandomForest,added_model_vs_strongest_benchmark,0.028500000000000043,0.999
M1_Macro_vs_M2_Macro_Oil__primary__All_Eligible,Oil_Rents_GDP_Pct_lag1,primary,All_Eligible,Future_Period,train_to_2016__test_from_2017,RandomForest,added_model_vs_strongest_benchmark,0.029000000000000043,0.999
M1_Macro_vs_M2_Macro_Oil__primary__All_Eligible,Oil_Rents_GDP_Pct_lag1,primary,All_Eligible,Future_Period,train_to_2016__test_from_2017,RandomForest,added_model_vs_strongest_benchmark,0.029500000000000044,0.999
M1_Macro_vs_M2_Macro_Oil__primary__All_Eligible,Oil_Rents_GDP_Pct_lag1,primary,All_Eligible,Future_Period,train_to_2016__test_from_2017,RandomForest,added_model_vs_strongest_benchmark,0.030000000000000044,0.999
M1_Macro_vs_M2_Macro_Oil__primary__All_Eligible,Oil_Rents_GDP_Pct_lag1,primary,All_Eligible,Future_Period,train_to_2018__test_from_2019,Ridge,signal_increment,-0.02,1.0
M1_Macro_vs_M2_Macro_Oil__primary__All_Eligible,Oil_Rents_GDP_Pct_lag1,primary,All_Eligible,Future_Period,train_to_2018__test_from_2019,Ridge,signal_increment,-0.0195,1.0
M1_Macro_vs_M2_Macro_Oil__primary__All_Eligible,Oil_Rents_GDP_Pct_lag1,primary,All_Eligible,Future_Period,train_to_2018__test_from_2019,Ridge,signal_increment,-0.019,1.0
M1_Macro_vs_M2_Macro_Oil__primary__All_Eligible,Oil_Rents_GDP_Pct_lag1,primary,All_Eligible,Future_Period,train_to_2018__test_from_2019,Ridge,signal_increment,-0.0185,1.0
M1_Macro_vs_M2_Macro_Oil__primary__All_Eligible,Oil_Rents_GDP_Pct_lag1,primary,All_Eligible,Future_Period,train_to_2018__test_from_2019,Ridge,signal_increment,-0.018,1.0
M1_Macro_vs_M2_Macro_Oil__primary__All_Eligible,Oil_Rents_GDP_Pct_lag1,primary,All_Eligible,Future_Period,train_to_2018__test_from_2019,Ridge,signal_increment,-0.017499999999999998,1.0
M1_Macro_vs_M2_Macro_Oil__primary__All_Eligible,Oil_Rents_GDP_Pct_lag1,primary,All_Eligible,Future_Period,train_to_2018__test_from_2019,Ridge,signal_increment,-0.016999999999999998,1.0
M1_Macro_vs_M2_Macro_Oil__primary__All_Eligible,Oil_Rents_GDP_Pct_lag1,primary,All_Eligible,Future_Period,train_to_2018__test_from_2019,Ridge,signal_increment,-0.016499999999999997,1.0
M1_Macro_vs_M2_Macro_Oil__primary__All_Eligible,Oil_Rents_GDP_Pct_lag1,primary,All_Eligible,Future_Period,train_to_2018__test_from_2019,Ridge,signal_increment,-0.015999999999999997,1.0
M1_Macro_vs_M2_Macro_Oil__primary__All_Eligible,Oil_Rents_GDP_Pct_lag1,primary,All_Eligible,Future_Period,train_to_2018__test_from_2019,Ridge,signal_increment,-0.015499999999999996,1.0
M1_Macro_vs_M2_Macro_Oil__primary__All_Eligible,Oil_Rents_GDP_Pct_lag1,primary,All_Eligible,Future_Period,train_to_2018__test_from_2019,Ridge,signal_increment,-0.014999999999999996,1.0
M1_Macro_vs_M2_Macro_Oil__primary__All_Eligible,Oil_Rents_GDP_Pct_lag1,primary,All_Eligible,Future_Period,train_to_2018__test_from_2019,Ridge,signal_increment,-0.014499999999999996,1.0
M1_Macro_vs_M2_Macro_Oil__primary__All_Eligible,Oil_Rents_GDP_Pct_lag1,primary,All_Eligible,Future_Period,train_to_2018__test_from_2019,Ridge,signal_increment,-0.013999999999999995,1.0
M1_Macro_vs_M2_Macro_Oil__primary__All_Eligible,Oil_Rents_GDP_Pct_lag1,primary,All_Eligible,Future_Period,train_to_2018__test_from_2019,Ridge,signal_increment,-0.013499999999999995,1.0
M1_Macro_vs_M2_Macro_Oil__primary__All_Eligible,Oil_Rents_GDP_Pct_lag1,primary,All_Eligible,Future_Period,train_to_2018__test_from_2019,Ridge,signal_increment,-0.012999999999999994,1.0
M1_Macro_vs_M2_Macro_Oil__primary__All_Eligible,Oil_Rents_GDP_Pct_lag1,primary,All_Eligible,Future_Period,train_to_2018__test_from_2019,Ridge,signal_increment,-0.012499999999999994,1.0
M1_Macro_vs_M2_Macro_Oil__primary__All_Eligible,Oil_Rents_GDP_Pct_lag1,primary,All_Eligible,Future_Period,train_to_2018__test_from_2019,Ridge,signal_increment,-0.011999999999999993,1.0
M1_Macro_vs_M2_Macro_Oil__primary__All_Eligible,Oil_Rents_GDP_Pct_lag1,primary,All_Eligible,Future_Period,train_to_2018__test_from_2019,Ridge,signal_increment,-0.011499999999999993,1.0
M1_Macro_vs_M2_Macro_Oil__primary__All_Eligible,Oil_Rents_GDP_Pct_lag1,primary,All_Eligible,Future_Period,train_to_2018__test_from_2019,Ridge,signal_increment,-0.010999999999999992,1.0
M1_Macro_vs_M2_Macro_Oil__primary__All_Eligible,Oil_Rents_GDP_Pct_lag1,primary,All_Eligible,Future_Period,train_to_2018__test_from_2019,Ridge,signal_increment,-0.010499999999999992,1.0
M1_Macro_vs_M2_Macro_Oil__primary__All_Eligible,Oil_Rents_GDP_Pct_lag1,primary,All_Eligible,Future_Period,train_to_2018__test_from_2019,Ridge,signal_increment,-0.009999999999999992,1.0
M1_Macro_vs_M2_Macro_Oil__primary__All_Eligible,Oil_Rents_GDP_Pct_lag1,primary,All_Eligible,Future_Period,train_to_2018__test_from_2019,Ridge,signal_increment,-0.009499999999999991,1.0
M1_Macro_vs_M2_Macro_Oil__primary__All_Eligible,Oil_Rents_GDP_Pct_lag1,primary,All_Eligible,Future_Period,train_to_2018__test_from_2019,Ridge,signal_increment,-0.00899999999999999,1.0
M1_Macro_vs_M2_Macro_Oil__primary__All_Eligible,Oil_Rents_GDP_Pct_lag1,primary,All_Eligible,Future_Period,train_to_2018__test_from_2019,Ridge,signal_increment,-0.00849999999999999,1.0
M1_Macro_vs_M2_Macro_Oil__primary__All_Eligible,Oil_Rents_GDP_Pct_lag1,primary,All_Eligible,Future_Period,train_to_2018__test_from_2019,Ridge,signal_increment,-0.00799999999999999,1.0
M1_Macro_vs_M2_Macro_Oil__primary__All_Eligible,Oil_Rents_GDP_Pct_lag1,primary,All_Eligible,Future_Period,train_to_2018__test_from_2019,Ridge,signal_increment,-0.007499999999999989,1.0
M1_Macro_vs_M2_Macro_Oil__primary__All_Eligible,Oil_Rents_GDP_Pct_lag1,primary,All_Eligible,Future_Period,train_to_2018__test_from_2019,Ridge,signal_increment,-0.006999999999999989,1.0
M1_Macro_vs_M2_Macro_Oil__primary__All_Eligible,Oil_Rents_GDP_Pct_lag1,primary,All_Eligible,Future_Period,train_to_2018__test_from_2019,Ridge,signal_increment,-0.006499999999999988,1.0
M1_Macro_vs_M2_Macro_Oil__primary__All_Eligible,Oil_Rents_GDP_Pct_lag1,primary,All_Eligible,Future_Period,train_to_2018__test_from_2019,Ridge,signal_increment,-0.005999999999999988,1.0
M1_Macro_vs_M2_Macro_Oil__primary__All_Eligible,Oil_Rents_GDP_Pct_lag1,primary,All_Eligible,Future_Period,train_to_2018__test_from_2019,Ridge,signal_increment,-0.0054999999999999875,1.0
M1_Macro_vs_M2_Macro_Oil__primary__All_Eligible,Oil_Rents_GDP_Pct_lag1,primary,All_Eligible,Future_Period,train_to_2018__test_from_2019,Ridge,signal_increment,-0.004999999999999987,1.0
M1_Macro_vs_M2_Macro_Oil__primary__All_Eligible,Oil_Rents_GDP_Pct_lag1,primary,All_Eligible,Future_Period,train_to_2018__test_from_2019,Ridge,signal_increment,-0.004499999999999987,1.0
M1_Macro_vs_M2_Macro_Oil__primary__All_Eligible,Oil_Rents_GDP_Pct_lag1,primary,All_Eligible,Future_Period,train_to_2018__test_from_2019,Ridge,signal_increment,-0.003999999999999986,0.9995
M1_Macro_vs_M2_Macro_Oil__primary__All_Eligible,Oil_Rents_GDP_Pct_lag1,primary,All_Eligible,Future_Period,train_to_2018__test_from_2019,Ridge,signal_increment,-0.0034999999999999858,0.999
M1_Macro_vs_M2_Macro_Oil__primary__All_Eligible,Oil_Rents_GDP_Pct_lag1,primary,All_Eligible,Future_Period,train_to_2018__test_from_2019,Ridge,signal_increment,-0.0029999999999999853,0.9985
M1_Macro_vs_M2_Macro_Oil__primary__All_Eligible,Oil_Rents_GDP_Pct_lag1,primary,All_Eligible,Future_Period,train_to_2018__test_from_2019,Ridge,signal_increment,-0.002499999999999985,0.9975
M1_Macro_vs_M2_Macro_Oil__primary__All_Eligible,Oil_Rents_GDP_Pct_lag1,primary,All_Eligible,Future_Period,train_to_2018__test_from_2019,Ridge,signal_increment,-0.0019999999999999844,0.997
M1_Macro_vs_M2_Macro_Oil__primary__All_Eligible,Oil_Rents_GDP_Pct_lag1,primary,All_Eligible,Future_Period,train_to_2018__test_from_2019,Ridge,signal_increment,-0.001499999999999984,0.9965
M1_Macro_vs_M2_Macro_Oil__primary__All_Eligible,Oil_Rents_GDP_Pct_lag1,primary,All_Eligible,Future_Period,train_to_2018__test_from_2019,Ridge,signal_increment,-0.0009999999999999835,0.995
M1_Macro_vs_M2_Macro_Oil__primary__All_Eligible,Oil_Rents_GDP_Pct_lag1,primary,All_Eligible,Future_Period,train_to_2018__test_from_2019,Ridge,signal_increment,-0.0004999999999999831,0.994
M1_Macro_vs_M2_Macro_Oil__primary__All_Eligible,Oil_Rents_GDP_Pct_lag1,primary,All_Eligible,Future_Period,train_to_2018__test_from_2019,Ridge,signal_increment,1.734723475976807e-17,0.9905
M1_Macro_vs_M2_Macro_Oil__primary__All_Eligible,Oil_Rents_GDP_Pct_lag1,primary,All_Eligible,Future_Period,train_to_2018__test_from_2019,Ridge,signal_increment,0.0005000000000000178,0.99
M1_Macro_vs_M2_Macro_Oil__primary__All_Eligible,Oil_Rents_GDP_Pct_lag1,primary,All_Eligible,Future_Period,train_to_2018__test_from_2019,Ridge,signal_increment,0.0010000000000000182,0.9845
M1_Macro_vs_M2_Macro_Oil__primary__All_Eligible,Oil_Rents_GDP_Pct_lag1,primary,All_Eligible,Future_Period,train_to_2018__test_from_2019,Ridge,signal_increment,0.0015000000000000187,0.977
M1_Macro_vs_M2_Macro_Oil__primary__All_Eligible,Oil_Rents_GDP_Pct_lag1,primary,All_Eligible,Future_Period,train_to_2018__test_from_2019,Ridge,signal_increment,0.002000000000000019,0.968
M1_Macro_vs_M2_Macro_Oil__primary__All_Eligible,Oil_Rents_GDP_Pct_lag1,primary,All_Eligible,Future_Period,train_to_2018__test_from_2019,Ridge,signal_increment,0.0025000000000000196,0.9615
M1_Macro_vs_M2_Macro_Oil__primary__All_Eligible,Oil_Rents_GDP_Pct_lag1,primary,All_Eligible,Future_Period,train_to_2018__test_from_2019,Ridge,signal_increment,0.00300000000000002,0.954
M1_Macro_vs_M2_Macro_Oil__primary__All_Eligible,Oil_Rents_GDP_Pct_lag1,primary,All_Eligible,Future_Period,train_to_2018__test_from_2019,Ridge,signal_increment,0.0035000000000000205,0.945
M1_Macro_vs_M2_Macro_Oil__primary__All_Eligible,Oil_Rents_GDP_Pct_lag1,primary,All_Eligible,Future_Period,train_to_2018__test_from_2019,Ridge,signal_increment,0.004000000000000021,0.9345
M1_Macro_vs_M2_Macro_Oil__primary__All_Eligible,Oil_Rents_GDP_Pct_lag1,primary,All_Eligible,Future_Period,train_to_2018__test_from_2019,Ridge,signal_increment,0.004500000000000021,0.919
M1_Macro_vs_M2_Macro_Oil__primary__All_Eligible,Oil_Rents_GDP_Pct_lag1,primary,All_Eligible,Future_Period,train_to_2018__test_from_2019,Ridge,signal_increment,0.005000000000000022,0.902
M1_Macro_vs_M2_Macro_Oil__primary__All_Eligible,Oil_Rents_GDP_Pct_lag1,primary,All_Eligible,Future_Period,train_to_2018__test_from_2019,Ridge,signal_increment,0.005500000000000022,0.8845
M1_Macro_vs_M2_Macro_Oil__primary__All_Eligible,Oil_Rents_GDP_Pct_lag1,primary,All_Eligible,Future_Period,train_to_2018__test_from_2019,Ridge,signal_increment,0.006000000000000023,0.8695
M1_Macro_vs_M2_Macro_Oil__primary__All_Eligible,Oil_Rents_GDP_Pct_lag1,primary,All_Eligible,Future_Period,train_to_2018__test_from_2019,Ridge,signal_increment,0.006500000000000023,0.847
M1_Macro_vs_M2_Macro_Oil__primary__All_Eligible,Oil_Rents_GDP_Pct_lag1,primary,All_Eligible,Future_Period,train_to_2018__test_from_2019,Ridge,signal_increment,0.0070000000000000236,0.826
M1_Macro_vs_M2_Macro_Oil__primary__All_Eligible,Oil_Rents_GDP_Pct_lag1,primary,All_Eligible,Future_Period,train_to_2018__test_from_2019,Ridge,signal_increment,0.007500000000000024,0.792
M1_Macro_vs_M2_Macro_Oil__primary__All_Eligible,Oil_Rents_GDP_Pct_lag1,primary,All_Eligible,Future_Period,train_to_2018__test_from_2019,Ridge,signal_increment,0.008000000000000024,0.76
M1_Macro_vs_M2_Macro_Oil__primary__All_Eligible,Oil_Rents_GDP_Pct_lag1,primary,All_Eligible,Future_Period,train_to_2018__test_from_2019,Ridge,signal_increment,0.008500000000000025,0.728
M1_Macro_vs_M2_Macro_Oil__primary__All_Eligible,Oil_Rents_GDP_Pct_lag1,primary,All_Eligible,Future_Period,train_to_2018__test_from_2019,Ridge,signal_increment,0.009000000000000025,0.702
M1_Macro_vs_M2_Macro_Oil__primary__All_Eligible,Oil_Rents_GDP_Pct_lag1,primary,All_Eligible,Future_Period,train_to_2018__test_from_2019,Ridge,signal_increment,0.009500000000000026,0.66
M1_Macro_vs_M2_Macro_Oil__primary__All_Eligible,Oil_Rents_GDP_Pct_lag1,primary,All_Eligible,Future_Period,train_to_2018__test_from_2019,Ridge,signal_increment,0.010000000000000026,0.627
M1_Macro_vs_M2_Macro_Oil__primary__All_Eligible,Oil_Rents_GDP_Pct_lag1,primary,All_Eligible,Future_Period,train_to_2018__test_from_2019,Ridge,signal_increment,0.010500000000000027,0.587
M1_Macro_vs_M2_Macro_Oil__primary__All_Eligible,Oil_Rents_GDP_Pct_lag1,primary,All_Eligible,Future_Period,train_to_2018__test_from_2019,Ridge,signal_increment,0.011000000000000027,0.552
M1_Macro_vs_M2_Macro_Oil__primary__All_Eligible,Oil_Rents_GDP_Pct_lag1,primary,All_Eligible,Future_Period,train_to_2018__test_from_2019,Ridge,signal_increment,0.011500000000000028,0.5095
M1_Macro_vs_M2_Macro_Oil__primary__All_Eligible,Oil_Rents_GDP_Pct_lag1,primary,All_Eligible,Future_Period,train_to_2018__test_from_2019,Ridge,signal_increment,0.012000000000000028,0.469
M1_Macro_vs_M2_Macro_Oil__primary__All_Eligible,Oil_Rents_GDP_Pct_lag1,primary,All_Eligible,Future_Period,train_to_2018__test_from_2019,Ridge,signal_increment,0.012500000000000028,0.4305
M1_Macro_vs_M2_Macro_Oil__primary__All_Eligible,Oil_Rents_GDP_Pct_lag1,primary,All_Eligible,Future_Period,train_to_2018__test_from_2019,Ridge,signal_increment,0.013000000000000029,0.3955
M1_Macro_vs_M2_Macro_Oil__primary__All_Eligible,Oil_Rents_GDP_Pct_lag1,primary,All_Eligible,Future_Period,train_to_2018__test_from_2019,Ridge,signal_increment,0.01350000000000003,0.3545
M1_Macro_vs_M2_Macro_Oil__primary__All_Eligible,Oil_Rents_GDP_Pct_lag1,primary,All_Eligible,Future_Period,train_to_2018__test_from_2019,Ridge,signal_increment,0.01400000000000003,0.324
M1_Macro_vs_M2_Macro_Oil__primary__All_Eligible,Oil_Rents_GDP_Pct_lag1,primary,All_Eligible,Future_Period,train_to_2018__test_from_2019,Ridge,signal_increment,0.01450000000000003,0.29
M1_Macro_vs_M2_Macro_Oil__primary__All_Eligible,Oil_Rents_GDP_Pct_lag1,primary,All_Eligible,Future_Period,train_to_2018__test_from_2019,Ridge,signal_increment,0.01500000000000003,0.2555
M1_Macro_vs_M2_Macro_Oil__primary__All_Eligible,Oil_Rents_GDP_Pct_lag1,primary,All_Eligible,Future_Period,train_to_2018__test_from_2019,Ridge,signal_increment,0.015500000000000031,0.223
M1_Macro_vs_M2_Macro_Oil__primary__All_Eligible,Oil_Rents_GDP_Pct_lag1,primary,All_Eligible,Future_Period,train_to_2018__test_from_2019,Ridge,signal_increment,0.01600000000000003,0.199
M1_Macro_vs_M2_Macro_Oil__primary__All_Eligible,Oil_Rents_GDP_Pct_lag1,primary,All_Eligible,Future_Period,train_to_2018__test_from_2019,Ridge,signal_increment,0.016500000000000032,0.174
M1_Macro_vs_M2_Macro_Oil__primary__All_Eligible,Oil_Rents_GDP_Pct_lag1,primary,All_Eligible,Future_Period,train_to_2018__test_from_2019,Ridge,signal_increment,0.017000000000000032,0.149
M1_Macro_vs_M2_Macro_Oil__primary__All_Eligible,Oil_Rents_GDP_Pct_lag1,primary,All_Eligible,Future_Period,train_to_2018__test_from_2019,Ridge,signal_increment,0.017500000000000033,0.1245
M1_Macro_vs_M2_Macro_Oil__primary__All_Eligible,Oil_Rents_GDP_Pct_lag1,primary,All_Eligible,Future_Period,train_to_2018__test_from_2019,Ridge,signal_increment,0.018000000000000033,0.107
M1_Macro_vs_M2_Macro_Oil__primary__All_Eligible,Oil_Rents_GDP_Pct_lag1,primary,All_Eligible,Future_Period,train_to_2018__test_from_2019,Ridge,signal_increment,0.018500000000000034,0.0875
M1_Macro_vs_M2_Macro_Oil__primary__All_Eligible,Oil_Rents_GDP_Pct_lag1,primary,All_Eligible,Future_Period,train_to_2018__test_from_2019,Ridge,signal_increment,0.019000000000000034,0.071
M1_Macro_vs_M2_Macro_Oil__primary__All_Eligible,Oil_Rents_GDP_Pct_lag1,primary,All_Eligible,Future_Period,train_to_2018__test_from_2019,Ridge,signal_increment,0.019500000000000035,0.062
M1_Macro_vs_M2_Macro_Oil__primary__All_Eligible,Oil_Rents_GDP_Pct_lag1,primary,All_Eligible,Future_Period,train_to_2018__test_from_2019,Ridge,signal_increment,0.020000000000000035,0.053
M1_Macro_vs_M2_Macro_Oil__primary__All_Eligible,Oil_Rents_GDP_Pct_lag1,primary,All_Eligible,Future_Period,train_to_2018__test_from_2019,Ridge,signal_increment,0.020500000000000036,0.0425
M1_Macro_vs_M2_Macro_Oil__primary__All_Eligible,Oil_Rents_GDP_Pct_lag1,primary,All_Eligible,Future_Period,train_to_2018__test_from_2019,Ridge,signal_increment,0.021000000000000036,0.037
M1_Macro_vs_M2_Macro_Oil__primary__All_Eligible,Oil_Rents_GDP_Pct_lag1,primary,All_Eligible,Future_Period,train_to_2018__test_from_2019,Ridge,signal_increment,0.021500000000000036,0.033
M1_Macro_vs_M2_Macro_Oil__primary__All_Eligible,Oil_Rents_GDP_Pct_lag1,primary,All_Eligible,Future_Period,train_to_2018__test_from_2019,Ridge,signal_increment,0.022000000000000037,0.026
M1_Macro_vs_M2_Macro_Oil__primary__All_Eligible,Oil_Rents_GDP_Pct_lag1,primary,All_Eligible,Future_Period,train_to_2018__test_from_2019,Ridge,signal_increment,0.022500000000000037,0.023
M1_Macro_vs_M2_Macro_Oil__primary__All_Eligible,Oil_Rents_GDP_Pct_lag1,primary,All_Eligible,Future_Period,train_to_2018__test_from_2019,Ridge,signal_increment,0.023000000000000038,0.018
M1_Macro_vs_M2_Macro_Oil__primary__All_Eligible,Oil_Rents_GDP_Pct_lag1,primary,All_Eligible,Future_Period,train_to_2018__test_from_2019,Ridge,signal_increment,0.023500000000000038,0.0145
M1_Macro_vs_M2_Macro_Oil__primary__All_Eligible,Oil_Rents_GDP_Pct_lag1,primary,All_Eligible,Future_Period,train_to_2018__test_from_2019,Ridge,signal_increment,0.02400000000000004,0.0125
M1_Macro_vs_M2_Macro_Oil__primary__All_Eligible,Oil_Rents_GDP_Pct_lag1,primary,All_Eligible,Future_Period,train_to_2018__test_from_2019,Ridge,signal_increment,0.02450000000000004,0.0105
M1_Macro_vs_M2_Macro_Oil__primary__All_Eligible,Oil_Rents_GDP_Pct_lag1,primary,All_Eligible,Future_Period,train_to_2018__test_from_2019,Ridge,signal_increment,0.02500000000000004,0.008
M1_Macro_vs_M2_Macro_Oil__primary__All_Eligible,Oil_Rents_GDP_Pct_lag1,primary,All_Eligible,Future_Period,train_to_2018__test_from_2019,Ridge,signal_increment,0.02550000000000004,0.0055
M1_Macro_vs_M2_Macro_Oil__primary__All_Eligible,Oil_Rents_GDP_Pct_lag1,primary,All_Eligible,Future_Period,train_to_2018__test_from_2019,Ridge,signal_increment,0.02600000000000004,0.0045
M1_Macro_vs_M2_Macro_Oil__primary__All_Eligible,Oil_Rents_GDP_Pct_lag1,primary,All_Eligible,Future_Period,train_to_2018__test_from_2019,Ridge,signal_increment,0.02650000000000004,0.004
M1_Macro_vs_M2_Macro_Oil__primary__All_Eligible,Oil_Rents_GDP_Pct_lag1,primary,All_Eligible,Future_Period,train_to_2018__test_from_2019,Ridge,signal_increment,0.02700000000000004,0.002
M1_Macro_vs_M2_Macro_Oil__primary__All_Eligible,Oil_Rents_GDP_Pct_lag1,primary,All_Eligible,Future_Period,train_to_2018__test_from_2019,Ridge,signal_increment,0.027500000000000042,0.0015
M1_Macro_vs_M2_Macro_Oil__primary__All_Eligible,Oil_Rents_GDP_Pct_lag1,primary,All_Eligible,Future_Period,train_to_2018__test_from_2019,Ridge,signal_increment,0.028000000000000042,0.0015
M1_Macro_vs_M2_Macro_Oil__primary__All_Eligible,Oil_Rents_GDP_Pct_lag1,primary,All_Eligible,Future_Period,train_to_2018__test_from_2019,Ridge,signal_increment,0.028500000000000043,0.001
M1_Macro_vs_M2_Macro_Oil__primary__All_Eligible,Oil_Rents_GDP_Pct_lag1,primary,All_Eligible,Future_Period,train_to_2018__test_from_2019,Ridge,signal_increment,0.029000000000000043,0.0005
M1_Macro_vs_M2_Macro_Oil__primary__All_Eligible,Oil_Rents_GDP_Pct_lag1,primary,All_Eligible,Future_Period,train_to_2018__test_from_2019,Ridge,signal_increment,0.029500000000000044,0.0005
M1_Macro_vs_M2_Macro_Oil__primary__All_Eligible,Oil_Rents_GDP_Pct_lag1,primary,All_Eligible,Future_Period,train_to_2018__test_from_2019,Ridge,signal_increment,0.030000000000000044,0.0
M1_Macro_vs_M2_Macro_Oil__primary__All_Eligible,Oil_Rents_GDP_Pct_lag1,primary,All_Eligible,Future_Period,train_to_2018__test_from_2019,Ridge,added_model_vs_strongest_benchmark,-0.02,1.0
M1_Macro_vs_M2_Macro_Oil__primary__All_Eligible,Oil_Rents_GDP_Pct_lag1,primary,All_Eligible,Future_Period,train_to_2018__test_from_2019,Ridge,added_model_vs_strongest_benchmark,-0.0195,1.0
M1_Macro_vs_M2_Macro_Oil__primary__All_Eligible,Oil_Rents_GDP_Pct_lag1,primary,All_Eligible,Future_Period,train_to_2018__test_from_2019,Ridge,added_model_vs_strongest_benchmark,-0.019,1.0
M1_Macro_vs_M2_Macro_Oil__primary__All_Eligible,Oil_Rents_GDP_Pct_lag1,primary,All_Eligible,Future_Period,train_to_2018__test_from_2019,Ridge,added_model_vs_strongest_benchmark,-0.0185,1.0
M1_Macro_vs_M2_Macro_Oil__primary__All_Eligible,Oil_Rents_GDP_Pct_lag1,primary,All_Eligible,Future_Period,train_to_2018__test_from_2019,Ridge,added_model_vs_strongest_benchmark,-0.018,1.0
M1_Macro_vs_M2_Macro_Oil__primary__All_Eligible,Oil_Rents_GDP_Pct_lag1,primary,All_Eligible,Future_Period,train_to_2018__test_from_2019,Ridge,added_model_vs_strongest_benchmark,-0.017499999999999998,1.0
M1_Macro_vs_M2_Macro_Oil__primary__All_Eligible,Oil_Rents_GDP_Pct_lag1,primary,All_Eligible,Future_Period,train_to_2018__test_from_2019,Ridge,added_model_vs_strongest_benchmark,-0.016999999999999998,1.0
M1_Macro_vs_M2_Macro_Oil__primary__All_Eligible,Oil_Rents_GDP_Pct_lag1,primary,All_Eligible,Future_Period,train_to_2018__test_from_2019,Ridge,added_model_vs_strongest_benchmark,-0.016499999999999997,1.0
M1_Macro_vs_M2_Macro_Oil__primary__All_Eligible,Oil_Rents_GDP_Pct_lag1,primary,All_Eligible,Future_Period,train_to_2018__test_from_2019,Ridge,added_model_vs_strongest_benchmark,-0.015999999999999997,1.0
M1_Macro_vs_M2_Macro_Oil__primary__All_Eligible,Oil_Rents_GDP_Pct_lag1,primary,All_Eligible,Future_Period,train_to_2018__test_from_2019,Ridge,added_model_vs_strongest_benchmark,-0.015499999999999996,1.0
M1_Macro_vs_M2_Macro_Oil__primary__All_Eligible,Oil_Rents_GDP_Pct_lag1,primary,All_Eligible,Future_Period,train_to_2018__test_from_2019,Ridge,added_model_vs_strongest_benchmark,-0.014999999999999996,1.0
M1_Macro_vs_M2_Macro_Oil__primary__All_Eligible,Oil_Rents_GDP_Pct_lag1,primary,All_Eligible,Future_Period,train_to_2018__test_from_2019,Ridge,added_model_vs_strongest_benchmark,-0.014499999999999996,1.0
M1_Macro_vs_M2_Macro_Oil__primary__All_Eligible,Oil_Rents_GDP_Pct_lag1,primary,All_Eligible,Future_Period,train_to_2018__test_from_2019,Ridge,added_model_vs_strongest_benchmark,-0.013999999999999995,1.0
M1_Macro_vs_M2_Macro_Oil__primary__All_Eligible,Oil_Rents_GDP_Pct_lag1,primary,All_Eligible,Future_Period,train_to_2018__test_from_2019,Ridge,added_model_vs_strongest_benchmark,-0.013499999999999995,1.0
M1_Macro_vs_M2_Macro_Oil__primary__All_Eligible,Oil_Rents_GDP_Pct_lag1,primary,All_Eligible,Future_Period,train_to_2018__test_from_2019,Ridge,added_model_vs_strongest_benchmark,-0.012999999999999994,1.0
M1_Macro_vs_M2_Macro_Oil__primary__All_Eligible,Oil_Rents_GDP_Pct_lag1,primary,All_Eligible,Future_Period,train_to_2018__test_from_2019,Ridge,added_model_vs_strongest_benchmark,-0.012499999999999994,1.0
M1_Macro_vs_M2_Macro_Oil__primary__All_Eligible,Oil_Rents_GDP_Pct_lag1,primary,All_Eligible,Future_Period,train_to_2018__test_from_2019,Ridge,added_model_vs_strongest_benchmark,-0.011999999999999993,1.0
M1_Macro_vs_M2_Macro_Oil__primary__All_Eligible,Oil_Rents_GDP_Pct_lag1,primary,All_Eligible,Future_Period,train_to_2018__test_from_2019,Ridge,added_model_vs_strongest_benchmark,-0.011499999999999993,1.0
M1_Macro_vs_M2_Macro_Oil__primary__All_Eligible,Oil_Rents_GDP_Pct_lag1,primary,All_Eligible,Future_Period,train_to_2018__test_from_2019,Ridge,added_model_vs_strongest_benchmark,-0.010999999999999992,1.0
M1_Macro_vs_M2_Macro_Oil__primary__All_Eligible,Oil_Rents_GDP_Pct_lag1,primary,All_Eligible,Future_Period,train_to_2018__test_from_2019,Ridge,added_model_vs_strongest_benchmark,-0.010499999999999992,1.0
M1_Macro_vs_M2_Macro_Oil__primary__All_Eligible,Oil_Rents_GDP_Pct_lag1,primary,All_Eligible,Future_Period,train_to_2018__test_from_2019,Ridge,added_model_vs_strongest_benchmark,-0.009999999999999992,1.0
M1_Macro_vs_M2_Macro_Oil__primary__All_Eligible,Oil_Rents_GDP_Pct_lag1,primary,All_Eligible,Future_Period,train_to_2018__test_from_2019,Ridge,added_model_vs_strongest_benchmark,-0.009499999999999991,1.0
M1_Macro_vs_M2_Macro_Oil__primary__All_Eligible,Oil_Rents_GDP_Pct_lag1,primary,All_Eligible,Future_Period,train_to_2018__test_from_2019,Ridge,added_model_vs_strongest_benchmark,-0.00899999999999999,1.0
M1_Macro_vs_M2_Macro_Oil__primary__All_Eligible,Oil_Rents_GDP_Pct_lag1,primary,All_Eligible,Future_Period,train_to_2018__test_from_2019,Ridge,added_model_vs_strongest_benchmark,-0.00849999999999999,1.0
M1_Macro_vs_M2_Macro_Oil__primary__All_Eligible,Oil_Rents_GDP_Pct_lag1,primary,All_Eligible,Future_Period,train_to_2018__test_from_2019,Ridge,added_model_vs_strongest_benchmark,-0.00799999999999999,1.0
M1_Macro_vs_M2_Macro_Oil__primary__All_Eligible,Oil_Rents_GDP_Pct_lag1,primary,All_Eligible,Future_Period,train_to_2018__test_from_2019,Ridge,added_model_vs_strongest_benchmark,-0.007499999999999989,1.0
M1_Macro_vs_M2_Macro_Oil__primary__All_Eligible,Oil_Rents_GDP_Pct_lag1,primary,All_Eligible,Future_Period,train_to_2018__test_from_2019,Ridge,added_model_vs_strongest_benchmark,-0.006999999999999989,1.0
M1_Macro_vs_M2_Macro_Oil__primary__All_Eligible,Oil_Rents_GDP_Pct_lag1,primary,All_Eligible,Future_Period,train_to_2018__test_from_2019,Ridge,added_model_vs_strongest_benchmark,-0.006499999999999988,1.0
M1_Macro_vs_M2_Macro_Oil__primary__All_Eligible,Oil_Rents_GDP_Pct_lag1,primary,All_Eligible,Future_Period,train_to_2018__test_from_2019,Ridge,added_model_vs_strongest_benchmark,-0.005999999999999988,1.0
M1_Macro_vs_M2_Macro_Oil__primary__All_Eligible,Oil_Rents_GDP_Pct_lag1,primary,All_Eligible,Future_Period,train_to_2018__test_from_2019,Ridge,added_model_vs_strongest_benchmark,-0.0054999999999999875,1.0
M1_Macro_vs_M2_Macro_Oil__primary__All_Eligible,Oil_Rents_GDP_Pct_lag1,primary,All_Eligible,Future_Period,train_to_2018__test_from_2019,Ridge,added_model_vs_strongest_benchmark,-0.004999999999999987,1.0
M1_Macro_vs_M2_Macro_Oil__primary__All_Eligible,Oil_Rents_GDP_Pct_lag1,primary,All_Eligible,Future_Period,train_to_2018__test_from_2019,Ridge,added_model_vs_strongest_benchmark,-0.004499999999999987,1.0
M1_Macro_vs_M2_Macro_Oil__primary__All_Eligible,Oil_Rents_GDP_Pct_lag1,primary,All_Eligible,Future_Period,train_to_2018__test_from_2019,Ridge,added_model_vs_strongest_benchmark,-0.003999999999999986,1.0
M1_Macro_vs_M2_Macro_Oil__primary__All_Eligible,Oil_Rents_GDP_Pct_lag1,primary,All_Eligible,Future_Period,train_to_2018__test_from_2019,Ridge,added_model_vs_strongest_benchmark,-0.0034999999999999858,1.0
M1_Macro_vs_M2_Macro_Oil__primary__All_Eligible,Oil_Rents_GDP_Pct_lag1,primary,All_Eligible,Future_Period,train_to_2018__test_from_2019,Ridge,added_model_vs_strongest_benchmark,-0.0029999999999999853,1.0
M1_Macro_vs_M2_Macro_Oil__primary__All_Eligible,Oil_Rents_GDP_Pct_lag1,primary,All_Eligible,Future_Period,train_to_2018__test_from_2019,Ridge,added_model_vs_strongest_benchmark,-0.002499999999999985,1.0
M1_Macro_vs_M2_Macro_Oil__primary__All_Eligible,Oil_Rents_GDP_Pct_lag1,primary,All_Eligible,Future_Period,train_to_2018__test_from_2019,Ridge,added_model_vs_strongest_benchmark,-0.0019999999999999844,1.0
M1_Macro_vs_M2_Macro_Oil__primary__All_Eligible,Oil_Rents_GDP_Pct_lag1,primary,All_Eligible,Future_Period,train_to_2018__test_from_2019,Ridge,added_model_vs_strongest_benchmark,-0.001499999999999984,1.0
M1_Macro_vs_M2_Macro_Oil__primary__All_Eligible,Oil_Rents_GDP_Pct_lag1,primary,All_Eligible,Future_Period,train_to_2018__test_from_2019,Ridge,added_model_vs_strongest_benchmark,-0.0009999999999999835,1.0
M1_Macro_vs_M2_Macro_Oil__primary__All_Eligible,Oil_Rents_GDP_Pct_lag1,primary,All_Eligible,Future_Period,train_to_2018__test_from_2019,Ridge,added_model_vs_strongest_benchmark,-0.0004999999999999831,1.0
M1_Macro_vs_M2_Macro_Oil__primary__All_Eligible,Oil_Rents_GDP_Pct_lag1,primary,All_Eligible,Future_Period,train_to_2018__test_from_2019,Ridge,added_model_vs_strongest_benchmark,1.734723475976807e-17,1.0
M1_Macro_vs_M2_Macro_Oil__primary__All_Eligible,Oil_Rents_GDP_Pct_lag1,primary,All_Eligible,Future_Period,train_to_2018__test_from_2019,Ridge,added_model_vs_strongest_benchmark,0.0005000000000000178,1.0
M1_Macro_vs_M2_Macro_Oil__primary__All_Eligible,Oil_Rents_GDP_Pct_lag1,primary,All_Eligible,Future_Period,train_to_2018__test_from_2019,Ridge,added_model_vs_strongest_benchmark,0.0010000000000000182,1.0
M1_Macro_vs_M2_Macro_Oil__primary__All_Eligible,Oil_Rents_GDP_Pct_lag1,primary,All_Eligible,Future_Period,train_to_2018__test_from_2019,Ridge,added_model_vs_strongest_benchmark,0.0015000000000000187,1.0
M1_Macro_vs_M2_Macro_Oil__primary__All_Eligible,Oil_Rents_GDP_Pct_lag1,primary,All_Eligible,Future_Period,train_to_2018__test_from_2019,Ridge,added_model_vs_strongest_benchmark,0.002000000000000019,1.0
M1_Macro_vs_M2_Macro_Oil__primary__All_Eligible,Oil_Rents_GDP_Pct_lag1,primary,All_Eligible,Future_Period,train_to_2018__test_from_2019,Ridge,added_model_vs_strongest_benchmark,0.0025000000000000196,1.0
M1_Macro_vs_M2_Macro_Oil__primary__All_Eligible,Oil_Rents_GDP_Pct_lag1,primary,All_Eligible,Future_Period,train_to_2018__test_from_2019,Ridge,added_model_vs_strongest_benchmark,0.00300000000000002,1.0
M1_Macro_vs_M2_Macro_Oil__primary__All_Eligible,Oil_Rents_GDP_Pct_lag1,primary,All_Eligible,Future_Period,train_to_2018__test_from_2019,Ridge,added_model_vs_strongest_benchmark,0.0035000000000000205,1.0
M1_Macro_vs_M2_Macro_Oil__primary__All_Eligible,Oil_Rents_GDP_Pct_lag1,primary,All_Eligible,Future_Period,train_to_2018__test_from_2019,Ridge,added_model_vs_strongest_benchmark,0.004000000000000021,1.0
M1_Macro_vs_M2_Macro_Oil__primary__All_Eligible,Oil_Rents_GDP_Pct_lag1,primary,All_Eligible,Future_Period,train_to_2018__test_from_2019,Ridge,added_model_vs_strongest_benchmark,0.004500000000000021,1.0
M1_Macro_vs_M2_Macro_Oil__primary__All_Eligible,Oil_Rents_GDP_Pct_lag1,primary,All_Eligible,Future_Period,train_to_2018__test_from_2019,Ridge,added_model_vs_strongest_benchmark,0.005000000000000022,1.0
M1_Macro_vs_M2_Macro_Oil__primary__All_Eligible,Oil_Rents_GDP_Pct_lag1,primary,All_Eligible,Future_Period,train_to_2018__test_from_2019,Ridge,added_model_vs_strongest_benchmark,0.005500000000000022,1.0
M1_Macro_vs_M2_Macro_Oil__primary__All_Eligible,Oil_Rents_GDP_Pct_lag1,primary,All_Eligible,Future_Period,train_to_2018__test_from_2019,Ridge,added_model_vs_strongest_benchmark,0.006000000000000023,1.0
M1_Macro_vs_M2_Macro_Oil__primary__All_Eligible,Oil_Rents_GDP_Pct_lag1,primary,All_Eligible,Future_Period,train_to_2018__test_from_2019,Ridge,added_model_vs_strongest_benchmark,0.006500000000000023,1.0
M1_Macro_vs_M2_Macro_Oil__primary__All_Eligible,Oil_Rents_GDP_Pct_lag1,primary,All_Eligible,Future_Period,train_to_2018__test_from_2019,Ridge,added_model_vs_strongest_benchmark,0.0070000000000000236,1.0
M1_Macro_vs_M2_Macro_Oil__primary__All_Eligible,Oil_Rents_GDP_Pct_lag1,primary,All_Eligible,Future_Period,train_to_2018__test_from_2019,Ridge,added_model_vs_strongest_benchmark,0.007500000000000024,1.0
M1_Macro_vs_M2_Macro_Oil__primary__All_Eligible,Oil_Rents_GDP_Pct_lag1,primary,All_Eligible,Future_Period,train_to_2018__test_from_2019,Ridge,added_model_vs_strongest_benchmark,0.008000000000000024,1.0
M1_Macro_vs_M2_Macro_Oil__primary__All_Eligible,Oil_Rents_GDP_Pct_lag1,primary,All_Eligible,Future_Period,train_to_2018__test_from_2019,Ridge,added_model_vs_strongest_benchmark,0.008500000000000025,1.0
M1_Macro_vs_M2_Macro_Oil__primary__All_Eligible,Oil_Rents_GDP_Pct_lag1,primary,All_Eligible,Future_Period,train_to_2018__test_from_2019,Ridge,added_model_vs_strongest_benchmark,0.009000000000000025,1.0
M1_Macro_vs_M2_Macro_Oil__primary__All_Eligible,Oil_Rents_GDP_Pct_lag1,primary,All_Eligible,Future_Period,train_to_2018__test_from_2019,Ridge,added_model_vs_strongest_benchmark,0.009500000000000026,1.0
M1_Macro_vs_M2_Macro_Oil__primary__All_Eligible,Oil_Rents_GDP_Pct_lag1,primary,All_Eligible,Future_Period,train_to_2018__test_from_2019,Ridge,added_model_vs_strongest_benchmark,0.010000000000000026,1.0
M1_Macro_vs_M2_Macro_Oil__primary__All_Eligible,Oil_Rents_GDP_Pct_lag1,primary,All_Eligible,Future_Period,train_to_2018__test_from_2019,Ridge,added_model_vs_strongest_benchmark,0.010500000000000027,1.0
M1_Macro_vs_M2_Macro_Oil__primary__All_Eligible,Oil_Rents_GDP_Pct_lag1,primary,All_Eligible,Future_Period,train_to_2018__test_from_2019,Ridge,added_model_vs_strongest_benchmark,0.011000000000000027,1.0
M1_Macro_vs_M2_Macro_Oil__primary__All_Eligible,Oil_Rents_GDP_Pct_lag1,primary,All_Eligible,Future_Period,train_to_2018__test_from_2019,Ridge,added_model_vs_strongest_benchmark,0.011500000000000028,1.0
M1_Macro_vs_M2_Macro_Oil__primary__All_Eligible,Oil_Rents_GDP_Pct_lag1,primary,All_Eligible,Future_Period,train_to_2018__test_from_2019,Ridge,added_model_vs_strongest_benchmark,0.012000000000000028,1.0
M1_Macro_vs_M2_Macro_Oil__primary__All_Eligible,Oil_Rents_GDP_Pct_lag1,primary,All_Eligible,Future_Period,train_to_2018__test_from_2019,Ridge,added_model_vs_strongest_benchmark,0.012500000000000028,1.0
M1_Macro_vs_M2_Macro_Oil__primary__All_Eligible,Oil_Rents_GDP_Pct_lag1,primary,All_Eligible,Future_Period,train_to_2018__test_from_2019,Ridge,added_model_vs_strongest_benchmark,0.013000000000000029,1.0
M1_Macro_vs_M2_Macro_Oil__primary__All_Eligible,Oil_Rents_GDP_Pct_lag1,primary,All_Eligible,Future_Period,train_to_2018__test_from_2019,Ridge,added_model_vs_strongest_benchmark,0.01350000000000003,1.0
M1_Macro_vs_M2_Macro_Oil__primary__All_Eligible,Oil_Rents_GDP_Pct_lag1,primary,All_Eligible,Future_Period,train_to_2018__test_from_2019,Ridge,added_model_vs_strongest_benchmark,0.01400000000000003,1.0
M1_Macro_vs_M2_Macro_Oil__primary__All_Eligible,Oil_Rents_GDP_Pct_lag1,primary,All_Eligible,Future_Period,train_to_2018__test_from_2019,Ridge,added_model_vs_strongest_benchmark,0.01450000000000003,1.0
M1_Macro_vs_M2_Macro_Oil__primary__All_Eligible,Oil_Rents_GDP_Pct_lag1,primary,All_Eligible,Future_Period,train_to_2018__test_from_2019,Ridge,added_model_vs_strongest_benchmark,0.01500000000000003,1.0
M1_Macro_vs_M2_Macro_Oil__primary__All_Eligible,Oil_Rents_GDP_Pct_lag1,primary,All_Eligible,Future_Period,train_to_2018__test_from_2019,Ridge,added_model_vs_strongest_benchmark,0.015500000000000031,1.0
M1_Macro_vs_M2_Macro_Oil__primary__All_Eligible,Oil_Rents_GDP_Pct_lag1,primary,All_Eligible,Future_Period,train_to_2018__test_from_2019,Ridge,added_model_vs_strongest_benchmark,0.01600000000000003,1.0
M1_Macro_vs_M2_Macro_Oil__primary__All_Eligible,Oil_Rents_GDP_Pct_lag1,primary,All_Eligible,Future_Period,train_to_2018__test_from_2019,Ridge,added_model_vs_strongest_benchmark,0.016500000000000032,1.0
M1_Macro_vs_M2_Macro_Oil__primary__All_Eligible,Oil_Rents_GDP_Pct_lag1,primary,All_Eligible,Future_Period,train_to_2018__test_from_2019,Ridge,added_model_vs_strongest_benchmark,0.017000000000000032,1.0
M1_Macro_vs_M2_Macro_Oil__primary__All_Eligible,Oil_Rents_GDP_Pct_lag1,primary,All_Eligible,Future_Period,train_to_2018__test_from_2019,Ridge,added_model_vs_strongest_benchmark,0.017500000000000033,1.0
M1_Macro_vs_M2_Macro_Oil__primary__All_Eligible,Oil_Rents_GDP_Pct_lag1,primary,All_Eligible,Future_Period,train_to_2018__test_from_2019,Ridge,added_model_vs_strongest_benchmark,0.018000000000000033,1.0
M1_Macro_vs_M2_Macro_Oil__primary__All_Eligible,Oil_Rents_GDP_Pct_lag1,primary,All_Eligible,Future_Period,train_to_2018__test_from_2019,Ridge,added_model_vs_strongest_benchmark,0.018500000000000034,1.0
M1_Macro_vs_M2_Macro_Oil__primary__All_Eligible,Oil_Rents_GDP_Pct_lag1,primary,All_Eligible,Future_Period,train_to_2018__test_from_2019,Ridge,added_model_vs_strongest_benchmark,0.019000000000000034,1.0
M1_Macro_vs_M2_Macro_Oil__primary__All_Eligible,Oil_Rents_GDP_Pct_lag1,primary,All_Eligible,Future_Period,train_to_2018__test_from_2019,Ridge,added_model_vs_strongest_benchmark,0.019500000000000035,1.0
M1_Macro_vs_M2_Macro_Oil__primary__All_Eligible,Oil_Rents_GDP_Pct_lag1,primary,All_Eligible,Future_Period,train_to_2018__test_from_2019,Ridge,added_model_vs_strongest_benchmark,0.020000000000000035,1.0
M1_Macro_vs_M2_Macro_Oil__primary__All_Eligible,Oil_Rents_GDP_Pct_lag1,primary,All_Eligible,Future_Period,train_to_2018__test_from_2019,Ridge,added_model_vs_strongest_benchmark,0.020500000000000036,1.0
M1_Macro_vs_M2_Macro_Oil__primary__All_Eligible,Oil_Rents_GDP_Pct_lag1,primary,All_Eligible,Future_Period,train_to_2018__test_from_2019,Ridge,added_model_vs_strongest_benchmark,0.021000000000000036,1.0
M1_Macro_vs_M2_Macro_Oil__primary__All_Eligible,Oil_Rents_GDP_Pct_lag1,primary,All_Eligible,Future_Period,train_to_2018__test_from_2019,Ridge,added_model_vs_strongest_benchmark,0.021500000000000036,1.0
M1_Macro_vs_M2_Macro_Oil__primary__All_Eligible,Oil_Rents_GDP_Pct_lag1,primary,All_Eligible,Future_Period,train_to_2018__test_from_2019,Ridge,added_model_vs_strongest_benchmark,0.022000000000000037,1.0
M1_Macro_vs_M2_Macro_Oil__primary__All_Eligible,Oil_Rents_GDP_Pct_lag1,primary,All_Eligible,Future_Period,train_to_2018__test_from_2019,Ridge,added_model_vs_strongest_benchmark,0.022500000000000037,1.0
M1_Macro_vs_M2_Macro_Oil__primary__All_Eligible,Oil_Rents_GDP_Pct_lag1,primary,All_Eligible,Future_Period,train_to_2018__test_from_2019,Ridge,added_model_vs_strongest_benchmark,0.023000000000000038,1.0
M1_Macro_vs_M2_Macro_Oil__primary__All_Eligible,Oil_Rents_GDP_Pct_lag1,primary,All_Eligible,Future_Period,train_to_2018__test_from_2019,Ridge,added_model_vs_strongest_benchmark,0.023500000000000038,1.0
M1_Macro_vs_M2_Macro_Oil__primary__All_Eligible,Oil_Rents_GDP_Pct_lag1,primary,All_Eligible,Future_Period,train_to_2018__test_from_2019,Ridge,added_model_vs_strongest_benchmark,0.02400000000000004,1.0
M1_Macro_vs_M2_Macro_Oil__primary__All_Eligible,Oil_Rents_GDP_Pct_lag1,primary,All_Eligible,Future_Period,train_to_2018__test_from_2019,Ridge,added_model_vs_strongest_benchmark,0.02450000000000004,1.0
M1_Macro_vs_M2_Macro_Oil__primary__All_Eligible,Oil_Rents_GDP_Pct_lag1,primary,All_Eligible,Future_Period,train_to_2018__test_from_2019,Ridge,added_model_vs_strongest_benchmark,0.02500000000000004,1.0
M1_Macro_vs_M2_Macro_Oil__primary__All_Eligible,Oil_Rents_GDP_Pct_lag1,primary,All_Eligible,Future_Period,train_to_2018__test_from_2019,Ridge,added_model_vs_strongest_benchmark,0.02550000000000004,1.0
M1_Macro_vs_M2_Macro_Oil__primary__All_Eligible,Oil_Rents_GDP_Pct_lag1,primary,All_Eligible,Future_Period,train_to_2018__test_from_2019,Ridge,added_model_vs_strongest_benchmark,0.02600000000000004,1.0
M1_Macro_vs_M2_Macro_Oil__primary__All_Eligible,Oil_Rents_GDP_Pct_lag1,primary,All_Eligible,Future_Period,train_to_2018__test_from_2019,Ridge,added_model_vs_strongest_benchmark,0.02650000000000004,1.0
M1_Macro_vs_M2_Macro_Oil__primary__All_Eligible,Oil_Rents_GDP_Pct_lag1,primary,All_Eligible,Future_Period,train_to_2018__test_from_2019,Ridge,added_model_vs_strongest_benchmark,0.02700000000000004,1.0
M1_Macro_vs_M2_Macro_Oil__primary__All_Eligible,Oil_Rents_GDP_Pct_lag1,primary,All_Eligible,Future_Period,train_to_2018__test_from_2019,Ridge,added_model_vs_strongest_benchmark,0.027500000000000042,1.0
M1_Macro_vs_M2_Macro_Oil__primary__All_Eligible,Oil_Rents_GDP_Pct_lag1,primary,All_Eligible,Future_Period,train_to_2018__test_from_2019,Ridge,added_model_vs_strongest_benchmark,0.028000000000000042,1.0
M1_Macro_vs_M2_Macro_Oil__primary__All_Eligible,Oil_Rents_GDP_Pct_lag1,primary,All_Eligible,Future_Period,train_to_2018__test_from_2019,Ridge,added_model_vs_strongest_benchmark,0.028500000000000043,1.0
M1_Macro_vs_M2_Macro_Oil__primary__All_Eligible,Oil_Rents_GDP_Pct_lag1,primary,All_Eligible,Future_Period,train_to_2018__test_from_2019,Ridge,added_model_vs_strongest_benchmark,0.029000000000000043,1.0
M1_Macro_vs_M2_Macro_Oil__primary__All_Eligible,Oil_Rents_GDP_Pct_lag1,primary,All_Eligible,Future_Period,train_to_2018__test_from_2019,Ridge,added_model_vs_strongest_benchmark,0.029500000000000044,1.0
M1_Macro_vs_M2_Macro_Oil__primary__All_Eligible,Oil_Rents_GDP_Pct_lag1,primary,All_Eligible,Future_Period,train_to_2018__test_from_2019,Ridge,added_model_vs_strongest_benchmark,0.030000000000000044,1.0
M1_Macro_vs_M2_Macro_Oil__primary__All_Eligible,Oil_Rents_GDP_Pct_lag1,primary,All_Eligible,Future_Period,train_to_2018__test_from_2019,ElasticNet,signal_increment,-0.02,1.0
M1_Macro_vs_M2_Macro_Oil__primary__All_Eligible,Oil_Rents_GDP_Pct_lag1,primary,All_Eligible,Future_Period,train_to_2018__test_from_2019,ElasticNet,signal_increment,-0.0195,1.0
M1_Macro_vs_M2_Macro_Oil__primary__All_Eligible,Oil_Rents_GDP_Pct_lag1,primary,All_Eligible,Future_Period,train_to_2018__test_from_2019,ElasticNet,signal_increment,-0.019,1.0
M1_Macro_vs_M2_Macro_Oil__primary__All_Eligible,Oil_Rents_GDP_Pct_lag1,primary,All_Eligible,Future_Period,train_to_2018__test_from_2019,ElasticNet,signal_increment,-0.0185,1.0
M1_Macro_vs_M2_Macro_Oil__primary__All_Eligible,Oil_Rents_GDP_Pct_lag1,primary,All_Eligible,Future_Period,train_to_2018__test_from_2019,ElasticNet,signal_increment,-0.018,1.0
M1_Macro_vs_M2_Macro_Oil__primary__All_Eligible,Oil_Rents_GDP_Pct_lag1,primary,All_Eligible,Future_Period,train_to_2018__test_from_2019,ElasticNet,signal_increment,-0.017499999999999998,1.0
M1_Macro_vs_M2_Macro_Oil__primary__All_Eligible,Oil_Rents_GDP_Pct_lag1,primary,All_Eligible,Future_Period,train_to_2018__test_from_2019,ElasticNet,signal_increment,-0.016999999999999998,1.0
M1_Macro_vs_M2_Macro_Oil__primary__All_Eligible,Oil_Rents_GDP_Pct_lag1,primary,All_Eligible,Future_Period,train_to_2018__test_from_2019,ElasticNet,signal_increment,-0.016499999999999997,1.0
M1_Macro_vs_M2_Macro_Oil__primary__All_Eligible,Oil_Rents_GDP_Pct_lag1,primary,All_Eligible,Future_Period,train_to_2018__test_from_2019,ElasticNet,signal_increment,-0.015999999999999997,1.0
M1_Macro_vs_M2_Macro_Oil__primary__All_Eligible,Oil_Rents_GDP_Pct_lag1,primary,All_Eligible,Future_Period,train_to_2018__test_from_2019,ElasticNet,signal_increment,-0.015499999999999996,1.0
M1_Macro_vs_M2_Macro_Oil__primary__All_Eligible,Oil_Rents_GDP_Pct_lag1,primary,All_Eligible,Future_Period,train_to_2018__test_from_2019,ElasticNet,signal_increment,-0.014999999999999996,1.0
M1_Macro_vs_M2_Macro_Oil__primary__All_Eligible,Oil_Rents_GDP_Pct_lag1,primary,All_Eligible,Future_Period,train_to_2018__test_from_2019,ElasticNet,signal_increment,-0.014499999999999996,1.0
M1_Macro_vs_M2_Macro_Oil__primary__All_Eligible,Oil_Rents_GDP_Pct_lag1,primary,All_Eligible,Future_Period,train_to_2018__test_from_2019,ElasticNet,signal_increment,-0.013999999999999995,1.0
M1_Macro_vs_M2_Macro_Oil__primary__All_Eligible,Oil_Rents_GDP_Pct_lag1,primary,All_Eligible,Future_Period,train_to_2018__test_from_2019,ElasticNet,signal_increment,-0.013499999999999995,1.0
M1_Macro_vs_M2_Macro_Oil__primary__All_Eligible,Oil_Rents_GDP_Pct_lag1,primary,All_Eligible,Future_Period,train_to_2018__test_from_2019,ElasticNet,signal_increment,-0.012999999999999994,1.0
M1_Macro_vs_M2_Macro_Oil__primary__All_Eligible,Oil_Rents_GDP_Pct_lag1,primary,All_Eligible,Future_Period,train_to_2018__test_from_2019,ElasticNet,signal_increment,-0.012499999999999994,1.0
M1_Macro_vs_M2_Macro_Oil__primary__All_Eligible,Oil_Rents_GDP_Pct_lag1,primary,All_Eligible,Future_Period,train_to_2018__test_from_2019,ElasticNet,signal_increment,-0.011999999999999993,1.0
M1_Macro_vs_M2_Macro_Oil__primary__All_Eligible,Oil_Rents_GDP_Pct_lag1,primary,All_Eligible,Future_Period,train_to_2018__test_from_2019,ElasticNet,signal_increment,-0.011499999999999993,1.0
M1_Macro_vs_M2_Macro_Oil__primary__All_Eligible,Oil_Rents_GDP_Pct_lag1,primary,All_Eligible,Future_Period,train_to_2018__test_from_2019,ElasticNet,signal_increment,-0.010999999999999992,1.0
M1_Macro_vs_M2_Macro_Oil__primary__All_Eligible,Oil_Rents_GDP_Pct_lag1,primary,All_Eligible,Future_Period,train_to_2018__test_from_2019,ElasticNet,signal_increment,-0.010499999999999992,1.0
M1_Macro_vs_M2_Macro_Oil__primary__All_Eligible,Oil_Rents_GDP_Pct_lag1,primary,All_Eligible,Future_Period,train_to_2018__test_from_2019,ElasticNet,signal_increment,-0.009999999999999992,1.0
M1_Macro_vs_M2_Macro_Oil__primary__All_Eligible,Oil_Rents_GDP_Pct_lag1,primary,All_Eligible,Future_Period,train_to_2018__test_from_2019,ElasticNet,signal_increment,-0.009499999999999991,1.0
M1_Macro_vs_M2_Macro_Oil__primary__All_Eligible,Oil_Rents_GDP_Pct_lag1,primary,All_Eligible,Future_Period,train_to_2018__test_from_2019,ElasticNet,signal_increment,-0.00899999999999999,1.0
M1_Macro_vs_M2_Macro_Oil__primary__All_Eligible,Oil_Rents_GDP_Pct_lag1,primary,All_Eligible,Future_Period,train_to_2018__test_from_2019,ElasticNet,signal_increment,-0.00849999999999999,1.0
M1_Macro_vs_M2_Macro_Oil__primary__All_Eligible,Oil_Rents_GDP_Pct_lag1,primary,All_Eligible,Future_Period,train_to_2018__test_from_2019,ElasticNet,signal_increment,-0.00799999999999999,1.0
M1_Macro_vs_M2_Macro_Oil__primary__All_Eligible,Oil_Rents_GDP_Pct_lag1,primary,All_Eligible,Future_Period,train_to_2018__test_from_2019,ElasticNet,signal_increment,-0.007499999999999989,1.0
M1_Macro_vs_M2_Macro_Oil__primary__All_Eligible,Oil_Rents_GDP_Pct_lag1,primary,All_Eligible,Future_Period,train_to_2018__test_from_2019,ElasticNet,signal_increment,-0.006999999999999989,1.0
M1_Macro_vs_M2_Macro_Oil__primary__All_Eligible,Oil_Rents_GDP_Pct_lag1,primary,All_Eligible,Future_Period,train_to_2018__test_from_2019,ElasticNet,signal_increment,-0.006499999999999988,1.0
M1_Macro_vs_M2_Macro_Oil__primary__All_Eligible,Oil_Rents_GDP_Pct_lag1,primary,All_Eligible,Future_Period,train_to_2018__test_from_2019,ElasticNet,signal_increment,-0.005999999999999988,1.0
M1_Macro_vs_M2_Macro_Oil__primary__All_Eligible,Oil_Rents_GDP_Pct_lag1,primary,All_Eligible,Future_Period,train_to_2018__test_from_2019,ElasticNet,signal_increment,-0.0054999999999999875,1.0
M1_Macro_vs_M2_Macro_Oil__primary__All_Eligible,Oil_Rents_GDP_Pct_lag1,primary,All_Eligible,Future_Period,train_to_2018__test_from_2019,ElasticNet,signal_increment,-0.004999999999999987,1.0
M1_Macro_vs_M2_Macro_Oil__primary__All_Eligible,Oil_Rents_GDP_Pct_lag1,primary,All_Eligible,Future_Period,train_to_2018__test_from_2019,ElasticNet,signal_increment,-0.004499999999999987,1.0
M1_Macro_vs_M2_Macro_Oil__primary__All_Eligible,Oil_Rents_GDP_Pct_lag1,primary,All_Eligible,Future_Period,train_to_2018__test_from_2019,ElasticNet,signal_increment,-0.003999999999999986,0.9995
M1_Macro_vs_M2_Macro_Oil__primary__All_Eligible,Oil_Rents_GDP_Pct_lag1,primary,All_Eligible,Future_Period,train_to_2018__test_from_2019,ElasticNet,signal_increment,-0.0034999999999999858,0.999
M1_Macro_vs_M2_Macro_Oil__primary__All_Eligible,Oil_Rents_GDP_Pct_lag1,primary,All_Eligible,Future_Period,train_to_2018__test_from_2019,ElasticNet,signal_increment,-0.0029999999999999853,0.9985
M1_Macro_vs_M2_Macro_Oil__primary__All_Eligible,Oil_Rents_GDP_Pct_lag1,primary,All_Eligible,Future_Period,train_to_2018__test_from_2019,ElasticNet,signal_increment,-0.002499999999999985,0.9975
M1_Macro_vs_M2_Macro_Oil__primary__All_Eligible,Oil_Rents_GDP_Pct_lag1,primary,All_Eligible,Future_Period,train_to_2018__test_from_2019,ElasticNet,signal_increment,-0.0019999999999999844,0.997
M1_Macro_vs_M2_Macro_Oil__primary__All_Eligible,Oil_Rents_GDP_Pct_lag1,primary,All_Eligible,Future_Period,train_to_2018__test_from_2019,ElasticNet,signal_increment,-0.001499999999999984,0.9965
M1_Macro_vs_M2_Macro_Oil__primary__All_Eligible,Oil_Rents_GDP_Pct_lag1,primary,All_Eligible,Future_Period,train_to_2018__test_from_2019,ElasticNet,signal_increment,-0.0009999999999999835,0.995
M1_Macro_vs_M2_Macro_Oil__primary__All_Eligible,Oil_Rents_GDP_Pct_lag1,primary,All_Eligible,Future_Period,train_to_2018__test_from_2019,ElasticNet,signal_increment,-0.0004999999999999831,0.994
M1_Macro_vs_M2_Macro_Oil__primary__All_Eligible,Oil_Rents_GDP_Pct_lag1,primary,All_Eligible,Future_Period,train_to_2018__test_from_2019,ElasticNet,signal_increment,1.734723475976807e-17,0.991
M1_Macro_vs_M2_Macro_Oil__primary__All_Eligible,Oil_Rents_GDP_Pct_lag1,primary,All_Eligible,Future_Period,train_to_2018__test_from_2019,ElasticNet,signal_increment,0.0005000000000000178,0.9895
M1_Macro_vs_M2_Macro_Oil__primary__All_Eligible,Oil_Rents_GDP_Pct_lag1,primary,All_Eligible,Future_Period,train_to_2018__test_from_2019,ElasticNet,signal_increment,0.0010000000000000182,0.984
M1_Macro_vs_M2_Macro_Oil__primary__All_Eligible,Oil_Rents_GDP_Pct_lag1,primary,All_Eligible,Future_Period,train_to_2018__test_from_2019,ElasticNet,signal_increment,0.0015000000000000187,0.977
M1_Macro_vs_M2_Macro_Oil__primary__All_Eligible,Oil_Rents_GDP_Pct_lag1,primary,All_Eligible,Future_Period,train_to_2018__test_from_2019,ElasticNet,signal_increment,0.002000000000000019,0.968
M1_Macro_vs_M2_Macro_Oil__primary__All_Eligible,Oil_Rents_GDP_Pct_lag1,primary,All_Eligible,Future_Period,train_to_2018__test_from_2019,ElasticNet,signal_increment,0.0025000000000000196,0.9615
M1_Macro_vs_M2_Macro_Oil__primary__All_Eligible,Oil_Rents_GDP_Pct_lag1,primary,All_Eligible,Future_Period,train_to_2018__test_from_2019,ElasticNet,signal_increment,0.00300000000000002,0.953
M1_Macro_vs_M2_Macro_Oil__primary__All_Eligible,Oil_Rents_GDP_Pct_lag1,primary,All_Eligible,Future_Period,train_to_2018__test_from_2019,ElasticNet,signal_increment,0.0035000000000000205,0.942
M1_Macro_vs_M2_Macro_Oil__primary__All_Eligible,Oil_Rents_GDP_Pct_lag1,primary,All_Eligible,Future_Period,train_to_2018__test_from_2019,ElasticNet,signal_increment,0.004000000000000021,0.9335
M1_Macro_vs_M2_Macro_Oil__primary__All_Eligible,Oil_Rents_GDP_Pct_lag1,primary,All_Eligible,Future_Period,train_to_2018__test_from_2019,ElasticNet,signal_increment,0.004500000000000021,0.9175
M1_Macro_vs_M2_Macro_Oil__primary__All_Eligible,Oil_Rents_GDP_Pct_lag1,primary,All_Eligible,Future_Period,train_to_2018__test_from_2019,ElasticNet,signal_increment,0.005000000000000022,0.8985
M1_Macro_vs_M2_Macro_Oil__primary__All_Eligible,Oil_Rents_GDP_Pct_lag1,primary,All_Eligible,Future_Period,train_to_2018__test_from_2019,ElasticNet,signal_increment,0.005500000000000022,0.883
M1_Macro_vs_M2_Macro_Oil__primary__All_Eligible,Oil_Rents_GDP_Pct_lag1,primary,All_Eligible,Future_Period,train_to_2018__test_from_2019,ElasticNet,signal_increment,0.006000000000000023,0.865
M1_Macro_vs_M2_Macro_Oil__primary__All_Eligible,Oil_Rents_GDP_Pct_lag1,primary,All_Eligible,Future_Period,train_to_2018__test_from_2019,ElasticNet,signal_increment,0.006500000000000023,0.8435
M1_Macro_vs_M2_Macro_Oil__primary__All_Eligible,Oil_Rents_GDP_Pct_lag1,primary,All_Eligible,Future_Period,train_to_2018__test_from_2019,ElasticNet,signal_increment,0.0070000000000000236,0.8185
M1_Macro_vs_M2_Macro_Oil__primary__All_Eligible,Oil_Rents_GDP_Pct_lag1,primary,All_Eligible,Future_Period,train_to_2018__test_from_2019,ElasticNet,signal_increment,0.007500000000000024,0.7845
M1_Macro_vs_M2_Macro_Oil__primary__All_Eligible,Oil_Rents_GDP_Pct_lag1,primary,All_Eligible,Future_Period,train_to_2018__test_from_2019,ElasticNet,signal_increment,0.008000000000000024,0.7515
M1_Macro_vs_M2_Macro_Oil__primary__All_Eligible,Oil_Rents_GDP_Pct_lag1,primary,All_Eligible,Future_Period,train_to_2018__test_from_2019,ElasticNet,signal_increment,0.008500000000000025,0.7175
M1_Macro_vs_M2_Macro_Oil__primary__All_Eligible,Oil_Rents_GDP_Pct_lag1,primary,All_Eligible,Future_Period,train_to_2018__test_from_2019,ElasticNet,signal_increment,0.009000000000000025,0.689
M1_Macro_vs_M2_Macro_Oil__primary__All_Eligible,Oil_Rents_GDP_Pct_lag1,primary,All_Eligible,Future_Period,train_to_2018__test_from_2019,ElasticNet,signal_increment,0.009500000000000026,0.6515
M1_Macro_vs_M2_Macro_Oil__primary__All_Eligible,Oil_Rents_GDP_Pct_lag1,primary,All_Eligible,Future_Period,train_to_2018__test_from_2019,ElasticNet,signal_increment,0.010000000000000026,0.6125
M1_Macro_vs_M2_Macro_Oil__primary__All_Eligible,Oil_Rents_GDP_Pct_lag1,primary,All_Eligible,Future_Period,train_to_2018__test_from_2019,ElasticNet,signal_increment,0.010500000000000027,0.571
M1_Macro_vs_M2_Macro_Oil__primary__All_Eligible,Oil_Rents_GDP_Pct_lag1,primary,All_Eligible,Future_Period,train_to_2018__test_from_2019,ElasticNet,signal_increment,0.011000000000000027,0.538
M1_Macro_vs_M2_Macro_Oil__primary__All_Eligible,Oil_Rents_GDP_Pct_lag1,primary,All_Eligible,Future_Period,train_to_2018__test_from_2019,ElasticNet,signal_increment,0.011500000000000028,0.497
M1_Macro_vs_M2_Macro_Oil__primary__All_Eligible,Oil_Rents_GDP_Pct_lag1,primary,All_Eligible,Future_Period,train_to_2018__test_from_2019,ElasticNet,signal_increment,0.012000000000000028,0.452
M1_Macro_vs_M2_Macro_Oil__primary__All_Eligible,Oil_Rents_GDP_Pct_lag1,primary,All_Eligible,Future_Period,train_to_2018__test_from_2019,ElasticNet,signal_increment,0.012500000000000028,0.415
M1_Macro_vs_M2_Macro_Oil__primary__All_Eligible,Oil_Rents_GDP_Pct_lag1,primary,All_Eligible,Future_Period,train_to_2018__test_from_2019,ElasticNet,signal_increment,0.013000000000000029,0.3785
M1_Macro_vs_M2_Macro_Oil__primary__All_Eligible,Oil_Rents_GDP_Pct_lag1,primary,All_Eligible,Future_Period,train_to_2018__test_from_2019,ElasticNet,signal_increment,0.01350000000000003,0.3415
M1_Macro_vs_M2_Macro_Oil__primary__All_Eligible,Oil_Rents_GDP_Pct_lag1,primary,All_Eligible,Future_Period,train_to_2018__test_from_2019,ElasticNet,signal_increment,0.01400000000000003,0.309
M1_Macro_vs_M2_Macro_Oil__primary__All_Eligible,Oil_Rents_GDP_Pct_lag1,primary,All_Eligible,Future_Period,train_to_2018__test_from_2019,ElasticNet,signal_increment,0.01450000000000003,0.2725
M1_Macro_vs_M2_Macro_Oil__primary__All_Eligible,Oil_Rents_GDP_Pct_lag1,primary,All_Eligible,Future_Period,train_to_2018__test_from_2019,ElasticNet,signal_increment,0.01500000000000003,0.2385
M1_Macro_vs_M2_Macro_Oil__primary__All_Eligible,Oil_Rents_GDP_Pct_lag1,primary,All_Eligible,Future_Period,train_to_2018__test_from_2019,ElasticNet,signal_increment,0.015500000000000031,0.211
M1_Macro_vs_M2_Macro_Oil__primary__All_Eligible,Oil_Rents_GDP_Pct_lag1,primary,All_Eligible,Future_Period,train_to_2018__test_from_2019,ElasticNet,signal_increment,0.01600000000000003,0.1865
M1_Macro_vs_M2_Macro_Oil__primary__All_Eligible,Oil_Rents_GDP_Pct_lag1,primary,All_Eligible,Future_Period,train_to_2018__test_from_2019,ElasticNet,signal_increment,0.016500000000000032,0.159
M1_Macro_vs_M2_Macro_Oil__primary__All_Eligible,Oil_Rents_GDP_Pct_lag1,primary,All_Eligible,Future_Period,train_to_2018__test_from_2019,ElasticNet,signal_increment,0.017000000000000032,0.1335
M1_Macro_vs_M2_Macro_Oil__primary__All_Eligible,Oil_Rents_GDP_Pct_lag1,primary,All_Eligible,Future_Period,train_to_2018__test_from_2019,ElasticNet,signal_increment,0.017500000000000033,0.1145
M1_Macro_vs_M2_Macro_Oil__primary__All_Eligible,Oil_Rents_GDP_Pct_lag1,primary,All_Eligible,Future_Period,train_to_2018__test_from_2019,ElasticNet,signal_increment,0.018000000000000033,0.0965
M1_Macro_vs_M2_Macro_Oil__primary__All_Eligible,Oil_Rents_GDP_Pct_lag1,primary,All_Eligible,Future_Period,train_to_2018__test_from_2019,ElasticNet,signal_increment,0.018500000000000034,0.0765
M1_Macro_vs_M2_Macro_Oil__primary__All_Eligible,Oil_Rents_GDP_Pct_lag1,primary,All_Eligible,Future_Period,train_to_2018__test_from_2019,ElasticNet,signal_increment,0.019000000000000034,0.0655
M1_Macro_vs_M2_Macro_Oil__primary__All_Eligible,Oil_Rents_GDP_Pct_lag1,primary,All_Eligible,Future_Period,train_to_2018__test_from_2019,ElasticNet,signal_increment,0.019500000000000035,0.057
M1_Macro_vs_M2_Macro_Oil__primary__All_Eligible,Oil_Rents_GDP_Pct_lag1,primary,All_Eligible,Future_Period,train_to_2018__test_from_2019,ElasticNet,signal_increment,0.020000000000000035,0.047
M1_Macro_vs_M2_Macro_Oil__primary__All_Eligible,Oil_Rents_GDP_Pct_lag1,primary,All_Eligible,Future_Period,train_to_2018__test_from_2019,ElasticNet,signal_increment,0.020500000000000036,0.0385
M1_Macro_vs_M2_Macro_Oil__primary__All_Eligible,Oil_Rents_GDP_Pct_lag1,primary,All_Eligible,Future_Period,train_to_2018__test_from_2019,ElasticNet,signal_increment,0.021000000000000036,0.035
M1_Macro_vs_M2_Macro_Oil__primary__All_Eligible,Oil_Rents_GDP_Pct_lag1,primary,All_Eligible,Future_Period,train_to_2018__test_from_2019,ElasticNet,signal_increment,0.021500000000000036,0.027
M1_Macro_vs_M2_Macro_Oil__primary__All_Eligible,Oil_Rents_GDP_Pct_lag1,primary,All_Eligible,Future_Period,train_to_2018__test_from_2019,ElasticNet,signal_increment,0.022000000000000037,0.026
M1_Macro_vs_M2_Macro_Oil__primary__All_Eligible,Oil_Rents_GDP_Pct_lag1,primary,All_Eligible,Future_Period,train_to_2018__test_from_2019,ElasticNet,signal_increment,0.022500000000000037,0.019
M1_Macro_vs_M2_Macro_Oil__primary__All_Eligible,Oil_Rents_GDP_Pct_lag1,primary,All_Eligible,Future_Period,train_to_2018__test_from_2019,ElasticNet,signal_increment,0.023000000000000038,0.016
M1_Macro_vs_M2_Macro_Oil__primary__All_Eligible,Oil_Rents_GDP_Pct_lag1,primary,All_Eligible,Future_Period,train_to_2018__test_from_2019,ElasticNet,signal_increment,0.023500000000000038,0.0135
M1_Macro_vs_M2_Macro_Oil__primary__All_Eligible,Oil_Rents_GDP_Pct_lag1,primary,All_Eligible,Future_Period,train_to_2018__test_from_2019,ElasticNet,signal_increment,0.02400000000000004,0.011
M1_Macro_vs_M2_Macro_Oil__primary__All_Eligible,Oil_Rents_GDP_Pct_lag1,primary,All_Eligible,Future_Period,train_to_2018__test_from_2019,ElasticNet,signal_increment,0.02450000000000004,0.0085
M1_Macro_vs_M2_Macro_Oil__primary__All_Eligible,Oil_Rents_GDP_Pct_lag1,primary,All_Eligible,Future_Period,train_to_2018__test_from_2019,ElasticNet,signal_increment,0.02500000000000004,0.0065
M1_Macro_vs_M2_Macro_Oil__primary__All_Eligible,Oil_Rents_GDP_Pct_lag1,primary,All_Eligible,Future_Period,train_to_2018__test_from_2019,ElasticNet,signal_increment,0.02550000000000004,0.0055
M1_Macro_vs_M2_Macro_Oil__primary__All_Eligible,Oil_Rents_GDP_Pct_lag1,primary,All_Eligible,Future_Period,train_to_2018__test_from_2019,ElasticNet,signal_increment,0.02600000000000004,0.004
M1_Macro_vs_M2_Macro_Oil__primary__All_Eligible,Oil_Rents_GDP_Pct_lag1,primary,All_Eligible,Future_Period,train_to_2018__test_from_2019,ElasticNet,signal_increment,0.02650000000000004,0.002
M1_Macro_vs_M2_Macro_Oil__primary__All_Eligible,Oil_Rents_GDP_Pct_lag1,primary,All_Eligible,Future_Period,train_to_2018__test_from_2019,ElasticNet,signal_increment,0.02700000000000004,0.0015
M1_Macro_vs_M2_Macro_Oil__primary__All_Eligible,Oil_Rents_GDP_Pct_lag1,primary,All_Eligible,Future_Period,train_to_2018__test_from_2019,ElasticNet,signal_increment,0.027500000000000042,0.0015
M1_Macro_vs_M2_Macro_Oil__primary__All_Eligible,Oil_Rents_GDP_Pct_lag1,primary,All_Eligible,Future_Period,train_to_2018__test_from_2019,ElasticNet,signal_increment,0.028000000000000042,0.001
M1_Macro_vs_M2_Macro_Oil__primary__All_Eligible,Oil_Rents_GDP_Pct_lag1,primary,All_Eligible,Future_Period,train_to_2018__test_from_2019,ElasticNet,signal_increment,0.028500000000000043,0.0005
M1_Macro_vs_M2_Macro_Oil__primary__All_Eligible,Oil_Rents_GDP_Pct_lag1,primary,All_Eligible,Future_Period,train_to_2018__test_from_2019,ElasticNet,signal_increment,0.029000000000000043,0.0005
M1_Macro_vs_M2_Macro_Oil__primary__All_Eligible,Oil_Rents_GDP_Pct_lag1,primary,All_Eligible,Future_Period,train_to_2018__test_from_2019,ElasticNet,signal_increment,0.029500000000000044,0.0
M1_Macro_vs_M2_Macro_Oil__primary__All_Eligible,Oil_Rents_GDP_Pct_lag1,primary,All_Eligible,Future_Period,train_to_2018__test_from_2019,ElasticNet,signal_increment,0.030000000000000044,0.0
M1_Macro_vs_M2_Macro_Oil__primary__All_Eligible,Oil_Rents_GDP_Pct_lag1,primary,All_Eligible,Future_Period,train_to_2018__test_from_2019,ElasticNet,added_model_vs_strongest_benchmark,-0.02,1.0
M1_Macro_vs_M2_Macro_Oil__primary__All_Eligible,Oil_Rents_GDP_Pct_lag1,primary,All_Eligible,Future_Period,train_to_2018__test_from_2019,ElasticNet,added_model_vs_strongest_benchmark,-0.0195,1.0
M1_Macro_vs_M2_Macro_Oil__primary__All_Eligible,Oil_Rents_GDP_Pct_lag1,primary,All_Eligible,Future_Period,train_to_2018__test_from_2019,ElasticNet,added_model_vs_strongest_benchmark,-0.019,1.0
M1_Macro_vs_M2_Macro_Oil__primary__All_Eligible,Oil_Rents_GDP_Pct_lag1,primary,All_Eligible,Future_Period,train_to_2018__test_from_2019,ElasticNet,added_model_vs_strongest_benchmark,-0.0185,1.0
M1_Macro_vs_M2_Macro_Oil__primary__All_Eligible,Oil_Rents_GDP_Pct_lag1,primary,All_Eligible,Future_Period,train_to_2018__test_from_2019,ElasticNet,added_model_vs_strongest_benchmark,-0.018,1.0
M1_Macro_vs_M2_Macro_Oil__primary__All_Eligible,Oil_Rents_GDP_Pct_lag1,primary,All_Eligible,Future_Period,train_to_2018__test_from_2019,ElasticNet,added_model_vs_strongest_benchmark,-0.017499999999999998,1.0
M1_Macro_vs_M2_Macro_Oil__primary__All_Eligible,Oil_Rents_GDP_Pct_lag1,primary,All_Eligible,Future_Period,train_to_2018__test_from_2019,ElasticNet,added_model_vs_strongest_benchmark,-0.016999999999999998,1.0
M1_Macro_vs_M2_Macro_Oil__primary__All_Eligible,Oil_Rents_GDP_Pct_lag1,primary,All_Eligible,Future_Period,train_to_2018__test_from_2019,ElasticNet,added_model_vs_strongest_benchmark,-0.016499999999999997,1.0
M1_Macro_vs_M2_Macro_Oil__primary__All_Eligible,Oil_Rents_GDP_Pct_lag1,primary,All_Eligible,Future_Period,train_to_2018__test_from_2019,ElasticNet,added_model_vs_strongest_benchmark,-0.015999999999999997,1.0
M1_Macro_vs_M2_Macro_Oil__primary__All_Eligible,Oil_Rents_GDP_Pct_lag1,primary,All_Eligible,Future_Period,train_to_2018__test_from_2019,ElasticNet,added_model_vs_strongest_benchmark,-0.015499999999999996,1.0
M1_Macro_vs_M2_Macro_Oil__primary__All_Eligible,Oil_Rents_GDP_Pct_lag1,primary,All_Eligible,Future_Period,train_to_2018__test_from_2019,ElasticNet,added_model_vs_strongest_benchmark,-0.014999999999999996,1.0
M1_Macro_vs_M2_Macro_Oil__primary__All_Eligible,Oil_Rents_GDP_Pct_lag1,primary,All_Eligible,Future_Period,train_to_2018__test_from_2019,ElasticNet,added_model_vs_strongest_benchmark,-0.014499999999999996,1.0
M1_Macro_vs_M2_Macro_Oil__primary__All_Eligible,Oil_Rents_GDP_Pct_lag1,primary,All_Eligible,Future_Period,train_to_2018__test_from_2019,ElasticNet,added_model_vs_strongest_benchmark,-0.013999999999999995,1.0
M1_Macro_vs_M2_Macro_Oil__primary__All_Eligible,Oil_Rents_GDP_Pct_lag1,primary,All_Eligible,Future_Period,train_to_2018__test_from_2019,ElasticNet,added_model_vs_strongest_benchmark,-0.013499999999999995,1.0
M1_Macro_vs_M2_Macro_Oil__primary__All_Eligible,Oil_Rents_GDP_Pct_lag1,primary,All_Eligible,Future_Period,train_to_2018__test_from_2019,ElasticNet,added_model_vs_strongest_benchmark,-0.012999999999999994,1.0
M1_Macro_vs_M2_Macro_Oil__primary__All_Eligible,Oil_Rents_GDP_Pct_lag1,primary,All_Eligible,Future_Period,train_to_2018__test_from_2019,ElasticNet,added_model_vs_strongest_benchmark,-0.012499999999999994,1.0
M1_Macro_vs_M2_Macro_Oil__primary__All_Eligible,Oil_Rents_GDP_Pct_lag1,primary,All_Eligible,Future_Period,train_to_2018__test_from_2019,ElasticNet,added_model_vs_strongest_benchmark,-0.011999999999999993,1.0
M1_Macro_vs_M2_Macro_Oil__primary__All_Eligible,Oil_Rents_GDP_Pct_lag1,primary,All_Eligible,Future_Period,train_to_2018__test_from_2019,ElasticNet,added_model_vs_strongest_benchmark,-0.011499999999999993,1.0
M1_Macro_vs_M2_Macro_Oil__primary__All_Eligible,Oil_Rents_GDP_Pct_lag1,primary,All_Eligible,Future_Period,train_to_2018__test_from_2019,ElasticNet,added_model_vs_strongest_benchmark,-0.010999999999999992,1.0
M1_Macro_vs_M2_Macro_Oil__primary__All_Eligible,Oil_Rents_GDP_Pct_lag1,primary,All_Eligible,Future_Period,train_to_2018__test_from_2019,ElasticNet,added_model_vs_strongest_benchmark,-0.010499999999999992,1.0
M1_Macro_vs_M2_Macro_Oil__primary__All_Eligible,Oil_Rents_GDP_Pct_lag1,primary,All_Eligible,Future_Period,train_to_2018__test_from_2019,ElasticNet,added_model_vs_strongest_benchmark,-0.009999999999999992,1.0
M1_Macro_vs_M2_Macro_Oil__primary__All_Eligible,Oil_Rents_GDP_Pct_lag1,primary,All_Eligible,Future_Period,train_to_2018__test_from_2019,ElasticNet,added_model_vs_strongest_benchmark,-0.009499999999999991,1.0
M1_Macro_vs_M2_Macro_Oil__primary__All_Eligible,Oil_Rents_GDP_Pct_lag1,primary,All_Eligible,Future_Period,train_to_2018__test_from_2019,ElasticNet,added_model_vs_strongest_benchmark,-0.00899999999999999,1.0
M1_Macro_vs_M2_Macro_Oil__primary__All_Eligible,Oil_Rents_GDP_Pct_lag1,primary,All_Eligible,Future_Period,train_to_2018__test_from_2019,ElasticNet,added_model_vs_strongest_benchmark,-0.00849999999999999,1.0
M1_Macro_vs_M2_Macro_Oil__primary__All_Eligible,Oil_Rents_GDP_Pct_lag1,primary,All_Eligible,Future_Period,train_to_2018__test_from_2019,ElasticNet,added_model_vs_strongest_benchmark,-0.00799999999999999,1.0
M1_Macro_vs_M2_Macro_Oil__primary__All_Eligible,Oil_Rents_GDP_Pct_lag1,primary,All_Eligible,Future_Period,train_to_2018__test_from_2019,ElasticNet,added_model_vs_strongest_benchmark,-0.007499999999999989,1.0
M1_Macro_vs_M2_Macro_Oil__primary__All_Eligible,Oil_Rents_GDP_Pct_lag1,primary,All_Eligible,Future_Period,train_to_2018__test_from_2019,ElasticNet,added_model_vs_strongest_benchmark,-0.006999999999999989,1.0
M1_Macro_vs_M2_Macro_Oil__primary__All_Eligible,Oil_Rents_GDP_Pct_lag1,primary,All_Eligible,Future_Period,train_to_2018__test_from_2019,ElasticNet,added_model_vs_strongest_benchmark,-0.006499999999999988,1.0
M1_Macro_vs_M2_Macro_Oil__primary__All_Eligible,Oil_Rents_GDP_Pct_lag1,primary,All_Eligible,Future_Period,train_to_2018__test_from_2019,ElasticNet,added_model_vs_strongest_benchmark,-0.005999999999999988,1.0
M1_Macro_vs_M2_Macro_Oil__primary__All_Eligible,Oil_Rents_GDP_Pct_lag1,primary,All_Eligible,Future_Period,train_to_2018__test_from_2019,ElasticNet,added_model_vs_strongest_benchmark,-0.0054999999999999875,1.0
M1_Macro_vs_M2_Macro_Oil__primary__All_Eligible,Oil_Rents_GDP_Pct_lag1,primary,All_Eligible,Future_Period,train_to_2018__test_from_2019,ElasticNet,added_model_vs_strongest_benchmark,-0.004999999999999987,1.0
M1_Macro_vs_M2_Macro_Oil__primary__All_Eligible,Oil_Rents_GDP_Pct_lag1,primary,All_Eligible,Future_Period,train_to_2018__test_from_2019,ElasticNet,added_model_vs_strongest_benchmark,-0.004499999999999987,1.0
M1_Macro_vs_M2_Macro_Oil__primary__All_Eligible,Oil_Rents_GDP_Pct_lag1,primary,All_Eligible,Future_Period,train_to_2018__test_from_2019,ElasticNet,added_model_vs_strongest_benchmark,-0.003999999999999986,1.0
M1_Macro_vs_M2_Macro_Oil__primary__All_Eligible,Oil_Rents_GDP_Pct_lag1,primary,All_Eligible,Future_Period,train_to_2018__test_from_2019,ElasticNet,added_model_vs_strongest_benchmark,-0.0034999999999999858,1.0
M1_Macro_vs_M2_Macro_Oil__primary__All_Eligible,Oil_Rents_GDP_Pct_lag1,primary,All_Eligible,Future_Period,train_to_2018__test_from_2019,ElasticNet,added_model_vs_strongest_benchmark,-0.0029999999999999853,1.0
M1_Macro_vs_M2_Macro_Oil__primary__All_Eligible,Oil_Rents_GDP_Pct_lag1,primary,All_Eligible,Future_Period,train_to_2018__test_from_2019,ElasticNet,added_model_vs_strongest_benchmark,-0.002499999999999985,1.0
M1_Macro_vs_M2_Macro_Oil__primary__All_Eligible,Oil_Rents_GDP_Pct_lag1,primary,All_Eligible,Future_Period,train_to_2018__test_from_2019,ElasticNet,added_model_vs_strongest_benchmark,-0.0019999999999999844,1.0
M1_Macro_vs_M2_Macro_Oil__primary__All_Eligible,Oil_Rents_GDP_Pct_lag1,primary,All_Eligible,Future_Period,train_to_2018__test_from_2019,ElasticNet,added_model_vs_strongest_benchmark,-0.001499999999999984,1.0
M1_Macro_vs_M2_Macro_Oil__primary__All_Eligible,Oil_Rents_GDP_Pct_lag1,primary,All_Eligible,Future_Period,train_to_2018__test_from_2019,ElasticNet,added_model_vs_strongest_benchmark,-0.0009999999999999835,1.0
M1_Macro_vs_M2_Macro_Oil__primary__All_Eligible,Oil_Rents_GDP_Pct_lag1,primary,All_Eligible,Future_Period,train_to_2018__test_from_2019,ElasticNet,added_model_vs_strongest_benchmark,-0.0004999999999999831,1.0
M1_Macro_vs_M2_Macro_Oil__primary__All_Eligible,Oil_Rents_GDP_Pct_lag1,primary,All_Eligible,Future_Period,train_to_2018__test_from_2019,ElasticNet,added_model_vs_strongest_benchmark,1.734723475976807e-17,1.0
M1_Macro_vs_M2_Macro_Oil__primary__All_Eligible,Oil_Rents_GDP_Pct_lag1,primary,All_Eligible,Future_Period,train_to_2018__test_from_2019,ElasticNet,added_model_vs_strongest_benchmark,0.0005000000000000178,1.0
M1_Macro_vs_M2_Macro_Oil__primary__All_Eligible,Oil_Rents_GDP_Pct_lag1,primary,All_Eligible,Future_Period,train_to_2018__test_from_2019,ElasticNet,added_model_vs_strongest_benchmark,0.0010000000000000182,1.0
M1_Macro_vs_M2_Macro_Oil__primary__All_Eligible,Oil_Rents_GDP_Pct_lag1,primary,All_Eligible,Future_Period,train_to_2018__test_from_2019,ElasticNet,added_model_vs_strongest_benchmark,0.0015000000000000187,1.0
M1_Macro_vs_M2_Macro_Oil__primary__All_Eligible,Oil_Rents_GDP_Pct_lag1,primary,All_Eligible,Future_Period,train_to_2018__test_from_2019,ElasticNet,added_model_vs_strongest_benchmark,0.002000000000000019,1.0
M1_Macro_vs_M2_Macro_Oil__primary__All_Eligible,Oil_Rents_GDP_Pct_lag1,primary,All_Eligible,Future_Period,train_to_2018__test_from_2019,ElasticNet,added_model_vs_strongest_benchmark,0.0025000000000000196,1.0
M1_Macro_vs_M2_Macro_Oil__primary__All_Eligible,Oil_Rents_GDP_Pct_lag1,primary,All_Eligible,Future_Period,train_to_2018__test_from_2019,ElasticNet,added_model_vs_strongest_benchmark,0.00300000000000002,1.0
M1_Macro_vs_M2_Macro_Oil__primary__All_Eligible,Oil_Rents_GDP_Pct_lag1,primary,All_Eligible,Future_Period,train_to_2018__test_from_2019,ElasticNet,added_model_vs_strongest_benchmark,0.0035000000000000205,1.0
M1_Macro_vs_M2_Macro_Oil__primary__All_Eligible,Oil_Rents_GDP_Pct_lag1,primary,All_Eligible,Future_Period,train_to_2018__test_from_2019,ElasticNet,added_model_vs_strongest_benchmark,0.004000000000000021,1.0
M1_Macro_vs_M2_Macro_Oil__primary__All_Eligible,Oil_Rents_GDP_Pct_lag1,primary,All_Eligible,Future_Period,train_to_2018__test_from_2019,ElasticNet,added_model_vs_strongest_benchmark,0.004500000000000021,1.0
M1_Macro_vs_M2_Macro_Oil__primary__All_Eligible,Oil_Rents_GDP_Pct_lag1,primary,All_Eligible,Future_Period,train_to_2018__test_from_2019,ElasticNet,added_model_vs_strongest_benchmark,0.005000000000000022,1.0
M1_Macro_vs_M2_Macro_Oil__primary__All_Eligible,Oil_Rents_GDP_Pct_lag1,primary,All_Eligible,Future_Period,train_to_2018__test_from_2019,ElasticNet,added_model_vs_strongest_benchmark,0.005500000000000022,1.0
M1_Macro_vs_M2_Macro_Oil__primary__All_Eligible,Oil_Rents_GDP_Pct_lag1,primary,All_Eligible,Future_Period,train_to_2018__test_from_2019,ElasticNet,added_model_vs_strongest_benchmark,0.006000000000000023,1.0
M1_Macro_vs_M2_Macro_Oil__primary__All_Eligible,Oil_Rents_GDP_Pct_lag1,primary,All_Eligible,Future_Period,train_to_2018__test_from_2019,ElasticNet,added_model_vs_strongest_benchmark,0.006500000000000023,1.0
M1_Macro_vs_M2_Macro_Oil__primary__All_Eligible,Oil_Rents_GDP_Pct_lag1,primary,All_Eligible,Future_Period,train_to_2018__test_from_2019,ElasticNet,added_model_vs_strongest_benchmark,0.0070000000000000236,1.0
M1_Macro_vs_M2_Macro_Oil__primary__All_Eligible,Oil_Rents_GDP_Pct_lag1,primary,All_Eligible,Future_Period,train_to_2018__test_from_2019,ElasticNet,added_model_vs_strongest_benchmark,0.007500000000000024,1.0
M1_Macro_vs_M2_Macro_Oil__primary__All_Eligible,Oil_Rents_GDP_Pct_lag1,primary,All_Eligible,Future_Period,train_to_2018__test_from_2019,ElasticNet,added_model_vs_strongest_benchmark,0.008000000000000024,1.0
M1_Macro_vs_M2_Macro_Oil__primary__All_Eligible,Oil_Rents_GDP_Pct_lag1,primary,All_Eligible,Future_Period,train_to_2018__test_from_2019,ElasticNet,added_model_vs_strongest_benchmark,0.008500000000000025,1.0
M1_Macro_vs_M2_Macro_Oil__primary__All_Eligible,Oil_Rents_GDP_Pct_lag1,primary,All_Eligible,Future_Period,train_to_2018__test_from_2019,ElasticNet,added_model_vs_strongest_benchmark,0.009000000000000025,1.0
M1_Macro_vs_M2_Macro_Oil__primary__All_Eligible,Oil_Rents_GDP_Pct_lag1,primary,All_Eligible,Future_Period,train_to_2018__test_from_2019,ElasticNet,added_model_vs_strongest_benchmark,0.009500000000000026,1.0
M1_Macro_vs_M2_Macro_Oil__primary__All_Eligible,Oil_Rents_GDP_Pct_lag1,primary,All_Eligible,Future_Period,train_to_2018__test_from_2019,ElasticNet,added_model_vs_strongest_benchmark,0.010000000000000026,1.0
M1_Macro_vs_M2_Macro_Oil__primary__All_Eligible,Oil_Rents_GDP_Pct_lag1,primary,All_Eligible,Future_Period,train_to_2018__test_from_2019,ElasticNet,added_model_vs_strongest_benchmark,0.010500000000000027,1.0
M1_Macro_vs_M2_Macro_Oil__primary__All_Eligible,Oil_Rents_GDP_Pct_lag1,primary,All_Eligible,Future_Period,train_to_2018__test_from_2019,ElasticNet,added_model_vs_strongest_benchmark,0.011000000000000027,1.0
M1_Macro_vs_M2_Macro_Oil__primary__All_Eligible,Oil_Rents_GDP_Pct_lag1,primary,All_Eligible,Future_Period,train_to_2018__test_from_2019,ElasticNet,added_model_vs_strongest_benchmark,0.011500000000000028,1.0
M1_Macro_vs_M2_Macro_Oil__primary__All_Eligible,Oil_Rents_GDP_Pct_lag1,primary,All_Eligible,Future_Period,train_to_2018__test_from_2019,ElasticNet,added_model_vs_strongest_benchmark,0.012000000000000028,1.0
M1_Macro_vs_M2_Macro_Oil__primary__All_Eligible,Oil_Rents_GDP_Pct_lag1,primary,All_Eligible,Future_Period,train_to_2018__test_from_2019,ElasticNet,added_model_vs_strongest_benchmark,0.012500000000000028,1.0
M1_Macro_vs_M2_Macro_Oil__primary__All_Eligible,Oil_Rents_GDP_Pct_lag1,primary,All_Eligible,Future_Period,train_to_2018__test_from_2019,ElasticNet,added_model_vs_strongest_benchmark,0.013000000000000029,1.0
M1_Macro_vs_M2_Macro_Oil__primary__All_Eligible,Oil_Rents_GDP_Pct_lag1,primary,All_Eligible,Future_Period,train_to_2018__test_from_2019,ElasticNet,added_model_vs_strongest_benchmark,0.01350000000000003,1.0
M1_Macro_vs_M2_Macro_Oil__primary__All_Eligible,Oil_Rents_GDP_Pct_lag1,primary,All_Eligible,Future_Period,train_to_2018__test_from_2019,ElasticNet,added_model_vs_strongest_benchmark,0.01400000000000003,1.0
M1_Macro_vs_M2_Macro_Oil__primary__All_Eligible,Oil_Rents_GDP_Pct_lag1,primary,All_Eligible,Future_Period,train_to_2018__test_from_2019,ElasticNet,added_model_vs_strongest_benchmark,0.01450000000000003,1.0
M1_Macro_vs_M2_Macro_Oil__primary__All_Eligible,Oil_Rents_GDP_Pct_lag1,primary,All_Eligible,Future_Period,train_to_2018__test_from_2019,ElasticNet,added_model_vs_strongest_benchmark,0.01500000000000003,1.0
M1_Macro_vs_M2_Macro_Oil__primary__All_Eligible,Oil_Rents_GDP_Pct_lag1,primary,All_Eligible,Future_Period,train_to_2018__test_from_2019,ElasticNet,added_model_vs_strongest_benchmark,0.015500000000000031,1.0
M1_Macro_vs_M2_Macro_Oil__primary__All_Eligible,Oil_Rents_GDP_Pct_lag1,primary,All_Eligible,Future_Period,train_to_2018__test_from_2019,ElasticNet,added_model_vs_strongest_benchmark,0.01600000000000003,1.0
M1_Macro_vs_M2_Macro_Oil__primary__All_Eligible,Oil_Rents_GDP_Pct_lag1,primary,All_Eligible,Future_Period,train_to_2018__test_from_2019,ElasticNet,added_model_vs_strongest_benchmark,0.016500000000000032,1.0
M1_Macro_vs_M2_Macro_Oil__primary__All_Eligible,Oil_Rents_GDP_Pct_lag1,primary,All_Eligible,Future_Period,train_to_2018__test_from_2019,ElasticNet,added_model_vs_strongest_benchmark,0.017000000000000032,1.0
M1_Macro_vs_M2_Macro_Oil__primary__All_Eligible,Oil_Rents_GDP_Pct_lag1,primary,All_Eligible,Future_Period,train_to_2018__test_from_2019,ElasticNet,added_model_vs_strongest_benchmark,0.017500000000000033,1.0
M1_Macro_vs_M2_Macro_Oil__primary__All_Eligible,Oil_Rents_GDP_Pct_lag1,primary,All_Eligible,Future_Period,train_to_2018__test_from_2019,ElasticNet,added_model_vs_strongest_benchmark,0.018000000000000033,1.0
M1_Macro_vs_M2_Macro_Oil__primary__All_Eligible,Oil_Rents_GDP_Pct_lag1,primary,All_Eligible,Future_Period,train_to_2018__test_from_2019,ElasticNet,added_model_vs_strongest_benchmark,0.018500000000000034,1.0
M1_Macro_vs_M2_Macro_Oil__primary__All_Eligible,Oil_Rents_GDP_Pct_lag1,primary,All_Eligible,Future_Period,train_to_2018__test_from_2019,ElasticNet,added_model_vs_strongest_benchmark,0.019000000000000034,1.0
M1_Macro_vs_M2_Macro_Oil__primary__All_Eligible,Oil_Rents_GDP_Pct_lag1,primary,All_Eligible,Future_Period,train_to_2018__test_from_2019,ElasticNet,added_model_vs_strongest_benchmark,0.019500000000000035,1.0
M1_Macro_vs_M2_Macro_Oil__primary__All_Eligible,Oil_Rents_GDP_Pct_lag1,primary,All_Eligible,Future_Period,train_to_2018__test_from_2019,ElasticNet,added_model_vs_strongest_benchmark,0.020000000000000035,1.0
M1_Macro_vs_M2_Macro_Oil__primary__All_Eligible,Oil_Rents_GDP_Pct_lag1,primary,All_Eligible,Future_Period,train_to_2018__test_from_2019,ElasticNet,added_model_vs_strongest_benchmark,0.020500000000000036,1.0
M1_Macro_vs_M2_Macro_Oil__primary__All_Eligible,Oil_Rents_GDP_Pct_lag1,primary,All_Eligible,Future_Period,train_to_2018__test_from_2019,ElasticNet,added_model_vs_strongest_benchmark,0.021000000000000036,1.0
M1_Macro_vs_M2_Macro_Oil__primary__All_Eligible,Oil_Rents_GDP_Pct_lag1,primary,All_Eligible,Future_Period,train_to_2018__test_from_2019,ElasticNet,added_model_vs_strongest_benchmark,0.021500000000000036,1.0
M1_Macro_vs_M2_Macro_Oil__primary__All_Eligible,Oil_Rents_GDP_Pct_lag1,primary,All_Eligible,Future_Period,train_to_2018__test_from_2019,ElasticNet,added_model_vs_strongest_benchmark,0.022000000000000037,1.0
M1_Macro_vs_M2_Macro_Oil__primary__All_Eligible,Oil_Rents_GDP_Pct_lag1,primary,All_Eligible,Future_Period,train_to_2018__test_from_2019,ElasticNet,added_model_vs_strongest_benchmark,0.022500000000000037,1.0
M1_Macro_vs_M2_Macro_Oil__primary__All_Eligible,Oil_Rents_GDP_Pct_lag1,primary,All_Eligible,Future_Period,train_to_2018__test_from_2019,ElasticNet,added_model_vs_strongest_benchmark,0.023000000000000038,1.0
M1_Macro_vs_M2_Macro_Oil__primary__All_Eligible,Oil_Rents_GDP_Pct_lag1,primary,All_Eligible,Future_Period,train_to_2018__test_from_2019,ElasticNet,added_model_vs_strongest_benchmark,0.023500000000000038,1.0
M1_Macro_vs_M2_Macro_Oil__primary__All_Eligible,Oil_Rents_GDP_Pct_lag1,primary,All_Eligible,Future_Period,train_to_2018__test_from_2019,ElasticNet,added_model_vs_strongest_benchmark,0.02400000000000004,1.0
M1_Macro_vs_M2_Macro_Oil__primary__All_Eligible,Oil_Rents_GDP_Pct_lag1,primary,All_Eligible,Future_Period,train_to_2018__test_from_2019,ElasticNet,added_model_vs_strongest_benchmark,0.02450000000000004,1.0
M1_Macro_vs_M2_Macro_Oil__primary__All_Eligible,Oil_Rents_GDP_Pct_lag1,primary,All_Eligible,Future_Period,train_to_2018__test_from_2019,ElasticNet,added_model_vs_strongest_benchmark,0.02500000000000004,1.0
M1_Macro_vs_M2_Macro_Oil__primary__All_Eligible,Oil_Rents_GDP_Pct_lag1,primary,All_Eligible,Future_Period,train_to_2018__test_from_2019,ElasticNet,added_model_vs_strongest_benchmark,0.02550000000000004,1.0
M1_Macro_vs_M2_Macro_Oil__primary__All_Eligible,Oil_Rents_GDP_Pct_lag1,primary,All_Eligible,Future_Period,train_to_2018__test_from_2019,ElasticNet,added_model_vs_strongest_benchmark,0.02600000000000004,1.0
M1_Macro_vs_M2_Macro_Oil__primary__All_Eligible,Oil_Rents_GDP_Pct_lag1,primary,All_Eligible,Future_Period,train_to_2018__test_from_2019,ElasticNet,added_model_vs_strongest_benchmark,0.02650000000000004,1.0
M1_Macro_vs_M2_Macro_Oil__primary__All_Eligible,Oil_Rents_GDP_Pct_lag1,primary,All_Eligible,Future_Period,train_to_2018__test_from_2019,ElasticNet,added_model_vs_strongest_benchmark,0.02700000000000004,1.0
M1_Macro_vs_M2_Macro_Oil__primary__All_Eligible,Oil_Rents_GDP_Pct_lag1,primary,All_Eligible,Future_Period,train_to_2018__test_from_2019,ElasticNet,added_model_vs_strongest_benchmark,0.027500000000000042,1.0
M1_Macro_vs_M2_Macro_Oil__primary__All_Eligible,Oil_Rents_GDP_Pct_lag1,primary,All_Eligible,Future_Period,train_to_2018__test_from_2019,ElasticNet,added_model_vs_strongest_benchmark,0.028000000000000042,1.0
M1_Macro_vs_M2_Macro_Oil__primary__All_Eligible,Oil_Rents_GDP_Pct_lag1,primary,All_Eligible,Future_Period,train_to_2018__test_from_2019,ElasticNet,added_model_vs_strongest_benchmark,0.028500000000000043,1.0
M1_Macro_vs_M2_Macro_Oil__primary__All_Eligible,Oil_Rents_GDP_Pct_lag1,primary,All_Eligible,Future_Period,train_to_2018__test_from_2019,ElasticNet,added_model_vs_strongest_benchmark,0.029000000000000043,1.0
M1_Macro_vs_M2_Macro_Oil__primary__All_Eligible,Oil_Rents_GDP_Pct_lag1,primary,All_Eligible,Future_Period,train_to_2018__test_from_2019,ElasticNet,added_model_vs_strongest_benchmark,0.029500000000000044,1.0
M1_Macro_vs_M2_Macro_Oil__primary__All_Eligible,Oil_Rents_GDP_Pct_lag1,primary,All_Eligible,Future_Period,train_to_2018__test_from_2019,ElasticNet,added_model_vs_strongest_benchmark,0.030000000000000044,1.0
M1_Macro_vs_M2_Macro_Oil__primary__All_Eligible,Oil_Rents_GDP_Pct_lag1,primary,All_Eligible,Future_Period,train_to_2018__test_from_2019,RandomForest,signal_increment,-0.02,0.9555
M1_Macro_vs_M2_Macro_Oil__primary__All_Eligible,Oil_Rents_GDP_Pct_lag1,primary,All_Eligible,Future_Period,train_to_2018__test_from_2019,RandomForest,signal_increment,-0.0195,0.9515
M1_Macro_vs_M2_Macro_Oil__primary__All_Eligible,Oil_Rents_GDP_Pct_lag1,primary,All_Eligible,Future_Period,train_to_2018__test_from_2019,RandomForest,signal_increment,-0.019,0.949
M1_Macro_vs_M2_Macro_Oil__primary__All_Eligible,Oil_Rents_GDP_Pct_lag1,primary,All_Eligible,Future_Period,train_to_2018__test_from_2019,RandomForest,signal_increment,-0.0185,0.9445
M1_Macro_vs_M2_Macro_Oil__primary__All_Eligible,Oil_Rents_GDP_Pct_lag1,primary,All_Eligible,Future_Period,train_to_2018__test_from_2019,RandomForest,signal_increment,-0.018,0.942
M1_Macro_vs_M2_Macro_Oil__primary__All_Eligible,Oil_Rents_GDP_Pct_lag1,primary,All_Eligible,Future_Period,train_to_2018__test_from_2019,RandomForest,signal_increment,-0.017499999999999998,0.9395
M1_Macro_vs_M2_Macro_Oil__primary__All_Eligible,Oil_Rents_GDP_Pct_lag1,primary,All_Eligible,Future_Period,train_to_2018__test_from_2019,RandomForest,signal_increment,-0.016999999999999998,0.934
M1_Macro_vs_M2_Macro_Oil__primary__All_Eligible,Oil_Rents_GDP_Pct_lag1,primary,All_Eligible,Future_Period,train_to_2018__test_from_2019,RandomForest,signal_increment,-0.016499999999999997,0.929
M1_Macro_vs_M2_Macro_Oil__primary__All_Eligible,Oil_Rents_GDP_Pct_lag1,primary,All_Eligible,Future_Period,train_to_2018__test_from_2019,RandomForest,signal_increment,-0.015999999999999997,0.926
M1_Macro_vs_M2_Macro_Oil__primary__All_Eligible,Oil_Rents_GDP_Pct_lag1,primary,All_Eligible,Future_Period,train_to_2018__test_from_2019,RandomForest,signal_increment,-0.015499999999999996,0.9185
M1_Macro_vs_M2_Macro_Oil__primary__All_Eligible,Oil_Rents_GDP_Pct_lag1,primary,All_Eligible,Future_Period,train_to_2018__test_from_2019,RandomForest,signal_increment,-0.014999999999999996,0.917
M1_Macro_vs_M2_Macro_Oil__primary__All_Eligible,Oil_Rents_GDP_Pct_lag1,primary,All_Eligible,Future_Period,train_to_2018__test_from_2019,RandomForest,signal_increment,-0.014499999999999996,0.9135
M1_Macro_vs_M2_Macro_Oil__primary__All_Eligible,Oil_Rents_GDP_Pct_lag1,primary,All_Eligible,Future_Period,train_to_2018__test_from_2019,RandomForest,signal_increment,-0.013999999999999995,0.9075
M1_Macro_vs_M2_Macro_Oil__primary__All_Eligible,Oil_Rents_GDP_Pct_lag1,primary,All_Eligible,Future_Period,train_to_2018__test_from_2019,RandomForest,signal_increment,-0.013499999999999995,0.9025
M1_Macro_vs_M2_Macro_Oil__primary__All_Eligible,Oil_Rents_GDP_Pct_lag1,primary,All_Eligible,Future_Period,train_to_2018__test_from_2019,RandomForest,signal_increment,-0.012999999999999994,0.8985
M1_Macro_vs_M2_Macro_Oil__primary__All_Eligible,Oil_Rents_GDP_Pct_lag1,primary,All_Eligible,Future_Period,train_to_2018__test_from_2019,RandomForest,signal_increment,-0.012499999999999994,0.895
M1_Macro_vs_M2_Macro_Oil__primary__All_Eligible,Oil_Rents_GDP_Pct_lag1,primary,All_Eligible,Future_Period,train_to_2018__test_from_2019,RandomForest,signal_increment,-0.011999999999999993,0.8905
M1_Macro_vs_M2_Macro_Oil__primary__All_Eligible,Oil_Rents_GDP_Pct_lag1,primary,All_Eligible,Future_Period,train_to_2018__test_from_2019,RandomForest,signal_increment,-0.011499999999999993,0.8875
M1_Macro_vs_M2_Macro_Oil__primary__All_Eligible,Oil_Rents_GDP_Pct_lag1,primary,All_Eligible,Future_Period,train_to_2018__test_from_2019,RandomForest,signal_increment,-0.010999999999999992,0.885
M1_Macro_vs_M2_Macro_Oil__primary__All_Eligible,Oil_Rents_GDP_Pct_lag1,primary,All_Eligible,Future_Period,train_to_2018__test_from_2019,RandomForest,signal_increment,-0.010499999999999992,0.8815
M1_Macro_vs_M2_Macro_Oil__primary__All_Eligible,Oil_Rents_GDP_Pct_lag1,primary,All_Eligible,Future_Period,train_to_2018__test_from_2019,RandomForest,signal_increment,-0.009999999999999992,0.8785
M1_Macro_vs_M2_Macro_Oil__primary__All_Eligible,Oil_Rents_GDP_Pct_lag1,primary,All_Eligible,Future_Period,train_to_2018__test_from_2019,RandomForest,signal_increment,-0.009499999999999991,0.8745
M1_Macro_vs_M2_Macro_Oil__primary__All_Eligible,Oil_Rents_GDP_Pct_lag1,primary,All_Eligible,Future_Period,train_to_2018__test_from_2019,RandomForest,signal_increment,-0.00899999999999999,0.8685
M1_Macro_vs_M2_Macro_Oil__primary__All_Eligible,Oil_Rents_GDP_Pct_lag1,primary,All_Eligible,Future_Period,train_to_2018__test_from_2019,RandomForest,signal_increment,-0.00849999999999999,0.862
M1_Macro_vs_M2_Macro_Oil__primary__All_Eligible,Oil_Rents_GDP_Pct_lag1,primary,All_Eligible,Future_Period,train_to_2018__test_from_2019,RandomForest,signal_increment,-0.00799999999999999,0.8535
M1_Macro_vs_M2_Macro_Oil__primary__All_Eligible,Oil_Rents_GDP_Pct_lag1,primary,All_Eligible,Future_Period,train_to_2018__test_from_2019,RandomForest,signal_increment,-0.007499999999999989,0.843
M1_Macro_vs_M2_Macro_Oil__primary__All_Eligible,Oil_Rents_GDP_Pct_lag1,primary,All_Eligible,Future_Period,train_to_2018__test_from_2019,RandomForest,signal_increment,-0.006999999999999989,0.838
M1_Macro_vs_M2_Macro_Oil__primary__All_Eligible,Oil_Rents_GDP_Pct_lag1,primary,All_Eligible,Future_Period,train_to_2018__test_from_2019,RandomForest,signal_increment,-0.006499999999999988,0.8295
M1_Macro_vs_M2_Macro_Oil__primary__All_Eligible,Oil_Rents_GDP_Pct_lag1,primary,All_Eligible,Future_Period,train_to_2018__test_from_2019,RandomForest,signal_increment,-0.005999999999999988,0.8195
M1_Macro_vs_M2_Macro_Oil__primary__All_Eligible,Oil_Rents_GDP_Pct_lag1,primary,All_Eligible,Future_Period,train_to_2018__test_from_2019,RandomForest,signal_increment,-0.0054999999999999875,0.812
M1_Macro_vs_M2_Macro_Oil__primary__All_Eligible,Oil_Rents_GDP_Pct_lag1,primary,All_Eligible,Future_Period,train_to_2018__test_from_2019,RandomForest,signal_increment,-0.004999999999999987,0.806
M1_Macro_vs_M2_Macro_Oil__primary__All_Eligible,Oil_Rents_GDP_Pct_lag1,primary,All_Eligible,Future_Period,train_to_2018__test_from_2019,RandomForest,signal_increment,-0.004499999999999987,0.7985
M1_Macro_vs_M2_Macro_Oil__primary__All_Eligible,Oil_Rents_GDP_Pct_lag1,primary,All_Eligible,Future_Period,train_to_2018__test_from_2019,RandomForest,signal_increment,-0.003999999999999986,0.7915
M1_Macro_vs_M2_Macro_Oil__primary__All_Eligible,Oil_Rents_GDP_Pct_lag1,primary,All_Eligible,Future_Period,train_to_2018__test_from_2019,RandomForest,signal_increment,-0.0034999999999999858,0.7825
M1_Macro_vs_M2_Macro_Oil__primary__All_Eligible,Oil_Rents_GDP_Pct_lag1,primary,All_Eligible,Future_Period,train_to_2018__test_from_2019,RandomForest,signal_increment,-0.0029999999999999853,0.7735
M1_Macro_vs_M2_Macro_Oil__primary__All_Eligible,Oil_Rents_GDP_Pct_lag1,primary,All_Eligible,Future_Period,train_to_2018__test_from_2019,RandomForest,signal_increment,-0.002499999999999985,0.7675
M1_Macro_vs_M2_Macro_Oil__primary__All_Eligible,Oil_Rents_GDP_Pct_lag1,primary,All_Eligible,Future_Period,train_to_2018__test_from_2019,RandomForest,signal_increment,-0.0019999999999999844,0.759
M1_Macro_vs_M2_Macro_Oil__primary__All_Eligible,Oil_Rents_GDP_Pct_lag1,primary,All_Eligible,Future_Period,train_to_2018__test_from_2019,RandomForest,signal_increment,-0.001499999999999984,0.754
M1_Macro_vs_M2_Macro_Oil__primary__All_Eligible,Oil_Rents_GDP_Pct_lag1,primary,All_Eligible,Future_Period,train_to_2018__test_from_2019,RandomForest,signal_increment,-0.0009999999999999835,0.7445
M1_Macro_vs_M2_Macro_Oil__primary__All_Eligible,Oil_Rents_GDP_Pct_lag1,primary,All_Eligible,Future_Period,train_to_2018__test_from_2019,RandomForest,signal_increment,-0.0004999999999999831,0.7355
M1_Macro_vs_M2_Macro_Oil__primary__All_Eligible,Oil_Rents_GDP_Pct_lag1,primary,All_Eligible,Future_Period,train_to_2018__test_from_2019,RandomForest,signal_increment,1.734723475976807e-17,0.729
M1_Macro_vs_M2_Macro_Oil__primary__All_Eligible,Oil_Rents_GDP_Pct_lag1,primary,All_Eligible,Future_Period,train_to_2018__test_from_2019,RandomForest,signal_increment,0.0005000000000000178,0.722
M1_Macro_vs_M2_Macro_Oil__primary__All_Eligible,Oil_Rents_GDP_Pct_lag1,primary,All_Eligible,Future_Period,train_to_2018__test_from_2019,RandomForest,signal_increment,0.0010000000000000182,0.714
M1_Macro_vs_M2_Macro_Oil__primary__All_Eligible,Oil_Rents_GDP_Pct_lag1,primary,All_Eligible,Future_Period,train_to_2018__test_from_2019,RandomForest,signal_increment,0.0015000000000000187,0.702
M1_Macro_vs_M2_Macro_Oil__primary__All_Eligible,Oil_Rents_GDP_Pct_lag1,primary,All_Eligible,Future_Period,train_to_2018__test_from_2019,RandomForest,signal_increment,0.002000000000000019,0.6925
M1_Macro_vs_M2_Macro_Oil__primary__All_Eligible,Oil_Rents_GDP_Pct_lag1,primary,All_Eligible,Future_Period,train_to_2018__test_from_2019,RandomForest,signal_increment,0.0025000000000000196,0.682
M1_Macro_vs_M2_Macro_Oil__primary__All_Eligible,Oil_Rents_GDP_Pct_lag1,primary,All_Eligible,Future_Period,train_to_2018__test_from_2019,RandomForest,signal_increment,0.00300000000000002,0.6725
M1_Macro_vs_M2_Macro_Oil__primary__All_Eligible,Oil_Rents_GDP_Pct_lag1,primary,All_Eligible,Future_Period,train_to_2018__test_from_2019,RandomForest,signal_increment,0.0035000000000000205,0.6645
M1_Macro_vs_M2_Macro_Oil__primary__All_Eligible,Oil_Rents_GDP_Pct_lag1,primary,All_Eligible,Future_Period,train_to_2018__test_from_2019,RandomForest,signal_increment,0.004000000000000021,0.658
M1_Macro_vs_M2_Macro_Oil__primary__All_Eligible,Oil_Rents_GDP_Pct_lag1,primary,All_Eligible,Future_Period,train_to_2018__test_from_2019,RandomForest,signal_increment,0.004500000000000021,0.648
M1_Macro_vs_M2_Macro_Oil__primary__All_Eligible,Oil_Rents_GDP_Pct_lag1,primary,All_Eligible,Future_Period,train_to_2018__test_from_2019,RandomForest,signal_increment,0.005000000000000022,0.6375
M1_Macro_vs_M2_Macro_Oil__primary__All_Eligible,Oil_Rents_GDP_Pct_lag1,primary,All_Eligible,Future_Period,train_to_2018__test_from_2019,RandomForest,signal_increment,0.005500000000000022,0.6305
M1_Macro_vs_M2_Macro_Oil__primary__All_Eligible,Oil_Rents_GDP_Pct_lag1,primary,All_Eligible,Future_Period,train_to_2018__test_from_2019,RandomForest,signal_increment,0.006000000000000023,0.62
M1_Macro_vs_M2_Macro_Oil__primary__All_Eligible,Oil_Rents_GDP_Pct_lag1,primary,All_Eligible,Future_Period,train_to_2018__test_from_2019,RandomForest,signal_increment,0.006500000000000023,0.6085
M1_Macro_vs_M2_Macro_Oil__primary__All_Eligible,Oil_Rents_GDP_Pct_lag1,primary,All_Eligible,Future_Period,train_to_2018__test_from_2019,RandomForest,signal_increment,0.0070000000000000236,0.5955
M1_Macro_vs_M2_Macro_Oil__primary__All_Eligible,Oil_Rents_GDP_Pct_lag1,primary,All_Eligible,Future_Period,train_to_2018__test_from_2019,RandomForest,signal_increment,0.007500000000000024,0.5845
M1_Macro_vs_M2_Macro_Oil__primary__All_Eligible,Oil_Rents_GDP_Pct_lag1,primary,All_Eligible,Future_Period,train_to_2018__test_from_2019,RandomForest,signal_increment,0.008000000000000024,0.5775
M1_Macro_vs_M2_Macro_Oil__primary__All_Eligible,Oil_Rents_GDP_Pct_lag1,primary,All_Eligible,Future_Period,train_to_2018__test_from_2019,RandomForest,signal_increment,0.008500000000000025,0.568
M1_Macro_vs_M2_Macro_Oil__primary__All_Eligible,Oil_Rents_GDP_Pct_lag1,primary,All_Eligible,Future_Period,train_to_2018__test_from_2019,RandomForest,signal_increment,0.009000000000000025,0.5585
M1_Macro_vs_M2_Macro_Oil__primary__All_Eligible,Oil_Rents_GDP_Pct_lag1,primary,All_Eligible,Future_Period,train_to_2018__test_from_2019,RandomForest,signal_increment,0.009500000000000026,0.548
M1_Macro_vs_M2_Macro_Oil__primary__All_Eligible,Oil_Rents_GDP_Pct_lag1,primary,All_Eligible,Future_Period,train_to_2018__test_from_2019,RandomForest,signal_increment,0.010000000000000026,0.538
M1_Macro_vs_M2_Macro_Oil__primary__All_Eligible,Oil_Rents_GDP_Pct_lag1,primary,All_Eligible,Future_Period,train_to_2018__test_from_2019,RandomForest,signal_increment,0.010500000000000027,0.526
M1_Macro_vs_M2_Macro_Oil__primary__All_Eligible,Oil_Rents_GDP_Pct_lag1,primary,All_Eligible,Future_Period,train_to_2018__test_from_2019,RandomForest,signal_increment,0.011000000000000027,0.5155
M1_Macro_vs_M2_Macro_Oil__primary__All_Eligible,Oil_Rents_GDP_Pct_lag1,primary,All_Eligible,Future_Period,train_to_2018__test_from_2019,RandomForest,signal_increment,0.011500000000000028,0.502
M1_Macro_vs_M2_Macro_Oil__primary__All_Eligible,Oil_Rents_GDP_Pct_lag1,primary,All_Eligible,Future_Period,train_to_2018__test_from_2019,RandomForest,signal_increment,0.012000000000000028,0.4935
M1_Macro_vs_M2_Macro_Oil__primary__All_Eligible,Oil_Rents_GDP_Pct_lag1,primary,All_Eligible,Future_Period,train_to_2018__test_from_2019,RandomForest,signal_increment,0.012500000000000028,0.482
M1_Macro_vs_M2_Macro_Oil__primary__All_Eligible,Oil_Rents_GDP_Pct_lag1,primary,All_Eligible,Future_Period,train_to_2018__test_from_2019,RandomForest,signal_increment,0.013000000000000029,0.4725
M1_Macro_vs_M2_Macro_Oil__primary__All_Eligible,Oil_Rents_GDP_Pct_lag1,primary,All_Eligible,Future_Period,train_to_2018__test_from_2019,RandomForest,signal_increment,0.01350000000000003,0.459
M1_Macro_vs_M2_Macro_Oil__primary__All_Eligible,Oil_Rents_GDP_Pct_lag1,primary,All_Eligible,Future_Period,train_to_2018__test_from_2019,RandomForest,signal_increment,0.01400000000000003,0.447
M1_Macro_vs_M2_Macro_Oil__primary__All_Eligible,Oil_Rents_GDP_Pct_lag1,primary,All_Eligible,Future_Period,train_to_2018__test_from_2019,RandomForest,signal_increment,0.01450000000000003,0.4345
M1_Macro_vs_M2_Macro_Oil__primary__All_Eligible,Oil_Rents_GDP_Pct_lag1,primary,All_Eligible,Future_Period,train_to_2018__test_from_2019,RandomForest,signal_increment,0.01500000000000003,0.428
M1_Macro_vs_M2_Macro_Oil__primary__All_Eligible,Oil_Rents_GDP_Pct_lag1,primary,All_Eligible,Future_Period,train_to_2018__test_from_2019,RandomForest,signal_increment,0.015500000000000031,0.421
M1_Macro_vs_M2_Macro_Oil__primary__All_Eligible,Oil_Rents_GDP_Pct_lag1,primary,All_Eligible,Future_Period,train_to_2018__test_from_2019,RandomForest,signal_increment,0.01600000000000003,0.4055
M1_Macro_vs_M2_Macro_Oil__primary__All_Eligible,Oil_Rents_GDP_Pct_lag1,primary,All_Eligible,Future_Period,train_to_2018__test_from_2019,RandomForest,signal_increment,0.016500000000000032,0.3925
M1_Macro_vs_M2_Macro_Oil__primary__All_Eligible,Oil_Rents_GDP_Pct_lag1,primary,All_Eligible,Future_Period,train_to_2018__test_from_2019,RandomForest,signal_increment,0.017000000000000032,0.3785
M1_Macro_vs_M2_Macro_Oil__primary__All_Eligible,Oil_Rents_GDP_Pct_lag1,primary,All_Eligible,Future_Period,train_to_2018__test_from_2019,RandomForest,signal_increment,0.017500000000000033,0.3705
M1_Macro_vs_M2_Macro_Oil__primary__All_Eligible,Oil_Rents_GDP_Pct_lag1,primary,All_Eligible,Future_Period,train_to_2018__test_from_2019,RandomForest,signal_increment,0.018000000000000033,0.363
M1_Macro_vs_M2_Macro_Oil__primary__All_Eligible,Oil_Rents_GDP_Pct_lag1,primary,All_Eligible,Future_Period,train_to_2018__test_from_2019,RandomForest,signal_increment,0.018500000000000034,0.3515
M1_Macro_vs_M2_Macro_Oil__primary__All_Eligible,Oil_Rents_GDP_Pct_lag1,primary,All_Eligible,Future_Period,train_to_2018__test_from_2019,RandomForest,signal_increment,0.019000000000000034,0.3395
M1_Macro_vs_M2_Macro_Oil__primary__All_Eligible,Oil_Rents_GDP_Pct_lag1,primary,All_Eligible,Future_Period,train_to_2018__test_from_2019,RandomForest,signal_increment,0.019500000000000035,0.3285
M1_Macro_vs_M2_Macro_Oil__primary__All_Eligible,Oil_Rents_GDP_Pct_lag1,primary,All_Eligible,Future_Period,train_to_2018__test_from_2019,RandomForest,signal_increment,0.020000000000000035,0.316
M1_Macro_vs_M2_Macro_Oil__primary__All_Eligible,Oil_Rents_GDP_Pct_lag1,primary,All_Eligible,Future_Period,train_to_2018__test_from_2019,RandomForest,signal_increment,0.020500000000000036,0.3075
M1_Macro_vs_M2_Macro_Oil__primary__All_Eligible,Oil_Rents_GDP_Pct_lag1,primary,All_Eligible,Future_Period,train_to_2018__test_from_2019,RandomForest,signal_increment,0.021000000000000036,0.2995
M1_Macro_vs_M2_Macro_Oil__primary__All_Eligible,Oil_Rents_GDP_Pct_lag1,primary,All_Eligible,Future_Period,train_to_2018__test_from_2019,RandomForest,signal_increment,0.021500000000000036,0.2875
M1_Macro_vs_M2_Macro_Oil__primary__All_Eligible,Oil_Rents_GDP_Pct_lag1,primary,All_Eligible,Future_Period,train_to_2018__test_from_2019,RandomForest,signal_increment,0.022000000000000037,0.2745
M1_Macro_vs_M2_Macro_Oil__primary__All_Eligible,Oil_Rents_GDP_Pct_lag1,primary,All_Eligible,Future_Period,train_to_2018__test_from_2019,RandomForest,signal_increment,0.022500000000000037,0.2675
M1_Macro_vs_M2_Macro_Oil__primary__All_Eligible,Oil_Rents_GDP_Pct_lag1,primary,All_Eligible,Future_Period,train_to_2018__test_from_2019,RandomForest,signal_increment,0.023000000000000038,0.26
M1_Macro_vs_M2_Macro_Oil__primary__All_Eligible,Oil_Rents_GDP_Pct_lag1,primary,All_Eligible,Future_Period,train_to_2018__test_from_2019,RandomForest,signal_increment,0.023500000000000038,0.2475
M1_Macro_vs_M2_Macro_Oil__primary__All_Eligible,Oil_Rents_GDP_Pct_lag1,primary,All_Eligible,Future_Period,train_to_2018__test_from_2019,RandomForest,signal_increment,0.02400000000000004,0.2375
M1_Macro_vs_M2_Macro_Oil__primary__All_Eligible,Oil_Rents_GDP_Pct_lag1,primary,All_Eligible,Future_Period,train_to_2018__test_from_2019,RandomForest,signal_increment,0.02450000000000004,0.2275
M1_Macro_vs_M2_Macro_Oil__primary__All_Eligible,Oil_Rents_GDP_Pct_lag1,primary,All_Eligible,Future_Period,train_to_2018__test_from_2019,RandomForest,signal_increment,0.02500000000000004,0.219
M1_Macro_vs_M2_Macro_Oil__primary__All_Eligible,Oil_Rents_GDP_Pct_lag1,primary,All_Eligible,Future_Period,train_to_2018__test_from_2019,RandomForest,signal_increment,0.02550000000000004,0.209
M1_Macro_vs_M2_Macro_Oil__primary__All_Eligible,Oil_Rents_GDP_Pct_lag1,primary,All_Eligible,Future_Period,train_to_2018__test_from_2019,RandomForest,signal_increment,0.02600000000000004,0.202
M1_Macro_vs_M2_Macro_Oil__primary__All_Eligible,Oil_Rents_GDP_Pct_lag1,primary,All_Eligible,Future_Period,train_to_2018__test_from_2019,RandomForest,signal_increment,0.02650000000000004,0.1945
M1_Macro_vs_M2_Macro_Oil__primary__All_Eligible,Oil_Rents_GDP_Pct_lag1,primary,All_Eligible,Future_Period,train_to_2018__test_from_2019,RandomForest,signal_increment,0.02700000000000004,0.1855
M1_Macro_vs_M2_Macro_Oil__primary__All_Eligible,Oil_Rents_GDP_Pct_lag1,primary,All_Eligible,Future_Period,train_to_2018__test_from_2019,RandomForest,signal_increment,0.027500000000000042,0.179
M1_Macro_vs_M2_Macro_Oil__primary__All_Eligible,Oil_Rents_GDP_Pct_lag1,primary,All_Eligible,Future_Period,train_to_2018__test_from_2019,RandomForest,signal_increment,0.028000000000000042,0.1725
M1_Macro_vs_M2_Macro_Oil__primary__All_Eligible,Oil_Rents_GDP_Pct_lag1,primary,All_Eligible,Future_Period,train_to_2018__test_from_2019,RandomForest,signal_increment,0.028500000000000043,0.163
M1_Macro_vs_M2_Macro_Oil__primary__All_Eligible,Oil_Rents_GDP_Pct_lag1,primary,All_Eligible,Future_Period,train_to_2018__test_from_2019,RandomForest,signal_increment,0.029000000000000043,0.1565
M1_Macro_vs_M2_Macro_Oil__primary__All_Eligible,Oil_Rents_GDP_Pct_lag1,primary,All_Eligible,Future_Period,train_to_2018__test_from_2019,RandomForest,signal_increment,0.029500000000000044,0.1515
M1_Macro_vs_M2_Macro_Oil__primary__All_Eligible,Oil_Rents_GDP_Pct_lag1,primary,All_Eligible,Future_Period,train_to_2018__test_from_2019,RandomForest,signal_increment,0.030000000000000044,0.145
M1_Macro_vs_M2_Macro_Oil__primary__All_Eligible,Oil_Rents_GDP_Pct_lag1,primary,All_Eligible,Future_Period,train_to_2018__test_from_2019,RandomForest,added_model_vs_strongest_benchmark,-0.02,1.0
M1_Macro_vs_M2_Macro_Oil__primary__All_Eligible,Oil_Rents_GDP_Pct_lag1,primary,All_Eligible,Future_Period,train_to_2018__test_from_2019,RandomForest,added_model_vs_strongest_benchmark,-0.0195,1.0
M1_Macro_vs_M2_Macro_Oil__primary__All_Eligible,Oil_Rents_GDP_Pct_lag1,primary,All_Eligible,Future_Period,train_to_2018__test_from_2019,RandomForest,added_model_vs_strongest_benchmark,-0.019,1.0
M1_Macro_vs_M2_Macro_Oil__primary__All_Eligible,Oil_Rents_GDP_Pct_lag1,primary,All_Eligible,Future_Period,train_to_2018__test_from_2019,RandomForest,added_model_vs_strongest_benchmark,-0.0185,1.0
M1_Macro_vs_M2_Macro_Oil__primary__All_Eligible,Oil_Rents_GDP_Pct_lag1,primary,All_Eligible,Future_Period,train_to_2018__test_from_2019,RandomForest,added_model_vs_strongest_benchmark,-0.018,1.0
M1_Macro_vs_M2_Macro_Oil__primary__All_Eligible,Oil_Rents_GDP_Pct_lag1,primary,All_Eligible,Future_Period,train_to_2018__test_from_2019,RandomForest,added_model_vs_strongest_benchmark,-0.017499999999999998,1.0
M1_Macro_vs_M2_Macro_Oil__primary__All_Eligible,Oil_Rents_GDP_Pct_lag1,primary,All_Eligible,Future_Period,train_to_2018__test_from_2019,RandomForest,added_model_vs_strongest_benchmark,-0.016999999999999998,1.0
M1_Macro_vs_M2_Macro_Oil__primary__All_Eligible,Oil_Rents_GDP_Pct_lag1,primary,All_Eligible,Future_Period,train_to_2018__test_from_2019,RandomForest,added_model_vs_strongest_benchmark,-0.016499999999999997,1.0
M1_Macro_vs_M2_Macro_Oil__primary__All_Eligible,Oil_Rents_GDP_Pct_lag1,primary,All_Eligible,Future_Period,train_to_2018__test_from_2019,RandomForest,added_model_vs_strongest_benchmark,-0.015999999999999997,1.0
M1_Macro_vs_M2_Macro_Oil__primary__All_Eligible,Oil_Rents_GDP_Pct_lag1,primary,All_Eligible,Future_Period,train_to_2018__test_from_2019,RandomForest,added_model_vs_strongest_benchmark,-0.015499999999999996,1.0
M1_Macro_vs_M2_Macro_Oil__primary__All_Eligible,Oil_Rents_GDP_Pct_lag1,primary,All_Eligible,Future_Period,train_to_2018__test_from_2019,RandomForest,added_model_vs_strongest_benchmark,-0.014999999999999996,1.0
M1_Macro_vs_M2_Macro_Oil__primary__All_Eligible,Oil_Rents_GDP_Pct_lag1,primary,All_Eligible,Future_Period,train_to_2018__test_from_2019,RandomForest,added_model_vs_strongest_benchmark,-0.014499999999999996,1.0
M1_Macro_vs_M2_Macro_Oil__primary__All_Eligible,Oil_Rents_GDP_Pct_lag1,primary,All_Eligible,Future_Period,train_to_2018__test_from_2019,RandomForest,added_model_vs_strongest_benchmark,-0.013999999999999995,1.0
M1_Macro_vs_M2_Macro_Oil__primary__All_Eligible,Oil_Rents_GDP_Pct_lag1,primary,All_Eligible,Future_Period,train_to_2018__test_from_2019,RandomForest,added_model_vs_strongest_benchmark,-0.013499999999999995,1.0
M1_Macro_vs_M2_Macro_Oil__primary__All_Eligible,Oil_Rents_GDP_Pct_lag1,primary,All_Eligible,Future_Period,train_to_2018__test_from_2019,RandomForest,added_model_vs_strongest_benchmark,-0.012999999999999994,1.0
M1_Macro_vs_M2_Macro_Oil__primary__All_Eligible,Oil_Rents_GDP_Pct_lag1,primary,All_Eligible,Future_Period,train_to_2018__test_from_2019,RandomForest,added_model_vs_strongest_benchmark,-0.012499999999999994,1.0
M1_Macro_vs_M2_Macro_Oil__primary__All_Eligible,Oil_Rents_GDP_Pct_lag1,primary,All_Eligible,Future_Period,train_to_2018__test_from_2019,RandomForest,added_model_vs_strongest_benchmark,-0.011999999999999993,1.0
M1_Macro_vs_M2_Macro_Oil__primary__All_Eligible,Oil_Rents_GDP_Pct_lag1,primary,All_Eligible,Future_Period,train_to_2018__test_from_2019,RandomForest,added_model_vs_strongest_benchmark,-0.011499999999999993,1.0
M1_Macro_vs_M2_Macro_Oil__primary__All_Eligible,Oil_Rents_GDP_Pct_lag1,primary,All_Eligible,Future_Period,train_to_2018__test_from_2019,RandomForest,added_model_vs_strongest_benchmark,-0.010999999999999992,1.0
M1_Macro_vs_M2_Macro_Oil__primary__All_Eligible,Oil_Rents_GDP_Pct_lag1,primary,All_Eligible,Future_Period,train_to_2018__test_from_2019,RandomForest,added_model_vs_strongest_benchmark,-0.010499999999999992,1.0
M1_Macro_vs_M2_Macro_Oil__primary__All_Eligible,Oil_Rents_GDP_Pct_lag1,primary,All_Eligible,Future_Period,train_to_2018__test_from_2019,RandomForest,added_model_vs_strongest_benchmark,-0.009999999999999992,1.0
M1_Macro_vs_M2_Macro_Oil__primary__All_Eligible,Oil_Rents_GDP_Pct_lag1,primary,All_Eligible,Future_Period,train_to_2018__test_from_2019,RandomForest,added_model_vs_strongest_benchmark,-0.009499999999999991,1.0
M1_Macro_vs_M2_Macro_Oil__primary__All_Eligible,Oil_Rents_GDP_Pct_lag1,primary,All_Eligible,Future_Period,train_to_2018__test_from_2019,RandomForest,added_model_vs_strongest_benchmark,-0.00899999999999999,1.0
M1_Macro_vs_M2_Macro_Oil__primary__All_Eligible,Oil_Rents_GDP_Pct_lag1,primary,All_Eligible,Future_Period,train_to_2018__test_from_2019,RandomForest,added_model_vs_strongest_benchmark,-0.00849999999999999,1.0
M1_Macro_vs_M2_Macro_Oil__primary__All_Eligible,Oil_Rents_GDP_Pct_lag1,primary,All_Eligible,Future_Period,train_to_2018__test_from_2019,RandomForest,added_model_vs_strongest_benchmark,-0.00799999999999999,1.0
M1_Macro_vs_M2_Macro_Oil__primary__All_Eligible,Oil_Rents_GDP_Pct_lag1,primary,All_Eligible,Future_Period,train_to_2018__test_from_2019,RandomForest,added_model_vs_strongest_benchmark,-0.007499999999999989,1.0
M1_Macro_vs_M2_Macro_Oil__primary__All_Eligible,Oil_Rents_GDP_Pct_lag1,primary,All_Eligible,Future_Period,train_to_2018__test_from_2019,RandomForest,added_model_vs_strongest_benchmark,-0.006999999999999989,1.0
M1_Macro_vs_M2_Macro_Oil__primary__All_Eligible,Oil_Rents_GDP_Pct_lag1,primary,All_Eligible,Future_Period,train_to_2018__test_from_2019,RandomForest,added_model_vs_strongest_benchmark,-0.006499999999999988,1.0
M1_Macro_vs_M2_Macro_Oil__primary__All_Eligible,Oil_Rents_GDP_Pct_lag1,primary,All_Eligible,Future_Period,train_to_2018__test_from_2019,RandomForest,added_model_vs_strongest_benchmark,-0.005999999999999988,1.0
M1_Macro_vs_M2_Macro_Oil__primary__All_Eligible,Oil_Rents_GDP_Pct_lag1,primary,All_Eligible,Future_Period,train_to_2018__test_from_2019,RandomForest,added_model_vs_strongest_benchmark,-0.0054999999999999875,1.0
M1_Macro_vs_M2_Macro_Oil__primary__All_Eligible,Oil_Rents_GDP_Pct_lag1,primary,All_Eligible,Future_Period,train_to_2018__test_from_2019,RandomForest,added_model_vs_strongest_benchmark,-0.004999999999999987,1.0
M1_Macro_vs_M2_Macro_Oil__primary__All_Eligible,Oil_Rents_GDP_Pct_lag1,primary,All_Eligible,Future_Period,train_to_2018__test_from_2019,RandomForest,added_model_vs_strongest_benchmark,-0.004499999999999987,1.0
M1_Macro_vs_M2_Macro_Oil__primary__All_Eligible,Oil_Rents_GDP_Pct_lag1,primary,All_Eligible,Future_Period,train_to_2018__test_from_2019,RandomForest,added_model_vs_strongest_benchmark,-0.003999999999999986,1.0
M1_Macro_vs_M2_Macro_Oil__primary__All_Eligible,Oil_Rents_GDP_Pct_lag1,primary,All_Eligible,Future_Period,train_to_2018__test_from_2019,RandomForest,added_model_vs_strongest_benchmark,-0.0034999999999999858,1.0
M1_Macro_vs_M2_Macro_Oil__primary__All_Eligible,Oil_Rents_GDP_Pct_lag1,primary,All_Eligible,Future_Period,train_to_2018__test_from_2019,RandomForest,added_model_vs_strongest_benchmark,-0.0029999999999999853,1.0
M1_Macro_vs_M2_Macro_Oil__primary__All_Eligible,Oil_Rents_GDP_Pct_lag1,primary,All_Eligible,Future_Period,train_to_2018__test_from_2019,RandomForest,added_model_vs_strongest_benchmark,-0.002499999999999985,1.0
M1_Macro_vs_M2_Macro_Oil__primary__All_Eligible,Oil_Rents_GDP_Pct_lag1,primary,All_Eligible,Future_Period,train_to_2018__test_from_2019,RandomForest,added_model_vs_strongest_benchmark,-0.0019999999999999844,1.0
M1_Macro_vs_M2_Macro_Oil__primary__All_Eligible,Oil_Rents_GDP_Pct_lag1,primary,All_Eligible,Future_Period,train_to_2018__test_from_2019,RandomForest,added_model_vs_strongest_benchmark,-0.001499999999999984,1.0
M1_Macro_vs_M2_Macro_Oil__primary__All_Eligible,Oil_Rents_GDP_Pct_lag1,primary,All_Eligible,Future_Period,train_to_2018__test_from_2019,RandomForest,added_model_vs_strongest_benchmark,-0.0009999999999999835,1.0
M1_Macro_vs_M2_Macro_Oil__primary__All_Eligible,Oil_Rents_GDP_Pct_lag1,primary,All_Eligible,Future_Period,train_to_2018__test_from_2019,RandomForest,added_model_vs_strongest_benchmark,-0.0004999999999999831,1.0
M1_Macro_vs_M2_Macro_Oil__primary__All_Eligible,Oil_Rents_GDP_Pct_lag1,primary,All_Eligible,Future_Period,train_to_2018__test_from_2019,RandomForest,added_model_vs_strongest_benchmark,1.734723475976807e-17,1.0
M1_Macro_vs_M2_Macro_Oil__primary__All_Eligible,Oil_Rents_GDP_Pct_lag1,primary,All_Eligible,Future_Period,train_to_2018__test_from_2019,RandomForest,added_model_vs_strongest_benchmark,0.0005000000000000178,1.0
M1_Macro_vs_M2_Macro_Oil__primary__All_Eligible,Oil_Rents_GDP_Pct_lag1,primary,All_Eligible,Future_Period,train_to_2018__test_from_2019,RandomForest,added_model_vs_strongest_benchmark,0.0010000000000000182,1.0
M1_Macro_vs_M2_Macro_Oil__primary__All_Eligible,Oil_Rents_GDP_Pct_lag1,primary,All_Eligible,Future_Period,train_to_2018__test_from_2019,RandomForest,added_model_vs_strongest_benchmark,0.0015000000000000187,1.0
M1_Macro_vs_M2_Macro_Oil__primary__All_Eligible,Oil_Rents_GDP_Pct_lag1,primary,All_Eligible,Future_Period,train_to_2018__test_from_2019,RandomForest,added_model_vs_strongest_benchmark,0.002000000000000019,1.0
M1_Macro_vs_M2_Macro_Oil__primary__All_Eligible,Oil_Rents_GDP_Pct_lag1,primary,All_Eligible,Future_Period,train_to_2018__test_from_2019,RandomForest,added_model_vs_strongest_benchmark,0.0025000000000000196,1.0
M1_Macro_vs_M2_Macro_Oil__primary__All_Eligible,Oil_Rents_GDP_Pct_lag1,primary,All_Eligible,Future_Period,train_to_2018__test_from_2019,RandomForest,added_model_vs_strongest_benchmark,0.00300000000000002,1.0
M1_Macro_vs_M2_Macro_Oil__primary__All_Eligible,Oil_Rents_GDP_Pct_lag1,primary,All_Eligible,Future_Period,train_to_2018__test_from_2019,RandomForest,added_model_vs_strongest_benchmark,0.0035000000000000205,1.0
M1_Macro_vs_M2_Macro_Oil__primary__All_Eligible,Oil_Rents_GDP_Pct_lag1,primary,All_Eligible,Future_Period,train_to_2018__test_from_2019,RandomForest,added_model_vs_strongest_benchmark,0.004000000000000021,1.0
M1_Macro_vs_M2_Macro_Oil__primary__All_Eligible,Oil_Rents_GDP_Pct_lag1,primary,All_Eligible,Future_Period,train_to_2018__test_from_2019,RandomForest,added_model_vs_strongest_benchmark,0.004500000000000021,1.0
M1_Macro_vs_M2_Macro_Oil__primary__All_Eligible,Oil_Rents_GDP_Pct_lag1,primary,All_Eligible,Future_Period,train_to_2018__test_from_2019,RandomForest,added_model_vs_strongest_benchmark,0.005000000000000022,1.0
M1_Macro_vs_M2_Macro_Oil__primary__All_Eligible,Oil_Rents_GDP_Pct_lag1,primary,All_Eligible,Future_Period,train_to_2018__test_from_2019,RandomForest,added_model_vs_strongest_benchmark,0.005500000000000022,1.0
M1_Macro_vs_M2_Macro_Oil__primary__All_Eligible,Oil_Rents_GDP_Pct_lag1,primary,All_Eligible,Future_Period,train_to_2018__test_from_2019,RandomForest,added_model_vs_strongest_benchmark,0.006000000000000023,1.0
M1_Macro_vs_M2_Macro_Oil__primary__All_Eligible,Oil_Rents_GDP_Pct_lag1,primary,All_Eligible,Future_Period,train_to_2018__test_from_2019,RandomForest,added_model_vs_strongest_benchmark,0.006500000000000023,1.0
M1_Macro_vs_M2_Macro_Oil__primary__All_Eligible,Oil_Rents_GDP_Pct_lag1,primary,All_Eligible,Future_Period,train_to_2018__test_from_2019,RandomForest,added_model_vs_strongest_benchmark,0.0070000000000000236,1.0
M1_Macro_vs_M2_Macro_Oil__primary__All_Eligible,Oil_Rents_GDP_Pct_lag1,primary,All_Eligible,Future_Period,train_to_2018__test_from_2019,RandomForest,added_model_vs_strongest_benchmark,0.007500000000000024,1.0
M1_Macro_vs_M2_Macro_Oil__primary__All_Eligible,Oil_Rents_GDP_Pct_lag1,primary,All_Eligible,Future_Period,train_to_2018__test_from_2019,RandomForest,added_model_vs_strongest_benchmark,0.008000000000000024,1.0
M1_Macro_vs_M2_Macro_Oil__primary__All_Eligible,Oil_Rents_GDP_Pct_lag1,primary,All_Eligible,Future_Period,train_to_2018__test_from_2019,RandomForest,added_model_vs_strongest_benchmark,0.008500000000000025,1.0
M1_Macro_vs_M2_Macro_Oil__primary__All_Eligible,Oil_Rents_GDP_Pct_lag1,primary,All_Eligible,Future_Period,train_to_2018__test_from_2019,RandomForest,added_model_vs_strongest_benchmark,0.009000000000000025,1.0
M1_Macro_vs_M2_Macro_Oil__primary__All_Eligible,Oil_Rents_GDP_Pct_lag1,primary,All_Eligible,Future_Period,train_to_2018__test_from_2019,RandomForest,added_model_vs_strongest_benchmark,0.009500000000000026,1.0
M1_Macro_vs_M2_Macro_Oil__primary__All_Eligible,Oil_Rents_GDP_Pct_lag1,primary,All_Eligible,Future_Period,train_to_2018__test_from_2019,RandomForest,added_model_vs_strongest_benchmark,0.010000000000000026,1.0
M1_Macro_vs_M2_Macro_Oil__primary__All_Eligible,Oil_Rents_GDP_Pct_lag1,primary,All_Eligible,Future_Period,train_to_2018__test_from_2019,RandomForest,added_model_vs_strongest_benchmark,0.010500000000000027,1.0
M1_Macro_vs_M2_Macro_Oil__primary__All_Eligible,Oil_Rents_GDP_Pct_lag1,primary,All_Eligible,Future_Period,train_to_2018__test_from_2019,RandomForest,added_model_vs_strongest_benchmark,0.011000000000000027,1.0
M1_Macro_vs_M2_Macro_Oil__primary__All_Eligible,Oil_Rents_GDP_Pct_lag1,primary,All_Eligible,Future_Period,train_to_2018__test_from_2019,RandomForest,added_model_vs_strongest_benchmark,0.011500000000000028,1.0
M1_Macro_vs_M2_Macro_Oil__primary__All_Eligible,Oil_Rents_GDP_Pct_lag1,primary,All_Eligible,Future_Period,train_to_2018__test_from_2019,RandomForest,added_model_vs_strongest_benchmark,0.012000000000000028,1.0
M1_Macro_vs_M2_Macro_Oil__primary__All_Eligible,Oil_Rents_GDP_Pct_lag1,primary,All_Eligible,Future_Period,train_to_2018__test_from_2019,RandomForest,added_model_vs_strongest_benchmark,0.012500000000000028,1.0
M1_Macro_vs_M2_Macro_Oil__primary__All_Eligible,Oil_Rents_GDP_Pct_lag1,primary,All_Eligible,Future_Period,train_to_2018__test_from_2019,RandomForest,added_model_vs_strongest_benchmark,0.013000000000000029,1.0
M1_Macro_vs_M2_Macro_Oil__primary__All_Eligible,Oil_Rents_GDP_Pct_lag1,primary,All_Eligible,Future_Period,train_to_2018__test_from_2019,RandomForest,added_model_vs_strongest_benchmark,0.01350000000000003,1.0
M1_Macro_vs_M2_Macro_Oil__primary__All_Eligible,Oil_Rents_GDP_Pct_lag1,primary,All_Eligible,Future_Period,train_to_2018__test_from_2019,RandomForest,added_model_vs_strongest_benchmark,0.01400000000000003,1.0
M1_Macro_vs_M2_Macro_Oil__primary__All_Eligible,Oil_Rents_GDP_Pct_lag1,primary,All_Eligible,Future_Period,train_to_2018__test_from_2019,RandomForest,added_model_vs_strongest_benchmark,0.01450000000000003,1.0
M1_Macro_vs_M2_Macro_Oil__primary__All_Eligible,Oil_Rents_GDP_Pct_lag1,primary,All_Eligible,Future_Period,train_to_2018__test_from_2019,RandomForest,added_model_vs_strongest_benchmark,0.01500000000000003,1.0
M1_Macro_vs_M2_Macro_Oil__primary__All_Eligible,Oil_Rents_GDP_Pct_lag1,primary,All_Eligible,Future_Period,train_to_2018__test_from_2019,RandomForest,added_model_vs_strongest_benchmark,0.015500000000000031,1.0
M1_Macro_vs_M2_Macro_Oil__primary__All_Eligible,Oil_Rents_GDP_Pct_lag1,primary,All_Eligible,Future_Period,train_to_2018__test_from_2019,RandomForest,added_model_vs_strongest_benchmark,0.01600000000000003,1.0
M1_Macro_vs_M2_Macro_Oil__primary__All_Eligible,Oil_Rents_GDP_Pct_lag1,primary,All_Eligible,Future_Period,train_to_2018__test_from_2019,RandomForest,added_model_vs_strongest_benchmark,0.016500000000000032,1.0
M1_Macro_vs_M2_Macro_Oil__primary__All_Eligible,Oil_Rents_GDP_Pct_lag1,primary,All_Eligible,Future_Period,train_to_2018__test_from_2019,RandomForest,added_model_vs_strongest_benchmark,0.017000000000000032,1.0
M1_Macro_vs_M2_Macro_Oil__primary__All_Eligible,Oil_Rents_GDP_Pct_lag1,primary,All_Eligible,Future_Period,train_to_2018__test_from_2019,RandomForest,added_model_vs_strongest_benchmark,0.017500000000000033,1.0
M1_Macro_vs_M2_Macro_Oil__primary__All_Eligible,Oil_Rents_GDP_Pct_lag1,primary,All_Eligible,Future_Period,train_to_2018__test_from_2019,RandomForest,added_model_vs_strongest_benchmark,0.018000000000000033,1.0
M1_Macro_vs_M2_Macro_Oil__primary__All_Eligible,Oil_Rents_GDP_Pct_lag1,primary,All_Eligible,Future_Period,train_to_2018__test_from_2019,RandomForest,added_model_vs_strongest_benchmark,0.018500000000000034,1.0
M1_Macro_vs_M2_Macro_Oil__primary__All_Eligible,Oil_Rents_GDP_Pct_lag1,primary,All_Eligible,Future_Period,train_to_2018__test_from_2019,RandomForest,added_model_vs_strongest_benchmark,0.019000000000000034,1.0
M1_Macro_vs_M2_Macro_Oil__primary__All_Eligible,Oil_Rents_GDP_Pct_lag1,primary,All_Eligible,Future_Period,train_to_2018__test_from_2019,RandomForest,added_model_vs_strongest_benchmark,0.019500000000000035,1.0
M1_Macro_vs_M2_Macro_Oil__primary__All_Eligible,Oil_Rents_GDP_Pct_lag1,primary,All_Eligible,Future_Period,train_to_2018__test_from_2019,RandomForest,added_model_vs_strongest_benchmark,0.020000000000000035,1.0
M1_Macro_vs_M2_Macro_Oil__primary__All_Eligible,Oil_Rents_GDP_Pct_lag1,primary,All_Eligible,Future_Period,train_to_2018__test_from_2019,RandomForest,added_model_vs_strongest_benchmark,0.020500000000000036,1.0
M1_Macro_vs_M2_Macro_Oil__primary__All_Eligible,Oil_Rents_GDP_Pct_lag1,primary,All_Eligible,Future_Period,train_to_2018__test_from_2019,RandomForest,added_model_vs_strongest_benchmark,0.021000000000000036,1.0
M1_Macro_vs_M2_Macro_Oil__primary__All_Eligible,Oil_Rents_GDP_Pct_lag1,primary,All_Eligible,Future_Period,train_to_2018__test_from_2019,RandomForest,added_model_vs_strongest_benchmark,0.021500000000000036,1.0
M1_Macro_vs_M2_Macro_Oil__primary__All_Eligible,Oil_Rents_GDP_Pct_lag1,primary,All_Eligible,Future_Period,train_to_2018__test_from_2019,RandomForest,added_model_vs_strongest_benchmark,0.022000000000000037,1.0
M1_Macro_vs_M2_Macro_Oil__primary__All_Eligible,Oil_Rents_GDP_Pct_lag1,primary,All_Eligible,Future_Period,train_to_2018__test_from_2019,RandomForest,added_model_vs_strongest_benchmark,0.022500000000000037,1.0
M1_Macro_vs_M2_Macro_Oil__primary__All_Eligible,Oil_Rents_GDP_Pct_lag1,primary,All_Eligible,Future_Period,train_to_2018__test_from_2019,RandomForest,added_model_vs_strongest_benchmark,0.023000000000000038,1.0
M1_Macro_vs_M2_Macro_Oil__primary__All_Eligible,Oil_Rents_GDP_Pct_lag1,primary,All_Eligible,Future_Period,train_to_2018__test_from_2019,RandomForest,added_model_vs_strongest_benchmark,0.023500000000000038,1.0
M1_Macro_vs_M2_Macro_Oil__primary__All_Eligible,Oil_Rents_GDP_Pct_lag1,primary,All_Eligible,Future_Period,train_to_2018__test_from_2019,RandomForest,added_model_vs_strongest_benchmark,0.02400000000000004,1.0
M1_Macro_vs_M2_Macro_Oil__primary__All_Eligible,Oil_Rents_GDP_Pct_lag1,primary,All_Eligible,Future_Period,train_to_2018__test_from_2019,RandomForest,added_model_vs_strongest_benchmark,0.02450000000000004,1.0
M1_Macro_vs_M2_Macro_Oil__primary__All_Eligible,Oil_Rents_GDP_Pct_lag1,primary,All_Eligible,Future_Period,train_to_2018__test_from_2019,RandomForest,added_model_vs_strongest_benchmark,0.02500000000000004,1.0
M1_Macro_vs_M2_Macro_Oil__primary__All_Eligible,Oil_Rents_GDP_Pct_lag1,primary,All_Eligible,Future_Period,train_to_2018__test_from_2019,RandomForest,added_model_vs_strongest_benchmark,0.02550000000000004,1.0
M1_Macro_vs_M2_Macro_Oil__primary__All_Eligible,Oil_Rents_GDP_Pct_lag1,primary,All_Eligible,Future_Period,train_to_2018__test_from_2019,RandomForest,added_model_vs_strongest_benchmark,0.02600000000000004,1.0
M1_Macro_vs_M2_Macro_Oil__primary__All_Eligible,Oil_Rents_GDP_Pct_lag1,primary,All_Eligible,Future_Period,train_to_2018__test_from_2019,RandomForest,added_model_vs_strongest_benchmark,0.02650000000000004,1.0
M1_Macro_vs_M2_Macro_Oil__primary__All_Eligible,Oil_Rents_GDP_Pct_lag1,primary,All_Eligible,Future_Period,train_to_2018__test_from_2019,RandomForest,added_model_vs_strongest_benchmark,0.02700000000000004,1.0
M1_Macro_vs_M2_Macro_Oil__primary__All_Eligible,Oil_Rents_GDP_Pct_lag1,primary,All_Eligible,Future_Period,train_to_2018__test_from_2019,RandomForest,added_model_vs_strongest_benchmark,0.027500000000000042,1.0
M1_Macro_vs_M2_Macro_Oil__primary__All_Eligible,Oil_Rents_GDP_Pct_lag1,primary,All_Eligible,Future_Period,train_to_2018__test_from_2019,RandomForest,added_model_vs_strongest_benchmark,0.028000000000000042,1.0
M1_Macro_vs_M2_Macro_Oil__primary__All_Eligible,Oil_Rents_GDP_Pct_lag1,primary,All_Eligible,Future_Period,train_to_2018__test_from_2019,RandomForest,added_model_vs_strongest_benchmark,0.028500000000000043,1.0
M1_Macro_vs_M2_Macro_Oil__primary__All_Eligible,Oil_Rents_GDP_Pct_lag1,primary,All_Eligible,Future_Period,train_to_2018__test_from_2019,RandomForest,added_model_vs_strongest_benchmark,0.029000000000000043,1.0
M1_Macro_vs_M2_Macro_Oil__primary__All_Eligible,Oil_Rents_GDP_Pct_lag1,primary,All_Eligible,Future_Period,train_to_2018__test_from_2019,RandomForest,added_model_vs_strongest_benchmark,0.029500000000000044,1.0
M1_Macro_vs_M2_Macro_Oil__primary__All_Eligible,Oil_Rents_GDP_Pct_lag1,primary,All_Eligible,Future_Period,train_to_2018__test_from_2019,RandomForest,added_model_vs_strongest_benchmark,0.030000000000000044,1.0
