sample_id,signal,target_role,universe,validation,split_id,algorithm,comparison_type,threshold_delta_r2,p_delta_r2_gt_threshold
M2_Macro_Oil_vs_M3_Macro_Oil_RegQuality__normalized__Oil_Rent_Intensive_Pre2016_ge1pct,Regulatory_Quality_lag1,normalized,Oil_Rent_Intensive_Pre2016_ge1pct,Country_Holdout_CV,OOF_ALL_FOLDS,Ridge,signal_increment,-0.02,1.0
M2_Macro_Oil_vs_M3_Macro_Oil_RegQuality__normalized__Oil_Rent_Intensive_Pre2016_ge1pct,Regulatory_Quality_lag1,normalized,Oil_Rent_Intensive_Pre2016_ge1pct,Country_Holdout_CV,OOF_ALL_FOLDS,Ridge,signal_increment,-0.0195,1.0
M2_Macro_Oil_vs_M3_Macro_Oil_RegQuality__normalized__Oil_Rent_Intensive_Pre2016_ge1pct,Regulatory_Quality_lag1,normalized,Oil_Rent_Intensive_Pre2016_ge1pct,Country_Holdout_CV,OOF_ALL_FOLDS,Ridge,signal_increment,-0.019,1.0
M2_Macro_Oil_vs_M3_Macro_Oil_RegQuality__normalized__Oil_Rent_Intensive_Pre2016_ge1pct,Regulatory_Quality_lag1,normalized,Oil_Rent_Intensive_Pre2016_ge1pct,Country_Holdout_CV,OOF_ALL_FOLDS,Ridge,signal_increment,-0.0185,1.0
M2_Macro_Oil_vs_M3_Macro_Oil_RegQuality__normalized__Oil_Rent_Intensive_Pre2016_ge1pct,Regulatory_Quality_lag1,normalized,Oil_Rent_Intensive_Pre2016_ge1pct,Country_Holdout_CV,OOF_ALL_FOLDS,Ridge,signal_increment,-0.018,1.0
M2_Macro_Oil_vs_M3_Macro_Oil_RegQuality__normalized__Oil_Rent_Intensive_Pre2016_ge1pct,Regulatory_Quality_lag1,normalized,Oil_Rent_Intensive_Pre2016_ge1pct,Country_Holdout_CV,OOF_ALL_FOLDS,Ridge,signal_increment,-0.017499999999999998,1.0
M2_Macro_Oil_vs_M3_Macro_Oil_RegQuality__normalized__Oil_Rent_Intensive_Pre2016_ge1pct,Regulatory_Quality_lag1,normalized,Oil_Rent_Intensive_Pre2016_ge1pct,Country_Holdout_CV,OOF_ALL_FOLDS,Ridge,signal_increment,-0.016999999999999998,1.0
M2_Macro_Oil_vs_M3_Macro_Oil_RegQuality__normalized__Oil_Rent_Intensive_Pre2016_ge1pct,Regulatory_Quality_lag1,normalized,Oil_Rent_Intensive_Pre2016_ge1pct,Country_Holdout_CV,OOF_ALL_FOLDS,Ridge,signal_increment,-0.016499999999999997,1.0
M2_Macro_Oil_vs_M3_Macro_Oil_RegQuality__normalized__Oil_Rent_Intensive_Pre2016_ge1pct,Regulatory_Quality_lag1,normalized,Oil_Rent_Intensive_Pre2016_ge1pct,Country_Holdout_CV,OOF_ALL_FOLDS,Ridge,signal_increment,-0.015999999999999997,1.0
M2_Macro_Oil_vs_M3_Macro_Oil_RegQuality__normalized__Oil_Rent_Intensive_Pre2016_ge1pct,Regulatory_Quality_lag1,normalized,Oil_Rent_Intensive_Pre2016_ge1pct,Country_Holdout_CV,OOF_ALL_FOLDS,Ridge,signal_increment,-0.015499999999999996,1.0
M2_Macro_Oil_vs_M3_Macro_Oil_RegQuality__normalized__Oil_Rent_Intensive_Pre2016_ge1pct,Regulatory_Quality_lag1,normalized,Oil_Rent_Intensive_Pre2016_ge1pct,Country_Holdout_CV,OOF_ALL_FOLDS,Ridge,signal_increment,-0.014999999999999996,1.0
M2_Macro_Oil_vs_M3_Macro_Oil_RegQuality__normalized__Oil_Rent_Intensive_Pre2016_ge1pct,Regulatory_Quality_lag1,normalized,Oil_Rent_Intensive_Pre2016_ge1pct,Country_Holdout_CV,OOF_ALL_FOLDS,Ridge,signal_increment,-0.014499999999999996,1.0
M2_Macro_Oil_vs_M3_Macro_Oil_RegQuality__normalized__Oil_Rent_Intensive_Pre2016_ge1pct,Regulatory_Quality_lag1,normalized,Oil_Rent_Intensive_Pre2016_ge1pct,Country_Holdout_CV,OOF_ALL_FOLDS,Ridge,signal_increment,-0.013999999999999995,1.0
M2_Macro_Oil_vs_M3_Macro_Oil_RegQuality__normalized__Oil_Rent_Intensive_Pre2016_ge1pct,Regulatory_Quality_lag1,normalized,Oil_Rent_Intensive_Pre2016_ge1pct,Country_Holdout_CV,OOF_ALL_FOLDS,Ridge,signal_increment,-0.013499999999999995,1.0
M2_Macro_Oil_vs_M3_Macro_Oil_RegQuality__normalized__Oil_Rent_Intensive_Pre2016_ge1pct,Regulatory_Quality_lag1,normalized,Oil_Rent_Intensive_Pre2016_ge1pct,Country_Holdout_CV,OOF_ALL_FOLDS,Ridge,signal_increment,-0.012999999999999994,1.0
M2_Macro_Oil_vs_M3_Macro_Oil_RegQuality__normalized__Oil_Rent_Intensive_Pre2016_ge1pct,Regulatory_Quality_lag1,normalized,Oil_Rent_Intensive_Pre2016_ge1pct,Country_Holdout_CV,OOF_ALL_FOLDS,Ridge,signal_increment,-0.012499999999999994,0.999
M2_Macro_Oil_vs_M3_Macro_Oil_RegQuality__normalized__Oil_Rent_Intensive_Pre2016_ge1pct,Regulatory_Quality_lag1,normalized,Oil_Rent_Intensive_Pre2016_ge1pct,Country_Holdout_CV,OOF_ALL_FOLDS,Ridge,signal_increment,-0.011999999999999993,0.999
M2_Macro_Oil_vs_M3_Macro_Oil_RegQuality__normalized__Oil_Rent_Intensive_Pre2016_ge1pct,Regulatory_Quality_lag1,normalized,Oil_Rent_Intensive_Pre2016_ge1pct,Country_Holdout_CV,OOF_ALL_FOLDS,Ridge,signal_increment,-0.011499999999999993,0.999
M2_Macro_Oil_vs_M3_Macro_Oil_RegQuality__normalized__Oil_Rent_Intensive_Pre2016_ge1pct,Regulatory_Quality_lag1,normalized,Oil_Rent_Intensive_Pre2016_ge1pct,Country_Holdout_CV,OOF_ALL_FOLDS,Ridge,signal_increment,-0.010999999999999992,0.9985
M2_Macro_Oil_vs_M3_Macro_Oil_RegQuality__normalized__Oil_Rent_Intensive_Pre2016_ge1pct,Regulatory_Quality_lag1,normalized,Oil_Rent_Intensive_Pre2016_ge1pct,Country_Holdout_CV,OOF_ALL_FOLDS,Ridge,signal_increment,-0.010499999999999992,0.998
M2_Macro_Oil_vs_M3_Macro_Oil_RegQuality__normalized__Oil_Rent_Intensive_Pre2016_ge1pct,Regulatory_Quality_lag1,normalized,Oil_Rent_Intensive_Pre2016_ge1pct,Country_Holdout_CV,OOF_ALL_FOLDS,Ridge,signal_increment,-0.009999999999999992,0.998
M2_Macro_Oil_vs_M3_Macro_Oil_RegQuality__normalized__Oil_Rent_Intensive_Pre2016_ge1pct,Regulatory_Quality_lag1,normalized,Oil_Rent_Intensive_Pre2016_ge1pct,Country_Holdout_CV,OOF_ALL_FOLDS,Ridge,signal_increment,-0.009499999999999991,0.9975
M2_Macro_Oil_vs_M3_Macro_Oil_RegQuality__normalized__Oil_Rent_Intensive_Pre2016_ge1pct,Regulatory_Quality_lag1,normalized,Oil_Rent_Intensive_Pre2016_ge1pct,Country_Holdout_CV,OOF_ALL_FOLDS,Ridge,signal_increment,-0.00899999999999999,0.996
M2_Macro_Oil_vs_M3_Macro_Oil_RegQuality__normalized__Oil_Rent_Intensive_Pre2016_ge1pct,Regulatory_Quality_lag1,normalized,Oil_Rent_Intensive_Pre2016_ge1pct,Country_Holdout_CV,OOF_ALL_FOLDS,Ridge,signal_increment,-0.00849999999999999,0.9935
M2_Macro_Oil_vs_M3_Macro_Oil_RegQuality__normalized__Oil_Rent_Intensive_Pre2016_ge1pct,Regulatory_Quality_lag1,normalized,Oil_Rent_Intensive_Pre2016_ge1pct,Country_Holdout_CV,OOF_ALL_FOLDS,Ridge,signal_increment,-0.00799999999999999,0.9905
M2_Macro_Oil_vs_M3_Macro_Oil_RegQuality__normalized__Oil_Rent_Intensive_Pre2016_ge1pct,Regulatory_Quality_lag1,normalized,Oil_Rent_Intensive_Pre2016_ge1pct,Country_Holdout_CV,OOF_ALL_FOLDS,Ridge,signal_increment,-0.007499999999999989,0.9835
M2_Macro_Oil_vs_M3_Macro_Oil_RegQuality__normalized__Oil_Rent_Intensive_Pre2016_ge1pct,Regulatory_Quality_lag1,normalized,Oil_Rent_Intensive_Pre2016_ge1pct,Country_Holdout_CV,OOF_ALL_FOLDS,Ridge,signal_increment,-0.006999999999999989,0.9775
M2_Macro_Oil_vs_M3_Macro_Oil_RegQuality__normalized__Oil_Rent_Intensive_Pre2016_ge1pct,Regulatory_Quality_lag1,normalized,Oil_Rent_Intensive_Pre2016_ge1pct,Country_Holdout_CV,OOF_ALL_FOLDS,Ridge,signal_increment,-0.006499999999999988,0.9675
M2_Macro_Oil_vs_M3_Macro_Oil_RegQuality__normalized__Oil_Rent_Intensive_Pre2016_ge1pct,Regulatory_Quality_lag1,normalized,Oil_Rent_Intensive_Pre2016_ge1pct,Country_Holdout_CV,OOF_ALL_FOLDS,Ridge,signal_increment,-0.005999999999999988,0.9565
M2_Macro_Oil_vs_M3_Macro_Oil_RegQuality__normalized__Oil_Rent_Intensive_Pre2016_ge1pct,Regulatory_Quality_lag1,normalized,Oil_Rent_Intensive_Pre2016_ge1pct,Country_Holdout_CV,OOF_ALL_FOLDS,Ridge,signal_increment,-0.0054999999999999875,0.938
M2_Macro_Oil_vs_M3_Macro_Oil_RegQuality__normalized__Oil_Rent_Intensive_Pre2016_ge1pct,Regulatory_Quality_lag1,normalized,Oil_Rent_Intensive_Pre2016_ge1pct,Country_Holdout_CV,OOF_ALL_FOLDS,Ridge,signal_increment,-0.004999999999999987,0.9125
M2_Macro_Oil_vs_M3_Macro_Oil_RegQuality__normalized__Oil_Rent_Intensive_Pre2016_ge1pct,Regulatory_Quality_lag1,normalized,Oil_Rent_Intensive_Pre2016_ge1pct,Country_Holdout_CV,OOF_ALL_FOLDS,Ridge,signal_increment,-0.004499999999999987,0.873
M2_Macro_Oil_vs_M3_Macro_Oil_RegQuality__normalized__Oil_Rent_Intensive_Pre2016_ge1pct,Regulatory_Quality_lag1,normalized,Oil_Rent_Intensive_Pre2016_ge1pct,Country_Holdout_CV,OOF_ALL_FOLDS,Ridge,signal_increment,-0.003999999999999986,0.8345
M2_Macro_Oil_vs_M3_Macro_Oil_RegQuality__normalized__Oil_Rent_Intensive_Pre2016_ge1pct,Regulatory_Quality_lag1,normalized,Oil_Rent_Intensive_Pre2016_ge1pct,Country_Holdout_CV,OOF_ALL_FOLDS,Ridge,signal_increment,-0.0034999999999999858,0.7745
M2_Macro_Oil_vs_M3_Macro_Oil_RegQuality__normalized__Oil_Rent_Intensive_Pre2016_ge1pct,Regulatory_Quality_lag1,normalized,Oil_Rent_Intensive_Pre2016_ge1pct,Country_Holdout_CV,OOF_ALL_FOLDS,Ridge,signal_increment,-0.0029999999999999853,0.7215
M2_Macro_Oil_vs_M3_Macro_Oil_RegQuality__normalized__Oil_Rent_Intensive_Pre2016_ge1pct,Regulatory_Quality_lag1,normalized,Oil_Rent_Intensive_Pre2016_ge1pct,Country_Holdout_CV,OOF_ALL_FOLDS,Ridge,signal_increment,-0.002499999999999985,0.651
M2_Macro_Oil_vs_M3_Macro_Oil_RegQuality__normalized__Oil_Rent_Intensive_Pre2016_ge1pct,Regulatory_Quality_lag1,normalized,Oil_Rent_Intensive_Pre2016_ge1pct,Country_Holdout_CV,OOF_ALL_FOLDS,Ridge,signal_increment,-0.0019999999999999844,0.573
M2_Macro_Oil_vs_M3_Macro_Oil_RegQuality__normalized__Oil_Rent_Intensive_Pre2016_ge1pct,Regulatory_Quality_lag1,normalized,Oil_Rent_Intensive_Pre2016_ge1pct,Country_Holdout_CV,OOF_ALL_FOLDS,Ridge,signal_increment,-0.001499999999999984,0.4965
M2_Macro_Oil_vs_M3_Macro_Oil_RegQuality__normalized__Oil_Rent_Intensive_Pre2016_ge1pct,Regulatory_Quality_lag1,normalized,Oil_Rent_Intensive_Pre2016_ge1pct,Country_Holdout_CV,OOF_ALL_FOLDS,Ridge,signal_increment,-0.0009999999999999835,0.42
M2_Macro_Oil_vs_M3_Macro_Oil_RegQuality__normalized__Oil_Rent_Intensive_Pre2016_ge1pct,Regulatory_Quality_lag1,normalized,Oil_Rent_Intensive_Pre2016_ge1pct,Country_Holdout_CV,OOF_ALL_FOLDS,Ridge,signal_increment,-0.0004999999999999831,0.3385
M2_Macro_Oil_vs_M3_Macro_Oil_RegQuality__normalized__Oil_Rent_Intensive_Pre2016_ge1pct,Regulatory_Quality_lag1,normalized,Oil_Rent_Intensive_Pre2016_ge1pct,Country_Holdout_CV,OOF_ALL_FOLDS,Ridge,signal_increment,1.734723475976807e-17,0.2635
M2_Macro_Oil_vs_M3_Macro_Oil_RegQuality__normalized__Oil_Rent_Intensive_Pre2016_ge1pct,Regulatory_Quality_lag1,normalized,Oil_Rent_Intensive_Pre2016_ge1pct,Country_Holdout_CV,OOF_ALL_FOLDS,Ridge,signal_increment,0.0005000000000000178,0.1925
M2_Macro_Oil_vs_M3_Macro_Oil_RegQuality__normalized__Oil_Rent_Intensive_Pre2016_ge1pct,Regulatory_Quality_lag1,normalized,Oil_Rent_Intensive_Pre2016_ge1pct,Country_Holdout_CV,OOF_ALL_FOLDS,Ridge,signal_increment,0.0010000000000000182,0.1415
M2_Macro_Oil_vs_M3_Macro_Oil_RegQuality__normalized__Oil_Rent_Intensive_Pre2016_ge1pct,Regulatory_Quality_lag1,normalized,Oil_Rent_Intensive_Pre2016_ge1pct,Country_Holdout_CV,OOF_ALL_FOLDS,Ridge,signal_increment,0.0015000000000000187,0.0955
M2_Macro_Oil_vs_M3_Macro_Oil_RegQuality__normalized__Oil_Rent_Intensive_Pre2016_ge1pct,Regulatory_Quality_lag1,normalized,Oil_Rent_Intensive_Pre2016_ge1pct,Country_Holdout_CV,OOF_ALL_FOLDS,Ridge,signal_increment,0.002000000000000019,0.0595
M2_Macro_Oil_vs_M3_Macro_Oil_RegQuality__normalized__Oil_Rent_Intensive_Pre2016_ge1pct,Regulatory_Quality_lag1,normalized,Oil_Rent_Intensive_Pre2016_ge1pct,Country_Holdout_CV,OOF_ALL_FOLDS,Ridge,signal_increment,0.0025000000000000196,0.032
M2_Macro_Oil_vs_M3_Macro_Oil_RegQuality__normalized__Oil_Rent_Intensive_Pre2016_ge1pct,Regulatory_Quality_lag1,normalized,Oil_Rent_Intensive_Pre2016_ge1pct,Country_Holdout_CV,OOF_ALL_FOLDS,Ridge,signal_increment,0.00300000000000002,0.0165
M2_Macro_Oil_vs_M3_Macro_Oil_RegQuality__normalized__Oil_Rent_Intensive_Pre2016_ge1pct,Regulatory_Quality_lag1,normalized,Oil_Rent_Intensive_Pre2016_ge1pct,Country_Holdout_CV,OOF_ALL_FOLDS,Ridge,signal_increment,0.0035000000000000205,0.0075
M2_Macro_Oil_vs_M3_Macro_Oil_RegQuality__normalized__Oil_Rent_Intensive_Pre2016_ge1pct,Regulatory_Quality_lag1,normalized,Oil_Rent_Intensive_Pre2016_ge1pct,Country_Holdout_CV,OOF_ALL_FOLDS,Ridge,signal_increment,0.004000000000000021,0.004
M2_Macro_Oil_vs_M3_Macro_Oil_RegQuality__normalized__Oil_Rent_Intensive_Pre2016_ge1pct,Regulatory_Quality_lag1,normalized,Oil_Rent_Intensive_Pre2016_ge1pct,Country_Holdout_CV,OOF_ALL_FOLDS,Ridge,signal_increment,0.004500000000000021,0.0005
M2_Macro_Oil_vs_M3_Macro_Oil_RegQuality__normalized__Oil_Rent_Intensive_Pre2016_ge1pct,Regulatory_Quality_lag1,normalized,Oil_Rent_Intensive_Pre2016_ge1pct,Country_Holdout_CV,OOF_ALL_FOLDS,Ridge,signal_increment,0.005000000000000022,0.0005
M2_Macro_Oil_vs_M3_Macro_Oil_RegQuality__normalized__Oil_Rent_Intensive_Pre2016_ge1pct,Regulatory_Quality_lag1,normalized,Oil_Rent_Intensive_Pre2016_ge1pct,Country_Holdout_CV,OOF_ALL_FOLDS,Ridge,signal_increment,0.005500000000000022,0.0
M2_Macro_Oil_vs_M3_Macro_Oil_RegQuality__normalized__Oil_Rent_Intensive_Pre2016_ge1pct,Regulatory_Quality_lag1,normalized,Oil_Rent_Intensive_Pre2016_ge1pct,Country_Holdout_CV,OOF_ALL_FOLDS,Ridge,signal_increment,0.006000000000000023,0.0
M2_Macro_Oil_vs_M3_Macro_Oil_RegQuality__normalized__Oil_Rent_Intensive_Pre2016_ge1pct,Regulatory_Quality_lag1,normalized,Oil_Rent_Intensive_Pre2016_ge1pct,Country_Holdout_CV,OOF_ALL_FOLDS,Ridge,signal_increment,0.006500000000000023,0.0
M2_Macro_Oil_vs_M3_Macro_Oil_RegQuality__normalized__Oil_Rent_Intensive_Pre2016_ge1pct,Regulatory_Quality_lag1,normalized,Oil_Rent_Intensive_Pre2016_ge1pct,Country_Holdout_CV,OOF_ALL_FOLDS,Ridge,signal_increment,0.0070000000000000236,0.0
M2_Macro_Oil_vs_M3_Macro_Oil_RegQuality__normalized__Oil_Rent_Intensive_Pre2016_ge1pct,Regulatory_Quality_lag1,normalized,Oil_Rent_Intensive_Pre2016_ge1pct,Country_Holdout_CV,OOF_ALL_FOLDS,Ridge,signal_increment,0.007500000000000024,0.0
M2_Macro_Oil_vs_M3_Macro_Oil_RegQuality__normalized__Oil_Rent_Intensive_Pre2016_ge1pct,Regulatory_Quality_lag1,normalized,Oil_Rent_Intensive_Pre2016_ge1pct,Country_Holdout_CV,OOF_ALL_FOLDS,Ridge,signal_increment,0.008000000000000024,0.0
M2_Macro_Oil_vs_M3_Macro_Oil_RegQuality__normalized__Oil_Rent_Intensive_Pre2016_ge1pct,Regulatory_Quality_lag1,normalized,Oil_Rent_Intensive_Pre2016_ge1pct,Country_Holdout_CV,OOF_ALL_FOLDS,Ridge,signal_increment,0.008500000000000025,0.0
M2_Macro_Oil_vs_M3_Macro_Oil_RegQuality__normalized__Oil_Rent_Intensive_Pre2016_ge1pct,Regulatory_Quality_lag1,normalized,Oil_Rent_Intensive_Pre2016_ge1pct,Country_Holdout_CV,OOF_ALL_FOLDS,Ridge,signal_increment,0.009000000000000025,0.0
M2_Macro_Oil_vs_M3_Macro_Oil_RegQuality__normalized__Oil_Rent_Intensive_Pre2016_ge1pct,Regulatory_Quality_lag1,normalized,Oil_Rent_Intensive_Pre2016_ge1pct,Country_Holdout_CV,OOF_ALL_FOLDS,Ridge,signal_increment,0.009500000000000026,0.0
M2_Macro_Oil_vs_M3_Macro_Oil_RegQuality__normalized__Oil_Rent_Intensive_Pre2016_ge1pct,Regulatory_Quality_lag1,normalized,Oil_Rent_Intensive_Pre2016_ge1pct,Country_Holdout_CV,OOF_ALL_FOLDS,Ridge,signal_increment,0.010000000000000026,0.0
M2_Macro_Oil_vs_M3_Macro_Oil_RegQuality__normalized__Oil_Rent_Intensive_Pre2016_ge1pct,Regulatory_Quality_lag1,normalized,Oil_Rent_Intensive_Pre2016_ge1pct,Country_Holdout_CV,OOF_ALL_FOLDS,Ridge,signal_increment,0.010500000000000027,0.0
M2_Macro_Oil_vs_M3_Macro_Oil_RegQuality__normalized__Oil_Rent_Intensive_Pre2016_ge1pct,Regulatory_Quality_lag1,normalized,Oil_Rent_Intensive_Pre2016_ge1pct,Country_Holdout_CV,OOF_ALL_FOLDS,Ridge,signal_increment,0.011000000000000027,0.0
M2_Macro_Oil_vs_M3_Macro_Oil_RegQuality__normalized__Oil_Rent_Intensive_Pre2016_ge1pct,Regulatory_Quality_lag1,normalized,Oil_Rent_Intensive_Pre2016_ge1pct,Country_Holdout_CV,OOF_ALL_FOLDS,Ridge,signal_increment,0.011500000000000028,0.0
M2_Macro_Oil_vs_M3_Macro_Oil_RegQuality__normalized__Oil_Rent_Intensive_Pre2016_ge1pct,Regulatory_Quality_lag1,normalized,Oil_Rent_Intensive_Pre2016_ge1pct,Country_Holdout_CV,OOF_ALL_FOLDS,Ridge,signal_increment,0.012000000000000028,0.0
M2_Macro_Oil_vs_M3_Macro_Oil_RegQuality__normalized__Oil_Rent_Intensive_Pre2016_ge1pct,Regulatory_Quality_lag1,normalized,Oil_Rent_Intensive_Pre2016_ge1pct,Country_Holdout_CV,OOF_ALL_FOLDS,Ridge,signal_increment,0.012500000000000028,0.0
M2_Macro_Oil_vs_M3_Macro_Oil_RegQuality__normalized__Oil_Rent_Intensive_Pre2016_ge1pct,Regulatory_Quality_lag1,normalized,Oil_Rent_Intensive_Pre2016_ge1pct,Country_Holdout_CV,OOF_ALL_FOLDS,Ridge,signal_increment,0.013000000000000029,0.0
M2_Macro_Oil_vs_M3_Macro_Oil_RegQuality__normalized__Oil_Rent_Intensive_Pre2016_ge1pct,Regulatory_Quality_lag1,normalized,Oil_Rent_Intensive_Pre2016_ge1pct,Country_Holdout_CV,OOF_ALL_FOLDS,Ridge,signal_increment,0.01350000000000003,0.0
M2_Macro_Oil_vs_M3_Macro_Oil_RegQuality__normalized__Oil_Rent_Intensive_Pre2016_ge1pct,Regulatory_Quality_lag1,normalized,Oil_Rent_Intensive_Pre2016_ge1pct,Country_Holdout_CV,OOF_ALL_FOLDS,Ridge,signal_increment,0.01400000000000003,0.0
M2_Macro_Oil_vs_M3_Macro_Oil_RegQuality__normalized__Oil_Rent_Intensive_Pre2016_ge1pct,Regulatory_Quality_lag1,normalized,Oil_Rent_Intensive_Pre2016_ge1pct,Country_Holdout_CV,OOF_ALL_FOLDS,Ridge,signal_increment,0.01450000000000003,0.0
M2_Macro_Oil_vs_M3_Macro_Oil_RegQuality__normalized__Oil_Rent_Intensive_Pre2016_ge1pct,Regulatory_Quality_lag1,normalized,Oil_Rent_Intensive_Pre2016_ge1pct,Country_Holdout_CV,OOF_ALL_FOLDS,Ridge,signal_increment,0.01500000000000003,0.0
M2_Macro_Oil_vs_M3_Macro_Oil_RegQuality__normalized__Oil_Rent_Intensive_Pre2016_ge1pct,Regulatory_Quality_lag1,normalized,Oil_Rent_Intensive_Pre2016_ge1pct,Country_Holdout_CV,OOF_ALL_FOLDS,Ridge,signal_increment,0.015500000000000031,0.0
M2_Macro_Oil_vs_M3_Macro_Oil_RegQuality__normalized__Oil_Rent_Intensive_Pre2016_ge1pct,Regulatory_Quality_lag1,normalized,Oil_Rent_Intensive_Pre2016_ge1pct,Country_Holdout_CV,OOF_ALL_FOLDS,Ridge,signal_increment,0.01600000000000003,0.0
M2_Macro_Oil_vs_M3_Macro_Oil_RegQuality__normalized__Oil_Rent_Intensive_Pre2016_ge1pct,Regulatory_Quality_lag1,normalized,Oil_Rent_Intensive_Pre2016_ge1pct,Country_Holdout_CV,OOF_ALL_FOLDS,Ridge,signal_increment,0.016500000000000032,0.0
M2_Macro_Oil_vs_M3_Macro_Oil_RegQuality__normalized__Oil_Rent_Intensive_Pre2016_ge1pct,Regulatory_Quality_lag1,normalized,Oil_Rent_Intensive_Pre2016_ge1pct,Country_Holdout_CV,OOF_ALL_FOLDS,Ridge,signal_increment,0.017000000000000032,0.0
M2_Macro_Oil_vs_M3_Macro_Oil_RegQuality__normalized__Oil_Rent_Intensive_Pre2016_ge1pct,Regulatory_Quality_lag1,normalized,Oil_Rent_Intensive_Pre2016_ge1pct,Country_Holdout_CV,OOF_ALL_FOLDS,Ridge,signal_increment,0.017500000000000033,0.0
M2_Macro_Oil_vs_M3_Macro_Oil_RegQuality__normalized__Oil_Rent_Intensive_Pre2016_ge1pct,Regulatory_Quality_lag1,normalized,Oil_Rent_Intensive_Pre2016_ge1pct,Country_Holdout_CV,OOF_ALL_FOLDS,Ridge,signal_increment,0.018000000000000033,0.0
M2_Macro_Oil_vs_M3_Macro_Oil_RegQuality__normalized__Oil_Rent_Intensive_Pre2016_ge1pct,Regulatory_Quality_lag1,normalized,Oil_Rent_Intensive_Pre2016_ge1pct,Country_Holdout_CV,OOF_ALL_FOLDS,Ridge,signal_increment,0.018500000000000034,0.0
M2_Macro_Oil_vs_M3_Macro_Oil_RegQuality__normalized__Oil_Rent_Intensive_Pre2016_ge1pct,Regulatory_Quality_lag1,normalized,Oil_Rent_Intensive_Pre2016_ge1pct,Country_Holdout_CV,OOF_ALL_FOLDS,Ridge,signal_increment,0.019000000000000034,0.0
M2_Macro_Oil_vs_M3_Macro_Oil_RegQuality__normalized__Oil_Rent_Intensive_Pre2016_ge1pct,Regulatory_Quality_lag1,normalized,Oil_Rent_Intensive_Pre2016_ge1pct,Country_Holdout_CV,OOF_ALL_FOLDS,Ridge,signal_increment,0.019500000000000035,0.0
M2_Macro_Oil_vs_M3_Macro_Oil_RegQuality__normalized__Oil_Rent_Intensive_Pre2016_ge1pct,Regulatory_Quality_lag1,normalized,Oil_Rent_Intensive_Pre2016_ge1pct,Country_Holdout_CV,OOF_ALL_FOLDS,Ridge,signal_increment,0.020000000000000035,0.0
M2_Macro_Oil_vs_M3_Macro_Oil_RegQuality__normalized__Oil_Rent_Intensive_Pre2016_ge1pct,Regulatory_Quality_lag1,normalized,Oil_Rent_Intensive_Pre2016_ge1pct,Country_Holdout_CV,OOF_ALL_FOLDS,Ridge,signal_increment,0.020500000000000036,0.0
M2_Macro_Oil_vs_M3_Macro_Oil_RegQuality__normalized__Oil_Rent_Intensive_Pre2016_ge1pct,Regulatory_Quality_lag1,normalized,Oil_Rent_Intensive_Pre2016_ge1pct,Country_Holdout_CV,OOF_ALL_FOLDS,Ridge,signal_increment,0.021000000000000036,0.0
M2_Macro_Oil_vs_M3_Macro_Oil_RegQuality__normalized__Oil_Rent_Intensive_Pre2016_ge1pct,Regulatory_Quality_lag1,normalized,Oil_Rent_Intensive_Pre2016_ge1pct,Country_Holdout_CV,OOF_ALL_FOLDS,Ridge,signal_increment,0.021500000000000036,0.0
M2_Macro_Oil_vs_M3_Macro_Oil_RegQuality__normalized__Oil_Rent_Intensive_Pre2016_ge1pct,Regulatory_Quality_lag1,normalized,Oil_Rent_Intensive_Pre2016_ge1pct,Country_Holdout_CV,OOF_ALL_FOLDS,Ridge,signal_increment,0.022000000000000037,0.0
M2_Macro_Oil_vs_M3_Macro_Oil_RegQuality__normalized__Oil_Rent_Intensive_Pre2016_ge1pct,Regulatory_Quality_lag1,normalized,Oil_Rent_Intensive_Pre2016_ge1pct,Country_Holdout_CV,OOF_ALL_FOLDS,Ridge,signal_increment,0.022500000000000037,0.0
M2_Macro_Oil_vs_M3_Macro_Oil_RegQuality__normalized__Oil_Rent_Intensive_Pre2016_ge1pct,Regulatory_Quality_lag1,normalized,Oil_Rent_Intensive_Pre2016_ge1pct,Country_Holdout_CV,OOF_ALL_FOLDS,Ridge,signal_increment,0.023000000000000038,0.0
M2_Macro_Oil_vs_M3_Macro_Oil_RegQuality__normalized__Oil_Rent_Intensive_Pre2016_ge1pct,Regulatory_Quality_lag1,normalized,Oil_Rent_Intensive_Pre2016_ge1pct,Country_Holdout_CV,OOF_ALL_FOLDS,Ridge,signal_increment,0.023500000000000038,0.0
M2_Macro_Oil_vs_M3_Macro_Oil_RegQuality__normalized__Oil_Rent_Intensive_Pre2016_ge1pct,Regulatory_Quality_lag1,normalized,Oil_Rent_Intensive_Pre2016_ge1pct,Country_Holdout_CV,OOF_ALL_FOLDS,Ridge,signal_increment,0.02400000000000004,0.0
M2_Macro_Oil_vs_M3_Macro_Oil_RegQuality__normalized__Oil_Rent_Intensive_Pre2016_ge1pct,Regulatory_Quality_lag1,normalized,Oil_Rent_Intensive_Pre2016_ge1pct,Country_Holdout_CV,OOF_ALL_FOLDS,Ridge,signal_increment,0.02450000000000004,0.0
M2_Macro_Oil_vs_M3_Macro_Oil_RegQuality__normalized__Oil_Rent_Intensive_Pre2016_ge1pct,Regulatory_Quality_lag1,normalized,Oil_Rent_Intensive_Pre2016_ge1pct,Country_Holdout_CV,OOF_ALL_FOLDS,Ridge,signal_increment,0.02500000000000004,0.0
M2_Macro_Oil_vs_M3_Macro_Oil_RegQuality__normalized__Oil_Rent_Intensive_Pre2016_ge1pct,Regulatory_Quality_lag1,normalized,Oil_Rent_Intensive_Pre2016_ge1pct,Country_Holdout_CV,OOF_ALL_FOLDS,Ridge,signal_increment,0.02550000000000004,0.0
M2_Macro_Oil_vs_M3_Macro_Oil_RegQuality__normalized__Oil_Rent_Intensive_Pre2016_ge1pct,Regulatory_Quality_lag1,normalized,Oil_Rent_Intensive_Pre2016_ge1pct,Country_Holdout_CV,OOF_ALL_FOLDS,Ridge,signal_increment,0.02600000000000004,0.0
M2_Macro_Oil_vs_M3_Macro_Oil_RegQuality__normalized__Oil_Rent_Intensive_Pre2016_ge1pct,Regulatory_Quality_lag1,normalized,Oil_Rent_Intensive_Pre2016_ge1pct,Country_Holdout_CV,OOF_ALL_FOLDS,Ridge,signal_increment,0.02650000000000004,0.0
M2_Macro_Oil_vs_M3_Macro_Oil_RegQuality__normalized__Oil_Rent_Intensive_Pre2016_ge1pct,Regulatory_Quality_lag1,normalized,Oil_Rent_Intensive_Pre2016_ge1pct,Country_Holdout_CV,OOF_ALL_FOLDS,Ridge,signal_increment,0.02700000000000004,0.0
M2_Macro_Oil_vs_M3_Macro_Oil_RegQuality__normalized__Oil_Rent_Intensive_Pre2016_ge1pct,Regulatory_Quality_lag1,normalized,Oil_Rent_Intensive_Pre2016_ge1pct,Country_Holdout_CV,OOF_ALL_FOLDS,Ridge,signal_increment,0.027500000000000042,0.0
M2_Macro_Oil_vs_M3_Macro_Oil_RegQuality__normalized__Oil_Rent_Intensive_Pre2016_ge1pct,Regulatory_Quality_lag1,normalized,Oil_Rent_Intensive_Pre2016_ge1pct,Country_Holdout_CV,OOF_ALL_FOLDS,Ridge,signal_increment,0.028000000000000042,0.0
M2_Macro_Oil_vs_M3_Macro_Oil_RegQuality__normalized__Oil_Rent_Intensive_Pre2016_ge1pct,Regulatory_Quality_lag1,normalized,Oil_Rent_Intensive_Pre2016_ge1pct,Country_Holdout_CV,OOF_ALL_FOLDS,Ridge,signal_increment,0.028500000000000043,0.0
M2_Macro_Oil_vs_M3_Macro_Oil_RegQuality__normalized__Oil_Rent_Intensive_Pre2016_ge1pct,Regulatory_Quality_lag1,normalized,Oil_Rent_Intensive_Pre2016_ge1pct,Country_Holdout_CV,OOF_ALL_FOLDS,Ridge,signal_increment,0.029000000000000043,0.0
M2_Macro_Oil_vs_M3_Macro_Oil_RegQuality__normalized__Oil_Rent_Intensive_Pre2016_ge1pct,Regulatory_Quality_lag1,normalized,Oil_Rent_Intensive_Pre2016_ge1pct,Country_Holdout_CV,OOF_ALL_FOLDS,Ridge,signal_increment,0.029500000000000044,0.0
M2_Macro_Oil_vs_M3_Macro_Oil_RegQuality__normalized__Oil_Rent_Intensive_Pre2016_ge1pct,Regulatory_Quality_lag1,normalized,Oil_Rent_Intensive_Pre2016_ge1pct,Country_Holdout_CV,OOF_ALL_FOLDS,Ridge,signal_increment,0.030000000000000044,0.0
M2_Macro_Oil_vs_M3_Macro_Oil_RegQuality__normalized__Oil_Rent_Intensive_Pre2016_ge1pct,Regulatory_Quality_lag1,normalized,Oil_Rent_Intensive_Pre2016_ge1pct,Country_Holdout_CV,OOF_ALL_FOLDS,Ridge,added_model_vs_strongest_benchmark,-0.02,1.0
M2_Macro_Oil_vs_M3_Macro_Oil_RegQuality__normalized__Oil_Rent_Intensive_Pre2016_ge1pct,Regulatory_Quality_lag1,normalized,Oil_Rent_Intensive_Pre2016_ge1pct,Country_Holdout_CV,OOF_ALL_FOLDS,Ridge,added_model_vs_strongest_benchmark,-0.0195,1.0
M2_Macro_Oil_vs_M3_Macro_Oil_RegQuality__normalized__Oil_Rent_Intensive_Pre2016_ge1pct,Regulatory_Quality_lag1,normalized,Oil_Rent_Intensive_Pre2016_ge1pct,Country_Holdout_CV,OOF_ALL_FOLDS,Ridge,added_model_vs_strongest_benchmark,-0.019,1.0
M2_Macro_Oil_vs_M3_Macro_Oil_RegQuality__normalized__Oil_Rent_Intensive_Pre2016_ge1pct,Regulatory_Quality_lag1,normalized,Oil_Rent_Intensive_Pre2016_ge1pct,Country_Holdout_CV,OOF_ALL_FOLDS,Ridge,added_model_vs_strongest_benchmark,-0.0185,1.0
M2_Macro_Oil_vs_M3_Macro_Oil_RegQuality__normalized__Oil_Rent_Intensive_Pre2016_ge1pct,Regulatory_Quality_lag1,normalized,Oil_Rent_Intensive_Pre2016_ge1pct,Country_Holdout_CV,OOF_ALL_FOLDS,Ridge,added_model_vs_strongest_benchmark,-0.018,1.0
M2_Macro_Oil_vs_M3_Macro_Oil_RegQuality__normalized__Oil_Rent_Intensive_Pre2016_ge1pct,Regulatory_Quality_lag1,normalized,Oil_Rent_Intensive_Pre2016_ge1pct,Country_Holdout_CV,OOF_ALL_FOLDS,Ridge,added_model_vs_strongest_benchmark,-0.017499999999999998,1.0
M2_Macro_Oil_vs_M3_Macro_Oil_RegQuality__normalized__Oil_Rent_Intensive_Pre2016_ge1pct,Regulatory_Quality_lag1,normalized,Oil_Rent_Intensive_Pre2016_ge1pct,Country_Holdout_CV,OOF_ALL_FOLDS,Ridge,added_model_vs_strongest_benchmark,-0.016999999999999998,1.0
M2_Macro_Oil_vs_M3_Macro_Oil_RegQuality__normalized__Oil_Rent_Intensive_Pre2016_ge1pct,Regulatory_Quality_lag1,normalized,Oil_Rent_Intensive_Pre2016_ge1pct,Country_Holdout_CV,OOF_ALL_FOLDS,Ridge,added_model_vs_strongest_benchmark,-0.016499999999999997,1.0
M2_Macro_Oil_vs_M3_Macro_Oil_RegQuality__normalized__Oil_Rent_Intensive_Pre2016_ge1pct,Regulatory_Quality_lag1,normalized,Oil_Rent_Intensive_Pre2016_ge1pct,Country_Holdout_CV,OOF_ALL_FOLDS,Ridge,added_model_vs_strongest_benchmark,-0.015999999999999997,1.0
M2_Macro_Oil_vs_M3_Macro_Oil_RegQuality__normalized__Oil_Rent_Intensive_Pre2016_ge1pct,Regulatory_Quality_lag1,normalized,Oil_Rent_Intensive_Pre2016_ge1pct,Country_Holdout_CV,OOF_ALL_FOLDS,Ridge,added_model_vs_strongest_benchmark,-0.015499999999999996,1.0
M2_Macro_Oil_vs_M3_Macro_Oil_RegQuality__normalized__Oil_Rent_Intensive_Pre2016_ge1pct,Regulatory_Quality_lag1,normalized,Oil_Rent_Intensive_Pre2016_ge1pct,Country_Holdout_CV,OOF_ALL_FOLDS,Ridge,added_model_vs_strongest_benchmark,-0.014999999999999996,1.0
M2_Macro_Oil_vs_M3_Macro_Oil_RegQuality__normalized__Oil_Rent_Intensive_Pre2016_ge1pct,Regulatory_Quality_lag1,normalized,Oil_Rent_Intensive_Pre2016_ge1pct,Country_Holdout_CV,OOF_ALL_FOLDS,Ridge,added_model_vs_strongest_benchmark,-0.014499999999999996,1.0
M2_Macro_Oil_vs_M3_Macro_Oil_RegQuality__normalized__Oil_Rent_Intensive_Pre2016_ge1pct,Regulatory_Quality_lag1,normalized,Oil_Rent_Intensive_Pre2016_ge1pct,Country_Holdout_CV,OOF_ALL_FOLDS,Ridge,added_model_vs_strongest_benchmark,-0.013999999999999995,1.0
M2_Macro_Oil_vs_M3_Macro_Oil_RegQuality__normalized__Oil_Rent_Intensive_Pre2016_ge1pct,Regulatory_Quality_lag1,normalized,Oil_Rent_Intensive_Pre2016_ge1pct,Country_Holdout_CV,OOF_ALL_FOLDS,Ridge,added_model_vs_strongest_benchmark,-0.013499999999999995,1.0
M2_Macro_Oil_vs_M3_Macro_Oil_RegQuality__normalized__Oil_Rent_Intensive_Pre2016_ge1pct,Regulatory_Quality_lag1,normalized,Oil_Rent_Intensive_Pre2016_ge1pct,Country_Holdout_CV,OOF_ALL_FOLDS,Ridge,added_model_vs_strongest_benchmark,-0.012999999999999994,1.0
M2_Macro_Oil_vs_M3_Macro_Oil_RegQuality__normalized__Oil_Rent_Intensive_Pre2016_ge1pct,Regulatory_Quality_lag1,normalized,Oil_Rent_Intensive_Pre2016_ge1pct,Country_Holdout_CV,OOF_ALL_FOLDS,Ridge,added_model_vs_strongest_benchmark,-0.012499999999999994,1.0
M2_Macro_Oil_vs_M3_Macro_Oil_RegQuality__normalized__Oil_Rent_Intensive_Pre2016_ge1pct,Regulatory_Quality_lag1,normalized,Oil_Rent_Intensive_Pre2016_ge1pct,Country_Holdout_CV,OOF_ALL_FOLDS,Ridge,added_model_vs_strongest_benchmark,-0.011999999999999993,1.0
M2_Macro_Oil_vs_M3_Macro_Oil_RegQuality__normalized__Oil_Rent_Intensive_Pre2016_ge1pct,Regulatory_Quality_lag1,normalized,Oil_Rent_Intensive_Pre2016_ge1pct,Country_Holdout_CV,OOF_ALL_FOLDS,Ridge,added_model_vs_strongest_benchmark,-0.011499999999999993,1.0
M2_Macro_Oil_vs_M3_Macro_Oil_RegQuality__normalized__Oil_Rent_Intensive_Pre2016_ge1pct,Regulatory_Quality_lag1,normalized,Oil_Rent_Intensive_Pre2016_ge1pct,Country_Holdout_CV,OOF_ALL_FOLDS,Ridge,added_model_vs_strongest_benchmark,-0.010999999999999992,1.0
M2_Macro_Oil_vs_M3_Macro_Oil_RegQuality__normalized__Oil_Rent_Intensive_Pre2016_ge1pct,Regulatory_Quality_lag1,normalized,Oil_Rent_Intensive_Pre2016_ge1pct,Country_Holdout_CV,OOF_ALL_FOLDS,Ridge,added_model_vs_strongest_benchmark,-0.010499999999999992,1.0
M2_Macro_Oil_vs_M3_Macro_Oil_RegQuality__normalized__Oil_Rent_Intensive_Pre2016_ge1pct,Regulatory_Quality_lag1,normalized,Oil_Rent_Intensive_Pre2016_ge1pct,Country_Holdout_CV,OOF_ALL_FOLDS,Ridge,added_model_vs_strongest_benchmark,-0.009999999999999992,1.0
M2_Macro_Oil_vs_M3_Macro_Oil_RegQuality__normalized__Oil_Rent_Intensive_Pre2016_ge1pct,Regulatory_Quality_lag1,normalized,Oil_Rent_Intensive_Pre2016_ge1pct,Country_Holdout_CV,OOF_ALL_FOLDS,Ridge,added_model_vs_strongest_benchmark,-0.009499999999999991,1.0
M2_Macro_Oil_vs_M3_Macro_Oil_RegQuality__normalized__Oil_Rent_Intensive_Pre2016_ge1pct,Regulatory_Quality_lag1,normalized,Oil_Rent_Intensive_Pre2016_ge1pct,Country_Holdout_CV,OOF_ALL_FOLDS,Ridge,added_model_vs_strongest_benchmark,-0.00899999999999999,1.0
M2_Macro_Oil_vs_M3_Macro_Oil_RegQuality__normalized__Oil_Rent_Intensive_Pre2016_ge1pct,Regulatory_Quality_lag1,normalized,Oil_Rent_Intensive_Pre2016_ge1pct,Country_Holdout_CV,OOF_ALL_FOLDS,Ridge,added_model_vs_strongest_benchmark,-0.00849999999999999,1.0
M2_Macro_Oil_vs_M3_Macro_Oil_RegQuality__normalized__Oil_Rent_Intensive_Pre2016_ge1pct,Regulatory_Quality_lag1,normalized,Oil_Rent_Intensive_Pre2016_ge1pct,Country_Holdout_CV,OOF_ALL_FOLDS,Ridge,added_model_vs_strongest_benchmark,-0.00799999999999999,1.0
M2_Macro_Oil_vs_M3_Macro_Oil_RegQuality__normalized__Oil_Rent_Intensive_Pre2016_ge1pct,Regulatory_Quality_lag1,normalized,Oil_Rent_Intensive_Pre2016_ge1pct,Country_Holdout_CV,OOF_ALL_FOLDS,Ridge,added_model_vs_strongest_benchmark,-0.007499999999999989,1.0
M2_Macro_Oil_vs_M3_Macro_Oil_RegQuality__normalized__Oil_Rent_Intensive_Pre2016_ge1pct,Regulatory_Quality_lag1,normalized,Oil_Rent_Intensive_Pre2016_ge1pct,Country_Holdout_CV,OOF_ALL_FOLDS,Ridge,added_model_vs_strongest_benchmark,-0.006999999999999989,1.0
M2_Macro_Oil_vs_M3_Macro_Oil_RegQuality__normalized__Oil_Rent_Intensive_Pre2016_ge1pct,Regulatory_Quality_lag1,normalized,Oil_Rent_Intensive_Pre2016_ge1pct,Country_Holdout_CV,OOF_ALL_FOLDS,Ridge,added_model_vs_strongest_benchmark,-0.006499999999999988,1.0
M2_Macro_Oil_vs_M3_Macro_Oil_RegQuality__normalized__Oil_Rent_Intensive_Pre2016_ge1pct,Regulatory_Quality_lag1,normalized,Oil_Rent_Intensive_Pre2016_ge1pct,Country_Holdout_CV,OOF_ALL_FOLDS,Ridge,added_model_vs_strongest_benchmark,-0.005999999999999988,1.0
M2_Macro_Oil_vs_M3_Macro_Oil_RegQuality__normalized__Oil_Rent_Intensive_Pre2016_ge1pct,Regulatory_Quality_lag1,normalized,Oil_Rent_Intensive_Pre2016_ge1pct,Country_Holdout_CV,OOF_ALL_FOLDS,Ridge,added_model_vs_strongest_benchmark,-0.0054999999999999875,1.0
M2_Macro_Oil_vs_M3_Macro_Oil_RegQuality__normalized__Oil_Rent_Intensive_Pre2016_ge1pct,Regulatory_Quality_lag1,normalized,Oil_Rent_Intensive_Pre2016_ge1pct,Country_Holdout_CV,OOF_ALL_FOLDS,Ridge,added_model_vs_strongest_benchmark,-0.004999999999999987,1.0
M2_Macro_Oil_vs_M3_Macro_Oil_RegQuality__normalized__Oil_Rent_Intensive_Pre2016_ge1pct,Regulatory_Quality_lag1,normalized,Oil_Rent_Intensive_Pre2016_ge1pct,Country_Holdout_CV,OOF_ALL_FOLDS,Ridge,added_model_vs_strongest_benchmark,-0.004499999999999987,1.0
M2_Macro_Oil_vs_M3_Macro_Oil_RegQuality__normalized__Oil_Rent_Intensive_Pre2016_ge1pct,Regulatory_Quality_lag1,normalized,Oil_Rent_Intensive_Pre2016_ge1pct,Country_Holdout_CV,OOF_ALL_FOLDS,Ridge,added_model_vs_strongest_benchmark,-0.003999999999999986,1.0
M2_Macro_Oil_vs_M3_Macro_Oil_RegQuality__normalized__Oil_Rent_Intensive_Pre2016_ge1pct,Regulatory_Quality_lag1,normalized,Oil_Rent_Intensive_Pre2016_ge1pct,Country_Holdout_CV,OOF_ALL_FOLDS,Ridge,added_model_vs_strongest_benchmark,-0.0034999999999999858,1.0
M2_Macro_Oil_vs_M3_Macro_Oil_RegQuality__normalized__Oil_Rent_Intensive_Pre2016_ge1pct,Regulatory_Quality_lag1,normalized,Oil_Rent_Intensive_Pre2016_ge1pct,Country_Holdout_CV,OOF_ALL_FOLDS,Ridge,added_model_vs_strongest_benchmark,-0.0029999999999999853,1.0
M2_Macro_Oil_vs_M3_Macro_Oil_RegQuality__normalized__Oil_Rent_Intensive_Pre2016_ge1pct,Regulatory_Quality_lag1,normalized,Oil_Rent_Intensive_Pre2016_ge1pct,Country_Holdout_CV,OOF_ALL_FOLDS,Ridge,added_model_vs_strongest_benchmark,-0.002499999999999985,1.0
M2_Macro_Oil_vs_M3_Macro_Oil_RegQuality__normalized__Oil_Rent_Intensive_Pre2016_ge1pct,Regulatory_Quality_lag1,normalized,Oil_Rent_Intensive_Pre2016_ge1pct,Country_Holdout_CV,OOF_ALL_FOLDS,Ridge,added_model_vs_strongest_benchmark,-0.0019999999999999844,1.0
M2_Macro_Oil_vs_M3_Macro_Oil_RegQuality__normalized__Oil_Rent_Intensive_Pre2016_ge1pct,Regulatory_Quality_lag1,normalized,Oil_Rent_Intensive_Pre2016_ge1pct,Country_Holdout_CV,OOF_ALL_FOLDS,Ridge,added_model_vs_strongest_benchmark,-0.001499999999999984,1.0
M2_Macro_Oil_vs_M3_Macro_Oil_RegQuality__normalized__Oil_Rent_Intensive_Pre2016_ge1pct,Regulatory_Quality_lag1,normalized,Oil_Rent_Intensive_Pre2016_ge1pct,Country_Holdout_CV,OOF_ALL_FOLDS,Ridge,added_model_vs_strongest_benchmark,-0.0009999999999999835,1.0
M2_Macro_Oil_vs_M3_Macro_Oil_RegQuality__normalized__Oil_Rent_Intensive_Pre2016_ge1pct,Regulatory_Quality_lag1,normalized,Oil_Rent_Intensive_Pre2016_ge1pct,Country_Holdout_CV,OOF_ALL_FOLDS,Ridge,added_model_vs_strongest_benchmark,-0.0004999999999999831,1.0
M2_Macro_Oil_vs_M3_Macro_Oil_RegQuality__normalized__Oil_Rent_Intensive_Pre2016_ge1pct,Regulatory_Quality_lag1,normalized,Oil_Rent_Intensive_Pre2016_ge1pct,Country_Holdout_CV,OOF_ALL_FOLDS,Ridge,added_model_vs_strongest_benchmark,1.734723475976807e-17,1.0
M2_Macro_Oil_vs_M3_Macro_Oil_RegQuality__normalized__Oil_Rent_Intensive_Pre2016_ge1pct,Regulatory_Quality_lag1,normalized,Oil_Rent_Intensive_Pre2016_ge1pct,Country_Holdout_CV,OOF_ALL_FOLDS,Ridge,added_model_vs_strongest_benchmark,0.0005000000000000178,1.0
M2_Macro_Oil_vs_M3_Macro_Oil_RegQuality__normalized__Oil_Rent_Intensive_Pre2016_ge1pct,Regulatory_Quality_lag1,normalized,Oil_Rent_Intensive_Pre2016_ge1pct,Country_Holdout_CV,OOF_ALL_FOLDS,Ridge,added_model_vs_strongest_benchmark,0.0010000000000000182,1.0
M2_Macro_Oil_vs_M3_Macro_Oil_RegQuality__normalized__Oil_Rent_Intensive_Pre2016_ge1pct,Regulatory_Quality_lag1,normalized,Oil_Rent_Intensive_Pre2016_ge1pct,Country_Holdout_CV,OOF_ALL_FOLDS,Ridge,added_model_vs_strongest_benchmark,0.0015000000000000187,1.0
M2_Macro_Oil_vs_M3_Macro_Oil_RegQuality__normalized__Oil_Rent_Intensive_Pre2016_ge1pct,Regulatory_Quality_lag1,normalized,Oil_Rent_Intensive_Pre2016_ge1pct,Country_Holdout_CV,OOF_ALL_FOLDS,Ridge,added_model_vs_strongest_benchmark,0.002000000000000019,1.0
M2_Macro_Oil_vs_M3_Macro_Oil_RegQuality__normalized__Oil_Rent_Intensive_Pre2016_ge1pct,Regulatory_Quality_lag1,normalized,Oil_Rent_Intensive_Pre2016_ge1pct,Country_Holdout_CV,OOF_ALL_FOLDS,Ridge,added_model_vs_strongest_benchmark,0.0025000000000000196,1.0
M2_Macro_Oil_vs_M3_Macro_Oil_RegQuality__normalized__Oil_Rent_Intensive_Pre2016_ge1pct,Regulatory_Quality_lag1,normalized,Oil_Rent_Intensive_Pre2016_ge1pct,Country_Holdout_CV,OOF_ALL_FOLDS,Ridge,added_model_vs_strongest_benchmark,0.00300000000000002,1.0
M2_Macro_Oil_vs_M3_Macro_Oil_RegQuality__normalized__Oil_Rent_Intensive_Pre2016_ge1pct,Regulatory_Quality_lag1,normalized,Oil_Rent_Intensive_Pre2016_ge1pct,Country_Holdout_CV,OOF_ALL_FOLDS,Ridge,added_model_vs_strongest_benchmark,0.0035000000000000205,1.0
M2_Macro_Oil_vs_M3_Macro_Oil_RegQuality__normalized__Oil_Rent_Intensive_Pre2016_ge1pct,Regulatory_Quality_lag1,normalized,Oil_Rent_Intensive_Pre2016_ge1pct,Country_Holdout_CV,OOF_ALL_FOLDS,Ridge,added_model_vs_strongest_benchmark,0.004000000000000021,1.0
M2_Macro_Oil_vs_M3_Macro_Oil_RegQuality__normalized__Oil_Rent_Intensive_Pre2016_ge1pct,Regulatory_Quality_lag1,normalized,Oil_Rent_Intensive_Pre2016_ge1pct,Country_Holdout_CV,OOF_ALL_FOLDS,Ridge,added_model_vs_strongest_benchmark,0.004500000000000021,1.0
M2_Macro_Oil_vs_M3_Macro_Oil_RegQuality__normalized__Oil_Rent_Intensive_Pre2016_ge1pct,Regulatory_Quality_lag1,normalized,Oil_Rent_Intensive_Pre2016_ge1pct,Country_Holdout_CV,OOF_ALL_FOLDS,Ridge,added_model_vs_strongest_benchmark,0.005000000000000022,1.0
M2_Macro_Oil_vs_M3_Macro_Oil_RegQuality__normalized__Oil_Rent_Intensive_Pre2016_ge1pct,Regulatory_Quality_lag1,normalized,Oil_Rent_Intensive_Pre2016_ge1pct,Country_Holdout_CV,OOF_ALL_FOLDS,Ridge,added_model_vs_strongest_benchmark,0.005500000000000022,1.0
M2_Macro_Oil_vs_M3_Macro_Oil_RegQuality__normalized__Oil_Rent_Intensive_Pre2016_ge1pct,Regulatory_Quality_lag1,normalized,Oil_Rent_Intensive_Pre2016_ge1pct,Country_Holdout_CV,OOF_ALL_FOLDS,Ridge,added_model_vs_strongest_benchmark,0.006000000000000023,1.0
M2_Macro_Oil_vs_M3_Macro_Oil_RegQuality__normalized__Oil_Rent_Intensive_Pre2016_ge1pct,Regulatory_Quality_lag1,normalized,Oil_Rent_Intensive_Pre2016_ge1pct,Country_Holdout_CV,OOF_ALL_FOLDS,Ridge,added_model_vs_strongest_benchmark,0.006500000000000023,1.0
M2_Macro_Oil_vs_M3_Macro_Oil_RegQuality__normalized__Oil_Rent_Intensive_Pre2016_ge1pct,Regulatory_Quality_lag1,normalized,Oil_Rent_Intensive_Pre2016_ge1pct,Country_Holdout_CV,OOF_ALL_FOLDS,Ridge,added_model_vs_strongest_benchmark,0.0070000000000000236,1.0
M2_Macro_Oil_vs_M3_Macro_Oil_RegQuality__normalized__Oil_Rent_Intensive_Pre2016_ge1pct,Regulatory_Quality_lag1,normalized,Oil_Rent_Intensive_Pre2016_ge1pct,Country_Holdout_CV,OOF_ALL_FOLDS,Ridge,added_model_vs_strongest_benchmark,0.007500000000000024,1.0
M2_Macro_Oil_vs_M3_Macro_Oil_RegQuality__normalized__Oil_Rent_Intensive_Pre2016_ge1pct,Regulatory_Quality_lag1,normalized,Oil_Rent_Intensive_Pre2016_ge1pct,Country_Holdout_CV,OOF_ALL_FOLDS,Ridge,added_model_vs_strongest_benchmark,0.008000000000000024,1.0
M2_Macro_Oil_vs_M3_Macro_Oil_RegQuality__normalized__Oil_Rent_Intensive_Pre2016_ge1pct,Regulatory_Quality_lag1,normalized,Oil_Rent_Intensive_Pre2016_ge1pct,Country_Holdout_CV,OOF_ALL_FOLDS,Ridge,added_model_vs_strongest_benchmark,0.008500000000000025,1.0
M2_Macro_Oil_vs_M3_Macro_Oil_RegQuality__normalized__Oil_Rent_Intensive_Pre2016_ge1pct,Regulatory_Quality_lag1,normalized,Oil_Rent_Intensive_Pre2016_ge1pct,Country_Holdout_CV,OOF_ALL_FOLDS,Ridge,added_model_vs_strongest_benchmark,0.009000000000000025,1.0
M2_Macro_Oil_vs_M3_Macro_Oil_RegQuality__normalized__Oil_Rent_Intensive_Pre2016_ge1pct,Regulatory_Quality_lag1,normalized,Oil_Rent_Intensive_Pre2016_ge1pct,Country_Holdout_CV,OOF_ALL_FOLDS,Ridge,added_model_vs_strongest_benchmark,0.009500000000000026,1.0
M2_Macro_Oil_vs_M3_Macro_Oil_RegQuality__normalized__Oil_Rent_Intensive_Pre2016_ge1pct,Regulatory_Quality_lag1,normalized,Oil_Rent_Intensive_Pre2016_ge1pct,Country_Holdout_CV,OOF_ALL_FOLDS,Ridge,added_model_vs_strongest_benchmark,0.010000000000000026,1.0
M2_Macro_Oil_vs_M3_Macro_Oil_RegQuality__normalized__Oil_Rent_Intensive_Pre2016_ge1pct,Regulatory_Quality_lag1,normalized,Oil_Rent_Intensive_Pre2016_ge1pct,Country_Holdout_CV,OOF_ALL_FOLDS,Ridge,added_model_vs_strongest_benchmark,0.010500000000000027,1.0
M2_Macro_Oil_vs_M3_Macro_Oil_RegQuality__normalized__Oil_Rent_Intensive_Pre2016_ge1pct,Regulatory_Quality_lag1,normalized,Oil_Rent_Intensive_Pre2016_ge1pct,Country_Holdout_CV,OOF_ALL_FOLDS,Ridge,added_model_vs_strongest_benchmark,0.011000000000000027,1.0
M2_Macro_Oil_vs_M3_Macro_Oil_RegQuality__normalized__Oil_Rent_Intensive_Pre2016_ge1pct,Regulatory_Quality_lag1,normalized,Oil_Rent_Intensive_Pre2016_ge1pct,Country_Holdout_CV,OOF_ALL_FOLDS,Ridge,added_model_vs_strongest_benchmark,0.011500000000000028,1.0
M2_Macro_Oil_vs_M3_Macro_Oil_RegQuality__normalized__Oil_Rent_Intensive_Pre2016_ge1pct,Regulatory_Quality_lag1,normalized,Oil_Rent_Intensive_Pre2016_ge1pct,Country_Holdout_CV,OOF_ALL_FOLDS,Ridge,added_model_vs_strongest_benchmark,0.012000000000000028,1.0
M2_Macro_Oil_vs_M3_Macro_Oil_RegQuality__normalized__Oil_Rent_Intensive_Pre2016_ge1pct,Regulatory_Quality_lag1,normalized,Oil_Rent_Intensive_Pre2016_ge1pct,Country_Holdout_CV,OOF_ALL_FOLDS,Ridge,added_model_vs_strongest_benchmark,0.012500000000000028,1.0
M2_Macro_Oil_vs_M3_Macro_Oil_RegQuality__normalized__Oil_Rent_Intensive_Pre2016_ge1pct,Regulatory_Quality_lag1,normalized,Oil_Rent_Intensive_Pre2016_ge1pct,Country_Holdout_CV,OOF_ALL_FOLDS,Ridge,added_model_vs_strongest_benchmark,0.013000000000000029,1.0
M2_Macro_Oil_vs_M3_Macro_Oil_RegQuality__normalized__Oil_Rent_Intensive_Pre2016_ge1pct,Regulatory_Quality_lag1,normalized,Oil_Rent_Intensive_Pre2016_ge1pct,Country_Holdout_CV,OOF_ALL_FOLDS,Ridge,added_model_vs_strongest_benchmark,0.01350000000000003,1.0
M2_Macro_Oil_vs_M3_Macro_Oil_RegQuality__normalized__Oil_Rent_Intensive_Pre2016_ge1pct,Regulatory_Quality_lag1,normalized,Oil_Rent_Intensive_Pre2016_ge1pct,Country_Holdout_CV,OOF_ALL_FOLDS,Ridge,added_model_vs_strongest_benchmark,0.01400000000000003,1.0
M2_Macro_Oil_vs_M3_Macro_Oil_RegQuality__normalized__Oil_Rent_Intensive_Pre2016_ge1pct,Regulatory_Quality_lag1,normalized,Oil_Rent_Intensive_Pre2016_ge1pct,Country_Holdout_CV,OOF_ALL_FOLDS,Ridge,added_model_vs_strongest_benchmark,0.01450000000000003,1.0
M2_Macro_Oil_vs_M3_Macro_Oil_RegQuality__normalized__Oil_Rent_Intensive_Pre2016_ge1pct,Regulatory_Quality_lag1,normalized,Oil_Rent_Intensive_Pre2016_ge1pct,Country_Holdout_CV,OOF_ALL_FOLDS,Ridge,added_model_vs_strongest_benchmark,0.01500000000000003,1.0
M2_Macro_Oil_vs_M3_Macro_Oil_RegQuality__normalized__Oil_Rent_Intensive_Pre2016_ge1pct,Regulatory_Quality_lag1,normalized,Oil_Rent_Intensive_Pre2016_ge1pct,Country_Holdout_CV,OOF_ALL_FOLDS,Ridge,added_model_vs_strongest_benchmark,0.015500000000000031,1.0
M2_Macro_Oil_vs_M3_Macro_Oil_RegQuality__normalized__Oil_Rent_Intensive_Pre2016_ge1pct,Regulatory_Quality_lag1,normalized,Oil_Rent_Intensive_Pre2016_ge1pct,Country_Holdout_CV,OOF_ALL_FOLDS,Ridge,added_model_vs_strongest_benchmark,0.01600000000000003,1.0
M2_Macro_Oil_vs_M3_Macro_Oil_RegQuality__normalized__Oil_Rent_Intensive_Pre2016_ge1pct,Regulatory_Quality_lag1,normalized,Oil_Rent_Intensive_Pre2016_ge1pct,Country_Holdout_CV,OOF_ALL_FOLDS,Ridge,added_model_vs_strongest_benchmark,0.016500000000000032,1.0
M2_Macro_Oil_vs_M3_Macro_Oil_RegQuality__normalized__Oil_Rent_Intensive_Pre2016_ge1pct,Regulatory_Quality_lag1,normalized,Oil_Rent_Intensive_Pre2016_ge1pct,Country_Holdout_CV,OOF_ALL_FOLDS,Ridge,added_model_vs_strongest_benchmark,0.017000000000000032,1.0
M2_Macro_Oil_vs_M3_Macro_Oil_RegQuality__normalized__Oil_Rent_Intensive_Pre2016_ge1pct,Regulatory_Quality_lag1,normalized,Oil_Rent_Intensive_Pre2016_ge1pct,Country_Holdout_CV,OOF_ALL_FOLDS,Ridge,added_model_vs_strongest_benchmark,0.017500000000000033,1.0
M2_Macro_Oil_vs_M3_Macro_Oil_RegQuality__normalized__Oil_Rent_Intensive_Pre2016_ge1pct,Regulatory_Quality_lag1,normalized,Oil_Rent_Intensive_Pre2016_ge1pct,Country_Holdout_CV,OOF_ALL_FOLDS,Ridge,added_model_vs_strongest_benchmark,0.018000000000000033,1.0
M2_Macro_Oil_vs_M3_Macro_Oil_RegQuality__normalized__Oil_Rent_Intensive_Pre2016_ge1pct,Regulatory_Quality_lag1,normalized,Oil_Rent_Intensive_Pre2016_ge1pct,Country_Holdout_CV,OOF_ALL_FOLDS,Ridge,added_model_vs_strongest_benchmark,0.018500000000000034,1.0
M2_Macro_Oil_vs_M3_Macro_Oil_RegQuality__normalized__Oil_Rent_Intensive_Pre2016_ge1pct,Regulatory_Quality_lag1,normalized,Oil_Rent_Intensive_Pre2016_ge1pct,Country_Holdout_CV,OOF_ALL_FOLDS,Ridge,added_model_vs_strongest_benchmark,0.019000000000000034,1.0
M2_Macro_Oil_vs_M3_Macro_Oil_RegQuality__normalized__Oil_Rent_Intensive_Pre2016_ge1pct,Regulatory_Quality_lag1,normalized,Oil_Rent_Intensive_Pre2016_ge1pct,Country_Holdout_CV,OOF_ALL_FOLDS,Ridge,added_model_vs_strongest_benchmark,0.019500000000000035,1.0
M2_Macro_Oil_vs_M3_Macro_Oil_RegQuality__normalized__Oil_Rent_Intensive_Pre2016_ge1pct,Regulatory_Quality_lag1,normalized,Oil_Rent_Intensive_Pre2016_ge1pct,Country_Holdout_CV,OOF_ALL_FOLDS,Ridge,added_model_vs_strongest_benchmark,0.020000000000000035,1.0
M2_Macro_Oil_vs_M3_Macro_Oil_RegQuality__normalized__Oil_Rent_Intensive_Pre2016_ge1pct,Regulatory_Quality_lag1,normalized,Oil_Rent_Intensive_Pre2016_ge1pct,Country_Holdout_CV,OOF_ALL_FOLDS,Ridge,added_model_vs_strongest_benchmark,0.020500000000000036,1.0
M2_Macro_Oil_vs_M3_Macro_Oil_RegQuality__normalized__Oil_Rent_Intensive_Pre2016_ge1pct,Regulatory_Quality_lag1,normalized,Oil_Rent_Intensive_Pre2016_ge1pct,Country_Holdout_CV,OOF_ALL_FOLDS,Ridge,added_model_vs_strongest_benchmark,0.021000000000000036,1.0
M2_Macro_Oil_vs_M3_Macro_Oil_RegQuality__normalized__Oil_Rent_Intensive_Pre2016_ge1pct,Regulatory_Quality_lag1,normalized,Oil_Rent_Intensive_Pre2016_ge1pct,Country_Holdout_CV,OOF_ALL_FOLDS,Ridge,added_model_vs_strongest_benchmark,0.021500000000000036,1.0
M2_Macro_Oil_vs_M3_Macro_Oil_RegQuality__normalized__Oil_Rent_Intensive_Pre2016_ge1pct,Regulatory_Quality_lag1,normalized,Oil_Rent_Intensive_Pre2016_ge1pct,Country_Holdout_CV,OOF_ALL_FOLDS,Ridge,added_model_vs_strongest_benchmark,0.022000000000000037,1.0
M2_Macro_Oil_vs_M3_Macro_Oil_RegQuality__normalized__Oil_Rent_Intensive_Pre2016_ge1pct,Regulatory_Quality_lag1,normalized,Oil_Rent_Intensive_Pre2016_ge1pct,Country_Holdout_CV,OOF_ALL_FOLDS,Ridge,added_model_vs_strongest_benchmark,0.022500000000000037,1.0
M2_Macro_Oil_vs_M3_Macro_Oil_RegQuality__normalized__Oil_Rent_Intensive_Pre2016_ge1pct,Regulatory_Quality_lag1,normalized,Oil_Rent_Intensive_Pre2016_ge1pct,Country_Holdout_CV,OOF_ALL_FOLDS,Ridge,added_model_vs_strongest_benchmark,0.023000000000000038,1.0
M2_Macro_Oil_vs_M3_Macro_Oil_RegQuality__normalized__Oil_Rent_Intensive_Pre2016_ge1pct,Regulatory_Quality_lag1,normalized,Oil_Rent_Intensive_Pre2016_ge1pct,Country_Holdout_CV,OOF_ALL_FOLDS,Ridge,added_model_vs_strongest_benchmark,0.023500000000000038,1.0
M2_Macro_Oil_vs_M3_Macro_Oil_RegQuality__normalized__Oil_Rent_Intensive_Pre2016_ge1pct,Regulatory_Quality_lag1,normalized,Oil_Rent_Intensive_Pre2016_ge1pct,Country_Holdout_CV,OOF_ALL_FOLDS,Ridge,added_model_vs_strongest_benchmark,0.02400000000000004,1.0
M2_Macro_Oil_vs_M3_Macro_Oil_RegQuality__normalized__Oil_Rent_Intensive_Pre2016_ge1pct,Regulatory_Quality_lag1,normalized,Oil_Rent_Intensive_Pre2016_ge1pct,Country_Holdout_CV,OOF_ALL_FOLDS,Ridge,added_model_vs_strongest_benchmark,0.02450000000000004,1.0
M2_Macro_Oil_vs_M3_Macro_Oil_RegQuality__normalized__Oil_Rent_Intensive_Pre2016_ge1pct,Regulatory_Quality_lag1,normalized,Oil_Rent_Intensive_Pre2016_ge1pct,Country_Holdout_CV,OOF_ALL_FOLDS,Ridge,added_model_vs_strongest_benchmark,0.02500000000000004,1.0
M2_Macro_Oil_vs_M3_Macro_Oil_RegQuality__normalized__Oil_Rent_Intensive_Pre2016_ge1pct,Regulatory_Quality_lag1,normalized,Oil_Rent_Intensive_Pre2016_ge1pct,Country_Holdout_CV,OOF_ALL_FOLDS,Ridge,added_model_vs_strongest_benchmark,0.02550000000000004,1.0
M2_Macro_Oil_vs_M3_Macro_Oil_RegQuality__normalized__Oil_Rent_Intensive_Pre2016_ge1pct,Regulatory_Quality_lag1,normalized,Oil_Rent_Intensive_Pre2016_ge1pct,Country_Holdout_CV,OOF_ALL_FOLDS,Ridge,added_model_vs_strongest_benchmark,0.02600000000000004,1.0
M2_Macro_Oil_vs_M3_Macro_Oil_RegQuality__normalized__Oil_Rent_Intensive_Pre2016_ge1pct,Regulatory_Quality_lag1,normalized,Oil_Rent_Intensive_Pre2016_ge1pct,Country_Holdout_CV,OOF_ALL_FOLDS,Ridge,added_model_vs_strongest_benchmark,0.02650000000000004,1.0
M2_Macro_Oil_vs_M3_Macro_Oil_RegQuality__normalized__Oil_Rent_Intensive_Pre2016_ge1pct,Regulatory_Quality_lag1,normalized,Oil_Rent_Intensive_Pre2016_ge1pct,Country_Holdout_CV,OOF_ALL_FOLDS,Ridge,added_model_vs_strongest_benchmark,0.02700000000000004,1.0
M2_Macro_Oil_vs_M3_Macro_Oil_RegQuality__normalized__Oil_Rent_Intensive_Pre2016_ge1pct,Regulatory_Quality_lag1,normalized,Oil_Rent_Intensive_Pre2016_ge1pct,Country_Holdout_CV,OOF_ALL_FOLDS,Ridge,added_model_vs_strongest_benchmark,0.027500000000000042,1.0
M2_Macro_Oil_vs_M3_Macro_Oil_RegQuality__normalized__Oil_Rent_Intensive_Pre2016_ge1pct,Regulatory_Quality_lag1,normalized,Oil_Rent_Intensive_Pre2016_ge1pct,Country_Holdout_CV,OOF_ALL_FOLDS,Ridge,added_model_vs_strongest_benchmark,0.028000000000000042,1.0
M2_Macro_Oil_vs_M3_Macro_Oil_RegQuality__normalized__Oil_Rent_Intensive_Pre2016_ge1pct,Regulatory_Quality_lag1,normalized,Oil_Rent_Intensive_Pre2016_ge1pct,Country_Holdout_CV,OOF_ALL_FOLDS,Ridge,added_model_vs_strongest_benchmark,0.028500000000000043,1.0
M2_Macro_Oil_vs_M3_Macro_Oil_RegQuality__normalized__Oil_Rent_Intensive_Pre2016_ge1pct,Regulatory_Quality_lag1,normalized,Oil_Rent_Intensive_Pre2016_ge1pct,Country_Holdout_CV,OOF_ALL_FOLDS,Ridge,added_model_vs_strongest_benchmark,0.029000000000000043,1.0
M2_Macro_Oil_vs_M3_Macro_Oil_RegQuality__normalized__Oil_Rent_Intensive_Pre2016_ge1pct,Regulatory_Quality_lag1,normalized,Oil_Rent_Intensive_Pre2016_ge1pct,Country_Holdout_CV,OOF_ALL_FOLDS,Ridge,added_model_vs_strongest_benchmark,0.029500000000000044,1.0
M2_Macro_Oil_vs_M3_Macro_Oil_RegQuality__normalized__Oil_Rent_Intensive_Pre2016_ge1pct,Regulatory_Quality_lag1,normalized,Oil_Rent_Intensive_Pre2016_ge1pct,Country_Holdout_CV,OOF_ALL_FOLDS,Ridge,added_model_vs_strongest_benchmark,0.030000000000000044,1.0
M2_Macro_Oil_vs_M3_Macro_Oil_RegQuality__normalized__Oil_Rent_Intensive_Pre2016_ge1pct,Regulatory_Quality_lag1,normalized,Oil_Rent_Intensive_Pre2016_ge1pct,Country_Holdout_CV,OOF_ALL_FOLDS,ElasticNet,signal_increment,-0.02,1.0
M2_Macro_Oil_vs_M3_Macro_Oil_RegQuality__normalized__Oil_Rent_Intensive_Pre2016_ge1pct,Regulatory_Quality_lag1,normalized,Oil_Rent_Intensive_Pre2016_ge1pct,Country_Holdout_CV,OOF_ALL_FOLDS,ElasticNet,signal_increment,-0.0195,1.0
M2_Macro_Oil_vs_M3_Macro_Oil_RegQuality__normalized__Oil_Rent_Intensive_Pre2016_ge1pct,Regulatory_Quality_lag1,normalized,Oil_Rent_Intensive_Pre2016_ge1pct,Country_Holdout_CV,OOF_ALL_FOLDS,ElasticNet,signal_increment,-0.019,1.0
M2_Macro_Oil_vs_M3_Macro_Oil_RegQuality__normalized__Oil_Rent_Intensive_Pre2016_ge1pct,Regulatory_Quality_lag1,normalized,Oil_Rent_Intensive_Pre2016_ge1pct,Country_Holdout_CV,OOF_ALL_FOLDS,ElasticNet,signal_increment,-0.0185,1.0
M2_Macro_Oil_vs_M3_Macro_Oil_RegQuality__normalized__Oil_Rent_Intensive_Pre2016_ge1pct,Regulatory_Quality_lag1,normalized,Oil_Rent_Intensive_Pre2016_ge1pct,Country_Holdout_CV,OOF_ALL_FOLDS,ElasticNet,signal_increment,-0.018,1.0
M2_Macro_Oil_vs_M3_Macro_Oil_RegQuality__normalized__Oil_Rent_Intensive_Pre2016_ge1pct,Regulatory_Quality_lag1,normalized,Oil_Rent_Intensive_Pre2016_ge1pct,Country_Holdout_CV,OOF_ALL_FOLDS,ElasticNet,signal_increment,-0.017499999999999998,1.0
M2_Macro_Oil_vs_M3_Macro_Oil_RegQuality__normalized__Oil_Rent_Intensive_Pre2016_ge1pct,Regulatory_Quality_lag1,normalized,Oil_Rent_Intensive_Pre2016_ge1pct,Country_Holdout_CV,OOF_ALL_FOLDS,ElasticNet,signal_increment,-0.016999999999999998,1.0
M2_Macro_Oil_vs_M3_Macro_Oil_RegQuality__normalized__Oil_Rent_Intensive_Pre2016_ge1pct,Regulatory_Quality_lag1,normalized,Oil_Rent_Intensive_Pre2016_ge1pct,Country_Holdout_CV,OOF_ALL_FOLDS,ElasticNet,signal_increment,-0.016499999999999997,1.0
M2_Macro_Oil_vs_M3_Macro_Oil_RegQuality__normalized__Oil_Rent_Intensive_Pre2016_ge1pct,Regulatory_Quality_lag1,normalized,Oil_Rent_Intensive_Pre2016_ge1pct,Country_Holdout_CV,OOF_ALL_FOLDS,ElasticNet,signal_increment,-0.015999999999999997,1.0
M2_Macro_Oil_vs_M3_Macro_Oil_RegQuality__normalized__Oil_Rent_Intensive_Pre2016_ge1pct,Regulatory_Quality_lag1,normalized,Oil_Rent_Intensive_Pre2016_ge1pct,Country_Holdout_CV,OOF_ALL_FOLDS,ElasticNet,signal_increment,-0.015499999999999996,1.0
M2_Macro_Oil_vs_M3_Macro_Oil_RegQuality__normalized__Oil_Rent_Intensive_Pre2016_ge1pct,Regulatory_Quality_lag1,normalized,Oil_Rent_Intensive_Pre2016_ge1pct,Country_Holdout_CV,OOF_ALL_FOLDS,ElasticNet,signal_increment,-0.014999999999999996,1.0
M2_Macro_Oil_vs_M3_Macro_Oil_RegQuality__normalized__Oil_Rent_Intensive_Pre2016_ge1pct,Regulatory_Quality_lag1,normalized,Oil_Rent_Intensive_Pre2016_ge1pct,Country_Holdout_CV,OOF_ALL_FOLDS,ElasticNet,signal_increment,-0.014499999999999996,1.0
M2_Macro_Oil_vs_M3_Macro_Oil_RegQuality__normalized__Oil_Rent_Intensive_Pre2016_ge1pct,Regulatory_Quality_lag1,normalized,Oil_Rent_Intensive_Pre2016_ge1pct,Country_Holdout_CV,OOF_ALL_FOLDS,ElasticNet,signal_increment,-0.013999999999999995,1.0
M2_Macro_Oil_vs_M3_Macro_Oil_RegQuality__normalized__Oil_Rent_Intensive_Pre2016_ge1pct,Regulatory_Quality_lag1,normalized,Oil_Rent_Intensive_Pre2016_ge1pct,Country_Holdout_CV,OOF_ALL_FOLDS,ElasticNet,signal_increment,-0.013499999999999995,1.0
M2_Macro_Oil_vs_M3_Macro_Oil_RegQuality__normalized__Oil_Rent_Intensive_Pre2016_ge1pct,Regulatory_Quality_lag1,normalized,Oil_Rent_Intensive_Pre2016_ge1pct,Country_Holdout_CV,OOF_ALL_FOLDS,ElasticNet,signal_increment,-0.012999999999999994,1.0
M2_Macro_Oil_vs_M3_Macro_Oil_RegQuality__normalized__Oil_Rent_Intensive_Pre2016_ge1pct,Regulatory_Quality_lag1,normalized,Oil_Rent_Intensive_Pre2016_ge1pct,Country_Holdout_CV,OOF_ALL_FOLDS,ElasticNet,signal_increment,-0.012499999999999994,1.0
M2_Macro_Oil_vs_M3_Macro_Oil_RegQuality__normalized__Oil_Rent_Intensive_Pre2016_ge1pct,Regulatory_Quality_lag1,normalized,Oil_Rent_Intensive_Pre2016_ge1pct,Country_Holdout_CV,OOF_ALL_FOLDS,ElasticNet,signal_increment,-0.011999999999999993,1.0
M2_Macro_Oil_vs_M3_Macro_Oil_RegQuality__normalized__Oil_Rent_Intensive_Pre2016_ge1pct,Regulatory_Quality_lag1,normalized,Oil_Rent_Intensive_Pre2016_ge1pct,Country_Holdout_CV,OOF_ALL_FOLDS,ElasticNet,signal_increment,-0.011499999999999993,1.0
M2_Macro_Oil_vs_M3_Macro_Oil_RegQuality__normalized__Oil_Rent_Intensive_Pre2016_ge1pct,Regulatory_Quality_lag1,normalized,Oil_Rent_Intensive_Pre2016_ge1pct,Country_Holdout_CV,OOF_ALL_FOLDS,ElasticNet,signal_increment,-0.010999999999999992,1.0
M2_Macro_Oil_vs_M3_Macro_Oil_RegQuality__normalized__Oil_Rent_Intensive_Pre2016_ge1pct,Regulatory_Quality_lag1,normalized,Oil_Rent_Intensive_Pre2016_ge1pct,Country_Holdout_CV,OOF_ALL_FOLDS,ElasticNet,signal_increment,-0.010499999999999992,1.0
M2_Macro_Oil_vs_M3_Macro_Oil_RegQuality__normalized__Oil_Rent_Intensive_Pre2016_ge1pct,Regulatory_Quality_lag1,normalized,Oil_Rent_Intensive_Pre2016_ge1pct,Country_Holdout_CV,OOF_ALL_FOLDS,ElasticNet,signal_increment,-0.009999999999999992,1.0
M2_Macro_Oil_vs_M3_Macro_Oil_RegQuality__normalized__Oil_Rent_Intensive_Pre2016_ge1pct,Regulatory_Quality_lag1,normalized,Oil_Rent_Intensive_Pre2016_ge1pct,Country_Holdout_CV,OOF_ALL_FOLDS,ElasticNet,signal_increment,-0.009499999999999991,1.0
M2_Macro_Oil_vs_M3_Macro_Oil_RegQuality__normalized__Oil_Rent_Intensive_Pre2016_ge1pct,Regulatory_Quality_lag1,normalized,Oil_Rent_Intensive_Pre2016_ge1pct,Country_Holdout_CV,OOF_ALL_FOLDS,ElasticNet,signal_increment,-0.00899999999999999,1.0
M2_Macro_Oil_vs_M3_Macro_Oil_RegQuality__normalized__Oil_Rent_Intensive_Pre2016_ge1pct,Regulatory_Quality_lag1,normalized,Oil_Rent_Intensive_Pre2016_ge1pct,Country_Holdout_CV,OOF_ALL_FOLDS,ElasticNet,signal_increment,-0.00849999999999999,1.0
M2_Macro_Oil_vs_M3_Macro_Oil_RegQuality__normalized__Oil_Rent_Intensive_Pre2016_ge1pct,Regulatory_Quality_lag1,normalized,Oil_Rent_Intensive_Pre2016_ge1pct,Country_Holdout_CV,OOF_ALL_FOLDS,ElasticNet,signal_increment,-0.00799999999999999,1.0
M2_Macro_Oil_vs_M3_Macro_Oil_RegQuality__normalized__Oil_Rent_Intensive_Pre2016_ge1pct,Regulatory_Quality_lag1,normalized,Oil_Rent_Intensive_Pre2016_ge1pct,Country_Holdout_CV,OOF_ALL_FOLDS,ElasticNet,signal_increment,-0.007499999999999989,1.0
M2_Macro_Oil_vs_M3_Macro_Oil_RegQuality__normalized__Oil_Rent_Intensive_Pre2016_ge1pct,Regulatory_Quality_lag1,normalized,Oil_Rent_Intensive_Pre2016_ge1pct,Country_Holdout_CV,OOF_ALL_FOLDS,ElasticNet,signal_increment,-0.006999999999999989,0.9995
M2_Macro_Oil_vs_M3_Macro_Oil_RegQuality__normalized__Oil_Rent_Intensive_Pre2016_ge1pct,Regulatory_Quality_lag1,normalized,Oil_Rent_Intensive_Pre2016_ge1pct,Country_Holdout_CV,OOF_ALL_FOLDS,ElasticNet,signal_increment,-0.006499999999999988,0.9995
M2_Macro_Oil_vs_M3_Macro_Oil_RegQuality__normalized__Oil_Rent_Intensive_Pre2016_ge1pct,Regulatory_Quality_lag1,normalized,Oil_Rent_Intensive_Pre2016_ge1pct,Country_Holdout_CV,OOF_ALL_FOLDS,ElasticNet,signal_increment,-0.005999999999999988,0.9985
M2_Macro_Oil_vs_M3_Macro_Oil_RegQuality__normalized__Oil_Rent_Intensive_Pre2016_ge1pct,Regulatory_Quality_lag1,normalized,Oil_Rent_Intensive_Pre2016_ge1pct,Country_Holdout_CV,OOF_ALL_FOLDS,ElasticNet,signal_increment,-0.0054999999999999875,0.9975
M2_Macro_Oil_vs_M3_Macro_Oil_RegQuality__normalized__Oil_Rent_Intensive_Pre2016_ge1pct,Regulatory_Quality_lag1,normalized,Oil_Rent_Intensive_Pre2016_ge1pct,Country_Holdout_CV,OOF_ALL_FOLDS,ElasticNet,signal_increment,-0.004999999999999987,0.9925
M2_Macro_Oil_vs_M3_Macro_Oil_RegQuality__normalized__Oil_Rent_Intensive_Pre2016_ge1pct,Regulatory_Quality_lag1,normalized,Oil_Rent_Intensive_Pre2016_ge1pct,Country_Holdout_CV,OOF_ALL_FOLDS,ElasticNet,signal_increment,-0.004499999999999987,0.987
M2_Macro_Oil_vs_M3_Macro_Oil_RegQuality__normalized__Oil_Rent_Intensive_Pre2016_ge1pct,Regulatory_Quality_lag1,normalized,Oil_Rent_Intensive_Pre2016_ge1pct,Country_Holdout_CV,OOF_ALL_FOLDS,ElasticNet,signal_increment,-0.003999999999999986,0.967
M2_Macro_Oil_vs_M3_Macro_Oil_RegQuality__normalized__Oil_Rent_Intensive_Pre2016_ge1pct,Regulatory_Quality_lag1,normalized,Oil_Rent_Intensive_Pre2016_ge1pct,Country_Holdout_CV,OOF_ALL_FOLDS,ElasticNet,signal_increment,-0.0034999999999999858,0.934
M2_Macro_Oil_vs_M3_Macro_Oil_RegQuality__normalized__Oil_Rent_Intensive_Pre2016_ge1pct,Regulatory_Quality_lag1,normalized,Oil_Rent_Intensive_Pre2016_ge1pct,Country_Holdout_CV,OOF_ALL_FOLDS,ElasticNet,signal_increment,-0.0029999999999999853,0.8835
M2_Macro_Oil_vs_M3_Macro_Oil_RegQuality__normalized__Oil_Rent_Intensive_Pre2016_ge1pct,Regulatory_Quality_lag1,normalized,Oil_Rent_Intensive_Pre2016_ge1pct,Country_Holdout_CV,OOF_ALL_FOLDS,ElasticNet,signal_increment,-0.002499999999999985,0.7835
M2_Macro_Oil_vs_M3_Macro_Oil_RegQuality__normalized__Oil_Rent_Intensive_Pre2016_ge1pct,Regulatory_Quality_lag1,normalized,Oil_Rent_Intensive_Pre2016_ge1pct,Country_Holdout_CV,OOF_ALL_FOLDS,ElasticNet,signal_increment,-0.0019999999999999844,0.657
M2_Macro_Oil_vs_M3_Macro_Oil_RegQuality__normalized__Oil_Rent_Intensive_Pre2016_ge1pct,Regulatory_Quality_lag1,normalized,Oil_Rent_Intensive_Pre2016_ge1pct,Country_Holdout_CV,OOF_ALL_FOLDS,ElasticNet,signal_increment,-0.001499999999999984,0.497
M2_Macro_Oil_vs_M3_Macro_Oil_RegQuality__normalized__Oil_Rent_Intensive_Pre2016_ge1pct,Regulatory_Quality_lag1,normalized,Oil_Rent_Intensive_Pre2016_ge1pct,Country_Holdout_CV,OOF_ALL_FOLDS,ElasticNet,signal_increment,-0.0009999999999999835,0.3395
M2_Macro_Oil_vs_M3_Macro_Oil_RegQuality__normalized__Oil_Rent_Intensive_Pre2016_ge1pct,Regulatory_Quality_lag1,normalized,Oil_Rent_Intensive_Pre2016_ge1pct,Country_Holdout_CV,OOF_ALL_FOLDS,ElasticNet,signal_increment,-0.0004999999999999831,0.198
M2_Macro_Oil_vs_M3_Macro_Oil_RegQuality__normalized__Oil_Rent_Intensive_Pre2016_ge1pct,Regulatory_Quality_lag1,normalized,Oil_Rent_Intensive_Pre2016_ge1pct,Country_Holdout_CV,OOF_ALL_FOLDS,ElasticNet,signal_increment,1.734723475976807e-17,0.106
M2_Macro_Oil_vs_M3_Macro_Oil_RegQuality__normalized__Oil_Rent_Intensive_Pre2016_ge1pct,Regulatory_Quality_lag1,normalized,Oil_Rent_Intensive_Pre2016_ge1pct,Country_Holdout_CV,OOF_ALL_FOLDS,ElasticNet,signal_increment,0.0005000000000000178,0.044
M2_Macro_Oil_vs_M3_Macro_Oil_RegQuality__normalized__Oil_Rent_Intensive_Pre2016_ge1pct,Regulatory_Quality_lag1,normalized,Oil_Rent_Intensive_Pre2016_ge1pct,Country_Holdout_CV,OOF_ALL_FOLDS,ElasticNet,signal_increment,0.0010000000000000182,0.013
M2_Macro_Oil_vs_M3_Macro_Oil_RegQuality__normalized__Oil_Rent_Intensive_Pre2016_ge1pct,Regulatory_Quality_lag1,normalized,Oil_Rent_Intensive_Pre2016_ge1pct,Country_Holdout_CV,OOF_ALL_FOLDS,ElasticNet,signal_increment,0.0015000000000000187,0.0035
M2_Macro_Oil_vs_M3_Macro_Oil_RegQuality__normalized__Oil_Rent_Intensive_Pre2016_ge1pct,Regulatory_Quality_lag1,normalized,Oil_Rent_Intensive_Pre2016_ge1pct,Country_Holdout_CV,OOF_ALL_FOLDS,ElasticNet,signal_increment,0.002000000000000019,0.0
M2_Macro_Oil_vs_M3_Macro_Oil_RegQuality__normalized__Oil_Rent_Intensive_Pre2016_ge1pct,Regulatory_Quality_lag1,normalized,Oil_Rent_Intensive_Pre2016_ge1pct,Country_Holdout_CV,OOF_ALL_FOLDS,ElasticNet,signal_increment,0.0025000000000000196,0.0
M2_Macro_Oil_vs_M3_Macro_Oil_RegQuality__normalized__Oil_Rent_Intensive_Pre2016_ge1pct,Regulatory_Quality_lag1,normalized,Oil_Rent_Intensive_Pre2016_ge1pct,Country_Holdout_CV,OOF_ALL_FOLDS,ElasticNet,signal_increment,0.00300000000000002,0.0
M2_Macro_Oil_vs_M3_Macro_Oil_RegQuality__normalized__Oil_Rent_Intensive_Pre2016_ge1pct,Regulatory_Quality_lag1,normalized,Oil_Rent_Intensive_Pre2016_ge1pct,Country_Holdout_CV,OOF_ALL_FOLDS,ElasticNet,signal_increment,0.0035000000000000205,0.0
M2_Macro_Oil_vs_M3_Macro_Oil_RegQuality__normalized__Oil_Rent_Intensive_Pre2016_ge1pct,Regulatory_Quality_lag1,normalized,Oil_Rent_Intensive_Pre2016_ge1pct,Country_Holdout_CV,OOF_ALL_FOLDS,ElasticNet,signal_increment,0.004000000000000021,0.0
M2_Macro_Oil_vs_M3_Macro_Oil_RegQuality__normalized__Oil_Rent_Intensive_Pre2016_ge1pct,Regulatory_Quality_lag1,normalized,Oil_Rent_Intensive_Pre2016_ge1pct,Country_Holdout_CV,OOF_ALL_FOLDS,ElasticNet,signal_increment,0.004500000000000021,0.0
M2_Macro_Oil_vs_M3_Macro_Oil_RegQuality__normalized__Oil_Rent_Intensive_Pre2016_ge1pct,Regulatory_Quality_lag1,normalized,Oil_Rent_Intensive_Pre2016_ge1pct,Country_Holdout_CV,OOF_ALL_FOLDS,ElasticNet,signal_increment,0.005000000000000022,0.0
M2_Macro_Oil_vs_M3_Macro_Oil_RegQuality__normalized__Oil_Rent_Intensive_Pre2016_ge1pct,Regulatory_Quality_lag1,normalized,Oil_Rent_Intensive_Pre2016_ge1pct,Country_Holdout_CV,OOF_ALL_FOLDS,ElasticNet,signal_increment,0.005500000000000022,0.0
M2_Macro_Oil_vs_M3_Macro_Oil_RegQuality__normalized__Oil_Rent_Intensive_Pre2016_ge1pct,Regulatory_Quality_lag1,normalized,Oil_Rent_Intensive_Pre2016_ge1pct,Country_Holdout_CV,OOF_ALL_FOLDS,ElasticNet,signal_increment,0.006000000000000023,0.0
M2_Macro_Oil_vs_M3_Macro_Oil_RegQuality__normalized__Oil_Rent_Intensive_Pre2016_ge1pct,Regulatory_Quality_lag1,normalized,Oil_Rent_Intensive_Pre2016_ge1pct,Country_Holdout_CV,OOF_ALL_FOLDS,ElasticNet,signal_increment,0.006500000000000023,0.0
M2_Macro_Oil_vs_M3_Macro_Oil_RegQuality__normalized__Oil_Rent_Intensive_Pre2016_ge1pct,Regulatory_Quality_lag1,normalized,Oil_Rent_Intensive_Pre2016_ge1pct,Country_Holdout_CV,OOF_ALL_FOLDS,ElasticNet,signal_increment,0.0070000000000000236,0.0
M2_Macro_Oil_vs_M3_Macro_Oil_RegQuality__normalized__Oil_Rent_Intensive_Pre2016_ge1pct,Regulatory_Quality_lag1,normalized,Oil_Rent_Intensive_Pre2016_ge1pct,Country_Holdout_CV,OOF_ALL_FOLDS,ElasticNet,signal_increment,0.007500000000000024,0.0
M2_Macro_Oil_vs_M3_Macro_Oil_RegQuality__normalized__Oil_Rent_Intensive_Pre2016_ge1pct,Regulatory_Quality_lag1,normalized,Oil_Rent_Intensive_Pre2016_ge1pct,Country_Holdout_CV,OOF_ALL_FOLDS,ElasticNet,signal_increment,0.008000000000000024,0.0
M2_Macro_Oil_vs_M3_Macro_Oil_RegQuality__normalized__Oil_Rent_Intensive_Pre2016_ge1pct,Regulatory_Quality_lag1,normalized,Oil_Rent_Intensive_Pre2016_ge1pct,Country_Holdout_CV,OOF_ALL_FOLDS,ElasticNet,signal_increment,0.008500000000000025,0.0
M2_Macro_Oil_vs_M3_Macro_Oil_RegQuality__normalized__Oil_Rent_Intensive_Pre2016_ge1pct,Regulatory_Quality_lag1,normalized,Oil_Rent_Intensive_Pre2016_ge1pct,Country_Holdout_CV,OOF_ALL_FOLDS,ElasticNet,signal_increment,0.009000000000000025,0.0
M2_Macro_Oil_vs_M3_Macro_Oil_RegQuality__normalized__Oil_Rent_Intensive_Pre2016_ge1pct,Regulatory_Quality_lag1,normalized,Oil_Rent_Intensive_Pre2016_ge1pct,Country_Holdout_CV,OOF_ALL_FOLDS,ElasticNet,signal_increment,0.009500000000000026,0.0
M2_Macro_Oil_vs_M3_Macro_Oil_RegQuality__normalized__Oil_Rent_Intensive_Pre2016_ge1pct,Regulatory_Quality_lag1,normalized,Oil_Rent_Intensive_Pre2016_ge1pct,Country_Holdout_CV,OOF_ALL_FOLDS,ElasticNet,signal_increment,0.010000000000000026,0.0
M2_Macro_Oil_vs_M3_Macro_Oil_RegQuality__normalized__Oil_Rent_Intensive_Pre2016_ge1pct,Regulatory_Quality_lag1,normalized,Oil_Rent_Intensive_Pre2016_ge1pct,Country_Holdout_CV,OOF_ALL_FOLDS,ElasticNet,signal_increment,0.010500000000000027,0.0
M2_Macro_Oil_vs_M3_Macro_Oil_RegQuality__normalized__Oil_Rent_Intensive_Pre2016_ge1pct,Regulatory_Quality_lag1,normalized,Oil_Rent_Intensive_Pre2016_ge1pct,Country_Holdout_CV,OOF_ALL_FOLDS,ElasticNet,signal_increment,0.011000000000000027,0.0
M2_Macro_Oil_vs_M3_Macro_Oil_RegQuality__normalized__Oil_Rent_Intensive_Pre2016_ge1pct,Regulatory_Quality_lag1,normalized,Oil_Rent_Intensive_Pre2016_ge1pct,Country_Holdout_CV,OOF_ALL_FOLDS,ElasticNet,signal_increment,0.011500000000000028,0.0
M2_Macro_Oil_vs_M3_Macro_Oil_RegQuality__normalized__Oil_Rent_Intensive_Pre2016_ge1pct,Regulatory_Quality_lag1,normalized,Oil_Rent_Intensive_Pre2016_ge1pct,Country_Holdout_CV,OOF_ALL_FOLDS,ElasticNet,signal_increment,0.012000000000000028,0.0
M2_Macro_Oil_vs_M3_Macro_Oil_RegQuality__normalized__Oil_Rent_Intensive_Pre2016_ge1pct,Regulatory_Quality_lag1,normalized,Oil_Rent_Intensive_Pre2016_ge1pct,Country_Holdout_CV,OOF_ALL_FOLDS,ElasticNet,signal_increment,0.012500000000000028,0.0
M2_Macro_Oil_vs_M3_Macro_Oil_RegQuality__normalized__Oil_Rent_Intensive_Pre2016_ge1pct,Regulatory_Quality_lag1,normalized,Oil_Rent_Intensive_Pre2016_ge1pct,Country_Holdout_CV,OOF_ALL_FOLDS,ElasticNet,signal_increment,0.013000000000000029,0.0
M2_Macro_Oil_vs_M3_Macro_Oil_RegQuality__normalized__Oil_Rent_Intensive_Pre2016_ge1pct,Regulatory_Quality_lag1,normalized,Oil_Rent_Intensive_Pre2016_ge1pct,Country_Holdout_CV,OOF_ALL_FOLDS,ElasticNet,signal_increment,0.01350000000000003,0.0
M2_Macro_Oil_vs_M3_Macro_Oil_RegQuality__normalized__Oil_Rent_Intensive_Pre2016_ge1pct,Regulatory_Quality_lag1,normalized,Oil_Rent_Intensive_Pre2016_ge1pct,Country_Holdout_CV,OOF_ALL_FOLDS,ElasticNet,signal_increment,0.01400000000000003,0.0
M2_Macro_Oil_vs_M3_Macro_Oil_RegQuality__normalized__Oil_Rent_Intensive_Pre2016_ge1pct,Regulatory_Quality_lag1,normalized,Oil_Rent_Intensive_Pre2016_ge1pct,Country_Holdout_CV,OOF_ALL_FOLDS,ElasticNet,signal_increment,0.01450000000000003,0.0
M2_Macro_Oil_vs_M3_Macro_Oil_RegQuality__normalized__Oil_Rent_Intensive_Pre2016_ge1pct,Regulatory_Quality_lag1,normalized,Oil_Rent_Intensive_Pre2016_ge1pct,Country_Holdout_CV,OOF_ALL_FOLDS,ElasticNet,signal_increment,0.01500000000000003,0.0
M2_Macro_Oil_vs_M3_Macro_Oil_RegQuality__normalized__Oil_Rent_Intensive_Pre2016_ge1pct,Regulatory_Quality_lag1,normalized,Oil_Rent_Intensive_Pre2016_ge1pct,Country_Holdout_CV,OOF_ALL_FOLDS,ElasticNet,signal_increment,0.015500000000000031,0.0
M2_Macro_Oil_vs_M3_Macro_Oil_RegQuality__normalized__Oil_Rent_Intensive_Pre2016_ge1pct,Regulatory_Quality_lag1,normalized,Oil_Rent_Intensive_Pre2016_ge1pct,Country_Holdout_CV,OOF_ALL_FOLDS,ElasticNet,signal_increment,0.01600000000000003,0.0
M2_Macro_Oil_vs_M3_Macro_Oil_RegQuality__normalized__Oil_Rent_Intensive_Pre2016_ge1pct,Regulatory_Quality_lag1,normalized,Oil_Rent_Intensive_Pre2016_ge1pct,Country_Holdout_CV,OOF_ALL_FOLDS,ElasticNet,signal_increment,0.016500000000000032,0.0
M2_Macro_Oil_vs_M3_Macro_Oil_RegQuality__normalized__Oil_Rent_Intensive_Pre2016_ge1pct,Regulatory_Quality_lag1,normalized,Oil_Rent_Intensive_Pre2016_ge1pct,Country_Holdout_CV,OOF_ALL_FOLDS,ElasticNet,signal_increment,0.017000000000000032,0.0
M2_Macro_Oil_vs_M3_Macro_Oil_RegQuality__normalized__Oil_Rent_Intensive_Pre2016_ge1pct,Regulatory_Quality_lag1,normalized,Oil_Rent_Intensive_Pre2016_ge1pct,Country_Holdout_CV,OOF_ALL_FOLDS,ElasticNet,signal_increment,0.017500000000000033,0.0
M2_Macro_Oil_vs_M3_Macro_Oil_RegQuality__normalized__Oil_Rent_Intensive_Pre2016_ge1pct,Regulatory_Quality_lag1,normalized,Oil_Rent_Intensive_Pre2016_ge1pct,Country_Holdout_CV,OOF_ALL_FOLDS,ElasticNet,signal_increment,0.018000000000000033,0.0
M2_Macro_Oil_vs_M3_Macro_Oil_RegQuality__normalized__Oil_Rent_Intensive_Pre2016_ge1pct,Regulatory_Quality_lag1,normalized,Oil_Rent_Intensive_Pre2016_ge1pct,Country_Holdout_CV,OOF_ALL_FOLDS,ElasticNet,signal_increment,0.018500000000000034,0.0
M2_Macro_Oil_vs_M3_Macro_Oil_RegQuality__normalized__Oil_Rent_Intensive_Pre2016_ge1pct,Regulatory_Quality_lag1,normalized,Oil_Rent_Intensive_Pre2016_ge1pct,Country_Holdout_CV,OOF_ALL_FOLDS,ElasticNet,signal_increment,0.019000000000000034,0.0
M2_Macro_Oil_vs_M3_Macro_Oil_RegQuality__normalized__Oil_Rent_Intensive_Pre2016_ge1pct,Regulatory_Quality_lag1,normalized,Oil_Rent_Intensive_Pre2016_ge1pct,Country_Holdout_CV,OOF_ALL_FOLDS,ElasticNet,signal_increment,0.019500000000000035,0.0
M2_Macro_Oil_vs_M3_Macro_Oil_RegQuality__normalized__Oil_Rent_Intensive_Pre2016_ge1pct,Regulatory_Quality_lag1,normalized,Oil_Rent_Intensive_Pre2016_ge1pct,Country_Holdout_CV,OOF_ALL_FOLDS,ElasticNet,signal_increment,0.020000000000000035,0.0
M2_Macro_Oil_vs_M3_Macro_Oil_RegQuality__normalized__Oil_Rent_Intensive_Pre2016_ge1pct,Regulatory_Quality_lag1,normalized,Oil_Rent_Intensive_Pre2016_ge1pct,Country_Holdout_CV,OOF_ALL_FOLDS,ElasticNet,signal_increment,0.020500000000000036,0.0
M2_Macro_Oil_vs_M3_Macro_Oil_RegQuality__normalized__Oil_Rent_Intensive_Pre2016_ge1pct,Regulatory_Quality_lag1,normalized,Oil_Rent_Intensive_Pre2016_ge1pct,Country_Holdout_CV,OOF_ALL_FOLDS,ElasticNet,signal_increment,0.021000000000000036,0.0
M2_Macro_Oil_vs_M3_Macro_Oil_RegQuality__normalized__Oil_Rent_Intensive_Pre2016_ge1pct,Regulatory_Quality_lag1,normalized,Oil_Rent_Intensive_Pre2016_ge1pct,Country_Holdout_CV,OOF_ALL_FOLDS,ElasticNet,signal_increment,0.021500000000000036,0.0
M2_Macro_Oil_vs_M3_Macro_Oil_RegQuality__normalized__Oil_Rent_Intensive_Pre2016_ge1pct,Regulatory_Quality_lag1,normalized,Oil_Rent_Intensive_Pre2016_ge1pct,Country_Holdout_CV,OOF_ALL_FOLDS,ElasticNet,signal_increment,0.022000000000000037,0.0
M2_Macro_Oil_vs_M3_Macro_Oil_RegQuality__normalized__Oil_Rent_Intensive_Pre2016_ge1pct,Regulatory_Quality_lag1,normalized,Oil_Rent_Intensive_Pre2016_ge1pct,Country_Holdout_CV,OOF_ALL_FOLDS,ElasticNet,signal_increment,0.022500000000000037,0.0
M2_Macro_Oil_vs_M3_Macro_Oil_RegQuality__normalized__Oil_Rent_Intensive_Pre2016_ge1pct,Regulatory_Quality_lag1,normalized,Oil_Rent_Intensive_Pre2016_ge1pct,Country_Holdout_CV,OOF_ALL_FOLDS,ElasticNet,signal_increment,0.023000000000000038,0.0
M2_Macro_Oil_vs_M3_Macro_Oil_RegQuality__normalized__Oil_Rent_Intensive_Pre2016_ge1pct,Regulatory_Quality_lag1,normalized,Oil_Rent_Intensive_Pre2016_ge1pct,Country_Holdout_CV,OOF_ALL_FOLDS,ElasticNet,signal_increment,0.023500000000000038,0.0
M2_Macro_Oil_vs_M3_Macro_Oil_RegQuality__normalized__Oil_Rent_Intensive_Pre2016_ge1pct,Regulatory_Quality_lag1,normalized,Oil_Rent_Intensive_Pre2016_ge1pct,Country_Holdout_CV,OOF_ALL_FOLDS,ElasticNet,signal_increment,0.02400000000000004,0.0
M2_Macro_Oil_vs_M3_Macro_Oil_RegQuality__normalized__Oil_Rent_Intensive_Pre2016_ge1pct,Regulatory_Quality_lag1,normalized,Oil_Rent_Intensive_Pre2016_ge1pct,Country_Holdout_CV,OOF_ALL_FOLDS,ElasticNet,signal_increment,0.02450000000000004,0.0
M2_Macro_Oil_vs_M3_Macro_Oil_RegQuality__normalized__Oil_Rent_Intensive_Pre2016_ge1pct,Regulatory_Quality_lag1,normalized,Oil_Rent_Intensive_Pre2016_ge1pct,Country_Holdout_CV,OOF_ALL_FOLDS,ElasticNet,signal_increment,0.02500000000000004,0.0
M2_Macro_Oil_vs_M3_Macro_Oil_RegQuality__normalized__Oil_Rent_Intensive_Pre2016_ge1pct,Regulatory_Quality_lag1,normalized,Oil_Rent_Intensive_Pre2016_ge1pct,Country_Holdout_CV,OOF_ALL_FOLDS,ElasticNet,signal_increment,0.02550000000000004,0.0
M2_Macro_Oil_vs_M3_Macro_Oil_RegQuality__normalized__Oil_Rent_Intensive_Pre2016_ge1pct,Regulatory_Quality_lag1,normalized,Oil_Rent_Intensive_Pre2016_ge1pct,Country_Holdout_CV,OOF_ALL_FOLDS,ElasticNet,signal_increment,0.02600000000000004,0.0
M2_Macro_Oil_vs_M3_Macro_Oil_RegQuality__normalized__Oil_Rent_Intensive_Pre2016_ge1pct,Regulatory_Quality_lag1,normalized,Oil_Rent_Intensive_Pre2016_ge1pct,Country_Holdout_CV,OOF_ALL_FOLDS,ElasticNet,signal_increment,0.02650000000000004,0.0
M2_Macro_Oil_vs_M3_Macro_Oil_RegQuality__normalized__Oil_Rent_Intensive_Pre2016_ge1pct,Regulatory_Quality_lag1,normalized,Oil_Rent_Intensive_Pre2016_ge1pct,Country_Holdout_CV,OOF_ALL_FOLDS,ElasticNet,signal_increment,0.02700000000000004,0.0
M2_Macro_Oil_vs_M3_Macro_Oil_RegQuality__normalized__Oil_Rent_Intensive_Pre2016_ge1pct,Regulatory_Quality_lag1,normalized,Oil_Rent_Intensive_Pre2016_ge1pct,Country_Holdout_CV,OOF_ALL_FOLDS,ElasticNet,signal_increment,0.027500000000000042,0.0
M2_Macro_Oil_vs_M3_Macro_Oil_RegQuality__normalized__Oil_Rent_Intensive_Pre2016_ge1pct,Regulatory_Quality_lag1,normalized,Oil_Rent_Intensive_Pre2016_ge1pct,Country_Holdout_CV,OOF_ALL_FOLDS,ElasticNet,signal_increment,0.028000000000000042,0.0
M2_Macro_Oil_vs_M3_Macro_Oil_RegQuality__normalized__Oil_Rent_Intensive_Pre2016_ge1pct,Regulatory_Quality_lag1,normalized,Oil_Rent_Intensive_Pre2016_ge1pct,Country_Holdout_CV,OOF_ALL_FOLDS,ElasticNet,signal_increment,0.028500000000000043,0.0
M2_Macro_Oil_vs_M3_Macro_Oil_RegQuality__normalized__Oil_Rent_Intensive_Pre2016_ge1pct,Regulatory_Quality_lag1,normalized,Oil_Rent_Intensive_Pre2016_ge1pct,Country_Holdout_CV,OOF_ALL_FOLDS,ElasticNet,signal_increment,0.029000000000000043,0.0
M2_Macro_Oil_vs_M3_Macro_Oil_RegQuality__normalized__Oil_Rent_Intensive_Pre2016_ge1pct,Regulatory_Quality_lag1,normalized,Oil_Rent_Intensive_Pre2016_ge1pct,Country_Holdout_CV,OOF_ALL_FOLDS,ElasticNet,signal_increment,0.029500000000000044,0.0
M2_Macro_Oil_vs_M3_Macro_Oil_RegQuality__normalized__Oil_Rent_Intensive_Pre2016_ge1pct,Regulatory_Quality_lag1,normalized,Oil_Rent_Intensive_Pre2016_ge1pct,Country_Holdout_CV,OOF_ALL_FOLDS,ElasticNet,signal_increment,0.030000000000000044,0.0
M2_Macro_Oil_vs_M3_Macro_Oil_RegQuality__normalized__Oil_Rent_Intensive_Pre2016_ge1pct,Regulatory_Quality_lag1,normalized,Oil_Rent_Intensive_Pre2016_ge1pct,Country_Holdout_CV,OOF_ALL_FOLDS,ElasticNet,added_model_vs_strongest_benchmark,-0.02,1.0
M2_Macro_Oil_vs_M3_Macro_Oil_RegQuality__normalized__Oil_Rent_Intensive_Pre2016_ge1pct,Regulatory_Quality_lag1,normalized,Oil_Rent_Intensive_Pre2016_ge1pct,Country_Holdout_CV,OOF_ALL_FOLDS,ElasticNet,added_model_vs_strongest_benchmark,-0.0195,1.0
M2_Macro_Oil_vs_M3_Macro_Oil_RegQuality__normalized__Oil_Rent_Intensive_Pre2016_ge1pct,Regulatory_Quality_lag1,normalized,Oil_Rent_Intensive_Pre2016_ge1pct,Country_Holdout_CV,OOF_ALL_FOLDS,ElasticNet,added_model_vs_strongest_benchmark,-0.019,1.0
M2_Macro_Oil_vs_M3_Macro_Oil_RegQuality__normalized__Oil_Rent_Intensive_Pre2016_ge1pct,Regulatory_Quality_lag1,normalized,Oil_Rent_Intensive_Pre2016_ge1pct,Country_Holdout_CV,OOF_ALL_FOLDS,ElasticNet,added_model_vs_strongest_benchmark,-0.0185,1.0
M2_Macro_Oil_vs_M3_Macro_Oil_RegQuality__normalized__Oil_Rent_Intensive_Pre2016_ge1pct,Regulatory_Quality_lag1,normalized,Oil_Rent_Intensive_Pre2016_ge1pct,Country_Holdout_CV,OOF_ALL_FOLDS,ElasticNet,added_model_vs_strongest_benchmark,-0.018,1.0
M2_Macro_Oil_vs_M3_Macro_Oil_RegQuality__normalized__Oil_Rent_Intensive_Pre2016_ge1pct,Regulatory_Quality_lag1,normalized,Oil_Rent_Intensive_Pre2016_ge1pct,Country_Holdout_CV,OOF_ALL_FOLDS,ElasticNet,added_model_vs_strongest_benchmark,-0.017499999999999998,1.0
M2_Macro_Oil_vs_M3_Macro_Oil_RegQuality__normalized__Oil_Rent_Intensive_Pre2016_ge1pct,Regulatory_Quality_lag1,normalized,Oil_Rent_Intensive_Pre2016_ge1pct,Country_Holdout_CV,OOF_ALL_FOLDS,ElasticNet,added_model_vs_strongest_benchmark,-0.016999999999999998,1.0
M2_Macro_Oil_vs_M3_Macro_Oil_RegQuality__normalized__Oil_Rent_Intensive_Pre2016_ge1pct,Regulatory_Quality_lag1,normalized,Oil_Rent_Intensive_Pre2016_ge1pct,Country_Holdout_CV,OOF_ALL_FOLDS,ElasticNet,added_model_vs_strongest_benchmark,-0.016499999999999997,1.0
M2_Macro_Oil_vs_M3_Macro_Oil_RegQuality__normalized__Oil_Rent_Intensive_Pre2016_ge1pct,Regulatory_Quality_lag1,normalized,Oil_Rent_Intensive_Pre2016_ge1pct,Country_Holdout_CV,OOF_ALL_FOLDS,ElasticNet,added_model_vs_strongest_benchmark,-0.015999999999999997,1.0
M2_Macro_Oil_vs_M3_Macro_Oil_RegQuality__normalized__Oil_Rent_Intensive_Pre2016_ge1pct,Regulatory_Quality_lag1,normalized,Oil_Rent_Intensive_Pre2016_ge1pct,Country_Holdout_CV,OOF_ALL_FOLDS,ElasticNet,added_model_vs_strongest_benchmark,-0.015499999999999996,1.0
M2_Macro_Oil_vs_M3_Macro_Oil_RegQuality__normalized__Oil_Rent_Intensive_Pre2016_ge1pct,Regulatory_Quality_lag1,normalized,Oil_Rent_Intensive_Pre2016_ge1pct,Country_Holdout_CV,OOF_ALL_FOLDS,ElasticNet,added_model_vs_strongest_benchmark,-0.014999999999999996,1.0
M2_Macro_Oil_vs_M3_Macro_Oil_RegQuality__normalized__Oil_Rent_Intensive_Pre2016_ge1pct,Regulatory_Quality_lag1,normalized,Oil_Rent_Intensive_Pre2016_ge1pct,Country_Holdout_CV,OOF_ALL_FOLDS,ElasticNet,added_model_vs_strongest_benchmark,-0.014499999999999996,1.0
M2_Macro_Oil_vs_M3_Macro_Oil_RegQuality__normalized__Oil_Rent_Intensive_Pre2016_ge1pct,Regulatory_Quality_lag1,normalized,Oil_Rent_Intensive_Pre2016_ge1pct,Country_Holdout_CV,OOF_ALL_FOLDS,ElasticNet,added_model_vs_strongest_benchmark,-0.013999999999999995,1.0
M2_Macro_Oil_vs_M3_Macro_Oil_RegQuality__normalized__Oil_Rent_Intensive_Pre2016_ge1pct,Regulatory_Quality_lag1,normalized,Oil_Rent_Intensive_Pre2016_ge1pct,Country_Holdout_CV,OOF_ALL_FOLDS,ElasticNet,added_model_vs_strongest_benchmark,-0.013499999999999995,1.0
M2_Macro_Oil_vs_M3_Macro_Oil_RegQuality__normalized__Oil_Rent_Intensive_Pre2016_ge1pct,Regulatory_Quality_lag1,normalized,Oil_Rent_Intensive_Pre2016_ge1pct,Country_Holdout_CV,OOF_ALL_FOLDS,ElasticNet,added_model_vs_strongest_benchmark,-0.012999999999999994,1.0
M2_Macro_Oil_vs_M3_Macro_Oil_RegQuality__normalized__Oil_Rent_Intensive_Pre2016_ge1pct,Regulatory_Quality_lag1,normalized,Oil_Rent_Intensive_Pre2016_ge1pct,Country_Holdout_CV,OOF_ALL_FOLDS,ElasticNet,added_model_vs_strongest_benchmark,-0.012499999999999994,1.0
M2_Macro_Oil_vs_M3_Macro_Oil_RegQuality__normalized__Oil_Rent_Intensive_Pre2016_ge1pct,Regulatory_Quality_lag1,normalized,Oil_Rent_Intensive_Pre2016_ge1pct,Country_Holdout_CV,OOF_ALL_FOLDS,ElasticNet,added_model_vs_strongest_benchmark,-0.011999999999999993,1.0
M2_Macro_Oil_vs_M3_Macro_Oil_RegQuality__normalized__Oil_Rent_Intensive_Pre2016_ge1pct,Regulatory_Quality_lag1,normalized,Oil_Rent_Intensive_Pre2016_ge1pct,Country_Holdout_CV,OOF_ALL_FOLDS,ElasticNet,added_model_vs_strongest_benchmark,-0.011499999999999993,1.0
M2_Macro_Oil_vs_M3_Macro_Oil_RegQuality__normalized__Oil_Rent_Intensive_Pre2016_ge1pct,Regulatory_Quality_lag1,normalized,Oil_Rent_Intensive_Pre2016_ge1pct,Country_Holdout_CV,OOF_ALL_FOLDS,ElasticNet,added_model_vs_strongest_benchmark,-0.010999999999999992,1.0
M2_Macro_Oil_vs_M3_Macro_Oil_RegQuality__normalized__Oil_Rent_Intensive_Pre2016_ge1pct,Regulatory_Quality_lag1,normalized,Oil_Rent_Intensive_Pre2016_ge1pct,Country_Holdout_CV,OOF_ALL_FOLDS,ElasticNet,added_model_vs_strongest_benchmark,-0.010499999999999992,1.0
M2_Macro_Oil_vs_M3_Macro_Oil_RegQuality__normalized__Oil_Rent_Intensive_Pre2016_ge1pct,Regulatory_Quality_lag1,normalized,Oil_Rent_Intensive_Pre2016_ge1pct,Country_Holdout_CV,OOF_ALL_FOLDS,ElasticNet,added_model_vs_strongest_benchmark,-0.009999999999999992,1.0
M2_Macro_Oil_vs_M3_Macro_Oil_RegQuality__normalized__Oil_Rent_Intensive_Pre2016_ge1pct,Regulatory_Quality_lag1,normalized,Oil_Rent_Intensive_Pre2016_ge1pct,Country_Holdout_CV,OOF_ALL_FOLDS,ElasticNet,added_model_vs_strongest_benchmark,-0.009499999999999991,1.0
M2_Macro_Oil_vs_M3_Macro_Oil_RegQuality__normalized__Oil_Rent_Intensive_Pre2016_ge1pct,Regulatory_Quality_lag1,normalized,Oil_Rent_Intensive_Pre2016_ge1pct,Country_Holdout_CV,OOF_ALL_FOLDS,ElasticNet,added_model_vs_strongest_benchmark,-0.00899999999999999,1.0
M2_Macro_Oil_vs_M3_Macro_Oil_RegQuality__normalized__Oil_Rent_Intensive_Pre2016_ge1pct,Regulatory_Quality_lag1,normalized,Oil_Rent_Intensive_Pre2016_ge1pct,Country_Holdout_CV,OOF_ALL_FOLDS,ElasticNet,added_model_vs_strongest_benchmark,-0.00849999999999999,1.0
M2_Macro_Oil_vs_M3_Macro_Oil_RegQuality__normalized__Oil_Rent_Intensive_Pre2016_ge1pct,Regulatory_Quality_lag1,normalized,Oil_Rent_Intensive_Pre2016_ge1pct,Country_Holdout_CV,OOF_ALL_FOLDS,ElasticNet,added_model_vs_strongest_benchmark,-0.00799999999999999,1.0
M2_Macro_Oil_vs_M3_Macro_Oil_RegQuality__normalized__Oil_Rent_Intensive_Pre2016_ge1pct,Regulatory_Quality_lag1,normalized,Oil_Rent_Intensive_Pre2016_ge1pct,Country_Holdout_CV,OOF_ALL_FOLDS,ElasticNet,added_model_vs_strongest_benchmark,-0.007499999999999989,1.0
M2_Macro_Oil_vs_M3_Macro_Oil_RegQuality__normalized__Oil_Rent_Intensive_Pre2016_ge1pct,Regulatory_Quality_lag1,normalized,Oil_Rent_Intensive_Pre2016_ge1pct,Country_Holdout_CV,OOF_ALL_FOLDS,ElasticNet,added_model_vs_strongest_benchmark,-0.006999999999999989,1.0
M2_Macro_Oil_vs_M3_Macro_Oil_RegQuality__normalized__Oil_Rent_Intensive_Pre2016_ge1pct,Regulatory_Quality_lag1,normalized,Oil_Rent_Intensive_Pre2016_ge1pct,Country_Holdout_CV,OOF_ALL_FOLDS,ElasticNet,added_model_vs_strongest_benchmark,-0.006499999999999988,1.0
M2_Macro_Oil_vs_M3_Macro_Oil_RegQuality__normalized__Oil_Rent_Intensive_Pre2016_ge1pct,Regulatory_Quality_lag1,normalized,Oil_Rent_Intensive_Pre2016_ge1pct,Country_Holdout_CV,OOF_ALL_FOLDS,ElasticNet,added_model_vs_strongest_benchmark,-0.005999999999999988,1.0
M2_Macro_Oil_vs_M3_Macro_Oil_RegQuality__normalized__Oil_Rent_Intensive_Pre2016_ge1pct,Regulatory_Quality_lag1,normalized,Oil_Rent_Intensive_Pre2016_ge1pct,Country_Holdout_CV,OOF_ALL_FOLDS,ElasticNet,added_model_vs_strongest_benchmark,-0.0054999999999999875,1.0
M2_Macro_Oil_vs_M3_Macro_Oil_RegQuality__normalized__Oil_Rent_Intensive_Pre2016_ge1pct,Regulatory_Quality_lag1,normalized,Oil_Rent_Intensive_Pre2016_ge1pct,Country_Holdout_CV,OOF_ALL_FOLDS,ElasticNet,added_model_vs_strongest_benchmark,-0.004999999999999987,1.0
M2_Macro_Oil_vs_M3_Macro_Oil_RegQuality__normalized__Oil_Rent_Intensive_Pre2016_ge1pct,Regulatory_Quality_lag1,normalized,Oil_Rent_Intensive_Pre2016_ge1pct,Country_Holdout_CV,OOF_ALL_FOLDS,ElasticNet,added_model_vs_strongest_benchmark,-0.004499999999999987,1.0
M2_Macro_Oil_vs_M3_Macro_Oil_RegQuality__normalized__Oil_Rent_Intensive_Pre2016_ge1pct,Regulatory_Quality_lag1,normalized,Oil_Rent_Intensive_Pre2016_ge1pct,Country_Holdout_CV,OOF_ALL_FOLDS,ElasticNet,added_model_vs_strongest_benchmark,-0.003999999999999986,1.0
M2_Macro_Oil_vs_M3_Macro_Oil_RegQuality__normalized__Oil_Rent_Intensive_Pre2016_ge1pct,Regulatory_Quality_lag1,normalized,Oil_Rent_Intensive_Pre2016_ge1pct,Country_Holdout_CV,OOF_ALL_FOLDS,ElasticNet,added_model_vs_strongest_benchmark,-0.0034999999999999858,1.0
M2_Macro_Oil_vs_M3_Macro_Oil_RegQuality__normalized__Oil_Rent_Intensive_Pre2016_ge1pct,Regulatory_Quality_lag1,normalized,Oil_Rent_Intensive_Pre2016_ge1pct,Country_Holdout_CV,OOF_ALL_FOLDS,ElasticNet,added_model_vs_strongest_benchmark,-0.0029999999999999853,1.0
M2_Macro_Oil_vs_M3_Macro_Oil_RegQuality__normalized__Oil_Rent_Intensive_Pre2016_ge1pct,Regulatory_Quality_lag1,normalized,Oil_Rent_Intensive_Pre2016_ge1pct,Country_Holdout_CV,OOF_ALL_FOLDS,ElasticNet,added_model_vs_strongest_benchmark,-0.002499999999999985,1.0
M2_Macro_Oil_vs_M3_Macro_Oil_RegQuality__normalized__Oil_Rent_Intensive_Pre2016_ge1pct,Regulatory_Quality_lag1,normalized,Oil_Rent_Intensive_Pre2016_ge1pct,Country_Holdout_CV,OOF_ALL_FOLDS,ElasticNet,added_model_vs_strongest_benchmark,-0.0019999999999999844,1.0
M2_Macro_Oil_vs_M3_Macro_Oil_RegQuality__normalized__Oil_Rent_Intensive_Pre2016_ge1pct,Regulatory_Quality_lag1,normalized,Oil_Rent_Intensive_Pre2016_ge1pct,Country_Holdout_CV,OOF_ALL_FOLDS,ElasticNet,added_model_vs_strongest_benchmark,-0.001499999999999984,1.0
M2_Macro_Oil_vs_M3_Macro_Oil_RegQuality__normalized__Oil_Rent_Intensive_Pre2016_ge1pct,Regulatory_Quality_lag1,normalized,Oil_Rent_Intensive_Pre2016_ge1pct,Country_Holdout_CV,OOF_ALL_FOLDS,ElasticNet,added_model_vs_strongest_benchmark,-0.0009999999999999835,1.0
M2_Macro_Oil_vs_M3_Macro_Oil_RegQuality__normalized__Oil_Rent_Intensive_Pre2016_ge1pct,Regulatory_Quality_lag1,normalized,Oil_Rent_Intensive_Pre2016_ge1pct,Country_Holdout_CV,OOF_ALL_FOLDS,ElasticNet,added_model_vs_strongest_benchmark,-0.0004999999999999831,1.0
M2_Macro_Oil_vs_M3_Macro_Oil_RegQuality__normalized__Oil_Rent_Intensive_Pre2016_ge1pct,Regulatory_Quality_lag1,normalized,Oil_Rent_Intensive_Pre2016_ge1pct,Country_Holdout_CV,OOF_ALL_FOLDS,ElasticNet,added_model_vs_strongest_benchmark,1.734723475976807e-17,1.0
M2_Macro_Oil_vs_M3_Macro_Oil_RegQuality__normalized__Oil_Rent_Intensive_Pre2016_ge1pct,Regulatory_Quality_lag1,normalized,Oil_Rent_Intensive_Pre2016_ge1pct,Country_Holdout_CV,OOF_ALL_FOLDS,ElasticNet,added_model_vs_strongest_benchmark,0.0005000000000000178,1.0
M2_Macro_Oil_vs_M3_Macro_Oil_RegQuality__normalized__Oil_Rent_Intensive_Pre2016_ge1pct,Regulatory_Quality_lag1,normalized,Oil_Rent_Intensive_Pre2016_ge1pct,Country_Holdout_CV,OOF_ALL_FOLDS,ElasticNet,added_model_vs_strongest_benchmark,0.0010000000000000182,1.0
M2_Macro_Oil_vs_M3_Macro_Oil_RegQuality__normalized__Oil_Rent_Intensive_Pre2016_ge1pct,Regulatory_Quality_lag1,normalized,Oil_Rent_Intensive_Pre2016_ge1pct,Country_Holdout_CV,OOF_ALL_FOLDS,ElasticNet,added_model_vs_strongest_benchmark,0.0015000000000000187,1.0
M2_Macro_Oil_vs_M3_Macro_Oil_RegQuality__normalized__Oil_Rent_Intensive_Pre2016_ge1pct,Regulatory_Quality_lag1,normalized,Oil_Rent_Intensive_Pre2016_ge1pct,Country_Holdout_CV,OOF_ALL_FOLDS,ElasticNet,added_model_vs_strongest_benchmark,0.002000000000000019,1.0
M2_Macro_Oil_vs_M3_Macro_Oil_RegQuality__normalized__Oil_Rent_Intensive_Pre2016_ge1pct,Regulatory_Quality_lag1,normalized,Oil_Rent_Intensive_Pre2016_ge1pct,Country_Holdout_CV,OOF_ALL_FOLDS,ElasticNet,added_model_vs_strongest_benchmark,0.0025000000000000196,1.0
M2_Macro_Oil_vs_M3_Macro_Oil_RegQuality__normalized__Oil_Rent_Intensive_Pre2016_ge1pct,Regulatory_Quality_lag1,normalized,Oil_Rent_Intensive_Pre2016_ge1pct,Country_Holdout_CV,OOF_ALL_FOLDS,ElasticNet,added_model_vs_strongest_benchmark,0.00300000000000002,1.0
M2_Macro_Oil_vs_M3_Macro_Oil_RegQuality__normalized__Oil_Rent_Intensive_Pre2016_ge1pct,Regulatory_Quality_lag1,normalized,Oil_Rent_Intensive_Pre2016_ge1pct,Country_Holdout_CV,OOF_ALL_FOLDS,ElasticNet,added_model_vs_strongest_benchmark,0.0035000000000000205,1.0
M2_Macro_Oil_vs_M3_Macro_Oil_RegQuality__normalized__Oil_Rent_Intensive_Pre2016_ge1pct,Regulatory_Quality_lag1,normalized,Oil_Rent_Intensive_Pre2016_ge1pct,Country_Holdout_CV,OOF_ALL_FOLDS,ElasticNet,added_model_vs_strongest_benchmark,0.004000000000000021,1.0
M2_Macro_Oil_vs_M3_Macro_Oil_RegQuality__normalized__Oil_Rent_Intensive_Pre2016_ge1pct,Regulatory_Quality_lag1,normalized,Oil_Rent_Intensive_Pre2016_ge1pct,Country_Holdout_CV,OOF_ALL_FOLDS,ElasticNet,added_model_vs_strongest_benchmark,0.004500000000000021,1.0
M2_Macro_Oil_vs_M3_Macro_Oil_RegQuality__normalized__Oil_Rent_Intensive_Pre2016_ge1pct,Regulatory_Quality_lag1,normalized,Oil_Rent_Intensive_Pre2016_ge1pct,Country_Holdout_CV,OOF_ALL_FOLDS,ElasticNet,added_model_vs_strongest_benchmark,0.005000000000000022,1.0
M2_Macro_Oil_vs_M3_Macro_Oil_RegQuality__normalized__Oil_Rent_Intensive_Pre2016_ge1pct,Regulatory_Quality_lag1,normalized,Oil_Rent_Intensive_Pre2016_ge1pct,Country_Holdout_CV,OOF_ALL_FOLDS,ElasticNet,added_model_vs_strongest_benchmark,0.005500000000000022,1.0
M2_Macro_Oil_vs_M3_Macro_Oil_RegQuality__normalized__Oil_Rent_Intensive_Pre2016_ge1pct,Regulatory_Quality_lag1,normalized,Oil_Rent_Intensive_Pre2016_ge1pct,Country_Holdout_CV,OOF_ALL_FOLDS,ElasticNet,added_model_vs_strongest_benchmark,0.006000000000000023,1.0
M2_Macro_Oil_vs_M3_Macro_Oil_RegQuality__normalized__Oil_Rent_Intensive_Pre2016_ge1pct,Regulatory_Quality_lag1,normalized,Oil_Rent_Intensive_Pre2016_ge1pct,Country_Holdout_CV,OOF_ALL_FOLDS,ElasticNet,added_model_vs_strongest_benchmark,0.006500000000000023,1.0
M2_Macro_Oil_vs_M3_Macro_Oil_RegQuality__normalized__Oil_Rent_Intensive_Pre2016_ge1pct,Regulatory_Quality_lag1,normalized,Oil_Rent_Intensive_Pre2016_ge1pct,Country_Holdout_CV,OOF_ALL_FOLDS,ElasticNet,added_model_vs_strongest_benchmark,0.0070000000000000236,1.0
M2_Macro_Oil_vs_M3_Macro_Oil_RegQuality__normalized__Oil_Rent_Intensive_Pre2016_ge1pct,Regulatory_Quality_lag1,normalized,Oil_Rent_Intensive_Pre2016_ge1pct,Country_Holdout_CV,OOF_ALL_FOLDS,ElasticNet,added_model_vs_strongest_benchmark,0.007500000000000024,1.0
M2_Macro_Oil_vs_M3_Macro_Oil_RegQuality__normalized__Oil_Rent_Intensive_Pre2016_ge1pct,Regulatory_Quality_lag1,normalized,Oil_Rent_Intensive_Pre2016_ge1pct,Country_Holdout_CV,OOF_ALL_FOLDS,ElasticNet,added_model_vs_strongest_benchmark,0.008000000000000024,1.0
M2_Macro_Oil_vs_M3_Macro_Oil_RegQuality__normalized__Oil_Rent_Intensive_Pre2016_ge1pct,Regulatory_Quality_lag1,normalized,Oil_Rent_Intensive_Pre2016_ge1pct,Country_Holdout_CV,OOF_ALL_FOLDS,ElasticNet,added_model_vs_strongest_benchmark,0.008500000000000025,1.0
M2_Macro_Oil_vs_M3_Macro_Oil_RegQuality__normalized__Oil_Rent_Intensive_Pre2016_ge1pct,Regulatory_Quality_lag1,normalized,Oil_Rent_Intensive_Pre2016_ge1pct,Country_Holdout_CV,OOF_ALL_FOLDS,ElasticNet,added_model_vs_strongest_benchmark,0.009000000000000025,1.0
M2_Macro_Oil_vs_M3_Macro_Oil_RegQuality__normalized__Oil_Rent_Intensive_Pre2016_ge1pct,Regulatory_Quality_lag1,normalized,Oil_Rent_Intensive_Pre2016_ge1pct,Country_Holdout_CV,OOF_ALL_FOLDS,ElasticNet,added_model_vs_strongest_benchmark,0.009500000000000026,1.0
M2_Macro_Oil_vs_M3_Macro_Oil_RegQuality__normalized__Oil_Rent_Intensive_Pre2016_ge1pct,Regulatory_Quality_lag1,normalized,Oil_Rent_Intensive_Pre2016_ge1pct,Country_Holdout_CV,OOF_ALL_FOLDS,ElasticNet,added_model_vs_strongest_benchmark,0.010000000000000026,1.0
M2_Macro_Oil_vs_M3_Macro_Oil_RegQuality__normalized__Oil_Rent_Intensive_Pre2016_ge1pct,Regulatory_Quality_lag1,normalized,Oil_Rent_Intensive_Pre2016_ge1pct,Country_Holdout_CV,OOF_ALL_FOLDS,ElasticNet,added_model_vs_strongest_benchmark,0.010500000000000027,1.0
M2_Macro_Oil_vs_M3_Macro_Oil_RegQuality__normalized__Oil_Rent_Intensive_Pre2016_ge1pct,Regulatory_Quality_lag1,normalized,Oil_Rent_Intensive_Pre2016_ge1pct,Country_Holdout_CV,OOF_ALL_FOLDS,ElasticNet,added_model_vs_strongest_benchmark,0.011000000000000027,1.0
M2_Macro_Oil_vs_M3_Macro_Oil_RegQuality__normalized__Oil_Rent_Intensive_Pre2016_ge1pct,Regulatory_Quality_lag1,normalized,Oil_Rent_Intensive_Pre2016_ge1pct,Country_Holdout_CV,OOF_ALL_FOLDS,ElasticNet,added_model_vs_strongest_benchmark,0.011500000000000028,1.0
M2_Macro_Oil_vs_M3_Macro_Oil_RegQuality__normalized__Oil_Rent_Intensive_Pre2016_ge1pct,Regulatory_Quality_lag1,normalized,Oil_Rent_Intensive_Pre2016_ge1pct,Country_Holdout_CV,OOF_ALL_FOLDS,ElasticNet,added_model_vs_strongest_benchmark,0.012000000000000028,1.0
M2_Macro_Oil_vs_M3_Macro_Oil_RegQuality__normalized__Oil_Rent_Intensive_Pre2016_ge1pct,Regulatory_Quality_lag1,normalized,Oil_Rent_Intensive_Pre2016_ge1pct,Country_Holdout_CV,OOF_ALL_FOLDS,ElasticNet,added_model_vs_strongest_benchmark,0.012500000000000028,1.0
M2_Macro_Oil_vs_M3_Macro_Oil_RegQuality__normalized__Oil_Rent_Intensive_Pre2016_ge1pct,Regulatory_Quality_lag1,normalized,Oil_Rent_Intensive_Pre2016_ge1pct,Country_Holdout_CV,OOF_ALL_FOLDS,ElasticNet,added_model_vs_strongest_benchmark,0.013000000000000029,1.0
M2_Macro_Oil_vs_M3_Macro_Oil_RegQuality__normalized__Oil_Rent_Intensive_Pre2016_ge1pct,Regulatory_Quality_lag1,normalized,Oil_Rent_Intensive_Pre2016_ge1pct,Country_Holdout_CV,OOF_ALL_FOLDS,ElasticNet,added_model_vs_strongest_benchmark,0.01350000000000003,1.0
M2_Macro_Oil_vs_M3_Macro_Oil_RegQuality__normalized__Oil_Rent_Intensive_Pre2016_ge1pct,Regulatory_Quality_lag1,normalized,Oil_Rent_Intensive_Pre2016_ge1pct,Country_Holdout_CV,OOF_ALL_FOLDS,ElasticNet,added_model_vs_strongest_benchmark,0.01400000000000003,1.0
M2_Macro_Oil_vs_M3_Macro_Oil_RegQuality__normalized__Oil_Rent_Intensive_Pre2016_ge1pct,Regulatory_Quality_lag1,normalized,Oil_Rent_Intensive_Pre2016_ge1pct,Country_Holdout_CV,OOF_ALL_FOLDS,ElasticNet,added_model_vs_strongest_benchmark,0.01450000000000003,1.0
M2_Macro_Oil_vs_M3_Macro_Oil_RegQuality__normalized__Oil_Rent_Intensive_Pre2016_ge1pct,Regulatory_Quality_lag1,normalized,Oil_Rent_Intensive_Pre2016_ge1pct,Country_Holdout_CV,OOF_ALL_FOLDS,ElasticNet,added_model_vs_strongest_benchmark,0.01500000000000003,1.0
M2_Macro_Oil_vs_M3_Macro_Oil_RegQuality__normalized__Oil_Rent_Intensive_Pre2016_ge1pct,Regulatory_Quality_lag1,normalized,Oil_Rent_Intensive_Pre2016_ge1pct,Country_Holdout_CV,OOF_ALL_FOLDS,ElasticNet,added_model_vs_strongest_benchmark,0.015500000000000031,1.0
M2_Macro_Oil_vs_M3_Macro_Oil_RegQuality__normalized__Oil_Rent_Intensive_Pre2016_ge1pct,Regulatory_Quality_lag1,normalized,Oil_Rent_Intensive_Pre2016_ge1pct,Country_Holdout_CV,OOF_ALL_FOLDS,ElasticNet,added_model_vs_strongest_benchmark,0.01600000000000003,1.0
M2_Macro_Oil_vs_M3_Macro_Oil_RegQuality__normalized__Oil_Rent_Intensive_Pre2016_ge1pct,Regulatory_Quality_lag1,normalized,Oil_Rent_Intensive_Pre2016_ge1pct,Country_Holdout_CV,OOF_ALL_FOLDS,ElasticNet,added_model_vs_strongest_benchmark,0.016500000000000032,1.0
M2_Macro_Oil_vs_M3_Macro_Oil_RegQuality__normalized__Oil_Rent_Intensive_Pre2016_ge1pct,Regulatory_Quality_lag1,normalized,Oil_Rent_Intensive_Pre2016_ge1pct,Country_Holdout_CV,OOF_ALL_FOLDS,ElasticNet,added_model_vs_strongest_benchmark,0.017000000000000032,1.0
M2_Macro_Oil_vs_M3_Macro_Oil_RegQuality__normalized__Oil_Rent_Intensive_Pre2016_ge1pct,Regulatory_Quality_lag1,normalized,Oil_Rent_Intensive_Pre2016_ge1pct,Country_Holdout_CV,OOF_ALL_FOLDS,ElasticNet,added_model_vs_strongest_benchmark,0.017500000000000033,1.0
M2_Macro_Oil_vs_M3_Macro_Oil_RegQuality__normalized__Oil_Rent_Intensive_Pre2016_ge1pct,Regulatory_Quality_lag1,normalized,Oil_Rent_Intensive_Pre2016_ge1pct,Country_Holdout_CV,OOF_ALL_FOLDS,ElasticNet,added_model_vs_strongest_benchmark,0.018000000000000033,1.0
M2_Macro_Oil_vs_M3_Macro_Oil_RegQuality__normalized__Oil_Rent_Intensive_Pre2016_ge1pct,Regulatory_Quality_lag1,normalized,Oil_Rent_Intensive_Pre2016_ge1pct,Country_Holdout_CV,OOF_ALL_FOLDS,ElasticNet,added_model_vs_strongest_benchmark,0.018500000000000034,1.0
M2_Macro_Oil_vs_M3_Macro_Oil_RegQuality__normalized__Oil_Rent_Intensive_Pre2016_ge1pct,Regulatory_Quality_lag1,normalized,Oil_Rent_Intensive_Pre2016_ge1pct,Country_Holdout_CV,OOF_ALL_FOLDS,ElasticNet,added_model_vs_strongest_benchmark,0.019000000000000034,1.0
M2_Macro_Oil_vs_M3_Macro_Oil_RegQuality__normalized__Oil_Rent_Intensive_Pre2016_ge1pct,Regulatory_Quality_lag1,normalized,Oil_Rent_Intensive_Pre2016_ge1pct,Country_Holdout_CV,OOF_ALL_FOLDS,ElasticNet,added_model_vs_strongest_benchmark,0.019500000000000035,1.0
M2_Macro_Oil_vs_M3_Macro_Oil_RegQuality__normalized__Oil_Rent_Intensive_Pre2016_ge1pct,Regulatory_Quality_lag1,normalized,Oil_Rent_Intensive_Pre2016_ge1pct,Country_Holdout_CV,OOF_ALL_FOLDS,ElasticNet,added_model_vs_strongest_benchmark,0.020000000000000035,1.0
M2_Macro_Oil_vs_M3_Macro_Oil_RegQuality__normalized__Oil_Rent_Intensive_Pre2016_ge1pct,Regulatory_Quality_lag1,normalized,Oil_Rent_Intensive_Pre2016_ge1pct,Country_Holdout_CV,OOF_ALL_FOLDS,ElasticNet,added_model_vs_strongest_benchmark,0.020500000000000036,1.0
M2_Macro_Oil_vs_M3_Macro_Oil_RegQuality__normalized__Oil_Rent_Intensive_Pre2016_ge1pct,Regulatory_Quality_lag1,normalized,Oil_Rent_Intensive_Pre2016_ge1pct,Country_Holdout_CV,OOF_ALL_FOLDS,ElasticNet,added_model_vs_strongest_benchmark,0.021000000000000036,1.0
M2_Macro_Oil_vs_M3_Macro_Oil_RegQuality__normalized__Oil_Rent_Intensive_Pre2016_ge1pct,Regulatory_Quality_lag1,normalized,Oil_Rent_Intensive_Pre2016_ge1pct,Country_Holdout_CV,OOF_ALL_FOLDS,ElasticNet,added_model_vs_strongest_benchmark,0.021500000000000036,1.0
M2_Macro_Oil_vs_M3_Macro_Oil_RegQuality__normalized__Oil_Rent_Intensive_Pre2016_ge1pct,Regulatory_Quality_lag1,normalized,Oil_Rent_Intensive_Pre2016_ge1pct,Country_Holdout_CV,OOF_ALL_FOLDS,ElasticNet,added_model_vs_strongest_benchmark,0.022000000000000037,1.0
M2_Macro_Oil_vs_M3_Macro_Oil_RegQuality__normalized__Oil_Rent_Intensive_Pre2016_ge1pct,Regulatory_Quality_lag1,normalized,Oil_Rent_Intensive_Pre2016_ge1pct,Country_Holdout_CV,OOF_ALL_FOLDS,ElasticNet,added_model_vs_strongest_benchmark,0.022500000000000037,1.0
M2_Macro_Oil_vs_M3_Macro_Oil_RegQuality__normalized__Oil_Rent_Intensive_Pre2016_ge1pct,Regulatory_Quality_lag1,normalized,Oil_Rent_Intensive_Pre2016_ge1pct,Country_Holdout_CV,OOF_ALL_FOLDS,ElasticNet,added_model_vs_strongest_benchmark,0.023000000000000038,1.0
M2_Macro_Oil_vs_M3_Macro_Oil_RegQuality__normalized__Oil_Rent_Intensive_Pre2016_ge1pct,Regulatory_Quality_lag1,normalized,Oil_Rent_Intensive_Pre2016_ge1pct,Country_Holdout_CV,OOF_ALL_FOLDS,ElasticNet,added_model_vs_strongest_benchmark,0.023500000000000038,1.0
M2_Macro_Oil_vs_M3_Macro_Oil_RegQuality__normalized__Oil_Rent_Intensive_Pre2016_ge1pct,Regulatory_Quality_lag1,normalized,Oil_Rent_Intensive_Pre2016_ge1pct,Country_Holdout_CV,OOF_ALL_FOLDS,ElasticNet,added_model_vs_strongest_benchmark,0.02400000000000004,1.0
M2_Macro_Oil_vs_M3_Macro_Oil_RegQuality__normalized__Oil_Rent_Intensive_Pre2016_ge1pct,Regulatory_Quality_lag1,normalized,Oil_Rent_Intensive_Pre2016_ge1pct,Country_Holdout_CV,OOF_ALL_FOLDS,ElasticNet,added_model_vs_strongest_benchmark,0.02450000000000004,1.0
M2_Macro_Oil_vs_M3_Macro_Oil_RegQuality__normalized__Oil_Rent_Intensive_Pre2016_ge1pct,Regulatory_Quality_lag1,normalized,Oil_Rent_Intensive_Pre2016_ge1pct,Country_Holdout_CV,OOF_ALL_FOLDS,ElasticNet,added_model_vs_strongest_benchmark,0.02500000000000004,1.0
M2_Macro_Oil_vs_M3_Macro_Oil_RegQuality__normalized__Oil_Rent_Intensive_Pre2016_ge1pct,Regulatory_Quality_lag1,normalized,Oil_Rent_Intensive_Pre2016_ge1pct,Country_Holdout_CV,OOF_ALL_FOLDS,ElasticNet,added_model_vs_strongest_benchmark,0.02550000000000004,1.0
M2_Macro_Oil_vs_M3_Macro_Oil_RegQuality__normalized__Oil_Rent_Intensive_Pre2016_ge1pct,Regulatory_Quality_lag1,normalized,Oil_Rent_Intensive_Pre2016_ge1pct,Country_Holdout_CV,OOF_ALL_FOLDS,ElasticNet,added_model_vs_strongest_benchmark,0.02600000000000004,1.0
M2_Macro_Oil_vs_M3_Macro_Oil_RegQuality__normalized__Oil_Rent_Intensive_Pre2016_ge1pct,Regulatory_Quality_lag1,normalized,Oil_Rent_Intensive_Pre2016_ge1pct,Country_Holdout_CV,OOF_ALL_FOLDS,ElasticNet,added_model_vs_strongest_benchmark,0.02650000000000004,1.0
M2_Macro_Oil_vs_M3_Macro_Oil_RegQuality__normalized__Oil_Rent_Intensive_Pre2016_ge1pct,Regulatory_Quality_lag1,normalized,Oil_Rent_Intensive_Pre2016_ge1pct,Country_Holdout_CV,OOF_ALL_FOLDS,ElasticNet,added_model_vs_strongest_benchmark,0.02700000000000004,1.0
M2_Macro_Oil_vs_M3_Macro_Oil_RegQuality__normalized__Oil_Rent_Intensive_Pre2016_ge1pct,Regulatory_Quality_lag1,normalized,Oil_Rent_Intensive_Pre2016_ge1pct,Country_Holdout_CV,OOF_ALL_FOLDS,ElasticNet,added_model_vs_strongest_benchmark,0.027500000000000042,1.0
M2_Macro_Oil_vs_M3_Macro_Oil_RegQuality__normalized__Oil_Rent_Intensive_Pre2016_ge1pct,Regulatory_Quality_lag1,normalized,Oil_Rent_Intensive_Pre2016_ge1pct,Country_Holdout_CV,OOF_ALL_FOLDS,ElasticNet,added_model_vs_strongest_benchmark,0.028000000000000042,1.0
M2_Macro_Oil_vs_M3_Macro_Oil_RegQuality__normalized__Oil_Rent_Intensive_Pre2016_ge1pct,Regulatory_Quality_lag1,normalized,Oil_Rent_Intensive_Pre2016_ge1pct,Country_Holdout_CV,OOF_ALL_FOLDS,ElasticNet,added_model_vs_strongest_benchmark,0.028500000000000043,1.0
M2_Macro_Oil_vs_M3_Macro_Oil_RegQuality__normalized__Oil_Rent_Intensive_Pre2016_ge1pct,Regulatory_Quality_lag1,normalized,Oil_Rent_Intensive_Pre2016_ge1pct,Country_Holdout_CV,OOF_ALL_FOLDS,ElasticNet,added_model_vs_strongest_benchmark,0.029000000000000043,1.0
M2_Macro_Oil_vs_M3_Macro_Oil_RegQuality__normalized__Oil_Rent_Intensive_Pre2016_ge1pct,Regulatory_Quality_lag1,normalized,Oil_Rent_Intensive_Pre2016_ge1pct,Country_Holdout_CV,OOF_ALL_FOLDS,ElasticNet,added_model_vs_strongest_benchmark,0.029500000000000044,1.0
M2_Macro_Oil_vs_M3_Macro_Oil_RegQuality__normalized__Oil_Rent_Intensive_Pre2016_ge1pct,Regulatory_Quality_lag1,normalized,Oil_Rent_Intensive_Pre2016_ge1pct,Country_Holdout_CV,OOF_ALL_FOLDS,ElasticNet,added_model_vs_strongest_benchmark,0.030000000000000044,1.0
M2_Macro_Oil_vs_M3_Macro_Oil_RegQuality__normalized__Oil_Rent_Intensive_Pre2016_ge1pct,Regulatory_Quality_lag1,normalized,Oil_Rent_Intensive_Pre2016_ge1pct,Country_Holdout_CV,OOF_ALL_FOLDS,RandomForest,signal_increment,-0.02,0.931
M2_Macro_Oil_vs_M3_Macro_Oil_RegQuality__normalized__Oil_Rent_Intensive_Pre2016_ge1pct,Regulatory_Quality_lag1,normalized,Oil_Rent_Intensive_Pre2016_ge1pct,Country_Holdout_CV,OOF_ALL_FOLDS,RandomForest,signal_increment,-0.0195,0.9295
M2_Macro_Oil_vs_M3_Macro_Oil_RegQuality__normalized__Oil_Rent_Intensive_Pre2016_ge1pct,Regulatory_Quality_lag1,normalized,Oil_Rent_Intensive_Pre2016_ge1pct,Country_Holdout_CV,OOF_ALL_FOLDS,RandomForest,signal_increment,-0.019,0.924
M2_Macro_Oil_vs_M3_Macro_Oil_RegQuality__normalized__Oil_Rent_Intensive_Pre2016_ge1pct,Regulatory_Quality_lag1,normalized,Oil_Rent_Intensive_Pre2016_ge1pct,Country_Holdout_CV,OOF_ALL_FOLDS,RandomForest,signal_increment,-0.0185,0.92
M2_Macro_Oil_vs_M3_Macro_Oil_RegQuality__normalized__Oil_Rent_Intensive_Pre2016_ge1pct,Regulatory_Quality_lag1,normalized,Oil_Rent_Intensive_Pre2016_ge1pct,Country_Holdout_CV,OOF_ALL_FOLDS,RandomForest,signal_increment,-0.018,0.9155
M2_Macro_Oil_vs_M3_Macro_Oil_RegQuality__normalized__Oil_Rent_Intensive_Pre2016_ge1pct,Regulatory_Quality_lag1,normalized,Oil_Rent_Intensive_Pre2016_ge1pct,Country_Holdout_CV,OOF_ALL_FOLDS,RandomForest,signal_increment,-0.017499999999999998,0.91
M2_Macro_Oil_vs_M3_Macro_Oil_RegQuality__normalized__Oil_Rent_Intensive_Pre2016_ge1pct,Regulatory_Quality_lag1,normalized,Oil_Rent_Intensive_Pre2016_ge1pct,Country_Holdout_CV,OOF_ALL_FOLDS,RandomForest,signal_increment,-0.016999999999999998,0.906
M2_Macro_Oil_vs_M3_Macro_Oil_RegQuality__normalized__Oil_Rent_Intensive_Pre2016_ge1pct,Regulatory_Quality_lag1,normalized,Oil_Rent_Intensive_Pre2016_ge1pct,Country_Holdout_CV,OOF_ALL_FOLDS,RandomForest,signal_increment,-0.016499999999999997,0.901
M2_Macro_Oil_vs_M3_Macro_Oil_RegQuality__normalized__Oil_Rent_Intensive_Pre2016_ge1pct,Regulatory_Quality_lag1,normalized,Oil_Rent_Intensive_Pre2016_ge1pct,Country_Holdout_CV,OOF_ALL_FOLDS,RandomForest,signal_increment,-0.015999999999999997,0.897
M2_Macro_Oil_vs_M3_Macro_Oil_RegQuality__normalized__Oil_Rent_Intensive_Pre2016_ge1pct,Regulatory_Quality_lag1,normalized,Oil_Rent_Intensive_Pre2016_ge1pct,Country_Holdout_CV,OOF_ALL_FOLDS,RandomForest,signal_increment,-0.015499999999999996,0.8915
M2_Macro_Oil_vs_M3_Macro_Oil_RegQuality__normalized__Oil_Rent_Intensive_Pre2016_ge1pct,Regulatory_Quality_lag1,normalized,Oil_Rent_Intensive_Pre2016_ge1pct,Country_Holdout_CV,OOF_ALL_FOLDS,RandomForest,signal_increment,-0.014999999999999996,0.884
M2_Macro_Oil_vs_M3_Macro_Oil_RegQuality__normalized__Oil_Rent_Intensive_Pre2016_ge1pct,Regulatory_Quality_lag1,normalized,Oil_Rent_Intensive_Pre2016_ge1pct,Country_Holdout_CV,OOF_ALL_FOLDS,RandomForest,signal_increment,-0.014499999999999996,0.873
M2_Macro_Oil_vs_M3_Macro_Oil_RegQuality__normalized__Oil_Rent_Intensive_Pre2016_ge1pct,Regulatory_Quality_lag1,normalized,Oil_Rent_Intensive_Pre2016_ge1pct,Country_Holdout_CV,OOF_ALL_FOLDS,RandomForest,signal_increment,-0.013999999999999995,0.868
M2_Macro_Oil_vs_M3_Macro_Oil_RegQuality__normalized__Oil_Rent_Intensive_Pre2016_ge1pct,Regulatory_Quality_lag1,normalized,Oil_Rent_Intensive_Pre2016_ge1pct,Country_Holdout_CV,OOF_ALL_FOLDS,RandomForest,signal_increment,-0.013499999999999995,0.865
M2_Macro_Oil_vs_M3_Macro_Oil_RegQuality__normalized__Oil_Rent_Intensive_Pre2016_ge1pct,Regulatory_Quality_lag1,normalized,Oil_Rent_Intensive_Pre2016_ge1pct,Country_Holdout_CV,OOF_ALL_FOLDS,RandomForest,signal_increment,-0.012999999999999994,0.857
M2_Macro_Oil_vs_M3_Macro_Oil_RegQuality__normalized__Oil_Rent_Intensive_Pre2016_ge1pct,Regulatory_Quality_lag1,normalized,Oil_Rent_Intensive_Pre2016_ge1pct,Country_Holdout_CV,OOF_ALL_FOLDS,RandomForest,signal_increment,-0.012499999999999994,0.8445
M2_Macro_Oil_vs_M3_Macro_Oil_RegQuality__normalized__Oil_Rent_Intensive_Pre2016_ge1pct,Regulatory_Quality_lag1,normalized,Oil_Rent_Intensive_Pre2016_ge1pct,Country_Holdout_CV,OOF_ALL_FOLDS,RandomForest,signal_increment,-0.011999999999999993,0.8365
M2_Macro_Oil_vs_M3_Macro_Oil_RegQuality__normalized__Oil_Rent_Intensive_Pre2016_ge1pct,Regulatory_Quality_lag1,normalized,Oil_Rent_Intensive_Pre2016_ge1pct,Country_Holdout_CV,OOF_ALL_FOLDS,RandomForest,signal_increment,-0.011499999999999993,0.832
M2_Macro_Oil_vs_M3_Macro_Oil_RegQuality__normalized__Oil_Rent_Intensive_Pre2016_ge1pct,Regulatory_Quality_lag1,normalized,Oil_Rent_Intensive_Pre2016_ge1pct,Country_Holdout_CV,OOF_ALL_FOLDS,RandomForest,signal_increment,-0.010999999999999992,0.8225
M2_Macro_Oil_vs_M3_Macro_Oil_RegQuality__normalized__Oil_Rent_Intensive_Pre2016_ge1pct,Regulatory_Quality_lag1,normalized,Oil_Rent_Intensive_Pre2016_ge1pct,Country_Holdout_CV,OOF_ALL_FOLDS,RandomForest,signal_increment,-0.010499999999999992,0.816
M2_Macro_Oil_vs_M3_Macro_Oil_RegQuality__normalized__Oil_Rent_Intensive_Pre2016_ge1pct,Regulatory_Quality_lag1,normalized,Oil_Rent_Intensive_Pre2016_ge1pct,Country_Holdout_CV,OOF_ALL_FOLDS,RandomForest,signal_increment,-0.009999999999999992,0.8045
M2_Macro_Oil_vs_M3_Macro_Oil_RegQuality__normalized__Oil_Rent_Intensive_Pre2016_ge1pct,Regulatory_Quality_lag1,normalized,Oil_Rent_Intensive_Pre2016_ge1pct,Country_Holdout_CV,OOF_ALL_FOLDS,RandomForest,signal_increment,-0.009499999999999991,0.797
M2_Macro_Oil_vs_M3_Macro_Oil_RegQuality__normalized__Oil_Rent_Intensive_Pre2016_ge1pct,Regulatory_Quality_lag1,normalized,Oil_Rent_Intensive_Pre2016_ge1pct,Country_Holdout_CV,OOF_ALL_FOLDS,RandomForest,signal_increment,-0.00899999999999999,0.7895
M2_Macro_Oil_vs_M3_Macro_Oil_RegQuality__normalized__Oil_Rent_Intensive_Pre2016_ge1pct,Regulatory_Quality_lag1,normalized,Oil_Rent_Intensive_Pre2016_ge1pct,Country_Holdout_CV,OOF_ALL_FOLDS,RandomForest,signal_increment,-0.00849999999999999,0.778
M2_Macro_Oil_vs_M3_Macro_Oil_RegQuality__normalized__Oil_Rent_Intensive_Pre2016_ge1pct,Regulatory_Quality_lag1,normalized,Oil_Rent_Intensive_Pre2016_ge1pct,Country_Holdout_CV,OOF_ALL_FOLDS,RandomForest,signal_increment,-0.00799999999999999,0.7665
M2_Macro_Oil_vs_M3_Macro_Oil_RegQuality__normalized__Oil_Rent_Intensive_Pre2016_ge1pct,Regulatory_Quality_lag1,normalized,Oil_Rent_Intensive_Pre2016_ge1pct,Country_Holdout_CV,OOF_ALL_FOLDS,RandomForest,signal_increment,-0.007499999999999989,0.7545
M2_Macro_Oil_vs_M3_Macro_Oil_RegQuality__normalized__Oil_Rent_Intensive_Pre2016_ge1pct,Regulatory_Quality_lag1,normalized,Oil_Rent_Intensive_Pre2016_ge1pct,Country_Holdout_CV,OOF_ALL_FOLDS,RandomForest,signal_increment,-0.006999999999999989,0.743
M2_Macro_Oil_vs_M3_Macro_Oil_RegQuality__normalized__Oil_Rent_Intensive_Pre2016_ge1pct,Regulatory_Quality_lag1,normalized,Oil_Rent_Intensive_Pre2016_ge1pct,Country_Holdout_CV,OOF_ALL_FOLDS,RandomForest,signal_increment,-0.006499999999999988,0.733
M2_Macro_Oil_vs_M3_Macro_Oil_RegQuality__normalized__Oil_Rent_Intensive_Pre2016_ge1pct,Regulatory_Quality_lag1,normalized,Oil_Rent_Intensive_Pre2016_ge1pct,Country_Holdout_CV,OOF_ALL_FOLDS,RandomForest,signal_increment,-0.005999999999999988,0.713
M2_Macro_Oil_vs_M3_Macro_Oil_RegQuality__normalized__Oil_Rent_Intensive_Pre2016_ge1pct,Regulatory_Quality_lag1,normalized,Oil_Rent_Intensive_Pre2016_ge1pct,Country_Holdout_CV,OOF_ALL_FOLDS,RandomForest,signal_increment,-0.0054999999999999875,0.7
M2_Macro_Oil_vs_M3_Macro_Oil_RegQuality__normalized__Oil_Rent_Intensive_Pre2016_ge1pct,Regulatory_Quality_lag1,normalized,Oil_Rent_Intensive_Pre2016_ge1pct,Country_Holdout_CV,OOF_ALL_FOLDS,RandomForest,signal_increment,-0.004999999999999987,0.6885
M2_Macro_Oil_vs_M3_Macro_Oil_RegQuality__normalized__Oil_Rent_Intensive_Pre2016_ge1pct,Regulatory_Quality_lag1,normalized,Oil_Rent_Intensive_Pre2016_ge1pct,Country_Holdout_CV,OOF_ALL_FOLDS,RandomForest,signal_increment,-0.004499999999999987,0.677
M2_Macro_Oil_vs_M3_Macro_Oil_RegQuality__normalized__Oil_Rent_Intensive_Pre2016_ge1pct,Regulatory_Quality_lag1,normalized,Oil_Rent_Intensive_Pre2016_ge1pct,Country_Holdout_CV,OOF_ALL_FOLDS,RandomForest,signal_increment,-0.003999999999999986,0.6615
M2_Macro_Oil_vs_M3_Macro_Oil_RegQuality__normalized__Oil_Rent_Intensive_Pre2016_ge1pct,Regulatory_Quality_lag1,normalized,Oil_Rent_Intensive_Pre2016_ge1pct,Country_Holdout_CV,OOF_ALL_FOLDS,RandomForest,signal_increment,-0.0034999999999999858,0.6495
M2_Macro_Oil_vs_M3_Macro_Oil_RegQuality__normalized__Oil_Rent_Intensive_Pre2016_ge1pct,Regulatory_Quality_lag1,normalized,Oil_Rent_Intensive_Pre2016_ge1pct,Country_Holdout_CV,OOF_ALL_FOLDS,RandomForest,signal_increment,-0.0029999999999999853,0.6365
M2_Macro_Oil_vs_M3_Macro_Oil_RegQuality__normalized__Oil_Rent_Intensive_Pre2016_ge1pct,Regulatory_Quality_lag1,normalized,Oil_Rent_Intensive_Pre2016_ge1pct,Country_Holdout_CV,OOF_ALL_FOLDS,RandomForest,signal_increment,-0.002499999999999985,0.625
M2_Macro_Oil_vs_M3_Macro_Oil_RegQuality__normalized__Oil_Rent_Intensive_Pre2016_ge1pct,Regulatory_Quality_lag1,normalized,Oil_Rent_Intensive_Pre2016_ge1pct,Country_Holdout_CV,OOF_ALL_FOLDS,RandomForest,signal_increment,-0.0019999999999999844,0.61
M2_Macro_Oil_vs_M3_Macro_Oil_RegQuality__normalized__Oil_Rent_Intensive_Pre2016_ge1pct,Regulatory_Quality_lag1,normalized,Oil_Rent_Intensive_Pre2016_ge1pct,Country_Holdout_CV,OOF_ALL_FOLDS,RandomForest,signal_increment,-0.001499999999999984,0.5925
M2_Macro_Oil_vs_M3_Macro_Oil_RegQuality__normalized__Oil_Rent_Intensive_Pre2016_ge1pct,Regulatory_Quality_lag1,normalized,Oil_Rent_Intensive_Pre2016_ge1pct,Country_Holdout_CV,OOF_ALL_FOLDS,RandomForest,signal_increment,-0.0009999999999999835,0.5785
M2_Macro_Oil_vs_M3_Macro_Oil_RegQuality__normalized__Oil_Rent_Intensive_Pre2016_ge1pct,Regulatory_Quality_lag1,normalized,Oil_Rent_Intensive_Pre2016_ge1pct,Country_Holdout_CV,OOF_ALL_FOLDS,RandomForest,signal_increment,-0.0004999999999999831,0.5635
M2_Macro_Oil_vs_M3_Macro_Oil_RegQuality__normalized__Oil_Rent_Intensive_Pre2016_ge1pct,Regulatory_Quality_lag1,normalized,Oil_Rent_Intensive_Pre2016_ge1pct,Country_Holdout_CV,OOF_ALL_FOLDS,RandomForest,signal_increment,1.734723475976807e-17,0.5495
M2_Macro_Oil_vs_M3_Macro_Oil_RegQuality__normalized__Oil_Rent_Intensive_Pre2016_ge1pct,Regulatory_Quality_lag1,normalized,Oil_Rent_Intensive_Pre2016_ge1pct,Country_Holdout_CV,OOF_ALL_FOLDS,RandomForest,signal_increment,0.0005000000000000178,0.536
M2_Macro_Oil_vs_M3_Macro_Oil_RegQuality__normalized__Oil_Rent_Intensive_Pre2016_ge1pct,Regulatory_Quality_lag1,normalized,Oil_Rent_Intensive_Pre2016_ge1pct,Country_Holdout_CV,OOF_ALL_FOLDS,RandomForest,signal_increment,0.0010000000000000182,0.5225
M2_Macro_Oil_vs_M3_Macro_Oil_RegQuality__normalized__Oil_Rent_Intensive_Pre2016_ge1pct,Regulatory_Quality_lag1,normalized,Oil_Rent_Intensive_Pre2016_ge1pct,Country_Holdout_CV,OOF_ALL_FOLDS,RandomForest,signal_increment,0.0015000000000000187,0.5085
M2_Macro_Oil_vs_M3_Macro_Oil_RegQuality__normalized__Oil_Rent_Intensive_Pre2016_ge1pct,Regulatory_Quality_lag1,normalized,Oil_Rent_Intensive_Pre2016_ge1pct,Country_Holdout_CV,OOF_ALL_FOLDS,RandomForest,signal_increment,0.002000000000000019,0.4945
M2_Macro_Oil_vs_M3_Macro_Oil_RegQuality__normalized__Oil_Rent_Intensive_Pre2016_ge1pct,Regulatory_Quality_lag1,normalized,Oil_Rent_Intensive_Pre2016_ge1pct,Country_Holdout_CV,OOF_ALL_FOLDS,RandomForest,signal_increment,0.0025000000000000196,0.4725
M2_Macro_Oil_vs_M3_Macro_Oil_RegQuality__normalized__Oil_Rent_Intensive_Pre2016_ge1pct,Regulatory_Quality_lag1,normalized,Oil_Rent_Intensive_Pre2016_ge1pct,Country_Holdout_CV,OOF_ALL_FOLDS,RandomForest,signal_increment,0.00300000000000002,0.457
M2_Macro_Oil_vs_M3_Macro_Oil_RegQuality__normalized__Oil_Rent_Intensive_Pre2016_ge1pct,Regulatory_Quality_lag1,normalized,Oil_Rent_Intensive_Pre2016_ge1pct,Country_Holdout_CV,OOF_ALL_FOLDS,RandomForest,signal_increment,0.0035000000000000205,0.4395
M2_Macro_Oil_vs_M3_Macro_Oil_RegQuality__normalized__Oil_Rent_Intensive_Pre2016_ge1pct,Regulatory_Quality_lag1,normalized,Oil_Rent_Intensive_Pre2016_ge1pct,Country_Holdout_CV,OOF_ALL_FOLDS,RandomForest,signal_increment,0.004000000000000021,0.4225
M2_Macro_Oil_vs_M3_Macro_Oil_RegQuality__normalized__Oil_Rent_Intensive_Pre2016_ge1pct,Regulatory_Quality_lag1,normalized,Oil_Rent_Intensive_Pre2016_ge1pct,Country_Holdout_CV,OOF_ALL_FOLDS,RandomForest,signal_increment,0.004500000000000021,0.414
M2_Macro_Oil_vs_M3_Macro_Oil_RegQuality__normalized__Oil_Rent_Intensive_Pre2016_ge1pct,Regulatory_Quality_lag1,normalized,Oil_Rent_Intensive_Pre2016_ge1pct,Country_Holdout_CV,OOF_ALL_FOLDS,RandomForest,signal_increment,0.005000000000000022,0.4005
M2_Macro_Oil_vs_M3_Macro_Oil_RegQuality__normalized__Oil_Rent_Intensive_Pre2016_ge1pct,Regulatory_Quality_lag1,normalized,Oil_Rent_Intensive_Pre2016_ge1pct,Country_Holdout_CV,OOF_ALL_FOLDS,RandomForest,signal_increment,0.005500000000000022,0.386
M2_Macro_Oil_vs_M3_Macro_Oil_RegQuality__normalized__Oil_Rent_Intensive_Pre2016_ge1pct,Regulatory_Quality_lag1,normalized,Oil_Rent_Intensive_Pre2016_ge1pct,Country_Holdout_CV,OOF_ALL_FOLDS,RandomForest,signal_increment,0.006000000000000023,0.3715
M2_Macro_Oil_vs_M3_Macro_Oil_RegQuality__normalized__Oil_Rent_Intensive_Pre2016_ge1pct,Regulatory_Quality_lag1,normalized,Oil_Rent_Intensive_Pre2016_ge1pct,Country_Holdout_CV,OOF_ALL_FOLDS,RandomForest,signal_increment,0.006500000000000023,0.356
M2_Macro_Oil_vs_M3_Macro_Oil_RegQuality__normalized__Oil_Rent_Intensive_Pre2016_ge1pct,Regulatory_Quality_lag1,normalized,Oil_Rent_Intensive_Pre2016_ge1pct,Country_Holdout_CV,OOF_ALL_FOLDS,RandomForest,signal_increment,0.0070000000000000236,0.3375
M2_Macro_Oil_vs_M3_Macro_Oil_RegQuality__normalized__Oil_Rent_Intensive_Pre2016_ge1pct,Regulatory_Quality_lag1,normalized,Oil_Rent_Intensive_Pre2016_ge1pct,Country_Holdout_CV,OOF_ALL_FOLDS,RandomForest,signal_increment,0.007500000000000024,0.3235
M2_Macro_Oil_vs_M3_Macro_Oil_RegQuality__normalized__Oil_Rent_Intensive_Pre2016_ge1pct,Regulatory_Quality_lag1,normalized,Oil_Rent_Intensive_Pre2016_ge1pct,Country_Holdout_CV,OOF_ALL_FOLDS,RandomForest,signal_increment,0.008000000000000024,0.309
M2_Macro_Oil_vs_M3_Macro_Oil_RegQuality__normalized__Oil_Rent_Intensive_Pre2016_ge1pct,Regulatory_Quality_lag1,normalized,Oil_Rent_Intensive_Pre2016_ge1pct,Country_Holdout_CV,OOF_ALL_FOLDS,RandomForest,signal_increment,0.008500000000000025,0.296
M2_Macro_Oil_vs_M3_Macro_Oil_RegQuality__normalized__Oil_Rent_Intensive_Pre2016_ge1pct,Regulatory_Quality_lag1,normalized,Oil_Rent_Intensive_Pre2016_ge1pct,Country_Holdout_CV,OOF_ALL_FOLDS,RandomForest,signal_increment,0.009000000000000025,0.2805
M2_Macro_Oil_vs_M3_Macro_Oil_RegQuality__normalized__Oil_Rent_Intensive_Pre2016_ge1pct,Regulatory_Quality_lag1,normalized,Oil_Rent_Intensive_Pre2016_ge1pct,Country_Holdout_CV,OOF_ALL_FOLDS,RandomForest,signal_increment,0.009500000000000026,0.2685
M2_Macro_Oil_vs_M3_Macro_Oil_RegQuality__normalized__Oil_Rent_Intensive_Pre2016_ge1pct,Regulatory_Quality_lag1,normalized,Oil_Rent_Intensive_Pre2016_ge1pct,Country_Holdout_CV,OOF_ALL_FOLDS,RandomForest,signal_increment,0.010000000000000026,0.257
M2_Macro_Oil_vs_M3_Macro_Oil_RegQuality__normalized__Oil_Rent_Intensive_Pre2016_ge1pct,Regulatory_Quality_lag1,normalized,Oil_Rent_Intensive_Pre2016_ge1pct,Country_Holdout_CV,OOF_ALL_FOLDS,RandomForest,signal_increment,0.010500000000000027,0.2435
M2_Macro_Oil_vs_M3_Macro_Oil_RegQuality__normalized__Oil_Rent_Intensive_Pre2016_ge1pct,Regulatory_Quality_lag1,normalized,Oil_Rent_Intensive_Pre2016_ge1pct,Country_Holdout_CV,OOF_ALL_FOLDS,RandomForest,signal_increment,0.011000000000000027,0.2295
M2_Macro_Oil_vs_M3_Macro_Oil_RegQuality__normalized__Oil_Rent_Intensive_Pre2016_ge1pct,Regulatory_Quality_lag1,normalized,Oil_Rent_Intensive_Pre2016_ge1pct,Country_Holdout_CV,OOF_ALL_FOLDS,RandomForest,signal_increment,0.011500000000000028,0.217
M2_Macro_Oil_vs_M3_Macro_Oil_RegQuality__normalized__Oil_Rent_Intensive_Pre2016_ge1pct,Regulatory_Quality_lag1,normalized,Oil_Rent_Intensive_Pre2016_ge1pct,Country_Holdout_CV,OOF_ALL_FOLDS,RandomForest,signal_increment,0.012000000000000028,0.2065
M2_Macro_Oil_vs_M3_Macro_Oil_RegQuality__normalized__Oil_Rent_Intensive_Pre2016_ge1pct,Regulatory_Quality_lag1,normalized,Oil_Rent_Intensive_Pre2016_ge1pct,Country_Holdout_CV,OOF_ALL_FOLDS,RandomForest,signal_increment,0.012500000000000028,0.1915
M2_Macro_Oil_vs_M3_Macro_Oil_RegQuality__normalized__Oil_Rent_Intensive_Pre2016_ge1pct,Regulatory_Quality_lag1,normalized,Oil_Rent_Intensive_Pre2016_ge1pct,Country_Holdout_CV,OOF_ALL_FOLDS,RandomForest,signal_increment,0.013000000000000029,0.1805
M2_Macro_Oil_vs_M3_Macro_Oil_RegQuality__normalized__Oil_Rent_Intensive_Pre2016_ge1pct,Regulatory_Quality_lag1,normalized,Oil_Rent_Intensive_Pre2016_ge1pct,Country_Holdout_CV,OOF_ALL_FOLDS,RandomForest,signal_increment,0.01350000000000003,0.1715
M2_Macro_Oil_vs_M3_Macro_Oil_RegQuality__normalized__Oil_Rent_Intensive_Pre2016_ge1pct,Regulatory_Quality_lag1,normalized,Oil_Rent_Intensive_Pre2016_ge1pct,Country_Holdout_CV,OOF_ALL_FOLDS,RandomForest,signal_increment,0.01400000000000003,0.164
M2_Macro_Oil_vs_M3_Macro_Oil_RegQuality__normalized__Oil_Rent_Intensive_Pre2016_ge1pct,Regulatory_Quality_lag1,normalized,Oil_Rent_Intensive_Pre2016_ge1pct,Country_Holdout_CV,OOF_ALL_FOLDS,RandomForest,signal_increment,0.01450000000000003,0.156
M2_Macro_Oil_vs_M3_Macro_Oil_RegQuality__normalized__Oil_Rent_Intensive_Pre2016_ge1pct,Regulatory_Quality_lag1,normalized,Oil_Rent_Intensive_Pre2016_ge1pct,Country_Holdout_CV,OOF_ALL_FOLDS,RandomForest,signal_increment,0.01500000000000003,0.146
M2_Macro_Oil_vs_M3_Macro_Oil_RegQuality__normalized__Oil_Rent_Intensive_Pre2016_ge1pct,Regulatory_Quality_lag1,normalized,Oil_Rent_Intensive_Pre2016_ge1pct,Country_Holdout_CV,OOF_ALL_FOLDS,RandomForest,signal_increment,0.015500000000000031,0.137
M2_Macro_Oil_vs_M3_Macro_Oil_RegQuality__normalized__Oil_Rent_Intensive_Pre2016_ge1pct,Regulatory_Quality_lag1,normalized,Oil_Rent_Intensive_Pre2016_ge1pct,Country_Holdout_CV,OOF_ALL_FOLDS,RandomForest,signal_increment,0.01600000000000003,0.131
M2_Macro_Oil_vs_M3_Macro_Oil_RegQuality__normalized__Oil_Rent_Intensive_Pre2016_ge1pct,Regulatory_Quality_lag1,normalized,Oil_Rent_Intensive_Pre2016_ge1pct,Country_Holdout_CV,OOF_ALL_FOLDS,RandomForest,signal_increment,0.016500000000000032,0.1195
M2_Macro_Oil_vs_M3_Macro_Oil_RegQuality__normalized__Oil_Rent_Intensive_Pre2016_ge1pct,Regulatory_Quality_lag1,normalized,Oil_Rent_Intensive_Pre2016_ge1pct,Country_Holdout_CV,OOF_ALL_FOLDS,RandomForest,signal_increment,0.017000000000000032,0.1125
M2_Macro_Oil_vs_M3_Macro_Oil_RegQuality__normalized__Oil_Rent_Intensive_Pre2016_ge1pct,Regulatory_Quality_lag1,normalized,Oil_Rent_Intensive_Pre2016_ge1pct,Country_Holdout_CV,OOF_ALL_FOLDS,RandomForest,signal_increment,0.017500000000000033,0.1065
M2_Macro_Oil_vs_M3_Macro_Oil_RegQuality__normalized__Oil_Rent_Intensive_Pre2016_ge1pct,Regulatory_Quality_lag1,normalized,Oil_Rent_Intensive_Pre2016_ge1pct,Country_Holdout_CV,OOF_ALL_FOLDS,RandomForest,signal_increment,0.018000000000000033,0.102
M2_Macro_Oil_vs_M3_Macro_Oil_RegQuality__normalized__Oil_Rent_Intensive_Pre2016_ge1pct,Regulatory_Quality_lag1,normalized,Oil_Rent_Intensive_Pre2016_ge1pct,Country_Holdout_CV,OOF_ALL_FOLDS,RandomForest,signal_increment,0.018500000000000034,0.097
M2_Macro_Oil_vs_M3_Macro_Oil_RegQuality__normalized__Oil_Rent_Intensive_Pre2016_ge1pct,Regulatory_Quality_lag1,normalized,Oil_Rent_Intensive_Pre2016_ge1pct,Country_Holdout_CV,OOF_ALL_FOLDS,RandomForest,signal_increment,0.019000000000000034,0.091
M2_Macro_Oil_vs_M3_Macro_Oil_RegQuality__normalized__Oil_Rent_Intensive_Pre2016_ge1pct,Regulatory_Quality_lag1,normalized,Oil_Rent_Intensive_Pre2016_ge1pct,Country_Holdout_CV,OOF_ALL_FOLDS,RandomForest,signal_increment,0.019500000000000035,0.0845
M2_Macro_Oil_vs_M3_Macro_Oil_RegQuality__normalized__Oil_Rent_Intensive_Pre2016_ge1pct,Regulatory_Quality_lag1,normalized,Oil_Rent_Intensive_Pre2016_ge1pct,Country_Holdout_CV,OOF_ALL_FOLDS,RandomForest,signal_increment,0.020000000000000035,0.0775
M2_Macro_Oil_vs_M3_Macro_Oil_RegQuality__normalized__Oil_Rent_Intensive_Pre2016_ge1pct,Regulatory_Quality_lag1,normalized,Oil_Rent_Intensive_Pre2016_ge1pct,Country_Holdout_CV,OOF_ALL_FOLDS,RandomForest,signal_increment,0.020500000000000036,0.071
M2_Macro_Oil_vs_M3_Macro_Oil_RegQuality__normalized__Oil_Rent_Intensive_Pre2016_ge1pct,Regulatory_Quality_lag1,normalized,Oil_Rent_Intensive_Pre2016_ge1pct,Country_Holdout_CV,OOF_ALL_FOLDS,RandomForest,signal_increment,0.021000000000000036,0.067
M2_Macro_Oil_vs_M3_Macro_Oil_RegQuality__normalized__Oil_Rent_Intensive_Pre2016_ge1pct,Regulatory_Quality_lag1,normalized,Oil_Rent_Intensive_Pre2016_ge1pct,Country_Holdout_CV,OOF_ALL_FOLDS,RandomForest,signal_increment,0.021500000000000036,0.062
M2_Macro_Oil_vs_M3_Macro_Oil_RegQuality__normalized__Oil_Rent_Intensive_Pre2016_ge1pct,Regulatory_Quality_lag1,normalized,Oil_Rent_Intensive_Pre2016_ge1pct,Country_Holdout_CV,OOF_ALL_FOLDS,RandomForest,signal_increment,0.022000000000000037,0.0535
M2_Macro_Oil_vs_M3_Macro_Oil_RegQuality__normalized__Oil_Rent_Intensive_Pre2016_ge1pct,Regulatory_Quality_lag1,normalized,Oil_Rent_Intensive_Pre2016_ge1pct,Country_Holdout_CV,OOF_ALL_FOLDS,RandomForest,signal_increment,0.022500000000000037,0.0505
M2_Macro_Oil_vs_M3_Macro_Oil_RegQuality__normalized__Oil_Rent_Intensive_Pre2016_ge1pct,Regulatory_Quality_lag1,normalized,Oil_Rent_Intensive_Pre2016_ge1pct,Country_Holdout_CV,OOF_ALL_FOLDS,RandomForest,signal_increment,0.023000000000000038,0.0435
M2_Macro_Oil_vs_M3_Macro_Oil_RegQuality__normalized__Oil_Rent_Intensive_Pre2016_ge1pct,Regulatory_Quality_lag1,normalized,Oil_Rent_Intensive_Pre2016_ge1pct,Country_Holdout_CV,OOF_ALL_FOLDS,RandomForest,signal_increment,0.023500000000000038,0.0395
M2_Macro_Oil_vs_M3_Macro_Oil_RegQuality__normalized__Oil_Rent_Intensive_Pre2016_ge1pct,Regulatory_Quality_lag1,normalized,Oil_Rent_Intensive_Pre2016_ge1pct,Country_Holdout_CV,OOF_ALL_FOLDS,RandomForest,signal_increment,0.02400000000000004,0.035
M2_Macro_Oil_vs_M3_Macro_Oil_RegQuality__normalized__Oil_Rent_Intensive_Pre2016_ge1pct,Regulatory_Quality_lag1,normalized,Oil_Rent_Intensive_Pre2016_ge1pct,Country_Holdout_CV,OOF_ALL_FOLDS,RandomForest,signal_increment,0.02450000000000004,0.0315
M2_Macro_Oil_vs_M3_Macro_Oil_RegQuality__normalized__Oil_Rent_Intensive_Pre2016_ge1pct,Regulatory_Quality_lag1,normalized,Oil_Rent_Intensive_Pre2016_ge1pct,Country_Holdout_CV,OOF_ALL_FOLDS,RandomForest,signal_increment,0.02500000000000004,0.0295
M2_Macro_Oil_vs_M3_Macro_Oil_RegQuality__normalized__Oil_Rent_Intensive_Pre2016_ge1pct,Regulatory_Quality_lag1,normalized,Oil_Rent_Intensive_Pre2016_ge1pct,Country_Holdout_CV,OOF_ALL_FOLDS,RandomForest,signal_increment,0.02550000000000004,0.027
M2_Macro_Oil_vs_M3_Macro_Oil_RegQuality__normalized__Oil_Rent_Intensive_Pre2016_ge1pct,Regulatory_Quality_lag1,normalized,Oil_Rent_Intensive_Pre2016_ge1pct,Country_Holdout_CV,OOF_ALL_FOLDS,RandomForest,signal_increment,0.02600000000000004,0.0255
M2_Macro_Oil_vs_M3_Macro_Oil_RegQuality__normalized__Oil_Rent_Intensive_Pre2016_ge1pct,Regulatory_Quality_lag1,normalized,Oil_Rent_Intensive_Pre2016_ge1pct,Country_Holdout_CV,OOF_ALL_FOLDS,RandomForest,signal_increment,0.02650000000000004,0.0215
M2_Macro_Oil_vs_M3_Macro_Oil_RegQuality__normalized__Oil_Rent_Intensive_Pre2016_ge1pct,Regulatory_Quality_lag1,normalized,Oil_Rent_Intensive_Pre2016_ge1pct,Country_Holdout_CV,OOF_ALL_FOLDS,RandomForest,signal_increment,0.02700000000000004,0.0185
M2_Macro_Oil_vs_M3_Macro_Oil_RegQuality__normalized__Oil_Rent_Intensive_Pre2016_ge1pct,Regulatory_Quality_lag1,normalized,Oil_Rent_Intensive_Pre2016_ge1pct,Country_Holdout_CV,OOF_ALL_FOLDS,RandomForest,signal_increment,0.027500000000000042,0.016
M2_Macro_Oil_vs_M3_Macro_Oil_RegQuality__normalized__Oil_Rent_Intensive_Pre2016_ge1pct,Regulatory_Quality_lag1,normalized,Oil_Rent_Intensive_Pre2016_ge1pct,Country_Holdout_CV,OOF_ALL_FOLDS,RandomForest,signal_increment,0.028000000000000042,0.0125
M2_Macro_Oil_vs_M3_Macro_Oil_RegQuality__normalized__Oil_Rent_Intensive_Pre2016_ge1pct,Regulatory_Quality_lag1,normalized,Oil_Rent_Intensive_Pre2016_ge1pct,Country_Holdout_CV,OOF_ALL_FOLDS,RandomForest,signal_increment,0.028500000000000043,0.011
M2_Macro_Oil_vs_M3_Macro_Oil_RegQuality__normalized__Oil_Rent_Intensive_Pre2016_ge1pct,Regulatory_Quality_lag1,normalized,Oil_Rent_Intensive_Pre2016_ge1pct,Country_Holdout_CV,OOF_ALL_FOLDS,RandomForest,signal_increment,0.029000000000000043,0.0085
M2_Macro_Oil_vs_M3_Macro_Oil_RegQuality__normalized__Oil_Rent_Intensive_Pre2016_ge1pct,Regulatory_Quality_lag1,normalized,Oil_Rent_Intensive_Pre2016_ge1pct,Country_Holdout_CV,OOF_ALL_FOLDS,RandomForest,signal_increment,0.029500000000000044,0.007
M2_Macro_Oil_vs_M3_Macro_Oil_RegQuality__normalized__Oil_Rent_Intensive_Pre2016_ge1pct,Regulatory_Quality_lag1,normalized,Oil_Rent_Intensive_Pre2016_ge1pct,Country_Holdout_CV,OOF_ALL_FOLDS,RandomForest,signal_increment,0.030000000000000044,0.007
M2_Macro_Oil_vs_M3_Macro_Oil_RegQuality__normalized__Oil_Rent_Intensive_Pre2016_ge1pct,Regulatory_Quality_lag1,normalized,Oil_Rent_Intensive_Pre2016_ge1pct,Country_Holdout_CV,OOF_ALL_FOLDS,RandomForest,added_model_vs_strongest_benchmark,-0.02,1.0
M2_Macro_Oil_vs_M3_Macro_Oil_RegQuality__normalized__Oil_Rent_Intensive_Pre2016_ge1pct,Regulatory_Quality_lag1,normalized,Oil_Rent_Intensive_Pre2016_ge1pct,Country_Holdout_CV,OOF_ALL_FOLDS,RandomForest,added_model_vs_strongest_benchmark,-0.0195,1.0
M2_Macro_Oil_vs_M3_Macro_Oil_RegQuality__normalized__Oil_Rent_Intensive_Pre2016_ge1pct,Regulatory_Quality_lag1,normalized,Oil_Rent_Intensive_Pre2016_ge1pct,Country_Holdout_CV,OOF_ALL_FOLDS,RandomForest,added_model_vs_strongest_benchmark,-0.019,1.0
M2_Macro_Oil_vs_M3_Macro_Oil_RegQuality__normalized__Oil_Rent_Intensive_Pre2016_ge1pct,Regulatory_Quality_lag1,normalized,Oil_Rent_Intensive_Pre2016_ge1pct,Country_Holdout_CV,OOF_ALL_FOLDS,RandomForest,added_model_vs_strongest_benchmark,-0.0185,1.0
M2_Macro_Oil_vs_M3_Macro_Oil_RegQuality__normalized__Oil_Rent_Intensive_Pre2016_ge1pct,Regulatory_Quality_lag1,normalized,Oil_Rent_Intensive_Pre2016_ge1pct,Country_Holdout_CV,OOF_ALL_FOLDS,RandomForest,added_model_vs_strongest_benchmark,-0.018,1.0
M2_Macro_Oil_vs_M3_Macro_Oil_RegQuality__normalized__Oil_Rent_Intensive_Pre2016_ge1pct,Regulatory_Quality_lag1,normalized,Oil_Rent_Intensive_Pre2016_ge1pct,Country_Holdout_CV,OOF_ALL_FOLDS,RandomForest,added_model_vs_strongest_benchmark,-0.017499999999999998,1.0
M2_Macro_Oil_vs_M3_Macro_Oil_RegQuality__normalized__Oil_Rent_Intensive_Pre2016_ge1pct,Regulatory_Quality_lag1,normalized,Oil_Rent_Intensive_Pre2016_ge1pct,Country_Holdout_CV,OOF_ALL_FOLDS,RandomForest,added_model_vs_strongest_benchmark,-0.016999999999999998,1.0
M2_Macro_Oil_vs_M3_Macro_Oil_RegQuality__normalized__Oil_Rent_Intensive_Pre2016_ge1pct,Regulatory_Quality_lag1,normalized,Oil_Rent_Intensive_Pre2016_ge1pct,Country_Holdout_CV,OOF_ALL_FOLDS,RandomForest,added_model_vs_strongest_benchmark,-0.016499999999999997,1.0
M2_Macro_Oil_vs_M3_Macro_Oil_RegQuality__normalized__Oil_Rent_Intensive_Pre2016_ge1pct,Regulatory_Quality_lag1,normalized,Oil_Rent_Intensive_Pre2016_ge1pct,Country_Holdout_CV,OOF_ALL_FOLDS,RandomForest,added_model_vs_strongest_benchmark,-0.015999999999999997,1.0
M2_Macro_Oil_vs_M3_Macro_Oil_RegQuality__normalized__Oil_Rent_Intensive_Pre2016_ge1pct,Regulatory_Quality_lag1,normalized,Oil_Rent_Intensive_Pre2016_ge1pct,Country_Holdout_CV,OOF_ALL_FOLDS,RandomForest,added_model_vs_strongest_benchmark,-0.015499999999999996,1.0
M2_Macro_Oil_vs_M3_Macro_Oil_RegQuality__normalized__Oil_Rent_Intensive_Pre2016_ge1pct,Regulatory_Quality_lag1,normalized,Oil_Rent_Intensive_Pre2016_ge1pct,Country_Holdout_CV,OOF_ALL_FOLDS,RandomForest,added_model_vs_strongest_benchmark,-0.014999999999999996,1.0
M2_Macro_Oil_vs_M3_Macro_Oil_RegQuality__normalized__Oil_Rent_Intensive_Pre2016_ge1pct,Regulatory_Quality_lag1,normalized,Oil_Rent_Intensive_Pre2016_ge1pct,Country_Holdout_CV,OOF_ALL_FOLDS,RandomForest,added_model_vs_strongest_benchmark,-0.014499999999999996,1.0
M2_Macro_Oil_vs_M3_Macro_Oil_RegQuality__normalized__Oil_Rent_Intensive_Pre2016_ge1pct,Regulatory_Quality_lag1,normalized,Oil_Rent_Intensive_Pre2016_ge1pct,Country_Holdout_CV,OOF_ALL_FOLDS,RandomForest,added_model_vs_strongest_benchmark,-0.013999999999999995,1.0
M2_Macro_Oil_vs_M3_Macro_Oil_RegQuality__normalized__Oil_Rent_Intensive_Pre2016_ge1pct,Regulatory_Quality_lag1,normalized,Oil_Rent_Intensive_Pre2016_ge1pct,Country_Holdout_CV,OOF_ALL_FOLDS,RandomForest,added_model_vs_strongest_benchmark,-0.013499999999999995,1.0
M2_Macro_Oil_vs_M3_Macro_Oil_RegQuality__normalized__Oil_Rent_Intensive_Pre2016_ge1pct,Regulatory_Quality_lag1,normalized,Oil_Rent_Intensive_Pre2016_ge1pct,Country_Holdout_CV,OOF_ALL_FOLDS,RandomForest,added_model_vs_strongest_benchmark,-0.012999999999999994,0.999
M2_Macro_Oil_vs_M3_Macro_Oil_RegQuality__normalized__Oil_Rent_Intensive_Pre2016_ge1pct,Regulatory_Quality_lag1,normalized,Oil_Rent_Intensive_Pre2016_ge1pct,Country_Holdout_CV,OOF_ALL_FOLDS,RandomForest,added_model_vs_strongest_benchmark,-0.012499999999999994,0.999
M2_Macro_Oil_vs_M3_Macro_Oil_RegQuality__normalized__Oil_Rent_Intensive_Pre2016_ge1pct,Regulatory_Quality_lag1,normalized,Oil_Rent_Intensive_Pre2016_ge1pct,Country_Holdout_CV,OOF_ALL_FOLDS,RandomForest,added_model_vs_strongest_benchmark,-0.011999999999999993,0.999
M2_Macro_Oil_vs_M3_Macro_Oil_RegQuality__normalized__Oil_Rent_Intensive_Pre2016_ge1pct,Regulatory_Quality_lag1,normalized,Oil_Rent_Intensive_Pre2016_ge1pct,Country_Holdout_CV,OOF_ALL_FOLDS,RandomForest,added_model_vs_strongest_benchmark,-0.011499999999999993,0.999
M2_Macro_Oil_vs_M3_Macro_Oil_RegQuality__normalized__Oil_Rent_Intensive_Pre2016_ge1pct,Regulatory_Quality_lag1,normalized,Oil_Rent_Intensive_Pre2016_ge1pct,Country_Holdout_CV,OOF_ALL_FOLDS,RandomForest,added_model_vs_strongest_benchmark,-0.010999999999999992,0.999
M2_Macro_Oil_vs_M3_Macro_Oil_RegQuality__normalized__Oil_Rent_Intensive_Pre2016_ge1pct,Regulatory_Quality_lag1,normalized,Oil_Rent_Intensive_Pre2016_ge1pct,Country_Holdout_CV,OOF_ALL_FOLDS,RandomForest,added_model_vs_strongest_benchmark,-0.010499999999999992,0.999
M2_Macro_Oil_vs_M3_Macro_Oil_RegQuality__normalized__Oil_Rent_Intensive_Pre2016_ge1pct,Regulatory_Quality_lag1,normalized,Oil_Rent_Intensive_Pre2016_ge1pct,Country_Holdout_CV,OOF_ALL_FOLDS,RandomForest,added_model_vs_strongest_benchmark,-0.009999999999999992,0.999
M2_Macro_Oil_vs_M3_Macro_Oil_RegQuality__normalized__Oil_Rent_Intensive_Pre2016_ge1pct,Regulatory_Quality_lag1,normalized,Oil_Rent_Intensive_Pre2016_ge1pct,Country_Holdout_CV,OOF_ALL_FOLDS,RandomForest,added_model_vs_strongest_benchmark,-0.009499999999999991,0.999
M2_Macro_Oil_vs_M3_Macro_Oil_RegQuality__normalized__Oil_Rent_Intensive_Pre2016_ge1pct,Regulatory_Quality_lag1,normalized,Oil_Rent_Intensive_Pre2016_ge1pct,Country_Holdout_CV,OOF_ALL_FOLDS,RandomForest,added_model_vs_strongest_benchmark,-0.00899999999999999,0.999
M2_Macro_Oil_vs_M3_Macro_Oil_RegQuality__normalized__Oil_Rent_Intensive_Pre2016_ge1pct,Regulatory_Quality_lag1,normalized,Oil_Rent_Intensive_Pre2016_ge1pct,Country_Holdout_CV,OOF_ALL_FOLDS,RandomForest,added_model_vs_strongest_benchmark,-0.00849999999999999,0.999
M2_Macro_Oil_vs_M3_Macro_Oil_RegQuality__normalized__Oil_Rent_Intensive_Pre2016_ge1pct,Regulatory_Quality_lag1,normalized,Oil_Rent_Intensive_Pre2016_ge1pct,Country_Holdout_CV,OOF_ALL_FOLDS,RandomForest,added_model_vs_strongest_benchmark,-0.00799999999999999,0.999
M2_Macro_Oil_vs_M3_Macro_Oil_RegQuality__normalized__Oil_Rent_Intensive_Pre2016_ge1pct,Regulatory_Quality_lag1,normalized,Oil_Rent_Intensive_Pre2016_ge1pct,Country_Holdout_CV,OOF_ALL_FOLDS,RandomForest,added_model_vs_strongest_benchmark,-0.007499999999999989,0.999
M2_Macro_Oil_vs_M3_Macro_Oil_RegQuality__normalized__Oil_Rent_Intensive_Pre2016_ge1pct,Regulatory_Quality_lag1,normalized,Oil_Rent_Intensive_Pre2016_ge1pct,Country_Holdout_CV,OOF_ALL_FOLDS,RandomForest,added_model_vs_strongest_benchmark,-0.006999999999999989,0.999
M2_Macro_Oil_vs_M3_Macro_Oil_RegQuality__normalized__Oil_Rent_Intensive_Pre2016_ge1pct,Regulatory_Quality_lag1,normalized,Oil_Rent_Intensive_Pre2016_ge1pct,Country_Holdout_CV,OOF_ALL_FOLDS,RandomForest,added_model_vs_strongest_benchmark,-0.006499999999999988,0.999
M2_Macro_Oil_vs_M3_Macro_Oil_RegQuality__normalized__Oil_Rent_Intensive_Pre2016_ge1pct,Regulatory_Quality_lag1,normalized,Oil_Rent_Intensive_Pre2016_ge1pct,Country_Holdout_CV,OOF_ALL_FOLDS,RandomForest,added_model_vs_strongest_benchmark,-0.005999999999999988,0.998
M2_Macro_Oil_vs_M3_Macro_Oil_RegQuality__normalized__Oil_Rent_Intensive_Pre2016_ge1pct,Regulatory_Quality_lag1,normalized,Oil_Rent_Intensive_Pre2016_ge1pct,Country_Holdout_CV,OOF_ALL_FOLDS,RandomForest,added_model_vs_strongest_benchmark,-0.0054999999999999875,0.998
M2_Macro_Oil_vs_M3_Macro_Oil_RegQuality__normalized__Oil_Rent_Intensive_Pre2016_ge1pct,Regulatory_Quality_lag1,normalized,Oil_Rent_Intensive_Pre2016_ge1pct,Country_Holdout_CV,OOF_ALL_FOLDS,RandomForest,added_model_vs_strongest_benchmark,-0.004999999999999987,0.998
M2_Macro_Oil_vs_M3_Macro_Oil_RegQuality__normalized__Oil_Rent_Intensive_Pre2016_ge1pct,Regulatory_Quality_lag1,normalized,Oil_Rent_Intensive_Pre2016_ge1pct,Country_Holdout_CV,OOF_ALL_FOLDS,RandomForest,added_model_vs_strongest_benchmark,-0.004499999999999987,0.998
M2_Macro_Oil_vs_M3_Macro_Oil_RegQuality__normalized__Oil_Rent_Intensive_Pre2016_ge1pct,Regulatory_Quality_lag1,normalized,Oil_Rent_Intensive_Pre2016_ge1pct,Country_Holdout_CV,OOF_ALL_FOLDS,RandomForest,added_model_vs_strongest_benchmark,-0.003999999999999986,0.998
M2_Macro_Oil_vs_M3_Macro_Oil_RegQuality__normalized__Oil_Rent_Intensive_Pre2016_ge1pct,Regulatory_Quality_lag1,normalized,Oil_Rent_Intensive_Pre2016_ge1pct,Country_Holdout_CV,OOF_ALL_FOLDS,RandomForest,added_model_vs_strongest_benchmark,-0.0034999999999999858,0.998
M2_Macro_Oil_vs_M3_Macro_Oil_RegQuality__normalized__Oil_Rent_Intensive_Pre2016_ge1pct,Regulatory_Quality_lag1,normalized,Oil_Rent_Intensive_Pre2016_ge1pct,Country_Holdout_CV,OOF_ALL_FOLDS,RandomForest,added_model_vs_strongest_benchmark,-0.0029999999999999853,0.998
M2_Macro_Oil_vs_M3_Macro_Oil_RegQuality__normalized__Oil_Rent_Intensive_Pre2016_ge1pct,Regulatory_Quality_lag1,normalized,Oil_Rent_Intensive_Pre2016_ge1pct,Country_Holdout_CV,OOF_ALL_FOLDS,RandomForest,added_model_vs_strongest_benchmark,-0.002499999999999985,0.9975
M2_Macro_Oil_vs_M3_Macro_Oil_RegQuality__normalized__Oil_Rent_Intensive_Pre2016_ge1pct,Regulatory_Quality_lag1,normalized,Oil_Rent_Intensive_Pre2016_ge1pct,Country_Holdout_CV,OOF_ALL_FOLDS,RandomForest,added_model_vs_strongest_benchmark,-0.0019999999999999844,0.997
M2_Macro_Oil_vs_M3_Macro_Oil_RegQuality__normalized__Oil_Rent_Intensive_Pre2016_ge1pct,Regulatory_Quality_lag1,normalized,Oil_Rent_Intensive_Pre2016_ge1pct,Country_Holdout_CV,OOF_ALL_FOLDS,RandomForest,added_model_vs_strongest_benchmark,-0.001499999999999984,0.9965
M2_Macro_Oil_vs_M3_Macro_Oil_RegQuality__normalized__Oil_Rent_Intensive_Pre2016_ge1pct,Regulatory_Quality_lag1,normalized,Oil_Rent_Intensive_Pre2016_ge1pct,Country_Holdout_CV,OOF_ALL_FOLDS,RandomForest,added_model_vs_strongest_benchmark,-0.0009999999999999835,0.9965
M2_Macro_Oil_vs_M3_Macro_Oil_RegQuality__normalized__Oil_Rent_Intensive_Pre2016_ge1pct,Regulatory_Quality_lag1,normalized,Oil_Rent_Intensive_Pre2016_ge1pct,Country_Holdout_CV,OOF_ALL_FOLDS,RandomForest,added_model_vs_strongest_benchmark,-0.0004999999999999831,0.996
M2_Macro_Oil_vs_M3_Macro_Oil_RegQuality__normalized__Oil_Rent_Intensive_Pre2016_ge1pct,Regulatory_Quality_lag1,normalized,Oil_Rent_Intensive_Pre2016_ge1pct,Country_Holdout_CV,OOF_ALL_FOLDS,RandomForest,added_model_vs_strongest_benchmark,1.734723475976807e-17,0.9955
M2_Macro_Oil_vs_M3_Macro_Oil_RegQuality__normalized__Oil_Rent_Intensive_Pre2016_ge1pct,Regulatory_Quality_lag1,normalized,Oil_Rent_Intensive_Pre2016_ge1pct,Country_Holdout_CV,OOF_ALL_FOLDS,RandomForest,added_model_vs_strongest_benchmark,0.0005000000000000178,0.9955
M2_Macro_Oil_vs_M3_Macro_Oil_RegQuality__normalized__Oil_Rent_Intensive_Pre2016_ge1pct,Regulatory_Quality_lag1,normalized,Oil_Rent_Intensive_Pre2016_ge1pct,Country_Holdout_CV,OOF_ALL_FOLDS,RandomForest,added_model_vs_strongest_benchmark,0.0010000000000000182,0.9955
M2_Macro_Oil_vs_M3_Macro_Oil_RegQuality__normalized__Oil_Rent_Intensive_Pre2016_ge1pct,Regulatory_Quality_lag1,normalized,Oil_Rent_Intensive_Pre2016_ge1pct,Country_Holdout_CV,OOF_ALL_FOLDS,RandomForest,added_model_vs_strongest_benchmark,0.0015000000000000187,0.9955
M2_Macro_Oil_vs_M3_Macro_Oil_RegQuality__normalized__Oil_Rent_Intensive_Pre2016_ge1pct,Regulatory_Quality_lag1,normalized,Oil_Rent_Intensive_Pre2016_ge1pct,Country_Holdout_CV,OOF_ALL_FOLDS,RandomForest,added_model_vs_strongest_benchmark,0.002000000000000019,0.995
M2_Macro_Oil_vs_M3_Macro_Oil_RegQuality__normalized__Oil_Rent_Intensive_Pre2016_ge1pct,Regulatory_Quality_lag1,normalized,Oil_Rent_Intensive_Pre2016_ge1pct,Country_Holdout_CV,OOF_ALL_FOLDS,RandomForest,added_model_vs_strongest_benchmark,0.0025000000000000196,0.995
M2_Macro_Oil_vs_M3_Macro_Oil_RegQuality__normalized__Oil_Rent_Intensive_Pre2016_ge1pct,Regulatory_Quality_lag1,normalized,Oil_Rent_Intensive_Pre2016_ge1pct,Country_Holdout_CV,OOF_ALL_FOLDS,RandomForest,added_model_vs_strongest_benchmark,0.00300000000000002,0.9945
M2_Macro_Oil_vs_M3_Macro_Oil_RegQuality__normalized__Oil_Rent_Intensive_Pre2016_ge1pct,Regulatory_Quality_lag1,normalized,Oil_Rent_Intensive_Pre2016_ge1pct,Country_Holdout_CV,OOF_ALL_FOLDS,RandomForest,added_model_vs_strongest_benchmark,0.0035000000000000205,0.9945
M2_Macro_Oil_vs_M3_Macro_Oil_RegQuality__normalized__Oil_Rent_Intensive_Pre2016_ge1pct,Regulatory_Quality_lag1,normalized,Oil_Rent_Intensive_Pre2016_ge1pct,Country_Holdout_CV,OOF_ALL_FOLDS,RandomForest,added_model_vs_strongest_benchmark,0.004000000000000021,0.9945
M2_Macro_Oil_vs_M3_Macro_Oil_RegQuality__normalized__Oil_Rent_Intensive_Pre2016_ge1pct,Regulatory_Quality_lag1,normalized,Oil_Rent_Intensive_Pre2016_ge1pct,Country_Holdout_CV,OOF_ALL_FOLDS,RandomForest,added_model_vs_strongest_benchmark,0.004500000000000021,0.9945
M2_Macro_Oil_vs_M3_Macro_Oil_RegQuality__normalized__Oil_Rent_Intensive_Pre2016_ge1pct,Regulatory_Quality_lag1,normalized,Oil_Rent_Intensive_Pre2016_ge1pct,Country_Holdout_CV,OOF_ALL_FOLDS,RandomForest,added_model_vs_strongest_benchmark,0.005000000000000022,0.9945
M2_Macro_Oil_vs_M3_Macro_Oil_RegQuality__normalized__Oil_Rent_Intensive_Pre2016_ge1pct,Regulatory_Quality_lag1,normalized,Oil_Rent_Intensive_Pre2016_ge1pct,Country_Holdout_CV,OOF_ALL_FOLDS,RandomForest,added_model_vs_strongest_benchmark,0.005500000000000022,0.9945
M2_Macro_Oil_vs_M3_Macro_Oil_RegQuality__normalized__Oil_Rent_Intensive_Pre2016_ge1pct,Regulatory_Quality_lag1,normalized,Oil_Rent_Intensive_Pre2016_ge1pct,Country_Holdout_CV,OOF_ALL_FOLDS,RandomForest,added_model_vs_strongest_benchmark,0.006000000000000023,0.9945
M2_Macro_Oil_vs_M3_Macro_Oil_RegQuality__normalized__Oil_Rent_Intensive_Pre2016_ge1pct,Regulatory_Quality_lag1,normalized,Oil_Rent_Intensive_Pre2016_ge1pct,Country_Holdout_CV,OOF_ALL_FOLDS,RandomForest,added_model_vs_strongest_benchmark,0.006500000000000023,0.9945
M2_Macro_Oil_vs_M3_Macro_Oil_RegQuality__normalized__Oil_Rent_Intensive_Pre2016_ge1pct,Regulatory_Quality_lag1,normalized,Oil_Rent_Intensive_Pre2016_ge1pct,Country_Holdout_CV,OOF_ALL_FOLDS,RandomForest,added_model_vs_strongest_benchmark,0.0070000000000000236,0.994
M2_Macro_Oil_vs_M3_Macro_Oil_RegQuality__normalized__Oil_Rent_Intensive_Pre2016_ge1pct,Regulatory_Quality_lag1,normalized,Oil_Rent_Intensive_Pre2016_ge1pct,Country_Holdout_CV,OOF_ALL_FOLDS,RandomForest,added_model_vs_strongest_benchmark,0.007500000000000024,0.994
M2_Macro_Oil_vs_M3_Macro_Oil_RegQuality__normalized__Oil_Rent_Intensive_Pre2016_ge1pct,Regulatory_Quality_lag1,normalized,Oil_Rent_Intensive_Pre2016_ge1pct,Country_Holdout_CV,OOF_ALL_FOLDS,RandomForest,added_model_vs_strongest_benchmark,0.008000000000000024,0.9935
M2_Macro_Oil_vs_M3_Macro_Oil_RegQuality__normalized__Oil_Rent_Intensive_Pre2016_ge1pct,Regulatory_Quality_lag1,normalized,Oil_Rent_Intensive_Pre2016_ge1pct,Country_Holdout_CV,OOF_ALL_FOLDS,RandomForest,added_model_vs_strongest_benchmark,0.008500000000000025,0.9935
M2_Macro_Oil_vs_M3_Macro_Oil_RegQuality__normalized__Oil_Rent_Intensive_Pre2016_ge1pct,Regulatory_Quality_lag1,normalized,Oil_Rent_Intensive_Pre2016_ge1pct,Country_Holdout_CV,OOF_ALL_FOLDS,RandomForest,added_model_vs_strongest_benchmark,0.009000000000000025,0.993
M2_Macro_Oil_vs_M3_Macro_Oil_RegQuality__normalized__Oil_Rent_Intensive_Pre2016_ge1pct,Regulatory_Quality_lag1,normalized,Oil_Rent_Intensive_Pre2016_ge1pct,Country_Holdout_CV,OOF_ALL_FOLDS,RandomForest,added_model_vs_strongest_benchmark,0.009500000000000026,0.993
M2_Macro_Oil_vs_M3_Macro_Oil_RegQuality__normalized__Oil_Rent_Intensive_Pre2016_ge1pct,Regulatory_Quality_lag1,normalized,Oil_Rent_Intensive_Pre2016_ge1pct,Country_Holdout_CV,OOF_ALL_FOLDS,RandomForest,added_model_vs_strongest_benchmark,0.010000000000000026,0.993
M2_Macro_Oil_vs_M3_Macro_Oil_RegQuality__normalized__Oil_Rent_Intensive_Pre2016_ge1pct,Regulatory_Quality_lag1,normalized,Oil_Rent_Intensive_Pre2016_ge1pct,Country_Holdout_CV,OOF_ALL_FOLDS,RandomForest,added_model_vs_strongest_benchmark,0.010500000000000027,0.993
M2_Macro_Oil_vs_M3_Macro_Oil_RegQuality__normalized__Oil_Rent_Intensive_Pre2016_ge1pct,Regulatory_Quality_lag1,normalized,Oil_Rent_Intensive_Pre2016_ge1pct,Country_Holdout_CV,OOF_ALL_FOLDS,RandomForest,added_model_vs_strongest_benchmark,0.011000000000000027,0.993
M2_Macro_Oil_vs_M3_Macro_Oil_RegQuality__normalized__Oil_Rent_Intensive_Pre2016_ge1pct,Regulatory_Quality_lag1,normalized,Oil_Rent_Intensive_Pre2016_ge1pct,Country_Holdout_CV,OOF_ALL_FOLDS,RandomForest,added_model_vs_strongest_benchmark,0.011500000000000028,0.9925
M2_Macro_Oil_vs_M3_Macro_Oil_RegQuality__normalized__Oil_Rent_Intensive_Pre2016_ge1pct,Regulatory_Quality_lag1,normalized,Oil_Rent_Intensive_Pre2016_ge1pct,Country_Holdout_CV,OOF_ALL_FOLDS,RandomForest,added_model_vs_strongest_benchmark,0.012000000000000028,0.992
M2_Macro_Oil_vs_M3_Macro_Oil_RegQuality__normalized__Oil_Rent_Intensive_Pre2016_ge1pct,Regulatory_Quality_lag1,normalized,Oil_Rent_Intensive_Pre2016_ge1pct,Country_Holdout_CV,OOF_ALL_FOLDS,RandomForest,added_model_vs_strongest_benchmark,0.012500000000000028,0.992
M2_Macro_Oil_vs_M3_Macro_Oil_RegQuality__normalized__Oil_Rent_Intensive_Pre2016_ge1pct,Regulatory_Quality_lag1,normalized,Oil_Rent_Intensive_Pre2016_ge1pct,Country_Holdout_CV,OOF_ALL_FOLDS,RandomForest,added_model_vs_strongest_benchmark,0.013000000000000029,0.991
M2_Macro_Oil_vs_M3_Macro_Oil_RegQuality__normalized__Oil_Rent_Intensive_Pre2016_ge1pct,Regulatory_Quality_lag1,normalized,Oil_Rent_Intensive_Pre2016_ge1pct,Country_Holdout_CV,OOF_ALL_FOLDS,RandomForest,added_model_vs_strongest_benchmark,0.01350000000000003,0.99
M2_Macro_Oil_vs_M3_Macro_Oil_RegQuality__normalized__Oil_Rent_Intensive_Pre2016_ge1pct,Regulatory_Quality_lag1,normalized,Oil_Rent_Intensive_Pre2016_ge1pct,Country_Holdout_CV,OOF_ALL_FOLDS,RandomForest,added_model_vs_strongest_benchmark,0.01400000000000003,0.9895
M2_Macro_Oil_vs_M3_Macro_Oil_RegQuality__normalized__Oil_Rent_Intensive_Pre2016_ge1pct,Regulatory_Quality_lag1,normalized,Oil_Rent_Intensive_Pre2016_ge1pct,Country_Holdout_CV,OOF_ALL_FOLDS,RandomForest,added_model_vs_strongest_benchmark,0.01450000000000003,0.9895
M2_Macro_Oil_vs_M3_Macro_Oil_RegQuality__normalized__Oil_Rent_Intensive_Pre2016_ge1pct,Regulatory_Quality_lag1,normalized,Oil_Rent_Intensive_Pre2016_ge1pct,Country_Holdout_CV,OOF_ALL_FOLDS,RandomForest,added_model_vs_strongest_benchmark,0.01500000000000003,0.9885
M2_Macro_Oil_vs_M3_Macro_Oil_RegQuality__normalized__Oil_Rent_Intensive_Pre2016_ge1pct,Regulatory_Quality_lag1,normalized,Oil_Rent_Intensive_Pre2016_ge1pct,Country_Holdout_CV,OOF_ALL_FOLDS,RandomForest,added_model_vs_strongest_benchmark,0.015500000000000031,0.9885
M2_Macro_Oil_vs_M3_Macro_Oil_RegQuality__normalized__Oil_Rent_Intensive_Pre2016_ge1pct,Regulatory_Quality_lag1,normalized,Oil_Rent_Intensive_Pre2016_ge1pct,Country_Holdout_CV,OOF_ALL_FOLDS,RandomForest,added_model_vs_strongest_benchmark,0.01600000000000003,0.9885
M2_Macro_Oil_vs_M3_Macro_Oil_RegQuality__normalized__Oil_Rent_Intensive_Pre2016_ge1pct,Regulatory_Quality_lag1,normalized,Oil_Rent_Intensive_Pre2016_ge1pct,Country_Holdout_CV,OOF_ALL_FOLDS,RandomForest,added_model_vs_strongest_benchmark,0.016500000000000032,0.9885
M2_Macro_Oil_vs_M3_Macro_Oil_RegQuality__normalized__Oil_Rent_Intensive_Pre2016_ge1pct,Regulatory_Quality_lag1,normalized,Oil_Rent_Intensive_Pre2016_ge1pct,Country_Holdout_CV,OOF_ALL_FOLDS,RandomForest,added_model_vs_strongest_benchmark,0.017000000000000032,0.9885
M2_Macro_Oil_vs_M3_Macro_Oil_RegQuality__normalized__Oil_Rent_Intensive_Pre2016_ge1pct,Regulatory_Quality_lag1,normalized,Oil_Rent_Intensive_Pre2016_ge1pct,Country_Holdout_CV,OOF_ALL_FOLDS,RandomForest,added_model_vs_strongest_benchmark,0.017500000000000033,0.988
M2_Macro_Oil_vs_M3_Macro_Oil_RegQuality__normalized__Oil_Rent_Intensive_Pre2016_ge1pct,Regulatory_Quality_lag1,normalized,Oil_Rent_Intensive_Pre2016_ge1pct,Country_Holdout_CV,OOF_ALL_FOLDS,RandomForest,added_model_vs_strongest_benchmark,0.018000000000000033,0.9875
M2_Macro_Oil_vs_M3_Macro_Oil_RegQuality__normalized__Oil_Rent_Intensive_Pre2016_ge1pct,Regulatory_Quality_lag1,normalized,Oil_Rent_Intensive_Pre2016_ge1pct,Country_Holdout_CV,OOF_ALL_FOLDS,RandomForest,added_model_vs_strongest_benchmark,0.018500000000000034,0.987
M2_Macro_Oil_vs_M3_Macro_Oil_RegQuality__normalized__Oil_Rent_Intensive_Pre2016_ge1pct,Regulatory_Quality_lag1,normalized,Oil_Rent_Intensive_Pre2016_ge1pct,Country_Holdout_CV,OOF_ALL_FOLDS,RandomForest,added_model_vs_strongest_benchmark,0.019000000000000034,0.9865
M2_Macro_Oil_vs_M3_Macro_Oil_RegQuality__normalized__Oil_Rent_Intensive_Pre2016_ge1pct,Regulatory_Quality_lag1,normalized,Oil_Rent_Intensive_Pre2016_ge1pct,Country_Holdout_CV,OOF_ALL_FOLDS,RandomForest,added_model_vs_strongest_benchmark,0.019500000000000035,0.9865
M2_Macro_Oil_vs_M3_Macro_Oil_RegQuality__normalized__Oil_Rent_Intensive_Pre2016_ge1pct,Regulatory_Quality_lag1,normalized,Oil_Rent_Intensive_Pre2016_ge1pct,Country_Holdout_CV,OOF_ALL_FOLDS,RandomForest,added_model_vs_strongest_benchmark,0.020000000000000035,0.9865
M2_Macro_Oil_vs_M3_Macro_Oil_RegQuality__normalized__Oil_Rent_Intensive_Pre2016_ge1pct,Regulatory_Quality_lag1,normalized,Oil_Rent_Intensive_Pre2016_ge1pct,Country_Holdout_CV,OOF_ALL_FOLDS,RandomForest,added_model_vs_strongest_benchmark,0.020500000000000036,0.9845
M2_Macro_Oil_vs_M3_Macro_Oil_RegQuality__normalized__Oil_Rent_Intensive_Pre2016_ge1pct,Regulatory_Quality_lag1,normalized,Oil_Rent_Intensive_Pre2016_ge1pct,Country_Holdout_CV,OOF_ALL_FOLDS,RandomForest,added_model_vs_strongest_benchmark,0.021000000000000036,0.9845
M2_Macro_Oil_vs_M3_Macro_Oil_RegQuality__normalized__Oil_Rent_Intensive_Pre2016_ge1pct,Regulatory_Quality_lag1,normalized,Oil_Rent_Intensive_Pre2016_ge1pct,Country_Holdout_CV,OOF_ALL_FOLDS,RandomForest,added_model_vs_strongest_benchmark,0.021500000000000036,0.9845
M2_Macro_Oil_vs_M3_Macro_Oil_RegQuality__normalized__Oil_Rent_Intensive_Pre2016_ge1pct,Regulatory_Quality_lag1,normalized,Oil_Rent_Intensive_Pre2016_ge1pct,Country_Holdout_CV,OOF_ALL_FOLDS,RandomForest,added_model_vs_strongest_benchmark,0.022000000000000037,0.984
M2_Macro_Oil_vs_M3_Macro_Oil_RegQuality__normalized__Oil_Rent_Intensive_Pre2016_ge1pct,Regulatory_Quality_lag1,normalized,Oil_Rent_Intensive_Pre2016_ge1pct,Country_Holdout_CV,OOF_ALL_FOLDS,RandomForest,added_model_vs_strongest_benchmark,0.022500000000000037,0.9835
M2_Macro_Oil_vs_M3_Macro_Oil_RegQuality__normalized__Oil_Rent_Intensive_Pre2016_ge1pct,Regulatory_Quality_lag1,normalized,Oil_Rent_Intensive_Pre2016_ge1pct,Country_Holdout_CV,OOF_ALL_FOLDS,RandomForest,added_model_vs_strongest_benchmark,0.023000000000000038,0.9825
M2_Macro_Oil_vs_M3_Macro_Oil_RegQuality__normalized__Oil_Rent_Intensive_Pre2016_ge1pct,Regulatory_Quality_lag1,normalized,Oil_Rent_Intensive_Pre2016_ge1pct,Country_Holdout_CV,OOF_ALL_FOLDS,RandomForest,added_model_vs_strongest_benchmark,0.023500000000000038,0.982
M2_Macro_Oil_vs_M3_Macro_Oil_RegQuality__normalized__Oil_Rent_Intensive_Pre2016_ge1pct,Regulatory_Quality_lag1,normalized,Oil_Rent_Intensive_Pre2016_ge1pct,Country_Holdout_CV,OOF_ALL_FOLDS,RandomForest,added_model_vs_strongest_benchmark,0.02400000000000004,0.982
M2_Macro_Oil_vs_M3_Macro_Oil_RegQuality__normalized__Oil_Rent_Intensive_Pre2016_ge1pct,Regulatory_Quality_lag1,normalized,Oil_Rent_Intensive_Pre2016_ge1pct,Country_Holdout_CV,OOF_ALL_FOLDS,RandomForest,added_model_vs_strongest_benchmark,0.02450000000000004,0.981
M2_Macro_Oil_vs_M3_Macro_Oil_RegQuality__normalized__Oil_Rent_Intensive_Pre2016_ge1pct,Regulatory_Quality_lag1,normalized,Oil_Rent_Intensive_Pre2016_ge1pct,Country_Holdout_CV,OOF_ALL_FOLDS,RandomForest,added_model_vs_strongest_benchmark,0.02500000000000004,0.98
M2_Macro_Oil_vs_M3_Macro_Oil_RegQuality__normalized__Oil_Rent_Intensive_Pre2016_ge1pct,Regulatory_Quality_lag1,normalized,Oil_Rent_Intensive_Pre2016_ge1pct,Country_Holdout_CV,OOF_ALL_FOLDS,RandomForest,added_model_vs_strongest_benchmark,0.02550000000000004,0.9795
M2_Macro_Oil_vs_M3_Macro_Oil_RegQuality__normalized__Oil_Rent_Intensive_Pre2016_ge1pct,Regulatory_Quality_lag1,normalized,Oil_Rent_Intensive_Pre2016_ge1pct,Country_Holdout_CV,OOF_ALL_FOLDS,RandomForest,added_model_vs_strongest_benchmark,0.02600000000000004,0.9795
M2_Macro_Oil_vs_M3_Macro_Oil_RegQuality__normalized__Oil_Rent_Intensive_Pre2016_ge1pct,Regulatory_Quality_lag1,normalized,Oil_Rent_Intensive_Pre2016_ge1pct,Country_Holdout_CV,OOF_ALL_FOLDS,RandomForest,added_model_vs_strongest_benchmark,0.02650000000000004,0.979
M2_Macro_Oil_vs_M3_Macro_Oil_RegQuality__normalized__Oil_Rent_Intensive_Pre2016_ge1pct,Regulatory_Quality_lag1,normalized,Oil_Rent_Intensive_Pre2016_ge1pct,Country_Holdout_CV,OOF_ALL_FOLDS,RandomForest,added_model_vs_strongest_benchmark,0.02700000000000004,0.978
M2_Macro_Oil_vs_M3_Macro_Oil_RegQuality__normalized__Oil_Rent_Intensive_Pre2016_ge1pct,Regulatory_Quality_lag1,normalized,Oil_Rent_Intensive_Pre2016_ge1pct,Country_Holdout_CV,OOF_ALL_FOLDS,RandomForest,added_model_vs_strongest_benchmark,0.027500000000000042,0.9775
M2_Macro_Oil_vs_M3_Macro_Oil_RegQuality__normalized__Oil_Rent_Intensive_Pre2016_ge1pct,Regulatory_Quality_lag1,normalized,Oil_Rent_Intensive_Pre2016_ge1pct,Country_Holdout_CV,OOF_ALL_FOLDS,RandomForest,added_model_vs_strongest_benchmark,0.028000000000000042,0.977
M2_Macro_Oil_vs_M3_Macro_Oil_RegQuality__normalized__Oil_Rent_Intensive_Pre2016_ge1pct,Regulatory_Quality_lag1,normalized,Oil_Rent_Intensive_Pre2016_ge1pct,Country_Holdout_CV,OOF_ALL_FOLDS,RandomForest,added_model_vs_strongest_benchmark,0.028500000000000043,0.977
M2_Macro_Oil_vs_M3_Macro_Oil_RegQuality__normalized__Oil_Rent_Intensive_Pre2016_ge1pct,Regulatory_Quality_lag1,normalized,Oil_Rent_Intensive_Pre2016_ge1pct,Country_Holdout_CV,OOF_ALL_FOLDS,RandomForest,added_model_vs_strongest_benchmark,0.029000000000000043,0.9765
M2_Macro_Oil_vs_M3_Macro_Oil_RegQuality__normalized__Oil_Rent_Intensive_Pre2016_ge1pct,Regulatory_Quality_lag1,normalized,Oil_Rent_Intensive_Pre2016_ge1pct,Country_Holdout_CV,OOF_ALL_FOLDS,RandomForest,added_model_vs_strongest_benchmark,0.029500000000000044,0.9765
M2_Macro_Oil_vs_M3_Macro_Oil_RegQuality__normalized__Oil_Rent_Intensive_Pre2016_ge1pct,Regulatory_Quality_lag1,normalized,Oil_Rent_Intensive_Pre2016_ge1pct,Country_Holdout_CV,OOF_ALL_FOLDS,RandomForest,added_model_vs_strongest_benchmark,0.030000000000000044,0.976
M2_Macro_Oil_vs_M3_Macro_Oil_RegQuality__normalized__Oil_Rent_Intensive_Pre2016_ge1pct,Regulatory_Quality_lag1,normalized,Oil_Rent_Intensive_Pre2016_ge1pct,Future_Period,train_to_2012__test_from_2013,Ridge,signal_increment,-0.02,1.0
M2_Macro_Oil_vs_M3_Macro_Oil_RegQuality__normalized__Oil_Rent_Intensive_Pre2016_ge1pct,Regulatory_Quality_lag1,normalized,Oil_Rent_Intensive_Pre2016_ge1pct,Future_Period,train_to_2012__test_from_2013,Ridge,signal_increment,-0.0195,1.0
M2_Macro_Oil_vs_M3_Macro_Oil_RegQuality__normalized__Oil_Rent_Intensive_Pre2016_ge1pct,Regulatory_Quality_lag1,normalized,Oil_Rent_Intensive_Pre2016_ge1pct,Future_Period,train_to_2012__test_from_2013,Ridge,signal_increment,-0.019,1.0
M2_Macro_Oil_vs_M3_Macro_Oil_RegQuality__normalized__Oil_Rent_Intensive_Pre2016_ge1pct,Regulatory_Quality_lag1,normalized,Oil_Rent_Intensive_Pre2016_ge1pct,Future_Period,train_to_2012__test_from_2013,Ridge,signal_increment,-0.0185,1.0
M2_Macro_Oil_vs_M3_Macro_Oil_RegQuality__normalized__Oil_Rent_Intensive_Pre2016_ge1pct,Regulatory_Quality_lag1,normalized,Oil_Rent_Intensive_Pre2016_ge1pct,Future_Period,train_to_2012__test_from_2013,Ridge,signal_increment,-0.018,1.0
M2_Macro_Oil_vs_M3_Macro_Oil_RegQuality__normalized__Oil_Rent_Intensive_Pre2016_ge1pct,Regulatory_Quality_lag1,normalized,Oil_Rent_Intensive_Pre2016_ge1pct,Future_Period,train_to_2012__test_from_2013,Ridge,signal_increment,-0.017499999999999998,1.0
M2_Macro_Oil_vs_M3_Macro_Oil_RegQuality__normalized__Oil_Rent_Intensive_Pre2016_ge1pct,Regulatory_Quality_lag1,normalized,Oil_Rent_Intensive_Pre2016_ge1pct,Future_Period,train_to_2012__test_from_2013,Ridge,signal_increment,-0.016999999999999998,1.0
M2_Macro_Oil_vs_M3_Macro_Oil_RegQuality__normalized__Oil_Rent_Intensive_Pre2016_ge1pct,Regulatory_Quality_lag1,normalized,Oil_Rent_Intensive_Pre2016_ge1pct,Future_Period,train_to_2012__test_from_2013,Ridge,signal_increment,-0.016499999999999997,1.0
M2_Macro_Oil_vs_M3_Macro_Oil_RegQuality__normalized__Oil_Rent_Intensive_Pre2016_ge1pct,Regulatory_Quality_lag1,normalized,Oil_Rent_Intensive_Pre2016_ge1pct,Future_Period,train_to_2012__test_from_2013,Ridge,signal_increment,-0.015999999999999997,1.0
M2_Macro_Oil_vs_M3_Macro_Oil_RegQuality__normalized__Oil_Rent_Intensive_Pre2016_ge1pct,Regulatory_Quality_lag1,normalized,Oil_Rent_Intensive_Pre2016_ge1pct,Future_Period,train_to_2012__test_from_2013,Ridge,signal_increment,-0.015499999999999996,1.0
M2_Macro_Oil_vs_M3_Macro_Oil_RegQuality__normalized__Oil_Rent_Intensive_Pre2016_ge1pct,Regulatory_Quality_lag1,normalized,Oil_Rent_Intensive_Pre2016_ge1pct,Future_Period,train_to_2012__test_from_2013,Ridge,signal_increment,-0.014999999999999996,1.0
M2_Macro_Oil_vs_M3_Macro_Oil_RegQuality__normalized__Oil_Rent_Intensive_Pre2016_ge1pct,Regulatory_Quality_lag1,normalized,Oil_Rent_Intensive_Pre2016_ge1pct,Future_Period,train_to_2012__test_from_2013,Ridge,signal_increment,-0.014499999999999996,1.0
M2_Macro_Oil_vs_M3_Macro_Oil_RegQuality__normalized__Oil_Rent_Intensive_Pre2016_ge1pct,Regulatory_Quality_lag1,normalized,Oil_Rent_Intensive_Pre2016_ge1pct,Future_Period,train_to_2012__test_from_2013,Ridge,signal_increment,-0.013999999999999995,1.0
M2_Macro_Oil_vs_M3_Macro_Oil_RegQuality__normalized__Oil_Rent_Intensive_Pre2016_ge1pct,Regulatory_Quality_lag1,normalized,Oil_Rent_Intensive_Pre2016_ge1pct,Future_Period,train_to_2012__test_from_2013,Ridge,signal_increment,-0.013499999999999995,1.0
M2_Macro_Oil_vs_M3_Macro_Oil_RegQuality__normalized__Oil_Rent_Intensive_Pre2016_ge1pct,Regulatory_Quality_lag1,normalized,Oil_Rent_Intensive_Pre2016_ge1pct,Future_Period,train_to_2012__test_from_2013,Ridge,signal_increment,-0.012999999999999994,1.0
M2_Macro_Oil_vs_M3_Macro_Oil_RegQuality__normalized__Oil_Rent_Intensive_Pre2016_ge1pct,Regulatory_Quality_lag1,normalized,Oil_Rent_Intensive_Pre2016_ge1pct,Future_Period,train_to_2012__test_from_2013,Ridge,signal_increment,-0.012499999999999994,1.0
M2_Macro_Oil_vs_M3_Macro_Oil_RegQuality__normalized__Oil_Rent_Intensive_Pre2016_ge1pct,Regulatory_Quality_lag1,normalized,Oil_Rent_Intensive_Pre2016_ge1pct,Future_Period,train_to_2012__test_from_2013,Ridge,signal_increment,-0.011999999999999993,1.0
M2_Macro_Oil_vs_M3_Macro_Oil_RegQuality__normalized__Oil_Rent_Intensive_Pre2016_ge1pct,Regulatory_Quality_lag1,normalized,Oil_Rent_Intensive_Pre2016_ge1pct,Future_Period,train_to_2012__test_from_2013,Ridge,signal_increment,-0.011499999999999993,1.0
M2_Macro_Oil_vs_M3_Macro_Oil_RegQuality__normalized__Oil_Rent_Intensive_Pre2016_ge1pct,Regulatory_Quality_lag1,normalized,Oil_Rent_Intensive_Pre2016_ge1pct,Future_Period,train_to_2012__test_from_2013,Ridge,signal_increment,-0.010999999999999992,1.0
M2_Macro_Oil_vs_M3_Macro_Oil_RegQuality__normalized__Oil_Rent_Intensive_Pre2016_ge1pct,Regulatory_Quality_lag1,normalized,Oil_Rent_Intensive_Pre2016_ge1pct,Future_Period,train_to_2012__test_from_2013,Ridge,signal_increment,-0.010499999999999992,1.0
M2_Macro_Oil_vs_M3_Macro_Oil_RegQuality__normalized__Oil_Rent_Intensive_Pre2016_ge1pct,Regulatory_Quality_lag1,normalized,Oil_Rent_Intensive_Pre2016_ge1pct,Future_Period,train_to_2012__test_from_2013,Ridge,signal_increment,-0.009999999999999992,1.0
M2_Macro_Oil_vs_M3_Macro_Oil_RegQuality__normalized__Oil_Rent_Intensive_Pre2016_ge1pct,Regulatory_Quality_lag1,normalized,Oil_Rent_Intensive_Pre2016_ge1pct,Future_Period,train_to_2012__test_from_2013,Ridge,signal_increment,-0.009499999999999991,1.0
M2_Macro_Oil_vs_M3_Macro_Oil_RegQuality__normalized__Oil_Rent_Intensive_Pre2016_ge1pct,Regulatory_Quality_lag1,normalized,Oil_Rent_Intensive_Pre2016_ge1pct,Future_Period,train_to_2012__test_from_2013,Ridge,signal_increment,-0.00899999999999999,1.0
M2_Macro_Oil_vs_M3_Macro_Oil_RegQuality__normalized__Oil_Rent_Intensive_Pre2016_ge1pct,Regulatory_Quality_lag1,normalized,Oil_Rent_Intensive_Pre2016_ge1pct,Future_Period,train_to_2012__test_from_2013,Ridge,signal_increment,-0.00849999999999999,1.0
M2_Macro_Oil_vs_M3_Macro_Oil_RegQuality__normalized__Oil_Rent_Intensive_Pre2016_ge1pct,Regulatory_Quality_lag1,normalized,Oil_Rent_Intensive_Pre2016_ge1pct,Future_Period,train_to_2012__test_from_2013,Ridge,signal_increment,-0.00799999999999999,1.0
M2_Macro_Oil_vs_M3_Macro_Oil_RegQuality__normalized__Oil_Rent_Intensive_Pre2016_ge1pct,Regulatory_Quality_lag1,normalized,Oil_Rent_Intensive_Pre2016_ge1pct,Future_Period,train_to_2012__test_from_2013,Ridge,signal_increment,-0.007499999999999989,1.0
M2_Macro_Oil_vs_M3_Macro_Oil_RegQuality__normalized__Oil_Rent_Intensive_Pre2016_ge1pct,Regulatory_Quality_lag1,normalized,Oil_Rent_Intensive_Pre2016_ge1pct,Future_Period,train_to_2012__test_from_2013,Ridge,signal_increment,-0.006999999999999989,1.0
M2_Macro_Oil_vs_M3_Macro_Oil_RegQuality__normalized__Oil_Rent_Intensive_Pre2016_ge1pct,Regulatory_Quality_lag1,normalized,Oil_Rent_Intensive_Pre2016_ge1pct,Future_Period,train_to_2012__test_from_2013,Ridge,signal_increment,-0.006499999999999988,1.0
M2_Macro_Oil_vs_M3_Macro_Oil_RegQuality__normalized__Oil_Rent_Intensive_Pre2016_ge1pct,Regulatory_Quality_lag1,normalized,Oil_Rent_Intensive_Pre2016_ge1pct,Future_Period,train_to_2012__test_from_2013,Ridge,signal_increment,-0.005999999999999988,1.0
M2_Macro_Oil_vs_M3_Macro_Oil_RegQuality__normalized__Oil_Rent_Intensive_Pre2016_ge1pct,Regulatory_Quality_lag1,normalized,Oil_Rent_Intensive_Pre2016_ge1pct,Future_Period,train_to_2012__test_from_2013,Ridge,signal_increment,-0.0054999999999999875,1.0
M2_Macro_Oil_vs_M3_Macro_Oil_RegQuality__normalized__Oil_Rent_Intensive_Pre2016_ge1pct,Regulatory_Quality_lag1,normalized,Oil_Rent_Intensive_Pre2016_ge1pct,Future_Period,train_to_2012__test_from_2013,Ridge,signal_increment,-0.004999999999999987,1.0
M2_Macro_Oil_vs_M3_Macro_Oil_RegQuality__normalized__Oil_Rent_Intensive_Pre2016_ge1pct,Regulatory_Quality_lag1,normalized,Oil_Rent_Intensive_Pre2016_ge1pct,Future_Period,train_to_2012__test_from_2013,Ridge,signal_increment,-0.004499999999999987,1.0
M2_Macro_Oil_vs_M3_Macro_Oil_RegQuality__normalized__Oil_Rent_Intensive_Pre2016_ge1pct,Regulatory_Quality_lag1,normalized,Oil_Rent_Intensive_Pre2016_ge1pct,Future_Period,train_to_2012__test_from_2013,Ridge,signal_increment,-0.003999999999999986,1.0
M2_Macro_Oil_vs_M3_Macro_Oil_RegQuality__normalized__Oil_Rent_Intensive_Pre2016_ge1pct,Regulatory_Quality_lag1,normalized,Oil_Rent_Intensive_Pre2016_ge1pct,Future_Period,train_to_2012__test_from_2013,Ridge,signal_increment,-0.0034999999999999858,1.0
M2_Macro_Oil_vs_M3_Macro_Oil_RegQuality__normalized__Oil_Rent_Intensive_Pre2016_ge1pct,Regulatory_Quality_lag1,normalized,Oil_Rent_Intensive_Pre2016_ge1pct,Future_Period,train_to_2012__test_from_2013,Ridge,signal_increment,-0.0029999999999999853,1.0
M2_Macro_Oil_vs_M3_Macro_Oil_RegQuality__normalized__Oil_Rent_Intensive_Pre2016_ge1pct,Regulatory_Quality_lag1,normalized,Oil_Rent_Intensive_Pre2016_ge1pct,Future_Period,train_to_2012__test_from_2013,Ridge,signal_increment,-0.002499999999999985,1.0
M2_Macro_Oil_vs_M3_Macro_Oil_RegQuality__normalized__Oil_Rent_Intensive_Pre2016_ge1pct,Regulatory_Quality_lag1,normalized,Oil_Rent_Intensive_Pre2016_ge1pct,Future_Period,train_to_2012__test_from_2013,Ridge,signal_increment,-0.0019999999999999844,1.0
M2_Macro_Oil_vs_M3_Macro_Oil_RegQuality__normalized__Oil_Rent_Intensive_Pre2016_ge1pct,Regulatory_Quality_lag1,normalized,Oil_Rent_Intensive_Pre2016_ge1pct,Future_Period,train_to_2012__test_from_2013,Ridge,signal_increment,-0.001499999999999984,1.0
M2_Macro_Oil_vs_M3_Macro_Oil_RegQuality__normalized__Oil_Rent_Intensive_Pre2016_ge1pct,Regulatory_Quality_lag1,normalized,Oil_Rent_Intensive_Pre2016_ge1pct,Future_Period,train_to_2012__test_from_2013,Ridge,signal_increment,-0.0009999999999999835,0.9995
M2_Macro_Oil_vs_M3_Macro_Oil_RegQuality__normalized__Oil_Rent_Intensive_Pre2016_ge1pct,Regulatory_Quality_lag1,normalized,Oil_Rent_Intensive_Pre2016_ge1pct,Future_Period,train_to_2012__test_from_2013,Ridge,signal_increment,-0.0004999999999999831,0.999
M2_Macro_Oil_vs_M3_Macro_Oil_RegQuality__normalized__Oil_Rent_Intensive_Pre2016_ge1pct,Regulatory_Quality_lag1,normalized,Oil_Rent_Intensive_Pre2016_ge1pct,Future_Period,train_to_2012__test_from_2013,Ridge,signal_increment,1.734723475976807e-17,0.989
M2_Macro_Oil_vs_M3_Macro_Oil_RegQuality__normalized__Oil_Rent_Intensive_Pre2016_ge1pct,Regulatory_Quality_lag1,normalized,Oil_Rent_Intensive_Pre2016_ge1pct,Future_Period,train_to_2012__test_from_2013,Ridge,signal_increment,0.0005000000000000178,0.937
M2_Macro_Oil_vs_M3_Macro_Oil_RegQuality__normalized__Oil_Rent_Intensive_Pre2016_ge1pct,Regulatory_Quality_lag1,normalized,Oil_Rent_Intensive_Pre2016_ge1pct,Future_Period,train_to_2012__test_from_2013,Ridge,signal_increment,0.0010000000000000182,0.7865
M2_Macro_Oil_vs_M3_Macro_Oil_RegQuality__normalized__Oil_Rent_Intensive_Pre2016_ge1pct,Regulatory_Quality_lag1,normalized,Oil_Rent_Intensive_Pre2016_ge1pct,Future_Period,train_to_2012__test_from_2013,Ridge,signal_increment,0.0015000000000000187,0.548
M2_Macro_Oil_vs_M3_Macro_Oil_RegQuality__normalized__Oil_Rent_Intensive_Pre2016_ge1pct,Regulatory_Quality_lag1,normalized,Oil_Rent_Intensive_Pre2016_ge1pct,Future_Period,train_to_2012__test_from_2013,Ridge,signal_increment,0.002000000000000019,0.29
M2_Macro_Oil_vs_M3_Macro_Oil_RegQuality__normalized__Oil_Rent_Intensive_Pre2016_ge1pct,Regulatory_Quality_lag1,normalized,Oil_Rent_Intensive_Pre2016_ge1pct,Future_Period,train_to_2012__test_from_2013,Ridge,signal_increment,0.0025000000000000196,0.1235
M2_Macro_Oil_vs_M3_Macro_Oil_RegQuality__normalized__Oil_Rent_Intensive_Pre2016_ge1pct,Regulatory_Quality_lag1,normalized,Oil_Rent_Intensive_Pre2016_ge1pct,Future_Period,train_to_2012__test_from_2013,Ridge,signal_increment,0.00300000000000002,0.052
M2_Macro_Oil_vs_M3_Macro_Oil_RegQuality__normalized__Oil_Rent_Intensive_Pre2016_ge1pct,Regulatory_Quality_lag1,normalized,Oil_Rent_Intensive_Pre2016_ge1pct,Future_Period,train_to_2012__test_from_2013,Ridge,signal_increment,0.0035000000000000205,0.0155
M2_Macro_Oil_vs_M3_Macro_Oil_RegQuality__normalized__Oil_Rent_Intensive_Pre2016_ge1pct,Regulatory_Quality_lag1,normalized,Oil_Rent_Intensive_Pre2016_ge1pct,Future_Period,train_to_2012__test_from_2013,Ridge,signal_increment,0.004000000000000021,0.0055
M2_Macro_Oil_vs_M3_Macro_Oil_RegQuality__normalized__Oil_Rent_Intensive_Pre2016_ge1pct,Regulatory_Quality_lag1,normalized,Oil_Rent_Intensive_Pre2016_ge1pct,Future_Period,train_to_2012__test_from_2013,Ridge,signal_increment,0.004500000000000021,0.0015
M2_Macro_Oil_vs_M3_Macro_Oil_RegQuality__normalized__Oil_Rent_Intensive_Pre2016_ge1pct,Regulatory_Quality_lag1,normalized,Oil_Rent_Intensive_Pre2016_ge1pct,Future_Period,train_to_2012__test_from_2013,Ridge,signal_increment,0.005000000000000022,0.0
M2_Macro_Oil_vs_M3_Macro_Oil_RegQuality__normalized__Oil_Rent_Intensive_Pre2016_ge1pct,Regulatory_Quality_lag1,normalized,Oil_Rent_Intensive_Pre2016_ge1pct,Future_Period,train_to_2012__test_from_2013,Ridge,signal_increment,0.005500000000000022,0.0
M2_Macro_Oil_vs_M3_Macro_Oil_RegQuality__normalized__Oil_Rent_Intensive_Pre2016_ge1pct,Regulatory_Quality_lag1,normalized,Oil_Rent_Intensive_Pre2016_ge1pct,Future_Period,train_to_2012__test_from_2013,Ridge,signal_increment,0.006000000000000023,0.0
M2_Macro_Oil_vs_M3_Macro_Oil_RegQuality__normalized__Oil_Rent_Intensive_Pre2016_ge1pct,Regulatory_Quality_lag1,normalized,Oil_Rent_Intensive_Pre2016_ge1pct,Future_Period,train_to_2012__test_from_2013,Ridge,signal_increment,0.006500000000000023,0.0
M2_Macro_Oil_vs_M3_Macro_Oil_RegQuality__normalized__Oil_Rent_Intensive_Pre2016_ge1pct,Regulatory_Quality_lag1,normalized,Oil_Rent_Intensive_Pre2016_ge1pct,Future_Period,train_to_2012__test_from_2013,Ridge,signal_increment,0.0070000000000000236,0.0
M2_Macro_Oil_vs_M3_Macro_Oil_RegQuality__normalized__Oil_Rent_Intensive_Pre2016_ge1pct,Regulatory_Quality_lag1,normalized,Oil_Rent_Intensive_Pre2016_ge1pct,Future_Period,train_to_2012__test_from_2013,Ridge,signal_increment,0.007500000000000024,0.0
M2_Macro_Oil_vs_M3_Macro_Oil_RegQuality__normalized__Oil_Rent_Intensive_Pre2016_ge1pct,Regulatory_Quality_lag1,normalized,Oil_Rent_Intensive_Pre2016_ge1pct,Future_Period,train_to_2012__test_from_2013,Ridge,signal_increment,0.008000000000000024,0.0
M2_Macro_Oil_vs_M3_Macro_Oil_RegQuality__normalized__Oil_Rent_Intensive_Pre2016_ge1pct,Regulatory_Quality_lag1,normalized,Oil_Rent_Intensive_Pre2016_ge1pct,Future_Period,train_to_2012__test_from_2013,Ridge,signal_increment,0.008500000000000025,0.0
M2_Macro_Oil_vs_M3_Macro_Oil_RegQuality__normalized__Oil_Rent_Intensive_Pre2016_ge1pct,Regulatory_Quality_lag1,normalized,Oil_Rent_Intensive_Pre2016_ge1pct,Future_Period,train_to_2012__test_from_2013,Ridge,signal_increment,0.009000000000000025,0.0
M2_Macro_Oil_vs_M3_Macro_Oil_RegQuality__normalized__Oil_Rent_Intensive_Pre2016_ge1pct,Regulatory_Quality_lag1,normalized,Oil_Rent_Intensive_Pre2016_ge1pct,Future_Period,train_to_2012__test_from_2013,Ridge,signal_increment,0.009500000000000026,0.0
M2_Macro_Oil_vs_M3_Macro_Oil_RegQuality__normalized__Oil_Rent_Intensive_Pre2016_ge1pct,Regulatory_Quality_lag1,normalized,Oil_Rent_Intensive_Pre2016_ge1pct,Future_Period,train_to_2012__test_from_2013,Ridge,signal_increment,0.010000000000000026,0.0
M2_Macro_Oil_vs_M3_Macro_Oil_RegQuality__normalized__Oil_Rent_Intensive_Pre2016_ge1pct,Regulatory_Quality_lag1,normalized,Oil_Rent_Intensive_Pre2016_ge1pct,Future_Period,train_to_2012__test_from_2013,Ridge,signal_increment,0.010500000000000027,0.0
M2_Macro_Oil_vs_M3_Macro_Oil_RegQuality__normalized__Oil_Rent_Intensive_Pre2016_ge1pct,Regulatory_Quality_lag1,normalized,Oil_Rent_Intensive_Pre2016_ge1pct,Future_Period,train_to_2012__test_from_2013,Ridge,signal_increment,0.011000000000000027,0.0
M2_Macro_Oil_vs_M3_Macro_Oil_RegQuality__normalized__Oil_Rent_Intensive_Pre2016_ge1pct,Regulatory_Quality_lag1,normalized,Oil_Rent_Intensive_Pre2016_ge1pct,Future_Period,train_to_2012__test_from_2013,Ridge,signal_increment,0.011500000000000028,0.0
M2_Macro_Oil_vs_M3_Macro_Oil_RegQuality__normalized__Oil_Rent_Intensive_Pre2016_ge1pct,Regulatory_Quality_lag1,normalized,Oil_Rent_Intensive_Pre2016_ge1pct,Future_Period,train_to_2012__test_from_2013,Ridge,signal_increment,0.012000000000000028,0.0
M2_Macro_Oil_vs_M3_Macro_Oil_RegQuality__normalized__Oil_Rent_Intensive_Pre2016_ge1pct,Regulatory_Quality_lag1,normalized,Oil_Rent_Intensive_Pre2016_ge1pct,Future_Period,train_to_2012__test_from_2013,Ridge,signal_increment,0.012500000000000028,0.0
M2_Macro_Oil_vs_M3_Macro_Oil_RegQuality__normalized__Oil_Rent_Intensive_Pre2016_ge1pct,Regulatory_Quality_lag1,normalized,Oil_Rent_Intensive_Pre2016_ge1pct,Future_Period,train_to_2012__test_from_2013,Ridge,signal_increment,0.013000000000000029,0.0
M2_Macro_Oil_vs_M3_Macro_Oil_RegQuality__normalized__Oil_Rent_Intensive_Pre2016_ge1pct,Regulatory_Quality_lag1,normalized,Oil_Rent_Intensive_Pre2016_ge1pct,Future_Period,train_to_2012__test_from_2013,Ridge,signal_increment,0.01350000000000003,0.0
M2_Macro_Oil_vs_M3_Macro_Oil_RegQuality__normalized__Oil_Rent_Intensive_Pre2016_ge1pct,Regulatory_Quality_lag1,normalized,Oil_Rent_Intensive_Pre2016_ge1pct,Future_Period,train_to_2012__test_from_2013,Ridge,signal_increment,0.01400000000000003,0.0
M2_Macro_Oil_vs_M3_Macro_Oil_RegQuality__normalized__Oil_Rent_Intensive_Pre2016_ge1pct,Regulatory_Quality_lag1,normalized,Oil_Rent_Intensive_Pre2016_ge1pct,Future_Period,train_to_2012__test_from_2013,Ridge,signal_increment,0.01450000000000003,0.0
M2_Macro_Oil_vs_M3_Macro_Oil_RegQuality__normalized__Oil_Rent_Intensive_Pre2016_ge1pct,Regulatory_Quality_lag1,normalized,Oil_Rent_Intensive_Pre2016_ge1pct,Future_Period,train_to_2012__test_from_2013,Ridge,signal_increment,0.01500000000000003,0.0
M2_Macro_Oil_vs_M3_Macro_Oil_RegQuality__normalized__Oil_Rent_Intensive_Pre2016_ge1pct,Regulatory_Quality_lag1,normalized,Oil_Rent_Intensive_Pre2016_ge1pct,Future_Period,train_to_2012__test_from_2013,Ridge,signal_increment,0.015500000000000031,0.0
M2_Macro_Oil_vs_M3_Macro_Oil_RegQuality__normalized__Oil_Rent_Intensive_Pre2016_ge1pct,Regulatory_Quality_lag1,normalized,Oil_Rent_Intensive_Pre2016_ge1pct,Future_Period,train_to_2012__test_from_2013,Ridge,signal_increment,0.01600000000000003,0.0
M2_Macro_Oil_vs_M3_Macro_Oil_RegQuality__normalized__Oil_Rent_Intensive_Pre2016_ge1pct,Regulatory_Quality_lag1,normalized,Oil_Rent_Intensive_Pre2016_ge1pct,Future_Period,train_to_2012__test_from_2013,Ridge,signal_increment,0.016500000000000032,0.0
M2_Macro_Oil_vs_M3_Macro_Oil_RegQuality__normalized__Oil_Rent_Intensive_Pre2016_ge1pct,Regulatory_Quality_lag1,normalized,Oil_Rent_Intensive_Pre2016_ge1pct,Future_Period,train_to_2012__test_from_2013,Ridge,signal_increment,0.017000000000000032,0.0
M2_Macro_Oil_vs_M3_Macro_Oil_RegQuality__normalized__Oil_Rent_Intensive_Pre2016_ge1pct,Regulatory_Quality_lag1,normalized,Oil_Rent_Intensive_Pre2016_ge1pct,Future_Period,train_to_2012__test_from_2013,Ridge,signal_increment,0.017500000000000033,0.0
M2_Macro_Oil_vs_M3_Macro_Oil_RegQuality__normalized__Oil_Rent_Intensive_Pre2016_ge1pct,Regulatory_Quality_lag1,normalized,Oil_Rent_Intensive_Pre2016_ge1pct,Future_Period,train_to_2012__test_from_2013,Ridge,signal_increment,0.018000000000000033,0.0
M2_Macro_Oil_vs_M3_Macro_Oil_RegQuality__normalized__Oil_Rent_Intensive_Pre2016_ge1pct,Regulatory_Quality_lag1,normalized,Oil_Rent_Intensive_Pre2016_ge1pct,Future_Period,train_to_2012__test_from_2013,Ridge,signal_increment,0.018500000000000034,0.0
M2_Macro_Oil_vs_M3_Macro_Oil_RegQuality__normalized__Oil_Rent_Intensive_Pre2016_ge1pct,Regulatory_Quality_lag1,normalized,Oil_Rent_Intensive_Pre2016_ge1pct,Future_Period,train_to_2012__test_from_2013,Ridge,signal_increment,0.019000000000000034,0.0
M2_Macro_Oil_vs_M3_Macro_Oil_RegQuality__normalized__Oil_Rent_Intensive_Pre2016_ge1pct,Regulatory_Quality_lag1,normalized,Oil_Rent_Intensive_Pre2016_ge1pct,Future_Period,train_to_2012__test_from_2013,Ridge,signal_increment,0.019500000000000035,0.0
M2_Macro_Oil_vs_M3_Macro_Oil_RegQuality__normalized__Oil_Rent_Intensive_Pre2016_ge1pct,Regulatory_Quality_lag1,normalized,Oil_Rent_Intensive_Pre2016_ge1pct,Future_Period,train_to_2012__test_from_2013,Ridge,signal_increment,0.020000000000000035,0.0
M2_Macro_Oil_vs_M3_Macro_Oil_RegQuality__normalized__Oil_Rent_Intensive_Pre2016_ge1pct,Regulatory_Quality_lag1,normalized,Oil_Rent_Intensive_Pre2016_ge1pct,Future_Period,train_to_2012__test_from_2013,Ridge,signal_increment,0.020500000000000036,0.0
M2_Macro_Oil_vs_M3_Macro_Oil_RegQuality__normalized__Oil_Rent_Intensive_Pre2016_ge1pct,Regulatory_Quality_lag1,normalized,Oil_Rent_Intensive_Pre2016_ge1pct,Future_Period,train_to_2012__test_from_2013,Ridge,signal_increment,0.021000000000000036,0.0
M2_Macro_Oil_vs_M3_Macro_Oil_RegQuality__normalized__Oil_Rent_Intensive_Pre2016_ge1pct,Regulatory_Quality_lag1,normalized,Oil_Rent_Intensive_Pre2016_ge1pct,Future_Period,train_to_2012__test_from_2013,Ridge,signal_increment,0.021500000000000036,0.0
M2_Macro_Oil_vs_M3_Macro_Oil_RegQuality__normalized__Oil_Rent_Intensive_Pre2016_ge1pct,Regulatory_Quality_lag1,normalized,Oil_Rent_Intensive_Pre2016_ge1pct,Future_Period,train_to_2012__test_from_2013,Ridge,signal_increment,0.022000000000000037,0.0
M2_Macro_Oil_vs_M3_Macro_Oil_RegQuality__normalized__Oil_Rent_Intensive_Pre2016_ge1pct,Regulatory_Quality_lag1,normalized,Oil_Rent_Intensive_Pre2016_ge1pct,Future_Period,train_to_2012__test_from_2013,Ridge,signal_increment,0.022500000000000037,0.0
M2_Macro_Oil_vs_M3_Macro_Oil_RegQuality__normalized__Oil_Rent_Intensive_Pre2016_ge1pct,Regulatory_Quality_lag1,normalized,Oil_Rent_Intensive_Pre2016_ge1pct,Future_Period,train_to_2012__test_from_2013,Ridge,signal_increment,0.023000000000000038,0.0
M2_Macro_Oil_vs_M3_Macro_Oil_RegQuality__normalized__Oil_Rent_Intensive_Pre2016_ge1pct,Regulatory_Quality_lag1,normalized,Oil_Rent_Intensive_Pre2016_ge1pct,Future_Period,train_to_2012__test_from_2013,Ridge,signal_increment,0.023500000000000038,0.0
M2_Macro_Oil_vs_M3_Macro_Oil_RegQuality__normalized__Oil_Rent_Intensive_Pre2016_ge1pct,Regulatory_Quality_lag1,normalized,Oil_Rent_Intensive_Pre2016_ge1pct,Future_Period,train_to_2012__test_from_2013,Ridge,signal_increment,0.02400000000000004,0.0
M2_Macro_Oil_vs_M3_Macro_Oil_RegQuality__normalized__Oil_Rent_Intensive_Pre2016_ge1pct,Regulatory_Quality_lag1,normalized,Oil_Rent_Intensive_Pre2016_ge1pct,Future_Period,train_to_2012__test_from_2013,Ridge,signal_increment,0.02450000000000004,0.0
M2_Macro_Oil_vs_M3_Macro_Oil_RegQuality__normalized__Oil_Rent_Intensive_Pre2016_ge1pct,Regulatory_Quality_lag1,normalized,Oil_Rent_Intensive_Pre2016_ge1pct,Future_Period,train_to_2012__test_from_2013,Ridge,signal_increment,0.02500000000000004,0.0
M2_Macro_Oil_vs_M3_Macro_Oil_RegQuality__normalized__Oil_Rent_Intensive_Pre2016_ge1pct,Regulatory_Quality_lag1,normalized,Oil_Rent_Intensive_Pre2016_ge1pct,Future_Period,train_to_2012__test_from_2013,Ridge,signal_increment,0.02550000000000004,0.0
M2_Macro_Oil_vs_M3_Macro_Oil_RegQuality__normalized__Oil_Rent_Intensive_Pre2016_ge1pct,Regulatory_Quality_lag1,normalized,Oil_Rent_Intensive_Pre2016_ge1pct,Future_Period,train_to_2012__test_from_2013,Ridge,signal_increment,0.02600000000000004,0.0
M2_Macro_Oil_vs_M3_Macro_Oil_RegQuality__normalized__Oil_Rent_Intensive_Pre2016_ge1pct,Regulatory_Quality_lag1,normalized,Oil_Rent_Intensive_Pre2016_ge1pct,Future_Period,train_to_2012__test_from_2013,Ridge,signal_increment,0.02650000000000004,0.0
M2_Macro_Oil_vs_M3_Macro_Oil_RegQuality__normalized__Oil_Rent_Intensive_Pre2016_ge1pct,Regulatory_Quality_lag1,normalized,Oil_Rent_Intensive_Pre2016_ge1pct,Future_Period,train_to_2012__test_from_2013,Ridge,signal_increment,0.02700000000000004,0.0
M2_Macro_Oil_vs_M3_Macro_Oil_RegQuality__normalized__Oil_Rent_Intensive_Pre2016_ge1pct,Regulatory_Quality_lag1,normalized,Oil_Rent_Intensive_Pre2016_ge1pct,Future_Period,train_to_2012__test_from_2013,Ridge,signal_increment,0.027500000000000042,0.0
M2_Macro_Oil_vs_M3_Macro_Oil_RegQuality__normalized__Oil_Rent_Intensive_Pre2016_ge1pct,Regulatory_Quality_lag1,normalized,Oil_Rent_Intensive_Pre2016_ge1pct,Future_Period,train_to_2012__test_from_2013,Ridge,signal_increment,0.028000000000000042,0.0
M2_Macro_Oil_vs_M3_Macro_Oil_RegQuality__normalized__Oil_Rent_Intensive_Pre2016_ge1pct,Regulatory_Quality_lag1,normalized,Oil_Rent_Intensive_Pre2016_ge1pct,Future_Period,train_to_2012__test_from_2013,Ridge,signal_increment,0.028500000000000043,0.0
M2_Macro_Oil_vs_M3_Macro_Oil_RegQuality__normalized__Oil_Rent_Intensive_Pre2016_ge1pct,Regulatory_Quality_lag1,normalized,Oil_Rent_Intensive_Pre2016_ge1pct,Future_Period,train_to_2012__test_from_2013,Ridge,signal_increment,0.029000000000000043,0.0
M2_Macro_Oil_vs_M3_Macro_Oil_RegQuality__normalized__Oil_Rent_Intensive_Pre2016_ge1pct,Regulatory_Quality_lag1,normalized,Oil_Rent_Intensive_Pre2016_ge1pct,Future_Period,train_to_2012__test_from_2013,Ridge,signal_increment,0.029500000000000044,0.0
M2_Macro_Oil_vs_M3_Macro_Oil_RegQuality__normalized__Oil_Rent_Intensive_Pre2016_ge1pct,Regulatory_Quality_lag1,normalized,Oil_Rent_Intensive_Pre2016_ge1pct,Future_Period,train_to_2012__test_from_2013,Ridge,signal_increment,0.030000000000000044,0.0
M2_Macro_Oil_vs_M3_Macro_Oil_RegQuality__normalized__Oil_Rent_Intensive_Pre2016_ge1pct,Regulatory_Quality_lag1,normalized,Oil_Rent_Intensive_Pre2016_ge1pct,Future_Period,train_to_2012__test_from_2013,Ridge,added_model_vs_strongest_benchmark,-0.02,1.0
M2_Macro_Oil_vs_M3_Macro_Oil_RegQuality__normalized__Oil_Rent_Intensive_Pre2016_ge1pct,Regulatory_Quality_lag1,normalized,Oil_Rent_Intensive_Pre2016_ge1pct,Future_Period,train_to_2012__test_from_2013,Ridge,added_model_vs_strongest_benchmark,-0.0195,1.0
M2_Macro_Oil_vs_M3_Macro_Oil_RegQuality__normalized__Oil_Rent_Intensive_Pre2016_ge1pct,Regulatory_Quality_lag1,normalized,Oil_Rent_Intensive_Pre2016_ge1pct,Future_Period,train_to_2012__test_from_2013,Ridge,added_model_vs_strongest_benchmark,-0.019,1.0
M2_Macro_Oil_vs_M3_Macro_Oil_RegQuality__normalized__Oil_Rent_Intensive_Pre2016_ge1pct,Regulatory_Quality_lag1,normalized,Oil_Rent_Intensive_Pre2016_ge1pct,Future_Period,train_to_2012__test_from_2013,Ridge,added_model_vs_strongest_benchmark,-0.0185,1.0
M2_Macro_Oil_vs_M3_Macro_Oil_RegQuality__normalized__Oil_Rent_Intensive_Pre2016_ge1pct,Regulatory_Quality_lag1,normalized,Oil_Rent_Intensive_Pre2016_ge1pct,Future_Period,train_to_2012__test_from_2013,Ridge,added_model_vs_strongest_benchmark,-0.018,1.0
M2_Macro_Oil_vs_M3_Macro_Oil_RegQuality__normalized__Oil_Rent_Intensive_Pre2016_ge1pct,Regulatory_Quality_lag1,normalized,Oil_Rent_Intensive_Pre2016_ge1pct,Future_Period,train_to_2012__test_from_2013,Ridge,added_model_vs_strongest_benchmark,-0.017499999999999998,1.0
M2_Macro_Oil_vs_M3_Macro_Oil_RegQuality__normalized__Oil_Rent_Intensive_Pre2016_ge1pct,Regulatory_Quality_lag1,normalized,Oil_Rent_Intensive_Pre2016_ge1pct,Future_Period,train_to_2012__test_from_2013,Ridge,added_model_vs_strongest_benchmark,-0.016999999999999998,1.0
M2_Macro_Oil_vs_M3_Macro_Oil_RegQuality__normalized__Oil_Rent_Intensive_Pre2016_ge1pct,Regulatory_Quality_lag1,normalized,Oil_Rent_Intensive_Pre2016_ge1pct,Future_Period,train_to_2012__test_from_2013,Ridge,added_model_vs_strongest_benchmark,-0.016499999999999997,1.0
M2_Macro_Oil_vs_M3_Macro_Oil_RegQuality__normalized__Oil_Rent_Intensive_Pre2016_ge1pct,Regulatory_Quality_lag1,normalized,Oil_Rent_Intensive_Pre2016_ge1pct,Future_Period,train_to_2012__test_from_2013,Ridge,added_model_vs_strongest_benchmark,-0.015999999999999997,1.0
M2_Macro_Oil_vs_M3_Macro_Oil_RegQuality__normalized__Oil_Rent_Intensive_Pre2016_ge1pct,Regulatory_Quality_lag1,normalized,Oil_Rent_Intensive_Pre2016_ge1pct,Future_Period,train_to_2012__test_from_2013,Ridge,added_model_vs_strongest_benchmark,-0.015499999999999996,1.0
M2_Macro_Oil_vs_M3_Macro_Oil_RegQuality__normalized__Oil_Rent_Intensive_Pre2016_ge1pct,Regulatory_Quality_lag1,normalized,Oil_Rent_Intensive_Pre2016_ge1pct,Future_Period,train_to_2012__test_from_2013,Ridge,added_model_vs_strongest_benchmark,-0.014999999999999996,1.0
M2_Macro_Oil_vs_M3_Macro_Oil_RegQuality__normalized__Oil_Rent_Intensive_Pre2016_ge1pct,Regulatory_Quality_lag1,normalized,Oil_Rent_Intensive_Pre2016_ge1pct,Future_Period,train_to_2012__test_from_2013,Ridge,added_model_vs_strongest_benchmark,-0.014499999999999996,1.0
M2_Macro_Oil_vs_M3_Macro_Oil_RegQuality__normalized__Oil_Rent_Intensive_Pre2016_ge1pct,Regulatory_Quality_lag1,normalized,Oil_Rent_Intensive_Pre2016_ge1pct,Future_Period,train_to_2012__test_from_2013,Ridge,added_model_vs_strongest_benchmark,-0.013999999999999995,1.0
M2_Macro_Oil_vs_M3_Macro_Oil_RegQuality__normalized__Oil_Rent_Intensive_Pre2016_ge1pct,Regulatory_Quality_lag1,normalized,Oil_Rent_Intensive_Pre2016_ge1pct,Future_Period,train_to_2012__test_from_2013,Ridge,added_model_vs_strongest_benchmark,-0.013499999999999995,1.0
M2_Macro_Oil_vs_M3_Macro_Oil_RegQuality__normalized__Oil_Rent_Intensive_Pre2016_ge1pct,Regulatory_Quality_lag1,normalized,Oil_Rent_Intensive_Pre2016_ge1pct,Future_Period,train_to_2012__test_from_2013,Ridge,added_model_vs_strongest_benchmark,-0.012999999999999994,1.0
M2_Macro_Oil_vs_M3_Macro_Oil_RegQuality__normalized__Oil_Rent_Intensive_Pre2016_ge1pct,Regulatory_Quality_lag1,normalized,Oil_Rent_Intensive_Pre2016_ge1pct,Future_Period,train_to_2012__test_from_2013,Ridge,added_model_vs_strongest_benchmark,-0.012499999999999994,1.0
M2_Macro_Oil_vs_M3_Macro_Oil_RegQuality__normalized__Oil_Rent_Intensive_Pre2016_ge1pct,Regulatory_Quality_lag1,normalized,Oil_Rent_Intensive_Pre2016_ge1pct,Future_Period,train_to_2012__test_from_2013,Ridge,added_model_vs_strongest_benchmark,-0.011999999999999993,1.0
M2_Macro_Oil_vs_M3_Macro_Oil_RegQuality__normalized__Oil_Rent_Intensive_Pre2016_ge1pct,Regulatory_Quality_lag1,normalized,Oil_Rent_Intensive_Pre2016_ge1pct,Future_Period,train_to_2012__test_from_2013,Ridge,added_model_vs_strongest_benchmark,-0.011499999999999993,1.0
M2_Macro_Oil_vs_M3_Macro_Oil_RegQuality__normalized__Oil_Rent_Intensive_Pre2016_ge1pct,Regulatory_Quality_lag1,normalized,Oil_Rent_Intensive_Pre2016_ge1pct,Future_Period,train_to_2012__test_from_2013,Ridge,added_model_vs_strongest_benchmark,-0.010999999999999992,1.0
M2_Macro_Oil_vs_M3_Macro_Oil_RegQuality__normalized__Oil_Rent_Intensive_Pre2016_ge1pct,Regulatory_Quality_lag1,normalized,Oil_Rent_Intensive_Pre2016_ge1pct,Future_Period,train_to_2012__test_from_2013,Ridge,added_model_vs_strongest_benchmark,-0.010499999999999992,1.0
M2_Macro_Oil_vs_M3_Macro_Oil_RegQuality__normalized__Oil_Rent_Intensive_Pre2016_ge1pct,Regulatory_Quality_lag1,normalized,Oil_Rent_Intensive_Pre2016_ge1pct,Future_Period,train_to_2012__test_from_2013,Ridge,added_model_vs_strongest_benchmark,-0.009999999999999992,1.0
M2_Macro_Oil_vs_M3_Macro_Oil_RegQuality__normalized__Oil_Rent_Intensive_Pre2016_ge1pct,Regulatory_Quality_lag1,normalized,Oil_Rent_Intensive_Pre2016_ge1pct,Future_Period,train_to_2012__test_from_2013,Ridge,added_model_vs_strongest_benchmark,-0.009499999999999991,1.0
M2_Macro_Oil_vs_M3_Macro_Oil_RegQuality__normalized__Oil_Rent_Intensive_Pre2016_ge1pct,Regulatory_Quality_lag1,normalized,Oil_Rent_Intensive_Pre2016_ge1pct,Future_Period,train_to_2012__test_from_2013,Ridge,added_model_vs_strongest_benchmark,-0.00899999999999999,1.0
M2_Macro_Oil_vs_M3_Macro_Oil_RegQuality__normalized__Oil_Rent_Intensive_Pre2016_ge1pct,Regulatory_Quality_lag1,normalized,Oil_Rent_Intensive_Pre2016_ge1pct,Future_Period,train_to_2012__test_from_2013,Ridge,added_model_vs_strongest_benchmark,-0.00849999999999999,1.0
M2_Macro_Oil_vs_M3_Macro_Oil_RegQuality__normalized__Oil_Rent_Intensive_Pre2016_ge1pct,Regulatory_Quality_lag1,normalized,Oil_Rent_Intensive_Pre2016_ge1pct,Future_Period,train_to_2012__test_from_2013,Ridge,added_model_vs_strongest_benchmark,-0.00799999999999999,1.0
M2_Macro_Oil_vs_M3_Macro_Oil_RegQuality__normalized__Oil_Rent_Intensive_Pre2016_ge1pct,Regulatory_Quality_lag1,normalized,Oil_Rent_Intensive_Pre2016_ge1pct,Future_Period,train_to_2012__test_from_2013,Ridge,added_model_vs_strongest_benchmark,-0.007499999999999989,1.0
M2_Macro_Oil_vs_M3_Macro_Oil_RegQuality__normalized__Oil_Rent_Intensive_Pre2016_ge1pct,Regulatory_Quality_lag1,normalized,Oil_Rent_Intensive_Pre2016_ge1pct,Future_Period,train_to_2012__test_from_2013,Ridge,added_model_vs_strongest_benchmark,-0.006999999999999989,1.0
M2_Macro_Oil_vs_M3_Macro_Oil_RegQuality__normalized__Oil_Rent_Intensive_Pre2016_ge1pct,Regulatory_Quality_lag1,normalized,Oil_Rent_Intensive_Pre2016_ge1pct,Future_Period,train_to_2012__test_from_2013,Ridge,added_model_vs_strongest_benchmark,-0.006499999999999988,1.0
M2_Macro_Oil_vs_M3_Macro_Oil_RegQuality__normalized__Oil_Rent_Intensive_Pre2016_ge1pct,Regulatory_Quality_lag1,normalized,Oil_Rent_Intensive_Pre2016_ge1pct,Future_Period,train_to_2012__test_from_2013,Ridge,added_model_vs_strongest_benchmark,-0.005999999999999988,1.0
M2_Macro_Oil_vs_M3_Macro_Oil_RegQuality__normalized__Oil_Rent_Intensive_Pre2016_ge1pct,Regulatory_Quality_lag1,normalized,Oil_Rent_Intensive_Pre2016_ge1pct,Future_Period,train_to_2012__test_from_2013,Ridge,added_model_vs_strongest_benchmark,-0.0054999999999999875,1.0
M2_Macro_Oil_vs_M3_Macro_Oil_RegQuality__normalized__Oil_Rent_Intensive_Pre2016_ge1pct,Regulatory_Quality_lag1,normalized,Oil_Rent_Intensive_Pre2016_ge1pct,Future_Period,train_to_2012__test_from_2013,Ridge,added_model_vs_strongest_benchmark,-0.004999999999999987,1.0
M2_Macro_Oil_vs_M3_Macro_Oil_RegQuality__normalized__Oil_Rent_Intensive_Pre2016_ge1pct,Regulatory_Quality_lag1,normalized,Oil_Rent_Intensive_Pre2016_ge1pct,Future_Period,train_to_2012__test_from_2013,Ridge,added_model_vs_strongest_benchmark,-0.004499999999999987,1.0
M2_Macro_Oil_vs_M3_Macro_Oil_RegQuality__normalized__Oil_Rent_Intensive_Pre2016_ge1pct,Regulatory_Quality_lag1,normalized,Oil_Rent_Intensive_Pre2016_ge1pct,Future_Period,train_to_2012__test_from_2013,Ridge,added_model_vs_strongest_benchmark,-0.003999999999999986,1.0
M2_Macro_Oil_vs_M3_Macro_Oil_RegQuality__normalized__Oil_Rent_Intensive_Pre2016_ge1pct,Regulatory_Quality_lag1,normalized,Oil_Rent_Intensive_Pre2016_ge1pct,Future_Period,train_to_2012__test_from_2013,Ridge,added_model_vs_strongest_benchmark,-0.0034999999999999858,1.0
M2_Macro_Oil_vs_M3_Macro_Oil_RegQuality__normalized__Oil_Rent_Intensive_Pre2016_ge1pct,Regulatory_Quality_lag1,normalized,Oil_Rent_Intensive_Pre2016_ge1pct,Future_Period,train_to_2012__test_from_2013,Ridge,added_model_vs_strongest_benchmark,-0.0029999999999999853,1.0
M2_Macro_Oil_vs_M3_Macro_Oil_RegQuality__normalized__Oil_Rent_Intensive_Pre2016_ge1pct,Regulatory_Quality_lag1,normalized,Oil_Rent_Intensive_Pre2016_ge1pct,Future_Period,train_to_2012__test_from_2013,Ridge,added_model_vs_strongest_benchmark,-0.002499999999999985,1.0
M2_Macro_Oil_vs_M3_Macro_Oil_RegQuality__normalized__Oil_Rent_Intensive_Pre2016_ge1pct,Regulatory_Quality_lag1,normalized,Oil_Rent_Intensive_Pre2016_ge1pct,Future_Period,train_to_2012__test_from_2013,Ridge,added_model_vs_strongest_benchmark,-0.0019999999999999844,1.0
M2_Macro_Oil_vs_M3_Macro_Oil_RegQuality__normalized__Oil_Rent_Intensive_Pre2016_ge1pct,Regulatory_Quality_lag1,normalized,Oil_Rent_Intensive_Pre2016_ge1pct,Future_Period,train_to_2012__test_from_2013,Ridge,added_model_vs_strongest_benchmark,-0.001499999999999984,1.0
M2_Macro_Oil_vs_M3_Macro_Oil_RegQuality__normalized__Oil_Rent_Intensive_Pre2016_ge1pct,Regulatory_Quality_lag1,normalized,Oil_Rent_Intensive_Pre2016_ge1pct,Future_Period,train_to_2012__test_from_2013,Ridge,added_model_vs_strongest_benchmark,-0.0009999999999999835,1.0
M2_Macro_Oil_vs_M3_Macro_Oil_RegQuality__normalized__Oil_Rent_Intensive_Pre2016_ge1pct,Regulatory_Quality_lag1,normalized,Oil_Rent_Intensive_Pre2016_ge1pct,Future_Period,train_to_2012__test_from_2013,Ridge,added_model_vs_strongest_benchmark,-0.0004999999999999831,1.0
M2_Macro_Oil_vs_M3_Macro_Oil_RegQuality__normalized__Oil_Rent_Intensive_Pre2016_ge1pct,Regulatory_Quality_lag1,normalized,Oil_Rent_Intensive_Pre2016_ge1pct,Future_Period,train_to_2012__test_from_2013,Ridge,added_model_vs_strongest_benchmark,1.734723475976807e-17,1.0
M2_Macro_Oil_vs_M3_Macro_Oil_RegQuality__normalized__Oil_Rent_Intensive_Pre2016_ge1pct,Regulatory_Quality_lag1,normalized,Oil_Rent_Intensive_Pre2016_ge1pct,Future_Period,train_to_2012__test_from_2013,Ridge,added_model_vs_strongest_benchmark,0.0005000000000000178,1.0
M2_Macro_Oil_vs_M3_Macro_Oil_RegQuality__normalized__Oil_Rent_Intensive_Pre2016_ge1pct,Regulatory_Quality_lag1,normalized,Oil_Rent_Intensive_Pre2016_ge1pct,Future_Period,train_to_2012__test_from_2013,Ridge,added_model_vs_strongest_benchmark,0.0010000000000000182,1.0
M2_Macro_Oil_vs_M3_Macro_Oil_RegQuality__normalized__Oil_Rent_Intensive_Pre2016_ge1pct,Regulatory_Quality_lag1,normalized,Oil_Rent_Intensive_Pre2016_ge1pct,Future_Period,train_to_2012__test_from_2013,Ridge,added_model_vs_strongest_benchmark,0.0015000000000000187,1.0
M2_Macro_Oil_vs_M3_Macro_Oil_RegQuality__normalized__Oil_Rent_Intensive_Pre2016_ge1pct,Regulatory_Quality_lag1,normalized,Oil_Rent_Intensive_Pre2016_ge1pct,Future_Period,train_to_2012__test_from_2013,Ridge,added_model_vs_strongest_benchmark,0.002000000000000019,1.0
M2_Macro_Oil_vs_M3_Macro_Oil_RegQuality__normalized__Oil_Rent_Intensive_Pre2016_ge1pct,Regulatory_Quality_lag1,normalized,Oil_Rent_Intensive_Pre2016_ge1pct,Future_Period,train_to_2012__test_from_2013,Ridge,added_model_vs_strongest_benchmark,0.0025000000000000196,1.0
M2_Macro_Oil_vs_M3_Macro_Oil_RegQuality__normalized__Oil_Rent_Intensive_Pre2016_ge1pct,Regulatory_Quality_lag1,normalized,Oil_Rent_Intensive_Pre2016_ge1pct,Future_Period,train_to_2012__test_from_2013,Ridge,added_model_vs_strongest_benchmark,0.00300000000000002,1.0
M2_Macro_Oil_vs_M3_Macro_Oil_RegQuality__normalized__Oil_Rent_Intensive_Pre2016_ge1pct,Regulatory_Quality_lag1,normalized,Oil_Rent_Intensive_Pre2016_ge1pct,Future_Period,train_to_2012__test_from_2013,Ridge,added_model_vs_strongest_benchmark,0.0035000000000000205,1.0
M2_Macro_Oil_vs_M3_Macro_Oil_RegQuality__normalized__Oil_Rent_Intensive_Pre2016_ge1pct,Regulatory_Quality_lag1,normalized,Oil_Rent_Intensive_Pre2016_ge1pct,Future_Period,train_to_2012__test_from_2013,Ridge,added_model_vs_strongest_benchmark,0.004000000000000021,1.0
M2_Macro_Oil_vs_M3_Macro_Oil_RegQuality__normalized__Oil_Rent_Intensive_Pre2016_ge1pct,Regulatory_Quality_lag1,normalized,Oil_Rent_Intensive_Pre2016_ge1pct,Future_Period,train_to_2012__test_from_2013,Ridge,added_model_vs_strongest_benchmark,0.004500000000000021,1.0
M2_Macro_Oil_vs_M3_Macro_Oil_RegQuality__normalized__Oil_Rent_Intensive_Pre2016_ge1pct,Regulatory_Quality_lag1,normalized,Oil_Rent_Intensive_Pre2016_ge1pct,Future_Period,train_to_2012__test_from_2013,Ridge,added_model_vs_strongest_benchmark,0.005000000000000022,1.0
M2_Macro_Oil_vs_M3_Macro_Oil_RegQuality__normalized__Oil_Rent_Intensive_Pre2016_ge1pct,Regulatory_Quality_lag1,normalized,Oil_Rent_Intensive_Pre2016_ge1pct,Future_Period,train_to_2012__test_from_2013,Ridge,added_model_vs_strongest_benchmark,0.005500000000000022,1.0
M2_Macro_Oil_vs_M3_Macro_Oil_RegQuality__normalized__Oil_Rent_Intensive_Pre2016_ge1pct,Regulatory_Quality_lag1,normalized,Oil_Rent_Intensive_Pre2016_ge1pct,Future_Period,train_to_2012__test_from_2013,Ridge,added_model_vs_strongest_benchmark,0.006000000000000023,1.0
M2_Macro_Oil_vs_M3_Macro_Oil_RegQuality__normalized__Oil_Rent_Intensive_Pre2016_ge1pct,Regulatory_Quality_lag1,normalized,Oil_Rent_Intensive_Pre2016_ge1pct,Future_Period,train_to_2012__test_from_2013,Ridge,added_model_vs_strongest_benchmark,0.006500000000000023,1.0
M2_Macro_Oil_vs_M3_Macro_Oil_RegQuality__normalized__Oil_Rent_Intensive_Pre2016_ge1pct,Regulatory_Quality_lag1,normalized,Oil_Rent_Intensive_Pre2016_ge1pct,Future_Period,train_to_2012__test_from_2013,Ridge,added_model_vs_strongest_benchmark,0.0070000000000000236,1.0
M2_Macro_Oil_vs_M3_Macro_Oil_RegQuality__normalized__Oil_Rent_Intensive_Pre2016_ge1pct,Regulatory_Quality_lag1,normalized,Oil_Rent_Intensive_Pre2016_ge1pct,Future_Period,train_to_2012__test_from_2013,Ridge,added_model_vs_strongest_benchmark,0.007500000000000024,1.0
M2_Macro_Oil_vs_M3_Macro_Oil_RegQuality__normalized__Oil_Rent_Intensive_Pre2016_ge1pct,Regulatory_Quality_lag1,normalized,Oil_Rent_Intensive_Pre2016_ge1pct,Future_Period,train_to_2012__test_from_2013,Ridge,added_model_vs_strongest_benchmark,0.008000000000000024,1.0
M2_Macro_Oil_vs_M3_Macro_Oil_RegQuality__normalized__Oil_Rent_Intensive_Pre2016_ge1pct,Regulatory_Quality_lag1,normalized,Oil_Rent_Intensive_Pre2016_ge1pct,Future_Period,train_to_2012__test_from_2013,Ridge,added_model_vs_strongest_benchmark,0.008500000000000025,1.0
M2_Macro_Oil_vs_M3_Macro_Oil_RegQuality__normalized__Oil_Rent_Intensive_Pre2016_ge1pct,Regulatory_Quality_lag1,normalized,Oil_Rent_Intensive_Pre2016_ge1pct,Future_Period,train_to_2012__test_from_2013,Ridge,added_model_vs_strongest_benchmark,0.009000000000000025,1.0
M2_Macro_Oil_vs_M3_Macro_Oil_RegQuality__normalized__Oil_Rent_Intensive_Pre2016_ge1pct,Regulatory_Quality_lag1,normalized,Oil_Rent_Intensive_Pre2016_ge1pct,Future_Period,train_to_2012__test_from_2013,Ridge,added_model_vs_strongest_benchmark,0.009500000000000026,1.0
M2_Macro_Oil_vs_M3_Macro_Oil_RegQuality__normalized__Oil_Rent_Intensive_Pre2016_ge1pct,Regulatory_Quality_lag1,normalized,Oil_Rent_Intensive_Pre2016_ge1pct,Future_Period,train_to_2012__test_from_2013,Ridge,added_model_vs_strongest_benchmark,0.010000000000000026,1.0
M2_Macro_Oil_vs_M3_Macro_Oil_RegQuality__normalized__Oil_Rent_Intensive_Pre2016_ge1pct,Regulatory_Quality_lag1,normalized,Oil_Rent_Intensive_Pre2016_ge1pct,Future_Period,train_to_2012__test_from_2013,Ridge,added_model_vs_strongest_benchmark,0.010500000000000027,1.0
M2_Macro_Oil_vs_M3_Macro_Oil_RegQuality__normalized__Oil_Rent_Intensive_Pre2016_ge1pct,Regulatory_Quality_lag1,normalized,Oil_Rent_Intensive_Pre2016_ge1pct,Future_Period,train_to_2012__test_from_2013,Ridge,added_model_vs_strongest_benchmark,0.011000000000000027,1.0
M2_Macro_Oil_vs_M3_Macro_Oil_RegQuality__normalized__Oil_Rent_Intensive_Pre2016_ge1pct,Regulatory_Quality_lag1,normalized,Oil_Rent_Intensive_Pre2016_ge1pct,Future_Period,train_to_2012__test_from_2013,Ridge,added_model_vs_strongest_benchmark,0.011500000000000028,1.0
M2_Macro_Oil_vs_M3_Macro_Oil_RegQuality__normalized__Oil_Rent_Intensive_Pre2016_ge1pct,Regulatory_Quality_lag1,normalized,Oil_Rent_Intensive_Pre2016_ge1pct,Future_Period,train_to_2012__test_from_2013,Ridge,added_model_vs_strongest_benchmark,0.012000000000000028,1.0
M2_Macro_Oil_vs_M3_Macro_Oil_RegQuality__normalized__Oil_Rent_Intensive_Pre2016_ge1pct,Regulatory_Quality_lag1,normalized,Oil_Rent_Intensive_Pre2016_ge1pct,Future_Period,train_to_2012__test_from_2013,Ridge,added_model_vs_strongest_benchmark,0.012500000000000028,1.0
M2_Macro_Oil_vs_M3_Macro_Oil_RegQuality__normalized__Oil_Rent_Intensive_Pre2016_ge1pct,Regulatory_Quality_lag1,normalized,Oil_Rent_Intensive_Pre2016_ge1pct,Future_Period,train_to_2012__test_from_2013,Ridge,added_model_vs_strongest_benchmark,0.013000000000000029,1.0
M2_Macro_Oil_vs_M3_Macro_Oil_RegQuality__normalized__Oil_Rent_Intensive_Pre2016_ge1pct,Regulatory_Quality_lag1,normalized,Oil_Rent_Intensive_Pre2016_ge1pct,Future_Period,train_to_2012__test_from_2013,Ridge,added_model_vs_strongest_benchmark,0.01350000000000003,1.0
M2_Macro_Oil_vs_M3_Macro_Oil_RegQuality__normalized__Oil_Rent_Intensive_Pre2016_ge1pct,Regulatory_Quality_lag1,normalized,Oil_Rent_Intensive_Pre2016_ge1pct,Future_Period,train_to_2012__test_from_2013,Ridge,added_model_vs_strongest_benchmark,0.01400000000000003,1.0
M2_Macro_Oil_vs_M3_Macro_Oil_RegQuality__normalized__Oil_Rent_Intensive_Pre2016_ge1pct,Regulatory_Quality_lag1,normalized,Oil_Rent_Intensive_Pre2016_ge1pct,Future_Period,train_to_2012__test_from_2013,Ridge,added_model_vs_strongest_benchmark,0.01450000000000003,1.0
M2_Macro_Oil_vs_M3_Macro_Oil_RegQuality__normalized__Oil_Rent_Intensive_Pre2016_ge1pct,Regulatory_Quality_lag1,normalized,Oil_Rent_Intensive_Pre2016_ge1pct,Future_Period,train_to_2012__test_from_2013,Ridge,added_model_vs_strongest_benchmark,0.01500000000000003,1.0
M2_Macro_Oil_vs_M3_Macro_Oil_RegQuality__normalized__Oil_Rent_Intensive_Pre2016_ge1pct,Regulatory_Quality_lag1,normalized,Oil_Rent_Intensive_Pre2016_ge1pct,Future_Period,train_to_2012__test_from_2013,Ridge,added_model_vs_strongest_benchmark,0.015500000000000031,1.0
M2_Macro_Oil_vs_M3_Macro_Oil_RegQuality__normalized__Oil_Rent_Intensive_Pre2016_ge1pct,Regulatory_Quality_lag1,normalized,Oil_Rent_Intensive_Pre2016_ge1pct,Future_Period,train_to_2012__test_from_2013,Ridge,added_model_vs_strongest_benchmark,0.01600000000000003,1.0
M2_Macro_Oil_vs_M3_Macro_Oil_RegQuality__normalized__Oil_Rent_Intensive_Pre2016_ge1pct,Regulatory_Quality_lag1,normalized,Oil_Rent_Intensive_Pre2016_ge1pct,Future_Period,train_to_2012__test_from_2013,Ridge,added_model_vs_strongest_benchmark,0.016500000000000032,1.0
M2_Macro_Oil_vs_M3_Macro_Oil_RegQuality__normalized__Oil_Rent_Intensive_Pre2016_ge1pct,Regulatory_Quality_lag1,normalized,Oil_Rent_Intensive_Pre2016_ge1pct,Future_Period,train_to_2012__test_from_2013,Ridge,added_model_vs_strongest_benchmark,0.017000000000000032,1.0
M2_Macro_Oil_vs_M3_Macro_Oil_RegQuality__normalized__Oil_Rent_Intensive_Pre2016_ge1pct,Regulatory_Quality_lag1,normalized,Oil_Rent_Intensive_Pre2016_ge1pct,Future_Period,train_to_2012__test_from_2013,Ridge,added_model_vs_strongest_benchmark,0.017500000000000033,1.0
M2_Macro_Oil_vs_M3_Macro_Oil_RegQuality__normalized__Oil_Rent_Intensive_Pre2016_ge1pct,Regulatory_Quality_lag1,normalized,Oil_Rent_Intensive_Pre2016_ge1pct,Future_Period,train_to_2012__test_from_2013,Ridge,added_model_vs_strongest_benchmark,0.018000000000000033,1.0
M2_Macro_Oil_vs_M3_Macro_Oil_RegQuality__normalized__Oil_Rent_Intensive_Pre2016_ge1pct,Regulatory_Quality_lag1,normalized,Oil_Rent_Intensive_Pre2016_ge1pct,Future_Period,train_to_2012__test_from_2013,Ridge,added_model_vs_strongest_benchmark,0.018500000000000034,1.0
M2_Macro_Oil_vs_M3_Macro_Oil_RegQuality__normalized__Oil_Rent_Intensive_Pre2016_ge1pct,Regulatory_Quality_lag1,normalized,Oil_Rent_Intensive_Pre2016_ge1pct,Future_Period,train_to_2012__test_from_2013,Ridge,added_model_vs_strongest_benchmark,0.019000000000000034,1.0
M2_Macro_Oil_vs_M3_Macro_Oil_RegQuality__normalized__Oil_Rent_Intensive_Pre2016_ge1pct,Regulatory_Quality_lag1,normalized,Oil_Rent_Intensive_Pre2016_ge1pct,Future_Period,train_to_2012__test_from_2013,Ridge,added_model_vs_strongest_benchmark,0.019500000000000035,1.0
M2_Macro_Oil_vs_M3_Macro_Oil_RegQuality__normalized__Oil_Rent_Intensive_Pre2016_ge1pct,Regulatory_Quality_lag1,normalized,Oil_Rent_Intensive_Pre2016_ge1pct,Future_Period,train_to_2012__test_from_2013,Ridge,added_model_vs_strongest_benchmark,0.020000000000000035,1.0
M2_Macro_Oil_vs_M3_Macro_Oil_RegQuality__normalized__Oil_Rent_Intensive_Pre2016_ge1pct,Regulatory_Quality_lag1,normalized,Oil_Rent_Intensive_Pre2016_ge1pct,Future_Period,train_to_2012__test_from_2013,Ridge,added_model_vs_strongest_benchmark,0.020500000000000036,1.0
M2_Macro_Oil_vs_M3_Macro_Oil_RegQuality__normalized__Oil_Rent_Intensive_Pre2016_ge1pct,Regulatory_Quality_lag1,normalized,Oil_Rent_Intensive_Pre2016_ge1pct,Future_Period,train_to_2012__test_from_2013,Ridge,added_model_vs_strongest_benchmark,0.021000000000000036,1.0
M2_Macro_Oil_vs_M3_Macro_Oil_RegQuality__normalized__Oil_Rent_Intensive_Pre2016_ge1pct,Regulatory_Quality_lag1,normalized,Oil_Rent_Intensive_Pre2016_ge1pct,Future_Period,train_to_2012__test_from_2013,Ridge,added_model_vs_strongest_benchmark,0.021500000000000036,1.0
M2_Macro_Oil_vs_M3_Macro_Oil_RegQuality__normalized__Oil_Rent_Intensive_Pre2016_ge1pct,Regulatory_Quality_lag1,normalized,Oil_Rent_Intensive_Pre2016_ge1pct,Future_Period,train_to_2012__test_from_2013,Ridge,added_model_vs_strongest_benchmark,0.022000000000000037,1.0
M2_Macro_Oil_vs_M3_Macro_Oil_RegQuality__normalized__Oil_Rent_Intensive_Pre2016_ge1pct,Regulatory_Quality_lag1,normalized,Oil_Rent_Intensive_Pre2016_ge1pct,Future_Period,train_to_2012__test_from_2013,Ridge,added_model_vs_strongest_benchmark,0.022500000000000037,1.0
M2_Macro_Oil_vs_M3_Macro_Oil_RegQuality__normalized__Oil_Rent_Intensive_Pre2016_ge1pct,Regulatory_Quality_lag1,normalized,Oil_Rent_Intensive_Pre2016_ge1pct,Future_Period,train_to_2012__test_from_2013,Ridge,added_model_vs_strongest_benchmark,0.023000000000000038,1.0
M2_Macro_Oil_vs_M3_Macro_Oil_RegQuality__normalized__Oil_Rent_Intensive_Pre2016_ge1pct,Regulatory_Quality_lag1,normalized,Oil_Rent_Intensive_Pre2016_ge1pct,Future_Period,train_to_2012__test_from_2013,Ridge,added_model_vs_strongest_benchmark,0.023500000000000038,1.0
M2_Macro_Oil_vs_M3_Macro_Oil_RegQuality__normalized__Oil_Rent_Intensive_Pre2016_ge1pct,Regulatory_Quality_lag1,normalized,Oil_Rent_Intensive_Pre2016_ge1pct,Future_Period,train_to_2012__test_from_2013,Ridge,added_model_vs_strongest_benchmark,0.02400000000000004,1.0
M2_Macro_Oil_vs_M3_Macro_Oil_RegQuality__normalized__Oil_Rent_Intensive_Pre2016_ge1pct,Regulatory_Quality_lag1,normalized,Oil_Rent_Intensive_Pre2016_ge1pct,Future_Period,train_to_2012__test_from_2013,Ridge,added_model_vs_strongest_benchmark,0.02450000000000004,1.0
M2_Macro_Oil_vs_M3_Macro_Oil_RegQuality__normalized__Oil_Rent_Intensive_Pre2016_ge1pct,Regulatory_Quality_lag1,normalized,Oil_Rent_Intensive_Pre2016_ge1pct,Future_Period,train_to_2012__test_from_2013,Ridge,added_model_vs_strongest_benchmark,0.02500000000000004,1.0
M2_Macro_Oil_vs_M3_Macro_Oil_RegQuality__normalized__Oil_Rent_Intensive_Pre2016_ge1pct,Regulatory_Quality_lag1,normalized,Oil_Rent_Intensive_Pre2016_ge1pct,Future_Period,train_to_2012__test_from_2013,Ridge,added_model_vs_strongest_benchmark,0.02550000000000004,1.0
M2_Macro_Oil_vs_M3_Macro_Oil_RegQuality__normalized__Oil_Rent_Intensive_Pre2016_ge1pct,Regulatory_Quality_lag1,normalized,Oil_Rent_Intensive_Pre2016_ge1pct,Future_Period,train_to_2012__test_from_2013,Ridge,added_model_vs_strongest_benchmark,0.02600000000000004,1.0
M2_Macro_Oil_vs_M3_Macro_Oil_RegQuality__normalized__Oil_Rent_Intensive_Pre2016_ge1pct,Regulatory_Quality_lag1,normalized,Oil_Rent_Intensive_Pre2016_ge1pct,Future_Period,train_to_2012__test_from_2013,Ridge,added_model_vs_strongest_benchmark,0.02650000000000004,1.0
M2_Macro_Oil_vs_M3_Macro_Oil_RegQuality__normalized__Oil_Rent_Intensive_Pre2016_ge1pct,Regulatory_Quality_lag1,normalized,Oil_Rent_Intensive_Pre2016_ge1pct,Future_Period,train_to_2012__test_from_2013,Ridge,added_model_vs_strongest_benchmark,0.02700000000000004,1.0
M2_Macro_Oil_vs_M3_Macro_Oil_RegQuality__normalized__Oil_Rent_Intensive_Pre2016_ge1pct,Regulatory_Quality_lag1,normalized,Oil_Rent_Intensive_Pre2016_ge1pct,Future_Period,train_to_2012__test_from_2013,Ridge,added_model_vs_strongest_benchmark,0.027500000000000042,1.0
M2_Macro_Oil_vs_M3_Macro_Oil_RegQuality__normalized__Oil_Rent_Intensive_Pre2016_ge1pct,Regulatory_Quality_lag1,normalized,Oil_Rent_Intensive_Pre2016_ge1pct,Future_Period,train_to_2012__test_from_2013,Ridge,added_model_vs_strongest_benchmark,0.028000000000000042,1.0
M2_Macro_Oil_vs_M3_Macro_Oil_RegQuality__normalized__Oil_Rent_Intensive_Pre2016_ge1pct,Regulatory_Quality_lag1,normalized,Oil_Rent_Intensive_Pre2016_ge1pct,Future_Period,train_to_2012__test_from_2013,Ridge,added_model_vs_strongest_benchmark,0.028500000000000043,1.0
M2_Macro_Oil_vs_M3_Macro_Oil_RegQuality__normalized__Oil_Rent_Intensive_Pre2016_ge1pct,Regulatory_Quality_lag1,normalized,Oil_Rent_Intensive_Pre2016_ge1pct,Future_Period,train_to_2012__test_from_2013,Ridge,added_model_vs_strongest_benchmark,0.029000000000000043,1.0
M2_Macro_Oil_vs_M3_Macro_Oil_RegQuality__normalized__Oil_Rent_Intensive_Pre2016_ge1pct,Regulatory_Quality_lag1,normalized,Oil_Rent_Intensive_Pre2016_ge1pct,Future_Period,train_to_2012__test_from_2013,Ridge,added_model_vs_strongest_benchmark,0.029500000000000044,1.0
M2_Macro_Oil_vs_M3_Macro_Oil_RegQuality__normalized__Oil_Rent_Intensive_Pre2016_ge1pct,Regulatory_Quality_lag1,normalized,Oil_Rent_Intensive_Pre2016_ge1pct,Future_Period,train_to_2012__test_from_2013,Ridge,added_model_vs_strongest_benchmark,0.030000000000000044,1.0
M2_Macro_Oil_vs_M3_Macro_Oil_RegQuality__normalized__Oil_Rent_Intensive_Pre2016_ge1pct,Regulatory_Quality_lag1,normalized,Oil_Rent_Intensive_Pre2016_ge1pct,Future_Period,train_to_2012__test_from_2013,ElasticNet,signal_increment,-0.02,1.0
M2_Macro_Oil_vs_M3_Macro_Oil_RegQuality__normalized__Oil_Rent_Intensive_Pre2016_ge1pct,Regulatory_Quality_lag1,normalized,Oil_Rent_Intensive_Pre2016_ge1pct,Future_Period,train_to_2012__test_from_2013,ElasticNet,signal_increment,-0.0195,1.0
M2_Macro_Oil_vs_M3_Macro_Oil_RegQuality__normalized__Oil_Rent_Intensive_Pre2016_ge1pct,Regulatory_Quality_lag1,normalized,Oil_Rent_Intensive_Pre2016_ge1pct,Future_Period,train_to_2012__test_from_2013,ElasticNet,signal_increment,-0.019,1.0
M2_Macro_Oil_vs_M3_Macro_Oil_RegQuality__normalized__Oil_Rent_Intensive_Pre2016_ge1pct,Regulatory_Quality_lag1,normalized,Oil_Rent_Intensive_Pre2016_ge1pct,Future_Period,train_to_2012__test_from_2013,ElasticNet,signal_increment,-0.0185,1.0
M2_Macro_Oil_vs_M3_Macro_Oil_RegQuality__normalized__Oil_Rent_Intensive_Pre2016_ge1pct,Regulatory_Quality_lag1,normalized,Oil_Rent_Intensive_Pre2016_ge1pct,Future_Period,train_to_2012__test_from_2013,ElasticNet,signal_increment,-0.018,1.0
M2_Macro_Oil_vs_M3_Macro_Oil_RegQuality__normalized__Oil_Rent_Intensive_Pre2016_ge1pct,Regulatory_Quality_lag1,normalized,Oil_Rent_Intensive_Pre2016_ge1pct,Future_Period,train_to_2012__test_from_2013,ElasticNet,signal_increment,-0.017499999999999998,1.0
M2_Macro_Oil_vs_M3_Macro_Oil_RegQuality__normalized__Oil_Rent_Intensive_Pre2016_ge1pct,Regulatory_Quality_lag1,normalized,Oil_Rent_Intensive_Pre2016_ge1pct,Future_Period,train_to_2012__test_from_2013,ElasticNet,signal_increment,-0.016999999999999998,1.0
M2_Macro_Oil_vs_M3_Macro_Oil_RegQuality__normalized__Oil_Rent_Intensive_Pre2016_ge1pct,Regulatory_Quality_lag1,normalized,Oil_Rent_Intensive_Pre2016_ge1pct,Future_Period,train_to_2012__test_from_2013,ElasticNet,signal_increment,-0.016499999999999997,1.0
M2_Macro_Oil_vs_M3_Macro_Oil_RegQuality__normalized__Oil_Rent_Intensive_Pre2016_ge1pct,Regulatory_Quality_lag1,normalized,Oil_Rent_Intensive_Pre2016_ge1pct,Future_Period,train_to_2012__test_from_2013,ElasticNet,signal_increment,-0.015999999999999997,1.0
M2_Macro_Oil_vs_M3_Macro_Oil_RegQuality__normalized__Oil_Rent_Intensive_Pre2016_ge1pct,Regulatory_Quality_lag1,normalized,Oil_Rent_Intensive_Pre2016_ge1pct,Future_Period,train_to_2012__test_from_2013,ElasticNet,signal_increment,-0.015499999999999996,1.0
M2_Macro_Oil_vs_M3_Macro_Oil_RegQuality__normalized__Oil_Rent_Intensive_Pre2016_ge1pct,Regulatory_Quality_lag1,normalized,Oil_Rent_Intensive_Pre2016_ge1pct,Future_Period,train_to_2012__test_from_2013,ElasticNet,signal_increment,-0.014999999999999996,1.0
M2_Macro_Oil_vs_M3_Macro_Oil_RegQuality__normalized__Oil_Rent_Intensive_Pre2016_ge1pct,Regulatory_Quality_lag1,normalized,Oil_Rent_Intensive_Pre2016_ge1pct,Future_Period,train_to_2012__test_from_2013,ElasticNet,signal_increment,-0.014499999999999996,1.0
M2_Macro_Oil_vs_M3_Macro_Oil_RegQuality__normalized__Oil_Rent_Intensive_Pre2016_ge1pct,Regulatory_Quality_lag1,normalized,Oil_Rent_Intensive_Pre2016_ge1pct,Future_Period,train_to_2012__test_from_2013,ElasticNet,signal_increment,-0.013999999999999995,1.0
M2_Macro_Oil_vs_M3_Macro_Oil_RegQuality__normalized__Oil_Rent_Intensive_Pre2016_ge1pct,Regulatory_Quality_lag1,normalized,Oil_Rent_Intensive_Pre2016_ge1pct,Future_Period,train_to_2012__test_from_2013,ElasticNet,signal_increment,-0.013499999999999995,1.0
M2_Macro_Oil_vs_M3_Macro_Oil_RegQuality__normalized__Oil_Rent_Intensive_Pre2016_ge1pct,Regulatory_Quality_lag1,normalized,Oil_Rent_Intensive_Pre2016_ge1pct,Future_Period,train_to_2012__test_from_2013,ElasticNet,signal_increment,-0.012999999999999994,1.0
M2_Macro_Oil_vs_M3_Macro_Oil_RegQuality__normalized__Oil_Rent_Intensive_Pre2016_ge1pct,Regulatory_Quality_lag1,normalized,Oil_Rent_Intensive_Pre2016_ge1pct,Future_Period,train_to_2012__test_from_2013,ElasticNet,signal_increment,-0.012499999999999994,1.0
M2_Macro_Oil_vs_M3_Macro_Oil_RegQuality__normalized__Oil_Rent_Intensive_Pre2016_ge1pct,Regulatory_Quality_lag1,normalized,Oil_Rent_Intensive_Pre2016_ge1pct,Future_Period,train_to_2012__test_from_2013,ElasticNet,signal_increment,-0.011999999999999993,1.0
M2_Macro_Oil_vs_M3_Macro_Oil_RegQuality__normalized__Oil_Rent_Intensive_Pre2016_ge1pct,Regulatory_Quality_lag1,normalized,Oil_Rent_Intensive_Pre2016_ge1pct,Future_Period,train_to_2012__test_from_2013,ElasticNet,signal_increment,-0.011499999999999993,1.0
M2_Macro_Oil_vs_M3_Macro_Oil_RegQuality__normalized__Oil_Rent_Intensive_Pre2016_ge1pct,Regulatory_Quality_lag1,normalized,Oil_Rent_Intensive_Pre2016_ge1pct,Future_Period,train_to_2012__test_from_2013,ElasticNet,signal_increment,-0.010999999999999992,1.0
M2_Macro_Oil_vs_M3_Macro_Oil_RegQuality__normalized__Oil_Rent_Intensive_Pre2016_ge1pct,Regulatory_Quality_lag1,normalized,Oil_Rent_Intensive_Pre2016_ge1pct,Future_Period,train_to_2012__test_from_2013,ElasticNet,signal_increment,-0.010499999999999992,1.0
M2_Macro_Oil_vs_M3_Macro_Oil_RegQuality__normalized__Oil_Rent_Intensive_Pre2016_ge1pct,Regulatory_Quality_lag1,normalized,Oil_Rent_Intensive_Pre2016_ge1pct,Future_Period,train_to_2012__test_from_2013,ElasticNet,signal_increment,-0.009999999999999992,1.0
M2_Macro_Oil_vs_M3_Macro_Oil_RegQuality__normalized__Oil_Rent_Intensive_Pre2016_ge1pct,Regulatory_Quality_lag1,normalized,Oil_Rent_Intensive_Pre2016_ge1pct,Future_Period,train_to_2012__test_from_2013,ElasticNet,signal_increment,-0.009499999999999991,1.0
M2_Macro_Oil_vs_M3_Macro_Oil_RegQuality__normalized__Oil_Rent_Intensive_Pre2016_ge1pct,Regulatory_Quality_lag1,normalized,Oil_Rent_Intensive_Pre2016_ge1pct,Future_Period,train_to_2012__test_from_2013,ElasticNet,signal_increment,-0.00899999999999999,1.0
M2_Macro_Oil_vs_M3_Macro_Oil_RegQuality__normalized__Oil_Rent_Intensive_Pre2016_ge1pct,Regulatory_Quality_lag1,normalized,Oil_Rent_Intensive_Pre2016_ge1pct,Future_Period,train_to_2012__test_from_2013,ElasticNet,signal_increment,-0.00849999999999999,1.0
M2_Macro_Oil_vs_M3_Macro_Oil_RegQuality__normalized__Oil_Rent_Intensive_Pre2016_ge1pct,Regulatory_Quality_lag1,normalized,Oil_Rent_Intensive_Pre2016_ge1pct,Future_Period,train_to_2012__test_from_2013,ElasticNet,signal_increment,-0.00799999999999999,1.0
M2_Macro_Oil_vs_M3_Macro_Oil_RegQuality__normalized__Oil_Rent_Intensive_Pre2016_ge1pct,Regulatory_Quality_lag1,normalized,Oil_Rent_Intensive_Pre2016_ge1pct,Future_Period,train_to_2012__test_from_2013,ElasticNet,signal_increment,-0.007499999999999989,1.0
M2_Macro_Oil_vs_M3_Macro_Oil_RegQuality__normalized__Oil_Rent_Intensive_Pre2016_ge1pct,Regulatory_Quality_lag1,normalized,Oil_Rent_Intensive_Pre2016_ge1pct,Future_Period,train_to_2012__test_from_2013,ElasticNet,signal_increment,-0.006999999999999989,1.0
M2_Macro_Oil_vs_M3_Macro_Oil_RegQuality__normalized__Oil_Rent_Intensive_Pre2016_ge1pct,Regulatory_Quality_lag1,normalized,Oil_Rent_Intensive_Pre2016_ge1pct,Future_Period,train_to_2012__test_from_2013,ElasticNet,signal_increment,-0.006499999999999988,1.0
M2_Macro_Oil_vs_M3_Macro_Oil_RegQuality__normalized__Oil_Rent_Intensive_Pre2016_ge1pct,Regulatory_Quality_lag1,normalized,Oil_Rent_Intensive_Pre2016_ge1pct,Future_Period,train_to_2012__test_from_2013,ElasticNet,signal_increment,-0.005999999999999988,1.0
M2_Macro_Oil_vs_M3_Macro_Oil_RegQuality__normalized__Oil_Rent_Intensive_Pre2016_ge1pct,Regulatory_Quality_lag1,normalized,Oil_Rent_Intensive_Pre2016_ge1pct,Future_Period,train_to_2012__test_from_2013,ElasticNet,signal_increment,-0.0054999999999999875,1.0
M2_Macro_Oil_vs_M3_Macro_Oil_RegQuality__normalized__Oil_Rent_Intensive_Pre2016_ge1pct,Regulatory_Quality_lag1,normalized,Oil_Rent_Intensive_Pre2016_ge1pct,Future_Period,train_to_2012__test_from_2013,ElasticNet,signal_increment,-0.004999999999999987,1.0
M2_Macro_Oil_vs_M3_Macro_Oil_RegQuality__normalized__Oil_Rent_Intensive_Pre2016_ge1pct,Regulatory_Quality_lag1,normalized,Oil_Rent_Intensive_Pre2016_ge1pct,Future_Period,train_to_2012__test_from_2013,ElasticNet,signal_increment,-0.004499999999999987,1.0
M2_Macro_Oil_vs_M3_Macro_Oil_RegQuality__normalized__Oil_Rent_Intensive_Pre2016_ge1pct,Regulatory_Quality_lag1,normalized,Oil_Rent_Intensive_Pre2016_ge1pct,Future_Period,train_to_2012__test_from_2013,ElasticNet,signal_increment,-0.003999999999999986,1.0
M2_Macro_Oil_vs_M3_Macro_Oil_RegQuality__normalized__Oil_Rent_Intensive_Pre2016_ge1pct,Regulatory_Quality_lag1,normalized,Oil_Rent_Intensive_Pre2016_ge1pct,Future_Period,train_to_2012__test_from_2013,ElasticNet,signal_increment,-0.0034999999999999858,1.0
M2_Macro_Oil_vs_M3_Macro_Oil_RegQuality__normalized__Oil_Rent_Intensive_Pre2016_ge1pct,Regulatory_Quality_lag1,normalized,Oil_Rent_Intensive_Pre2016_ge1pct,Future_Period,train_to_2012__test_from_2013,ElasticNet,signal_increment,-0.0029999999999999853,1.0
M2_Macro_Oil_vs_M3_Macro_Oil_RegQuality__normalized__Oil_Rent_Intensive_Pre2016_ge1pct,Regulatory_Quality_lag1,normalized,Oil_Rent_Intensive_Pre2016_ge1pct,Future_Period,train_to_2012__test_from_2013,ElasticNet,signal_increment,-0.002499999999999985,1.0
M2_Macro_Oil_vs_M3_Macro_Oil_RegQuality__normalized__Oil_Rent_Intensive_Pre2016_ge1pct,Regulatory_Quality_lag1,normalized,Oil_Rent_Intensive_Pre2016_ge1pct,Future_Period,train_to_2012__test_from_2013,ElasticNet,signal_increment,-0.0019999999999999844,1.0
M2_Macro_Oil_vs_M3_Macro_Oil_RegQuality__normalized__Oil_Rent_Intensive_Pre2016_ge1pct,Regulatory_Quality_lag1,normalized,Oil_Rent_Intensive_Pre2016_ge1pct,Future_Period,train_to_2012__test_from_2013,ElasticNet,signal_increment,-0.001499999999999984,1.0
M2_Macro_Oil_vs_M3_Macro_Oil_RegQuality__normalized__Oil_Rent_Intensive_Pre2016_ge1pct,Regulatory_Quality_lag1,normalized,Oil_Rent_Intensive_Pre2016_ge1pct,Future_Period,train_to_2012__test_from_2013,ElasticNet,signal_increment,-0.0009999999999999835,1.0
M2_Macro_Oil_vs_M3_Macro_Oil_RegQuality__normalized__Oil_Rent_Intensive_Pre2016_ge1pct,Regulatory_Quality_lag1,normalized,Oil_Rent_Intensive_Pre2016_ge1pct,Future_Period,train_to_2012__test_from_2013,ElasticNet,signal_increment,-0.0004999999999999831,1.0
M2_Macro_Oil_vs_M3_Macro_Oil_RegQuality__normalized__Oil_Rent_Intensive_Pre2016_ge1pct,Regulatory_Quality_lag1,normalized,Oil_Rent_Intensive_Pre2016_ge1pct,Future_Period,train_to_2012__test_from_2013,ElasticNet,signal_increment,1.734723475976807e-17,0.249
M2_Macro_Oil_vs_M3_Macro_Oil_RegQuality__normalized__Oil_Rent_Intensive_Pre2016_ge1pct,Regulatory_Quality_lag1,normalized,Oil_Rent_Intensive_Pre2016_ge1pct,Future_Period,train_to_2012__test_from_2013,ElasticNet,signal_increment,0.0005000000000000178,0.0
M2_Macro_Oil_vs_M3_Macro_Oil_RegQuality__normalized__Oil_Rent_Intensive_Pre2016_ge1pct,Regulatory_Quality_lag1,normalized,Oil_Rent_Intensive_Pre2016_ge1pct,Future_Period,train_to_2012__test_from_2013,ElasticNet,signal_increment,0.0010000000000000182,0.0
M2_Macro_Oil_vs_M3_Macro_Oil_RegQuality__normalized__Oil_Rent_Intensive_Pre2016_ge1pct,Regulatory_Quality_lag1,normalized,Oil_Rent_Intensive_Pre2016_ge1pct,Future_Period,train_to_2012__test_from_2013,ElasticNet,signal_increment,0.0015000000000000187,0.0
M2_Macro_Oil_vs_M3_Macro_Oil_RegQuality__normalized__Oil_Rent_Intensive_Pre2016_ge1pct,Regulatory_Quality_lag1,normalized,Oil_Rent_Intensive_Pre2016_ge1pct,Future_Period,train_to_2012__test_from_2013,ElasticNet,signal_increment,0.002000000000000019,0.0
M2_Macro_Oil_vs_M3_Macro_Oil_RegQuality__normalized__Oil_Rent_Intensive_Pre2016_ge1pct,Regulatory_Quality_lag1,normalized,Oil_Rent_Intensive_Pre2016_ge1pct,Future_Period,train_to_2012__test_from_2013,ElasticNet,signal_increment,0.0025000000000000196,0.0
M2_Macro_Oil_vs_M3_Macro_Oil_RegQuality__normalized__Oil_Rent_Intensive_Pre2016_ge1pct,Regulatory_Quality_lag1,normalized,Oil_Rent_Intensive_Pre2016_ge1pct,Future_Period,train_to_2012__test_from_2013,ElasticNet,signal_increment,0.00300000000000002,0.0
M2_Macro_Oil_vs_M3_Macro_Oil_RegQuality__normalized__Oil_Rent_Intensive_Pre2016_ge1pct,Regulatory_Quality_lag1,normalized,Oil_Rent_Intensive_Pre2016_ge1pct,Future_Period,train_to_2012__test_from_2013,ElasticNet,signal_increment,0.0035000000000000205,0.0
M2_Macro_Oil_vs_M3_Macro_Oil_RegQuality__normalized__Oil_Rent_Intensive_Pre2016_ge1pct,Regulatory_Quality_lag1,normalized,Oil_Rent_Intensive_Pre2016_ge1pct,Future_Period,train_to_2012__test_from_2013,ElasticNet,signal_increment,0.004000000000000021,0.0
M2_Macro_Oil_vs_M3_Macro_Oil_RegQuality__normalized__Oil_Rent_Intensive_Pre2016_ge1pct,Regulatory_Quality_lag1,normalized,Oil_Rent_Intensive_Pre2016_ge1pct,Future_Period,train_to_2012__test_from_2013,ElasticNet,signal_increment,0.004500000000000021,0.0
M2_Macro_Oil_vs_M3_Macro_Oil_RegQuality__normalized__Oil_Rent_Intensive_Pre2016_ge1pct,Regulatory_Quality_lag1,normalized,Oil_Rent_Intensive_Pre2016_ge1pct,Future_Period,train_to_2012__test_from_2013,ElasticNet,signal_increment,0.005000000000000022,0.0
M2_Macro_Oil_vs_M3_Macro_Oil_RegQuality__normalized__Oil_Rent_Intensive_Pre2016_ge1pct,Regulatory_Quality_lag1,normalized,Oil_Rent_Intensive_Pre2016_ge1pct,Future_Period,train_to_2012__test_from_2013,ElasticNet,signal_increment,0.005500000000000022,0.0
M2_Macro_Oil_vs_M3_Macro_Oil_RegQuality__normalized__Oil_Rent_Intensive_Pre2016_ge1pct,Regulatory_Quality_lag1,normalized,Oil_Rent_Intensive_Pre2016_ge1pct,Future_Period,train_to_2012__test_from_2013,ElasticNet,signal_increment,0.006000000000000023,0.0
M2_Macro_Oil_vs_M3_Macro_Oil_RegQuality__normalized__Oil_Rent_Intensive_Pre2016_ge1pct,Regulatory_Quality_lag1,normalized,Oil_Rent_Intensive_Pre2016_ge1pct,Future_Period,train_to_2012__test_from_2013,ElasticNet,signal_increment,0.006500000000000023,0.0
M2_Macro_Oil_vs_M3_Macro_Oil_RegQuality__normalized__Oil_Rent_Intensive_Pre2016_ge1pct,Regulatory_Quality_lag1,normalized,Oil_Rent_Intensive_Pre2016_ge1pct,Future_Period,train_to_2012__test_from_2013,ElasticNet,signal_increment,0.0070000000000000236,0.0
M2_Macro_Oil_vs_M3_Macro_Oil_RegQuality__normalized__Oil_Rent_Intensive_Pre2016_ge1pct,Regulatory_Quality_lag1,normalized,Oil_Rent_Intensive_Pre2016_ge1pct,Future_Period,train_to_2012__test_from_2013,ElasticNet,signal_increment,0.007500000000000024,0.0
M2_Macro_Oil_vs_M3_Macro_Oil_RegQuality__normalized__Oil_Rent_Intensive_Pre2016_ge1pct,Regulatory_Quality_lag1,normalized,Oil_Rent_Intensive_Pre2016_ge1pct,Future_Period,train_to_2012__test_from_2013,ElasticNet,signal_increment,0.008000000000000024,0.0
M2_Macro_Oil_vs_M3_Macro_Oil_RegQuality__normalized__Oil_Rent_Intensive_Pre2016_ge1pct,Regulatory_Quality_lag1,normalized,Oil_Rent_Intensive_Pre2016_ge1pct,Future_Period,train_to_2012__test_from_2013,ElasticNet,signal_increment,0.008500000000000025,0.0
M2_Macro_Oil_vs_M3_Macro_Oil_RegQuality__normalized__Oil_Rent_Intensive_Pre2016_ge1pct,Regulatory_Quality_lag1,normalized,Oil_Rent_Intensive_Pre2016_ge1pct,Future_Period,train_to_2012__test_from_2013,ElasticNet,signal_increment,0.009000000000000025,0.0
M2_Macro_Oil_vs_M3_Macro_Oil_RegQuality__normalized__Oil_Rent_Intensive_Pre2016_ge1pct,Regulatory_Quality_lag1,normalized,Oil_Rent_Intensive_Pre2016_ge1pct,Future_Period,train_to_2012__test_from_2013,ElasticNet,signal_increment,0.009500000000000026,0.0
M2_Macro_Oil_vs_M3_Macro_Oil_RegQuality__normalized__Oil_Rent_Intensive_Pre2016_ge1pct,Regulatory_Quality_lag1,normalized,Oil_Rent_Intensive_Pre2016_ge1pct,Future_Period,train_to_2012__test_from_2013,ElasticNet,signal_increment,0.010000000000000026,0.0
M2_Macro_Oil_vs_M3_Macro_Oil_RegQuality__normalized__Oil_Rent_Intensive_Pre2016_ge1pct,Regulatory_Quality_lag1,normalized,Oil_Rent_Intensive_Pre2016_ge1pct,Future_Period,train_to_2012__test_from_2013,ElasticNet,signal_increment,0.010500000000000027,0.0
M2_Macro_Oil_vs_M3_Macro_Oil_RegQuality__normalized__Oil_Rent_Intensive_Pre2016_ge1pct,Regulatory_Quality_lag1,normalized,Oil_Rent_Intensive_Pre2016_ge1pct,Future_Period,train_to_2012__test_from_2013,ElasticNet,signal_increment,0.011000000000000027,0.0
M2_Macro_Oil_vs_M3_Macro_Oil_RegQuality__normalized__Oil_Rent_Intensive_Pre2016_ge1pct,Regulatory_Quality_lag1,normalized,Oil_Rent_Intensive_Pre2016_ge1pct,Future_Period,train_to_2012__test_from_2013,ElasticNet,signal_increment,0.011500000000000028,0.0
M2_Macro_Oil_vs_M3_Macro_Oil_RegQuality__normalized__Oil_Rent_Intensive_Pre2016_ge1pct,Regulatory_Quality_lag1,normalized,Oil_Rent_Intensive_Pre2016_ge1pct,Future_Period,train_to_2012__test_from_2013,ElasticNet,signal_increment,0.012000000000000028,0.0
M2_Macro_Oil_vs_M3_Macro_Oil_RegQuality__normalized__Oil_Rent_Intensive_Pre2016_ge1pct,Regulatory_Quality_lag1,normalized,Oil_Rent_Intensive_Pre2016_ge1pct,Future_Period,train_to_2012__test_from_2013,ElasticNet,signal_increment,0.012500000000000028,0.0
M2_Macro_Oil_vs_M3_Macro_Oil_RegQuality__normalized__Oil_Rent_Intensive_Pre2016_ge1pct,Regulatory_Quality_lag1,normalized,Oil_Rent_Intensive_Pre2016_ge1pct,Future_Period,train_to_2012__test_from_2013,ElasticNet,signal_increment,0.013000000000000029,0.0
M2_Macro_Oil_vs_M3_Macro_Oil_RegQuality__normalized__Oil_Rent_Intensive_Pre2016_ge1pct,Regulatory_Quality_lag1,normalized,Oil_Rent_Intensive_Pre2016_ge1pct,Future_Period,train_to_2012__test_from_2013,ElasticNet,signal_increment,0.01350000000000003,0.0
M2_Macro_Oil_vs_M3_Macro_Oil_RegQuality__normalized__Oil_Rent_Intensive_Pre2016_ge1pct,Regulatory_Quality_lag1,normalized,Oil_Rent_Intensive_Pre2016_ge1pct,Future_Period,train_to_2012__test_from_2013,ElasticNet,signal_increment,0.01400000000000003,0.0
M2_Macro_Oil_vs_M3_Macro_Oil_RegQuality__normalized__Oil_Rent_Intensive_Pre2016_ge1pct,Regulatory_Quality_lag1,normalized,Oil_Rent_Intensive_Pre2016_ge1pct,Future_Period,train_to_2012__test_from_2013,ElasticNet,signal_increment,0.01450000000000003,0.0
M2_Macro_Oil_vs_M3_Macro_Oil_RegQuality__normalized__Oil_Rent_Intensive_Pre2016_ge1pct,Regulatory_Quality_lag1,normalized,Oil_Rent_Intensive_Pre2016_ge1pct,Future_Period,train_to_2012__test_from_2013,ElasticNet,signal_increment,0.01500000000000003,0.0
M2_Macro_Oil_vs_M3_Macro_Oil_RegQuality__normalized__Oil_Rent_Intensive_Pre2016_ge1pct,Regulatory_Quality_lag1,normalized,Oil_Rent_Intensive_Pre2016_ge1pct,Future_Period,train_to_2012__test_from_2013,ElasticNet,signal_increment,0.015500000000000031,0.0
M2_Macro_Oil_vs_M3_Macro_Oil_RegQuality__normalized__Oil_Rent_Intensive_Pre2016_ge1pct,Regulatory_Quality_lag1,normalized,Oil_Rent_Intensive_Pre2016_ge1pct,Future_Period,train_to_2012__test_from_2013,ElasticNet,signal_increment,0.01600000000000003,0.0
M2_Macro_Oil_vs_M3_Macro_Oil_RegQuality__normalized__Oil_Rent_Intensive_Pre2016_ge1pct,Regulatory_Quality_lag1,normalized,Oil_Rent_Intensive_Pre2016_ge1pct,Future_Period,train_to_2012__test_from_2013,ElasticNet,signal_increment,0.016500000000000032,0.0
M2_Macro_Oil_vs_M3_Macro_Oil_RegQuality__normalized__Oil_Rent_Intensive_Pre2016_ge1pct,Regulatory_Quality_lag1,normalized,Oil_Rent_Intensive_Pre2016_ge1pct,Future_Period,train_to_2012__test_from_2013,ElasticNet,signal_increment,0.017000000000000032,0.0
M2_Macro_Oil_vs_M3_Macro_Oil_RegQuality__normalized__Oil_Rent_Intensive_Pre2016_ge1pct,Regulatory_Quality_lag1,normalized,Oil_Rent_Intensive_Pre2016_ge1pct,Future_Period,train_to_2012__test_from_2013,ElasticNet,signal_increment,0.017500000000000033,0.0
M2_Macro_Oil_vs_M3_Macro_Oil_RegQuality__normalized__Oil_Rent_Intensive_Pre2016_ge1pct,Regulatory_Quality_lag1,normalized,Oil_Rent_Intensive_Pre2016_ge1pct,Future_Period,train_to_2012__test_from_2013,ElasticNet,signal_increment,0.018000000000000033,0.0
M2_Macro_Oil_vs_M3_Macro_Oil_RegQuality__normalized__Oil_Rent_Intensive_Pre2016_ge1pct,Regulatory_Quality_lag1,normalized,Oil_Rent_Intensive_Pre2016_ge1pct,Future_Period,train_to_2012__test_from_2013,ElasticNet,signal_increment,0.018500000000000034,0.0
M2_Macro_Oil_vs_M3_Macro_Oil_RegQuality__normalized__Oil_Rent_Intensive_Pre2016_ge1pct,Regulatory_Quality_lag1,normalized,Oil_Rent_Intensive_Pre2016_ge1pct,Future_Period,train_to_2012__test_from_2013,ElasticNet,signal_increment,0.019000000000000034,0.0
M2_Macro_Oil_vs_M3_Macro_Oil_RegQuality__normalized__Oil_Rent_Intensive_Pre2016_ge1pct,Regulatory_Quality_lag1,normalized,Oil_Rent_Intensive_Pre2016_ge1pct,Future_Period,train_to_2012__test_from_2013,ElasticNet,signal_increment,0.019500000000000035,0.0
M2_Macro_Oil_vs_M3_Macro_Oil_RegQuality__normalized__Oil_Rent_Intensive_Pre2016_ge1pct,Regulatory_Quality_lag1,normalized,Oil_Rent_Intensive_Pre2016_ge1pct,Future_Period,train_to_2012__test_from_2013,ElasticNet,signal_increment,0.020000000000000035,0.0
M2_Macro_Oil_vs_M3_Macro_Oil_RegQuality__normalized__Oil_Rent_Intensive_Pre2016_ge1pct,Regulatory_Quality_lag1,normalized,Oil_Rent_Intensive_Pre2016_ge1pct,Future_Period,train_to_2012__test_from_2013,ElasticNet,signal_increment,0.020500000000000036,0.0
M2_Macro_Oil_vs_M3_Macro_Oil_RegQuality__normalized__Oil_Rent_Intensive_Pre2016_ge1pct,Regulatory_Quality_lag1,normalized,Oil_Rent_Intensive_Pre2016_ge1pct,Future_Period,train_to_2012__test_from_2013,ElasticNet,signal_increment,0.021000000000000036,0.0
M2_Macro_Oil_vs_M3_Macro_Oil_RegQuality__normalized__Oil_Rent_Intensive_Pre2016_ge1pct,Regulatory_Quality_lag1,normalized,Oil_Rent_Intensive_Pre2016_ge1pct,Future_Period,train_to_2012__test_from_2013,ElasticNet,signal_increment,0.021500000000000036,0.0
M2_Macro_Oil_vs_M3_Macro_Oil_RegQuality__normalized__Oil_Rent_Intensive_Pre2016_ge1pct,Regulatory_Quality_lag1,normalized,Oil_Rent_Intensive_Pre2016_ge1pct,Future_Period,train_to_2012__test_from_2013,ElasticNet,signal_increment,0.022000000000000037,0.0
M2_Macro_Oil_vs_M3_Macro_Oil_RegQuality__normalized__Oil_Rent_Intensive_Pre2016_ge1pct,Regulatory_Quality_lag1,normalized,Oil_Rent_Intensive_Pre2016_ge1pct,Future_Period,train_to_2012__test_from_2013,ElasticNet,signal_increment,0.022500000000000037,0.0
M2_Macro_Oil_vs_M3_Macro_Oil_RegQuality__normalized__Oil_Rent_Intensive_Pre2016_ge1pct,Regulatory_Quality_lag1,normalized,Oil_Rent_Intensive_Pre2016_ge1pct,Future_Period,train_to_2012__test_from_2013,ElasticNet,signal_increment,0.023000000000000038,0.0
M2_Macro_Oil_vs_M3_Macro_Oil_RegQuality__normalized__Oil_Rent_Intensive_Pre2016_ge1pct,Regulatory_Quality_lag1,normalized,Oil_Rent_Intensive_Pre2016_ge1pct,Future_Period,train_to_2012__test_from_2013,ElasticNet,signal_increment,0.023500000000000038,0.0
M2_Macro_Oil_vs_M3_Macro_Oil_RegQuality__normalized__Oil_Rent_Intensive_Pre2016_ge1pct,Regulatory_Quality_lag1,normalized,Oil_Rent_Intensive_Pre2016_ge1pct,Future_Period,train_to_2012__test_from_2013,ElasticNet,signal_increment,0.02400000000000004,0.0
M2_Macro_Oil_vs_M3_Macro_Oil_RegQuality__normalized__Oil_Rent_Intensive_Pre2016_ge1pct,Regulatory_Quality_lag1,normalized,Oil_Rent_Intensive_Pre2016_ge1pct,Future_Period,train_to_2012__test_from_2013,ElasticNet,signal_increment,0.02450000000000004,0.0
M2_Macro_Oil_vs_M3_Macro_Oil_RegQuality__normalized__Oil_Rent_Intensive_Pre2016_ge1pct,Regulatory_Quality_lag1,normalized,Oil_Rent_Intensive_Pre2016_ge1pct,Future_Period,train_to_2012__test_from_2013,ElasticNet,signal_increment,0.02500000000000004,0.0
M2_Macro_Oil_vs_M3_Macro_Oil_RegQuality__normalized__Oil_Rent_Intensive_Pre2016_ge1pct,Regulatory_Quality_lag1,normalized,Oil_Rent_Intensive_Pre2016_ge1pct,Future_Period,train_to_2012__test_from_2013,ElasticNet,signal_increment,0.02550000000000004,0.0
M2_Macro_Oil_vs_M3_Macro_Oil_RegQuality__normalized__Oil_Rent_Intensive_Pre2016_ge1pct,Regulatory_Quality_lag1,normalized,Oil_Rent_Intensive_Pre2016_ge1pct,Future_Period,train_to_2012__test_from_2013,ElasticNet,signal_increment,0.02600000000000004,0.0
M2_Macro_Oil_vs_M3_Macro_Oil_RegQuality__normalized__Oil_Rent_Intensive_Pre2016_ge1pct,Regulatory_Quality_lag1,normalized,Oil_Rent_Intensive_Pre2016_ge1pct,Future_Period,train_to_2012__test_from_2013,ElasticNet,signal_increment,0.02650000000000004,0.0
M2_Macro_Oil_vs_M3_Macro_Oil_RegQuality__normalized__Oil_Rent_Intensive_Pre2016_ge1pct,Regulatory_Quality_lag1,normalized,Oil_Rent_Intensive_Pre2016_ge1pct,Future_Period,train_to_2012__test_from_2013,ElasticNet,signal_increment,0.02700000000000004,0.0
M2_Macro_Oil_vs_M3_Macro_Oil_RegQuality__normalized__Oil_Rent_Intensive_Pre2016_ge1pct,Regulatory_Quality_lag1,normalized,Oil_Rent_Intensive_Pre2016_ge1pct,Future_Period,train_to_2012__test_from_2013,ElasticNet,signal_increment,0.027500000000000042,0.0
M2_Macro_Oil_vs_M3_Macro_Oil_RegQuality__normalized__Oil_Rent_Intensive_Pre2016_ge1pct,Regulatory_Quality_lag1,normalized,Oil_Rent_Intensive_Pre2016_ge1pct,Future_Period,train_to_2012__test_from_2013,ElasticNet,signal_increment,0.028000000000000042,0.0
M2_Macro_Oil_vs_M3_Macro_Oil_RegQuality__normalized__Oil_Rent_Intensive_Pre2016_ge1pct,Regulatory_Quality_lag1,normalized,Oil_Rent_Intensive_Pre2016_ge1pct,Future_Period,train_to_2012__test_from_2013,ElasticNet,signal_increment,0.028500000000000043,0.0
M2_Macro_Oil_vs_M3_Macro_Oil_RegQuality__normalized__Oil_Rent_Intensive_Pre2016_ge1pct,Regulatory_Quality_lag1,normalized,Oil_Rent_Intensive_Pre2016_ge1pct,Future_Period,train_to_2012__test_from_2013,ElasticNet,signal_increment,0.029000000000000043,0.0
M2_Macro_Oil_vs_M3_Macro_Oil_RegQuality__normalized__Oil_Rent_Intensive_Pre2016_ge1pct,Regulatory_Quality_lag1,normalized,Oil_Rent_Intensive_Pre2016_ge1pct,Future_Period,train_to_2012__test_from_2013,ElasticNet,signal_increment,0.029500000000000044,0.0
M2_Macro_Oil_vs_M3_Macro_Oil_RegQuality__normalized__Oil_Rent_Intensive_Pre2016_ge1pct,Regulatory_Quality_lag1,normalized,Oil_Rent_Intensive_Pre2016_ge1pct,Future_Period,train_to_2012__test_from_2013,ElasticNet,signal_increment,0.030000000000000044,0.0
M2_Macro_Oil_vs_M3_Macro_Oil_RegQuality__normalized__Oil_Rent_Intensive_Pre2016_ge1pct,Regulatory_Quality_lag1,normalized,Oil_Rent_Intensive_Pre2016_ge1pct,Future_Period,train_to_2012__test_from_2013,ElasticNet,added_model_vs_strongest_benchmark,-0.02,1.0
M2_Macro_Oil_vs_M3_Macro_Oil_RegQuality__normalized__Oil_Rent_Intensive_Pre2016_ge1pct,Regulatory_Quality_lag1,normalized,Oil_Rent_Intensive_Pre2016_ge1pct,Future_Period,train_to_2012__test_from_2013,ElasticNet,added_model_vs_strongest_benchmark,-0.0195,1.0
M2_Macro_Oil_vs_M3_Macro_Oil_RegQuality__normalized__Oil_Rent_Intensive_Pre2016_ge1pct,Regulatory_Quality_lag1,normalized,Oil_Rent_Intensive_Pre2016_ge1pct,Future_Period,train_to_2012__test_from_2013,ElasticNet,added_model_vs_strongest_benchmark,-0.019,1.0
M2_Macro_Oil_vs_M3_Macro_Oil_RegQuality__normalized__Oil_Rent_Intensive_Pre2016_ge1pct,Regulatory_Quality_lag1,normalized,Oil_Rent_Intensive_Pre2016_ge1pct,Future_Period,train_to_2012__test_from_2013,ElasticNet,added_model_vs_strongest_benchmark,-0.0185,1.0
M2_Macro_Oil_vs_M3_Macro_Oil_RegQuality__normalized__Oil_Rent_Intensive_Pre2016_ge1pct,Regulatory_Quality_lag1,normalized,Oil_Rent_Intensive_Pre2016_ge1pct,Future_Period,train_to_2012__test_from_2013,ElasticNet,added_model_vs_strongest_benchmark,-0.018,1.0
M2_Macro_Oil_vs_M3_Macro_Oil_RegQuality__normalized__Oil_Rent_Intensive_Pre2016_ge1pct,Regulatory_Quality_lag1,normalized,Oil_Rent_Intensive_Pre2016_ge1pct,Future_Period,train_to_2012__test_from_2013,ElasticNet,added_model_vs_strongest_benchmark,-0.017499999999999998,1.0
M2_Macro_Oil_vs_M3_Macro_Oil_RegQuality__normalized__Oil_Rent_Intensive_Pre2016_ge1pct,Regulatory_Quality_lag1,normalized,Oil_Rent_Intensive_Pre2016_ge1pct,Future_Period,train_to_2012__test_from_2013,ElasticNet,added_model_vs_strongest_benchmark,-0.016999999999999998,1.0
M2_Macro_Oil_vs_M3_Macro_Oil_RegQuality__normalized__Oil_Rent_Intensive_Pre2016_ge1pct,Regulatory_Quality_lag1,normalized,Oil_Rent_Intensive_Pre2016_ge1pct,Future_Period,train_to_2012__test_from_2013,ElasticNet,added_model_vs_strongest_benchmark,-0.016499999999999997,1.0
M2_Macro_Oil_vs_M3_Macro_Oil_RegQuality__normalized__Oil_Rent_Intensive_Pre2016_ge1pct,Regulatory_Quality_lag1,normalized,Oil_Rent_Intensive_Pre2016_ge1pct,Future_Period,train_to_2012__test_from_2013,ElasticNet,added_model_vs_strongest_benchmark,-0.015999999999999997,1.0
M2_Macro_Oil_vs_M3_Macro_Oil_RegQuality__normalized__Oil_Rent_Intensive_Pre2016_ge1pct,Regulatory_Quality_lag1,normalized,Oil_Rent_Intensive_Pre2016_ge1pct,Future_Period,train_to_2012__test_from_2013,ElasticNet,added_model_vs_strongest_benchmark,-0.015499999999999996,1.0
M2_Macro_Oil_vs_M3_Macro_Oil_RegQuality__normalized__Oil_Rent_Intensive_Pre2016_ge1pct,Regulatory_Quality_lag1,normalized,Oil_Rent_Intensive_Pre2016_ge1pct,Future_Period,train_to_2012__test_from_2013,ElasticNet,added_model_vs_strongest_benchmark,-0.014999999999999996,1.0
M2_Macro_Oil_vs_M3_Macro_Oil_RegQuality__normalized__Oil_Rent_Intensive_Pre2016_ge1pct,Regulatory_Quality_lag1,normalized,Oil_Rent_Intensive_Pre2016_ge1pct,Future_Period,train_to_2012__test_from_2013,ElasticNet,added_model_vs_strongest_benchmark,-0.014499999999999996,1.0
M2_Macro_Oil_vs_M3_Macro_Oil_RegQuality__normalized__Oil_Rent_Intensive_Pre2016_ge1pct,Regulatory_Quality_lag1,normalized,Oil_Rent_Intensive_Pre2016_ge1pct,Future_Period,train_to_2012__test_from_2013,ElasticNet,added_model_vs_strongest_benchmark,-0.013999999999999995,1.0
M2_Macro_Oil_vs_M3_Macro_Oil_RegQuality__normalized__Oil_Rent_Intensive_Pre2016_ge1pct,Regulatory_Quality_lag1,normalized,Oil_Rent_Intensive_Pre2016_ge1pct,Future_Period,train_to_2012__test_from_2013,ElasticNet,added_model_vs_strongest_benchmark,-0.013499999999999995,1.0
M2_Macro_Oil_vs_M3_Macro_Oil_RegQuality__normalized__Oil_Rent_Intensive_Pre2016_ge1pct,Regulatory_Quality_lag1,normalized,Oil_Rent_Intensive_Pre2016_ge1pct,Future_Period,train_to_2012__test_from_2013,ElasticNet,added_model_vs_strongest_benchmark,-0.012999999999999994,1.0
M2_Macro_Oil_vs_M3_Macro_Oil_RegQuality__normalized__Oil_Rent_Intensive_Pre2016_ge1pct,Regulatory_Quality_lag1,normalized,Oil_Rent_Intensive_Pre2016_ge1pct,Future_Period,train_to_2012__test_from_2013,ElasticNet,added_model_vs_strongest_benchmark,-0.012499999999999994,1.0
M2_Macro_Oil_vs_M3_Macro_Oil_RegQuality__normalized__Oil_Rent_Intensive_Pre2016_ge1pct,Regulatory_Quality_lag1,normalized,Oil_Rent_Intensive_Pre2016_ge1pct,Future_Period,train_to_2012__test_from_2013,ElasticNet,added_model_vs_strongest_benchmark,-0.011999999999999993,1.0
M2_Macro_Oil_vs_M3_Macro_Oil_RegQuality__normalized__Oil_Rent_Intensive_Pre2016_ge1pct,Regulatory_Quality_lag1,normalized,Oil_Rent_Intensive_Pre2016_ge1pct,Future_Period,train_to_2012__test_from_2013,ElasticNet,added_model_vs_strongest_benchmark,-0.011499999999999993,1.0
M2_Macro_Oil_vs_M3_Macro_Oil_RegQuality__normalized__Oil_Rent_Intensive_Pre2016_ge1pct,Regulatory_Quality_lag1,normalized,Oil_Rent_Intensive_Pre2016_ge1pct,Future_Period,train_to_2012__test_from_2013,ElasticNet,added_model_vs_strongest_benchmark,-0.010999999999999992,1.0
M2_Macro_Oil_vs_M3_Macro_Oil_RegQuality__normalized__Oil_Rent_Intensive_Pre2016_ge1pct,Regulatory_Quality_lag1,normalized,Oil_Rent_Intensive_Pre2016_ge1pct,Future_Period,train_to_2012__test_from_2013,ElasticNet,added_model_vs_strongest_benchmark,-0.010499999999999992,1.0
M2_Macro_Oil_vs_M3_Macro_Oil_RegQuality__normalized__Oil_Rent_Intensive_Pre2016_ge1pct,Regulatory_Quality_lag1,normalized,Oil_Rent_Intensive_Pre2016_ge1pct,Future_Period,train_to_2012__test_from_2013,ElasticNet,added_model_vs_strongest_benchmark,-0.009999999999999992,1.0
M2_Macro_Oil_vs_M3_Macro_Oil_RegQuality__normalized__Oil_Rent_Intensive_Pre2016_ge1pct,Regulatory_Quality_lag1,normalized,Oil_Rent_Intensive_Pre2016_ge1pct,Future_Period,train_to_2012__test_from_2013,ElasticNet,added_model_vs_strongest_benchmark,-0.009499999999999991,1.0
M2_Macro_Oil_vs_M3_Macro_Oil_RegQuality__normalized__Oil_Rent_Intensive_Pre2016_ge1pct,Regulatory_Quality_lag1,normalized,Oil_Rent_Intensive_Pre2016_ge1pct,Future_Period,train_to_2012__test_from_2013,ElasticNet,added_model_vs_strongest_benchmark,-0.00899999999999999,1.0
M2_Macro_Oil_vs_M3_Macro_Oil_RegQuality__normalized__Oil_Rent_Intensive_Pre2016_ge1pct,Regulatory_Quality_lag1,normalized,Oil_Rent_Intensive_Pre2016_ge1pct,Future_Period,train_to_2012__test_from_2013,ElasticNet,added_model_vs_strongest_benchmark,-0.00849999999999999,1.0
M2_Macro_Oil_vs_M3_Macro_Oil_RegQuality__normalized__Oil_Rent_Intensive_Pre2016_ge1pct,Regulatory_Quality_lag1,normalized,Oil_Rent_Intensive_Pre2016_ge1pct,Future_Period,train_to_2012__test_from_2013,ElasticNet,added_model_vs_strongest_benchmark,-0.00799999999999999,1.0
M2_Macro_Oil_vs_M3_Macro_Oil_RegQuality__normalized__Oil_Rent_Intensive_Pre2016_ge1pct,Regulatory_Quality_lag1,normalized,Oil_Rent_Intensive_Pre2016_ge1pct,Future_Period,train_to_2012__test_from_2013,ElasticNet,added_model_vs_strongest_benchmark,-0.007499999999999989,1.0
M2_Macro_Oil_vs_M3_Macro_Oil_RegQuality__normalized__Oil_Rent_Intensive_Pre2016_ge1pct,Regulatory_Quality_lag1,normalized,Oil_Rent_Intensive_Pre2016_ge1pct,Future_Period,train_to_2012__test_from_2013,ElasticNet,added_model_vs_strongest_benchmark,-0.006999999999999989,1.0
M2_Macro_Oil_vs_M3_Macro_Oil_RegQuality__normalized__Oil_Rent_Intensive_Pre2016_ge1pct,Regulatory_Quality_lag1,normalized,Oil_Rent_Intensive_Pre2016_ge1pct,Future_Period,train_to_2012__test_from_2013,ElasticNet,added_model_vs_strongest_benchmark,-0.006499999999999988,1.0
M2_Macro_Oil_vs_M3_Macro_Oil_RegQuality__normalized__Oil_Rent_Intensive_Pre2016_ge1pct,Regulatory_Quality_lag1,normalized,Oil_Rent_Intensive_Pre2016_ge1pct,Future_Period,train_to_2012__test_from_2013,ElasticNet,added_model_vs_strongest_benchmark,-0.005999999999999988,1.0
M2_Macro_Oil_vs_M3_Macro_Oil_RegQuality__normalized__Oil_Rent_Intensive_Pre2016_ge1pct,Regulatory_Quality_lag1,normalized,Oil_Rent_Intensive_Pre2016_ge1pct,Future_Period,train_to_2012__test_from_2013,ElasticNet,added_model_vs_strongest_benchmark,-0.0054999999999999875,1.0
M2_Macro_Oil_vs_M3_Macro_Oil_RegQuality__normalized__Oil_Rent_Intensive_Pre2016_ge1pct,Regulatory_Quality_lag1,normalized,Oil_Rent_Intensive_Pre2016_ge1pct,Future_Period,train_to_2012__test_from_2013,ElasticNet,added_model_vs_strongest_benchmark,-0.004999999999999987,1.0
M2_Macro_Oil_vs_M3_Macro_Oil_RegQuality__normalized__Oil_Rent_Intensive_Pre2016_ge1pct,Regulatory_Quality_lag1,normalized,Oil_Rent_Intensive_Pre2016_ge1pct,Future_Period,train_to_2012__test_from_2013,ElasticNet,added_model_vs_strongest_benchmark,-0.004499999999999987,1.0
M2_Macro_Oil_vs_M3_Macro_Oil_RegQuality__normalized__Oil_Rent_Intensive_Pre2016_ge1pct,Regulatory_Quality_lag1,normalized,Oil_Rent_Intensive_Pre2016_ge1pct,Future_Period,train_to_2012__test_from_2013,ElasticNet,added_model_vs_strongest_benchmark,-0.003999999999999986,1.0
M2_Macro_Oil_vs_M3_Macro_Oil_RegQuality__normalized__Oil_Rent_Intensive_Pre2016_ge1pct,Regulatory_Quality_lag1,normalized,Oil_Rent_Intensive_Pre2016_ge1pct,Future_Period,train_to_2012__test_from_2013,ElasticNet,added_model_vs_strongest_benchmark,-0.0034999999999999858,1.0
M2_Macro_Oil_vs_M3_Macro_Oil_RegQuality__normalized__Oil_Rent_Intensive_Pre2016_ge1pct,Regulatory_Quality_lag1,normalized,Oil_Rent_Intensive_Pre2016_ge1pct,Future_Period,train_to_2012__test_from_2013,ElasticNet,added_model_vs_strongest_benchmark,-0.0029999999999999853,1.0
M2_Macro_Oil_vs_M3_Macro_Oil_RegQuality__normalized__Oil_Rent_Intensive_Pre2016_ge1pct,Regulatory_Quality_lag1,normalized,Oil_Rent_Intensive_Pre2016_ge1pct,Future_Period,train_to_2012__test_from_2013,ElasticNet,added_model_vs_strongest_benchmark,-0.002499999999999985,1.0
M2_Macro_Oil_vs_M3_Macro_Oil_RegQuality__normalized__Oil_Rent_Intensive_Pre2016_ge1pct,Regulatory_Quality_lag1,normalized,Oil_Rent_Intensive_Pre2016_ge1pct,Future_Period,train_to_2012__test_from_2013,ElasticNet,added_model_vs_strongest_benchmark,-0.0019999999999999844,1.0
M2_Macro_Oil_vs_M3_Macro_Oil_RegQuality__normalized__Oil_Rent_Intensive_Pre2016_ge1pct,Regulatory_Quality_lag1,normalized,Oil_Rent_Intensive_Pre2016_ge1pct,Future_Period,train_to_2012__test_from_2013,ElasticNet,added_model_vs_strongest_benchmark,-0.001499999999999984,1.0
M2_Macro_Oil_vs_M3_Macro_Oil_RegQuality__normalized__Oil_Rent_Intensive_Pre2016_ge1pct,Regulatory_Quality_lag1,normalized,Oil_Rent_Intensive_Pre2016_ge1pct,Future_Period,train_to_2012__test_from_2013,ElasticNet,added_model_vs_strongest_benchmark,-0.0009999999999999835,1.0
M2_Macro_Oil_vs_M3_Macro_Oil_RegQuality__normalized__Oil_Rent_Intensive_Pre2016_ge1pct,Regulatory_Quality_lag1,normalized,Oil_Rent_Intensive_Pre2016_ge1pct,Future_Period,train_to_2012__test_from_2013,ElasticNet,added_model_vs_strongest_benchmark,-0.0004999999999999831,1.0
M2_Macro_Oil_vs_M3_Macro_Oil_RegQuality__normalized__Oil_Rent_Intensive_Pre2016_ge1pct,Regulatory_Quality_lag1,normalized,Oil_Rent_Intensive_Pre2016_ge1pct,Future_Period,train_to_2012__test_from_2013,ElasticNet,added_model_vs_strongest_benchmark,1.734723475976807e-17,1.0
M2_Macro_Oil_vs_M3_Macro_Oil_RegQuality__normalized__Oil_Rent_Intensive_Pre2016_ge1pct,Regulatory_Quality_lag1,normalized,Oil_Rent_Intensive_Pre2016_ge1pct,Future_Period,train_to_2012__test_from_2013,ElasticNet,added_model_vs_strongest_benchmark,0.0005000000000000178,1.0
M2_Macro_Oil_vs_M3_Macro_Oil_RegQuality__normalized__Oil_Rent_Intensive_Pre2016_ge1pct,Regulatory_Quality_lag1,normalized,Oil_Rent_Intensive_Pre2016_ge1pct,Future_Period,train_to_2012__test_from_2013,ElasticNet,added_model_vs_strongest_benchmark,0.0010000000000000182,1.0
M2_Macro_Oil_vs_M3_Macro_Oil_RegQuality__normalized__Oil_Rent_Intensive_Pre2016_ge1pct,Regulatory_Quality_lag1,normalized,Oil_Rent_Intensive_Pre2016_ge1pct,Future_Period,train_to_2012__test_from_2013,ElasticNet,added_model_vs_strongest_benchmark,0.0015000000000000187,1.0
M2_Macro_Oil_vs_M3_Macro_Oil_RegQuality__normalized__Oil_Rent_Intensive_Pre2016_ge1pct,Regulatory_Quality_lag1,normalized,Oil_Rent_Intensive_Pre2016_ge1pct,Future_Period,train_to_2012__test_from_2013,ElasticNet,added_model_vs_strongest_benchmark,0.002000000000000019,1.0
M2_Macro_Oil_vs_M3_Macro_Oil_RegQuality__normalized__Oil_Rent_Intensive_Pre2016_ge1pct,Regulatory_Quality_lag1,normalized,Oil_Rent_Intensive_Pre2016_ge1pct,Future_Period,train_to_2012__test_from_2013,ElasticNet,added_model_vs_strongest_benchmark,0.0025000000000000196,1.0
M2_Macro_Oil_vs_M3_Macro_Oil_RegQuality__normalized__Oil_Rent_Intensive_Pre2016_ge1pct,Regulatory_Quality_lag1,normalized,Oil_Rent_Intensive_Pre2016_ge1pct,Future_Period,train_to_2012__test_from_2013,ElasticNet,added_model_vs_strongest_benchmark,0.00300000000000002,1.0
M2_Macro_Oil_vs_M3_Macro_Oil_RegQuality__normalized__Oil_Rent_Intensive_Pre2016_ge1pct,Regulatory_Quality_lag1,normalized,Oil_Rent_Intensive_Pre2016_ge1pct,Future_Period,train_to_2012__test_from_2013,ElasticNet,added_model_vs_strongest_benchmark,0.0035000000000000205,1.0
M2_Macro_Oil_vs_M3_Macro_Oil_RegQuality__normalized__Oil_Rent_Intensive_Pre2016_ge1pct,Regulatory_Quality_lag1,normalized,Oil_Rent_Intensive_Pre2016_ge1pct,Future_Period,train_to_2012__test_from_2013,ElasticNet,added_model_vs_strongest_benchmark,0.004000000000000021,1.0
M2_Macro_Oil_vs_M3_Macro_Oil_RegQuality__normalized__Oil_Rent_Intensive_Pre2016_ge1pct,Regulatory_Quality_lag1,normalized,Oil_Rent_Intensive_Pre2016_ge1pct,Future_Period,train_to_2012__test_from_2013,ElasticNet,added_model_vs_strongest_benchmark,0.004500000000000021,1.0
M2_Macro_Oil_vs_M3_Macro_Oil_RegQuality__normalized__Oil_Rent_Intensive_Pre2016_ge1pct,Regulatory_Quality_lag1,normalized,Oil_Rent_Intensive_Pre2016_ge1pct,Future_Period,train_to_2012__test_from_2013,ElasticNet,added_model_vs_strongest_benchmark,0.005000000000000022,1.0
M2_Macro_Oil_vs_M3_Macro_Oil_RegQuality__normalized__Oil_Rent_Intensive_Pre2016_ge1pct,Regulatory_Quality_lag1,normalized,Oil_Rent_Intensive_Pre2016_ge1pct,Future_Period,train_to_2012__test_from_2013,ElasticNet,added_model_vs_strongest_benchmark,0.005500000000000022,1.0
M2_Macro_Oil_vs_M3_Macro_Oil_RegQuality__normalized__Oil_Rent_Intensive_Pre2016_ge1pct,Regulatory_Quality_lag1,normalized,Oil_Rent_Intensive_Pre2016_ge1pct,Future_Period,train_to_2012__test_from_2013,ElasticNet,added_model_vs_strongest_benchmark,0.006000000000000023,1.0
M2_Macro_Oil_vs_M3_Macro_Oil_RegQuality__normalized__Oil_Rent_Intensive_Pre2016_ge1pct,Regulatory_Quality_lag1,normalized,Oil_Rent_Intensive_Pre2016_ge1pct,Future_Period,train_to_2012__test_from_2013,ElasticNet,added_model_vs_strongest_benchmark,0.006500000000000023,1.0
M2_Macro_Oil_vs_M3_Macro_Oil_RegQuality__normalized__Oil_Rent_Intensive_Pre2016_ge1pct,Regulatory_Quality_lag1,normalized,Oil_Rent_Intensive_Pre2016_ge1pct,Future_Period,train_to_2012__test_from_2013,ElasticNet,added_model_vs_strongest_benchmark,0.0070000000000000236,1.0
M2_Macro_Oil_vs_M3_Macro_Oil_RegQuality__normalized__Oil_Rent_Intensive_Pre2016_ge1pct,Regulatory_Quality_lag1,normalized,Oil_Rent_Intensive_Pre2016_ge1pct,Future_Period,train_to_2012__test_from_2013,ElasticNet,added_model_vs_strongest_benchmark,0.007500000000000024,1.0
M2_Macro_Oil_vs_M3_Macro_Oil_RegQuality__normalized__Oil_Rent_Intensive_Pre2016_ge1pct,Regulatory_Quality_lag1,normalized,Oil_Rent_Intensive_Pre2016_ge1pct,Future_Period,train_to_2012__test_from_2013,ElasticNet,added_model_vs_strongest_benchmark,0.008000000000000024,1.0
M2_Macro_Oil_vs_M3_Macro_Oil_RegQuality__normalized__Oil_Rent_Intensive_Pre2016_ge1pct,Regulatory_Quality_lag1,normalized,Oil_Rent_Intensive_Pre2016_ge1pct,Future_Period,train_to_2012__test_from_2013,ElasticNet,added_model_vs_strongest_benchmark,0.008500000000000025,1.0
M2_Macro_Oil_vs_M3_Macro_Oil_RegQuality__normalized__Oil_Rent_Intensive_Pre2016_ge1pct,Regulatory_Quality_lag1,normalized,Oil_Rent_Intensive_Pre2016_ge1pct,Future_Period,train_to_2012__test_from_2013,ElasticNet,added_model_vs_strongest_benchmark,0.009000000000000025,1.0
M2_Macro_Oil_vs_M3_Macro_Oil_RegQuality__normalized__Oil_Rent_Intensive_Pre2016_ge1pct,Regulatory_Quality_lag1,normalized,Oil_Rent_Intensive_Pre2016_ge1pct,Future_Period,train_to_2012__test_from_2013,ElasticNet,added_model_vs_strongest_benchmark,0.009500000000000026,1.0
M2_Macro_Oil_vs_M3_Macro_Oil_RegQuality__normalized__Oil_Rent_Intensive_Pre2016_ge1pct,Regulatory_Quality_lag1,normalized,Oil_Rent_Intensive_Pre2016_ge1pct,Future_Period,train_to_2012__test_from_2013,ElasticNet,added_model_vs_strongest_benchmark,0.010000000000000026,1.0
M2_Macro_Oil_vs_M3_Macro_Oil_RegQuality__normalized__Oil_Rent_Intensive_Pre2016_ge1pct,Regulatory_Quality_lag1,normalized,Oil_Rent_Intensive_Pre2016_ge1pct,Future_Period,train_to_2012__test_from_2013,ElasticNet,added_model_vs_strongest_benchmark,0.010500000000000027,1.0
M2_Macro_Oil_vs_M3_Macro_Oil_RegQuality__normalized__Oil_Rent_Intensive_Pre2016_ge1pct,Regulatory_Quality_lag1,normalized,Oil_Rent_Intensive_Pre2016_ge1pct,Future_Period,train_to_2012__test_from_2013,ElasticNet,added_model_vs_strongest_benchmark,0.011000000000000027,1.0
M2_Macro_Oil_vs_M3_Macro_Oil_RegQuality__normalized__Oil_Rent_Intensive_Pre2016_ge1pct,Regulatory_Quality_lag1,normalized,Oil_Rent_Intensive_Pre2016_ge1pct,Future_Period,train_to_2012__test_from_2013,ElasticNet,added_model_vs_strongest_benchmark,0.011500000000000028,1.0
M2_Macro_Oil_vs_M3_Macro_Oil_RegQuality__normalized__Oil_Rent_Intensive_Pre2016_ge1pct,Regulatory_Quality_lag1,normalized,Oil_Rent_Intensive_Pre2016_ge1pct,Future_Period,train_to_2012__test_from_2013,ElasticNet,added_model_vs_strongest_benchmark,0.012000000000000028,1.0
M2_Macro_Oil_vs_M3_Macro_Oil_RegQuality__normalized__Oil_Rent_Intensive_Pre2016_ge1pct,Regulatory_Quality_lag1,normalized,Oil_Rent_Intensive_Pre2016_ge1pct,Future_Period,train_to_2012__test_from_2013,ElasticNet,added_model_vs_strongest_benchmark,0.012500000000000028,1.0
M2_Macro_Oil_vs_M3_Macro_Oil_RegQuality__normalized__Oil_Rent_Intensive_Pre2016_ge1pct,Regulatory_Quality_lag1,normalized,Oil_Rent_Intensive_Pre2016_ge1pct,Future_Period,train_to_2012__test_from_2013,ElasticNet,added_model_vs_strongest_benchmark,0.013000000000000029,1.0
M2_Macro_Oil_vs_M3_Macro_Oil_RegQuality__normalized__Oil_Rent_Intensive_Pre2016_ge1pct,Regulatory_Quality_lag1,normalized,Oil_Rent_Intensive_Pre2016_ge1pct,Future_Period,train_to_2012__test_from_2013,ElasticNet,added_model_vs_strongest_benchmark,0.01350000000000003,1.0
M2_Macro_Oil_vs_M3_Macro_Oil_RegQuality__normalized__Oil_Rent_Intensive_Pre2016_ge1pct,Regulatory_Quality_lag1,normalized,Oil_Rent_Intensive_Pre2016_ge1pct,Future_Period,train_to_2012__test_from_2013,ElasticNet,added_model_vs_strongest_benchmark,0.01400000000000003,1.0
M2_Macro_Oil_vs_M3_Macro_Oil_RegQuality__normalized__Oil_Rent_Intensive_Pre2016_ge1pct,Regulatory_Quality_lag1,normalized,Oil_Rent_Intensive_Pre2016_ge1pct,Future_Period,train_to_2012__test_from_2013,ElasticNet,added_model_vs_strongest_benchmark,0.01450000000000003,1.0
M2_Macro_Oil_vs_M3_Macro_Oil_RegQuality__normalized__Oil_Rent_Intensive_Pre2016_ge1pct,Regulatory_Quality_lag1,normalized,Oil_Rent_Intensive_Pre2016_ge1pct,Future_Period,train_to_2012__test_from_2013,ElasticNet,added_model_vs_strongest_benchmark,0.01500000000000003,1.0
M2_Macro_Oil_vs_M3_Macro_Oil_RegQuality__normalized__Oil_Rent_Intensive_Pre2016_ge1pct,Regulatory_Quality_lag1,normalized,Oil_Rent_Intensive_Pre2016_ge1pct,Future_Period,train_to_2012__test_from_2013,ElasticNet,added_model_vs_strongest_benchmark,0.015500000000000031,1.0
M2_Macro_Oil_vs_M3_Macro_Oil_RegQuality__normalized__Oil_Rent_Intensive_Pre2016_ge1pct,Regulatory_Quality_lag1,normalized,Oil_Rent_Intensive_Pre2016_ge1pct,Future_Period,train_to_2012__test_from_2013,ElasticNet,added_model_vs_strongest_benchmark,0.01600000000000003,1.0
M2_Macro_Oil_vs_M3_Macro_Oil_RegQuality__normalized__Oil_Rent_Intensive_Pre2016_ge1pct,Regulatory_Quality_lag1,normalized,Oil_Rent_Intensive_Pre2016_ge1pct,Future_Period,train_to_2012__test_from_2013,ElasticNet,added_model_vs_strongest_benchmark,0.016500000000000032,1.0
M2_Macro_Oil_vs_M3_Macro_Oil_RegQuality__normalized__Oil_Rent_Intensive_Pre2016_ge1pct,Regulatory_Quality_lag1,normalized,Oil_Rent_Intensive_Pre2016_ge1pct,Future_Period,train_to_2012__test_from_2013,ElasticNet,added_model_vs_strongest_benchmark,0.017000000000000032,1.0
M2_Macro_Oil_vs_M3_Macro_Oil_RegQuality__normalized__Oil_Rent_Intensive_Pre2016_ge1pct,Regulatory_Quality_lag1,normalized,Oil_Rent_Intensive_Pre2016_ge1pct,Future_Period,train_to_2012__test_from_2013,ElasticNet,added_model_vs_strongest_benchmark,0.017500000000000033,1.0
M2_Macro_Oil_vs_M3_Macro_Oil_RegQuality__normalized__Oil_Rent_Intensive_Pre2016_ge1pct,Regulatory_Quality_lag1,normalized,Oil_Rent_Intensive_Pre2016_ge1pct,Future_Period,train_to_2012__test_from_2013,ElasticNet,added_model_vs_strongest_benchmark,0.018000000000000033,1.0
M2_Macro_Oil_vs_M3_Macro_Oil_RegQuality__normalized__Oil_Rent_Intensive_Pre2016_ge1pct,Regulatory_Quality_lag1,normalized,Oil_Rent_Intensive_Pre2016_ge1pct,Future_Period,train_to_2012__test_from_2013,ElasticNet,added_model_vs_strongest_benchmark,0.018500000000000034,1.0
M2_Macro_Oil_vs_M3_Macro_Oil_RegQuality__normalized__Oil_Rent_Intensive_Pre2016_ge1pct,Regulatory_Quality_lag1,normalized,Oil_Rent_Intensive_Pre2016_ge1pct,Future_Period,train_to_2012__test_from_2013,ElasticNet,added_model_vs_strongest_benchmark,0.019000000000000034,1.0
M2_Macro_Oil_vs_M3_Macro_Oil_RegQuality__normalized__Oil_Rent_Intensive_Pre2016_ge1pct,Regulatory_Quality_lag1,normalized,Oil_Rent_Intensive_Pre2016_ge1pct,Future_Period,train_to_2012__test_from_2013,ElasticNet,added_model_vs_strongest_benchmark,0.019500000000000035,1.0
M2_Macro_Oil_vs_M3_Macro_Oil_RegQuality__normalized__Oil_Rent_Intensive_Pre2016_ge1pct,Regulatory_Quality_lag1,normalized,Oil_Rent_Intensive_Pre2016_ge1pct,Future_Period,train_to_2012__test_from_2013,ElasticNet,added_model_vs_strongest_benchmark,0.020000000000000035,1.0
M2_Macro_Oil_vs_M3_Macro_Oil_RegQuality__normalized__Oil_Rent_Intensive_Pre2016_ge1pct,Regulatory_Quality_lag1,normalized,Oil_Rent_Intensive_Pre2016_ge1pct,Future_Period,train_to_2012__test_from_2013,ElasticNet,added_model_vs_strongest_benchmark,0.020500000000000036,1.0
M2_Macro_Oil_vs_M3_Macro_Oil_RegQuality__normalized__Oil_Rent_Intensive_Pre2016_ge1pct,Regulatory_Quality_lag1,normalized,Oil_Rent_Intensive_Pre2016_ge1pct,Future_Period,train_to_2012__test_from_2013,ElasticNet,added_model_vs_strongest_benchmark,0.021000000000000036,1.0
M2_Macro_Oil_vs_M3_Macro_Oil_RegQuality__normalized__Oil_Rent_Intensive_Pre2016_ge1pct,Regulatory_Quality_lag1,normalized,Oil_Rent_Intensive_Pre2016_ge1pct,Future_Period,train_to_2012__test_from_2013,ElasticNet,added_model_vs_strongest_benchmark,0.021500000000000036,1.0
M2_Macro_Oil_vs_M3_Macro_Oil_RegQuality__normalized__Oil_Rent_Intensive_Pre2016_ge1pct,Regulatory_Quality_lag1,normalized,Oil_Rent_Intensive_Pre2016_ge1pct,Future_Period,train_to_2012__test_from_2013,ElasticNet,added_model_vs_strongest_benchmark,0.022000000000000037,1.0
M2_Macro_Oil_vs_M3_Macro_Oil_RegQuality__normalized__Oil_Rent_Intensive_Pre2016_ge1pct,Regulatory_Quality_lag1,normalized,Oil_Rent_Intensive_Pre2016_ge1pct,Future_Period,train_to_2012__test_from_2013,ElasticNet,added_model_vs_strongest_benchmark,0.022500000000000037,1.0
M2_Macro_Oil_vs_M3_Macro_Oil_RegQuality__normalized__Oil_Rent_Intensive_Pre2016_ge1pct,Regulatory_Quality_lag1,normalized,Oil_Rent_Intensive_Pre2016_ge1pct,Future_Period,train_to_2012__test_from_2013,ElasticNet,added_model_vs_strongest_benchmark,0.023000000000000038,1.0
M2_Macro_Oil_vs_M3_Macro_Oil_RegQuality__normalized__Oil_Rent_Intensive_Pre2016_ge1pct,Regulatory_Quality_lag1,normalized,Oil_Rent_Intensive_Pre2016_ge1pct,Future_Period,train_to_2012__test_from_2013,ElasticNet,added_model_vs_strongest_benchmark,0.023500000000000038,1.0
M2_Macro_Oil_vs_M3_Macro_Oil_RegQuality__normalized__Oil_Rent_Intensive_Pre2016_ge1pct,Regulatory_Quality_lag1,normalized,Oil_Rent_Intensive_Pre2016_ge1pct,Future_Period,train_to_2012__test_from_2013,ElasticNet,added_model_vs_strongest_benchmark,0.02400000000000004,1.0
M2_Macro_Oil_vs_M3_Macro_Oil_RegQuality__normalized__Oil_Rent_Intensive_Pre2016_ge1pct,Regulatory_Quality_lag1,normalized,Oil_Rent_Intensive_Pre2016_ge1pct,Future_Period,train_to_2012__test_from_2013,ElasticNet,added_model_vs_strongest_benchmark,0.02450000000000004,1.0
M2_Macro_Oil_vs_M3_Macro_Oil_RegQuality__normalized__Oil_Rent_Intensive_Pre2016_ge1pct,Regulatory_Quality_lag1,normalized,Oil_Rent_Intensive_Pre2016_ge1pct,Future_Period,train_to_2012__test_from_2013,ElasticNet,added_model_vs_strongest_benchmark,0.02500000000000004,1.0
M2_Macro_Oil_vs_M3_Macro_Oil_RegQuality__normalized__Oil_Rent_Intensive_Pre2016_ge1pct,Regulatory_Quality_lag1,normalized,Oil_Rent_Intensive_Pre2016_ge1pct,Future_Period,train_to_2012__test_from_2013,ElasticNet,added_model_vs_strongest_benchmark,0.02550000000000004,1.0
M2_Macro_Oil_vs_M3_Macro_Oil_RegQuality__normalized__Oil_Rent_Intensive_Pre2016_ge1pct,Regulatory_Quality_lag1,normalized,Oil_Rent_Intensive_Pre2016_ge1pct,Future_Period,train_to_2012__test_from_2013,ElasticNet,added_model_vs_strongest_benchmark,0.02600000000000004,1.0
M2_Macro_Oil_vs_M3_Macro_Oil_RegQuality__normalized__Oil_Rent_Intensive_Pre2016_ge1pct,Regulatory_Quality_lag1,normalized,Oil_Rent_Intensive_Pre2016_ge1pct,Future_Period,train_to_2012__test_from_2013,ElasticNet,added_model_vs_strongest_benchmark,0.02650000000000004,1.0
M2_Macro_Oil_vs_M3_Macro_Oil_RegQuality__normalized__Oil_Rent_Intensive_Pre2016_ge1pct,Regulatory_Quality_lag1,normalized,Oil_Rent_Intensive_Pre2016_ge1pct,Future_Period,train_to_2012__test_from_2013,ElasticNet,added_model_vs_strongest_benchmark,0.02700000000000004,1.0
M2_Macro_Oil_vs_M3_Macro_Oil_RegQuality__normalized__Oil_Rent_Intensive_Pre2016_ge1pct,Regulatory_Quality_lag1,normalized,Oil_Rent_Intensive_Pre2016_ge1pct,Future_Period,train_to_2012__test_from_2013,ElasticNet,added_model_vs_strongest_benchmark,0.027500000000000042,1.0
M2_Macro_Oil_vs_M3_Macro_Oil_RegQuality__normalized__Oil_Rent_Intensive_Pre2016_ge1pct,Regulatory_Quality_lag1,normalized,Oil_Rent_Intensive_Pre2016_ge1pct,Future_Period,train_to_2012__test_from_2013,ElasticNet,added_model_vs_strongest_benchmark,0.028000000000000042,1.0
M2_Macro_Oil_vs_M3_Macro_Oil_RegQuality__normalized__Oil_Rent_Intensive_Pre2016_ge1pct,Regulatory_Quality_lag1,normalized,Oil_Rent_Intensive_Pre2016_ge1pct,Future_Period,train_to_2012__test_from_2013,ElasticNet,added_model_vs_strongest_benchmark,0.028500000000000043,1.0
M2_Macro_Oil_vs_M3_Macro_Oil_RegQuality__normalized__Oil_Rent_Intensive_Pre2016_ge1pct,Regulatory_Quality_lag1,normalized,Oil_Rent_Intensive_Pre2016_ge1pct,Future_Period,train_to_2012__test_from_2013,ElasticNet,added_model_vs_strongest_benchmark,0.029000000000000043,1.0
M2_Macro_Oil_vs_M3_Macro_Oil_RegQuality__normalized__Oil_Rent_Intensive_Pre2016_ge1pct,Regulatory_Quality_lag1,normalized,Oil_Rent_Intensive_Pre2016_ge1pct,Future_Period,train_to_2012__test_from_2013,ElasticNet,added_model_vs_strongest_benchmark,0.029500000000000044,1.0
M2_Macro_Oil_vs_M3_Macro_Oil_RegQuality__normalized__Oil_Rent_Intensive_Pre2016_ge1pct,Regulatory_Quality_lag1,normalized,Oil_Rent_Intensive_Pre2016_ge1pct,Future_Period,train_to_2012__test_from_2013,ElasticNet,added_model_vs_strongest_benchmark,0.030000000000000044,1.0
M2_Macro_Oil_vs_M3_Macro_Oil_RegQuality__normalized__Oil_Rent_Intensive_Pre2016_ge1pct,Regulatory_Quality_lag1,normalized,Oil_Rent_Intensive_Pre2016_ge1pct,Future_Period,train_to_2012__test_from_2013,RandomForest,signal_increment,-0.02,0.9845
M2_Macro_Oil_vs_M3_Macro_Oil_RegQuality__normalized__Oil_Rent_Intensive_Pre2016_ge1pct,Regulatory_Quality_lag1,normalized,Oil_Rent_Intensive_Pre2016_ge1pct,Future_Period,train_to_2012__test_from_2013,RandomForest,signal_increment,-0.0195,0.9845
M2_Macro_Oil_vs_M3_Macro_Oil_RegQuality__normalized__Oil_Rent_Intensive_Pre2016_ge1pct,Regulatory_Quality_lag1,normalized,Oil_Rent_Intensive_Pre2016_ge1pct,Future_Period,train_to_2012__test_from_2013,RandomForest,signal_increment,-0.019,0.984
M2_Macro_Oil_vs_M3_Macro_Oil_RegQuality__normalized__Oil_Rent_Intensive_Pre2016_ge1pct,Regulatory_Quality_lag1,normalized,Oil_Rent_Intensive_Pre2016_ge1pct,Future_Period,train_to_2012__test_from_2013,RandomForest,signal_increment,-0.0185,0.9835
M2_Macro_Oil_vs_M3_Macro_Oil_RegQuality__normalized__Oil_Rent_Intensive_Pre2016_ge1pct,Regulatory_Quality_lag1,normalized,Oil_Rent_Intensive_Pre2016_ge1pct,Future_Period,train_to_2012__test_from_2013,RandomForest,signal_increment,-0.018,0.9835
M2_Macro_Oil_vs_M3_Macro_Oil_RegQuality__normalized__Oil_Rent_Intensive_Pre2016_ge1pct,Regulatory_Quality_lag1,normalized,Oil_Rent_Intensive_Pre2016_ge1pct,Future_Period,train_to_2012__test_from_2013,RandomForest,signal_increment,-0.017499999999999998,0.9815
M2_Macro_Oil_vs_M3_Macro_Oil_RegQuality__normalized__Oil_Rent_Intensive_Pre2016_ge1pct,Regulatory_Quality_lag1,normalized,Oil_Rent_Intensive_Pre2016_ge1pct,Future_Period,train_to_2012__test_from_2013,RandomForest,signal_increment,-0.016999999999999998,0.981
M2_Macro_Oil_vs_M3_Macro_Oil_RegQuality__normalized__Oil_Rent_Intensive_Pre2016_ge1pct,Regulatory_Quality_lag1,normalized,Oil_Rent_Intensive_Pre2016_ge1pct,Future_Period,train_to_2012__test_from_2013,RandomForest,signal_increment,-0.016499999999999997,0.9785
M2_Macro_Oil_vs_M3_Macro_Oil_RegQuality__normalized__Oil_Rent_Intensive_Pre2016_ge1pct,Regulatory_Quality_lag1,normalized,Oil_Rent_Intensive_Pre2016_ge1pct,Future_Period,train_to_2012__test_from_2013,RandomForest,signal_increment,-0.015999999999999997,0.9775
M2_Macro_Oil_vs_M3_Macro_Oil_RegQuality__normalized__Oil_Rent_Intensive_Pre2016_ge1pct,Regulatory_Quality_lag1,normalized,Oil_Rent_Intensive_Pre2016_ge1pct,Future_Period,train_to_2012__test_from_2013,RandomForest,signal_increment,-0.015499999999999996,0.9755
M2_Macro_Oil_vs_M3_Macro_Oil_RegQuality__normalized__Oil_Rent_Intensive_Pre2016_ge1pct,Regulatory_Quality_lag1,normalized,Oil_Rent_Intensive_Pre2016_ge1pct,Future_Period,train_to_2012__test_from_2013,RandomForest,signal_increment,-0.014999999999999996,0.9755
M2_Macro_Oil_vs_M3_Macro_Oil_RegQuality__normalized__Oil_Rent_Intensive_Pre2016_ge1pct,Regulatory_Quality_lag1,normalized,Oil_Rent_Intensive_Pre2016_ge1pct,Future_Period,train_to_2012__test_from_2013,RandomForest,signal_increment,-0.014499999999999996,0.9735
M2_Macro_Oil_vs_M3_Macro_Oil_RegQuality__normalized__Oil_Rent_Intensive_Pre2016_ge1pct,Regulatory_Quality_lag1,normalized,Oil_Rent_Intensive_Pre2016_ge1pct,Future_Period,train_to_2012__test_from_2013,RandomForest,signal_increment,-0.013999999999999995,0.971
M2_Macro_Oil_vs_M3_Macro_Oil_RegQuality__normalized__Oil_Rent_Intensive_Pre2016_ge1pct,Regulatory_Quality_lag1,normalized,Oil_Rent_Intensive_Pre2016_ge1pct,Future_Period,train_to_2012__test_from_2013,RandomForest,signal_increment,-0.013499999999999995,0.9705
M2_Macro_Oil_vs_M3_Macro_Oil_RegQuality__normalized__Oil_Rent_Intensive_Pre2016_ge1pct,Regulatory_Quality_lag1,normalized,Oil_Rent_Intensive_Pre2016_ge1pct,Future_Period,train_to_2012__test_from_2013,RandomForest,signal_increment,-0.012999999999999994,0.9675
M2_Macro_Oil_vs_M3_Macro_Oil_RegQuality__normalized__Oil_Rent_Intensive_Pre2016_ge1pct,Regulatory_Quality_lag1,normalized,Oil_Rent_Intensive_Pre2016_ge1pct,Future_Period,train_to_2012__test_from_2013,RandomForest,signal_increment,-0.012499999999999994,0.967
M2_Macro_Oil_vs_M3_Macro_Oil_RegQuality__normalized__Oil_Rent_Intensive_Pre2016_ge1pct,Regulatory_Quality_lag1,normalized,Oil_Rent_Intensive_Pre2016_ge1pct,Future_Period,train_to_2012__test_from_2013,RandomForest,signal_increment,-0.011999999999999993,0.964
M2_Macro_Oil_vs_M3_Macro_Oil_RegQuality__normalized__Oil_Rent_Intensive_Pre2016_ge1pct,Regulatory_Quality_lag1,normalized,Oil_Rent_Intensive_Pre2016_ge1pct,Future_Period,train_to_2012__test_from_2013,RandomForest,signal_increment,-0.011499999999999993,0.9625
M2_Macro_Oil_vs_M3_Macro_Oil_RegQuality__normalized__Oil_Rent_Intensive_Pre2016_ge1pct,Regulatory_Quality_lag1,normalized,Oil_Rent_Intensive_Pre2016_ge1pct,Future_Period,train_to_2012__test_from_2013,RandomForest,signal_increment,-0.010999999999999992,0.9605
M2_Macro_Oil_vs_M3_Macro_Oil_RegQuality__normalized__Oil_Rent_Intensive_Pre2016_ge1pct,Regulatory_Quality_lag1,normalized,Oil_Rent_Intensive_Pre2016_ge1pct,Future_Period,train_to_2012__test_from_2013,RandomForest,signal_increment,-0.010499999999999992,0.9595
M2_Macro_Oil_vs_M3_Macro_Oil_RegQuality__normalized__Oil_Rent_Intensive_Pre2016_ge1pct,Regulatory_Quality_lag1,normalized,Oil_Rent_Intensive_Pre2016_ge1pct,Future_Period,train_to_2012__test_from_2013,RandomForest,signal_increment,-0.009999999999999992,0.9575
M2_Macro_Oil_vs_M3_Macro_Oil_RegQuality__normalized__Oil_Rent_Intensive_Pre2016_ge1pct,Regulatory_Quality_lag1,normalized,Oil_Rent_Intensive_Pre2016_ge1pct,Future_Period,train_to_2012__test_from_2013,RandomForest,signal_increment,-0.009499999999999991,0.9535
M2_Macro_Oil_vs_M3_Macro_Oil_RegQuality__normalized__Oil_Rent_Intensive_Pre2016_ge1pct,Regulatory_Quality_lag1,normalized,Oil_Rent_Intensive_Pre2016_ge1pct,Future_Period,train_to_2012__test_from_2013,RandomForest,signal_increment,-0.00899999999999999,0.9505
M2_Macro_Oil_vs_M3_Macro_Oil_RegQuality__normalized__Oil_Rent_Intensive_Pre2016_ge1pct,Regulatory_Quality_lag1,normalized,Oil_Rent_Intensive_Pre2016_ge1pct,Future_Period,train_to_2012__test_from_2013,RandomForest,signal_increment,-0.00849999999999999,0.9475
M2_Macro_Oil_vs_M3_Macro_Oil_RegQuality__normalized__Oil_Rent_Intensive_Pre2016_ge1pct,Regulatory_Quality_lag1,normalized,Oil_Rent_Intensive_Pre2016_ge1pct,Future_Period,train_to_2012__test_from_2013,RandomForest,signal_increment,-0.00799999999999999,0.9435
M2_Macro_Oil_vs_M3_Macro_Oil_RegQuality__normalized__Oil_Rent_Intensive_Pre2016_ge1pct,Regulatory_Quality_lag1,normalized,Oil_Rent_Intensive_Pre2016_ge1pct,Future_Period,train_to_2012__test_from_2013,RandomForest,signal_increment,-0.007499999999999989,0.941
M2_Macro_Oil_vs_M3_Macro_Oil_RegQuality__normalized__Oil_Rent_Intensive_Pre2016_ge1pct,Regulatory_Quality_lag1,normalized,Oil_Rent_Intensive_Pre2016_ge1pct,Future_Period,train_to_2012__test_from_2013,RandomForest,signal_increment,-0.006999999999999989,0.9395
M2_Macro_Oil_vs_M3_Macro_Oil_RegQuality__normalized__Oil_Rent_Intensive_Pre2016_ge1pct,Regulatory_Quality_lag1,normalized,Oil_Rent_Intensive_Pre2016_ge1pct,Future_Period,train_to_2012__test_from_2013,RandomForest,signal_increment,-0.006499999999999988,0.9365
M2_Macro_Oil_vs_M3_Macro_Oil_RegQuality__normalized__Oil_Rent_Intensive_Pre2016_ge1pct,Regulatory_Quality_lag1,normalized,Oil_Rent_Intensive_Pre2016_ge1pct,Future_Period,train_to_2012__test_from_2013,RandomForest,signal_increment,-0.005999999999999988,0.931
M2_Macro_Oil_vs_M3_Macro_Oil_RegQuality__normalized__Oil_Rent_Intensive_Pre2016_ge1pct,Regulatory_Quality_lag1,normalized,Oil_Rent_Intensive_Pre2016_ge1pct,Future_Period,train_to_2012__test_from_2013,RandomForest,signal_increment,-0.0054999999999999875,0.9295
M2_Macro_Oil_vs_M3_Macro_Oil_RegQuality__normalized__Oil_Rent_Intensive_Pre2016_ge1pct,Regulatory_Quality_lag1,normalized,Oil_Rent_Intensive_Pre2016_ge1pct,Future_Period,train_to_2012__test_from_2013,RandomForest,signal_increment,-0.004999999999999987,0.927
M2_Macro_Oil_vs_M3_Macro_Oil_RegQuality__normalized__Oil_Rent_Intensive_Pre2016_ge1pct,Regulatory_Quality_lag1,normalized,Oil_Rent_Intensive_Pre2016_ge1pct,Future_Period,train_to_2012__test_from_2013,RandomForest,signal_increment,-0.004499999999999987,0.921
M2_Macro_Oil_vs_M3_Macro_Oil_RegQuality__normalized__Oil_Rent_Intensive_Pre2016_ge1pct,Regulatory_Quality_lag1,normalized,Oil_Rent_Intensive_Pre2016_ge1pct,Future_Period,train_to_2012__test_from_2013,RandomForest,signal_increment,-0.003999999999999986,0.918
M2_Macro_Oil_vs_M3_Macro_Oil_RegQuality__normalized__Oil_Rent_Intensive_Pre2016_ge1pct,Regulatory_Quality_lag1,normalized,Oil_Rent_Intensive_Pre2016_ge1pct,Future_Period,train_to_2012__test_from_2013,RandomForest,signal_increment,-0.0034999999999999858,0.912
M2_Macro_Oil_vs_M3_Macro_Oil_RegQuality__normalized__Oil_Rent_Intensive_Pre2016_ge1pct,Regulatory_Quality_lag1,normalized,Oil_Rent_Intensive_Pre2016_ge1pct,Future_Period,train_to_2012__test_from_2013,RandomForest,signal_increment,-0.0029999999999999853,0.908
M2_Macro_Oil_vs_M3_Macro_Oil_RegQuality__normalized__Oil_Rent_Intensive_Pre2016_ge1pct,Regulatory_Quality_lag1,normalized,Oil_Rent_Intensive_Pre2016_ge1pct,Future_Period,train_to_2012__test_from_2013,RandomForest,signal_increment,-0.002499999999999985,0.9015
M2_Macro_Oil_vs_M3_Macro_Oil_RegQuality__normalized__Oil_Rent_Intensive_Pre2016_ge1pct,Regulatory_Quality_lag1,normalized,Oil_Rent_Intensive_Pre2016_ge1pct,Future_Period,train_to_2012__test_from_2013,RandomForest,signal_increment,-0.0019999999999999844,0.897
M2_Macro_Oil_vs_M3_Macro_Oil_RegQuality__normalized__Oil_Rent_Intensive_Pre2016_ge1pct,Regulatory_Quality_lag1,normalized,Oil_Rent_Intensive_Pre2016_ge1pct,Future_Period,train_to_2012__test_from_2013,RandomForest,signal_increment,-0.001499999999999984,0.889
M2_Macro_Oil_vs_M3_Macro_Oil_RegQuality__normalized__Oil_Rent_Intensive_Pre2016_ge1pct,Regulatory_Quality_lag1,normalized,Oil_Rent_Intensive_Pre2016_ge1pct,Future_Period,train_to_2012__test_from_2013,RandomForest,signal_increment,-0.0009999999999999835,0.8825
M2_Macro_Oil_vs_M3_Macro_Oil_RegQuality__normalized__Oil_Rent_Intensive_Pre2016_ge1pct,Regulatory_Quality_lag1,normalized,Oil_Rent_Intensive_Pre2016_ge1pct,Future_Period,train_to_2012__test_from_2013,RandomForest,signal_increment,-0.0004999999999999831,0.8775
M2_Macro_Oil_vs_M3_Macro_Oil_RegQuality__normalized__Oil_Rent_Intensive_Pre2016_ge1pct,Regulatory_Quality_lag1,normalized,Oil_Rent_Intensive_Pre2016_ge1pct,Future_Period,train_to_2012__test_from_2013,RandomForest,signal_increment,1.734723475976807e-17,0.873
M2_Macro_Oil_vs_M3_Macro_Oil_RegQuality__normalized__Oil_Rent_Intensive_Pre2016_ge1pct,Regulatory_Quality_lag1,normalized,Oil_Rent_Intensive_Pre2016_ge1pct,Future_Period,train_to_2012__test_from_2013,RandomForest,signal_increment,0.0005000000000000178,0.8665
M2_Macro_Oil_vs_M3_Macro_Oil_RegQuality__normalized__Oil_Rent_Intensive_Pre2016_ge1pct,Regulatory_Quality_lag1,normalized,Oil_Rent_Intensive_Pre2016_ge1pct,Future_Period,train_to_2012__test_from_2013,RandomForest,signal_increment,0.0010000000000000182,0.8635
M2_Macro_Oil_vs_M3_Macro_Oil_RegQuality__normalized__Oil_Rent_Intensive_Pre2016_ge1pct,Regulatory_Quality_lag1,normalized,Oil_Rent_Intensive_Pre2016_ge1pct,Future_Period,train_to_2012__test_from_2013,RandomForest,signal_increment,0.0015000000000000187,0.858
M2_Macro_Oil_vs_M3_Macro_Oil_RegQuality__normalized__Oil_Rent_Intensive_Pre2016_ge1pct,Regulatory_Quality_lag1,normalized,Oil_Rent_Intensive_Pre2016_ge1pct,Future_Period,train_to_2012__test_from_2013,RandomForest,signal_increment,0.002000000000000019,0.8495
M2_Macro_Oil_vs_M3_Macro_Oil_RegQuality__normalized__Oil_Rent_Intensive_Pre2016_ge1pct,Regulatory_Quality_lag1,normalized,Oil_Rent_Intensive_Pre2016_ge1pct,Future_Period,train_to_2012__test_from_2013,RandomForest,signal_increment,0.0025000000000000196,0.8445
M2_Macro_Oil_vs_M3_Macro_Oil_RegQuality__normalized__Oil_Rent_Intensive_Pre2016_ge1pct,Regulatory_Quality_lag1,normalized,Oil_Rent_Intensive_Pre2016_ge1pct,Future_Period,train_to_2012__test_from_2013,RandomForest,signal_increment,0.00300000000000002,0.8375
M2_Macro_Oil_vs_M3_Macro_Oil_RegQuality__normalized__Oil_Rent_Intensive_Pre2016_ge1pct,Regulatory_Quality_lag1,normalized,Oil_Rent_Intensive_Pre2016_ge1pct,Future_Period,train_to_2012__test_from_2013,RandomForest,signal_increment,0.0035000000000000205,0.83
M2_Macro_Oil_vs_M3_Macro_Oil_RegQuality__normalized__Oil_Rent_Intensive_Pre2016_ge1pct,Regulatory_Quality_lag1,normalized,Oil_Rent_Intensive_Pre2016_ge1pct,Future_Period,train_to_2012__test_from_2013,RandomForest,signal_increment,0.004000000000000021,0.8275
M2_Macro_Oil_vs_M3_Macro_Oil_RegQuality__normalized__Oil_Rent_Intensive_Pre2016_ge1pct,Regulatory_Quality_lag1,normalized,Oil_Rent_Intensive_Pre2016_ge1pct,Future_Period,train_to_2012__test_from_2013,RandomForest,signal_increment,0.004500000000000021,0.824
M2_Macro_Oil_vs_M3_Macro_Oil_RegQuality__normalized__Oil_Rent_Intensive_Pre2016_ge1pct,Regulatory_Quality_lag1,normalized,Oil_Rent_Intensive_Pre2016_ge1pct,Future_Period,train_to_2012__test_from_2013,RandomForest,signal_increment,0.005000000000000022,0.8145
M2_Macro_Oil_vs_M3_Macro_Oil_RegQuality__normalized__Oil_Rent_Intensive_Pre2016_ge1pct,Regulatory_Quality_lag1,normalized,Oil_Rent_Intensive_Pre2016_ge1pct,Future_Period,train_to_2012__test_from_2013,RandomForest,signal_increment,0.005500000000000022,0.8035
M2_Macro_Oil_vs_M3_Macro_Oil_RegQuality__normalized__Oil_Rent_Intensive_Pre2016_ge1pct,Regulatory_Quality_lag1,normalized,Oil_Rent_Intensive_Pre2016_ge1pct,Future_Period,train_to_2012__test_from_2013,RandomForest,signal_increment,0.006000000000000023,0.7965
M2_Macro_Oil_vs_M3_Macro_Oil_RegQuality__normalized__Oil_Rent_Intensive_Pre2016_ge1pct,Regulatory_Quality_lag1,normalized,Oil_Rent_Intensive_Pre2016_ge1pct,Future_Period,train_to_2012__test_from_2013,RandomForest,signal_increment,0.006500000000000023,0.7885
M2_Macro_Oil_vs_M3_Macro_Oil_RegQuality__normalized__Oil_Rent_Intensive_Pre2016_ge1pct,Regulatory_Quality_lag1,normalized,Oil_Rent_Intensive_Pre2016_ge1pct,Future_Period,train_to_2012__test_from_2013,RandomForest,signal_increment,0.0070000000000000236,0.78
M2_Macro_Oil_vs_M3_Macro_Oil_RegQuality__normalized__Oil_Rent_Intensive_Pre2016_ge1pct,Regulatory_Quality_lag1,normalized,Oil_Rent_Intensive_Pre2016_ge1pct,Future_Period,train_to_2012__test_from_2013,RandomForest,signal_increment,0.007500000000000024,0.771
M2_Macro_Oil_vs_M3_Macro_Oil_RegQuality__normalized__Oil_Rent_Intensive_Pre2016_ge1pct,Regulatory_Quality_lag1,normalized,Oil_Rent_Intensive_Pre2016_ge1pct,Future_Period,train_to_2012__test_from_2013,RandomForest,signal_increment,0.008000000000000024,0.7655
M2_Macro_Oil_vs_M3_Macro_Oil_RegQuality__normalized__Oil_Rent_Intensive_Pre2016_ge1pct,Regulatory_Quality_lag1,normalized,Oil_Rent_Intensive_Pre2016_ge1pct,Future_Period,train_to_2012__test_from_2013,RandomForest,signal_increment,0.008500000000000025,0.756
M2_Macro_Oil_vs_M3_Macro_Oil_RegQuality__normalized__Oil_Rent_Intensive_Pre2016_ge1pct,Regulatory_Quality_lag1,normalized,Oil_Rent_Intensive_Pre2016_ge1pct,Future_Period,train_to_2012__test_from_2013,RandomForest,signal_increment,0.009000000000000025,0.7485
M2_Macro_Oil_vs_M3_Macro_Oil_RegQuality__normalized__Oil_Rent_Intensive_Pre2016_ge1pct,Regulatory_Quality_lag1,normalized,Oil_Rent_Intensive_Pre2016_ge1pct,Future_Period,train_to_2012__test_from_2013,RandomForest,signal_increment,0.009500000000000026,0.739
M2_Macro_Oil_vs_M3_Macro_Oil_RegQuality__normalized__Oil_Rent_Intensive_Pre2016_ge1pct,Regulatory_Quality_lag1,normalized,Oil_Rent_Intensive_Pre2016_ge1pct,Future_Period,train_to_2012__test_from_2013,RandomForest,signal_increment,0.010000000000000026,0.728
M2_Macro_Oil_vs_M3_Macro_Oil_RegQuality__normalized__Oil_Rent_Intensive_Pre2016_ge1pct,Regulatory_Quality_lag1,normalized,Oil_Rent_Intensive_Pre2016_ge1pct,Future_Period,train_to_2012__test_from_2013,RandomForest,signal_increment,0.010500000000000027,0.7195
M2_Macro_Oil_vs_M3_Macro_Oil_RegQuality__normalized__Oil_Rent_Intensive_Pre2016_ge1pct,Regulatory_Quality_lag1,normalized,Oil_Rent_Intensive_Pre2016_ge1pct,Future_Period,train_to_2012__test_from_2013,RandomForest,signal_increment,0.011000000000000027,0.711
M2_Macro_Oil_vs_M3_Macro_Oil_RegQuality__normalized__Oil_Rent_Intensive_Pre2016_ge1pct,Regulatory_Quality_lag1,normalized,Oil_Rent_Intensive_Pre2016_ge1pct,Future_Period,train_to_2012__test_from_2013,RandomForest,signal_increment,0.011500000000000028,0.7015
M2_Macro_Oil_vs_M3_Macro_Oil_RegQuality__normalized__Oil_Rent_Intensive_Pre2016_ge1pct,Regulatory_Quality_lag1,normalized,Oil_Rent_Intensive_Pre2016_ge1pct,Future_Period,train_to_2012__test_from_2013,RandomForest,signal_increment,0.012000000000000028,0.697
M2_Macro_Oil_vs_M3_Macro_Oil_RegQuality__normalized__Oil_Rent_Intensive_Pre2016_ge1pct,Regulatory_Quality_lag1,normalized,Oil_Rent_Intensive_Pre2016_ge1pct,Future_Period,train_to_2012__test_from_2013,RandomForest,signal_increment,0.012500000000000028,0.6885
M2_Macro_Oil_vs_M3_Macro_Oil_RegQuality__normalized__Oil_Rent_Intensive_Pre2016_ge1pct,Regulatory_Quality_lag1,normalized,Oil_Rent_Intensive_Pre2016_ge1pct,Future_Period,train_to_2012__test_from_2013,RandomForest,signal_increment,0.013000000000000029,0.6785
M2_Macro_Oil_vs_M3_Macro_Oil_RegQuality__normalized__Oil_Rent_Intensive_Pre2016_ge1pct,Regulatory_Quality_lag1,normalized,Oil_Rent_Intensive_Pre2016_ge1pct,Future_Period,train_to_2012__test_from_2013,RandomForest,signal_increment,0.01350000000000003,0.669
M2_Macro_Oil_vs_M3_Macro_Oil_RegQuality__normalized__Oil_Rent_Intensive_Pre2016_ge1pct,Regulatory_Quality_lag1,normalized,Oil_Rent_Intensive_Pre2016_ge1pct,Future_Period,train_to_2012__test_from_2013,RandomForest,signal_increment,0.01400000000000003,0.6575
M2_Macro_Oil_vs_M3_Macro_Oil_RegQuality__normalized__Oil_Rent_Intensive_Pre2016_ge1pct,Regulatory_Quality_lag1,normalized,Oil_Rent_Intensive_Pre2016_ge1pct,Future_Period,train_to_2012__test_from_2013,RandomForest,signal_increment,0.01450000000000003,0.651
M2_Macro_Oil_vs_M3_Macro_Oil_RegQuality__normalized__Oil_Rent_Intensive_Pre2016_ge1pct,Regulatory_Quality_lag1,normalized,Oil_Rent_Intensive_Pre2016_ge1pct,Future_Period,train_to_2012__test_from_2013,RandomForest,signal_increment,0.01500000000000003,0.6405
M2_Macro_Oil_vs_M3_Macro_Oil_RegQuality__normalized__Oil_Rent_Intensive_Pre2016_ge1pct,Regulatory_Quality_lag1,normalized,Oil_Rent_Intensive_Pre2016_ge1pct,Future_Period,train_to_2012__test_from_2013,RandomForest,signal_increment,0.015500000000000031,0.632
M2_Macro_Oil_vs_M3_Macro_Oil_RegQuality__normalized__Oil_Rent_Intensive_Pre2016_ge1pct,Regulatory_Quality_lag1,normalized,Oil_Rent_Intensive_Pre2016_ge1pct,Future_Period,train_to_2012__test_from_2013,RandomForest,signal_increment,0.01600000000000003,0.6215
M2_Macro_Oil_vs_M3_Macro_Oil_RegQuality__normalized__Oil_Rent_Intensive_Pre2016_ge1pct,Regulatory_Quality_lag1,normalized,Oil_Rent_Intensive_Pre2016_ge1pct,Future_Period,train_to_2012__test_from_2013,RandomForest,signal_increment,0.016500000000000032,0.6125
M2_Macro_Oil_vs_M3_Macro_Oil_RegQuality__normalized__Oil_Rent_Intensive_Pre2016_ge1pct,Regulatory_Quality_lag1,normalized,Oil_Rent_Intensive_Pre2016_ge1pct,Future_Period,train_to_2012__test_from_2013,RandomForest,signal_increment,0.017000000000000032,0.5995
M2_Macro_Oil_vs_M3_Macro_Oil_RegQuality__normalized__Oil_Rent_Intensive_Pre2016_ge1pct,Regulatory_Quality_lag1,normalized,Oil_Rent_Intensive_Pre2016_ge1pct,Future_Period,train_to_2012__test_from_2013,RandomForest,signal_increment,0.017500000000000033,0.591
M2_Macro_Oil_vs_M3_Macro_Oil_RegQuality__normalized__Oil_Rent_Intensive_Pre2016_ge1pct,Regulatory_Quality_lag1,normalized,Oil_Rent_Intensive_Pre2016_ge1pct,Future_Period,train_to_2012__test_from_2013,RandomForest,signal_increment,0.018000000000000033,0.581
M2_Macro_Oil_vs_M3_Macro_Oil_RegQuality__normalized__Oil_Rent_Intensive_Pre2016_ge1pct,Regulatory_Quality_lag1,normalized,Oil_Rent_Intensive_Pre2016_ge1pct,Future_Period,train_to_2012__test_from_2013,RandomForest,signal_increment,0.018500000000000034,0.5675
M2_Macro_Oil_vs_M3_Macro_Oil_RegQuality__normalized__Oil_Rent_Intensive_Pre2016_ge1pct,Regulatory_Quality_lag1,normalized,Oil_Rent_Intensive_Pre2016_ge1pct,Future_Period,train_to_2012__test_from_2013,RandomForest,signal_increment,0.019000000000000034,0.552
M2_Macro_Oil_vs_M3_Macro_Oil_RegQuality__normalized__Oil_Rent_Intensive_Pre2016_ge1pct,Regulatory_Quality_lag1,normalized,Oil_Rent_Intensive_Pre2016_ge1pct,Future_Period,train_to_2012__test_from_2013,RandomForest,signal_increment,0.019500000000000035,0.539
M2_Macro_Oil_vs_M3_Macro_Oil_RegQuality__normalized__Oil_Rent_Intensive_Pre2016_ge1pct,Regulatory_Quality_lag1,normalized,Oil_Rent_Intensive_Pre2016_ge1pct,Future_Period,train_to_2012__test_from_2013,RandomForest,signal_increment,0.020000000000000035,0.5285
M2_Macro_Oil_vs_M3_Macro_Oil_RegQuality__normalized__Oil_Rent_Intensive_Pre2016_ge1pct,Regulatory_Quality_lag1,normalized,Oil_Rent_Intensive_Pre2016_ge1pct,Future_Period,train_to_2012__test_from_2013,RandomForest,signal_increment,0.020500000000000036,0.5195
M2_Macro_Oil_vs_M3_Macro_Oil_RegQuality__normalized__Oil_Rent_Intensive_Pre2016_ge1pct,Regulatory_Quality_lag1,normalized,Oil_Rent_Intensive_Pre2016_ge1pct,Future_Period,train_to_2012__test_from_2013,RandomForest,signal_increment,0.021000000000000036,0.507
M2_Macro_Oil_vs_M3_Macro_Oil_RegQuality__normalized__Oil_Rent_Intensive_Pre2016_ge1pct,Regulatory_Quality_lag1,normalized,Oil_Rent_Intensive_Pre2016_ge1pct,Future_Period,train_to_2012__test_from_2013,RandomForest,signal_increment,0.021500000000000036,0.498
M2_Macro_Oil_vs_M3_Macro_Oil_RegQuality__normalized__Oil_Rent_Intensive_Pre2016_ge1pct,Regulatory_Quality_lag1,normalized,Oil_Rent_Intensive_Pre2016_ge1pct,Future_Period,train_to_2012__test_from_2013,RandomForest,signal_increment,0.022000000000000037,0.4855
M2_Macro_Oil_vs_M3_Macro_Oil_RegQuality__normalized__Oil_Rent_Intensive_Pre2016_ge1pct,Regulatory_Quality_lag1,normalized,Oil_Rent_Intensive_Pre2016_ge1pct,Future_Period,train_to_2012__test_from_2013,RandomForest,signal_increment,0.022500000000000037,0.4745
M2_Macro_Oil_vs_M3_Macro_Oil_RegQuality__normalized__Oil_Rent_Intensive_Pre2016_ge1pct,Regulatory_Quality_lag1,normalized,Oil_Rent_Intensive_Pre2016_ge1pct,Future_Period,train_to_2012__test_from_2013,RandomForest,signal_increment,0.023000000000000038,0.4615
M2_Macro_Oil_vs_M3_Macro_Oil_RegQuality__normalized__Oil_Rent_Intensive_Pre2016_ge1pct,Regulatory_Quality_lag1,normalized,Oil_Rent_Intensive_Pre2016_ge1pct,Future_Period,train_to_2012__test_from_2013,RandomForest,signal_increment,0.023500000000000038,0.451
M2_Macro_Oil_vs_M3_Macro_Oil_RegQuality__normalized__Oil_Rent_Intensive_Pre2016_ge1pct,Regulatory_Quality_lag1,normalized,Oil_Rent_Intensive_Pre2016_ge1pct,Future_Period,train_to_2012__test_from_2013,RandomForest,signal_increment,0.02400000000000004,0.44
M2_Macro_Oil_vs_M3_Macro_Oil_RegQuality__normalized__Oil_Rent_Intensive_Pre2016_ge1pct,Regulatory_Quality_lag1,normalized,Oil_Rent_Intensive_Pre2016_ge1pct,Future_Period,train_to_2012__test_from_2013,RandomForest,signal_increment,0.02450000000000004,0.429
M2_Macro_Oil_vs_M3_Macro_Oil_RegQuality__normalized__Oil_Rent_Intensive_Pre2016_ge1pct,Regulatory_Quality_lag1,normalized,Oil_Rent_Intensive_Pre2016_ge1pct,Future_Period,train_to_2012__test_from_2013,RandomForest,signal_increment,0.02500000000000004,0.4195
M2_Macro_Oil_vs_M3_Macro_Oil_RegQuality__normalized__Oil_Rent_Intensive_Pre2016_ge1pct,Regulatory_Quality_lag1,normalized,Oil_Rent_Intensive_Pre2016_ge1pct,Future_Period,train_to_2012__test_from_2013,RandomForest,signal_increment,0.02550000000000004,0.407
M2_Macro_Oil_vs_M3_Macro_Oil_RegQuality__normalized__Oil_Rent_Intensive_Pre2016_ge1pct,Regulatory_Quality_lag1,normalized,Oil_Rent_Intensive_Pre2016_ge1pct,Future_Period,train_to_2012__test_from_2013,RandomForest,signal_increment,0.02600000000000004,0.395
M2_Macro_Oil_vs_M3_Macro_Oil_RegQuality__normalized__Oil_Rent_Intensive_Pre2016_ge1pct,Regulatory_Quality_lag1,normalized,Oil_Rent_Intensive_Pre2016_ge1pct,Future_Period,train_to_2012__test_from_2013,RandomForest,signal_increment,0.02650000000000004,0.3825
M2_Macro_Oil_vs_M3_Macro_Oil_RegQuality__normalized__Oil_Rent_Intensive_Pre2016_ge1pct,Regulatory_Quality_lag1,normalized,Oil_Rent_Intensive_Pre2016_ge1pct,Future_Period,train_to_2012__test_from_2013,RandomForest,signal_increment,0.02700000000000004,0.373
M2_Macro_Oil_vs_M3_Macro_Oil_RegQuality__normalized__Oil_Rent_Intensive_Pre2016_ge1pct,Regulatory_Quality_lag1,normalized,Oil_Rent_Intensive_Pre2016_ge1pct,Future_Period,train_to_2012__test_from_2013,RandomForest,signal_increment,0.027500000000000042,0.363
M2_Macro_Oil_vs_M3_Macro_Oil_RegQuality__normalized__Oil_Rent_Intensive_Pre2016_ge1pct,Regulatory_Quality_lag1,normalized,Oil_Rent_Intensive_Pre2016_ge1pct,Future_Period,train_to_2012__test_from_2013,RandomForest,signal_increment,0.028000000000000042,0.355
M2_Macro_Oil_vs_M3_Macro_Oil_RegQuality__normalized__Oil_Rent_Intensive_Pre2016_ge1pct,Regulatory_Quality_lag1,normalized,Oil_Rent_Intensive_Pre2016_ge1pct,Future_Period,train_to_2012__test_from_2013,RandomForest,signal_increment,0.028500000000000043,0.3445
M2_Macro_Oil_vs_M3_Macro_Oil_RegQuality__normalized__Oil_Rent_Intensive_Pre2016_ge1pct,Regulatory_Quality_lag1,normalized,Oil_Rent_Intensive_Pre2016_ge1pct,Future_Period,train_to_2012__test_from_2013,RandomForest,signal_increment,0.029000000000000043,0.333
M2_Macro_Oil_vs_M3_Macro_Oil_RegQuality__normalized__Oil_Rent_Intensive_Pre2016_ge1pct,Regulatory_Quality_lag1,normalized,Oil_Rent_Intensive_Pre2016_ge1pct,Future_Period,train_to_2012__test_from_2013,RandomForest,signal_increment,0.029500000000000044,0.3225
M2_Macro_Oil_vs_M3_Macro_Oil_RegQuality__normalized__Oil_Rent_Intensive_Pre2016_ge1pct,Regulatory_Quality_lag1,normalized,Oil_Rent_Intensive_Pre2016_ge1pct,Future_Period,train_to_2012__test_from_2013,RandomForest,signal_increment,0.030000000000000044,0.311
M2_Macro_Oil_vs_M3_Macro_Oil_RegQuality__normalized__Oil_Rent_Intensive_Pre2016_ge1pct,Regulatory_Quality_lag1,normalized,Oil_Rent_Intensive_Pre2016_ge1pct,Future_Period,train_to_2012__test_from_2013,RandomForest,added_model_vs_strongest_benchmark,-0.02,0.9975
M2_Macro_Oil_vs_M3_Macro_Oil_RegQuality__normalized__Oil_Rent_Intensive_Pre2016_ge1pct,Regulatory_Quality_lag1,normalized,Oil_Rent_Intensive_Pre2016_ge1pct,Future_Period,train_to_2012__test_from_2013,RandomForest,added_model_vs_strongest_benchmark,-0.0195,0.997
M2_Macro_Oil_vs_M3_Macro_Oil_RegQuality__normalized__Oil_Rent_Intensive_Pre2016_ge1pct,Regulatory_Quality_lag1,normalized,Oil_Rent_Intensive_Pre2016_ge1pct,Future_Period,train_to_2012__test_from_2013,RandomForest,added_model_vs_strongest_benchmark,-0.019,0.9965
M2_Macro_Oil_vs_M3_Macro_Oil_RegQuality__normalized__Oil_Rent_Intensive_Pre2016_ge1pct,Regulatory_Quality_lag1,normalized,Oil_Rent_Intensive_Pre2016_ge1pct,Future_Period,train_to_2012__test_from_2013,RandomForest,added_model_vs_strongest_benchmark,-0.0185,0.9965
M2_Macro_Oil_vs_M3_Macro_Oil_RegQuality__normalized__Oil_Rent_Intensive_Pre2016_ge1pct,Regulatory_Quality_lag1,normalized,Oil_Rent_Intensive_Pre2016_ge1pct,Future_Period,train_to_2012__test_from_2013,RandomForest,added_model_vs_strongest_benchmark,-0.018,0.9965
M2_Macro_Oil_vs_M3_Macro_Oil_RegQuality__normalized__Oil_Rent_Intensive_Pre2016_ge1pct,Regulatory_Quality_lag1,normalized,Oil_Rent_Intensive_Pre2016_ge1pct,Future_Period,train_to_2012__test_from_2013,RandomForest,added_model_vs_strongest_benchmark,-0.017499999999999998,0.996
M2_Macro_Oil_vs_M3_Macro_Oil_RegQuality__normalized__Oil_Rent_Intensive_Pre2016_ge1pct,Regulatory_Quality_lag1,normalized,Oil_Rent_Intensive_Pre2016_ge1pct,Future_Period,train_to_2012__test_from_2013,RandomForest,added_model_vs_strongest_benchmark,-0.016999999999999998,0.996
M2_Macro_Oil_vs_M3_Macro_Oil_RegQuality__normalized__Oil_Rent_Intensive_Pre2016_ge1pct,Regulatory_Quality_lag1,normalized,Oil_Rent_Intensive_Pre2016_ge1pct,Future_Period,train_to_2012__test_from_2013,RandomForest,added_model_vs_strongest_benchmark,-0.016499999999999997,0.996
M2_Macro_Oil_vs_M3_Macro_Oil_RegQuality__normalized__Oil_Rent_Intensive_Pre2016_ge1pct,Regulatory_Quality_lag1,normalized,Oil_Rent_Intensive_Pre2016_ge1pct,Future_Period,train_to_2012__test_from_2013,RandomForest,added_model_vs_strongest_benchmark,-0.015999999999999997,0.996
M2_Macro_Oil_vs_M3_Macro_Oil_RegQuality__normalized__Oil_Rent_Intensive_Pre2016_ge1pct,Regulatory_Quality_lag1,normalized,Oil_Rent_Intensive_Pre2016_ge1pct,Future_Period,train_to_2012__test_from_2013,RandomForest,added_model_vs_strongest_benchmark,-0.015499999999999996,0.996
M2_Macro_Oil_vs_M3_Macro_Oil_RegQuality__normalized__Oil_Rent_Intensive_Pre2016_ge1pct,Regulatory_Quality_lag1,normalized,Oil_Rent_Intensive_Pre2016_ge1pct,Future_Period,train_to_2012__test_from_2013,RandomForest,added_model_vs_strongest_benchmark,-0.014999999999999996,0.996
M2_Macro_Oil_vs_M3_Macro_Oil_RegQuality__normalized__Oil_Rent_Intensive_Pre2016_ge1pct,Regulatory_Quality_lag1,normalized,Oil_Rent_Intensive_Pre2016_ge1pct,Future_Period,train_to_2012__test_from_2013,RandomForest,added_model_vs_strongest_benchmark,-0.014499999999999996,0.996
M2_Macro_Oil_vs_M3_Macro_Oil_RegQuality__normalized__Oil_Rent_Intensive_Pre2016_ge1pct,Regulatory_Quality_lag1,normalized,Oil_Rent_Intensive_Pre2016_ge1pct,Future_Period,train_to_2012__test_from_2013,RandomForest,added_model_vs_strongest_benchmark,-0.013999999999999995,0.996
M2_Macro_Oil_vs_M3_Macro_Oil_RegQuality__normalized__Oil_Rent_Intensive_Pre2016_ge1pct,Regulatory_Quality_lag1,normalized,Oil_Rent_Intensive_Pre2016_ge1pct,Future_Period,train_to_2012__test_from_2013,RandomForest,added_model_vs_strongest_benchmark,-0.013499999999999995,0.996
M2_Macro_Oil_vs_M3_Macro_Oil_RegQuality__normalized__Oil_Rent_Intensive_Pre2016_ge1pct,Regulatory_Quality_lag1,normalized,Oil_Rent_Intensive_Pre2016_ge1pct,Future_Period,train_to_2012__test_from_2013,RandomForest,added_model_vs_strongest_benchmark,-0.012999999999999994,0.9955
M2_Macro_Oil_vs_M3_Macro_Oil_RegQuality__normalized__Oil_Rent_Intensive_Pre2016_ge1pct,Regulatory_Quality_lag1,normalized,Oil_Rent_Intensive_Pre2016_ge1pct,Future_Period,train_to_2012__test_from_2013,RandomForest,added_model_vs_strongest_benchmark,-0.012499999999999994,0.995
M2_Macro_Oil_vs_M3_Macro_Oil_RegQuality__normalized__Oil_Rent_Intensive_Pre2016_ge1pct,Regulatory_Quality_lag1,normalized,Oil_Rent_Intensive_Pre2016_ge1pct,Future_Period,train_to_2012__test_from_2013,RandomForest,added_model_vs_strongest_benchmark,-0.011999999999999993,0.995
M2_Macro_Oil_vs_M3_Macro_Oil_RegQuality__normalized__Oil_Rent_Intensive_Pre2016_ge1pct,Regulatory_Quality_lag1,normalized,Oil_Rent_Intensive_Pre2016_ge1pct,Future_Period,train_to_2012__test_from_2013,RandomForest,added_model_vs_strongest_benchmark,-0.011499999999999993,0.995
M2_Macro_Oil_vs_M3_Macro_Oil_RegQuality__normalized__Oil_Rent_Intensive_Pre2016_ge1pct,Regulatory_Quality_lag1,normalized,Oil_Rent_Intensive_Pre2016_ge1pct,Future_Period,train_to_2012__test_from_2013,RandomForest,added_model_vs_strongest_benchmark,-0.010999999999999992,0.995
M2_Macro_Oil_vs_M3_Macro_Oil_RegQuality__normalized__Oil_Rent_Intensive_Pre2016_ge1pct,Regulatory_Quality_lag1,normalized,Oil_Rent_Intensive_Pre2016_ge1pct,Future_Period,train_to_2012__test_from_2013,RandomForest,added_model_vs_strongest_benchmark,-0.010499999999999992,0.995
M2_Macro_Oil_vs_M3_Macro_Oil_RegQuality__normalized__Oil_Rent_Intensive_Pre2016_ge1pct,Regulatory_Quality_lag1,normalized,Oil_Rent_Intensive_Pre2016_ge1pct,Future_Period,train_to_2012__test_from_2013,RandomForest,added_model_vs_strongest_benchmark,-0.009999999999999992,0.995
M2_Macro_Oil_vs_M3_Macro_Oil_RegQuality__normalized__Oil_Rent_Intensive_Pre2016_ge1pct,Regulatory_Quality_lag1,normalized,Oil_Rent_Intensive_Pre2016_ge1pct,Future_Period,train_to_2012__test_from_2013,RandomForest,added_model_vs_strongest_benchmark,-0.009499999999999991,0.9945
M2_Macro_Oil_vs_M3_Macro_Oil_RegQuality__normalized__Oil_Rent_Intensive_Pre2016_ge1pct,Regulatory_Quality_lag1,normalized,Oil_Rent_Intensive_Pre2016_ge1pct,Future_Period,train_to_2012__test_from_2013,RandomForest,added_model_vs_strongest_benchmark,-0.00899999999999999,0.994
M2_Macro_Oil_vs_M3_Macro_Oil_RegQuality__normalized__Oil_Rent_Intensive_Pre2016_ge1pct,Regulatory_Quality_lag1,normalized,Oil_Rent_Intensive_Pre2016_ge1pct,Future_Period,train_to_2012__test_from_2013,RandomForest,added_model_vs_strongest_benchmark,-0.00849999999999999,0.994
M2_Macro_Oil_vs_M3_Macro_Oil_RegQuality__normalized__Oil_Rent_Intensive_Pre2016_ge1pct,Regulatory_Quality_lag1,normalized,Oil_Rent_Intensive_Pre2016_ge1pct,Future_Period,train_to_2012__test_from_2013,RandomForest,added_model_vs_strongest_benchmark,-0.00799999999999999,0.994
M2_Macro_Oil_vs_M3_Macro_Oil_RegQuality__normalized__Oil_Rent_Intensive_Pre2016_ge1pct,Regulatory_Quality_lag1,normalized,Oil_Rent_Intensive_Pre2016_ge1pct,Future_Period,train_to_2012__test_from_2013,RandomForest,added_model_vs_strongest_benchmark,-0.007499999999999989,0.9935
M2_Macro_Oil_vs_M3_Macro_Oil_RegQuality__normalized__Oil_Rent_Intensive_Pre2016_ge1pct,Regulatory_Quality_lag1,normalized,Oil_Rent_Intensive_Pre2016_ge1pct,Future_Period,train_to_2012__test_from_2013,RandomForest,added_model_vs_strongest_benchmark,-0.006999999999999989,0.993
M2_Macro_Oil_vs_M3_Macro_Oil_RegQuality__normalized__Oil_Rent_Intensive_Pre2016_ge1pct,Regulatory_Quality_lag1,normalized,Oil_Rent_Intensive_Pre2016_ge1pct,Future_Period,train_to_2012__test_from_2013,RandomForest,added_model_vs_strongest_benchmark,-0.006499999999999988,0.993
M2_Macro_Oil_vs_M3_Macro_Oil_RegQuality__normalized__Oil_Rent_Intensive_Pre2016_ge1pct,Regulatory_Quality_lag1,normalized,Oil_Rent_Intensive_Pre2016_ge1pct,Future_Period,train_to_2012__test_from_2013,RandomForest,added_model_vs_strongest_benchmark,-0.005999999999999988,0.993
M2_Macro_Oil_vs_M3_Macro_Oil_RegQuality__normalized__Oil_Rent_Intensive_Pre2016_ge1pct,Regulatory_Quality_lag1,normalized,Oil_Rent_Intensive_Pre2016_ge1pct,Future_Period,train_to_2012__test_from_2013,RandomForest,added_model_vs_strongest_benchmark,-0.0054999999999999875,0.993
M2_Macro_Oil_vs_M3_Macro_Oil_RegQuality__normalized__Oil_Rent_Intensive_Pre2016_ge1pct,Regulatory_Quality_lag1,normalized,Oil_Rent_Intensive_Pre2016_ge1pct,Future_Period,train_to_2012__test_from_2013,RandomForest,added_model_vs_strongest_benchmark,-0.004999999999999987,0.993
M2_Macro_Oil_vs_M3_Macro_Oil_RegQuality__normalized__Oil_Rent_Intensive_Pre2016_ge1pct,Regulatory_Quality_lag1,normalized,Oil_Rent_Intensive_Pre2016_ge1pct,Future_Period,train_to_2012__test_from_2013,RandomForest,added_model_vs_strongest_benchmark,-0.004499999999999987,0.9925
M2_Macro_Oil_vs_M3_Macro_Oil_RegQuality__normalized__Oil_Rent_Intensive_Pre2016_ge1pct,Regulatory_Quality_lag1,normalized,Oil_Rent_Intensive_Pre2016_ge1pct,Future_Period,train_to_2012__test_from_2013,RandomForest,added_model_vs_strongest_benchmark,-0.003999999999999986,0.9925
M2_Macro_Oil_vs_M3_Macro_Oil_RegQuality__normalized__Oil_Rent_Intensive_Pre2016_ge1pct,Regulatory_Quality_lag1,normalized,Oil_Rent_Intensive_Pre2016_ge1pct,Future_Period,train_to_2012__test_from_2013,RandomForest,added_model_vs_strongest_benchmark,-0.0034999999999999858,0.9925
M2_Macro_Oil_vs_M3_Macro_Oil_RegQuality__normalized__Oil_Rent_Intensive_Pre2016_ge1pct,Regulatory_Quality_lag1,normalized,Oil_Rent_Intensive_Pre2016_ge1pct,Future_Period,train_to_2012__test_from_2013,RandomForest,added_model_vs_strongest_benchmark,-0.0029999999999999853,0.9925
M2_Macro_Oil_vs_M3_Macro_Oil_RegQuality__normalized__Oil_Rent_Intensive_Pre2016_ge1pct,Regulatory_Quality_lag1,normalized,Oil_Rent_Intensive_Pre2016_ge1pct,Future_Period,train_to_2012__test_from_2013,RandomForest,added_model_vs_strongest_benchmark,-0.002499999999999985,0.9925
M2_Macro_Oil_vs_M3_Macro_Oil_RegQuality__normalized__Oil_Rent_Intensive_Pre2016_ge1pct,Regulatory_Quality_lag1,normalized,Oil_Rent_Intensive_Pre2016_ge1pct,Future_Period,train_to_2012__test_from_2013,RandomForest,added_model_vs_strongest_benchmark,-0.0019999999999999844,0.9925
M2_Macro_Oil_vs_M3_Macro_Oil_RegQuality__normalized__Oil_Rent_Intensive_Pre2016_ge1pct,Regulatory_Quality_lag1,normalized,Oil_Rent_Intensive_Pre2016_ge1pct,Future_Period,train_to_2012__test_from_2013,RandomForest,added_model_vs_strongest_benchmark,-0.001499999999999984,0.992
M2_Macro_Oil_vs_M3_Macro_Oil_RegQuality__normalized__Oil_Rent_Intensive_Pre2016_ge1pct,Regulatory_Quality_lag1,normalized,Oil_Rent_Intensive_Pre2016_ge1pct,Future_Period,train_to_2012__test_from_2013,RandomForest,added_model_vs_strongest_benchmark,-0.0009999999999999835,0.9915
M2_Macro_Oil_vs_M3_Macro_Oil_RegQuality__normalized__Oil_Rent_Intensive_Pre2016_ge1pct,Regulatory_Quality_lag1,normalized,Oil_Rent_Intensive_Pre2016_ge1pct,Future_Period,train_to_2012__test_from_2013,RandomForest,added_model_vs_strongest_benchmark,-0.0004999999999999831,0.9915
M2_Macro_Oil_vs_M3_Macro_Oil_RegQuality__normalized__Oil_Rent_Intensive_Pre2016_ge1pct,Regulatory_Quality_lag1,normalized,Oil_Rent_Intensive_Pre2016_ge1pct,Future_Period,train_to_2012__test_from_2013,RandomForest,added_model_vs_strongest_benchmark,1.734723475976807e-17,0.991
M2_Macro_Oil_vs_M3_Macro_Oil_RegQuality__normalized__Oil_Rent_Intensive_Pre2016_ge1pct,Regulatory_Quality_lag1,normalized,Oil_Rent_Intensive_Pre2016_ge1pct,Future_Period,train_to_2012__test_from_2013,RandomForest,added_model_vs_strongest_benchmark,0.0005000000000000178,0.991
M2_Macro_Oil_vs_M3_Macro_Oil_RegQuality__normalized__Oil_Rent_Intensive_Pre2016_ge1pct,Regulatory_Quality_lag1,normalized,Oil_Rent_Intensive_Pre2016_ge1pct,Future_Period,train_to_2012__test_from_2013,RandomForest,added_model_vs_strongest_benchmark,0.0010000000000000182,0.99
M2_Macro_Oil_vs_M3_Macro_Oil_RegQuality__normalized__Oil_Rent_Intensive_Pre2016_ge1pct,Regulatory_Quality_lag1,normalized,Oil_Rent_Intensive_Pre2016_ge1pct,Future_Period,train_to_2012__test_from_2013,RandomForest,added_model_vs_strongest_benchmark,0.0015000000000000187,0.9895
M2_Macro_Oil_vs_M3_Macro_Oil_RegQuality__normalized__Oil_Rent_Intensive_Pre2016_ge1pct,Regulatory_Quality_lag1,normalized,Oil_Rent_Intensive_Pre2016_ge1pct,Future_Period,train_to_2012__test_from_2013,RandomForest,added_model_vs_strongest_benchmark,0.002000000000000019,0.9895
M2_Macro_Oil_vs_M3_Macro_Oil_RegQuality__normalized__Oil_Rent_Intensive_Pre2016_ge1pct,Regulatory_Quality_lag1,normalized,Oil_Rent_Intensive_Pre2016_ge1pct,Future_Period,train_to_2012__test_from_2013,RandomForest,added_model_vs_strongest_benchmark,0.0025000000000000196,0.9895
M2_Macro_Oil_vs_M3_Macro_Oil_RegQuality__normalized__Oil_Rent_Intensive_Pre2016_ge1pct,Regulatory_Quality_lag1,normalized,Oil_Rent_Intensive_Pre2016_ge1pct,Future_Period,train_to_2012__test_from_2013,RandomForest,added_model_vs_strongest_benchmark,0.00300000000000002,0.9895
M2_Macro_Oil_vs_M3_Macro_Oil_RegQuality__normalized__Oil_Rent_Intensive_Pre2016_ge1pct,Regulatory_Quality_lag1,normalized,Oil_Rent_Intensive_Pre2016_ge1pct,Future_Period,train_to_2012__test_from_2013,RandomForest,added_model_vs_strongest_benchmark,0.0035000000000000205,0.9885
M2_Macro_Oil_vs_M3_Macro_Oil_RegQuality__normalized__Oil_Rent_Intensive_Pre2016_ge1pct,Regulatory_Quality_lag1,normalized,Oil_Rent_Intensive_Pre2016_ge1pct,Future_Period,train_to_2012__test_from_2013,RandomForest,added_model_vs_strongest_benchmark,0.004000000000000021,0.9885
M2_Macro_Oil_vs_M3_Macro_Oil_RegQuality__normalized__Oil_Rent_Intensive_Pre2016_ge1pct,Regulatory_Quality_lag1,normalized,Oil_Rent_Intensive_Pre2016_ge1pct,Future_Period,train_to_2012__test_from_2013,RandomForest,added_model_vs_strongest_benchmark,0.004500000000000021,0.988
M2_Macro_Oil_vs_M3_Macro_Oil_RegQuality__normalized__Oil_Rent_Intensive_Pre2016_ge1pct,Regulatory_Quality_lag1,normalized,Oil_Rent_Intensive_Pre2016_ge1pct,Future_Period,train_to_2012__test_from_2013,RandomForest,added_model_vs_strongest_benchmark,0.005000000000000022,0.9875
M2_Macro_Oil_vs_M3_Macro_Oil_RegQuality__normalized__Oil_Rent_Intensive_Pre2016_ge1pct,Regulatory_Quality_lag1,normalized,Oil_Rent_Intensive_Pre2016_ge1pct,Future_Period,train_to_2012__test_from_2013,RandomForest,added_model_vs_strongest_benchmark,0.005500000000000022,0.9875
M2_Macro_Oil_vs_M3_Macro_Oil_RegQuality__normalized__Oil_Rent_Intensive_Pre2016_ge1pct,Regulatory_Quality_lag1,normalized,Oil_Rent_Intensive_Pre2016_ge1pct,Future_Period,train_to_2012__test_from_2013,RandomForest,added_model_vs_strongest_benchmark,0.006000000000000023,0.9875
M2_Macro_Oil_vs_M3_Macro_Oil_RegQuality__normalized__Oil_Rent_Intensive_Pre2016_ge1pct,Regulatory_Quality_lag1,normalized,Oil_Rent_Intensive_Pre2016_ge1pct,Future_Period,train_to_2012__test_from_2013,RandomForest,added_model_vs_strongest_benchmark,0.006500000000000023,0.987
M2_Macro_Oil_vs_M3_Macro_Oil_RegQuality__normalized__Oil_Rent_Intensive_Pre2016_ge1pct,Regulatory_Quality_lag1,normalized,Oil_Rent_Intensive_Pre2016_ge1pct,Future_Period,train_to_2012__test_from_2013,RandomForest,added_model_vs_strongest_benchmark,0.0070000000000000236,0.9865
M2_Macro_Oil_vs_M3_Macro_Oil_RegQuality__normalized__Oil_Rent_Intensive_Pre2016_ge1pct,Regulatory_Quality_lag1,normalized,Oil_Rent_Intensive_Pre2016_ge1pct,Future_Period,train_to_2012__test_from_2013,RandomForest,added_model_vs_strongest_benchmark,0.007500000000000024,0.986
M2_Macro_Oil_vs_M3_Macro_Oil_RegQuality__normalized__Oil_Rent_Intensive_Pre2016_ge1pct,Regulatory_Quality_lag1,normalized,Oil_Rent_Intensive_Pre2016_ge1pct,Future_Period,train_to_2012__test_from_2013,RandomForest,added_model_vs_strongest_benchmark,0.008000000000000024,0.9855
M2_Macro_Oil_vs_M3_Macro_Oil_RegQuality__normalized__Oil_Rent_Intensive_Pre2016_ge1pct,Regulatory_Quality_lag1,normalized,Oil_Rent_Intensive_Pre2016_ge1pct,Future_Period,train_to_2012__test_from_2013,RandomForest,added_model_vs_strongest_benchmark,0.008500000000000025,0.9855
M2_Macro_Oil_vs_M3_Macro_Oil_RegQuality__normalized__Oil_Rent_Intensive_Pre2016_ge1pct,Regulatory_Quality_lag1,normalized,Oil_Rent_Intensive_Pre2016_ge1pct,Future_Period,train_to_2012__test_from_2013,RandomForest,added_model_vs_strongest_benchmark,0.009000000000000025,0.9855
M2_Macro_Oil_vs_M3_Macro_Oil_RegQuality__normalized__Oil_Rent_Intensive_Pre2016_ge1pct,Regulatory_Quality_lag1,normalized,Oil_Rent_Intensive_Pre2016_ge1pct,Future_Period,train_to_2012__test_from_2013,RandomForest,added_model_vs_strongest_benchmark,0.009500000000000026,0.9855
M2_Macro_Oil_vs_M3_Macro_Oil_RegQuality__normalized__Oil_Rent_Intensive_Pre2016_ge1pct,Regulatory_Quality_lag1,normalized,Oil_Rent_Intensive_Pre2016_ge1pct,Future_Period,train_to_2012__test_from_2013,RandomForest,added_model_vs_strongest_benchmark,0.010000000000000026,0.9855
M2_Macro_Oil_vs_M3_Macro_Oil_RegQuality__normalized__Oil_Rent_Intensive_Pre2016_ge1pct,Regulatory_Quality_lag1,normalized,Oil_Rent_Intensive_Pre2016_ge1pct,Future_Period,train_to_2012__test_from_2013,RandomForest,added_model_vs_strongest_benchmark,0.010500000000000027,0.9855
M2_Macro_Oil_vs_M3_Macro_Oil_RegQuality__normalized__Oil_Rent_Intensive_Pre2016_ge1pct,Regulatory_Quality_lag1,normalized,Oil_Rent_Intensive_Pre2016_ge1pct,Future_Period,train_to_2012__test_from_2013,RandomForest,added_model_vs_strongest_benchmark,0.011000000000000027,0.984
M2_Macro_Oil_vs_M3_Macro_Oil_RegQuality__normalized__Oil_Rent_Intensive_Pre2016_ge1pct,Regulatory_Quality_lag1,normalized,Oil_Rent_Intensive_Pre2016_ge1pct,Future_Period,train_to_2012__test_from_2013,RandomForest,added_model_vs_strongest_benchmark,0.011500000000000028,0.9835
M2_Macro_Oil_vs_M3_Macro_Oil_RegQuality__normalized__Oil_Rent_Intensive_Pre2016_ge1pct,Regulatory_Quality_lag1,normalized,Oil_Rent_Intensive_Pre2016_ge1pct,Future_Period,train_to_2012__test_from_2013,RandomForest,added_model_vs_strongest_benchmark,0.012000000000000028,0.9835
M2_Macro_Oil_vs_M3_Macro_Oil_RegQuality__normalized__Oil_Rent_Intensive_Pre2016_ge1pct,Regulatory_Quality_lag1,normalized,Oil_Rent_Intensive_Pre2016_ge1pct,Future_Period,train_to_2012__test_from_2013,RandomForest,added_model_vs_strongest_benchmark,0.012500000000000028,0.983
M2_Macro_Oil_vs_M3_Macro_Oil_RegQuality__normalized__Oil_Rent_Intensive_Pre2016_ge1pct,Regulatory_Quality_lag1,normalized,Oil_Rent_Intensive_Pre2016_ge1pct,Future_Period,train_to_2012__test_from_2013,RandomForest,added_model_vs_strongest_benchmark,0.013000000000000029,0.983
M2_Macro_Oil_vs_M3_Macro_Oil_RegQuality__normalized__Oil_Rent_Intensive_Pre2016_ge1pct,Regulatory_Quality_lag1,normalized,Oil_Rent_Intensive_Pre2016_ge1pct,Future_Period,train_to_2012__test_from_2013,RandomForest,added_model_vs_strongest_benchmark,0.01350000000000003,0.983
M2_Macro_Oil_vs_M3_Macro_Oil_RegQuality__normalized__Oil_Rent_Intensive_Pre2016_ge1pct,Regulatory_Quality_lag1,normalized,Oil_Rent_Intensive_Pre2016_ge1pct,Future_Period,train_to_2012__test_from_2013,RandomForest,added_model_vs_strongest_benchmark,0.01400000000000003,0.983
M2_Macro_Oil_vs_M3_Macro_Oil_RegQuality__normalized__Oil_Rent_Intensive_Pre2016_ge1pct,Regulatory_Quality_lag1,normalized,Oil_Rent_Intensive_Pre2016_ge1pct,Future_Period,train_to_2012__test_from_2013,RandomForest,added_model_vs_strongest_benchmark,0.01450000000000003,0.9825
M2_Macro_Oil_vs_M3_Macro_Oil_RegQuality__normalized__Oil_Rent_Intensive_Pre2016_ge1pct,Regulatory_Quality_lag1,normalized,Oil_Rent_Intensive_Pre2016_ge1pct,Future_Period,train_to_2012__test_from_2013,RandomForest,added_model_vs_strongest_benchmark,0.01500000000000003,0.9825
M2_Macro_Oil_vs_M3_Macro_Oil_RegQuality__normalized__Oil_Rent_Intensive_Pre2016_ge1pct,Regulatory_Quality_lag1,normalized,Oil_Rent_Intensive_Pre2016_ge1pct,Future_Period,train_to_2012__test_from_2013,RandomForest,added_model_vs_strongest_benchmark,0.015500000000000031,0.9825
M2_Macro_Oil_vs_M3_Macro_Oil_RegQuality__normalized__Oil_Rent_Intensive_Pre2016_ge1pct,Regulatory_Quality_lag1,normalized,Oil_Rent_Intensive_Pre2016_ge1pct,Future_Period,train_to_2012__test_from_2013,RandomForest,added_model_vs_strongest_benchmark,0.01600000000000003,0.9825
M2_Macro_Oil_vs_M3_Macro_Oil_RegQuality__normalized__Oil_Rent_Intensive_Pre2016_ge1pct,Regulatory_Quality_lag1,normalized,Oil_Rent_Intensive_Pre2016_ge1pct,Future_Period,train_to_2012__test_from_2013,RandomForest,added_model_vs_strongest_benchmark,0.016500000000000032,0.9825
M2_Macro_Oil_vs_M3_Macro_Oil_RegQuality__normalized__Oil_Rent_Intensive_Pre2016_ge1pct,Regulatory_Quality_lag1,normalized,Oil_Rent_Intensive_Pre2016_ge1pct,Future_Period,train_to_2012__test_from_2013,RandomForest,added_model_vs_strongest_benchmark,0.017000000000000032,0.982
M2_Macro_Oil_vs_M3_Macro_Oil_RegQuality__normalized__Oil_Rent_Intensive_Pre2016_ge1pct,Regulatory_Quality_lag1,normalized,Oil_Rent_Intensive_Pre2016_ge1pct,Future_Period,train_to_2012__test_from_2013,RandomForest,added_model_vs_strongest_benchmark,0.017500000000000033,0.982
M2_Macro_Oil_vs_M3_Macro_Oil_RegQuality__normalized__Oil_Rent_Intensive_Pre2016_ge1pct,Regulatory_Quality_lag1,normalized,Oil_Rent_Intensive_Pre2016_ge1pct,Future_Period,train_to_2012__test_from_2013,RandomForest,added_model_vs_strongest_benchmark,0.018000000000000033,0.9815
M2_Macro_Oil_vs_M3_Macro_Oil_RegQuality__normalized__Oil_Rent_Intensive_Pre2016_ge1pct,Regulatory_Quality_lag1,normalized,Oil_Rent_Intensive_Pre2016_ge1pct,Future_Period,train_to_2012__test_from_2013,RandomForest,added_model_vs_strongest_benchmark,0.018500000000000034,0.981
M2_Macro_Oil_vs_M3_Macro_Oil_RegQuality__normalized__Oil_Rent_Intensive_Pre2016_ge1pct,Regulatory_Quality_lag1,normalized,Oil_Rent_Intensive_Pre2016_ge1pct,Future_Period,train_to_2012__test_from_2013,RandomForest,added_model_vs_strongest_benchmark,0.019000000000000034,0.981
M2_Macro_Oil_vs_M3_Macro_Oil_RegQuality__normalized__Oil_Rent_Intensive_Pre2016_ge1pct,Regulatory_Quality_lag1,normalized,Oil_Rent_Intensive_Pre2016_ge1pct,Future_Period,train_to_2012__test_from_2013,RandomForest,added_model_vs_strongest_benchmark,0.019500000000000035,0.9805
M2_Macro_Oil_vs_M3_Macro_Oil_RegQuality__normalized__Oil_Rent_Intensive_Pre2016_ge1pct,Regulatory_Quality_lag1,normalized,Oil_Rent_Intensive_Pre2016_ge1pct,Future_Period,train_to_2012__test_from_2013,RandomForest,added_model_vs_strongest_benchmark,0.020000000000000035,0.9805
M2_Macro_Oil_vs_M3_Macro_Oil_RegQuality__normalized__Oil_Rent_Intensive_Pre2016_ge1pct,Regulatory_Quality_lag1,normalized,Oil_Rent_Intensive_Pre2016_ge1pct,Future_Period,train_to_2012__test_from_2013,RandomForest,added_model_vs_strongest_benchmark,0.020500000000000036,0.9805
M2_Macro_Oil_vs_M3_Macro_Oil_RegQuality__normalized__Oil_Rent_Intensive_Pre2016_ge1pct,Regulatory_Quality_lag1,normalized,Oil_Rent_Intensive_Pre2016_ge1pct,Future_Period,train_to_2012__test_from_2013,RandomForest,added_model_vs_strongest_benchmark,0.021000000000000036,0.9805
M2_Macro_Oil_vs_M3_Macro_Oil_RegQuality__normalized__Oil_Rent_Intensive_Pre2016_ge1pct,Regulatory_Quality_lag1,normalized,Oil_Rent_Intensive_Pre2016_ge1pct,Future_Period,train_to_2012__test_from_2013,RandomForest,added_model_vs_strongest_benchmark,0.021500000000000036,0.98
M2_Macro_Oil_vs_M3_Macro_Oil_RegQuality__normalized__Oil_Rent_Intensive_Pre2016_ge1pct,Regulatory_Quality_lag1,normalized,Oil_Rent_Intensive_Pre2016_ge1pct,Future_Period,train_to_2012__test_from_2013,RandomForest,added_model_vs_strongest_benchmark,0.022000000000000037,0.979
M2_Macro_Oil_vs_M3_Macro_Oil_RegQuality__normalized__Oil_Rent_Intensive_Pre2016_ge1pct,Regulatory_Quality_lag1,normalized,Oil_Rent_Intensive_Pre2016_ge1pct,Future_Period,train_to_2012__test_from_2013,RandomForest,added_model_vs_strongest_benchmark,0.022500000000000037,0.979
M2_Macro_Oil_vs_M3_Macro_Oil_RegQuality__normalized__Oil_Rent_Intensive_Pre2016_ge1pct,Regulatory_Quality_lag1,normalized,Oil_Rent_Intensive_Pre2016_ge1pct,Future_Period,train_to_2012__test_from_2013,RandomForest,added_model_vs_strongest_benchmark,0.023000000000000038,0.978
M2_Macro_Oil_vs_M3_Macro_Oil_RegQuality__normalized__Oil_Rent_Intensive_Pre2016_ge1pct,Regulatory_Quality_lag1,normalized,Oil_Rent_Intensive_Pre2016_ge1pct,Future_Period,train_to_2012__test_from_2013,RandomForest,added_model_vs_strongest_benchmark,0.023500000000000038,0.9775
M2_Macro_Oil_vs_M3_Macro_Oil_RegQuality__normalized__Oil_Rent_Intensive_Pre2016_ge1pct,Regulatory_Quality_lag1,normalized,Oil_Rent_Intensive_Pre2016_ge1pct,Future_Period,train_to_2012__test_from_2013,RandomForest,added_model_vs_strongest_benchmark,0.02400000000000004,0.977
M2_Macro_Oil_vs_M3_Macro_Oil_RegQuality__normalized__Oil_Rent_Intensive_Pre2016_ge1pct,Regulatory_Quality_lag1,normalized,Oil_Rent_Intensive_Pre2016_ge1pct,Future_Period,train_to_2012__test_from_2013,RandomForest,added_model_vs_strongest_benchmark,0.02450000000000004,0.977
M2_Macro_Oil_vs_M3_Macro_Oil_RegQuality__normalized__Oil_Rent_Intensive_Pre2016_ge1pct,Regulatory_Quality_lag1,normalized,Oil_Rent_Intensive_Pre2016_ge1pct,Future_Period,train_to_2012__test_from_2013,RandomForest,added_model_vs_strongest_benchmark,0.02500000000000004,0.9765
M2_Macro_Oil_vs_M3_Macro_Oil_RegQuality__normalized__Oil_Rent_Intensive_Pre2016_ge1pct,Regulatory_Quality_lag1,normalized,Oil_Rent_Intensive_Pre2016_ge1pct,Future_Period,train_to_2012__test_from_2013,RandomForest,added_model_vs_strongest_benchmark,0.02550000000000004,0.9765
M2_Macro_Oil_vs_M3_Macro_Oil_RegQuality__normalized__Oil_Rent_Intensive_Pre2016_ge1pct,Regulatory_Quality_lag1,normalized,Oil_Rent_Intensive_Pre2016_ge1pct,Future_Period,train_to_2012__test_from_2013,RandomForest,added_model_vs_strongest_benchmark,0.02600000000000004,0.9765
M2_Macro_Oil_vs_M3_Macro_Oil_RegQuality__normalized__Oil_Rent_Intensive_Pre2016_ge1pct,Regulatory_Quality_lag1,normalized,Oil_Rent_Intensive_Pre2016_ge1pct,Future_Period,train_to_2012__test_from_2013,RandomForest,added_model_vs_strongest_benchmark,0.02650000000000004,0.976
M2_Macro_Oil_vs_M3_Macro_Oil_RegQuality__normalized__Oil_Rent_Intensive_Pre2016_ge1pct,Regulatory_Quality_lag1,normalized,Oil_Rent_Intensive_Pre2016_ge1pct,Future_Period,train_to_2012__test_from_2013,RandomForest,added_model_vs_strongest_benchmark,0.02700000000000004,0.976
M2_Macro_Oil_vs_M3_Macro_Oil_RegQuality__normalized__Oil_Rent_Intensive_Pre2016_ge1pct,Regulatory_Quality_lag1,normalized,Oil_Rent_Intensive_Pre2016_ge1pct,Future_Period,train_to_2012__test_from_2013,RandomForest,added_model_vs_strongest_benchmark,0.027500000000000042,0.976
M2_Macro_Oil_vs_M3_Macro_Oil_RegQuality__normalized__Oil_Rent_Intensive_Pre2016_ge1pct,Regulatory_Quality_lag1,normalized,Oil_Rent_Intensive_Pre2016_ge1pct,Future_Period,train_to_2012__test_from_2013,RandomForest,added_model_vs_strongest_benchmark,0.028000000000000042,0.976
M2_Macro_Oil_vs_M3_Macro_Oil_RegQuality__normalized__Oil_Rent_Intensive_Pre2016_ge1pct,Regulatory_Quality_lag1,normalized,Oil_Rent_Intensive_Pre2016_ge1pct,Future_Period,train_to_2012__test_from_2013,RandomForest,added_model_vs_strongest_benchmark,0.028500000000000043,0.9755
M2_Macro_Oil_vs_M3_Macro_Oil_RegQuality__normalized__Oil_Rent_Intensive_Pre2016_ge1pct,Regulatory_Quality_lag1,normalized,Oil_Rent_Intensive_Pre2016_ge1pct,Future_Period,train_to_2012__test_from_2013,RandomForest,added_model_vs_strongest_benchmark,0.029000000000000043,0.975
M2_Macro_Oil_vs_M3_Macro_Oil_RegQuality__normalized__Oil_Rent_Intensive_Pre2016_ge1pct,Regulatory_Quality_lag1,normalized,Oil_Rent_Intensive_Pre2016_ge1pct,Future_Period,train_to_2012__test_from_2013,RandomForest,added_model_vs_strongest_benchmark,0.029500000000000044,0.975
M2_Macro_Oil_vs_M3_Macro_Oil_RegQuality__normalized__Oil_Rent_Intensive_Pre2016_ge1pct,Regulatory_Quality_lag1,normalized,Oil_Rent_Intensive_Pre2016_ge1pct,Future_Period,train_to_2012__test_from_2013,RandomForest,added_model_vs_strongest_benchmark,0.030000000000000044,0.975
M2_Macro_Oil_vs_M3_Macro_Oil_RegQuality__normalized__Oil_Rent_Intensive_Pre2016_ge1pct,Regulatory_Quality_lag1,normalized,Oil_Rent_Intensive_Pre2016_ge1pct,Future_Period,train_to_2014__test_from_2015,Ridge,signal_increment,-0.02,1.0
M2_Macro_Oil_vs_M3_Macro_Oil_RegQuality__normalized__Oil_Rent_Intensive_Pre2016_ge1pct,Regulatory_Quality_lag1,normalized,Oil_Rent_Intensive_Pre2016_ge1pct,Future_Period,train_to_2014__test_from_2015,Ridge,signal_increment,-0.0195,1.0
M2_Macro_Oil_vs_M3_Macro_Oil_RegQuality__normalized__Oil_Rent_Intensive_Pre2016_ge1pct,Regulatory_Quality_lag1,normalized,Oil_Rent_Intensive_Pre2016_ge1pct,Future_Period,train_to_2014__test_from_2015,Ridge,signal_increment,-0.019,1.0
M2_Macro_Oil_vs_M3_Macro_Oil_RegQuality__normalized__Oil_Rent_Intensive_Pre2016_ge1pct,Regulatory_Quality_lag1,normalized,Oil_Rent_Intensive_Pre2016_ge1pct,Future_Period,train_to_2014__test_from_2015,Ridge,signal_increment,-0.0185,1.0
M2_Macro_Oil_vs_M3_Macro_Oil_RegQuality__normalized__Oil_Rent_Intensive_Pre2016_ge1pct,Regulatory_Quality_lag1,normalized,Oil_Rent_Intensive_Pre2016_ge1pct,Future_Period,train_to_2014__test_from_2015,Ridge,signal_increment,-0.018,1.0
M2_Macro_Oil_vs_M3_Macro_Oil_RegQuality__normalized__Oil_Rent_Intensive_Pre2016_ge1pct,Regulatory_Quality_lag1,normalized,Oil_Rent_Intensive_Pre2016_ge1pct,Future_Period,train_to_2014__test_from_2015,Ridge,signal_increment,-0.017499999999999998,1.0
M2_Macro_Oil_vs_M3_Macro_Oil_RegQuality__normalized__Oil_Rent_Intensive_Pre2016_ge1pct,Regulatory_Quality_lag1,normalized,Oil_Rent_Intensive_Pre2016_ge1pct,Future_Period,train_to_2014__test_from_2015,Ridge,signal_increment,-0.016999999999999998,1.0
M2_Macro_Oil_vs_M3_Macro_Oil_RegQuality__normalized__Oil_Rent_Intensive_Pre2016_ge1pct,Regulatory_Quality_lag1,normalized,Oil_Rent_Intensive_Pre2016_ge1pct,Future_Period,train_to_2014__test_from_2015,Ridge,signal_increment,-0.016499999999999997,1.0
M2_Macro_Oil_vs_M3_Macro_Oil_RegQuality__normalized__Oil_Rent_Intensive_Pre2016_ge1pct,Regulatory_Quality_lag1,normalized,Oil_Rent_Intensive_Pre2016_ge1pct,Future_Period,train_to_2014__test_from_2015,Ridge,signal_increment,-0.015999999999999997,1.0
M2_Macro_Oil_vs_M3_Macro_Oil_RegQuality__normalized__Oil_Rent_Intensive_Pre2016_ge1pct,Regulatory_Quality_lag1,normalized,Oil_Rent_Intensive_Pre2016_ge1pct,Future_Period,train_to_2014__test_from_2015,Ridge,signal_increment,-0.015499999999999996,1.0
M2_Macro_Oil_vs_M3_Macro_Oil_RegQuality__normalized__Oil_Rent_Intensive_Pre2016_ge1pct,Regulatory_Quality_lag1,normalized,Oil_Rent_Intensive_Pre2016_ge1pct,Future_Period,train_to_2014__test_from_2015,Ridge,signal_increment,-0.014999999999999996,1.0
M2_Macro_Oil_vs_M3_Macro_Oil_RegQuality__normalized__Oil_Rent_Intensive_Pre2016_ge1pct,Regulatory_Quality_lag1,normalized,Oil_Rent_Intensive_Pre2016_ge1pct,Future_Period,train_to_2014__test_from_2015,Ridge,signal_increment,-0.014499999999999996,1.0
M2_Macro_Oil_vs_M3_Macro_Oil_RegQuality__normalized__Oil_Rent_Intensive_Pre2016_ge1pct,Regulatory_Quality_lag1,normalized,Oil_Rent_Intensive_Pre2016_ge1pct,Future_Period,train_to_2014__test_from_2015,Ridge,signal_increment,-0.013999999999999995,1.0
M2_Macro_Oil_vs_M3_Macro_Oil_RegQuality__normalized__Oil_Rent_Intensive_Pre2016_ge1pct,Regulatory_Quality_lag1,normalized,Oil_Rent_Intensive_Pre2016_ge1pct,Future_Period,train_to_2014__test_from_2015,Ridge,signal_increment,-0.013499999999999995,1.0
M2_Macro_Oil_vs_M3_Macro_Oil_RegQuality__normalized__Oil_Rent_Intensive_Pre2016_ge1pct,Regulatory_Quality_lag1,normalized,Oil_Rent_Intensive_Pre2016_ge1pct,Future_Period,train_to_2014__test_from_2015,Ridge,signal_increment,-0.012999999999999994,1.0
M2_Macro_Oil_vs_M3_Macro_Oil_RegQuality__normalized__Oil_Rent_Intensive_Pre2016_ge1pct,Regulatory_Quality_lag1,normalized,Oil_Rent_Intensive_Pre2016_ge1pct,Future_Period,train_to_2014__test_from_2015,Ridge,signal_increment,-0.012499999999999994,1.0
M2_Macro_Oil_vs_M3_Macro_Oil_RegQuality__normalized__Oil_Rent_Intensive_Pre2016_ge1pct,Regulatory_Quality_lag1,normalized,Oil_Rent_Intensive_Pre2016_ge1pct,Future_Period,train_to_2014__test_from_2015,Ridge,signal_increment,-0.011999999999999993,1.0
M2_Macro_Oil_vs_M3_Macro_Oil_RegQuality__normalized__Oil_Rent_Intensive_Pre2016_ge1pct,Regulatory_Quality_lag1,normalized,Oil_Rent_Intensive_Pre2016_ge1pct,Future_Period,train_to_2014__test_from_2015,Ridge,signal_increment,-0.011499999999999993,1.0
M2_Macro_Oil_vs_M3_Macro_Oil_RegQuality__normalized__Oil_Rent_Intensive_Pre2016_ge1pct,Regulatory_Quality_lag1,normalized,Oil_Rent_Intensive_Pre2016_ge1pct,Future_Period,train_to_2014__test_from_2015,Ridge,signal_increment,-0.010999999999999992,1.0
M2_Macro_Oil_vs_M3_Macro_Oil_RegQuality__normalized__Oil_Rent_Intensive_Pre2016_ge1pct,Regulatory_Quality_lag1,normalized,Oil_Rent_Intensive_Pre2016_ge1pct,Future_Period,train_to_2014__test_from_2015,Ridge,signal_increment,-0.010499999999999992,1.0
M2_Macro_Oil_vs_M3_Macro_Oil_RegQuality__normalized__Oil_Rent_Intensive_Pre2016_ge1pct,Regulatory_Quality_lag1,normalized,Oil_Rent_Intensive_Pre2016_ge1pct,Future_Period,train_to_2014__test_from_2015,Ridge,signal_increment,-0.009999999999999992,1.0
M2_Macro_Oil_vs_M3_Macro_Oil_RegQuality__normalized__Oil_Rent_Intensive_Pre2016_ge1pct,Regulatory_Quality_lag1,normalized,Oil_Rent_Intensive_Pre2016_ge1pct,Future_Period,train_to_2014__test_from_2015,Ridge,signal_increment,-0.009499999999999991,1.0
M2_Macro_Oil_vs_M3_Macro_Oil_RegQuality__normalized__Oil_Rent_Intensive_Pre2016_ge1pct,Regulatory_Quality_lag1,normalized,Oil_Rent_Intensive_Pre2016_ge1pct,Future_Period,train_to_2014__test_from_2015,Ridge,signal_increment,-0.00899999999999999,1.0
M2_Macro_Oil_vs_M3_Macro_Oil_RegQuality__normalized__Oil_Rent_Intensive_Pre2016_ge1pct,Regulatory_Quality_lag1,normalized,Oil_Rent_Intensive_Pre2016_ge1pct,Future_Period,train_to_2014__test_from_2015,Ridge,signal_increment,-0.00849999999999999,0.9995
M2_Macro_Oil_vs_M3_Macro_Oil_RegQuality__normalized__Oil_Rent_Intensive_Pre2016_ge1pct,Regulatory_Quality_lag1,normalized,Oil_Rent_Intensive_Pre2016_ge1pct,Future_Period,train_to_2014__test_from_2015,Ridge,signal_increment,-0.00799999999999999,0.9995
M2_Macro_Oil_vs_M3_Macro_Oil_RegQuality__normalized__Oil_Rent_Intensive_Pre2016_ge1pct,Regulatory_Quality_lag1,normalized,Oil_Rent_Intensive_Pre2016_ge1pct,Future_Period,train_to_2014__test_from_2015,Ridge,signal_increment,-0.007499999999999989,0.9995
M2_Macro_Oil_vs_M3_Macro_Oil_RegQuality__normalized__Oil_Rent_Intensive_Pre2016_ge1pct,Regulatory_Quality_lag1,normalized,Oil_Rent_Intensive_Pre2016_ge1pct,Future_Period,train_to_2014__test_from_2015,Ridge,signal_increment,-0.006999999999999989,0.9995
M2_Macro_Oil_vs_M3_Macro_Oil_RegQuality__normalized__Oil_Rent_Intensive_Pre2016_ge1pct,Regulatory_Quality_lag1,normalized,Oil_Rent_Intensive_Pre2016_ge1pct,Future_Period,train_to_2014__test_from_2015,Ridge,signal_increment,-0.006499999999999988,0.999
M2_Macro_Oil_vs_M3_Macro_Oil_RegQuality__normalized__Oil_Rent_Intensive_Pre2016_ge1pct,Regulatory_Quality_lag1,normalized,Oil_Rent_Intensive_Pre2016_ge1pct,Future_Period,train_to_2014__test_from_2015,Ridge,signal_increment,-0.005999999999999988,0.999
M2_Macro_Oil_vs_M3_Macro_Oil_RegQuality__normalized__Oil_Rent_Intensive_Pre2016_ge1pct,Regulatory_Quality_lag1,normalized,Oil_Rent_Intensive_Pre2016_ge1pct,Future_Period,train_to_2014__test_from_2015,Ridge,signal_increment,-0.0054999999999999875,0.9985
M2_Macro_Oil_vs_M3_Macro_Oil_RegQuality__normalized__Oil_Rent_Intensive_Pre2016_ge1pct,Regulatory_Quality_lag1,normalized,Oil_Rent_Intensive_Pre2016_ge1pct,Future_Period,train_to_2014__test_from_2015,Ridge,signal_increment,-0.004999999999999987,0.997
M2_Macro_Oil_vs_M3_Macro_Oil_RegQuality__normalized__Oil_Rent_Intensive_Pre2016_ge1pct,Regulatory_Quality_lag1,normalized,Oil_Rent_Intensive_Pre2016_ge1pct,Future_Period,train_to_2014__test_from_2015,Ridge,signal_increment,-0.004499999999999987,0.9955
M2_Macro_Oil_vs_M3_Macro_Oil_RegQuality__normalized__Oil_Rent_Intensive_Pre2016_ge1pct,Regulatory_Quality_lag1,normalized,Oil_Rent_Intensive_Pre2016_ge1pct,Future_Period,train_to_2014__test_from_2015,Ridge,signal_increment,-0.003999999999999986,0.9935
M2_Macro_Oil_vs_M3_Macro_Oil_RegQuality__normalized__Oil_Rent_Intensive_Pre2016_ge1pct,Regulatory_Quality_lag1,normalized,Oil_Rent_Intensive_Pre2016_ge1pct,Future_Period,train_to_2014__test_from_2015,Ridge,signal_increment,-0.0034999999999999858,0.9895
M2_Macro_Oil_vs_M3_Macro_Oil_RegQuality__normalized__Oil_Rent_Intensive_Pre2016_ge1pct,Regulatory_Quality_lag1,normalized,Oil_Rent_Intensive_Pre2016_ge1pct,Future_Period,train_to_2014__test_from_2015,Ridge,signal_increment,-0.0029999999999999853,0.984
M2_Macro_Oil_vs_M3_Macro_Oil_RegQuality__normalized__Oil_Rent_Intensive_Pre2016_ge1pct,Regulatory_Quality_lag1,normalized,Oil_Rent_Intensive_Pre2016_ge1pct,Future_Period,train_to_2014__test_from_2015,Ridge,signal_increment,-0.002499999999999985,0.976
M2_Macro_Oil_vs_M3_Macro_Oil_RegQuality__normalized__Oil_Rent_Intensive_Pre2016_ge1pct,Regulatory_Quality_lag1,normalized,Oil_Rent_Intensive_Pre2016_ge1pct,Future_Period,train_to_2014__test_from_2015,Ridge,signal_increment,-0.0019999999999999844,0.967
M2_Macro_Oil_vs_M3_Macro_Oil_RegQuality__normalized__Oil_Rent_Intensive_Pre2016_ge1pct,Regulatory_Quality_lag1,normalized,Oil_Rent_Intensive_Pre2016_ge1pct,Future_Period,train_to_2014__test_from_2015,Ridge,signal_increment,-0.001499999999999984,0.948
M2_Macro_Oil_vs_M3_Macro_Oil_RegQuality__normalized__Oil_Rent_Intensive_Pre2016_ge1pct,Regulatory_Quality_lag1,normalized,Oil_Rent_Intensive_Pre2016_ge1pct,Future_Period,train_to_2014__test_from_2015,Ridge,signal_increment,-0.0009999999999999835,0.9215
M2_Macro_Oil_vs_M3_Macro_Oil_RegQuality__normalized__Oil_Rent_Intensive_Pre2016_ge1pct,Regulatory_Quality_lag1,normalized,Oil_Rent_Intensive_Pre2016_ge1pct,Future_Period,train_to_2014__test_from_2015,Ridge,signal_increment,-0.0004999999999999831,0.8785
M2_Macro_Oil_vs_M3_Macro_Oil_RegQuality__normalized__Oil_Rent_Intensive_Pre2016_ge1pct,Regulatory_Quality_lag1,normalized,Oil_Rent_Intensive_Pre2016_ge1pct,Future_Period,train_to_2014__test_from_2015,Ridge,signal_increment,1.734723475976807e-17,0.8255
M2_Macro_Oil_vs_M3_Macro_Oil_RegQuality__normalized__Oil_Rent_Intensive_Pre2016_ge1pct,Regulatory_Quality_lag1,normalized,Oil_Rent_Intensive_Pre2016_ge1pct,Future_Period,train_to_2014__test_from_2015,Ridge,signal_increment,0.0005000000000000178,0.7405
M2_Macro_Oil_vs_M3_Macro_Oil_RegQuality__normalized__Oil_Rent_Intensive_Pre2016_ge1pct,Regulatory_Quality_lag1,normalized,Oil_Rent_Intensive_Pre2016_ge1pct,Future_Period,train_to_2014__test_from_2015,Ridge,signal_increment,0.0010000000000000182,0.6585
M2_Macro_Oil_vs_M3_Macro_Oil_RegQuality__normalized__Oil_Rent_Intensive_Pre2016_ge1pct,Regulatory_Quality_lag1,normalized,Oil_Rent_Intensive_Pre2016_ge1pct,Future_Period,train_to_2014__test_from_2015,Ridge,signal_increment,0.0015000000000000187,0.557
M2_Macro_Oil_vs_M3_Macro_Oil_RegQuality__normalized__Oil_Rent_Intensive_Pre2016_ge1pct,Regulatory_Quality_lag1,normalized,Oil_Rent_Intensive_Pre2016_ge1pct,Future_Period,train_to_2014__test_from_2015,Ridge,signal_increment,0.002000000000000019,0.463
M2_Macro_Oil_vs_M3_Macro_Oil_RegQuality__normalized__Oil_Rent_Intensive_Pre2016_ge1pct,Regulatory_Quality_lag1,normalized,Oil_Rent_Intensive_Pre2016_ge1pct,Future_Period,train_to_2014__test_from_2015,Ridge,signal_increment,0.0025000000000000196,0.36
M2_Macro_Oil_vs_M3_Macro_Oil_RegQuality__normalized__Oil_Rent_Intensive_Pre2016_ge1pct,Regulatory_Quality_lag1,normalized,Oil_Rent_Intensive_Pre2016_ge1pct,Future_Period,train_to_2014__test_from_2015,Ridge,signal_increment,0.00300000000000002,0.2615
M2_Macro_Oil_vs_M3_Macro_Oil_RegQuality__normalized__Oil_Rent_Intensive_Pre2016_ge1pct,Regulatory_Quality_lag1,normalized,Oil_Rent_Intensive_Pre2016_ge1pct,Future_Period,train_to_2014__test_from_2015,Ridge,signal_increment,0.0035000000000000205,0.1825
M2_Macro_Oil_vs_M3_Macro_Oil_RegQuality__normalized__Oil_Rent_Intensive_Pre2016_ge1pct,Regulatory_Quality_lag1,normalized,Oil_Rent_Intensive_Pre2016_ge1pct,Future_Period,train_to_2014__test_from_2015,Ridge,signal_increment,0.004000000000000021,0.1385
M2_Macro_Oil_vs_M3_Macro_Oil_RegQuality__normalized__Oil_Rent_Intensive_Pre2016_ge1pct,Regulatory_Quality_lag1,normalized,Oil_Rent_Intensive_Pre2016_ge1pct,Future_Period,train_to_2014__test_from_2015,Ridge,signal_increment,0.004500000000000021,0.0875
M2_Macro_Oil_vs_M3_Macro_Oil_RegQuality__normalized__Oil_Rent_Intensive_Pre2016_ge1pct,Regulatory_Quality_lag1,normalized,Oil_Rent_Intensive_Pre2016_ge1pct,Future_Period,train_to_2014__test_from_2015,Ridge,signal_increment,0.005000000000000022,0.062
M2_Macro_Oil_vs_M3_Macro_Oil_RegQuality__normalized__Oil_Rent_Intensive_Pre2016_ge1pct,Regulatory_Quality_lag1,normalized,Oil_Rent_Intensive_Pre2016_ge1pct,Future_Period,train_to_2014__test_from_2015,Ridge,signal_increment,0.005500000000000022,0.0325
M2_Macro_Oil_vs_M3_Macro_Oil_RegQuality__normalized__Oil_Rent_Intensive_Pre2016_ge1pct,Regulatory_Quality_lag1,normalized,Oil_Rent_Intensive_Pre2016_ge1pct,Future_Period,train_to_2014__test_from_2015,Ridge,signal_increment,0.006000000000000023,0.0185
M2_Macro_Oil_vs_M3_Macro_Oil_RegQuality__normalized__Oil_Rent_Intensive_Pre2016_ge1pct,Regulatory_Quality_lag1,normalized,Oil_Rent_Intensive_Pre2016_ge1pct,Future_Period,train_to_2014__test_from_2015,Ridge,signal_increment,0.006500000000000023,0.008
M2_Macro_Oil_vs_M3_Macro_Oil_RegQuality__normalized__Oil_Rent_Intensive_Pre2016_ge1pct,Regulatory_Quality_lag1,normalized,Oil_Rent_Intensive_Pre2016_ge1pct,Future_Period,train_to_2014__test_from_2015,Ridge,signal_increment,0.0070000000000000236,0.0045
M2_Macro_Oil_vs_M3_Macro_Oil_RegQuality__normalized__Oil_Rent_Intensive_Pre2016_ge1pct,Regulatory_Quality_lag1,normalized,Oil_Rent_Intensive_Pre2016_ge1pct,Future_Period,train_to_2014__test_from_2015,Ridge,signal_increment,0.007500000000000024,0.0025
M2_Macro_Oil_vs_M3_Macro_Oil_RegQuality__normalized__Oil_Rent_Intensive_Pre2016_ge1pct,Regulatory_Quality_lag1,normalized,Oil_Rent_Intensive_Pre2016_ge1pct,Future_Period,train_to_2014__test_from_2015,Ridge,signal_increment,0.008000000000000024,0.0015
M2_Macro_Oil_vs_M3_Macro_Oil_RegQuality__normalized__Oil_Rent_Intensive_Pre2016_ge1pct,Regulatory_Quality_lag1,normalized,Oil_Rent_Intensive_Pre2016_ge1pct,Future_Period,train_to_2014__test_from_2015,Ridge,signal_increment,0.008500000000000025,0.001
M2_Macro_Oil_vs_M3_Macro_Oil_RegQuality__normalized__Oil_Rent_Intensive_Pre2016_ge1pct,Regulatory_Quality_lag1,normalized,Oil_Rent_Intensive_Pre2016_ge1pct,Future_Period,train_to_2014__test_from_2015,Ridge,signal_increment,0.009000000000000025,0.0
M2_Macro_Oil_vs_M3_Macro_Oil_RegQuality__normalized__Oil_Rent_Intensive_Pre2016_ge1pct,Regulatory_Quality_lag1,normalized,Oil_Rent_Intensive_Pre2016_ge1pct,Future_Period,train_to_2014__test_from_2015,Ridge,signal_increment,0.009500000000000026,0.0
M2_Macro_Oil_vs_M3_Macro_Oil_RegQuality__normalized__Oil_Rent_Intensive_Pre2016_ge1pct,Regulatory_Quality_lag1,normalized,Oil_Rent_Intensive_Pre2016_ge1pct,Future_Period,train_to_2014__test_from_2015,Ridge,signal_increment,0.010000000000000026,0.0
M2_Macro_Oil_vs_M3_Macro_Oil_RegQuality__normalized__Oil_Rent_Intensive_Pre2016_ge1pct,Regulatory_Quality_lag1,normalized,Oil_Rent_Intensive_Pre2016_ge1pct,Future_Period,train_to_2014__test_from_2015,Ridge,signal_increment,0.010500000000000027,0.0
M2_Macro_Oil_vs_M3_Macro_Oil_RegQuality__normalized__Oil_Rent_Intensive_Pre2016_ge1pct,Regulatory_Quality_lag1,normalized,Oil_Rent_Intensive_Pre2016_ge1pct,Future_Period,train_to_2014__test_from_2015,Ridge,signal_increment,0.011000000000000027,0.0
M2_Macro_Oil_vs_M3_Macro_Oil_RegQuality__normalized__Oil_Rent_Intensive_Pre2016_ge1pct,Regulatory_Quality_lag1,normalized,Oil_Rent_Intensive_Pre2016_ge1pct,Future_Period,train_to_2014__test_from_2015,Ridge,signal_increment,0.011500000000000028,0.0
M2_Macro_Oil_vs_M3_Macro_Oil_RegQuality__normalized__Oil_Rent_Intensive_Pre2016_ge1pct,Regulatory_Quality_lag1,normalized,Oil_Rent_Intensive_Pre2016_ge1pct,Future_Period,train_to_2014__test_from_2015,Ridge,signal_increment,0.012000000000000028,0.0
M2_Macro_Oil_vs_M3_Macro_Oil_RegQuality__normalized__Oil_Rent_Intensive_Pre2016_ge1pct,Regulatory_Quality_lag1,normalized,Oil_Rent_Intensive_Pre2016_ge1pct,Future_Period,train_to_2014__test_from_2015,Ridge,signal_increment,0.012500000000000028,0.0
M2_Macro_Oil_vs_M3_Macro_Oil_RegQuality__normalized__Oil_Rent_Intensive_Pre2016_ge1pct,Regulatory_Quality_lag1,normalized,Oil_Rent_Intensive_Pre2016_ge1pct,Future_Period,train_to_2014__test_from_2015,Ridge,signal_increment,0.013000000000000029,0.0
M2_Macro_Oil_vs_M3_Macro_Oil_RegQuality__normalized__Oil_Rent_Intensive_Pre2016_ge1pct,Regulatory_Quality_lag1,normalized,Oil_Rent_Intensive_Pre2016_ge1pct,Future_Period,train_to_2014__test_from_2015,Ridge,signal_increment,0.01350000000000003,0.0
M2_Macro_Oil_vs_M3_Macro_Oil_RegQuality__normalized__Oil_Rent_Intensive_Pre2016_ge1pct,Regulatory_Quality_lag1,normalized,Oil_Rent_Intensive_Pre2016_ge1pct,Future_Period,train_to_2014__test_from_2015,Ridge,signal_increment,0.01400000000000003,0.0
M2_Macro_Oil_vs_M3_Macro_Oil_RegQuality__normalized__Oil_Rent_Intensive_Pre2016_ge1pct,Regulatory_Quality_lag1,normalized,Oil_Rent_Intensive_Pre2016_ge1pct,Future_Period,train_to_2014__test_from_2015,Ridge,signal_increment,0.01450000000000003,0.0
M2_Macro_Oil_vs_M3_Macro_Oil_RegQuality__normalized__Oil_Rent_Intensive_Pre2016_ge1pct,Regulatory_Quality_lag1,normalized,Oil_Rent_Intensive_Pre2016_ge1pct,Future_Period,train_to_2014__test_from_2015,Ridge,signal_increment,0.01500000000000003,0.0
M2_Macro_Oil_vs_M3_Macro_Oil_RegQuality__normalized__Oil_Rent_Intensive_Pre2016_ge1pct,Regulatory_Quality_lag1,normalized,Oil_Rent_Intensive_Pre2016_ge1pct,Future_Period,train_to_2014__test_from_2015,Ridge,signal_increment,0.015500000000000031,0.0
M2_Macro_Oil_vs_M3_Macro_Oil_RegQuality__normalized__Oil_Rent_Intensive_Pre2016_ge1pct,Regulatory_Quality_lag1,normalized,Oil_Rent_Intensive_Pre2016_ge1pct,Future_Period,train_to_2014__test_from_2015,Ridge,signal_increment,0.01600000000000003,0.0
M2_Macro_Oil_vs_M3_Macro_Oil_RegQuality__normalized__Oil_Rent_Intensive_Pre2016_ge1pct,Regulatory_Quality_lag1,normalized,Oil_Rent_Intensive_Pre2016_ge1pct,Future_Period,train_to_2014__test_from_2015,Ridge,signal_increment,0.016500000000000032,0.0
M2_Macro_Oil_vs_M3_Macro_Oil_RegQuality__normalized__Oil_Rent_Intensive_Pre2016_ge1pct,Regulatory_Quality_lag1,normalized,Oil_Rent_Intensive_Pre2016_ge1pct,Future_Period,train_to_2014__test_from_2015,Ridge,signal_increment,0.017000000000000032,0.0
M2_Macro_Oil_vs_M3_Macro_Oil_RegQuality__normalized__Oil_Rent_Intensive_Pre2016_ge1pct,Regulatory_Quality_lag1,normalized,Oil_Rent_Intensive_Pre2016_ge1pct,Future_Period,train_to_2014__test_from_2015,Ridge,signal_increment,0.017500000000000033,0.0
M2_Macro_Oil_vs_M3_Macro_Oil_RegQuality__normalized__Oil_Rent_Intensive_Pre2016_ge1pct,Regulatory_Quality_lag1,normalized,Oil_Rent_Intensive_Pre2016_ge1pct,Future_Period,train_to_2014__test_from_2015,Ridge,signal_increment,0.018000000000000033,0.0
M2_Macro_Oil_vs_M3_Macro_Oil_RegQuality__normalized__Oil_Rent_Intensive_Pre2016_ge1pct,Regulatory_Quality_lag1,normalized,Oil_Rent_Intensive_Pre2016_ge1pct,Future_Period,train_to_2014__test_from_2015,Ridge,signal_increment,0.018500000000000034,0.0
M2_Macro_Oil_vs_M3_Macro_Oil_RegQuality__normalized__Oil_Rent_Intensive_Pre2016_ge1pct,Regulatory_Quality_lag1,normalized,Oil_Rent_Intensive_Pre2016_ge1pct,Future_Period,train_to_2014__test_from_2015,Ridge,signal_increment,0.019000000000000034,0.0
M2_Macro_Oil_vs_M3_Macro_Oil_RegQuality__normalized__Oil_Rent_Intensive_Pre2016_ge1pct,Regulatory_Quality_lag1,normalized,Oil_Rent_Intensive_Pre2016_ge1pct,Future_Period,train_to_2014__test_from_2015,Ridge,signal_increment,0.019500000000000035,0.0
M2_Macro_Oil_vs_M3_Macro_Oil_RegQuality__normalized__Oil_Rent_Intensive_Pre2016_ge1pct,Regulatory_Quality_lag1,normalized,Oil_Rent_Intensive_Pre2016_ge1pct,Future_Period,train_to_2014__test_from_2015,Ridge,signal_increment,0.020000000000000035,0.0
M2_Macro_Oil_vs_M3_Macro_Oil_RegQuality__normalized__Oil_Rent_Intensive_Pre2016_ge1pct,Regulatory_Quality_lag1,normalized,Oil_Rent_Intensive_Pre2016_ge1pct,Future_Period,train_to_2014__test_from_2015,Ridge,signal_increment,0.020500000000000036,0.0
M2_Macro_Oil_vs_M3_Macro_Oil_RegQuality__normalized__Oil_Rent_Intensive_Pre2016_ge1pct,Regulatory_Quality_lag1,normalized,Oil_Rent_Intensive_Pre2016_ge1pct,Future_Period,train_to_2014__test_from_2015,Ridge,signal_increment,0.021000000000000036,0.0
M2_Macro_Oil_vs_M3_Macro_Oil_RegQuality__normalized__Oil_Rent_Intensive_Pre2016_ge1pct,Regulatory_Quality_lag1,normalized,Oil_Rent_Intensive_Pre2016_ge1pct,Future_Period,train_to_2014__test_from_2015,Ridge,signal_increment,0.021500000000000036,0.0
M2_Macro_Oil_vs_M3_Macro_Oil_RegQuality__normalized__Oil_Rent_Intensive_Pre2016_ge1pct,Regulatory_Quality_lag1,normalized,Oil_Rent_Intensive_Pre2016_ge1pct,Future_Period,train_to_2014__test_from_2015,Ridge,signal_increment,0.022000000000000037,0.0
M2_Macro_Oil_vs_M3_Macro_Oil_RegQuality__normalized__Oil_Rent_Intensive_Pre2016_ge1pct,Regulatory_Quality_lag1,normalized,Oil_Rent_Intensive_Pre2016_ge1pct,Future_Period,train_to_2014__test_from_2015,Ridge,signal_increment,0.022500000000000037,0.0
M2_Macro_Oil_vs_M3_Macro_Oil_RegQuality__normalized__Oil_Rent_Intensive_Pre2016_ge1pct,Regulatory_Quality_lag1,normalized,Oil_Rent_Intensive_Pre2016_ge1pct,Future_Period,train_to_2014__test_from_2015,Ridge,signal_increment,0.023000000000000038,0.0
M2_Macro_Oil_vs_M3_Macro_Oil_RegQuality__normalized__Oil_Rent_Intensive_Pre2016_ge1pct,Regulatory_Quality_lag1,normalized,Oil_Rent_Intensive_Pre2016_ge1pct,Future_Period,train_to_2014__test_from_2015,Ridge,signal_increment,0.023500000000000038,0.0
M2_Macro_Oil_vs_M3_Macro_Oil_RegQuality__normalized__Oil_Rent_Intensive_Pre2016_ge1pct,Regulatory_Quality_lag1,normalized,Oil_Rent_Intensive_Pre2016_ge1pct,Future_Period,train_to_2014__test_from_2015,Ridge,signal_increment,0.02400000000000004,0.0
M2_Macro_Oil_vs_M3_Macro_Oil_RegQuality__normalized__Oil_Rent_Intensive_Pre2016_ge1pct,Regulatory_Quality_lag1,normalized,Oil_Rent_Intensive_Pre2016_ge1pct,Future_Period,train_to_2014__test_from_2015,Ridge,signal_increment,0.02450000000000004,0.0
M2_Macro_Oil_vs_M3_Macro_Oil_RegQuality__normalized__Oil_Rent_Intensive_Pre2016_ge1pct,Regulatory_Quality_lag1,normalized,Oil_Rent_Intensive_Pre2016_ge1pct,Future_Period,train_to_2014__test_from_2015,Ridge,signal_increment,0.02500000000000004,0.0
M2_Macro_Oil_vs_M3_Macro_Oil_RegQuality__normalized__Oil_Rent_Intensive_Pre2016_ge1pct,Regulatory_Quality_lag1,normalized,Oil_Rent_Intensive_Pre2016_ge1pct,Future_Period,train_to_2014__test_from_2015,Ridge,signal_increment,0.02550000000000004,0.0
M2_Macro_Oil_vs_M3_Macro_Oil_RegQuality__normalized__Oil_Rent_Intensive_Pre2016_ge1pct,Regulatory_Quality_lag1,normalized,Oil_Rent_Intensive_Pre2016_ge1pct,Future_Period,train_to_2014__test_from_2015,Ridge,signal_increment,0.02600000000000004,0.0
M2_Macro_Oil_vs_M3_Macro_Oil_RegQuality__normalized__Oil_Rent_Intensive_Pre2016_ge1pct,Regulatory_Quality_lag1,normalized,Oil_Rent_Intensive_Pre2016_ge1pct,Future_Period,train_to_2014__test_from_2015,Ridge,signal_increment,0.02650000000000004,0.0
M2_Macro_Oil_vs_M3_Macro_Oil_RegQuality__normalized__Oil_Rent_Intensive_Pre2016_ge1pct,Regulatory_Quality_lag1,normalized,Oil_Rent_Intensive_Pre2016_ge1pct,Future_Period,train_to_2014__test_from_2015,Ridge,signal_increment,0.02700000000000004,0.0
M2_Macro_Oil_vs_M3_Macro_Oil_RegQuality__normalized__Oil_Rent_Intensive_Pre2016_ge1pct,Regulatory_Quality_lag1,normalized,Oil_Rent_Intensive_Pre2016_ge1pct,Future_Period,train_to_2014__test_from_2015,Ridge,signal_increment,0.027500000000000042,0.0
M2_Macro_Oil_vs_M3_Macro_Oil_RegQuality__normalized__Oil_Rent_Intensive_Pre2016_ge1pct,Regulatory_Quality_lag1,normalized,Oil_Rent_Intensive_Pre2016_ge1pct,Future_Period,train_to_2014__test_from_2015,Ridge,signal_increment,0.028000000000000042,0.0
M2_Macro_Oil_vs_M3_Macro_Oil_RegQuality__normalized__Oil_Rent_Intensive_Pre2016_ge1pct,Regulatory_Quality_lag1,normalized,Oil_Rent_Intensive_Pre2016_ge1pct,Future_Period,train_to_2014__test_from_2015,Ridge,signal_increment,0.028500000000000043,0.0
M2_Macro_Oil_vs_M3_Macro_Oil_RegQuality__normalized__Oil_Rent_Intensive_Pre2016_ge1pct,Regulatory_Quality_lag1,normalized,Oil_Rent_Intensive_Pre2016_ge1pct,Future_Period,train_to_2014__test_from_2015,Ridge,signal_increment,0.029000000000000043,0.0
M2_Macro_Oil_vs_M3_Macro_Oil_RegQuality__normalized__Oil_Rent_Intensive_Pre2016_ge1pct,Regulatory_Quality_lag1,normalized,Oil_Rent_Intensive_Pre2016_ge1pct,Future_Period,train_to_2014__test_from_2015,Ridge,signal_increment,0.029500000000000044,0.0
M2_Macro_Oil_vs_M3_Macro_Oil_RegQuality__normalized__Oil_Rent_Intensive_Pre2016_ge1pct,Regulatory_Quality_lag1,normalized,Oil_Rent_Intensive_Pre2016_ge1pct,Future_Period,train_to_2014__test_from_2015,Ridge,signal_increment,0.030000000000000044,0.0
M2_Macro_Oil_vs_M3_Macro_Oil_RegQuality__normalized__Oil_Rent_Intensive_Pre2016_ge1pct,Regulatory_Quality_lag1,normalized,Oil_Rent_Intensive_Pre2016_ge1pct,Future_Period,train_to_2014__test_from_2015,Ridge,added_model_vs_strongest_benchmark,-0.02,1.0
M2_Macro_Oil_vs_M3_Macro_Oil_RegQuality__normalized__Oil_Rent_Intensive_Pre2016_ge1pct,Regulatory_Quality_lag1,normalized,Oil_Rent_Intensive_Pre2016_ge1pct,Future_Period,train_to_2014__test_from_2015,Ridge,added_model_vs_strongest_benchmark,-0.0195,1.0
M2_Macro_Oil_vs_M3_Macro_Oil_RegQuality__normalized__Oil_Rent_Intensive_Pre2016_ge1pct,Regulatory_Quality_lag1,normalized,Oil_Rent_Intensive_Pre2016_ge1pct,Future_Period,train_to_2014__test_from_2015,Ridge,added_model_vs_strongest_benchmark,-0.019,1.0
M2_Macro_Oil_vs_M3_Macro_Oil_RegQuality__normalized__Oil_Rent_Intensive_Pre2016_ge1pct,Regulatory_Quality_lag1,normalized,Oil_Rent_Intensive_Pre2016_ge1pct,Future_Period,train_to_2014__test_from_2015,Ridge,added_model_vs_strongest_benchmark,-0.0185,1.0
M2_Macro_Oil_vs_M3_Macro_Oil_RegQuality__normalized__Oil_Rent_Intensive_Pre2016_ge1pct,Regulatory_Quality_lag1,normalized,Oil_Rent_Intensive_Pre2016_ge1pct,Future_Period,train_to_2014__test_from_2015,Ridge,added_model_vs_strongest_benchmark,-0.018,1.0
M2_Macro_Oil_vs_M3_Macro_Oil_RegQuality__normalized__Oil_Rent_Intensive_Pre2016_ge1pct,Regulatory_Quality_lag1,normalized,Oil_Rent_Intensive_Pre2016_ge1pct,Future_Period,train_to_2014__test_from_2015,Ridge,added_model_vs_strongest_benchmark,-0.017499999999999998,1.0
M2_Macro_Oil_vs_M3_Macro_Oil_RegQuality__normalized__Oil_Rent_Intensive_Pre2016_ge1pct,Regulatory_Quality_lag1,normalized,Oil_Rent_Intensive_Pre2016_ge1pct,Future_Period,train_to_2014__test_from_2015,Ridge,added_model_vs_strongest_benchmark,-0.016999999999999998,1.0
M2_Macro_Oil_vs_M3_Macro_Oil_RegQuality__normalized__Oil_Rent_Intensive_Pre2016_ge1pct,Regulatory_Quality_lag1,normalized,Oil_Rent_Intensive_Pre2016_ge1pct,Future_Period,train_to_2014__test_from_2015,Ridge,added_model_vs_strongest_benchmark,-0.016499999999999997,1.0
M2_Macro_Oil_vs_M3_Macro_Oil_RegQuality__normalized__Oil_Rent_Intensive_Pre2016_ge1pct,Regulatory_Quality_lag1,normalized,Oil_Rent_Intensive_Pre2016_ge1pct,Future_Period,train_to_2014__test_from_2015,Ridge,added_model_vs_strongest_benchmark,-0.015999999999999997,1.0
M2_Macro_Oil_vs_M3_Macro_Oil_RegQuality__normalized__Oil_Rent_Intensive_Pre2016_ge1pct,Regulatory_Quality_lag1,normalized,Oil_Rent_Intensive_Pre2016_ge1pct,Future_Period,train_to_2014__test_from_2015,Ridge,added_model_vs_strongest_benchmark,-0.015499999999999996,1.0
M2_Macro_Oil_vs_M3_Macro_Oil_RegQuality__normalized__Oil_Rent_Intensive_Pre2016_ge1pct,Regulatory_Quality_lag1,normalized,Oil_Rent_Intensive_Pre2016_ge1pct,Future_Period,train_to_2014__test_from_2015,Ridge,added_model_vs_strongest_benchmark,-0.014999999999999996,1.0
M2_Macro_Oil_vs_M3_Macro_Oil_RegQuality__normalized__Oil_Rent_Intensive_Pre2016_ge1pct,Regulatory_Quality_lag1,normalized,Oil_Rent_Intensive_Pre2016_ge1pct,Future_Period,train_to_2014__test_from_2015,Ridge,added_model_vs_strongest_benchmark,-0.014499999999999996,1.0
M2_Macro_Oil_vs_M3_Macro_Oil_RegQuality__normalized__Oil_Rent_Intensive_Pre2016_ge1pct,Regulatory_Quality_lag1,normalized,Oil_Rent_Intensive_Pre2016_ge1pct,Future_Period,train_to_2014__test_from_2015,Ridge,added_model_vs_strongest_benchmark,-0.013999999999999995,1.0
M2_Macro_Oil_vs_M3_Macro_Oil_RegQuality__normalized__Oil_Rent_Intensive_Pre2016_ge1pct,Regulatory_Quality_lag1,normalized,Oil_Rent_Intensive_Pre2016_ge1pct,Future_Period,train_to_2014__test_from_2015,Ridge,added_model_vs_strongest_benchmark,-0.013499999999999995,1.0
M2_Macro_Oil_vs_M3_Macro_Oil_RegQuality__normalized__Oil_Rent_Intensive_Pre2016_ge1pct,Regulatory_Quality_lag1,normalized,Oil_Rent_Intensive_Pre2016_ge1pct,Future_Period,train_to_2014__test_from_2015,Ridge,added_model_vs_strongest_benchmark,-0.012999999999999994,1.0
M2_Macro_Oil_vs_M3_Macro_Oil_RegQuality__normalized__Oil_Rent_Intensive_Pre2016_ge1pct,Regulatory_Quality_lag1,normalized,Oil_Rent_Intensive_Pre2016_ge1pct,Future_Period,train_to_2014__test_from_2015,Ridge,added_model_vs_strongest_benchmark,-0.012499999999999994,1.0
M2_Macro_Oil_vs_M3_Macro_Oil_RegQuality__normalized__Oil_Rent_Intensive_Pre2016_ge1pct,Regulatory_Quality_lag1,normalized,Oil_Rent_Intensive_Pre2016_ge1pct,Future_Period,train_to_2014__test_from_2015,Ridge,added_model_vs_strongest_benchmark,-0.011999999999999993,1.0
M2_Macro_Oil_vs_M3_Macro_Oil_RegQuality__normalized__Oil_Rent_Intensive_Pre2016_ge1pct,Regulatory_Quality_lag1,normalized,Oil_Rent_Intensive_Pre2016_ge1pct,Future_Period,train_to_2014__test_from_2015,Ridge,added_model_vs_strongest_benchmark,-0.011499999999999993,1.0
M2_Macro_Oil_vs_M3_Macro_Oil_RegQuality__normalized__Oil_Rent_Intensive_Pre2016_ge1pct,Regulatory_Quality_lag1,normalized,Oil_Rent_Intensive_Pre2016_ge1pct,Future_Period,train_to_2014__test_from_2015,Ridge,added_model_vs_strongest_benchmark,-0.010999999999999992,1.0
M2_Macro_Oil_vs_M3_Macro_Oil_RegQuality__normalized__Oil_Rent_Intensive_Pre2016_ge1pct,Regulatory_Quality_lag1,normalized,Oil_Rent_Intensive_Pre2016_ge1pct,Future_Period,train_to_2014__test_from_2015,Ridge,added_model_vs_strongest_benchmark,-0.010499999999999992,1.0
M2_Macro_Oil_vs_M3_Macro_Oil_RegQuality__normalized__Oil_Rent_Intensive_Pre2016_ge1pct,Regulatory_Quality_lag1,normalized,Oil_Rent_Intensive_Pre2016_ge1pct,Future_Period,train_to_2014__test_from_2015,Ridge,added_model_vs_strongest_benchmark,-0.009999999999999992,1.0
M2_Macro_Oil_vs_M3_Macro_Oil_RegQuality__normalized__Oil_Rent_Intensive_Pre2016_ge1pct,Regulatory_Quality_lag1,normalized,Oil_Rent_Intensive_Pre2016_ge1pct,Future_Period,train_to_2014__test_from_2015,Ridge,added_model_vs_strongest_benchmark,-0.009499999999999991,1.0
M2_Macro_Oil_vs_M3_Macro_Oil_RegQuality__normalized__Oil_Rent_Intensive_Pre2016_ge1pct,Regulatory_Quality_lag1,normalized,Oil_Rent_Intensive_Pre2016_ge1pct,Future_Period,train_to_2014__test_from_2015,Ridge,added_model_vs_strongest_benchmark,-0.00899999999999999,1.0
M2_Macro_Oil_vs_M3_Macro_Oil_RegQuality__normalized__Oil_Rent_Intensive_Pre2016_ge1pct,Regulatory_Quality_lag1,normalized,Oil_Rent_Intensive_Pre2016_ge1pct,Future_Period,train_to_2014__test_from_2015,Ridge,added_model_vs_strongest_benchmark,-0.00849999999999999,1.0
M2_Macro_Oil_vs_M3_Macro_Oil_RegQuality__normalized__Oil_Rent_Intensive_Pre2016_ge1pct,Regulatory_Quality_lag1,normalized,Oil_Rent_Intensive_Pre2016_ge1pct,Future_Period,train_to_2014__test_from_2015,Ridge,added_model_vs_strongest_benchmark,-0.00799999999999999,1.0
M2_Macro_Oil_vs_M3_Macro_Oil_RegQuality__normalized__Oil_Rent_Intensive_Pre2016_ge1pct,Regulatory_Quality_lag1,normalized,Oil_Rent_Intensive_Pre2016_ge1pct,Future_Period,train_to_2014__test_from_2015,Ridge,added_model_vs_strongest_benchmark,-0.007499999999999989,1.0
M2_Macro_Oil_vs_M3_Macro_Oil_RegQuality__normalized__Oil_Rent_Intensive_Pre2016_ge1pct,Regulatory_Quality_lag1,normalized,Oil_Rent_Intensive_Pre2016_ge1pct,Future_Period,train_to_2014__test_from_2015,Ridge,added_model_vs_strongest_benchmark,-0.006999999999999989,1.0
M2_Macro_Oil_vs_M3_Macro_Oil_RegQuality__normalized__Oil_Rent_Intensive_Pre2016_ge1pct,Regulatory_Quality_lag1,normalized,Oil_Rent_Intensive_Pre2016_ge1pct,Future_Period,train_to_2014__test_from_2015,Ridge,added_model_vs_strongest_benchmark,-0.006499999999999988,1.0
M2_Macro_Oil_vs_M3_Macro_Oil_RegQuality__normalized__Oil_Rent_Intensive_Pre2016_ge1pct,Regulatory_Quality_lag1,normalized,Oil_Rent_Intensive_Pre2016_ge1pct,Future_Period,train_to_2014__test_from_2015,Ridge,added_model_vs_strongest_benchmark,-0.005999999999999988,1.0
M2_Macro_Oil_vs_M3_Macro_Oil_RegQuality__normalized__Oil_Rent_Intensive_Pre2016_ge1pct,Regulatory_Quality_lag1,normalized,Oil_Rent_Intensive_Pre2016_ge1pct,Future_Period,train_to_2014__test_from_2015,Ridge,added_model_vs_strongest_benchmark,-0.0054999999999999875,1.0
M2_Macro_Oil_vs_M3_Macro_Oil_RegQuality__normalized__Oil_Rent_Intensive_Pre2016_ge1pct,Regulatory_Quality_lag1,normalized,Oil_Rent_Intensive_Pre2016_ge1pct,Future_Period,train_to_2014__test_from_2015,Ridge,added_model_vs_strongest_benchmark,-0.004999999999999987,1.0
M2_Macro_Oil_vs_M3_Macro_Oil_RegQuality__normalized__Oil_Rent_Intensive_Pre2016_ge1pct,Regulatory_Quality_lag1,normalized,Oil_Rent_Intensive_Pre2016_ge1pct,Future_Period,train_to_2014__test_from_2015,Ridge,added_model_vs_strongest_benchmark,-0.004499999999999987,1.0
M2_Macro_Oil_vs_M3_Macro_Oil_RegQuality__normalized__Oil_Rent_Intensive_Pre2016_ge1pct,Regulatory_Quality_lag1,normalized,Oil_Rent_Intensive_Pre2016_ge1pct,Future_Period,train_to_2014__test_from_2015,Ridge,added_model_vs_strongest_benchmark,-0.003999999999999986,1.0
M2_Macro_Oil_vs_M3_Macro_Oil_RegQuality__normalized__Oil_Rent_Intensive_Pre2016_ge1pct,Regulatory_Quality_lag1,normalized,Oil_Rent_Intensive_Pre2016_ge1pct,Future_Period,train_to_2014__test_from_2015,Ridge,added_model_vs_strongest_benchmark,-0.0034999999999999858,1.0
M2_Macro_Oil_vs_M3_Macro_Oil_RegQuality__normalized__Oil_Rent_Intensive_Pre2016_ge1pct,Regulatory_Quality_lag1,normalized,Oil_Rent_Intensive_Pre2016_ge1pct,Future_Period,train_to_2014__test_from_2015,Ridge,added_model_vs_strongest_benchmark,-0.0029999999999999853,1.0
M2_Macro_Oil_vs_M3_Macro_Oil_RegQuality__normalized__Oil_Rent_Intensive_Pre2016_ge1pct,Regulatory_Quality_lag1,normalized,Oil_Rent_Intensive_Pre2016_ge1pct,Future_Period,train_to_2014__test_from_2015,Ridge,added_model_vs_strongest_benchmark,-0.002499999999999985,1.0
M2_Macro_Oil_vs_M3_Macro_Oil_RegQuality__normalized__Oil_Rent_Intensive_Pre2016_ge1pct,Regulatory_Quality_lag1,normalized,Oil_Rent_Intensive_Pre2016_ge1pct,Future_Period,train_to_2014__test_from_2015,Ridge,added_model_vs_strongest_benchmark,-0.0019999999999999844,1.0
M2_Macro_Oil_vs_M3_Macro_Oil_RegQuality__normalized__Oil_Rent_Intensive_Pre2016_ge1pct,Regulatory_Quality_lag1,normalized,Oil_Rent_Intensive_Pre2016_ge1pct,Future_Period,train_to_2014__test_from_2015,Ridge,added_model_vs_strongest_benchmark,-0.001499999999999984,1.0
M2_Macro_Oil_vs_M3_Macro_Oil_RegQuality__normalized__Oil_Rent_Intensive_Pre2016_ge1pct,Regulatory_Quality_lag1,normalized,Oil_Rent_Intensive_Pre2016_ge1pct,Future_Period,train_to_2014__test_from_2015,Ridge,added_model_vs_strongest_benchmark,-0.0009999999999999835,1.0
M2_Macro_Oil_vs_M3_Macro_Oil_RegQuality__normalized__Oil_Rent_Intensive_Pre2016_ge1pct,Regulatory_Quality_lag1,normalized,Oil_Rent_Intensive_Pre2016_ge1pct,Future_Period,train_to_2014__test_from_2015,Ridge,added_model_vs_strongest_benchmark,-0.0004999999999999831,1.0
M2_Macro_Oil_vs_M3_Macro_Oil_RegQuality__normalized__Oil_Rent_Intensive_Pre2016_ge1pct,Regulatory_Quality_lag1,normalized,Oil_Rent_Intensive_Pre2016_ge1pct,Future_Period,train_to_2014__test_from_2015,Ridge,added_model_vs_strongest_benchmark,1.734723475976807e-17,1.0
M2_Macro_Oil_vs_M3_Macro_Oil_RegQuality__normalized__Oil_Rent_Intensive_Pre2016_ge1pct,Regulatory_Quality_lag1,normalized,Oil_Rent_Intensive_Pre2016_ge1pct,Future_Period,train_to_2014__test_from_2015,Ridge,added_model_vs_strongest_benchmark,0.0005000000000000178,1.0
M2_Macro_Oil_vs_M3_Macro_Oil_RegQuality__normalized__Oil_Rent_Intensive_Pre2016_ge1pct,Regulatory_Quality_lag1,normalized,Oil_Rent_Intensive_Pre2016_ge1pct,Future_Period,train_to_2014__test_from_2015,Ridge,added_model_vs_strongest_benchmark,0.0010000000000000182,1.0
M2_Macro_Oil_vs_M3_Macro_Oil_RegQuality__normalized__Oil_Rent_Intensive_Pre2016_ge1pct,Regulatory_Quality_lag1,normalized,Oil_Rent_Intensive_Pre2016_ge1pct,Future_Period,train_to_2014__test_from_2015,Ridge,added_model_vs_strongest_benchmark,0.0015000000000000187,1.0
M2_Macro_Oil_vs_M3_Macro_Oil_RegQuality__normalized__Oil_Rent_Intensive_Pre2016_ge1pct,Regulatory_Quality_lag1,normalized,Oil_Rent_Intensive_Pre2016_ge1pct,Future_Period,train_to_2014__test_from_2015,Ridge,added_model_vs_strongest_benchmark,0.002000000000000019,1.0
M2_Macro_Oil_vs_M3_Macro_Oil_RegQuality__normalized__Oil_Rent_Intensive_Pre2016_ge1pct,Regulatory_Quality_lag1,normalized,Oil_Rent_Intensive_Pre2016_ge1pct,Future_Period,train_to_2014__test_from_2015,Ridge,added_model_vs_strongest_benchmark,0.0025000000000000196,1.0
M2_Macro_Oil_vs_M3_Macro_Oil_RegQuality__normalized__Oil_Rent_Intensive_Pre2016_ge1pct,Regulatory_Quality_lag1,normalized,Oil_Rent_Intensive_Pre2016_ge1pct,Future_Period,train_to_2014__test_from_2015,Ridge,added_model_vs_strongest_benchmark,0.00300000000000002,1.0
M2_Macro_Oil_vs_M3_Macro_Oil_RegQuality__normalized__Oil_Rent_Intensive_Pre2016_ge1pct,Regulatory_Quality_lag1,normalized,Oil_Rent_Intensive_Pre2016_ge1pct,Future_Period,train_to_2014__test_from_2015,Ridge,added_model_vs_strongest_benchmark,0.0035000000000000205,1.0
M2_Macro_Oil_vs_M3_Macro_Oil_RegQuality__normalized__Oil_Rent_Intensive_Pre2016_ge1pct,Regulatory_Quality_lag1,normalized,Oil_Rent_Intensive_Pre2016_ge1pct,Future_Period,train_to_2014__test_from_2015,Ridge,added_model_vs_strongest_benchmark,0.004000000000000021,1.0
M2_Macro_Oil_vs_M3_Macro_Oil_RegQuality__normalized__Oil_Rent_Intensive_Pre2016_ge1pct,Regulatory_Quality_lag1,normalized,Oil_Rent_Intensive_Pre2016_ge1pct,Future_Period,train_to_2014__test_from_2015,Ridge,added_model_vs_strongest_benchmark,0.004500000000000021,1.0
M2_Macro_Oil_vs_M3_Macro_Oil_RegQuality__normalized__Oil_Rent_Intensive_Pre2016_ge1pct,Regulatory_Quality_lag1,normalized,Oil_Rent_Intensive_Pre2016_ge1pct,Future_Period,train_to_2014__test_from_2015,Ridge,added_model_vs_strongest_benchmark,0.005000000000000022,1.0
M2_Macro_Oil_vs_M3_Macro_Oil_RegQuality__normalized__Oil_Rent_Intensive_Pre2016_ge1pct,Regulatory_Quality_lag1,normalized,Oil_Rent_Intensive_Pre2016_ge1pct,Future_Period,train_to_2014__test_from_2015,Ridge,added_model_vs_strongest_benchmark,0.005500000000000022,1.0
M2_Macro_Oil_vs_M3_Macro_Oil_RegQuality__normalized__Oil_Rent_Intensive_Pre2016_ge1pct,Regulatory_Quality_lag1,normalized,Oil_Rent_Intensive_Pre2016_ge1pct,Future_Period,train_to_2014__test_from_2015,Ridge,added_model_vs_strongest_benchmark,0.006000000000000023,1.0
M2_Macro_Oil_vs_M3_Macro_Oil_RegQuality__normalized__Oil_Rent_Intensive_Pre2016_ge1pct,Regulatory_Quality_lag1,normalized,Oil_Rent_Intensive_Pre2016_ge1pct,Future_Period,train_to_2014__test_from_2015,Ridge,added_model_vs_strongest_benchmark,0.006500000000000023,1.0
M2_Macro_Oil_vs_M3_Macro_Oil_RegQuality__normalized__Oil_Rent_Intensive_Pre2016_ge1pct,Regulatory_Quality_lag1,normalized,Oil_Rent_Intensive_Pre2016_ge1pct,Future_Period,train_to_2014__test_from_2015,Ridge,added_model_vs_strongest_benchmark,0.0070000000000000236,1.0
M2_Macro_Oil_vs_M3_Macro_Oil_RegQuality__normalized__Oil_Rent_Intensive_Pre2016_ge1pct,Regulatory_Quality_lag1,normalized,Oil_Rent_Intensive_Pre2016_ge1pct,Future_Period,train_to_2014__test_from_2015,Ridge,added_model_vs_strongest_benchmark,0.007500000000000024,1.0
M2_Macro_Oil_vs_M3_Macro_Oil_RegQuality__normalized__Oil_Rent_Intensive_Pre2016_ge1pct,Regulatory_Quality_lag1,normalized,Oil_Rent_Intensive_Pre2016_ge1pct,Future_Period,train_to_2014__test_from_2015,Ridge,added_model_vs_strongest_benchmark,0.008000000000000024,1.0
M2_Macro_Oil_vs_M3_Macro_Oil_RegQuality__normalized__Oil_Rent_Intensive_Pre2016_ge1pct,Regulatory_Quality_lag1,normalized,Oil_Rent_Intensive_Pre2016_ge1pct,Future_Period,train_to_2014__test_from_2015,Ridge,added_model_vs_strongest_benchmark,0.008500000000000025,1.0
M2_Macro_Oil_vs_M3_Macro_Oil_RegQuality__normalized__Oil_Rent_Intensive_Pre2016_ge1pct,Regulatory_Quality_lag1,normalized,Oil_Rent_Intensive_Pre2016_ge1pct,Future_Period,train_to_2014__test_from_2015,Ridge,added_model_vs_strongest_benchmark,0.009000000000000025,1.0
M2_Macro_Oil_vs_M3_Macro_Oil_RegQuality__normalized__Oil_Rent_Intensive_Pre2016_ge1pct,Regulatory_Quality_lag1,normalized,Oil_Rent_Intensive_Pre2016_ge1pct,Future_Period,train_to_2014__test_from_2015,Ridge,added_model_vs_strongest_benchmark,0.009500000000000026,1.0
M2_Macro_Oil_vs_M3_Macro_Oil_RegQuality__normalized__Oil_Rent_Intensive_Pre2016_ge1pct,Regulatory_Quality_lag1,normalized,Oil_Rent_Intensive_Pre2016_ge1pct,Future_Period,train_to_2014__test_from_2015,Ridge,added_model_vs_strongest_benchmark,0.010000000000000026,1.0
M2_Macro_Oil_vs_M3_Macro_Oil_RegQuality__normalized__Oil_Rent_Intensive_Pre2016_ge1pct,Regulatory_Quality_lag1,normalized,Oil_Rent_Intensive_Pre2016_ge1pct,Future_Period,train_to_2014__test_from_2015,Ridge,added_model_vs_strongest_benchmark,0.010500000000000027,1.0
M2_Macro_Oil_vs_M3_Macro_Oil_RegQuality__normalized__Oil_Rent_Intensive_Pre2016_ge1pct,Regulatory_Quality_lag1,normalized,Oil_Rent_Intensive_Pre2016_ge1pct,Future_Period,train_to_2014__test_from_2015,Ridge,added_model_vs_strongest_benchmark,0.011000000000000027,1.0
M2_Macro_Oil_vs_M3_Macro_Oil_RegQuality__normalized__Oil_Rent_Intensive_Pre2016_ge1pct,Regulatory_Quality_lag1,normalized,Oil_Rent_Intensive_Pre2016_ge1pct,Future_Period,train_to_2014__test_from_2015,Ridge,added_model_vs_strongest_benchmark,0.011500000000000028,1.0
M2_Macro_Oil_vs_M3_Macro_Oil_RegQuality__normalized__Oil_Rent_Intensive_Pre2016_ge1pct,Regulatory_Quality_lag1,normalized,Oil_Rent_Intensive_Pre2016_ge1pct,Future_Period,train_to_2014__test_from_2015,Ridge,added_model_vs_strongest_benchmark,0.012000000000000028,1.0
M2_Macro_Oil_vs_M3_Macro_Oil_RegQuality__normalized__Oil_Rent_Intensive_Pre2016_ge1pct,Regulatory_Quality_lag1,normalized,Oil_Rent_Intensive_Pre2016_ge1pct,Future_Period,train_to_2014__test_from_2015,Ridge,added_model_vs_strongest_benchmark,0.012500000000000028,1.0
M2_Macro_Oil_vs_M3_Macro_Oil_RegQuality__normalized__Oil_Rent_Intensive_Pre2016_ge1pct,Regulatory_Quality_lag1,normalized,Oil_Rent_Intensive_Pre2016_ge1pct,Future_Period,train_to_2014__test_from_2015,Ridge,added_model_vs_strongest_benchmark,0.013000000000000029,1.0
M2_Macro_Oil_vs_M3_Macro_Oil_RegQuality__normalized__Oil_Rent_Intensive_Pre2016_ge1pct,Regulatory_Quality_lag1,normalized,Oil_Rent_Intensive_Pre2016_ge1pct,Future_Period,train_to_2014__test_from_2015,Ridge,added_model_vs_strongest_benchmark,0.01350000000000003,1.0
M2_Macro_Oil_vs_M3_Macro_Oil_RegQuality__normalized__Oil_Rent_Intensive_Pre2016_ge1pct,Regulatory_Quality_lag1,normalized,Oil_Rent_Intensive_Pre2016_ge1pct,Future_Period,train_to_2014__test_from_2015,Ridge,added_model_vs_strongest_benchmark,0.01400000000000003,1.0
M2_Macro_Oil_vs_M3_Macro_Oil_RegQuality__normalized__Oil_Rent_Intensive_Pre2016_ge1pct,Regulatory_Quality_lag1,normalized,Oil_Rent_Intensive_Pre2016_ge1pct,Future_Period,train_to_2014__test_from_2015,Ridge,added_model_vs_strongest_benchmark,0.01450000000000003,1.0
M2_Macro_Oil_vs_M3_Macro_Oil_RegQuality__normalized__Oil_Rent_Intensive_Pre2016_ge1pct,Regulatory_Quality_lag1,normalized,Oil_Rent_Intensive_Pre2016_ge1pct,Future_Period,train_to_2014__test_from_2015,Ridge,added_model_vs_strongest_benchmark,0.01500000000000003,1.0
M2_Macro_Oil_vs_M3_Macro_Oil_RegQuality__normalized__Oil_Rent_Intensive_Pre2016_ge1pct,Regulatory_Quality_lag1,normalized,Oil_Rent_Intensive_Pre2016_ge1pct,Future_Period,train_to_2014__test_from_2015,Ridge,added_model_vs_strongest_benchmark,0.015500000000000031,1.0
M2_Macro_Oil_vs_M3_Macro_Oil_RegQuality__normalized__Oil_Rent_Intensive_Pre2016_ge1pct,Regulatory_Quality_lag1,normalized,Oil_Rent_Intensive_Pre2016_ge1pct,Future_Period,train_to_2014__test_from_2015,Ridge,added_model_vs_strongest_benchmark,0.01600000000000003,1.0
M2_Macro_Oil_vs_M3_Macro_Oil_RegQuality__normalized__Oil_Rent_Intensive_Pre2016_ge1pct,Regulatory_Quality_lag1,normalized,Oil_Rent_Intensive_Pre2016_ge1pct,Future_Period,train_to_2014__test_from_2015,Ridge,added_model_vs_strongest_benchmark,0.016500000000000032,1.0
M2_Macro_Oil_vs_M3_Macro_Oil_RegQuality__normalized__Oil_Rent_Intensive_Pre2016_ge1pct,Regulatory_Quality_lag1,normalized,Oil_Rent_Intensive_Pre2016_ge1pct,Future_Period,train_to_2014__test_from_2015,Ridge,added_model_vs_strongest_benchmark,0.017000000000000032,1.0
M2_Macro_Oil_vs_M3_Macro_Oil_RegQuality__normalized__Oil_Rent_Intensive_Pre2016_ge1pct,Regulatory_Quality_lag1,normalized,Oil_Rent_Intensive_Pre2016_ge1pct,Future_Period,train_to_2014__test_from_2015,Ridge,added_model_vs_strongest_benchmark,0.017500000000000033,1.0
M2_Macro_Oil_vs_M3_Macro_Oil_RegQuality__normalized__Oil_Rent_Intensive_Pre2016_ge1pct,Regulatory_Quality_lag1,normalized,Oil_Rent_Intensive_Pre2016_ge1pct,Future_Period,train_to_2014__test_from_2015,Ridge,added_model_vs_strongest_benchmark,0.018000000000000033,1.0
M2_Macro_Oil_vs_M3_Macro_Oil_RegQuality__normalized__Oil_Rent_Intensive_Pre2016_ge1pct,Regulatory_Quality_lag1,normalized,Oil_Rent_Intensive_Pre2016_ge1pct,Future_Period,train_to_2014__test_from_2015,Ridge,added_model_vs_strongest_benchmark,0.018500000000000034,1.0
M2_Macro_Oil_vs_M3_Macro_Oil_RegQuality__normalized__Oil_Rent_Intensive_Pre2016_ge1pct,Regulatory_Quality_lag1,normalized,Oil_Rent_Intensive_Pre2016_ge1pct,Future_Period,train_to_2014__test_from_2015,Ridge,added_model_vs_strongest_benchmark,0.019000000000000034,1.0
M2_Macro_Oil_vs_M3_Macro_Oil_RegQuality__normalized__Oil_Rent_Intensive_Pre2016_ge1pct,Regulatory_Quality_lag1,normalized,Oil_Rent_Intensive_Pre2016_ge1pct,Future_Period,train_to_2014__test_from_2015,Ridge,added_model_vs_strongest_benchmark,0.019500000000000035,1.0
M2_Macro_Oil_vs_M3_Macro_Oil_RegQuality__normalized__Oil_Rent_Intensive_Pre2016_ge1pct,Regulatory_Quality_lag1,normalized,Oil_Rent_Intensive_Pre2016_ge1pct,Future_Period,train_to_2014__test_from_2015,Ridge,added_model_vs_strongest_benchmark,0.020000000000000035,1.0
M2_Macro_Oil_vs_M3_Macro_Oil_RegQuality__normalized__Oil_Rent_Intensive_Pre2016_ge1pct,Regulatory_Quality_lag1,normalized,Oil_Rent_Intensive_Pre2016_ge1pct,Future_Period,train_to_2014__test_from_2015,Ridge,added_model_vs_strongest_benchmark,0.020500000000000036,1.0
M2_Macro_Oil_vs_M3_Macro_Oil_RegQuality__normalized__Oil_Rent_Intensive_Pre2016_ge1pct,Regulatory_Quality_lag1,normalized,Oil_Rent_Intensive_Pre2016_ge1pct,Future_Period,train_to_2014__test_from_2015,Ridge,added_model_vs_strongest_benchmark,0.021000000000000036,1.0
M2_Macro_Oil_vs_M3_Macro_Oil_RegQuality__normalized__Oil_Rent_Intensive_Pre2016_ge1pct,Regulatory_Quality_lag1,normalized,Oil_Rent_Intensive_Pre2016_ge1pct,Future_Period,train_to_2014__test_from_2015,Ridge,added_model_vs_strongest_benchmark,0.021500000000000036,1.0
M2_Macro_Oil_vs_M3_Macro_Oil_RegQuality__normalized__Oil_Rent_Intensive_Pre2016_ge1pct,Regulatory_Quality_lag1,normalized,Oil_Rent_Intensive_Pre2016_ge1pct,Future_Period,train_to_2014__test_from_2015,Ridge,added_model_vs_strongest_benchmark,0.022000000000000037,1.0
M2_Macro_Oil_vs_M3_Macro_Oil_RegQuality__normalized__Oil_Rent_Intensive_Pre2016_ge1pct,Regulatory_Quality_lag1,normalized,Oil_Rent_Intensive_Pre2016_ge1pct,Future_Period,train_to_2014__test_from_2015,Ridge,added_model_vs_strongest_benchmark,0.022500000000000037,1.0
M2_Macro_Oil_vs_M3_Macro_Oil_RegQuality__normalized__Oil_Rent_Intensive_Pre2016_ge1pct,Regulatory_Quality_lag1,normalized,Oil_Rent_Intensive_Pre2016_ge1pct,Future_Period,train_to_2014__test_from_2015,Ridge,added_model_vs_strongest_benchmark,0.023000000000000038,1.0
M2_Macro_Oil_vs_M3_Macro_Oil_RegQuality__normalized__Oil_Rent_Intensive_Pre2016_ge1pct,Regulatory_Quality_lag1,normalized,Oil_Rent_Intensive_Pre2016_ge1pct,Future_Period,train_to_2014__test_from_2015,Ridge,added_model_vs_strongest_benchmark,0.023500000000000038,1.0
M2_Macro_Oil_vs_M3_Macro_Oil_RegQuality__normalized__Oil_Rent_Intensive_Pre2016_ge1pct,Regulatory_Quality_lag1,normalized,Oil_Rent_Intensive_Pre2016_ge1pct,Future_Period,train_to_2014__test_from_2015,Ridge,added_model_vs_strongest_benchmark,0.02400000000000004,1.0
M2_Macro_Oil_vs_M3_Macro_Oil_RegQuality__normalized__Oil_Rent_Intensive_Pre2016_ge1pct,Regulatory_Quality_lag1,normalized,Oil_Rent_Intensive_Pre2016_ge1pct,Future_Period,train_to_2014__test_from_2015,Ridge,added_model_vs_strongest_benchmark,0.02450000000000004,1.0
M2_Macro_Oil_vs_M3_Macro_Oil_RegQuality__normalized__Oil_Rent_Intensive_Pre2016_ge1pct,Regulatory_Quality_lag1,normalized,Oil_Rent_Intensive_Pre2016_ge1pct,Future_Period,train_to_2014__test_from_2015,Ridge,added_model_vs_strongest_benchmark,0.02500000000000004,1.0
M2_Macro_Oil_vs_M3_Macro_Oil_RegQuality__normalized__Oil_Rent_Intensive_Pre2016_ge1pct,Regulatory_Quality_lag1,normalized,Oil_Rent_Intensive_Pre2016_ge1pct,Future_Period,train_to_2014__test_from_2015,Ridge,added_model_vs_strongest_benchmark,0.02550000000000004,1.0
M2_Macro_Oil_vs_M3_Macro_Oil_RegQuality__normalized__Oil_Rent_Intensive_Pre2016_ge1pct,Regulatory_Quality_lag1,normalized,Oil_Rent_Intensive_Pre2016_ge1pct,Future_Period,train_to_2014__test_from_2015,Ridge,added_model_vs_strongest_benchmark,0.02600000000000004,1.0
M2_Macro_Oil_vs_M3_Macro_Oil_RegQuality__normalized__Oil_Rent_Intensive_Pre2016_ge1pct,Regulatory_Quality_lag1,normalized,Oil_Rent_Intensive_Pre2016_ge1pct,Future_Period,train_to_2014__test_from_2015,Ridge,added_model_vs_strongest_benchmark,0.02650000000000004,0.9995
M2_Macro_Oil_vs_M3_Macro_Oil_RegQuality__normalized__Oil_Rent_Intensive_Pre2016_ge1pct,Regulatory_Quality_lag1,normalized,Oil_Rent_Intensive_Pre2016_ge1pct,Future_Period,train_to_2014__test_from_2015,Ridge,added_model_vs_strongest_benchmark,0.02700000000000004,0.9995
M2_Macro_Oil_vs_M3_Macro_Oil_RegQuality__normalized__Oil_Rent_Intensive_Pre2016_ge1pct,Regulatory_Quality_lag1,normalized,Oil_Rent_Intensive_Pre2016_ge1pct,Future_Period,train_to_2014__test_from_2015,Ridge,added_model_vs_strongest_benchmark,0.027500000000000042,0.9995
M2_Macro_Oil_vs_M3_Macro_Oil_RegQuality__normalized__Oil_Rent_Intensive_Pre2016_ge1pct,Regulatory_Quality_lag1,normalized,Oil_Rent_Intensive_Pre2016_ge1pct,Future_Period,train_to_2014__test_from_2015,Ridge,added_model_vs_strongest_benchmark,0.028000000000000042,0.9995
M2_Macro_Oil_vs_M3_Macro_Oil_RegQuality__normalized__Oil_Rent_Intensive_Pre2016_ge1pct,Regulatory_Quality_lag1,normalized,Oil_Rent_Intensive_Pre2016_ge1pct,Future_Period,train_to_2014__test_from_2015,Ridge,added_model_vs_strongest_benchmark,0.028500000000000043,0.9995
M2_Macro_Oil_vs_M3_Macro_Oil_RegQuality__normalized__Oil_Rent_Intensive_Pre2016_ge1pct,Regulatory_Quality_lag1,normalized,Oil_Rent_Intensive_Pre2016_ge1pct,Future_Period,train_to_2014__test_from_2015,Ridge,added_model_vs_strongest_benchmark,0.029000000000000043,0.9995
M2_Macro_Oil_vs_M3_Macro_Oil_RegQuality__normalized__Oil_Rent_Intensive_Pre2016_ge1pct,Regulatory_Quality_lag1,normalized,Oil_Rent_Intensive_Pre2016_ge1pct,Future_Period,train_to_2014__test_from_2015,Ridge,added_model_vs_strongest_benchmark,0.029500000000000044,0.9995
M2_Macro_Oil_vs_M3_Macro_Oil_RegQuality__normalized__Oil_Rent_Intensive_Pre2016_ge1pct,Regulatory_Quality_lag1,normalized,Oil_Rent_Intensive_Pre2016_ge1pct,Future_Period,train_to_2014__test_from_2015,Ridge,added_model_vs_strongest_benchmark,0.030000000000000044,0.9995
M2_Macro_Oil_vs_M3_Macro_Oil_RegQuality__normalized__Oil_Rent_Intensive_Pre2016_ge1pct,Regulatory_Quality_lag1,normalized,Oil_Rent_Intensive_Pre2016_ge1pct,Future_Period,train_to_2014__test_from_2015,ElasticNet,signal_increment,-0.02,1.0
M2_Macro_Oil_vs_M3_Macro_Oil_RegQuality__normalized__Oil_Rent_Intensive_Pre2016_ge1pct,Regulatory_Quality_lag1,normalized,Oil_Rent_Intensive_Pre2016_ge1pct,Future_Period,train_to_2014__test_from_2015,ElasticNet,signal_increment,-0.0195,1.0
M2_Macro_Oil_vs_M3_Macro_Oil_RegQuality__normalized__Oil_Rent_Intensive_Pre2016_ge1pct,Regulatory_Quality_lag1,normalized,Oil_Rent_Intensive_Pre2016_ge1pct,Future_Period,train_to_2014__test_from_2015,ElasticNet,signal_increment,-0.019,1.0
M2_Macro_Oil_vs_M3_Macro_Oil_RegQuality__normalized__Oil_Rent_Intensive_Pre2016_ge1pct,Regulatory_Quality_lag1,normalized,Oil_Rent_Intensive_Pre2016_ge1pct,Future_Period,train_to_2014__test_from_2015,ElasticNet,signal_increment,-0.0185,1.0
M2_Macro_Oil_vs_M3_Macro_Oil_RegQuality__normalized__Oil_Rent_Intensive_Pre2016_ge1pct,Regulatory_Quality_lag1,normalized,Oil_Rent_Intensive_Pre2016_ge1pct,Future_Period,train_to_2014__test_from_2015,ElasticNet,signal_increment,-0.018,1.0
M2_Macro_Oil_vs_M3_Macro_Oil_RegQuality__normalized__Oil_Rent_Intensive_Pre2016_ge1pct,Regulatory_Quality_lag1,normalized,Oil_Rent_Intensive_Pre2016_ge1pct,Future_Period,train_to_2014__test_from_2015,ElasticNet,signal_increment,-0.017499999999999998,1.0
M2_Macro_Oil_vs_M3_Macro_Oil_RegQuality__normalized__Oil_Rent_Intensive_Pre2016_ge1pct,Regulatory_Quality_lag1,normalized,Oil_Rent_Intensive_Pre2016_ge1pct,Future_Period,train_to_2014__test_from_2015,ElasticNet,signal_increment,-0.016999999999999998,1.0
M2_Macro_Oil_vs_M3_Macro_Oil_RegQuality__normalized__Oil_Rent_Intensive_Pre2016_ge1pct,Regulatory_Quality_lag1,normalized,Oil_Rent_Intensive_Pre2016_ge1pct,Future_Period,train_to_2014__test_from_2015,ElasticNet,signal_increment,-0.016499999999999997,1.0
M2_Macro_Oil_vs_M3_Macro_Oil_RegQuality__normalized__Oil_Rent_Intensive_Pre2016_ge1pct,Regulatory_Quality_lag1,normalized,Oil_Rent_Intensive_Pre2016_ge1pct,Future_Period,train_to_2014__test_from_2015,ElasticNet,signal_increment,-0.015999999999999997,1.0
M2_Macro_Oil_vs_M3_Macro_Oil_RegQuality__normalized__Oil_Rent_Intensive_Pre2016_ge1pct,Regulatory_Quality_lag1,normalized,Oil_Rent_Intensive_Pre2016_ge1pct,Future_Period,train_to_2014__test_from_2015,ElasticNet,signal_increment,-0.015499999999999996,1.0
M2_Macro_Oil_vs_M3_Macro_Oil_RegQuality__normalized__Oil_Rent_Intensive_Pre2016_ge1pct,Regulatory_Quality_lag1,normalized,Oil_Rent_Intensive_Pre2016_ge1pct,Future_Period,train_to_2014__test_from_2015,ElasticNet,signal_increment,-0.014999999999999996,1.0
M2_Macro_Oil_vs_M3_Macro_Oil_RegQuality__normalized__Oil_Rent_Intensive_Pre2016_ge1pct,Regulatory_Quality_lag1,normalized,Oil_Rent_Intensive_Pre2016_ge1pct,Future_Period,train_to_2014__test_from_2015,ElasticNet,signal_increment,-0.014499999999999996,1.0
M2_Macro_Oil_vs_M3_Macro_Oil_RegQuality__normalized__Oil_Rent_Intensive_Pre2016_ge1pct,Regulatory_Quality_lag1,normalized,Oil_Rent_Intensive_Pre2016_ge1pct,Future_Period,train_to_2014__test_from_2015,ElasticNet,signal_increment,-0.013999999999999995,1.0
M2_Macro_Oil_vs_M3_Macro_Oil_RegQuality__normalized__Oil_Rent_Intensive_Pre2016_ge1pct,Regulatory_Quality_lag1,normalized,Oil_Rent_Intensive_Pre2016_ge1pct,Future_Period,train_to_2014__test_from_2015,ElasticNet,signal_increment,-0.013499999999999995,1.0
M2_Macro_Oil_vs_M3_Macro_Oil_RegQuality__normalized__Oil_Rent_Intensive_Pre2016_ge1pct,Regulatory_Quality_lag1,normalized,Oil_Rent_Intensive_Pre2016_ge1pct,Future_Period,train_to_2014__test_from_2015,ElasticNet,signal_increment,-0.012999999999999994,1.0
M2_Macro_Oil_vs_M3_Macro_Oil_RegQuality__normalized__Oil_Rent_Intensive_Pre2016_ge1pct,Regulatory_Quality_lag1,normalized,Oil_Rent_Intensive_Pre2016_ge1pct,Future_Period,train_to_2014__test_from_2015,ElasticNet,signal_increment,-0.012499999999999994,1.0
M2_Macro_Oil_vs_M3_Macro_Oil_RegQuality__normalized__Oil_Rent_Intensive_Pre2016_ge1pct,Regulatory_Quality_lag1,normalized,Oil_Rent_Intensive_Pre2016_ge1pct,Future_Period,train_to_2014__test_from_2015,ElasticNet,signal_increment,-0.011999999999999993,1.0
M2_Macro_Oil_vs_M3_Macro_Oil_RegQuality__normalized__Oil_Rent_Intensive_Pre2016_ge1pct,Regulatory_Quality_lag1,normalized,Oil_Rent_Intensive_Pre2016_ge1pct,Future_Period,train_to_2014__test_from_2015,ElasticNet,signal_increment,-0.011499999999999993,1.0
M2_Macro_Oil_vs_M3_Macro_Oil_RegQuality__normalized__Oil_Rent_Intensive_Pre2016_ge1pct,Regulatory_Quality_lag1,normalized,Oil_Rent_Intensive_Pre2016_ge1pct,Future_Period,train_to_2014__test_from_2015,ElasticNet,signal_increment,-0.010999999999999992,1.0
M2_Macro_Oil_vs_M3_Macro_Oil_RegQuality__normalized__Oil_Rent_Intensive_Pre2016_ge1pct,Regulatory_Quality_lag1,normalized,Oil_Rent_Intensive_Pre2016_ge1pct,Future_Period,train_to_2014__test_from_2015,ElasticNet,signal_increment,-0.010499999999999992,1.0
M2_Macro_Oil_vs_M3_Macro_Oil_RegQuality__normalized__Oil_Rent_Intensive_Pre2016_ge1pct,Regulatory_Quality_lag1,normalized,Oil_Rent_Intensive_Pre2016_ge1pct,Future_Period,train_to_2014__test_from_2015,ElasticNet,signal_increment,-0.009999999999999992,1.0
M2_Macro_Oil_vs_M3_Macro_Oil_RegQuality__normalized__Oil_Rent_Intensive_Pre2016_ge1pct,Regulatory_Quality_lag1,normalized,Oil_Rent_Intensive_Pre2016_ge1pct,Future_Period,train_to_2014__test_from_2015,ElasticNet,signal_increment,-0.009499999999999991,1.0
M2_Macro_Oil_vs_M3_Macro_Oil_RegQuality__normalized__Oil_Rent_Intensive_Pre2016_ge1pct,Regulatory_Quality_lag1,normalized,Oil_Rent_Intensive_Pre2016_ge1pct,Future_Period,train_to_2014__test_from_2015,ElasticNet,signal_increment,-0.00899999999999999,1.0
M2_Macro_Oil_vs_M3_Macro_Oil_RegQuality__normalized__Oil_Rent_Intensive_Pre2016_ge1pct,Regulatory_Quality_lag1,normalized,Oil_Rent_Intensive_Pre2016_ge1pct,Future_Period,train_to_2014__test_from_2015,ElasticNet,signal_increment,-0.00849999999999999,1.0
M2_Macro_Oil_vs_M3_Macro_Oil_RegQuality__normalized__Oil_Rent_Intensive_Pre2016_ge1pct,Regulatory_Quality_lag1,normalized,Oil_Rent_Intensive_Pre2016_ge1pct,Future_Period,train_to_2014__test_from_2015,ElasticNet,signal_increment,-0.00799999999999999,1.0
M2_Macro_Oil_vs_M3_Macro_Oil_RegQuality__normalized__Oil_Rent_Intensive_Pre2016_ge1pct,Regulatory_Quality_lag1,normalized,Oil_Rent_Intensive_Pre2016_ge1pct,Future_Period,train_to_2014__test_from_2015,ElasticNet,signal_increment,-0.007499999999999989,1.0
M2_Macro_Oil_vs_M3_Macro_Oil_RegQuality__normalized__Oil_Rent_Intensive_Pre2016_ge1pct,Regulatory_Quality_lag1,normalized,Oil_Rent_Intensive_Pre2016_ge1pct,Future_Period,train_to_2014__test_from_2015,ElasticNet,signal_increment,-0.006999999999999989,1.0
M2_Macro_Oil_vs_M3_Macro_Oil_RegQuality__normalized__Oil_Rent_Intensive_Pre2016_ge1pct,Regulatory_Quality_lag1,normalized,Oil_Rent_Intensive_Pre2016_ge1pct,Future_Period,train_to_2014__test_from_2015,ElasticNet,signal_increment,-0.006499999999999988,1.0
M2_Macro_Oil_vs_M3_Macro_Oil_RegQuality__normalized__Oil_Rent_Intensive_Pre2016_ge1pct,Regulatory_Quality_lag1,normalized,Oil_Rent_Intensive_Pre2016_ge1pct,Future_Period,train_to_2014__test_from_2015,ElasticNet,signal_increment,-0.005999999999999988,1.0
M2_Macro_Oil_vs_M3_Macro_Oil_RegQuality__normalized__Oil_Rent_Intensive_Pre2016_ge1pct,Regulatory_Quality_lag1,normalized,Oil_Rent_Intensive_Pre2016_ge1pct,Future_Period,train_to_2014__test_from_2015,ElasticNet,signal_increment,-0.0054999999999999875,1.0
M2_Macro_Oil_vs_M3_Macro_Oil_RegQuality__normalized__Oil_Rent_Intensive_Pre2016_ge1pct,Regulatory_Quality_lag1,normalized,Oil_Rent_Intensive_Pre2016_ge1pct,Future_Period,train_to_2014__test_from_2015,ElasticNet,signal_increment,-0.004999999999999987,1.0
M2_Macro_Oil_vs_M3_Macro_Oil_RegQuality__normalized__Oil_Rent_Intensive_Pre2016_ge1pct,Regulatory_Quality_lag1,normalized,Oil_Rent_Intensive_Pre2016_ge1pct,Future_Period,train_to_2014__test_from_2015,ElasticNet,signal_increment,-0.004499999999999987,1.0
M2_Macro_Oil_vs_M3_Macro_Oil_RegQuality__normalized__Oil_Rent_Intensive_Pre2016_ge1pct,Regulatory_Quality_lag1,normalized,Oil_Rent_Intensive_Pre2016_ge1pct,Future_Period,train_to_2014__test_from_2015,ElasticNet,signal_increment,-0.003999999999999986,1.0
M2_Macro_Oil_vs_M3_Macro_Oil_RegQuality__normalized__Oil_Rent_Intensive_Pre2016_ge1pct,Regulatory_Quality_lag1,normalized,Oil_Rent_Intensive_Pre2016_ge1pct,Future_Period,train_to_2014__test_from_2015,ElasticNet,signal_increment,-0.0034999999999999858,1.0
M2_Macro_Oil_vs_M3_Macro_Oil_RegQuality__normalized__Oil_Rent_Intensive_Pre2016_ge1pct,Regulatory_Quality_lag1,normalized,Oil_Rent_Intensive_Pre2016_ge1pct,Future_Period,train_to_2014__test_from_2015,ElasticNet,signal_increment,-0.0029999999999999853,1.0
M2_Macro_Oil_vs_M3_Macro_Oil_RegQuality__normalized__Oil_Rent_Intensive_Pre2016_ge1pct,Regulatory_Quality_lag1,normalized,Oil_Rent_Intensive_Pre2016_ge1pct,Future_Period,train_to_2014__test_from_2015,ElasticNet,signal_increment,-0.002499999999999985,1.0
M2_Macro_Oil_vs_M3_Macro_Oil_RegQuality__normalized__Oil_Rent_Intensive_Pre2016_ge1pct,Regulatory_Quality_lag1,normalized,Oil_Rent_Intensive_Pre2016_ge1pct,Future_Period,train_to_2014__test_from_2015,ElasticNet,signal_increment,-0.0019999999999999844,0.9995
M2_Macro_Oil_vs_M3_Macro_Oil_RegQuality__normalized__Oil_Rent_Intensive_Pre2016_ge1pct,Regulatory_Quality_lag1,normalized,Oil_Rent_Intensive_Pre2016_ge1pct,Future_Period,train_to_2014__test_from_2015,ElasticNet,signal_increment,-0.001499999999999984,0.999
M2_Macro_Oil_vs_M3_Macro_Oil_RegQuality__normalized__Oil_Rent_Intensive_Pre2016_ge1pct,Regulatory_Quality_lag1,normalized,Oil_Rent_Intensive_Pre2016_ge1pct,Future_Period,train_to_2014__test_from_2015,ElasticNet,signal_increment,-0.0009999999999999835,0.9955
M2_Macro_Oil_vs_M3_Macro_Oil_RegQuality__normalized__Oil_Rent_Intensive_Pre2016_ge1pct,Regulatory_Quality_lag1,normalized,Oil_Rent_Intensive_Pre2016_ge1pct,Future_Period,train_to_2014__test_from_2015,ElasticNet,signal_increment,-0.0004999999999999831,0.9775
M2_Macro_Oil_vs_M3_Macro_Oil_RegQuality__normalized__Oil_Rent_Intensive_Pre2016_ge1pct,Regulatory_Quality_lag1,normalized,Oil_Rent_Intensive_Pre2016_ge1pct,Future_Period,train_to_2014__test_from_2015,ElasticNet,signal_increment,1.734723475976807e-17,0.894
M2_Macro_Oil_vs_M3_Macro_Oil_RegQuality__normalized__Oil_Rent_Intensive_Pre2016_ge1pct,Regulatory_Quality_lag1,normalized,Oil_Rent_Intensive_Pre2016_ge1pct,Future_Period,train_to_2014__test_from_2015,ElasticNet,signal_increment,0.0005000000000000178,0.608
M2_Macro_Oil_vs_M3_Macro_Oil_RegQuality__normalized__Oil_Rent_Intensive_Pre2016_ge1pct,Regulatory_Quality_lag1,normalized,Oil_Rent_Intensive_Pre2016_ge1pct,Future_Period,train_to_2014__test_from_2015,ElasticNet,signal_increment,0.0010000000000000182,0.2455
M2_Macro_Oil_vs_M3_Macro_Oil_RegQuality__normalized__Oil_Rent_Intensive_Pre2016_ge1pct,Regulatory_Quality_lag1,normalized,Oil_Rent_Intensive_Pre2016_ge1pct,Future_Period,train_to_2014__test_from_2015,ElasticNet,signal_increment,0.0015000000000000187,0.0695
M2_Macro_Oil_vs_M3_Macro_Oil_RegQuality__normalized__Oil_Rent_Intensive_Pre2016_ge1pct,Regulatory_Quality_lag1,normalized,Oil_Rent_Intensive_Pre2016_ge1pct,Future_Period,train_to_2014__test_from_2015,ElasticNet,signal_increment,0.002000000000000019,0.007
M2_Macro_Oil_vs_M3_Macro_Oil_RegQuality__normalized__Oil_Rent_Intensive_Pre2016_ge1pct,Regulatory_Quality_lag1,normalized,Oil_Rent_Intensive_Pre2016_ge1pct,Future_Period,train_to_2014__test_from_2015,ElasticNet,signal_increment,0.0025000000000000196,0.001
M2_Macro_Oil_vs_M3_Macro_Oil_RegQuality__normalized__Oil_Rent_Intensive_Pre2016_ge1pct,Regulatory_Quality_lag1,normalized,Oil_Rent_Intensive_Pre2016_ge1pct,Future_Period,train_to_2014__test_from_2015,ElasticNet,signal_increment,0.00300000000000002,0.0
M2_Macro_Oil_vs_M3_Macro_Oil_RegQuality__normalized__Oil_Rent_Intensive_Pre2016_ge1pct,Regulatory_Quality_lag1,normalized,Oil_Rent_Intensive_Pre2016_ge1pct,Future_Period,train_to_2014__test_from_2015,ElasticNet,signal_increment,0.0035000000000000205,0.0
M2_Macro_Oil_vs_M3_Macro_Oil_RegQuality__normalized__Oil_Rent_Intensive_Pre2016_ge1pct,Regulatory_Quality_lag1,normalized,Oil_Rent_Intensive_Pre2016_ge1pct,Future_Period,train_to_2014__test_from_2015,ElasticNet,signal_increment,0.004000000000000021,0.0
M2_Macro_Oil_vs_M3_Macro_Oil_RegQuality__normalized__Oil_Rent_Intensive_Pre2016_ge1pct,Regulatory_Quality_lag1,normalized,Oil_Rent_Intensive_Pre2016_ge1pct,Future_Period,train_to_2014__test_from_2015,ElasticNet,signal_increment,0.004500000000000021,0.0
M2_Macro_Oil_vs_M3_Macro_Oil_RegQuality__normalized__Oil_Rent_Intensive_Pre2016_ge1pct,Regulatory_Quality_lag1,normalized,Oil_Rent_Intensive_Pre2016_ge1pct,Future_Period,train_to_2014__test_from_2015,ElasticNet,signal_increment,0.005000000000000022,0.0
M2_Macro_Oil_vs_M3_Macro_Oil_RegQuality__normalized__Oil_Rent_Intensive_Pre2016_ge1pct,Regulatory_Quality_lag1,normalized,Oil_Rent_Intensive_Pre2016_ge1pct,Future_Period,train_to_2014__test_from_2015,ElasticNet,signal_increment,0.005500000000000022,0.0
M2_Macro_Oil_vs_M3_Macro_Oil_RegQuality__normalized__Oil_Rent_Intensive_Pre2016_ge1pct,Regulatory_Quality_lag1,normalized,Oil_Rent_Intensive_Pre2016_ge1pct,Future_Period,train_to_2014__test_from_2015,ElasticNet,signal_increment,0.006000000000000023,0.0
M2_Macro_Oil_vs_M3_Macro_Oil_RegQuality__normalized__Oil_Rent_Intensive_Pre2016_ge1pct,Regulatory_Quality_lag1,normalized,Oil_Rent_Intensive_Pre2016_ge1pct,Future_Period,train_to_2014__test_from_2015,ElasticNet,signal_increment,0.006500000000000023,0.0
M2_Macro_Oil_vs_M3_Macro_Oil_RegQuality__normalized__Oil_Rent_Intensive_Pre2016_ge1pct,Regulatory_Quality_lag1,normalized,Oil_Rent_Intensive_Pre2016_ge1pct,Future_Period,train_to_2014__test_from_2015,ElasticNet,signal_increment,0.0070000000000000236,0.0
M2_Macro_Oil_vs_M3_Macro_Oil_RegQuality__normalized__Oil_Rent_Intensive_Pre2016_ge1pct,Regulatory_Quality_lag1,normalized,Oil_Rent_Intensive_Pre2016_ge1pct,Future_Period,train_to_2014__test_from_2015,ElasticNet,signal_increment,0.007500000000000024,0.0
M2_Macro_Oil_vs_M3_Macro_Oil_RegQuality__normalized__Oil_Rent_Intensive_Pre2016_ge1pct,Regulatory_Quality_lag1,normalized,Oil_Rent_Intensive_Pre2016_ge1pct,Future_Period,train_to_2014__test_from_2015,ElasticNet,signal_increment,0.008000000000000024,0.0
M2_Macro_Oil_vs_M3_Macro_Oil_RegQuality__normalized__Oil_Rent_Intensive_Pre2016_ge1pct,Regulatory_Quality_lag1,normalized,Oil_Rent_Intensive_Pre2016_ge1pct,Future_Period,train_to_2014__test_from_2015,ElasticNet,signal_increment,0.008500000000000025,0.0
M2_Macro_Oil_vs_M3_Macro_Oil_RegQuality__normalized__Oil_Rent_Intensive_Pre2016_ge1pct,Regulatory_Quality_lag1,normalized,Oil_Rent_Intensive_Pre2016_ge1pct,Future_Period,train_to_2014__test_from_2015,ElasticNet,signal_increment,0.009000000000000025,0.0
M2_Macro_Oil_vs_M3_Macro_Oil_RegQuality__normalized__Oil_Rent_Intensive_Pre2016_ge1pct,Regulatory_Quality_lag1,normalized,Oil_Rent_Intensive_Pre2016_ge1pct,Future_Period,train_to_2014__test_from_2015,ElasticNet,signal_increment,0.009500000000000026,0.0
M2_Macro_Oil_vs_M3_Macro_Oil_RegQuality__normalized__Oil_Rent_Intensive_Pre2016_ge1pct,Regulatory_Quality_lag1,normalized,Oil_Rent_Intensive_Pre2016_ge1pct,Future_Period,train_to_2014__test_from_2015,ElasticNet,signal_increment,0.010000000000000026,0.0
M2_Macro_Oil_vs_M3_Macro_Oil_RegQuality__normalized__Oil_Rent_Intensive_Pre2016_ge1pct,Regulatory_Quality_lag1,normalized,Oil_Rent_Intensive_Pre2016_ge1pct,Future_Period,train_to_2014__test_from_2015,ElasticNet,signal_increment,0.010500000000000027,0.0
M2_Macro_Oil_vs_M3_Macro_Oil_RegQuality__normalized__Oil_Rent_Intensive_Pre2016_ge1pct,Regulatory_Quality_lag1,normalized,Oil_Rent_Intensive_Pre2016_ge1pct,Future_Period,train_to_2014__test_from_2015,ElasticNet,signal_increment,0.011000000000000027,0.0
M2_Macro_Oil_vs_M3_Macro_Oil_RegQuality__normalized__Oil_Rent_Intensive_Pre2016_ge1pct,Regulatory_Quality_lag1,normalized,Oil_Rent_Intensive_Pre2016_ge1pct,Future_Period,train_to_2014__test_from_2015,ElasticNet,signal_increment,0.011500000000000028,0.0
M2_Macro_Oil_vs_M3_Macro_Oil_RegQuality__normalized__Oil_Rent_Intensive_Pre2016_ge1pct,Regulatory_Quality_lag1,normalized,Oil_Rent_Intensive_Pre2016_ge1pct,Future_Period,train_to_2014__test_from_2015,ElasticNet,signal_increment,0.012000000000000028,0.0
M2_Macro_Oil_vs_M3_Macro_Oil_RegQuality__normalized__Oil_Rent_Intensive_Pre2016_ge1pct,Regulatory_Quality_lag1,normalized,Oil_Rent_Intensive_Pre2016_ge1pct,Future_Period,train_to_2014__test_from_2015,ElasticNet,signal_increment,0.012500000000000028,0.0
M2_Macro_Oil_vs_M3_Macro_Oil_RegQuality__normalized__Oil_Rent_Intensive_Pre2016_ge1pct,Regulatory_Quality_lag1,normalized,Oil_Rent_Intensive_Pre2016_ge1pct,Future_Period,train_to_2014__test_from_2015,ElasticNet,signal_increment,0.013000000000000029,0.0
M2_Macro_Oil_vs_M3_Macro_Oil_RegQuality__normalized__Oil_Rent_Intensive_Pre2016_ge1pct,Regulatory_Quality_lag1,normalized,Oil_Rent_Intensive_Pre2016_ge1pct,Future_Period,train_to_2014__test_from_2015,ElasticNet,signal_increment,0.01350000000000003,0.0
M2_Macro_Oil_vs_M3_Macro_Oil_RegQuality__normalized__Oil_Rent_Intensive_Pre2016_ge1pct,Regulatory_Quality_lag1,normalized,Oil_Rent_Intensive_Pre2016_ge1pct,Future_Period,train_to_2014__test_from_2015,ElasticNet,signal_increment,0.01400000000000003,0.0
M2_Macro_Oil_vs_M3_Macro_Oil_RegQuality__normalized__Oil_Rent_Intensive_Pre2016_ge1pct,Regulatory_Quality_lag1,normalized,Oil_Rent_Intensive_Pre2016_ge1pct,Future_Period,train_to_2014__test_from_2015,ElasticNet,signal_increment,0.01450000000000003,0.0
M2_Macro_Oil_vs_M3_Macro_Oil_RegQuality__normalized__Oil_Rent_Intensive_Pre2016_ge1pct,Regulatory_Quality_lag1,normalized,Oil_Rent_Intensive_Pre2016_ge1pct,Future_Period,train_to_2014__test_from_2015,ElasticNet,signal_increment,0.01500000000000003,0.0
M2_Macro_Oil_vs_M3_Macro_Oil_RegQuality__normalized__Oil_Rent_Intensive_Pre2016_ge1pct,Regulatory_Quality_lag1,normalized,Oil_Rent_Intensive_Pre2016_ge1pct,Future_Period,train_to_2014__test_from_2015,ElasticNet,signal_increment,0.015500000000000031,0.0
M2_Macro_Oil_vs_M3_Macro_Oil_RegQuality__normalized__Oil_Rent_Intensive_Pre2016_ge1pct,Regulatory_Quality_lag1,normalized,Oil_Rent_Intensive_Pre2016_ge1pct,Future_Period,train_to_2014__test_from_2015,ElasticNet,signal_increment,0.01600000000000003,0.0
M2_Macro_Oil_vs_M3_Macro_Oil_RegQuality__normalized__Oil_Rent_Intensive_Pre2016_ge1pct,Regulatory_Quality_lag1,normalized,Oil_Rent_Intensive_Pre2016_ge1pct,Future_Period,train_to_2014__test_from_2015,ElasticNet,signal_increment,0.016500000000000032,0.0
M2_Macro_Oil_vs_M3_Macro_Oil_RegQuality__normalized__Oil_Rent_Intensive_Pre2016_ge1pct,Regulatory_Quality_lag1,normalized,Oil_Rent_Intensive_Pre2016_ge1pct,Future_Period,train_to_2014__test_from_2015,ElasticNet,signal_increment,0.017000000000000032,0.0
M2_Macro_Oil_vs_M3_Macro_Oil_RegQuality__normalized__Oil_Rent_Intensive_Pre2016_ge1pct,Regulatory_Quality_lag1,normalized,Oil_Rent_Intensive_Pre2016_ge1pct,Future_Period,train_to_2014__test_from_2015,ElasticNet,signal_increment,0.017500000000000033,0.0
M2_Macro_Oil_vs_M3_Macro_Oil_RegQuality__normalized__Oil_Rent_Intensive_Pre2016_ge1pct,Regulatory_Quality_lag1,normalized,Oil_Rent_Intensive_Pre2016_ge1pct,Future_Period,train_to_2014__test_from_2015,ElasticNet,signal_increment,0.018000000000000033,0.0
M2_Macro_Oil_vs_M3_Macro_Oil_RegQuality__normalized__Oil_Rent_Intensive_Pre2016_ge1pct,Regulatory_Quality_lag1,normalized,Oil_Rent_Intensive_Pre2016_ge1pct,Future_Period,train_to_2014__test_from_2015,ElasticNet,signal_increment,0.018500000000000034,0.0
M2_Macro_Oil_vs_M3_Macro_Oil_RegQuality__normalized__Oil_Rent_Intensive_Pre2016_ge1pct,Regulatory_Quality_lag1,normalized,Oil_Rent_Intensive_Pre2016_ge1pct,Future_Period,train_to_2014__test_from_2015,ElasticNet,signal_increment,0.019000000000000034,0.0
M2_Macro_Oil_vs_M3_Macro_Oil_RegQuality__normalized__Oil_Rent_Intensive_Pre2016_ge1pct,Regulatory_Quality_lag1,normalized,Oil_Rent_Intensive_Pre2016_ge1pct,Future_Period,train_to_2014__test_from_2015,ElasticNet,signal_increment,0.019500000000000035,0.0
M2_Macro_Oil_vs_M3_Macro_Oil_RegQuality__normalized__Oil_Rent_Intensive_Pre2016_ge1pct,Regulatory_Quality_lag1,normalized,Oil_Rent_Intensive_Pre2016_ge1pct,Future_Period,train_to_2014__test_from_2015,ElasticNet,signal_increment,0.020000000000000035,0.0
M2_Macro_Oil_vs_M3_Macro_Oil_RegQuality__normalized__Oil_Rent_Intensive_Pre2016_ge1pct,Regulatory_Quality_lag1,normalized,Oil_Rent_Intensive_Pre2016_ge1pct,Future_Period,train_to_2014__test_from_2015,ElasticNet,signal_increment,0.020500000000000036,0.0
M2_Macro_Oil_vs_M3_Macro_Oil_RegQuality__normalized__Oil_Rent_Intensive_Pre2016_ge1pct,Regulatory_Quality_lag1,normalized,Oil_Rent_Intensive_Pre2016_ge1pct,Future_Period,train_to_2014__test_from_2015,ElasticNet,signal_increment,0.021000000000000036,0.0
M2_Macro_Oil_vs_M3_Macro_Oil_RegQuality__normalized__Oil_Rent_Intensive_Pre2016_ge1pct,Regulatory_Quality_lag1,normalized,Oil_Rent_Intensive_Pre2016_ge1pct,Future_Period,train_to_2014__test_from_2015,ElasticNet,signal_increment,0.021500000000000036,0.0
M2_Macro_Oil_vs_M3_Macro_Oil_RegQuality__normalized__Oil_Rent_Intensive_Pre2016_ge1pct,Regulatory_Quality_lag1,normalized,Oil_Rent_Intensive_Pre2016_ge1pct,Future_Period,train_to_2014__test_from_2015,ElasticNet,signal_increment,0.022000000000000037,0.0
M2_Macro_Oil_vs_M3_Macro_Oil_RegQuality__normalized__Oil_Rent_Intensive_Pre2016_ge1pct,Regulatory_Quality_lag1,normalized,Oil_Rent_Intensive_Pre2016_ge1pct,Future_Period,train_to_2014__test_from_2015,ElasticNet,signal_increment,0.022500000000000037,0.0
M2_Macro_Oil_vs_M3_Macro_Oil_RegQuality__normalized__Oil_Rent_Intensive_Pre2016_ge1pct,Regulatory_Quality_lag1,normalized,Oil_Rent_Intensive_Pre2016_ge1pct,Future_Period,train_to_2014__test_from_2015,ElasticNet,signal_increment,0.023000000000000038,0.0
M2_Macro_Oil_vs_M3_Macro_Oil_RegQuality__normalized__Oil_Rent_Intensive_Pre2016_ge1pct,Regulatory_Quality_lag1,normalized,Oil_Rent_Intensive_Pre2016_ge1pct,Future_Period,train_to_2014__test_from_2015,ElasticNet,signal_increment,0.023500000000000038,0.0
M2_Macro_Oil_vs_M3_Macro_Oil_RegQuality__normalized__Oil_Rent_Intensive_Pre2016_ge1pct,Regulatory_Quality_lag1,normalized,Oil_Rent_Intensive_Pre2016_ge1pct,Future_Period,train_to_2014__test_from_2015,ElasticNet,signal_increment,0.02400000000000004,0.0
M2_Macro_Oil_vs_M3_Macro_Oil_RegQuality__normalized__Oil_Rent_Intensive_Pre2016_ge1pct,Regulatory_Quality_lag1,normalized,Oil_Rent_Intensive_Pre2016_ge1pct,Future_Period,train_to_2014__test_from_2015,ElasticNet,signal_increment,0.02450000000000004,0.0
M2_Macro_Oil_vs_M3_Macro_Oil_RegQuality__normalized__Oil_Rent_Intensive_Pre2016_ge1pct,Regulatory_Quality_lag1,normalized,Oil_Rent_Intensive_Pre2016_ge1pct,Future_Period,train_to_2014__test_from_2015,ElasticNet,signal_increment,0.02500000000000004,0.0
M2_Macro_Oil_vs_M3_Macro_Oil_RegQuality__normalized__Oil_Rent_Intensive_Pre2016_ge1pct,Regulatory_Quality_lag1,normalized,Oil_Rent_Intensive_Pre2016_ge1pct,Future_Period,train_to_2014__test_from_2015,ElasticNet,signal_increment,0.02550000000000004,0.0
M2_Macro_Oil_vs_M3_Macro_Oil_RegQuality__normalized__Oil_Rent_Intensive_Pre2016_ge1pct,Regulatory_Quality_lag1,normalized,Oil_Rent_Intensive_Pre2016_ge1pct,Future_Period,train_to_2014__test_from_2015,ElasticNet,signal_increment,0.02600000000000004,0.0
M2_Macro_Oil_vs_M3_Macro_Oil_RegQuality__normalized__Oil_Rent_Intensive_Pre2016_ge1pct,Regulatory_Quality_lag1,normalized,Oil_Rent_Intensive_Pre2016_ge1pct,Future_Period,train_to_2014__test_from_2015,ElasticNet,signal_increment,0.02650000000000004,0.0
M2_Macro_Oil_vs_M3_Macro_Oil_RegQuality__normalized__Oil_Rent_Intensive_Pre2016_ge1pct,Regulatory_Quality_lag1,normalized,Oil_Rent_Intensive_Pre2016_ge1pct,Future_Period,train_to_2014__test_from_2015,ElasticNet,signal_increment,0.02700000000000004,0.0
M2_Macro_Oil_vs_M3_Macro_Oil_RegQuality__normalized__Oil_Rent_Intensive_Pre2016_ge1pct,Regulatory_Quality_lag1,normalized,Oil_Rent_Intensive_Pre2016_ge1pct,Future_Period,train_to_2014__test_from_2015,ElasticNet,signal_increment,0.027500000000000042,0.0
M2_Macro_Oil_vs_M3_Macro_Oil_RegQuality__normalized__Oil_Rent_Intensive_Pre2016_ge1pct,Regulatory_Quality_lag1,normalized,Oil_Rent_Intensive_Pre2016_ge1pct,Future_Period,train_to_2014__test_from_2015,ElasticNet,signal_increment,0.028000000000000042,0.0
M2_Macro_Oil_vs_M3_Macro_Oil_RegQuality__normalized__Oil_Rent_Intensive_Pre2016_ge1pct,Regulatory_Quality_lag1,normalized,Oil_Rent_Intensive_Pre2016_ge1pct,Future_Period,train_to_2014__test_from_2015,ElasticNet,signal_increment,0.028500000000000043,0.0
M2_Macro_Oil_vs_M3_Macro_Oil_RegQuality__normalized__Oil_Rent_Intensive_Pre2016_ge1pct,Regulatory_Quality_lag1,normalized,Oil_Rent_Intensive_Pre2016_ge1pct,Future_Period,train_to_2014__test_from_2015,ElasticNet,signal_increment,0.029000000000000043,0.0
M2_Macro_Oil_vs_M3_Macro_Oil_RegQuality__normalized__Oil_Rent_Intensive_Pre2016_ge1pct,Regulatory_Quality_lag1,normalized,Oil_Rent_Intensive_Pre2016_ge1pct,Future_Period,train_to_2014__test_from_2015,ElasticNet,signal_increment,0.029500000000000044,0.0
M2_Macro_Oil_vs_M3_Macro_Oil_RegQuality__normalized__Oil_Rent_Intensive_Pre2016_ge1pct,Regulatory_Quality_lag1,normalized,Oil_Rent_Intensive_Pre2016_ge1pct,Future_Period,train_to_2014__test_from_2015,ElasticNet,signal_increment,0.030000000000000044,0.0
M2_Macro_Oil_vs_M3_Macro_Oil_RegQuality__normalized__Oil_Rent_Intensive_Pre2016_ge1pct,Regulatory_Quality_lag1,normalized,Oil_Rent_Intensive_Pre2016_ge1pct,Future_Period,train_to_2014__test_from_2015,ElasticNet,added_model_vs_strongest_benchmark,-0.02,1.0
M2_Macro_Oil_vs_M3_Macro_Oil_RegQuality__normalized__Oil_Rent_Intensive_Pre2016_ge1pct,Regulatory_Quality_lag1,normalized,Oil_Rent_Intensive_Pre2016_ge1pct,Future_Period,train_to_2014__test_from_2015,ElasticNet,added_model_vs_strongest_benchmark,-0.0195,1.0
M2_Macro_Oil_vs_M3_Macro_Oil_RegQuality__normalized__Oil_Rent_Intensive_Pre2016_ge1pct,Regulatory_Quality_lag1,normalized,Oil_Rent_Intensive_Pre2016_ge1pct,Future_Period,train_to_2014__test_from_2015,ElasticNet,added_model_vs_strongest_benchmark,-0.019,1.0
M2_Macro_Oil_vs_M3_Macro_Oil_RegQuality__normalized__Oil_Rent_Intensive_Pre2016_ge1pct,Regulatory_Quality_lag1,normalized,Oil_Rent_Intensive_Pre2016_ge1pct,Future_Period,train_to_2014__test_from_2015,ElasticNet,added_model_vs_strongest_benchmark,-0.0185,1.0
M2_Macro_Oil_vs_M3_Macro_Oil_RegQuality__normalized__Oil_Rent_Intensive_Pre2016_ge1pct,Regulatory_Quality_lag1,normalized,Oil_Rent_Intensive_Pre2016_ge1pct,Future_Period,train_to_2014__test_from_2015,ElasticNet,added_model_vs_strongest_benchmark,-0.018,1.0
M2_Macro_Oil_vs_M3_Macro_Oil_RegQuality__normalized__Oil_Rent_Intensive_Pre2016_ge1pct,Regulatory_Quality_lag1,normalized,Oil_Rent_Intensive_Pre2016_ge1pct,Future_Period,train_to_2014__test_from_2015,ElasticNet,added_model_vs_strongest_benchmark,-0.017499999999999998,1.0
M2_Macro_Oil_vs_M3_Macro_Oil_RegQuality__normalized__Oil_Rent_Intensive_Pre2016_ge1pct,Regulatory_Quality_lag1,normalized,Oil_Rent_Intensive_Pre2016_ge1pct,Future_Period,train_to_2014__test_from_2015,ElasticNet,added_model_vs_strongest_benchmark,-0.016999999999999998,1.0
M2_Macro_Oil_vs_M3_Macro_Oil_RegQuality__normalized__Oil_Rent_Intensive_Pre2016_ge1pct,Regulatory_Quality_lag1,normalized,Oil_Rent_Intensive_Pre2016_ge1pct,Future_Period,train_to_2014__test_from_2015,ElasticNet,added_model_vs_strongest_benchmark,-0.016499999999999997,1.0
M2_Macro_Oil_vs_M3_Macro_Oil_RegQuality__normalized__Oil_Rent_Intensive_Pre2016_ge1pct,Regulatory_Quality_lag1,normalized,Oil_Rent_Intensive_Pre2016_ge1pct,Future_Period,train_to_2014__test_from_2015,ElasticNet,added_model_vs_strongest_benchmark,-0.015999999999999997,1.0
M2_Macro_Oil_vs_M3_Macro_Oil_RegQuality__normalized__Oil_Rent_Intensive_Pre2016_ge1pct,Regulatory_Quality_lag1,normalized,Oil_Rent_Intensive_Pre2016_ge1pct,Future_Period,train_to_2014__test_from_2015,ElasticNet,added_model_vs_strongest_benchmark,-0.015499999999999996,1.0
M2_Macro_Oil_vs_M3_Macro_Oil_RegQuality__normalized__Oil_Rent_Intensive_Pre2016_ge1pct,Regulatory_Quality_lag1,normalized,Oil_Rent_Intensive_Pre2016_ge1pct,Future_Period,train_to_2014__test_from_2015,ElasticNet,added_model_vs_strongest_benchmark,-0.014999999999999996,1.0
M2_Macro_Oil_vs_M3_Macro_Oil_RegQuality__normalized__Oil_Rent_Intensive_Pre2016_ge1pct,Regulatory_Quality_lag1,normalized,Oil_Rent_Intensive_Pre2016_ge1pct,Future_Period,train_to_2014__test_from_2015,ElasticNet,added_model_vs_strongest_benchmark,-0.014499999999999996,1.0
M2_Macro_Oil_vs_M3_Macro_Oil_RegQuality__normalized__Oil_Rent_Intensive_Pre2016_ge1pct,Regulatory_Quality_lag1,normalized,Oil_Rent_Intensive_Pre2016_ge1pct,Future_Period,train_to_2014__test_from_2015,ElasticNet,added_model_vs_strongest_benchmark,-0.013999999999999995,1.0
M2_Macro_Oil_vs_M3_Macro_Oil_RegQuality__normalized__Oil_Rent_Intensive_Pre2016_ge1pct,Regulatory_Quality_lag1,normalized,Oil_Rent_Intensive_Pre2016_ge1pct,Future_Period,train_to_2014__test_from_2015,ElasticNet,added_model_vs_strongest_benchmark,-0.013499999999999995,1.0
M2_Macro_Oil_vs_M3_Macro_Oil_RegQuality__normalized__Oil_Rent_Intensive_Pre2016_ge1pct,Regulatory_Quality_lag1,normalized,Oil_Rent_Intensive_Pre2016_ge1pct,Future_Period,train_to_2014__test_from_2015,ElasticNet,added_model_vs_strongest_benchmark,-0.012999999999999994,1.0
M2_Macro_Oil_vs_M3_Macro_Oil_RegQuality__normalized__Oil_Rent_Intensive_Pre2016_ge1pct,Regulatory_Quality_lag1,normalized,Oil_Rent_Intensive_Pre2016_ge1pct,Future_Period,train_to_2014__test_from_2015,ElasticNet,added_model_vs_strongest_benchmark,-0.012499999999999994,1.0
M2_Macro_Oil_vs_M3_Macro_Oil_RegQuality__normalized__Oil_Rent_Intensive_Pre2016_ge1pct,Regulatory_Quality_lag1,normalized,Oil_Rent_Intensive_Pre2016_ge1pct,Future_Period,train_to_2014__test_from_2015,ElasticNet,added_model_vs_strongest_benchmark,-0.011999999999999993,1.0
M2_Macro_Oil_vs_M3_Macro_Oil_RegQuality__normalized__Oil_Rent_Intensive_Pre2016_ge1pct,Regulatory_Quality_lag1,normalized,Oil_Rent_Intensive_Pre2016_ge1pct,Future_Period,train_to_2014__test_from_2015,ElasticNet,added_model_vs_strongest_benchmark,-0.011499999999999993,1.0
M2_Macro_Oil_vs_M3_Macro_Oil_RegQuality__normalized__Oil_Rent_Intensive_Pre2016_ge1pct,Regulatory_Quality_lag1,normalized,Oil_Rent_Intensive_Pre2016_ge1pct,Future_Period,train_to_2014__test_from_2015,ElasticNet,added_model_vs_strongest_benchmark,-0.010999999999999992,1.0
M2_Macro_Oil_vs_M3_Macro_Oil_RegQuality__normalized__Oil_Rent_Intensive_Pre2016_ge1pct,Regulatory_Quality_lag1,normalized,Oil_Rent_Intensive_Pre2016_ge1pct,Future_Period,train_to_2014__test_from_2015,ElasticNet,added_model_vs_strongest_benchmark,-0.010499999999999992,1.0
M2_Macro_Oil_vs_M3_Macro_Oil_RegQuality__normalized__Oil_Rent_Intensive_Pre2016_ge1pct,Regulatory_Quality_lag1,normalized,Oil_Rent_Intensive_Pre2016_ge1pct,Future_Period,train_to_2014__test_from_2015,ElasticNet,added_model_vs_strongest_benchmark,-0.009999999999999992,1.0
M2_Macro_Oil_vs_M3_Macro_Oil_RegQuality__normalized__Oil_Rent_Intensive_Pre2016_ge1pct,Regulatory_Quality_lag1,normalized,Oil_Rent_Intensive_Pre2016_ge1pct,Future_Period,train_to_2014__test_from_2015,ElasticNet,added_model_vs_strongest_benchmark,-0.009499999999999991,1.0
M2_Macro_Oil_vs_M3_Macro_Oil_RegQuality__normalized__Oil_Rent_Intensive_Pre2016_ge1pct,Regulatory_Quality_lag1,normalized,Oil_Rent_Intensive_Pre2016_ge1pct,Future_Period,train_to_2014__test_from_2015,ElasticNet,added_model_vs_strongest_benchmark,-0.00899999999999999,1.0
M2_Macro_Oil_vs_M3_Macro_Oil_RegQuality__normalized__Oil_Rent_Intensive_Pre2016_ge1pct,Regulatory_Quality_lag1,normalized,Oil_Rent_Intensive_Pre2016_ge1pct,Future_Period,train_to_2014__test_from_2015,ElasticNet,added_model_vs_strongest_benchmark,-0.00849999999999999,1.0
M2_Macro_Oil_vs_M3_Macro_Oil_RegQuality__normalized__Oil_Rent_Intensive_Pre2016_ge1pct,Regulatory_Quality_lag1,normalized,Oil_Rent_Intensive_Pre2016_ge1pct,Future_Period,train_to_2014__test_from_2015,ElasticNet,added_model_vs_strongest_benchmark,-0.00799999999999999,1.0
M2_Macro_Oil_vs_M3_Macro_Oil_RegQuality__normalized__Oil_Rent_Intensive_Pre2016_ge1pct,Regulatory_Quality_lag1,normalized,Oil_Rent_Intensive_Pre2016_ge1pct,Future_Period,train_to_2014__test_from_2015,ElasticNet,added_model_vs_strongest_benchmark,-0.007499999999999989,1.0
M2_Macro_Oil_vs_M3_Macro_Oil_RegQuality__normalized__Oil_Rent_Intensive_Pre2016_ge1pct,Regulatory_Quality_lag1,normalized,Oil_Rent_Intensive_Pre2016_ge1pct,Future_Period,train_to_2014__test_from_2015,ElasticNet,added_model_vs_strongest_benchmark,-0.006999999999999989,1.0
M2_Macro_Oil_vs_M3_Macro_Oil_RegQuality__normalized__Oil_Rent_Intensive_Pre2016_ge1pct,Regulatory_Quality_lag1,normalized,Oil_Rent_Intensive_Pre2016_ge1pct,Future_Period,train_to_2014__test_from_2015,ElasticNet,added_model_vs_strongest_benchmark,-0.006499999999999988,1.0
M2_Macro_Oil_vs_M3_Macro_Oil_RegQuality__normalized__Oil_Rent_Intensive_Pre2016_ge1pct,Regulatory_Quality_lag1,normalized,Oil_Rent_Intensive_Pre2016_ge1pct,Future_Period,train_to_2014__test_from_2015,ElasticNet,added_model_vs_strongest_benchmark,-0.005999999999999988,1.0
M2_Macro_Oil_vs_M3_Macro_Oil_RegQuality__normalized__Oil_Rent_Intensive_Pre2016_ge1pct,Regulatory_Quality_lag1,normalized,Oil_Rent_Intensive_Pre2016_ge1pct,Future_Period,train_to_2014__test_from_2015,ElasticNet,added_model_vs_strongest_benchmark,-0.0054999999999999875,1.0
M2_Macro_Oil_vs_M3_Macro_Oil_RegQuality__normalized__Oil_Rent_Intensive_Pre2016_ge1pct,Regulatory_Quality_lag1,normalized,Oil_Rent_Intensive_Pre2016_ge1pct,Future_Period,train_to_2014__test_from_2015,ElasticNet,added_model_vs_strongest_benchmark,-0.004999999999999987,1.0
M2_Macro_Oil_vs_M3_Macro_Oil_RegQuality__normalized__Oil_Rent_Intensive_Pre2016_ge1pct,Regulatory_Quality_lag1,normalized,Oil_Rent_Intensive_Pre2016_ge1pct,Future_Period,train_to_2014__test_from_2015,ElasticNet,added_model_vs_strongest_benchmark,-0.004499999999999987,1.0
M2_Macro_Oil_vs_M3_Macro_Oil_RegQuality__normalized__Oil_Rent_Intensive_Pre2016_ge1pct,Regulatory_Quality_lag1,normalized,Oil_Rent_Intensive_Pre2016_ge1pct,Future_Period,train_to_2014__test_from_2015,ElasticNet,added_model_vs_strongest_benchmark,-0.003999999999999986,1.0
M2_Macro_Oil_vs_M3_Macro_Oil_RegQuality__normalized__Oil_Rent_Intensive_Pre2016_ge1pct,Regulatory_Quality_lag1,normalized,Oil_Rent_Intensive_Pre2016_ge1pct,Future_Period,train_to_2014__test_from_2015,ElasticNet,added_model_vs_strongest_benchmark,-0.0034999999999999858,1.0
M2_Macro_Oil_vs_M3_Macro_Oil_RegQuality__normalized__Oil_Rent_Intensive_Pre2016_ge1pct,Regulatory_Quality_lag1,normalized,Oil_Rent_Intensive_Pre2016_ge1pct,Future_Period,train_to_2014__test_from_2015,ElasticNet,added_model_vs_strongest_benchmark,-0.0029999999999999853,1.0
M2_Macro_Oil_vs_M3_Macro_Oil_RegQuality__normalized__Oil_Rent_Intensive_Pre2016_ge1pct,Regulatory_Quality_lag1,normalized,Oil_Rent_Intensive_Pre2016_ge1pct,Future_Period,train_to_2014__test_from_2015,ElasticNet,added_model_vs_strongest_benchmark,-0.002499999999999985,1.0
M2_Macro_Oil_vs_M3_Macro_Oil_RegQuality__normalized__Oil_Rent_Intensive_Pre2016_ge1pct,Regulatory_Quality_lag1,normalized,Oil_Rent_Intensive_Pre2016_ge1pct,Future_Period,train_to_2014__test_from_2015,ElasticNet,added_model_vs_strongest_benchmark,-0.0019999999999999844,1.0
M2_Macro_Oil_vs_M3_Macro_Oil_RegQuality__normalized__Oil_Rent_Intensive_Pre2016_ge1pct,Regulatory_Quality_lag1,normalized,Oil_Rent_Intensive_Pre2016_ge1pct,Future_Period,train_to_2014__test_from_2015,ElasticNet,added_model_vs_strongest_benchmark,-0.001499999999999984,1.0
M2_Macro_Oil_vs_M3_Macro_Oil_RegQuality__normalized__Oil_Rent_Intensive_Pre2016_ge1pct,Regulatory_Quality_lag1,normalized,Oil_Rent_Intensive_Pre2016_ge1pct,Future_Period,train_to_2014__test_from_2015,ElasticNet,added_model_vs_strongest_benchmark,-0.0009999999999999835,1.0
M2_Macro_Oil_vs_M3_Macro_Oil_RegQuality__normalized__Oil_Rent_Intensive_Pre2016_ge1pct,Regulatory_Quality_lag1,normalized,Oil_Rent_Intensive_Pre2016_ge1pct,Future_Period,train_to_2014__test_from_2015,ElasticNet,added_model_vs_strongest_benchmark,-0.0004999999999999831,1.0
M2_Macro_Oil_vs_M3_Macro_Oil_RegQuality__normalized__Oil_Rent_Intensive_Pre2016_ge1pct,Regulatory_Quality_lag1,normalized,Oil_Rent_Intensive_Pre2016_ge1pct,Future_Period,train_to_2014__test_from_2015,ElasticNet,added_model_vs_strongest_benchmark,1.734723475976807e-17,1.0
M2_Macro_Oil_vs_M3_Macro_Oil_RegQuality__normalized__Oil_Rent_Intensive_Pre2016_ge1pct,Regulatory_Quality_lag1,normalized,Oil_Rent_Intensive_Pre2016_ge1pct,Future_Period,train_to_2014__test_from_2015,ElasticNet,added_model_vs_strongest_benchmark,0.0005000000000000178,1.0
M2_Macro_Oil_vs_M3_Macro_Oil_RegQuality__normalized__Oil_Rent_Intensive_Pre2016_ge1pct,Regulatory_Quality_lag1,normalized,Oil_Rent_Intensive_Pre2016_ge1pct,Future_Period,train_to_2014__test_from_2015,ElasticNet,added_model_vs_strongest_benchmark,0.0010000000000000182,1.0
M2_Macro_Oil_vs_M3_Macro_Oil_RegQuality__normalized__Oil_Rent_Intensive_Pre2016_ge1pct,Regulatory_Quality_lag1,normalized,Oil_Rent_Intensive_Pre2016_ge1pct,Future_Period,train_to_2014__test_from_2015,ElasticNet,added_model_vs_strongest_benchmark,0.0015000000000000187,1.0
M2_Macro_Oil_vs_M3_Macro_Oil_RegQuality__normalized__Oil_Rent_Intensive_Pre2016_ge1pct,Regulatory_Quality_lag1,normalized,Oil_Rent_Intensive_Pre2016_ge1pct,Future_Period,train_to_2014__test_from_2015,ElasticNet,added_model_vs_strongest_benchmark,0.002000000000000019,1.0
M2_Macro_Oil_vs_M3_Macro_Oil_RegQuality__normalized__Oil_Rent_Intensive_Pre2016_ge1pct,Regulatory_Quality_lag1,normalized,Oil_Rent_Intensive_Pre2016_ge1pct,Future_Period,train_to_2014__test_from_2015,ElasticNet,added_model_vs_strongest_benchmark,0.0025000000000000196,1.0
M2_Macro_Oil_vs_M3_Macro_Oil_RegQuality__normalized__Oil_Rent_Intensive_Pre2016_ge1pct,Regulatory_Quality_lag1,normalized,Oil_Rent_Intensive_Pre2016_ge1pct,Future_Period,train_to_2014__test_from_2015,ElasticNet,added_model_vs_strongest_benchmark,0.00300000000000002,1.0
M2_Macro_Oil_vs_M3_Macro_Oil_RegQuality__normalized__Oil_Rent_Intensive_Pre2016_ge1pct,Regulatory_Quality_lag1,normalized,Oil_Rent_Intensive_Pre2016_ge1pct,Future_Period,train_to_2014__test_from_2015,ElasticNet,added_model_vs_strongest_benchmark,0.0035000000000000205,1.0
M2_Macro_Oil_vs_M3_Macro_Oil_RegQuality__normalized__Oil_Rent_Intensive_Pre2016_ge1pct,Regulatory_Quality_lag1,normalized,Oil_Rent_Intensive_Pre2016_ge1pct,Future_Period,train_to_2014__test_from_2015,ElasticNet,added_model_vs_strongest_benchmark,0.004000000000000021,1.0
M2_Macro_Oil_vs_M3_Macro_Oil_RegQuality__normalized__Oil_Rent_Intensive_Pre2016_ge1pct,Regulatory_Quality_lag1,normalized,Oil_Rent_Intensive_Pre2016_ge1pct,Future_Period,train_to_2014__test_from_2015,ElasticNet,added_model_vs_strongest_benchmark,0.004500000000000021,1.0
M2_Macro_Oil_vs_M3_Macro_Oil_RegQuality__normalized__Oil_Rent_Intensive_Pre2016_ge1pct,Regulatory_Quality_lag1,normalized,Oil_Rent_Intensive_Pre2016_ge1pct,Future_Period,train_to_2014__test_from_2015,ElasticNet,added_model_vs_strongest_benchmark,0.005000000000000022,1.0
M2_Macro_Oil_vs_M3_Macro_Oil_RegQuality__normalized__Oil_Rent_Intensive_Pre2016_ge1pct,Regulatory_Quality_lag1,normalized,Oil_Rent_Intensive_Pre2016_ge1pct,Future_Period,train_to_2014__test_from_2015,ElasticNet,added_model_vs_strongest_benchmark,0.005500000000000022,1.0
M2_Macro_Oil_vs_M3_Macro_Oil_RegQuality__normalized__Oil_Rent_Intensive_Pre2016_ge1pct,Regulatory_Quality_lag1,normalized,Oil_Rent_Intensive_Pre2016_ge1pct,Future_Period,train_to_2014__test_from_2015,ElasticNet,added_model_vs_strongest_benchmark,0.006000000000000023,1.0
M2_Macro_Oil_vs_M3_Macro_Oil_RegQuality__normalized__Oil_Rent_Intensive_Pre2016_ge1pct,Regulatory_Quality_lag1,normalized,Oil_Rent_Intensive_Pre2016_ge1pct,Future_Period,train_to_2014__test_from_2015,ElasticNet,added_model_vs_strongest_benchmark,0.006500000000000023,1.0
M2_Macro_Oil_vs_M3_Macro_Oil_RegQuality__normalized__Oil_Rent_Intensive_Pre2016_ge1pct,Regulatory_Quality_lag1,normalized,Oil_Rent_Intensive_Pre2016_ge1pct,Future_Period,train_to_2014__test_from_2015,ElasticNet,added_model_vs_strongest_benchmark,0.0070000000000000236,1.0
M2_Macro_Oil_vs_M3_Macro_Oil_RegQuality__normalized__Oil_Rent_Intensive_Pre2016_ge1pct,Regulatory_Quality_lag1,normalized,Oil_Rent_Intensive_Pre2016_ge1pct,Future_Period,train_to_2014__test_from_2015,ElasticNet,added_model_vs_strongest_benchmark,0.007500000000000024,1.0
M2_Macro_Oil_vs_M3_Macro_Oil_RegQuality__normalized__Oil_Rent_Intensive_Pre2016_ge1pct,Regulatory_Quality_lag1,normalized,Oil_Rent_Intensive_Pre2016_ge1pct,Future_Period,train_to_2014__test_from_2015,ElasticNet,added_model_vs_strongest_benchmark,0.008000000000000024,1.0
M2_Macro_Oil_vs_M3_Macro_Oil_RegQuality__normalized__Oil_Rent_Intensive_Pre2016_ge1pct,Regulatory_Quality_lag1,normalized,Oil_Rent_Intensive_Pre2016_ge1pct,Future_Period,train_to_2014__test_from_2015,ElasticNet,added_model_vs_strongest_benchmark,0.008500000000000025,1.0
M2_Macro_Oil_vs_M3_Macro_Oil_RegQuality__normalized__Oil_Rent_Intensive_Pre2016_ge1pct,Regulatory_Quality_lag1,normalized,Oil_Rent_Intensive_Pre2016_ge1pct,Future_Period,train_to_2014__test_from_2015,ElasticNet,added_model_vs_strongest_benchmark,0.009000000000000025,1.0
M2_Macro_Oil_vs_M3_Macro_Oil_RegQuality__normalized__Oil_Rent_Intensive_Pre2016_ge1pct,Regulatory_Quality_lag1,normalized,Oil_Rent_Intensive_Pre2016_ge1pct,Future_Period,train_to_2014__test_from_2015,ElasticNet,added_model_vs_strongest_benchmark,0.009500000000000026,1.0
M2_Macro_Oil_vs_M3_Macro_Oil_RegQuality__normalized__Oil_Rent_Intensive_Pre2016_ge1pct,Regulatory_Quality_lag1,normalized,Oil_Rent_Intensive_Pre2016_ge1pct,Future_Period,train_to_2014__test_from_2015,ElasticNet,added_model_vs_strongest_benchmark,0.010000000000000026,1.0
M2_Macro_Oil_vs_M3_Macro_Oil_RegQuality__normalized__Oil_Rent_Intensive_Pre2016_ge1pct,Regulatory_Quality_lag1,normalized,Oil_Rent_Intensive_Pre2016_ge1pct,Future_Period,train_to_2014__test_from_2015,ElasticNet,added_model_vs_strongest_benchmark,0.010500000000000027,1.0
M2_Macro_Oil_vs_M3_Macro_Oil_RegQuality__normalized__Oil_Rent_Intensive_Pre2016_ge1pct,Regulatory_Quality_lag1,normalized,Oil_Rent_Intensive_Pre2016_ge1pct,Future_Period,train_to_2014__test_from_2015,ElasticNet,added_model_vs_strongest_benchmark,0.011000000000000027,1.0
M2_Macro_Oil_vs_M3_Macro_Oil_RegQuality__normalized__Oil_Rent_Intensive_Pre2016_ge1pct,Regulatory_Quality_lag1,normalized,Oil_Rent_Intensive_Pre2016_ge1pct,Future_Period,train_to_2014__test_from_2015,ElasticNet,added_model_vs_strongest_benchmark,0.011500000000000028,1.0
M2_Macro_Oil_vs_M3_Macro_Oil_RegQuality__normalized__Oil_Rent_Intensive_Pre2016_ge1pct,Regulatory_Quality_lag1,normalized,Oil_Rent_Intensive_Pre2016_ge1pct,Future_Period,train_to_2014__test_from_2015,ElasticNet,added_model_vs_strongest_benchmark,0.012000000000000028,1.0
M2_Macro_Oil_vs_M3_Macro_Oil_RegQuality__normalized__Oil_Rent_Intensive_Pre2016_ge1pct,Regulatory_Quality_lag1,normalized,Oil_Rent_Intensive_Pre2016_ge1pct,Future_Period,train_to_2014__test_from_2015,ElasticNet,added_model_vs_strongest_benchmark,0.012500000000000028,1.0
M2_Macro_Oil_vs_M3_Macro_Oil_RegQuality__normalized__Oil_Rent_Intensive_Pre2016_ge1pct,Regulatory_Quality_lag1,normalized,Oil_Rent_Intensive_Pre2016_ge1pct,Future_Period,train_to_2014__test_from_2015,ElasticNet,added_model_vs_strongest_benchmark,0.013000000000000029,1.0
M2_Macro_Oil_vs_M3_Macro_Oil_RegQuality__normalized__Oil_Rent_Intensive_Pre2016_ge1pct,Regulatory_Quality_lag1,normalized,Oil_Rent_Intensive_Pre2016_ge1pct,Future_Period,train_to_2014__test_from_2015,ElasticNet,added_model_vs_strongest_benchmark,0.01350000000000003,1.0
M2_Macro_Oil_vs_M3_Macro_Oil_RegQuality__normalized__Oil_Rent_Intensive_Pre2016_ge1pct,Regulatory_Quality_lag1,normalized,Oil_Rent_Intensive_Pre2016_ge1pct,Future_Period,train_to_2014__test_from_2015,ElasticNet,added_model_vs_strongest_benchmark,0.01400000000000003,1.0
M2_Macro_Oil_vs_M3_Macro_Oil_RegQuality__normalized__Oil_Rent_Intensive_Pre2016_ge1pct,Regulatory_Quality_lag1,normalized,Oil_Rent_Intensive_Pre2016_ge1pct,Future_Period,train_to_2014__test_from_2015,ElasticNet,added_model_vs_strongest_benchmark,0.01450000000000003,1.0
M2_Macro_Oil_vs_M3_Macro_Oil_RegQuality__normalized__Oil_Rent_Intensive_Pre2016_ge1pct,Regulatory_Quality_lag1,normalized,Oil_Rent_Intensive_Pre2016_ge1pct,Future_Period,train_to_2014__test_from_2015,ElasticNet,added_model_vs_strongest_benchmark,0.01500000000000003,1.0
M2_Macro_Oil_vs_M3_Macro_Oil_RegQuality__normalized__Oil_Rent_Intensive_Pre2016_ge1pct,Regulatory_Quality_lag1,normalized,Oil_Rent_Intensive_Pre2016_ge1pct,Future_Period,train_to_2014__test_from_2015,ElasticNet,added_model_vs_strongest_benchmark,0.015500000000000031,1.0
M2_Macro_Oil_vs_M3_Macro_Oil_RegQuality__normalized__Oil_Rent_Intensive_Pre2016_ge1pct,Regulatory_Quality_lag1,normalized,Oil_Rent_Intensive_Pre2016_ge1pct,Future_Period,train_to_2014__test_from_2015,ElasticNet,added_model_vs_strongest_benchmark,0.01600000000000003,1.0
M2_Macro_Oil_vs_M3_Macro_Oil_RegQuality__normalized__Oil_Rent_Intensive_Pre2016_ge1pct,Regulatory_Quality_lag1,normalized,Oil_Rent_Intensive_Pre2016_ge1pct,Future_Period,train_to_2014__test_from_2015,ElasticNet,added_model_vs_strongest_benchmark,0.016500000000000032,1.0
M2_Macro_Oil_vs_M3_Macro_Oil_RegQuality__normalized__Oil_Rent_Intensive_Pre2016_ge1pct,Regulatory_Quality_lag1,normalized,Oil_Rent_Intensive_Pre2016_ge1pct,Future_Period,train_to_2014__test_from_2015,ElasticNet,added_model_vs_strongest_benchmark,0.017000000000000032,1.0
M2_Macro_Oil_vs_M3_Macro_Oil_RegQuality__normalized__Oil_Rent_Intensive_Pre2016_ge1pct,Regulatory_Quality_lag1,normalized,Oil_Rent_Intensive_Pre2016_ge1pct,Future_Period,train_to_2014__test_from_2015,ElasticNet,added_model_vs_strongest_benchmark,0.017500000000000033,1.0
M2_Macro_Oil_vs_M3_Macro_Oil_RegQuality__normalized__Oil_Rent_Intensive_Pre2016_ge1pct,Regulatory_Quality_lag1,normalized,Oil_Rent_Intensive_Pre2016_ge1pct,Future_Period,train_to_2014__test_from_2015,ElasticNet,added_model_vs_strongest_benchmark,0.018000000000000033,1.0
M2_Macro_Oil_vs_M3_Macro_Oil_RegQuality__normalized__Oil_Rent_Intensive_Pre2016_ge1pct,Regulatory_Quality_lag1,normalized,Oil_Rent_Intensive_Pre2016_ge1pct,Future_Period,train_to_2014__test_from_2015,ElasticNet,added_model_vs_strongest_benchmark,0.018500000000000034,1.0
M2_Macro_Oil_vs_M3_Macro_Oil_RegQuality__normalized__Oil_Rent_Intensive_Pre2016_ge1pct,Regulatory_Quality_lag1,normalized,Oil_Rent_Intensive_Pre2016_ge1pct,Future_Period,train_to_2014__test_from_2015,ElasticNet,added_model_vs_strongest_benchmark,0.019000000000000034,1.0
M2_Macro_Oil_vs_M3_Macro_Oil_RegQuality__normalized__Oil_Rent_Intensive_Pre2016_ge1pct,Regulatory_Quality_lag1,normalized,Oil_Rent_Intensive_Pre2016_ge1pct,Future_Period,train_to_2014__test_from_2015,ElasticNet,added_model_vs_strongest_benchmark,0.019500000000000035,1.0
M2_Macro_Oil_vs_M3_Macro_Oil_RegQuality__normalized__Oil_Rent_Intensive_Pre2016_ge1pct,Regulatory_Quality_lag1,normalized,Oil_Rent_Intensive_Pre2016_ge1pct,Future_Period,train_to_2014__test_from_2015,ElasticNet,added_model_vs_strongest_benchmark,0.020000000000000035,1.0
M2_Macro_Oil_vs_M3_Macro_Oil_RegQuality__normalized__Oil_Rent_Intensive_Pre2016_ge1pct,Regulatory_Quality_lag1,normalized,Oil_Rent_Intensive_Pre2016_ge1pct,Future_Period,train_to_2014__test_from_2015,ElasticNet,added_model_vs_strongest_benchmark,0.020500000000000036,1.0
M2_Macro_Oil_vs_M3_Macro_Oil_RegQuality__normalized__Oil_Rent_Intensive_Pre2016_ge1pct,Regulatory_Quality_lag1,normalized,Oil_Rent_Intensive_Pre2016_ge1pct,Future_Period,train_to_2014__test_from_2015,ElasticNet,added_model_vs_strongest_benchmark,0.021000000000000036,0.9995
M2_Macro_Oil_vs_M3_Macro_Oil_RegQuality__normalized__Oil_Rent_Intensive_Pre2016_ge1pct,Regulatory_Quality_lag1,normalized,Oil_Rent_Intensive_Pre2016_ge1pct,Future_Period,train_to_2014__test_from_2015,ElasticNet,added_model_vs_strongest_benchmark,0.021500000000000036,0.9995
M2_Macro_Oil_vs_M3_Macro_Oil_RegQuality__normalized__Oil_Rent_Intensive_Pre2016_ge1pct,Regulatory_Quality_lag1,normalized,Oil_Rent_Intensive_Pre2016_ge1pct,Future_Period,train_to_2014__test_from_2015,ElasticNet,added_model_vs_strongest_benchmark,0.022000000000000037,0.9995
M2_Macro_Oil_vs_M3_Macro_Oil_RegQuality__normalized__Oil_Rent_Intensive_Pre2016_ge1pct,Regulatory_Quality_lag1,normalized,Oil_Rent_Intensive_Pre2016_ge1pct,Future_Period,train_to_2014__test_from_2015,ElasticNet,added_model_vs_strongest_benchmark,0.022500000000000037,0.9995
M2_Macro_Oil_vs_M3_Macro_Oil_RegQuality__normalized__Oil_Rent_Intensive_Pre2016_ge1pct,Regulatory_Quality_lag1,normalized,Oil_Rent_Intensive_Pre2016_ge1pct,Future_Period,train_to_2014__test_from_2015,ElasticNet,added_model_vs_strongest_benchmark,0.023000000000000038,0.9995
M2_Macro_Oil_vs_M3_Macro_Oil_RegQuality__normalized__Oil_Rent_Intensive_Pre2016_ge1pct,Regulatory_Quality_lag1,normalized,Oil_Rent_Intensive_Pre2016_ge1pct,Future_Period,train_to_2014__test_from_2015,ElasticNet,added_model_vs_strongest_benchmark,0.023500000000000038,0.9995
M2_Macro_Oil_vs_M3_Macro_Oil_RegQuality__normalized__Oil_Rent_Intensive_Pre2016_ge1pct,Regulatory_Quality_lag1,normalized,Oil_Rent_Intensive_Pre2016_ge1pct,Future_Period,train_to_2014__test_from_2015,ElasticNet,added_model_vs_strongest_benchmark,0.02400000000000004,0.9995
M2_Macro_Oil_vs_M3_Macro_Oil_RegQuality__normalized__Oil_Rent_Intensive_Pre2016_ge1pct,Regulatory_Quality_lag1,normalized,Oil_Rent_Intensive_Pre2016_ge1pct,Future_Period,train_to_2014__test_from_2015,ElasticNet,added_model_vs_strongest_benchmark,0.02450000000000004,0.9995
M2_Macro_Oil_vs_M3_Macro_Oil_RegQuality__normalized__Oil_Rent_Intensive_Pre2016_ge1pct,Regulatory_Quality_lag1,normalized,Oil_Rent_Intensive_Pre2016_ge1pct,Future_Period,train_to_2014__test_from_2015,ElasticNet,added_model_vs_strongest_benchmark,0.02500000000000004,0.9995
M2_Macro_Oil_vs_M3_Macro_Oil_RegQuality__normalized__Oil_Rent_Intensive_Pre2016_ge1pct,Regulatory_Quality_lag1,normalized,Oil_Rent_Intensive_Pre2016_ge1pct,Future_Period,train_to_2014__test_from_2015,ElasticNet,added_model_vs_strongest_benchmark,0.02550000000000004,0.9995
M2_Macro_Oil_vs_M3_Macro_Oil_RegQuality__normalized__Oil_Rent_Intensive_Pre2016_ge1pct,Regulatory_Quality_lag1,normalized,Oil_Rent_Intensive_Pre2016_ge1pct,Future_Period,train_to_2014__test_from_2015,ElasticNet,added_model_vs_strongest_benchmark,0.02600000000000004,0.9995
M2_Macro_Oil_vs_M3_Macro_Oil_RegQuality__normalized__Oil_Rent_Intensive_Pre2016_ge1pct,Regulatory_Quality_lag1,normalized,Oil_Rent_Intensive_Pre2016_ge1pct,Future_Period,train_to_2014__test_from_2015,ElasticNet,added_model_vs_strongest_benchmark,0.02650000000000004,0.9995
M2_Macro_Oil_vs_M3_Macro_Oil_RegQuality__normalized__Oil_Rent_Intensive_Pre2016_ge1pct,Regulatory_Quality_lag1,normalized,Oil_Rent_Intensive_Pre2016_ge1pct,Future_Period,train_to_2014__test_from_2015,ElasticNet,added_model_vs_strongest_benchmark,0.02700000000000004,0.9995
M2_Macro_Oil_vs_M3_Macro_Oil_RegQuality__normalized__Oil_Rent_Intensive_Pre2016_ge1pct,Regulatory_Quality_lag1,normalized,Oil_Rent_Intensive_Pre2016_ge1pct,Future_Period,train_to_2014__test_from_2015,ElasticNet,added_model_vs_strongest_benchmark,0.027500000000000042,0.9995
M2_Macro_Oil_vs_M3_Macro_Oil_RegQuality__normalized__Oil_Rent_Intensive_Pre2016_ge1pct,Regulatory_Quality_lag1,normalized,Oil_Rent_Intensive_Pre2016_ge1pct,Future_Period,train_to_2014__test_from_2015,ElasticNet,added_model_vs_strongest_benchmark,0.028000000000000042,0.9995
M2_Macro_Oil_vs_M3_Macro_Oil_RegQuality__normalized__Oil_Rent_Intensive_Pre2016_ge1pct,Regulatory_Quality_lag1,normalized,Oil_Rent_Intensive_Pre2016_ge1pct,Future_Period,train_to_2014__test_from_2015,ElasticNet,added_model_vs_strongest_benchmark,0.028500000000000043,0.9995
M2_Macro_Oil_vs_M3_Macro_Oil_RegQuality__normalized__Oil_Rent_Intensive_Pre2016_ge1pct,Regulatory_Quality_lag1,normalized,Oil_Rent_Intensive_Pre2016_ge1pct,Future_Period,train_to_2014__test_from_2015,ElasticNet,added_model_vs_strongest_benchmark,0.029000000000000043,0.9995
M2_Macro_Oil_vs_M3_Macro_Oil_RegQuality__normalized__Oil_Rent_Intensive_Pre2016_ge1pct,Regulatory_Quality_lag1,normalized,Oil_Rent_Intensive_Pre2016_ge1pct,Future_Period,train_to_2014__test_from_2015,ElasticNet,added_model_vs_strongest_benchmark,0.029500000000000044,0.9995
M2_Macro_Oil_vs_M3_Macro_Oil_RegQuality__normalized__Oil_Rent_Intensive_Pre2016_ge1pct,Regulatory_Quality_lag1,normalized,Oil_Rent_Intensive_Pre2016_ge1pct,Future_Period,train_to_2014__test_from_2015,ElasticNet,added_model_vs_strongest_benchmark,0.030000000000000044,0.9995
M2_Macro_Oil_vs_M3_Macro_Oil_RegQuality__normalized__Oil_Rent_Intensive_Pre2016_ge1pct,Regulatory_Quality_lag1,normalized,Oil_Rent_Intensive_Pre2016_ge1pct,Future_Period,train_to_2014__test_from_2015,RandomForest,signal_increment,-0.02,0.964
M2_Macro_Oil_vs_M3_Macro_Oil_RegQuality__normalized__Oil_Rent_Intensive_Pre2016_ge1pct,Regulatory_Quality_lag1,normalized,Oil_Rent_Intensive_Pre2016_ge1pct,Future_Period,train_to_2014__test_from_2015,RandomForest,signal_increment,-0.0195,0.961
M2_Macro_Oil_vs_M3_Macro_Oil_RegQuality__normalized__Oil_Rent_Intensive_Pre2016_ge1pct,Regulatory_Quality_lag1,normalized,Oil_Rent_Intensive_Pre2016_ge1pct,Future_Period,train_to_2014__test_from_2015,RandomForest,signal_increment,-0.019,0.96
M2_Macro_Oil_vs_M3_Macro_Oil_RegQuality__normalized__Oil_Rent_Intensive_Pre2016_ge1pct,Regulatory_Quality_lag1,normalized,Oil_Rent_Intensive_Pre2016_ge1pct,Future_Period,train_to_2014__test_from_2015,RandomForest,signal_increment,-0.0185,0.957
M2_Macro_Oil_vs_M3_Macro_Oil_RegQuality__normalized__Oil_Rent_Intensive_Pre2016_ge1pct,Regulatory_Quality_lag1,normalized,Oil_Rent_Intensive_Pre2016_ge1pct,Future_Period,train_to_2014__test_from_2015,RandomForest,signal_increment,-0.018,0.954
M2_Macro_Oil_vs_M3_Macro_Oil_RegQuality__normalized__Oil_Rent_Intensive_Pre2016_ge1pct,Regulatory_Quality_lag1,normalized,Oil_Rent_Intensive_Pre2016_ge1pct,Future_Period,train_to_2014__test_from_2015,RandomForest,signal_increment,-0.017499999999999998,0.951
M2_Macro_Oil_vs_M3_Macro_Oil_RegQuality__normalized__Oil_Rent_Intensive_Pre2016_ge1pct,Regulatory_Quality_lag1,normalized,Oil_Rent_Intensive_Pre2016_ge1pct,Future_Period,train_to_2014__test_from_2015,RandomForest,signal_increment,-0.016999999999999998,0.9485
M2_Macro_Oil_vs_M3_Macro_Oil_RegQuality__normalized__Oil_Rent_Intensive_Pre2016_ge1pct,Regulatory_Quality_lag1,normalized,Oil_Rent_Intensive_Pre2016_ge1pct,Future_Period,train_to_2014__test_from_2015,RandomForest,signal_increment,-0.016499999999999997,0.9465
M2_Macro_Oil_vs_M3_Macro_Oil_RegQuality__normalized__Oil_Rent_Intensive_Pre2016_ge1pct,Regulatory_Quality_lag1,normalized,Oil_Rent_Intensive_Pre2016_ge1pct,Future_Period,train_to_2014__test_from_2015,RandomForest,signal_increment,-0.015999999999999997,0.939
M2_Macro_Oil_vs_M3_Macro_Oil_RegQuality__normalized__Oil_Rent_Intensive_Pre2016_ge1pct,Regulatory_Quality_lag1,normalized,Oil_Rent_Intensive_Pre2016_ge1pct,Future_Period,train_to_2014__test_from_2015,RandomForest,signal_increment,-0.015499999999999996,0.936
M2_Macro_Oil_vs_M3_Macro_Oil_RegQuality__normalized__Oil_Rent_Intensive_Pre2016_ge1pct,Regulatory_Quality_lag1,normalized,Oil_Rent_Intensive_Pre2016_ge1pct,Future_Period,train_to_2014__test_from_2015,RandomForest,signal_increment,-0.014999999999999996,0.931
M2_Macro_Oil_vs_M3_Macro_Oil_RegQuality__normalized__Oil_Rent_Intensive_Pre2016_ge1pct,Regulatory_Quality_lag1,normalized,Oil_Rent_Intensive_Pre2016_ge1pct,Future_Period,train_to_2014__test_from_2015,RandomForest,signal_increment,-0.014499999999999996,0.927
M2_Macro_Oil_vs_M3_Macro_Oil_RegQuality__normalized__Oil_Rent_Intensive_Pre2016_ge1pct,Regulatory_Quality_lag1,normalized,Oil_Rent_Intensive_Pre2016_ge1pct,Future_Period,train_to_2014__test_from_2015,RandomForest,signal_increment,-0.013999999999999995,0.9225
M2_Macro_Oil_vs_M3_Macro_Oil_RegQuality__normalized__Oil_Rent_Intensive_Pre2016_ge1pct,Regulatory_Quality_lag1,normalized,Oil_Rent_Intensive_Pre2016_ge1pct,Future_Period,train_to_2014__test_from_2015,RandomForest,signal_increment,-0.013499999999999995,0.919
M2_Macro_Oil_vs_M3_Macro_Oil_RegQuality__normalized__Oil_Rent_Intensive_Pre2016_ge1pct,Regulatory_Quality_lag1,normalized,Oil_Rent_Intensive_Pre2016_ge1pct,Future_Period,train_to_2014__test_from_2015,RandomForest,signal_increment,-0.012999999999999994,0.915
M2_Macro_Oil_vs_M3_Macro_Oil_RegQuality__normalized__Oil_Rent_Intensive_Pre2016_ge1pct,Regulatory_Quality_lag1,normalized,Oil_Rent_Intensive_Pre2016_ge1pct,Future_Period,train_to_2014__test_from_2015,RandomForest,signal_increment,-0.012499999999999994,0.911
M2_Macro_Oil_vs_M3_Macro_Oil_RegQuality__normalized__Oil_Rent_Intensive_Pre2016_ge1pct,Regulatory_Quality_lag1,normalized,Oil_Rent_Intensive_Pre2016_ge1pct,Future_Period,train_to_2014__test_from_2015,RandomForest,signal_increment,-0.011999999999999993,0.9055
M2_Macro_Oil_vs_M3_Macro_Oil_RegQuality__normalized__Oil_Rent_Intensive_Pre2016_ge1pct,Regulatory_Quality_lag1,normalized,Oil_Rent_Intensive_Pre2016_ge1pct,Future_Period,train_to_2014__test_from_2015,RandomForest,signal_increment,-0.011499999999999993,0.8985
M2_Macro_Oil_vs_M3_Macro_Oil_RegQuality__normalized__Oil_Rent_Intensive_Pre2016_ge1pct,Regulatory_Quality_lag1,normalized,Oil_Rent_Intensive_Pre2016_ge1pct,Future_Period,train_to_2014__test_from_2015,RandomForest,signal_increment,-0.010999999999999992,0.892
M2_Macro_Oil_vs_M3_Macro_Oil_RegQuality__normalized__Oil_Rent_Intensive_Pre2016_ge1pct,Regulatory_Quality_lag1,normalized,Oil_Rent_Intensive_Pre2016_ge1pct,Future_Period,train_to_2014__test_from_2015,RandomForest,signal_increment,-0.010499999999999992,0.886
M2_Macro_Oil_vs_M3_Macro_Oil_RegQuality__normalized__Oil_Rent_Intensive_Pre2016_ge1pct,Regulatory_Quality_lag1,normalized,Oil_Rent_Intensive_Pre2016_ge1pct,Future_Period,train_to_2014__test_from_2015,RandomForest,signal_increment,-0.009999999999999992,0.879
M2_Macro_Oil_vs_M3_Macro_Oil_RegQuality__normalized__Oil_Rent_Intensive_Pre2016_ge1pct,Regulatory_Quality_lag1,normalized,Oil_Rent_Intensive_Pre2016_ge1pct,Future_Period,train_to_2014__test_from_2015,RandomForest,signal_increment,-0.009499999999999991,0.872
M2_Macro_Oil_vs_M3_Macro_Oil_RegQuality__normalized__Oil_Rent_Intensive_Pre2016_ge1pct,Regulatory_Quality_lag1,normalized,Oil_Rent_Intensive_Pre2016_ge1pct,Future_Period,train_to_2014__test_from_2015,RandomForest,signal_increment,-0.00899999999999999,0.868
M2_Macro_Oil_vs_M3_Macro_Oil_RegQuality__normalized__Oil_Rent_Intensive_Pre2016_ge1pct,Regulatory_Quality_lag1,normalized,Oil_Rent_Intensive_Pre2016_ge1pct,Future_Period,train_to_2014__test_from_2015,RandomForest,signal_increment,-0.00849999999999999,0.8615
M2_Macro_Oil_vs_M3_Macro_Oil_RegQuality__normalized__Oil_Rent_Intensive_Pre2016_ge1pct,Regulatory_Quality_lag1,normalized,Oil_Rent_Intensive_Pre2016_ge1pct,Future_Period,train_to_2014__test_from_2015,RandomForest,signal_increment,-0.00799999999999999,0.849
M2_Macro_Oil_vs_M3_Macro_Oil_RegQuality__normalized__Oil_Rent_Intensive_Pre2016_ge1pct,Regulatory_Quality_lag1,normalized,Oil_Rent_Intensive_Pre2016_ge1pct,Future_Period,train_to_2014__test_from_2015,RandomForest,signal_increment,-0.007499999999999989,0.839
M2_Macro_Oil_vs_M3_Macro_Oil_RegQuality__normalized__Oil_Rent_Intensive_Pre2016_ge1pct,Regulatory_Quality_lag1,normalized,Oil_Rent_Intensive_Pre2016_ge1pct,Future_Period,train_to_2014__test_from_2015,RandomForest,signal_increment,-0.006999999999999989,0.8285
M2_Macro_Oil_vs_M3_Macro_Oil_RegQuality__normalized__Oil_Rent_Intensive_Pre2016_ge1pct,Regulatory_Quality_lag1,normalized,Oil_Rent_Intensive_Pre2016_ge1pct,Future_Period,train_to_2014__test_from_2015,RandomForest,signal_increment,-0.006499999999999988,0.8185
M2_Macro_Oil_vs_M3_Macro_Oil_RegQuality__normalized__Oil_Rent_Intensive_Pre2016_ge1pct,Regulatory_Quality_lag1,normalized,Oil_Rent_Intensive_Pre2016_ge1pct,Future_Period,train_to_2014__test_from_2015,RandomForest,signal_increment,-0.005999999999999988,0.8105
M2_Macro_Oil_vs_M3_Macro_Oil_RegQuality__normalized__Oil_Rent_Intensive_Pre2016_ge1pct,Regulatory_Quality_lag1,normalized,Oil_Rent_Intensive_Pre2016_ge1pct,Future_Period,train_to_2014__test_from_2015,RandomForest,signal_increment,-0.0054999999999999875,0.8045
M2_Macro_Oil_vs_M3_Macro_Oil_RegQuality__normalized__Oil_Rent_Intensive_Pre2016_ge1pct,Regulatory_Quality_lag1,normalized,Oil_Rent_Intensive_Pre2016_ge1pct,Future_Period,train_to_2014__test_from_2015,RandomForest,signal_increment,-0.004999999999999987,0.798
M2_Macro_Oil_vs_M3_Macro_Oil_RegQuality__normalized__Oil_Rent_Intensive_Pre2016_ge1pct,Regulatory_Quality_lag1,normalized,Oil_Rent_Intensive_Pre2016_ge1pct,Future_Period,train_to_2014__test_from_2015,RandomForest,signal_increment,-0.004499999999999987,0.7925
M2_Macro_Oil_vs_M3_Macro_Oil_RegQuality__normalized__Oil_Rent_Intensive_Pre2016_ge1pct,Regulatory_Quality_lag1,normalized,Oil_Rent_Intensive_Pre2016_ge1pct,Future_Period,train_to_2014__test_from_2015,RandomForest,signal_increment,-0.003999999999999986,0.784
M2_Macro_Oil_vs_M3_Macro_Oil_RegQuality__normalized__Oil_Rent_Intensive_Pre2016_ge1pct,Regulatory_Quality_lag1,normalized,Oil_Rent_Intensive_Pre2016_ge1pct,Future_Period,train_to_2014__test_from_2015,RandomForest,signal_increment,-0.0034999999999999858,0.775
M2_Macro_Oil_vs_M3_Macro_Oil_RegQuality__normalized__Oil_Rent_Intensive_Pre2016_ge1pct,Regulatory_Quality_lag1,normalized,Oil_Rent_Intensive_Pre2016_ge1pct,Future_Period,train_to_2014__test_from_2015,RandomForest,signal_increment,-0.0029999999999999853,0.7695
M2_Macro_Oil_vs_M3_Macro_Oil_RegQuality__normalized__Oil_Rent_Intensive_Pre2016_ge1pct,Regulatory_Quality_lag1,normalized,Oil_Rent_Intensive_Pre2016_ge1pct,Future_Period,train_to_2014__test_from_2015,RandomForest,signal_increment,-0.002499999999999985,0.7625
M2_Macro_Oil_vs_M3_Macro_Oil_RegQuality__normalized__Oil_Rent_Intensive_Pre2016_ge1pct,Regulatory_Quality_lag1,normalized,Oil_Rent_Intensive_Pre2016_ge1pct,Future_Period,train_to_2014__test_from_2015,RandomForest,signal_increment,-0.0019999999999999844,0.757
M2_Macro_Oil_vs_M3_Macro_Oil_RegQuality__normalized__Oil_Rent_Intensive_Pre2016_ge1pct,Regulatory_Quality_lag1,normalized,Oil_Rent_Intensive_Pre2016_ge1pct,Future_Period,train_to_2014__test_from_2015,RandomForest,signal_increment,-0.001499999999999984,0.745
M2_Macro_Oil_vs_M3_Macro_Oil_RegQuality__normalized__Oil_Rent_Intensive_Pre2016_ge1pct,Regulatory_Quality_lag1,normalized,Oil_Rent_Intensive_Pre2016_ge1pct,Future_Period,train_to_2014__test_from_2015,RandomForest,signal_increment,-0.0009999999999999835,0.7315
M2_Macro_Oil_vs_M3_Macro_Oil_RegQuality__normalized__Oil_Rent_Intensive_Pre2016_ge1pct,Regulatory_Quality_lag1,normalized,Oil_Rent_Intensive_Pre2016_ge1pct,Future_Period,train_to_2014__test_from_2015,RandomForest,signal_increment,-0.0004999999999999831,0.7175
M2_Macro_Oil_vs_M3_Macro_Oil_RegQuality__normalized__Oil_Rent_Intensive_Pre2016_ge1pct,Regulatory_Quality_lag1,normalized,Oil_Rent_Intensive_Pre2016_ge1pct,Future_Period,train_to_2014__test_from_2015,RandomForest,signal_increment,1.734723475976807e-17,0.6985
M2_Macro_Oil_vs_M3_Macro_Oil_RegQuality__normalized__Oil_Rent_Intensive_Pre2016_ge1pct,Regulatory_Quality_lag1,normalized,Oil_Rent_Intensive_Pre2016_ge1pct,Future_Period,train_to_2014__test_from_2015,RandomForest,signal_increment,0.0005000000000000178,0.682
M2_Macro_Oil_vs_M3_Macro_Oil_RegQuality__normalized__Oil_Rent_Intensive_Pre2016_ge1pct,Regulatory_Quality_lag1,normalized,Oil_Rent_Intensive_Pre2016_ge1pct,Future_Period,train_to_2014__test_from_2015,RandomForest,signal_increment,0.0010000000000000182,0.668
M2_Macro_Oil_vs_M3_Macro_Oil_RegQuality__normalized__Oil_Rent_Intensive_Pre2016_ge1pct,Regulatory_Quality_lag1,normalized,Oil_Rent_Intensive_Pre2016_ge1pct,Future_Period,train_to_2014__test_from_2015,RandomForest,signal_increment,0.0015000000000000187,0.649
M2_Macro_Oil_vs_M3_Macro_Oil_RegQuality__normalized__Oil_Rent_Intensive_Pre2016_ge1pct,Regulatory_Quality_lag1,normalized,Oil_Rent_Intensive_Pre2016_ge1pct,Future_Period,train_to_2014__test_from_2015,RandomForest,signal_increment,0.002000000000000019,0.6325
M2_Macro_Oil_vs_M3_Macro_Oil_RegQuality__normalized__Oil_Rent_Intensive_Pre2016_ge1pct,Regulatory_Quality_lag1,normalized,Oil_Rent_Intensive_Pre2016_ge1pct,Future_Period,train_to_2014__test_from_2015,RandomForest,signal_increment,0.0025000000000000196,0.615
M2_Macro_Oil_vs_M3_Macro_Oil_RegQuality__normalized__Oil_Rent_Intensive_Pre2016_ge1pct,Regulatory_Quality_lag1,normalized,Oil_Rent_Intensive_Pre2016_ge1pct,Future_Period,train_to_2014__test_from_2015,RandomForest,signal_increment,0.00300000000000002,0.5985
M2_Macro_Oil_vs_M3_Macro_Oil_RegQuality__normalized__Oil_Rent_Intensive_Pre2016_ge1pct,Regulatory_Quality_lag1,normalized,Oil_Rent_Intensive_Pre2016_ge1pct,Future_Period,train_to_2014__test_from_2015,RandomForest,signal_increment,0.0035000000000000205,0.5805
M2_Macro_Oil_vs_M3_Macro_Oil_RegQuality__normalized__Oil_Rent_Intensive_Pre2016_ge1pct,Regulatory_Quality_lag1,normalized,Oil_Rent_Intensive_Pre2016_ge1pct,Future_Period,train_to_2014__test_from_2015,RandomForest,signal_increment,0.004000000000000021,0.5605
M2_Macro_Oil_vs_M3_Macro_Oil_RegQuality__normalized__Oil_Rent_Intensive_Pre2016_ge1pct,Regulatory_Quality_lag1,normalized,Oil_Rent_Intensive_Pre2016_ge1pct,Future_Period,train_to_2014__test_from_2015,RandomForest,signal_increment,0.004500000000000021,0.5485
M2_Macro_Oil_vs_M3_Macro_Oil_RegQuality__normalized__Oil_Rent_Intensive_Pre2016_ge1pct,Regulatory_Quality_lag1,normalized,Oil_Rent_Intensive_Pre2016_ge1pct,Future_Period,train_to_2014__test_from_2015,RandomForest,signal_increment,0.005000000000000022,0.535
M2_Macro_Oil_vs_M3_Macro_Oil_RegQuality__normalized__Oil_Rent_Intensive_Pre2016_ge1pct,Regulatory_Quality_lag1,normalized,Oil_Rent_Intensive_Pre2016_ge1pct,Future_Period,train_to_2014__test_from_2015,RandomForest,signal_increment,0.005500000000000022,0.517
M2_Macro_Oil_vs_M3_Macro_Oil_RegQuality__normalized__Oil_Rent_Intensive_Pre2016_ge1pct,Regulatory_Quality_lag1,normalized,Oil_Rent_Intensive_Pre2016_ge1pct,Future_Period,train_to_2014__test_from_2015,RandomForest,signal_increment,0.006000000000000023,0.5005
M2_Macro_Oil_vs_M3_Macro_Oil_RegQuality__normalized__Oil_Rent_Intensive_Pre2016_ge1pct,Regulatory_Quality_lag1,normalized,Oil_Rent_Intensive_Pre2016_ge1pct,Future_Period,train_to_2014__test_from_2015,RandomForest,signal_increment,0.006500000000000023,0.478
M2_Macro_Oil_vs_M3_Macro_Oil_RegQuality__normalized__Oil_Rent_Intensive_Pre2016_ge1pct,Regulatory_Quality_lag1,normalized,Oil_Rent_Intensive_Pre2016_ge1pct,Future_Period,train_to_2014__test_from_2015,RandomForest,signal_increment,0.0070000000000000236,0.4635
M2_Macro_Oil_vs_M3_Macro_Oil_RegQuality__normalized__Oil_Rent_Intensive_Pre2016_ge1pct,Regulatory_Quality_lag1,normalized,Oil_Rent_Intensive_Pre2016_ge1pct,Future_Period,train_to_2014__test_from_2015,RandomForest,signal_increment,0.007500000000000024,0.45
M2_Macro_Oil_vs_M3_Macro_Oil_RegQuality__normalized__Oil_Rent_Intensive_Pre2016_ge1pct,Regulatory_Quality_lag1,normalized,Oil_Rent_Intensive_Pre2016_ge1pct,Future_Period,train_to_2014__test_from_2015,RandomForest,signal_increment,0.008000000000000024,0.4325
M2_Macro_Oil_vs_M3_Macro_Oil_RegQuality__normalized__Oil_Rent_Intensive_Pre2016_ge1pct,Regulatory_Quality_lag1,normalized,Oil_Rent_Intensive_Pre2016_ge1pct,Future_Period,train_to_2014__test_from_2015,RandomForest,signal_increment,0.008500000000000025,0.419
M2_Macro_Oil_vs_M3_Macro_Oil_RegQuality__normalized__Oil_Rent_Intensive_Pre2016_ge1pct,Regulatory_Quality_lag1,normalized,Oil_Rent_Intensive_Pre2016_ge1pct,Future_Period,train_to_2014__test_from_2015,RandomForest,signal_increment,0.009000000000000025,0.4095
M2_Macro_Oil_vs_M3_Macro_Oil_RegQuality__normalized__Oil_Rent_Intensive_Pre2016_ge1pct,Regulatory_Quality_lag1,normalized,Oil_Rent_Intensive_Pre2016_ge1pct,Future_Period,train_to_2014__test_from_2015,RandomForest,signal_increment,0.009500000000000026,0.395
M2_Macro_Oil_vs_M3_Macro_Oil_RegQuality__normalized__Oil_Rent_Intensive_Pre2016_ge1pct,Regulatory_Quality_lag1,normalized,Oil_Rent_Intensive_Pre2016_ge1pct,Future_Period,train_to_2014__test_from_2015,RandomForest,signal_increment,0.010000000000000026,0.379
M2_Macro_Oil_vs_M3_Macro_Oil_RegQuality__normalized__Oil_Rent_Intensive_Pre2016_ge1pct,Regulatory_Quality_lag1,normalized,Oil_Rent_Intensive_Pre2016_ge1pct,Future_Period,train_to_2014__test_from_2015,RandomForest,signal_increment,0.010500000000000027,0.3625
M2_Macro_Oil_vs_M3_Macro_Oil_RegQuality__normalized__Oil_Rent_Intensive_Pre2016_ge1pct,Regulatory_Quality_lag1,normalized,Oil_Rent_Intensive_Pre2016_ge1pct,Future_Period,train_to_2014__test_from_2015,RandomForest,signal_increment,0.011000000000000027,0.349
M2_Macro_Oil_vs_M3_Macro_Oil_RegQuality__normalized__Oil_Rent_Intensive_Pre2016_ge1pct,Regulatory_Quality_lag1,normalized,Oil_Rent_Intensive_Pre2016_ge1pct,Future_Period,train_to_2014__test_from_2015,RandomForest,signal_increment,0.011500000000000028,0.333
M2_Macro_Oil_vs_M3_Macro_Oil_RegQuality__normalized__Oil_Rent_Intensive_Pre2016_ge1pct,Regulatory_Quality_lag1,normalized,Oil_Rent_Intensive_Pre2016_ge1pct,Future_Period,train_to_2014__test_from_2015,RandomForest,signal_increment,0.012000000000000028,0.3195
M2_Macro_Oil_vs_M3_Macro_Oil_RegQuality__normalized__Oil_Rent_Intensive_Pre2016_ge1pct,Regulatory_Quality_lag1,normalized,Oil_Rent_Intensive_Pre2016_ge1pct,Future_Period,train_to_2014__test_from_2015,RandomForest,signal_increment,0.012500000000000028,0.3055
M2_Macro_Oil_vs_M3_Macro_Oil_RegQuality__normalized__Oil_Rent_Intensive_Pre2016_ge1pct,Regulatory_Quality_lag1,normalized,Oil_Rent_Intensive_Pre2016_ge1pct,Future_Period,train_to_2014__test_from_2015,RandomForest,signal_increment,0.013000000000000029,0.2925
M2_Macro_Oil_vs_M3_Macro_Oil_RegQuality__normalized__Oil_Rent_Intensive_Pre2016_ge1pct,Regulatory_Quality_lag1,normalized,Oil_Rent_Intensive_Pre2016_ge1pct,Future_Period,train_to_2014__test_from_2015,RandomForest,signal_increment,0.01350000000000003,0.276
M2_Macro_Oil_vs_M3_Macro_Oil_RegQuality__normalized__Oil_Rent_Intensive_Pre2016_ge1pct,Regulatory_Quality_lag1,normalized,Oil_Rent_Intensive_Pre2016_ge1pct,Future_Period,train_to_2014__test_from_2015,RandomForest,signal_increment,0.01400000000000003,0.2665
M2_Macro_Oil_vs_M3_Macro_Oil_RegQuality__normalized__Oil_Rent_Intensive_Pre2016_ge1pct,Regulatory_Quality_lag1,normalized,Oil_Rent_Intensive_Pre2016_ge1pct,Future_Period,train_to_2014__test_from_2015,RandomForest,signal_increment,0.01450000000000003,0.252
M2_Macro_Oil_vs_M3_Macro_Oil_RegQuality__normalized__Oil_Rent_Intensive_Pre2016_ge1pct,Regulatory_Quality_lag1,normalized,Oil_Rent_Intensive_Pre2016_ge1pct,Future_Period,train_to_2014__test_from_2015,RandomForest,signal_increment,0.01500000000000003,0.2415
M2_Macro_Oil_vs_M3_Macro_Oil_RegQuality__normalized__Oil_Rent_Intensive_Pre2016_ge1pct,Regulatory_Quality_lag1,normalized,Oil_Rent_Intensive_Pre2016_ge1pct,Future_Period,train_to_2014__test_from_2015,RandomForest,signal_increment,0.015500000000000031,0.2295
M2_Macro_Oil_vs_M3_Macro_Oil_RegQuality__normalized__Oil_Rent_Intensive_Pre2016_ge1pct,Regulatory_Quality_lag1,normalized,Oil_Rent_Intensive_Pre2016_ge1pct,Future_Period,train_to_2014__test_from_2015,RandomForest,signal_increment,0.01600000000000003,0.223
M2_Macro_Oil_vs_M3_Macro_Oil_RegQuality__normalized__Oil_Rent_Intensive_Pre2016_ge1pct,Regulatory_Quality_lag1,normalized,Oil_Rent_Intensive_Pre2016_ge1pct,Future_Period,train_to_2014__test_from_2015,RandomForest,signal_increment,0.016500000000000032,0.21
M2_Macro_Oil_vs_M3_Macro_Oil_RegQuality__normalized__Oil_Rent_Intensive_Pre2016_ge1pct,Regulatory_Quality_lag1,normalized,Oil_Rent_Intensive_Pre2016_ge1pct,Future_Period,train_to_2014__test_from_2015,RandomForest,signal_increment,0.017000000000000032,0.195
M2_Macro_Oil_vs_M3_Macro_Oil_RegQuality__normalized__Oil_Rent_Intensive_Pre2016_ge1pct,Regulatory_Quality_lag1,normalized,Oil_Rent_Intensive_Pre2016_ge1pct,Future_Period,train_to_2014__test_from_2015,RandomForest,signal_increment,0.017500000000000033,0.185
M2_Macro_Oil_vs_M3_Macro_Oil_RegQuality__normalized__Oil_Rent_Intensive_Pre2016_ge1pct,Regulatory_Quality_lag1,normalized,Oil_Rent_Intensive_Pre2016_ge1pct,Future_Period,train_to_2014__test_from_2015,RandomForest,signal_increment,0.018000000000000033,0.177
M2_Macro_Oil_vs_M3_Macro_Oil_RegQuality__normalized__Oil_Rent_Intensive_Pre2016_ge1pct,Regulatory_Quality_lag1,normalized,Oil_Rent_Intensive_Pre2016_ge1pct,Future_Period,train_to_2014__test_from_2015,RandomForest,signal_increment,0.018500000000000034,0.1655
M2_Macro_Oil_vs_M3_Macro_Oil_RegQuality__normalized__Oil_Rent_Intensive_Pre2016_ge1pct,Regulatory_Quality_lag1,normalized,Oil_Rent_Intensive_Pre2016_ge1pct,Future_Period,train_to_2014__test_from_2015,RandomForest,signal_increment,0.019000000000000034,0.1575
M2_Macro_Oil_vs_M3_Macro_Oil_RegQuality__normalized__Oil_Rent_Intensive_Pre2016_ge1pct,Regulatory_Quality_lag1,normalized,Oil_Rent_Intensive_Pre2016_ge1pct,Future_Period,train_to_2014__test_from_2015,RandomForest,signal_increment,0.019500000000000035,0.1455
M2_Macro_Oil_vs_M3_Macro_Oil_RegQuality__normalized__Oil_Rent_Intensive_Pre2016_ge1pct,Regulatory_Quality_lag1,normalized,Oil_Rent_Intensive_Pre2016_ge1pct,Future_Period,train_to_2014__test_from_2015,RandomForest,signal_increment,0.020000000000000035,0.1385
M2_Macro_Oil_vs_M3_Macro_Oil_RegQuality__normalized__Oil_Rent_Intensive_Pre2016_ge1pct,Regulatory_Quality_lag1,normalized,Oil_Rent_Intensive_Pre2016_ge1pct,Future_Period,train_to_2014__test_from_2015,RandomForest,signal_increment,0.020500000000000036,0.1315
M2_Macro_Oil_vs_M3_Macro_Oil_RegQuality__normalized__Oil_Rent_Intensive_Pre2016_ge1pct,Regulatory_Quality_lag1,normalized,Oil_Rent_Intensive_Pre2016_ge1pct,Future_Period,train_to_2014__test_from_2015,RandomForest,signal_increment,0.021000000000000036,0.1215
M2_Macro_Oil_vs_M3_Macro_Oil_RegQuality__normalized__Oil_Rent_Intensive_Pre2016_ge1pct,Regulatory_Quality_lag1,normalized,Oil_Rent_Intensive_Pre2016_ge1pct,Future_Period,train_to_2014__test_from_2015,RandomForest,signal_increment,0.021500000000000036,0.1135
M2_Macro_Oil_vs_M3_Macro_Oil_RegQuality__normalized__Oil_Rent_Intensive_Pre2016_ge1pct,Regulatory_Quality_lag1,normalized,Oil_Rent_Intensive_Pre2016_ge1pct,Future_Period,train_to_2014__test_from_2015,RandomForest,signal_increment,0.022000000000000037,0.107
M2_Macro_Oil_vs_M3_Macro_Oil_RegQuality__normalized__Oil_Rent_Intensive_Pre2016_ge1pct,Regulatory_Quality_lag1,normalized,Oil_Rent_Intensive_Pre2016_ge1pct,Future_Period,train_to_2014__test_from_2015,RandomForest,signal_increment,0.022500000000000037,0.098
M2_Macro_Oil_vs_M3_Macro_Oil_RegQuality__normalized__Oil_Rent_Intensive_Pre2016_ge1pct,Regulatory_Quality_lag1,normalized,Oil_Rent_Intensive_Pre2016_ge1pct,Future_Period,train_to_2014__test_from_2015,RandomForest,signal_increment,0.023000000000000038,0.095
M2_Macro_Oil_vs_M3_Macro_Oil_RegQuality__normalized__Oil_Rent_Intensive_Pre2016_ge1pct,Regulatory_Quality_lag1,normalized,Oil_Rent_Intensive_Pre2016_ge1pct,Future_Period,train_to_2014__test_from_2015,RandomForest,signal_increment,0.023500000000000038,0.088
M2_Macro_Oil_vs_M3_Macro_Oil_RegQuality__normalized__Oil_Rent_Intensive_Pre2016_ge1pct,Regulatory_Quality_lag1,normalized,Oil_Rent_Intensive_Pre2016_ge1pct,Future_Period,train_to_2014__test_from_2015,RandomForest,signal_increment,0.02400000000000004,0.083
M2_Macro_Oil_vs_M3_Macro_Oil_RegQuality__normalized__Oil_Rent_Intensive_Pre2016_ge1pct,Regulatory_Quality_lag1,normalized,Oil_Rent_Intensive_Pre2016_ge1pct,Future_Period,train_to_2014__test_from_2015,RandomForest,signal_increment,0.02450000000000004,0.0755
M2_Macro_Oil_vs_M3_Macro_Oil_RegQuality__normalized__Oil_Rent_Intensive_Pre2016_ge1pct,Regulatory_Quality_lag1,normalized,Oil_Rent_Intensive_Pre2016_ge1pct,Future_Period,train_to_2014__test_from_2015,RandomForest,signal_increment,0.02500000000000004,0.071
M2_Macro_Oil_vs_M3_Macro_Oil_RegQuality__normalized__Oil_Rent_Intensive_Pre2016_ge1pct,Regulatory_Quality_lag1,normalized,Oil_Rent_Intensive_Pre2016_ge1pct,Future_Period,train_to_2014__test_from_2015,RandomForest,signal_increment,0.02550000000000004,0.067
M2_Macro_Oil_vs_M3_Macro_Oil_RegQuality__normalized__Oil_Rent_Intensive_Pre2016_ge1pct,Regulatory_Quality_lag1,normalized,Oil_Rent_Intensive_Pre2016_ge1pct,Future_Period,train_to_2014__test_from_2015,RandomForest,signal_increment,0.02600000000000004,0.062
M2_Macro_Oil_vs_M3_Macro_Oil_RegQuality__normalized__Oil_Rent_Intensive_Pre2016_ge1pct,Regulatory_Quality_lag1,normalized,Oil_Rent_Intensive_Pre2016_ge1pct,Future_Period,train_to_2014__test_from_2015,RandomForest,signal_increment,0.02650000000000004,0.056
M2_Macro_Oil_vs_M3_Macro_Oil_RegQuality__normalized__Oil_Rent_Intensive_Pre2016_ge1pct,Regulatory_Quality_lag1,normalized,Oil_Rent_Intensive_Pre2016_ge1pct,Future_Period,train_to_2014__test_from_2015,RandomForest,signal_increment,0.02700000000000004,0.0515
M2_Macro_Oil_vs_M3_Macro_Oil_RegQuality__normalized__Oil_Rent_Intensive_Pre2016_ge1pct,Regulatory_Quality_lag1,normalized,Oil_Rent_Intensive_Pre2016_ge1pct,Future_Period,train_to_2014__test_from_2015,RandomForest,signal_increment,0.027500000000000042,0.0495
M2_Macro_Oil_vs_M3_Macro_Oil_RegQuality__normalized__Oil_Rent_Intensive_Pre2016_ge1pct,Regulatory_Quality_lag1,normalized,Oil_Rent_Intensive_Pre2016_ge1pct,Future_Period,train_to_2014__test_from_2015,RandomForest,signal_increment,0.028000000000000042,0.045
M2_Macro_Oil_vs_M3_Macro_Oil_RegQuality__normalized__Oil_Rent_Intensive_Pre2016_ge1pct,Regulatory_Quality_lag1,normalized,Oil_Rent_Intensive_Pre2016_ge1pct,Future_Period,train_to_2014__test_from_2015,RandomForest,signal_increment,0.028500000000000043,0.041
M2_Macro_Oil_vs_M3_Macro_Oil_RegQuality__normalized__Oil_Rent_Intensive_Pre2016_ge1pct,Regulatory_Quality_lag1,normalized,Oil_Rent_Intensive_Pre2016_ge1pct,Future_Period,train_to_2014__test_from_2015,RandomForest,signal_increment,0.029000000000000043,0.0385
M2_Macro_Oil_vs_M3_Macro_Oil_RegQuality__normalized__Oil_Rent_Intensive_Pre2016_ge1pct,Regulatory_Quality_lag1,normalized,Oil_Rent_Intensive_Pre2016_ge1pct,Future_Period,train_to_2014__test_from_2015,RandomForest,signal_increment,0.029500000000000044,0.037
M2_Macro_Oil_vs_M3_Macro_Oil_RegQuality__normalized__Oil_Rent_Intensive_Pre2016_ge1pct,Regulatory_Quality_lag1,normalized,Oil_Rent_Intensive_Pre2016_ge1pct,Future_Period,train_to_2014__test_from_2015,RandomForest,signal_increment,0.030000000000000044,0.0365
M2_Macro_Oil_vs_M3_Macro_Oil_RegQuality__normalized__Oil_Rent_Intensive_Pre2016_ge1pct,Regulatory_Quality_lag1,normalized,Oil_Rent_Intensive_Pre2016_ge1pct,Future_Period,train_to_2014__test_from_2015,RandomForest,added_model_vs_strongest_benchmark,-0.02,0.9805
M2_Macro_Oil_vs_M3_Macro_Oil_RegQuality__normalized__Oil_Rent_Intensive_Pre2016_ge1pct,Regulatory_Quality_lag1,normalized,Oil_Rent_Intensive_Pre2016_ge1pct,Future_Period,train_to_2014__test_from_2015,RandomForest,added_model_vs_strongest_benchmark,-0.0195,0.9805
M2_Macro_Oil_vs_M3_Macro_Oil_RegQuality__normalized__Oil_Rent_Intensive_Pre2016_ge1pct,Regulatory_Quality_lag1,normalized,Oil_Rent_Intensive_Pre2016_ge1pct,Future_Period,train_to_2014__test_from_2015,RandomForest,added_model_vs_strongest_benchmark,-0.019,0.9805
M2_Macro_Oil_vs_M3_Macro_Oil_RegQuality__normalized__Oil_Rent_Intensive_Pre2016_ge1pct,Regulatory_Quality_lag1,normalized,Oil_Rent_Intensive_Pre2016_ge1pct,Future_Period,train_to_2014__test_from_2015,RandomForest,added_model_vs_strongest_benchmark,-0.0185,0.98
M2_Macro_Oil_vs_M3_Macro_Oil_RegQuality__normalized__Oil_Rent_Intensive_Pre2016_ge1pct,Regulatory_Quality_lag1,normalized,Oil_Rent_Intensive_Pre2016_ge1pct,Future_Period,train_to_2014__test_from_2015,RandomForest,added_model_vs_strongest_benchmark,-0.018,0.9795
M2_Macro_Oil_vs_M3_Macro_Oil_RegQuality__normalized__Oil_Rent_Intensive_Pre2016_ge1pct,Regulatory_Quality_lag1,normalized,Oil_Rent_Intensive_Pre2016_ge1pct,Future_Period,train_to_2014__test_from_2015,RandomForest,added_model_vs_strongest_benchmark,-0.017499999999999998,0.9785
M2_Macro_Oil_vs_M3_Macro_Oil_RegQuality__normalized__Oil_Rent_Intensive_Pre2016_ge1pct,Regulatory_Quality_lag1,normalized,Oil_Rent_Intensive_Pre2016_ge1pct,Future_Period,train_to_2014__test_from_2015,RandomForest,added_model_vs_strongest_benchmark,-0.016999999999999998,0.9785
M2_Macro_Oil_vs_M3_Macro_Oil_RegQuality__normalized__Oil_Rent_Intensive_Pre2016_ge1pct,Regulatory_Quality_lag1,normalized,Oil_Rent_Intensive_Pre2016_ge1pct,Future_Period,train_to_2014__test_from_2015,RandomForest,added_model_vs_strongest_benchmark,-0.016499999999999997,0.978
M2_Macro_Oil_vs_M3_Macro_Oil_RegQuality__normalized__Oil_Rent_Intensive_Pre2016_ge1pct,Regulatory_Quality_lag1,normalized,Oil_Rent_Intensive_Pre2016_ge1pct,Future_Period,train_to_2014__test_from_2015,RandomForest,added_model_vs_strongest_benchmark,-0.015999999999999997,0.978
M2_Macro_Oil_vs_M3_Macro_Oil_RegQuality__normalized__Oil_Rent_Intensive_Pre2016_ge1pct,Regulatory_Quality_lag1,normalized,Oil_Rent_Intensive_Pre2016_ge1pct,Future_Period,train_to_2014__test_from_2015,RandomForest,added_model_vs_strongest_benchmark,-0.015499999999999996,0.978
M2_Macro_Oil_vs_M3_Macro_Oil_RegQuality__normalized__Oil_Rent_Intensive_Pre2016_ge1pct,Regulatory_Quality_lag1,normalized,Oil_Rent_Intensive_Pre2016_ge1pct,Future_Period,train_to_2014__test_from_2015,RandomForest,added_model_vs_strongest_benchmark,-0.014999999999999996,0.9775
M2_Macro_Oil_vs_M3_Macro_Oil_RegQuality__normalized__Oil_Rent_Intensive_Pre2016_ge1pct,Regulatory_Quality_lag1,normalized,Oil_Rent_Intensive_Pre2016_ge1pct,Future_Period,train_to_2014__test_from_2015,RandomForest,added_model_vs_strongest_benchmark,-0.014499999999999996,0.977
M2_Macro_Oil_vs_M3_Macro_Oil_RegQuality__normalized__Oil_Rent_Intensive_Pre2016_ge1pct,Regulatory_Quality_lag1,normalized,Oil_Rent_Intensive_Pre2016_ge1pct,Future_Period,train_to_2014__test_from_2015,RandomForest,added_model_vs_strongest_benchmark,-0.013999999999999995,0.977
M2_Macro_Oil_vs_M3_Macro_Oil_RegQuality__normalized__Oil_Rent_Intensive_Pre2016_ge1pct,Regulatory_Quality_lag1,normalized,Oil_Rent_Intensive_Pre2016_ge1pct,Future_Period,train_to_2014__test_from_2015,RandomForest,added_model_vs_strongest_benchmark,-0.013499999999999995,0.977
M2_Macro_Oil_vs_M3_Macro_Oil_RegQuality__normalized__Oil_Rent_Intensive_Pre2016_ge1pct,Regulatory_Quality_lag1,normalized,Oil_Rent_Intensive_Pre2016_ge1pct,Future_Period,train_to_2014__test_from_2015,RandomForest,added_model_vs_strongest_benchmark,-0.012999999999999994,0.9765
M2_Macro_Oil_vs_M3_Macro_Oil_RegQuality__normalized__Oil_Rent_Intensive_Pre2016_ge1pct,Regulatory_Quality_lag1,normalized,Oil_Rent_Intensive_Pre2016_ge1pct,Future_Period,train_to_2014__test_from_2015,RandomForest,added_model_vs_strongest_benchmark,-0.012499999999999994,0.9765
M2_Macro_Oil_vs_M3_Macro_Oil_RegQuality__normalized__Oil_Rent_Intensive_Pre2016_ge1pct,Regulatory_Quality_lag1,normalized,Oil_Rent_Intensive_Pre2016_ge1pct,Future_Period,train_to_2014__test_from_2015,RandomForest,added_model_vs_strongest_benchmark,-0.011999999999999993,0.9755
M2_Macro_Oil_vs_M3_Macro_Oil_RegQuality__normalized__Oil_Rent_Intensive_Pre2016_ge1pct,Regulatory_Quality_lag1,normalized,Oil_Rent_Intensive_Pre2016_ge1pct,Future_Period,train_to_2014__test_from_2015,RandomForest,added_model_vs_strongest_benchmark,-0.011499999999999993,0.9745
M2_Macro_Oil_vs_M3_Macro_Oil_RegQuality__normalized__Oil_Rent_Intensive_Pre2016_ge1pct,Regulatory_Quality_lag1,normalized,Oil_Rent_Intensive_Pre2016_ge1pct,Future_Period,train_to_2014__test_from_2015,RandomForest,added_model_vs_strongest_benchmark,-0.010999999999999992,0.9745
M2_Macro_Oil_vs_M3_Macro_Oil_RegQuality__normalized__Oil_Rent_Intensive_Pre2016_ge1pct,Regulatory_Quality_lag1,normalized,Oil_Rent_Intensive_Pre2016_ge1pct,Future_Period,train_to_2014__test_from_2015,RandomForest,added_model_vs_strongest_benchmark,-0.010499999999999992,0.9745
M2_Macro_Oil_vs_M3_Macro_Oil_RegQuality__normalized__Oil_Rent_Intensive_Pre2016_ge1pct,Regulatory_Quality_lag1,normalized,Oil_Rent_Intensive_Pre2016_ge1pct,Future_Period,train_to_2014__test_from_2015,RandomForest,added_model_vs_strongest_benchmark,-0.009999999999999992,0.974
M2_Macro_Oil_vs_M3_Macro_Oil_RegQuality__normalized__Oil_Rent_Intensive_Pre2016_ge1pct,Regulatory_Quality_lag1,normalized,Oil_Rent_Intensive_Pre2016_ge1pct,Future_Period,train_to_2014__test_from_2015,RandomForest,added_model_vs_strongest_benchmark,-0.009499999999999991,0.9735
M2_Macro_Oil_vs_M3_Macro_Oil_RegQuality__normalized__Oil_Rent_Intensive_Pre2016_ge1pct,Regulatory_Quality_lag1,normalized,Oil_Rent_Intensive_Pre2016_ge1pct,Future_Period,train_to_2014__test_from_2015,RandomForest,added_model_vs_strongest_benchmark,-0.00899999999999999,0.973
M2_Macro_Oil_vs_M3_Macro_Oil_RegQuality__normalized__Oil_Rent_Intensive_Pre2016_ge1pct,Regulatory_Quality_lag1,normalized,Oil_Rent_Intensive_Pre2016_ge1pct,Future_Period,train_to_2014__test_from_2015,RandomForest,added_model_vs_strongest_benchmark,-0.00849999999999999,0.9725
M2_Macro_Oil_vs_M3_Macro_Oil_RegQuality__normalized__Oil_Rent_Intensive_Pre2016_ge1pct,Regulatory_Quality_lag1,normalized,Oil_Rent_Intensive_Pre2016_ge1pct,Future_Period,train_to_2014__test_from_2015,RandomForest,added_model_vs_strongest_benchmark,-0.00799999999999999,0.972
M2_Macro_Oil_vs_M3_Macro_Oil_RegQuality__normalized__Oil_Rent_Intensive_Pre2016_ge1pct,Regulatory_Quality_lag1,normalized,Oil_Rent_Intensive_Pre2016_ge1pct,Future_Period,train_to_2014__test_from_2015,RandomForest,added_model_vs_strongest_benchmark,-0.007499999999999989,0.972
M2_Macro_Oil_vs_M3_Macro_Oil_RegQuality__normalized__Oil_Rent_Intensive_Pre2016_ge1pct,Regulatory_Quality_lag1,normalized,Oil_Rent_Intensive_Pre2016_ge1pct,Future_Period,train_to_2014__test_from_2015,RandomForest,added_model_vs_strongest_benchmark,-0.006999999999999989,0.972
M2_Macro_Oil_vs_M3_Macro_Oil_RegQuality__normalized__Oil_Rent_Intensive_Pre2016_ge1pct,Regulatory_Quality_lag1,normalized,Oil_Rent_Intensive_Pre2016_ge1pct,Future_Period,train_to_2014__test_from_2015,RandomForest,added_model_vs_strongest_benchmark,-0.006499999999999988,0.9715
M2_Macro_Oil_vs_M3_Macro_Oil_RegQuality__normalized__Oil_Rent_Intensive_Pre2016_ge1pct,Regulatory_Quality_lag1,normalized,Oil_Rent_Intensive_Pre2016_ge1pct,Future_Period,train_to_2014__test_from_2015,RandomForest,added_model_vs_strongest_benchmark,-0.005999999999999988,0.9705
M2_Macro_Oil_vs_M3_Macro_Oil_RegQuality__normalized__Oil_Rent_Intensive_Pre2016_ge1pct,Regulatory_Quality_lag1,normalized,Oil_Rent_Intensive_Pre2016_ge1pct,Future_Period,train_to_2014__test_from_2015,RandomForest,added_model_vs_strongest_benchmark,-0.0054999999999999875,0.9705
M2_Macro_Oil_vs_M3_Macro_Oil_RegQuality__normalized__Oil_Rent_Intensive_Pre2016_ge1pct,Regulatory_Quality_lag1,normalized,Oil_Rent_Intensive_Pre2016_ge1pct,Future_Period,train_to_2014__test_from_2015,RandomForest,added_model_vs_strongest_benchmark,-0.004999999999999987,0.97
M2_Macro_Oil_vs_M3_Macro_Oil_RegQuality__normalized__Oil_Rent_Intensive_Pre2016_ge1pct,Regulatory_Quality_lag1,normalized,Oil_Rent_Intensive_Pre2016_ge1pct,Future_Period,train_to_2014__test_from_2015,RandomForest,added_model_vs_strongest_benchmark,-0.004499999999999987,0.97
M2_Macro_Oil_vs_M3_Macro_Oil_RegQuality__normalized__Oil_Rent_Intensive_Pre2016_ge1pct,Regulatory_Quality_lag1,normalized,Oil_Rent_Intensive_Pre2016_ge1pct,Future_Period,train_to_2014__test_from_2015,RandomForest,added_model_vs_strongest_benchmark,-0.003999999999999986,0.9695
M2_Macro_Oil_vs_M3_Macro_Oil_RegQuality__normalized__Oil_Rent_Intensive_Pre2016_ge1pct,Regulatory_Quality_lag1,normalized,Oil_Rent_Intensive_Pre2016_ge1pct,Future_Period,train_to_2014__test_from_2015,RandomForest,added_model_vs_strongest_benchmark,-0.0034999999999999858,0.9675
M2_Macro_Oil_vs_M3_Macro_Oil_RegQuality__normalized__Oil_Rent_Intensive_Pre2016_ge1pct,Regulatory_Quality_lag1,normalized,Oil_Rent_Intensive_Pre2016_ge1pct,Future_Period,train_to_2014__test_from_2015,RandomForest,added_model_vs_strongest_benchmark,-0.0029999999999999853,0.967
M2_Macro_Oil_vs_M3_Macro_Oil_RegQuality__normalized__Oil_Rent_Intensive_Pre2016_ge1pct,Regulatory_Quality_lag1,normalized,Oil_Rent_Intensive_Pre2016_ge1pct,Future_Period,train_to_2014__test_from_2015,RandomForest,added_model_vs_strongest_benchmark,-0.002499999999999985,0.967
M2_Macro_Oil_vs_M3_Macro_Oil_RegQuality__normalized__Oil_Rent_Intensive_Pre2016_ge1pct,Regulatory_Quality_lag1,normalized,Oil_Rent_Intensive_Pre2016_ge1pct,Future_Period,train_to_2014__test_from_2015,RandomForest,added_model_vs_strongest_benchmark,-0.0019999999999999844,0.9665
M2_Macro_Oil_vs_M3_Macro_Oil_RegQuality__normalized__Oil_Rent_Intensive_Pre2016_ge1pct,Regulatory_Quality_lag1,normalized,Oil_Rent_Intensive_Pre2016_ge1pct,Future_Period,train_to_2014__test_from_2015,RandomForest,added_model_vs_strongest_benchmark,-0.001499999999999984,0.965
M2_Macro_Oil_vs_M3_Macro_Oil_RegQuality__normalized__Oil_Rent_Intensive_Pre2016_ge1pct,Regulatory_Quality_lag1,normalized,Oil_Rent_Intensive_Pre2016_ge1pct,Future_Period,train_to_2014__test_from_2015,RandomForest,added_model_vs_strongest_benchmark,-0.0009999999999999835,0.965
M2_Macro_Oil_vs_M3_Macro_Oil_RegQuality__normalized__Oil_Rent_Intensive_Pre2016_ge1pct,Regulatory_Quality_lag1,normalized,Oil_Rent_Intensive_Pre2016_ge1pct,Future_Period,train_to_2014__test_from_2015,RandomForest,added_model_vs_strongest_benchmark,-0.0004999999999999831,0.965
M2_Macro_Oil_vs_M3_Macro_Oil_RegQuality__normalized__Oil_Rent_Intensive_Pre2016_ge1pct,Regulatory_Quality_lag1,normalized,Oil_Rent_Intensive_Pre2016_ge1pct,Future_Period,train_to_2014__test_from_2015,RandomForest,added_model_vs_strongest_benchmark,1.734723475976807e-17,0.965
M2_Macro_Oil_vs_M3_Macro_Oil_RegQuality__normalized__Oil_Rent_Intensive_Pre2016_ge1pct,Regulatory_Quality_lag1,normalized,Oil_Rent_Intensive_Pre2016_ge1pct,Future_Period,train_to_2014__test_from_2015,RandomForest,added_model_vs_strongest_benchmark,0.0005000000000000178,0.9645
M2_Macro_Oil_vs_M3_Macro_Oil_RegQuality__normalized__Oil_Rent_Intensive_Pre2016_ge1pct,Regulatory_Quality_lag1,normalized,Oil_Rent_Intensive_Pre2016_ge1pct,Future_Period,train_to_2014__test_from_2015,RandomForest,added_model_vs_strongest_benchmark,0.0010000000000000182,0.964
M2_Macro_Oil_vs_M3_Macro_Oil_RegQuality__normalized__Oil_Rent_Intensive_Pre2016_ge1pct,Regulatory_Quality_lag1,normalized,Oil_Rent_Intensive_Pre2016_ge1pct,Future_Period,train_to_2014__test_from_2015,RandomForest,added_model_vs_strongest_benchmark,0.0015000000000000187,0.964
M2_Macro_Oil_vs_M3_Macro_Oil_RegQuality__normalized__Oil_Rent_Intensive_Pre2016_ge1pct,Regulatory_Quality_lag1,normalized,Oil_Rent_Intensive_Pre2016_ge1pct,Future_Period,train_to_2014__test_from_2015,RandomForest,added_model_vs_strongest_benchmark,0.002000000000000019,0.9635
M2_Macro_Oil_vs_M3_Macro_Oil_RegQuality__normalized__Oil_Rent_Intensive_Pre2016_ge1pct,Regulatory_Quality_lag1,normalized,Oil_Rent_Intensive_Pre2016_ge1pct,Future_Period,train_to_2014__test_from_2015,RandomForest,added_model_vs_strongest_benchmark,0.0025000000000000196,0.9635
M2_Macro_Oil_vs_M3_Macro_Oil_RegQuality__normalized__Oil_Rent_Intensive_Pre2016_ge1pct,Regulatory_Quality_lag1,normalized,Oil_Rent_Intensive_Pre2016_ge1pct,Future_Period,train_to_2014__test_from_2015,RandomForest,added_model_vs_strongest_benchmark,0.00300000000000002,0.9625
M2_Macro_Oil_vs_M3_Macro_Oil_RegQuality__normalized__Oil_Rent_Intensive_Pre2016_ge1pct,Regulatory_Quality_lag1,normalized,Oil_Rent_Intensive_Pre2016_ge1pct,Future_Period,train_to_2014__test_from_2015,RandomForest,added_model_vs_strongest_benchmark,0.0035000000000000205,0.962
M2_Macro_Oil_vs_M3_Macro_Oil_RegQuality__normalized__Oil_Rent_Intensive_Pre2016_ge1pct,Regulatory_Quality_lag1,normalized,Oil_Rent_Intensive_Pre2016_ge1pct,Future_Period,train_to_2014__test_from_2015,RandomForest,added_model_vs_strongest_benchmark,0.004000000000000021,0.961
M2_Macro_Oil_vs_M3_Macro_Oil_RegQuality__normalized__Oil_Rent_Intensive_Pre2016_ge1pct,Regulatory_Quality_lag1,normalized,Oil_Rent_Intensive_Pre2016_ge1pct,Future_Period,train_to_2014__test_from_2015,RandomForest,added_model_vs_strongest_benchmark,0.004500000000000021,0.96
M2_Macro_Oil_vs_M3_Macro_Oil_RegQuality__normalized__Oil_Rent_Intensive_Pre2016_ge1pct,Regulatory_Quality_lag1,normalized,Oil_Rent_Intensive_Pre2016_ge1pct,Future_Period,train_to_2014__test_from_2015,RandomForest,added_model_vs_strongest_benchmark,0.005000000000000022,0.9595
M2_Macro_Oil_vs_M3_Macro_Oil_RegQuality__normalized__Oil_Rent_Intensive_Pre2016_ge1pct,Regulatory_Quality_lag1,normalized,Oil_Rent_Intensive_Pre2016_ge1pct,Future_Period,train_to_2014__test_from_2015,RandomForest,added_model_vs_strongest_benchmark,0.005500000000000022,0.9595
M2_Macro_Oil_vs_M3_Macro_Oil_RegQuality__normalized__Oil_Rent_Intensive_Pre2016_ge1pct,Regulatory_Quality_lag1,normalized,Oil_Rent_Intensive_Pre2016_ge1pct,Future_Period,train_to_2014__test_from_2015,RandomForest,added_model_vs_strongest_benchmark,0.006000000000000023,0.9595
M2_Macro_Oil_vs_M3_Macro_Oil_RegQuality__normalized__Oil_Rent_Intensive_Pre2016_ge1pct,Regulatory_Quality_lag1,normalized,Oil_Rent_Intensive_Pre2016_ge1pct,Future_Period,train_to_2014__test_from_2015,RandomForest,added_model_vs_strongest_benchmark,0.006500000000000023,0.959
M2_Macro_Oil_vs_M3_Macro_Oil_RegQuality__normalized__Oil_Rent_Intensive_Pre2016_ge1pct,Regulatory_Quality_lag1,normalized,Oil_Rent_Intensive_Pre2016_ge1pct,Future_Period,train_to_2014__test_from_2015,RandomForest,added_model_vs_strongest_benchmark,0.0070000000000000236,0.9575
M2_Macro_Oil_vs_M3_Macro_Oil_RegQuality__normalized__Oil_Rent_Intensive_Pre2016_ge1pct,Regulatory_Quality_lag1,normalized,Oil_Rent_Intensive_Pre2016_ge1pct,Future_Period,train_to_2014__test_from_2015,RandomForest,added_model_vs_strongest_benchmark,0.007500000000000024,0.9575
M2_Macro_Oil_vs_M3_Macro_Oil_RegQuality__normalized__Oil_Rent_Intensive_Pre2016_ge1pct,Regulatory_Quality_lag1,normalized,Oil_Rent_Intensive_Pre2016_ge1pct,Future_Period,train_to_2014__test_from_2015,RandomForest,added_model_vs_strongest_benchmark,0.008000000000000024,0.9575
M2_Macro_Oil_vs_M3_Macro_Oil_RegQuality__normalized__Oil_Rent_Intensive_Pre2016_ge1pct,Regulatory_Quality_lag1,normalized,Oil_Rent_Intensive_Pre2016_ge1pct,Future_Period,train_to_2014__test_from_2015,RandomForest,added_model_vs_strongest_benchmark,0.008500000000000025,0.957
M2_Macro_Oil_vs_M3_Macro_Oil_RegQuality__normalized__Oil_Rent_Intensive_Pre2016_ge1pct,Regulatory_Quality_lag1,normalized,Oil_Rent_Intensive_Pre2016_ge1pct,Future_Period,train_to_2014__test_from_2015,RandomForest,added_model_vs_strongest_benchmark,0.009000000000000025,0.9565
M2_Macro_Oil_vs_M3_Macro_Oil_RegQuality__normalized__Oil_Rent_Intensive_Pre2016_ge1pct,Regulatory_Quality_lag1,normalized,Oil_Rent_Intensive_Pre2016_ge1pct,Future_Period,train_to_2014__test_from_2015,RandomForest,added_model_vs_strongest_benchmark,0.009500000000000026,0.956
M2_Macro_Oil_vs_M3_Macro_Oil_RegQuality__normalized__Oil_Rent_Intensive_Pre2016_ge1pct,Regulatory_Quality_lag1,normalized,Oil_Rent_Intensive_Pre2016_ge1pct,Future_Period,train_to_2014__test_from_2015,RandomForest,added_model_vs_strongest_benchmark,0.010000000000000026,0.9555
M2_Macro_Oil_vs_M3_Macro_Oil_RegQuality__normalized__Oil_Rent_Intensive_Pre2016_ge1pct,Regulatory_Quality_lag1,normalized,Oil_Rent_Intensive_Pre2016_ge1pct,Future_Period,train_to_2014__test_from_2015,RandomForest,added_model_vs_strongest_benchmark,0.010500000000000027,0.954
M2_Macro_Oil_vs_M3_Macro_Oil_RegQuality__normalized__Oil_Rent_Intensive_Pre2016_ge1pct,Regulatory_Quality_lag1,normalized,Oil_Rent_Intensive_Pre2016_ge1pct,Future_Period,train_to_2014__test_from_2015,RandomForest,added_model_vs_strongest_benchmark,0.011000000000000027,0.953
M2_Macro_Oil_vs_M3_Macro_Oil_RegQuality__normalized__Oil_Rent_Intensive_Pre2016_ge1pct,Regulatory_Quality_lag1,normalized,Oil_Rent_Intensive_Pre2016_ge1pct,Future_Period,train_to_2014__test_from_2015,RandomForest,added_model_vs_strongest_benchmark,0.011500000000000028,0.9525
M2_Macro_Oil_vs_M3_Macro_Oil_RegQuality__normalized__Oil_Rent_Intensive_Pre2016_ge1pct,Regulatory_Quality_lag1,normalized,Oil_Rent_Intensive_Pre2016_ge1pct,Future_Period,train_to_2014__test_from_2015,RandomForest,added_model_vs_strongest_benchmark,0.012000000000000028,0.9525
M2_Macro_Oil_vs_M3_Macro_Oil_RegQuality__normalized__Oil_Rent_Intensive_Pre2016_ge1pct,Regulatory_Quality_lag1,normalized,Oil_Rent_Intensive_Pre2016_ge1pct,Future_Period,train_to_2014__test_from_2015,RandomForest,added_model_vs_strongest_benchmark,0.012500000000000028,0.9525
M2_Macro_Oil_vs_M3_Macro_Oil_RegQuality__normalized__Oil_Rent_Intensive_Pre2016_ge1pct,Regulatory_Quality_lag1,normalized,Oil_Rent_Intensive_Pre2016_ge1pct,Future_Period,train_to_2014__test_from_2015,RandomForest,added_model_vs_strongest_benchmark,0.013000000000000029,0.9525
M2_Macro_Oil_vs_M3_Macro_Oil_RegQuality__normalized__Oil_Rent_Intensive_Pre2016_ge1pct,Regulatory_Quality_lag1,normalized,Oil_Rent_Intensive_Pre2016_ge1pct,Future_Period,train_to_2014__test_from_2015,RandomForest,added_model_vs_strongest_benchmark,0.01350000000000003,0.952
M2_Macro_Oil_vs_M3_Macro_Oil_RegQuality__normalized__Oil_Rent_Intensive_Pre2016_ge1pct,Regulatory_Quality_lag1,normalized,Oil_Rent_Intensive_Pre2016_ge1pct,Future_Period,train_to_2014__test_from_2015,RandomForest,added_model_vs_strongest_benchmark,0.01400000000000003,0.952
M2_Macro_Oil_vs_M3_Macro_Oil_RegQuality__normalized__Oil_Rent_Intensive_Pre2016_ge1pct,Regulatory_Quality_lag1,normalized,Oil_Rent_Intensive_Pre2016_ge1pct,Future_Period,train_to_2014__test_from_2015,RandomForest,added_model_vs_strongest_benchmark,0.01450000000000003,0.952
M2_Macro_Oil_vs_M3_Macro_Oil_RegQuality__normalized__Oil_Rent_Intensive_Pre2016_ge1pct,Regulatory_Quality_lag1,normalized,Oil_Rent_Intensive_Pre2016_ge1pct,Future_Period,train_to_2014__test_from_2015,RandomForest,added_model_vs_strongest_benchmark,0.01500000000000003,0.952
M2_Macro_Oil_vs_M3_Macro_Oil_RegQuality__normalized__Oil_Rent_Intensive_Pre2016_ge1pct,Regulatory_Quality_lag1,normalized,Oil_Rent_Intensive_Pre2016_ge1pct,Future_Period,train_to_2014__test_from_2015,RandomForest,added_model_vs_strongest_benchmark,0.015500000000000031,0.9505
M2_Macro_Oil_vs_M3_Macro_Oil_RegQuality__normalized__Oil_Rent_Intensive_Pre2016_ge1pct,Regulatory_Quality_lag1,normalized,Oil_Rent_Intensive_Pre2016_ge1pct,Future_Period,train_to_2014__test_from_2015,RandomForest,added_model_vs_strongest_benchmark,0.01600000000000003,0.9505
M2_Macro_Oil_vs_M3_Macro_Oil_RegQuality__normalized__Oil_Rent_Intensive_Pre2016_ge1pct,Regulatory_Quality_lag1,normalized,Oil_Rent_Intensive_Pre2016_ge1pct,Future_Period,train_to_2014__test_from_2015,RandomForest,added_model_vs_strongest_benchmark,0.016500000000000032,0.95
M2_Macro_Oil_vs_M3_Macro_Oil_RegQuality__normalized__Oil_Rent_Intensive_Pre2016_ge1pct,Regulatory_Quality_lag1,normalized,Oil_Rent_Intensive_Pre2016_ge1pct,Future_Period,train_to_2014__test_from_2015,RandomForest,added_model_vs_strongest_benchmark,0.017000000000000032,0.9495
M2_Macro_Oil_vs_M3_Macro_Oil_RegQuality__normalized__Oil_Rent_Intensive_Pre2016_ge1pct,Regulatory_Quality_lag1,normalized,Oil_Rent_Intensive_Pre2016_ge1pct,Future_Period,train_to_2014__test_from_2015,RandomForest,added_model_vs_strongest_benchmark,0.017500000000000033,0.9485
M2_Macro_Oil_vs_M3_Macro_Oil_RegQuality__normalized__Oil_Rent_Intensive_Pre2016_ge1pct,Regulatory_Quality_lag1,normalized,Oil_Rent_Intensive_Pre2016_ge1pct,Future_Period,train_to_2014__test_from_2015,RandomForest,added_model_vs_strongest_benchmark,0.018000000000000033,0.948
M2_Macro_Oil_vs_M3_Macro_Oil_RegQuality__normalized__Oil_Rent_Intensive_Pre2016_ge1pct,Regulatory_Quality_lag1,normalized,Oil_Rent_Intensive_Pre2016_ge1pct,Future_Period,train_to_2014__test_from_2015,RandomForest,added_model_vs_strongest_benchmark,0.018500000000000034,0.9475
M2_Macro_Oil_vs_M3_Macro_Oil_RegQuality__normalized__Oil_Rent_Intensive_Pre2016_ge1pct,Regulatory_Quality_lag1,normalized,Oil_Rent_Intensive_Pre2016_ge1pct,Future_Period,train_to_2014__test_from_2015,RandomForest,added_model_vs_strongest_benchmark,0.019000000000000034,0.9465
M2_Macro_Oil_vs_M3_Macro_Oil_RegQuality__normalized__Oil_Rent_Intensive_Pre2016_ge1pct,Regulatory_Quality_lag1,normalized,Oil_Rent_Intensive_Pre2016_ge1pct,Future_Period,train_to_2014__test_from_2015,RandomForest,added_model_vs_strongest_benchmark,0.019500000000000035,0.9465
M2_Macro_Oil_vs_M3_Macro_Oil_RegQuality__normalized__Oil_Rent_Intensive_Pre2016_ge1pct,Regulatory_Quality_lag1,normalized,Oil_Rent_Intensive_Pre2016_ge1pct,Future_Period,train_to_2014__test_from_2015,RandomForest,added_model_vs_strongest_benchmark,0.020000000000000035,0.946
M2_Macro_Oil_vs_M3_Macro_Oil_RegQuality__normalized__Oil_Rent_Intensive_Pre2016_ge1pct,Regulatory_Quality_lag1,normalized,Oil_Rent_Intensive_Pre2016_ge1pct,Future_Period,train_to_2014__test_from_2015,RandomForest,added_model_vs_strongest_benchmark,0.020500000000000036,0.946
M2_Macro_Oil_vs_M3_Macro_Oil_RegQuality__normalized__Oil_Rent_Intensive_Pre2016_ge1pct,Regulatory_Quality_lag1,normalized,Oil_Rent_Intensive_Pre2016_ge1pct,Future_Period,train_to_2014__test_from_2015,RandomForest,added_model_vs_strongest_benchmark,0.021000000000000036,0.9455
M2_Macro_Oil_vs_M3_Macro_Oil_RegQuality__normalized__Oil_Rent_Intensive_Pre2016_ge1pct,Regulatory_Quality_lag1,normalized,Oil_Rent_Intensive_Pre2016_ge1pct,Future_Period,train_to_2014__test_from_2015,RandomForest,added_model_vs_strongest_benchmark,0.021500000000000036,0.9455
M2_Macro_Oil_vs_M3_Macro_Oil_RegQuality__normalized__Oil_Rent_Intensive_Pre2016_ge1pct,Regulatory_Quality_lag1,normalized,Oil_Rent_Intensive_Pre2016_ge1pct,Future_Period,train_to_2014__test_from_2015,RandomForest,added_model_vs_strongest_benchmark,0.022000000000000037,0.9455
M2_Macro_Oil_vs_M3_Macro_Oil_RegQuality__normalized__Oil_Rent_Intensive_Pre2016_ge1pct,Regulatory_Quality_lag1,normalized,Oil_Rent_Intensive_Pre2016_ge1pct,Future_Period,train_to_2014__test_from_2015,RandomForest,added_model_vs_strongest_benchmark,0.022500000000000037,0.9455
M2_Macro_Oil_vs_M3_Macro_Oil_RegQuality__normalized__Oil_Rent_Intensive_Pre2016_ge1pct,Regulatory_Quality_lag1,normalized,Oil_Rent_Intensive_Pre2016_ge1pct,Future_Period,train_to_2014__test_from_2015,RandomForest,added_model_vs_strongest_benchmark,0.023000000000000038,0.9445
M2_Macro_Oil_vs_M3_Macro_Oil_RegQuality__normalized__Oil_Rent_Intensive_Pre2016_ge1pct,Regulatory_Quality_lag1,normalized,Oil_Rent_Intensive_Pre2016_ge1pct,Future_Period,train_to_2014__test_from_2015,RandomForest,added_model_vs_strongest_benchmark,0.023500000000000038,0.944
M2_Macro_Oil_vs_M3_Macro_Oil_RegQuality__normalized__Oil_Rent_Intensive_Pre2016_ge1pct,Regulatory_Quality_lag1,normalized,Oil_Rent_Intensive_Pre2016_ge1pct,Future_Period,train_to_2014__test_from_2015,RandomForest,added_model_vs_strongest_benchmark,0.02400000000000004,0.9435
M2_Macro_Oil_vs_M3_Macro_Oil_RegQuality__normalized__Oil_Rent_Intensive_Pre2016_ge1pct,Regulatory_Quality_lag1,normalized,Oil_Rent_Intensive_Pre2016_ge1pct,Future_Period,train_to_2014__test_from_2015,RandomForest,added_model_vs_strongest_benchmark,0.02450000000000004,0.9425
M2_Macro_Oil_vs_M3_Macro_Oil_RegQuality__normalized__Oil_Rent_Intensive_Pre2016_ge1pct,Regulatory_Quality_lag1,normalized,Oil_Rent_Intensive_Pre2016_ge1pct,Future_Period,train_to_2014__test_from_2015,RandomForest,added_model_vs_strongest_benchmark,0.02500000000000004,0.942
M2_Macro_Oil_vs_M3_Macro_Oil_RegQuality__normalized__Oil_Rent_Intensive_Pre2016_ge1pct,Regulatory_Quality_lag1,normalized,Oil_Rent_Intensive_Pre2016_ge1pct,Future_Period,train_to_2014__test_from_2015,RandomForest,added_model_vs_strongest_benchmark,0.02550000000000004,0.942
M2_Macro_Oil_vs_M3_Macro_Oil_RegQuality__normalized__Oil_Rent_Intensive_Pre2016_ge1pct,Regulatory_Quality_lag1,normalized,Oil_Rent_Intensive_Pre2016_ge1pct,Future_Period,train_to_2014__test_from_2015,RandomForest,added_model_vs_strongest_benchmark,0.02600000000000004,0.9415
M2_Macro_Oil_vs_M3_Macro_Oil_RegQuality__normalized__Oil_Rent_Intensive_Pre2016_ge1pct,Regulatory_Quality_lag1,normalized,Oil_Rent_Intensive_Pre2016_ge1pct,Future_Period,train_to_2014__test_from_2015,RandomForest,added_model_vs_strongest_benchmark,0.02650000000000004,0.941
M2_Macro_Oil_vs_M3_Macro_Oil_RegQuality__normalized__Oil_Rent_Intensive_Pre2016_ge1pct,Regulatory_Quality_lag1,normalized,Oil_Rent_Intensive_Pre2016_ge1pct,Future_Period,train_to_2014__test_from_2015,RandomForest,added_model_vs_strongest_benchmark,0.02700000000000004,0.9405
M2_Macro_Oil_vs_M3_Macro_Oil_RegQuality__normalized__Oil_Rent_Intensive_Pre2016_ge1pct,Regulatory_Quality_lag1,normalized,Oil_Rent_Intensive_Pre2016_ge1pct,Future_Period,train_to_2014__test_from_2015,RandomForest,added_model_vs_strongest_benchmark,0.027500000000000042,0.9405
M2_Macro_Oil_vs_M3_Macro_Oil_RegQuality__normalized__Oil_Rent_Intensive_Pre2016_ge1pct,Regulatory_Quality_lag1,normalized,Oil_Rent_Intensive_Pre2016_ge1pct,Future_Period,train_to_2014__test_from_2015,RandomForest,added_model_vs_strongest_benchmark,0.028000000000000042,0.9385
M2_Macro_Oil_vs_M3_Macro_Oil_RegQuality__normalized__Oil_Rent_Intensive_Pre2016_ge1pct,Regulatory_Quality_lag1,normalized,Oil_Rent_Intensive_Pre2016_ge1pct,Future_Period,train_to_2014__test_from_2015,RandomForest,added_model_vs_strongest_benchmark,0.028500000000000043,0.938
M2_Macro_Oil_vs_M3_Macro_Oil_RegQuality__normalized__Oil_Rent_Intensive_Pre2016_ge1pct,Regulatory_Quality_lag1,normalized,Oil_Rent_Intensive_Pre2016_ge1pct,Future_Period,train_to_2014__test_from_2015,RandomForest,added_model_vs_strongest_benchmark,0.029000000000000043,0.937
M2_Macro_Oil_vs_M3_Macro_Oil_RegQuality__normalized__Oil_Rent_Intensive_Pre2016_ge1pct,Regulatory_Quality_lag1,normalized,Oil_Rent_Intensive_Pre2016_ge1pct,Future_Period,train_to_2014__test_from_2015,RandomForest,added_model_vs_strongest_benchmark,0.029500000000000044,0.937
M2_Macro_Oil_vs_M3_Macro_Oil_RegQuality__normalized__Oil_Rent_Intensive_Pre2016_ge1pct,Regulatory_Quality_lag1,normalized,Oil_Rent_Intensive_Pre2016_ge1pct,Future_Period,train_to_2014__test_from_2015,RandomForest,added_model_vs_strongest_benchmark,0.030000000000000044,0.937
M2_Macro_Oil_vs_M3_Macro_Oil_RegQuality__normalized__Oil_Rent_Intensive_Pre2016_ge1pct,Regulatory_Quality_lag1,normalized,Oil_Rent_Intensive_Pre2016_ge1pct,Future_Period,train_to_2015__test_from_2016,Ridge,signal_increment,-0.02,1.0
M2_Macro_Oil_vs_M3_Macro_Oil_RegQuality__normalized__Oil_Rent_Intensive_Pre2016_ge1pct,Regulatory_Quality_lag1,normalized,Oil_Rent_Intensive_Pre2016_ge1pct,Future_Period,train_to_2015__test_from_2016,Ridge,signal_increment,-0.0195,1.0
M2_Macro_Oil_vs_M3_Macro_Oil_RegQuality__normalized__Oil_Rent_Intensive_Pre2016_ge1pct,Regulatory_Quality_lag1,normalized,Oil_Rent_Intensive_Pre2016_ge1pct,Future_Period,train_to_2015__test_from_2016,Ridge,signal_increment,-0.019,1.0
M2_Macro_Oil_vs_M3_Macro_Oil_RegQuality__normalized__Oil_Rent_Intensive_Pre2016_ge1pct,Regulatory_Quality_lag1,normalized,Oil_Rent_Intensive_Pre2016_ge1pct,Future_Period,train_to_2015__test_from_2016,Ridge,signal_increment,-0.0185,1.0
M2_Macro_Oil_vs_M3_Macro_Oil_RegQuality__normalized__Oil_Rent_Intensive_Pre2016_ge1pct,Regulatory_Quality_lag1,normalized,Oil_Rent_Intensive_Pre2016_ge1pct,Future_Period,train_to_2015__test_from_2016,Ridge,signal_increment,-0.018,1.0
M2_Macro_Oil_vs_M3_Macro_Oil_RegQuality__normalized__Oil_Rent_Intensive_Pre2016_ge1pct,Regulatory_Quality_lag1,normalized,Oil_Rent_Intensive_Pre2016_ge1pct,Future_Period,train_to_2015__test_from_2016,Ridge,signal_increment,-0.017499999999999998,1.0
M2_Macro_Oil_vs_M3_Macro_Oil_RegQuality__normalized__Oil_Rent_Intensive_Pre2016_ge1pct,Regulatory_Quality_lag1,normalized,Oil_Rent_Intensive_Pre2016_ge1pct,Future_Period,train_to_2015__test_from_2016,Ridge,signal_increment,-0.016999999999999998,1.0
M2_Macro_Oil_vs_M3_Macro_Oil_RegQuality__normalized__Oil_Rent_Intensive_Pre2016_ge1pct,Regulatory_Quality_lag1,normalized,Oil_Rent_Intensive_Pre2016_ge1pct,Future_Period,train_to_2015__test_from_2016,Ridge,signal_increment,-0.016499999999999997,1.0
M2_Macro_Oil_vs_M3_Macro_Oil_RegQuality__normalized__Oil_Rent_Intensive_Pre2016_ge1pct,Regulatory_Quality_lag1,normalized,Oil_Rent_Intensive_Pre2016_ge1pct,Future_Period,train_to_2015__test_from_2016,Ridge,signal_increment,-0.015999999999999997,1.0
M2_Macro_Oil_vs_M3_Macro_Oil_RegQuality__normalized__Oil_Rent_Intensive_Pre2016_ge1pct,Regulatory_Quality_lag1,normalized,Oil_Rent_Intensive_Pre2016_ge1pct,Future_Period,train_to_2015__test_from_2016,Ridge,signal_increment,-0.015499999999999996,1.0
M2_Macro_Oil_vs_M3_Macro_Oil_RegQuality__normalized__Oil_Rent_Intensive_Pre2016_ge1pct,Regulatory_Quality_lag1,normalized,Oil_Rent_Intensive_Pre2016_ge1pct,Future_Period,train_to_2015__test_from_2016,Ridge,signal_increment,-0.014999999999999996,1.0
M2_Macro_Oil_vs_M3_Macro_Oil_RegQuality__normalized__Oil_Rent_Intensive_Pre2016_ge1pct,Regulatory_Quality_lag1,normalized,Oil_Rent_Intensive_Pre2016_ge1pct,Future_Period,train_to_2015__test_from_2016,Ridge,signal_increment,-0.014499999999999996,1.0
M2_Macro_Oil_vs_M3_Macro_Oil_RegQuality__normalized__Oil_Rent_Intensive_Pre2016_ge1pct,Regulatory_Quality_lag1,normalized,Oil_Rent_Intensive_Pre2016_ge1pct,Future_Period,train_to_2015__test_from_2016,Ridge,signal_increment,-0.013999999999999995,1.0
M2_Macro_Oil_vs_M3_Macro_Oil_RegQuality__normalized__Oil_Rent_Intensive_Pre2016_ge1pct,Regulatory_Quality_lag1,normalized,Oil_Rent_Intensive_Pre2016_ge1pct,Future_Period,train_to_2015__test_from_2016,Ridge,signal_increment,-0.013499999999999995,1.0
M2_Macro_Oil_vs_M3_Macro_Oil_RegQuality__normalized__Oil_Rent_Intensive_Pre2016_ge1pct,Regulatory_Quality_lag1,normalized,Oil_Rent_Intensive_Pre2016_ge1pct,Future_Period,train_to_2015__test_from_2016,Ridge,signal_increment,-0.012999999999999994,1.0
M2_Macro_Oil_vs_M3_Macro_Oil_RegQuality__normalized__Oil_Rent_Intensive_Pre2016_ge1pct,Regulatory_Quality_lag1,normalized,Oil_Rent_Intensive_Pre2016_ge1pct,Future_Period,train_to_2015__test_from_2016,Ridge,signal_increment,-0.012499999999999994,1.0
M2_Macro_Oil_vs_M3_Macro_Oil_RegQuality__normalized__Oil_Rent_Intensive_Pre2016_ge1pct,Regulatory_Quality_lag1,normalized,Oil_Rent_Intensive_Pre2016_ge1pct,Future_Period,train_to_2015__test_from_2016,Ridge,signal_increment,-0.011999999999999993,1.0
M2_Macro_Oil_vs_M3_Macro_Oil_RegQuality__normalized__Oil_Rent_Intensive_Pre2016_ge1pct,Regulatory_Quality_lag1,normalized,Oil_Rent_Intensive_Pre2016_ge1pct,Future_Period,train_to_2015__test_from_2016,Ridge,signal_increment,-0.011499999999999993,1.0
M2_Macro_Oil_vs_M3_Macro_Oil_RegQuality__normalized__Oil_Rent_Intensive_Pre2016_ge1pct,Regulatory_Quality_lag1,normalized,Oil_Rent_Intensive_Pre2016_ge1pct,Future_Period,train_to_2015__test_from_2016,Ridge,signal_increment,-0.010999999999999992,1.0
M2_Macro_Oil_vs_M3_Macro_Oil_RegQuality__normalized__Oil_Rent_Intensive_Pre2016_ge1pct,Regulatory_Quality_lag1,normalized,Oil_Rent_Intensive_Pre2016_ge1pct,Future_Period,train_to_2015__test_from_2016,Ridge,signal_increment,-0.010499999999999992,1.0
M2_Macro_Oil_vs_M3_Macro_Oil_RegQuality__normalized__Oil_Rent_Intensive_Pre2016_ge1pct,Regulatory_Quality_lag1,normalized,Oil_Rent_Intensive_Pre2016_ge1pct,Future_Period,train_to_2015__test_from_2016,Ridge,signal_increment,-0.009999999999999992,1.0
M2_Macro_Oil_vs_M3_Macro_Oil_RegQuality__normalized__Oil_Rent_Intensive_Pre2016_ge1pct,Regulatory_Quality_lag1,normalized,Oil_Rent_Intensive_Pre2016_ge1pct,Future_Period,train_to_2015__test_from_2016,Ridge,signal_increment,-0.009499999999999991,1.0
M2_Macro_Oil_vs_M3_Macro_Oil_RegQuality__normalized__Oil_Rent_Intensive_Pre2016_ge1pct,Regulatory_Quality_lag1,normalized,Oil_Rent_Intensive_Pre2016_ge1pct,Future_Period,train_to_2015__test_from_2016,Ridge,signal_increment,-0.00899999999999999,1.0
M2_Macro_Oil_vs_M3_Macro_Oil_RegQuality__normalized__Oil_Rent_Intensive_Pre2016_ge1pct,Regulatory_Quality_lag1,normalized,Oil_Rent_Intensive_Pre2016_ge1pct,Future_Period,train_to_2015__test_from_2016,Ridge,signal_increment,-0.00849999999999999,1.0
M2_Macro_Oil_vs_M3_Macro_Oil_RegQuality__normalized__Oil_Rent_Intensive_Pre2016_ge1pct,Regulatory_Quality_lag1,normalized,Oil_Rent_Intensive_Pre2016_ge1pct,Future_Period,train_to_2015__test_from_2016,Ridge,signal_increment,-0.00799999999999999,1.0
M2_Macro_Oil_vs_M3_Macro_Oil_RegQuality__normalized__Oil_Rent_Intensive_Pre2016_ge1pct,Regulatory_Quality_lag1,normalized,Oil_Rent_Intensive_Pre2016_ge1pct,Future_Period,train_to_2015__test_from_2016,Ridge,signal_increment,-0.007499999999999989,1.0
M2_Macro_Oil_vs_M3_Macro_Oil_RegQuality__normalized__Oil_Rent_Intensive_Pre2016_ge1pct,Regulatory_Quality_lag1,normalized,Oil_Rent_Intensive_Pre2016_ge1pct,Future_Period,train_to_2015__test_from_2016,Ridge,signal_increment,-0.006999999999999989,1.0
M2_Macro_Oil_vs_M3_Macro_Oil_RegQuality__normalized__Oil_Rent_Intensive_Pre2016_ge1pct,Regulatory_Quality_lag1,normalized,Oil_Rent_Intensive_Pre2016_ge1pct,Future_Period,train_to_2015__test_from_2016,Ridge,signal_increment,-0.006499999999999988,1.0
M2_Macro_Oil_vs_M3_Macro_Oil_RegQuality__normalized__Oil_Rent_Intensive_Pre2016_ge1pct,Regulatory_Quality_lag1,normalized,Oil_Rent_Intensive_Pre2016_ge1pct,Future_Period,train_to_2015__test_from_2016,Ridge,signal_increment,-0.005999999999999988,1.0
M2_Macro_Oil_vs_M3_Macro_Oil_RegQuality__normalized__Oil_Rent_Intensive_Pre2016_ge1pct,Regulatory_Quality_lag1,normalized,Oil_Rent_Intensive_Pre2016_ge1pct,Future_Period,train_to_2015__test_from_2016,Ridge,signal_increment,-0.0054999999999999875,1.0
M2_Macro_Oil_vs_M3_Macro_Oil_RegQuality__normalized__Oil_Rent_Intensive_Pre2016_ge1pct,Regulatory_Quality_lag1,normalized,Oil_Rent_Intensive_Pre2016_ge1pct,Future_Period,train_to_2015__test_from_2016,Ridge,signal_increment,-0.004999999999999987,1.0
M2_Macro_Oil_vs_M3_Macro_Oil_RegQuality__normalized__Oil_Rent_Intensive_Pre2016_ge1pct,Regulatory_Quality_lag1,normalized,Oil_Rent_Intensive_Pre2016_ge1pct,Future_Period,train_to_2015__test_from_2016,Ridge,signal_increment,-0.004499999999999987,1.0
M2_Macro_Oil_vs_M3_Macro_Oil_RegQuality__normalized__Oil_Rent_Intensive_Pre2016_ge1pct,Regulatory_Quality_lag1,normalized,Oil_Rent_Intensive_Pre2016_ge1pct,Future_Period,train_to_2015__test_from_2016,Ridge,signal_increment,-0.003999999999999986,1.0
M2_Macro_Oil_vs_M3_Macro_Oil_RegQuality__normalized__Oil_Rent_Intensive_Pre2016_ge1pct,Regulatory_Quality_lag1,normalized,Oil_Rent_Intensive_Pre2016_ge1pct,Future_Period,train_to_2015__test_from_2016,Ridge,signal_increment,-0.0034999999999999858,1.0
M2_Macro_Oil_vs_M3_Macro_Oil_RegQuality__normalized__Oil_Rent_Intensive_Pre2016_ge1pct,Regulatory_Quality_lag1,normalized,Oil_Rent_Intensive_Pre2016_ge1pct,Future_Period,train_to_2015__test_from_2016,Ridge,signal_increment,-0.0029999999999999853,1.0
M2_Macro_Oil_vs_M3_Macro_Oil_RegQuality__normalized__Oil_Rent_Intensive_Pre2016_ge1pct,Regulatory_Quality_lag1,normalized,Oil_Rent_Intensive_Pre2016_ge1pct,Future_Period,train_to_2015__test_from_2016,Ridge,signal_increment,-0.002499999999999985,1.0
M2_Macro_Oil_vs_M3_Macro_Oil_RegQuality__normalized__Oil_Rent_Intensive_Pre2016_ge1pct,Regulatory_Quality_lag1,normalized,Oil_Rent_Intensive_Pre2016_ge1pct,Future_Period,train_to_2015__test_from_2016,Ridge,signal_increment,-0.0019999999999999844,0.9995
M2_Macro_Oil_vs_M3_Macro_Oil_RegQuality__normalized__Oil_Rent_Intensive_Pre2016_ge1pct,Regulatory_Quality_lag1,normalized,Oil_Rent_Intensive_Pre2016_ge1pct,Future_Period,train_to_2015__test_from_2016,Ridge,signal_increment,-0.001499999999999984,0.9995
M2_Macro_Oil_vs_M3_Macro_Oil_RegQuality__normalized__Oil_Rent_Intensive_Pre2016_ge1pct,Regulatory_Quality_lag1,normalized,Oil_Rent_Intensive_Pre2016_ge1pct,Future_Period,train_to_2015__test_from_2016,Ridge,signal_increment,-0.0009999999999999835,0.999
M2_Macro_Oil_vs_M3_Macro_Oil_RegQuality__normalized__Oil_Rent_Intensive_Pre2016_ge1pct,Regulatory_Quality_lag1,normalized,Oil_Rent_Intensive_Pre2016_ge1pct,Future_Period,train_to_2015__test_from_2016,Ridge,signal_increment,-0.0004999999999999831,0.999
M2_Macro_Oil_vs_M3_Macro_Oil_RegQuality__normalized__Oil_Rent_Intensive_Pre2016_ge1pct,Regulatory_Quality_lag1,normalized,Oil_Rent_Intensive_Pre2016_ge1pct,Future_Period,train_to_2015__test_from_2016,Ridge,signal_increment,1.734723475976807e-17,0.988
M2_Macro_Oil_vs_M3_Macro_Oil_RegQuality__normalized__Oil_Rent_Intensive_Pre2016_ge1pct,Regulatory_Quality_lag1,normalized,Oil_Rent_Intensive_Pre2016_ge1pct,Future_Period,train_to_2015__test_from_2016,Ridge,signal_increment,0.0005000000000000178,0.933
M2_Macro_Oil_vs_M3_Macro_Oil_RegQuality__normalized__Oil_Rent_Intensive_Pre2016_ge1pct,Regulatory_Quality_lag1,normalized,Oil_Rent_Intensive_Pre2016_ge1pct,Future_Period,train_to_2015__test_from_2016,Ridge,signal_increment,0.0010000000000000182,0.745
M2_Macro_Oil_vs_M3_Macro_Oil_RegQuality__normalized__Oil_Rent_Intensive_Pre2016_ge1pct,Regulatory_Quality_lag1,normalized,Oil_Rent_Intensive_Pre2016_ge1pct,Future_Period,train_to_2015__test_from_2016,Ridge,signal_increment,0.0015000000000000187,0.4095
M2_Macro_Oil_vs_M3_Macro_Oil_RegQuality__normalized__Oil_Rent_Intensive_Pre2016_ge1pct,Regulatory_Quality_lag1,normalized,Oil_Rent_Intensive_Pre2016_ge1pct,Future_Period,train_to_2015__test_from_2016,Ridge,signal_increment,0.002000000000000019,0.155
M2_Macro_Oil_vs_M3_Macro_Oil_RegQuality__normalized__Oil_Rent_Intensive_Pre2016_ge1pct,Regulatory_Quality_lag1,normalized,Oil_Rent_Intensive_Pre2016_ge1pct,Future_Period,train_to_2015__test_from_2016,Ridge,signal_increment,0.0025000000000000196,0.046
M2_Macro_Oil_vs_M3_Macro_Oil_RegQuality__normalized__Oil_Rent_Intensive_Pre2016_ge1pct,Regulatory_Quality_lag1,normalized,Oil_Rent_Intensive_Pre2016_ge1pct,Future_Period,train_to_2015__test_from_2016,Ridge,signal_increment,0.00300000000000002,0.007
M2_Macro_Oil_vs_M3_Macro_Oil_RegQuality__normalized__Oil_Rent_Intensive_Pre2016_ge1pct,Regulatory_Quality_lag1,normalized,Oil_Rent_Intensive_Pre2016_ge1pct,Future_Period,train_to_2015__test_from_2016,Ridge,signal_increment,0.0035000000000000205,0.0015
M2_Macro_Oil_vs_M3_Macro_Oil_RegQuality__normalized__Oil_Rent_Intensive_Pre2016_ge1pct,Regulatory_Quality_lag1,normalized,Oil_Rent_Intensive_Pre2016_ge1pct,Future_Period,train_to_2015__test_from_2016,Ridge,signal_increment,0.004000000000000021,0.0005
M2_Macro_Oil_vs_M3_Macro_Oil_RegQuality__normalized__Oil_Rent_Intensive_Pre2016_ge1pct,Regulatory_Quality_lag1,normalized,Oil_Rent_Intensive_Pre2016_ge1pct,Future_Period,train_to_2015__test_from_2016,Ridge,signal_increment,0.004500000000000021,0.0005
M2_Macro_Oil_vs_M3_Macro_Oil_RegQuality__normalized__Oil_Rent_Intensive_Pre2016_ge1pct,Regulatory_Quality_lag1,normalized,Oil_Rent_Intensive_Pre2016_ge1pct,Future_Period,train_to_2015__test_from_2016,Ridge,signal_increment,0.005000000000000022,0.0005
M2_Macro_Oil_vs_M3_Macro_Oil_RegQuality__normalized__Oil_Rent_Intensive_Pre2016_ge1pct,Regulatory_Quality_lag1,normalized,Oil_Rent_Intensive_Pre2016_ge1pct,Future_Period,train_to_2015__test_from_2016,Ridge,signal_increment,0.005500000000000022,0.0
M2_Macro_Oil_vs_M3_Macro_Oil_RegQuality__normalized__Oil_Rent_Intensive_Pre2016_ge1pct,Regulatory_Quality_lag1,normalized,Oil_Rent_Intensive_Pre2016_ge1pct,Future_Period,train_to_2015__test_from_2016,Ridge,signal_increment,0.006000000000000023,0.0
M2_Macro_Oil_vs_M3_Macro_Oil_RegQuality__normalized__Oil_Rent_Intensive_Pre2016_ge1pct,Regulatory_Quality_lag1,normalized,Oil_Rent_Intensive_Pre2016_ge1pct,Future_Period,train_to_2015__test_from_2016,Ridge,signal_increment,0.006500000000000023,0.0
M2_Macro_Oil_vs_M3_Macro_Oil_RegQuality__normalized__Oil_Rent_Intensive_Pre2016_ge1pct,Regulatory_Quality_lag1,normalized,Oil_Rent_Intensive_Pre2016_ge1pct,Future_Period,train_to_2015__test_from_2016,Ridge,signal_increment,0.0070000000000000236,0.0
M2_Macro_Oil_vs_M3_Macro_Oil_RegQuality__normalized__Oil_Rent_Intensive_Pre2016_ge1pct,Regulatory_Quality_lag1,normalized,Oil_Rent_Intensive_Pre2016_ge1pct,Future_Period,train_to_2015__test_from_2016,Ridge,signal_increment,0.007500000000000024,0.0
M2_Macro_Oil_vs_M3_Macro_Oil_RegQuality__normalized__Oil_Rent_Intensive_Pre2016_ge1pct,Regulatory_Quality_lag1,normalized,Oil_Rent_Intensive_Pre2016_ge1pct,Future_Period,train_to_2015__test_from_2016,Ridge,signal_increment,0.008000000000000024,0.0
M2_Macro_Oil_vs_M3_Macro_Oil_RegQuality__normalized__Oil_Rent_Intensive_Pre2016_ge1pct,Regulatory_Quality_lag1,normalized,Oil_Rent_Intensive_Pre2016_ge1pct,Future_Period,train_to_2015__test_from_2016,Ridge,signal_increment,0.008500000000000025,0.0
M2_Macro_Oil_vs_M3_Macro_Oil_RegQuality__normalized__Oil_Rent_Intensive_Pre2016_ge1pct,Regulatory_Quality_lag1,normalized,Oil_Rent_Intensive_Pre2016_ge1pct,Future_Period,train_to_2015__test_from_2016,Ridge,signal_increment,0.009000000000000025,0.0
M2_Macro_Oil_vs_M3_Macro_Oil_RegQuality__normalized__Oil_Rent_Intensive_Pre2016_ge1pct,Regulatory_Quality_lag1,normalized,Oil_Rent_Intensive_Pre2016_ge1pct,Future_Period,train_to_2015__test_from_2016,Ridge,signal_increment,0.009500000000000026,0.0
M2_Macro_Oil_vs_M3_Macro_Oil_RegQuality__normalized__Oil_Rent_Intensive_Pre2016_ge1pct,Regulatory_Quality_lag1,normalized,Oil_Rent_Intensive_Pre2016_ge1pct,Future_Period,train_to_2015__test_from_2016,Ridge,signal_increment,0.010000000000000026,0.0
M2_Macro_Oil_vs_M3_Macro_Oil_RegQuality__normalized__Oil_Rent_Intensive_Pre2016_ge1pct,Regulatory_Quality_lag1,normalized,Oil_Rent_Intensive_Pre2016_ge1pct,Future_Period,train_to_2015__test_from_2016,Ridge,signal_increment,0.010500000000000027,0.0
M2_Macro_Oil_vs_M3_Macro_Oil_RegQuality__normalized__Oil_Rent_Intensive_Pre2016_ge1pct,Regulatory_Quality_lag1,normalized,Oil_Rent_Intensive_Pre2016_ge1pct,Future_Period,train_to_2015__test_from_2016,Ridge,signal_increment,0.011000000000000027,0.0
M2_Macro_Oil_vs_M3_Macro_Oil_RegQuality__normalized__Oil_Rent_Intensive_Pre2016_ge1pct,Regulatory_Quality_lag1,normalized,Oil_Rent_Intensive_Pre2016_ge1pct,Future_Period,train_to_2015__test_from_2016,Ridge,signal_increment,0.011500000000000028,0.0
M2_Macro_Oil_vs_M3_Macro_Oil_RegQuality__normalized__Oil_Rent_Intensive_Pre2016_ge1pct,Regulatory_Quality_lag1,normalized,Oil_Rent_Intensive_Pre2016_ge1pct,Future_Period,train_to_2015__test_from_2016,Ridge,signal_increment,0.012000000000000028,0.0
M2_Macro_Oil_vs_M3_Macro_Oil_RegQuality__normalized__Oil_Rent_Intensive_Pre2016_ge1pct,Regulatory_Quality_lag1,normalized,Oil_Rent_Intensive_Pre2016_ge1pct,Future_Period,train_to_2015__test_from_2016,Ridge,signal_increment,0.012500000000000028,0.0
M2_Macro_Oil_vs_M3_Macro_Oil_RegQuality__normalized__Oil_Rent_Intensive_Pre2016_ge1pct,Regulatory_Quality_lag1,normalized,Oil_Rent_Intensive_Pre2016_ge1pct,Future_Period,train_to_2015__test_from_2016,Ridge,signal_increment,0.013000000000000029,0.0
M2_Macro_Oil_vs_M3_Macro_Oil_RegQuality__normalized__Oil_Rent_Intensive_Pre2016_ge1pct,Regulatory_Quality_lag1,normalized,Oil_Rent_Intensive_Pre2016_ge1pct,Future_Period,train_to_2015__test_from_2016,Ridge,signal_increment,0.01350000000000003,0.0
M2_Macro_Oil_vs_M3_Macro_Oil_RegQuality__normalized__Oil_Rent_Intensive_Pre2016_ge1pct,Regulatory_Quality_lag1,normalized,Oil_Rent_Intensive_Pre2016_ge1pct,Future_Period,train_to_2015__test_from_2016,Ridge,signal_increment,0.01400000000000003,0.0
M2_Macro_Oil_vs_M3_Macro_Oil_RegQuality__normalized__Oil_Rent_Intensive_Pre2016_ge1pct,Regulatory_Quality_lag1,normalized,Oil_Rent_Intensive_Pre2016_ge1pct,Future_Period,train_to_2015__test_from_2016,Ridge,signal_increment,0.01450000000000003,0.0
M2_Macro_Oil_vs_M3_Macro_Oil_RegQuality__normalized__Oil_Rent_Intensive_Pre2016_ge1pct,Regulatory_Quality_lag1,normalized,Oil_Rent_Intensive_Pre2016_ge1pct,Future_Period,train_to_2015__test_from_2016,Ridge,signal_increment,0.01500000000000003,0.0
M2_Macro_Oil_vs_M3_Macro_Oil_RegQuality__normalized__Oil_Rent_Intensive_Pre2016_ge1pct,Regulatory_Quality_lag1,normalized,Oil_Rent_Intensive_Pre2016_ge1pct,Future_Period,train_to_2015__test_from_2016,Ridge,signal_increment,0.015500000000000031,0.0
M2_Macro_Oil_vs_M3_Macro_Oil_RegQuality__normalized__Oil_Rent_Intensive_Pre2016_ge1pct,Regulatory_Quality_lag1,normalized,Oil_Rent_Intensive_Pre2016_ge1pct,Future_Period,train_to_2015__test_from_2016,Ridge,signal_increment,0.01600000000000003,0.0
M2_Macro_Oil_vs_M3_Macro_Oil_RegQuality__normalized__Oil_Rent_Intensive_Pre2016_ge1pct,Regulatory_Quality_lag1,normalized,Oil_Rent_Intensive_Pre2016_ge1pct,Future_Period,train_to_2015__test_from_2016,Ridge,signal_increment,0.016500000000000032,0.0
M2_Macro_Oil_vs_M3_Macro_Oil_RegQuality__normalized__Oil_Rent_Intensive_Pre2016_ge1pct,Regulatory_Quality_lag1,normalized,Oil_Rent_Intensive_Pre2016_ge1pct,Future_Period,train_to_2015__test_from_2016,Ridge,signal_increment,0.017000000000000032,0.0
M2_Macro_Oil_vs_M3_Macro_Oil_RegQuality__normalized__Oil_Rent_Intensive_Pre2016_ge1pct,Regulatory_Quality_lag1,normalized,Oil_Rent_Intensive_Pre2016_ge1pct,Future_Period,train_to_2015__test_from_2016,Ridge,signal_increment,0.017500000000000033,0.0
M2_Macro_Oil_vs_M3_Macro_Oil_RegQuality__normalized__Oil_Rent_Intensive_Pre2016_ge1pct,Regulatory_Quality_lag1,normalized,Oil_Rent_Intensive_Pre2016_ge1pct,Future_Period,train_to_2015__test_from_2016,Ridge,signal_increment,0.018000000000000033,0.0
M2_Macro_Oil_vs_M3_Macro_Oil_RegQuality__normalized__Oil_Rent_Intensive_Pre2016_ge1pct,Regulatory_Quality_lag1,normalized,Oil_Rent_Intensive_Pre2016_ge1pct,Future_Period,train_to_2015__test_from_2016,Ridge,signal_increment,0.018500000000000034,0.0
M2_Macro_Oil_vs_M3_Macro_Oil_RegQuality__normalized__Oil_Rent_Intensive_Pre2016_ge1pct,Regulatory_Quality_lag1,normalized,Oil_Rent_Intensive_Pre2016_ge1pct,Future_Period,train_to_2015__test_from_2016,Ridge,signal_increment,0.019000000000000034,0.0
M2_Macro_Oil_vs_M3_Macro_Oil_RegQuality__normalized__Oil_Rent_Intensive_Pre2016_ge1pct,Regulatory_Quality_lag1,normalized,Oil_Rent_Intensive_Pre2016_ge1pct,Future_Period,train_to_2015__test_from_2016,Ridge,signal_increment,0.019500000000000035,0.0
M2_Macro_Oil_vs_M3_Macro_Oil_RegQuality__normalized__Oil_Rent_Intensive_Pre2016_ge1pct,Regulatory_Quality_lag1,normalized,Oil_Rent_Intensive_Pre2016_ge1pct,Future_Period,train_to_2015__test_from_2016,Ridge,signal_increment,0.020000000000000035,0.0
M2_Macro_Oil_vs_M3_Macro_Oil_RegQuality__normalized__Oil_Rent_Intensive_Pre2016_ge1pct,Regulatory_Quality_lag1,normalized,Oil_Rent_Intensive_Pre2016_ge1pct,Future_Period,train_to_2015__test_from_2016,Ridge,signal_increment,0.020500000000000036,0.0
M2_Macro_Oil_vs_M3_Macro_Oil_RegQuality__normalized__Oil_Rent_Intensive_Pre2016_ge1pct,Regulatory_Quality_lag1,normalized,Oil_Rent_Intensive_Pre2016_ge1pct,Future_Period,train_to_2015__test_from_2016,Ridge,signal_increment,0.021000000000000036,0.0
M2_Macro_Oil_vs_M3_Macro_Oil_RegQuality__normalized__Oil_Rent_Intensive_Pre2016_ge1pct,Regulatory_Quality_lag1,normalized,Oil_Rent_Intensive_Pre2016_ge1pct,Future_Period,train_to_2015__test_from_2016,Ridge,signal_increment,0.021500000000000036,0.0
M2_Macro_Oil_vs_M3_Macro_Oil_RegQuality__normalized__Oil_Rent_Intensive_Pre2016_ge1pct,Regulatory_Quality_lag1,normalized,Oil_Rent_Intensive_Pre2016_ge1pct,Future_Period,train_to_2015__test_from_2016,Ridge,signal_increment,0.022000000000000037,0.0
M2_Macro_Oil_vs_M3_Macro_Oil_RegQuality__normalized__Oil_Rent_Intensive_Pre2016_ge1pct,Regulatory_Quality_lag1,normalized,Oil_Rent_Intensive_Pre2016_ge1pct,Future_Period,train_to_2015__test_from_2016,Ridge,signal_increment,0.022500000000000037,0.0
M2_Macro_Oil_vs_M3_Macro_Oil_RegQuality__normalized__Oil_Rent_Intensive_Pre2016_ge1pct,Regulatory_Quality_lag1,normalized,Oil_Rent_Intensive_Pre2016_ge1pct,Future_Period,train_to_2015__test_from_2016,Ridge,signal_increment,0.023000000000000038,0.0
M2_Macro_Oil_vs_M3_Macro_Oil_RegQuality__normalized__Oil_Rent_Intensive_Pre2016_ge1pct,Regulatory_Quality_lag1,normalized,Oil_Rent_Intensive_Pre2016_ge1pct,Future_Period,train_to_2015__test_from_2016,Ridge,signal_increment,0.023500000000000038,0.0
M2_Macro_Oil_vs_M3_Macro_Oil_RegQuality__normalized__Oil_Rent_Intensive_Pre2016_ge1pct,Regulatory_Quality_lag1,normalized,Oil_Rent_Intensive_Pre2016_ge1pct,Future_Period,train_to_2015__test_from_2016,Ridge,signal_increment,0.02400000000000004,0.0
M2_Macro_Oil_vs_M3_Macro_Oil_RegQuality__normalized__Oil_Rent_Intensive_Pre2016_ge1pct,Regulatory_Quality_lag1,normalized,Oil_Rent_Intensive_Pre2016_ge1pct,Future_Period,train_to_2015__test_from_2016,Ridge,signal_increment,0.02450000000000004,0.0
M2_Macro_Oil_vs_M3_Macro_Oil_RegQuality__normalized__Oil_Rent_Intensive_Pre2016_ge1pct,Regulatory_Quality_lag1,normalized,Oil_Rent_Intensive_Pre2016_ge1pct,Future_Period,train_to_2015__test_from_2016,Ridge,signal_increment,0.02500000000000004,0.0
M2_Macro_Oil_vs_M3_Macro_Oil_RegQuality__normalized__Oil_Rent_Intensive_Pre2016_ge1pct,Regulatory_Quality_lag1,normalized,Oil_Rent_Intensive_Pre2016_ge1pct,Future_Period,train_to_2015__test_from_2016,Ridge,signal_increment,0.02550000000000004,0.0
M2_Macro_Oil_vs_M3_Macro_Oil_RegQuality__normalized__Oil_Rent_Intensive_Pre2016_ge1pct,Regulatory_Quality_lag1,normalized,Oil_Rent_Intensive_Pre2016_ge1pct,Future_Period,train_to_2015__test_from_2016,Ridge,signal_increment,0.02600000000000004,0.0
M2_Macro_Oil_vs_M3_Macro_Oil_RegQuality__normalized__Oil_Rent_Intensive_Pre2016_ge1pct,Regulatory_Quality_lag1,normalized,Oil_Rent_Intensive_Pre2016_ge1pct,Future_Period,train_to_2015__test_from_2016,Ridge,signal_increment,0.02650000000000004,0.0
M2_Macro_Oil_vs_M3_Macro_Oil_RegQuality__normalized__Oil_Rent_Intensive_Pre2016_ge1pct,Regulatory_Quality_lag1,normalized,Oil_Rent_Intensive_Pre2016_ge1pct,Future_Period,train_to_2015__test_from_2016,Ridge,signal_increment,0.02700000000000004,0.0
M2_Macro_Oil_vs_M3_Macro_Oil_RegQuality__normalized__Oil_Rent_Intensive_Pre2016_ge1pct,Regulatory_Quality_lag1,normalized,Oil_Rent_Intensive_Pre2016_ge1pct,Future_Period,train_to_2015__test_from_2016,Ridge,signal_increment,0.027500000000000042,0.0
M2_Macro_Oil_vs_M3_Macro_Oil_RegQuality__normalized__Oil_Rent_Intensive_Pre2016_ge1pct,Regulatory_Quality_lag1,normalized,Oil_Rent_Intensive_Pre2016_ge1pct,Future_Period,train_to_2015__test_from_2016,Ridge,signal_increment,0.028000000000000042,0.0
M2_Macro_Oil_vs_M3_Macro_Oil_RegQuality__normalized__Oil_Rent_Intensive_Pre2016_ge1pct,Regulatory_Quality_lag1,normalized,Oil_Rent_Intensive_Pre2016_ge1pct,Future_Period,train_to_2015__test_from_2016,Ridge,signal_increment,0.028500000000000043,0.0
M2_Macro_Oil_vs_M3_Macro_Oil_RegQuality__normalized__Oil_Rent_Intensive_Pre2016_ge1pct,Regulatory_Quality_lag1,normalized,Oil_Rent_Intensive_Pre2016_ge1pct,Future_Period,train_to_2015__test_from_2016,Ridge,signal_increment,0.029000000000000043,0.0
M2_Macro_Oil_vs_M3_Macro_Oil_RegQuality__normalized__Oil_Rent_Intensive_Pre2016_ge1pct,Regulatory_Quality_lag1,normalized,Oil_Rent_Intensive_Pre2016_ge1pct,Future_Period,train_to_2015__test_from_2016,Ridge,signal_increment,0.029500000000000044,0.0
M2_Macro_Oil_vs_M3_Macro_Oil_RegQuality__normalized__Oil_Rent_Intensive_Pre2016_ge1pct,Regulatory_Quality_lag1,normalized,Oil_Rent_Intensive_Pre2016_ge1pct,Future_Period,train_to_2015__test_from_2016,Ridge,signal_increment,0.030000000000000044,0.0
M2_Macro_Oil_vs_M3_Macro_Oil_RegQuality__normalized__Oil_Rent_Intensive_Pre2016_ge1pct,Regulatory_Quality_lag1,normalized,Oil_Rent_Intensive_Pre2016_ge1pct,Future_Period,train_to_2015__test_from_2016,Ridge,added_model_vs_strongest_benchmark,-0.02,1.0
M2_Macro_Oil_vs_M3_Macro_Oil_RegQuality__normalized__Oil_Rent_Intensive_Pre2016_ge1pct,Regulatory_Quality_lag1,normalized,Oil_Rent_Intensive_Pre2016_ge1pct,Future_Period,train_to_2015__test_from_2016,Ridge,added_model_vs_strongest_benchmark,-0.0195,1.0
M2_Macro_Oil_vs_M3_Macro_Oil_RegQuality__normalized__Oil_Rent_Intensive_Pre2016_ge1pct,Regulatory_Quality_lag1,normalized,Oil_Rent_Intensive_Pre2016_ge1pct,Future_Period,train_to_2015__test_from_2016,Ridge,added_model_vs_strongest_benchmark,-0.019,1.0
M2_Macro_Oil_vs_M3_Macro_Oil_RegQuality__normalized__Oil_Rent_Intensive_Pre2016_ge1pct,Regulatory_Quality_lag1,normalized,Oil_Rent_Intensive_Pre2016_ge1pct,Future_Period,train_to_2015__test_from_2016,Ridge,added_model_vs_strongest_benchmark,-0.0185,1.0
M2_Macro_Oil_vs_M3_Macro_Oil_RegQuality__normalized__Oil_Rent_Intensive_Pre2016_ge1pct,Regulatory_Quality_lag1,normalized,Oil_Rent_Intensive_Pre2016_ge1pct,Future_Period,train_to_2015__test_from_2016,Ridge,added_model_vs_strongest_benchmark,-0.018,1.0
M2_Macro_Oil_vs_M3_Macro_Oil_RegQuality__normalized__Oil_Rent_Intensive_Pre2016_ge1pct,Regulatory_Quality_lag1,normalized,Oil_Rent_Intensive_Pre2016_ge1pct,Future_Period,train_to_2015__test_from_2016,Ridge,added_model_vs_strongest_benchmark,-0.017499999999999998,1.0
M2_Macro_Oil_vs_M3_Macro_Oil_RegQuality__normalized__Oil_Rent_Intensive_Pre2016_ge1pct,Regulatory_Quality_lag1,normalized,Oil_Rent_Intensive_Pre2016_ge1pct,Future_Period,train_to_2015__test_from_2016,Ridge,added_model_vs_strongest_benchmark,-0.016999999999999998,1.0
M2_Macro_Oil_vs_M3_Macro_Oil_RegQuality__normalized__Oil_Rent_Intensive_Pre2016_ge1pct,Regulatory_Quality_lag1,normalized,Oil_Rent_Intensive_Pre2016_ge1pct,Future_Period,train_to_2015__test_from_2016,Ridge,added_model_vs_strongest_benchmark,-0.016499999999999997,1.0
M2_Macro_Oil_vs_M3_Macro_Oil_RegQuality__normalized__Oil_Rent_Intensive_Pre2016_ge1pct,Regulatory_Quality_lag1,normalized,Oil_Rent_Intensive_Pre2016_ge1pct,Future_Period,train_to_2015__test_from_2016,Ridge,added_model_vs_strongest_benchmark,-0.015999999999999997,1.0
M2_Macro_Oil_vs_M3_Macro_Oil_RegQuality__normalized__Oil_Rent_Intensive_Pre2016_ge1pct,Regulatory_Quality_lag1,normalized,Oil_Rent_Intensive_Pre2016_ge1pct,Future_Period,train_to_2015__test_from_2016,Ridge,added_model_vs_strongest_benchmark,-0.015499999999999996,1.0
M2_Macro_Oil_vs_M3_Macro_Oil_RegQuality__normalized__Oil_Rent_Intensive_Pre2016_ge1pct,Regulatory_Quality_lag1,normalized,Oil_Rent_Intensive_Pre2016_ge1pct,Future_Period,train_to_2015__test_from_2016,Ridge,added_model_vs_strongest_benchmark,-0.014999999999999996,1.0
M2_Macro_Oil_vs_M3_Macro_Oil_RegQuality__normalized__Oil_Rent_Intensive_Pre2016_ge1pct,Regulatory_Quality_lag1,normalized,Oil_Rent_Intensive_Pre2016_ge1pct,Future_Period,train_to_2015__test_from_2016,Ridge,added_model_vs_strongest_benchmark,-0.014499999999999996,1.0
M2_Macro_Oil_vs_M3_Macro_Oil_RegQuality__normalized__Oil_Rent_Intensive_Pre2016_ge1pct,Regulatory_Quality_lag1,normalized,Oil_Rent_Intensive_Pre2016_ge1pct,Future_Period,train_to_2015__test_from_2016,Ridge,added_model_vs_strongest_benchmark,-0.013999999999999995,1.0
M2_Macro_Oil_vs_M3_Macro_Oil_RegQuality__normalized__Oil_Rent_Intensive_Pre2016_ge1pct,Regulatory_Quality_lag1,normalized,Oil_Rent_Intensive_Pre2016_ge1pct,Future_Period,train_to_2015__test_from_2016,Ridge,added_model_vs_strongest_benchmark,-0.013499999999999995,1.0
M2_Macro_Oil_vs_M3_Macro_Oil_RegQuality__normalized__Oil_Rent_Intensive_Pre2016_ge1pct,Regulatory_Quality_lag1,normalized,Oil_Rent_Intensive_Pre2016_ge1pct,Future_Period,train_to_2015__test_from_2016,Ridge,added_model_vs_strongest_benchmark,-0.012999999999999994,1.0
M2_Macro_Oil_vs_M3_Macro_Oil_RegQuality__normalized__Oil_Rent_Intensive_Pre2016_ge1pct,Regulatory_Quality_lag1,normalized,Oil_Rent_Intensive_Pre2016_ge1pct,Future_Period,train_to_2015__test_from_2016,Ridge,added_model_vs_strongest_benchmark,-0.012499999999999994,1.0
M2_Macro_Oil_vs_M3_Macro_Oil_RegQuality__normalized__Oil_Rent_Intensive_Pre2016_ge1pct,Regulatory_Quality_lag1,normalized,Oil_Rent_Intensive_Pre2016_ge1pct,Future_Period,train_to_2015__test_from_2016,Ridge,added_model_vs_strongest_benchmark,-0.011999999999999993,1.0
M2_Macro_Oil_vs_M3_Macro_Oil_RegQuality__normalized__Oil_Rent_Intensive_Pre2016_ge1pct,Regulatory_Quality_lag1,normalized,Oil_Rent_Intensive_Pre2016_ge1pct,Future_Period,train_to_2015__test_from_2016,Ridge,added_model_vs_strongest_benchmark,-0.011499999999999993,1.0
M2_Macro_Oil_vs_M3_Macro_Oil_RegQuality__normalized__Oil_Rent_Intensive_Pre2016_ge1pct,Regulatory_Quality_lag1,normalized,Oil_Rent_Intensive_Pre2016_ge1pct,Future_Period,train_to_2015__test_from_2016,Ridge,added_model_vs_strongest_benchmark,-0.010999999999999992,1.0
M2_Macro_Oil_vs_M3_Macro_Oil_RegQuality__normalized__Oil_Rent_Intensive_Pre2016_ge1pct,Regulatory_Quality_lag1,normalized,Oil_Rent_Intensive_Pre2016_ge1pct,Future_Period,train_to_2015__test_from_2016,Ridge,added_model_vs_strongest_benchmark,-0.010499999999999992,1.0
M2_Macro_Oil_vs_M3_Macro_Oil_RegQuality__normalized__Oil_Rent_Intensive_Pre2016_ge1pct,Regulatory_Quality_lag1,normalized,Oil_Rent_Intensive_Pre2016_ge1pct,Future_Period,train_to_2015__test_from_2016,Ridge,added_model_vs_strongest_benchmark,-0.009999999999999992,1.0
M2_Macro_Oil_vs_M3_Macro_Oil_RegQuality__normalized__Oil_Rent_Intensive_Pre2016_ge1pct,Regulatory_Quality_lag1,normalized,Oil_Rent_Intensive_Pre2016_ge1pct,Future_Period,train_to_2015__test_from_2016,Ridge,added_model_vs_strongest_benchmark,-0.009499999999999991,1.0
M2_Macro_Oil_vs_M3_Macro_Oil_RegQuality__normalized__Oil_Rent_Intensive_Pre2016_ge1pct,Regulatory_Quality_lag1,normalized,Oil_Rent_Intensive_Pre2016_ge1pct,Future_Period,train_to_2015__test_from_2016,Ridge,added_model_vs_strongest_benchmark,-0.00899999999999999,1.0
M2_Macro_Oil_vs_M3_Macro_Oil_RegQuality__normalized__Oil_Rent_Intensive_Pre2016_ge1pct,Regulatory_Quality_lag1,normalized,Oil_Rent_Intensive_Pre2016_ge1pct,Future_Period,train_to_2015__test_from_2016,Ridge,added_model_vs_strongest_benchmark,-0.00849999999999999,1.0
M2_Macro_Oil_vs_M3_Macro_Oil_RegQuality__normalized__Oil_Rent_Intensive_Pre2016_ge1pct,Regulatory_Quality_lag1,normalized,Oil_Rent_Intensive_Pre2016_ge1pct,Future_Period,train_to_2015__test_from_2016,Ridge,added_model_vs_strongest_benchmark,-0.00799999999999999,1.0
M2_Macro_Oil_vs_M3_Macro_Oil_RegQuality__normalized__Oil_Rent_Intensive_Pre2016_ge1pct,Regulatory_Quality_lag1,normalized,Oil_Rent_Intensive_Pre2016_ge1pct,Future_Period,train_to_2015__test_from_2016,Ridge,added_model_vs_strongest_benchmark,-0.007499999999999989,1.0
M2_Macro_Oil_vs_M3_Macro_Oil_RegQuality__normalized__Oil_Rent_Intensive_Pre2016_ge1pct,Regulatory_Quality_lag1,normalized,Oil_Rent_Intensive_Pre2016_ge1pct,Future_Period,train_to_2015__test_from_2016,Ridge,added_model_vs_strongest_benchmark,-0.006999999999999989,1.0
M2_Macro_Oil_vs_M3_Macro_Oil_RegQuality__normalized__Oil_Rent_Intensive_Pre2016_ge1pct,Regulatory_Quality_lag1,normalized,Oil_Rent_Intensive_Pre2016_ge1pct,Future_Period,train_to_2015__test_from_2016,Ridge,added_model_vs_strongest_benchmark,-0.006499999999999988,1.0
M2_Macro_Oil_vs_M3_Macro_Oil_RegQuality__normalized__Oil_Rent_Intensive_Pre2016_ge1pct,Regulatory_Quality_lag1,normalized,Oil_Rent_Intensive_Pre2016_ge1pct,Future_Period,train_to_2015__test_from_2016,Ridge,added_model_vs_strongest_benchmark,-0.005999999999999988,1.0
M2_Macro_Oil_vs_M3_Macro_Oil_RegQuality__normalized__Oil_Rent_Intensive_Pre2016_ge1pct,Regulatory_Quality_lag1,normalized,Oil_Rent_Intensive_Pre2016_ge1pct,Future_Period,train_to_2015__test_from_2016,Ridge,added_model_vs_strongest_benchmark,-0.0054999999999999875,1.0
M2_Macro_Oil_vs_M3_Macro_Oil_RegQuality__normalized__Oil_Rent_Intensive_Pre2016_ge1pct,Regulatory_Quality_lag1,normalized,Oil_Rent_Intensive_Pre2016_ge1pct,Future_Period,train_to_2015__test_from_2016,Ridge,added_model_vs_strongest_benchmark,-0.004999999999999987,1.0
M2_Macro_Oil_vs_M3_Macro_Oil_RegQuality__normalized__Oil_Rent_Intensive_Pre2016_ge1pct,Regulatory_Quality_lag1,normalized,Oil_Rent_Intensive_Pre2016_ge1pct,Future_Period,train_to_2015__test_from_2016,Ridge,added_model_vs_strongest_benchmark,-0.004499999999999987,1.0
M2_Macro_Oil_vs_M3_Macro_Oil_RegQuality__normalized__Oil_Rent_Intensive_Pre2016_ge1pct,Regulatory_Quality_lag1,normalized,Oil_Rent_Intensive_Pre2016_ge1pct,Future_Period,train_to_2015__test_from_2016,Ridge,added_model_vs_strongest_benchmark,-0.003999999999999986,1.0
M2_Macro_Oil_vs_M3_Macro_Oil_RegQuality__normalized__Oil_Rent_Intensive_Pre2016_ge1pct,Regulatory_Quality_lag1,normalized,Oil_Rent_Intensive_Pre2016_ge1pct,Future_Period,train_to_2015__test_from_2016,Ridge,added_model_vs_strongest_benchmark,-0.0034999999999999858,1.0
M2_Macro_Oil_vs_M3_Macro_Oil_RegQuality__normalized__Oil_Rent_Intensive_Pre2016_ge1pct,Regulatory_Quality_lag1,normalized,Oil_Rent_Intensive_Pre2016_ge1pct,Future_Period,train_to_2015__test_from_2016,Ridge,added_model_vs_strongest_benchmark,-0.0029999999999999853,1.0
M2_Macro_Oil_vs_M3_Macro_Oil_RegQuality__normalized__Oil_Rent_Intensive_Pre2016_ge1pct,Regulatory_Quality_lag1,normalized,Oil_Rent_Intensive_Pre2016_ge1pct,Future_Period,train_to_2015__test_from_2016,Ridge,added_model_vs_strongest_benchmark,-0.002499999999999985,1.0
M2_Macro_Oil_vs_M3_Macro_Oil_RegQuality__normalized__Oil_Rent_Intensive_Pre2016_ge1pct,Regulatory_Quality_lag1,normalized,Oil_Rent_Intensive_Pre2016_ge1pct,Future_Period,train_to_2015__test_from_2016,Ridge,added_model_vs_strongest_benchmark,-0.0019999999999999844,1.0
M2_Macro_Oil_vs_M3_Macro_Oil_RegQuality__normalized__Oil_Rent_Intensive_Pre2016_ge1pct,Regulatory_Quality_lag1,normalized,Oil_Rent_Intensive_Pre2016_ge1pct,Future_Period,train_to_2015__test_from_2016,Ridge,added_model_vs_strongest_benchmark,-0.001499999999999984,1.0
M2_Macro_Oil_vs_M3_Macro_Oil_RegQuality__normalized__Oil_Rent_Intensive_Pre2016_ge1pct,Regulatory_Quality_lag1,normalized,Oil_Rent_Intensive_Pre2016_ge1pct,Future_Period,train_to_2015__test_from_2016,Ridge,added_model_vs_strongest_benchmark,-0.0009999999999999835,1.0
M2_Macro_Oil_vs_M3_Macro_Oil_RegQuality__normalized__Oil_Rent_Intensive_Pre2016_ge1pct,Regulatory_Quality_lag1,normalized,Oil_Rent_Intensive_Pre2016_ge1pct,Future_Period,train_to_2015__test_from_2016,Ridge,added_model_vs_strongest_benchmark,-0.0004999999999999831,1.0
M2_Macro_Oil_vs_M3_Macro_Oil_RegQuality__normalized__Oil_Rent_Intensive_Pre2016_ge1pct,Regulatory_Quality_lag1,normalized,Oil_Rent_Intensive_Pre2016_ge1pct,Future_Period,train_to_2015__test_from_2016,Ridge,added_model_vs_strongest_benchmark,1.734723475976807e-17,1.0
M2_Macro_Oil_vs_M3_Macro_Oil_RegQuality__normalized__Oil_Rent_Intensive_Pre2016_ge1pct,Regulatory_Quality_lag1,normalized,Oil_Rent_Intensive_Pre2016_ge1pct,Future_Period,train_to_2015__test_from_2016,Ridge,added_model_vs_strongest_benchmark,0.0005000000000000178,1.0
M2_Macro_Oil_vs_M3_Macro_Oil_RegQuality__normalized__Oil_Rent_Intensive_Pre2016_ge1pct,Regulatory_Quality_lag1,normalized,Oil_Rent_Intensive_Pre2016_ge1pct,Future_Period,train_to_2015__test_from_2016,Ridge,added_model_vs_strongest_benchmark,0.0010000000000000182,1.0
M2_Macro_Oil_vs_M3_Macro_Oil_RegQuality__normalized__Oil_Rent_Intensive_Pre2016_ge1pct,Regulatory_Quality_lag1,normalized,Oil_Rent_Intensive_Pre2016_ge1pct,Future_Period,train_to_2015__test_from_2016,Ridge,added_model_vs_strongest_benchmark,0.0015000000000000187,1.0
M2_Macro_Oil_vs_M3_Macro_Oil_RegQuality__normalized__Oil_Rent_Intensive_Pre2016_ge1pct,Regulatory_Quality_lag1,normalized,Oil_Rent_Intensive_Pre2016_ge1pct,Future_Period,train_to_2015__test_from_2016,Ridge,added_model_vs_strongest_benchmark,0.002000000000000019,1.0
M2_Macro_Oil_vs_M3_Macro_Oil_RegQuality__normalized__Oil_Rent_Intensive_Pre2016_ge1pct,Regulatory_Quality_lag1,normalized,Oil_Rent_Intensive_Pre2016_ge1pct,Future_Period,train_to_2015__test_from_2016,Ridge,added_model_vs_strongest_benchmark,0.0025000000000000196,1.0
M2_Macro_Oil_vs_M3_Macro_Oil_RegQuality__normalized__Oil_Rent_Intensive_Pre2016_ge1pct,Regulatory_Quality_lag1,normalized,Oil_Rent_Intensive_Pre2016_ge1pct,Future_Period,train_to_2015__test_from_2016,Ridge,added_model_vs_strongest_benchmark,0.00300000000000002,1.0
M2_Macro_Oil_vs_M3_Macro_Oil_RegQuality__normalized__Oil_Rent_Intensive_Pre2016_ge1pct,Regulatory_Quality_lag1,normalized,Oil_Rent_Intensive_Pre2016_ge1pct,Future_Period,train_to_2015__test_from_2016,Ridge,added_model_vs_strongest_benchmark,0.0035000000000000205,1.0
M2_Macro_Oil_vs_M3_Macro_Oil_RegQuality__normalized__Oil_Rent_Intensive_Pre2016_ge1pct,Regulatory_Quality_lag1,normalized,Oil_Rent_Intensive_Pre2016_ge1pct,Future_Period,train_to_2015__test_from_2016,Ridge,added_model_vs_strongest_benchmark,0.004000000000000021,1.0
M2_Macro_Oil_vs_M3_Macro_Oil_RegQuality__normalized__Oil_Rent_Intensive_Pre2016_ge1pct,Regulatory_Quality_lag1,normalized,Oil_Rent_Intensive_Pre2016_ge1pct,Future_Period,train_to_2015__test_from_2016,Ridge,added_model_vs_strongest_benchmark,0.004500000000000021,1.0
M2_Macro_Oil_vs_M3_Macro_Oil_RegQuality__normalized__Oil_Rent_Intensive_Pre2016_ge1pct,Regulatory_Quality_lag1,normalized,Oil_Rent_Intensive_Pre2016_ge1pct,Future_Period,train_to_2015__test_from_2016,Ridge,added_model_vs_strongest_benchmark,0.005000000000000022,1.0
M2_Macro_Oil_vs_M3_Macro_Oil_RegQuality__normalized__Oil_Rent_Intensive_Pre2016_ge1pct,Regulatory_Quality_lag1,normalized,Oil_Rent_Intensive_Pre2016_ge1pct,Future_Period,train_to_2015__test_from_2016,Ridge,added_model_vs_strongest_benchmark,0.005500000000000022,1.0
M2_Macro_Oil_vs_M3_Macro_Oil_RegQuality__normalized__Oil_Rent_Intensive_Pre2016_ge1pct,Regulatory_Quality_lag1,normalized,Oil_Rent_Intensive_Pre2016_ge1pct,Future_Period,train_to_2015__test_from_2016,Ridge,added_model_vs_strongest_benchmark,0.006000000000000023,1.0
M2_Macro_Oil_vs_M3_Macro_Oil_RegQuality__normalized__Oil_Rent_Intensive_Pre2016_ge1pct,Regulatory_Quality_lag1,normalized,Oil_Rent_Intensive_Pre2016_ge1pct,Future_Period,train_to_2015__test_from_2016,Ridge,added_model_vs_strongest_benchmark,0.006500000000000023,1.0
M2_Macro_Oil_vs_M3_Macro_Oil_RegQuality__normalized__Oil_Rent_Intensive_Pre2016_ge1pct,Regulatory_Quality_lag1,normalized,Oil_Rent_Intensive_Pre2016_ge1pct,Future_Period,train_to_2015__test_from_2016,Ridge,added_model_vs_strongest_benchmark,0.0070000000000000236,1.0
M2_Macro_Oil_vs_M3_Macro_Oil_RegQuality__normalized__Oil_Rent_Intensive_Pre2016_ge1pct,Regulatory_Quality_lag1,normalized,Oil_Rent_Intensive_Pre2016_ge1pct,Future_Period,train_to_2015__test_from_2016,Ridge,added_model_vs_strongest_benchmark,0.007500000000000024,1.0
M2_Macro_Oil_vs_M3_Macro_Oil_RegQuality__normalized__Oil_Rent_Intensive_Pre2016_ge1pct,Regulatory_Quality_lag1,normalized,Oil_Rent_Intensive_Pre2016_ge1pct,Future_Period,train_to_2015__test_from_2016,Ridge,added_model_vs_strongest_benchmark,0.008000000000000024,1.0
M2_Macro_Oil_vs_M3_Macro_Oil_RegQuality__normalized__Oil_Rent_Intensive_Pre2016_ge1pct,Regulatory_Quality_lag1,normalized,Oil_Rent_Intensive_Pre2016_ge1pct,Future_Period,train_to_2015__test_from_2016,Ridge,added_model_vs_strongest_benchmark,0.008500000000000025,1.0
M2_Macro_Oil_vs_M3_Macro_Oil_RegQuality__normalized__Oil_Rent_Intensive_Pre2016_ge1pct,Regulatory_Quality_lag1,normalized,Oil_Rent_Intensive_Pre2016_ge1pct,Future_Period,train_to_2015__test_from_2016,Ridge,added_model_vs_strongest_benchmark,0.009000000000000025,1.0
M2_Macro_Oil_vs_M3_Macro_Oil_RegQuality__normalized__Oil_Rent_Intensive_Pre2016_ge1pct,Regulatory_Quality_lag1,normalized,Oil_Rent_Intensive_Pre2016_ge1pct,Future_Period,train_to_2015__test_from_2016,Ridge,added_model_vs_strongest_benchmark,0.009500000000000026,1.0
M2_Macro_Oil_vs_M3_Macro_Oil_RegQuality__normalized__Oil_Rent_Intensive_Pre2016_ge1pct,Regulatory_Quality_lag1,normalized,Oil_Rent_Intensive_Pre2016_ge1pct,Future_Period,train_to_2015__test_from_2016,Ridge,added_model_vs_strongest_benchmark,0.010000000000000026,1.0
M2_Macro_Oil_vs_M3_Macro_Oil_RegQuality__normalized__Oil_Rent_Intensive_Pre2016_ge1pct,Regulatory_Quality_lag1,normalized,Oil_Rent_Intensive_Pre2016_ge1pct,Future_Period,train_to_2015__test_from_2016,Ridge,added_model_vs_strongest_benchmark,0.010500000000000027,1.0
M2_Macro_Oil_vs_M3_Macro_Oil_RegQuality__normalized__Oil_Rent_Intensive_Pre2016_ge1pct,Regulatory_Quality_lag1,normalized,Oil_Rent_Intensive_Pre2016_ge1pct,Future_Period,train_to_2015__test_from_2016,Ridge,added_model_vs_strongest_benchmark,0.011000000000000027,1.0
M2_Macro_Oil_vs_M3_Macro_Oil_RegQuality__normalized__Oil_Rent_Intensive_Pre2016_ge1pct,Regulatory_Quality_lag1,normalized,Oil_Rent_Intensive_Pre2016_ge1pct,Future_Period,train_to_2015__test_from_2016,Ridge,added_model_vs_strongest_benchmark,0.011500000000000028,1.0
M2_Macro_Oil_vs_M3_Macro_Oil_RegQuality__normalized__Oil_Rent_Intensive_Pre2016_ge1pct,Regulatory_Quality_lag1,normalized,Oil_Rent_Intensive_Pre2016_ge1pct,Future_Period,train_to_2015__test_from_2016,Ridge,added_model_vs_strongest_benchmark,0.012000000000000028,1.0
M2_Macro_Oil_vs_M3_Macro_Oil_RegQuality__normalized__Oil_Rent_Intensive_Pre2016_ge1pct,Regulatory_Quality_lag1,normalized,Oil_Rent_Intensive_Pre2016_ge1pct,Future_Period,train_to_2015__test_from_2016,Ridge,added_model_vs_strongest_benchmark,0.012500000000000028,1.0
M2_Macro_Oil_vs_M3_Macro_Oil_RegQuality__normalized__Oil_Rent_Intensive_Pre2016_ge1pct,Regulatory_Quality_lag1,normalized,Oil_Rent_Intensive_Pre2016_ge1pct,Future_Period,train_to_2015__test_from_2016,Ridge,added_model_vs_strongest_benchmark,0.013000000000000029,1.0
M2_Macro_Oil_vs_M3_Macro_Oil_RegQuality__normalized__Oil_Rent_Intensive_Pre2016_ge1pct,Regulatory_Quality_lag1,normalized,Oil_Rent_Intensive_Pre2016_ge1pct,Future_Period,train_to_2015__test_from_2016,Ridge,added_model_vs_strongest_benchmark,0.01350000000000003,1.0
M2_Macro_Oil_vs_M3_Macro_Oil_RegQuality__normalized__Oil_Rent_Intensive_Pre2016_ge1pct,Regulatory_Quality_lag1,normalized,Oil_Rent_Intensive_Pre2016_ge1pct,Future_Period,train_to_2015__test_from_2016,Ridge,added_model_vs_strongest_benchmark,0.01400000000000003,1.0
M2_Macro_Oil_vs_M3_Macro_Oil_RegQuality__normalized__Oil_Rent_Intensive_Pre2016_ge1pct,Regulatory_Quality_lag1,normalized,Oil_Rent_Intensive_Pre2016_ge1pct,Future_Period,train_to_2015__test_from_2016,Ridge,added_model_vs_strongest_benchmark,0.01450000000000003,1.0
M2_Macro_Oil_vs_M3_Macro_Oil_RegQuality__normalized__Oil_Rent_Intensive_Pre2016_ge1pct,Regulatory_Quality_lag1,normalized,Oil_Rent_Intensive_Pre2016_ge1pct,Future_Period,train_to_2015__test_from_2016,Ridge,added_model_vs_strongest_benchmark,0.01500000000000003,1.0
M2_Macro_Oil_vs_M3_Macro_Oil_RegQuality__normalized__Oil_Rent_Intensive_Pre2016_ge1pct,Regulatory_Quality_lag1,normalized,Oil_Rent_Intensive_Pre2016_ge1pct,Future_Period,train_to_2015__test_from_2016,Ridge,added_model_vs_strongest_benchmark,0.015500000000000031,1.0
M2_Macro_Oil_vs_M3_Macro_Oil_RegQuality__normalized__Oil_Rent_Intensive_Pre2016_ge1pct,Regulatory_Quality_lag1,normalized,Oil_Rent_Intensive_Pre2016_ge1pct,Future_Period,train_to_2015__test_from_2016,Ridge,added_model_vs_strongest_benchmark,0.01600000000000003,1.0
M2_Macro_Oil_vs_M3_Macro_Oil_RegQuality__normalized__Oil_Rent_Intensive_Pre2016_ge1pct,Regulatory_Quality_lag1,normalized,Oil_Rent_Intensive_Pre2016_ge1pct,Future_Period,train_to_2015__test_from_2016,Ridge,added_model_vs_strongest_benchmark,0.016500000000000032,1.0
M2_Macro_Oil_vs_M3_Macro_Oil_RegQuality__normalized__Oil_Rent_Intensive_Pre2016_ge1pct,Regulatory_Quality_lag1,normalized,Oil_Rent_Intensive_Pre2016_ge1pct,Future_Period,train_to_2015__test_from_2016,Ridge,added_model_vs_strongest_benchmark,0.017000000000000032,1.0
M2_Macro_Oil_vs_M3_Macro_Oil_RegQuality__normalized__Oil_Rent_Intensive_Pre2016_ge1pct,Regulatory_Quality_lag1,normalized,Oil_Rent_Intensive_Pre2016_ge1pct,Future_Period,train_to_2015__test_from_2016,Ridge,added_model_vs_strongest_benchmark,0.017500000000000033,1.0
M2_Macro_Oil_vs_M3_Macro_Oil_RegQuality__normalized__Oil_Rent_Intensive_Pre2016_ge1pct,Regulatory_Quality_lag1,normalized,Oil_Rent_Intensive_Pre2016_ge1pct,Future_Period,train_to_2015__test_from_2016,Ridge,added_model_vs_strongest_benchmark,0.018000000000000033,1.0
M2_Macro_Oil_vs_M3_Macro_Oil_RegQuality__normalized__Oil_Rent_Intensive_Pre2016_ge1pct,Regulatory_Quality_lag1,normalized,Oil_Rent_Intensive_Pre2016_ge1pct,Future_Period,train_to_2015__test_from_2016,Ridge,added_model_vs_strongest_benchmark,0.018500000000000034,1.0
M2_Macro_Oil_vs_M3_Macro_Oil_RegQuality__normalized__Oil_Rent_Intensive_Pre2016_ge1pct,Regulatory_Quality_lag1,normalized,Oil_Rent_Intensive_Pre2016_ge1pct,Future_Period,train_to_2015__test_from_2016,Ridge,added_model_vs_strongest_benchmark,0.019000000000000034,1.0
M2_Macro_Oil_vs_M3_Macro_Oil_RegQuality__normalized__Oil_Rent_Intensive_Pre2016_ge1pct,Regulatory_Quality_lag1,normalized,Oil_Rent_Intensive_Pre2016_ge1pct,Future_Period,train_to_2015__test_from_2016,Ridge,added_model_vs_strongest_benchmark,0.019500000000000035,0.9995
M2_Macro_Oil_vs_M3_Macro_Oil_RegQuality__normalized__Oil_Rent_Intensive_Pre2016_ge1pct,Regulatory_Quality_lag1,normalized,Oil_Rent_Intensive_Pre2016_ge1pct,Future_Period,train_to_2015__test_from_2016,Ridge,added_model_vs_strongest_benchmark,0.020000000000000035,0.9995
M2_Macro_Oil_vs_M3_Macro_Oil_RegQuality__normalized__Oil_Rent_Intensive_Pre2016_ge1pct,Regulatory_Quality_lag1,normalized,Oil_Rent_Intensive_Pre2016_ge1pct,Future_Period,train_to_2015__test_from_2016,Ridge,added_model_vs_strongest_benchmark,0.020500000000000036,0.9995
M2_Macro_Oil_vs_M3_Macro_Oil_RegQuality__normalized__Oil_Rent_Intensive_Pre2016_ge1pct,Regulatory_Quality_lag1,normalized,Oil_Rent_Intensive_Pre2016_ge1pct,Future_Period,train_to_2015__test_from_2016,Ridge,added_model_vs_strongest_benchmark,0.021000000000000036,0.9995
M2_Macro_Oil_vs_M3_Macro_Oil_RegQuality__normalized__Oil_Rent_Intensive_Pre2016_ge1pct,Regulatory_Quality_lag1,normalized,Oil_Rent_Intensive_Pre2016_ge1pct,Future_Period,train_to_2015__test_from_2016,Ridge,added_model_vs_strongest_benchmark,0.021500000000000036,0.9995
M2_Macro_Oil_vs_M3_Macro_Oil_RegQuality__normalized__Oil_Rent_Intensive_Pre2016_ge1pct,Regulatory_Quality_lag1,normalized,Oil_Rent_Intensive_Pre2016_ge1pct,Future_Period,train_to_2015__test_from_2016,Ridge,added_model_vs_strongest_benchmark,0.022000000000000037,0.9995
M2_Macro_Oil_vs_M3_Macro_Oil_RegQuality__normalized__Oil_Rent_Intensive_Pre2016_ge1pct,Regulatory_Quality_lag1,normalized,Oil_Rent_Intensive_Pre2016_ge1pct,Future_Period,train_to_2015__test_from_2016,Ridge,added_model_vs_strongest_benchmark,0.022500000000000037,0.9995
M2_Macro_Oil_vs_M3_Macro_Oil_RegQuality__normalized__Oil_Rent_Intensive_Pre2016_ge1pct,Regulatory_Quality_lag1,normalized,Oil_Rent_Intensive_Pre2016_ge1pct,Future_Period,train_to_2015__test_from_2016,Ridge,added_model_vs_strongest_benchmark,0.023000000000000038,0.9995
M2_Macro_Oil_vs_M3_Macro_Oil_RegQuality__normalized__Oil_Rent_Intensive_Pre2016_ge1pct,Regulatory_Quality_lag1,normalized,Oil_Rent_Intensive_Pre2016_ge1pct,Future_Period,train_to_2015__test_from_2016,Ridge,added_model_vs_strongest_benchmark,0.023500000000000038,0.9995
M2_Macro_Oil_vs_M3_Macro_Oil_RegQuality__normalized__Oil_Rent_Intensive_Pre2016_ge1pct,Regulatory_Quality_lag1,normalized,Oil_Rent_Intensive_Pre2016_ge1pct,Future_Period,train_to_2015__test_from_2016,Ridge,added_model_vs_strongest_benchmark,0.02400000000000004,0.9995
M2_Macro_Oil_vs_M3_Macro_Oil_RegQuality__normalized__Oil_Rent_Intensive_Pre2016_ge1pct,Regulatory_Quality_lag1,normalized,Oil_Rent_Intensive_Pre2016_ge1pct,Future_Period,train_to_2015__test_from_2016,Ridge,added_model_vs_strongest_benchmark,0.02450000000000004,0.9995
M2_Macro_Oil_vs_M3_Macro_Oil_RegQuality__normalized__Oil_Rent_Intensive_Pre2016_ge1pct,Regulatory_Quality_lag1,normalized,Oil_Rent_Intensive_Pre2016_ge1pct,Future_Period,train_to_2015__test_from_2016,Ridge,added_model_vs_strongest_benchmark,0.02500000000000004,0.999
M2_Macro_Oil_vs_M3_Macro_Oil_RegQuality__normalized__Oil_Rent_Intensive_Pre2016_ge1pct,Regulatory_Quality_lag1,normalized,Oil_Rent_Intensive_Pre2016_ge1pct,Future_Period,train_to_2015__test_from_2016,Ridge,added_model_vs_strongest_benchmark,0.02550000000000004,0.999
M2_Macro_Oil_vs_M3_Macro_Oil_RegQuality__normalized__Oil_Rent_Intensive_Pre2016_ge1pct,Regulatory_Quality_lag1,normalized,Oil_Rent_Intensive_Pre2016_ge1pct,Future_Period,train_to_2015__test_from_2016,Ridge,added_model_vs_strongest_benchmark,0.02600000000000004,0.999
M2_Macro_Oil_vs_M3_Macro_Oil_RegQuality__normalized__Oil_Rent_Intensive_Pre2016_ge1pct,Regulatory_Quality_lag1,normalized,Oil_Rent_Intensive_Pre2016_ge1pct,Future_Period,train_to_2015__test_from_2016,Ridge,added_model_vs_strongest_benchmark,0.02650000000000004,0.999
M2_Macro_Oil_vs_M3_Macro_Oil_RegQuality__normalized__Oil_Rent_Intensive_Pre2016_ge1pct,Regulatory_Quality_lag1,normalized,Oil_Rent_Intensive_Pre2016_ge1pct,Future_Period,train_to_2015__test_from_2016,Ridge,added_model_vs_strongest_benchmark,0.02700000000000004,0.999
M2_Macro_Oil_vs_M3_Macro_Oil_RegQuality__normalized__Oil_Rent_Intensive_Pre2016_ge1pct,Regulatory_Quality_lag1,normalized,Oil_Rent_Intensive_Pre2016_ge1pct,Future_Period,train_to_2015__test_from_2016,Ridge,added_model_vs_strongest_benchmark,0.027500000000000042,0.999
M2_Macro_Oil_vs_M3_Macro_Oil_RegQuality__normalized__Oil_Rent_Intensive_Pre2016_ge1pct,Regulatory_Quality_lag1,normalized,Oil_Rent_Intensive_Pre2016_ge1pct,Future_Period,train_to_2015__test_from_2016,Ridge,added_model_vs_strongest_benchmark,0.028000000000000042,0.999
M2_Macro_Oil_vs_M3_Macro_Oil_RegQuality__normalized__Oil_Rent_Intensive_Pre2016_ge1pct,Regulatory_Quality_lag1,normalized,Oil_Rent_Intensive_Pre2016_ge1pct,Future_Period,train_to_2015__test_from_2016,Ridge,added_model_vs_strongest_benchmark,0.028500000000000043,0.999
M2_Macro_Oil_vs_M3_Macro_Oil_RegQuality__normalized__Oil_Rent_Intensive_Pre2016_ge1pct,Regulatory_Quality_lag1,normalized,Oil_Rent_Intensive_Pre2016_ge1pct,Future_Period,train_to_2015__test_from_2016,Ridge,added_model_vs_strongest_benchmark,0.029000000000000043,0.999
M2_Macro_Oil_vs_M3_Macro_Oil_RegQuality__normalized__Oil_Rent_Intensive_Pre2016_ge1pct,Regulatory_Quality_lag1,normalized,Oil_Rent_Intensive_Pre2016_ge1pct,Future_Period,train_to_2015__test_from_2016,Ridge,added_model_vs_strongest_benchmark,0.029500000000000044,0.999
M2_Macro_Oil_vs_M3_Macro_Oil_RegQuality__normalized__Oil_Rent_Intensive_Pre2016_ge1pct,Regulatory_Quality_lag1,normalized,Oil_Rent_Intensive_Pre2016_ge1pct,Future_Period,train_to_2015__test_from_2016,Ridge,added_model_vs_strongest_benchmark,0.030000000000000044,0.999
M2_Macro_Oil_vs_M3_Macro_Oil_RegQuality__normalized__Oil_Rent_Intensive_Pre2016_ge1pct,Regulatory_Quality_lag1,normalized,Oil_Rent_Intensive_Pre2016_ge1pct,Future_Period,train_to_2015__test_from_2016,ElasticNet,signal_increment,-0.02,1.0
M2_Macro_Oil_vs_M3_Macro_Oil_RegQuality__normalized__Oil_Rent_Intensive_Pre2016_ge1pct,Regulatory_Quality_lag1,normalized,Oil_Rent_Intensive_Pre2016_ge1pct,Future_Period,train_to_2015__test_from_2016,ElasticNet,signal_increment,-0.0195,1.0
M2_Macro_Oil_vs_M3_Macro_Oil_RegQuality__normalized__Oil_Rent_Intensive_Pre2016_ge1pct,Regulatory_Quality_lag1,normalized,Oil_Rent_Intensive_Pre2016_ge1pct,Future_Period,train_to_2015__test_from_2016,ElasticNet,signal_increment,-0.019,1.0
M2_Macro_Oil_vs_M3_Macro_Oil_RegQuality__normalized__Oil_Rent_Intensive_Pre2016_ge1pct,Regulatory_Quality_lag1,normalized,Oil_Rent_Intensive_Pre2016_ge1pct,Future_Period,train_to_2015__test_from_2016,ElasticNet,signal_increment,-0.0185,1.0
M2_Macro_Oil_vs_M3_Macro_Oil_RegQuality__normalized__Oil_Rent_Intensive_Pre2016_ge1pct,Regulatory_Quality_lag1,normalized,Oil_Rent_Intensive_Pre2016_ge1pct,Future_Period,train_to_2015__test_from_2016,ElasticNet,signal_increment,-0.018,1.0
M2_Macro_Oil_vs_M3_Macro_Oil_RegQuality__normalized__Oil_Rent_Intensive_Pre2016_ge1pct,Regulatory_Quality_lag1,normalized,Oil_Rent_Intensive_Pre2016_ge1pct,Future_Period,train_to_2015__test_from_2016,ElasticNet,signal_increment,-0.017499999999999998,1.0
M2_Macro_Oil_vs_M3_Macro_Oil_RegQuality__normalized__Oil_Rent_Intensive_Pre2016_ge1pct,Regulatory_Quality_lag1,normalized,Oil_Rent_Intensive_Pre2016_ge1pct,Future_Period,train_to_2015__test_from_2016,ElasticNet,signal_increment,-0.016999999999999998,1.0
M2_Macro_Oil_vs_M3_Macro_Oil_RegQuality__normalized__Oil_Rent_Intensive_Pre2016_ge1pct,Regulatory_Quality_lag1,normalized,Oil_Rent_Intensive_Pre2016_ge1pct,Future_Period,train_to_2015__test_from_2016,ElasticNet,signal_increment,-0.016499999999999997,1.0
M2_Macro_Oil_vs_M3_Macro_Oil_RegQuality__normalized__Oil_Rent_Intensive_Pre2016_ge1pct,Regulatory_Quality_lag1,normalized,Oil_Rent_Intensive_Pre2016_ge1pct,Future_Period,train_to_2015__test_from_2016,ElasticNet,signal_increment,-0.015999999999999997,1.0
M2_Macro_Oil_vs_M3_Macro_Oil_RegQuality__normalized__Oil_Rent_Intensive_Pre2016_ge1pct,Regulatory_Quality_lag1,normalized,Oil_Rent_Intensive_Pre2016_ge1pct,Future_Period,train_to_2015__test_from_2016,ElasticNet,signal_increment,-0.015499999999999996,1.0
M2_Macro_Oil_vs_M3_Macro_Oil_RegQuality__normalized__Oil_Rent_Intensive_Pre2016_ge1pct,Regulatory_Quality_lag1,normalized,Oil_Rent_Intensive_Pre2016_ge1pct,Future_Period,train_to_2015__test_from_2016,ElasticNet,signal_increment,-0.014999999999999996,1.0
M2_Macro_Oil_vs_M3_Macro_Oil_RegQuality__normalized__Oil_Rent_Intensive_Pre2016_ge1pct,Regulatory_Quality_lag1,normalized,Oil_Rent_Intensive_Pre2016_ge1pct,Future_Period,train_to_2015__test_from_2016,ElasticNet,signal_increment,-0.014499999999999996,1.0
M2_Macro_Oil_vs_M3_Macro_Oil_RegQuality__normalized__Oil_Rent_Intensive_Pre2016_ge1pct,Regulatory_Quality_lag1,normalized,Oil_Rent_Intensive_Pre2016_ge1pct,Future_Period,train_to_2015__test_from_2016,ElasticNet,signal_increment,-0.013999999999999995,1.0
M2_Macro_Oil_vs_M3_Macro_Oil_RegQuality__normalized__Oil_Rent_Intensive_Pre2016_ge1pct,Regulatory_Quality_lag1,normalized,Oil_Rent_Intensive_Pre2016_ge1pct,Future_Period,train_to_2015__test_from_2016,ElasticNet,signal_increment,-0.013499999999999995,1.0
M2_Macro_Oil_vs_M3_Macro_Oil_RegQuality__normalized__Oil_Rent_Intensive_Pre2016_ge1pct,Regulatory_Quality_lag1,normalized,Oil_Rent_Intensive_Pre2016_ge1pct,Future_Period,train_to_2015__test_from_2016,ElasticNet,signal_increment,-0.012999999999999994,1.0
M2_Macro_Oil_vs_M3_Macro_Oil_RegQuality__normalized__Oil_Rent_Intensive_Pre2016_ge1pct,Regulatory_Quality_lag1,normalized,Oil_Rent_Intensive_Pre2016_ge1pct,Future_Period,train_to_2015__test_from_2016,ElasticNet,signal_increment,-0.012499999999999994,1.0
M2_Macro_Oil_vs_M3_Macro_Oil_RegQuality__normalized__Oil_Rent_Intensive_Pre2016_ge1pct,Regulatory_Quality_lag1,normalized,Oil_Rent_Intensive_Pre2016_ge1pct,Future_Period,train_to_2015__test_from_2016,ElasticNet,signal_increment,-0.011999999999999993,1.0
M2_Macro_Oil_vs_M3_Macro_Oil_RegQuality__normalized__Oil_Rent_Intensive_Pre2016_ge1pct,Regulatory_Quality_lag1,normalized,Oil_Rent_Intensive_Pre2016_ge1pct,Future_Period,train_to_2015__test_from_2016,ElasticNet,signal_increment,-0.011499999999999993,1.0
M2_Macro_Oil_vs_M3_Macro_Oil_RegQuality__normalized__Oil_Rent_Intensive_Pre2016_ge1pct,Regulatory_Quality_lag1,normalized,Oil_Rent_Intensive_Pre2016_ge1pct,Future_Period,train_to_2015__test_from_2016,ElasticNet,signal_increment,-0.010999999999999992,1.0
M2_Macro_Oil_vs_M3_Macro_Oil_RegQuality__normalized__Oil_Rent_Intensive_Pre2016_ge1pct,Regulatory_Quality_lag1,normalized,Oil_Rent_Intensive_Pre2016_ge1pct,Future_Period,train_to_2015__test_from_2016,ElasticNet,signal_increment,-0.010499999999999992,1.0
M2_Macro_Oil_vs_M3_Macro_Oil_RegQuality__normalized__Oil_Rent_Intensive_Pre2016_ge1pct,Regulatory_Quality_lag1,normalized,Oil_Rent_Intensive_Pre2016_ge1pct,Future_Period,train_to_2015__test_from_2016,ElasticNet,signal_increment,-0.009999999999999992,1.0
M2_Macro_Oil_vs_M3_Macro_Oil_RegQuality__normalized__Oil_Rent_Intensive_Pre2016_ge1pct,Regulatory_Quality_lag1,normalized,Oil_Rent_Intensive_Pre2016_ge1pct,Future_Period,train_to_2015__test_from_2016,ElasticNet,signal_increment,-0.009499999999999991,1.0
M2_Macro_Oil_vs_M3_Macro_Oil_RegQuality__normalized__Oil_Rent_Intensive_Pre2016_ge1pct,Regulatory_Quality_lag1,normalized,Oil_Rent_Intensive_Pre2016_ge1pct,Future_Period,train_to_2015__test_from_2016,ElasticNet,signal_increment,-0.00899999999999999,1.0
M2_Macro_Oil_vs_M3_Macro_Oil_RegQuality__normalized__Oil_Rent_Intensive_Pre2016_ge1pct,Regulatory_Quality_lag1,normalized,Oil_Rent_Intensive_Pre2016_ge1pct,Future_Period,train_to_2015__test_from_2016,ElasticNet,signal_increment,-0.00849999999999999,1.0
M2_Macro_Oil_vs_M3_Macro_Oil_RegQuality__normalized__Oil_Rent_Intensive_Pre2016_ge1pct,Regulatory_Quality_lag1,normalized,Oil_Rent_Intensive_Pre2016_ge1pct,Future_Period,train_to_2015__test_from_2016,ElasticNet,signal_increment,-0.00799999999999999,1.0
M2_Macro_Oil_vs_M3_Macro_Oil_RegQuality__normalized__Oil_Rent_Intensive_Pre2016_ge1pct,Regulatory_Quality_lag1,normalized,Oil_Rent_Intensive_Pre2016_ge1pct,Future_Period,train_to_2015__test_from_2016,ElasticNet,signal_increment,-0.007499999999999989,1.0
M2_Macro_Oil_vs_M3_Macro_Oil_RegQuality__normalized__Oil_Rent_Intensive_Pre2016_ge1pct,Regulatory_Quality_lag1,normalized,Oil_Rent_Intensive_Pre2016_ge1pct,Future_Period,train_to_2015__test_from_2016,ElasticNet,signal_increment,-0.006999999999999989,1.0
M2_Macro_Oil_vs_M3_Macro_Oil_RegQuality__normalized__Oil_Rent_Intensive_Pre2016_ge1pct,Regulatory_Quality_lag1,normalized,Oil_Rent_Intensive_Pre2016_ge1pct,Future_Period,train_to_2015__test_from_2016,ElasticNet,signal_increment,-0.006499999999999988,1.0
M2_Macro_Oil_vs_M3_Macro_Oil_RegQuality__normalized__Oil_Rent_Intensive_Pre2016_ge1pct,Regulatory_Quality_lag1,normalized,Oil_Rent_Intensive_Pre2016_ge1pct,Future_Period,train_to_2015__test_from_2016,ElasticNet,signal_increment,-0.005999999999999988,1.0
M2_Macro_Oil_vs_M3_Macro_Oil_RegQuality__normalized__Oil_Rent_Intensive_Pre2016_ge1pct,Regulatory_Quality_lag1,normalized,Oil_Rent_Intensive_Pre2016_ge1pct,Future_Period,train_to_2015__test_from_2016,ElasticNet,signal_increment,-0.0054999999999999875,1.0
M2_Macro_Oil_vs_M3_Macro_Oil_RegQuality__normalized__Oil_Rent_Intensive_Pre2016_ge1pct,Regulatory_Quality_lag1,normalized,Oil_Rent_Intensive_Pre2016_ge1pct,Future_Period,train_to_2015__test_from_2016,ElasticNet,signal_increment,-0.004999999999999987,1.0
M2_Macro_Oil_vs_M3_Macro_Oil_RegQuality__normalized__Oil_Rent_Intensive_Pre2016_ge1pct,Regulatory_Quality_lag1,normalized,Oil_Rent_Intensive_Pre2016_ge1pct,Future_Period,train_to_2015__test_from_2016,ElasticNet,signal_increment,-0.004499999999999987,1.0
M2_Macro_Oil_vs_M3_Macro_Oil_RegQuality__normalized__Oil_Rent_Intensive_Pre2016_ge1pct,Regulatory_Quality_lag1,normalized,Oil_Rent_Intensive_Pre2016_ge1pct,Future_Period,train_to_2015__test_from_2016,ElasticNet,signal_increment,-0.003999999999999986,1.0
M2_Macro_Oil_vs_M3_Macro_Oil_RegQuality__normalized__Oil_Rent_Intensive_Pre2016_ge1pct,Regulatory_Quality_lag1,normalized,Oil_Rent_Intensive_Pre2016_ge1pct,Future_Period,train_to_2015__test_from_2016,ElasticNet,signal_increment,-0.0034999999999999858,1.0
M2_Macro_Oil_vs_M3_Macro_Oil_RegQuality__normalized__Oil_Rent_Intensive_Pre2016_ge1pct,Regulatory_Quality_lag1,normalized,Oil_Rent_Intensive_Pre2016_ge1pct,Future_Period,train_to_2015__test_from_2016,ElasticNet,signal_increment,-0.0029999999999999853,1.0
M2_Macro_Oil_vs_M3_Macro_Oil_RegQuality__normalized__Oil_Rent_Intensive_Pre2016_ge1pct,Regulatory_Quality_lag1,normalized,Oil_Rent_Intensive_Pre2016_ge1pct,Future_Period,train_to_2015__test_from_2016,ElasticNet,signal_increment,-0.002499999999999985,1.0
M2_Macro_Oil_vs_M3_Macro_Oil_RegQuality__normalized__Oil_Rent_Intensive_Pre2016_ge1pct,Regulatory_Quality_lag1,normalized,Oil_Rent_Intensive_Pre2016_ge1pct,Future_Period,train_to_2015__test_from_2016,ElasticNet,signal_increment,-0.0019999999999999844,1.0
M2_Macro_Oil_vs_M3_Macro_Oil_RegQuality__normalized__Oil_Rent_Intensive_Pre2016_ge1pct,Regulatory_Quality_lag1,normalized,Oil_Rent_Intensive_Pre2016_ge1pct,Future_Period,train_to_2015__test_from_2016,ElasticNet,signal_increment,-0.001499999999999984,1.0
M2_Macro_Oil_vs_M3_Macro_Oil_RegQuality__normalized__Oil_Rent_Intensive_Pre2016_ge1pct,Regulatory_Quality_lag1,normalized,Oil_Rent_Intensive_Pre2016_ge1pct,Future_Period,train_to_2015__test_from_2016,ElasticNet,signal_increment,-0.0009999999999999835,1.0
M2_Macro_Oil_vs_M3_Macro_Oil_RegQuality__normalized__Oil_Rent_Intensive_Pre2016_ge1pct,Regulatory_Quality_lag1,normalized,Oil_Rent_Intensive_Pre2016_ge1pct,Future_Period,train_to_2015__test_from_2016,ElasticNet,signal_increment,-0.0004999999999999831,1.0
M2_Macro_Oil_vs_M3_Macro_Oil_RegQuality__normalized__Oil_Rent_Intensive_Pre2016_ge1pct,Regulatory_Quality_lag1,normalized,Oil_Rent_Intensive_Pre2016_ge1pct,Future_Period,train_to_2015__test_from_2016,ElasticNet,signal_increment,1.734723475976807e-17,0.425
M2_Macro_Oil_vs_M3_Macro_Oil_RegQuality__normalized__Oil_Rent_Intensive_Pre2016_ge1pct,Regulatory_Quality_lag1,normalized,Oil_Rent_Intensive_Pre2016_ge1pct,Future_Period,train_to_2015__test_from_2016,ElasticNet,signal_increment,0.0005000000000000178,0.0
M2_Macro_Oil_vs_M3_Macro_Oil_RegQuality__normalized__Oil_Rent_Intensive_Pre2016_ge1pct,Regulatory_Quality_lag1,normalized,Oil_Rent_Intensive_Pre2016_ge1pct,Future_Period,train_to_2015__test_from_2016,ElasticNet,signal_increment,0.0010000000000000182,0.0
M2_Macro_Oil_vs_M3_Macro_Oil_RegQuality__normalized__Oil_Rent_Intensive_Pre2016_ge1pct,Regulatory_Quality_lag1,normalized,Oil_Rent_Intensive_Pre2016_ge1pct,Future_Period,train_to_2015__test_from_2016,ElasticNet,signal_increment,0.0015000000000000187,0.0
M2_Macro_Oil_vs_M3_Macro_Oil_RegQuality__normalized__Oil_Rent_Intensive_Pre2016_ge1pct,Regulatory_Quality_lag1,normalized,Oil_Rent_Intensive_Pre2016_ge1pct,Future_Period,train_to_2015__test_from_2016,ElasticNet,signal_increment,0.002000000000000019,0.0
M2_Macro_Oil_vs_M3_Macro_Oil_RegQuality__normalized__Oil_Rent_Intensive_Pre2016_ge1pct,Regulatory_Quality_lag1,normalized,Oil_Rent_Intensive_Pre2016_ge1pct,Future_Period,train_to_2015__test_from_2016,ElasticNet,signal_increment,0.0025000000000000196,0.0
M2_Macro_Oil_vs_M3_Macro_Oil_RegQuality__normalized__Oil_Rent_Intensive_Pre2016_ge1pct,Regulatory_Quality_lag1,normalized,Oil_Rent_Intensive_Pre2016_ge1pct,Future_Period,train_to_2015__test_from_2016,ElasticNet,signal_increment,0.00300000000000002,0.0
M2_Macro_Oil_vs_M3_Macro_Oil_RegQuality__normalized__Oil_Rent_Intensive_Pre2016_ge1pct,Regulatory_Quality_lag1,normalized,Oil_Rent_Intensive_Pre2016_ge1pct,Future_Period,train_to_2015__test_from_2016,ElasticNet,signal_increment,0.0035000000000000205,0.0
M2_Macro_Oil_vs_M3_Macro_Oil_RegQuality__normalized__Oil_Rent_Intensive_Pre2016_ge1pct,Regulatory_Quality_lag1,normalized,Oil_Rent_Intensive_Pre2016_ge1pct,Future_Period,train_to_2015__test_from_2016,ElasticNet,signal_increment,0.004000000000000021,0.0
M2_Macro_Oil_vs_M3_Macro_Oil_RegQuality__normalized__Oil_Rent_Intensive_Pre2016_ge1pct,Regulatory_Quality_lag1,normalized,Oil_Rent_Intensive_Pre2016_ge1pct,Future_Period,train_to_2015__test_from_2016,ElasticNet,signal_increment,0.004500000000000021,0.0
M2_Macro_Oil_vs_M3_Macro_Oil_RegQuality__normalized__Oil_Rent_Intensive_Pre2016_ge1pct,Regulatory_Quality_lag1,normalized,Oil_Rent_Intensive_Pre2016_ge1pct,Future_Period,train_to_2015__test_from_2016,ElasticNet,signal_increment,0.005000000000000022,0.0
M2_Macro_Oil_vs_M3_Macro_Oil_RegQuality__normalized__Oil_Rent_Intensive_Pre2016_ge1pct,Regulatory_Quality_lag1,normalized,Oil_Rent_Intensive_Pre2016_ge1pct,Future_Period,train_to_2015__test_from_2016,ElasticNet,signal_increment,0.005500000000000022,0.0
M2_Macro_Oil_vs_M3_Macro_Oil_RegQuality__normalized__Oil_Rent_Intensive_Pre2016_ge1pct,Regulatory_Quality_lag1,normalized,Oil_Rent_Intensive_Pre2016_ge1pct,Future_Period,train_to_2015__test_from_2016,ElasticNet,signal_increment,0.006000000000000023,0.0
M2_Macro_Oil_vs_M3_Macro_Oil_RegQuality__normalized__Oil_Rent_Intensive_Pre2016_ge1pct,Regulatory_Quality_lag1,normalized,Oil_Rent_Intensive_Pre2016_ge1pct,Future_Period,train_to_2015__test_from_2016,ElasticNet,signal_increment,0.006500000000000023,0.0
M2_Macro_Oil_vs_M3_Macro_Oil_RegQuality__normalized__Oil_Rent_Intensive_Pre2016_ge1pct,Regulatory_Quality_lag1,normalized,Oil_Rent_Intensive_Pre2016_ge1pct,Future_Period,train_to_2015__test_from_2016,ElasticNet,signal_increment,0.0070000000000000236,0.0
M2_Macro_Oil_vs_M3_Macro_Oil_RegQuality__normalized__Oil_Rent_Intensive_Pre2016_ge1pct,Regulatory_Quality_lag1,normalized,Oil_Rent_Intensive_Pre2016_ge1pct,Future_Period,train_to_2015__test_from_2016,ElasticNet,signal_increment,0.007500000000000024,0.0
M2_Macro_Oil_vs_M3_Macro_Oil_RegQuality__normalized__Oil_Rent_Intensive_Pre2016_ge1pct,Regulatory_Quality_lag1,normalized,Oil_Rent_Intensive_Pre2016_ge1pct,Future_Period,train_to_2015__test_from_2016,ElasticNet,signal_increment,0.008000000000000024,0.0
M2_Macro_Oil_vs_M3_Macro_Oil_RegQuality__normalized__Oil_Rent_Intensive_Pre2016_ge1pct,Regulatory_Quality_lag1,normalized,Oil_Rent_Intensive_Pre2016_ge1pct,Future_Period,train_to_2015__test_from_2016,ElasticNet,signal_increment,0.008500000000000025,0.0
M2_Macro_Oil_vs_M3_Macro_Oil_RegQuality__normalized__Oil_Rent_Intensive_Pre2016_ge1pct,Regulatory_Quality_lag1,normalized,Oil_Rent_Intensive_Pre2016_ge1pct,Future_Period,train_to_2015__test_from_2016,ElasticNet,signal_increment,0.009000000000000025,0.0
M2_Macro_Oil_vs_M3_Macro_Oil_RegQuality__normalized__Oil_Rent_Intensive_Pre2016_ge1pct,Regulatory_Quality_lag1,normalized,Oil_Rent_Intensive_Pre2016_ge1pct,Future_Period,train_to_2015__test_from_2016,ElasticNet,signal_increment,0.009500000000000026,0.0
M2_Macro_Oil_vs_M3_Macro_Oil_RegQuality__normalized__Oil_Rent_Intensive_Pre2016_ge1pct,Regulatory_Quality_lag1,normalized,Oil_Rent_Intensive_Pre2016_ge1pct,Future_Period,train_to_2015__test_from_2016,ElasticNet,signal_increment,0.010000000000000026,0.0
M2_Macro_Oil_vs_M3_Macro_Oil_RegQuality__normalized__Oil_Rent_Intensive_Pre2016_ge1pct,Regulatory_Quality_lag1,normalized,Oil_Rent_Intensive_Pre2016_ge1pct,Future_Period,train_to_2015__test_from_2016,ElasticNet,signal_increment,0.010500000000000027,0.0
M2_Macro_Oil_vs_M3_Macro_Oil_RegQuality__normalized__Oil_Rent_Intensive_Pre2016_ge1pct,Regulatory_Quality_lag1,normalized,Oil_Rent_Intensive_Pre2016_ge1pct,Future_Period,train_to_2015__test_from_2016,ElasticNet,signal_increment,0.011000000000000027,0.0
M2_Macro_Oil_vs_M3_Macro_Oil_RegQuality__normalized__Oil_Rent_Intensive_Pre2016_ge1pct,Regulatory_Quality_lag1,normalized,Oil_Rent_Intensive_Pre2016_ge1pct,Future_Period,train_to_2015__test_from_2016,ElasticNet,signal_increment,0.011500000000000028,0.0
M2_Macro_Oil_vs_M3_Macro_Oil_RegQuality__normalized__Oil_Rent_Intensive_Pre2016_ge1pct,Regulatory_Quality_lag1,normalized,Oil_Rent_Intensive_Pre2016_ge1pct,Future_Period,train_to_2015__test_from_2016,ElasticNet,signal_increment,0.012000000000000028,0.0
M2_Macro_Oil_vs_M3_Macro_Oil_RegQuality__normalized__Oil_Rent_Intensive_Pre2016_ge1pct,Regulatory_Quality_lag1,normalized,Oil_Rent_Intensive_Pre2016_ge1pct,Future_Period,train_to_2015__test_from_2016,ElasticNet,signal_increment,0.012500000000000028,0.0
M2_Macro_Oil_vs_M3_Macro_Oil_RegQuality__normalized__Oil_Rent_Intensive_Pre2016_ge1pct,Regulatory_Quality_lag1,normalized,Oil_Rent_Intensive_Pre2016_ge1pct,Future_Period,train_to_2015__test_from_2016,ElasticNet,signal_increment,0.013000000000000029,0.0
M2_Macro_Oil_vs_M3_Macro_Oil_RegQuality__normalized__Oil_Rent_Intensive_Pre2016_ge1pct,Regulatory_Quality_lag1,normalized,Oil_Rent_Intensive_Pre2016_ge1pct,Future_Period,train_to_2015__test_from_2016,ElasticNet,signal_increment,0.01350000000000003,0.0
M2_Macro_Oil_vs_M3_Macro_Oil_RegQuality__normalized__Oil_Rent_Intensive_Pre2016_ge1pct,Regulatory_Quality_lag1,normalized,Oil_Rent_Intensive_Pre2016_ge1pct,Future_Period,train_to_2015__test_from_2016,ElasticNet,signal_increment,0.01400000000000003,0.0
M2_Macro_Oil_vs_M3_Macro_Oil_RegQuality__normalized__Oil_Rent_Intensive_Pre2016_ge1pct,Regulatory_Quality_lag1,normalized,Oil_Rent_Intensive_Pre2016_ge1pct,Future_Period,train_to_2015__test_from_2016,ElasticNet,signal_increment,0.01450000000000003,0.0
M2_Macro_Oil_vs_M3_Macro_Oil_RegQuality__normalized__Oil_Rent_Intensive_Pre2016_ge1pct,Regulatory_Quality_lag1,normalized,Oil_Rent_Intensive_Pre2016_ge1pct,Future_Period,train_to_2015__test_from_2016,ElasticNet,signal_increment,0.01500000000000003,0.0
M2_Macro_Oil_vs_M3_Macro_Oil_RegQuality__normalized__Oil_Rent_Intensive_Pre2016_ge1pct,Regulatory_Quality_lag1,normalized,Oil_Rent_Intensive_Pre2016_ge1pct,Future_Period,train_to_2015__test_from_2016,ElasticNet,signal_increment,0.015500000000000031,0.0
M2_Macro_Oil_vs_M3_Macro_Oil_RegQuality__normalized__Oil_Rent_Intensive_Pre2016_ge1pct,Regulatory_Quality_lag1,normalized,Oil_Rent_Intensive_Pre2016_ge1pct,Future_Period,train_to_2015__test_from_2016,ElasticNet,signal_increment,0.01600000000000003,0.0
M2_Macro_Oil_vs_M3_Macro_Oil_RegQuality__normalized__Oil_Rent_Intensive_Pre2016_ge1pct,Regulatory_Quality_lag1,normalized,Oil_Rent_Intensive_Pre2016_ge1pct,Future_Period,train_to_2015__test_from_2016,ElasticNet,signal_increment,0.016500000000000032,0.0
M2_Macro_Oil_vs_M3_Macro_Oil_RegQuality__normalized__Oil_Rent_Intensive_Pre2016_ge1pct,Regulatory_Quality_lag1,normalized,Oil_Rent_Intensive_Pre2016_ge1pct,Future_Period,train_to_2015__test_from_2016,ElasticNet,signal_increment,0.017000000000000032,0.0
M2_Macro_Oil_vs_M3_Macro_Oil_RegQuality__normalized__Oil_Rent_Intensive_Pre2016_ge1pct,Regulatory_Quality_lag1,normalized,Oil_Rent_Intensive_Pre2016_ge1pct,Future_Period,train_to_2015__test_from_2016,ElasticNet,signal_increment,0.017500000000000033,0.0
M2_Macro_Oil_vs_M3_Macro_Oil_RegQuality__normalized__Oil_Rent_Intensive_Pre2016_ge1pct,Regulatory_Quality_lag1,normalized,Oil_Rent_Intensive_Pre2016_ge1pct,Future_Period,train_to_2015__test_from_2016,ElasticNet,signal_increment,0.018000000000000033,0.0
M2_Macro_Oil_vs_M3_Macro_Oil_RegQuality__normalized__Oil_Rent_Intensive_Pre2016_ge1pct,Regulatory_Quality_lag1,normalized,Oil_Rent_Intensive_Pre2016_ge1pct,Future_Period,train_to_2015__test_from_2016,ElasticNet,signal_increment,0.018500000000000034,0.0
M2_Macro_Oil_vs_M3_Macro_Oil_RegQuality__normalized__Oil_Rent_Intensive_Pre2016_ge1pct,Regulatory_Quality_lag1,normalized,Oil_Rent_Intensive_Pre2016_ge1pct,Future_Period,train_to_2015__test_from_2016,ElasticNet,signal_increment,0.019000000000000034,0.0
M2_Macro_Oil_vs_M3_Macro_Oil_RegQuality__normalized__Oil_Rent_Intensive_Pre2016_ge1pct,Regulatory_Quality_lag1,normalized,Oil_Rent_Intensive_Pre2016_ge1pct,Future_Period,train_to_2015__test_from_2016,ElasticNet,signal_increment,0.019500000000000035,0.0
M2_Macro_Oil_vs_M3_Macro_Oil_RegQuality__normalized__Oil_Rent_Intensive_Pre2016_ge1pct,Regulatory_Quality_lag1,normalized,Oil_Rent_Intensive_Pre2016_ge1pct,Future_Period,train_to_2015__test_from_2016,ElasticNet,signal_increment,0.020000000000000035,0.0
M2_Macro_Oil_vs_M3_Macro_Oil_RegQuality__normalized__Oil_Rent_Intensive_Pre2016_ge1pct,Regulatory_Quality_lag1,normalized,Oil_Rent_Intensive_Pre2016_ge1pct,Future_Period,train_to_2015__test_from_2016,ElasticNet,signal_increment,0.020500000000000036,0.0
M2_Macro_Oil_vs_M3_Macro_Oil_RegQuality__normalized__Oil_Rent_Intensive_Pre2016_ge1pct,Regulatory_Quality_lag1,normalized,Oil_Rent_Intensive_Pre2016_ge1pct,Future_Period,train_to_2015__test_from_2016,ElasticNet,signal_increment,0.021000000000000036,0.0
M2_Macro_Oil_vs_M3_Macro_Oil_RegQuality__normalized__Oil_Rent_Intensive_Pre2016_ge1pct,Regulatory_Quality_lag1,normalized,Oil_Rent_Intensive_Pre2016_ge1pct,Future_Period,train_to_2015__test_from_2016,ElasticNet,signal_increment,0.021500000000000036,0.0
M2_Macro_Oil_vs_M3_Macro_Oil_RegQuality__normalized__Oil_Rent_Intensive_Pre2016_ge1pct,Regulatory_Quality_lag1,normalized,Oil_Rent_Intensive_Pre2016_ge1pct,Future_Period,train_to_2015__test_from_2016,ElasticNet,signal_increment,0.022000000000000037,0.0
M2_Macro_Oil_vs_M3_Macro_Oil_RegQuality__normalized__Oil_Rent_Intensive_Pre2016_ge1pct,Regulatory_Quality_lag1,normalized,Oil_Rent_Intensive_Pre2016_ge1pct,Future_Period,train_to_2015__test_from_2016,ElasticNet,signal_increment,0.022500000000000037,0.0
M2_Macro_Oil_vs_M3_Macro_Oil_RegQuality__normalized__Oil_Rent_Intensive_Pre2016_ge1pct,Regulatory_Quality_lag1,normalized,Oil_Rent_Intensive_Pre2016_ge1pct,Future_Period,train_to_2015__test_from_2016,ElasticNet,signal_increment,0.023000000000000038,0.0
M2_Macro_Oil_vs_M3_Macro_Oil_RegQuality__normalized__Oil_Rent_Intensive_Pre2016_ge1pct,Regulatory_Quality_lag1,normalized,Oil_Rent_Intensive_Pre2016_ge1pct,Future_Period,train_to_2015__test_from_2016,ElasticNet,signal_increment,0.023500000000000038,0.0
M2_Macro_Oil_vs_M3_Macro_Oil_RegQuality__normalized__Oil_Rent_Intensive_Pre2016_ge1pct,Regulatory_Quality_lag1,normalized,Oil_Rent_Intensive_Pre2016_ge1pct,Future_Period,train_to_2015__test_from_2016,ElasticNet,signal_increment,0.02400000000000004,0.0
M2_Macro_Oil_vs_M3_Macro_Oil_RegQuality__normalized__Oil_Rent_Intensive_Pre2016_ge1pct,Regulatory_Quality_lag1,normalized,Oil_Rent_Intensive_Pre2016_ge1pct,Future_Period,train_to_2015__test_from_2016,ElasticNet,signal_increment,0.02450000000000004,0.0
M2_Macro_Oil_vs_M3_Macro_Oil_RegQuality__normalized__Oil_Rent_Intensive_Pre2016_ge1pct,Regulatory_Quality_lag1,normalized,Oil_Rent_Intensive_Pre2016_ge1pct,Future_Period,train_to_2015__test_from_2016,ElasticNet,signal_increment,0.02500000000000004,0.0
M2_Macro_Oil_vs_M3_Macro_Oil_RegQuality__normalized__Oil_Rent_Intensive_Pre2016_ge1pct,Regulatory_Quality_lag1,normalized,Oil_Rent_Intensive_Pre2016_ge1pct,Future_Period,train_to_2015__test_from_2016,ElasticNet,signal_increment,0.02550000000000004,0.0
M2_Macro_Oil_vs_M3_Macro_Oil_RegQuality__normalized__Oil_Rent_Intensive_Pre2016_ge1pct,Regulatory_Quality_lag1,normalized,Oil_Rent_Intensive_Pre2016_ge1pct,Future_Period,train_to_2015__test_from_2016,ElasticNet,signal_increment,0.02600000000000004,0.0
M2_Macro_Oil_vs_M3_Macro_Oil_RegQuality__normalized__Oil_Rent_Intensive_Pre2016_ge1pct,Regulatory_Quality_lag1,normalized,Oil_Rent_Intensive_Pre2016_ge1pct,Future_Period,train_to_2015__test_from_2016,ElasticNet,signal_increment,0.02650000000000004,0.0
M2_Macro_Oil_vs_M3_Macro_Oil_RegQuality__normalized__Oil_Rent_Intensive_Pre2016_ge1pct,Regulatory_Quality_lag1,normalized,Oil_Rent_Intensive_Pre2016_ge1pct,Future_Period,train_to_2015__test_from_2016,ElasticNet,signal_increment,0.02700000000000004,0.0
M2_Macro_Oil_vs_M3_Macro_Oil_RegQuality__normalized__Oil_Rent_Intensive_Pre2016_ge1pct,Regulatory_Quality_lag1,normalized,Oil_Rent_Intensive_Pre2016_ge1pct,Future_Period,train_to_2015__test_from_2016,ElasticNet,signal_increment,0.027500000000000042,0.0
M2_Macro_Oil_vs_M3_Macro_Oil_RegQuality__normalized__Oil_Rent_Intensive_Pre2016_ge1pct,Regulatory_Quality_lag1,normalized,Oil_Rent_Intensive_Pre2016_ge1pct,Future_Period,train_to_2015__test_from_2016,ElasticNet,signal_increment,0.028000000000000042,0.0
M2_Macro_Oil_vs_M3_Macro_Oil_RegQuality__normalized__Oil_Rent_Intensive_Pre2016_ge1pct,Regulatory_Quality_lag1,normalized,Oil_Rent_Intensive_Pre2016_ge1pct,Future_Period,train_to_2015__test_from_2016,ElasticNet,signal_increment,0.028500000000000043,0.0
M2_Macro_Oil_vs_M3_Macro_Oil_RegQuality__normalized__Oil_Rent_Intensive_Pre2016_ge1pct,Regulatory_Quality_lag1,normalized,Oil_Rent_Intensive_Pre2016_ge1pct,Future_Period,train_to_2015__test_from_2016,ElasticNet,signal_increment,0.029000000000000043,0.0
M2_Macro_Oil_vs_M3_Macro_Oil_RegQuality__normalized__Oil_Rent_Intensive_Pre2016_ge1pct,Regulatory_Quality_lag1,normalized,Oil_Rent_Intensive_Pre2016_ge1pct,Future_Period,train_to_2015__test_from_2016,ElasticNet,signal_increment,0.029500000000000044,0.0
M2_Macro_Oil_vs_M3_Macro_Oil_RegQuality__normalized__Oil_Rent_Intensive_Pre2016_ge1pct,Regulatory_Quality_lag1,normalized,Oil_Rent_Intensive_Pre2016_ge1pct,Future_Period,train_to_2015__test_from_2016,ElasticNet,signal_increment,0.030000000000000044,0.0
M2_Macro_Oil_vs_M3_Macro_Oil_RegQuality__normalized__Oil_Rent_Intensive_Pre2016_ge1pct,Regulatory_Quality_lag1,normalized,Oil_Rent_Intensive_Pre2016_ge1pct,Future_Period,train_to_2015__test_from_2016,ElasticNet,added_model_vs_strongest_benchmark,-0.02,1.0
M2_Macro_Oil_vs_M3_Macro_Oil_RegQuality__normalized__Oil_Rent_Intensive_Pre2016_ge1pct,Regulatory_Quality_lag1,normalized,Oil_Rent_Intensive_Pre2016_ge1pct,Future_Period,train_to_2015__test_from_2016,ElasticNet,added_model_vs_strongest_benchmark,-0.0195,1.0
M2_Macro_Oil_vs_M3_Macro_Oil_RegQuality__normalized__Oil_Rent_Intensive_Pre2016_ge1pct,Regulatory_Quality_lag1,normalized,Oil_Rent_Intensive_Pre2016_ge1pct,Future_Period,train_to_2015__test_from_2016,ElasticNet,added_model_vs_strongest_benchmark,-0.019,1.0
M2_Macro_Oil_vs_M3_Macro_Oil_RegQuality__normalized__Oil_Rent_Intensive_Pre2016_ge1pct,Regulatory_Quality_lag1,normalized,Oil_Rent_Intensive_Pre2016_ge1pct,Future_Period,train_to_2015__test_from_2016,ElasticNet,added_model_vs_strongest_benchmark,-0.0185,1.0
M2_Macro_Oil_vs_M3_Macro_Oil_RegQuality__normalized__Oil_Rent_Intensive_Pre2016_ge1pct,Regulatory_Quality_lag1,normalized,Oil_Rent_Intensive_Pre2016_ge1pct,Future_Period,train_to_2015__test_from_2016,ElasticNet,added_model_vs_strongest_benchmark,-0.018,1.0
M2_Macro_Oil_vs_M3_Macro_Oil_RegQuality__normalized__Oil_Rent_Intensive_Pre2016_ge1pct,Regulatory_Quality_lag1,normalized,Oil_Rent_Intensive_Pre2016_ge1pct,Future_Period,train_to_2015__test_from_2016,ElasticNet,added_model_vs_strongest_benchmark,-0.017499999999999998,1.0
M2_Macro_Oil_vs_M3_Macro_Oil_RegQuality__normalized__Oil_Rent_Intensive_Pre2016_ge1pct,Regulatory_Quality_lag1,normalized,Oil_Rent_Intensive_Pre2016_ge1pct,Future_Period,train_to_2015__test_from_2016,ElasticNet,added_model_vs_strongest_benchmark,-0.016999999999999998,1.0
M2_Macro_Oil_vs_M3_Macro_Oil_RegQuality__normalized__Oil_Rent_Intensive_Pre2016_ge1pct,Regulatory_Quality_lag1,normalized,Oil_Rent_Intensive_Pre2016_ge1pct,Future_Period,train_to_2015__test_from_2016,ElasticNet,added_model_vs_strongest_benchmark,-0.016499999999999997,1.0
M2_Macro_Oil_vs_M3_Macro_Oil_RegQuality__normalized__Oil_Rent_Intensive_Pre2016_ge1pct,Regulatory_Quality_lag1,normalized,Oil_Rent_Intensive_Pre2016_ge1pct,Future_Period,train_to_2015__test_from_2016,ElasticNet,added_model_vs_strongest_benchmark,-0.015999999999999997,1.0
M2_Macro_Oil_vs_M3_Macro_Oil_RegQuality__normalized__Oil_Rent_Intensive_Pre2016_ge1pct,Regulatory_Quality_lag1,normalized,Oil_Rent_Intensive_Pre2016_ge1pct,Future_Period,train_to_2015__test_from_2016,ElasticNet,added_model_vs_strongest_benchmark,-0.015499999999999996,1.0
M2_Macro_Oil_vs_M3_Macro_Oil_RegQuality__normalized__Oil_Rent_Intensive_Pre2016_ge1pct,Regulatory_Quality_lag1,normalized,Oil_Rent_Intensive_Pre2016_ge1pct,Future_Period,train_to_2015__test_from_2016,ElasticNet,added_model_vs_strongest_benchmark,-0.014999999999999996,1.0
M2_Macro_Oil_vs_M3_Macro_Oil_RegQuality__normalized__Oil_Rent_Intensive_Pre2016_ge1pct,Regulatory_Quality_lag1,normalized,Oil_Rent_Intensive_Pre2016_ge1pct,Future_Period,train_to_2015__test_from_2016,ElasticNet,added_model_vs_strongest_benchmark,-0.014499999999999996,1.0
M2_Macro_Oil_vs_M3_Macro_Oil_RegQuality__normalized__Oil_Rent_Intensive_Pre2016_ge1pct,Regulatory_Quality_lag1,normalized,Oil_Rent_Intensive_Pre2016_ge1pct,Future_Period,train_to_2015__test_from_2016,ElasticNet,added_model_vs_strongest_benchmark,-0.013999999999999995,1.0
M2_Macro_Oil_vs_M3_Macro_Oil_RegQuality__normalized__Oil_Rent_Intensive_Pre2016_ge1pct,Regulatory_Quality_lag1,normalized,Oil_Rent_Intensive_Pre2016_ge1pct,Future_Period,train_to_2015__test_from_2016,ElasticNet,added_model_vs_strongest_benchmark,-0.013499999999999995,1.0
M2_Macro_Oil_vs_M3_Macro_Oil_RegQuality__normalized__Oil_Rent_Intensive_Pre2016_ge1pct,Regulatory_Quality_lag1,normalized,Oil_Rent_Intensive_Pre2016_ge1pct,Future_Period,train_to_2015__test_from_2016,ElasticNet,added_model_vs_strongest_benchmark,-0.012999999999999994,1.0
M2_Macro_Oil_vs_M3_Macro_Oil_RegQuality__normalized__Oil_Rent_Intensive_Pre2016_ge1pct,Regulatory_Quality_lag1,normalized,Oil_Rent_Intensive_Pre2016_ge1pct,Future_Period,train_to_2015__test_from_2016,ElasticNet,added_model_vs_strongest_benchmark,-0.012499999999999994,1.0
M2_Macro_Oil_vs_M3_Macro_Oil_RegQuality__normalized__Oil_Rent_Intensive_Pre2016_ge1pct,Regulatory_Quality_lag1,normalized,Oil_Rent_Intensive_Pre2016_ge1pct,Future_Period,train_to_2015__test_from_2016,ElasticNet,added_model_vs_strongest_benchmark,-0.011999999999999993,1.0
M2_Macro_Oil_vs_M3_Macro_Oil_RegQuality__normalized__Oil_Rent_Intensive_Pre2016_ge1pct,Regulatory_Quality_lag1,normalized,Oil_Rent_Intensive_Pre2016_ge1pct,Future_Period,train_to_2015__test_from_2016,ElasticNet,added_model_vs_strongest_benchmark,-0.011499999999999993,1.0
M2_Macro_Oil_vs_M3_Macro_Oil_RegQuality__normalized__Oil_Rent_Intensive_Pre2016_ge1pct,Regulatory_Quality_lag1,normalized,Oil_Rent_Intensive_Pre2016_ge1pct,Future_Period,train_to_2015__test_from_2016,ElasticNet,added_model_vs_strongest_benchmark,-0.010999999999999992,1.0
M2_Macro_Oil_vs_M3_Macro_Oil_RegQuality__normalized__Oil_Rent_Intensive_Pre2016_ge1pct,Regulatory_Quality_lag1,normalized,Oil_Rent_Intensive_Pre2016_ge1pct,Future_Period,train_to_2015__test_from_2016,ElasticNet,added_model_vs_strongest_benchmark,-0.010499999999999992,1.0
M2_Macro_Oil_vs_M3_Macro_Oil_RegQuality__normalized__Oil_Rent_Intensive_Pre2016_ge1pct,Regulatory_Quality_lag1,normalized,Oil_Rent_Intensive_Pre2016_ge1pct,Future_Period,train_to_2015__test_from_2016,ElasticNet,added_model_vs_strongest_benchmark,-0.009999999999999992,1.0
M2_Macro_Oil_vs_M3_Macro_Oil_RegQuality__normalized__Oil_Rent_Intensive_Pre2016_ge1pct,Regulatory_Quality_lag1,normalized,Oil_Rent_Intensive_Pre2016_ge1pct,Future_Period,train_to_2015__test_from_2016,ElasticNet,added_model_vs_strongest_benchmark,-0.009499999999999991,1.0
M2_Macro_Oil_vs_M3_Macro_Oil_RegQuality__normalized__Oil_Rent_Intensive_Pre2016_ge1pct,Regulatory_Quality_lag1,normalized,Oil_Rent_Intensive_Pre2016_ge1pct,Future_Period,train_to_2015__test_from_2016,ElasticNet,added_model_vs_strongest_benchmark,-0.00899999999999999,1.0
M2_Macro_Oil_vs_M3_Macro_Oil_RegQuality__normalized__Oil_Rent_Intensive_Pre2016_ge1pct,Regulatory_Quality_lag1,normalized,Oil_Rent_Intensive_Pre2016_ge1pct,Future_Period,train_to_2015__test_from_2016,ElasticNet,added_model_vs_strongest_benchmark,-0.00849999999999999,1.0
M2_Macro_Oil_vs_M3_Macro_Oil_RegQuality__normalized__Oil_Rent_Intensive_Pre2016_ge1pct,Regulatory_Quality_lag1,normalized,Oil_Rent_Intensive_Pre2016_ge1pct,Future_Period,train_to_2015__test_from_2016,ElasticNet,added_model_vs_strongest_benchmark,-0.00799999999999999,1.0
M2_Macro_Oil_vs_M3_Macro_Oil_RegQuality__normalized__Oil_Rent_Intensive_Pre2016_ge1pct,Regulatory_Quality_lag1,normalized,Oil_Rent_Intensive_Pre2016_ge1pct,Future_Period,train_to_2015__test_from_2016,ElasticNet,added_model_vs_strongest_benchmark,-0.007499999999999989,1.0
M2_Macro_Oil_vs_M3_Macro_Oil_RegQuality__normalized__Oil_Rent_Intensive_Pre2016_ge1pct,Regulatory_Quality_lag1,normalized,Oil_Rent_Intensive_Pre2016_ge1pct,Future_Period,train_to_2015__test_from_2016,ElasticNet,added_model_vs_strongest_benchmark,-0.006999999999999989,1.0
M2_Macro_Oil_vs_M3_Macro_Oil_RegQuality__normalized__Oil_Rent_Intensive_Pre2016_ge1pct,Regulatory_Quality_lag1,normalized,Oil_Rent_Intensive_Pre2016_ge1pct,Future_Period,train_to_2015__test_from_2016,ElasticNet,added_model_vs_strongest_benchmark,-0.006499999999999988,1.0
M2_Macro_Oil_vs_M3_Macro_Oil_RegQuality__normalized__Oil_Rent_Intensive_Pre2016_ge1pct,Regulatory_Quality_lag1,normalized,Oil_Rent_Intensive_Pre2016_ge1pct,Future_Period,train_to_2015__test_from_2016,ElasticNet,added_model_vs_strongest_benchmark,-0.005999999999999988,1.0
M2_Macro_Oil_vs_M3_Macro_Oil_RegQuality__normalized__Oil_Rent_Intensive_Pre2016_ge1pct,Regulatory_Quality_lag1,normalized,Oil_Rent_Intensive_Pre2016_ge1pct,Future_Period,train_to_2015__test_from_2016,ElasticNet,added_model_vs_strongest_benchmark,-0.0054999999999999875,1.0
M2_Macro_Oil_vs_M3_Macro_Oil_RegQuality__normalized__Oil_Rent_Intensive_Pre2016_ge1pct,Regulatory_Quality_lag1,normalized,Oil_Rent_Intensive_Pre2016_ge1pct,Future_Period,train_to_2015__test_from_2016,ElasticNet,added_model_vs_strongest_benchmark,-0.004999999999999987,1.0
M2_Macro_Oil_vs_M3_Macro_Oil_RegQuality__normalized__Oil_Rent_Intensive_Pre2016_ge1pct,Regulatory_Quality_lag1,normalized,Oil_Rent_Intensive_Pre2016_ge1pct,Future_Period,train_to_2015__test_from_2016,ElasticNet,added_model_vs_strongest_benchmark,-0.004499999999999987,1.0
M2_Macro_Oil_vs_M3_Macro_Oil_RegQuality__normalized__Oil_Rent_Intensive_Pre2016_ge1pct,Regulatory_Quality_lag1,normalized,Oil_Rent_Intensive_Pre2016_ge1pct,Future_Period,train_to_2015__test_from_2016,ElasticNet,added_model_vs_strongest_benchmark,-0.003999999999999986,1.0
M2_Macro_Oil_vs_M3_Macro_Oil_RegQuality__normalized__Oil_Rent_Intensive_Pre2016_ge1pct,Regulatory_Quality_lag1,normalized,Oil_Rent_Intensive_Pre2016_ge1pct,Future_Period,train_to_2015__test_from_2016,ElasticNet,added_model_vs_strongest_benchmark,-0.0034999999999999858,1.0
M2_Macro_Oil_vs_M3_Macro_Oil_RegQuality__normalized__Oil_Rent_Intensive_Pre2016_ge1pct,Regulatory_Quality_lag1,normalized,Oil_Rent_Intensive_Pre2016_ge1pct,Future_Period,train_to_2015__test_from_2016,ElasticNet,added_model_vs_strongest_benchmark,-0.0029999999999999853,1.0
M2_Macro_Oil_vs_M3_Macro_Oil_RegQuality__normalized__Oil_Rent_Intensive_Pre2016_ge1pct,Regulatory_Quality_lag1,normalized,Oil_Rent_Intensive_Pre2016_ge1pct,Future_Period,train_to_2015__test_from_2016,ElasticNet,added_model_vs_strongest_benchmark,-0.002499999999999985,1.0
M2_Macro_Oil_vs_M3_Macro_Oil_RegQuality__normalized__Oil_Rent_Intensive_Pre2016_ge1pct,Regulatory_Quality_lag1,normalized,Oil_Rent_Intensive_Pre2016_ge1pct,Future_Period,train_to_2015__test_from_2016,ElasticNet,added_model_vs_strongest_benchmark,-0.0019999999999999844,1.0
M2_Macro_Oil_vs_M3_Macro_Oil_RegQuality__normalized__Oil_Rent_Intensive_Pre2016_ge1pct,Regulatory_Quality_lag1,normalized,Oil_Rent_Intensive_Pre2016_ge1pct,Future_Period,train_to_2015__test_from_2016,ElasticNet,added_model_vs_strongest_benchmark,-0.001499999999999984,1.0
M2_Macro_Oil_vs_M3_Macro_Oil_RegQuality__normalized__Oil_Rent_Intensive_Pre2016_ge1pct,Regulatory_Quality_lag1,normalized,Oil_Rent_Intensive_Pre2016_ge1pct,Future_Period,train_to_2015__test_from_2016,ElasticNet,added_model_vs_strongest_benchmark,-0.0009999999999999835,1.0
M2_Macro_Oil_vs_M3_Macro_Oil_RegQuality__normalized__Oil_Rent_Intensive_Pre2016_ge1pct,Regulatory_Quality_lag1,normalized,Oil_Rent_Intensive_Pre2016_ge1pct,Future_Period,train_to_2015__test_from_2016,ElasticNet,added_model_vs_strongest_benchmark,-0.0004999999999999831,1.0
M2_Macro_Oil_vs_M3_Macro_Oil_RegQuality__normalized__Oil_Rent_Intensive_Pre2016_ge1pct,Regulatory_Quality_lag1,normalized,Oil_Rent_Intensive_Pre2016_ge1pct,Future_Period,train_to_2015__test_from_2016,ElasticNet,added_model_vs_strongest_benchmark,1.734723475976807e-17,1.0
M2_Macro_Oil_vs_M3_Macro_Oil_RegQuality__normalized__Oil_Rent_Intensive_Pre2016_ge1pct,Regulatory_Quality_lag1,normalized,Oil_Rent_Intensive_Pre2016_ge1pct,Future_Period,train_to_2015__test_from_2016,ElasticNet,added_model_vs_strongest_benchmark,0.0005000000000000178,1.0
M2_Macro_Oil_vs_M3_Macro_Oil_RegQuality__normalized__Oil_Rent_Intensive_Pre2016_ge1pct,Regulatory_Quality_lag1,normalized,Oil_Rent_Intensive_Pre2016_ge1pct,Future_Period,train_to_2015__test_from_2016,ElasticNet,added_model_vs_strongest_benchmark,0.0010000000000000182,1.0
M2_Macro_Oil_vs_M3_Macro_Oil_RegQuality__normalized__Oil_Rent_Intensive_Pre2016_ge1pct,Regulatory_Quality_lag1,normalized,Oil_Rent_Intensive_Pre2016_ge1pct,Future_Period,train_to_2015__test_from_2016,ElasticNet,added_model_vs_strongest_benchmark,0.0015000000000000187,1.0
M2_Macro_Oil_vs_M3_Macro_Oil_RegQuality__normalized__Oil_Rent_Intensive_Pre2016_ge1pct,Regulatory_Quality_lag1,normalized,Oil_Rent_Intensive_Pre2016_ge1pct,Future_Period,train_to_2015__test_from_2016,ElasticNet,added_model_vs_strongest_benchmark,0.002000000000000019,1.0
M2_Macro_Oil_vs_M3_Macro_Oil_RegQuality__normalized__Oil_Rent_Intensive_Pre2016_ge1pct,Regulatory_Quality_lag1,normalized,Oil_Rent_Intensive_Pre2016_ge1pct,Future_Period,train_to_2015__test_from_2016,ElasticNet,added_model_vs_strongest_benchmark,0.0025000000000000196,1.0
M2_Macro_Oil_vs_M3_Macro_Oil_RegQuality__normalized__Oil_Rent_Intensive_Pre2016_ge1pct,Regulatory_Quality_lag1,normalized,Oil_Rent_Intensive_Pre2016_ge1pct,Future_Period,train_to_2015__test_from_2016,ElasticNet,added_model_vs_strongest_benchmark,0.00300000000000002,1.0
M2_Macro_Oil_vs_M3_Macro_Oil_RegQuality__normalized__Oil_Rent_Intensive_Pre2016_ge1pct,Regulatory_Quality_lag1,normalized,Oil_Rent_Intensive_Pre2016_ge1pct,Future_Period,train_to_2015__test_from_2016,ElasticNet,added_model_vs_strongest_benchmark,0.0035000000000000205,1.0
M2_Macro_Oil_vs_M3_Macro_Oil_RegQuality__normalized__Oil_Rent_Intensive_Pre2016_ge1pct,Regulatory_Quality_lag1,normalized,Oil_Rent_Intensive_Pre2016_ge1pct,Future_Period,train_to_2015__test_from_2016,ElasticNet,added_model_vs_strongest_benchmark,0.004000000000000021,1.0
M2_Macro_Oil_vs_M3_Macro_Oil_RegQuality__normalized__Oil_Rent_Intensive_Pre2016_ge1pct,Regulatory_Quality_lag1,normalized,Oil_Rent_Intensive_Pre2016_ge1pct,Future_Period,train_to_2015__test_from_2016,ElasticNet,added_model_vs_strongest_benchmark,0.004500000000000021,1.0
M2_Macro_Oil_vs_M3_Macro_Oil_RegQuality__normalized__Oil_Rent_Intensive_Pre2016_ge1pct,Regulatory_Quality_lag1,normalized,Oil_Rent_Intensive_Pre2016_ge1pct,Future_Period,train_to_2015__test_from_2016,ElasticNet,added_model_vs_strongest_benchmark,0.005000000000000022,1.0
M2_Macro_Oil_vs_M3_Macro_Oil_RegQuality__normalized__Oil_Rent_Intensive_Pre2016_ge1pct,Regulatory_Quality_lag1,normalized,Oil_Rent_Intensive_Pre2016_ge1pct,Future_Period,train_to_2015__test_from_2016,ElasticNet,added_model_vs_strongest_benchmark,0.005500000000000022,1.0
M2_Macro_Oil_vs_M3_Macro_Oil_RegQuality__normalized__Oil_Rent_Intensive_Pre2016_ge1pct,Regulatory_Quality_lag1,normalized,Oil_Rent_Intensive_Pre2016_ge1pct,Future_Period,train_to_2015__test_from_2016,ElasticNet,added_model_vs_strongest_benchmark,0.006000000000000023,1.0
M2_Macro_Oil_vs_M3_Macro_Oil_RegQuality__normalized__Oil_Rent_Intensive_Pre2016_ge1pct,Regulatory_Quality_lag1,normalized,Oil_Rent_Intensive_Pre2016_ge1pct,Future_Period,train_to_2015__test_from_2016,ElasticNet,added_model_vs_strongest_benchmark,0.006500000000000023,1.0
M2_Macro_Oil_vs_M3_Macro_Oil_RegQuality__normalized__Oil_Rent_Intensive_Pre2016_ge1pct,Regulatory_Quality_lag1,normalized,Oil_Rent_Intensive_Pre2016_ge1pct,Future_Period,train_to_2015__test_from_2016,ElasticNet,added_model_vs_strongest_benchmark,0.0070000000000000236,1.0
M2_Macro_Oil_vs_M3_Macro_Oil_RegQuality__normalized__Oil_Rent_Intensive_Pre2016_ge1pct,Regulatory_Quality_lag1,normalized,Oil_Rent_Intensive_Pre2016_ge1pct,Future_Period,train_to_2015__test_from_2016,ElasticNet,added_model_vs_strongest_benchmark,0.007500000000000024,1.0
M2_Macro_Oil_vs_M3_Macro_Oil_RegQuality__normalized__Oil_Rent_Intensive_Pre2016_ge1pct,Regulatory_Quality_lag1,normalized,Oil_Rent_Intensive_Pre2016_ge1pct,Future_Period,train_to_2015__test_from_2016,ElasticNet,added_model_vs_strongest_benchmark,0.008000000000000024,1.0
M2_Macro_Oil_vs_M3_Macro_Oil_RegQuality__normalized__Oil_Rent_Intensive_Pre2016_ge1pct,Regulatory_Quality_lag1,normalized,Oil_Rent_Intensive_Pre2016_ge1pct,Future_Period,train_to_2015__test_from_2016,ElasticNet,added_model_vs_strongest_benchmark,0.008500000000000025,1.0
M2_Macro_Oil_vs_M3_Macro_Oil_RegQuality__normalized__Oil_Rent_Intensive_Pre2016_ge1pct,Regulatory_Quality_lag1,normalized,Oil_Rent_Intensive_Pre2016_ge1pct,Future_Period,train_to_2015__test_from_2016,ElasticNet,added_model_vs_strongest_benchmark,0.009000000000000025,1.0
M2_Macro_Oil_vs_M3_Macro_Oil_RegQuality__normalized__Oil_Rent_Intensive_Pre2016_ge1pct,Regulatory_Quality_lag1,normalized,Oil_Rent_Intensive_Pre2016_ge1pct,Future_Period,train_to_2015__test_from_2016,ElasticNet,added_model_vs_strongest_benchmark,0.009500000000000026,1.0
M2_Macro_Oil_vs_M3_Macro_Oil_RegQuality__normalized__Oil_Rent_Intensive_Pre2016_ge1pct,Regulatory_Quality_lag1,normalized,Oil_Rent_Intensive_Pre2016_ge1pct,Future_Period,train_to_2015__test_from_2016,ElasticNet,added_model_vs_strongest_benchmark,0.010000000000000026,1.0
M2_Macro_Oil_vs_M3_Macro_Oil_RegQuality__normalized__Oil_Rent_Intensive_Pre2016_ge1pct,Regulatory_Quality_lag1,normalized,Oil_Rent_Intensive_Pre2016_ge1pct,Future_Period,train_to_2015__test_from_2016,ElasticNet,added_model_vs_strongest_benchmark,0.010500000000000027,1.0
M2_Macro_Oil_vs_M3_Macro_Oil_RegQuality__normalized__Oil_Rent_Intensive_Pre2016_ge1pct,Regulatory_Quality_lag1,normalized,Oil_Rent_Intensive_Pre2016_ge1pct,Future_Period,train_to_2015__test_from_2016,ElasticNet,added_model_vs_strongest_benchmark,0.011000000000000027,1.0
M2_Macro_Oil_vs_M3_Macro_Oil_RegQuality__normalized__Oil_Rent_Intensive_Pre2016_ge1pct,Regulatory_Quality_lag1,normalized,Oil_Rent_Intensive_Pre2016_ge1pct,Future_Period,train_to_2015__test_from_2016,ElasticNet,added_model_vs_strongest_benchmark,0.011500000000000028,1.0
M2_Macro_Oil_vs_M3_Macro_Oil_RegQuality__normalized__Oil_Rent_Intensive_Pre2016_ge1pct,Regulatory_Quality_lag1,normalized,Oil_Rent_Intensive_Pre2016_ge1pct,Future_Period,train_to_2015__test_from_2016,ElasticNet,added_model_vs_strongest_benchmark,0.012000000000000028,1.0
M2_Macro_Oil_vs_M3_Macro_Oil_RegQuality__normalized__Oil_Rent_Intensive_Pre2016_ge1pct,Regulatory_Quality_lag1,normalized,Oil_Rent_Intensive_Pre2016_ge1pct,Future_Period,train_to_2015__test_from_2016,ElasticNet,added_model_vs_strongest_benchmark,0.012500000000000028,1.0
M2_Macro_Oil_vs_M3_Macro_Oil_RegQuality__normalized__Oil_Rent_Intensive_Pre2016_ge1pct,Regulatory_Quality_lag1,normalized,Oil_Rent_Intensive_Pre2016_ge1pct,Future_Period,train_to_2015__test_from_2016,ElasticNet,added_model_vs_strongest_benchmark,0.013000000000000029,0.9995
M2_Macro_Oil_vs_M3_Macro_Oil_RegQuality__normalized__Oil_Rent_Intensive_Pre2016_ge1pct,Regulatory_Quality_lag1,normalized,Oil_Rent_Intensive_Pre2016_ge1pct,Future_Period,train_to_2015__test_from_2016,ElasticNet,added_model_vs_strongest_benchmark,0.01350000000000003,0.9995
M2_Macro_Oil_vs_M3_Macro_Oil_RegQuality__normalized__Oil_Rent_Intensive_Pre2016_ge1pct,Regulatory_Quality_lag1,normalized,Oil_Rent_Intensive_Pre2016_ge1pct,Future_Period,train_to_2015__test_from_2016,ElasticNet,added_model_vs_strongest_benchmark,0.01400000000000003,0.9995
M2_Macro_Oil_vs_M3_Macro_Oil_RegQuality__normalized__Oil_Rent_Intensive_Pre2016_ge1pct,Regulatory_Quality_lag1,normalized,Oil_Rent_Intensive_Pre2016_ge1pct,Future_Period,train_to_2015__test_from_2016,ElasticNet,added_model_vs_strongest_benchmark,0.01450000000000003,0.9995
M2_Macro_Oil_vs_M3_Macro_Oil_RegQuality__normalized__Oil_Rent_Intensive_Pre2016_ge1pct,Regulatory_Quality_lag1,normalized,Oil_Rent_Intensive_Pre2016_ge1pct,Future_Period,train_to_2015__test_from_2016,ElasticNet,added_model_vs_strongest_benchmark,0.01500000000000003,0.9995
M2_Macro_Oil_vs_M3_Macro_Oil_RegQuality__normalized__Oil_Rent_Intensive_Pre2016_ge1pct,Regulatory_Quality_lag1,normalized,Oil_Rent_Intensive_Pre2016_ge1pct,Future_Period,train_to_2015__test_from_2016,ElasticNet,added_model_vs_strongest_benchmark,0.015500000000000031,0.9995
M2_Macro_Oil_vs_M3_Macro_Oil_RegQuality__normalized__Oil_Rent_Intensive_Pre2016_ge1pct,Regulatory_Quality_lag1,normalized,Oil_Rent_Intensive_Pre2016_ge1pct,Future_Period,train_to_2015__test_from_2016,ElasticNet,added_model_vs_strongest_benchmark,0.01600000000000003,0.9995
M2_Macro_Oil_vs_M3_Macro_Oil_RegQuality__normalized__Oil_Rent_Intensive_Pre2016_ge1pct,Regulatory_Quality_lag1,normalized,Oil_Rent_Intensive_Pre2016_ge1pct,Future_Period,train_to_2015__test_from_2016,ElasticNet,added_model_vs_strongest_benchmark,0.016500000000000032,0.9995
M2_Macro_Oil_vs_M3_Macro_Oil_RegQuality__normalized__Oil_Rent_Intensive_Pre2016_ge1pct,Regulatory_Quality_lag1,normalized,Oil_Rent_Intensive_Pre2016_ge1pct,Future_Period,train_to_2015__test_from_2016,ElasticNet,added_model_vs_strongest_benchmark,0.017000000000000032,0.9995
M2_Macro_Oil_vs_M3_Macro_Oil_RegQuality__normalized__Oil_Rent_Intensive_Pre2016_ge1pct,Regulatory_Quality_lag1,normalized,Oil_Rent_Intensive_Pre2016_ge1pct,Future_Period,train_to_2015__test_from_2016,ElasticNet,added_model_vs_strongest_benchmark,0.017500000000000033,0.9995
M2_Macro_Oil_vs_M3_Macro_Oil_RegQuality__normalized__Oil_Rent_Intensive_Pre2016_ge1pct,Regulatory_Quality_lag1,normalized,Oil_Rent_Intensive_Pre2016_ge1pct,Future_Period,train_to_2015__test_from_2016,ElasticNet,added_model_vs_strongest_benchmark,0.018000000000000033,0.9995
M2_Macro_Oil_vs_M3_Macro_Oil_RegQuality__normalized__Oil_Rent_Intensive_Pre2016_ge1pct,Regulatory_Quality_lag1,normalized,Oil_Rent_Intensive_Pre2016_ge1pct,Future_Period,train_to_2015__test_from_2016,ElasticNet,added_model_vs_strongest_benchmark,0.018500000000000034,0.9995
M2_Macro_Oil_vs_M3_Macro_Oil_RegQuality__normalized__Oil_Rent_Intensive_Pre2016_ge1pct,Regulatory_Quality_lag1,normalized,Oil_Rent_Intensive_Pre2016_ge1pct,Future_Period,train_to_2015__test_from_2016,ElasticNet,added_model_vs_strongest_benchmark,0.019000000000000034,0.9995
M2_Macro_Oil_vs_M3_Macro_Oil_RegQuality__normalized__Oil_Rent_Intensive_Pre2016_ge1pct,Regulatory_Quality_lag1,normalized,Oil_Rent_Intensive_Pre2016_ge1pct,Future_Period,train_to_2015__test_from_2016,ElasticNet,added_model_vs_strongest_benchmark,0.019500000000000035,0.9995
M2_Macro_Oil_vs_M3_Macro_Oil_RegQuality__normalized__Oil_Rent_Intensive_Pre2016_ge1pct,Regulatory_Quality_lag1,normalized,Oil_Rent_Intensive_Pre2016_ge1pct,Future_Period,train_to_2015__test_from_2016,ElasticNet,added_model_vs_strongest_benchmark,0.020000000000000035,0.9995
M2_Macro_Oil_vs_M3_Macro_Oil_RegQuality__normalized__Oil_Rent_Intensive_Pre2016_ge1pct,Regulatory_Quality_lag1,normalized,Oil_Rent_Intensive_Pre2016_ge1pct,Future_Period,train_to_2015__test_from_2016,ElasticNet,added_model_vs_strongest_benchmark,0.020500000000000036,0.9995
M2_Macro_Oil_vs_M3_Macro_Oil_RegQuality__normalized__Oil_Rent_Intensive_Pre2016_ge1pct,Regulatory_Quality_lag1,normalized,Oil_Rent_Intensive_Pre2016_ge1pct,Future_Period,train_to_2015__test_from_2016,ElasticNet,added_model_vs_strongest_benchmark,0.021000000000000036,0.9995
M2_Macro_Oil_vs_M3_Macro_Oil_RegQuality__normalized__Oil_Rent_Intensive_Pre2016_ge1pct,Regulatory_Quality_lag1,normalized,Oil_Rent_Intensive_Pre2016_ge1pct,Future_Period,train_to_2015__test_from_2016,ElasticNet,added_model_vs_strongest_benchmark,0.021500000000000036,0.999
M2_Macro_Oil_vs_M3_Macro_Oil_RegQuality__normalized__Oil_Rent_Intensive_Pre2016_ge1pct,Regulatory_Quality_lag1,normalized,Oil_Rent_Intensive_Pre2016_ge1pct,Future_Period,train_to_2015__test_from_2016,ElasticNet,added_model_vs_strongest_benchmark,0.022000000000000037,0.999
M2_Macro_Oil_vs_M3_Macro_Oil_RegQuality__normalized__Oil_Rent_Intensive_Pre2016_ge1pct,Regulatory_Quality_lag1,normalized,Oil_Rent_Intensive_Pre2016_ge1pct,Future_Period,train_to_2015__test_from_2016,ElasticNet,added_model_vs_strongest_benchmark,0.022500000000000037,0.999
M2_Macro_Oil_vs_M3_Macro_Oil_RegQuality__normalized__Oil_Rent_Intensive_Pre2016_ge1pct,Regulatory_Quality_lag1,normalized,Oil_Rent_Intensive_Pre2016_ge1pct,Future_Period,train_to_2015__test_from_2016,ElasticNet,added_model_vs_strongest_benchmark,0.023000000000000038,0.999
M2_Macro_Oil_vs_M3_Macro_Oil_RegQuality__normalized__Oil_Rent_Intensive_Pre2016_ge1pct,Regulatory_Quality_lag1,normalized,Oil_Rent_Intensive_Pre2016_ge1pct,Future_Period,train_to_2015__test_from_2016,ElasticNet,added_model_vs_strongest_benchmark,0.023500000000000038,0.999
M2_Macro_Oil_vs_M3_Macro_Oil_RegQuality__normalized__Oil_Rent_Intensive_Pre2016_ge1pct,Regulatory_Quality_lag1,normalized,Oil_Rent_Intensive_Pre2016_ge1pct,Future_Period,train_to_2015__test_from_2016,ElasticNet,added_model_vs_strongest_benchmark,0.02400000000000004,0.999
M2_Macro_Oil_vs_M3_Macro_Oil_RegQuality__normalized__Oil_Rent_Intensive_Pre2016_ge1pct,Regulatory_Quality_lag1,normalized,Oil_Rent_Intensive_Pre2016_ge1pct,Future_Period,train_to_2015__test_from_2016,ElasticNet,added_model_vs_strongest_benchmark,0.02450000000000004,0.999
M2_Macro_Oil_vs_M3_Macro_Oil_RegQuality__normalized__Oil_Rent_Intensive_Pre2016_ge1pct,Regulatory_Quality_lag1,normalized,Oil_Rent_Intensive_Pre2016_ge1pct,Future_Period,train_to_2015__test_from_2016,ElasticNet,added_model_vs_strongest_benchmark,0.02500000000000004,0.9985
M2_Macro_Oil_vs_M3_Macro_Oil_RegQuality__normalized__Oil_Rent_Intensive_Pre2016_ge1pct,Regulatory_Quality_lag1,normalized,Oil_Rent_Intensive_Pre2016_ge1pct,Future_Period,train_to_2015__test_from_2016,ElasticNet,added_model_vs_strongest_benchmark,0.02550000000000004,0.9985
M2_Macro_Oil_vs_M3_Macro_Oil_RegQuality__normalized__Oil_Rent_Intensive_Pre2016_ge1pct,Regulatory_Quality_lag1,normalized,Oil_Rent_Intensive_Pre2016_ge1pct,Future_Period,train_to_2015__test_from_2016,ElasticNet,added_model_vs_strongest_benchmark,0.02600000000000004,0.9985
M2_Macro_Oil_vs_M3_Macro_Oil_RegQuality__normalized__Oil_Rent_Intensive_Pre2016_ge1pct,Regulatory_Quality_lag1,normalized,Oil_Rent_Intensive_Pre2016_ge1pct,Future_Period,train_to_2015__test_from_2016,ElasticNet,added_model_vs_strongest_benchmark,0.02650000000000004,0.9985
M2_Macro_Oil_vs_M3_Macro_Oil_RegQuality__normalized__Oil_Rent_Intensive_Pre2016_ge1pct,Regulatory_Quality_lag1,normalized,Oil_Rent_Intensive_Pre2016_ge1pct,Future_Period,train_to_2015__test_from_2016,ElasticNet,added_model_vs_strongest_benchmark,0.02700000000000004,0.9985
M2_Macro_Oil_vs_M3_Macro_Oil_RegQuality__normalized__Oil_Rent_Intensive_Pre2016_ge1pct,Regulatory_Quality_lag1,normalized,Oil_Rent_Intensive_Pre2016_ge1pct,Future_Period,train_to_2015__test_from_2016,ElasticNet,added_model_vs_strongest_benchmark,0.027500000000000042,0.9985
M2_Macro_Oil_vs_M3_Macro_Oil_RegQuality__normalized__Oil_Rent_Intensive_Pre2016_ge1pct,Regulatory_Quality_lag1,normalized,Oil_Rent_Intensive_Pre2016_ge1pct,Future_Period,train_to_2015__test_from_2016,ElasticNet,added_model_vs_strongest_benchmark,0.028000000000000042,0.9985
M2_Macro_Oil_vs_M3_Macro_Oil_RegQuality__normalized__Oil_Rent_Intensive_Pre2016_ge1pct,Regulatory_Quality_lag1,normalized,Oil_Rent_Intensive_Pre2016_ge1pct,Future_Period,train_to_2015__test_from_2016,ElasticNet,added_model_vs_strongest_benchmark,0.028500000000000043,0.9985
M2_Macro_Oil_vs_M3_Macro_Oil_RegQuality__normalized__Oil_Rent_Intensive_Pre2016_ge1pct,Regulatory_Quality_lag1,normalized,Oil_Rent_Intensive_Pre2016_ge1pct,Future_Period,train_to_2015__test_from_2016,ElasticNet,added_model_vs_strongest_benchmark,0.029000000000000043,0.9985
M2_Macro_Oil_vs_M3_Macro_Oil_RegQuality__normalized__Oil_Rent_Intensive_Pre2016_ge1pct,Regulatory_Quality_lag1,normalized,Oil_Rent_Intensive_Pre2016_ge1pct,Future_Period,train_to_2015__test_from_2016,ElasticNet,added_model_vs_strongest_benchmark,0.029500000000000044,0.9985
M2_Macro_Oil_vs_M3_Macro_Oil_RegQuality__normalized__Oil_Rent_Intensive_Pre2016_ge1pct,Regulatory_Quality_lag1,normalized,Oil_Rent_Intensive_Pre2016_ge1pct,Future_Period,train_to_2015__test_from_2016,ElasticNet,added_model_vs_strongest_benchmark,0.030000000000000044,0.9985
M2_Macro_Oil_vs_M3_Macro_Oil_RegQuality__normalized__Oil_Rent_Intensive_Pre2016_ge1pct,Regulatory_Quality_lag1,normalized,Oil_Rent_Intensive_Pre2016_ge1pct,Future_Period,train_to_2015__test_from_2016,RandomForest,signal_increment,-0.02,0.6025
M2_Macro_Oil_vs_M3_Macro_Oil_RegQuality__normalized__Oil_Rent_Intensive_Pre2016_ge1pct,Regulatory_Quality_lag1,normalized,Oil_Rent_Intensive_Pre2016_ge1pct,Future_Period,train_to_2015__test_from_2016,RandomForest,signal_increment,-0.0195,0.5915
M2_Macro_Oil_vs_M3_Macro_Oil_RegQuality__normalized__Oil_Rent_Intensive_Pre2016_ge1pct,Regulatory_Quality_lag1,normalized,Oil_Rent_Intensive_Pre2016_ge1pct,Future_Period,train_to_2015__test_from_2016,RandomForest,signal_increment,-0.019,0.58
M2_Macro_Oil_vs_M3_Macro_Oil_RegQuality__normalized__Oil_Rent_Intensive_Pre2016_ge1pct,Regulatory_Quality_lag1,normalized,Oil_Rent_Intensive_Pre2016_ge1pct,Future_Period,train_to_2015__test_from_2016,RandomForest,signal_increment,-0.0185,0.5675
M2_Macro_Oil_vs_M3_Macro_Oil_RegQuality__normalized__Oil_Rent_Intensive_Pre2016_ge1pct,Regulatory_Quality_lag1,normalized,Oil_Rent_Intensive_Pre2016_ge1pct,Future_Period,train_to_2015__test_from_2016,RandomForest,signal_increment,-0.018,0.549
M2_Macro_Oil_vs_M3_Macro_Oil_RegQuality__normalized__Oil_Rent_Intensive_Pre2016_ge1pct,Regulatory_Quality_lag1,normalized,Oil_Rent_Intensive_Pre2016_ge1pct,Future_Period,train_to_2015__test_from_2016,RandomForest,signal_increment,-0.017499999999999998,0.5355
M2_Macro_Oil_vs_M3_Macro_Oil_RegQuality__normalized__Oil_Rent_Intensive_Pre2016_ge1pct,Regulatory_Quality_lag1,normalized,Oil_Rent_Intensive_Pre2016_ge1pct,Future_Period,train_to_2015__test_from_2016,RandomForest,signal_increment,-0.016999999999999998,0.523
M2_Macro_Oil_vs_M3_Macro_Oil_RegQuality__normalized__Oil_Rent_Intensive_Pre2016_ge1pct,Regulatory_Quality_lag1,normalized,Oil_Rent_Intensive_Pre2016_ge1pct,Future_Period,train_to_2015__test_from_2016,RandomForest,signal_increment,-0.016499999999999997,0.5095
M2_Macro_Oil_vs_M3_Macro_Oil_RegQuality__normalized__Oil_Rent_Intensive_Pre2016_ge1pct,Regulatory_Quality_lag1,normalized,Oil_Rent_Intensive_Pre2016_ge1pct,Future_Period,train_to_2015__test_from_2016,RandomForest,signal_increment,-0.015999999999999997,0.4955
M2_Macro_Oil_vs_M3_Macro_Oil_RegQuality__normalized__Oil_Rent_Intensive_Pre2016_ge1pct,Regulatory_Quality_lag1,normalized,Oil_Rent_Intensive_Pre2016_ge1pct,Future_Period,train_to_2015__test_from_2016,RandomForest,signal_increment,-0.015499999999999996,0.4795
M2_Macro_Oil_vs_M3_Macro_Oil_RegQuality__normalized__Oil_Rent_Intensive_Pre2016_ge1pct,Regulatory_Quality_lag1,normalized,Oil_Rent_Intensive_Pre2016_ge1pct,Future_Period,train_to_2015__test_from_2016,RandomForest,signal_increment,-0.014999999999999996,0.466
M2_Macro_Oil_vs_M3_Macro_Oil_RegQuality__normalized__Oil_Rent_Intensive_Pre2016_ge1pct,Regulatory_Quality_lag1,normalized,Oil_Rent_Intensive_Pre2016_ge1pct,Future_Period,train_to_2015__test_from_2016,RandomForest,signal_increment,-0.014499999999999996,0.4535
M2_Macro_Oil_vs_M3_Macro_Oil_RegQuality__normalized__Oil_Rent_Intensive_Pre2016_ge1pct,Regulatory_Quality_lag1,normalized,Oil_Rent_Intensive_Pre2016_ge1pct,Future_Period,train_to_2015__test_from_2016,RandomForest,signal_increment,-0.013999999999999995,0.435
M2_Macro_Oil_vs_M3_Macro_Oil_RegQuality__normalized__Oil_Rent_Intensive_Pre2016_ge1pct,Regulatory_Quality_lag1,normalized,Oil_Rent_Intensive_Pre2016_ge1pct,Future_Period,train_to_2015__test_from_2016,RandomForest,signal_increment,-0.013499999999999995,0.423
M2_Macro_Oil_vs_M3_Macro_Oil_RegQuality__normalized__Oil_Rent_Intensive_Pre2016_ge1pct,Regulatory_Quality_lag1,normalized,Oil_Rent_Intensive_Pre2016_ge1pct,Future_Period,train_to_2015__test_from_2016,RandomForest,signal_increment,-0.012999999999999994,0.405
M2_Macro_Oil_vs_M3_Macro_Oil_RegQuality__normalized__Oil_Rent_Intensive_Pre2016_ge1pct,Regulatory_Quality_lag1,normalized,Oil_Rent_Intensive_Pre2016_ge1pct,Future_Period,train_to_2015__test_from_2016,RandomForest,signal_increment,-0.012499999999999994,0.385
M2_Macro_Oil_vs_M3_Macro_Oil_RegQuality__normalized__Oil_Rent_Intensive_Pre2016_ge1pct,Regulatory_Quality_lag1,normalized,Oil_Rent_Intensive_Pre2016_ge1pct,Future_Period,train_to_2015__test_from_2016,RandomForest,signal_increment,-0.011999999999999993,0.3725
M2_Macro_Oil_vs_M3_Macro_Oil_RegQuality__normalized__Oil_Rent_Intensive_Pre2016_ge1pct,Regulatory_Quality_lag1,normalized,Oil_Rent_Intensive_Pre2016_ge1pct,Future_Period,train_to_2015__test_from_2016,RandomForest,signal_increment,-0.011499999999999993,0.3565
M2_Macro_Oil_vs_M3_Macro_Oil_RegQuality__normalized__Oil_Rent_Intensive_Pre2016_ge1pct,Regulatory_Quality_lag1,normalized,Oil_Rent_Intensive_Pre2016_ge1pct,Future_Period,train_to_2015__test_from_2016,RandomForest,signal_increment,-0.010999999999999992,0.344
M2_Macro_Oil_vs_M3_Macro_Oil_RegQuality__normalized__Oil_Rent_Intensive_Pre2016_ge1pct,Regulatory_Quality_lag1,normalized,Oil_Rent_Intensive_Pre2016_ge1pct,Future_Period,train_to_2015__test_from_2016,RandomForest,signal_increment,-0.010499999999999992,0.329
M2_Macro_Oil_vs_M3_Macro_Oil_RegQuality__normalized__Oil_Rent_Intensive_Pre2016_ge1pct,Regulatory_Quality_lag1,normalized,Oil_Rent_Intensive_Pre2016_ge1pct,Future_Period,train_to_2015__test_from_2016,RandomForest,signal_increment,-0.009999999999999992,0.316
M2_Macro_Oil_vs_M3_Macro_Oil_RegQuality__normalized__Oil_Rent_Intensive_Pre2016_ge1pct,Regulatory_Quality_lag1,normalized,Oil_Rent_Intensive_Pre2016_ge1pct,Future_Period,train_to_2015__test_from_2016,RandomForest,signal_increment,-0.009499999999999991,0.3005
M2_Macro_Oil_vs_M3_Macro_Oil_RegQuality__normalized__Oil_Rent_Intensive_Pre2016_ge1pct,Regulatory_Quality_lag1,normalized,Oil_Rent_Intensive_Pre2016_ge1pct,Future_Period,train_to_2015__test_from_2016,RandomForest,signal_increment,-0.00899999999999999,0.292
M2_Macro_Oil_vs_M3_Macro_Oil_RegQuality__normalized__Oil_Rent_Intensive_Pre2016_ge1pct,Regulatory_Quality_lag1,normalized,Oil_Rent_Intensive_Pre2016_ge1pct,Future_Period,train_to_2015__test_from_2016,RandomForest,signal_increment,-0.00849999999999999,0.276
M2_Macro_Oil_vs_M3_Macro_Oil_RegQuality__normalized__Oil_Rent_Intensive_Pre2016_ge1pct,Regulatory_Quality_lag1,normalized,Oil_Rent_Intensive_Pre2016_ge1pct,Future_Period,train_to_2015__test_from_2016,RandomForest,signal_increment,-0.00799999999999999,0.2635
M2_Macro_Oil_vs_M3_Macro_Oil_RegQuality__normalized__Oil_Rent_Intensive_Pre2016_ge1pct,Regulatory_Quality_lag1,normalized,Oil_Rent_Intensive_Pre2016_ge1pct,Future_Period,train_to_2015__test_from_2016,RandomForest,signal_increment,-0.007499999999999989,0.252
M2_Macro_Oil_vs_M3_Macro_Oil_RegQuality__normalized__Oil_Rent_Intensive_Pre2016_ge1pct,Regulatory_Quality_lag1,normalized,Oil_Rent_Intensive_Pre2016_ge1pct,Future_Period,train_to_2015__test_from_2016,RandomForest,signal_increment,-0.006999999999999989,0.2425
M2_Macro_Oil_vs_M3_Macro_Oil_RegQuality__normalized__Oil_Rent_Intensive_Pre2016_ge1pct,Regulatory_Quality_lag1,normalized,Oil_Rent_Intensive_Pre2016_ge1pct,Future_Period,train_to_2015__test_from_2016,RandomForest,signal_increment,-0.006499999999999988,0.231
M2_Macro_Oil_vs_M3_Macro_Oil_RegQuality__normalized__Oil_Rent_Intensive_Pre2016_ge1pct,Regulatory_Quality_lag1,normalized,Oil_Rent_Intensive_Pre2016_ge1pct,Future_Period,train_to_2015__test_from_2016,RandomForest,signal_increment,-0.005999999999999988,0.225
M2_Macro_Oil_vs_M3_Macro_Oil_RegQuality__normalized__Oil_Rent_Intensive_Pre2016_ge1pct,Regulatory_Quality_lag1,normalized,Oil_Rent_Intensive_Pre2016_ge1pct,Future_Period,train_to_2015__test_from_2016,RandomForest,signal_increment,-0.0054999999999999875,0.216
M2_Macro_Oil_vs_M3_Macro_Oil_RegQuality__normalized__Oil_Rent_Intensive_Pre2016_ge1pct,Regulatory_Quality_lag1,normalized,Oil_Rent_Intensive_Pre2016_ge1pct,Future_Period,train_to_2015__test_from_2016,RandomForest,signal_increment,-0.004999999999999987,0.205
M2_Macro_Oil_vs_M3_Macro_Oil_RegQuality__normalized__Oil_Rent_Intensive_Pre2016_ge1pct,Regulatory_Quality_lag1,normalized,Oil_Rent_Intensive_Pre2016_ge1pct,Future_Period,train_to_2015__test_from_2016,RandomForest,signal_increment,-0.004499999999999987,0.1955
M2_Macro_Oil_vs_M3_Macro_Oil_RegQuality__normalized__Oil_Rent_Intensive_Pre2016_ge1pct,Regulatory_Quality_lag1,normalized,Oil_Rent_Intensive_Pre2016_ge1pct,Future_Period,train_to_2015__test_from_2016,RandomForest,signal_increment,-0.003999999999999986,0.183
M2_Macro_Oil_vs_M3_Macro_Oil_RegQuality__normalized__Oil_Rent_Intensive_Pre2016_ge1pct,Regulatory_Quality_lag1,normalized,Oil_Rent_Intensive_Pre2016_ge1pct,Future_Period,train_to_2015__test_from_2016,RandomForest,signal_increment,-0.0034999999999999858,0.174
M2_Macro_Oil_vs_M3_Macro_Oil_RegQuality__normalized__Oil_Rent_Intensive_Pre2016_ge1pct,Regulatory_Quality_lag1,normalized,Oil_Rent_Intensive_Pre2016_ge1pct,Future_Period,train_to_2015__test_from_2016,RandomForest,signal_increment,-0.0029999999999999853,0.1665
M2_Macro_Oil_vs_M3_Macro_Oil_RegQuality__normalized__Oil_Rent_Intensive_Pre2016_ge1pct,Regulatory_Quality_lag1,normalized,Oil_Rent_Intensive_Pre2016_ge1pct,Future_Period,train_to_2015__test_from_2016,RandomForest,signal_increment,-0.002499999999999985,0.155
M2_Macro_Oil_vs_M3_Macro_Oil_RegQuality__normalized__Oil_Rent_Intensive_Pre2016_ge1pct,Regulatory_Quality_lag1,normalized,Oil_Rent_Intensive_Pre2016_ge1pct,Future_Period,train_to_2015__test_from_2016,RandomForest,signal_increment,-0.0019999999999999844,0.1485
M2_Macro_Oil_vs_M3_Macro_Oil_RegQuality__normalized__Oil_Rent_Intensive_Pre2016_ge1pct,Regulatory_Quality_lag1,normalized,Oil_Rent_Intensive_Pre2016_ge1pct,Future_Period,train_to_2015__test_from_2016,RandomForest,signal_increment,-0.001499999999999984,0.1425
M2_Macro_Oil_vs_M3_Macro_Oil_RegQuality__normalized__Oil_Rent_Intensive_Pre2016_ge1pct,Regulatory_Quality_lag1,normalized,Oil_Rent_Intensive_Pre2016_ge1pct,Future_Period,train_to_2015__test_from_2016,RandomForest,signal_increment,-0.0009999999999999835,0.1355
M2_Macro_Oil_vs_M3_Macro_Oil_RegQuality__normalized__Oil_Rent_Intensive_Pre2016_ge1pct,Regulatory_Quality_lag1,normalized,Oil_Rent_Intensive_Pre2016_ge1pct,Future_Period,train_to_2015__test_from_2016,RandomForest,signal_increment,-0.0004999999999999831,0.1295
M2_Macro_Oil_vs_M3_Macro_Oil_RegQuality__normalized__Oil_Rent_Intensive_Pre2016_ge1pct,Regulatory_Quality_lag1,normalized,Oil_Rent_Intensive_Pre2016_ge1pct,Future_Period,train_to_2015__test_from_2016,RandomForest,signal_increment,1.734723475976807e-17,0.1155
M2_Macro_Oil_vs_M3_Macro_Oil_RegQuality__normalized__Oil_Rent_Intensive_Pre2016_ge1pct,Regulatory_Quality_lag1,normalized,Oil_Rent_Intensive_Pre2016_ge1pct,Future_Period,train_to_2015__test_from_2016,RandomForest,signal_increment,0.0005000000000000178,0.1105
M2_Macro_Oil_vs_M3_Macro_Oil_RegQuality__normalized__Oil_Rent_Intensive_Pre2016_ge1pct,Regulatory_Quality_lag1,normalized,Oil_Rent_Intensive_Pre2016_ge1pct,Future_Period,train_to_2015__test_from_2016,RandomForest,signal_increment,0.0010000000000000182,0.102
M2_Macro_Oil_vs_M3_Macro_Oil_RegQuality__normalized__Oil_Rent_Intensive_Pre2016_ge1pct,Regulatory_Quality_lag1,normalized,Oil_Rent_Intensive_Pre2016_ge1pct,Future_Period,train_to_2015__test_from_2016,RandomForest,signal_increment,0.0015000000000000187,0.095
M2_Macro_Oil_vs_M3_Macro_Oil_RegQuality__normalized__Oil_Rent_Intensive_Pre2016_ge1pct,Regulatory_Quality_lag1,normalized,Oil_Rent_Intensive_Pre2016_ge1pct,Future_Period,train_to_2015__test_from_2016,RandomForest,signal_increment,0.002000000000000019,0.0885
M2_Macro_Oil_vs_M3_Macro_Oil_RegQuality__normalized__Oil_Rent_Intensive_Pre2016_ge1pct,Regulatory_Quality_lag1,normalized,Oil_Rent_Intensive_Pre2016_ge1pct,Future_Period,train_to_2015__test_from_2016,RandomForest,signal_increment,0.0025000000000000196,0.084
M2_Macro_Oil_vs_M3_Macro_Oil_RegQuality__normalized__Oil_Rent_Intensive_Pre2016_ge1pct,Regulatory_Quality_lag1,normalized,Oil_Rent_Intensive_Pre2016_ge1pct,Future_Period,train_to_2015__test_from_2016,RandomForest,signal_increment,0.00300000000000002,0.0775
M2_Macro_Oil_vs_M3_Macro_Oil_RegQuality__normalized__Oil_Rent_Intensive_Pre2016_ge1pct,Regulatory_Quality_lag1,normalized,Oil_Rent_Intensive_Pre2016_ge1pct,Future_Period,train_to_2015__test_from_2016,RandomForest,signal_increment,0.0035000000000000205,0.072
M2_Macro_Oil_vs_M3_Macro_Oil_RegQuality__normalized__Oil_Rent_Intensive_Pre2016_ge1pct,Regulatory_Quality_lag1,normalized,Oil_Rent_Intensive_Pre2016_ge1pct,Future_Period,train_to_2015__test_from_2016,RandomForest,signal_increment,0.004000000000000021,0.067
M2_Macro_Oil_vs_M3_Macro_Oil_RegQuality__normalized__Oil_Rent_Intensive_Pre2016_ge1pct,Regulatory_Quality_lag1,normalized,Oil_Rent_Intensive_Pre2016_ge1pct,Future_Period,train_to_2015__test_from_2016,RandomForest,signal_increment,0.004500000000000021,0.0615
M2_Macro_Oil_vs_M3_Macro_Oil_RegQuality__normalized__Oil_Rent_Intensive_Pre2016_ge1pct,Regulatory_Quality_lag1,normalized,Oil_Rent_Intensive_Pre2016_ge1pct,Future_Period,train_to_2015__test_from_2016,RandomForest,signal_increment,0.005000000000000022,0.0585
M2_Macro_Oil_vs_M3_Macro_Oil_RegQuality__normalized__Oil_Rent_Intensive_Pre2016_ge1pct,Regulatory_Quality_lag1,normalized,Oil_Rent_Intensive_Pre2016_ge1pct,Future_Period,train_to_2015__test_from_2016,RandomForest,signal_increment,0.005500000000000022,0.0545
M2_Macro_Oil_vs_M3_Macro_Oil_RegQuality__normalized__Oil_Rent_Intensive_Pre2016_ge1pct,Regulatory_Quality_lag1,normalized,Oil_Rent_Intensive_Pre2016_ge1pct,Future_Period,train_to_2015__test_from_2016,RandomForest,signal_increment,0.006000000000000023,0.049
M2_Macro_Oil_vs_M3_Macro_Oil_RegQuality__normalized__Oil_Rent_Intensive_Pre2016_ge1pct,Regulatory_Quality_lag1,normalized,Oil_Rent_Intensive_Pre2016_ge1pct,Future_Period,train_to_2015__test_from_2016,RandomForest,signal_increment,0.006500000000000023,0.0445
M2_Macro_Oil_vs_M3_Macro_Oil_RegQuality__normalized__Oil_Rent_Intensive_Pre2016_ge1pct,Regulatory_Quality_lag1,normalized,Oil_Rent_Intensive_Pre2016_ge1pct,Future_Period,train_to_2015__test_from_2016,RandomForest,signal_increment,0.0070000000000000236,0.04
M2_Macro_Oil_vs_M3_Macro_Oil_RegQuality__normalized__Oil_Rent_Intensive_Pre2016_ge1pct,Regulatory_Quality_lag1,normalized,Oil_Rent_Intensive_Pre2016_ge1pct,Future_Period,train_to_2015__test_from_2016,RandomForest,signal_increment,0.007500000000000024,0.0385
M2_Macro_Oil_vs_M3_Macro_Oil_RegQuality__normalized__Oil_Rent_Intensive_Pre2016_ge1pct,Regulatory_Quality_lag1,normalized,Oil_Rent_Intensive_Pre2016_ge1pct,Future_Period,train_to_2015__test_from_2016,RandomForest,signal_increment,0.008000000000000024,0.035
M2_Macro_Oil_vs_M3_Macro_Oil_RegQuality__normalized__Oil_Rent_Intensive_Pre2016_ge1pct,Regulatory_Quality_lag1,normalized,Oil_Rent_Intensive_Pre2016_ge1pct,Future_Period,train_to_2015__test_from_2016,RandomForest,signal_increment,0.008500000000000025,0.0335
M2_Macro_Oil_vs_M3_Macro_Oil_RegQuality__normalized__Oil_Rent_Intensive_Pre2016_ge1pct,Regulatory_Quality_lag1,normalized,Oil_Rent_Intensive_Pre2016_ge1pct,Future_Period,train_to_2015__test_from_2016,RandomForest,signal_increment,0.009000000000000025,0.03
M2_Macro_Oil_vs_M3_Macro_Oil_RegQuality__normalized__Oil_Rent_Intensive_Pre2016_ge1pct,Regulatory_Quality_lag1,normalized,Oil_Rent_Intensive_Pre2016_ge1pct,Future_Period,train_to_2015__test_from_2016,RandomForest,signal_increment,0.009500000000000026,0.026
M2_Macro_Oil_vs_M3_Macro_Oil_RegQuality__normalized__Oil_Rent_Intensive_Pre2016_ge1pct,Regulatory_Quality_lag1,normalized,Oil_Rent_Intensive_Pre2016_ge1pct,Future_Period,train_to_2015__test_from_2016,RandomForest,signal_increment,0.010000000000000026,0.023
M2_Macro_Oil_vs_M3_Macro_Oil_RegQuality__normalized__Oil_Rent_Intensive_Pre2016_ge1pct,Regulatory_Quality_lag1,normalized,Oil_Rent_Intensive_Pre2016_ge1pct,Future_Period,train_to_2015__test_from_2016,RandomForest,signal_increment,0.010500000000000027,0.0225
M2_Macro_Oil_vs_M3_Macro_Oil_RegQuality__normalized__Oil_Rent_Intensive_Pre2016_ge1pct,Regulatory_Quality_lag1,normalized,Oil_Rent_Intensive_Pre2016_ge1pct,Future_Period,train_to_2015__test_from_2016,RandomForest,signal_increment,0.011000000000000027,0.022
M2_Macro_Oil_vs_M3_Macro_Oil_RegQuality__normalized__Oil_Rent_Intensive_Pre2016_ge1pct,Regulatory_Quality_lag1,normalized,Oil_Rent_Intensive_Pre2016_ge1pct,Future_Period,train_to_2015__test_from_2016,RandomForest,signal_increment,0.011500000000000028,0.02
M2_Macro_Oil_vs_M3_Macro_Oil_RegQuality__normalized__Oil_Rent_Intensive_Pre2016_ge1pct,Regulatory_Quality_lag1,normalized,Oil_Rent_Intensive_Pre2016_ge1pct,Future_Period,train_to_2015__test_from_2016,RandomForest,signal_increment,0.012000000000000028,0.019
M2_Macro_Oil_vs_M3_Macro_Oil_RegQuality__normalized__Oil_Rent_Intensive_Pre2016_ge1pct,Regulatory_Quality_lag1,normalized,Oil_Rent_Intensive_Pre2016_ge1pct,Future_Period,train_to_2015__test_from_2016,RandomForest,signal_increment,0.012500000000000028,0.017
M2_Macro_Oil_vs_M3_Macro_Oil_RegQuality__normalized__Oil_Rent_Intensive_Pre2016_ge1pct,Regulatory_Quality_lag1,normalized,Oil_Rent_Intensive_Pre2016_ge1pct,Future_Period,train_to_2015__test_from_2016,RandomForest,signal_increment,0.013000000000000029,0.015
M2_Macro_Oil_vs_M3_Macro_Oil_RegQuality__normalized__Oil_Rent_Intensive_Pre2016_ge1pct,Regulatory_Quality_lag1,normalized,Oil_Rent_Intensive_Pre2016_ge1pct,Future_Period,train_to_2015__test_from_2016,RandomForest,signal_increment,0.01350000000000003,0.0145
M2_Macro_Oil_vs_M3_Macro_Oil_RegQuality__normalized__Oil_Rent_Intensive_Pre2016_ge1pct,Regulatory_Quality_lag1,normalized,Oil_Rent_Intensive_Pre2016_ge1pct,Future_Period,train_to_2015__test_from_2016,RandomForest,signal_increment,0.01400000000000003,0.0145
M2_Macro_Oil_vs_M3_Macro_Oil_RegQuality__normalized__Oil_Rent_Intensive_Pre2016_ge1pct,Regulatory_Quality_lag1,normalized,Oil_Rent_Intensive_Pre2016_ge1pct,Future_Period,train_to_2015__test_from_2016,RandomForest,signal_increment,0.01450000000000003,0.0135
M2_Macro_Oil_vs_M3_Macro_Oil_RegQuality__normalized__Oil_Rent_Intensive_Pre2016_ge1pct,Regulatory_Quality_lag1,normalized,Oil_Rent_Intensive_Pre2016_ge1pct,Future_Period,train_to_2015__test_from_2016,RandomForest,signal_increment,0.01500000000000003,0.01
M2_Macro_Oil_vs_M3_Macro_Oil_RegQuality__normalized__Oil_Rent_Intensive_Pre2016_ge1pct,Regulatory_Quality_lag1,normalized,Oil_Rent_Intensive_Pre2016_ge1pct,Future_Period,train_to_2015__test_from_2016,RandomForest,signal_increment,0.015500000000000031,0.009
M2_Macro_Oil_vs_M3_Macro_Oil_RegQuality__normalized__Oil_Rent_Intensive_Pre2016_ge1pct,Regulatory_Quality_lag1,normalized,Oil_Rent_Intensive_Pre2016_ge1pct,Future_Period,train_to_2015__test_from_2016,RandomForest,signal_increment,0.01600000000000003,0.0085
M2_Macro_Oil_vs_M3_Macro_Oil_RegQuality__normalized__Oil_Rent_Intensive_Pre2016_ge1pct,Regulatory_Quality_lag1,normalized,Oil_Rent_Intensive_Pre2016_ge1pct,Future_Period,train_to_2015__test_from_2016,RandomForest,signal_increment,0.016500000000000032,0.0075
M2_Macro_Oil_vs_M3_Macro_Oil_RegQuality__normalized__Oil_Rent_Intensive_Pre2016_ge1pct,Regulatory_Quality_lag1,normalized,Oil_Rent_Intensive_Pre2016_ge1pct,Future_Period,train_to_2015__test_from_2016,RandomForest,signal_increment,0.017000000000000032,0.0065
M2_Macro_Oil_vs_M3_Macro_Oil_RegQuality__normalized__Oil_Rent_Intensive_Pre2016_ge1pct,Regulatory_Quality_lag1,normalized,Oil_Rent_Intensive_Pre2016_ge1pct,Future_Period,train_to_2015__test_from_2016,RandomForest,signal_increment,0.017500000000000033,0.0055
M2_Macro_Oil_vs_M3_Macro_Oil_RegQuality__normalized__Oil_Rent_Intensive_Pre2016_ge1pct,Regulatory_Quality_lag1,normalized,Oil_Rent_Intensive_Pre2016_ge1pct,Future_Period,train_to_2015__test_from_2016,RandomForest,signal_increment,0.018000000000000033,0.0055
M2_Macro_Oil_vs_M3_Macro_Oil_RegQuality__normalized__Oil_Rent_Intensive_Pre2016_ge1pct,Regulatory_Quality_lag1,normalized,Oil_Rent_Intensive_Pre2016_ge1pct,Future_Period,train_to_2015__test_from_2016,RandomForest,signal_increment,0.018500000000000034,0.0055
M2_Macro_Oil_vs_M3_Macro_Oil_RegQuality__normalized__Oil_Rent_Intensive_Pre2016_ge1pct,Regulatory_Quality_lag1,normalized,Oil_Rent_Intensive_Pre2016_ge1pct,Future_Period,train_to_2015__test_from_2016,RandomForest,signal_increment,0.019000000000000034,0.0045
M2_Macro_Oil_vs_M3_Macro_Oil_RegQuality__normalized__Oil_Rent_Intensive_Pre2016_ge1pct,Regulatory_Quality_lag1,normalized,Oil_Rent_Intensive_Pre2016_ge1pct,Future_Period,train_to_2015__test_from_2016,RandomForest,signal_increment,0.019500000000000035,0.004
M2_Macro_Oil_vs_M3_Macro_Oil_RegQuality__normalized__Oil_Rent_Intensive_Pre2016_ge1pct,Regulatory_Quality_lag1,normalized,Oil_Rent_Intensive_Pre2016_ge1pct,Future_Period,train_to_2015__test_from_2016,RandomForest,signal_increment,0.020000000000000035,0.004
M2_Macro_Oil_vs_M3_Macro_Oil_RegQuality__normalized__Oil_Rent_Intensive_Pre2016_ge1pct,Regulatory_Quality_lag1,normalized,Oil_Rent_Intensive_Pre2016_ge1pct,Future_Period,train_to_2015__test_from_2016,RandomForest,signal_increment,0.020500000000000036,0.0035
M2_Macro_Oil_vs_M3_Macro_Oil_RegQuality__normalized__Oil_Rent_Intensive_Pre2016_ge1pct,Regulatory_Quality_lag1,normalized,Oil_Rent_Intensive_Pre2016_ge1pct,Future_Period,train_to_2015__test_from_2016,RandomForest,signal_increment,0.021000000000000036,0.003
M2_Macro_Oil_vs_M3_Macro_Oil_RegQuality__normalized__Oil_Rent_Intensive_Pre2016_ge1pct,Regulatory_Quality_lag1,normalized,Oil_Rent_Intensive_Pre2016_ge1pct,Future_Period,train_to_2015__test_from_2016,RandomForest,signal_increment,0.021500000000000036,0.003
M2_Macro_Oil_vs_M3_Macro_Oil_RegQuality__normalized__Oil_Rent_Intensive_Pre2016_ge1pct,Regulatory_Quality_lag1,normalized,Oil_Rent_Intensive_Pre2016_ge1pct,Future_Period,train_to_2015__test_from_2016,RandomForest,signal_increment,0.022000000000000037,0.0025
M2_Macro_Oil_vs_M3_Macro_Oil_RegQuality__normalized__Oil_Rent_Intensive_Pre2016_ge1pct,Regulatory_Quality_lag1,normalized,Oil_Rent_Intensive_Pre2016_ge1pct,Future_Period,train_to_2015__test_from_2016,RandomForest,signal_increment,0.022500000000000037,0.002
M2_Macro_Oil_vs_M3_Macro_Oil_RegQuality__normalized__Oil_Rent_Intensive_Pre2016_ge1pct,Regulatory_Quality_lag1,normalized,Oil_Rent_Intensive_Pre2016_ge1pct,Future_Period,train_to_2015__test_from_2016,RandomForest,signal_increment,0.023000000000000038,0.001
M2_Macro_Oil_vs_M3_Macro_Oil_RegQuality__normalized__Oil_Rent_Intensive_Pre2016_ge1pct,Regulatory_Quality_lag1,normalized,Oil_Rent_Intensive_Pre2016_ge1pct,Future_Period,train_to_2015__test_from_2016,RandomForest,signal_increment,0.023500000000000038,0.001
M2_Macro_Oil_vs_M3_Macro_Oil_RegQuality__normalized__Oil_Rent_Intensive_Pre2016_ge1pct,Regulatory_Quality_lag1,normalized,Oil_Rent_Intensive_Pre2016_ge1pct,Future_Period,train_to_2015__test_from_2016,RandomForest,signal_increment,0.02400000000000004,0.001
M2_Macro_Oil_vs_M3_Macro_Oil_RegQuality__normalized__Oil_Rent_Intensive_Pre2016_ge1pct,Regulatory_Quality_lag1,normalized,Oil_Rent_Intensive_Pre2016_ge1pct,Future_Period,train_to_2015__test_from_2016,RandomForest,signal_increment,0.02450000000000004,0.0005
M2_Macro_Oil_vs_M3_Macro_Oil_RegQuality__normalized__Oil_Rent_Intensive_Pre2016_ge1pct,Regulatory_Quality_lag1,normalized,Oil_Rent_Intensive_Pre2016_ge1pct,Future_Period,train_to_2015__test_from_2016,RandomForest,signal_increment,0.02500000000000004,0.0005
M2_Macro_Oil_vs_M3_Macro_Oil_RegQuality__normalized__Oil_Rent_Intensive_Pre2016_ge1pct,Regulatory_Quality_lag1,normalized,Oil_Rent_Intensive_Pre2016_ge1pct,Future_Period,train_to_2015__test_from_2016,RandomForest,signal_increment,0.02550000000000004,0.0005
M2_Macro_Oil_vs_M3_Macro_Oil_RegQuality__normalized__Oil_Rent_Intensive_Pre2016_ge1pct,Regulatory_Quality_lag1,normalized,Oil_Rent_Intensive_Pre2016_ge1pct,Future_Period,train_to_2015__test_from_2016,RandomForest,signal_increment,0.02600000000000004,0.0005
M2_Macro_Oil_vs_M3_Macro_Oil_RegQuality__normalized__Oil_Rent_Intensive_Pre2016_ge1pct,Regulatory_Quality_lag1,normalized,Oil_Rent_Intensive_Pre2016_ge1pct,Future_Period,train_to_2015__test_from_2016,RandomForest,signal_increment,0.02650000000000004,0.0
M2_Macro_Oil_vs_M3_Macro_Oil_RegQuality__normalized__Oil_Rent_Intensive_Pre2016_ge1pct,Regulatory_Quality_lag1,normalized,Oil_Rent_Intensive_Pre2016_ge1pct,Future_Period,train_to_2015__test_from_2016,RandomForest,signal_increment,0.02700000000000004,0.0
M2_Macro_Oil_vs_M3_Macro_Oil_RegQuality__normalized__Oil_Rent_Intensive_Pre2016_ge1pct,Regulatory_Quality_lag1,normalized,Oil_Rent_Intensive_Pre2016_ge1pct,Future_Period,train_to_2015__test_from_2016,RandomForest,signal_increment,0.027500000000000042,0.0
M2_Macro_Oil_vs_M3_Macro_Oil_RegQuality__normalized__Oil_Rent_Intensive_Pre2016_ge1pct,Regulatory_Quality_lag1,normalized,Oil_Rent_Intensive_Pre2016_ge1pct,Future_Period,train_to_2015__test_from_2016,RandomForest,signal_increment,0.028000000000000042,0.0
M2_Macro_Oil_vs_M3_Macro_Oil_RegQuality__normalized__Oil_Rent_Intensive_Pre2016_ge1pct,Regulatory_Quality_lag1,normalized,Oil_Rent_Intensive_Pre2016_ge1pct,Future_Period,train_to_2015__test_from_2016,RandomForest,signal_increment,0.028500000000000043,0.0
M2_Macro_Oil_vs_M3_Macro_Oil_RegQuality__normalized__Oil_Rent_Intensive_Pre2016_ge1pct,Regulatory_Quality_lag1,normalized,Oil_Rent_Intensive_Pre2016_ge1pct,Future_Period,train_to_2015__test_from_2016,RandomForest,signal_increment,0.029000000000000043,0.0
M2_Macro_Oil_vs_M3_Macro_Oil_RegQuality__normalized__Oil_Rent_Intensive_Pre2016_ge1pct,Regulatory_Quality_lag1,normalized,Oil_Rent_Intensive_Pre2016_ge1pct,Future_Period,train_to_2015__test_from_2016,RandomForest,signal_increment,0.029500000000000044,0.0
M2_Macro_Oil_vs_M3_Macro_Oil_RegQuality__normalized__Oil_Rent_Intensive_Pre2016_ge1pct,Regulatory_Quality_lag1,normalized,Oil_Rent_Intensive_Pre2016_ge1pct,Future_Period,train_to_2015__test_from_2016,RandomForest,signal_increment,0.030000000000000044,0.0
M2_Macro_Oil_vs_M3_Macro_Oil_RegQuality__normalized__Oil_Rent_Intensive_Pre2016_ge1pct,Regulatory_Quality_lag1,normalized,Oil_Rent_Intensive_Pre2016_ge1pct,Future_Period,train_to_2015__test_from_2016,RandomForest,added_model_vs_strongest_benchmark,-0.02,0.994
M2_Macro_Oil_vs_M3_Macro_Oil_RegQuality__normalized__Oil_Rent_Intensive_Pre2016_ge1pct,Regulatory_Quality_lag1,normalized,Oil_Rent_Intensive_Pre2016_ge1pct,Future_Period,train_to_2015__test_from_2016,RandomForest,added_model_vs_strongest_benchmark,-0.0195,0.9935
M2_Macro_Oil_vs_M3_Macro_Oil_RegQuality__normalized__Oil_Rent_Intensive_Pre2016_ge1pct,Regulatory_Quality_lag1,normalized,Oil_Rent_Intensive_Pre2016_ge1pct,Future_Period,train_to_2015__test_from_2016,RandomForest,added_model_vs_strongest_benchmark,-0.019,0.993
M2_Macro_Oil_vs_M3_Macro_Oil_RegQuality__normalized__Oil_Rent_Intensive_Pre2016_ge1pct,Regulatory_Quality_lag1,normalized,Oil_Rent_Intensive_Pre2016_ge1pct,Future_Period,train_to_2015__test_from_2016,RandomForest,added_model_vs_strongest_benchmark,-0.0185,0.9925
M2_Macro_Oil_vs_M3_Macro_Oil_RegQuality__normalized__Oil_Rent_Intensive_Pre2016_ge1pct,Regulatory_Quality_lag1,normalized,Oil_Rent_Intensive_Pre2016_ge1pct,Future_Period,train_to_2015__test_from_2016,RandomForest,added_model_vs_strongest_benchmark,-0.018,0.9915
M2_Macro_Oil_vs_M3_Macro_Oil_RegQuality__normalized__Oil_Rent_Intensive_Pre2016_ge1pct,Regulatory_Quality_lag1,normalized,Oil_Rent_Intensive_Pre2016_ge1pct,Future_Period,train_to_2015__test_from_2016,RandomForest,added_model_vs_strongest_benchmark,-0.017499999999999998,0.991
M2_Macro_Oil_vs_M3_Macro_Oil_RegQuality__normalized__Oil_Rent_Intensive_Pre2016_ge1pct,Regulatory_Quality_lag1,normalized,Oil_Rent_Intensive_Pre2016_ge1pct,Future_Period,train_to_2015__test_from_2016,RandomForest,added_model_vs_strongest_benchmark,-0.016999999999999998,0.991
M2_Macro_Oil_vs_M3_Macro_Oil_RegQuality__normalized__Oil_Rent_Intensive_Pre2016_ge1pct,Regulatory_Quality_lag1,normalized,Oil_Rent_Intensive_Pre2016_ge1pct,Future_Period,train_to_2015__test_from_2016,RandomForest,added_model_vs_strongest_benchmark,-0.016499999999999997,0.991
M2_Macro_Oil_vs_M3_Macro_Oil_RegQuality__normalized__Oil_Rent_Intensive_Pre2016_ge1pct,Regulatory_Quality_lag1,normalized,Oil_Rent_Intensive_Pre2016_ge1pct,Future_Period,train_to_2015__test_from_2016,RandomForest,added_model_vs_strongest_benchmark,-0.015999999999999997,0.991
M2_Macro_Oil_vs_M3_Macro_Oil_RegQuality__normalized__Oil_Rent_Intensive_Pre2016_ge1pct,Regulatory_Quality_lag1,normalized,Oil_Rent_Intensive_Pre2016_ge1pct,Future_Period,train_to_2015__test_from_2016,RandomForest,added_model_vs_strongest_benchmark,-0.015499999999999996,0.991
M2_Macro_Oil_vs_M3_Macro_Oil_RegQuality__normalized__Oil_Rent_Intensive_Pre2016_ge1pct,Regulatory_Quality_lag1,normalized,Oil_Rent_Intensive_Pre2016_ge1pct,Future_Period,train_to_2015__test_from_2016,RandomForest,added_model_vs_strongest_benchmark,-0.014999999999999996,0.991
M2_Macro_Oil_vs_M3_Macro_Oil_RegQuality__normalized__Oil_Rent_Intensive_Pre2016_ge1pct,Regulatory_Quality_lag1,normalized,Oil_Rent_Intensive_Pre2016_ge1pct,Future_Period,train_to_2015__test_from_2016,RandomForest,added_model_vs_strongest_benchmark,-0.014499999999999996,0.991
M2_Macro_Oil_vs_M3_Macro_Oil_RegQuality__normalized__Oil_Rent_Intensive_Pre2016_ge1pct,Regulatory_Quality_lag1,normalized,Oil_Rent_Intensive_Pre2016_ge1pct,Future_Period,train_to_2015__test_from_2016,RandomForest,added_model_vs_strongest_benchmark,-0.013999999999999995,0.991
M2_Macro_Oil_vs_M3_Macro_Oil_RegQuality__normalized__Oil_Rent_Intensive_Pre2016_ge1pct,Regulatory_Quality_lag1,normalized,Oil_Rent_Intensive_Pre2016_ge1pct,Future_Period,train_to_2015__test_from_2016,RandomForest,added_model_vs_strongest_benchmark,-0.013499999999999995,0.991
M2_Macro_Oil_vs_M3_Macro_Oil_RegQuality__normalized__Oil_Rent_Intensive_Pre2016_ge1pct,Regulatory_Quality_lag1,normalized,Oil_Rent_Intensive_Pre2016_ge1pct,Future_Period,train_to_2015__test_from_2016,RandomForest,added_model_vs_strongest_benchmark,-0.012999999999999994,0.991
M2_Macro_Oil_vs_M3_Macro_Oil_RegQuality__normalized__Oil_Rent_Intensive_Pre2016_ge1pct,Regulatory_Quality_lag1,normalized,Oil_Rent_Intensive_Pre2016_ge1pct,Future_Period,train_to_2015__test_from_2016,RandomForest,added_model_vs_strongest_benchmark,-0.012499999999999994,0.991
M2_Macro_Oil_vs_M3_Macro_Oil_RegQuality__normalized__Oil_Rent_Intensive_Pre2016_ge1pct,Regulatory_Quality_lag1,normalized,Oil_Rent_Intensive_Pre2016_ge1pct,Future_Period,train_to_2015__test_from_2016,RandomForest,added_model_vs_strongest_benchmark,-0.011999999999999993,0.991
M2_Macro_Oil_vs_M3_Macro_Oil_RegQuality__normalized__Oil_Rent_Intensive_Pre2016_ge1pct,Regulatory_Quality_lag1,normalized,Oil_Rent_Intensive_Pre2016_ge1pct,Future_Period,train_to_2015__test_from_2016,RandomForest,added_model_vs_strongest_benchmark,-0.011499999999999993,0.991
M2_Macro_Oil_vs_M3_Macro_Oil_RegQuality__normalized__Oil_Rent_Intensive_Pre2016_ge1pct,Regulatory_Quality_lag1,normalized,Oil_Rent_Intensive_Pre2016_ge1pct,Future_Period,train_to_2015__test_from_2016,RandomForest,added_model_vs_strongest_benchmark,-0.010999999999999992,0.991
M2_Macro_Oil_vs_M3_Macro_Oil_RegQuality__normalized__Oil_Rent_Intensive_Pre2016_ge1pct,Regulatory_Quality_lag1,normalized,Oil_Rent_Intensive_Pre2016_ge1pct,Future_Period,train_to_2015__test_from_2016,RandomForest,added_model_vs_strongest_benchmark,-0.010499999999999992,0.991
M2_Macro_Oil_vs_M3_Macro_Oil_RegQuality__normalized__Oil_Rent_Intensive_Pre2016_ge1pct,Regulatory_Quality_lag1,normalized,Oil_Rent_Intensive_Pre2016_ge1pct,Future_Period,train_to_2015__test_from_2016,RandomForest,added_model_vs_strongest_benchmark,-0.009999999999999992,0.991
M2_Macro_Oil_vs_M3_Macro_Oil_RegQuality__normalized__Oil_Rent_Intensive_Pre2016_ge1pct,Regulatory_Quality_lag1,normalized,Oil_Rent_Intensive_Pre2016_ge1pct,Future_Period,train_to_2015__test_from_2016,RandomForest,added_model_vs_strongest_benchmark,-0.009499999999999991,0.9905
M2_Macro_Oil_vs_M3_Macro_Oil_RegQuality__normalized__Oil_Rent_Intensive_Pre2016_ge1pct,Regulatory_Quality_lag1,normalized,Oil_Rent_Intensive_Pre2016_ge1pct,Future_Period,train_to_2015__test_from_2016,RandomForest,added_model_vs_strongest_benchmark,-0.00899999999999999,0.9905
M2_Macro_Oil_vs_M3_Macro_Oil_RegQuality__normalized__Oil_Rent_Intensive_Pre2016_ge1pct,Regulatory_Quality_lag1,normalized,Oil_Rent_Intensive_Pre2016_ge1pct,Future_Period,train_to_2015__test_from_2016,RandomForest,added_model_vs_strongest_benchmark,-0.00849999999999999,0.9905
M2_Macro_Oil_vs_M3_Macro_Oil_RegQuality__normalized__Oil_Rent_Intensive_Pre2016_ge1pct,Regulatory_Quality_lag1,normalized,Oil_Rent_Intensive_Pre2016_ge1pct,Future_Period,train_to_2015__test_from_2016,RandomForest,added_model_vs_strongest_benchmark,-0.00799999999999999,0.9905
M2_Macro_Oil_vs_M3_Macro_Oil_RegQuality__normalized__Oil_Rent_Intensive_Pre2016_ge1pct,Regulatory_Quality_lag1,normalized,Oil_Rent_Intensive_Pre2016_ge1pct,Future_Period,train_to_2015__test_from_2016,RandomForest,added_model_vs_strongest_benchmark,-0.007499999999999989,0.9895
M2_Macro_Oil_vs_M3_Macro_Oil_RegQuality__normalized__Oil_Rent_Intensive_Pre2016_ge1pct,Regulatory_Quality_lag1,normalized,Oil_Rent_Intensive_Pre2016_ge1pct,Future_Period,train_to_2015__test_from_2016,RandomForest,added_model_vs_strongest_benchmark,-0.006999999999999989,0.9895
M2_Macro_Oil_vs_M3_Macro_Oil_RegQuality__normalized__Oil_Rent_Intensive_Pre2016_ge1pct,Regulatory_Quality_lag1,normalized,Oil_Rent_Intensive_Pre2016_ge1pct,Future_Period,train_to_2015__test_from_2016,RandomForest,added_model_vs_strongest_benchmark,-0.006499999999999988,0.9895
M2_Macro_Oil_vs_M3_Macro_Oil_RegQuality__normalized__Oil_Rent_Intensive_Pre2016_ge1pct,Regulatory_Quality_lag1,normalized,Oil_Rent_Intensive_Pre2016_ge1pct,Future_Period,train_to_2015__test_from_2016,RandomForest,added_model_vs_strongest_benchmark,-0.005999999999999988,0.9895
M2_Macro_Oil_vs_M3_Macro_Oil_RegQuality__normalized__Oil_Rent_Intensive_Pre2016_ge1pct,Regulatory_Quality_lag1,normalized,Oil_Rent_Intensive_Pre2016_ge1pct,Future_Period,train_to_2015__test_from_2016,RandomForest,added_model_vs_strongest_benchmark,-0.0054999999999999875,0.9895
M2_Macro_Oil_vs_M3_Macro_Oil_RegQuality__normalized__Oil_Rent_Intensive_Pre2016_ge1pct,Regulatory_Quality_lag1,normalized,Oil_Rent_Intensive_Pre2016_ge1pct,Future_Period,train_to_2015__test_from_2016,RandomForest,added_model_vs_strongest_benchmark,-0.004999999999999987,0.9895
M2_Macro_Oil_vs_M3_Macro_Oil_RegQuality__normalized__Oil_Rent_Intensive_Pre2016_ge1pct,Regulatory_Quality_lag1,normalized,Oil_Rent_Intensive_Pre2016_ge1pct,Future_Period,train_to_2015__test_from_2016,RandomForest,added_model_vs_strongest_benchmark,-0.004499999999999987,0.9895
M2_Macro_Oil_vs_M3_Macro_Oil_RegQuality__normalized__Oil_Rent_Intensive_Pre2016_ge1pct,Regulatory_Quality_lag1,normalized,Oil_Rent_Intensive_Pre2016_ge1pct,Future_Period,train_to_2015__test_from_2016,RandomForest,added_model_vs_strongest_benchmark,-0.003999999999999986,0.9895
M2_Macro_Oil_vs_M3_Macro_Oil_RegQuality__normalized__Oil_Rent_Intensive_Pre2016_ge1pct,Regulatory_Quality_lag1,normalized,Oil_Rent_Intensive_Pre2016_ge1pct,Future_Period,train_to_2015__test_from_2016,RandomForest,added_model_vs_strongest_benchmark,-0.0034999999999999858,0.9895
M2_Macro_Oil_vs_M3_Macro_Oil_RegQuality__normalized__Oil_Rent_Intensive_Pre2016_ge1pct,Regulatory_Quality_lag1,normalized,Oil_Rent_Intensive_Pre2016_ge1pct,Future_Period,train_to_2015__test_from_2016,RandomForest,added_model_vs_strongest_benchmark,-0.0029999999999999853,0.9895
M2_Macro_Oil_vs_M3_Macro_Oil_RegQuality__normalized__Oil_Rent_Intensive_Pre2016_ge1pct,Regulatory_Quality_lag1,normalized,Oil_Rent_Intensive_Pre2016_ge1pct,Future_Period,train_to_2015__test_from_2016,RandomForest,added_model_vs_strongest_benchmark,-0.002499999999999985,0.9895
M2_Macro_Oil_vs_M3_Macro_Oil_RegQuality__normalized__Oil_Rent_Intensive_Pre2016_ge1pct,Regulatory_Quality_lag1,normalized,Oil_Rent_Intensive_Pre2016_ge1pct,Future_Period,train_to_2015__test_from_2016,RandomForest,added_model_vs_strongest_benchmark,-0.0019999999999999844,0.9895
M2_Macro_Oil_vs_M3_Macro_Oil_RegQuality__normalized__Oil_Rent_Intensive_Pre2016_ge1pct,Regulatory_Quality_lag1,normalized,Oil_Rent_Intensive_Pre2016_ge1pct,Future_Period,train_to_2015__test_from_2016,RandomForest,added_model_vs_strongest_benchmark,-0.001499999999999984,0.9895
M2_Macro_Oil_vs_M3_Macro_Oil_RegQuality__normalized__Oil_Rent_Intensive_Pre2016_ge1pct,Regulatory_Quality_lag1,normalized,Oil_Rent_Intensive_Pre2016_ge1pct,Future_Period,train_to_2015__test_from_2016,RandomForest,added_model_vs_strongest_benchmark,-0.0009999999999999835,0.9895
M2_Macro_Oil_vs_M3_Macro_Oil_RegQuality__normalized__Oil_Rent_Intensive_Pre2016_ge1pct,Regulatory_Quality_lag1,normalized,Oil_Rent_Intensive_Pre2016_ge1pct,Future_Period,train_to_2015__test_from_2016,RandomForest,added_model_vs_strongest_benchmark,-0.0004999999999999831,0.9895
M2_Macro_Oil_vs_M3_Macro_Oil_RegQuality__normalized__Oil_Rent_Intensive_Pre2016_ge1pct,Regulatory_Quality_lag1,normalized,Oil_Rent_Intensive_Pre2016_ge1pct,Future_Period,train_to_2015__test_from_2016,RandomForest,added_model_vs_strongest_benchmark,1.734723475976807e-17,0.989
M2_Macro_Oil_vs_M3_Macro_Oil_RegQuality__normalized__Oil_Rent_Intensive_Pre2016_ge1pct,Regulatory_Quality_lag1,normalized,Oil_Rent_Intensive_Pre2016_ge1pct,Future_Period,train_to_2015__test_from_2016,RandomForest,added_model_vs_strongest_benchmark,0.0005000000000000178,0.9885
M2_Macro_Oil_vs_M3_Macro_Oil_RegQuality__normalized__Oil_Rent_Intensive_Pre2016_ge1pct,Regulatory_Quality_lag1,normalized,Oil_Rent_Intensive_Pre2016_ge1pct,Future_Period,train_to_2015__test_from_2016,RandomForest,added_model_vs_strongest_benchmark,0.0010000000000000182,0.9885
M2_Macro_Oil_vs_M3_Macro_Oil_RegQuality__normalized__Oil_Rent_Intensive_Pre2016_ge1pct,Regulatory_Quality_lag1,normalized,Oil_Rent_Intensive_Pre2016_ge1pct,Future_Period,train_to_2015__test_from_2016,RandomForest,added_model_vs_strongest_benchmark,0.0015000000000000187,0.9885
M2_Macro_Oil_vs_M3_Macro_Oil_RegQuality__normalized__Oil_Rent_Intensive_Pre2016_ge1pct,Regulatory_Quality_lag1,normalized,Oil_Rent_Intensive_Pre2016_ge1pct,Future_Period,train_to_2015__test_from_2016,RandomForest,added_model_vs_strongest_benchmark,0.002000000000000019,0.9885
M2_Macro_Oil_vs_M3_Macro_Oil_RegQuality__normalized__Oil_Rent_Intensive_Pre2016_ge1pct,Regulatory_Quality_lag1,normalized,Oil_Rent_Intensive_Pre2016_ge1pct,Future_Period,train_to_2015__test_from_2016,RandomForest,added_model_vs_strongest_benchmark,0.0025000000000000196,0.9885
M2_Macro_Oil_vs_M3_Macro_Oil_RegQuality__normalized__Oil_Rent_Intensive_Pre2016_ge1pct,Regulatory_Quality_lag1,normalized,Oil_Rent_Intensive_Pre2016_ge1pct,Future_Period,train_to_2015__test_from_2016,RandomForest,added_model_vs_strongest_benchmark,0.00300000000000002,0.9885
M2_Macro_Oil_vs_M3_Macro_Oil_RegQuality__normalized__Oil_Rent_Intensive_Pre2016_ge1pct,Regulatory_Quality_lag1,normalized,Oil_Rent_Intensive_Pre2016_ge1pct,Future_Period,train_to_2015__test_from_2016,RandomForest,added_model_vs_strongest_benchmark,0.0035000000000000205,0.9885
M2_Macro_Oil_vs_M3_Macro_Oil_RegQuality__normalized__Oil_Rent_Intensive_Pre2016_ge1pct,Regulatory_Quality_lag1,normalized,Oil_Rent_Intensive_Pre2016_ge1pct,Future_Period,train_to_2015__test_from_2016,RandomForest,added_model_vs_strongest_benchmark,0.004000000000000021,0.9885
M2_Macro_Oil_vs_M3_Macro_Oil_RegQuality__normalized__Oil_Rent_Intensive_Pre2016_ge1pct,Regulatory_Quality_lag1,normalized,Oil_Rent_Intensive_Pre2016_ge1pct,Future_Period,train_to_2015__test_from_2016,RandomForest,added_model_vs_strongest_benchmark,0.004500000000000021,0.9885
M2_Macro_Oil_vs_M3_Macro_Oil_RegQuality__normalized__Oil_Rent_Intensive_Pre2016_ge1pct,Regulatory_Quality_lag1,normalized,Oil_Rent_Intensive_Pre2016_ge1pct,Future_Period,train_to_2015__test_from_2016,RandomForest,added_model_vs_strongest_benchmark,0.005000000000000022,0.9885
M2_Macro_Oil_vs_M3_Macro_Oil_RegQuality__normalized__Oil_Rent_Intensive_Pre2016_ge1pct,Regulatory_Quality_lag1,normalized,Oil_Rent_Intensive_Pre2016_ge1pct,Future_Period,train_to_2015__test_from_2016,RandomForest,added_model_vs_strongest_benchmark,0.005500000000000022,0.988
M2_Macro_Oil_vs_M3_Macro_Oil_RegQuality__normalized__Oil_Rent_Intensive_Pre2016_ge1pct,Regulatory_Quality_lag1,normalized,Oil_Rent_Intensive_Pre2016_ge1pct,Future_Period,train_to_2015__test_from_2016,RandomForest,added_model_vs_strongest_benchmark,0.006000000000000023,0.988
M2_Macro_Oil_vs_M3_Macro_Oil_RegQuality__normalized__Oil_Rent_Intensive_Pre2016_ge1pct,Regulatory_Quality_lag1,normalized,Oil_Rent_Intensive_Pre2016_ge1pct,Future_Period,train_to_2015__test_from_2016,RandomForest,added_model_vs_strongest_benchmark,0.006500000000000023,0.9875
M2_Macro_Oil_vs_M3_Macro_Oil_RegQuality__normalized__Oil_Rent_Intensive_Pre2016_ge1pct,Regulatory_Quality_lag1,normalized,Oil_Rent_Intensive_Pre2016_ge1pct,Future_Period,train_to_2015__test_from_2016,RandomForest,added_model_vs_strongest_benchmark,0.0070000000000000236,0.987
M2_Macro_Oil_vs_M3_Macro_Oil_RegQuality__normalized__Oil_Rent_Intensive_Pre2016_ge1pct,Regulatory_Quality_lag1,normalized,Oil_Rent_Intensive_Pre2016_ge1pct,Future_Period,train_to_2015__test_from_2016,RandomForest,added_model_vs_strongest_benchmark,0.007500000000000024,0.9865
M2_Macro_Oil_vs_M3_Macro_Oil_RegQuality__normalized__Oil_Rent_Intensive_Pre2016_ge1pct,Regulatory_Quality_lag1,normalized,Oil_Rent_Intensive_Pre2016_ge1pct,Future_Period,train_to_2015__test_from_2016,RandomForest,added_model_vs_strongest_benchmark,0.008000000000000024,0.9865
M2_Macro_Oil_vs_M3_Macro_Oil_RegQuality__normalized__Oil_Rent_Intensive_Pre2016_ge1pct,Regulatory_Quality_lag1,normalized,Oil_Rent_Intensive_Pre2016_ge1pct,Future_Period,train_to_2015__test_from_2016,RandomForest,added_model_vs_strongest_benchmark,0.008500000000000025,0.9865
M2_Macro_Oil_vs_M3_Macro_Oil_RegQuality__normalized__Oil_Rent_Intensive_Pre2016_ge1pct,Regulatory_Quality_lag1,normalized,Oil_Rent_Intensive_Pre2016_ge1pct,Future_Period,train_to_2015__test_from_2016,RandomForest,added_model_vs_strongest_benchmark,0.009000000000000025,0.9865
M2_Macro_Oil_vs_M3_Macro_Oil_RegQuality__normalized__Oil_Rent_Intensive_Pre2016_ge1pct,Regulatory_Quality_lag1,normalized,Oil_Rent_Intensive_Pre2016_ge1pct,Future_Period,train_to_2015__test_from_2016,RandomForest,added_model_vs_strongest_benchmark,0.009500000000000026,0.986
M2_Macro_Oil_vs_M3_Macro_Oil_RegQuality__normalized__Oil_Rent_Intensive_Pre2016_ge1pct,Regulatory_Quality_lag1,normalized,Oil_Rent_Intensive_Pre2016_ge1pct,Future_Period,train_to_2015__test_from_2016,RandomForest,added_model_vs_strongest_benchmark,0.010000000000000026,0.986
M2_Macro_Oil_vs_M3_Macro_Oil_RegQuality__normalized__Oil_Rent_Intensive_Pre2016_ge1pct,Regulatory_Quality_lag1,normalized,Oil_Rent_Intensive_Pre2016_ge1pct,Future_Period,train_to_2015__test_from_2016,RandomForest,added_model_vs_strongest_benchmark,0.010500000000000027,0.9855
M2_Macro_Oil_vs_M3_Macro_Oil_RegQuality__normalized__Oil_Rent_Intensive_Pre2016_ge1pct,Regulatory_Quality_lag1,normalized,Oil_Rent_Intensive_Pre2016_ge1pct,Future_Period,train_to_2015__test_from_2016,RandomForest,added_model_vs_strongest_benchmark,0.011000000000000027,0.9855
M2_Macro_Oil_vs_M3_Macro_Oil_RegQuality__normalized__Oil_Rent_Intensive_Pre2016_ge1pct,Regulatory_Quality_lag1,normalized,Oil_Rent_Intensive_Pre2016_ge1pct,Future_Period,train_to_2015__test_from_2016,RandomForest,added_model_vs_strongest_benchmark,0.011500000000000028,0.9855
M2_Macro_Oil_vs_M3_Macro_Oil_RegQuality__normalized__Oil_Rent_Intensive_Pre2016_ge1pct,Regulatory_Quality_lag1,normalized,Oil_Rent_Intensive_Pre2016_ge1pct,Future_Period,train_to_2015__test_from_2016,RandomForest,added_model_vs_strongest_benchmark,0.012000000000000028,0.985
M2_Macro_Oil_vs_M3_Macro_Oil_RegQuality__normalized__Oil_Rent_Intensive_Pre2016_ge1pct,Regulatory_Quality_lag1,normalized,Oil_Rent_Intensive_Pre2016_ge1pct,Future_Period,train_to_2015__test_from_2016,RandomForest,added_model_vs_strongest_benchmark,0.012500000000000028,0.985
M2_Macro_Oil_vs_M3_Macro_Oil_RegQuality__normalized__Oil_Rent_Intensive_Pre2016_ge1pct,Regulatory_Quality_lag1,normalized,Oil_Rent_Intensive_Pre2016_ge1pct,Future_Period,train_to_2015__test_from_2016,RandomForest,added_model_vs_strongest_benchmark,0.013000000000000029,0.9845
M2_Macro_Oil_vs_M3_Macro_Oil_RegQuality__normalized__Oil_Rent_Intensive_Pre2016_ge1pct,Regulatory_Quality_lag1,normalized,Oil_Rent_Intensive_Pre2016_ge1pct,Future_Period,train_to_2015__test_from_2016,RandomForest,added_model_vs_strongest_benchmark,0.01350000000000003,0.984
M2_Macro_Oil_vs_M3_Macro_Oil_RegQuality__normalized__Oil_Rent_Intensive_Pre2016_ge1pct,Regulatory_Quality_lag1,normalized,Oil_Rent_Intensive_Pre2016_ge1pct,Future_Period,train_to_2015__test_from_2016,RandomForest,added_model_vs_strongest_benchmark,0.01400000000000003,0.9835
M2_Macro_Oil_vs_M3_Macro_Oil_RegQuality__normalized__Oil_Rent_Intensive_Pre2016_ge1pct,Regulatory_Quality_lag1,normalized,Oil_Rent_Intensive_Pre2016_ge1pct,Future_Period,train_to_2015__test_from_2016,RandomForest,added_model_vs_strongest_benchmark,0.01450000000000003,0.9835
M2_Macro_Oil_vs_M3_Macro_Oil_RegQuality__normalized__Oil_Rent_Intensive_Pre2016_ge1pct,Regulatory_Quality_lag1,normalized,Oil_Rent_Intensive_Pre2016_ge1pct,Future_Period,train_to_2015__test_from_2016,RandomForest,added_model_vs_strongest_benchmark,0.01500000000000003,0.9835
M2_Macro_Oil_vs_M3_Macro_Oil_RegQuality__normalized__Oil_Rent_Intensive_Pre2016_ge1pct,Regulatory_Quality_lag1,normalized,Oil_Rent_Intensive_Pre2016_ge1pct,Future_Period,train_to_2015__test_from_2016,RandomForest,added_model_vs_strongest_benchmark,0.015500000000000031,0.9835
M2_Macro_Oil_vs_M3_Macro_Oil_RegQuality__normalized__Oil_Rent_Intensive_Pre2016_ge1pct,Regulatory_Quality_lag1,normalized,Oil_Rent_Intensive_Pre2016_ge1pct,Future_Period,train_to_2015__test_from_2016,RandomForest,added_model_vs_strongest_benchmark,0.01600000000000003,0.983
M2_Macro_Oil_vs_M3_Macro_Oil_RegQuality__normalized__Oil_Rent_Intensive_Pre2016_ge1pct,Regulatory_Quality_lag1,normalized,Oil_Rent_Intensive_Pre2016_ge1pct,Future_Period,train_to_2015__test_from_2016,RandomForest,added_model_vs_strongest_benchmark,0.016500000000000032,0.983
M2_Macro_Oil_vs_M3_Macro_Oil_RegQuality__normalized__Oil_Rent_Intensive_Pre2016_ge1pct,Regulatory_Quality_lag1,normalized,Oil_Rent_Intensive_Pre2016_ge1pct,Future_Period,train_to_2015__test_from_2016,RandomForest,added_model_vs_strongest_benchmark,0.017000000000000032,0.983
M2_Macro_Oil_vs_M3_Macro_Oil_RegQuality__normalized__Oil_Rent_Intensive_Pre2016_ge1pct,Regulatory_Quality_lag1,normalized,Oil_Rent_Intensive_Pre2016_ge1pct,Future_Period,train_to_2015__test_from_2016,RandomForest,added_model_vs_strongest_benchmark,0.017500000000000033,0.983
M2_Macro_Oil_vs_M3_Macro_Oil_RegQuality__normalized__Oil_Rent_Intensive_Pre2016_ge1pct,Regulatory_Quality_lag1,normalized,Oil_Rent_Intensive_Pre2016_ge1pct,Future_Period,train_to_2015__test_from_2016,RandomForest,added_model_vs_strongest_benchmark,0.018000000000000033,0.982
M2_Macro_Oil_vs_M3_Macro_Oil_RegQuality__normalized__Oil_Rent_Intensive_Pre2016_ge1pct,Regulatory_Quality_lag1,normalized,Oil_Rent_Intensive_Pre2016_ge1pct,Future_Period,train_to_2015__test_from_2016,RandomForest,added_model_vs_strongest_benchmark,0.018500000000000034,0.9815
M2_Macro_Oil_vs_M3_Macro_Oil_RegQuality__normalized__Oil_Rent_Intensive_Pre2016_ge1pct,Regulatory_Quality_lag1,normalized,Oil_Rent_Intensive_Pre2016_ge1pct,Future_Period,train_to_2015__test_from_2016,RandomForest,added_model_vs_strongest_benchmark,0.019000000000000034,0.9815
M2_Macro_Oil_vs_M3_Macro_Oil_RegQuality__normalized__Oil_Rent_Intensive_Pre2016_ge1pct,Regulatory_Quality_lag1,normalized,Oil_Rent_Intensive_Pre2016_ge1pct,Future_Period,train_to_2015__test_from_2016,RandomForest,added_model_vs_strongest_benchmark,0.019500000000000035,0.981
M2_Macro_Oil_vs_M3_Macro_Oil_RegQuality__normalized__Oil_Rent_Intensive_Pre2016_ge1pct,Regulatory_Quality_lag1,normalized,Oil_Rent_Intensive_Pre2016_ge1pct,Future_Period,train_to_2015__test_from_2016,RandomForest,added_model_vs_strongest_benchmark,0.020000000000000035,0.981
M2_Macro_Oil_vs_M3_Macro_Oil_RegQuality__normalized__Oil_Rent_Intensive_Pre2016_ge1pct,Regulatory_Quality_lag1,normalized,Oil_Rent_Intensive_Pre2016_ge1pct,Future_Period,train_to_2015__test_from_2016,RandomForest,added_model_vs_strongest_benchmark,0.020500000000000036,0.98
M2_Macro_Oil_vs_M3_Macro_Oil_RegQuality__normalized__Oil_Rent_Intensive_Pre2016_ge1pct,Regulatory_Quality_lag1,normalized,Oil_Rent_Intensive_Pre2016_ge1pct,Future_Period,train_to_2015__test_from_2016,RandomForest,added_model_vs_strongest_benchmark,0.021000000000000036,0.9795
M2_Macro_Oil_vs_M3_Macro_Oil_RegQuality__normalized__Oil_Rent_Intensive_Pre2016_ge1pct,Regulatory_Quality_lag1,normalized,Oil_Rent_Intensive_Pre2016_ge1pct,Future_Period,train_to_2015__test_from_2016,RandomForest,added_model_vs_strongest_benchmark,0.021500000000000036,0.9795
M2_Macro_Oil_vs_M3_Macro_Oil_RegQuality__normalized__Oil_Rent_Intensive_Pre2016_ge1pct,Regulatory_Quality_lag1,normalized,Oil_Rent_Intensive_Pre2016_ge1pct,Future_Period,train_to_2015__test_from_2016,RandomForest,added_model_vs_strongest_benchmark,0.022000000000000037,0.9785
M2_Macro_Oil_vs_M3_Macro_Oil_RegQuality__normalized__Oil_Rent_Intensive_Pre2016_ge1pct,Regulatory_Quality_lag1,normalized,Oil_Rent_Intensive_Pre2016_ge1pct,Future_Period,train_to_2015__test_from_2016,RandomForest,added_model_vs_strongest_benchmark,0.022500000000000037,0.9785
M2_Macro_Oil_vs_M3_Macro_Oil_RegQuality__normalized__Oil_Rent_Intensive_Pre2016_ge1pct,Regulatory_Quality_lag1,normalized,Oil_Rent_Intensive_Pre2016_ge1pct,Future_Period,train_to_2015__test_from_2016,RandomForest,added_model_vs_strongest_benchmark,0.023000000000000038,0.9785
M2_Macro_Oil_vs_M3_Macro_Oil_RegQuality__normalized__Oil_Rent_Intensive_Pre2016_ge1pct,Regulatory_Quality_lag1,normalized,Oil_Rent_Intensive_Pre2016_ge1pct,Future_Period,train_to_2015__test_from_2016,RandomForest,added_model_vs_strongest_benchmark,0.023500000000000038,0.9775
M2_Macro_Oil_vs_M3_Macro_Oil_RegQuality__normalized__Oil_Rent_Intensive_Pre2016_ge1pct,Regulatory_Quality_lag1,normalized,Oil_Rent_Intensive_Pre2016_ge1pct,Future_Period,train_to_2015__test_from_2016,RandomForest,added_model_vs_strongest_benchmark,0.02400000000000004,0.9775
M2_Macro_Oil_vs_M3_Macro_Oil_RegQuality__normalized__Oil_Rent_Intensive_Pre2016_ge1pct,Regulatory_Quality_lag1,normalized,Oil_Rent_Intensive_Pre2016_ge1pct,Future_Period,train_to_2015__test_from_2016,RandomForest,added_model_vs_strongest_benchmark,0.02450000000000004,0.9765
M2_Macro_Oil_vs_M3_Macro_Oil_RegQuality__normalized__Oil_Rent_Intensive_Pre2016_ge1pct,Regulatory_Quality_lag1,normalized,Oil_Rent_Intensive_Pre2016_ge1pct,Future_Period,train_to_2015__test_from_2016,RandomForest,added_model_vs_strongest_benchmark,0.02500000000000004,0.9755
M2_Macro_Oil_vs_M3_Macro_Oil_RegQuality__normalized__Oil_Rent_Intensive_Pre2016_ge1pct,Regulatory_Quality_lag1,normalized,Oil_Rent_Intensive_Pre2016_ge1pct,Future_Period,train_to_2015__test_from_2016,RandomForest,added_model_vs_strongest_benchmark,0.02550000000000004,0.9755
M2_Macro_Oil_vs_M3_Macro_Oil_RegQuality__normalized__Oil_Rent_Intensive_Pre2016_ge1pct,Regulatory_Quality_lag1,normalized,Oil_Rent_Intensive_Pre2016_ge1pct,Future_Period,train_to_2015__test_from_2016,RandomForest,added_model_vs_strongest_benchmark,0.02600000000000004,0.9755
M2_Macro_Oil_vs_M3_Macro_Oil_RegQuality__normalized__Oil_Rent_Intensive_Pre2016_ge1pct,Regulatory_Quality_lag1,normalized,Oil_Rent_Intensive_Pre2016_ge1pct,Future_Period,train_to_2015__test_from_2016,RandomForest,added_model_vs_strongest_benchmark,0.02650000000000004,0.9755
M2_Macro_Oil_vs_M3_Macro_Oil_RegQuality__normalized__Oil_Rent_Intensive_Pre2016_ge1pct,Regulatory_Quality_lag1,normalized,Oil_Rent_Intensive_Pre2016_ge1pct,Future_Period,train_to_2015__test_from_2016,RandomForest,added_model_vs_strongest_benchmark,0.02700000000000004,0.9755
M2_Macro_Oil_vs_M3_Macro_Oil_RegQuality__normalized__Oil_Rent_Intensive_Pre2016_ge1pct,Regulatory_Quality_lag1,normalized,Oil_Rent_Intensive_Pre2016_ge1pct,Future_Period,train_to_2015__test_from_2016,RandomForest,added_model_vs_strongest_benchmark,0.027500000000000042,0.9745
M2_Macro_Oil_vs_M3_Macro_Oil_RegQuality__normalized__Oil_Rent_Intensive_Pre2016_ge1pct,Regulatory_Quality_lag1,normalized,Oil_Rent_Intensive_Pre2016_ge1pct,Future_Period,train_to_2015__test_from_2016,RandomForest,added_model_vs_strongest_benchmark,0.028000000000000042,0.9735
M2_Macro_Oil_vs_M3_Macro_Oil_RegQuality__normalized__Oil_Rent_Intensive_Pre2016_ge1pct,Regulatory_Quality_lag1,normalized,Oil_Rent_Intensive_Pre2016_ge1pct,Future_Period,train_to_2015__test_from_2016,RandomForest,added_model_vs_strongest_benchmark,0.028500000000000043,0.9725
M2_Macro_Oil_vs_M3_Macro_Oil_RegQuality__normalized__Oil_Rent_Intensive_Pre2016_ge1pct,Regulatory_Quality_lag1,normalized,Oil_Rent_Intensive_Pre2016_ge1pct,Future_Period,train_to_2015__test_from_2016,RandomForest,added_model_vs_strongest_benchmark,0.029000000000000043,0.9715
M2_Macro_Oil_vs_M3_Macro_Oil_RegQuality__normalized__Oil_Rent_Intensive_Pre2016_ge1pct,Regulatory_Quality_lag1,normalized,Oil_Rent_Intensive_Pre2016_ge1pct,Future_Period,train_to_2015__test_from_2016,RandomForest,added_model_vs_strongest_benchmark,0.029500000000000044,0.9715
M2_Macro_Oil_vs_M3_Macro_Oil_RegQuality__normalized__Oil_Rent_Intensive_Pre2016_ge1pct,Regulatory_Quality_lag1,normalized,Oil_Rent_Intensive_Pre2016_ge1pct,Future_Period,train_to_2015__test_from_2016,RandomForest,added_model_vs_strongest_benchmark,0.030000000000000044,0.971
M2_Macro_Oil_vs_M3_Macro_Oil_RegQuality__normalized__Oil_Rent_Intensive_Pre2016_ge1pct,Regulatory_Quality_lag1,normalized,Oil_Rent_Intensive_Pre2016_ge1pct,Future_Period,train_to_2016__test_from_2017,Ridge,signal_increment,-0.02,1.0
M2_Macro_Oil_vs_M3_Macro_Oil_RegQuality__normalized__Oil_Rent_Intensive_Pre2016_ge1pct,Regulatory_Quality_lag1,normalized,Oil_Rent_Intensive_Pre2016_ge1pct,Future_Period,train_to_2016__test_from_2017,Ridge,signal_increment,-0.0195,1.0
M2_Macro_Oil_vs_M3_Macro_Oil_RegQuality__normalized__Oil_Rent_Intensive_Pre2016_ge1pct,Regulatory_Quality_lag1,normalized,Oil_Rent_Intensive_Pre2016_ge1pct,Future_Period,train_to_2016__test_from_2017,Ridge,signal_increment,-0.019,1.0
M2_Macro_Oil_vs_M3_Macro_Oil_RegQuality__normalized__Oil_Rent_Intensive_Pre2016_ge1pct,Regulatory_Quality_lag1,normalized,Oil_Rent_Intensive_Pre2016_ge1pct,Future_Period,train_to_2016__test_from_2017,Ridge,signal_increment,-0.0185,1.0
M2_Macro_Oil_vs_M3_Macro_Oil_RegQuality__normalized__Oil_Rent_Intensive_Pre2016_ge1pct,Regulatory_Quality_lag1,normalized,Oil_Rent_Intensive_Pre2016_ge1pct,Future_Period,train_to_2016__test_from_2017,Ridge,signal_increment,-0.018,1.0
M2_Macro_Oil_vs_M3_Macro_Oil_RegQuality__normalized__Oil_Rent_Intensive_Pre2016_ge1pct,Regulatory_Quality_lag1,normalized,Oil_Rent_Intensive_Pre2016_ge1pct,Future_Period,train_to_2016__test_from_2017,Ridge,signal_increment,-0.017499999999999998,1.0
M2_Macro_Oil_vs_M3_Macro_Oil_RegQuality__normalized__Oil_Rent_Intensive_Pre2016_ge1pct,Regulatory_Quality_lag1,normalized,Oil_Rent_Intensive_Pre2016_ge1pct,Future_Period,train_to_2016__test_from_2017,Ridge,signal_increment,-0.016999999999999998,1.0
M2_Macro_Oil_vs_M3_Macro_Oil_RegQuality__normalized__Oil_Rent_Intensive_Pre2016_ge1pct,Regulatory_Quality_lag1,normalized,Oil_Rent_Intensive_Pre2016_ge1pct,Future_Period,train_to_2016__test_from_2017,Ridge,signal_increment,-0.016499999999999997,1.0
M2_Macro_Oil_vs_M3_Macro_Oil_RegQuality__normalized__Oil_Rent_Intensive_Pre2016_ge1pct,Regulatory_Quality_lag1,normalized,Oil_Rent_Intensive_Pre2016_ge1pct,Future_Period,train_to_2016__test_from_2017,Ridge,signal_increment,-0.015999999999999997,1.0
M2_Macro_Oil_vs_M3_Macro_Oil_RegQuality__normalized__Oil_Rent_Intensive_Pre2016_ge1pct,Regulatory_Quality_lag1,normalized,Oil_Rent_Intensive_Pre2016_ge1pct,Future_Period,train_to_2016__test_from_2017,Ridge,signal_increment,-0.015499999999999996,1.0
M2_Macro_Oil_vs_M3_Macro_Oil_RegQuality__normalized__Oil_Rent_Intensive_Pre2016_ge1pct,Regulatory_Quality_lag1,normalized,Oil_Rent_Intensive_Pre2016_ge1pct,Future_Period,train_to_2016__test_from_2017,Ridge,signal_increment,-0.014999999999999996,1.0
M2_Macro_Oil_vs_M3_Macro_Oil_RegQuality__normalized__Oil_Rent_Intensive_Pre2016_ge1pct,Regulatory_Quality_lag1,normalized,Oil_Rent_Intensive_Pre2016_ge1pct,Future_Period,train_to_2016__test_from_2017,Ridge,signal_increment,-0.014499999999999996,1.0
M2_Macro_Oil_vs_M3_Macro_Oil_RegQuality__normalized__Oil_Rent_Intensive_Pre2016_ge1pct,Regulatory_Quality_lag1,normalized,Oil_Rent_Intensive_Pre2016_ge1pct,Future_Period,train_to_2016__test_from_2017,Ridge,signal_increment,-0.013999999999999995,1.0
M2_Macro_Oil_vs_M3_Macro_Oil_RegQuality__normalized__Oil_Rent_Intensive_Pre2016_ge1pct,Regulatory_Quality_lag1,normalized,Oil_Rent_Intensive_Pre2016_ge1pct,Future_Period,train_to_2016__test_from_2017,Ridge,signal_increment,-0.013499999999999995,1.0
M2_Macro_Oil_vs_M3_Macro_Oil_RegQuality__normalized__Oil_Rent_Intensive_Pre2016_ge1pct,Regulatory_Quality_lag1,normalized,Oil_Rent_Intensive_Pre2016_ge1pct,Future_Period,train_to_2016__test_from_2017,Ridge,signal_increment,-0.012999999999999994,1.0
M2_Macro_Oil_vs_M3_Macro_Oil_RegQuality__normalized__Oil_Rent_Intensive_Pre2016_ge1pct,Regulatory_Quality_lag1,normalized,Oil_Rent_Intensive_Pre2016_ge1pct,Future_Period,train_to_2016__test_from_2017,Ridge,signal_increment,-0.012499999999999994,1.0
M2_Macro_Oil_vs_M3_Macro_Oil_RegQuality__normalized__Oil_Rent_Intensive_Pre2016_ge1pct,Regulatory_Quality_lag1,normalized,Oil_Rent_Intensive_Pre2016_ge1pct,Future_Period,train_to_2016__test_from_2017,Ridge,signal_increment,-0.011999999999999993,1.0
M2_Macro_Oil_vs_M3_Macro_Oil_RegQuality__normalized__Oil_Rent_Intensive_Pre2016_ge1pct,Regulatory_Quality_lag1,normalized,Oil_Rent_Intensive_Pre2016_ge1pct,Future_Period,train_to_2016__test_from_2017,Ridge,signal_increment,-0.011499999999999993,1.0
M2_Macro_Oil_vs_M3_Macro_Oil_RegQuality__normalized__Oil_Rent_Intensive_Pre2016_ge1pct,Regulatory_Quality_lag1,normalized,Oil_Rent_Intensive_Pre2016_ge1pct,Future_Period,train_to_2016__test_from_2017,Ridge,signal_increment,-0.010999999999999992,1.0
M2_Macro_Oil_vs_M3_Macro_Oil_RegQuality__normalized__Oil_Rent_Intensive_Pre2016_ge1pct,Regulatory_Quality_lag1,normalized,Oil_Rent_Intensive_Pre2016_ge1pct,Future_Period,train_to_2016__test_from_2017,Ridge,signal_increment,-0.010499999999999992,1.0
M2_Macro_Oil_vs_M3_Macro_Oil_RegQuality__normalized__Oil_Rent_Intensive_Pre2016_ge1pct,Regulatory_Quality_lag1,normalized,Oil_Rent_Intensive_Pre2016_ge1pct,Future_Period,train_to_2016__test_from_2017,Ridge,signal_increment,-0.009999999999999992,1.0
M2_Macro_Oil_vs_M3_Macro_Oil_RegQuality__normalized__Oil_Rent_Intensive_Pre2016_ge1pct,Regulatory_Quality_lag1,normalized,Oil_Rent_Intensive_Pre2016_ge1pct,Future_Period,train_to_2016__test_from_2017,Ridge,signal_increment,-0.009499999999999991,1.0
M2_Macro_Oil_vs_M3_Macro_Oil_RegQuality__normalized__Oil_Rent_Intensive_Pre2016_ge1pct,Regulatory_Quality_lag1,normalized,Oil_Rent_Intensive_Pre2016_ge1pct,Future_Period,train_to_2016__test_from_2017,Ridge,signal_increment,-0.00899999999999999,1.0
M2_Macro_Oil_vs_M3_Macro_Oil_RegQuality__normalized__Oil_Rent_Intensive_Pre2016_ge1pct,Regulatory_Quality_lag1,normalized,Oil_Rent_Intensive_Pre2016_ge1pct,Future_Period,train_to_2016__test_from_2017,Ridge,signal_increment,-0.00849999999999999,1.0
M2_Macro_Oil_vs_M3_Macro_Oil_RegQuality__normalized__Oil_Rent_Intensive_Pre2016_ge1pct,Regulatory_Quality_lag1,normalized,Oil_Rent_Intensive_Pre2016_ge1pct,Future_Period,train_to_2016__test_from_2017,Ridge,signal_increment,-0.00799999999999999,1.0
M2_Macro_Oil_vs_M3_Macro_Oil_RegQuality__normalized__Oil_Rent_Intensive_Pre2016_ge1pct,Regulatory_Quality_lag1,normalized,Oil_Rent_Intensive_Pre2016_ge1pct,Future_Period,train_to_2016__test_from_2017,Ridge,signal_increment,-0.007499999999999989,1.0
M2_Macro_Oil_vs_M3_Macro_Oil_RegQuality__normalized__Oil_Rent_Intensive_Pre2016_ge1pct,Regulatory_Quality_lag1,normalized,Oil_Rent_Intensive_Pre2016_ge1pct,Future_Period,train_to_2016__test_from_2017,Ridge,signal_increment,-0.006999999999999989,1.0
M2_Macro_Oil_vs_M3_Macro_Oil_RegQuality__normalized__Oil_Rent_Intensive_Pre2016_ge1pct,Regulatory_Quality_lag1,normalized,Oil_Rent_Intensive_Pre2016_ge1pct,Future_Period,train_to_2016__test_from_2017,Ridge,signal_increment,-0.006499999999999988,1.0
M2_Macro_Oil_vs_M3_Macro_Oil_RegQuality__normalized__Oil_Rent_Intensive_Pre2016_ge1pct,Regulatory_Quality_lag1,normalized,Oil_Rent_Intensive_Pre2016_ge1pct,Future_Period,train_to_2016__test_from_2017,Ridge,signal_increment,-0.005999999999999988,1.0
M2_Macro_Oil_vs_M3_Macro_Oil_RegQuality__normalized__Oil_Rent_Intensive_Pre2016_ge1pct,Regulatory_Quality_lag1,normalized,Oil_Rent_Intensive_Pre2016_ge1pct,Future_Period,train_to_2016__test_from_2017,Ridge,signal_increment,-0.0054999999999999875,1.0
M2_Macro_Oil_vs_M3_Macro_Oil_RegQuality__normalized__Oil_Rent_Intensive_Pre2016_ge1pct,Regulatory_Quality_lag1,normalized,Oil_Rent_Intensive_Pre2016_ge1pct,Future_Period,train_to_2016__test_from_2017,Ridge,signal_increment,-0.004999999999999987,1.0
M2_Macro_Oil_vs_M3_Macro_Oil_RegQuality__normalized__Oil_Rent_Intensive_Pre2016_ge1pct,Regulatory_Quality_lag1,normalized,Oil_Rent_Intensive_Pre2016_ge1pct,Future_Period,train_to_2016__test_from_2017,Ridge,signal_increment,-0.004499999999999987,1.0
M2_Macro_Oil_vs_M3_Macro_Oil_RegQuality__normalized__Oil_Rent_Intensive_Pre2016_ge1pct,Regulatory_Quality_lag1,normalized,Oil_Rent_Intensive_Pre2016_ge1pct,Future_Period,train_to_2016__test_from_2017,Ridge,signal_increment,-0.003999999999999986,1.0
M2_Macro_Oil_vs_M3_Macro_Oil_RegQuality__normalized__Oil_Rent_Intensive_Pre2016_ge1pct,Regulatory_Quality_lag1,normalized,Oil_Rent_Intensive_Pre2016_ge1pct,Future_Period,train_to_2016__test_from_2017,Ridge,signal_increment,-0.0034999999999999858,1.0
M2_Macro_Oil_vs_M3_Macro_Oil_RegQuality__normalized__Oil_Rent_Intensive_Pre2016_ge1pct,Regulatory_Quality_lag1,normalized,Oil_Rent_Intensive_Pre2016_ge1pct,Future_Period,train_to_2016__test_from_2017,Ridge,signal_increment,-0.0029999999999999853,1.0
M2_Macro_Oil_vs_M3_Macro_Oil_RegQuality__normalized__Oil_Rent_Intensive_Pre2016_ge1pct,Regulatory_Quality_lag1,normalized,Oil_Rent_Intensive_Pre2016_ge1pct,Future_Period,train_to_2016__test_from_2017,Ridge,signal_increment,-0.002499999999999985,1.0
M2_Macro_Oil_vs_M3_Macro_Oil_RegQuality__normalized__Oil_Rent_Intensive_Pre2016_ge1pct,Regulatory_Quality_lag1,normalized,Oil_Rent_Intensive_Pre2016_ge1pct,Future_Period,train_to_2016__test_from_2017,Ridge,signal_increment,-0.0019999999999999844,1.0
M2_Macro_Oil_vs_M3_Macro_Oil_RegQuality__normalized__Oil_Rent_Intensive_Pre2016_ge1pct,Regulatory_Quality_lag1,normalized,Oil_Rent_Intensive_Pre2016_ge1pct,Future_Period,train_to_2016__test_from_2017,Ridge,signal_increment,-0.001499999999999984,1.0
M2_Macro_Oil_vs_M3_Macro_Oil_RegQuality__normalized__Oil_Rent_Intensive_Pre2016_ge1pct,Regulatory_Quality_lag1,normalized,Oil_Rent_Intensive_Pre2016_ge1pct,Future_Period,train_to_2016__test_from_2017,Ridge,signal_increment,-0.0009999999999999835,1.0
M2_Macro_Oil_vs_M3_Macro_Oil_RegQuality__normalized__Oil_Rent_Intensive_Pre2016_ge1pct,Regulatory_Quality_lag1,normalized,Oil_Rent_Intensive_Pre2016_ge1pct,Future_Period,train_to_2016__test_from_2017,Ridge,signal_increment,-0.0004999999999999831,0.9975
M2_Macro_Oil_vs_M3_Macro_Oil_RegQuality__normalized__Oil_Rent_Intensive_Pre2016_ge1pct,Regulatory_Quality_lag1,normalized,Oil_Rent_Intensive_Pre2016_ge1pct,Future_Period,train_to_2016__test_from_2017,Ridge,signal_increment,1.734723475976807e-17,0.984
M2_Macro_Oil_vs_M3_Macro_Oil_RegQuality__normalized__Oil_Rent_Intensive_Pre2016_ge1pct,Regulatory_Quality_lag1,normalized,Oil_Rent_Intensive_Pre2016_ge1pct,Future_Period,train_to_2016__test_from_2017,Ridge,signal_increment,0.0005000000000000178,0.952
M2_Macro_Oil_vs_M3_Macro_Oil_RegQuality__normalized__Oil_Rent_Intensive_Pre2016_ge1pct,Regulatory_Quality_lag1,normalized,Oil_Rent_Intensive_Pre2016_ge1pct,Future_Period,train_to_2016__test_from_2017,Ridge,signal_increment,0.0010000000000000182,0.8665
M2_Macro_Oil_vs_M3_Macro_Oil_RegQuality__normalized__Oil_Rent_Intensive_Pre2016_ge1pct,Regulatory_Quality_lag1,normalized,Oil_Rent_Intensive_Pre2016_ge1pct,Future_Period,train_to_2016__test_from_2017,Ridge,signal_increment,0.0015000000000000187,0.715
M2_Macro_Oil_vs_M3_Macro_Oil_RegQuality__normalized__Oil_Rent_Intensive_Pre2016_ge1pct,Regulatory_Quality_lag1,normalized,Oil_Rent_Intensive_Pre2016_ge1pct,Future_Period,train_to_2016__test_from_2017,Ridge,signal_increment,0.002000000000000019,0.538
M2_Macro_Oil_vs_M3_Macro_Oil_RegQuality__normalized__Oil_Rent_Intensive_Pre2016_ge1pct,Regulatory_Quality_lag1,normalized,Oil_Rent_Intensive_Pre2016_ge1pct,Future_Period,train_to_2016__test_from_2017,Ridge,signal_increment,0.0025000000000000196,0.332
M2_Macro_Oil_vs_M3_Macro_Oil_RegQuality__normalized__Oil_Rent_Intensive_Pre2016_ge1pct,Regulatory_Quality_lag1,normalized,Oil_Rent_Intensive_Pre2016_ge1pct,Future_Period,train_to_2016__test_from_2017,Ridge,signal_increment,0.00300000000000002,0.2005
M2_Macro_Oil_vs_M3_Macro_Oil_RegQuality__normalized__Oil_Rent_Intensive_Pre2016_ge1pct,Regulatory_Quality_lag1,normalized,Oil_Rent_Intensive_Pre2016_ge1pct,Future_Period,train_to_2016__test_from_2017,Ridge,signal_increment,0.0035000000000000205,0.099
M2_Macro_Oil_vs_M3_Macro_Oil_RegQuality__normalized__Oil_Rent_Intensive_Pre2016_ge1pct,Regulatory_Quality_lag1,normalized,Oil_Rent_Intensive_Pre2016_ge1pct,Future_Period,train_to_2016__test_from_2017,Ridge,signal_increment,0.004000000000000021,0.047
M2_Macro_Oil_vs_M3_Macro_Oil_RegQuality__normalized__Oil_Rent_Intensive_Pre2016_ge1pct,Regulatory_Quality_lag1,normalized,Oil_Rent_Intensive_Pre2016_ge1pct,Future_Period,train_to_2016__test_from_2017,Ridge,signal_increment,0.004500000000000021,0.027
M2_Macro_Oil_vs_M3_Macro_Oil_RegQuality__normalized__Oil_Rent_Intensive_Pre2016_ge1pct,Regulatory_Quality_lag1,normalized,Oil_Rent_Intensive_Pre2016_ge1pct,Future_Period,train_to_2016__test_from_2017,Ridge,signal_increment,0.005000000000000022,0.0115
M2_Macro_Oil_vs_M3_Macro_Oil_RegQuality__normalized__Oil_Rent_Intensive_Pre2016_ge1pct,Regulatory_Quality_lag1,normalized,Oil_Rent_Intensive_Pre2016_ge1pct,Future_Period,train_to_2016__test_from_2017,Ridge,signal_increment,0.005500000000000022,0.002
M2_Macro_Oil_vs_M3_Macro_Oil_RegQuality__normalized__Oil_Rent_Intensive_Pre2016_ge1pct,Regulatory_Quality_lag1,normalized,Oil_Rent_Intensive_Pre2016_ge1pct,Future_Period,train_to_2016__test_from_2017,Ridge,signal_increment,0.006000000000000023,0.0015
M2_Macro_Oil_vs_M3_Macro_Oil_RegQuality__normalized__Oil_Rent_Intensive_Pre2016_ge1pct,Regulatory_Quality_lag1,normalized,Oil_Rent_Intensive_Pre2016_ge1pct,Future_Period,train_to_2016__test_from_2017,Ridge,signal_increment,0.006500000000000023,0.0005
M2_Macro_Oil_vs_M3_Macro_Oil_RegQuality__normalized__Oil_Rent_Intensive_Pre2016_ge1pct,Regulatory_Quality_lag1,normalized,Oil_Rent_Intensive_Pre2016_ge1pct,Future_Period,train_to_2016__test_from_2017,Ridge,signal_increment,0.0070000000000000236,0.0
M2_Macro_Oil_vs_M3_Macro_Oil_RegQuality__normalized__Oil_Rent_Intensive_Pre2016_ge1pct,Regulatory_Quality_lag1,normalized,Oil_Rent_Intensive_Pre2016_ge1pct,Future_Period,train_to_2016__test_from_2017,Ridge,signal_increment,0.007500000000000024,0.0
M2_Macro_Oil_vs_M3_Macro_Oil_RegQuality__normalized__Oil_Rent_Intensive_Pre2016_ge1pct,Regulatory_Quality_lag1,normalized,Oil_Rent_Intensive_Pre2016_ge1pct,Future_Period,train_to_2016__test_from_2017,Ridge,signal_increment,0.008000000000000024,0.0
M2_Macro_Oil_vs_M3_Macro_Oil_RegQuality__normalized__Oil_Rent_Intensive_Pre2016_ge1pct,Regulatory_Quality_lag1,normalized,Oil_Rent_Intensive_Pre2016_ge1pct,Future_Period,train_to_2016__test_from_2017,Ridge,signal_increment,0.008500000000000025,0.0
M2_Macro_Oil_vs_M3_Macro_Oil_RegQuality__normalized__Oil_Rent_Intensive_Pre2016_ge1pct,Regulatory_Quality_lag1,normalized,Oil_Rent_Intensive_Pre2016_ge1pct,Future_Period,train_to_2016__test_from_2017,Ridge,signal_increment,0.009000000000000025,0.0
M2_Macro_Oil_vs_M3_Macro_Oil_RegQuality__normalized__Oil_Rent_Intensive_Pre2016_ge1pct,Regulatory_Quality_lag1,normalized,Oil_Rent_Intensive_Pre2016_ge1pct,Future_Period,train_to_2016__test_from_2017,Ridge,signal_increment,0.009500000000000026,0.0
M2_Macro_Oil_vs_M3_Macro_Oil_RegQuality__normalized__Oil_Rent_Intensive_Pre2016_ge1pct,Regulatory_Quality_lag1,normalized,Oil_Rent_Intensive_Pre2016_ge1pct,Future_Period,train_to_2016__test_from_2017,Ridge,signal_increment,0.010000000000000026,0.0
M2_Macro_Oil_vs_M3_Macro_Oil_RegQuality__normalized__Oil_Rent_Intensive_Pre2016_ge1pct,Regulatory_Quality_lag1,normalized,Oil_Rent_Intensive_Pre2016_ge1pct,Future_Period,train_to_2016__test_from_2017,Ridge,signal_increment,0.010500000000000027,0.0
M2_Macro_Oil_vs_M3_Macro_Oil_RegQuality__normalized__Oil_Rent_Intensive_Pre2016_ge1pct,Regulatory_Quality_lag1,normalized,Oil_Rent_Intensive_Pre2016_ge1pct,Future_Period,train_to_2016__test_from_2017,Ridge,signal_increment,0.011000000000000027,0.0
M2_Macro_Oil_vs_M3_Macro_Oil_RegQuality__normalized__Oil_Rent_Intensive_Pre2016_ge1pct,Regulatory_Quality_lag1,normalized,Oil_Rent_Intensive_Pre2016_ge1pct,Future_Period,train_to_2016__test_from_2017,Ridge,signal_increment,0.011500000000000028,0.0
M2_Macro_Oil_vs_M3_Macro_Oil_RegQuality__normalized__Oil_Rent_Intensive_Pre2016_ge1pct,Regulatory_Quality_lag1,normalized,Oil_Rent_Intensive_Pre2016_ge1pct,Future_Period,train_to_2016__test_from_2017,Ridge,signal_increment,0.012000000000000028,0.0
M2_Macro_Oil_vs_M3_Macro_Oil_RegQuality__normalized__Oil_Rent_Intensive_Pre2016_ge1pct,Regulatory_Quality_lag1,normalized,Oil_Rent_Intensive_Pre2016_ge1pct,Future_Period,train_to_2016__test_from_2017,Ridge,signal_increment,0.012500000000000028,0.0
M2_Macro_Oil_vs_M3_Macro_Oil_RegQuality__normalized__Oil_Rent_Intensive_Pre2016_ge1pct,Regulatory_Quality_lag1,normalized,Oil_Rent_Intensive_Pre2016_ge1pct,Future_Period,train_to_2016__test_from_2017,Ridge,signal_increment,0.013000000000000029,0.0
M2_Macro_Oil_vs_M3_Macro_Oil_RegQuality__normalized__Oil_Rent_Intensive_Pre2016_ge1pct,Regulatory_Quality_lag1,normalized,Oil_Rent_Intensive_Pre2016_ge1pct,Future_Period,train_to_2016__test_from_2017,Ridge,signal_increment,0.01350000000000003,0.0
M2_Macro_Oil_vs_M3_Macro_Oil_RegQuality__normalized__Oil_Rent_Intensive_Pre2016_ge1pct,Regulatory_Quality_lag1,normalized,Oil_Rent_Intensive_Pre2016_ge1pct,Future_Period,train_to_2016__test_from_2017,Ridge,signal_increment,0.01400000000000003,0.0
M2_Macro_Oil_vs_M3_Macro_Oil_RegQuality__normalized__Oil_Rent_Intensive_Pre2016_ge1pct,Regulatory_Quality_lag1,normalized,Oil_Rent_Intensive_Pre2016_ge1pct,Future_Period,train_to_2016__test_from_2017,Ridge,signal_increment,0.01450000000000003,0.0
M2_Macro_Oil_vs_M3_Macro_Oil_RegQuality__normalized__Oil_Rent_Intensive_Pre2016_ge1pct,Regulatory_Quality_lag1,normalized,Oil_Rent_Intensive_Pre2016_ge1pct,Future_Period,train_to_2016__test_from_2017,Ridge,signal_increment,0.01500000000000003,0.0
M2_Macro_Oil_vs_M3_Macro_Oil_RegQuality__normalized__Oil_Rent_Intensive_Pre2016_ge1pct,Regulatory_Quality_lag1,normalized,Oil_Rent_Intensive_Pre2016_ge1pct,Future_Period,train_to_2016__test_from_2017,Ridge,signal_increment,0.015500000000000031,0.0
M2_Macro_Oil_vs_M3_Macro_Oil_RegQuality__normalized__Oil_Rent_Intensive_Pre2016_ge1pct,Regulatory_Quality_lag1,normalized,Oil_Rent_Intensive_Pre2016_ge1pct,Future_Period,train_to_2016__test_from_2017,Ridge,signal_increment,0.01600000000000003,0.0
M2_Macro_Oil_vs_M3_Macro_Oil_RegQuality__normalized__Oil_Rent_Intensive_Pre2016_ge1pct,Regulatory_Quality_lag1,normalized,Oil_Rent_Intensive_Pre2016_ge1pct,Future_Period,train_to_2016__test_from_2017,Ridge,signal_increment,0.016500000000000032,0.0
M2_Macro_Oil_vs_M3_Macro_Oil_RegQuality__normalized__Oil_Rent_Intensive_Pre2016_ge1pct,Regulatory_Quality_lag1,normalized,Oil_Rent_Intensive_Pre2016_ge1pct,Future_Period,train_to_2016__test_from_2017,Ridge,signal_increment,0.017000000000000032,0.0
M2_Macro_Oil_vs_M3_Macro_Oil_RegQuality__normalized__Oil_Rent_Intensive_Pre2016_ge1pct,Regulatory_Quality_lag1,normalized,Oil_Rent_Intensive_Pre2016_ge1pct,Future_Period,train_to_2016__test_from_2017,Ridge,signal_increment,0.017500000000000033,0.0
M2_Macro_Oil_vs_M3_Macro_Oil_RegQuality__normalized__Oil_Rent_Intensive_Pre2016_ge1pct,Regulatory_Quality_lag1,normalized,Oil_Rent_Intensive_Pre2016_ge1pct,Future_Period,train_to_2016__test_from_2017,Ridge,signal_increment,0.018000000000000033,0.0
M2_Macro_Oil_vs_M3_Macro_Oil_RegQuality__normalized__Oil_Rent_Intensive_Pre2016_ge1pct,Regulatory_Quality_lag1,normalized,Oil_Rent_Intensive_Pre2016_ge1pct,Future_Period,train_to_2016__test_from_2017,Ridge,signal_increment,0.018500000000000034,0.0
M2_Macro_Oil_vs_M3_Macro_Oil_RegQuality__normalized__Oil_Rent_Intensive_Pre2016_ge1pct,Regulatory_Quality_lag1,normalized,Oil_Rent_Intensive_Pre2016_ge1pct,Future_Period,train_to_2016__test_from_2017,Ridge,signal_increment,0.019000000000000034,0.0
M2_Macro_Oil_vs_M3_Macro_Oil_RegQuality__normalized__Oil_Rent_Intensive_Pre2016_ge1pct,Regulatory_Quality_lag1,normalized,Oil_Rent_Intensive_Pre2016_ge1pct,Future_Period,train_to_2016__test_from_2017,Ridge,signal_increment,0.019500000000000035,0.0
M2_Macro_Oil_vs_M3_Macro_Oil_RegQuality__normalized__Oil_Rent_Intensive_Pre2016_ge1pct,Regulatory_Quality_lag1,normalized,Oil_Rent_Intensive_Pre2016_ge1pct,Future_Period,train_to_2016__test_from_2017,Ridge,signal_increment,0.020000000000000035,0.0
M2_Macro_Oil_vs_M3_Macro_Oil_RegQuality__normalized__Oil_Rent_Intensive_Pre2016_ge1pct,Regulatory_Quality_lag1,normalized,Oil_Rent_Intensive_Pre2016_ge1pct,Future_Period,train_to_2016__test_from_2017,Ridge,signal_increment,0.020500000000000036,0.0
M2_Macro_Oil_vs_M3_Macro_Oil_RegQuality__normalized__Oil_Rent_Intensive_Pre2016_ge1pct,Regulatory_Quality_lag1,normalized,Oil_Rent_Intensive_Pre2016_ge1pct,Future_Period,train_to_2016__test_from_2017,Ridge,signal_increment,0.021000000000000036,0.0
M2_Macro_Oil_vs_M3_Macro_Oil_RegQuality__normalized__Oil_Rent_Intensive_Pre2016_ge1pct,Regulatory_Quality_lag1,normalized,Oil_Rent_Intensive_Pre2016_ge1pct,Future_Period,train_to_2016__test_from_2017,Ridge,signal_increment,0.021500000000000036,0.0
M2_Macro_Oil_vs_M3_Macro_Oil_RegQuality__normalized__Oil_Rent_Intensive_Pre2016_ge1pct,Regulatory_Quality_lag1,normalized,Oil_Rent_Intensive_Pre2016_ge1pct,Future_Period,train_to_2016__test_from_2017,Ridge,signal_increment,0.022000000000000037,0.0
M2_Macro_Oil_vs_M3_Macro_Oil_RegQuality__normalized__Oil_Rent_Intensive_Pre2016_ge1pct,Regulatory_Quality_lag1,normalized,Oil_Rent_Intensive_Pre2016_ge1pct,Future_Period,train_to_2016__test_from_2017,Ridge,signal_increment,0.022500000000000037,0.0
M2_Macro_Oil_vs_M3_Macro_Oil_RegQuality__normalized__Oil_Rent_Intensive_Pre2016_ge1pct,Regulatory_Quality_lag1,normalized,Oil_Rent_Intensive_Pre2016_ge1pct,Future_Period,train_to_2016__test_from_2017,Ridge,signal_increment,0.023000000000000038,0.0
M2_Macro_Oil_vs_M3_Macro_Oil_RegQuality__normalized__Oil_Rent_Intensive_Pre2016_ge1pct,Regulatory_Quality_lag1,normalized,Oil_Rent_Intensive_Pre2016_ge1pct,Future_Period,train_to_2016__test_from_2017,Ridge,signal_increment,0.023500000000000038,0.0
M2_Macro_Oil_vs_M3_Macro_Oil_RegQuality__normalized__Oil_Rent_Intensive_Pre2016_ge1pct,Regulatory_Quality_lag1,normalized,Oil_Rent_Intensive_Pre2016_ge1pct,Future_Period,train_to_2016__test_from_2017,Ridge,signal_increment,0.02400000000000004,0.0
M2_Macro_Oil_vs_M3_Macro_Oil_RegQuality__normalized__Oil_Rent_Intensive_Pre2016_ge1pct,Regulatory_Quality_lag1,normalized,Oil_Rent_Intensive_Pre2016_ge1pct,Future_Period,train_to_2016__test_from_2017,Ridge,signal_increment,0.02450000000000004,0.0
M2_Macro_Oil_vs_M3_Macro_Oil_RegQuality__normalized__Oil_Rent_Intensive_Pre2016_ge1pct,Regulatory_Quality_lag1,normalized,Oil_Rent_Intensive_Pre2016_ge1pct,Future_Period,train_to_2016__test_from_2017,Ridge,signal_increment,0.02500000000000004,0.0
M2_Macro_Oil_vs_M3_Macro_Oil_RegQuality__normalized__Oil_Rent_Intensive_Pre2016_ge1pct,Regulatory_Quality_lag1,normalized,Oil_Rent_Intensive_Pre2016_ge1pct,Future_Period,train_to_2016__test_from_2017,Ridge,signal_increment,0.02550000000000004,0.0
M2_Macro_Oil_vs_M3_Macro_Oil_RegQuality__normalized__Oil_Rent_Intensive_Pre2016_ge1pct,Regulatory_Quality_lag1,normalized,Oil_Rent_Intensive_Pre2016_ge1pct,Future_Period,train_to_2016__test_from_2017,Ridge,signal_increment,0.02600000000000004,0.0
M2_Macro_Oil_vs_M3_Macro_Oil_RegQuality__normalized__Oil_Rent_Intensive_Pre2016_ge1pct,Regulatory_Quality_lag1,normalized,Oil_Rent_Intensive_Pre2016_ge1pct,Future_Period,train_to_2016__test_from_2017,Ridge,signal_increment,0.02650000000000004,0.0
M2_Macro_Oil_vs_M3_Macro_Oil_RegQuality__normalized__Oil_Rent_Intensive_Pre2016_ge1pct,Regulatory_Quality_lag1,normalized,Oil_Rent_Intensive_Pre2016_ge1pct,Future_Period,train_to_2016__test_from_2017,Ridge,signal_increment,0.02700000000000004,0.0
M2_Macro_Oil_vs_M3_Macro_Oil_RegQuality__normalized__Oil_Rent_Intensive_Pre2016_ge1pct,Regulatory_Quality_lag1,normalized,Oil_Rent_Intensive_Pre2016_ge1pct,Future_Period,train_to_2016__test_from_2017,Ridge,signal_increment,0.027500000000000042,0.0
M2_Macro_Oil_vs_M3_Macro_Oil_RegQuality__normalized__Oil_Rent_Intensive_Pre2016_ge1pct,Regulatory_Quality_lag1,normalized,Oil_Rent_Intensive_Pre2016_ge1pct,Future_Period,train_to_2016__test_from_2017,Ridge,signal_increment,0.028000000000000042,0.0
M2_Macro_Oil_vs_M3_Macro_Oil_RegQuality__normalized__Oil_Rent_Intensive_Pre2016_ge1pct,Regulatory_Quality_lag1,normalized,Oil_Rent_Intensive_Pre2016_ge1pct,Future_Period,train_to_2016__test_from_2017,Ridge,signal_increment,0.028500000000000043,0.0
M2_Macro_Oil_vs_M3_Macro_Oil_RegQuality__normalized__Oil_Rent_Intensive_Pre2016_ge1pct,Regulatory_Quality_lag1,normalized,Oil_Rent_Intensive_Pre2016_ge1pct,Future_Period,train_to_2016__test_from_2017,Ridge,signal_increment,0.029000000000000043,0.0
M2_Macro_Oil_vs_M3_Macro_Oil_RegQuality__normalized__Oil_Rent_Intensive_Pre2016_ge1pct,Regulatory_Quality_lag1,normalized,Oil_Rent_Intensive_Pre2016_ge1pct,Future_Period,train_to_2016__test_from_2017,Ridge,signal_increment,0.029500000000000044,0.0
M2_Macro_Oil_vs_M3_Macro_Oil_RegQuality__normalized__Oil_Rent_Intensive_Pre2016_ge1pct,Regulatory_Quality_lag1,normalized,Oil_Rent_Intensive_Pre2016_ge1pct,Future_Period,train_to_2016__test_from_2017,Ridge,signal_increment,0.030000000000000044,0.0
M2_Macro_Oil_vs_M3_Macro_Oil_RegQuality__normalized__Oil_Rent_Intensive_Pre2016_ge1pct,Regulatory_Quality_lag1,normalized,Oil_Rent_Intensive_Pre2016_ge1pct,Future_Period,train_to_2016__test_from_2017,Ridge,added_model_vs_strongest_benchmark,-0.02,0.9995
M2_Macro_Oil_vs_M3_Macro_Oil_RegQuality__normalized__Oil_Rent_Intensive_Pre2016_ge1pct,Regulatory_Quality_lag1,normalized,Oil_Rent_Intensive_Pre2016_ge1pct,Future_Period,train_to_2016__test_from_2017,Ridge,added_model_vs_strongest_benchmark,-0.0195,0.9995
M2_Macro_Oil_vs_M3_Macro_Oil_RegQuality__normalized__Oil_Rent_Intensive_Pre2016_ge1pct,Regulatory_Quality_lag1,normalized,Oil_Rent_Intensive_Pre2016_ge1pct,Future_Period,train_to_2016__test_from_2017,Ridge,added_model_vs_strongest_benchmark,-0.019,0.9995
M2_Macro_Oil_vs_M3_Macro_Oil_RegQuality__normalized__Oil_Rent_Intensive_Pre2016_ge1pct,Regulatory_Quality_lag1,normalized,Oil_Rent_Intensive_Pre2016_ge1pct,Future_Period,train_to_2016__test_from_2017,Ridge,added_model_vs_strongest_benchmark,-0.0185,0.9995
M2_Macro_Oil_vs_M3_Macro_Oil_RegQuality__normalized__Oil_Rent_Intensive_Pre2016_ge1pct,Regulatory_Quality_lag1,normalized,Oil_Rent_Intensive_Pre2016_ge1pct,Future_Period,train_to_2016__test_from_2017,Ridge,added_model_vs_strongest_benchmark,-0.018,0.9995
M2_Macro_Oil_vs_M3_Macro_Oil_RegQuality__normalized__Oil_Rent_Intensive_Pre2016_ge1pct,Regulatory_Quality_lag1,normalized,Oil_Rent_Intensive_Pre2016_ge1pct,Future_Period,train_to_2016__test_from_2017,Ridge,added_model_vs_strongest_benchmark,-0.017499999999999998,0.9995
M2_Macro_Oil_vs_M3_Macro_Oil_RegQuality__normalized__Oil_Rent_Intensive_Pre2016_ge1pct,Regulatory_Quality_lag1,normalized,Oil_Rent_Intensive_Pre2016_ge1pct,Future_Period,train_to_2016__test_from_2017,Ridge,added_model_vs_strongest_benchmark,-0.016999999999999998,0.9995
M2_Macro_Oil_vs_M3_Macro_Oil_RegQuality__normalized__Oil_Rent_Intensive_Pre2016_ge1pct,Regulatory_Quality_lag1,normalized,Oil_Rent_Intensive_Pre2016_ge1pct,Future_Period,train_to_2016__test_from_2017,Ridge,added_model_vs_strongest_benchmark,-0.016499999999999997,0.9995
M2_Macro_Oil_vs_M3_Macro_Oil_RegQuality__normalized__Oil_Rent_Intensive_Pre2016_ge1pct,Regulatory_Quality_lag1,normalized,Oil_Rent_Intensive_Pre2016_ge1pct,Future_Period,train_to_2016__test_from_2017,Ridge,added_model_vs_strongest_benchmark,-0.015999999999999997,0.9995
M2_Macro_Oil_vs_M3_Macro_Oil_RegQuality__normalized__Oil_Rent_Intensive_Pre2016_ge1pct,Regulatory_Quality_lag1,normalized,Oil_Rent_Intensive_Pre2016_ge1pct,Future_Period,train_to_2016__test_from_2017,Ridge,added_model_vs_strongest_benchmark,-0.015499999999999996,0.9995
M2_Macro_Oil_vs_M3_Macro_Oil_RegQuality__normalized__Oil_Rent_Intensive_Pre2016_ge1pct,Regulatory_Quality_lag1,normalized,Oil_Rent_Intensive_Pre2016_ge1pct,Future_Period,train_to_2016__test_from_2017,Ridge,added_model_vs_strongest_benchmark,-0.014999999999999996,0.9995
M2_Macro_Oil_vs_M3_Macro_Oil_RegQuality__normalized__Oil_Rent_Intensive_Pre2016_ge1pct,Regulatory_Quality_lag1,normalized,Oil_Rent_Intensive_Pre2016_ge1pct,Future_Period,train_to_2016__test_from_2017,Ridge,added_model_vs_strongest_benchmark,-0.014499999999999996,0.9995
M2_Macro_Oil_vs_M3_Macro_Oil_RegQuality__normalized__Oil_Rent_Intensive_Pre2016_ge1pct,Regulatory_Quality_lag1,normalized,Oil_Rent_Intensive_Pre2016_ge1pct,Future_Period,train_to_2016__test_from_2017,Ridge,added_model_vs_strongest_benchmark,-0.013999999999999995,0.9995
M2_Macro_Oil_vs_M3_Macro_Oil_RegQuality__normalized__Oil_Rent_Intensive_Pre2016_ge1pct,Regulatory_Quality_lag1,normalized,Oil_Rent_Intensive_Pre2016_ge1pct,Future_Period,train_to_2016__test_from_2017,Ridge,added_model_vs_strongest_benchmark,-0.013499999999999995,0.9995
M2_Macro_Oil_vs_M3_Macro_Oil_RegQuality__normalized__Oil_Rent_Intensive_Pre2016_ge1pct,Regulatory_Quality_lag1,normalized,Oil_Rent_Intensive_Pre2016_ge1pct,Future_Period,train_to_2016__test_from_2017,Ridge,added_model_vs_strongest_benchmark,-0.012999999999999994,0.9995
M2_Macro_Oil_vs_M3_Macro_Oil_RegQuality__normalized__Oil_Rent_Intensive_Pre2016_ge1pct,Regulatory_Quality_lag1,normalized,Oil_Rent_Intensive_Pre2016_ge1pct,Future_Period,train_to_2016__test_from_2017,Ridge,added_model_vs_strongest_benchmark,-0.012499999999999994,0.9995
M2_Macro_Oil_vs_M3_Macro_Oil_RegQuality__normalized__Oil_Rent_Intensive_Pre2016_ge1pct,Regulatory_Quality_lag1,normalized,Oil_Rent_Intensive_Pre2016_ge1pct,Future_Period,train_to_2016__test_from_2017,Ridge,added_model_vs_strongest_benchmark,-0.011999999999999993,0.9995
M2_Macro_Oil_vs_M3_Macro_Oil_RegQuality__normalized__Oil_Rent_Intensive_Pre2016_ge1pct,Regulatory_Quality_lag1,normalized,Oil_Rent_Intensive_Pre2016_ge1pct,Future_Period,train_to_2016__test_from_2017,Ridge,added_model_vs_strongest_benchmark,-0.011499999999999993,0.999
M2_Macro_Oil_vs_M3_Macro_Oil_RegQuality__normalized__Oil_Rent_Intensive_Pre2016_ge1pct,Regulatory_Quality_lag1,normalized,Oil_Rent_Intensive_Pre2016_ge1pct,Future_Period,train_to_2016__test_from_2017,Ridge,added_model_vs_strongest_benchmark,-0.010999999999999992,0.999
M2_Macro_Oil_vs_M3_Macro_Oil_RegQuality__normalized__Oil_Rent_Intensive_Pre2016_ge1pct,Regulatory_Quality_lag1,normalized,Oil_Rent_Intensive_Pre2016_ge1pct,Future_Period,train_to_2016__test_from_2017,Ridge,added_model_vs_strongest_benchmark,-0.010499999999999992,0.999
M2_Macro_Oil_vs_M3_Macro_Oil_RegQuality__normalized__Oil_Rent_Intensive_Pre2016_ge1pct,Regulatory_Quality_lag1,normalized,Oil_Rent_Intensive_Pre2016_ge1pct,Future_Period,train_to_2016__test_from_2017,Ridge,added_model_vs_strongest_benchmark,-0.009999999999999992,0.999
M2_Macro_Oil_vs_M3_Macro_Oil_RegQuality__normalized__Oil_Rent_Intensive_Pre2016_ge1pct,Regulatory_Quality_lag1,normalized,Oil_Rent_Intensive_Pre2016_ge1pct,Future_Period,train_to_2016__test_from_2017,Ridge,added_model_vs_strongest_benchmark,-0.009499999999999991,0.999
M2_Macro_Oil_vs_M3_Macro_Oil_RegQuality__normalized__Oil_Rent_Intensive_Pre2016_ge1pct,Regulatory_Quality_lag1,normalized,Oil_Rent_Intensive_Pre2016_ge1pct,Future_Period,train_to_2016__test_from_2017,Ridge,added_model_vs_strongest_benchmark,-0.00899999999999999,0.999
M2_Macro_Oil_vs_M3_Macro_Oil_RegQuality__normalized__Oil_Rent_Intensive_Pre2016_ge1pct,Regulatory_Quality_lag1,normalized,Oil_Rent_Intensive_Pre2016_ge1pct,Future_Period,train_to_2016__test_from_2017,Ridge,added_model_vs_strongest_benchmark,-0.00849999999999999,0.999
M2_Macro_Oil_vs_M3_Macro_Oil_RegQuality__normalized__Oil_Rent_Intensive_Pre2016_ge1pct,Regulatory_Quality_lag1,normalized,Oil_Rent_Intensive_Pre2016_ge1pct,Future_Period,train_to_2016__test_from_2017,Ridge,added_model_vs_strongest_benchmark,-0.00799999999999999,0.999
M2_Macro_Oil_vs_M3_Macro_Oil_RegQuality__normalized__Oil_Rent_Intensive_Pre2016_ge1pct,Regulatory_Quality_lag1,normalized,Oil_Rent_Intensive_Pre2016_ge1pct,Future_Period,train_to_2016__test_from_2017,Ridge,added_model_vs_strongest_benchmark,-0.007499999999999989,0.999
M2_Macro_Oil_vs_M3_Macro_Oil_RegQuality__normalized__Oil_Rent_Intensive_Pre2016_ge1pct,Regulatory_Quality_lag1,normalized,Oil_Rent_Intensive_Pre2016_ge1pct,Future_Period,train_to_2016__test_from_2017,Ridge,added_model_vs_strongest_benchmark,-0.006999999999999989,0.999
M2_Macro_Oil_vs_M3_Macro_Oil_RegQuality__normalized__Oil_Rent_Intensive_Pre2016_ge1pct,Regulatory_Quality_lag1,normalized,Oil_Rent_Intensive_Pre2016_ge1pct,Future_Period,train_to_2016__test_from_2017,Ridge,added_model_vs_strongest_benchmark,-0.006499999999999988,0.999
M2_Macro_Oil_vs_M3_Macro_Oil_RegQuality__normalized__Oil_Rent_Intensive_Pre2016_ge1pct,Regulatory_Quality_lag1,normalized,Oil_Rent_Intensive_Pre2016_ge1pct,Future_Period,train_to_2016__test_from_2017,Ridge,added_model_vs_strongest_benchmark,-0.005999999999999988,0.999
M2_Macro_Oil_vs_M3_Macro_Oil_RegQuality__normalized__Oil_Rent_Intensive_Pre2016_ge1pct,Regulatory_Quality_lag1,normalized,Oil_Rent_Intensive_Pre2016_ge1pct,Future_Period,train_to_2016__test_from_2017,Ridge,added_model_vs_strongest_benchmark,-0.0054999999999999875,0.999
M2_Macro_Oil_vs_M3_Macro_Oil_RegQuality__normalized__Oil_Rent_Intensive_Pre2016_ge1pct,Regulatory_Quality_lag1,normalized,Oil_Rent_Intensive_Pre2016_ge1pct,Future_Period,train_to_2016__test_from_2017,Ridge,added_model_vs_strongest_benchmark,-0.004999999999999987,0.999
M2_Macro_Oil_vs_M3_Macro_Oil_RegQuality__normalized__Oil_Rent_Intensive_Pre2016_ge1pct,Regulatory_Quality_lag1,normalized,Oil_Rent_Intensive_Pre2016_ge1pct,Future_Period,train_to_2016__test_from_2017,Ridge,added_model_vs_strongest_benchmark,-0.004499999999999987,0.999
M2_Macro_Oil_vs_M3_Macro_Oil_RegQuality__normalized__Oil_Rent_Intensive_Pre2016_ge1pct,Regulatory_Quality_lag1,normalized,Oil_Rent_Intensive_Pre2016_ge1pct,Future_Period,train_to_2016__test_from_2017,Ridge,added_model_vs_strongest_benchmark,-0.003999999999999986,0.999
M2_Macro_Oil_vs_M3_Macro_Oil_RegQuality__normalized__Oil_Rent_Intensive_Pre2016_ge1pct,Regulatory_Quality_lag1,normalized,Oil_Rent_Intensive_Pre2016_ge1pct,Future_Period,train_to_2016__test_from_2017,Ridge,added_model_vs_strongest_benchmark,-0.0034999999999999858,0.999
M2_Macro_Oil_vs_M3_Macro_Oil_RegQuality__normalized__Oil_Rent_Intensive_Pre2016_ge1pct,Regulatory_Quality_lag1,normalized,Oil_Rent_Intensive_Pre2016_ge1pct,Future_Period,train_to_2016__test_from_2017,Ridge,added_model_vs_strongest_benchmark,-0.0029999999999999853,0.999
M2_Macro_Oil_vs_M3_Macro_Oil_RegQuality__normalized__Oil_Rent_Intensive_Pre2016_ge1pct,Regulatory_Quality_lag1,normalized,Oil_Rent_Intensive_Pre2016_ge1pct,Future_Period,train_to_2016__test_from_2017,Ridge,added_model_vs_strongest_benchmark,-0.002499999999999985,0.999
M2_Macro_Oil_vs_M3_Macro_Oil_RegQuality__normalized__Oil_Rent_Intensive_Pre2016_ge1pct,Regulatory_Quality_lag1,normalized,Oil_Rent_Intensive_Pre2016_ge1pct,Future_Period,train_to_2016__test_from_2017,Ridge,added_model_vs_strongest_benchmark,-0.0019999999999999844,0.999
M2_Macro_Oil_vs_M3_Macro_Oil_RegQuality__normalized__Oil_Rent_Intensive_Pre2016_ge1pct,Regulatory_Quality_lag1,normalized,Oil_Rent_Intensive_Pre2016_ge1pct,Future_Period,train_to_2016__test_from_2017,Ridge,added_model_vs_strongest_benchmark,-0.001499999999999984,0.999
M2_Macro_Oil_vs_M3_Macro_Oil_RegQuality__normalized__Oil_Rent_Intensive_Pre2016_ge1pct,Regulatory_Quality_lag1,normalized,Oil_Rent_Intensive_Pre2016_ge1pct,Future_Period,train_to_2016__test_from_2017,Ridge,added_model_vs_strongest_benchmark,-0.0009999999999999835,0.999
M2_Macro_Oil_vs_M3_Macro_Oil_RegQuality__normalized__Oil_Rent_Intensive_Pre2016_ge1pct,Regulatory_Quality_lag1,normalized,Oil_Rent_Intensive_Pre2016_ge1pct,Future_Period,train_to_2016__test_from_2017,Ridge,added_model_vs_strongest_benchmark,-0.0004999999999999831,0.999
M2_Macro_Oil_vs_M3_Macro_Oil_RegQuality__normalized__Oil_Rent_Intensive_Pre2016_ge1pct,Regulatory_Quality_lag1,normalized,Oil_Rent_Intensive_Pre2016_ge1pct,Future_Period,train_to_2016__test_from_2017,Ridge,added_model_vs_strongest_benchmark,1.734723475976807e-17,0.999
M2_Macro_Oil_vs_M3_Macro_Oil_RegQuality__normalized__Oil_Rent_Intensive_Pre2016_ge1pct,Regulatory_Quality_lag1,normalized,Oil_Rent_Intensive_Pre2016_ge1pct,Future_Period,train_to_2016__test_from_2017,Ridge,added_model_vs_strongest_benchmark,0.0005000000000000178,0.999
M2_Macro_Oil_vs_M3_Macro_Oil_RegQuality__normalized__Oil_Rent_Intensive_Pre2016_ge1pct,Regulatory_Quality_lag1,normalized,Oil_Rent_Intensive_Pre2016_ge1pct,Future_Period,train_to_2016__test_from_2017,Ridge,added_model_vs_strongest_benchmark,0.0010000000000000182,0.999
M2_Macro_Oil_vs_M3_Macro_Oil_RegQuality__normalized__Oil_Rent_Intensive_Pre2016_ge1pct,Regulatory_Quality_lag1,normalized,Oil_Rent_Intensive_Pre2016_ge1pct,Future_Period,train_to_2016__test_from_2017,Ridge,added_model_vs_strongest_benchmark,0.0015000000000000187,0.999
M2_Macro_Oil_vs_M3_Macro_Oil_RegQuality__normalized__Oil_Rent_Intensive_Pre2016_ge1pct,Regulatory_Quality_lag1,normalized,Oil_Rent_Intensive_Pre2016_ge1pct,Future_Period,train_to_2016__test_from_2017,Ridge,added_model_vs_strongest_benchmark,0.002000000000000019,0.999
M2_Macro_Oil_vs_M3_Macro_Oil_RegQuality__normalized__Oil_Rent_Intensive_Pre2016_ge1pct,Regulatory_Quality_lag1,normalized,Oil_Rent_Intensive_Pre2016_ge1pct,Future_Period,train_to_2016__test_from_2017,Ridge,added_model_vs_strongest_benchmark,0.0025000000000000196,0.999
M2_Macro_Oil_vs_M3_Macro_Oil_RegQuality__normalized__Oil_Rent_Intensive_Pre2016_ge1pct,Regulatory_Quality_lag1,normalized,Oil_Rent_Intensive_Pre2016_ge1pct,Future_Period,train_to_2016__test_from_2017,Ridge,added_model_vs_strongest_benchmark,0.00300000000000002,0.999
M2_Macro_Oil_vs_M3_Macro_Oil_RegQuality__normalized__Oil_Rent_Intensive_Pre2016_ge1pct,Regulatory_Quality_lag1,normalized,Oil_Rent_Intensive_Pre2016_ge1pct,Future_Period,train_to_2016__test_from_2017,Ridge,added_model_vs_strongest_benchmark,0.0035000000000000205,0.999
M2_Macro_Oil_vs_M3_Macro_Oil_RegQuality__normalized__Oil_Rent_Intensive_Pre2016_ge1pct,Regulatory_Quality_lag1,normalized,Oil_Rent_Intensive_Pre2016_ge1pct,Future_Period,train_to_2016__test_from_2017,Ridge,added_model_vs_strongest_benchmark,0.004000000000000021,0.999
M2_Macro_Oil_vs_M3_Macro_Oil_RegQuality__normalized__Oil_Rent_Intensive_Pre2016_ge1pct,Regulatory_Quality_lag1,normalized,Oil_Rent_Intensive_Pre2016_ge1pct,Future_Period,train_to_2016__test_from_2017,Ridge,added_model_vs_strongest_benchmark,0.004500000000000021,0.999
M2_Macro_Oil_vs_M3_Macro_Oil_RegQuality__normalized__Oil_Rent_Intensive_Pre2016_ge1pct,Regulatory_Quality_lag1,normalized,Oil_Rent_Intensive_Pre2016_ge1pct,Future_Period,train_to_2016__test_from_2017,Ridge,added_model_vs_strongest_benchmark,0.005000000000000022,0.999
M2_Macro_Oil_vs_M3_Macro_Oil_RegQuality__normalized__Oil_Rent_Intensive_Pre2016_ge1pct,Regulatory_Quality_lag1,normalized,Oil_Rent_Intensive_Pre2016_ge1pct,Future_Period,train_to_2016__test_from_2017,Ridge,added_model_vs_strongest_benchmark,0.005500000000000022,0.9985
M2_Macro_Oil_vs_M3_Macro_Oil_RegQuality__normalized__Oil_Rent_Intensive_Pre2016_ge1pct,Regulatory_Quality_lag1,normalized,Oil_Rent_Intensive_Pre2016_ge1pct,Future_Period,train_to_2016__test_from_2017,Ridge,added_model_vs_strongest_benchmark,0.006000000000000023,0.9985
M2_Macro_Oil_vs_M3_Macro_Oil_RegQuality__normalized__Oil_Rent_Intensive_Pre2016_ge1pct,Regulatory_Quality_lag1,normalized,Oil_Rent_Intensive_Pre2016_ge1pct,Future_Period,train_to_2016__test_from_2017,Ridge,added_model_vs_strongest_benchmark,0.006500000000000023,0.9985
M2_Macro_Oil_vs_M3_Macro_Oil_RegQuality__normalized__Oil_Rent_Intensive_Pre2016_ge1pct,Regulatory_Quality_lag1,normalized,Oil_Rent_Intensive_Pre2016_ge1pct,Future_Period,train_to_2016__test_from_2017,Ridge,added_model_vs_strongest_benchmark,0.0070000000000000236,0.9985
M2_Macro_Oil_vs_M3_Macro_Oil_RegQuality__normalized__Oil_Rent_Intensive_Pre2016_ge1pct,Regulatory_Quality_lag1,normalized,Oil_Rent_Intensive_Pre2016_ge1pct,Future_Period,train_to_2016__test_from_2017,Ridge,added_model_vs_strongest_benchmark,0.007500000000000024,0.9985
M2_Macro_Oil_vs_M3_Macro_Oil_RegQuality__normalized__Oil_Rent_Intensive_Pre2016_ge1pct,Regulatory_Quality_lag1,normalized,Oil_Rent_Intensive_Pre2016_ge1pct,Future_Period,train_to_2016__test_from_2017,Ridge,added_model_vs_strongest_benchmark,0.008000000000000024,0.9985
M2_Macro_Oil_vs_M3_Macro_Oil_RegQuality__normalized__Oil_Rent_Intensive_Pre2016_ge1pct,Regulatory_Quality_lag1,normalized,Oil_Rent_Intensive_Pre2016_ge1pct,Future_Period,train_to_2016__test_from_2017,Ridge,added_model_vs_strongest_benchmark,0.008500000000000025,0.9985
M2_Macro_Oil_vs_M3_Macro_Oil_RegQuality__normalized__Oil_Rent_Intensive_Pre2016_ge1pct,Regulatory_Quality_lag1,normalized,Oil_Rent_Intensive_Pre2016_ge1pct,Future_Period,train_to_2016__test_from_2017,Ridge,added_model_vs_strongest_benchmark,0.009000000000000025,0.9985
M2_Macro_Oil_vs_M3_Macro_Oil_RegQuality__normalized__Oil_Rent_Intensive_Pre2016_ge1pct,Regulatory_Quality_lag1,normalized,Oil_Rent_Intensive_Pre2016_ge1pct,Future_Period,train_to_2016__test_from_2017,Ridge,added_model_vs_strongest_benchmark,0.009500000000000026,0.9985
M2_Macro_Oil_vs_M3_Macro_Oil_RegQuality__normalized__Oil_Rent_Intensive_Pre2016_ge1pct,Regulatory_Quality_lag1,normalized,Oil_Rent_Intensive_Pre2016_ge1pct,Future_Period,train_to_2016__test_from_2017,Ridge,added_model_vs_strongest_benchmark,0.010000000000000026,0.998
M2_Macro_Oil_vs_M3_Macro_Oil_RegQuality__normalized__Oil_Rent_Intensive_Pre2016_ge1pct,Regulatory_Quality_lag1,normalized,Oil_Rent_Intensive_Pre2016_ge1pct,Future_Period,train_to_2016__test_from_2017,Ridge,added_model_vs_strongest_benchmark,0.010500000000000027,0.9975
M2_Macro_Oil_vs_M3_Macro_Oil_RegQuality__normalized__Oil_Rent_Intensive_Pre2016_ge1pct,Regulatory_Quality_lag1,normalized,Oil_Rent_Intensive_Pre2016_ge1pct,Future_Period,train_to_2016__test_from_2017,Ridge,added_model_vs_strongest_benchmark,0.011000000000000027,0.9975
M2_Macro_Oil_vs_M3_Macro_Oil_RegQuality__normalized__Oil_Rent_Intensive_Pre2016_ge1pct,Regulatory_Quality_lag1,normalized,Oil_Rent_Intensive_Pre2016_ge1pct,Future_Period,train_to_2016__test_from_2017,Ridge,added_model_vs_strongest_benchmark,0.011500000000000028,0.9975
M2_Macro_Oil_vs_M3_Macro_Oil_RegQuality__normalized__Oil_Rent_Intensive_Pre2016_ge1pct,Regulatory_Quality_lag1,normalized,Oil_Rent_Intensive_Pre2016_ge1pct,Future_Period,train_to_2016__test_from_2017,Ridge,added_model_vs_strongest_benchmark,0.012000000000000028,0.9975
M2_Macro_Oil_vs_M3_Macro_Oil_RegQuality__normalized__Oil_Rent_Intensive_Pre2016_ge1pct,Regulatory_Quality_lag1,normalized,Oil_Rent_Intensive_Pre2016_ge1pct,Future_Period,train_to_2016__test_from_2017,Ridge,added_model_vs_strongest_benchmark,0.012500000000000028,0.9975
M2_Macro_Oil_vs_M3_Macro_Oil_RegQuality__normalized__Oil_Rent_Intensive_Pre2016_ge1pct,Regulatory_Quality_lag1,normalized,Oil_Rent_Intensive_Pre2016_ge1pct,Future_Period,train_to_2016__test_from_2017,Ridge,added_model_vs_strongest_benchmark,0.013000000000000029,0.9975
M2_Macro_Oil_vs_M3_Macro_Oil_RegQuality__normalized__Oil_Rent_Intensive_Pre2016_ge1pct,Regulatory_Quality_lag1,normalized,Oil_Rent_Intensive_Pre2016_ge1pct,Future_Period,train_to_2016__test_from_2017,Ridge,added_model_vs_strongest_benchmark,0.01350000000000003,0.997
M2_Macro_Oil_vs_M3_Macro_Oil_RegQuality__normalized__Oil_Rent_Intensive_Pre2016_ge1pct,Regulatory_Quality_lag1,normalized,Oil_Rent_Intensive_Pre2016_ge1pct,Future_Period,train_to_2016__test_from_2017,Ridge,added_model_vs_strongest_benchmark,0.01400000000000003,0.997
M2_Macro_Oil_vs_M3_Macro_Oil_RegQuality__normalized__Oil_Rent_Intensive_Pre2016_ge1pct,Regulatory_Quality_lag1,normalized,Oil_Rent_Intensive_Pre2016_ge1pct,Future_Period,train_to_2016__test_from_2017,Ridge,added_model_vs_strongest_benchmark,0.01450000000000003,0.997
M2_Macro_Oil_vs_M3_Macro_Oil_RegQuality__normalized__Oil_Rent_Intensive_Pre2016_ge1pct,Regulatory_Quality_lag1,normalized,Oil_Rent_Intensive_Pre2016_ge1pct,Future_Period,train_to_2016__test_from_2017,Ridge,added_model_vs_strongest_benchmark,0.01500000000000003,0.997
M2_Macro_Oil_vs_M3_Macro_Oil_RegQuality__normalized__Oil_Rent_Intensive_Pre2016_ge1pct,Regulatory_Quality_lag1,normalized,Oil_Rent_Intensive_Pre2016_ge1pct,Future_Period,train_to_2016__test_from_2017,Ridge,added_model_vs_strongest_benchmark,0.015500000000000031,0.997
M2_Macro_Oil_vs_M3_Macro_Oil_RegQuality__normalized__Oil_Rent_Intensive_Pre2016_ge1pct,Regulatory_Quality_lag1,normalized,Oil_Rent_Intensive_Pre2016_ge1pct,Future_Period,train_to_2016__test_from_2017,Ridge,added_model_vs_strongest_benchmark,0.01600000000000003,0.9965
M2_Macro_Oil_vs_M3_Macro_Oil_RegQuality__normalized__Oil_Rent_Intensive_Pre2016_ge1pct,Regulatory_Quality_lag1,normalized,Oil_Rent_Intensive_Pre2016_ge1pct,Future_Period,train_to_2016__test_from_2017,Ridge,added_model_vs_strongest_benchmark,0.016500000000000032,0.9965
M2_Macro_Oil_vs_M3_Macro_Oil_RegQuality__normalized__Oil_Rent_Intensive_Pre2016_ge1pct,Regulatory_Quality_lag1,normalized,Oil_Rent_Intensive_Pre2016_ge1pct,Future_Period,train_to_2016__test_from_2017,Ridge,added_model_vs_strongest_benchmark,0.017000000000000032,0.9965
M2_Macro_Oil_vs_M3_Macro_Oil_RegQuality__normalized__Oil_Rent_Intensive_Pre2016_ge1pct,Regulatory_Quality_lag1,normalized,Oil_Rent_Intensive_Pre2016_ge1pct,Future_Period,train_to_2016__test_from_2017,Ridge,added_model_vs_strongest_benchmark,0.017500000000000033,0.9965
M2_Macro_Oil_vs_M3_Macro_Oil_RegQuality__normalized__Oil_Rent_Intensive_Pre2016_ge1pct,Regulatory_Quality_lag1,normalized,Oil_Rent_Intensive_Pre2016_ge1pct,Future_Period,train_to_2016__test_from_2017,Ridge,added_model_vs_strongest_benchmark,0.018000000000000033,0.9965
M2_Macro_Oil_vs_M3_Macro_Oil_RegQuality__normalized__Oil_Rent_Intensive_Pre2016_ge1pct,Regulatory_Quality_lag1,normalized,Oil_Rent_Intensive_Pre2016_ge1pct,Future_Period,train_to_2016__test_from_2017,Ridge,added_model_vs_strongest_benchmark,0.018500000000000034,0.9965
M2_Macro_Oil_vs_M3_Macro_Oil_RegQuality__normalized__Oil_Rent_Intensive_Pre2016_ge1pct,Regulatory_Quality_lag1,normalized,Oil_Rent_Intensive_Pre2016_ge1pct,Future_Period,train_to_2016__test_from_2017,Ridge,added_model_vs_strongest_benchmark,0.019000000000000034,0.9965
M2_Macro_Oil_vs_M3_Macro_Oil_RegQuality__normalized__Oil_Rent_Intensive_Pre2016_ge1pct,Regulatory_Quality_lag1,normalized,Oil_Rent_Intensive_Pre2016_ge1pct,Future_Period,train_to_2016__test_from_2017,Ridge,added_model_vs_strongest_benchmark,0.019500000000000035,0.9965
M2_Macro_Oil_vs_M3_Macro_Oil_RegQuality__normalized__Oil_Rent_Intensive_Pre2016_ge1pct,Regulatory_Quality_lag1,normalized,Oil_Rent_Intensive_Pre2016_ge1pct,Future_Period,train_to_2016__test_from_2017,Ridge,added_model_vs_strongest_benchmark,0.020000000000000035,0.9965
M2_Macro_Oil_vs_M3_Macro_Oil_RegQuality__normalized__Oil_Rent_Intensive_Pre2016_ge1pct,Regulatory_Quality_lag1,normalized,Oil_Rent_Intensive_Pre2016_ge1pct,Future_Period,train_to_2016__test_from_2017,Ridge,added_model_vs_strongest_benchmark,0.020500000000000036,0.9965
M2_Macro_Oil_vs_M3_Macro_Oil_RegQuality__normalized__Oil_Rent_Intensive_Pre2016_ge1pct,Regulatory_Quality_lag1,normalized,Oil_Rent_Intensive_Pre2016_ge1pct,Future_Period,train_to_2016__test_from_2017,Ridge,added_model_vs_strongest_benchmark,0.021000000000000036,0.9965
M2_Macro_Oil_vs_M3_Macro_Oil_RegQuality__normalized__Oil_Rent_Intensive_Pre2016_ge1pct,Regulatory_Quality_lag1,normalized,Oil_Rent_Intensive_Pre2016_ge1pct,Future_Period,train_to_2016__test_from_2017,Ridge,added_model_vs_strongest_benchmark,0.021500000000000036,0.9965
M2_Macro_Oil_vs_M3_Macro_Oil_RegQuality__normalized__Oil_Rent_Intensive_Pre2016_ge1pct,Regulatory_Quality_lag1,normalized,Oil_Rent_Intensive_Pre2016_ge1pct,Future_Period,train_to_2016__test_from_2017,Ridge,added_model_vs_strongest_benchmark,0.022000000000000037,0.9965
M2_Macro_Oil_vs_M3_Macro_Oil_RegQuality__normalized__Oil_Rent_Intensive_Pre2016_ge1pct,Regulatory_Quality_lag1,normalized,Oil_Rent_Intensive_Pre2016_ge1pct,Future_Period,train_to_2016__test_from_2017,Ridge,added_model_vs_strongest_benchmark,0.022500000000000037,0.996
M2_Macro_Oil_vs_M3_Macro_Oil_RegQuality__normalized__Oil_Rent_Intensive_Pre2016_ge1pct,Regulatory_Quality_lag1,normalized,Oil_Rent_Intensive_Pre2016_ge1pct,Future_Period,train_to_2016__test_from_2017,Ridge,added_model_vs_strongest_benchmark,0.023000000000000038,0.996
M2_Macro_Oil_vs_M3_Macro_Oil_RegQuality__normalized__Oil_Rent_Intensive_Pre2016_ge1pct,Regulatory_Quality_lag1,normalized,Oil_Rent_Intensive_Pre2016_ge1pct,Future_Period,train_to_2016__test_from_2017,Ridge,added_model_vs_strongest_benchmark,0.023500000000000038,0.9955
M2_Macro_Oil_vs_M3_Macro_Oil_RegQuality__normalized__Oil_Rent_Intensive_Pre2016_ge1pct,Regulatory_Quality_lag1,normalized,Oil_Rent_Intensive_Pre2016_ge1pct,Future_Period,train_to_2016__test_from_2017,Ridge,added_model_vs_strongest_benchmark,0.02400000000000004,0.9955
M2_Macro_Oil_vs_M3_Macro_Oil_RegQuality__normalized__Oil_Rent_Intensive_Pre2016_ge1pct,Regulatory_Quality_lag1,normalized,Oil_Rent_Intensive_Pre2016_ge1pct,Future_Period,train_to_2016__test_from_2017,Ridge,added_model_vs_strongest_benchmark,0.02450000000000004,0.995
M2_Macro_Oil_vs_M3_Macro_Oil_RegQuality__normalized__Oil_Rent_Intensive_Pre2016_ge1pct,Regulatory_Quality_lag1,normalized,Oil_Rent_Intensive_Pre2016_ge1pct,Future_Period,train_to_2016__test_from_2017,Ridge,added_model_vs_strongest_benchmark,0.02500000000000004,0.9945
M2_Macro_Oil_vs_M3_Macro_Oil_RegQuality__normalized__Oil_Rent_Intensive_Pre2016_ge1pct,Regulatory_Quality_lag1,normalized,Oil_Rent_Intensive_Pre2016_ge1pct,Future_Period,train_to_2016__test_from_2017,Ridge,added_model_vs_strongest_benchmark,0.02550000000000004,0.9945
M2_Macro_Oil_vs_M3_Macro_Oil_RegQuality__normalized__Oil_Rent_Intensive_Pre2016_ge1pct,Regulatory_Quality_lag1,normalized,Oil_Rent_Intensive_Pre2016_ge1pct,Future_Period,train_to_2016__test_from_2017,Ridge,added_model_vs_strongest_benchmark,0.02600000000000004,0.9945
M2_Macro_Oil_vs_M3_Macro_Oil_RegQuality__normalized__Oil_Rent_Intensive_Pre2016_ge1pct,Regulatory_Quality_lag1,normalized,Oil_Rent_Intensive_Pre2016_ge1pct,Future_Period,train_to_2016__test_from_2017,Ridge,added_model_vs_strongest_benchmark,0.02650000000000004,0.994
M2_Macro_Oil_vs_M3_Macro_Oil_RegQuality__normalized__Oil_Rent_Intensive_Pre2016_ge1pct,Regulatory_Quality_lag1,normalized,Oil_Rent_Intensive_Pre2016_ge1pct,Future_Period,train_to_2016__test_from_2017,Ridge,added_model_vs_strongest_benchmark,0.02700000000000004,0.994
M2_Macro_Oil_vs_M3_Macro_Oil_RegQuality__normalized__Oil_Rent_Intensive_Pre2016_ge1pct,Regulatory_Quality_lag1,normalized,Oil_Rent_Intensive_Pre2016_ge1pct,Future_Period,train_to_2016__test_from_2017,Ridge,added_model_vs_strongest_benchmark,0.027500000000000042,0.994
M2_Macro_Oil_vs_M3_Macro_Oil_RegQuality__normalized__Oil_Rent_Intensive_Pre2016_ge1pct,Regulatory_Quality_lag1,normalized,Oil_Rent_Intensive_Pre2016_ge1pct,Future_Period,train_to_2016__test_from_2017,Ridge,added_model_vs_strongest_benchmark,0.028000000000000042,0.994
M2_Macro_Oil_vs_M3_Macro_Oil_RegQuality__normalized__Oil_Rent_Intensive_Pre2016_ge1pct,Regulatory_Quality_lag1,normalized,Oil_Rent_Intensive_Pre2016_ge1pct,Future_Period,train_to_2016__test_from_2017,Ridge,added_model_vs_strongest_benchmark,0.028500000000000043,0.994
M2_Macro_Oil_vs_M3_Macro_Oil_RegQuality__normalized__Oil_Rent_Intensive_Pre2016_ge1pct,Regulatory_Quality_lag1,normalized,Oil_Rent_Intensive_Pre2016_ge1pct,Future_Period,train_to_2016__test_from_2017,Ridge,added_model_vs_strongest_benchmark,0.029000000000000043,0.993
M2_Macro_Oil_vs_M3_Macro_Oil_RegQuality__normalized__Oil_Rent_Intensive_Pre2016_ge1pct,Regulatory_Quality_lag1,normalized,Oil_Rent_Intensive_Pre2016_ge1pct,Future_Period,train_to_2016__test_from_2017,Ridge,added_model_vs_strongest_benchmark,0.029500000000000044,0.993
M2_Macro_Oil_vs_M3_Macro_Oil_RegQuality__normalized__Oil_Rent_Intensive_Pre2016_ge1pct,Regulatory_Quality_lag1,normalized,Oil_Rent_Intensive_Pre2016_ge1pct,Future_Period,train_to_2016__test_from_2017,Ridge,added_model_vs_strongest_benchmark,0.030000000000000044,0.993
M2_Macro_Oil_vs_M3_Macro_Oil_RegQuality__normalized__Oil_Rent_Intensive_Pre2016_ge1pct,Regulatory_Quality_lag1,normalized,Oil_Rent_Intensive_Pre2016_ge1pct,Future_Period,train_to_2016__test_from_2017,ElasticNet,signal_increment,-0.02,1.0
M2_Macro_Oil_vs_M3_Macro_Oil_RegQuality__normalized__Oil_Rent_Intensive_Pre2016_ge1pct,Regulatory_Quality_lag1,normalized,Oil_Rent_Intensive_Pre2016_ge1pct,Future_Period,train_to_2016__test_from_2017,ElasticNet,signal_increment,-0.0195,1.0
M2_Macro_Oil_vs_M3_Macro_Oil_RegQuality__normalized__Oil_Rent_Intensive_Pre2016_ge1pct,Regulatory_Quality_lag1,normalized,Oil_Rent_Intensive_Pre2016_ge1pct,Future_Period,train_to_2016__test_from_2017,ElasticNet,signal_increment,-0.019,1.0
M2_Macro_Oil_vs_M3_Macro_Oil_RegQuality__normalized__Oil_Rent_Intensive_Pre2016_ge1pct,Regulatory_Quality_lag1,normalized,Oil_Rent_Intensive_Pre2016_ge1pct,Future_Period,train_to_2016__test_from_2017,ElasticNet,signal_increment,-0.0185,1.0
M2_Macro_Oil_vs_M3_Macro_Oil_RegQuality__normalized__Oil_Rent_Intensive_Pre2016_ge1pct,Regulatory_Quality_lag1,normalized,Oil_Rent_Intensive_Pre2016_ge1pct,Future_Period,train_to_2016__test_from_2017,ElasticNet,signal_increment,-0.018,1.0
M2_Macro_Oil_vs_M3_Macro_Oil_RegQuality__normalized__Oil_Rent_Intensive_Pre2016_ge1pct,Regulatory_Quality_lag1,normalized,Oil_Rent_Intensive_Pre2016_ge1pct,Future_Period,train_to_2016__test_from_2017,ElasticNet,signal_increment,-0.017499999999999998,1.0
M2_Macro_Oil_vs_M3_Macro_Oil_RegQuality__normalized__Oil_Rent_Intensive_Pre2016_ge1pct,Regulatory_Quality_lag1,normalized,Oil_Rent_Intensive_Pre2016_ge1pct,Future_Period,train_to_2016__test_from_2017,ElasticNet,signal_increment,-0.016999999999999998,1.0
M2_Macro_Oil_vs_M3_Macro_Oil_RegQuality__normalized__Oil_Rent_Intensive_Pre2016_ge1pct,Regulatory_Quality_lag1,normalized,Oil_Rent_Intensive_Pre2016_ge1pct,Future_Period,train_to_2016__test_from_2017,ElasticNet,signal_increment,-0.016499999999999997,1.0
M2_Macro_Oil_vs_M3_Macro_Oil_RegQuality__normalized__Oil_Rent_Intensive_Pre2016_ge1pct,Regulatory_Quality_lag1,normalized,Oil_Rent_Intensive_Pre2016_ge1pct,Future_Period,train_to_2016__test_from_2017,ElasticNet,signal_increment,-0.015999999999999997,1.0
M2_Macro_Oil_vs_M3_Macro_Oil_RegQuality__normalized__Oil_Rent_Intensive_Pre2016_ge1pct,Regulatory_Quality_lag1,normalized,Oil_Rent_Intensive_Pre2016_ge1pct,Future_Period,train_to_2016__test_from_2017,ElasticNet,signal_increment,-0.015499999999999996,1.0
M2_Macro_Oil_vs_M3_Macro_Oil_RegQuality__normalized__Oil_Rent_Intensive_Pre2016_ge1pct,Regulatory_Quality_lag1,normalized,Oil_Rent_Intensive_Pre2016_ge1pct,Future_Period,train_to_2016__test_from_2017,ElasticNet,signal_increment,-0.014999999999999996,1.0
M2_Macro_Oil_vs_M3_Macro_Oil_RegQuality__normalized__Oil_Rent_Intensive_Pre2016_ge1pct,Regulatory_Quality_lag1,normalized,Oil_Rent_Intensive_Pre2016_ge1pct,Future_Period,train_to_2016__test_from_2017,ElasticNet,signal_increment,-0.014499999999999996,1.0
M2_Macro_Oil_vs_M3_Macro_Oil_RegQuality__normalized__Oil_Rent_Intensive_Pre2016_ge1pct,Regulatory_Quality_lag1,normalized,Oil_Rent_Intensive_Pre2016_ge1pct,Future_Period,train_to_2016__test_from_2017,ElasticNet,signal_increment,-0.013999999999999995,1.0
M2_Macro_Oil_vs_M3_Macro_Oil_RegQuality__normalized__Oil_Rent_Intensive_Pre2016_ge1pct,Regulatory_Quality_lag1,normalized,Oil_Rent_Intensive_Pre2016_ge1pct,Future_Period,train_to_2016__test_from_2017,ElasticNet,signal_increment,-0.013499999999999995,1.0
M2_Macro_Oil_vs_M3_Macro_Oil_RegQuality__normalized__Oil_Rent_Intensive_Pre2016_ge1pct,Regulatory_Quality_lag1,normalized,Oil_Rent_Intensive_Pre2016_ge1pct,Future_Period,train_to_2016__test_from_2017,ElasticNet,signal_increment,-0.012999999999999994,1.0
M2_Macro_Oil_vs_M3_Macro_Oil_RegQuality__normalized__Oil_Rent_Intensive_Pre2016_ge1pct,Regulatory_Quality_lag1,normalized,Oil_Rent_Intensive_Pre2016_ge1pct,Future_Period,train_to_2016__test_from_2017,ElasticNet,signal_increment,-0.012499999999999994,1.0
M2_Macro_Oil_vs_M3_Macro_Oil_RegQuality__normalized__Oil_Rent_Intensive_Pre2016_ge1pct,Regulatory_Quality_lag1,normalized,Oil_Rent_Intensive_Pre2016_ge1pct,Future_Period,train_to_2016__test_from_2017,ElasticNet,signal_increment,-0.011999999999999993,1.0
M2_Macro_Oil_vs_M3_Macro_Oil_RegQuality__normalized__Oil_Rent_Intensive_Pre2016_ge1pct,Regulatory_Quality_lag1,normalized,Oil_Rent_Intensive_Pre2016_ge1pct,Future_Period,train_to_2016__test_from_2017,ElasticNet,signal_increment,-0.011499999999999993,1.0
M2_Macro_Oil_vs_M3_Macro_Oil_RegQuality__normalized__Oil_Rent_Intensive_Pre2016_ge1pct,Regulatory_Quality_lag1,normalized,Oil_Rent_Intensive_Pre2016_ge1pct,Future_Period,train_to_2016__test_from_2017,ElasticNet,signal_increment,-0.010999999999999992,1.0
M2_Macro_Oil_vs_M3_Macro_Oil_RegQuality__normalized__Oil_Rent_Intensive_Pre2016_ge1pct,Regulatory_Quality_lag1,normalized,Oil_Rent_Intensive_Pre2016_ge1pct,Future_Period,train_to_2016__test_from_2017,ElasticNet,signal_increment,-0.010499999999999992,1.0
M2_Macro_Oil_vs_M3_Macro_Oil_RegQuality__normalized__Oil_Rent_Intensive_Pre2016_ge1pct,Regulatory_Quality_lag1,normalized,Oil_Rent_Intensive_Pre2016_ge1pct,Future_Period,train_to_2016__test_from_2017,ElasticNet,signal_increment,-0.009999999999999992,1.0
M2_Macro_Oil_vs_M3_Macro_Oil_RegQuality__normalized__Oil_Rent_Intensive_Pre2016_ge1pct,Regulatory_Quality_lag1,normalized,Oil_Rent_Intensive_Pre2016_ge1pct,Future_Period,train_to_2016__test_from_2017,ElasticNet,signal_increment,-0.009499999999999991,1.0
M2_Macro_Oil_vs_M3_Macro_Oil_RegQuality__normalized__Oil_Rent_Intensive_Pre2016_ge1pct,Regulatory_Quality_lag1,normalized,Oil_Rent_Intensive_Pre2016_ge1pct,Future_Period,train_to_2016__test_from_2017,ElasticNet,signal_increment,-0.00899999999999999,1.0
M2_Macro_Oil_vs_M3_Macro_Oil_RegQuality__normalized__Oil_Rent_Intensive_Pre2016_ge1pct,Regulatory_Quality_lag1,normalized,Oil_Rent_Intensive_Pre2016_ge1pct,Future_Period,train_to_2016__test_from_2017,ElasticNet,signal_increment,-0.00849999999999999,1.0
M2_Macro_Oil_vs_M3_Macro_Oil_RegQuality__normalized__Oil_Rent_Intensive_Pre2016_ge1pct,Regulatory_Quality_lag1,normalized,Oil_Rent_Intensive_Pre2016_ge1pct,Future_Period,train_to_2016__test_from_2017,ElasticNet,signal_increment,-0.00799999999999999,1.0
M2_Macro_Oil_vs_M3_Macro_Oil_RegQuality__normalized__Oil_Rent_Intensive_Pre2016_ge1pct,Regulatory_Quality_lag1,normalized,Oil_Rent_Intensive_Pre2016_ge1pct,Future_Period,train_to_2016__test_from_2017,ElasticNet,signal_increment,-0.007499999999999989,1.0
M2_Macro_Oil_vs_M3_Macro_Oil_RegQuality__normalized__Oil_Rent_Intensive_Pre2016_ge1pct,Regulatory_Quality_lag1,normalized,Oil_Rent_Intensive_Pre2016_ge1pct,Future_Period,train_to_2016__test_from_2017,ElasticNet,signal_increment,-0.006999999999999989,1.0
M2_Macro_Oil_vs_M3_Macro_Oil_RegQuality__normalized__Oil_Rent_Intensive_Pre2016_ge1pct,Regulatory_Quality_lag1,normalized,Oil_Rent_Intensive_Pre2016_ge1pct,Future_Period,train_to_2016__test_from_2017,ElasticNet,signal_increment,-0.006499999999999988,1.0
M2_Macro_Oil_vs_M3_Macro_Oil_RegQuality__normalized__Oil_Rent_Intensive_Pre2016_ge1pct,Regulatory_Quality_lag1,normalized,Oil_Rent_Intensive_Pre2016_ge1pct,Future_Period,train_to_2016__test_from_2017,ElasticNet,signal_increment,-0.005999999999999988,1.0
M2_Macro_Oil_vs_M3_Macro_Oil_RegQuality__normalized__Oil_Rent_Intensive_Pre2016_ge1pct,Regulatory_Quality_lag1,normalized,Oil_Rent_Intensive_Pre2016_ge1pct,Future_Period,train_to_2016__test_from_2017,ElasticNet,signal_increment,-0.0054999999999999875,1.0
M2_Macro_Oil_vs_M3_Macro_Oil_RegQuality__normalized__Oil_Rent_Intensive_Pre2016_ge1pct,Regulatory_Quality_lag1,normalized,Oil_Rent_Intensive_Pre2016_ge1pct,Future_Period,train_to_2016__test_from_2017,ElasticNet,signal_increment,-0.004999999999999987,1.0
M2_Macro_Oil_vs_M3_Macro_Oil_RegQuality__normalized__Oil_Rent_Intensive_Pre2016_ge1pct,Regulatory_Quality_lag1,normalized,Oil_Rent_Intensive_Pre2016_ge1pct,Future_Period,train_to_2016__test_from_2017,ElasticNet,signal_increment,-0.004499999999999987,1.0
M2_Macro_Oil_vs_M3_Macro_Oil_RegQuality__normalized__Oil_Rent_Intensive_Pre2016_ge1pct,Regulatory_Quality_lag1,normalized,Oil_Rent_Intensive_Pre2016_ge1pct,Future_Period,train_to_2016__test_from_2017,ElasticNet,signal_increment,-0.003999999999999986,1.0
M2_Macro_Oil_vs_M3_Macro_Oil_RegQuality__normalized__Oil_Rent_Intensive_Pre2016_ge1pct,Regulatory_Quality_lag1,normalized,Oil_Rent_Intensive_Pre2016_ge1pct,Future_Period,train_to_2016__test_from_2017,ElasticNet,signal_increment,-0.0034999999999999858,1.0
M2_Macro_Oil_vs_M3_Macro_Oil_RegQuality__normalized__Oil_Rent_Intensive_Pre2016_ge1pct,Regulatory_Quality_lag1,normalized,Oil_Rent_Intensive_Pre2016_ge1pct,Future_Period,train_to_2016__test_from_2017,ElasticNet,signal_increment,-0.0029999999999999853,1.0
M2_Macro_Oil_vs_M3_Macro_Oil_RegQuality__normalized__Oil_Rent_Intensive_Pre2016_ge1pct,Regulatory_Quality_lag1,normalized,Oil_Rent_Intensive_Pre2016_ge1pct,Future_Period,train_to_2016__test_from_2017,ElasticNet,signal_increment,-0.002499999999999985,1.0
M2_Macro_Oil_vs_M3_Macro_Oil_RegQuality__normalized__Oil_Rent_Intensive_Pre2016_ge1pct,Regulatory_Quality_lag1,normalized,Oil_Rent_Intensive_Pre2016_ge1pct,Future_Period,train_to_2016__test_from_2017,ElasticNet,signal_increment,-0.0019999999999999844,1.0
M2_Macro_Oil_vs_M3_Macro_Oil_RegQuality__normalized__Oil_Rent_Intensive_Pre2016_ge1pct,Regulatory_Quality_lag1,normalized,Oil_Rent_Intensive_Pre2016_ge1pct,Future_Period,train_to_2016__test_from_2017,ElasticNet,signal_increment,-0.001499999999999984,1.0
M2_Macro_Oil_vs_M3_Macro_Oil_RegQuality__normalized__Oil_Rent_Intensive_Pre2016_ge1pct,Regulatory_Quality_lag1,normalized,Oil_Rent_Intensive_Pre2016_ge1pct,Future_Period,train_to_2016__test_from_2017,ElasticNet,signal_increment,-0.0009999999999999835,1.0
M2_Macro_Oil_vs_M3_Macro_Oil_RegQuality__normalized__Oil_Rent_Intensive_Pre2016_ge1pct,Regulatory_Quality_lag1,normalized,Oil_Rent_Intensive_Pre2016_ge1pct,Future_Period,train_to_2016__test_from_2017,ElasticNet,signal_increment,-0.0004999999999999831,1.0
M2_Macro_Oil_vs_M3_Macro_Oil_RegQuality__normalized__Oil_Rent_Intensive_Pre2016_ge1pct,Regulatory_Quality_lag1,normalized,Oil_Rent_Intensive_Pre2016_ge1pct,Future_Period,train_to_2016__test_from_2017,ElasticNet,signal_increment,1.734723475976807e-17,0.589
M2_Macro_Oil_vs_M3_Macro_Oil_RegQuality__normalized__Oil_Rent_Intensive_Pre2016_ge1pct,Regulatory_Quality_lag1,normalized,Oil_Rent_Intensive_Pre2016_ge1pct,Future_Period,train_to_2016__test_from_2017,ElasticNet,signal_increment,0.0005000000000000178,0.0
M2_Macro_Oil_vs_M3_Macro_Oil_RegQuality__normalized__Oil_Rent_Intensive_Pre2016_ge1pct,Regulatory_Quality_lag1,normalized,Oil_Rent_Intensive_Pre2016_ge1pct,Future_Period,train_to_2016__test_from_2017,ElasticNet,signal_increment,0.0010000000000000182,0.0
M2_Macro_Oil_vs_M3_Macro_Oil_RegQuality__normalized__Oil_Rent_Intensive_Pre2016_ge1pct,Regulatory_Quality_lag1,normalized,Oil_Rent_Intensive_Pre2016_ge1pct,Future_Period,train_to_2016__test_from_2017,ElasticNet,signal_increment,0.0015000000000000187,0.0
M2_Macro_Oil_vs_M3_Macro_Oil_RegQuality__normalized__Oil_Rent_Intensive_Pre2016_ge1pct,Regulatory_Quality_lag1,normalized,Oil_Rent_Intensive_Pre2016_ge1pct,Future_Period,train_to_2016__test_from_2017,ElasticNet,signal_increment,0.002000000000000019,0.0
M2_Macro_Oil_vs_M3_Macro_Oil_RegQuality__normalized__Oil_Rent_Intensive_Pre2016_ge1pct,Regulatory_Quality_lag1,normalized,Oil_Rent_Intensive_Pre2016_ge1pct,Future_Period,train_to_2016__test_from_2017,ElasticNet,signal_increment,0.0025000000000000196,0.0
M2_Macro_Oil_vs_M3_Macro_Oil_RegQuality__normalized__Oil_Rent_Intensive_Pre2016_ge1pct,Regulatory_Quality_lag1,normalized,Oil_Rent_Intensive_Pre2016_ge1pct,Future_Period,train_to_2016__test_from_2017,ElasticNet,signal_increment,0.00300000000000002,0.0
M2_Macro_Oil_vs_M3_Macro_Oil_RegQuality__normalized__Oil_Rent_Intensive_Pre2016_ge1pct,Regulatory_Quality_lag1,normalized,Oil_Rent_Intensive_Pre2016_ge1pct,Future_Period,train_to_2016__test_from_2017,ElasticNet,signal_increment,0.0035000000000000205,0.0
M2_Macro_Oil_vs_M3_Macro_Oil_RegQuality__normalized__Oil_Rent_Intensive_Pre2016_ge1pct,Regulatory_Quality_lag1,normalized,Oil_Rent_Intensive_Pre2016_ge1pct,Future_Period,train_to_2016__test_from_2017,ElasticNet,signal_increment,0.004000000000000021,0.0
M2_Macro_Oil_vs_M3_Macro_Oil_RegQuality__normalized__Oil_Rent_Intensive_Pre2016_ge1pct,Regulatory_Quality_lag1,normalized,Oil_Rent_Intensive_Pre2016_ge1pct,Future_Period,train_to_2016__test_from_2017,ElasticNet,signal_increment,0.004500000000000021,0.0
M2_Macro_Oil_vs_M3_Macro_Oil_RegQuality__normalized__Oil_Rent_Intensive_Pre2016_ge1pct,Regulatory_Quality_lag1,normalized,Oil_Rent_Intensive_Pre2016_ge1pct,Future_Period,train_to_2016__test_from_2017,ElasticNet,signal_increment,0.005000000000000022,0.0
M2_Macro_Oil_vs_M3_Macro_Oil_RegQuality__normalized__Oil_Rent_Intensive_Pre2016_ge1pct,Regulatory_Quality_lag1,normalized,Oil_Rent_Intensive_Pre2016_ge1pct,Future_Period,train_to_2016__test_from_2017,ElasticNet,signal_increment,0.005500000000000022,0.0
M2_Macro_Oil_vs_M3_Macro_Oil_RegQuality__normalized__Oil_Rent_Intensive_Pre2016_ge1pct,Regulatory_Quality_lag1,normalized,Oil_Rent_Intensive_Pre2016_ge1pct,Future_Period,train_to_2016__test_from_2017,ElasticNet,signal_increment,0.006000000000000023,0.0
M2_Macro_Oil_vs_M3_Macro_Oil_RegQuality__normalized__Oil_Rent_Intensive_Pre2016_ge1pct,Regulatory_Quality_lag1,normalized,Oil_Rent_Intensive_Pre2016_ge1pct,Future_Period,train_to_2016__test_from_2017,ElasticNet,signal_increment,0.006500000000000023,0.0
M2_Macro_Oil_vs_M3_Macro_Oil_RegQuality__normalized__Oil_Rent_Intensive_Pre2016_ge1pct,Regulatory_Quality_lag1,normalized,Oil_Rent_Intensive_Pre2016_ge1pct,Future_Period,train_to_2016__test_from_2017,ElasticNet,signal_increment,0.0070000000000000236,0.0
M2_Macro_Oil_vs_M3_Macro_Oil_RegQuality__normalized__Oil_Rent_Intensive_Pre2016_ge1pct,Regulatory_Quality_lag1,normalized,Oil_Rent_Intensive_Pre2016_ge1pct,Future_Period,train_to_2016__test_from_2017,ElasticNet,signal_increment,0.007500000000000024,0.0
M2_Macro_Oil_vs_M3_Macro_Oil_RegQuality__normalized__Oil_Rent_Intensive_Pre2016_ge1pct,Regulatory_Quality_lag1,normalized,Oil_Rent_Intensive_Pre2016_ge1pct,Future_Period,train_to_2016__test_from_2017,ElasticNet,signal_increment,0.008000000000000024,0.0
M2_Macro_Oil_vs_M3_Macro_Oil_RegQuality__normalized__Oil_Rent_Intensive_Pre2016_ge1pct,Regulatory_Quality_lag1,normalized,Oil_Rent_Intensive_Pre2016_ge1pct,Future_Period,train_to_2016__test_from_2017,ElasticNet,signal_increment,0.008500000000000025,0.0
M2_Macro_Oil_vs_M3_Macro_Oil_RegQuality__normalized__Oil_Rent_Intensive_Pre2016_ge1pct,Regulatory_Quality_lag1,normalized,Oil_Rent_Intensive_Pre2016_ge1pct,Future_Period,train_to_2016__test_from_2017,ElasticNet,signal_increment,0.009000000000000025,0.0
M2_Macro_Oil_vs_M3_Macro_Oil_RegQuality__normalized__Oil_Rent_Intensive_Pre2016_ge1pct,Regulatory_Quality_lag1,normalized,Oil_Rent_Intensive_Pre2016_ge1pct,Future_Period,train_to_2016__test_from_2017,ElasticNet,signal_increment,0.009500000000000026,0.0
M2_Macro_Oil_vs_M3_Macro_Oil_RegQuality__normalized__Oil_Rent_Intensive_Pre2016_ge1pct,Regulatory_Quality_lag1,normalized,Oil_Rent_Intensive_Pre2016_ge1pct,Future_Period,train_to_2016__test_from_2017,ElasticNet,signal_increment,0.010000000000000026,0.0
M2_Macro_Oil_vs_M3_Macro_Oil_RegQuality__normalized__Oil_Rent_Intensive_Pre2016_ge1pct,Regulatory_Quality_lag1,normalized,Oil_Rent_Intensive_Pre2016_ge1pct,Future_Period,train_to_2016__test_from_2017,ElasticNet,signal_increment,0.010500000000000027,0.0
M2_Macro_Oil_vs_M3_Macro_Oil_RegQuality__normalized__Oil_Rent_Intensive_Pre2016_ge1pct,Regulatory_Quality_lag1,normalized,Oil_Rent_Intensive_Pre2016_ge1pct,Future_Period,train_to_2016__test_from_2017,ElasticNet,signal_increment,0.011000000000000027,0.0
M2_Macro_Oil_vs_M3_Macro_Oil_RegQuality__normalized__Oil_Rent_Intensive_Pre2016_ge1pct,Regulatory_Quality_lag1,normalized,Oil_Rent_Intensive_Pre2016_ge1pct,Future_Period,train_to_2016__test_from_2017,ElasticNet,signal_increment,0.011500000000000028,0.0
M2_Macro_Oil_vs_M3_Macro_Oil_RegQuality__normalized__Oil_Rent_Intensive_Pre2016_ge1pct,Regulatory_Quality_lag1,normalized,Oil_Rent_Intensive_Pre2016_ge1pct,Future_Period,train_to_2016__test_from_2017,ElasticNet,signal_increment,0.012000000000000028,0.0
M2_Macro_Oil_vs_M3_Macro_Oil_RegQuality__normalized__Oil_Rent_Intensive_Pre2016_ge1pct,Regulatory_Quality_lag1,normalized,Oil_Rent_Intensive_Pre2016_ge1pct,Future_Period,train_to_2016__test_from_2017,ElasticNet,signal_increment,0.012500000000000028,0.0
M2_Macro_Oil_vs_M3_Macro_Oil_RegQuality__normalized__Oil_Rent_Intensive_Pre2016_ge1pct,Regulatory_Quality_lag1,normalized,Oil_Rent_Intensive_Pre2016_ge1pct,Future_Period,train_to_2016__test_from_2017,ElasticNet,signal_increment,0.013000000000000029,0.0
M2_Macro_Oil_vs_M3_Macro_Oil_RegQuality__normalized__Oil_Rent_Intensive_Pre2016_ge1pct,Regulatory_Quality_lag1,normalized,Oil_Rent_Intensive_Pre2016_ge1pct,Future_Period,train_to_2016__test_from_2017,ElasticNet,signal_increment,0.01350000000000003,0.0
M2_Macro_Oil_vs_M3_Macro_Oil_RegQuality__normalized__Oil_Rent_Intensive_Pre2016_ge1pct,Regulatory_Quality_lag1,normalized,Oil_Rent_Intensive_Pre2016_ge1pct,Future_Period,train_to_2016__test_from_2017,ElasticNet,signal_increment,0.01400000000000003,0.0
M2_Macro_Oil_vs_M3_Macro_Oil_RegQuality__normalized__Oil_Rent_Intensive_Pre2016_ge1pct,Regulatory_Quality_lag1,normalized,Oil_Rent_Intensive_Pre2016_ge1pct,Future_Period,train_to_2016__test_from_2017,ElasticNet,signal_increment,0.01450000000000003,0.0
M2_Macro_Oil_vs_M3_Macro_Oil_RegQuality__normalized__Oil_Rent_Intensive_Pre2016_ge1pct,Regulatory_Quality_lag1,normalized,Oil_Rent_Intensive_Pre2016_ge1pct,Future_Period,train_to_2016__test_from_2017,ElasticNet,signal_increment,0.01500000000000003,0.0
M2_Macro_Oil_vs_M3_Macro_Oil_RegQuality__normalized__Oil_Rent_Intensive_Pre2016_ge1pct,Regulatory_Quality_lag1,normalized,Oil_Rent_Intensive_Pre2016_ge1pct,Future_Period,train_to_2016__test_from_2017,ElasticNet,signal_increment,0.015500000000000031,0.0
M2_Macro_Oil_vs_M3_Macro_Oil_RegQuality__normalized__Oil_Rent_Intensive_Pre2016_ge1pct,Regulatory_Quality_lag1,normalized,Oil_Rent_Intensive_Pre2016_ge1pct,Future_Period,train_to_2016__test_from_2017,ElasticNet,signal_increment,0.01600000000000003,0.0
M2_Macro_Oil_vs_M3_Macro_Oil_RegQuality__normalized__Oil_Rent_Intensive_Pre2016_ge1pct,Regulatory_Quality_lag1,normalized,Oil_Rent_Intensive_Pre2016_ge1pct,Future_Period,train_to_2016__test_from_2017,ElasticNet,signal_increment,0.016500000000000032,0.0
M2_Macro_Oil_vs_M3_Macro_Oil_RegQuality__normalized__Oil_Rent_Intensive_Pre2016_ge1pct,Regulatory_Quality_lag1,normalized,Oil_Rent_Intensive_Pre2016_ge1pct,Future_Period,train_to_2016__test_from_2017,ElasticNet,signal_increment,0.017000000000000032,0.0
M2_Macro_Oil_vs_M3_Macro_Oil_RegQuality__normalized__Oil_Rent_Intensive_Pre2016_ge1pct,Regulatory_Quality_lag1,normalized,Oil_Rent_Intensive_Pre2016_ge1pct,Future_Period,train_to_2016__test_from_2017,ElasticNet,signal_increment,0.017500000000000033,0.0
M2_Macro_Oil_vs_M3_Macro_Oil_RegQuality__normalized__Oil_Rent_Intensive_Pre2016_ge1pct,Regulatory_Quality_lag1,normalized,Oil_Rent_Intensive_Pre2016_ge1pct,Future_Period,train_to_2016__test_from_2017,ElasticNet,signal_increment,0.018000000000000033,0.0
M2_Macro_Oil_vs_M3_Macro_Oil_RegQuality__normalized__Oil_Rent_Intensive_Pre2016_ge1pct,Regulatory_Quality_lag1,normalized,Oil_Rent_Intensive_Pre2016_ge1pct,Future_Period,train_to_2016__test_from_2017,ElasticNet,signal_increment,0.018500000000000034,0.0
M2_Macro_Oil_vs_M3_Macro_Oil_RegQuality__normalized__Oil_Rent_Intensive_Pre2016_ge1pct,Regulatory_Quality_lag1,normalized,Oil_Rent_Intensive_Pre2016_ge1pct,Future_Period,train_to_2016__test_from_2017,ElasticNet,signal_increment,0.019000000000000034,0.0
M2_Macro_Oil_vs_M3_Macro_Oil_RegQuality__normalized__Oil_Rent_Intensive_Pre2016_ge1pct,Regulatory_Quality_lag1,normalized,Oil_Rent_Intensive_Pre2016_ge1pct,Future_Period,train_to_2016__test_from_2017,ElasticNet,signal_increment,0.019500000000000035,0.0
M2_Macro_Oil_vs_M3_Macro_Oil_RegQuality__normalized__Oil_Rent_Intensive_Pre2016_ge1pct,Regulatory_Quality_lag1,normalized,Oil_Rent_Intensive_Pre2016_ge1pct,Future_Period,train_to_2016__test_from_2017,ElasticNet,signal_increment,0.020000000000000035,0.0
M2_Macro_Oil_vs_M3_Macro_Oil_RegQuality__normalized__Oil_Rent_Intensive_Pre2016_ge1pct,Regulatory_Quality_lag1,normalized,Oil_Rent_Intensive_Pre2016_ge1pct,Future_Period,train_to_2016__test_from_2017,ElasticNet,signal_increment,0.020500000000000036,0.0
M2_Macro_Oil_vs_M3_Macro_Oil_RegQuality__normalized__Oil_Rent_Intensive_Pre2016_ge1pct,Regulatory_Quality_lag1,normalized,Oil_Rent_Intensive_Pre2016_ge1pct,Future_Period,train_to_2016__test_from_2017,ElasticNet,signal_increment,0.021000000000000036,0.0
M2_Macro_Oil_vs_M3_Macro_Oil_RegQuality__normalized__Oil_Rent_Intensive_Pre2016_ge1pct,Regulatory_Quality_lag1,normalized,Oil_Rent_Intensive_Pre2016_ge1pct,Future_Period,train_to_2016__test_from_2017,ElasticNet,signal_increment,0.021500000000000036,0.0
M2_Macro_Oil_vs_M3_Macro_Oil_RegQuality__normalized__Oil_Rent_Intensive_Pre2016_ge1pct,Regulatory_Quality_lag1,normalized,Oil_Rent_Intensive_Pre2016_ge1pct,Future_Period,train_to_2016__test_from_2017,ElasticNet,signal_increment,0.022000000000000037,0.0
M2_Macro_Oil_vs_M3_Macro_Oil_RegQuality__normalized__Oil_Rent_Intensive_Pre2016_ge1pct,Regulatory_Quality_lag1,normalized,Oil_Rent_Intensive_Pre2016_ge1pct,Future_Period,train_to_2016__test_from_2017,ElasticNet,signal_increment,0.022500000000000037,0.0
M2_Macro_Oil_vs_M3_Macro_Oil_RegQuality__normalized__Oil_Rent_Intensive_Pre2016_ge1pct,Regulatory_Quality_lag1,normalized,Oil_Rent_Intensive_Pre2016_ge1pct,Future_Period,train_to_2016__test_from_2017,ElasticNet,signal_increment,0.023000000000000038,0.0
M2_Macro_Oil_vs_M3_Macro_Oil_RegQuality__normalized__Oil_Rent_Intensive_Pre2016_ge1pct,Regulatory_Quality_lag1,normalized,Oil_Rent_Intensive_Pre2016_ge1pct,Future_Period,train_to_2016__test_from_2017,ElasticNet,signal_increment,0.023500000000000038,0.0
M2_Macro_Oil_vs_M3_Macro_Oil_RegQuality__normalized__Oil_Rent_Intensive_Pre2016_ge1pct,Regulatory_Quality_lag1,normalized,Oil_Rent_Intensive_Pre2016_ge1pct,Future_Period,train_to_2016__test_from_2017,ElasticNet,signal_increment,0.02400000000000004,0.0
M2_Macro_Oil_vs_M3_Macro_Oil_RegQuality__normalized__Oil_Rent_Intensive_Pre2016_ge1pct,Regulatory_Quality_lag1,normalized,Oil_Rent_Intensive_Pre2016_ge1pct,Future_Period,train_to_2016__test_from_2017,ElasticNet,signal_increment,0.02450000000000004,0.0
M2_Macro_Oil_vs_M3_Macro_Oil_RegQuality__normalized__Oil_Rent_Intensive_Pre2016_ge1pct,Regulatory_Quality_lag1,normalized,Oil_Rent_Intensive_Pre2016_ge1pct,Future_Period,train_to_2016__test_from_2017,ElasticNet,signal_increment,0.02500000000000004,0.0
M2_Macro_Oil_vs_M3_Macro_Oil_RegQuality__normalized__Oil_Rent_Intensive_Pre2016_ge1pct,Regulatory_Quality_lag1,normalized,Oil_Rent_Intensive_Pre2016_ge1pct,Future_Period,train_to_2016__test_from_2017,ElasticNet,signal_increment,0.02550000000000004,0.0
M2_Macro_Oil_vs_M3_Macro_Oil_RegQuality__normalized__Oil_Rent_Intensive_Pre2016_ge1pct,Regulatory_Quality_lag1,normalized,Oil_Rent_Intensive_Pre2016_ge1pct,Future_Period,train_to_2016__test_from_2017,ElasticNet,signal_increment,0.02600000000000004,0.0
M2_Macro_Oil_vs_M3_Macro_Oil_RegQuality__normalized__Oil_Rent_Intensive_Pre2016_ge1pct,Regulatory_Quality_lag1,normalized,Oil_Rent_Intensive_Pre2016_ge1pct,Future_Period,train_to_2016__test_from_2017,ElasticNet,signal_increment,0.02650000000000004,0.0
M2_Macro_Oil_vs_M3_Macro_Oil_RegQuality__normalized__Oil_Rent_Intensive_Pre2016_ge1pct,Regulatory_Quality_lag1,normalized,Oil_Rent_Intensive_Pre2016_ge1pct,Future_Period,train_to_2016__test_from_2017,ElasticNet,signal_increment,0.02700000000000004,0.0
M2_Macro_Oil_vs_M3_Macro_Oil_RegQuality__normalized__Oil_Rent_Intensive_Pre2016_ge1pct,Regulatory_Quality_lag1,normalized,Oil_Rent_Intensive_Pre2016_ge1pct,Future_Period,train_to_2016__test_from_2017,ElasticNet,signal_increment,0.027500000000000042,0.0
M2_Macro_Oil_vs_M3_Macro_Oil_RegQuality__normalized__Oil_Rent_Intensive_Pre2016_ge1pct,Regulatory_Quality_lag1,normalized,Oil_Rent_Intensive_Pre2016_ge1pct,Future_Period,train_to_2016__test_from_2017,ElasticNet,signal_increment,0.028000000000000042,0.0
M2_Macro_Oil_vs_M3_Macro_Oil_RegQuality__normalized__Oil_Rent_Intensive_Pre2016_ge1pct,Regulatory_Quality_lag1,normalized,Oil_Rent_Intensive_Pre2016_ge1pct,Future_Period,train_to_2016__test_from_2017,ElasticNet,signal_increment,0.028500000000000043,0.0
M2_Macro_Oil_vs_M3_Macro_Oil_RegQuality__normalized__Oil_Rent_Intensive_Pre2016_ge1pct,Regulatory_Quality_lag1,normalized,Oil_Rent_Intensive_Pre2016_ge1pct,Future_Period,train_to_2016__test_from_2017,ElasticNet,signal_increment,0.029000000000000043,0.0
M2_Macro_Oil_vs_M3_Macro_Oil_RegQuality__normalized__Oil_Rent_Intensive_Pre2016_ge1pct,Regulatory_Quality_lag1,normalized,Oil_Rent_Intensive_Pre2016_ge1pct,Future_Period,train_to_2016__test_from_2017,ElasticNet,signal_increment,0.029500000000000044,0.0
M2_Macro_Oil_vs_M3_Macro_Oil_RegQuality__normalized__Oil_Rent_Intensive_Pre2016_ge1pct,Regulatory_Quality_lag1,normalized,Oil_Rent_Intensive_Pre2016_ge1pct,Future_Period,train_to_2016__test_from_2017,ElasticNet,signal_increment,0.030000000000000044,0.0
M2_Macro_Oil_vs_M3_Macro_Oil_RegQuality__normalized__Oil_Rent_Intensive_Pre2016_ge1pct,Regulatory_Quality_lag1,normalized,Oil_Rent_Intensive_Pre2016_ge1pct,Future_Period,train_to_2016__test_from_2017,ElasticNet,added_model_vs_strongest_benchmark,-0.02,0.9995
M2_Macro_Oil_vs_M3_Macro_Oil_RegQuality__normalized__Oil_Rent_Intensive_Pre2016_ge1pct,Regulatory_Quality_lag1,normalized,Oil_Rent_Intensive_Pre2016_ge1pct,Future_Period,train_to_2016__test_from_2017,ElasticNet,added_model_vs_strongest_benchmark,-0.0195,0.9995
M2_Macro_Oil_vs_M3_Macro_Oil_RegQuality__normalized__Oil_Rent_Intensive_Pre2016_ge1pct,Regulatory_Quality_lag1,normalized,Oil_Rent_Intensive_Pre2016_ge1pct,Future_Period,train_to_2016__test_from_2017,ElasticNet,added_model_vs_strongest_benchmark,-0.019,0.9995
M2_Macro_Oil_vs_M3_Macro_Oil_RegQuality__normalized__Oil_Rent_Intensive_Pre2016_ge1pct,Regulatory_Quality_lag1,normalized,Oil_Rent_Intensive_Pre2016_ge1pct,Future_Period,train_to_2016__test_from_2017,ElasticNet,added_model_vs_strongest_benchmark,-0.0185,0.9995
M2_Macro_Oil_vs_M3_Macro_Oil_RegQuality__normalized__Oil_Rent_Intensive_Pre2016_ge1pct,Regulatory_Quality_lag1,normalized,Oil_Rent_Intensive_Pre2016_ge1pct,Future_Period,train_to_2016__test_from_2017,ElasticNet,added_model_vs_strongest_benchmark,-0.018,0.9995
M2_Macro_Oil_vs_M3_Macro_Oil_RegQuality__normalized__Oil_Rent_Intensive_Pre2016_ge1pct,Regulatory_Quality_lag1,normalized,Oil_Rent_Intensive_Pre2016_ge1pct,Future_Period,train_to_2016__test_from_2017,ElasticNet,added_model_vs_strongest_benchmark,-0.017499999999999998,0.9995
M2_Macro_Oil_vs_M3_Macro_Oil_RegQuality__normalized__Oil_Rent_Intensive_Pre2016_ge1pct,Regulatory_Quality_lag1,normalized,Oil_Rent_Intensive_Pre2016_ge1pct,Future_Period,train_to_2016__test_from_2017,ElasticNet,added_model_vs_strongest_benchmark,-0.016999999999999998,0.9995
M2_Macro_Oil_vs_M3_Macro_Oil_RegQuality__normalized__Oil_Rent_Intensive_Pre2016_ge1pct,Regulatory_Quality_lag1,normalized,Oil_Rent_Intensive_Pre2016_ge1pct,Future_Period,train_to_2016__test_from_2017,ElasticNet,added_model_vs_strongest_benchmark,-0.016499999999999997,0.999
M2_Macro_Oil_vs_M3_Macro_Oil_RegQuality__normalized__Oil_Rent_Intensive_Pre2016_ge1pct,Regulatory_Quality_lag1,normalized,Oil_Rent_Intensive_Pre2016_ge1pct,Future_Period,train_to_2016__test_from_2017,ElasticNet,added_model_vs_strongest_benchmark,-0.015999999999999997,0.999
M2_Macro_Oil_vs_M3_Macro_Oil_RegQuality__normalized__Oil_Rent_Intensive_Pre2016_ge1pct,Regulatory_Quality_lag1,normalized,Oil_Rent_Intensive_Pre2016_ge1pct,Future_Period,train_to_2016__test_from_2017,ElasticNet,added_model_vs_strongest_benchmark,-0.015499999999999996,0.999
M2_Macro_Oil_vs_M3_Macro_Oil_RegQuality__normalized__Oil_Rent_Intensive_Pre2016_ge1pct,Regulatory_Quality_lag1,normalized,Oil_Rent_Intensive_Pre2016_ge1pct,Future_Period,train_to_2016__test_from_2017,ElasticNet,added_model_vs_strongest_benchmark,-0.014999999999999996,0.999
M2_Macro_Oil_vs_M3_Macro_Oil_RegQuality__normalized__Oil_Rent_Intensive_Pre2016_ge1pct,Regulatory_Quality_lag1,normalized,Oil_Rent_Intensive_Pre2016_ge1pct,Future_Period,train_to_2016__test_from_2017,ElasticNet,added_model_vs_strongest_benchmark,-0.014499999999999996,0.999
M2_Macro_Oil_vs_M3_Macro_Oil_RegQuality__normalized__Oil_Rent_Intensive_Pre2016_ge1pct,Regulatory_Quality_lag1,normalized,Oil_Rent_Intensive_Pre2016_ge1pct,Future_Period,train_to_2016__test_from_2017,ElasticNet,added_model_vs_strongest_benchmark,-0.013999999999999995,0.999
M2_Macro_Oil_vs_M3_Macro_Oil_RegQuality__normalized__Oil_Rent_Intensive_Pre2016_ge1pct,Regulatory_Quality_lag1,normalized,Oil_Rent_Intensive_Pre2016_ge1pct,Future_Period,train_to_2016__test_from_2017,ElasticNet,added_model_vs_strongest_benchmark,-0.013499999999999995,0.999
M2_Macro_Oil_vs_M3_Macro_Oil_RegQuality__normalized__Oil_Rent_Intensive_Pre2016_ge1pct,Regulatory_Quality_lag1,normalized,Oil_Rent_Intensive_Pre2016_ge1pct,Future_Period,train_to_2016__test_from_2017,ElasticNet,added_model_vs_strongest_benchmark,-0.012999999999999994,0.999
M2_Macro_Oil_vs_M3_Macro_Oil_RegQuality__normalized__Oil_Rent_Intensive_Pre2016_ge1pct,Regulatory_Quality_lag1,normalized,Oil_Rent_Intensive_Pre2016_ge1pct,Future_Period,train_to_2016__test_from_2017,ElasticNet,added_model_vs_strongest_benchmark,-0.012499999999999994,0.999
M2_Macro_Oil_vs_M3_Macro_Oil_RegQuality__normalized__Oil_Rent_Intensive_Pre2016_ge1pct,Regulatory_Quality_lag1,normalized,Oil_Rent_Intensive_Pre2016_ge1pct,Future_Period,train_to_2016__test_from_2017,ElasticNet,added_model_vs_strongest_benchmark,-0.011999999999999993,0.999
M2_Macro_Oil_vs_M3_Macro_Oil_RegQuality__normalized__Oil_Rent_Intensive_Pre2016_ge1pct,Regulatory_Quality_lag1,normalized,Oil_Rent_Intensive_Pre2016_ge1pct,Future_Period,train_to_2016__test_from_2017,ElasticNet,added_model_vs_strongest_benchmark,-0.011499999999999993,0.999
M2_Macro_Oil_vs_M3_Macro_Oil_RegQuality__normalized__Oil_Rent_Intensive_Pre2016_ge1pct,Regulatory_Quality_lag1,normalized,Oil_Rent_Intensive_Pre2016_ge1pct,Future_Period,train_to_2016__test_from_2017,ElasticNet,added_model_vs_strongest_benchmark,-0.010999999999999992,0.999
M2_Macro_Oil_vs_M3_Macro_Oil_RegQuality__normalized__Oil_Rent_Intensive_Pre2016_ge1pct,Regulatory_Quality_lag1,normalized,Oil_Rent_Intensive_Pre2016_ge1pct,Future_Period,train_to_2016__test_from_2017,ElasticNet,added_model_vs_strongest_benchmark,-0.010499999999999992,0.999
M2_Macro_Oil_vs_M3_Macro_Oil_RegQuality__normalized__Oil_Rent_Intensive_Pre2016_ge1pct,Regulatory_Quality_lag1,normalized,Oil_Rent_Intensive_Pre2016_ge1pct,Future_Period,train_to_2016__test_from_2017,ElasticNet,added_model_vs_strongest_benchmark,-0.009999999999999992,0.999
M2_Macro_Oil_vs_M3_Macro_Oil_RegQuality__normalized__Oil_Rent_Intensive_Pre2016_ge1pct,Regulatory_Quality_lag1,normalized,Oil_Rent_Intensive_Pre2016_ge1pct,Future_Period,train_to_2016__test_from_2017,ElasticNet,added_model_vs_strongest_benchmark,-0.009499999999999991,0.999
M2_Macro_Oil_vs_M3_Macro_Oil_RegQuality__normalized__Oil_Rent_Intensive_Pre2016_ge1pct,Regulatory_Quality_lag1,normalized,Oil_Rent_Intensive_Pre2016_ge1pct,Future_Period,train_to_2016__test_from_2017,ElasticNet,added_model_vs_strongest_benchmark,-0.00899999999999999,0.999
M2_Macro_Oil_vs_M3_Macro_Oil_RegQuality__normalized__Oil_Rent_Intensive_Pre2016_ge1pct,Regulatory_Quality_lag1,normalized,Oil_Rent_Intensive_Pre2016_ge1pct,Future_Period,train_to_2016__test_from_2017,ElasticNet,added_model_vs_strongest_benchmark,-0.00849999999999999,0.999
M2_Macro_Oil_vs_M3_Macro_Oil_RegQuality__normalized__Oil_Rent_Intensive_Pre2016_ge1pct,Regulatory_Quality_lag1,normalized,Oil_Rent_Intensive_Pre2016_ge1pct,Future_Period,train_to_2016__test_from_2017,ElasticNet,added_model_vs_strongest_benchmark,-0.00799999999999999,0.999
M2_Macro_Oil_vs_M3_Macro_Oil_RegQuality__normalized__Oil_Rent_Intensive_Pre2016_ge1pct,Regulatory_Quality_lag1,normalized,Oil_Rent_Intensive_Pre2016_ge1pct,Future_Period,train_to_2016__test_from_2017,ElasticNet,added_model_vs_strongest_benchmark,-0.007499999999999989,0.999
M2_Macro_Oil_vs_M3_Macro_Oil_RegQuality__normalized__Oil_Rent_Intensive_Pre2016_ge1pct,Regulatory_Quality_lag1,normalized,Oil_Rent_Intensive_Pre2016_ge1pct,Future_Period,train_to_2016__test_from_2017,ElasticNet,added_model_vs_strongest_benchmark,-0.006999999999999989,0.999
M2_Macro_Oil_vs_M3_Macro_Oil_RegQuality__normalized__Oil_Rent_Intensive_Pre2016_ge1pct,Regulatory_Quality_lag1,normalized,Oil_Rent_Intensive_Pre2016_ge1pct,Future_Period,train_to_2016__test_from_2017,ElasticNet,added_model_vs_strongest_benchmark,-0.006499999999999988,0.999
M2_Macro_Oil_vs_M3_Macro_Oil_RegQuality__normalized__Oil_Rent_Intensive_Pre2016_ge1pct,Regulatory_Quality_lag1,normalized,Oil_Rent_Intensive_Pre2016_ge1pct,Future_Period,train_to_2016__test_from_2017,ElasticNet,added_model_vs_strongest_benchmark,-0.005999999999999988,0.999
M2_Macro_Oil_vs_M3_Macro_Oil_RegQuality__normalized__Oil_Rent_Intensive_Pre2016_ge1pct,Regulatory_Quality_lag1,normalized,Oil_Rent_Intensive_Pre2016_ge1pct,Future_Period,train_to_2016__test_from_2017,ElasticNet,added_model_vs_strongest_benchmark,-0.0054999999999999875,0.999
M2_Macro_Oil_vs_M3_Macro_Oil_RegQuality__normalized__Oil_Rent_Intensive_Pre2016_ge1pct,Regulatory_Quality_lag1,normalized,Oil_Rent_Intensive_Pre2016_ge1pct,Future_Period,train_to_2016__test_from_2017,ElasticNet,added_model_vs_strongest_benchmark,-0.004999999999999987,0.999
M2_Macro_Oil_vs_M3_Macro_Oil_RegQuality__normalized__Oil_Rent_Intensive_Pre2016_ge1pct,Regulatory_Quality_lag1,normalized,Oil_Rent_Intensive_Pre2016_ge1pct,Future_Period,train_to_2016__test_from_2017,ElasticNet,added_model_vs_strongest_benchmark,-0.004499999999999987,0.999
M2_Macro_Oil_vs_M3_Macro_Oil_RegQuality__normalized__Oil_Rent_Intensive_Pre2016_ge1pct,Regulatory_Quality_lag1,normalized,Oil_Rent_Intensive_Pre2016_ge1pct,Future_Period,train_to_2016__test_from_2017,ElasticNet,added_model_vs_strongest_benchmark,-0.003999999999999986,0.999
M2_Macro_Oil_vs_M3_Macro_Oil_RegQuality__normalized__Oil_Rent_Intensive_Pre2016_ge1pct,Regulatory_Quality_lag1,normalized,Oil_Rent_Intensive_Pre2016_ge1pct,Future_Period,train_to_2016__test_from_2017,ElasticNet,added_model_vs_strongest_benchmark,-0.0034999999999999858,0.999
M2_Macro_Oil_vs_M3_Macro_Oil_RegQuality__normalized__Oil_Rent_Intensive_Pre2016_ge1pct,Regulatory_Quality_lag1,normalized,Oil_Rent_Intensive_Pre2016_ge1pct,Future_Period,train_to_2016__test_from_2017,ElasticNet,added_model_vs_strongest_benchmark,-0.0029999999999999853,0.999
M2_Macro_Oil_vs_M3_Macro_Oil_RegQuality__normalized__Oil_Rent_Intensive_Pre2016_ge1pct,Regulatory_Quality_lag1,normalized,Oil_Rent_Intensive_Pre2016_ge1pct,Future_Period,train_to_2016__test_from_2017,ElasticNet,added_model_vs_strongest_benchmark,-0.002499999999999985,0.999
M2_Macro_Oil_vs_M3_Macro_Oil_RegQuality__normalized__Oil_Rent_Intensive_Pre2016_ge1pct,Regulatory_Quality_lag1,normalized,Oil_Rent_Intensive_Pre2016_ge1pct,Future_Period,train_to_2016__test_from_2017,ElasticNet,added_model_vs_strongest_benchmark,-0.0019999999999999844,0.999
M2_Macro_Oil_vs_M3_Macro_Oil_RegQuality__normalized__Oil_Rent_Intensive_Pre2016_ge1pct,Regulatory_Quality_lag1,normalized,Oil_Rent_Intensive_Pre2016_ge1pct,Future_Period,train_to_2016__test_from_2017,ElasticNet,added_model_vs_strongest_benchmark,-0.001499999999999984,0.999
M2_Macro_Oil_vs_M3_Macro_Oil_RegQuality__normalized__Oil_Rent_Intensive_Pre2016_ge1pct,Regulatory_Quality_lag1,normalized,Oil_Rent_Intensive_Pre2016_ge1pct,Future_Period,train_to_2016__test_from_2017,ElasticNet,added_model_vs_strongest_benchmark,-0.0009999999999999835,0.999
M2_Macro_Oil_vs_M3_Macro_Oil_RegQuality__normalized__Oil_Rent_Intensive_Pre2016_ge1pct,Regulatory_Quality_lag1,normalized,Oil_Rent_Intensive_Pre2016_ge1pct,Future_Period,train_to_2016__test_from_2017,ElasticNet,added_model_vs_strongest_benchmark,-0.0004999999999999831,0.999
M2_Macro_Oil_vs_M3_Macro_Oil_RegQuality__normalized__Oil_Rent_Intensive_Pre2016_ge1pct,Regulatory_Quality_lag1,normalized,Oil_Rent_Intensive_Pre2016_ge1pct,Future_Period,train_to_2016__test_from_2017,ElasticNet,added_model_vs_strongest_benchmark,1.734723475976807e-17,0.999
M2_Macro_Oil_vs_M3_Macro_Oil_RegQuality__normalized__Oil_Rent_Intensive_Pre2016_ge1pct,Regulatory_Quality_lag1,normalized,Oil_Rent_Intensive_Pre2016_ge1pct,Future_Period,train_to_2016__test_from_2017,ElasticNet,added_model_vs_strongest_benchmark,0.0005000000000000178,0.999
M2_Macro_Oil_vs_M3_Macro_Oil_RegQuality__normalized__Oil_Rent_Intensive_Pre2016_ge1pct,Regulatory_Quality_lag1,normalized,Oil_Rent_Intensive_Pre2016_ge1pct,Future_Period,train_to_2016__test_from_2017,ElasticNet,added_model_vs_strongest_benchmark,0.0010000000000000182,0.999
M2_Macro_Oil_vs_M3_Macro_Oil_RegQuality__normalized__Oil_Rent_Intensive_Pre2016_ge1pct,Regulatory_Quality_lag1,normalized,Oil_Rent_Intensive_Pre2016_ge1pct,Future_Period,train_to_2016__test_from_2017,ElasticNet,added_model_vs_strongest_benchmark,0.0015000000000000187,0.999
M2_Macro_Oil_vs_M3_Macro_Oil_RegQuality__normalized__Oil_Rent_Intensive_Pre2016_ge1pct,Regulatory_Quality_lag1,normalized,Oil_Rent_Intensive_Pre2016_ge1pct,Future_Period,train_to_2016__test_from_2017,ElasticNet,added_model_vs_strongest_benchmark,0.002000000000000019,0.999
M2_Macro_Oil_vs_M3_Macro_Oil_RegQuality__normalized__Oil_Rent_Intensive_Pre2016_ge1pct,Regulatory_Quality_lag1,normalized,Oil_Rent_Intensive_Pre2016_ge1pct,Future_Period,train_to_2016__test_from_2017,ElasticNet,added_model_vs_strongest_benchmark,0.0025000000000000196,0.999
M2_Macro_Oil_vs_M3_Macro_Oil_RegQuality__normalized__Oil_Rent_Intensive_Pre2016_ge1pct,Regulatory_Quality_lag1,normalized,Oil_Rent_Intensive_Pre2016_ge1pct,Future_Period,train_to_2016__test_from_2017,ElasticNet,added_model_vs_strongest_benchmark,0.00300000000000002,0.999
M2_Macro_Oil_vs_M3_Macro_Oil_RegQuality__normalized__Oil_Rent_Intensive_Pre2016_ge1pct,Regulatory_Quality_lag1,normalized,Oil_Rent_Intensive_Pre2016_ge1pct,Future_Period,train_to_2016__test_from_2017,ElasticNet,added_model_vs_strongest_benchmark,0.0035000000000000205,0.9985
M2_Macro_Oil_vs_M3_Macro_Oil_RegQuality__normalized__Oil_Rent_Intensive_Pre2016_ge1pct,Regulatory_Quality_lag1,normalized,Oil_Rent_Intensive_Pre2016_ge1pct,Future_Period,train_to_2016__test_from_2017,ElasticNet,added_model_vs_strongest_benchmark,0.004000000000000021,0.998
M2_Macro_Oil_vs_M3_Macro_Oil_RegQuality__normalized__Oil_Rent_Intensive_Pre2016_ge1pct,Regulatory_Quality_lag1,normalized,Oil_Rent_Intensive_Pre2016_ge1pct,Future_Period,train_to_2016__test_from_2017,ElasticNet,added_model_vs_strongest_benchmark,0.004500000000000021,0.998
M2_Macro_Oil_vs_M3_Macro_Oil_RegQuality__normalized__Oil_Rent_Intensive_Pre2016_ge1pct,Regulatory_Quality_lag1,normalized,Oil_Rent_Intensive_Pre2016_ge1pct,Future_Period,train_to_2016__test_from_2017,ElasticNet,added_model_vs_strongest_benchmark,0.005000000000000022,0.998
M2_Macro_Oil_vs_M3_Macro_Oil_RegQuality__normalized__Oil_Rent_Intensive_Pre2016_ge1pct,Regulatory_Quality_lag1,normalized,Oil_Rent_Intensive_Pre2016_ge1pct,Future_Period,train_to_2016__test_from_2017,ElasticNet,added_model_vs_strongest_benchmark,0.005500000000000022,0.998
M2_Macro_Oil_vs_M3_Macro_Oil_RegQuality__normalized__Oil_Rent_Intensive_Pre2016_ge1pct,Regulatory_Quality_lag1,normalized,Oil_Rent_Intensive_Pre2016_ge1pct,Future_Period,train_to_2016__test_from_2017,ElasticNet,added_model_vs_strongest_benchmark,0.006000000000000023,0.997
M2_Macro_Oil_vs_M3_Macro_Oil_RegQuality__normalized__Oil_Rent_Intensive_Pre2016_ge1pct,Regulatory_Quality_lag1,normalized,Oil_Rent_Intensive_Pre2016_ge1pct,Future_Period,train_to_2016__test_from_2017,ElasticNet,added_model_vs_strongest_benchmark,0.006500000000000023,0.997
M2_Macro_Oil_vs_M3_Macro_Oil_RegQuality__normalized__Oil_Rent_Intensive_Pre2016_ge1pct,Regulatory_Quality_lag1,normalized,Oil_Rent_Intensive_Pre2016_ge1pct,Future_Period,train_to_2016__test_from_2017,ElasticNet,added_model_vs_strongest_benchmark,0.0070000000000000236,0.997
M2_Macro_Oil_vs_M3_Macro_Oil_RegQuality__normalized__Oil_Rent_Intensive_Pre2016_ge1pct,Regulatory_Quality_lag1,normalized,Oil_Rent_Intensive_Pre2016_ge1pct,Future_Period,train_to_2016__test_from_2017,ElasticNet,added_model_vs_strongest_benchmark,0.007500000000000024,0.997
M2_Macro_Oil_vs_M3_Macro_Oil_RegQuality__normalized__Oil_Rent_Intensive_Pre2016_ge1pct,Regulatory_Quality_lag1,normalized,Oil_Rent_Intensive_Pre2016_ge1pct,Future_Period,train_to_2016__test_from_2017,ElasticNet,added_model_vs_strongest_benchmark,0.008000000000000024,0.997
M2_Macro_Oil_vs_M3_Macro_Oil_RegQuality__normalized__Oil_Rent_Intensive_Pre2016_ge1pct,Regulatory_Quality_lag1,normalized,Oil_Rent_Intensive_Pre2016_ge1pct,Future_Period,train_to_2016__test_from_2017,ElasticNet,added_model_vs_strongest_benchmark,0.008500000000000025,0.997
M2_Macro_Oil_vs_M3_Macro_Oil_RegQuality__normalized__Oil_Rent_Intensive_Pre2016_ge1pct,Regulatory_Quality_lag1,normalized,Oil_Rent_Intensive_Pre2016_ge1pct,Future_Period,train_to_2016__test_from_2017,ElasticNet,added_model_vs_strongest_benchmark,0.009000000000000025,0.997
M2_Macro_Oil_vs_M3_Macro_Oil_RegQuality__normalized__Oil_Rent_Intensive_Pre2016_ge1pct,Regulatory_Quality_lag1,normalized,Oil_Rent_Intensive_Pre2016_ge1pct,Future_Period,train_to_2016__test_from_2017,ElasticNet,added_model_vs_strongest_benchmark,0.009500000000000026,0.997
M2_Macro_Oil_vs_M3_Macro_Oil_RegQuality__normalized__Oil_Rent_Intensive_Pre2016_ge1pct,Regulatory_Quality_lag1,normalized,Oil_Rent_Intensive_Pre2016_ge1pct,Future_Period,train_to_2016__test_from_2017,ElasticNet,added_model_vs_strongest_benchmark,0.010000000000000026,0.997
M2_Macro_Oil_vs_M3_Macro_Oil_RegQuality__normalized__Oil_Rent_Intensive_Pre2016_ge1pct,Regulatory_Quality_lag1,normalized,Oil_Rent_Intensive_Pre2016_ge1pct,Future_Period,train_to_2016__test_from_2017,ElasticNet,added_model_vs_strongest_benchmark,0.010500000000000027,0.997
M2_Macro_Oil_vs_M3_Macro_Oil_RegQuality__normalized__Oil_Rent_Intensive_Pre2016_ge1pct,Regulatory_Quality_lag1,normalized,Oil_Rent_Intensive_Pre2016_ge1pct,Future_Period,train_to_2016__test_from_2017,ElasticNet,added_model_vs_strongest_benchmark,0.011000000000000027,0.997
M2_Macro_Oil_vs_M3_Macro_Oil_RegQuality__normalized__Oil_Rent_Intensive_Pre2016_ge1pct,Regulatory_Quality_lag1,normalized,Oil_Rent_Intensive_Pre2016_ge1pct,Future_Period,train_to_2016__test_from_2017,ElasticNet,added_model_vs_strongest_benchmark,0.011500000000000028,0.997
M2_Macro_Oil_vs_M3_Macro_Oil_RegQuality__normalized__Oil_Rent_Intensive_Pre2016_ge1pct,Regulatory_Quality_lag1,normalized,Oil_Rent_Intensive_Pre2016_ge1pct,Future_Period,train_to_2016__test_from_2017,ElasticNet,added_model_vs_strongest_benchmark,0.012000000000000028,0.997
M2_Macro_Oil_vs_M3_Macro_Oil_RegQuality__normalized__Oil_Rent_Intensive_Pre2016_ge1pct,Regulatory_Quality_lag1,normalized,Oil_Rent_Intensive_Pre2016_ge1pct,Future_Period,train_to_2016__test_from_2017,ElasticNet,added_model_vs_strongest_benchmark,0.012500000000000028,0.997
M2_Macro_Oil_vs_M3_Macro_Oil_RegQuality__normalized__Oil_Rent_Intensive_Pre2016_ge1pct,Regulatory_Quality_lag1,normalized,Oil_Rent_Intensive_Pre2016_ge1pct,Future_Period,train_to_2016__test_from_2017,ElasticNet,added_model_vs_strongest_benchmark,0.013000000000000029,0.9965
M2_Macro_Oil_vs_M3_Macro_Oil_RegQuality__normalized__Oil_Rent_Intensive_Pre2016_ge1pct,Regulatory_Quality_lag1,normalized,Oil_Rent_Intensive_Pre2016_ge1pct,Future_Period,train_to_2016__test_from_2017,ElasticNet,added_model_vs_strongest_benchmark,0.01350000000000003,0.9965
M2_Macro_Oil_vs_M3_Macro_Oil_RegQuality__normalized__Oil_Rent_Intensive_Pre2016_ge1pct,Regulatory_Quality_lag1,normalized,Oil_Rent_Intensive_Pre2016_ge1pct,Future_Period,train_to_2016__test_from_2017,ElasticNet,added_model_vs_strongest_benchmark,0.01400000000000003,0.9965
M2_Macro_Oil_vs_M3_Macro_Oil_RegQuality__normalized__Oil_Rent_Intensive_Pre2016_ge1pct,Regulatory_Quality_lag1,normalized,Oil_Rent_Intensive_Pre2016_ge1pct,Future_Period,train_to_2016__test_from_2017,ElasticNet,added_model_vs_strongest_benchmark,0.01450000000000003,0.9965
M2_Macro_Oil_vs_M3_Macro_Oil_RegQuality__normalized__Oil_Rent_Intensive_Pre2016_ge1pct,Regulatory_Quality_lag1,normalized,Oil_Rent_Intensive_Pre2016_ge1pct,Future_Period,train_to_2016__test_from_2017,ElasticNet,added_model_vs_strongest_benchmark,0.01500000000000003,0.9965
M2_Macro_Oil_vs_M3_Macro_Oil_RegQuality__normalized__Oil_Rent_Intensive_Pre2016_ge1pct,Regulatory_Quality_lag1,normalized,Oil_Rent_Intensive_Pre2016_ge1pct,Future_Period,train_to_2016__test_from_2017,ElasticNet,added_model_vs_strongest_benchmark,0.015500000000000031,0.9965
M2_Macro_Oil_vs_M3_Macro_Oil_RegQuality__normalized__Oil_Rent_Intensive_Pre2016_ge1pct,Regulatory_Quality_lag1,normalized,Oil_Rent_Intensive_Pre2016_ge1pct,Future_Period,train_to_2016__test_from_2017,ElasticNet,added_model_vs_strongest_benchmark,0.01600000000000003,0.9965
M2_Macro_Oil_vs_M3_Macro_Oil_RegQuality__normalized__Oil_Rent_Intensive_Pre2016_ge1pct,Regulatory_Quality_lag1,normalized,Oil_Rent_Intensive_Pre2016_ge1pct,Future_Period,train_to_2016__test_from_2017,ElasticNet,added_model_vs_strongest_benchmark,0.016500000000000032,0.9965
M2_Macro_Oil_vs_M3_Macro_Oil_RegQuality__normalized__Oil_Rent_Intensive_Pre2016_ge1pct,Regulatory_Quality_lag1,normalized,Oil_Rent_Intensive_Pre2016_ge1pct,Future_Period,train_to_2016__test_from_2017,ElasticNet,added_model_vs_strongest_benchmark,0.017000000000000032,0.9965
M2_Macro_Oil_vs_M3_Macro_Oil_RegQuality__normalized__Oil_Rent_Intensive_Pre2016_ge1pct,Regulatory_Quality_lag1,normalized,Oil_Rent_Intensive_Pre2016_ge1pct,Future_Period,train_to_2016__test_from_2017,ElasticNet,added_model_vs_strongest_benchmark,0.017500000000000033,0.9965
M2_Macro_Oil_vs_M3_Macro_Oil_RegQuality__normalized__Oil_Rent_Intensive_Pre2016_ge1pct,Regulatory_Quality_lag1,normalized,Oil_Rent_Intensive_Pre2016_ge1pct,Future_Period,train_to_2016__test_from_2017,ElasticNet,added_model_vs_strongest_benchmark,0.018000000000000033,0.9965
M2_Macro_Oil_vs_M3_Macro_Oil_RegQuality__normalized__Oil_Rent_Intensive_Pre2016_ge1pct,Regulatory_Quality_lag1,normalized,Oil_Rent_Intensive_Pre2016_ge1pct,Future_Period,train_to_2016__test_from_2017,ElasticNet,added_model_vs_strongest_benchmark,0.018500000000000034,0.9965
M2_Macro_Oil_vs_M3_Macro_Oil_RegQuality__normalized__Oil_Rent_Intensive_Pre2016_ge1pct,Regulatory_Quality_lag1,normalized,Oil_Rent_Intensive_Pre2016_ge1pct,Future_Period,train_to_2016__test_from_2017,ElasticNet,added_model_vs_strongest_benchmark,0.019000000000000034,0.9965
M2_Macro_Oil_vs_M3_Macro_Oil_RegQuality__normalized__Oil_Rent_Intensive_Pre2016_ge1pct,Regulatory_Quality_lag1,normalized,Oil_Rent_Intensive_Pre2016_ge1pct,Future_Period,train_to_2016__test_from_2017,ElasticNet,added_model_vs_strongest_benchmark,0.019500000000000035,0.996
M2_Macro_Oil_vs_M3_Macro_Oil_RegQuality__normalized__Oil_Rent_Intensive_Pre2016_ge1pct,Regulatory_Quality_lag1,normalized,Oil_Rent_Intensive_Pre2016_ge1pct,Future_Period,train_to_2016__test_from_2017,ElasticNet,added_model_vs_strongest_benchmark,0.020000000000000035,0.996
M2_Macro_Oil_vs_M3_Macro_Oil_RegQuality__normalized__Oil_Rent_Intensive_Pre2016_ge1pct,Regulatory_Quality_lag1,normalized,Oil_Rent_Intensive_Pre2016_ge1pct,Future_Period,train_to_2016__test_from_2017,ElasticNet,added_model_vs_strongest_benchmark,0.020500000000000036,0.9955
M2_Macro_Oil_vs_M3_Macro_Oil_RegQuality__normalized__Oil_Rent_Intensive_Pre2016_ge1pct,Regulatory_Quality_lag1,normalized,Oil_Rent_Intensive_Pre2016_ge1pct,Future_Period,train_to_2016__test_from_2017,ElasticNet,added_model_vs_strongest_benchmark,0.021000000000000036,0.995
M2_Macro_Oil_vs_M3_Macro_Oil_RegQuality__normalized__Oil_Rent_Intensive_Pre2016_ge1pct,Regulatory_Quality_lag1,normalized,Oil_Rent_Intensive_Pre2016_ge1pct,Future_Period,train_to_2016__test_from_2017,ElasticNet,added_model_vs_strongest_benchmark,0.021500000000000036,0.9945
M2_Macro_Oil_vs_M3_Macro_Oil_RegQuality__normalized__Oil_Rent_Intensive_Pre2016_ge1pct,Regulatory_Quality_lag1,normalized,Oil_Rent_Intensive_Pre2016_ge1pct,Future_Period,train_to_2016__test_from_2017,ElasticNet,added_model_vs_strongest_benchmark,0.022000000000000037,0.9945
M2_Macro_Oil_vs_M3_Macro_Oil_RegQuality__normalized__Oil_Rent_Intensive_Pre2016_ge1pct,Regulatory_Quality_lag1,normalized,Oil_Rent_Intensive_Pre2016_ge1pct,Future_Period,train_to_2016__test_from_2017,ElasticNet,added_model_vs_strongest_benchmark,0.022500000000000037,0.994
M2_Macro_Oil_vs_M3_Macro_Oil_RegQuality__normalized__Oil_Rent_Intensive_Pre2016_ge1pct,Regulatory_Quality_lag1,normalized,Oil_Rent_Intensive_Pre2016_ge1pct,Future_Period,train_to_2016__test_from_2017,ElasticNet,added_model_vs_strongest_benchmark,0.023000000000000038,0.994
M2_Macro_Oil_vs_M3_Macro_Oil_RegQuality__normalized__Oil_Rent_Intensive_Pre2016_ge1pct,Regulatory_Quality_lag1,normalized,Oil_Rent_Intensive_Pre2016_ge1pct,Future_Period,train_to_2016__test_from_2017,ElasticNet,added_model_vs_strongest_benchmark,0.023500000000000038,0.994
M2_Macro_Oil_vs_M3_Macro_Oil_RegQuality__normalized__Oil_Rent_Intensive_Pre2016_ge1pct,Regulatory_Quality_lag1,normalized,Oil_Rent_Intensive_Pre2016_ge1pct,Future_Period,train_to_2016__test_from_2017,ElasticNet,added_model_vs_strongest_benchmark,0.02400000000000004,0.994
M2_Macro_Oil_vs_M3_Macro_Oil_RegQuality__normalized__Oil_Rent_Intensive_Pre2016_ge1pct,Regulatory_Quality_lag1,normalized,Oil_Rent_Intensive_Pre2016_ge1pct,Future_Period,train_to_2016__test_from_2017,ElasticNet,added_model_vs_strongest_benchmark,0.02450000000000004,0.994
M2_Macro_Oil_vs_M3_Macro_Oil_RegQuality__normalized__Oil_Rent_Intensive_Pre2016_ge1pct,Regulatory_Quality_lag1,normalized,Oil_Rent_Intensive_Pre2016_ge1pct,Future_Period,train_to_2016__test_from_2017,ElasticNet,added_model_vs_strongest_benchmark,0.02500000000000004,0.9935
M2_Macro_Oil_vs_M3_Macro_Oil_RegQuality__normalized__Oil_Rent_Intensive_Pre2016_ge1pct,Regulatory_Quality_lag1,normalized,Oil_Rent_Intensive_Pre2016_ge1pct,Future_Period,train_to_2016__test_from_2017,ElasticNet,added_model_vs_strongest_benchmark,0.02550000000000004,0.9935
M2_Macro_Oil_vs_M3_Macro_Oil_RegQuality__normalized__Oil_Rent_Intensive_Pre2016_ge1pct,Regulatory_Quality_lag1,normalized,Oil_Rent_Intensive_Pre2016_ge1pct,Future_Period,train_to_2016__test_from_2017,ElasticNet,added_model_vs_strongest_benchmark,0.02600000000000004,0.9935
M2_Macro_Oil_vs_M3_Macro_Oil_RegQuality__normalized__Oil_Rent_Intensive_Pre2016_ge1pct,Regulatory_Quality_lag1,normalized,Oil_Rent_Intensive_Pre2016_ge1pct,Future_Period,train_to_2016__test_from_2017,ElasticNet,added_model_vs_strongest_benchmark,0.02650000000000004,0.9935
M2_Macro_Oil_vs_M3_Macro_Oil_RegQuality__normalized__Oil_Rent_Intensive_Pre2016_ge1pct,Regulatory_Quality_lag1,normalized,Oil_Rent_Intensive_Pre2016_ge1pct,Future_Period,train_to_2016__test_from_2017,ElasticNet,added_model_vs_strongest_benchmark,0.02700000000000004,0.9935
M2_Macro_Oil_vs_M3_Macro_Oil_RegQuality__normalized__Oil_Rent_Intensive_Pre2016_ge1pct,Regulatory_Quality_lag1,normalized,Oil_Rent_Intensive_Pre2016_ge1pct,Future_Period,train_to_2016__test_from_2017,ElasticNet,added_model_vs_strongest_benchmark,0.027500000000000042,0.9935
M2_Macro_Oil_vs_M3_Macro_Oil_RegQuality__normalized__Oil_Rent_Intensive_Pre2016_ge1pct,Regulatory_Quality_lag1,normalized,Oil_Rent_Intensive_Pre2016_ge1pct,Future_Period,train_to_2016__test_from_2017,ElasticNet,added_model_vs_strongest_benchmark,0.028000000000000042,0.993
M2_Macro_Oil_vs_M3_Macro_Oil_RegQuality__normalized__Oil_Rent_Intensive_Pre2016_ge1pct,Regulatory_Quality_lag1,normalized,Oil_Rent_Intensive_Pre2016_ge1pct,Future_Period,train_to_2016__test_from_2017,ElasticNet,added_model_vs_strongest_benchmark,0.028500000000000043,0.993
M2_Macro_Oil_vs_M3_Macro_Oil_RegQuality__normalized__Oil_Rent_Intensive_Pre2016_ge1pct,Regulatory_Quality_lag1,normalized,Oil_Rent_Intensive_Pre2016_ge1pct,Future_Period,train_to_2016__test_from_2017,ElasticNet,added_model_vs_strongest_benchmark,0.029000000000000043,0.993
M2_Macro_Oil_vs_M3_Macro_Oil_RegQuality__normalized__Oil_Rent_Intensive_Pre2016_ge1pct,Regulatory_Quality_lag1,normalized,Oil_Rent_Intensive_Pre2016_ge1pct,Future_Period,train_to_2016__test_from_2017,ElasticNet,added_model_vs_strongest_benchmark,0.029500000000000044,0.993
M2_Macro_Oil_vs_M3_Macro_Oil_RegQuality__normalized__Oil_Rent_Intensive_Pre2016_ge1pct,Regulatory_Quality_lag1,normalized,Oil_Rent_Intensive_Pre2016_ge1pct,Future_Period,train_to_2016__test_from_2017,ElasticNet,added_model_vs_strongest_benchmark,0.030000000000000044,0.9925
M2_Macro_Oil_vs_M3_Macro_Oil_RegQuality__normalized__Oil_Rent_Intensive_Pre2016_ge1pct,Regulatory_Quality_lag1,normalized,Oil_Rent_Intensive_Pre2016_ge1pct,Future_Period,train_to_2016__test_from_2017,RandomForest,signal_increment,-0.02,0.145
M2_Macro_Oil_vs_M3_Macro_Oil_RegQuality__normalized__Oil_Rent_Intensive_Pre2016_ge1pct,Regulatory_Quality_lag1,normalized,Oil_Rent_Intensive_Pre2016_ge1pct,Future_Period,train_to_2016__test_from_2017,RandomForest,signal_increment,-0.0195,0.1385
M2_Macro_Oil_vs_M3_Macro_Oil_RegQuality__normalized__Oil_Rent_Intensive_Pre2016_ge1pct,Regulatory_Quality_lag1,normalized,Oil_Rent_Intensive_Pre2016_ge1pct,Future_Period,train_to_2016__test_from_2017,RandomForest,signal_increment,-0.019,0.1335
M2_Macro_Oil_vs_M3_Macro_Oil_RegQuality__normalized__Oil_Rent_Intensive_Pre2016_ge1pct,Regulatory_Quality_lag1,normalized,Oil_Rent_Intensive_Pre2016_ge1pct,Future_Period,train_to_2016__test_from_2017,RandomForest,signal_increment,-0.0185,0.1245
M2_Macro_Oil_vs_M3_Macro_Oil_RegQuality__normalized__Oil_Rent_Intensive_Pre2016_ge1pct,Regulatory_Quality_lag1,normalized,Oil_Rent_Intensive_Pre2016_ge1pct,Future_Period,train_to_2016__test_from_2017,RandomForest,signal_increment,-0.018,0.117
M2_Macro_Oil_vs_M3_Macro_Oil_RegQuality__normalized__Oil_Rent_Intensive_Pre2016_ge1pct,Regulatory_Quality_lag1,normalized,Oil_Rent_Intensive_Pre2016_ge1pct,Future_Period,train_to_2016__test_from_2017,RandomForest,signal_increment,-0.017499999999999998,0.109
M2_Macro_Oil_vs_M3_Macro_Oil_RegQuality__normalized__Oil_Rent_Intensive_Pre2016_ge1pct,Regulatory_Quality_lag1,normalized,Oil_Rent_Intensive_Pre2016_ge1pct,Future_Period,train_to_2016__test_from_2017,RandomForest,signal_increment,-0.016999999999999998,0.1
M2_Macro_Oil_vs_M3_Macro_Oil_RegQuality__normalized__Oil_Rent_Intensive_Pre2016_ge1pct,Regulatory_Quality_lag1,normalized,Oil_Rent_Intensive_Pre2016_ge1pct,Future_Period,train_to_2016__test_from_2017,RandomForest,signal_increment,-0.016499999999999997,0.0935
M2_Macro_Oil_vs_M3_Macro_Oil_RegQuality__normalized__Oil_Rent_Intensive_Pre2016_ge1pct,Regulatory_Quality_lag1,normalized,Oil_Rent_Intensive_Pre2016_ge1pct,Future_Period,train_to_2016__test_from_2017,RandomForest,signal_increment,-0.015999999999999997,0.088
M2_Macro_Oil_vs_M3_Macro_Oil_RegQuality__normalized__Oil_Rent_Intensive_Pre2016_ge1pct,Regulatory_Quality_lag1,normalized,Oil_Rent_Intensive_Pre2016_ge1pct,Future_Period,train_to_2016__test_from_2017,RandomForest,signal_increment,-0.015499999999999996,0.0815
M2_Macro_Oil_vs_M3_Macro_Oil_RegQuality__normalized__Oil_Rent_Intensive_Pre2016_ge1pct,Regulatory_Quality_lag1,normalized,Oil_Rent_Intensive_Pre2016_ge1pct,Future_Period,train_to_2016__test_from_2017,RandomForest,signal_increment,-0.014999999999999996,0.077
M2_Macro_Oil_vs_M3_Macro_Oil_RegQuality__normalized__Oil_Rent_Intensive_Pre2016_ge1pct,Regulatory_Quality_lag1,normalized,Oil_Rent_Intensive_Pre2016_ge1pct,Future_Period,train_to_2016__test_from_2017,RandomForest,signal_increment,-0.014499999999999996,0.071
M2_Macro_Oil_vs_M3_Macro_Oil_RegQuality__normalized__Oil_Rent_Intensive_Pre2016_ge1pct,Regulatory_Quality_lag1,normalized,Oil_Rent_Intensive_Pre2016_ge1pct,Future_Period,train_to_2016__test_from_2017,RandomForest,signal_increment,-0.013999999999999995,0.064
M2_Macro_Oil_vs_M3_Macro_Oil_RegQuality__normalized__Oil_Rent_Intensive_Pre2016_ge1pct,Regulatory_Quality_lag1,normalized,Oil_Rent_Intensive_Pre2016_ge1pct,Future_Period,train_to_2016__test_from_2017,RandomForest,signal_increment,-0.013499999999999995,0.061
M2_Macro_Oil_vs_M3_Macro_Oil_RegQuality__normalized__Oil_Rent_Intensive_Pre2016_ge1pct,Regulatory_Quality_lag1,normalized,Oil_Rent_Intensive_Pre2016_ge1pct,Future_Period,train_to_2016__test_from_2017,RandomForest,signal_increment,-0.012999999999999994,0.058
M2_Macro_Oil_vs_M3_Macro_Oil_RegQuality__normalized__Oil_Rent_Intensive_Pre2016_ge1pct,Regulatory_Quality_lag1,normalized,Oil_Rent_Intensive_Pre2016_ge1pct,Future_Period,train_to_2016__test_from_2017,RandomForest,signal_increment,-0.012499999999999994,0.0555
M2_Macro_Oil_vs_M3_Macro_Oil_RegQuality__normalized__Oil_Rent_Intensive_Pre2016_ge1pct,Regulatory_Quality_lag1,normalized,Oil_Rent_Intensive_Pre2016_ge1pct,Future_Period,train_to_2016__test_from_2017,RandomForest,signal_increment,-0.011999999999999993,0.0535
M2_Macro_Oil_vs_M3_Macro_Oil_RegQuality__normalized__Oil_Rent_Intensive_Pre2016_ge1pct,Regulatory_Quality_lag1,normalized,Oil_Rent_Intensive_Pre2016_ge1pct,Future_Period,train_to_2016__test_from_2017,RandomForest,signal_increment,-0.011499999999999993,0.0495
M2_Macro_Oil_vs_M3_Macro_Oil_RegQuality__normalized__Oil_Rent_Intensive_Pre2016_ge1pct,Regulatory_Quality_lag1,normalized,Oil_Rent_Intensive_Pre2016_ge1pct,Future_Period,train_to_2016__test_from_2017,RandomForest,signal_increment,-0.010999999999999992,0.047
M2_Macro_Oil_vs_M3_Macro_Oil_RegQuality__normalized__Oil_Rent_Intensive_Pre2016_ge1pct,Regulatory_Quality_lag1,normalized,Oil_Rent_Intensive_Pre2016_ge1pct,Future_Period,train_to_2016__test_from_2017,RandomForest,signal_increment,-0.010499999999999992,0.042
M2_Macro_Oil_vs_M3_Macro_Oil_RegQuality__normalized__Oil_Rent_Intensive_Pre2016_ge1pct,Regulatory_Quality_lag1,normalized,Oil_Rent_Intensive_Pre2016_ge1pct,Future_Period,train_to_2016__test_from_2017,RandomForest,signal_increment,-0.009999999999999992,0.0395
M2_Macro_Oil_vs_M3_Macro_Oil_RegQuality__normalized__Oil_Rent_Intensive_Pre2016_ge1pct,Regulatory_Quality_lag1,normalized,Oil_Rent_Intensive_Pre2016_ge1pct,Future_Period,train_to_2016__test_from_2017,RandomForest,signal_increment,-0.009499999999999991,0.036
M2_Macro_Oil_vs_M3_Macro_Oil_RegQuality__normalized__Oil_Rent_Intensive_Pre2016_ge1pct,Regulatory_Quality_lag1,normalized,Oil_Rent_Intensive_Pre2016_ge1pct,Future_Period,train_to_2016__test_from_2017,RandomForest,signal_increment,-0.00899999999999999,0.0345
M2_Macro_Oil_vs_M3_Macro_Oil_RegQuality__normalized__Oil_Rent_Intensive_Pre2016_ge1pct,Regulatory_Quality_lag1,normalized,Oil_Rent_Intensive_Pre2016_ge1pct,Future_Period,train_to_2016__test_from_2017,RandomForest,signal_increment,-0.00849999999999999,0.0325
M2_Macro_Oil_vs_M3_Macro_Oil_RegQuality__normalized__Oil_Rent_Intensive_Pre2016_ge1pct,Regulatory_Quality_lag1,normalized,Oil_Rent_Intensive_Pre2016_ge1pct,Future_Period,train_to_2016__test_from_2017,RandomForest,signal_increment,-0.00799999999999999,0.0295
M2_Macro_Oil_vs_M3_Macro_Oil_RegQuality__normalized__Oil_Rent_Intensive_Pre2016_ge1pct,Regulatory_Quality_lag1,normalized,Oil_Rent_Intensive_Pre2016_ge1pct,Future_Period,train_to_2016__test_from_2017,RandomForest,signal_increment,-0.007499999999999989,0.026
M2_Macro_Oil_vs_M3_Macro_Oil_RegQuality__normalized__Oil_Rent_Intensive_Pre2016_ge1pct,Regulatory_Quality_lag1,normalized,Oil_Rent_Intensive_Pre2016_ge1pct,Future_Period,train_to_2016__test_from_2017,RandomForest,signal_increment,-0.006999999999999989,0.024
M2_Macro_Oil_vs_M3_Macro_Oil_RegQuality__normalized__Oil_Rent_Intensive_Pre2016_ge1pct,Regulatory_Quality_lag1,normalized,Oil_Rent_Intensive_Pre2016_ge1pct,Future_Period,train_to_2016__test_from_2017,RandomForest,signal_increment,-0.006499999999999988,0.023
M2_Macro_Oil_vs_M3_Macro_Oil_RegQuality__normalized__Oil_Rent_Intensive_Pre2016_ge1pct,Regulatory_Quality_lag1,normalized,Oil_Rent_Intensive_Pre2016_ge1pct,Future_Period,train_to_2016__test_from_2017,RandomForest,signal_increment,-0.005999999999999988,0.0225
M2_Macro_Oil_vs_M3_Macro_Oil_RegQuality__normalized__Oil_Rent_Intensive_Pre2016_ge1pct,Regulatory_Quality_lag1,normalized,Oil_Rent_Intensive_Pre2016_ge1pct,Future_Period,train_to_2016__test_from_2017,RandomForest,signal_increment,-0.0054999999999999875,0.021
M2_Macro_Oil_vs_M3_Macro_Oil_RegQuality__normalized__Oil_Rent_Intensive_Pre2016_ge1pct,Regulatory_Quality_lag1,normalized,Oil_Rent_Intensive_Pre2016_ge1pct,Future_Period,train_to_2016__test_from_2017,RandomForest,signal_increment,-0.004999999999999987,0.0205
M2_Macro_Oil_vs_M3_Macro_Oil_RegQuality__normalized__Oil_Rent_Intensive_Pre2016_ge1pct,Regulatory_Quality_lag1,normalized,Oil_Rent_Intensive_Pre2016_ge1pct,Future_Period,train_to_2016__test_from_2017,RandomForest,signal_increment,-0.004499999999999987,0.0205
M2_Macro_Oil_vs_M3_Macro_Oil_RegQuality__normalized__Oil_Rent_Intensive_Pre2016_ge1pct,Regulatory_Quality_lag1,normalized,Oil_Rent_Intensive_Pre2016_ge1pct,Future_Period,train_to_2016__test_from_2017,RandomForest,signal_increment,-0.003999999999999986,0.018
M2_Macro_Oil_vs_M3_Macro_Oil_RegQuality__normalized__Oil_Rent_Intensive_Pre2016_ge1pct,Regulatory_Quality_lag1,normalized,Oil_Rent_Intensive_Pre2016_ge1pct,Future_Period,train_to_2016__test_from_2017,RandomForest,signal_increment,-0.0034999999999999858,0.015
M2_Macro_Oil_vs_M3_Macro_Oil_RegQuality__normalized__Oil_Rent_Intensive_Pre2016_ge1pct,Regulatory_Quality_lag1,normalized,Oil_Rent_Intensive_Pre2016_ge1pct,Future_Period,train_to_2016__test_from_2017,RandomForest,signal_increment,-0.0029999999999999853,0.0145
M2_Macro_Oil_vs_M3_Macro_Oil_RegQuality__normalized__Oil_Rent_Intensive_Pre2016_ge1pct,Regulatory_Quality_lag1,normalized,Oil_Rent_Intensive_Pre2016_ge1pct,Future_Period,train_to_2016__test_from_2017,RandomForest,signal_increment,-0.002499999999999985,0.014
M2_Macro_Oil_vs_M3_Macro_Oil_RegQuality__normalized__Oil_Rent_Intensive_Pre2016_ge1pct,Regulatory_Quality_lag1,normalized,Oil_Rent_Intensive_Pre2016_ge1pct,Future_Period,train_to_2016__test_from_2017,RandomForest,signal_increment,-0.0019999999999999844,0.013
M2_Macro_Oil_vs_M3_Macro_Oil_RegQuality__normalized__Oil_Rent_Intensive_Pre2016_ge1pct,Regulatory_Quality_lag1,normalized,Oil_Rent_Intensive_Pre2016_ge1pct,Future_Period,train_to_2016__test_from_2017,RandomForest,signal_increment,-0.001499999999999984,0.012
M2_Macro_Oil_vs_M3_Macro_Oil_RegQuality__normalized__Oil_Rent_Intensive_Pre2016_ge1pct,Regulatory_Quality_lag1,normalized,Oil_Rent_Intensive_Pre2016_ge1pct,Future_Period,train_to_2016__test_from_2017,RandomForest,signal_increment,-0.0009999999999999835,0.011
M2_Macro_Oil_vs_M3_Macro_Oil_RegQuality__normalized__Oil_Rent_Intensive_Pre2016_ge1pct,Regulatory_Quality_lag1,normalized,Oil_Rent_Intensive_Pre2016_ge1pct,Future_Period,train_to_2016__test_from_2017,RandomForest,signal_increment,-0.0004999999999999831,0.0105
M2_Macro_Oil_vs_M3_Macro_Oil_RegQuality__normalized__Oil_Rent_Intensive_Pre2016_ge1pct,Regulatory_Quality_lag1,normalized,Oil_Rent_Intensive_Pre2016_ge1pct,Future_Period,train_to_2016__test_from_2017,RandomForest,signal_increment,1.734723475976807e-17,0.0105
M2_Macro_Oil_vs_M3_Macro_Oil_RegQuality__normalized__Oil_Rent_Intensive_Pre2016_ge1pct,Regulatory_Quality_lag1,normalized,Oil_Rent_Intensive_Pre2016_ge1pct,Future_Period,train_to_2016__test_from_2017,RandomForest,signal_increment,0.0005000000000000178,0.009
M2_Macro_Oil_vs_M3_Macro_Oil_RegQuality__normalized__Oil_Rent_Intensive_Pre2016_ge1pct,Regulatory_Quality_lag1,normalized,Oil_Rent_Intensive_Pre2016_ge1pct,Future_Period,train_to_2016__test_from_2017,RandomForest,signal_increment,0.0010000000000000182,0.0085
M2_Macro_Oil_vs_M3_Macro_Oil_RegQuality__normalized__Oil_Rent_Intensive_Pre2016_ge1pct,Regulatory_Quality_lag1,normalized,Oil_Rent_Intensive_Pre2016_ge1pct,Future_Period,train_to_2016__test_from_2017,RandomForest,signal_increment,0.0015000000000000187,0.0075
M2_Macro_Oil_vs_M3_Macro_Oil_RegQuality__normalized__Oil_Rent_Intensive_Pre2016_ge1pct,Regulatory_Quality_lag1,normalized,Oil_Rent_Intensive_Pre2016_ge1pct,Future_Period,train_to_2016__test_from_2017,RandomForest,signal_increment,0.002000000000000019,0.0075
M2_Macro_Oil_vs_M3_Macro_Oil_RegQuality__normalized__Oil_Rent_Intensive_Pre2016_ge1pct,Regulatory_Quality_lag1,normalized,Oil_Rent_Intensive_Pre2016_ge1pct,Future_Period,train_to_2016__test_from_2017,RandomForest,signal_increment,0.0025000000000000196,0.007
M2_Macro_Oil_vs_M3_Macro_Oil_RegQuality__normalized__Oil_Rent_Intensive_Pre2016_ge1pct,Regulatory_Quality_lag1,normalized,Oil_Rent_Intensive_Pre2016_ge1pct,Future_Period,train_to_2016__test_from_2017,RandomForest,signal_increment,0.00300000000000002,0.0065
M2_Macro_Oil_vs_M3_Macro_Oil_RegQuality__normalized__Oil_Rent_Intensive_Pre2016_ge1pct,Regulatory_Quality_lag1,normalized,Oil_Rent_Intensive_Pre2016_ge1pct,Future_Period,train_to_2016__test_from_2017,RandomForest,signal_increment,0.0035000000000000205,0.0065
M2_Macro_Oil_vs_M3_Macro_Oil_RegQuality__normalized__Oil_Rent_Intensive_Pre2016_ge1pct,Regulatory_Quality_lag1,normalized,Oil_Rent_Intensive_Pre2016_ge1pct,Future_Period,train_to_2016__test_from_2017,RandomForest,signal_increment,0.004000000000000021,0.006
M2_Macro_Oil_vs_M3_Macro_Oil_RegQuality__normalized__Oil_Rent_Intensive_Pre2016_ge1pct,Regulatory_Quality_lag1,normalized,Oil_Rent_Intensive_Pre2016_ge1pct,Future_Period,train_to_2016__test_from_2017,RandomForest,signal_increment,0.004500000000000021,0.005
M2_Macro_Oil_vs_M3_Macro_Oil_RegQuality__normalized__Oil_Rent_Intensive_Pre2016_ge1pct,Regulatory_Quality_lag1,normalized,Oil_Rent_Intensive_Pre2016_ge1pct,Future_Period,train_to_2016__test_from_2017,RandomForest,signal_increment,0.005000000000000022,0.0045
M2_Macro_Oil_vs_M3_Macro_Oil_RegQuality__normalized__Oil_Rent_Intensive_Pre2016_ge1pct,Regulatory_Quality_lag1,normalized,Oil_Rent_Intensive_Pre2016_ge1pct,Future_Period,train_to_2016__test_from_2017,RandomForest,signal_increment,0.005500000000000022,0.004
M2_Macro_Oil_vs_M3_Macro_Oil_RegQuality__normalized__Oil_Rent_Intensive_Pre2016_ge1pct,Regulatory_Quality_lag1,normalized,Oil_Rent_Intensive_Pre2016_ge1pct,Future_Period,train_to_2016__test_from_2017,RandomForest,signal_increment,0.006000000000000023,0.0035
M2_Macro_Oil_vs_M3_Macro_Oil_RegQuality__normalized__Oil_Rent_Intensive_Pre2016_ge1pct,Regulatory_Quality_lag1,normalized,Oil_Rent_Intensive_Pre2016_ge1pct,Future_Period,train_to_2016__test_from_2017,RandomForest,signal_increment,0.006500000000000023,0.0035
M2_Macro_Oil_vs_M3_Macro_Oil_RegQuality__normalized__Oil_Rent_Intensive_Pre2016_ge1pct,Regulatory_Quality_lag1,normalized,Oil_Rent_Intensive_Pre2016_ge1pct,Future_Period,train_to_2016__test_from_2017,RandomForest,signal_increment,0.0070000000000000236,0.003
M2_Macro_Oil_vs_M3_Macro_Oil_RegQuality__normalized__Oil_Rent_Intensive_Pre2016_ge1pct,Regulatory_Quality_lag1,normalized,Oil_Rent_Intensive_Pre2016_ge1pct,Future_Period,train_to_2016__test_from_2017,RandomForest,signal_increment,0.007500000000000024,0.003
M2_Macro_Oil_vs_M3_Macro_Oil_RegQuality__normalized__Oil_Rent_Intensive_Pre2016_ge1pct,Regulatory_Quality_lag1,normalized,Oil_Rent_Intensive_Pre2016_ge1pct,Future_Period,train_to_2016__test_from_2017,RandomForest,signal_increment,0.008000000000000024,0.003
M2_Macro_Oil_vs_M3_Macro_Oil_RegQuality__normalized__Oil_Rent_Intensive_Pre2016_ge1pct,Regulatory_Quality_lag1,normalized,Oil_Rent_Intensive_Pre2016_ge1pct,Future_Period,train_to_2016__test_from_2017,RandomForest,signal_increment,0.008500000000000025,0.003
M2_Macro_Oil_vs_M3_Macro_Oil_RegQuality__normalized__Oil_Rent_Intensive_Pre2016_ge1pct,Regulatory_Quality_lag1,normalized,Oil_Rent_Intensive_Pre2016_ge1pct,Future_Period,train_to_2016__test_from_2017,RandomForest,signal_increment,0.009000000000000025,0.003
M2_Macro_Oil_vs_M3_Macro_Oil_RegQuality__normalized__Oil_Rent_Intensive_Pre2016_ge1pct,Regulatory_Quality_lag1,normalized,Oil_Rent_Intensive_Pre2016_ge1pct,Future_Period,train_to_2016__test_from_2017,RandomForest,signal_increment,0.009500000000000026,0.003
M2_Macro_Oil_vs_M3_Macro_Oil_RegQuality__normalized__Oil_Rent_Intensive_Pre2016_ge1pct,Regulatory_Quality_lag1,normalized,Oil_Rent_Intensive_Pre2016_ge1pct,Future_Period,train_to_2016__test_from_2017,RandomForest,signal_increment,0.010000000000000026,0.003
M2_Macro_Oil_vs_M3_Macro_Oil_RegQuality__normalized__Oil_Rent_Intensive_Pre2016_ge1pct,Regulatory_Quality_lag1,normalized,Oil_Rent_Intensive_Pre2016_ge1pct,Future_Period,train_to_2016__test_from_2017,RandomForest,signal_increment,0.010500000000000027,0.003
M2_Macro_Oil_vs_M3_Macro_Oil_RegQuality__normalized__Oil_Rent_Intensive_Pre2016_ge1pct,Regulatory_Quality_lag1,normalized,Oil_Rent_Intensive_Pre2016_ge1pct,Future_Period,train_to_2016__test_from_2017,RandomForest,signal_increment,0.011000000000000027,0.002
M2_Macro_Oil_vs_M3_Macro_Oil_RegQuality__normalized__Oil_Rent_Intensive_Pre2016_ge1pct,Regulatory_Quality_lag1,normalized,Oil_Rent_Intensive_Pre2016_ge1pct,Future_Period,train_to_2016__test_from_2017,RandomForest,signal_increment,0.011500000000000028,0.002
M2_Macro_Oil_vs_M3_Macro_Oil_RegQuality__normalized__Oil_Rent_Intensive_Pre2016_ge1pct,Regulatory_Quality_lag1,normalized,Oil_Rent_Intensive_Pre2016_ge1pct,Future_Period,train_to_2016__test_from_2017,RandomForest,signal_increment,0.012000000000000028,0.002
M2_Macro_Oil_vs_M3_Macro_Oil_RegQuality__normalized__Oil_Rent_Intensive_Pre2016_ge1pct,Regulatory_Quality_lag1,normalized,Oil_Rent_Intensive_Pre2016_ge1pct,Future_Period,train_to_2016__test_from_2017,RandomForest,signal_increment,0.012500000000000028,0.002
M2_Macro_Oil_vs_M3_Macro_Oil_RegQuality__normalized__Oil_Rent_Intensive_Pre2016_ge1pct,Regulatory_Quality_lag1,normalized,Oil_Rent_Intensive_Pre2016_ge1pct,Future_Period,train_to_2016__test_from_2017,RandomForest,signal_increment,0.013000000000000029,0.002
M2_Macro_Oil_vs_M3_Macro_Oil_RegQuality__normalized__Oil_Rent_Intensive_Pre2016_ge1pct,Regulatory_Quality_lag1,normalized,Oil_Rent_Intensive_Pre2016_ge1pct,Future_Period,train_to_2016__test_from_2017,RandomForest,signal_increment,0.01350000000000003,0.002
M2_Macro_Oil_vs_M3_Macro_Oil_RegQuality__normalized__Oil_Rent_Intensive_Pre2016_ge1pct,Regulatory_Quality_lag1,normalized,Oil_Rent_Intensive_Pre2016_ge1pct,Future_Period,train_to_2016__test_from_2017,RandomForest,signal_increment,0.01400000000000003,0.002
M2_Macro_Oil_vs_M3_Macro_Oil_RegQuality__normalized__Oil_Rent_Intensive_Pre2016_ge1pct,Regulatory_Quality_lag1,normalized,Oil_Rent_Intensive_Pre2016_ge1pct,Future_Period,train_to_2016__test_from_2017,RandomForest,signal_increment,0.01450000000000003,0.002
M2_Macro_Oil_vs_M3_Macro_Oil_RegQuality__normalized__Oil_Rent_Intensive_Pre2016_ge1pct,Regulatory_Quality_lag1,normalized,Oil_Rent_Intensive_Pre2016_ge1pct,Future_Period,train_to_2016__test_from_2017,RandomForest,signal_increment,0.01500000000000003,0.002
M2_Macro_Oil_vs_M3_Macro_Oil_RegQuality__normalized__Oil_Rent_Intensive_Pre2016_ge1pct,Regulatory_Quality_lag1,normalized,Oil_Rent_Intensive_Pre2016_ge1pct,Future_Period,train_to_2016__test_from_2017,RandomForest,signal_increment,0.015500000000000031,0.002
M2_Macro_Oil_vs_M3_Macro_Oil_RegQuality__normalized__Oil_Rent_Intensive_Pre2016_ge1pct,Regulatory_Quality_lag1,normalized,Oil_Rent_Intensive_Pre2016_ge1pct,Future_Period,train_to_2016__test_from_2017,RandomForest,signal_increment,0.01600000000000003,0.0015
M2_Macro_Oil_vs_M3_Macro_Oil_RegQuality__normalized__Oil_Rent_Intensive_Pre2016_ge1pct,Regulatory_Quality_lag1,normalized,Oil_Rent_Intensive_Pre2016_ge1pct,Future_Period,train_to_2016__test_from_2017,RandomForest,signal_increment,0.016500000000000032,0.0015
M2_Macro_Oil_vs_M3_Macro_Oil_RegQuality__normalized__Oil_Rent_Intensive_Pre2016_ge1pct,Regulatory_Quality_lag1,normalized,Oil_Rent_Intensive_Pre2016_ge1pct,Future_Period,train_to_2016__test_from_2017,RandomForest,signal_increment,0.017000000000000032,0.0015
M2_Macro_Oil_vs_M3_Macro_Oil_RegQuality__normalized__Oil_Rent_Intensive_Pre2016_ge1pct,Regulatory_Quality_lag1,normalized,Oil_Rent_Intensive_Pre2016_ge1pct,Future_Period,train_to_2016__test_from_2017,RandomForest,signal_increment,0.017500000000000033,0.001
M2_Macro_Oil_vs_M3_Macro_Oil_RegQuality__normalized__Oil_Rent_Intensive_Pre2016_ge1pct,Regulatory_Quality_lag1,normalized,Oil_Rent_Intensive_Pre2016_ge1pct,Future_Period,train_to_2016__test_from_2017,RandomForest,signal_increment,0.018000000000000033,0.001
M2_Macro_Oil_vs_M3_Macro_Oil_RegQuality__normalized__Oil_Rent_Intensive_Pre2016_ge1pct,Regulatory_Quality_lag1,normalized,Oil_Rent_Intensive_Pre2016_ge1pct,Future_Period,train_to_2016__test_from_2017,RandomForest,signal_increment,0.018500000000000034,0.001
M2_Macro_Oil_vs_M3_Macro_Oil_RegQuality__normalized__Oil_Rent_Intensive_Pre2016_ge1pct,Regulatory_Quality_lag1,normalized,Oil_Rent_Intensive_Pre2016_ge1pct,Future_Period,train_to_2016__test_from_2017,RandomForest,signal_increment,0.019000000000000034,0.001
M2_Macro_Oil_vs_M3_Macro_Oil_RegQuality__normalized__Oil_Rent_Intensive_Pre2016_ge1pct,Regulatory_Quality_lag1,normalized,Oil_Rent_Intensive_Pre2016_ge1pct,Future_Period,train_to_2016__test_from_2017,RandomForest,signal_increment,0.019500000000000035,0.0005
M2_Macro_Oil_vs_M3_Macro_Oil_RegQuality__normalized__Oil_Rent_Intensive_Pre2016_ge1pct,Regulatory_Quality_lag1,normalized,Oil_Rent_Intensive_Pre2016_ge1pct,Future_Period,train_to_2016__test_from_2017,RandomForest,signal_increment,0.020000000000000035,0.0005
M2_Macro_Oil_vs_M3_Macro_Oil_RegQuality__normalized__Oil_Rent_Intensive_Pre2016_ge1pct,Regulatory_Quality_lag1,normalized,Oil_Rent_Intensive_Pre2016_ge1pct,Future_Period,train_to_2016__test_from_2017,RandomForest,signal_increment,0.020500000000000036,0.0
M2_Macro_Oil_vs_M3_Macro_Oil_RegQuality__normalized__Oil_Rent_Intensive_Pre2016_ge1pct,Regulatory_Quality_lag1,normalized,Oil_Rent_Intensive_Pre2016_ge1pct,Future_Period,train_to_2016__test_from_2017,RandomForest,signal_increment,0.021000000000000036,0.0
M2_Macro_Oil_vs_M3_Macro_Oil_RegQuality__normalized__Oil_Rent_Intensive_Pre2016_ge1pct,Regulatory_Quality_lag1,normalized,Oil_Rent_Intensive_Pre2016_ge1pct,Future_Period,train_to_2016__test_from_2017,RandomForest,signal_increment,0.021500000000000036,0.0
M2_Macro_Oil_vs_M3_Macro_Oil_RegQuality__normalized__Oil_Rent_Intensive_Pre2016_ge1pct,Regulatory_Quality_lag1,normalized,Oil_Rent_Intensive_Pre2016_ge1pct,Future_Period,train_to_2016__test_from_2017,RandomForest,signal_increment,0.022000000000000037,0.0
M2_Macro_Oil_vs_M3_Macro_Oil_RegQuality__normalized__Oil_Rent_Intensive_Pre2016_ge1pct,Regulatory_Quality_lag1,normalized,Oil_Rent_Intensive_Pre2016_ge1pct,Future_Period,train_to_2016__test_from_2017,RandomForest,signal_increment,0.022500000000000037,0.0
M2_Macro_Oil_vs_M3_Macro_Oil_RegQuality__normalized__Oil_Rent_Intensive_Pre2016_ge1pct,Regulatory_Quality_lag1,normalized,Oil_Rent_Intensive_Pre2016_ge1pct,Future_Period,train_to_2016__test_from_2017,RandomForest,signal_increment,0.023000000000000038,0.0
M2_Macro_Oil_vs_M3_Macro_Oil_RegQuality__normalized__Oil_Rent_Intensive_Pre2016_ge1pct,Regulatory_Quality_lag1,normalized,Oil_Rent_Intensive_Pre2016_ge1pct,Future_Period,train_to_2016__test_from_2017,RandomForest,signal_increment,0.023500000000000038,0.0
M2_Macro_Oil_vs_M3_Macro_Oil_RegQuality__normalized__Oil_Rent_Intensive_Pre2016_ge1pct,Regulatory_Quality_lag1,normalized,Oil_Rent_Intensive_Pre2016_ge1pct,Future_Period,train_to_2016__test_from_2017,RandomForest,signal_increment,0.02400000000000004,0.0
M2_Macro_Oil_vs_M3_Macro_Oil_RegQuality__normalized__Oil_Rent_Intensive_Pre2016_ge1pct,Regulatory_Quality_lag1,normalized,Oil_Rent_Intensive_Pre2016_ge1pct,Future_Period,train_to_2016__test_from_2017,RandomForest,signal_increment,0.02450000000000004,0.0
M2_Macro_Oil_vs_M3_Macro_Oil_RegQuality__normalized__Oil_Rent_Intensive_Pre2016_ge1pct,Regulatory_Quality_lag1,normalized,Oil_Rent_Intensive_Pre2016_ge1pct,Future_Period,train_to_2016__test_from_2017,RandomForest,signal_increment,0.02500000000000004,0.0
M2_Macro_Oil_vs_M3_Macro_Oil_RegQuality__normalized__Oil_Rent_Intensive_Pre2016_ge1pct,Regulatory_Quality_lag1,normalized,Oil_Rent_Intensive_Pre2016_ge1pct,Future_Period,train_to_2016__test_from_2017,RandomForest,signal_increment,0.02550000000000004,0.0
M2_Macro_Oil_vs_M3_Macro_Oil_RegQuality__normalized__Oil_Rent_Intensive_Pre2016_ge1pct,Regulatory_Quality_lag1,normalized,Oil_Rent_Intensive_Pre2016_ge1pct,Future_Period,train_to_2016__test_from_2017,RandomForest,signal_increment,0.02600000000000004,0.0
M2_Macro_Oil_vs_M3_Macro_Oil_RegQuality__normalized__Oil_Rent_Intensive_Pre2016_ge1pct,Regulatory_Quality_lag1,normalized,Oil_Rent_Intensive_Pre2016_ge1pct,Future_Period,train_to_2016__test_from_2017,RandomForest,signal_increment,0.02650000000000004,0.0
M2_Macro_Oil_vs_M3_Macro_Oil_RegQuality__normalized__Oil_Rent_Intensive_Pre2016_ge1pct,Regulatory_Quality_lag1,normalized,Oil_Rent_Intensive_Pre2016_ge1pct,Future_Period,train_to_2016__test_from_2017,RandomForest,signal_increment,0.02700000000000004,0.0
M2_Macro_Oil_vs_M3_Macro_Oil_RegQuality__normalized__Oil_Rent_Intensive_Pre2016_ge1pct,Regulatory_Quality_lag1,normalized,Oil_Rent_Intensive_Pre2016_ge1pct,Future_Period,train_to_2016__test_from_2017,RandomForest,signal_increment,0.027500000000000042,0.0
M2_Macro_Oil_vs_M3_Macro_Oil_RegQuality__normalized__Oil_Rent_Intensive_Pre2016_ge1pct,Regulatory_Quality_lag1,normalized,Oil_Rent_Intensive_Pre2016_ge1pct,Future_Period,train_to_2016__test_from_2017,RandomForest,signal_increment,0.028000000000000042,0.0
M2_Macro_Oil_vs_M3_Macro_Oil_RegQuality__normalized__Oil_Rent_Intensive_Pre2016_ge1pct,Regulatory_Quality_lag1,normalized,Oil_Rent_Intensive_Pre2016_ge1pct,Future_Period,train_to_2016__test_from_2017,RandomForest,signal_increment,0.028500000000000043,0.0
M2_Macro_Oil_vs_M3_Macro_Oil_RegQuality__normalized__Oil_Rent_Intensive_Pre2016_ge1pct,Regulatory_Quality_lag1,normalized,Oil_Rent_Intensive_Pre2016_ge1pct,Future_Period,train_to_2016__test_from_2017,RandomForest,signal_increment,0.029000000000000043,0.0
M2_Macro_Oil_vs_M3_Macro_Oil_RegQuality__normalized__Oil_Rent_Intensive_Pre2016_ge1pct,Regulatory_Quality_lag1,normalized,Oil_Rent_Intensive_Pre2016_ge1pct,Future_Period,train_to_2016__test_from_2017,RandomForest,signal_increment,0.029500000000000044,0.0
M2_Macro_Oil_vs_M3_Macro_Oil_RegQuality__normalized__Oil_Rent_Intensive_Pre2016_ge1pct,Regulatory_Quality_lag1,normalized,Oil_Rent_Intensive_Pre2016_ge1pct,Future_Period,train_to_2016__test_from_2017,RandomForest,signal_increment,0.030000000000000044,0.0
M2_Macro_Oil_vs_M3_Macro_Oil_RegQuality__normalized__Oil_Rent_Intensive_Pre2016_ge1pct,Regulatory_Quality_lag1,normalized,Oil_Rent_Intensive_Pre2016_ge1pct,Future_Period,train_to_2016__test_from_2017,RandomForest,added_model_vs_strongest_benchmark,-0.02,0.9885
M2_Macro_Oil_vs_M3_Macro_Oil_RegQuality__normalized__Oil_Rent_Intensive_Pre2016_ge1pct,Regulatory_Quality_lag1,normalized,Oil_Rent_Intensive_Pre2016_ge1pct,Future_Period,train_to_2016__test_from_2017,RandomForest,added_model_vs_strongest_benchmark,-0.0195,0.988
M2_Macro_Oil_vs_M3_Macro_Oil_RegQuality__normalized__Oil_Rent_Intensive_Pre2016_ge1pct,Regulatory_Quality_lag1,normalized,Oil_Rent_Intensive_Pre2016_ge1pct,Future_Period,train_to_2016__test_from_2017,RandomForest,added_model_vs_strongest_benchmark,-0.019,0.988
M2_Macro_Oil_vs_M3_Macro_Oil_RegQuality__normalized__Oil_Rent_Intensive_Pre2016_ge1pct,Regulatory_Quality_lag1,normalized,Oil_Rent_Intensive_Pre2016_ge1pct,Future_Period,train_to_2016__test_from_2017,RandomForest,added_model_vs_strongest_benchmark,-0.0185,0.988
M2_Macro_Oil_vs_M3_Macro_Oil_RegQuality__normalized__Oil_Rent_Intensive_Pre2016_ge1pct,Regulatory_Quality_lag1,normalized,Oil_Rent_Intensive_Pre2016_ge1pct,Future_Period,train_to_2016__test_from_2017,RandomForest,added_model_vs_strongest_benchmark,-0.018,0.988
M2_Macro_Oil_vs_M3_Macro_Oil_RegQuality__normalized__Oil_Rent_Intensive_Pre2016_ge1pct,Regulatory_Quality_lag1,normalized,Oil_Rent_Intensive_Pre2016_ge1pct,Future_Period,train_to_2016__test_from_2017,RandomForest,added_model_vs_strongest_benchmark,-0.017499999999999998,0.9875
M2_Macro_Oil_vs_M3_Macro_Oil_RegQuality__normalized__Oil_Rent_Intensive_Pre2016_ge1pct,Regulatory_Quality_lag1,normalized,Oil_Rent_Intensive_Pre2016_ge1pct,Future_Period,train_to_2016__test_from_2017,RandomForest,added_model_vs_strongest_benchmark,-0.016999999999999998,0.9875
M2_Macro_Oil_vs_M3_Macro_Oil_RegQuality__normalized__Oil_Rent_Intensive_Pre2016_ge1pct,Regulatory_Quality_lag1,normalized,Oil_Rent_Intensive_Pre2016_ge1pct,Future_Period,train_to_2016__test_from_2017,RandomForest,added_model_vs_strongest_benchmark,-0.016499999999999997,0.987
M2_Macro_Oil_vs_M3_Macro_Oil_RegQuality__normalized__Oil_Rent_Intensive_Pre2016_ge1pct,Regulatory_Quality_lag1,normalized,Oil_Rent_Intensive_Pre2016_ge1pct,Future_Period,train_to_2016__test_from_2017,RandomForest,added_model_vs_strongest_benchmark,-0.015999999999999997,0.9865
M2_Macro_Oil_vs_M3_Macro_Oil_RegQuality__normalized__Oil_Rent_Intensive_Pre2016_ge1pct,Regulatory_Quality_lag1,normalized,Oil_Rent_Intensive_Pre2016_ge1pct,Future_Period,train_to_2016__test_from_2017,RandomForest,added_model_vs_strongest_benchmark,-0.015499999999999996,0.9865
M2_Macro_Oil_vs_M3_Macro_Oil_RegQuality__normalized__Oil_Rent_Intensive_Pre2016_ge1pct,Regulatory_Quality_lag1,normalized,Oil_Rent_Intensive_Pre2016_ge1pct,Future_Period,train_to_2016__test_from_2017,RandomForest,added_model_vs_strongest_benchmark,-0.014999999999999996,0.9865
M2_Macro_Oil_vs_M3_Macro_Oil_RegQuality__normalized__Oil_Rent_Intensive_Pre2016_ge1pct,Regulatory_Quality_lag1,normalized,Oil_Rent_Intensive_Pre2016_ge1pct,Future_Period,train_to_2016__test_from_2017,RandomForest,added_model_vs_strongest_benchmark,-0.014499999999999996,0.9865
M2_Macro_Oil_vs_M3_Macro_Oil_RegQuality__normalized__Oil_Rent_Intensive_Pre2016_ge1pct,Regulatory_Quality_lag1,normalized,Oil_Rent_Intensive_Pre2016_ge1pct,Future_Period,train_to_2016__test_from_2017,RandomForest,added_model_vs_strongest_benchmark,-0.013999999999999995,0.986
M2_Macro_Oil_vs_M3_Macro_Oil_RegQuality__normalized__Oil_Rent_Intensive_Pre2016_ge1pct,Regulatory_Quality_lag1,normalized,Oil_Rent_Intensive_Pre2016_ge1pct,Future_Period,train_to_2016__test_from_2017,RandomForest,added_model_vs_strongest_benchmark,-0.013499999999999995,0.9855
M2_Macro_Oil_vs_M3_Macro_Oil_RegQuality__normalized__Oil_Rent_Intensive_Pre2016_ge1pct,Regulatory_Quality_lag1,normalized,Oil_Rent_Intensive_Pre2016_ge1pct,Future_Period,train_to_2016__test_from_2017,RandomForest,added_model_vs_strongest_benchmark,-0.012999999999999994,0.9855
M2_Macro_Oil_vs_M3_Macro_Oil_RegQuality__normalized__Oil_Rent_Intensive_Pre2016_ge1pct,Regulatory_Quality_lag1,normalized,Oil_Rent_Intensive_Pre2016_ge1pct,Future_Period,train_to_2016__test_from_2017,RandomForest,added_model_vs_strongest_benchmark,-0.012499999999999994,0.9855
M2_Macro_Oil_vs_M3_Macro_Oil_RegQuality__normalized__Oil_Rent_Intensive_Pre2016_ge1pct,Regulatory_Quality_lag1,normalized,Oil_Rent_Intensive_Pre2016_ge1pct,Future_Period,train_to_2016__test_from_2017,RandomForest,added_model_vs_strongest_benchmark,-0.011999999999999993,0.9855
M2_Macro_Oil_vs_M3_Macro_Oil_RegQuality__normalized__Oil_Rent_Intensive_Pre2016_ge1pct,Regulatory_Quality_lag1,normalized,Oil_Rent_Intensive_Pre2016_ge1pct,Future_Period,train_to_2016__test_from_2017,RandomForest,added_model_vs_strongest_benchmark,-0.011499999999999993,0.9855
M2_Macro_Oil_vs_M3_Macro_Oil_RegQuality__normalized__Oil_Rent_Intensive_Pre2016_ge1pct,Regulatory_Quality_lag1,normalized,Oil_Rent_Intensive_Pre2016_ge1pct,Future_Period,train_to_2016__test_from_2017,RandomForest,added_model_vs_strongest_benchmark,-0.010999999999999992,0.985
M2_Macro_Oil_vs_M3_Macro_Oil_RegQuality__normalized__Oil_Rent_Intensive_Pre2016_ge1pct,Regulatory_Quality_lag1,normalized,Oil_Rent_Intensive_Pre2016_ge1pct,Future_Period,train_to_2016__test_from_2017,RandomForest,added_model_vs_strongest_benchmark,-0.010499999999999992,0.985
M2_Macro_Oil_vs_M3_Macro_Oil_RegQuality__normalized__Oil_Rent_Intensive_Pre2016_ge1pct,Regulatory_Quality_lag1,normalized,Oil_Rent_Intensive_Pre2016_ge1pct,Future_Period,train_to_2016__test_from_2017,RandomForest,added_model_vs_strongest_benchmark,-0.009999999999999992,0.9845
M2_Macro_Oil_vs_M3_Macro_Oil_RegQuality__normalized__Oil_Rent_Intensive_Pre2016_ge1pct,Regulatory_Quality_lag1,normalized,Oil_Rent_Intensive_Pre2016_ge1pct,Future_Period,train_to_2016__test_from_2017,RandomForest,added_model_vs_strongest_benchmark,-0.009499999999999991,0.9845
M2_Macro_Oil_vs_M3_Macro_Oil_RegQuality__normalized__Oil_Rent_Intensive_Pre2016_ge1pct,Regulatory_Quality_lag1,normalized,Oil_Rent_Intensive_Pre2016_ge1pct,Future_Period,train_to_2016__test_from_2017,RandomForest,added_model_vs_strongest_benchmark,-0.00899999999999999,0.9845
M2_Macro_Oil_vs_M3_Macro_Oil_RegQuality__normalized__Oil_Rent_Intensive_Pre2016_ge1pct,Regulatory_Quality_lag1,normalized,Oil_Rent_Intensive_Pre2016_ge1pct,Future_Period,train_to_2016__test_from_2017,RandomForest,added_model_vs_strongest_benchmark,-0.00849999999999999,0.9845
M2_Macro_Oil_vs_M3_Macro_Oil_RegQuality__normalized__Oil_Rent_Intensive_Pre2016_ge1pct,Regulatory_Quality_lag1,normalized,Oil_Rent_Intensive_Pre2016_ge1pct,Future_Period,train_to_2016__test_from_2017,RandomForest,added_model_vs_strongest_benchmark,-0.00799999999999999,0.9845
M2_Macro_Oil_vs_M3_Macro_Oil_RegQuality__normalized__Oil_Rent_Intensive_Pre2016_ge1pct,Regulatory_Quality_lag1,normalized,Oil_Rent_Intensive_Pre2016_ge1pct,Future_Period,train_to_2016__test_from_2017,RandomForest,added_model_vs_strongest_benchmark,-0.007499999999999989,0.984
M2_Macro_Oil_vs_M3_Macro_Oil_RegQuality__normalized__Oil_Rent_Intensive_Pre2016_ge1pct,Regulatory_Quality_lag1,normalized,Oil_Rent_Intensive_Pre2016_ge1pct,Future_Period,train_to_2016__test_from_2017,RandomForest,added_model_vs_strongest_benchmark,-0.006999999999999989,0.984
M2_Macro_Oil_vs_M3_Macro_Oil_RegQuality__normalized__Oil_Rent_Intensive_Pre2016_ge1pct,Regulatory_Quality_lag1,normalized,Oil_Rent_Intensive_Pre2016_ge1pct,Future_Period,train_to_2016__test_from_2017,RandomForest,added_model_vs_strongest_benchmark,-0.006499999999999988,0.984
M2_Macro_Oil_vs_M3_Macro_Oil_RegQuality__normalized__Oil_Rent_Intensive_Pre2016_ge1pct,Regulatory_Quality_lag1,normalized,Oil_Rent_Intensive_Pre2016_ge1pct,Future_Period,train_to_2016__test_from_2017,RandomForest,added_model_vs_strongest_benchmark,-0.005999999999999988,0.983
M2_Macro_Oil_vs_M3_Macro_Oil_RegQuality__normalized__Oil_Rent_Intensive_Pre2016_ge1pct,Regulatory_Quality_lag1,normalized,Oil_Rent_Intensive_Pre2016_ge1pct,Future_Period,train_to_2016__test_from_2017,RandomForest,added_model_vs_strongest_benchmark,-0.0054999999999999875,0.983
M2_Macro_Oil_vs_M3_Macro_Oil_RegQuality__normalized__Oil_Rent_Intensive_Pre2016_ge1pct,Regulatory_Quality_lag1,normalized,Oil_Rent_Intensive_Pre2016_ge1pct,Future_Period,train_to_2016__test_from_2017,RandomForest,added_model_vs_strongest_benchmark,-0.004999999999999987,0.9825
M2_Macro_Oil_vs_M3_Macro_Oil_RegQuality__normalized__Oil_Rent_Intensive_Pre2016_ge1pct,Regulatory_Quality_lag1,normalized,Oil_Rent_Intensive_Pre2016_ge1pct,Future_Period,train_to_2016__test_from_2017,RandomForest,added_model_vs_strongest_benchmark,-0.004499999999999987,0.9825
M2_Macro_Oil_vs_M3_Macro_Oil_RegQuality__normalized__Oil_Rent_Intensive_Pre2016_ge1pct,Regulatory_Quality_lag1,normalized,Oil_Rent_Intensive_Pre2016_ge1pct,Future_Period,train_to_2016__test_from_2017,RandomForest,added_model_vs_strongest_benchmark,-0.003999999999999986,0.9815
M2_Macro_Oil_vs_M3_Macro_Oil_RegQuality__normalized__Oil_Rent_Intensive_Pre2016_ge1pct,Regulatory_Quality_lag1,normalized,Oil_Rent_Intensive_Pre2016_ge1pct,Future_Period,train_to_2016__test_from_2017,RandomForest,added_model_vs_strongest_benchmark,-0.0034999999999999858,0.981
M2_Macro_Oil_vs_M3_Macro_Oil_RegQuality__normalized__Oil_Rent_Intensive_Pre2016_ge1pct,Regulatory_Quality_lag1,normalized,Oil_Rent_Intensive_Pre2016_ge1pct,Future_Period,train_to_2016__test_from_2017,RandomForest,added_model_vs_strongest_benchmark,-0.0029999999999999853,0.98
M2_Macro_Oil_vs_M3_Macro_Oil_RegQuality__normalized__Oil_Rent_Intensive_Pre2016_ge1pct,Regulatory_Quality_lag1,normalized,Oil_Rent_Intensive_Pre2016_ge1pct,Future_Period,train_to_2016__test_from_2017,RandomForest,added_model_vs_strongest_benchmark,-0.002499999999999985,0.98
M2_Macro_Oil_vs_M3_Macro_Oil_RegQuality__normalized__Oil_Rent_Intensive_Pre2016_ge1pct,Regulatory_Quality_lag1,normalized,Oil_Rent_Intensive_Pre2016_ge1pct,Future_Period,train_to_2016__test_from_2017,RandomForest,added_model_vs_strongest_benchmark,-0.0019999999999999844,0.9795
M2_Macro_Oil_vs_M3_Macro_Oil_RegQuality__normalized__Oil_Rent_Intensive_Pre2016_ge1pct,Regulatory_Quality_lag1,normalized,Oil_Rent_Intensive_Pre2016_ge1pct,Future_Period,train_to_2016__test_from_2017,RandomForest,added_model_vs_strongest_benchmark,-0.001499999999999984,0.9795
M2_Macro_Oil_vs_M3_Macro_Oil_RegQuality__normalized__Oil_Rent_Intensive_Pre2016_ge1pct,Regulatory_Quality_lag1,normalized,Oil_Rent_Intensive_Pre2016_ge1pct,Future_Period,train_to_2016__test_from_2017,RandomForest,added_model_vs_strongest_benchmark,-0.0009999999999999835,0.9795
M2_Macro_Oil_vs_M3_Macro_Oil_RegQuality__normalized__Oil_Rent_Intensive_Pre2016_ge1pct,Regulatory_Quality_lag1,normalized,Oil_Rent_Intensive_Pre2016_ge1pct,Future_Period,train_to_2016__test_from_2017,RandomForest,added_model_vs_strongest_benchmark,-0.0004999999999999831,0.9795
M2_Macro_Oil_vs_M3_Macro_Oil_RegQuality__normalized__Oil_Rent_Intensive_Pre2016_ge1pct,Regulatory_Quality_lag1,normalized,Oil_Rent_Intensive_Pre2016_ge1pct,Future_Period,train_to_2016__test_from_2017,RandomForest,added_model_vs_strongest_benchmark,1.734723475976807e-17,0.9795
M2_Macro_Oil_vs_M3_Macro_Oil_RegQuality__normalized__Oil_Rent_Intensive_Pre2016_ge1pct,Regulatory_Quality_lag1,normalized,Oil_Rent_Intensive_Pre2016_ge1pct,Future_Period,train_to_2016__test_from_2017,RandomForest,added_model_vs_strongest_benchmark,0.0005000000000000178,0.9795
M2_Macro_Oil_vs_M3_Macro_Oil_RegQuality__normalized__Oil_Rent_Intensive_Pre2016_ge1pct,Regulatory_Quality_lag1,normalized,Oil_Rent_Intensive_Pre2016_ge1pct,Future_Period,train_to_2016__test_from_2017,RandomForest,added_model_vs_strongest_benchmark,0.0010000000000000182,0.9795
M2_Macro_Oil_vs_M3_Macro_Oil_RegQuality__normalized__Oil_Rent_Intensive_Pre2016_ge1pct,Regulatory_Quality_lag1,normalized,Oil_Rent_Intensive_Pre2016_ge1pct,Future_Period,train_to_2016__test_from_2017,RandomForest,added_model_vs_strongest_benchmark,0.0015000000000000187,0.9795
M2_Macro_Oil_vs_M3_Macro_Oil_RegQuality__normalized__Oil_Rent_Intensive_Pre2016_ge1pct,Regulatory_Quality_lag1,normalized,Oil_Rent_Intensive_Pre2016_ge1pct,Future_Period,train_to_2016__test_from_2017,RandomForest,added_model_vs_strongest_benchmark,0.002000000000000019,0.979
M2_Macro_Oil_vs_M3_Macro_Oil_RegQuality__normalized__Oil_Rent_Intensive_Pre2016_ge1pct,Regulatory_Quality_lag1,normalized,Oil_Rent_Intensive_Pre2016_ge1pct,Future_Period,train_to_2016__test_from_2017,RandomForest,added_model_vs_strongest_benchmark,0.0025000000000000196,0.979
M2_Macro_Oil_vs_M3_Macro_Oil_RegQuality__normalized__Oil_Rent_Intensive_Pre2016_ge1pct,Regulatory_Quality_lag1,normalized,Oil_Rent_Intensive_Pre2016_ge1pct,Future_Period,train_to_2016__test_from_2017,RandomForest,added_model_vs_strongest_benchmark,0.00300000000000002,0.979
M2_Macro_Oil_vs_M3_Macro_Oil_RegQuality__normalized__Oil_Rent_Intensive_Pre2016_ge1pct,Regulatory_Quality_lag1,normalized,Oil_Rent_Intensive_Pre2016_ge1pct,Future_Period,train_to_2016__test_from_2017,RandomForest,added_model_vs_strongest_benchmark,0.0035000000000000205,0.978
M2_Macro_Oil_vs_M3_Macro_Oil_RegQuality__normalized__Oil_Rent_Intensive_Pre2016_ge1pct,Regulatory_Quality_lag1,normalized,Oil_Rent_Intensive_Pre2016_ge1pct,Future_Period,train_to_2016__test_from_2017,RandomForest,added_model_vs_strongest_benchmark,0.004000000000000021,0.978
M2_Macro_Oil_vs_M3_Macro_Oil_RegQuality__normalized__Oil_Rent_Intensive_Pre2016_ge1pct,Regulatory_Quality_lag1,normalized,Oil_Rent_Intensive_Pre2016_ge1pct,Future_Period,train_to_2016__test_from_2017,RandomForest,added_model_vs_strongest_benchmark,0.004500000000000021,0.978
M2_Macro_Oil_vs_M3_Macro_Oil_RegQuality__normalized__Oil_Rent_Intensive_Pre2016_ge1pct,Regulatory_Quality_lag1,normalized,Oil_Rent_Intensive_Pre2016_ge1pct,Future_Period,train_to_2016__test_from_2017,RandomForest,added_model_vs_strongest_benchmark,0.005000000000000022,0.978
M2_Macro_Oil_vs_M3_Macro_Oil_RegQuality__normalized__Oil_Rent_Intensive_Pre2016_ge1pct,Regulatory_Quality_lag1,normalized,Oil_Rent_Intensive_Pre2016_ge1pct,Future_Period,train_to_2016__test_from_2017,RandomForest,added_model_vs_strongest_benchmark,0.005500000000000022,0.978
M2_Macro_Oil_vs_M3_Macro_Oil_RegQuality__normalized__Oil_Rent_Intensive_Pre2016_ge1pct,Regulatory_Quality_lag1,normalized,Oil_Rent_Intensive_Pre2016_ge1pct,Future_Period,train_to_2016__test_from_2017,RandomForest,added_model_vs_strongest_benchmark,0.006000000000000023,0.978
M2_Macro_Oil_vs_M3_Macro_Oil_RegQuality__normalized__Oil_Rent_Intensive_Pre2016_ge1pct,Regulatory_Quality_lag1,normalized,Oil_Rent_Intensive_Pre2016_ge1pct,Future_Period,train_to_2016__test_from_2017,RandomForest,added_model_vs_strongest_benchmark,0.006500000000000023,0.978
M2_Macro_Oil_vs_M3_Macro_Oil_RegQuality__normalized__Oil_Rent_Intensive_Pre2016_ge1pct,Regulatory_Quality_lag1,normalized,Oil_Rent_Intensive_Pre2016_ge1pct,Future_Period,train_to_2016__test_from_2017,RandomForest,added_model_vs_strongest_benchmark,0.0070000000000000236,0.978
M2_Macro_Oil_vs_M3_Macro_Oil_RegQuality__normalized__Oil_Rent_Intensive_Pre2016_ge1pct,Regulatory_Quality_lag1,normalized,Oil_Rent_Intensive_Pre2016_ge1pct,Future_Period,train_to_2016__test_from_2017,RandomForest,added_model_vs_strongest_benchmark,0.007500000000000024,0.978
M2_Macro_Oil_vs_M3_Macro_Oil_RegQuality__normalized__Oil_Rent_Intensive_Pre2016_ge1pct,Regulatory_Quality_lag1,normalized,Oil_Rent_Intensive_Pre2016_ge1pct,Future_Period,train_to_2016__test_from_2017,RandomForest,added_model_vs_strongest_benchmark,0.008000000000000024,0.978
M2_Macro_Oil_vs_M3_Macro_Oil_RegQuality__normalized__Oil_Rent_Intensive_Pre2016_ge1pct,Regulatory_Quality_lag1,normalized,Oil_Rent_Intensive_Pre2016_ge1pct,Future_Period,train_to_2016__test_from_2017,RandomForest,added_model_vs_strongest_benchmark,0.008500000000000025,0.9765
M2_Macro_Oil_vs_M3_Macro_Oil_RegQuality__normalized__Oil_Rent_Intensive_Pre2016_ge1pct,Regulatory_Quality_lag1,normalized,Oil_Rent_Intensive_Pre2016_ge1pct,Future_Period,train_to_2016__test_from_2017,RandomForest,added_model_vs_strongest_benchmark,0.009000000000000025,0.976
M2_Macro_Oil_vs_M3_Macro_Oil_RegQuality__normalized__Oil_Rent_Intensive_Pre2016_ge1pct,Regulatory_Quality_lag1,normalized,Oil_Rent_Intensive_Pre2016_ge1pct,Future_Period,train_to_2016__test_from_2017,RandomForest,added_model_vs_strongest_benchmark,0.009500000000000026,0.9745
M2_Macro_Oil_vs_M3_Macro_Oil_RegQuality__normalized__Oil_Rent_Intensive_Pre2016_ge1pct,Regulatory_Quality_lag1,normalized,Oil_Rent_Intensive_Pre2016_ge1pct,Future_Period,train_to_2016__test_from_2017,RandomForest,added_model_vs_strongest_benchmark,0.010000000000000026,0.974
M2_Macro_Oil_vs_M3_Macro_Oil_RegQuality__normalized__Oil_Rent_Intensive_Pre2016_ge1pct,Regulatory_Quality_lag1,normalized,Oil_Rent_Intensive_Pre2016_ge1pct,Future_Period,train_to_2016__test_from_2017,RandomForest,added_model_vs_strongest_benchmark,0.010500000000000027,0.974
M2_Macro_Oil_vs_M3_Macro_Oil_RegQuality__normalized__Oil_Rent_Intensive_Pre2016_ge1pct,Regulatory_Quality_lag1,normalized,Oil_Rent_Intensive_Pre2016_ge1pct,Future_Period,train_to_2016__test_from_2017,RandomForest,added_model_vs_strongest_benchmark,0.011000000000000027,0.9735
M2_Macro_Oil_vs_M3_Macro_Oil_RegQuality__normalized__Oil_Rent_Intensive_Pre2016_ge1pct,Regulatory_Quality_lag1,normalized,Oil_Rent_Intensive_Pre2016_ge1pct,Future_Period,train_to_2016__test_from_2017,RandomForest,added_model_vs_strongest_benchmark,0.011500000000000028,0.973
M2_Macro_Oil_vs_M3_Macro_Oil_RegQuality__normalized__Oil_Rent_Intensive_Pre2016_ge1pct,Regulatory_Quality_lag1,normalized,Oil_Rent_Intensive_Pre2016_ge1pct,Future_Period,train_to_2016__test_from_2017,RandomForest,added_model_vs_strongest_benchmark,0.012000000000000028,0.9725
M2_Macro_Oil_vs_M3_Macro_Oil_RegQuality__normalized__Oil_Rent_Intensive_Pre2016_ge1pct,Regulatory_Quality_lag1,normalized,Oil_Rent_Intensive_Pre2016_ge1pct,Future_Period,train_to_2016__test_from_2017,RandomForest,added_model_vs_strongest_benchmark,0.012500000000000028,0.9725
M2_Macro_Oil_vs_M3_Macro_Oil_RegQuality__normalized__Oil_Rent_Intensive_Pre2016_ge1pct,Regulatory_Quality_lag1,normalized,Oil_Rent_Intensive_Pre2016_ge1pct,Future_Period,train_to_2016__test_from_2017,RandomForest,added_model_vs_strongest_benchmark,0.013000000000000029,0.9725
M2_Macro_Oil_vs_M3_Macro_Oil_RegQuality__normalized__Oil_Rent_Intensive_Pre2016_ge1pct,Regulatory_Quality_lag1,normalized,Oil_Rent_Intensive_Pre2016_ge1pct,Future_Period,train_to_2016__test_from_2017,RandomForest,added_model_vs_strongest_benchmark,0.01350000000000003,0.9725
M2_Macro_Oil_vs_M3_Macro_Oil_RegQuality__normalized__Oil_Rent_Intensive_Pre2016_ge1pct,Regulatory_Quality_lag1,normalized,Oil_Rent_Intensive_Pre2016_ge1pct,Future_Period,train_to_2016__test_from_2017,RandomForest,added_model_vs_strongest_benchmark,0.01400000000000003,0.9725
M2_Macro_Oil_vs_M3_Macro_Oil_RegQuality__normalized__Oil_Rent_Intensive_Pre2016_ge1pct,Regulatory_Quality_lag1,normalized,Oil_Rent_Intensive_Pre2016_ge1pct,Future_Period,train_to_2016__test_from_2017,RandomForest,added_model_vs_strongest_benchmark,0.01450000000000003,0.972
M2_Macro_Oil_vs_M3_Macro_Oil_RegQuality__normalized__Oil_Rent_Intensive_Pre2016_ge1pct,Regulatory_Quality_lag1,normalized,Oil_Rent_Intensive_Pre2016_ge1pct,Future_Period,train_to_2016__test_from_2017,RandomForest,added_model_vs_strongest_benchmark,0.01500000000000003,0.9715
M2_Macro_Oil_vs_M3_Macro_Oil_RegQuality__normalized__Oil_Rent_Intensive_Pre2016_ge1pct,Regulatory_Quality_lag1,normalized,Oil_Rent_Intensive_Pre2016_ge1pct,Future_Period,train_to_2016__test_from_2017,RandomForest,added_model_vs_strongest_benchmark,0.015500000000000031,0.9715
M2_Macro_Oil_vs_M3_Macro_Oil_RegQuality__normalized__Oil_Rent_Intensive_Pre2016_ge1pct,Regulatory_Quality_lag1,normalized,Oil_Rent_Intensive_Pre2016_ge1pct,Future_Period,train_to_2016__test_from_2017,RandomForest,added_model_vs_strongest_benchmark,0.01600000000000003,0.9715
M2_Macro_Oil_vs_M3_Macro_Oil_RegQuality__normalized__Oil_Rent_Intensive_Pre2016_ge1pct,Regulatory_Quality_lag1,normalized,Oil_Rent_Intensive_Pre2016_ge1pct,Future_Period,train_to_2016__test_from_2017,RandomForest,added_model_vs_strongest_benchmark,0.016500000000000032,0.9715
M2_Macro_Oil_vs_M3_Macro_Oil_RegQuality__normalized__Oil_Rent_Intensive_Pre2016_ge1pct,Regulatory_Quality_lag1,normalized,Oil_Rent_Intensive_Pre2016_ge1pct,Future_Period,train_to_2016__test_from_2017,RandomForest,added_model_vs_strongest_benchmark,0.017000000000000032,0.9715
M2_Macro_Oil_vs_M3_Macro_Oil_RegQuality__normalized__Oil_Rent_Intensive_Pre2016_ge1pct,Regulatory_Quality_lag1,normalized,Oil_Rent_Intensive_Pre2016_ge1pct,Future_Period,train_to_2016__test_from_2017,RandomForest,added_model_vs_strongest_benchmark,0.017500000000000033,0.971
M2_Macro_Oil_vs_M3_Macro_Oil_RegQuality__normalized__Oil_Rent_Intensive_Pre2016_ge1pct,Regulatory_Quality_lag1,normalized,Oil_Rent_Intensive_Pre2016_ge1pct,Future_Period,train_to_2016__test_from_2017,RandomForest,added_model_vs_strongest_benchmark,0.018000000000000033,0.9705
M2_Macro_Oil_vs_M3_Macro_Oil_RegQuality__normalized__Oil_Rent_Intensive_Pre2016_ge1pct,Regulatory_Quality_lag1,normalized,Oil_Rent_Intensive_Pre2016_ge1pct,Future_Period,train_to_2016__test_from_2017,RandomForest,added_model_vs_strongest_benchmark,0.018500000000000034,0.9705
M2_Macro_Oil_vs_M3_Macro_Oil_RegQuality__normalized__Oil_Rent_Intensive_Pre2016_ge1pct,Regulatory_Quality_lag1,normalized,Oil_Rent_Intensive_Pre2016_ge1pct,Future_Period,train_to_2016__test_from_2017,RandomForest,added_model_vs_strongest_benchmark,0.019000000000000034,0.969
M2_Macro_Oil_vs_M3_Macro_Oil_RegQuality__normalized__Oil_Rent_Intensive_Pre2016_ge1pct,Regulatory_Quality_lag1,normalized,Oil_Rent_Intensive_Pre2016_ge1pct,Future_Period,train_to_2016__test_from_2017,RandomForest,added_model_vs_strongest_benchmark,0.019500000000000035,0.9685
M2_Macro_Oil_vs_M3_Macro_Oil_RegQuality__normalized__Oil_Rent_Intensive_Pre2016_ge1pct,Regulatory_Quality_lag1,normalized,Oil_Rent_Intensive_Pre2016_ge1pct,Future_Period,train_to_2016__test_from_2017,RandomForest,added_model_vs_strongest_benchmark,0.020000000000000035,0.9685
M2_Macro_Oil_vs_M3_Macro_Oil_RegQuality__normalized__Oil_Rent_Intensive_Pre2016_ge1pct,Regulatory_Quality_lag1,normalized,Oil_Rent_Intensive_Pre2016_ge1pct,Future_Period,train_to_2016__test_from_2017,RandomForest,added_model_vs_strongest_benchmark,0.020500000000000036,0.9685
M2_Macro_Oil_vs_M3_Macro_Oil_RegQuality__normalized__Oil_Rent_Intensive_Pre2016_ge1pct,Regulatory_Quality_lag1,normalized,Oil_Rent_Intensive_Pre2016_ge1pct,Future_Period,train_to_2016__test_from_2017,RandomForest,added_model_vs_strongest_benchmark,0.021000000000000036,0.9685
M2_Macro_Oil_vs_M3_Macro_Oil_RegQuality__normalized__Oil_Rent_Intensive_Pre2016_ge1pct,Regulatory_Quality_lag1,normalized,Oil_Rent_Intensive_Pre2016_ge1pct,Future_Period,train_to_2016__test_from_2017,RandomForest,added_model_vs_strongest_benchmark,0.021500000000000036,0.968
M2_Macro_Oil_vs_M3_Macro_Oil_RegQuality__normalized__Oil_Rent_Intensive_Pre2016_ge1pct,Regulatory_Quality_lag1,normalized,Oil_Rent_Intensive_Pre2016_ge1pct,Future_Period,train_to_2016__test_from_2017,RandomForest,added_model_vs_strongest_benchmark,0.022000000000000037,0.968
M2_Macro_Oil_vs_M3_Macro_Oil_RegQuality__normalized__Oil_Rent_Intensive_Pre2016_ge1pct,Regulatory_Quality_lag1,normalized,Oil_Rent_Intensive_Pre2016_ge1pct,Future_Period,train_to_2016__test_from_2017,RandomForest,added_model_vs_strongest_benchmark,0.022500000000000037,0.9675
M2_Macro_Oil_vs_M3_Macro_Oil_RegQuality__normalized__Oil_Rent_Intensive_Pre2016_ge1pct,Regulatory_Quality_lag1,normalized,Oil_Rent_Intensive_Pre2016_ge1pct,Future_Period,train_to_2016__test_from_2017,RandomForest,added_model_vs_strongest_benchmark,0.023000000000000038,0.9675
M2_Macro_Oil_vs_M3_Macro_Oil_RegQuality__normalized__Oil_Rent_Intensive_Pre2016_ge1pct,Regulatory_Quality_lag1,normalized,Oil_Rent_Intensive_Pre2016_ge1pct,Future_Period,train_to_2016__test_from_2017,RandomForest,added_model_vs_strongest_benchmark,0.023500000000000038,0.967
M2_Macro_Oil_vs_M3_Macro_Oil_RegQuality__normalized__Oil_Rent_Intensive_Pre2016_ge1pct,Regulatory_Quality_lag1,normalized,Oil_Rent_Intensive_Pre2016_ge1pct,Future_Period,train_to_2016__test_from_2017,RandomForest,added_model_vs_strongest_benchmark,0.02400000000000004,0.967
M2_Macro_Oil_vs_M3_Macro_Oil_RegQuality__normalized__Oil_Rent_Intensive_Pre2016_ge1pct,Regulatory_Quality_lag1,normalized,Oil_Rent_Intensive_Pre2016_ge1pct,Future_Period,train_to_2016__test_from_2017,RandomForest,added_model_vs_strongest_benchmark,0.02450000000000004,0.9665
M2_Macro_Oil_vs_M3_Macro_Oil_RegQuality__normalized__Oil_Rent_Intensive_Pre2016_ge1pct,Regulatory_Quality_lag1,normalized,Oil_Rent_Intensive_Pre2016_ge1pct,Future_Period,train_to_2016__test_from_2017,RandomForest,added_model_vs_strongest_benchmark,0.02500000000000004,0.966
M2_Macro_Oil_vs_M3_Macro_Oil_RegQuality__normalized__Oil_Rent_Intensive_Pre2016_ge1pct,Regulatory_Quality_lag1,normalized,Oil_Rent_Intensive_Pre2016_ge1pct,Future_Period,train_to_2016__test_from_2017,RandomForest,added_model_vs_strongest_benchmark,0.02550000000000004,0.9655
M2_Macro_Oil_vs_M3_Macro_Oil_RegQuality__normalized__Oil_Rent_Intensive_Pre2016_ge1pct,Regulatory_Quality_lag1,normalized,Oil_Rent_Intensive_Pre2016_ge1pct,Future_Period,train_to_2016__test_from_2017,RandomForest,added_model_vs_strongest_benchmark,0.02600000000000004,0.965
M2_Macro_Oil_vs_M3_Macro_Oil_RegQuality__normalized__Oil_Rent_Intensive_Pre2016_ge1pct,Regulatory_Quality_lag1,normalized,Oil_Rent_Intensive_Pre2016_ge1pct,Future_Period,train_to_2016__test_from_2017,RandomForest,added_model_vs_strongest_benchmark,0.02650000000000004,0.9645
M2_Macro_Oil_vs_M3_Macro_Oil_RegQuality__normalized__Oil_Rent_Intensive_Pre2016_ge1pct,Regulatory_Quality_lag1,normalized,Oil_Rent_Intensive_Pre2016_ge1pct,Future_Period,train_to_2016__test_from_2017,RandomForest,added_model_vs_strongest_benchmark,0.02700000000000004,0.9635
M2_Macro_Oil_vs_M3_Macro_Oil_RegQuality__normalized__Oil_Rent_Intensive_Pre2016_ge1pct,Regulatory_Quality_lag1,normalized,Oil_Rent_Intensive_Pre2016_ge1pct,Future_Period,train_to_2016__test_from_2017,RandomForest,added_model_vs_strongest_benchmark,0.027500000000000042,0.9635
M2_Macro_Oil_vs_M3_Macro_Oil_RegQuality__normalized__Oil_Rent_Intensive_Pre2016_ge1pct,Regulatory_Quality_lag1,normalized,Oil_Rent_Intensive_Pre2016_ge1pct,Future_Period,train_to_2016__test_from_2017,RandomForest,added_model_vs_strongest_benchmark,0.028000000000000042,0.9635
M2_Macro_Oil_vs_M3_Macro_Oil_RegQuality__normalized__Oil_Rent_Intensive_Pre2016_ge1pct,Regulatory_Quality_lag1,normalized,Oil_Rent_Intensive_Pre2016_ge1pct,Future_Period,train_to_2016__test_from_2017,RandomForest,added_model_vs_strongest_benchmark,0.028500000000000043,0.9635
M2_Macro_Oil_vs_M3_Macro_Oil_RegQuality__normalized__Oil_Rent_Intensive_Pre2016_ge1pct,Regulatory_Quality_lag1,normalized,Oil_Rent_Intensive_Pre2016_ge1pct,Future_Period,train_to_2016__test_from_2017,RandomForest,added_model_vs_strongest_benchmark,0.029000000000000043,0.963
M2_Macro_Oil_vs_M3_Macro_Oil_RegQuality__normalized__Oil_Rent_Intensive_Pre2016_ge1pct,Regulatory_Quality_lag1,normalized,Oil_Rent_Intensive_Pre2016_ge1pct,Future_Period,train_to_2016__test_from_2017,RandomForest,added_model_vs_strongest_benchmark,0.029500000000000044,0.9625
M2_Macro_Oil_vs_M3_Macro_Oil_RegQuality__normalized__Oil_Rent_Intensive_Pre2016_ge1pct,Regulatory_Quality_lag1,normalized,Oil_Rent_Intensive_Pre2016_ge1pct,Future_Period,train_to_2016__test_from_2017,RandomForest,added_model_vs_strongest_benchmark,0.030000000000000044,0.9625
M2_Macro_Oil_vs_M3_Macro_Oil_RegQuality__normalized__Oil_Rent_Intensive_Pre2016_ge1pct,Regulatory_Quality_lag1,normalized,Oil_Rent_Intensive_Pre2016_ge1pct,Future_Period,train_to_2018__test_from_2019,Ridge,signal_increment,-0.02,1.0
M2_Macro_Oil_vs_M3_Macro_Oil_RegQuality__normalized__Oil_Rent_Intensive_Pre2016_ge1pct,Regulatory_Quality_lag1,normalized,Oil_Rent_Intensive_Pre2016_ge1pct,Future_Period,train_to_2018__test_from_2019,Ridge,signal_increment,-0.0195,1.0
M2_Macro_Oil_vs_M3_Macro_Oil_RegQuality__normalized__Oil_Rent_Intensive_Pre2016_ge1pct,Regulatory_Quality_lag1,normalized,Oil_Rent_Intensive_Pre2016_ge1pct,Future_Period,train_to_2018__test_from_2019,Ridge,signal_increment,-0.019,1.0
M2_Macro_Oil_vs_M3_Macro_Oil_RegQuality__normalized__Oil_Rent_Intensive_Pre2016_ge1pct,Regulatory_Quality_lag1,normalized,Oil_Rent_Intensive_Pre2016_ge1pct,Future_Period,train_to_2018__test_from_2019,Ridge,signal_increment,-0.0185,1.0
M2_Macro_Oil_vs_M3_Macro_Oil_RegQuality__normalized__Oil_Rent_Intensive_Pre2016_ge1pct,Regulatory_Quality_lag1,normalized,Oil_Rent_Intensive_Pre2016_ge1pct,Future_Period,train_to_2018__test_from_2019,Ridge,signal_increment,-0.018,1.0
M2_Macro_Oil_vs_M3_Macro_Oil_RegQuality__normalized__Oil_Rent_Intensive_Pre2016_ge1pct,Regulatory_Quality_lag1,normalized,Oil_Rent_Intensive_Pre2016_ge1pct,Future_Period,train_to_2018__test_from_2019,Ridge,signal_increment,-0.017499999999999998,1.0
M2_Macro_Oil_vs_M3_Macro_Oil_RegQuality__normalized__Oil_Rent_Intensive_Pre2016_ge1pct,Regulatory_Quality_lag1,normalized,Oil_Rent_Intensive_Pre2016_ge1pct,Future_Period,train_to_2018__test_from_2019,Ridge,signal_increment,-0.016999999999999998,1.0
M2_Macro_Oil_vs_M3_Macro_Oil_RegQuality__normalized__Oil_Rent_Intensive_Pre2016_ge1pct,Regulatory_Quality_lag1,normalized,Oil_Rent_Intensive_Pre2016_ge1pct,Future_Period,train_to_2018__test_from_2019,Ridge,signal_increment,-0.016499999999999997,1.0
M2_Macro_Oil_vs_M3_Macro_Oil_RegQuality__normalized__Oil_Rent_Intensive_Pre2016_ge1pct,Regulatory_Quality_lag1,normalized,Oil_Rent_Intensive_Pre2016_ge1pct,Future_Period,train_to_2018__test_from_2019,Ridge,signal_increment,-0.015999999999999997,1.0
M2_Macro_Oil_vs_M3_Macro_Oil_RegQuality__normalized__Oil_Rent_Intensive_Pre2016_ge1pct,Regulatory_Quality_lag1,normalized,Oil_Rent_Intensive_Pre2016_ge1pct,Future_Period,train_to_2018__test_from_2019,Ridge,signal_increment,-0.015499999999999996,1.0
M2_Macro_Oil_vs_M3_Macro_Oil_RegQuality__normalized__Oil_Rent_Intensive_Pre2016_ge1pct,Regulatory_Quality_lag1,normalized,Oil_Rent_Intensive_Pre2016_ge1pct,Future_Period,train_to_2018__test_from_2019,Ridge,signal_increment,-0.014999999999999996,1.0
M2_Macro_Oil_vs_M3_Macro_Oil_RegQuality__normalized__Oil_Rent_Intensive_Pre2016_ge1pct,Regulatory_Quality_lag1,normalized,Oil_Rent_Intensive_Pre2016_ge1pct,Future_Period,train_to_2018__test_from_2019,Ridge,signal_increment,-0.014499999999999996,1.0
M2_Macro_Oil_vs_M3_Macro_Oil_RegQuality__normalized__Oil_Rent_Intensive_Pre2016_ge1pct,Regulatory_Quality_lag1,normalized,Oil_Rent_Intensive_Pre2016_ge1pct,Future_Period,train_to_2018__test_from_2019,Ridge,signal_increment,-0.013999999999999995,1.0
M2_Macro_Oil_vs_M3_Macro_Oil_RegQuality__normalized__Oil_Rent_Intensive_Pre2016_ge1pct,Regulatory_Quality_lag1,normalized,Oil_Rent_Intensive_Pre2016_ge1pct,Future_Period,train_to_2018__test_from_2019,Ridge,signal_increment,-0.013499999999999995,1.0
M2_Macro_Oil_vs_M3_Macro_Oil_RegQuality__normalized__Oil_Rent_Intensive_Pre2016_ge1pct,Regulatory_Quality_lag1,normalized,Oil_Rent_Intensive_Pre2016_ge1pct,Future_Period,train_to_2018__test_from_2019,Ridge,signal_increment,-0.012999999999999994,1.0
M2_Macro_Oil_vs_M3_Macro_Oil_RegQuality__normalized__Oil_Rent_Intensive_Pre2016_ge1pct,Regulatory_Quality_lag1,normalized,Oil_Rent_Intensive_Pre2016_ge1pct,Future_Period,train_to_2018__test_from_2019,Ridge,signal_increment,-0.012499999999999994,1.0
M2_Macro_Oil_vs_M3_Macro_Oil_RegQuality__normalized__Oil_Rent_Intensive_Pre2016_ge1pct,Regulatory_Quality_lag1,normalized,Oil_Rent_Intensive_Pre2016_ge1pct,Future_Period,train_to_2018__test_from_2019,Ridge,signal_increment,-0.011999999999999993,0.999
M2_Macro_Oil_vs_M3_Macro_Oil_RegQuality__normalized__Oil_Rent_Intensive_Pre2016_ge1pct,Regulatory_Quality_lag1,normalized,Oil_Rent_Intensive_Pre2016_ge1pct,Future_Period,train_to_2018__test_from_2019,Ridge,signal_increment,-0.011499999999999993,0.999
M2_Macro_Oil_vs_M3_Macro_Oil_RegQuality__normalized__Oil_Rent_Intensive_Pre2016_ge1pct,Regulatory_Quality_lag1,normalized,Oil_Rent_Intensive_Pre2016_ge1pct,Future_Period,train_to_2018__test_from_2019,Ridge,signal_increment,-0.010999999999999992,0.999
M2_Macro_Oil_vs_M3_Macro_Oil_RegQuality__normalized__Oil_Rent_Intensive_Pre2016_ge1pct,Regulatory_Quality_lag1,normalized,Oil_Rent_Intensive_Pre2016_ge1pct,Future_Period,train_to_2018__test_from_2019,Ridge,signal_increment,-0.010499999999999992,0.999
M2_Macro_Oil_vs_M3_Macro_Oil_RegQuality__normalized__Oil_Rent_Intensive_Pre2016_ge1pct,Regulatory_Quality_lag1,normalized,Oil_Rent_Intensive_Pre2016_ge1pct,Future_Period,train_to_2018__test_from_2019,Ridge,signal_increment,-0.009999999999999992,0.999
M2_Macro_Oil_vs_M3_Macro_Oil_RegQuality__normalized__Oil_Rent_Intensive_Pre2016_ge1pct,Regulatory_Quality_lag1,normalized,Oil_Rent_Intensive_Pre2016_ge1pct,Future_Period,train_to_2018__test_from_2019,Ridge,signal_increment,-0.009499999999999991,0.999
M2_Macro_Oil_vs_M3_Macro_Oil_RegQuality__normalized__Oil_Rent_Intensive_Pre2016_ge1pct,Regulatory_Quality_lag1,normalized,Oil_Rent_Intensive_Pre2016_ge1pct,Future_Period,train_to_2018__test_from_2019,Ridge,signal_increment,-0.00899999999999999,0.999
M2_Macro_Oil_vs_M3_Macro_Oil_RegQuality__normalized__Oil_Rent_Intensive_Pre2016_ge1pct,Regulatory_Quality_lag1,normalized,Oil_Rent_Intensive_Pre2016_ge1pct,Future_Period,train_to_2018__test_from_2019,Ridge,signal_increment,-0.00849999999999999,0.999
M2_Macro_Oil_vs_M3_Macro_Oil_RegQuality__normalized__Oil_Rent_Intensive_Pre2016_ge1pct,Regulatory_Quality_lag1,normalized,Oil_Rent_Intensive_Pre2016_ge1pct,Future_Period,train_to_2018__test_from_2019,Ridge,signal_increment,-0.00799999999999999,0.9985
M2_Macro_Oil_vs_M3_Macro_Oil_RegQuality__normalized__Oil_Rent_Intensive_Pre2016_ge1pct,Regulatory_Quality_lag1,normalized,Oil_Rent_Intensive_Pre2016_ge1pct,Future_Period,train_to_2018__test_from_2019,Ridge,signal_increment,-0.007499999999999989,0.998
M2_Macro_Oil_vs_M3_Macro_Oil_RegQuality__normalized__Oil_Rent_Intensive_Pre2016_ge1pct,Regulatory_Quality_lag1,normalized,Oil_Rent_Intensive_Pre2016_ge1pct,Future_Period,train_to_2018__test_from_2019,Ridge,signal_increment,-0.006999999999999989,0.9955
M2_Macro_Oil_vs_M3_Macro_Oil_RegQuality__normalized__Oil_Rent_Intensive_Pre2016_ge1pct,Regulatory_Quality_lag1,normalized,Oil_Rent_Intensive_Pre2016_ge1pct,Future_Period,train_to_2018__test_from_2019,Ridge,signal_increment,-0.006499999999999988,0.994
M2_Macro_Oil_vs_M3_Macro_Oil_RegQuality__normalized__Oil_Rent_Intensive_Pre2016_ge1pct,Regulatory_Quality_lag1,normalized,Oil_Rent_Intensive_Pre2016_ge1pct,Future_Period,train_to_2018__test_from_2019,Ridge,signal_increment,-0.005999999999999988,0.9905
M2_Macro_Oil_vs_M3_Macro_Oil_RegQuality__normalized__Oil_Rent_Intensive_Pre2016_ge1pct,Regulatory_Quality_lag1,normalized,Oil_Rent_Intensive_Pre2016_ge1pct,Future_Period,train_to_2018__test_from_2019,Ridge,signal_increment,-0.0054999999999999875,0.989
M2_Macro_Oil_vs_M3_Macro_Oil_RegQuality__normalized__Oil_Rent_Intensive_Pre2016_ge1pct,Regulatory_Quality_lag1,normalized,Oil_Rent_Intensive_Pre2016_ge1pct,Future_Period,train_to_2018__test_from_2019,Ridge,signal_increment,-0.004999999999999987,0.9855
M2_Macro_Oil_vs_M3_Macro_Oil_RegQuality__normalized__Oil_Rent_Intensive_Pre2016_ge1pct,Regulatory_Quality_lag1,normalized,Oil_Rent_Intensive_Pre2016_ge1pct,Future_Period,train_to_2018__test_from_2019,Ridge,signal_increment,-0.004499999999999987,0.982
M2_Macro_Oil_vs_M3_Macro_Oil_RegQuality__normalized__Oil_Rent_Intensive_Pre2016_ge1pct,Regulatory_Quality_lag1,normalized,Oil_Rent_Intensive_Pre2016_ge1pct,Future_Period,train_to_2018__test_from_2019,Ridge,signal_increment,-0.003999999999999986,0.9735
M2_Macro_Oil_vs_M3_Macro_Oil_RegQuality__normalized__Oil_Rent_Intensive_Pre2016_ge1pct,Regulatory_Quality_lag1,normalized,Oil_Rent_Intensive_Pre2016_ge1pct,Future_Period,train_to_2018__test_from_2019,Ridge,signal_increment,-0.0034999999999999858,0.959
M2_Macro_Oil_vs_M3_Macro_Oil_RegQuality__normalized__Oil_Rent_Intensive_Pre2016_ge1pct,Regulatory_Quality_lag1,normalized,Oil_Rent_Intensive_Pre2016_ge1pct,Future_Period,train_to_2018__test_from_2019,Ridge,signal_increment,-0.0029999999999999853,0.943
M2_Macro_Oil_vs_M3_Macro_Oil_RegQuality__normalized__Oil_Rent_Intensive_Pre2016_ge1pct,Regulatory_Quality_lag1,normalized,Oil_Rent_Intensive_Pre2016_ge1pct,Future_Period,train_to_2018__test_from_2019,Ridge,signal_increment,-0.002499999999999985,0.9235
M2_Macro_Oil_vs_M3_Macro_Oil_RegQuality__normalized__Oil_Rent_Intensive_Pre2016_ge1pct,Regulatory_Quality_lag1,normalized,Oil_Rent_Intensive_Pre2016_ge1pct,Future_Period,train_to_2018__test_from_2019,Ridge,signal_increment,-0.0019999999999999844,0.8965
M2_Macro_Oil_vs_M3_Macro_Oil_RegQuality__normalized__Oil_Rent_Intensive_Pre2016_ge1pct,Regulatory_Quality_lag1,normalized,Oil_Rent_Intensive_Pre2016_ge1pct,Future_Period,train_to_2018__test_from_2019,Ridge,signal_increment,-0.001499999999999984,0.861
M2_Macro_Oil_vs_M3_Macro_Oil_RegQuality__normalized__Oil_Rent_Intensive_Pre2016_ge1pct,Regulatory_Quality_lag1,normalized,Oil_Rent_Intensive_Pre2016_ge1pct,Future_Period,train_to_2018__test_from_2019,Ridge,signal_increment,-0.0009999999999999835,0.8125
M2_Macro_Oil_vs_M3_Macro_Oil_RegQuality__normalized__Oil_Rent_Intensive_Pre2016_ge1pct,Regulatory_Quality_lag1,normalized,Oil_Rent_Intensive_Pre2016_ge1pct,Future_Period,train_to_2018__test_from_2019,Ridge,signal_increment,-0.0004999999999999831,0.7555
M2_Macro_Oil_vs_M3_Macro_Oil_RegQuality__normalized__Oil_Rent_Intensive_Pre2016_ge1pct,Regulatory_Quality_lag1,normalized,Oil_Rent_Intensive_Pre2016_ge1pct,Future_Period,train_to_2018__test_from_2019,Ridge,signal_increment,1.734723475976807e-17,0.692
M2_Macro_Oil_vs_M3_Macro_Oil_RegQuality__normalized__Oil_Rent_Intensive_Pre2016_ge1pct,Regulatory_Quality_lag1,normalized,Oil_Rent_Intensive_Pre2016_ge1pct,Future_Period,train_to_2018__test_from_2019,Ridge,signal_increment,0.0005000000000000178,0.62
M2_Macro_Oil_vs_M3_Macro_Oil_RegQuality__normalized__Oil_Rent_Intensive_Pre2016_ge1pct,Regulatory_Quality_lag1,normalized,Oil_Rent_Intensive_Pre2016_ge1pct,Future_Period,train_to_2018__test_from_2019,Ridge,signal_increment,0.0010000000000000182,0.55
M2_Macro_Oil_vs_M3_Macro_Oil_RegQuality__normalized__Oil_Rent_Intensive_Pre2016_ge1pct,Regulatory_Quality_lag1,normalized,Oil_Rent_Intensive_Pre2016_ge1pct,Future_Period,train_to_2018__test_from_2019,Ridge,signal_increment,0.0015000000000000187,0.4695
M2_Macro_Oil_vs_M3_Macro_Oil_RegQuality__normalized__Oil_Rent_Intensive_Pre2016_ge1pct,Regulatory_Quality_lag1,normalized,Oil_Rent_Intensive_Pre2016_ge1pct,Future_Period,train_to_2018__test_from_2019,Ridge,signal_increment,0.002000000000000019,0.3875
M2_Macro_Oil_vs_M3_Macro_Oil_RegQuality__normalized__Oil_Rent_Intensive_Pre2016_ge1pct,Regulatory_Quality_lag1,normalized,Oil_Rent_Intensive_Pre2016_ge1pct,Future_Period,train_to_2018__test_from_2019,Ridge,signal_increment,0.0025000000000000196,0.317
M2_Macro_Oil_vs_M3_Macro_Oil_RegQuality__normalized__Oil_Rent_Intensive_Pre2016_ge1pct,Regulatory_Quality_lag1,normalized,Oil_Rent_Intensive_Pre2016_ge1pct,Future_Period,train_to_2018__test_from_2019,Ridge,signal_increment,0.00300000000000002,0.2505
M2_Macro_Oil_vs_M3_Macro_Oil_RegQuality__normalized__Oil_Rent_Intensive_Pre2016_ge1pct,Regulatory_Quality_lag1,normalized,Oil_Rent_Intensive_Pre2016_ge1pct,Future_Period,train_to_2018__test_from_2019,Ridge,signal_increment,0.0035000000000000205,0.1955
M2_Macro_Oil_vs_M3_Macro_Oil_RegQuality__normalized__Oil_Rent_Intensive_Pre2016_ge1pct,Regulatory_Quality_lag1,normalized,Oil_Rent_Intensive_Pre2016_ge1pct,Future_Period,train_to_2018__test_from_2019,Ridge,signal_increment,0.004000000000000021,0.1475
M2_Macro_Oil_vs_M3_Macro_Oil_RegQuality__normalized__Oil_Rent_Intensive_Pre2016_ge1pct,Regulatory_Quality_lag1,normalized,Oil_Rent_Intensive_Pre2016_ge1pct,Future_Period,train_to_2018__test_from_2019,Ridge,signal_increment,0.004500000000000021,0.1045
M2_Macro_Oil_vs_M3_Macro_Oil_RegQuality__normalized__Oil_Rent_Intensive_Pre2016_ge1pct,Regulatory_Quality_lag1,normalized,Oil_Rent_Intensive_Pre2016_ge1pct,Future_Period,train_to_2018__test_from_2019,Ridge,signal_increment,0.005000000000000022,0.0775
M2_Macro_Oil_vs_M3_Macro_Oil_RegQuality__normalized__Oil_Rent_Intensive_Pre2016_ge1pct,Regulatory_Quality_lag1,normalized,Oil_Rent_Intensive_Pre2016_ge1pct,Future_Period,train_to_2018__test_from_2019,Ridge,signal_increment,0.005500000000000022,0.055
M2_Macro_Oil_vs_M3_Macro_Oil_RegQuality__normalized__Oil_Rent_Intensive_Pre2016_ge1pct,Regulatory_Quality_lag1,normalized,Oil_Rent_Intensive_Pre2016_ge1pct,Future_Period,train_to_2018__test_from_2019,Ridge,signal_increment,0.006000000000000023,0.0375
M2_Macro_Oil_vs_M3_Macro_Oil_RegQuality__normalized__Oil_Rent_Intensive_Pre2016_ge1pct,Regulatory_Quality_lag1,normalized,Oil_Rent_Intensive_Pre2016_ge1pct,Future_Period,train_to_2018__test_from_2019,Ridge,signal_increment,0.006500000000000023,0.0255
M2_Macro_Oil_vs_M3_Macro_Oil_RegQuality__normalized__Oil_Rent_Intensive_Pre2016_ge1pct,Regulatory_Quality_lag1,normalized,Oil_Rent_Intensive_Pre2016_ge1pct,Future_Period,train_to_2018__test_from_2019,Ridge,signal_increment,0.0070000000000000236,0.019
M2_Macro_Oil_vs_M3_Macro_Oil_RegQuality__normalized__Oil_Rent_Intensive_Pre2016_ge1pct,Regulatory_Quality_lag1,normalized,Oil_Rent_Intensive_Pre2016_ge1pct,Future_Period,train_to_2018__test_from_2019,Ridge,signal_increment,0.007500000000000024,0.012
M2_Macro_Oil_vs_M3_Macro_Oil_RegQuality__normalized__Oil_Rent_Intensive_Pre2016_ge1pct,Regulatory_Quality_lag1,normalized,Oil_Rent_Intensive_Pre2016_ge1pct,Future_Period,train_to_2018__test_from_2019,Ridge,signal_increment,0.008000000000000024,0.009
M2_Macro_Oil_vs_M3_Macro_Oil_RegQuality__normalized__Oil_Rent_Intensive_Pre2016_ge1pct,Regulatory_Quality_lag1,normalized,Oil_Rent_Intensive_Pre2016_ge1pct,Future_Period,train_to_2018__test_from_2019,Ridge,signal_increment,0.008500000000000025,0.005
M2_Macro_Oil_vs_M3_Macro_Oil_RegQuality__normalized__Oil_Rent_Intensive_Pre2016_ge1pct,Regulatory_Quality_lag1,normalized,Oil_Rent_Intensive_Pre2016_ge1pct,Future_Period,train_to_2018__test_from_2019,Ridge,signal_increment,0.009000000000000025,0.002
M2_Macro_Oil_vs_M3_Macro_Oil_RegQuality__normalized__Oil_Rent_Intensive_Pre2016_ge1pct,Regulatory_Quality_lag1,normalized,Oil_Rent_Intensive_Pre2016_ge1pct,Future_Period,train_to_2018__test_from_2019,Ridge,signal_increment,0.009500000000000026,0.0015
M2_Macro_Oil_vs_M3_Macro_Oil_RegQuality__normalized__Oil_Rent_Intensive_Pre2016_ge1pct,Regulatory_Quality_lag1,normalized,Oil_Rent_Intensive_Pre2016_ge1pct,Future_Period,train_to_2018__test_from_2019,Ridge,signal_increment,0.010000000000000026,0.0005
M2_Macro_Oil_vs_M3_Macro_Oil_RegQuality__normalized__Oil_Rent_Intensive_Pre2016_ge1pct,Regulatory_Quality_lag1,normalized,Oil_Rent_Intensive_Pre2016_ge1pct,Future_Period,train_to_2018__test_from_2019,Ridge,signal_increment,0.010500000000000027,0.0
M2_Macro_Oil_vs_M3_Macro_Oil_RegQuality__normalized__Oil_Rent_Intensive_Pre2016_ge1pct,Regulatory_Quality_lag1,normalized,Oil_Rent_Intensive_Pre2016_ge1pct,Future_Period,train_to_2018__test_from_2019,Ridge,signal_increment,0.011000000000000027,0.0
M2_Macro_Oil_vs_M3_Macro_Oil_RegQuality__normalized__Oil_Rent_Intensive_Pre2016_ge1pct,Regulatory_Quality_lag1,normalized,Oil_Rent_Intensive_Pre2016_ge1pct,Future_Period,train_to_2018__test_from_2019,Ridge,signal_increment,0.011500000000000028,0.0
M2_Macro_Oil_vs_M3_Macro_Oil_RegQuality__normalized__Oil_Rent_Intensive_Pre2016_ge1pct,Regulatory_Quality_lag1,normalized,Oil_Rent_Intensive_Pre2016_ge1pct,Future_Period,train_to_2018__test_from_2019,Ridge,signal_increment,0.012000000000000028,0.0
M2_Macro_Oil_vs_M3_Macro_Oil_RegQuality__normalized__Oil_Rent_Intensive_Pre2016_ge1pct,Regulatory_Quality_lag1,normalized,Oil_Rent_Intensive_Pre2016_ge1pct,Future_Period,train_to_2018__test_from_2019,Ridge,signal_increment,0.012500000000000028,0.0
M2_Macro_Oil_vs_M3_Macro_Oil_RegQuality__normalized__Oil_Rent_Intensive_Pre2016_ge1pct,Regulatory_Quality_lag1,normalized,Oil_Rent_Intensive_Pre2016_ge1pct,Future_Period,train_to_2018__test_from_2019,Ridge,signal_increment,0.013000000000000029,0.0
M2_Macro_Oil_vs_M3_Macro_Oil_RegQuality__normalized__Oil_Rent_Intensive_Pre2016_ge1pct,Regulatory_Quality_lag1,normalized,Oil_Rent_Intensive_Pre2016_ge1pct,Future_Period,train_to_2018__test_from_2019,Ridge,signal_increment,0.01350000000000003,0.0
M2_Macro_Oil_vs_M3_Macro_Oil_RegQuality__normalized__Oil_Rent_Intensive_Pre2016_ge1pct,Regulatory_Quality_lag1,normalized,Oil_Rent_Intensive_Pre2016_ge1pct,Future_Period,train_to_2018__test_from_2019,Ridge,signal_increment,0.01400000000000003,0.0
M2_Macro_Oil_vs_M3_Macro_Oil_RegQuality__normalized__Oil_Rent_Intensive_Pre2016_ge1pct,Regulatory_Quality_lag1,normalized,Oil_Rent_Intensive_Pre2016_ge1pct,Future_Period,train_to_2018__test_from_2019,Ridge,signal_increment,0.01450000000000003,0.0
M2_Macro_Oil_vs_M3_Macro_Oil_RegQuality__normalized__Oil_Rent_Intensive_Pre2016_ge1pct,Regulatory_Quality_lag1,normalized,Oil_Rent_Intensive_Pre2016_ge1pct,Future_Period,train_to_2018__test_from_2019,Ridge,signal_increment,0.01500000000000003,0.0
M2_Macro_Oil_vs_M3_Macro_Oil_RegQuality__normalized__Oil_Rent_Intensive_Pre2016_ge1pct,Regulatory_Quality_lag1,normalized,Oil_Rent_Intensive_Pre2016_ge1pct,Future_Period,train_to_2018__test_from_2019,Ridge,signal_increment,0.015500000000000031,0.0
M2_Macro_Oil_vs_M3_Macro_Oil_RegQuality__normalized__Oil_Rent_Intensive_Pre2016_ge1pct,Regulatory_Quality_lag1,normalized,Oil_Rent_Intensive_Pre2016_ge1pct,Future_Period,train_to_2018__test_from_2019,Ridge,signal_increment,0.01600000000000003,0.0
M2_Macro_Oil_vs_M3_Macro_Oil_RegQuality__normalized__Oil_Rent_Intensive_Pre2016_ge1pct,Regulatory_Quality_lag1,normalized,Oil_Rent_Intensive_Pre2016_ge1pct,Future_Period,train_to_2018__test_from_2019,Ridge,signal_increment,0.016500000000000032,0.0
M2_Macro_Oil_vs_M3_Macro_Oil_RegQuality__normalized__Oil_Rent_Intensive_Pre2016_ge1pct,Regulatory_Quality_lag1,normalized,Oil_Rent_Intensive_Pre2016_ge1pct,Future_Period,train_to_2018__test_from_2019,Ridge,signal_increment,0.017000000000000032,0.0
M2_Macro_Oil_vs_M3_Macro_Oil_RegQuality__normalized__Oil_Rent_Intensive_Pre2016_ge1pct,Regulatory_Quality_lag1,normalized,Oil_Rent_Intensive_Pre2016_ge1pct,Future_Period,train_to_2018__test_from_2019,Ridge,signal_increment,0.017500000000000033,0.0
M2_Macro_Oil_vs_M3_Macro_Oil_RegQuality__normalized__Oil_Rent_Intensive_Pre2016_ge1pct,Regulatory_Quality_lag1,normalized,Oil_Rent_Intensive_Pre2016_ge1pct,Future_Period,train_to_2018__test_from_2019,Ridge,signal_increment,0.018000000000000033,0.0
M2_Macro_Oil_vs_M3_Macro_Oil_RegQuality__normalized__Oil_Rent_Intensive_Pre2016_ge1pct,Regulatory_Quality_lag1,normalized,Oil_Rent_Intensive_Pre2016_ge1pct,Future_Period,train_to_2018__test_from_2019,Ridge,signal_increment,0.018500000000000034,0.0
M2_Macro_Oil_vs_M3_Macro_Oil_RegQuality__normalized__Oil_Rent_Intensive_Pre2016_ge1pct,Regulatory_Quality_lag1,normalized,Oil_Rent_Intensive_Pre2016_ge1pct,Future_Period,train_to_2018__test_from_2019,Ridge,signal_increment,0.019000000000000034,0.0
M2_Macro_Oil_vs_M3_Macro_Oil_RegQuality__normalized__Oil_Rent_Intensive_Pre2016_ge1pct,Regulatory_Quality_lag1,normalized,Oil_Rent_Intensive_Pre2016_ge1pct,Future_Period,train_to_2018__test_from_2019,Ridge,signal_increment,0.019500000000000035,0.0
M2_Macro_Oil_vs_M3_Macro_Oil_RegQuality__normalized__Oil_Rent_Intensive_Pre2016_ge1pct,Regulatory_Quality_lag1,normalized,Oil_Rent_Intensive_Pre2016_ge1pct,Future_Period,train_to_2018__test_from_2019,Ridge,signal_increment,0.020000000000000035,0.0
M2_Macro_Oil_vs_M3_Macro_Oil_RegQuality__normalized__Oil_Rent_Intensive_Pre2016_ge1pct,Regulatory_Quality_lag1,normalized,Oil_Rent_Intensive_Pre2016_ge1pct,Future_Period,train_to_2018__test_from_2019,Ridge,signal_increment,0.020500000000000036,0.0
M2_Macro_Oil_vs_M3_Macro_Oil_RegQuality__normalized__Oil_Rent_Intensive_Pre2016_ge1pct,Regulatory_Quality_lag1,normalized,Oil_Rent_Intensive_Pre2016_ge1pct,Future_Period,train_to_2018__test_from_2019,Ridge,signal_increment,0.021000000000000036,0.0
M2_Macro_Oil_vs_M3_Macro_Oil_RegQuality__normalized__Oil_Rent_Intensive_Pre2016_ge1pct,Regulatory_Quality_lag1,normalized,Oil_Rent_Intensive_Pre2016_ge1pct,Future_Period,train_to_2018__test_from_2019,Ridge,signal_increment,0.021500000000000036,0.0
M2_Macro_Oil_vs_M3_Macro_Oil_RegQuality__normalized__Oil_Rent_Intensive_Pre2016_ge1pct,Regulatory_Quality_lag1,normalized,Oil_Rent_Intensive_Pre2016_ge1pct,Future_Period,train_to_2018__test_from_2019,Ridge,signal_increment,0.022000000000000037,0.0
M2_Macro_Oil_vs_M3_Macro_Oil_RegQuality__normalized__Oil_Rent_Intensive_Pre2016_ge1pct,Regulatory_Quality_lag1,normalized,Oil_Rent_Intensive_Pre2016_ge1pct,Future_Period,train_to_2018__test_from_2019,Ridge,signal_increment,0.022500000000000037,0.0
M2_Macro_Oil_vs_M3_Macro_Oil_RegQuality__normalized__Oil_Rent_Intensive_Pre2016_ge1pct,Regulatory_Quality_lag1,normalized,Oil_Rent_Intensive_Pre2016_ge1pct,Future_Period,train_to_2018__test_from_2019,Ridge,signal_increment,0.023000000000000038,0.0
M2_Macro_Oil_vs_M3_Macro_Oil_RegQuality__normalized__Oil_Rent_Intensive_Pre2016_ge1pct,Regulatory_Quality_lag1,normalized,Oil_Rent_Intensive_Pre2016_ge1pct,Future_Period,train_to_2018__test_from_2019,Ridge,signal_increment,0.023500000000000038,0.0
M2_Macro_Oil_vs_M3_Macro_Oil_RegQuality__normalized__Oil_Rent_Intensive_Pre2016_ge1pct,Regulatory_Quality_lag1,normalized,Oil_Rent_Intensive_Pre2016_ge1pct,Future_Period,train_to_2018__test_from_2019,Ridge,signal_increment,0.02400000000000004,0.0
M2_Macro_Oil_vs_M3_Macro_Oil_RegQuality__normalized__Oil_Rent_Intensive_Pre2016_ge1pct,Regulatory_Quality_lag1,normalized,Oil_Rent_Intensive_Pre2016_ge1pct,Future_Period,train_to_2018__test_from_2019,Ridge,signal_increment,0.02450000000000004,0.0
M2_Macro_Oil_vs_M3_Macro_Oil_RegQuality__normalized__Oil_Rent_Intensive_Pre2016_ge1pct,Regulatory_Quality_lag1,normalized,Oil_Rent_Intensive_Pre2016_ge1pct,Future_Period,train_to_2018__test_from_2019,Ridge,signal_increment,0.02500000000000004,0.0
M2_Macro_Oil_vs_M3_Macro_Oil_RegQuality__normalized__Oil_Rent_Intensive_Pre2016_ge1pct,Regulatory_Quality_lag1,normalized,Oil_Rent_Intensive_Pre2016_ge1pct,Future_Period,train_to_2018__test_from_2019,Ridge,signal_increment,0.02550000000000004,0.0
M2_Macro_Oil_vs_M3_Macro_Oil_RegQuality__normalized__Oil_Rent_Intensive_Pre2016_ge1pct,Regulatory_Quality_lag1,normalized,Oil_Rent_Intensive_Pre2016_ge1pct,Future_Period,train_to_2018__test_from_2019,Ridge,signal_increment,0.02600000000000004,0.0
M2_Macro_Oil_vs_M3_Macro_Oil_RegQuality__normalized__Oil_Rent_Intensive_Pre2016_ge1pct,Regulatory_Quality_lag1,normalized,Oil_Rent_Intensive_Pre2016_ge1pct,Future_Period,train_to_2018__test_from_2019,Ridge,signal_increment,0.02650000000000004,0.0
M2_Macro_Oil_vs_M3_Macro_Oil_RegQuality__normalized__Oil_Rent_Intensive_Pre2016_ge1pct,Regulatory_Quality_lag1,normalized,Oil_Rent_Intensive_Pre2016_ge1pct,Future_Period,train_to_2018__test_from_2019,Ridge,signal_increment,0.02700000000000004,0.0
M2_Macro_Oil_vs_M3_Macro_Oil_RegQuality__normalized__Oil_Rent_Intensive_Pre2016_ge1pct,Regulatory_Quality_lag1,normalized,Oil_Rent_Intensive_Pre2016_ge1pct,Future_Period,train_to_2018__test_from_2019,Ridge,signal_increment,0.027500000000000042,0.0
M2_Macro_Oil_vs_M3_Macro_Oil_RegQuality__normalized__Oil_Rent_Intensive_Pre2016_ge1pct,Regulatory_Quality_lag1,normalized,Oil_Rent_Intensive_Pre2016_ge1pct,Future_Period,train_to_2018__test_from_2019,Ridge,signal_increment,0.028000000000000042,0.0
M2_Macro_Oil_vs_M3_Macro_Oil_RegQuality__normalized__Oil_Rent_Intensive_Pre2016_ge1pct,Regulatory_Quality_lag1,normalized,Oil_Rent_Intensive_Pre2016_ge1pct,Future_Period,train_to_2018__test_from_2019,Ridge,signal_increment,0.028500000000000043,0.0
M2_Macro_Oil_vs_M3_Macro_Oil_RegQuality__normalized__Oil_Rent_Intensive_Pre2016_ge1pct,Regulatory_Quality_lag1,normalized,Oil_Rent_Intensive_Pre2016_ge1pct,Future_Period,train_to_2018__test_from_2019,Ridge,signal_increment,0.029000000000000043,0.0
M2_Macro_Oil_vs_M3_Macro_Oil_RegQuality__normalized__Oil_Rent_Intensive_Pre2016_ge1pct,Regulatory_Quality_lag1,normalized,Oil_Rent_Intensive_Pre2016_ge1pct,Future_Period,train_to_2018__test_from_2019,Ridge,signal_increment,0.029500000000000044,0.0
M2_Macro_Oil_vs_M3_Macro_Oil_RegQuality__normalized__Oil_Rent_Intensive_Pre2016_ge1pct,Regulatory_Quality_lag1,normalized,Oil_Rent_Intensive_Pre2016_ge1pct,Future_Period,train_to_2018__test_from_2019,Ridge,signal_increment,0.030000000000000044,0.0
M2_Macro_Oil_vs_M3_Macro_Oil_RegQuality__normalized__Oil_Rent_Intensive_Pre2016_ge1pct,Regulatory_Quality_lag1,normalized,Oil_Rent_Intensive_Pre2016_ge1pct,Future_Period,train_to_2018__test_from_2019,Ridge,added_model_vs_strongest_benchmark,-0.02,0.998
M2_Macro_Oil_vs_M3_Macro_Oil_RegQuality__normalized__Oil_Rent_Intensive_Pre2016_ge1pct,Regulatory_Quality_lag1,normalized,Oil_Rent_Intensive_Pre2016_ge1pct,Future_Period,train_to_2018__test_from_2019,Ridge,added_model_vs_strongest_benchmark,-0.0195,0.998
M2_Macro_Oil_vs_M3_Macro_Oil_RegQuality__normalized__Oil_Rent_Intensive_Pre2016_ge1pct,Regulatory_Quality_lag1,normalized,Oil_Rent_Intensive_Pre2016_ge1pct,Future_Period,train_to_2018__test_from_2019,Ridge,added_model_vs_strongest_benchmark,-0.019,0.998
M2_Macro_Oil_vs_M3_Macro_Oil_RegQuality__normalized__Oil_Rent_Intensive_Pre2016_ge1pct,Regulatory_Quality_lag1,normalized,Oil_Rent_Intensive_Pre2016_ge1pct,Future_Period,train_to_2018__test_from_2019,Ridge,added_model_vs_strongest_benchmark,-0.0185,0.998
M2_Macro_Oil_vs_M3_Macro_Oil_RegQuality__normalized__Oil_Rent_Intensive_Pre2016_ge1pct,Regulatory_Quality_lag1,normalized,Oil_Rent_Intensive_Pre2016_ge1pct,Future_Period,train_to_2018__test_from_2019,Ridge,added_model_vs_strongest_benchmark,-0.018,0.9975
M2_Macro_Oil_vs_M3_Macro_Oil_RegQuality__normalized__Oil_Rent_Intensive_Pre2016_ge1pct,Regulatory_Quality_lag1,normalized,Oil_Rent_Intensive_Pre2016_ge1pct,Future_Period,train_to_2018__test_from_2019,Ridge,added_model_vs_strongest_benchmark,-0.017499999999999998,0.9975
M2_Macro_Oil_vs_M3_Macro_Oil_RegQuality__normalized__Oil_Rent_Intensive_Pre2016_ge1pct,Regulatory_Quality_lag1,normalized,Oil_Rent_Intensive_Pre2016_ge1pct,Future_Period,train_to_2018__test_from_2019,Ridge,added_model_vs_strongest_benchmark,-0.016999999999999998,0.9975
M2_Macro_Oil_vs_M3_Macro_Oil_RegQuality__normalized__Oil_Rent_Intensive_Pre2016_ge1pct,Regulatory_Quality_lag1,normalized,Oil_Rent_Intensive_Pre2016_ge1pct,Future_Period,train_to_2018__test_from_2019,Ridge,added_model_vs_strongest_benchmark,-0.016499999999999997,0.9975
M2_Macro_Oil_vs_M3_Macro_Oil_RegQuality__normalized__Oil_Rent_Intensive_Pre2016_ge1pct,Regulatory_Quality_lag1,normalized,Oil_Rent_Intensive_Pre2016_ge1pct,Future_Period,train_to_2018__test_from_2019,Ridge,added_model_vs_strongest_benchmark,-0.015999999999999997,0.997
M2_Macro_Oil_vs_M3_Macro_Oil_RegQuality__normalized__Oil_Rent_Intensive_Pre2016_ge1pct,Regulatory_Quality_lag1,normalized,Oil_Rent_Intensive_Pre2016_ge1pct,Future_Period,train_to_2018__test_from_2019,Ridge,added_model_vs_strongest_benchmark,-0.015499999999999996,0.997
M2_Macro_Oil_vs_M3_Macro_Oil_RegQuality__normalized__Oil_Rent_Intensive_Pre2016_ge1pct,Regulatory_Quality_lag1,normalized,Oil_Rent_Intensive_Pre2016_ge1pct,Future_Period,train_to_2018__test_from_2019,Ridge,added_model_vs_strongest_benchmark,-0.014999999999999996,0.997
M2_Macro_Oil_vs_M3_Macro_Oil_RegQuality__normalized__Oil_Rent_Intensive_Pre2016_ge1pct,Regulatory_Quality_lag1,normalized,Oil_Rent_Intensive_Pre2016_ge1pct,Future_Period,train_to_2018__test_from_2019,Ridge,added_model_vs_strongest_benchmark,-0.014499999999999996,0.997
M2_Macro_Oil_vs_M3_Macro_Oil_RegQuality__normalized__Oil_Rent_Intensive_Pre2016_ge1pct,Regulatory_Quality_lag1,normalized,Oil_Rent_Intensive_Pre2016_ge1pct,Future_Period,train_to_2018__test_from_2019,Ridge,added_model_vs_strongest_benchmark,-0.013999999999999995,0.997
M2_Macro_Oil_vs_M3_Macro_Oil_RegQuality__normalized__Oil_Rent_Intensive_Pre2016_ge1pct,Regulatory_Quality_lag1,normalized,Oil_Rent_Intensive_Pre2016_ge1pct,Future_Period,train_to_2018__test_from_2019,Ridge,added_model_vs_strongest_benchmark,-0.013499999999999995,0.997
M2_Macro_Oil_vs_M3_Macro_Oil_RegQuality__normalized__Oil_Rent_Intensive_Pre2016_ge1pct,Regulatory_Quality_lag1,normalized,Oil_Rent_Intensive_Pre2016_ge1pct,Future_Period,train_to_2018__test_from_2019,Ridge,added_model_vs_strongest_benchmark,-0.012999999999999994,0.997
M2_Macro_Oil_vs_M3_Macro_Oil_RegQuality__normalized__Oil_Rent_Intensive_Pre2016_ge1pct,Regulatory_Quality_lag1,normalized,Oil_Rent_Intensive_Pre2016_ge1pct,Future_Period,train_to_2018__test_from_2019,Ridge,added_model_vs_strongest_benchmark,-0.012499999999999994,0.997
M2_Macro_Oil_vs_M3_Macro_Oil_RegQuality__normalized__Oil_Rent_Intensive_Pre2016_ge1pct,Regulatory_Quality_lag1,normalized,Oil_Rent_Intensive_Pre2016_ge1pct,Future_Period,train_to_2018__test_from_2019,Ridge,added_model_vs_strongest_benchmark,-0.011999999999999993,0.997
M2_Macro_Oil_vs_M3_Macro_Oil_RegQuality__normalized__Oil_Rent_Intensive_Pre2016_ge1pct,Regulatory_Quality_lag1,normalized,Oil_Rent_Intensive_Pre2016_ge1pct,Future_Period,train_to_2018__test_from_2019,Ridge,added_model_vs_strongest_benchmark,-0.011499999999999993,0.997
M2_Macro_Oil_vs_M3_Macro_Oil_RegQuality__normalized__Oil_Rent_Intensive_Pre2016_ge1pct,Regulatory_Quality_lag1,normalized,Oil_Rent_Intensive_Pre2016_ge1pct,Future_Period,train_to_2018__test_from_2019,Ridge,added_model_vs_strongest_benchmark,-0.010999999999999992,0.997
M2_Macro_Oil_vs_M3_Macro_Oil_RegQuality__normalized__Oil_Rent_Intensive_Pre2016_ge1pct,Regulatory_Quality_lag1,normalized,Oil_Rent_Intensive_Pre2016_ge1pct,Future_Period,train_to_2018__test_from_2019,Ridge,added_model_vs_strongest_benchmark,-0.010499999999999992,0.997
M2_Macro_Oil_vs_M3_Macro_Oil_RegQuality__normalized__Oil_Rent_Intensive_Pre2016_ge1pct,Regulatory_Quality_lag1,normalized,Oil_Rent_Intensive_Pre2016_ge1pct,Future_Period,train_to_2018__test_from_2019,Ridge,added_model_vs_strongest_benchmark,-0.009999999999999992,0.997
M2_Macro_Oil_vs_M3_Macro_Oil_RegQuality__normalized__Oil_Rent_Intensive_Pre2016_ge1pct,Regulatory_Quality_lag1,normalized,Oil_Rent_Intensive_Pre2016_ge1pct,Future_Period,train_to_2018__test_from_2019,Ridge,added_model_vs_strongest_benchmark,-0.009499999999999991,0.997
M2_Macro_Oil_vs_M3_Macro_Oil_RegQuality__normalized__Oil_Rent_Intensive_Pre2016_ge1pct,Regulatory_Quality_lag1,normalized,Oil_Rent_Intensive_Pre2016_ge1pct,Future_Period,train_to_2018__test_from_2019,Ridge,added_model_vs_strongest_benchmark,-0.00899999999999999,0.997
M2_Macro_Oil_vs_M3_Macro_Oil_RegQuality__normalized__Oil_Rent_Intensive_Pre2016_ge1pct,Regulatory_Quality_lag1,normalized,Oil_Rent_Intensive_Pre2016_ge1pct,Future_Period,train_to_2018__test_from_2019,Ridge,added_model_vs_strongest_benchmark,-0.00849999999999999,0.997
M2_Macro_Oil_vs_M3_Macro_Oil_RegQuality__normalized__Oil_Rent_Intensive_Pre2016_ge1pct,Regulatory_Quality_lag1,normalized,Oil_Rent_Intensive_Pre2016_ge1pct,Future_Period,train_to_2018__test_from_2019,Ridge,added_model_vs_strongest_benchmark,-0.00799999999999999,0.997
M2_Macro_Oil_vs_M3_Macro_Oil_RegQuality__normalized__Oil_Rent_Intensive_Pre2016_ge1pct,Regulatory_Quality_lag1,normalized,Oil_Rent_Intensive_Pre2016_ge1pct,Future_Period,train_to_2018__test_from_2019,Ridge,added_model_vs_strongest_benchmark,-0.007499999999999989,0.997
M2_Macro_Oil_vs_M3_Macro_Oil_RegQuality__normalized__Oil_Rent_Intensive_Pre2016_ge1pct,Regulatory_Quality_lag1,normalized,Oil_Rent_Intensive_Pre2016_ge1pct,Future_Period,train_to_2018__test_from_2019,Ridge,added_model_vs_strongest_benchmark,-0.006999999999999989,0.997
M2_Macro_Oil_vs_M3_Macro_Oil_RegQuality__normalized__Oil_Rent_Intensive_Pre2016_ge1pct,Regulatory_Quality_lag1,normalized,Oil_Rent_Intensive_Pre2016_ge1pct,Future_Period,train_to_2018__test_from_2019,Ridge,added_model_vs_strongest_benchmark,-0.006499999999999988,0.997
M2_Macro_Oil_vs_M3_Macro_Oil_RegQuality__normalized__Oil_Rent_Intensive_Pre2016_ge1pct,Regulatory_Quality_lag1,normalized,Oil_Rent_Intensive_Pre2016_ge1pct,Future_Period,train_to_2018__test_from_2019,Ridge,added_model_vs_strongest_benchmark,-0.005999999999999988,0.997
M2_Macro_Oil_vs_M3_Macro_Oil_RegQuality__normalized__Oil_Rent_Intensive_Pre2016_ge1pct,Regulatory_Quality_lag1,normalized,Oil_Rent_Intensive_Pre2016_ge1pct,Future_Period,train_to_2018__test_from_2019,Ridge,added_model_vs_strongest_benchmark,-0.0054999999999999875,0.997
M2_Macro_Oil_vs_M3_Macro_Oil_RegQuality__normalized__Oil_Rent_Intensive_Pre2016_ge1pct,Regulatory_Quality_lag1,normalized,Oil_Rent_Intensive_Pre2016_ge1pct,Future_Period,train_to_2018__test_from_2019,Ridge,added_model_vs_strongest_benchmark,-0.004999999999999987,0.997
M2_Macro_Oil_vs_M3_Macro_Oil_RegQuality__normalized__Oil_Rent_Intensive_Pre2016_ge1pct,Regulatory_Quality_lag1,normalized,Oil_Rent_Intensive_Pre2016_ge1pct,Future_Period,train_to_2018__test_from_2019,Ridge,added_model_vs_strongest_benchmark,-0.004499999999999987,0.997
M2_Macro_Oil_vs_M3_Macro_Oil_RegQuality__normalized__Oil_Rent_Intensive_Pre2016_ge1pct,Regulatory_Quality_lag1,normalized,Oil_Rent_Intensive_Pre2016_ge1pct,Future_Period,train_to_2018__test_from_2019,Ridge,added_model_vs_strongest_benchmark,-0.003999999999999986,0.9965
M2_Macro_Oil_vs_M3_Macro_Oil_RegQuality__normalized__Oil_Rent_Intensive_Pre2016_ge1pct,Regulatory_Quality_lag1,normalized,Oil_Rent_Intensive_Pre2016_ge1pct,Future_Period,train_to_2018__test_from_2019,Ridge,added_model_vs_strongest_benchmark,-0.0034999999999999858,0.9965
M2_Macro_Oil_vs_M3_Macro_Oil_RegQuality__normalized__Oil_Rent_Intensive_Pre2016_ge1pct,Regulatory_Quality_lag1,normalized,Oil_Rent_Intensive_Pre2016_ge1pct,Future_Period,train_to_2018__test_from_2019,Ridge,added_model_vs_strongest_benchmark,-0.0029999999999999853,0.9965
M2_Macro_Oil_vs_M3_Macro_Oil_RegQuality__normalized__Oil_Rent_Intensive_Pre2016_ge1pct,Regulatory_Quality_lag1,normalized,Oil_Rent_Intensive_Pre2016_ge1pct,Future_Period,train_to_2018__test_from_2019,Ridge,added_model_vs_strongest_benchmark,-0.002499999999999985,0.9965
M2_Macro_Oil_vs_M3_Macro_Oil_RegQuality__normalized__Oil_Rent_Intensive_Pre2016_ge1pct,Regulatory_Quality_lag1,normalized,Oil_Rent_Intensive_Pre2016_ge1pct,Future_Period,train_to_2018__test_from_2019,Ridge,added_model_vs_strongest_benchmark,-0.0019999999999999844,0.9965
M2_Macro_Oil_vs_M3_Macro_Oil_RegQuality__normalized__Oil_Rent_Intensive_Pre2016_ge1pct,Regulatory_Quality_lag1,normalized,Oil_Rent_Intensive_Pre2016_ge1pct,Future_Period,train_to_2018__test_from_2019,Ridge,added_model_vs_strongest_benchmark,-0.001499999999999984,0.9965
M2_Macro_Oil_vs_M3_Macro_Oil_RegQuality__normalized__Oil_Rent_Intensive_Pre2016_ge1pct,Regulatory_Quality_lag1,normalized,Oil_Rent_Intensive_Pre2016_ge1pct,Future_Period,train_to_2018__test_from_2019,Ridge,added_model_vs_strongest_benchmark,-0.0009999999999999835,0.9965
M2_Macro_Oil_vs_M3_Macro_Oil_RegQuality__normalized__Oil_Rent_Intensive_Pre2016_ge1pct,Regulatory_Quality_lag1,normalized,Oil_Rent_Intensive_Pre2016_ge1pct,Future_Period,train_to_2018__test_from_2019,Ridge,added_model_vs_strongest_benchmark,-0.0004999999999999831,0.996
M2_Macro_Oil_vs_M3_Macro_Oil_RegQuality__normalized__Oil_Rent_Intensive_Pre2016_ge1pct,Regulatory_Quality_lag1,normalized,Oil_Rent_Intensive_Pre2016_ge1pct,Future_Period,train_to_2018__test_from_2019,Ridge,added_model_vs_strongest_benchmark,1.734723475976807e-17,0.996
M2_Macro_Oil_vs_M3_Macro_Oil_RegQuality__normalized__Oil_Rent_Intensive_Pre2016_ge1pct,Regulatory_Quality_lag1,normalized,Oil_Rent_Intensive_Pre2016_ge1pct,Future_Period,train_to_2018__test_from_2019,Ridge,added_model_vs_strongest_benchmark,0.0005000000000000178,0.995
M2_Macro_Oil_vs_M3_Macro_Oil_RegQuality__normalized__Oil_Rent_Intensive_Pre2016_ge1pct,Regulatory_Quality_lag1,normalized,Oil_Rent_Intensive_Pre2016_ge1pct,Future_Period,train_to_2018__test_from_2019,Ridge,added_model_vs_strongest_benchmark,0.0010000000000000182,0.995
M2_Macro_Oil_vs_M3_Macro_Oil_RegQuality__normalized__Oil_Rent_Intensive_Pre2016_ge1pct,Regulatory_Quality_lag1,normalized,Oil_Rent_Intensive_Pre2016_ge1pct,Future_Period,train_to_2018__test_from_2019,Ridge,added_model_vs_strongest_benchmark,0.0015000000000000187,0.995
M2_Macro_Oil_vs_M3_Macro_Oil_RegQuality__normalized__Oil_Rent_Intensive_Pre2016_ge1pct,Regulatory_Quality_lag1,normalized,Oil_Rent_Intensive_Pre2016_ge1pct,Future_Period,train_to_2018__test_from_2019,Ridge,added_model_vs_strongest_benchmark,0.002000000000000019,0.995
M2_Macro_Oil_vs_M3_Macro_Oil_RegQuality__normalized__Oil_Rent_Intensive_Pre2016_ge1pct,Regulatory_Quality_lag1,normalized,Oil_Rent_Intensive_Pre2016_ge1pct,Future_Period,train_to_2018__test_from_2019,Ridge,added_model_vs_strongest_benchmark,0.0025000000000000196,0.995
M2_Macro_Oil_vs_M3_Macro_Oil_RegQuality__normalized__Oil_Rent_Intensive_Pre2016_ge1pct,Regulatory_Quality_lag1,normalized,Oil_Rent_Intensive_Pre2016_ge1pct,Future_Period,train_to_2018__test_from_2019,Ridge,added_model_vs_strongest_benchmark,0.00300000000000002,0.995
M2_Macro_Oil_vs_M3_Macro_Oil_RegQuality__normalized__Oil_Rent_Intensive_Pre2016_ge1pct,Regulatory_Quality_lag1,normalized,Oil_Rent_Intensive_Pre2016_ge1pct,Future_Period,train_to_2018__test_from_2019,Ridge,added_model_vs_strongest_benchmark,0.0035000000000000205,0.9945
M2_Macro_Oil_vs_M3_Macro_Oil_RegQuality__normalized__Oil_Rent_Intensive_Pre2016_ge1pct,Regulatory_Quality_lag1,normalized,Oil_Rent_Intensive_Pre2016_ge1pct,Future_Period,train_to_2018__test_from_2019,Ridge,added_model_vs_strongest_benchmark,0.004000000000000021,0.994
M2_Macro_Oil_vs_M3_Macro_Oil_RegQuality__normalized__Oil_Rent_Intensive_Pre2016_ge1pct,Regulatory_Quality_lag1,normalized,Oil_Rent_Intensive_Pre2016_ge1pct,Future_Period,train_to_2018__test_from_2019,Ridge,added_model_vs_strongest_benchmark,0.004500000000000021,0.994
M2_Macro_Oil_vs_M3_Macro_Oil_RegQuality__normalized__Oil_Rent_Intensive_Pre2016_ge1pct,Regulatory_Quality_lag1,normalized,Oil_Rent_Intensive_Pre2016_ge1pct,Future_Period,train_to_2018__test_from_2019,Ridge,added_model_vs_strongest_benchmark,0.005000000000000022,0.994
M2_Macro_Oil_vs_M3_Macro_Oil_RegQuality__normalized__Oil_Rent_Intensive_Pre2016_ge1pct,Regulatory_Quality_lag1,normalized,Oil_Rent_Intensive_Pre2016_ge1pct,Future_Period,train_to_2018__test_from_2019,Ridge,added_model_vs_strongest_benchmark,0.005500000000000022,0.994
M2_Macro_Oil_vs_M3_Macro_Oil_RegQuality__normalized__Oil_Rent_Intensive_Pre2016_ge1pct,Regulatory_Quality_lag1,normalized,Oil_Rent_Intensive_Pre2016_ge1pct,Future_Period,train_to_2018__test_from_2019,Ridge,added_model_vs_strongest_benchmark,0.006000000000000023,0.9925
M2_Macro_Oil_vs_M3_Macro_Oil_RegQuality__normalized__Oil_Rent_Intensive_Pre2016_ge1pct,Regulatory_Quality_lag1,normalized,Oil_Rent_Intensive_Pre2016_ge1pct,Future_Period,train_to_2018__test_from_2019,Ridge,added_model_vs_strongest_benchmark,0.006500000000000023,0.9925
M2_Macro_Oil_vs_M3_Macro_Oil_RegQuality__normalized__Oil_Rent_Intensive_Pre2016_ge1pct,Regulatory_Quality_lag1,normalized,Oil_Rent_Intensive_Pre2016_ge1pct,Future_Period,train_to_2018__test_from_2019,Ridge,added_model_vs_strongest_benchmark,0.0070000000000000236,0.9925
M2_Macro_Oil_vs_M3_Macro_Oil_RegQuality__normalized__Oil_Rent_Intensive_Pre2016_ge1pct,Regulatory_Quality_lag1,normalized,Oil_Rent_Intensive_Pre2016_ge1pct,Future_Period,train_to_2018__test_from_2019,Ridge,added_model_vs_strongest_benchmark,0.007500000000000024,0.9925
M2_Macro_Oil_vs_M3_Macro_Oil_RegQuality__normalized__Oil_Rent_Intensive_Pre2016_ge1pct,Regulatory_Quality_lag1,normalized,Oil_Rent_Intensive_Pre2016_ge1pct,Future_Period,train_to_2018__test_from_2019,Ridge,added_model_vs_strongest_benchmark,0.008000000000000024,0.9925
M2_Macro_Oil_vs_M3_Macro_Oil_RegQuality__normalized__Oil_Rent_Intensive_Pre2016_ge1pct,Regulatory_Quality_lag1,normalized,Oil_Rent_Intensive_Pre2016_ge1pct,Future_Period,train_to_2018__test_from_2019,Ridge,added_model_vs_strongest_benchmark,0.008500000000000025,0.9925
M2_Macro_Oil_vs_M3_Macro_Oil_RegQuality__normalized__Oil_Rent_Intensive_Pre2016_ge1pct,Regulatory_Quality_lag1,normalized,Oil_Rent_Intensive_Pre2016_ge1pct,Future_Period,train_to_2018__test_from_2019,Ridge,added_model_vs_strongest_benchmark,0.009000000000000025,0.9925
M2_Macro_Oil_vs_M3_Macro_Oil_RegQuality__normalized__Oil_Rent_Intensive_Pre2016_ge1pct,Regulatory_Quality_lag1,normalized,Oil_Rent_Intensive_Pre2016_ge1pct,Future_Period,train_to_2018__test_from_2019,Ridge,added_model_vs_strongest_benchmark,0.009500000000000026,0.992
M2_Macro_Oil_vs_M3_Macro_Oil_RegQuality__normalized__Oil_Rent_Intensive_Pre2016_ge1pct,Regulatory_Quality_lag1,normalized,Oil_Rent_Intensive_Pre2016_ge1pct,Future_Period,train_to_2018__test_from_2019,Ridge,added_model_vs_strongest_benchmark,0.010000000000000026,0.991
M2_Macro_Oil_vs_M3_Macro_Oil_RegQuality__normalized__Oil_Rent_Intensive_Pre2016_ge1pct,Regulatory_Quality_lag1,normalized,Oil_Rent_Intensive_Pre2016_ge1pct,Future_Period,train_to_2018__test_from_2019,Ridge,added_model_vs_strongest_benchmark,0.010500000000000027,0.9905
M2_Macro_Oil_vs_M3_Macro_Oil_RegQuality__normalized__Oil_Rent_Intensive_Pre2016_ge1pct,Regulatory_Quality_lag1,normalized,Oil_Rent_Intensive_Pre2016_ge1pct,Future_Period,train_to_2018__test_from_2019,Ridge,added_model_vs_strongest_benchmark,0.011000000000000027,0.9905
M2_Macro_Oil_vs_M3_Macro_Oil_RegQuality__normalized__Oil_Rent_Intensive_Pre2016_ge1pct,Regulatory_Quality_lag1,normalized,Oil_Rent_Intensive_Pre2016_ge1pct,Future_Period,train_to_2018__test_from_2019,Ridge,added_model_vs_strongest_benchmark,0.011500000000000028,0.9905
M2_Macro_Oil_vs_M3_Macro_Oil_RegQuality__normalized__Oil_Rent_Intensive_Pre2016_ge1pct,Regulatory_Quality_lag1,normalized,Oil_Rent_Intensive_Pre2016_ge1pct,Future_Period,train_to_2018__test_from_2019,Ridge,added_model_vs_strongest_benchmark,0.012000000000000028,0.9905
M2_Macro_Oil_vs_M3_Macro_Oil_RegQuality__normalized__Oil_Rent_Intensive_Pre2016_ge1pct,Regulatory_Quality_lag1,normalized,Oil_Rent_Intensive_Pre2016_ge1pct,Future_Period,train_to_2018__test_from_2019,Ridge,added_model_vs_strongest_benchmark,0.012500000000000028,0.9905
M2_Macro_Oil_vs_M3_Macro_Oil_RegQuality__normalized__Oil_Rent_Intensive_Pre2016_ge1pct,Regulatory_Quality_lag1,normalized,Oil_Rent_Intensive_Pre2016_ge1pct,Future_Period,train_to_2018__test_from_2019,Ridge,added_model_vs_strongest_benchmark,0.013000000000000029,0.99
M2_Macro_Oil_vs_M3_Macro_Oil_RegQuality__normalized__Oil_Rent_Intensive_Pre2016_ge1pct,Regulatory_Quality_lag1,normalized,Oil_Rent_Intensive_Pre2016_ge1pct,Future_Period,train_to_2018__test_from_2019,Ridge,added_model_vs_strongest_benchmark,0.01350000000000003,0.99
M2_Macro_Oil_vs_M3_Macro_Oil_RegQuality__normalized__Oil_Rent_Intensive_Pre2016_ge1pct,Regulatory_Quality_lag1,normalized,Oil_Rent_Intensive_Pre2016_ge1pct,Future_Period,train_to_2018__test_from_2019,Ridge,added_model_vs_strongest_benchmark,0.01400000000000003,0.9895
M2_Macro_Oil_vs_M3_Macro_Oil_RegQuality__normalized__Oil_Rent_Intensive_Pre2016_ge1pct,Regulatory_Quality_lag1,normalized,Oil_Rent_Intensive_Pre2016_ge1pct,Future_Period,train_to_2018__test_from_2019,Ridge,added_model_vs_strongest_benchmark,0.01450000000000003,0.989
M2_Macro_Oil_vs_M3_Macro_Oil_RegQuality__normalized__Oil_Rent_Intensive_Pre2016_ge1pct,Regulatory_Quality_lag1,normalized,Oil_Rent_Intensive_Pre2016_ge1pct,Future_Period,train_to_2018__test_from_2019,Ridge,added_model_vs_strongest_benchmark,0.01500000000000003,0.989
M2_Macro_Oil_vs_M3_Macro_Oil_RegQuality__normalized__Oil_Rent_Intensive_Pre2016_ge1pct,Regulatory_Quality_lag1,normalized,Oil_Rent_Intensive_Pre2016_ge1pct,Future_Period,train_to_2018__test_from_2019,Ridge,added_model_vs_strongest_benchmark,0.015500000000000031,0.9885
M2_Macro_Oil_vs_M3_Macro_Oil_RegQuality__normalized__Oil_Rent_Intensive_Pre2016_ge1pct,Regulatory_Quality_lag1,normalized,Oil_Rent_Intensive_Pre2016_ge1pct,Future_Period,train_to_2018__test_from_2019,Ridge,added_model_vs_strongest_benchmark,0.01600000000000003,0.9885
M2_Macro_Oil_vs_M3_Macro_Oil_RegQuality__normalized__Oil_Rent_Intensive_Pre2016_ge1pct,Regulatory_Quality_lag1,normalized,Oil_Rent_Intensive_Pre2016_ge1pct,Future_Period,train_to_2018__test_from_2019,Ridge,added_model_vs_strongest_benchmark,0.016500000000000032,0.9885
M2_Macro_Oil_vs_M3_Macro_Oil_RegQuality__normalized__Oil_Rent_Intensive_Pre2016_ge1pct,Regulatory_Quality_lag1,normalized,Oil_Rent_Intensive_Pre2016_ge1pct,Future_Period,train_to_2018__test_from_2019,Ridge,added_model_vs_strongest_benchmark,0.017000000000000032,0.988
M2_Macro_Oil_vs_M3_Macro_Oil_RegQuality__normalized__Oil_Rent_Intensive_Pre2016_ge1pct,Regulatory_Quality_lag1,normalized,Oil_Rent_Intensive_Pre2016_ge1pct,Future_Period,train_to_2018__test_from_2019,Ridge,added_model_vs_strongest_benchmark,0.017500000000000033,0.9875
M2_Macro_Oil_vs_M3_Macro_Oil_RegQuality__normalized__Oil_Rent_Intensive_Pre2016_ge1pct,Regulatory_Quality_lag1,normalized,Oil_Rent_Intensive_Pre2016_ge1pct,Future_Period,train_to_2018__test_from_2019,Ridge,added_model_vs_strongest_benchmark,0.018000000000000033,0.9875
M2_Macro_Oil_vs_M3_Macro_Oil_RegQuality__normalized__Oil_Rent_Intensive_Pre2016_ge1pct,Regulatory_Quality_lag1,normalized,Oil_Rent_Intensive_Pre2016_ge1pct,Future_Period,train_to_2018__test_from_2019,Ridge,added_model_vs_strongest_benchmark,0.018500000000000034,0.9875
M2_Macro_Oil_vs_M3_Macro_Oil_RegQuality__normalized__Oil_Rent_Intensive_Pre2016_ge1pct,Regulatory_Quality_lag1,normalized,Oil_Rent_Intensive_Pre2016_ge1pct,Future_Period,train_to_2018__test_from_2019,Ridge,added_model_vs_strongest_benchmark,0.019000000000000034,0.9875
M2_Macro_Oil_vs_M3_Macro_Oil_RegQuality__normalized__Oil_Rent_Intensive_Pre2016_ge1pct,Regulatory_Quality_lag1,normalized,Oil_Rent_Intensive_Pre2016_ge1pct,Future_Period,train_to_2018__test_from_2019,Ridge,added_model_vs_strongest_benchmark,0.019500000000000035,0.9875
M2_Macro_Oil_vs_M3_Macro_Oil_RegQuality__normalized__Oil_Rent_Intensive_Pre2016_ge1pct,Regulatory_Quality_lag1,normalized,Oil_Rent_Intensive_Pre2016_ge1pct,Future_Period,train_to_2018__test_from_2019,Ridge,added_model_vs_strongest_benchmark,0.020000000000000035,0.9875
M2_Macro_Oil_vs_M3_Macro_Oil_RegQuality__normalized__Oil_Rent_Intensive_Pre2016_ge1pct,Regulatory_Quality_lag1,normalized,Oil_Rent_Intensive_Pre2016_ge1pct,Future_Period,train_to_2018__test_from_2019,Ridge,added_model_vs_strongest_benchmark,0.020500000000000036,0.987
M2_Macro_Oil_vs_M3_Macro_Oil_RegQuality__normalized__Oil_Rent_Intensive_Pre2016_ge1pct,Regulatory_Quality_lag1,normalized,Oil_Rent_Intensive_Pre2016_ge1pct,Future_Period,train_to_2018__test_from_2019,Ridge,added_model_vs_strongest_benchmark,0.021000000000000036,0.9865
M2_Macro_Oil_vs_M3_Macro_Oil_RegQuality__normalized__Oil_Rent_Intensive_Pre2016_ge1pct,Regulatory_Quality_lag1,normalized,Oil_Rent_Intensive_Pre2016_ge1pct,Future_Period,train_to_2018__test_from_2019,Ridge,added_model_vs_strongest_benchmark,0.021500000000000036,0.9855
M2_Macro_Oil_vs_M3_Macro_Oil_RegQuality__normalized__Oil_Rent_Intensive_Pre2016_ge1pct,Regulatory_Quality_lag1,normalized,Oil_Rent_Intensive_Pre2016_ge1pct,Future_Period,train_to_2018__test_from_2019,Ridge,added_model_vs_strongest_benchmark,0.022000000000000037,0.9855
M2_Macro_Oil_vs_M3_Macro_Oil_RegQuality__normalized__Oil_Rent_Intensive_Pre2016_ge1pct,Regulatory_Quality_lag1,normalized,Oil_Rent_Intensive_Pre2016_ge1pct,Future_Period,train_to_2018__test_from_2019,Ridge,added_model_vs_strongest_benchmark,0.022500000000000037,0.9855
M2_Macro_Oil_vs_M3_Macro_Oil_RegQuality__normalized__Oil_Rent_Intensive_Pre2016_ge1pct,Regulatory_Quality_lag1,normalized,Oil_Rent_Intensive_Pre2016_ge1pct,Future_Period,train_to_2018__test_from_2019,Ridge,added_model_vs_strongest_benchmark,0.023000000000000038,0.9855
M2_Macro_Oil_vs_M3_Macro_Oil_RegQuality__normalized__Oil_Rent_Intensive_Pre2016_ge1pct,Regulatory_Quality_lag1,normalized,Oil_Rent_Intensive_Pre2016_ge1pct,Future_Period,train_to_2018__test_from_2019,Ridge,added_model_vs_strongest_benchmark,0.023500000000000038,0.985
M2_Macro_Oil_vs_M3_Macro_Oil_RegQuality__normalized__Oil_Rent_Intensive_Pre2016_ge1pct,Regulatory_Quality_lag1,normalized,Oil_Rent_Intensive_Pre2016_ge1pct,Future_Period,train_to_2018__test_from_2019,Ridge,added_model_vs_strongest_benchmark,0.02400000000000004,0.985
M2_Macro_Oil_vs_M3_Macro_Oil_RegQuality__normalized__Oil_Rent_Intensive_Pre2016_ge1pct,Regulatory_Quality_lag1,normalized,Oil_Rent_Intensive_Pre2016_ge1pct,Future_Period,train_to_2018__test_from_2019,Ridge,added_model_vs_strongest_benchmark,0.02450000000000004,0.985
M2_Macro_Oil_vs_M3_Macro_Oil_RegQuality__normalized__Oil_Rent_Intensive_Pre2016_ge1pct,Regulatory_Quality_lag1,normalized,Oil_Rent_Intensive_Pre2016_ge1pct,Future_Period,train_to_2018__test_from_2019,Ridge,added_model_vs_strongest_benchmark,0.02500000000000004,0.985
M2_Macro_Oil_vs_M3_Macro_Oil_RegQuality__normalized__Oil_Rent_Intensive_Pre2016_ge1pct,Regulatory_Quality_lag1,normalized,Oil_Rent_Intensive_Pre2016_ge1pct,Future_Period,train_to_2018__test_from_2019,Ridge,added_model_vs_strongest_benchmark,0.02550000000000004,0.985
M2_Macro_Oil_vs_M3_Macro_Oil_RegQuality__normalized__Oil_Rent_Intensive_Pre2016_ge1pct,Regulatory_Quality_lag1,normalized,Oil_Rent_Intensive_Pre2016_ge1pct,Future_Period,train_to_2018__test_from_2019,Ridge,added_model_vs_strongest_benchmark,0.02600000000000004,0.985
M2_Macro_Oil_vs_M3_Macro_Oil_RegQuality__normalized__Oil_Rent_Intensive_Pre2016_ge1pct,Regulatory_Quality_lag1,normalized,Oil_Rent_Intensive_Pre2016_ge1pct,Future_Period,train_to_2018__test_from_2019,Ridge,added_model_vs_strongest_benchmark,0.02650000000000004,0.985
M2_Macro_Oil_vs_M3_Macro_Oil_RegQuality__normalized__Oil_Rent_Intensive_Pre2016_ge1pct,Regulatory_Quality_lag1,normalized,Oil_Rent_Intensive_Pre2016_ge1pct,Future_Period,train_to_2018__test_from_2019,Ridge,added_model_vs_strongest_benchmark,0.02700000000000004,0.985
M2_Macro_Oil_vs_M3_Macro_Oil_RegQuality__normalized__Oil_Rent_Intensive_Pre2016_ge1pct,Regulatory_Quality_lag1,normalized,Oil_Rent_Intensive_Pre2016_ge1pct,Future_Period,train_to_2018__test_from_2019,Ridge,added_model_vs_strongest_benchmark,0.027500000000000042,0.985
M2_Macro_Oil_vs_M3_Macro_Oil_RegQuality__normalized__Oil_Rent_Intensive_Pre2016_ge1pct,Regulatory_Quality_lag1,normalized,Oil_Rent_Intensive_Pre2016_ge1pct,Future_Period,train_to_2018__test_from_2019,Ridge,added_model_vs_strongest_benchmark,0.028000000000000042,0.9845
M2_Macro_Oil_vs_M3_Macro_Oil_RegQuality__normalized__Oil_Rent_Intensive_Pre2016_ge1pct,Regulatory_Quality_lag1,normalized,Oil_Rent_Intensive_Pre2016_ge1pct,Future_Period,train_to_2018__test_from_2019,Ridge,added_model_vs_strongest_benchmark,0.028500000000000043,0.9845
M2_Macro_Oil_vs_M3_Macro_Oil_RegQuality__normalized__Oil_Rent_Intensive_Pre2016_ge1pct,Regulatory_Quality_lag1,normalized,Oil_Rent_Intensive_Pre2016_ge1pct,Future_Period,train_to_2018__test_from_2019,Ridge,added_model_vs_strongest_benchmark,0.029000000000000043,0.984
M2_Macro_Oil_vs_M3_Macro_Oil_RegQuality__normalized__Oil_Rent_Intensive_Pre2016_ge1pct,Regulatory_Quality_lag1,normalized,Oil_Rent_Intensive_Pre2016_ge1pct,Future_Period,train_to_2018__test_from_2019,Ridge,added_model_vs_strongest_benchmark,0.029500000000000044,0.9835
M2_Macro_Oil_vs_M3_Macro_Oil_RegQuality__normalized__Oil_Rent_Intensive_Pre2016_ge1pct,Regulatory_Quality_lag1,normalized,Oil_Rent_Intensive_Pre2016_ge1pct,Future_Period,train_to_2018__test_from_2019,Ridge,added_model_vs_strongest_benchmark,0.030000000000000044,0.9835
M2_Macro_Oil_vs_M3_Macro_Oil_RegQuality__normalized__Oil_Rent_Intensive_Pre2016_ge1pct,Regulatory_Quality_lag1,normalized,Oil_Rent_Intensive_Pre2016_ge1pct,Future_Period,train_to_2018__test_from_2019,ElasticNet,signal_increment,-0.02,1.0
M2_Macro_Oil_vs_M3_Macro_Oil_RegQuality__normalized__Oil_Rent_Intensive_Pre2016_ge1pct,Regulatory_Quality_lag1,normalized,Oil_Rent_Intensive_Pre2016_ge1pct,Future_Period,train_to_2018__test_from_2019,ElasticNet,signal_increment,-0.0195,1.0
M2_Macro_Oil_vs_M3_Macro_Oil_RegQuality__normalized__Oil_Rent_Intensive_Pre2016_ge1pct,Regulatory_Quality_lag1,normalized,Oil_Rent_Intensive_Pre2016_ge1pct,Future_Period,train_to_2018__test_from_2019,ElasticNet,signal_increment,-0.019,1.0
M2_Macro_Oil_vs_M3_Macro_Oil_RegQuality__normalized__Oil_Rent_Intensive_Pre2016_ge1pct,Regulatory_Quality_lag1,normalized,Oil_Rent_Intensive_Pre2016_ge1pct,Future_Period,train_to_2018__test_from_2019,ElasticNet,signal_increment,-0.0185,1.0
M2_Macro_Oil_vs_M3_Macro_Oil_RegQuality__normalized__Oil_Rent_Intensive_Pre2016_ge1pct,Regulatory_Quality_lag1,normalized,Oil_Rent_Intensive_Pre2016_ge1pct,Future_Period,train_to_2018__test_from_2019,ElasticNet,signal_increment,-0.018,1.0
M2_Macro_Oil_vs_M3_Macro_Oil_RegQuality__normalized__Oil_Rent_Intensive_Pre2016_ge1pct,Regulatory_Quality_lag1,normalized,Oil_Rent_Intensive_Pre2016_ge1pct,Future_Period,train_to_2018__test_from_2019,ElasticNet,signal_increment,-0.017499999999999998,1.0
M2_Macro_Oil_vs_M3_Macro_Oil_RegQuality__normalized__Oil_Rent_Intensive_Pre2016_ge1pct,Regulatory_Quality_lag1,normalized,Oil_Rent_Intensive_Pre2016_ge1pct,Future_Period,train_to_2018__test_from_2019,ElasticNet,signal_increment,-0.016999999999999998,1.0
M2_Macro_Oil_vs_M3_Macro_Oil_RegQuality__normalized__Oil_Rent_Intensive_Pre2016_ge1pct,Regulatory_Quality_lag1,normalized,Oil_Rent_Intensive_Pre2016_ge1pct,Future_Period,train_to_2018__test_from_2019,ElasticNet,signal_increment,-0.016499999999999997,1.0
M2_Macro_Oil_vs_M3_Macro_Oil_RegQuality__normalized__Oil_Rent_Intensive_Pre2016_ge1pct,Regulatory_Quality_lag1,normalized,Oil_Rent_Intensive_Pre2016_ge1pct,Future_Period,train_to_2018__test_from_2019,ElasticNet,signal_increment,-0.015999999999999997,1.0
M2_Macro_Oil_vs_M3_Macro_Oil_RegQuality__normalized__Oil_Rent_Intensive_Pre2016_ge1pct,Regulatory_Quality_lag1,normalized,Oil_Rent_Intensive_Pre2016_ge1pct,Future_Period,train_to_2018__test_from_2019,ElasticNet,signal_increment,-0.015499999999999996,1.0
M2_Macro_Oil_vs_M3_Macro_Oil_RegQuality__normalized__Oil_Rent_Intensive_Pre2016_ge1pct,Regulatory_Quality_lag1,normalized,Oil_Rent_Intensive_Pre2016_ge1pct,Future_Period,train_to_2018__test_from_2019,ElasticNet,signal_increment,-0.014999999999999996,1.0
M2_Macro_Oil_vs_M3_Macro_Oil_RegQuality__normalized__Oil_Rent_Intensive_Pre2016_ge1pct,Regulatory_Quality_lag1,normalized,Oil_Rent_Intensive_Pre2016_ge1pct,Future_Period,train_to_2018__test_from_2019,ElasticNet,signal_increment,-0.014499999999999996,1.0
M2_Macro_Oil_vs_M3_Macro_Oil_RegQuality__normalized__Oil_Rent_Intensive_Pre2016_ge1pct,Regulatory_Quality_lag1,normalized,Oil_Rent_Intensive_Pre2016_ge1pct,Future_Period,train_to_2018__test_from_2019,ElasticNet,signal_increment,-0.013999999999999995,1.0
M2_Macro_Oil_vs_M3_Macro_Oil_RegQuality__normalized__Oil_Rent_Intensive_Pre2016_ge1pct,Regulatory_Quality_lag1,normalized,Oil_Rent_Intensive_Pre2016_ge1pct,Future_Period,train_to_2018__test_from_2019,ElasticNet,signal_increment,-0.013499999999999995,1.0
M2_Macro_Oil_vs_M3_Macro_Oil_RegQuality__normalized__Oil_Rent_Intensive_Pre2016_ge1pct,Regulatory_Quality_lag1,normalized,Oil_Rent_Intensive_Pre2016_ge1pct,Future_Period,train_to_2018__test_from_2019,ElasticNet,signal_increment,-0.012999999999999994,1.0
M2_Macro_Oil_vs_M3_Macro_Oil_RegQuality__normalized__Oil_Rent_Intensive_Pre2016_ge1pct,Regulatory_Quality_lag1,normalized,Oil_Rent_Intensive_Pre2016_ge1pct,Future_Period,train_to_2018__test_from_2019,ElasticNet,signal_increment,-0.012499999999999994,1.0
M2_Macro_Oil_vs_M3_Macro_Oil_RegQuality__normalized__Oil_Rent_Intensive_Pre2016_ge1pct,Regulatory_Quality_lag1,normalized,Oil_Rent_Intensive_Pre2016_ge1pct,Future_Period,train_to_2018__test_from_2019,ElasticNet,signal_increment,-0.011999999999999993,1.0
M2_Macro_Oil_vs_M3_Macro_Oil_RegQuality__normalized__Oil_Rent_Intensive_Pre2016_ge1pct,Regulatory_Quality_lag1,normalized,Oil_Rent_Intensive_Pre2016_ge1pct,Future_Period,train_to_2018__test_from_2019,ElasticNet,signal_increment,-0.011499999999999993,1.0
M2_Macro_Oil_vs_M3_Macro_Oil_RegQuality__normalized__Oil_Rent_Intensive_Pre2016_ge1pct,Regulatory_Quality_lag1,normalized,Oil_Rent_Intensive_Pre2016_ge1pct,Future_Period,train_to_2018__test_from_2019,ElasticNet,signal_increment,-0.010999999999999992,1.0
M2_Macro_Oil_vs_M3_Macro_Oil_RegQuality__normalized__Oil_Rent_Intensive_Pre2016_ge1pct,Regulatory_Quality_lag1,normalized,Oil_Rent_Intensive_Pre2016_ge1pct,Future_Period,train_to_2018__test_from_2019,ElasticNet,signal_increment,-0.010499999999999992,1.0
M2_Macro_Oil_vs_M3_Macro_Oil_RegQuality__normalized__Oil_Rent_Intensive_Pre2016_ge1pct,Regulatory_Quality_lag1,normalized,Oil_Rent_Intensive_Pre2016_ge1pct,Future_Period,train_to_2018__test_from_2019,ElasticNet,signal_increment,-0.009999999999999992,1.0
M2_Macro_Oil_vs_M3_Macro_Oil_RegQuality__normalized__Oil_Rent_Intensive_Pre2016_ge1pct,Regulatory_Quality_lag1,normalized,Oil_Rent_Intensive_Pre2016_ge1pct,Future_Period,train_to_2018__test_from_2019,ElasticNet,signal_increment,-0.009499999999999991,1.0
M2_Macro_Oil_vs_M3_Macro_Oil_RegQuality__normalized__Oil_Rent_Intensive_Pre2016_ge1pct,Regulatory_Quality_lag1,normalized,Oil_Rent_Intensive_Pre2016_ge1pct,Future_Period,train_to_2018__test_from_2019,ElasticNet,signal_increment,-0.00899999999999999,1.0
M2_Macro_Oil_vs_M3_Macro_Oil_RegQuality__normalized__Oil_Rent_Intensive_Pre2016_ge1pct,Regulatory_Quality_lag1,normalized,Oil_Rent_Intensive_Pre2016_ge1pct,Future_Period,train_to_2018__test_from_2019,ElasticNet,signal_increment,-0.00849999999999999,1.0
M2_Macro_Oil_vs_M3_Macro_Oil_RegQuality__normalized__Oil_Rent_Intensive_Pre2016_ge1pct,Regulatory_Quality_lag1,normalized,Oil_Rent_Intensive_Pre2016_ge1pct,Future_Period,train_to_2018__test_from_2019,ElasticNet,signal_increment,-0.00799999999999999,1.0
M2_Macro_Oil_vs_M3_Macro_Oil_RegQuality__normalized__Oil_Rent_Intensive_Pre2016_ge1pct,Regulatory_Quality_lag1,normalized,Oil_Rent_Intensive_Pre2016_ge1pct,Future_Period,train_to_2018__test_from_2019,ElasticNet,signal_increment,-0.007499999999999989,1.0
M2_Macro_Oil_vs_M3_Macro_Oil_RegQuality__normalized__Oil_Rent_Intensive_Pre2016_ge1pct,Regulatory_Quality_lag1,normalized,Oil_Rent_Intensive_Pre2016_ge1pct,Future_Period,train_to_2018__test_from_2019,ElasticNet,signal_increment,-0.006999999999999989,1.0
M2_Macro_Oil_vs_M3_Macro_Oil_RegQuality__normalized__Oil_Rent_Intensive_Pre2016_ge1pct,Regulatory_Quality_lag1,normalized,Oil_Rent_Intensive_Pre2016_ge1pct,Future_Period,train_to_2018__test_from_2019,ElasticNet,signal_increment,-0.006499999999999988,1.0
M2_Macro_Oil_vs_M3_Macro_Oil_RegQuality__normalized__Oil_Rent_Intensive_Pre2016_ge1pct,Regulatory_Quality_lag1,normalized,Oil_Rent_Intensive_Pre2016_ge1pct,Future_Period,train_to_2018__test_from_2019,ElasticNet,signal_increment,-0.005999999999999988,1.0
M2_Macro_Oil_vs_M3_Macro_Oil_RegQuality__normalized__Oil_Rent_Intensive_Pre2016_ge1pct,Regulatory_Quality_lag1,normalized,Oil_Rent_Intensive_Pre2016_ge1pct,Future_Period,train_to_2018__test_from_2019,ElasticNet,signal_increment,-0.0054999999999999875,1.0
M2_Macro_Oil_vs_M3_Macro_Oil_RegQuality__normalized__Oil_Rent_Intensive_Pre2016_ge1pct,Regulatory_Quality_lag1,normalized,Oil_Rent_Intensive_Pre2016_ge1pct,Future_Period,train_to_2018__test_from_2019,ElasticNet,signal_increment,-0.004999999999999987,1.0
M2_Macro_Oil_vs_M3_Macro_Oil_RegQuality__normalized__Oil_Rent_Intensive_Pre2016_ge1pct,Regulatory_Quality_lag1,normalized,Oil_Rent_Intensive_Pre2016_ge1pct,Future_Period,train_to_2018__test_from_2019,ElasticNet,signal_increment,-0.004499999999999987,1.0
M2_Macro_Oil_vs_M3_Macro_Oil_RegQuality__normalized__Oil_Rent_Intensive_Pre2016_ge1pct,Regulatory_Quality_lag1,normalized,Oil_Rent_Intensive_Pre2016_ge1pct,Future_Period,train_to_2018__test_from_2019,ElasticNet,signal_increment,-0.003999999999999986,1.0
M2_Macro_Oil_vs_M3_Macro_Oil_RegQuality__normalized__Oil_Rent_Intensive_Pre2016_ge1pct,Regulatory_Quality_lag1,normalized,Oil_Rent_Intensive_Pre2016_ge1pct,Future_Period,train_to_2018__test_from_2019,ElasticNet,signal_increment,-0.0034999999999999858,0.999
M2_Macro_Oil_vs_M3_Macro_Oil_RegQuality__normalized__Oil_Rent_Intensive_Pre2016_ge1pct,Regulatory_Quality_lag1,normalized,Oil_Rent_Intensive_Pre2016_ge1pct,Future_Period,train_to_2018__test_from_2019,ElasticNet,signal_increment,-0.0029999999999999853,0.999
M2_Macro_Oil_vs_M3_Macro_Oil_RegQuality__normalized__Oil_Rent_Intensive_Pre2016_ge1pct,Regulatory_Quality_lag1,normalized,Oil_Rent_Intensive_Pre2016_ge1pct,Future_Period,train_to_2018__test_from_2019,ElasticNet,signal_increment,-0.002499999999999985,0.999
M2_Macro_Oil_vs_M3_Macro_Oil_RegQuality__normalized__Oil_Rent_Intensive_Pre2016_ge1pct,Regulatory_Quality_lag1,normalized,Oil_Rent_Intensive_Pre2016_ge1pct,Future_Period,train_to_2018__test_from_2019,ElasticNet,signal_increment,-0.0019999999999999844,0.9955
M2_Macro_Oil_vs_M3_Macro_Oil_RegQuality__normalized__Oil_Rent_Intensive_Pre2016_ge1pct,Regulatory_Quality_lag1,normalized,Oil_Rent_Intensive_Pre2016_ge1pct,Future_Period,train_to_2018__test_from_2019,ElasticNet,signal_increment,-0.001499999999999984,0.9875
M2_Macro_Oil_vs_M3_Macro_Oil_RegQuality__normalized__Oil_Rent_Intensive_Pre2016_ge1pct,Regulatory_Quality_lag1,normalized,Oil_Rent_Intensive_Pre2016_ge1pct,Future_Period,train_to_2018__test_from_2019,ElasticNet,signal_increment,-0.0009999999999999835,0.967
M2_Macro_Oil_vs_M3_Macro_Oil_RegQuality__normalized__Oil_Rent_Intensive_Pre2016_ge1pct,Regulatory_Quality_lag1,normalized,Oil_Rent_Intensive_Pre2016_ge1pct,Future_Period,train_to_2018__test_from_2019,ElasticNet,signal_increment,-0.0004999999999999831,0.902
M2_Macro_Oil_vs_M3_Macro_Oil_RegQuality__normalized__Oil_Rent_Intensive_Pre2016_ge1pct,Regulatory_Quality_lag1,normalized,Oil_Rent_Intensive_Pre2016_ge1pct,Future_Period,train_to_2018__test_from_2019,ElasticNet,signal_increment,1.734723475976807e-17,0.762
M2_Macro_Oil_vs_M3_Macro_Oil_RegQuality__normalized__Oil_Rent_Intensive_Pre2016_ge1pct,Regulatory_Quality_lag1,normalized,Oil_Rent_Intensive_Pre2016_ge1pct,Future_Period,train_to_2018__test_from_2019,ElasticNet,signal_increment,0.0005000000000000178,0.5615
M2_Macro_Oil_vs_M3_Macro_Oil_RegQuality__normalized__Oil_Rent_Intensive_Pre2016_ge1pct,Regulatory_Quality_lag1,normalized,Oil_Rent_Intensive_Pre2016_ge1pct,Future_Period,train_to_2018__test_from_2019,ElasticNet,signal_increment,0.0010000000000000182,0.331
M2_Macro_Oil_vs_M3_Macro_Oil_RegQuality__normalized__Oil_Rent_Intensive_Pre2016_ge1pct,Regulatory_Quality_lag1,normalized,Oil_Rent_Intensive_Pre2016_ge1pct,Future_Period,train_to_2018__test_from_2019,ElasticNet,signal_increment,0.0015000000000000187,0.1555
M2_Macro_Oil_vs_M3_Macro_Oil_RegQuality__normalized__Oil_Rent_Intensive_Pre2016_ge1pct,Regulatory_Quality_lag1,normalized,Oil_Rent_Intensive_Pre2016_ge1pct,Future_Period,train_to_2018__test_from_2019,ElasticNet,signal_increment,0.002000000000000019,0.0615
M2_Macro_Oil_vs_M3_Macro_Oil_RegQuality__normalized__Oil_Rent_Intensive_Pre2016_ge1pct,Regulatory_Quality_lag1,normalized,Oil_Rent_Intensive_Pre2016_ge1pct,Future_Period,train_to_2018__test_from_2019,ElasticNet,signal_increment,0.0025000000000000196,0.0235
M2_Macro_Oil_vs_M3_Macro_Oil_RegQuality__normalized__Oil_Rent_Intensive_Pre2016_ge1pct,Regulatory_Quality_lag1,normalized,Oil_Rent_Intensive_Pre2016_ge1pct,Future_Period,train_to_2018__test_from_2019,ElasticNet,signal_increment,0.00300000000000002,0.0075
M2_Macro_Oil_vs_M3_Macro_Oil_RegQuality__normalized__Oil_Rent_Intensive_Pre2016_ge1pct,Regulatory_Quality_lag1,normalized,Oil_Rent_Intensive_Pre2016_ge1pct,Future_Period,train_to_2018__test_from_2019,ElasticNet,signal_increment,0.0035000000000000205,0.0005
M2_Macro_Oil_vs_M3_Macro_Oil_RegQuality__normalized__Oil_Rent_Intensive_Pre2016_ge1pct,Regulatory_Quality_lag1,normalized,Oil_Rent_Intensive_Pre2016_ge1pct,Future_Period,train_to_2018__test_from_2019,ElasticNet,signal_increment,0.004000000000000021,0.0
M2_Macro_Oil_vs_M3_Macro_Oil_RegQuality__normalized__Oil_Rent_Intensive_Pre2016_ge1pct,Regulatory_Quality_lag1,normalized,Oil_Rent_Intensive_Pre2016_ge1pct,Future_Period,train_to_2018__test_from_2019,ElasticNet,signal_increment,0.004500000000000021,0.0
M2_Macro_Oil_vs_M3_Macro_Oil_RegQuality__normalized__Oil_Rent_Intensive_Pre2016_ge1pct,Regulatory_Quality_lag1,normalized,Oil_Rent_Intensive_Pre2016_ge1pct,Future_Period,train_to_2018__test_from_2019,ElasticNet,signal_increment,0.005000000000000022,0.0
M2_Macro_Oil_vs_M3_Macro_Oil_RegQuality__normalized__Oil_Rent_Intensive_Pre2016_ge1pct,Regulatory_Quality_lag1,normalized,Oil_Rent_Intensive_Pre2016_ge1pct,Future_Period,train_to_2018__test_from_2019,ElasticNet,signal_increment,0.005500000000000022,0.0
M2_Macro_Oil_vs_M3_Macro_Oil_RegQuality__normalized__Oil_Rent_Intensive_Pre2016_ge1pct,Regulatory_Quality_lag1,normalized,Oil_Rent_Intensive_Pre2016_ge1pct,Future_Period,train_to_2018__test_from_2019,ElasticNet,signal_increment,0.006000000000000023,0.0
M2_Macro_Oil_vs_M3_Macro_Oil_RegQuality__normalized__Oil_Rent_Intensive_Pre2016_ge1pct,Regulatory_Quality_lag1,normalized,Oil_Rent_Intensive_Pre2016_ge1pct,Future_Period,train_to_2018__test_from_2019,ElasticNet,signal_increment,0.006500000000000023,0.0
M2_Macro_Oil_vs_M3_Macro_Oil_RegQuality__normalized__Oil_Rent_Intensive_Pre2016_ge1pct,Regulatory_Quality_lag1,normalized,Oil_Rent_Intensive_Pre2016_ge1pct,Future_Period,train_to_2018__test_from_2019,ElasticNet,signal_increment,0.0070000000000000236,0.0
M2_Macro_Oil_vs_M3_Macro_Oil_RegQuality__normalized__Oil_Rent_Intensive_Pre2016_ge1pct,Regulatory_Quality_lag1,normalized,Oil_Rent_Intensive_Pre2016_ge1pct,Future_Period,train_to_2018__test_from_2019,ElasticNet,signal_increment,0.007500000000000024,0.0
M2_Macro_Oil_vs_M3_Macro_Oil_RegQuality__normalized__Oil_Rent_Intensive_Pre2016_ge1pct,Regulatory_Quality_lag1,normalized,Oil_Rent_Intensive_Pre2016_ge1pct,Future_Period,train_to_2018__test_from_2019,ElasticNet,signal_increment,0.008000000000000024,0.0
M2_Macro_Oil_vs_M3_Macro_Oil_RegQuality__normalized__Oil_Rent_Intensive_Pre2016_ge1pct,Regulatory_Quality_lag1,normalized,Oil_Rent_Intensive_Pre2016_ge1pct,Future_Period,train_to_2018__test_from_2019,ElasticNet,signal_increment,0.008500000000000025,0.0
M2_Macro_Oil_vs_M3_Macro_Oil_RegQuality__normalized__Oil_Rent_Intensive_Pre2016_ge1pct,Regulatory_Quality_lag1,normalized,Oil_Rent_Intensive_Pre2016_ge1pct,Future_Period,train_to_2018__test_from_2019,ElasticNet,signal_increment,0.009000000000000025,0.0
M2_Macro_Oil_vs_M3_Macro_Oil_RegQuality__normalized__Oil_Rent_Intensive_Pre2016_ge1pct,Regulatory_Quality_lag1,normalized,Oil_Rent_Intensive_Pre2016_ge1pct,Future_Period,train_to_2018__test_from_2019,ElasticNet,signal_increment,0.009500000000000026,0.0
M2_Macro_Oil_vs_M3_Macro_Oil_RegQuality__normalized__Oil_Rent_Intensive_Pre2016_ge1pct,Regulatory_Quality_lag1,normalized,Oil_Rent_Intensive_Pre2016_ge1pct,Future_Period,train_to_2018__test_from_2019,ElasticNet,signal_increment,0.010000000000000026,0.0
M2_Macro_Oil_vs_M3_Macro_Oil_RegQuality__normalized__Oil_Rent_Intensive_Pre2016_ge1pct,Regulatory_Quality_lag1,normalized,Oil_Rent_Intensive_Pre2016_ge1pct,Future_Period,train_to_2018__test_from_2019,ElasticNet,signal_increment,0.010500000000000027,0.0
M2_Macro_Oil_vs_M3_Macro_Oil_RegQuality__normalized__Oil_Rent_Intensive_Pre2016_ge1pct,Regulatory_Quality_lag1,normalized,Oil_Rent_Intensive_Pre2016_ge1pct,Future_Period,train_to_2018__test_from_2019,ElasticNet,signal_increment,0.011000000000000027,0.0
M2_Macro_Oil_vs_M3_Macro_Oil_RegQuality__normalized__Oil_Rent_Intensive_Pre2016_ge1pct,Regulatory_Quality_lag1,normalized,Oil_Rent_Intensive_Pre2016_ge1pct,Future_Period,train_to_2018__test_from_2019,ElasticNet,signal_increment,0.011500000000000028,0.0
M2_Macro_Oil_vs_M3_Macro_Oil_RegQuality__normalized__Oil_Rent_Intensive_Pre2016_ge1pct,Regulatory_Quality_lag1,normalized,Oil_Rent_Intensive_Pre2016_ge1pct,Future_Period,train_to_2018__test_from_2019,ElasticNet,signal_increment,0.012000000000000028,0.0
M2_Macro_Oil_vs_M3_Macro_Oil_RegQuality__normalized__Oil_Rent_Intensive_Pre2016_ge1pct,Regulatory_Quality_lag1,normalized,Oil_Rent_Intensive_Pre2016_ge1pct,Future_Period,train_to_2018__test_from_2019,ElasticNet,signal_increment,0.012500000000000028,0.0
M2_Macro_Oil_vs_M3_Macro_Oil_RegQuality__normalized__Oil_Rent_Intensive_Pre2016_ge1pct,Regulatory_Quality_lag1,normalized,Oil_Rent_Intensive_Pre2016_ge1pct,Future_Period,train_to_2018__test_from_2019,ElasticNet,signal_increment,0.013000000000000029,0.0
M2_Macro_Oil_vs_M3_Macro_Oil_RegQuality__normalized__Oil_Rent_Intensive_Pre2016_ge1pct,Regulatory_Quality_lag1,normalized,Oil_Rent_Intensive_Pre2016_ge1pct,Future_Period,train_to_2018__test_from_2019,ElasticNet,signal_increment,0.01350000000000003,0.0
M2_Macro_Oil_vs_M3_Macro_Oil_RegQuality__normalized__Oil_Rent_Intensive_Pre2016_ge1pct,Regulatory_Quality_lag1,normalized,Oil_Rent_Intensive_Pre2016_ge1pct,Future_Period,train_to_2018__test_from_2019,ElasticNet,signal_increment,0.01400000000000003,0.0
M2_Macro_Oil_vs_M3_Macro_Oil_RegQuality__normalized__Oil_Rent_Intensive_Pre2016_ge1pct,Regulatory_Quality_lag1,normalized,Oil_Rent_Intensive_Pre2016_ge1pct,Future_Period,train_to_2018__test_from_2019,ElasticNet,signal_increment,0.01450000000000003,0.0
M2_Macro_Oil_vs_M3_Macro_Oil_RegQuality__normalized__Oil_Rent_Intensive_Pre2016_ge1pct,Regulatory_Quality_lag1,normalized,Oil_Rent_Intensive_Pre2016_ge1pct,Future_Period,train_to_2018__test_from_2019,ElasticNet,signal_increment,0.01500000000000003,0.0
M2_Macro_Oil_vs_M3_Macro_Oil_RegQuality__normalized__Oil_Rent_Intensive_Pre2016_ge1pct,Regulatory_Quality_lag1,normalized,Oil_Rent_Intensive_Pre2016_ge1pct,Future_Period,train_to_2018__test_from_2019,ElasticNet,signal_increment,0.015500000000000031,0.0
M2_Macro_Oil_vs_M3_Macro_Oil_RegQuality__normalized__Oil_Rent_Intensive_Pre2016_ge1pct,Regulatory_Quality_lag1,normalized,Oil_Rent_Intensive_Pre2016_ge1pct,Future_Period,train_to_2018__test_from_2019,ElasticNet,signal_increment,0.01600000000000003,0.0
M2_Macro_Oil_vs_M3_Macro_Oil_RegQuality__normalized__Oil_Rent_Intensive_Pre2016_ge1pct,Regulatory_Quality_lag1,normalized,Oil_Rent_Intensive_Pre2016_ge1pct,Future_Period,train_to_2018__test_from_2019,ElasticNet,signal_increment,0.016500000000000032,0.0
M2_Macro_Oil_vs_M3_Macro_Oil_RegQuality__normalized__Oil_Rent_Intensive_Pre2016_ge1pct,Regulatory_Quality_lag1,normalized,Oil_Rent_Intensive_Pre2016_ge1pct,Future_Period,train_to_2018__test_from_2019,ElasticNet,signal_increment,0.017000000000000032,0.0
M2_Macro_Oil_vs_M3_Macro_Oil_RegQuality__normalized__Oil_Rent_Intensive_Pre2016_ge1pct,Regulatory_Quality_lag1,normalized,Oil_Rent_Intensive_Pre2016_ge1pct,Future_Period,train_to_2018__test_from_2019,ElasticNet,signal_increment,0.017500000000000033,0.0
M2_Macro_Oil_vs_M3_Macro_Oil_RegQuality__normalized__Oil_Rent_Intensive_Pre2016_ge1pct,Regulatory_Quality_lag1,normalized,Oil_Rent_Intensive_Pre2016_ge1pct,Future_Period,train_to_2018__test_from_2019,ElasticNet,signal_increment,0.018000000000000033,0.0
M2_Macro_Oil_vs_M3_Macro_Oil_RegQuality__normalized__Oil_Rent_Intensive_Pre2016_ge1pct,Regulatory_Quality_lag1,normalized,Oil_Rent_Intensive_Pre2016_ge1pct,Future_Period,train_to_2018__test_from_2019,ElasticNet,signal_increment,0.018500000000000034,0.0
M2_Macro_Oil_vs_M3_Macro_Oil_RegQuality__normalized__Oil_Rent_Intensive_Pre2016_ge1pct,Regulatory_Quality_lag1,normalized,Oil_Rent_Intensive_Pre2016_ge1pct,Future_Period,train_to_2018__test_from_2019,ElasticNet,signal_increment,0.019000000000000034,0.0
M2_Macro_Oil_vs_M3_Macro_Oil_RegQuality__normalized__Oil_Rent_Intensive_Pre2016_ge1pct,Regulatory_Quality_lag1,normalized,Oil_Rent_Intensive_Pre2016_ge1pct,Future_Period,train_to_2018__test_from_2019,ElasticNet,signal_increment,0.019500000000000035,0.0
M2_Macro_Oil_vs_M3_Macro_Oil_RegQuality__normalized__Oil_Rent_Intensive_Pre2016_ge1pct,Regulatory_Quality_lag1,normalized,Oil_Rent_Intensive_Pre2016_ge1pct,Future_Period,train_to_2018__test_from_2019,ElasticNet,signal_increment,0.020000000000000035,0.0
M2_Macro_Oil_vs_M3_Macro_Oil_RegQuality__normalized__Oil_Rent_Intensive_Pre2016_ge1pct,Regulatory_Quality_lag1,normalized,Oil_Rent_Intensive_Pre2016_ge1pct,Future_Period,train_to_2018__test_from_2019,ElasticNet,signal_increment,0.020500000000000036,0.0
M2_Macro_Oil_vs_M3_Macro_Oil_RegQuality__normalized__Oil_Rent_Intensive_Pre2016_ge1pct,Regulatory_Quality_lag1,normalized,Oil_Rent_Intensive_Pre2016_ge1pct,Future_Period,train_to_2018__test_from_2019,ElasticNet,signal_increment,0.021000000000000036,0.0
M2_Macro_Oil_vs_M3_Macro_Oil_RegQuality__normalized__Oil_Rent_Intensive_Pre2016_ge1pct,Regulatory_Quality_lag1,normalized,Oil_Rent_Intensive_Pre2016_ge1pct,Future_Period,train_to_2018__test_from_2019,ElasticNet,signal_increment,0.021500000000000036,0.0
M2_Macro_Oil_vs_M3_Macro_Oil_RegQuality__normalized__Oil_Rent_Intensive_Pre2016_ge1pct,Regulatory_Quality_lag1,normalized,Oil_Rent_Intensive_Pre2016_ge1pct,Future_Period,train_to_2018__test_from_2019,ElasticNet,signal_increment,0.022000000000000037,0.0
M2_Macro_Oil_vs_M3_Macro_Oil_RegQuality__normalized__Oil_Rent_Intensive_Pre2016_ge1pct,Regulatory_Quality_lag1,normalized,Oil_Rent_Intensive_Pre2016_ge1pct,Future_Period,train_to_2018__test_from_2019,ElasticNet,signal_increment,0.022500000000000037,0.0
M2_Macro_Oil_vs_M3_Macro_Oil_RegQuality__normalized__Oil_Rent_Intensive_Pre2016_ge1pct,Regulatory_Quality_lag1,normalized,Oil_Rent_Intensive_Pre2016_ge1pct,Future_Period,train_to_2018__test_from_2019,ElasticNet,signal_increment,0.023000000000000038,0.0
M2_Macro_Oil_vs_M3_Macro_Oil_RegQuality__normalized__Oil_Rent_Intensive_Pre2016_ge1pct,Regulatory_Quality_lag1,normalized,Oil_Rent_Intensive_Pre2016_ge1pct,Future_Period,train_to_2018__test_from_2019,ElasticNet,signal_increment,0.023500000000000038,0.0
M2_Macro_Oil_vs_M3_Macro_Oil_RegQuality__normalized__Oil_Rent_Intensive_Pre2016_ge1pct,Regulatory_Quality_lag1,normalized,Oil_Rent_Intensive_Pre2016_ge1pct,Future_Period,train_to_2018__test_from_2019,ElasticNet,signal_increment,0.02400000000000004,0.0
M2_Macro_Oil_vs_M3_Macro_Oil_RegQuality__normalized__Oil_Rent_Intensive_Pre2016_ge1pct,Regulatory_Quality_lag1,normalized,Oil_Rent_Intensive_Pre2016_ge1pct,Future_Period,train_to_2018__test_from_2019,ElasticNet,signal_increment,0.02450000000000004,0.0
M2_Macro_Oil_vs_M3_Macro_Oil_RegQuality__normalized__Oil_Rent_Intensive_Pre2016_ge1pct,Regulatory_Quality_lag1,normalized,Oil_Rent_Intensive_Pre2016_ge1pct,Future_Period,train_to_2018__test_from_2019,ElasticNet,signal_increment,0.02500000000000004,0.0
M2_Macro_Oil_vs_M3_Macro_Oil_RegQuality__normalized__Oil_Rent_Intensive_Pre2016_ge1pct,Regulatory_Quality_lag1,normalized,Oil_Rent_Intensive_Pre2016_ge1pct,Future_Period,train_to_2018__test_from_2019,ElasticNet,signal_increment,0.02550000000000004,0.0
M2_Macro_Oil_vs_M3_Macro_Oil_RegQuality__normalized__Oil_Rent_Intensive_Pre2016_ge1pct,Regulatory_Quality_lag1,normalized,Oil_Rent_Intensive_Pre2016_ge1pct,Future_Period,train_to_2018__test_from_2019,ElasticNet,signal_increment,0.02600000000000004,0.0
M2_Macro_Oil_vs_M3_Macro_Oil_RegQuality__normalized__Oil_Rent_Intensive_Pre2016_ge1pct,Regulatory_Quality_lag1,normalized,Oil_Rent_Intensive_Pre2016_ge1pct,Future_Period,train_to_2018__test_from_2019,ElasticNet,signal_increment,0.02650000000000004,0.0
M2_Macro_Oil_vs_M3_Macro_Oil_RegQuality__normalized__Oil_Rent_Intensive_Pre2016_ge1pct,Regulatory_Quality_lag1,normalized,Oil_Rent_Intensive_Pre2016_ge1pct,Future_Period,train_to_2018__test_from_2019,ElasticNet,signal_increment,0.02700000000000004,0.0
M2_Macro_Oil_vs_M3_Macro_Oil_RegQuality__normalized__Oil_Rent_Intensive_Pre2016_ge1pct,Regulatory_Quality_lag1,normalized,Oil_Rent_Intensive_Pre2016_ge1pct,Future_Period,train_to_2018__test_from_2019,ElasticNet,signal_increment,0.027500000000000042,0.0
M2_Macro_Oil_vs_M3_Macro_Oil_RegQuality__normalized__Oil_Rent_Intensive_Pre2016_ge1pct,Regulatory_Quality_lag1,normalized,Oil_Rent_Intensive_Pre2016_ge1pct,Future_Period,train_to_2018__test_from_2019,ElasticNet,signal_increment,0.028000000000000042,0.0
M2_Macro_Oil_vs_M3_Macro_Oil_RegQuality__normalized__Oil_Rent_Intensive_Pre2016_ge1pct,Regulatory_Quality_lag1,normalized,Oil_Rent_Intensive_Pre2016_ge1pct,Future_Period,train_to_2018__test_from_2019,ElasticNet,signal_increment,0.028500000000000043,0.0
M2_Macro_Oil_vs_M3_Macro_Oil_RegQuality__normalized__Oil_Rent_Intensive_Pre2016_ge1pct,Regulatory_Quality_lag1,normalized,Oil_Rent_Intensive_Pre2016_ge1pct,Future_Period,train_to_2018__test_from_2019,ElasticNet,signal_increment,0.029000000000000043,0.0
M2_Macro_Oil_vs_M3_Macro_Oil_RegQuality__normalized__Oil_Rent_Intensive_Pre2016_ge1pct,Regulatory_Quality_lag1,normalized,Oil_Rent_Intensive_Pre2016_ge1pct,Future_Period,train_to_2018__test_from_2019,ElasticNet,signal_increment,0.029500000000000044,0.0
M2_Macro_Oil_vs_M3_Macro_Oil_RegQuality__normalized__Oil_Rent_Intensive_Pre2016_ge1pct,Regulatory_Quality_lag1,normalized,Oil_Rent_Intensive_Pre2016_ge1pct,Future_Period,train_to_2018__test_from_2019,ElasticNet,signal_increment,0.030000000000000044,0.0
M2_Macro_Oil_vs_M3_Macro_Oil_RegQuality__normalized__Oil_Rent_Intensive_Pre2016_ge1pct,Regulatory_Quality_lag1,normalized,Oil_Rent_Intensive_Pre2016_ge1pct,Future_Period,train_to_2018__test_from_2019,ElasticNet,added_model_vs_strongest_benchmark,-0.02,0.9975
M2_Macro_Oil_vs_M3_Macro_Oil_RegQuality__normalized__Oil_Rent_Intensive_Pre2016_ge1pct,Regulatory_Quality_lag1,normalized,Oil_Rent_Intensive_Pre2016_ge1pct,Future_Period,train_to_2018__test_from_2019,ElasticNet,added_model_vs_strongest_benchmark,-0.0195,0.9975
M2_Macro_Oil_vs_M3_Macro_Oil_RegQuality__normalized__Oil_Rent_Intensive_Pre2016_ge1pct,Regulatory_Quality_lag1,normalized,Oil_Rent_Intensive_Pre2016_ge1pct,Future_Period,train_to_2018__test_from_2019,ElasticNet,added_model_vs_strongest_benchmark,-0.019,0.9975
M2_Macro_Oil_vs_M3_Macro_Oil_RegQuality__normalized__Oil_Rent_Intensive_Pre2016_ge1pct,Regulatory_Quality_lag1,normalized,Oil_Rent_Intensive_Pre2016_ge1pct,Future_Period,train_to_2018__test_from_2019,ElasticNet,added_model_vs_strongest_benchmark,-0.0185,0.997
M2_Macro_Oil_vs_M3_Macro_Oil_RegQuality__normalized__Oil_Rent_Intensive_Pre2016_ge1pct,Regulatory_Quality_lag1,normalized,Oil_Rent_Intensive_Pre2016_ge1pct,Future_Period,train_to_2018__test_from_2019,ElasticNet,added_model_vs_strongest_benchmark,-0.018,0.997
M2_Macro_Oil_vs_M3_Macro_Oil_RegQuality__normalized__Oil_Rent_Intensive_Pre2016_ge1pct,Regulatory_Quality_lag1,normalized,Oil_Rent_Intensive_Pre2016_ge1pct,Future_Period,train_to_2018__test_from_2019,ElasticNet,added_model_vs_strongest_benchmark,-0.017499999999999998,0.997
M2_Macro_Oil_vs_M3_Macro_Oil_RegQuality__normalized__Oil_Rent_Intensive_Pre2016_ge1pct,Regulatory_Quality_lag1,normalized,Oil_Rent_Intensive_Pre2016_ge1pct,Future_Period,train_to_2018__test_from_2019,ElasticNet,added_model_vs_strongest_benchmark,-0.016999999999999998,0.997
M2_Macro_Oil_vs_M3_Macro_Oil_RegQuality__normalized__Oil_Rent_Intensive_Pre2016_ge1pct,Regulatory_Quality_lag1,normalized,Oil_Rent_Intensive_Pre2016_ge1pct,Future_Period,train_to_2018__test_from_2019,ElasticNet,added_model_vs_strongest_benchmark,-0.016499999999999997,0.997
M2_Macro_Oil_vs_M3_Macro_Oil_RegQuality__normalized__Oil_Rent_Intensive_Pre2016_ge1pct,Regulatory_Quality_lag1,normalized,Oil_Rent_Intensive_Pre2016_ge1pct,Future_Period,train_to_2018__test_from_2019,ElasticNet,added_model_vs_strongest_benchmark,-0.015999999999999997,0.997
M2_Macro_Oil_vs_M3_Macro_Oil_RegQuality__normalized__Oil_Rent_Intensive_Pre2016_ge1pct,Regulatory_Quality_lag1,normalized,Oil_Rent_Intensive_Pre2016_ge1pct,Future_Period,train_to_2018__test_from_2019,ElasticNet,added_model_vs_strongest_benchmark,-0.015499999999999996,0.997
M2_Macro_Oil_vs_M3_Macro_Oil_RegQuality__normalized__Oil_Rent_Intensive_Pre2016_ge1pct,Regulatory_Quality_lag1,normalized,Oil_Rent_Intensive_Pre2016_ge1pct,Future_Period,train_to_2018__test_from_2019,ElasticNet,added_model_vs_strongest_benchmark,-0.014999999999999996,0.997
M2_Macro_Oil_vs_M3_Macro_Oil_RegQuality__normalized__Oil_Rent_Intensive_Pre2016_ge1pct,Regulatory_Quality_lag1,normalized,Oil_Rent_Intensive_Pre2016_ge1pct,Future_Period,train_to_2018__test_from_2019,ElasticNet,added_model_vs_strongest_benchmark,-0.014499999999999996,0.997
M2_Macro_Oil_vs_M3_Macro_Oil_RegQuality__normalized__Oil_Rent_Intensive_Pre2016_ge1pct,Regulatory_Quality_lag1,normalized,Oil_Rent_Intensive_Pre2016_ge1pct,Future_Period,train_to_2018__test_from_2019,ElasticNet,added_model_vs_strongest_benchmark,-0.013999999999999995,0.997
M2_Macro_Oil_vs_M3_Macro_Oil_RegQuality__normalized__Oil_Rent_Intensive_Pre2016_ge1pct,Regulatory_Quality_lag1,normalized,Oil_Rent_Intensive_Pre2016_ge1pct,Future_Period,train_to_2018__test_from_2019,ElasticNet,added_model_vs_strongest_benchmark,-0.013499999999999995,0.997
M2_Macro_Oil_vs_M3_Macro_Oil_RegQuality__normalized__Oil_Rent_Intensive_Pre2016_ge1pct,Regulatory_Quality_lag1,normalized,Oil_Rent_Intensive_Pre2016_ge1pct,Future_Period,train_to_2018__test_from_2019,ElasticNet,added_model_vs_strongest_benchmark,-0.012999999999999994,0.997
M2_Macro_Oil_vs_M3_Macro_Oil_RegQuality__normalized__Oil_Rent_Intensive_Pre2016_ge1pct,Regulatory_Quality_lag1,normalized,Oil_Rent_Intensive_Pre2016_ge1pct,Future_Period,train_to_2018__test_from_2019,ElasticNet,added_model_vs_strongest_benchmark,-0.012499999999999994,0.997
M2_Macro_Oil_vs_M3_Macro_Oil_RegQuality__normalized__Oil_Rent_Intensive_Pre2016_ge1pct,Regulatory_Quality_lag1,normalized,Oil_Rent_Intensive_Pre2016_ge1pct,Future_Period,train_to_2018__test_from_2019,ElasticNet,added_model_vs_strongest_benchmark,-0.011999999999999993,0.997
M2_Macro_Oil_vs_M3_Macro_Oil_RegQuality__normalized__Oil_Rent_Intensive_Pre2016_ge1pct,Regulatory_Quality_lag1,normalized,Oil_Rent_Intensive_Pre2016_ge1pct,Future_Period,train_to_2018__test_from_2019,ElasticNet,added_model_vs_strongest_benchmark,-0.011499999999999993,0.997
M2_Macro_Oil_vs_M3_Macro_Oil_RegQuality__normalized__Oil_Rent_Intensive_Pre2016_ge1pct,Regulatory_Quality_lag1,normalized,Oil_Rent_Intensive_Pre2016_ge1pct,Future_Period,train_to_2018__test_from_2019,ElasticNet,added_model_vs_strongest_benchmark,-0.010999999999999992,0.997
M2_Macro_Oil_vs_M3_Macro_Oil_RegQuality__normalized__Oil_Rent_Intensive_Pre2016_ge1pct,Regulatory_Quality_lag1,normalized,Oil_Rent_Intensive_Pre2016_ge1pct,Future_Period,train_to_2018__test_from_2019,ElasticNet,added_model_vs_strongest_benchmark,-0.010499999999999992,0.997
M2_Macro_Oil_vs_M3_Macro_Oil_RegQuality__normalized__Oil_Rent_Intensive_Pre2016_ge1pct,Regulatory_Quality_lag1,normalized,Oil_Rent_Intensive_Pre2016_ge1pct,Future_Period,train_to_2018__test_from_2019,ElasticNet,added_model_vs_strongest_benchmark,-0.009999999999999992,0.997
M2_Macro_Oil_vs_M3_Macro_Oil_RegQuality__normalized__Oil_Rent_Intensive_Pre2016_ge1pct,Regulatory_Quality_lag1,normalized,Oil_Rent_Intensive_Pre2016_ge1pct,Future_Period,train_to_2018__test_from_2019,ElasticNet,added_model_vs_strongest_benchmark,-0.009499999999999991,0.997
M2_Macro_Oil_vs_M3_Macro_Oil_RegQuality__normalized__Oil_Rent_Intensive_Pre2016_ge1pct,Regulatory_Quality_lag1,normalized,Oil_Rent_Intensive_Pre2016_ge1pct,Future_Period,train_to_2018__test_from_2019,ElasticNet,added_model_vs_strongest_benchmark,-0.00899999999999999,0.997
M2_Macro_Oil_vs_M3_Macro_Oil_RegQuality__normalized__Oil_Rent_Intensive_Pre2016_ge1pct,Regulatory_Quality_lag1,normalized,Oil_Rent_Intensive_Pre2016_ge1pct,Future_Period,train_to_2018__test_from_2019,ElasticNet,added_model_vs_strongest_benchmark,-0.00849999999999999,0.997
M2_Macro_Oil_vs_M3_Macro_Oil_RegQuality__normalized__Oil_Rent_Intensive_Pre2016_ge1pct,Regulatory_Quality_lag1,normalized,Oil_Rent_Intensive_Pre2016_ge1pct,Future_Period,train_to_2018__test_from_2019,ElasticNet,added_model_vs_strongest_benchmark,-0.00799999999999999,0.997
M2_Macro_Oil_vs_M3_Macro_Oil_RegQuality__normalized__Oil_Rent_Intensive_Pre2016_ge1pct,Regulatory_Quality_lag1,normalized,Oil_Rent_Intensive_Pre2016_ge1pct,Future_Period,train_to_2018__test_from_2019,ElasticNet,added_model_vs_strongest_benchmark,-0.007499999999999989,0.997
M2_Macro_Oil_vs_M3_Macro_Oil_RegQuality__normalized__Oil_Rent_Intensive_Pre2016_ge1pct,Regulatory_Quality_lag1,normalized,Oil_Rent_Intensive_Pre2016_ge1pct,Future_Period,train_to_2018__test_from_2019,ElasticNet,added_model_vs_strongest_benchmark,-0.006999999999999989,0.997
M2_Macro_Oil_vs_M3_Macro_Oil_RegQuality__normalized__Oil_Rent_Intensive_Pre2016_ge1pct,Regulatory_Quality_lag1,normalized,Oil_Rent_Intensive_Pre2016_ge1pct,Future_Period,train_to_2018__test_from_2019,ElasticNet,added_model_vs_strongest_benchmark,-0.006499999999999988,0.9965
M2_Macro_Oil_vs_M3_Macro_Oil_RegQuality__normalized__Oil_Rent_Intensive_Pre2016_ge1pct,Regulatory_Quality_lag1,normalized,Oil_Rent_Intensive_Pre2016_ge1pct,Future_Period,train_to_2018__test_from_2019,ElasticNet,added_model_vs_strongest_benchmark,-0.005999999999999988,0.9965
M2_Macro_Oil_vs_M3_Macro_Oil_RegQuality__normalized__Oil_Rent_Intensive_Pre2016_ge1pct,Regulatory_Quality_lag1,normalized,Oil_Rent_Intensive_Pre2016_ge1pct,Future_Period,train_to_2018__test_from_2019,ElasticNet,added_model_vs_strongest_benchmark,-0.0054999999999999875,0.9965
M2_Macro_Oil_vs_M3_Macro_Oil_RegQuality__normalized__Oil_Rent_Intensive_Pre2016_ge1pct,Regulatory_Quality_lag1,normalized,Oil_Rent_Intensive_Pre2016_ge1pct,Future_Period,train_to_2018__test_from_2019,ElasticNet,added_model_vs_strongest_benchmark,-0.004999999999999987,0.9965
M2_Macro_Oil_vs_M3_Macro_Oil_RegQuality__normalized__Oil_Rent_Intensive_Pre2016_ge1pct,Regulatory_Quality_lag1,normalized,Oil_Rent_Intensive_Pre2016_ge1pct,Future_Period,train_to_2018__test_from_2019,ElasticNet,added_model_vs_strongest_benchmark,-0.004499999999999987,0.9965
M2_Macro_Oil_vs_M3_Macro_Oil_RegQuality__normalized__Oil_Rent_Intensive_Pre2016_ge1pct,Regulatory_Quality_lag1,normalized,Oil_Rent_Intensive_Pre2016_ge1pct,Future_Period,train_to_2018__test_from_2019,ElasticNet,added_model_vs_strongest_benchmark,-0.003999999999999986,0.9965
M2_Macro_Oil_vs_M3_Macro_Oil_RegQuality__normalized__Oil_Rent_Intensive_Pre2016_ge1pct,Regulatory_Quality_lag1,normalized,Oil_Rent_Intensive_Pre2016_ge1pct,Future_Period,train_to_2018__test_from_2019,ElasticNet,added_model_vs_strongest_benchmark,-0.0034999999999999858,0.996
M2_Macro_Oil_vs_M3_Macro_Oil_RegQuality__normalized__Oil_Rent_Intensive_Pre2016_ge1pct,Regulatory_Quality_lag1,normalized,Oil_Rent_Intensive_Pre2016_ge1pct,Future_Period,train_to_2018__test_from_2019,ElasticNet,added_model_vs_strongest_benchmark,-0.0029999999999999853,0.996
M2_Macro_Oil_vs_M3_Macro_Oil_RegQuality__normalized__Oil_Rent_Intensive_Pre2016_ge1pct,Regulatory_Quality_lag1,normalized,Oil_Rent_Intensive_Pre2016_ge1pct,Future_Period,train_to_2018__test_from_2019,ElasticNet,added_model_vs_strongest_benchmark,-0.002499999999999985,0.996
M2_Macro_Oil_vs_M3_Macro_Oil_RegQuality__normalized__Oil_Rent_Intensive_Pre2016_ge1pct,Regulatory_Quality_lag1,normalized,Oil_Rent_Intensive_Pre2016_ge1pct,Future_Period,train_to_2018__test_from_2019,ElasticNet,added_model_vs_strongest_benchmark,-0.0019999999999999844,0.996
M2_Macro_Oil_vs_M3_Macro_Oil_RegQuality__normalized__Oil_Rent_Intensive_Pre2016_ge1pct,Regulatory_Quality_lag1,normalized,Oil_Rent_Intensive_Pre2016_ge1pct,Future_Period,train_to_2018__test_from_2019,ElasticNet,added_model_vs_strongest_benchmark,-0.001499999999999984,0.9955
M2_Macro_Oil_vs_M3_Macro_Oil_RegQuality__normalized__Oil_Rent_Intensive_Pre2016_ge1pct,Regulatory_Quality_lag1,normalized,Oil_Rent_Intensive_Pre2016_ge1pct,Future_Period,train_to_2018__test_from_2019,ElasticNet,added_model_vs_strongest_benchmark,-0.0009999999999999835,0.9945
M2_Macro_Oil_vs_M3_Macro_Oil_RegQuality__normalized__Oil_Rent_Intensive_Pre2016_ge1pct,Regulatory_Quality_lag1,normalized,Oil_Rent_Intensive_Pre2016_ge1pct,Future_Period,train_to_2018__test_from_2019,ElasticNet,added_model_vs_strongest_benchmark,-0.0004999999999999831,0.9945
M2_Macro_Oil_vs_M3_Macro_Oil_RegQuality__normalized__Oil_Rent_Intensive_Pre2016_ge1pct,Regulatory_Quality_lag1,normalized,Oil_Rent_Intensive_Pre2016_ge1pct,Future_Period,train_to_2018__test_from_2019,ElasticNet,added_model_vs_strongest_benchmark,1.734723475976807e-17,0.9945
M2_Macro_Oil_vs_M3_Macro_Oil_RegQuality__normalized__Oil_Rent_Intensive_Pre2016_ge1pct,Regulatory_Quality_lag1,normalized,Oil_Rent_Intensive_Pre2016_ge1pct,Future_Period,train_to_2018__test_from_2019,ElasticNet,added_model_vs_strongest_benchmark,0.0005000000000000178,0.9945
M2_Macro_Oil_vs_M3_Macro_Oil_RegQuality__normalized__Oil_Rent_Intensive_Pre2016_ge1pct,Regulatory_Quality_lag1,normalized,Oil_Rent_Intensive_Pre2016_ge1pct,Future_Period,train_to_2018__test_from_2019,ElasticNet,added_model_vs_strongest_benchmark,0.0010000000000000182,0.9945
M2_Macro_Oil_vs_M3_Macro_Oil_RegQuality__normalized__Oil_Rent_Intensive_Pre2016_ge1pct,Regulatory_Quality_lag1,normalized,Oil_Rent_Intensive_Pre2016_ge1pct,Future_Period,train_to_2018__test_from_2019,ElasticNet,added_model_vs_strongest_benchmark,0.0015000000000000187,0.9945
M2_Macro_Oil_vs_M3_Macro_Oil_RegQuality__normalized__Oil_Rent_Intensive_Pre2016_ge1pct,Regulatory_Quality_lag1,normalized,Oil_Rent_Intensive_Pre2016_ge1pct,Future_Period,train_to_2018__test_from_2019,ElasticNet,added_model_vs_strongest_benchmark,0.002000000000000019,0.9945
M2_Macro_Oil_vs_M3_Macro_Oil_RegQuality__normalized__Oil_Rent_Intensive_Pre2016_ge1pct,Regulatory_Quality_lag1,normalized,Oil_Rent_Intensive_Pre2016_ge1pct,Future_Period,train_to_2018__test_from_2019,ElasticNet,added_model_vs_strongest_benchmark,0.0025000000000000196,0.9945
M2_Macro_Oil_vs_M3_Macro_Oil_RegQuality__normalized__Oil_Rent_Intensive_Pre2016_ge1pct,Regulatory_Quality_lag1,normalized,Oil_Rent_Intensive_Pre2016_ge1pct,Future_Period,train_to_2018__test_from_2019,ElasticNet,added_model_vs_strongest_benchmark,0.00300000000000002,0.9945
M2_Macro_Oil_vs_M3_Macro_Oil_RegQuality__normalized__Oil_Rent_Intensive_Pre2016_ge1pct,Regulatory_Quality_lag1,normalized,Oil_Rent_Intensive_Pre2016_ge1pct,Future_Period,train_to_2018__test_from_2019,ElasticNet,added_model_vs_strongest_benchmark,0.0035000000000000205,0.9945
M2_Macro_Oil_vs_M3_Macro_Oil_RegQuality__normalized__Oil_Rent_Intensive_Pre2016_ge1pct,Regulatory_Quality_lag1,normalized,Oil_Rent_Intensive_Pre2016_ge1pct,Future_Period,train_to_2018__test_from_2019,ElasticNet,added_model_vs_strongest_benchmark,0.004000000000000021,0.9945
M2_Macro_Oil_vs_M3_Macro_Oil_RegQuality__normalized__Oil_Rent_Intensive_Pre2016_ge1pct,Regulatory_Quality_lag1,normalized,Oil_Rent_Intensive_Pre2016_ge1pct,Future_Period,train_to_2018__test_from_2019,ElasticNet,added_model_vs_strongest_benchmark,0.004500000000000021,0.9945
M2_Macro_Oil_vs_M3_Macro_Oil_RegQuality__normalized__Oil_Rent_Intensive_Pre2016_ge1pct,Regulatory_Quality_lag1,normalized,Oil_Rent_Intensive_Pre2016_ge1pct,Future_Period,train_to_2018__test_from_2019,ElasticNet,added_model_vs_strongest_benchmark,0.005000000000000022,0.9935
M2_Macro_Oil_vs_M3_Macro_Oil_RegQuality__normalized__Oil_Rent_Intensive_Pre2016_ge1pct,Regulatory_Quality_lag1,normalized,Oil_Rent_Intensive_Pre2016_ge1pct,Future_Period,train_to_2018__test_from_2019,ElasticNet,added_model_vs_strongest_benchmark,0.005500000000000022,0.993
M2_Macro_Oil_vs_M3_Macro_Oil_RegQuality__normalized__Oil_Rent_Intensive_Pre2016_ge1pct,Regulatory_Quality_lag1,normalized,Oil_Rent_Intensive_Pre2016_ge1pct,Future_Period,train_to_2018__test_from_2019,ElasticNet,added_model_vs_strongest_benchmark,0.006000000000000023,0.993
M2_Macro_Oil_vs_M3_Macro_Oil_RegQuality__normalized__Oil_Rent_Intensive_Pre2016_ge1pct,Regulatory_Quality_lag1,normalized,Oil_Rent_Intensive_Pre2016_ge1pct,Future_Period,train_to_2018__test_from_2019,ElasticNet,added_model_vs_strongest_benchmark,0.006500000000000023,0.992
M2_Macro_Oil_vs_M3_Macro_Oil_RegQuality__normalized__Oil_Rent_Intensive_Pre2016_ge1pct,Regulatory_Quality_lag1,normalized,Oil_Rent_Intensive_Pre2016_ge1pct,Future_Period,train_to_2018__test_from_2019,ElasticNet,added_model_vs_strongest_benchmark,0.0070000000000000236,0.992
M2_Macro_Oil_vs_M3_Macro_Oil_RegQuality__normalized__Oil_Rent_Intensive_Pre2016_ge1pct,Regulatory_Quality_lag1,normalized,Oil_Rent_Intensive_Pre2016_ge1pct,Future_Period,train_to_2018__test_from_2019,ElasticNet,added_model_vs_strongest_benchmark,0.007500000000000024,0.9915
M2_Macro_Oil_vs_M3_Macro_Oil_RegQuality__normalized__Oil_Rent_Intensive_Pre2016_ge1pct,Regulatory_Quality_lag1,normalized,Oil_Rent_Intensive_Pre2016_ge1pct,Future_Period,train_to_2018__test_from_2019,ElasticNet,added_model_vs_strongest_benchmark,0.008000000000000024,0.9915
M2_Macro_Oil_vs_M3_Macro_Oil_RegQuality__normalized__Oil_Rent_Intensive_Pre2016_ge1pct,Regulatory_Quality_lag1,normalized,Oil_Rent_Intensive_Pre2016_ge1pct,Future_Period,train_to_2018__test_from_2019,ElasticNet,added_model_vs_strongest_benchmark,0.008500000000000025,0.9915
M2_Macro_Oil_vs_M3_Macro_Oil_RegQuality__normalized__Oil_Rent_Intensive_Pre2016_ge1pct,Regulatory_Quality_lag1,normalized,Oil_Rent_Intensive_Pre2016_ge1pct,Future_Period,train_to_2018__test_from_2019,ElasticNet,added_model_vs_strongest_benchmark,0.009000000000000025,0.9915
M2_Macro_Oil_vs_M3_Macro_Oil_RegQuality__normalized__Oil_Rent_Intensive_Pre2016_ge1pct,Regulatory_Quality_lag1,normalized,Oil_Rent_Intensive_Pre2016_ge1pct,Future_Period,train_to_2018__test_from_2019,ElasticNet,added_model_vs_strongest_benchmark,0.009500000000000026,0.9915
M2_Macro_Oil_vs_M3_Macro_Oil_RegQuality__normalized__Oil_Rent_Intensive_Pre2016_ge1pct,Regulatory_Quality_lag1,normalized,Oil_Rent_Intensive_Pre2016_ge1pct,Future_Period,train_to_2018__test_from_2019,ElasticNet,added_model_vs_strongest_benchmark,0.010000000000000026,0.9915
M2_Macro_Oil_vs_M3_Macro_Oil_RegQuality__normalized__Oil_Rent_Intensive_Pre2016_ge1pct,Regulatory_Quality_lag1,normalized,Oil_Rent_Intensive_Pre2016_ge1pct,Future_Period,train_to_2018__test_from_2019,ElasticNet,added_model_vs_strongest_benchmark,0.010500000000000027,0.9905
M2_Macro_Oil_vs_M3_Macro_Oil_RegQuality__normalized__Oil_Rent_Intensive_Pre2016_ge1pct,Regulatory_Quality_lag1,normalized,Oil_Rent_Intensive_Pre2016_ge1pct,Future_Period,train_to_2018__test_from_2019,ElasticNet,added_model_vs_strongest_benchmark,0.011000000000000027,0.99
M2_Macro_Oil_vs_M3_Macro_Oil_RegQuality__normalized__Oil_Rent_Intensive_Pre2016_ge1pct,Regulatory_Quality_lag1,normalized,Oil_Rent_Intensive_Pre2016_ge1pct,Future_Period,train_to_2018__test_from_2019,ElasticNet,added_model_vs_strongest_benchmark,0.011500000000000028,0.989
M2_Macro_Oil_vs_M3_Macro_Oil_RegQuality__normalized__Oil_Rent_Intensive_Pre2016_ge1pct,Regulatory_Quality_lag1,normalized,Oil_Rent_Intensive_Pre2016_ge1pct,Future_Period,train_to_2018__test_from_2019,ElasticNet,added_model_vs_strongest_benchmark,0.012000000000000028,0.9885
M2_Macro_Oil_vs_M3_Macro_Oil_RegQuality__normalized__Oil_Rent_Intensive_Pre2016_ge1pct,Regulatory_Quality_lag1,normalized,Oil_Rent_Intensive_Pre2016_ge1pct,Future_Period,train_to_2018__test_from_2019,ElasticNet,added_model_vs_strongest_benchmark,0.012500000000000028,0.9885
M2_Macro_Oil_vs_M3_Macro_Oil_RegQuality__normalized__Oil_Rent_Intensive_Pre2016_ge1pct,Regulatory_Quality_lag1,normalized,Oil_Rent_Intensive_Pre2016_ge1pct,Future_Period,train_to_2018__test_from_2019,ElasticNet,added_model_vs_strongest_benchmark,0.013000000000000029,0.9885
M2_Macro_Oil_vs_M3_Macro_Oil_RegQuality__normalized__Oil_Rent_Intensive_Pre2016_ge1pct,Regulatory_Quality_lag1,normalized,Oil_Rent_Intensive_Pre2016_ge1pct,Future_Period,train_to_2018__test_from_2019,ElasticNet,added_model_vs_strongest_benchmark,0.01350000000000003,0.9885
M2_Macro_Oil_vs_M3_Macro_Oil_RegQuality__normalized__Oil_Rent_Intensive_Pre2016_ge1pct,Regulatory_Quality_lag1,normalized,Oil_Rent_Intensive_Pre2016_ge1pct,Future_Period,train_to_2018__test_from_2019,ElasticNet,added_model_vs_strongest_benchmark,0.01400000000000003,0.9885
M2_Macro_Oil_vs_M3_Macro_Oil_RegQuality__normalized__Oil_Rent_Intensive_Pre2016_ge1pct,Regulatory_Quality_lag1,normalized,Oil_Rent_Intensive_Pre2016_ge1pct,Future_Period,train_to_2018__test_from_2019,ElasticNet,added_model_vs_strongest_benchmark,0.01450000000000003,0.9885
M2_Macro_Oil_vs_M3_Macro_Oil_RegQuality__normalized__Oil_Rent_Intensive_Pre2016_ge1pct,Regulatory_Quality_lag1,normalized,Oil_Rent_Intensive_Pre2016_ge1pct,Future_Period,train_to_2018__test_from_2019,ElasticNet,added_model_vs_strongest_benchmark,0.01500000000000003,0.9885
M2_Macro_Oil_vs_M3_Macro_Oil_RegQuality__normalized__Oil_Rent_Intensive_Pre2016_ge1pct,Regulatory_Quality_lag1,normalized,Oil_Rent_Intensive_Pre2016_ge1pct,Future_Period,train_to_2018__test_from_2019,ElasticNet,added_model_vs_strongest_benchmark,0.015500000000000031,0.9885
M2_Macro_Oil_vs_M3_Macro_Oil_RegQuality__normalized__Oil_Rent_Intensive_Pre2016_ge1pct,Regulatory_Quality_lag1,normalized,Oil_Rent_Intensive_Pre2016_ge1pct,Future_Period,train_to_2018__test_from_2019,ElasticNet,added_model_vs_strongest_benchmark,0.01600000000000003,0.988
M2_Macro_Oil_vs_M3_Macro_Oil_RegQuality__normalized__Oil_Rent_Intensive_Pre2016_ge1pct,Regulatory_Quality_lag1,normalized,Oil_Rent_Intensive_Pre2016_ge1pct,Future_Period,train_to_2018__test_from_2019,ElasticNet,added_model_vs_strongest_benchmark,0.016500000000000032,0.988
M2_Macro_Oil_vs_M3_Macro_Oil_RegQuality__normalized__Oil_Rent_Intensive_Pre2016_ge1pct,Regulatory_Quality_lag1,normalized,Oil_Rent_Intensive_Pre2016_ge1pct,Future_Period,train_to_2018__test_from_2019,ElasticNet,added_model_vs_strongest_benchmark,0.017000000000000032,0.988
M2_Macro_Oil_vs_M3_Macro_Oil_RegQuality__normalized__Oil_Rent_Intensive_Pre2016_ge1pct,Regulatory_Quality_lag1,normalized,Oil_Rent_Intensive_Pre2016_ge1pct,Future_Period,train_to_2018__test_from_2019,ElasticNet,added_model_vs_strongest_benchmark,0.017500000000000033,0.988
M2_Macro_Oil_vs_M3_Macro_Oil_RegQuality__normalized__Oil_Rent_Intensive_Pre2016_ge1pct,Regulatory_Quality_lag1,normalized,Oil_Rent_Intensive_Pre2016_ge1pct,Future_Period,train_to_2018__test_from_2019,ElasticNet,added_model_vs_strongest_benchmark,0.018000000000000033,0.9875
M2_Macro_Oil_vs_M3_Macro_Oil_RegQuality__normalized__Oil_Rent_Intensive_Pre2016_ge1pct,Regulatory_Quality_lag1,normalized,Oil_Rent_Intensive_Pre2016_ge1pct,Future_Period,train_to_2018__test_from_2019,ElasticNet,added_model_vs_strongest_benchmark,0.018500000000000034,0.9875
M2_Macro_Oil_vs_M3_Macro_Oil_RegQuality__normalized__Oil_Rent_Intensive_Pre2016_ge1pct,Regulatory_Quality_lag1,normalized,Oil_Rent_Intensive_Pre2016_ge1pct,Future_Period,train_to_2018__test_from_2019,ElasticNet,added_model_vs_strongest_benchmark,0.019000000000000034,0.9875
M2_Macro_Oil_vs_M3_Macro_Oil_RegQuality__normalized__Oil_Rent_Intensive_Pre2016_ge1pct,Regulatory_Quality_lag1,normalized,Oil_Rent_Intensive_Pre2016_ge1pct,Future_Period,train_to_2018__test_from_2019,ElasticNet,added_model_vs_strongest_benchmark,0.019500000000000035,0.987
M2_Macro_Oil_vs_M3_Macro_Oil_RegQuality__normalized__Oil_Rent_Intensive_Pre2016_ge1pct,Regulatory_Quality_lag1,normalized,Oil_Rent_Intensive_Pre2016_ge1pct,Future_Period,train_to_2018__test_from_2019,ElasticNet,added_model_vs_strongest_benchmark,0.020000000000000035,0.987
M2_Macro_Oil_vs_M3_Macro_Oil_RegQuality__normalized__Oil_Rent_Intensive_Pre2016_ge1pct,Regulatory_Quality_lag1,normalized,Oil_Rent_Intensive_Pre2016_ge1pct,Future_Period,train_to_2018__test_from_2019,ElasticNet,added_model_vs_strongest_benchmark,0.020500000000000036,0.987
M2_Macro_Oil_vs_M3_Macro_Oil_RegQuality__normalized__Oil_Rent_Intensive_Pre2016_ge1pct,Regulatory_Quality_lag1,normalized,Oil_Rent_Intensive_Pre2016_ge1pct,Future_Period,train_to_2018__test_from_2019,ElasticNet,added_model_vs_strongest_benchmark,0.021000000000000036,0.987
M2_Macro_Oil_vs_M3_Macro_Oil_RegQuality__normalized__Oil_Rent_Intensive_Pre2016_ge1pct,Regulatory_Quality_lag1,normalized,Oil_Rent_Intensive_Pre2016_ge1pct,Future_Period,train_to_2018__test_from_2019,ElasticNet,added_model_vs_strongest_benchmark,0.021500000000000036,0.9865
M2_Macro_Oil_vs_M3_Macro_Oil_RegQuality__normalized__Oil_Rent_Intensive_Pre2016_ge1pct,Regulatory_Quality_lag1,normalized,Oil_Rent_Intensive_Pre2016_ge1pct,Future_Period,train_to_2018__test_from_2019,ElasticNet,added_model_vs_strongest_benchmark,0.022000000000000037,0.9855
M2_Macro_Oil_vs_M3_Macro_Oil_RegQuality__normalized__Oil_Rent_Intensive_Pre2016_ge1pct,Regulatory_Quality_lag1,normalized,Oil_Rent_Intensive_Pre2016_ge1pct,Future_Period,train_to_2018__test_from_2019,ElasticNet,added_model_vs_strongest_benchmark,0.022500000000000037,0.9855
M2_Macro_Oil_vs_M3_Macro_Oil_RegQuality__normalized__Oil_Rent_Intensive_Pre2016_ge1pct,Regulatory_Quality_lag1,normalized,Oil_Rent_Intensive_Pre2016_ge1pct,Future_Period,train_to_2018__test_from_2019,ElasticNet,added_model_vs_strongest_benchmark,0.023000000000000038,0.9855
M2_Macro_Oil_vs_M3_Macro_Oil_RegQuality__normalized__Oil_Rent_Intensive_Pre2016_ge1pct,Regulatory_Quality_lag1,normalized,Oil_Rent_Intensive_Pre2016_ge1pct,Future_Period,train_to_2018__test_from_2019,ElasticNet,added_model_vs_strongest_benchmark,0.023500000000000038,0.9855
M2_Macro_Oil_vs_M3_Macro_Oil_RegQuality__normalized__Oil_Rent_Intensive_Pre2016_ge1pct,Regulatory_Quality_lag1,normalized,Oil_Rent_Intensive_Pre2016_ge1pct,Future_Period,train_to_2018__test_from_2019,ElasticNet,added_model_vs_strongest_benchmark,0.02400000000000004,0.985
M2_Macro_Oil_vs_M3_Macro_Oil_RegQuality__normalized__Oil_Rent_Intensive_Pre2016_ge1pct,Regulatory_Quality_lag1,normalized,Oil_Rent_Intensive_Pre2016_ge1pct,Future_Period,train_to_2018__test_from_2019,ElasticNet,added_model_vs_strongest_benchmark,0.02450000000000004,0.985
M2_Macro_Oil_vs_M3_Macro_Oil_RegQuality__normalized__Oil_Rent_Intensive_Pre2016_ge1pct,Regulatory_Quality_lag1,normalized,Oil_Rent_Intensive_Pre2016_ge1pct,Future_Period,train_to_2018__test_from_2019,ElasticNet,added_model_vs_strongest_benchmark,0.02500000000000004,0.985
M2_Macro_Oil_vs_M3_Macro_Oil_RegQuality__normalized__Oil_Rent_Intensive_Pre2016_ge1pct,Regulatory_Quality_lag1,normalized,Oil_Rent_Intensive_Pre2016_ge1pct,Future_Period,train_to_2018__test_from_2019,ElasticNet,added_model_vs_strongest_benchmark,0.02550000000000004,0.985
M2_Macro_Oil_vs_M3_Macro_Oil_RegQuality__normalized__Oil_Rent_Intensive_Pre2016_ge1pct,Regulatory_Quality_lag1,normalized,Oil_Rent_Intensive_Pre2016_ge1pct,Future_Period,train_to_2018__test_from_2019,ElasticNet,added_model_vs_strongest_benchmark,0.02600000000000004,0.985
M2_Macro_Oil_vs_M3_Macro_Oil_RegQuality__normalized__Oil_Rent_Intensive_Pre2016_ge1pct,Regulatory_Quality_lag1,normalized,Oil_Rent_Intensive_Pre2016_ge1pct,Future_Period,train_to_2018__test_from_2019,ElasticNet,added_model_vs_strongest_benchmark,0.02650000000000004,0.985
M2_Macro_Oil_vs_M3_Macro_Oil_RegQuality__normalized__Oil_Rent_Intensive_Pre2016_ge1pct,Regulatory_Quality_lag1,normalized,Oil_Rent_Intensive_Pre2016_ge1pct,Future_Period,train_to_2018__test_from_2019,ElasticNet,added_model_vs_strongest_benchmark,0.02700000000000004,0.985
M2_Macro_Oil_vs_M3_Macro_Oil_RegQuality__normalized__Oil_Rent_Intensive_Pre2016_ge1pct,Regulatory_Quality_lag1,normalized,Oil_Rent_Intensive_Pre2016_ge1pct,Future_Period,train_to_2018__test_from_2019,ElasticNet,added_model_vs_strongest_benchmark,0.027500000000000042,0.985
M2_Macro_Oil_vs_M3_Macro_Oil_RegQuality__normalized__Oil_Rent_Intensive_Pre2016_ge1pct,Regulatory_Quality_lag1,normalized,Oil_Rent_Intensive_Pre2016_ge1pct,Future_Period,train_to_2018__test_from_2019,ElasticNet,added_model_vs_strongest_benchmark,0.028000000000000042,0.9845
M2_Macro_Oil_vs_M3_Macro_Oil_RegQuality__normalized__Oil_Rent_Intensive_Pre2016_ge1pct,Regulatory_Quality_lag1,normalized,Oil_Rent_Intensive_Pre2016_ge1pct,Future_Period,train_to_2018__test_from_2019,ElasticNet,added_model_vs_strongest_benchmark,0.028500000000000043,0.984
M2_Macro_Oil_vs_M3_Macro_Oil_RegQuality__normalized__Oil_Rent_Intensive_Pre2016_ge1pct,Regulatory_Quality_lag1,normalized,Oil_Rent_Intensive_Pre2016_ge1pct,Future_Period,train_to_2018__test_from_2019,ElasticNet,added_model_vs_strongest_benchmark,0.029000000000000043,0.9835
M2_Macro_Oil_vs_M3_Macro_Oil_RegQuality__normalized__Oil_Rent_Intensive_Pre2016_ge1pct,Regulatory_Quality_lag1,normalized,Oil_Rent_Intensive_Pre2016_ge1pct,Future_Period,train_to_2018__test_from_2019,ElasticNet,added_model_vs_strongest_benchmark,0.029500000000000044,0.983
M2_Macro_Oil_vs_M3_Macro_Oil_RegQuality__normalized__Oil_Rent_Intensive_Pre2016_ge1pct,Regulatory_Quality_lag1,normalized,Oil_Rent_Intensive_Pre2016_ge1pct,Future_Period,train_to_2018__test_from_2019,ElasticNet,added_model_vs_strongest_benchmark,0.030000000000000044,0.9825
M2_Macro_Oil_vs_M3_Macro_Oil_RegQuality__normalized__Oil_Rent_Intensive_Pre2016_ge1pct,Regulatory_Quality_lag1,normalized,Oil_Rent_Intensive_Pre2016_ge1pct,Future_Period,train_to_2018__test_from_2019,RandomForest,signal_increment,-0.02,0.9955
M2_Macro_Oil_vs_M3_Macro_Oil_RegQuality__normalized__Oil_Rent_Intensive_Pre2016_ge1pct,Regulatory_Quality_lag1,normalized,Oil_Rent_Intensive_Pre2016_ge1pct,Future_Period,train_to_2018__test_from_2019,RandomForest,signal_increment,-0.0195,0.9955
M2_Macro_Oil_vs_M3_Macro_Oil_RegQuality__normalized__Oil_Rent_Intensive_Pre2016_ge1pct,Regulatory_Quality_lag1,normalized,Oil_Rent_Intensive_Pre2016_ge1pct,Future_Period,train_to_2018__test_from_2019,RandomForest,signal_increment,-0.019,0.994
M2_Macro_Oil_vs_M3_Macro_Oil_RegQuality__normalized__Oil_Rent_Intensive_Pre2016_ge1pct,Regulatory_Quality_lag1,normalized,Oil_Rent_Intensive_Pre2016_ge1pct,Future_Period,train_to_2018__test_from_2019,RandomForest,signal_increment,-0.0185,0.9935
M2_Macro_Oil_vs_M3_Macro_Oil_RegQuality__normalized__Oil_Rent_Intensive_Pre2016_ge1pct,Regulatory_Quality_lag1,normalized,Oil_Rent_Intensive_Pre2016_ge1pct,Future_Period,train_to_2018__test_from_2019,RandomForest,signal_increment,-0.018,0.993
M2_Macro_Oil_vs_M3_Macro_Oil_RegQuality__normalized__Oil_Rent_Intensive_Pre2016_ge1pct,Regulatory_Quality_lag1,normalized,Oil_Rent_Intensive_Pre2016_ge1pct,Future_Period,train_to_2018__test_from_2019,RandomForest,signal_increment,-0.017499999999999998,0.993
M2_Macro_Oil_vs_M3_Macro_Oil_RegQuality__normalized__Oil_Rent_Intensive_Pre2016_ge1pct,Regulatory_Quality_lag1,normalized,Oil_Rent_Intensive_Pre2016_ge1pct,Future_Period,train_to_2018__test_from_2019,RandomForest,signal_increment,-0.016999999999999998,0.992
M2_Macro_Oil_vs_M3_Macro_Oil_RegQuality__normalized__Oil_Rent_Intensive_Pre2016_ge1pct,Regulatory_Quality_lag1,normalized,Oil_Rent_Intensive_Pre2016_ge1pct,Future_Period,train_to_2018__test_from_2019,RandomForest,signal_increment,-0.016499999999999997,0.991
M2_Macro_Oil_vs_M3_Macro_Oil_RegQuality__normalized__Oil_Rent_Intensive_Pre2016_ge1pct,Regulatory_Quality_lag1,normalized,Oil_Rent_Intensive_Pre2016_ge1pct,Future_Period,train_to_2018__test_from_2019,RandomForest,signal_increment,-0.015999999999999997,0.9895
M2_Macro_Oil_vs_M3_Macro_Oil_RegQuality__normalized__Oil_Rent_Intensive_Pre2016_ge1pct,Regulatory_Quality_lag1,normalized,Oil_Rent_Intensive_Pre2016_ge1pct,Future_Period,train_to_2018__test_from_2019,RandomForest,signal_increment,-0.015499999999999996,0.9895
M2_Macro_Oil_vs_M3_Macro_Oil_RegQuality__normalized__Oil_Rent_Intensive_Pre2016_ge1pct,Regulatory_Quality_lag1,normalized,Oil_Rent_Intensive_Pre2016_ge1pct,Future_Period,train_to_2018__test_from_2019,RandomForest,signal_increment,-0.014999999999999996,0.989
M2_Macro_Oil_vs_M3_Macro_Oil_RegQuality__normalized__Oil_Rent_Intensive_Pre2016_ge1pct,Regulatory_Quality_lag1,normalized,Oil_Rent_Intensive_Pre2016_ge1pct,Future_Period,train_to_2018__test_from_2019,RandomForest,signal_increment,-0.014499999999999996,0.989
M2_Macro_Oil_vs_M3_Macro_Oil_RegQuality__normalized__Oil_Rent_Intensive_Pre2016_ge1pct,Regulatory_Quality_lag1,normalized,Oil_Rent_Intensive_Pre2016_ge1pct,Future_Period,train_to_2018__test_from_2019,RandomForest,signal_increment,-0.013999999999999995,0.9865
M2_Macro_Oil_vs_M3_Macro_Oil_RegQuality__normalized__Oil_Rent_Intensive_Pre2016_ge1pct,Regulatory_Quality_lag1,normalized,Oil_Rent_Intensive_Pre2016_ge1pct,Future_Period,train_to_2018__test_from_2019,RandomForest,signal_increment,-0.013499999999999995,0.9855
M2_Macro_Oil_vs_M3_Macro_Oil_RegQuality__normalized__Oil_Rent_Intensive_Pre2016_ge1pct,Regulatory_Quality_lag1,normalized,Oil_Rent_Intensive_Pre2016_ge1pct,Future_Period,train_to_2018__test_from_2019,RandomForest,signal_increment,-0.012999999999999994,0.985
M2_Macro_Oil_vs_M3_Macro_Oil_RegQuality__normalized__Oil_Rent_Intensive_Pre2016_ge1pct,Regulatory_Quality_lag1,normalized,Oil_Rent_Intensive_Pre2016_ge1pct,Future_Period,train_to_2018__test_from_2019,RandomForest,signal_increment,-0.012499999999999994,0.9845
M2_Macro_Oil_vs_M3_Macro_Oil_RegQuality__normalized__Oil_Rent_Intensive_Pre2016_ge1pct,Regulatory_Quality_lag1,normalized,Oil_Rent_Intensive_Pre2016_ge1pct,Future_Period,train_to_2018__test_from_2019,RandomForest,signal_increment,-0.011999999999999993,0.983
M2_Macro_Oil_vs_M3_Macro_Oil_RegQuality__normalized__Oil_Rent_Intensive_Pre2016_ge1pct,Regulatory_Quality_lag1,normalized,Oil_Rent_Intensive_Pre2016_ge1pct,Future_Period,train_to_2018__test_from_2019,RandomForest,signal_increment,-0.011499999999999993,0.9825
M2_Macro_Oil_vs_M3_Macro_Oil_RegQuality__normalized__Oil_Rent_Intensive_Pre2016_ge1pct,Regulatory_Quality_lag1,normalized,Oil_Rent_Intensive_Pre2016_ge1pct,Future_Period,train_to_2018__test_from_2019,RandomForest,signal_increment,-0.010999999999999992,0.982
M2_Macro_Oil_vs_M3_Macro_Oil_RegQuality__normalized__Oil_Rent_Intensive_Pre2016_ge1pct,Regulatory_Quality_lag1,normalized,Oil_Rent_Intensive_Pre2016_ge1pct,Future_Period,train_to_2018__test_from_2019,RandomForest,signal_increment,-0.010499999999999992,0.9815
M2_Macro_Oil_vs_M3_Macro_Oil_RegQuality__normalized__Oil_Rent_Intensive_Pre2016_ge1pct,Regulatory_Quality_lag1,normalized,Oil_Rent_Intensive_Pre2016_ge1pct,Future_Period,train_to_2018__test_from_2019,RandomForest,signal_increment,-0.009999999999999992,0.981
M2_Macro_Oil_vs_M3_Macro_Oil_RegQuality__normalized__Oil_Rent_Intensive_Pre2016_ge1pct,Regulatory_Quality_lag1,normalized,Oil_Rent_Intensive_Pre2016_ge1pct,Future_Period,train_to_2018__test_from_2019,RandomForest,signal_increment,-0.009499999999999991,0.979
M2_Macro_Oil_vs_M3_Macro_Oil_RegQuality__normalized__Oil_Rent_Intensive_Pre2016_ge1pct,Regulatory_Quality_lag1,normalized,Oil_Rent_Intensive_Pre2016_ge1pct,Future_Period,train_to_2018__test_from_2019,RandomForest,signal_increment,-0.00899999999999999,0.976
M2_Macro_Oil_vs_M3_Macro_Oil_RegQuality__normalized__Oil_Rent_Intensive_Pre2016_ge1pct,Regulatory_Quality_lag1,normalized,Oil_Rent_Intensive_Pre2016_ge1pct,Future_Period,train_to_2018__test_from_2019,RandomForest,signal_increment,-0.00849999999999999,0.9755
M2_Macro_Oil_vs_M3_Macro_Oil_RegQuality__normalized__Oil_Rent_Intensive_Pre2016_ge1pct,Regulatory_Quality_lag1,normalized,Oil_Rent_Intensive_Pre2016_ge1pct,Future_Period,train_to_2018__test_from_2019,RandomForest,signal_increment,-0.00799999999999999,0.974
M2_Macro_Oil_vs_M3_Macro_Oil_RegQuality__normalized__Oil_Rent_Intensive_Pre2016_ge1pct,Regulatory_Quality_lag1,normalized,Oil_Rent_Intensive_Pre2016_ge1pct,Future_Period,train_to_2018__test_from_2019,RandomForest,signal_increment,-0.007499999999999989,0.9735
M2_Macro_Oil_vs_M3_Macro_Oil_RegQuality__normalized__Oil_Rent_Intensive_Pre2016_ge1pct,Regulatory_Quality_lag1,normalized,Oil_Rent_Intensive_Pre2016_ge1pct,Future_Period,train_to_2018__test_from_2019,RandomForest,signal_increment,-0.006999999999999989,0.972
M2_Macro_Oil_vs_M3_Macro_Oil_RegQuality__normalized__Oil_Rent_Intensive_Pre2016_ge1pct,Regulatory_Quality_lag1,normalized,Oil_Rent_Intensive_Pre2016_ge1pct,Future_Period,train_to_2018__test_from_2019,RandomForest,signal_increment,-0.006499999999999988,0.971
M2_Macro_Oil_vs_M3_Macro_Oil_RegQuality__normalized__Oil_Rent_Intensive_Pre2016_ge1pct,Regulatory_Quality_lag1,normalized,Oil_Rent_Intensive_Pre2016_ge1pct,Future_Period,train_to_2018__test_from_2019,RandomForest,signal_increment,-0.005999999999999988,0.9695
M2_Macro_Oil_vs_M3_Macro_Oil_RegQuality__normalized__Oil_Rent_Intensive_Pre2016_ge1pct,Regulatory_Quality_lag1,normalized,Oil_Rent_Intensive_Pre2016_ge1pct,Future_Period,train_to_2018__test_from_2019,RandomForest,signal_increment,-0.0054999999999999875,0.964
M2_Macro_Oil_vs_M3_Macro_Oil_RegQuality__normalized__Oil_Rent_Intensive_Pre2016_ge1pct,Regulatory_Quality_lag1,normalized,Oil_Rent_Intensive_Pre2016_ge1pct,Future_Period,train_to_2018__test_from_2019,RandomForest,signal_increment,-0.004999999999999987,0.962
M2_Macro_Oil_vs_M3_Macro_Oil_RegQuality__normalized__Oil_Rent_Intensive_Pre2016_ge1pct,Regulatory_Quality_lag1,normalized,Oil_Rent_Intensive_Pre2016_ge1pct,Future_Period,train_to_2018__test_from_2019,RandomForest,signal_increment,-0.004499999999999987,0.9605
M2_Macro_Oil_vs_M3_Macro_Oil_RegQuality__normalized__Oil_Rent_Intensive_Pre2016_ge1pct,Regulatory_Quality_lag1,normalized,Oil_Rent_Intensive_Pre2016_ge1pct,Future_Period,train_to_2018__test_from_2019,RandomForest,signal_increment,-0.003999999999999986,0.9575
M2_Macro_Oil_vs_M3_Macro_Oil_RegQuality__normalized__Oil_Rent_Intensive_Pre2016_ge1pct,Regulatory_Quality_lag1,normalized,Oil_Rent_Intensive_Pre2016_ge1pct,Future_Period,train_to_2018__test_from_2019,RandomForest,signal_increment,-0.0034999999999999858,0.9555
M2_Macro_Oil_vs_M3_Macro_Oil_RegQuality__normalized__Oil_Rent_Intensive_Pre2016_ge1pct,Regulatory_Quality_lag1,normalized,Oil_Rent_Intensive_Pre2016_ge1pct,Future_Period,train_to_2018__test_from_2019,RandomForest,signal_increment,-0.0029999999999999853,0.9535
M2_Macro_Oil_vs_M3_Macro_Oil_RegQuality__normalized__Oil_Rent_Intensive_Pre2016_ge1pct,Regulatory_Quality_lag1,normalized,Oil_Rent_Intensive_Pre2016_ge1pct,Future_Period,train_to_2018__test_from_2019,RandomForest,signal_increment,-0.002499999999999985,0.9515
M2_Macro_Oil_vs_M3_Macro_Oil_RegQuality__normalized__Oil_Rent_Intensive_Pre2016_ge1pct,Regulatory_Quality_lag1,normalized,Oil_Rent_Intensive_Pre2016_ge1pct,Future_Period,train_to_2018__test_from_2019,RandomForest,signal_increment,-0.0019999999999999844,0.945
M2_Macro_Oil_vs_M3_Macro_Oil_RegQuality__normalized__Oil_Rent_Intensive_Pre2016_ge1pct,Regulatory_Quality_lag1,normalized,Oil_Rent_Intensive_Pre2016_ge1pct,Future_Period,train_to_2018__test_from_2019,RandomForest,signal_increment,-0.001499999999999984,0.9435
M2_Macro_Oil_vs_M3_Macro_Oil_RegQuality__normalized__Oil_Rent_Intensive_Pre2016_ge1pct,Regulatory_Quality_lag1,normalized,Oil_Rent_Intensive_Pre2016_ge1pct,Future_Period,train_to_2018__test_from_2019,RandomForest,signal_increment,-0.0009999999999999835,0.941
M2_Macro_Oil_vs_M3_Macro_Oil_RegQuality__normalized__Oil_Rent_Intensive_Pre2016_ge1pct,Regulatory_Quality_lag1,normalized,Oil_Rent_Intensive_Pre2016_ge1pct,Future_Period,train_to_2018__test_from_2019,RandomForest,signal_increment,-0.0004999999999999831,0.9385
M2_Macro_Oil_vs_M3_Macro_Oil_RegQuality__normalized__Oil_Rent_Intensive_Pre2016_ge1pct,Regulatory_Quality_lag1,normalized,Oil_Rent_Intensive_Pre2016_ge1pct,Future_Period,train_to_2018__test_from_2019,RandomForest,signal_increment,1.734723475976807e-17,0.9355
M2_Macro_Oil_vs_M3_Macro_Oil_RegQuality__normalized__Oil_Rent_Intensive_Pre2016_ge1pct,Regulatory_Quality_lag1,normalized,Oil_Rent_Intensive_Pre2016_ge1pct,Future_Period,train_to_2018__test_from_2019,RandomForest,signal_increment,0.0005000000000000178,0.933
M2_Macro_Oil_vs_M3_Macro_Oil_RegQuality__normalized__Oil_Rent_Intensive_Pre2016_ge1pct,Regulatory_Quality_lag1,normalized,Oil_Rent_Intensive_Pre2016_ge1pct,Future_Period,train_to_2018__test_from_2019,RandomForest,signal_increment,0.0010000000000000182,0.93
M2_Macro_Oil_vs_M3_Macro_Oil_RegQuality__normalized__Oil_Rent_Intensive_Pre2016_ge1pct,Regulatory_Quality_lag1,normalized,Oil_Rent_Intensive_Pre2016_ge1pct,Future_Period,train_to_2018__test_from_2019,RandomForest,signal_increment,0.0015000000000000187,0.9255
M2_Macro_Oil_vs_M3_Macro_Oil_RegQuality__normalized__Oil_Rent_Intensive_Pre2016_ge1pct,Regulatory_Quality_lag1,normalized,Oil_Rent_Intensive_Pre2016_ge1pct,Future_Period,train_to_2018__test_from_2019,RandomForest,signal_increment,0.002000000000000019,0.922
M2_Macro_Oil_vs_M3_Macro_Oil_RegQuality__normalized__Oil_Rent_Intensive_Pre2016_ge1pct,Regulatory_Quality_lag1,normalized,Oil_Rent_Intensive_Pre2016_ge1pct,Future_Period,train_to_2018__test_from_2019,RandomForest,signal_increment,0.0025000000000000196,0.919
M2_Macro_Oil_vs_M3_Macro_Oil_RegQuality__normalized__Oil_Rent_Intensive_Pre2016_ge1pct,Regulatory_Quality_lag1,normalized,Oil_Rent_Intensive_Pre2016_ge1pct,Future_Period,train_to_2018__test_from_2019,RandomForest,signal_increment,0.00300000000000002,0.9145
M2_Macro_Oil_vs_M3_Macro_Oil_RegQuality__normalized__Oil_Rent_Intensive_Pre2016_ge1pct,Regulatory_Quality_lag1,normalized,Oil_Rent_Intensive_Pre2016_ge1pct,Future_Period,train_to_2018__test_from_2019,RandomForest,signal_increment,0.0035000000000000205,0.909
M2_Macro_Oil_vs_M3_Macro_Oil_RegQuality__normalized__Oil_Rent_Intensive_Pre2016_ge1pct,Regulatory_Quality_lag1,normalized,Oil_Rent_Intensive_Pre2016_ge1pct,Future_Period,train_to_2018__test_from_2019,RandomForest,signal_increment,0.004000000000000021,0.9045
M2_Macro_Oil_vs_M3_Macro_Oil_RegQuality__normalized__Oil_Rent_Intensive_Pre2016_ge1pct,Regulatory_Quality_lag1,normalized,Oil_Rent_Intensive_Pre2016_ge1pct,Future_Period,train_to_2018__test_from_2019,RandomForest,signal_increment,0.004500000000000021,0.8985
M2_Macro_Oil_vs_M3_Macro_Oil_RegQuality__normalized__Oil_Rent_Intensive_Pre2016_ge1pct,Regulatory_Quality_lag1,normalized,Oil_Rent_Intensive_Pre2016_ge1pct,Future_Period,train_to_2018__test_from_2019,RandomForest,signal_increment,0.005000000000000022,0.894
M2_Macro_Oil_vs_M3_Macro_Oil_RegQuality__normalized__Oil_Rent_Intensive_Pre2016_ge1pct,Regulatory_Quality_lag1,normalized,Oil_Rent_Intensive_Pre2016_ge1pct,Future_Period,train_to_2018__test_from_2019,RandomForest,signal_increment,0.005500000000000022,0.8905
M2_Macro_Oil_vs_M3_Macro_Oil_RegQuality__normalized__Oil_Rent_Intensive_Pre2016_ge1pct,Regulatory_Quality_lag1,normalized,Oil_Rent_Intensive_Pre2016_ge1pct,Future_Period,train_to_2018__test_from_2019,RandomForest,signal_increment,0.006000000000000023,0.885
M2_Macro_Oil_vs_M3_Macro_Oil_RegQuality__normalized__Oil_Rent_Intensive_Pre2016_ge1pct,Regulatory_Quality_lag1,normalized,Oil_Rent_Intensive_Pre2016_ge1pct,Future_Period,train_to_2018__test_from_2019,RandomForest,signal_increment,0.006500000000000023,0.879
M2_Macro_Oil_vs_M3_Macro_Oil_RegQuality__normalized__Oil_Rent_Intensive_Pre2016_ge1pct,Regulatory_Quality_lag1,normalized,Oil_Rent_Intensive_Pre2016_ge1pct,Future_Period,train_to_2018__test_from_2019,RandomForest,signal_increment,0.0070000000000000236,0.875
M2_Macro_Oil_vs_M3_Macro_Oil_RegQuality__normalized__Oil_Rent_Intensive_Pre2016_ge1pct,Regulatory_Quality_lag1,normalized,Oil_Rent_Intensive_Pre2016_ge1pct,Future_Period,train_to_2018__test_from_2019,RandomForest,signal_increment,0.007500000000000024,0.869
M2_Macro_Oil_vs_M3_Macro_Oil_RegQuality__normalized__Oil_Rent_Intensive_Pre2016_ge1pct,Regulatory_Quality_lag1,normalized,Oil_Rent_Intensive_Pre2016_ge1pct,Future_Period,train_to_2018__test_from_2019,RandomForest,signal_increment,0.008000000000000024,0.8615
M2_Macro_Oil_vs_M3_Macro_Oil_RegQuality__normalized__Oil_Rent_Intensive_Pre2016_ge1pct,Regulatory_Quality_lag1,normalized,Oil_Rent_Intensive_Pre2016_ge1pct,Future_Period,train_to_2018__test_from_2019,RandomForest,signal_increment,0.008500000000000025,0.8565
M2_Macro_Oil_vs_M3_Macro_Oil_RegQuality__normalized__Oil_Rent_Intensive_Pre2016_ge1pct,Regulatory_Quality_lag1,normalized,Oil_Rent_Intensive_Pre2016_ge1pct,Future_Period,train_to_2018__test_from_2019,RandomForest,signal_increment,0.009000000000000025,0.85
M2_Macro_Oil_vs_M3_Macro_Oil_RegQuality__normalized__Oil_Rent_Intensive_Pre2016_ge1pct,Regulatory_Quality_lag1,normalized,Oil_Rent_Intensive_Pre2016_ge1pct,Future_Period,train_to_2018__test_from_2019,RandomForest,signal_increment,0.009500000000000026,0.8445
M2_Macro_Oil_vs_M3_Macro_Oil_RegQuality__normalized__Oil_Rent_Intensive_Pre2016_ge1pct,Regulatory_Quality_lag1,normalized,Oil_Rent_Intensive_Pre2016_ge1pct,Future_Period,train_to_2018__test_from_2019,RandomForest,signal_increment,0.010000000000000026,0.839
M2_Macro_Oil_vs_M3_Macro_Oil_RegQuality__normalized__Oil_Rent_Intensive_Pre2016_ge1pct,Regulatory_Quality_lag1,normalized,Oil_Rent_Intensive_Pre2016_ge1pct,Future_Period,train_to_2018__test_from_2019,RandomForest,signal_increment,0.010500000000000027,0.829
M2_Macro_Oil_vs_M3_Macro_Oil_RegQuality__normalized__Oil_Rent_Intensive_Pre2016_ge1pct,Regulatory_Quality_lag1,normalized,Oil_Rent_Intensive_Pre2016_ge1pct,Future_Period,train_to_2018__test_from_2019,RandomForest,signal_increment,0.011000000000000027,0.8175
M2_Macro_Oil_vs_M3_Macro_Oil_RegQuality__normalized__Oil_Rent_Intensive_Pre2016_ge1pct,Regulatory_Quality_lag1,normalized,Oil_Rent_Intensive_Pre2016_ge1pct,Future_Period,train_to_2018__test_from_2019,RandomForest,signal_increment,0.011500000000000028,0.8095
M2_Macro_Oil_vs_M3_Macro_Oil_RegQuality__normalized__Oil_Rent_Intensive_Pre2016_ge1pct,Regulatory_Quality_lag1,normalized,Oil_Rent_Intensive_Pre2016_ge1pct,Future_Period,train_to_2018__test_from_2019,RandomForest,signal_increment,0.012000000000000028,0.8035
M2_Macro_Oil_vs_M3_Macro_Oil_RegQuality__normalized__Oil_Rent_Intensive_Pre2016_ge1pct,Regulatory_Quality_lag1,normalized,Oil_Rent_Intensive_Pre2016_ge1pct,Future_Period,train_to_2018__test_from_2019,RandomForest,signal_increment,0.012500000000000028,0.7975
M2_Macro_Oil_vs_M3_Macro_Oil_RegQuality__normalized__Oil_Rent_Intensive_Pre2016_ge1pct,Regulatory_Quality_lag1,normalized,Oil_Rent_Intensive_Pre2016_ge1pct,Future_Period,train_to_2018__test_from_2019,RandomForest,signal_increment,0.013000000000000029,0.79
M2_Macro_Oil_vs_M3_Macro_Oil_RegQuality__normalized__Oil_Rent_Intensive_Pre2016_ge1pct,Regulatory_Quality_lag1,normalized,Oil_Rent_Intensive_Pre2016_ge1pct,Future_Period,train_to_2018__test_from_2019,RandomForest,signal_increment,0.01350000000000003,0.7815
M2_Macro_Oil_vs_M3_Macro_Oil_RegQuality__normalized__Oil_Rent_Intensive_Pre2016_ge1pct,Regulatory_Quality_lag1,normalized,Oil_Rent_Intensive_Pre2016_ge1pct,Future_Period,train_to_2018__test_from_2019,RandomForest,signal_increment,0.01400000000000003,0.7735
M2_Macro_Oil_vs_M3_Macro_Oil_RegQuality__normalized__Oil_Rent_Intensive_Pre2016_ge1pct,Regulatory_Quality_lag1,normalized,Oil_Rent_Intensive_Pre2016_ge1pct,Future_Period,train_to_2018__test_from_2019,RandomForest,signal_increment,0.01450000000000003,0.7655
M2_Macro_Oil_vs_M3_Macro_Oil_RegQuality__normalized__Oil_Rent_Intensive_Pre2016_ge1pct,Regulatory_Quality_lag1,normalized,Oil_Rent_Intensive_Pre2016_ge1pct,Future_Period,train_to_2018__test_from_2019,RandomForest,signal_increment,0.01500000000000003,0.7575
M2_Macro_Oil_vs_M3_Macro_Oil_RegQuality__normalized__Oil_Rent_Intensive_Pre2016_ge1pct,Regulatory_Quality_lag1,normalized,Oil_Rent_Intensive_Pre2016_ge1pct,Future_Period,train_to_2018__test_from_2019,RandomForest,signal_increment,0.015500000000000031,0.7525
M2_Macro_Oil_vs_M3_Macro_Oil_RegQuality__normalized__Oil_Rent_Intensive_Pre2016_ge1pct,Regulatory_Quality_lag1,normalized,Oil_Rent_Intensive_Pre2016_ge1pct,Future_Period,train_to_2018__test_from_2019,RandomForest,signal_increment,0.01600000000000003,0.7415
M2_Macro_Oil_vs_M3_Macro_Oil_RegQuality__normalized__Oil_Rent_Intensive_Pre2016_ge1pct,Regulatory_Quality_lag1,normalized,Oil_Rent_Intensive_Pre2016_ge1pct,Future_Period,train_to_2018__test_from_2019,RandomForest,signal_increment,0.016500000000000032,0.7275
M2_Macro_Oil_vs_M3_Macro_Oil_RegQuality__normalized__Oil_Rent_Intensive_Pre2016_ge1pct,Regulatory_Quality_lag1,normalized,Oil_Rent_Intensive_Pre2016_ge1pct,Future_Period,train_to_2018__test_from_2019,RandomForest,signal_increment,0.017000000000000032,0.7175
M2_Macro_Oil_vs_M3_Macro_Oil_RegQuality__normalized__Oil_Rent_Intensive_Pre2016_ge1pct,Regulatory_Quality_lag1,normalized,Oil_Rent_Intensive_Pre2016_ge1pct,Future_Period,train_to_2018__test_from_2019,RandomForest,signal_increment,0.017500000000000033,0.7055
M2_Macro_Oil_vs_M3_Macro_Oil_RegQuality__normalized__Oil_Rent_Intensive_Pre2016_ge1pct,Regulatory_Quality_lag1,normalized,Oil_Rent_Intensive_Pre2016_ge1pct,Future_Period,train_to_2018__test_from_2019,RandomForest,signal_increment,0.018000000000000033,0.6945
M2_Macro_Oil_vs_M3_Macro_Oil_RegQuality__normalized__Oil_Rent_Intensive_Pre2016_ge1pct,Regulatory_Quality_lag1,normalized,Oil_Rent_Intensive_Pre2016_ge1pct,Future_Period,train_to_2018__test_from_2019,RandomForest,signal_increment,0.018500000000000034,0.686
M2_Macro_Oil_vs_M3_Macro_Oil_RegQuality__normalized__Oil_Rent_Intensive_Pre2016_ge1pct,Regulatory_Quality_lag1,normalized,Oil_Rent_Intensive_Pre2016_ge1pct,Future_Period,train_to_2018__test_from_2019,RandomForest,signal_increment,0.019000000000000034,0.6775
M2_Macro_Oil_vs_M3_Macro_Oil_RegQuality__normalized__Oil_Rent_Intensive_Pre2016_ge1pct,Regulatory_Quality_lag1,normalized,Oil_Rent_Intensive_Pre2016_ge1pct,Future_Period,train_to_2018__test_from_2019,RandomForest,signal_increment,0.019500000000000035,0.6675
M2_Macro_Oil_vs_M3_Macro_Oil_RegQuality__normalized__Oil_Rent_Intensive_Pre2016_ge1pct,Regulatory_Quality_lag1,normalized,Oil_Rent_Intensive_Pre2016_ge1pct,Future_Period,train_to_2018__test_from_2019,RandomForest,signal_increment,0.020000000000000035,0.6545
M2_Macro_Oil_vs_M3_Macro_Oil_RegQuality__normalized__Oil_Rent_Intensive_Pre2016_ge1pct,Regulatory_Quality_lag1,normalized,Oil_Rent_Intensive_Pre2016_ge1pct,Future_Period,train_to_2018__test_from_2019,RandomForest,signal_increment,0.020500000000000036,0.6435
M2_Macro_Oil_vs_M3_Macro_Oil_RegQuality__normalized__Oil_Rent_Intensive_Pre2016_ge1pct,Regulatory_Quality_lag1,normalized,Oil_Rent_Intensive_Pre2016_ge1pct,Future_Period,train_to_2018__test_from_2019,RandomForest,signal_increment,0.021000000000000036,0.6385
M2_Macro_Oil_vs_M3_Macro_Oil_RegQuality__normalized__Oil_Rent_Intensive_Pre2016_ge1pct,Regulatory_Quality_lag1,normalized,Oil_Rent_Intensive_Pre2016_ge1pct,Future_Period,train_to_2018__test_from_2019,RandomForest,signal_increment,0.021500000000000036,0.629
M2_Macro_Oil_vs_M3_Macro_Oil_RegQuality__normalized__Oil_Rent_Intensive_Pre2016_ge1pct,Regulatory_Quality_lag1,normalized,Oil_Rent_Intensive_Pre2016_ge1pct,Future_Period,train_to_2018__test_from_2019,RandomForest,signal_increment,0.022000000000000037,0.617
M2_Macro_Oil_vs_M3_Macro_Oil_RegQuality__normalized__Oil_Rent_Intensive_Pre2016_ge1pct,Regulatory_Quality_lag1,normalized,Oil_Rent_Intensive_Pre2016_ge1pct,Future_Period,train_to_2018__test_from_2019,RandomForest,signal_increment,0.022500000000000037,0.606
M2_Macro_Oil_vs_M3_Macro_Oil_RegQuality__normalized__Oil_Rent_Intensive_Pre2016_ge1pct,Regulatory_Quality_lag1,normalized,Oil_Rent_Intensive_Pre2016_ge1pct,Future_Period,train_to_2018__test_from_2019,RandomForest,signal_increment,0.023000000000000038,0.5905
M2_Macro_Oil_vs_M3_Macro_Oil_RegQuality__normalized__Oil_Rent_Intensive_Pre2016_ge1pct,Regulatory_Quality_lag1,normalized,Oil_Rent_Intensive_Pre2016_ge1pct,Future_Period,train_to_2018__test_from_2019,RandomForest,signal_increment,0.023500000000000038,0.581
M2_Macro_Oil_vs_M3_Macro_Oil_RegQuality__normalized__Oil_Rent_Intensive_Pre2016_ge1pct,Regulatory_Quality_lag1,normalized,Oil_Rent_Intensive_Pre2016_ge1pct,Future_Period,train_to_2018__test_from_2019,RandomForest,signal_increment,0.02400000000000004,0.5665
M2_Macro_Oil_vs_M3_Macro_Oil_RegQuality__normalized__Oil_Rent_Intensive_Pre2016_ge1pct,Regulatory_Quality_lag1,normalized,Oil_Rent_Intensive_Pre2016_ge1pct,Future_Period,train_to_2018__test_from_2019,RandomForest,signal_increment,0.02450000000000004,0.5555
M2_Macro_Oil_vs_M3_Macro_Oil_RegQuality__normalized__Oil_Rent_Intensive_Pre2016_ge1pct,Regulatory_Quality_lag1,normalized,Oil_Rent_Intensive_Pre2016_ge1pct,Future_Period,train_to_2018__test_from_2019,RandomForest,signal_increment,0.02500000000000004,0.542
M2_Macro_Oil_vs_M3_Macro_Oil_RegQuality__normalized__Oil_Rent_Intensive_Pre2016_ge1pct,Regulatory_Quality_lag1,normalized,Oil_Rent_Intensive_Pre2016_ge1pct,Future_Period,train_to_2018__test_from_2019,RandomForest,signal_increment,0.02550000000000004,0.5345
M2_Macro_Oil_vs_M3_Macro_Oil_RegQuality__normalized__Oil_Rent_Intensive_Pre2016_ge1pct,Regulatory_Quality_lag1,normalized,Oil_Rent_Intensive_Pre2016_ge1pct,Future_Period,train_to_2018__test_from_2019,RandomForest,signal_increment,0.02600000000000004,0.5245
M2_Macro_Oil_vs_M3_Macro_Oil_RegQuality__normalized__Oil_Rent_Intensive_Pre2016_ge1pct,Regulatory_Quality_lag1,normalized,Oil_Rent_Intensive_Pre2016_ge1pct,Future_Period,train_to_2018__test_from_2019,RandomForest,signal_increment,0.02650000000000004,0.514
M2_Macro_Oil_vs_M3_Macro_Oil_RegQuality__normalized__Oil_Rent_Intensive_Pre2016_ge1pct,Regulatory_Quality_lag1,normalized,Oil_Rent_Intensive_Pre2016_ge1pct,Future_Period,train_to_2018__test_from_2019,RandomForest,signal_increment,0.02700000000000004,0.497
M2_Macro_Oil_vs_M3_Macro_Oil_RegQuality__normalized__Oil_Rent_Intensive_Pre2016_ge1pct,Regulatory_Quality_lag1,normalized,Oil_Rent_Intensive_Pre2016_ge1pct,Future_Period,train_to_2018__test_from_2019,RandomForest,signal_increment,0.027500000000000042,0.484
M2_Macro_Oil_vs_M3_Macro_Oil_RegQuality__normalized__Oil_Rent_Intensive_Pre2016_ge1pct,Regulatory_Quality_lag1,normalized,Oil_Rent_Intensive_Pre2016_ge1pct,Future_Period,train_to_2018__test_from_2019,RandomForest,signal_increment,0.028000000000000042,0.472
M2_Macro_Oil_vs_M3_Macro_Oil_RegQuality__normalized__Oil_Rent_Intensive_Pre2016_ge1pct,Regulatory_Quality_lag1,normalized,Oil_Rent_Intensive_Pre2016_ge1pct,Future_Period,train_to_2018__test_from_2019,RandomForest,signal_increment,0.028500000000000043,0.46
M2_Macro_Oil_vs_M3_Macro_Oil_RegQuality__normalized__Oil_Rent_Intensive_Pre2016_ge1pct,Regulatory_Quality_lag1,normalized,Oil_Rent_Intensive_Pre2016_ge1pct,Future_Period,train_to_2018__test_from_2019,RandomForest,signal_increment,0.029000000000000043,0.4475
M2_Macro_Oil_vs_M3_Macro_Oil_RegQuality__normalized__Oil_Rent_Intensive_Pre2016_ge1pct,Regulatory_Quality_lag1,normalized,Oil_Rent_Intensive_Pre2016_ge1pct,Future_Period,train_to_2018__test_from_2019,RandomForest,signal_increment,0.029500000000000044,0.438
M2_Macro_Oil_vs_M3_Macro_Oil_RegQuality__normalized__Oil_Rent_Intensive_Pre2016_ge1pct,Regulatory_Quality_lag1,normalized,Oil_Rent_Intensive_Pre2016_ge1pct,Future_Period,train_to_2018__test_from_2019,RandomForest,signal_increment,0.030000000000000044,0.4285
M2_Macro_Oil_vs_M3_Macro_Oil_RegQuality__normalized__Oil_Rent_Intensive_Pre2016_ge1pct,Regulatory_Quality_lag1,normalized,Oil_Rent_Intensive_Pre2016_ge1pct,Future_Period,train_to_2018__test_from_2019,RandomForest,added_model_vs_strongest_benchmark,-0.02,0.991
M2_Macro_Oil_vs_M3_Macro_Oil_RegQuality__normalized__Oil_Rent_Intensive_Pre2016_ge1pct,Regulatory_Quality_lag1,normalized,Oil_Rent_Intensive_Pre2016_ge1pct,Future_Period,train_to_2018__test_from_2019,RandomForest,added_model_vs_strongest_benchmark,-0.0195,0.9905
M2_Macro_Oil_vs_M3_Macro_Oil_RegQuality__normalized__Oil_Rent_Intensive_Pre2016_ge1pct,Regulatory_Quality_lag1,normalized,Oil_Rent_Intensive_Pre2016_ge1pct,Future_Period,train_to_2018__test_from_2019,RandomForest,added_model_vs_strongest_benchmark,-0.019,0.9905
M2_Macro_Oil_vs_M3_Macro_Oil_RegQuality__normalized__Oil_Rent_Intensive_Pre2016_ge1pct,Regulatory_Quality_lag1,normalized,Oil_Rent_Intensive_Pre2016_ge1pct,Future_Period,train_to_2018__test_from_2019,RandomForest,added_model_vs_strongest_benchmark,-0.0185,0.9905
M2_Macro_Oil_vs_M3_Macro_Oil_RegQuality__normalized__Oil_Rent_Intensive_Pre2016_ge1pct,Regulatory_Quality_lag1,normalized,Oil_Rent_Intensive_Pre2016_ge1pct,Future_Period,train_to_2018__test_from_2019,RandomForest,added_model_vs_strongest_benchmark,-0.018,0.9905
M2_Macro_Oil_vs_M3_Macro_Oil_RegQuality__normalized__Oil_Rent_Intensive_Pre2016_ge1pct,Regulatory_Quality_lag1,normalized,Oil_Rent_Intensive_Pre2016_ge1pct,Future_Period,train_to_2018__test_from_2019,RandomForest,added_model_vs_strongest_benchmark,-0.017499999999999998,0.9905
M2_Macro_Oil_vs_M3_Macro_Oil_RegQuality__normalized__Oil_Rent_Intensive_Pre2016_ge1pct,Regulatory_Quality_lag1,normalized,Oil_Rent_Intensive_Pre2016_ge1pct,Future_Period,train_to_2018__test_from_2019,RandomForest,added_model_vs_strongest_benchmark,-0.016999999999999998,0.9905
M2_Macro_Oil_vs_M3_Macro_Oil_RegQuality__normalized__Oil_Rent_Intensive_Pre2016_ge1pct,Regulatory_Quality_lag1,normalized,Oil_Rent_Intensive_Pre2016_ge1pct,Future_Period,train_to_2018__test_from_2019,RandomForest,added_model_vs_strongest_benchmark,-0.016499999999999997,0.99
M2_Macro_Oil_vs_M3_Macro_Oil_RegQuality__normalized__Oil_Rent_Intensive_Pre2016_ge1pct,Regulatory_Quality_lag1,normalized,Oil_Rent_Intensive_Pre2016_ge1pct,Future_Period,train_to_2018__test_from_2019,RandomForest,added_model_vs_strongest_benchmark,-0.015999999999999997,0.99
M2_Macro_Oil_vs_M3_Macro_Oil_RegQuality__normalized__Oil_Rent_Intensive_Pre2016_ge1pct,Regulatory_Quality_lag1,normalized,Oil_Rent_Intensive_Pre2016_ge1pct,Future_Period,train_to_2018__test_from_2019,RandomForest,added_model_vs_strongest_benchmark,-0.015499999999999996,0.99
M2_Macro_Oil_vs_M3_Macro_Oil_RegQuality__normalized__Oil_Rent_Intensive_Pre2016_ge1pct,Regulatory_Quality_lag1,normalized,Oil_Rent_Intensive_Pre2016_ge1pct,Future_Period,train_to_2018__test_from_2019,RandomForest,added_model_vs_strongest_benchmark,-0.014999999999999996,0.99
M2_Macro_Oil_vs_M3_Macro_Oil_RegQuality__normalized__Oil_Rent_Intensive_Pre2016_ge1pct,Regulatory_Quality_lag1,normalized,Oil_Rent_Intensive_Pre2016_ge1pct,Future_Period,train_to_2018__test_from_2019,RandomForest,added_model_vs_strongest_benchmark,-0.014499999999999996,0.99
M2_Macro_Oil_vs_M3_Macro_Oil_RegQuality__normalized__Oil_Rent_Intensive_Pre2016_ge1pct,Regulatory_Quality_lag1,normalized,Oil_Rent_Intensive_Pre2016_ge1pct,Future_Period,train_to_2018__test_from_2019,RandomForest,added_model_vs_strongest_benchmark,-0.013999999999999995,0.99
M2_Macro_Oil_vs_M3_Macro_Oil_RegQuality__normalized__Oil_Rent_Intensive_Pre2016_ge1pct,Regulatory_Quality_lag1,normalized,Oil_Rent_Intensive_Pre2016_ge1pct,Future_Period,train_to_2018__test_from_2019,RandomForest,added_model_vs_strongest_benchmark,-0.013499999999999995,0.99
M2_Macro_Oil_vs_M3_Macro_Oil_RegQuality__normalized__Oil_Rent_Intensive_Pre2016_ge1pct,Regulatory_Quality_lag1,normalized,Oil_Rent_Intensive_Pre2016_ge1pct,Future_Period,train_to_2018__test_from_2019,RandomForest,added_model_vs_strongest_benchmark,-0.012999999999999994,0.99
M2_Macro_Oil_vs_M3_Macro_Oil_RegQuality__normalized__Oil_Rent_Intensive_Pre2016_ge1pct,Regulatory_Quality_lag1,normalized,Oil_Rent_Intensive_Pre2016_ge1pct,Future_Period,train_to_2018__test_from_2019,RandomForest,added_model_vs_strongest_benchmark,-0.012499999999999994,0.99
M2_Macro_Oil_vs_M3_Macro_Oil_RegQuality__normalized__Oil_Rent_Intensive_Pre2016_ge1pct,Regulatory_Quality_lag1,normalized,Oil_Rent_Intensive_Pre2016_ge1pct,Future_Period,train_to_2018__test_from_2019,RandomForest,added_model_vs_strongest_benchmark,-0.011999999999999993,0.99
M2_Macro_Oil_vs_M3_Macro_Oil_RegQuality__normalized__Oil_Rent_Intensive_Pre2016_ge1pct,Regulatory_Quality_lag1,normalized,Oil_Rent_Intensive_Pre2016_ge1pct,Future_Period,train_to_2018__test_from_2019,RandomForest,added_model_vs_strongest_benchmark,-0.011499999999999993,0.9895
M2_Macro_Oil_vs_M3_Macro_Oil_RegQuality__normalized__Oil_Rent_Intensive_Pre2016_ge1pct,Regulatory_Quality_lag1,normalized,Oil_Rent_Intensive_Pre2016_ge1pct,Future_Period,train_to_2018__test_from_2019,RandomForest,added_model_vs_strongest_benchmark,-0.010999999999999992,0.989
M2_Macro_Oil_vs_M3_Macro_Oil_RegQuality__normalized__Oil_Rent_Intensive_Pre2016_ge1pct,Regulatory_Quality_lag1,normalized,Oil_Rent_Intensive_Pre2016_ge1pct,Future_Period,train_to_2018__test_from_2019,RandomForest,added_model_vs_strongest_benchmark,-0.010499999999999992,0.989
M2_Macro_Oil_vs_M3_Macro_Oil_RegQuality__normalized__Oil_Rent_Intensive_Pre2016_ge1pct,Regulatory_Quality_lag1,normalized,Oil_Rent_Intensive_Pre2016_ge1pct,Future_Period,train_to_2018__test_from_2019,RandomForest,added_model_vs_strongest_benchmark,-0.009999999999999992,0.989
M2_Macro_Oil_vs_M3_Macro_Oil_RegQuality__normalized__Oil_Rent_Intensive_Pre2016_ge1pct,Regulatory_Quality_lag1,normalized,Oil_Rent_Intensive_Pre2016_ge1pct,Future_Period,train_to_2018__test_from_2019,RandomForest,added_model_vs_strongest_benchmark,-0.009499999999999991,0.989
M2_Macro_Oil_vs_M3_Macro_Oil_RegQuality__normalized__Oil_Rent_Intensive_Pre2016_ge1pct,Regulatory_Quality_lag1,normalized,Oil_Rent_Intensive_Pre2016_ge1pct,Future_Period,train_to_2018__test_from_2019,RandomForest,added_model_vs_strongest_benchmark,-0.00899999999999999,0.989
M2_Macro_Oil_vs_M3_Macro_Oil_RegQuality__normalized__Oil_Rent_Intensive_Pre2016_ge1pct,Regulatory_Quality_lag1,normalized,Oil_Rent_Intensive_Pre2016_ge1pct,Future_Period,train_to_2018__test_from_2019,RandomForest,added_model_vs_strongest_benchmark,-0.00849999999999999,0.989
M2_Macro_Oil_vs_M3_Macro_Oil_RegQuality__normalized__Oil_Rent_Intensive_Pre2016_ge1pct,Regulatory_Quality_lag1,normalized,Oil_Rent_Intensive_Pre2016_ge1pct,Future_Period,train_to_2018__test_from_2019,RandomForest,added_model_vs_strongest_benchmark,-0.00799999999999999,0.989
M2_Macro_Oil_vs_M3_Macro_Oil_RegQuality__normalized__Oil_Rent_Intensive_Pre2016_ge1pct,Regulatory_Quality_lag1,normalized,Oil_Rent_Intensive_Pre2016_ge1pct,Future_Period,train_to_2018__test_from_2019,RandomForest,added_model_vs_strongest_benchmark,-0.007499999999999989,0.989
M2_Macro_Oil_vs_M3_Macro_Oil_RegQuality__normalized__Oil_Rent_Intensive_Pre2016_ge1pct,Regulatory_Quality_lag1,normalized,Oil_Rent_Intensive_Pre2016_ge1pct,Future_Period,train_to_2018__test_from_2019,RandomForest,added_model_vs_strongest_benchmark,-0.006999999999999989,0.9885
M2_Macro_Oil_vs_M3_Macro_Oil_RegQuality__normalized__Oil_Rent_Intensive_Pre2016_ge1pct,Regulatory_Quality_lag1,normalized,Oil_Rent_Intensive_Pre2016_ge1pct,Future_Period,train_to_2018__test_from_2019,RandomForest,added_model_vs_strongest_benchmark,-0.006499999999999988,0.9885
M2_Macro_Oil_vs_M3_Macro_Oil_RegQuality__normalized__Oil_Rent_Intensive_Pre2016_ge1pct,Regulatory_Quality_lag1,normalized,Oil_Rent_Intensive_Pre2016_ge1pct,Future_Period,train_to_2018__test_from_2019,RandomForest,added_model_vs_strongest_benchmark,-0.005999999999999988,0.9885
M2_Macro_Oil_vs_M3_Macro_Oil_RegQuality__normalized__Oil_Rent_Intensive_Pre2016_ge1pct,Regulatory_Quality_lag1,normalized,Oil_Rent_Intensive_Pre2016_ge1pct,Future_Period,train_to_2018__test_from_2019,RandomForest,added_model_vs_strongest_benchmark,-0.0054999999999999875,0.9885
M2_Macro_Oil_vs_M3_Macro_Oil_RegQuality__normalized__Oil_Rent_Intensive_Pre2016_ge1pct,Regulatory_Quality_lag1,normalized,Oil_Rent_Intensive_Pre2016_ge1pct,Future_Period,train_to_2018__test_from_2019,RandomForest,added_model_vs_strongest_benchmark,-0.004999999999999987,0.988
M2_Macro_Oil_vs_M3_Macro_Oil_RegQuality__normalized__Oil_Rent_Intensive_Pre2016_ge1pct,Regulatory_Quality_lag1,normalized,Oil_Rent_Intensive_Pre2016_ge1pct,Future_Period,train_to_2018__test_from_2019,RandomForest,added_model_vs_strongest_benchmark,-0.004499999999999987,0.988
M2_Macro_Oil_vs_M3_Macro_Oil_RegQuality__normalized__Oil_Rent_Intensive_Pre2016_ge1pct,Regulatory_Quality_lag1,normalized,Oil_Rent_Intensive_Pre2016_ge1pct,Future_Period,train_to_2018__test_from_2019,RandomForest,added_model_vs_strongest_benchmark,-0.003999999999999986,0.9875
M2_Macro_Oil_vs_M3_Macro_Oil_RegQuality__normalized__Oil_Rent_Intensive_Pre2016_ge1pct,Regulatory_Quality_lag1,normalized,Oil_Rent_Intensive_Pre2016_ge1pct,Future_Period,train_to_2018__test_from_2019,RandomForest,added_model_vs_strongest_benchmark,-0.0034999999999999858,0.9875
M2_Macro_Oil_vs_M3_Macro_Oil_RegQuality__normalized__Oil_Rent_Intensive_Pre2016_ge1pct,Regulatory_Quality_lag1,normalized,Oil_Rent_Intensive_Pre2016_ge1pct,Future_Period,train_to_2018__test_from_2019,RandomForest,added_model_vs_strongest_benchmark,-0.0029999999999999853,0.9875
M2_Macro_Oil_vs_M3_Macro_Oil_RegQuality__normalized__Oil_Rent_Intensive_Pre2016_ge1pct,Regulatory_Quality_lag1,normalized,Oil_Rent_Intensive_Pre2016_ge1pct,Future_Period,train_to_2018__test_from_2019,RandomForest,added_model_vs_strongest_benchmark,-0.002499999999999985,0.9875
M2_Macro_Oil_vs_M3_Macro_Oil_RegQuality__normalized__Oil_Rent_Intensive_Pre2016_ge1pct,Regulatory_Quality_lag1,normalized,Oil_Rent_Intensive_Pre2016_ge1pct,Future_Period,train_to_2018__test_from_2019,RandomForest,added_model_vs_strongest_benchmark,-0.0019999999999999844,0.9875
M2_Macro_Oil_vs_M3_Macro_Oil_RegQuality__normalized__Oil_Rent_Intensive_Pre2016_ge1pct,Regulatory_Quality_lag1,normalized,Oil_Rent_Intensive_Pre2016_ge1pct,Future_Period,train_to_2018__test_from_2019,RandomForest,added_model_vs_strongest_benchmark,-0.001499999999999984,0.987
M2_Macro_Oil_vs_M3_Macro_Oil_RegQuality__normalized__Oil_Rent_Intensive_Pre2016_ge1pct,Regulatory_Quality_lag1,normalized,Oil_Rent_Intensive_Pre2016_ge1pct,Future_Period,train_to_2018__test_from_2019,RandomForest,added_model_vs_strongest_benchmark,-0.0009999999999999835,0.987
M2_Macro_Oil_vs_M3_Macro_Oil_RegQuality__normalized__Oil_Rent_Intensive_Pre2016_ge1pct,Regulatory_Quality_lag1,normalized,Oil_Rent_Intensive_Pre2016_ge1pct,Future_Period,train_to_2018__test_from_2019,RandomForest,added_model_vs_strongest_benchmark,-0.0004999999999999831,0.987
M2_Macro_Oil_vs_M3_Macro_Oil_RegQuality__normalized__Oil_Rent_Intensive_Pre2016_ge1pct,Regulatory_Quality_lag1,normalized,Oil_Rent_Intensive_Pre2016_ge1pct,Future_Period,train_to_2018__test_from_2019,RandomForest,added_model_vs_strongest_benchmark,1.734723475976807e-17,0.987
M2_Macro_Oil_vs_M3_Macro_Oil_RegQuality__normalized__Oil_Rent_Intensive_Pre2016_ge1pct,Regulatory_Quality_lag1,normalized,Oil_Rent_Intensive_Pre2016_ge1pct,Future_Period,train_to_2018__test_from_2019,RandomForest,added_model_vs_strongest_benchmark,0.0005000000000000178,0.987
M2_Macro_Oil_vs_M3_Macro_Oil_RegQuality__normalized__Oil_Rent_Intensive_Pre2016_ge1pct,Regulatory_Quality_lag1,normalized,Oil_Rent_Intensive_Pre2016_ge1pct,Future_Period,train_to_2018__test_from_2019,RandomForest,added_model_vs_strongest_benchmark,0.0010000000000000182,0.9865
M2_Macro_Oil_vs_M3_Macro_Oil_RegQuality__normalized__Oil_Rent_Intensive_Pre2016_ge1pct,Regulatory_Quality_lag1,normalized,Oil_Rent_Intensive_Pre2016_ge1pct,Future_Period,train_to_2018__test_from_2019,RandomForest,added_model_vs_strongest_benchmark,0.0015000000000000187,0.9865
M2_Macro_Oil_vs_M3_Macro_Oil_RegQuality__normalized__Oil_Rent_Intensive_Pre2016_ge1pct,Regulatory_Quality_lag1,normalized,Oil_Rent_Intensive_Pre2016_ge1pct,Future_Period,train_to_2018__test_from_2019,RandomForest,added_model_vs_strongest_benchmark,0.002000000000000019,0.986
M2_Macro_Oil_vs_M3_Macro_Oil_RegQuality__normalized__Oil_Rent_Intensive_Pre2016_ge1pct,Regulatory_Quality_lag1,normalized,Oil_Rent_Intensive_Pre2016_ge1pct,Future_Period,train_to_2018__test_from_2019,RandomForest,added_model_vs_strongest_benchmark,0.0025000000000000196,0.986
M2_Macro_Oil_vs_M3_Macro_Oil_RegQuality__normalized__Oil_Rent_Intensive_Pre2016_ge1pct,Regulatory_Quality_lag1,normalized,Oil_Rent_Intensive_Pre2016_ge1pct,Future_Period,train_to_2018__test_from_2019,RandomForest,added_model_vs_strongest_benchmark,0.00300000000000002,0.986
M2_Macro_Oil_vs_M3_Macro_Oil_RegQuality__normalized__Oil_Rent_Intensive_Pre2016_ge1pct,Regulatory_Quality_lag1,normalized,Oil_Rent_Intensive_Pre2016_ge1pct,Future_Period,train_to_2018__test_from_2019,RandomForest,added_model_vs_strongest_benchmark,0.0035000000000000205,0.986
M2_Macro_Oil_vs_M3_Macro_Oil_RegQuality__normalized__Oil_Rent_Intensive_Pre2016_ge1pct,Regulatory_Quality_lag1,normalized,Oil_Rent_Intensive_Pre2016_ge1pct,Future_Period,train_to_2018__test_from_2019,RandomForest,added_model_vs_strongest_benchmark,0.004000000000000021,0.985
M2_Macro_Oil_vs_M3_Macro_Oil_RegQuality__normalized__Oil_Rent_Intensive_Pre2016_ge1pct,Regulatory_Quality_lag1,normalized,Oil_Rent_Intensive_Pre2016_ge1pct,Future_Period,train_to_2018__test_from_2019,RandomForest,added_model_vs_strongest_benchmark,0.004500000000000021,0.985
M2_Macro_Oil_vs_M3_Macro_Oil_RegQuality__normalized__Oil_Rent_Intensive_Pre2016_ge1pct,Regulatory_Quality_lag1,normalized,Oil_Rent_Intensive_Pre2016_ge1pct,Future_Period,train_to_2018__test_from_2019,RandomForest,added_model_vs_strongest_benchmark,0.005000000000000022,0.985
M2_Macro_Oil_vs_M3_Macro_Oil_RegQuality__normalized__Oil_Rent_Intensive_Pre2016_ge1pct,Regulatory_Quality_lag1,normalized,Oil_Rent_Intensive_Pre2016_ge1pct,Future_Period,train_to_2018__test_from_2019,RandomForest,added_model_vs_strongest_benchmark,0.005500000000000022,0.985
M2_Macro_Oil_vs_M3_Macro_Oil_RegQuality__normalized__Oil_Rent_Intensive_Pre2016_ge1pct,Regulatory_Quality_lag1,normalized,Oil_Rent_Intensive_Pre2016_ge1pct,Future_Period,train_to_2018__test_from_2019,RandomForest,added_model_vs_strongest_benchmark,0.006000000000000023,0.985
M2_Macro_Oil_vs_M3_Macro_Oil_RegQuality__normalized__Oil_Rent_Intensive_Pre2016_ge1pct,Regulatory_Quality_lag1,normalized,Oil_Rent_Intensive_Pre2016_ge1pct,Future_Period,train_to_2018__test_from_2019,RandomForest,added_model_vs_strongest_benchmark,0.006500000000000023,0.9845
M2_Macro_Oil_vs_M3_Macro_Oil_RegQuality__normalized__Oil_Rent_Intensive_Pre2016_ge1pct,Regulatory_Quality_lag1,normalized,Oil_Rent_Intensive_Pre2016_ge1pct,Future_Period,train_to_2018__test_from_2019,RandomForest,added_model_vs_strongest_benchmark,0.0070000000000000236,0.9845
M2_Macro_Oil_vs_M3_Macro_Oil_RegQuality__normalized__Oil_Rent_Intensive_Pre2016_ge1pct,Regulatory_Quality_lag1,normalized,Oil_Rent_Intensive_Pre2016_ge1pct,Future_Period,train_to_2018__test_from_2019,RandomForest,added_model_vs_strongest_benchmark,0.007500000000000024,0.9845
M2_Macro_Oil_vs_M3_Macro_Oil_RegQuality__normalized__Oil_Rent_Intensive_Pre2016_ge1pct,Regulatory_Quality_lag1,normalized,Oil_Rent_Intensive_Pre2016_ge1pct,Future_Period,train_to_2018__test_from_2019,RandomForest,added_model_vs_strongest_benchmark,0.008000000000000024,0.9845
M2_Macro_Oil_vs_M3_Macro_Oil_RegQuality__normalized__Oil_Rent_Intensive_Pre2016_ge1pct,Regulatory_Quality_lag1,normalized,Oil_Rent_Intensive_Pre2016_ge1pct,Future_Period,train_to_2018__test_from_2019,RandomForest,added_model_vs_strongest_benchmark,0.008500000000000025,0.9845
M2_Macro_Oil_vs_M3_Macro_Oil_RegQuality__normalized__Oil_Rent_Intensive_Pre2016_ge1pct,Regulatory_Quality_lag1,normalized,Oil_Rent_Intensive_Pre2016_ge1pct,Future_Period,train_to_2018__test_from_2019,RandomForest,added_model_vs_strongest_benchmark,0.009000000000000025,0.9845
M2_Macro_Oil_vs_M3_Macro_Oil_RegQuality__normalized__Oil_Rent_Intensive_Pre2016_ge1pct,Regulatory_Quality_lag1,normalized,Oil_Rent_Intensive_Pre2016_ge1pct,Future_Period,train_to_2018__test_from_2019,RandomForest,added_model_vs_strongest_benchmark,0.009500000000000026,0.984
M2_Macro_Oil_vs_M3_Macro_Oil_RegQuality__normalized__Oil_Rent_Intensive_Pre2016_ge1pct,Regulatory_Quality_lag1,normalized,Oil_Rent_Intensive_Pre2016_ge1pct,Future_Period,train_to_2018__test_from_2019,RandomForest,added_model_vs_strongest_benchmark,0.010000000000000026,0.984
M2_Macro_Oil_vs_M3_Macro_Oil_RegQuality__normalized__Oil_Rent_Intensive_Pre2016_ge1pct,Regulatory_Quality_lag1,normalized,Oil_Rent_Intensive_Pre2016_ge1pct,Future_Period,train_to_2018__test_from_2019,RandomForest,added_model_vs_strongest_benchmark,0.010500000000000027,0.9835
M2_Macro_Oil_vs_M3_Macro_Oil_RegQuality__normalized__Oil_Rent_Intensive_Pre2016_ge1pct,Regulatory_Quality_lag1,normalized,Oil_Rent_Intensive_Pre2016_ge1pct,Future_Period,train_to_2018__test_from_2019,RandomForest,added_model_vs_strongest_benchmark,0.011000000000000027,0.983
M2_Macro_Oil_vs_M3_Macro_Oil_RegQuality__normalized__Oil_Rent_Intensive_Pre2016_ge1pct,Regulatory_Quality_lag1,normalized,Oil_Rent_Intensive_Pre2016_ge1pct,Future_Period,train_to_2018__test_from_2019,RandomForest,added_model_vs_strongest_benchmark,0.011500000000000028,0.983
M2_Macro_Oil_vs_M3_Macro_Oil_RegQuality__normalized__Oil_Rent_Intensive_Pre2016_ge1pct,Regulatory_Quality_lag1,normalized,Oil_Rent_Intensive_Pre2016_ge1pct,Future_Period,train_to_2018__test_from_2019,RandomForest,added_model_vs_strongest_benchmark,0.012000000000000028,0.982
M2_Macro_Oil_vs_M3_Macro_Oil_RegQuality__normalized__Oil_Rent_Intensive_Pre2016_ge1pct,Regulatory_Quality_lag1,normalized,Oil_Rent_Intensive_Pre2016_ge1pct,Future_Period,train_to_2018__test_from_2019,RandomForest,added_model_vs_strongest_benchmark,0.012500000000000028,0.982
M2_Macro_Oil_vs_M3_Macro_Oil_RegQuality__normalized__Oil_Rent_Intensive_Pre2016_ge1pct,Regulatory_Quality_lag1,normalized,Oil_Rent_Intensive_Pre2016_ge1pct,Future_Period,train_to_2018__test_from_2019,RandomForest,added_model_vs_strongest_benchmark,0.013000000000000029,0.981
M2_Macro_Oil_vs_M3_Macro_Oil_RegQuality__normalized__Oil_Rent_Intensive_Pre2016_ge1pct,Regulatory_Quality_lag1,normalized,Oil_Rent_Intensive_Pre2016_ge1pct,Future_Period,train_to_2018__test_from_2019,RandomForest,added_model_vs_strongest_benchmark,0.01350000000000003,0.9805
M2_Macro_Oil_vs_M3_Macro_Oil_RegQuality__normalized__Oil_Rent_Intensive_Pre2016_ge1pct,Regulatory_Quality_lag1,normalized,Oil_Rent_Intensive_Pre2016_ge1pct,Future_Period,train_to_2018__test_from_2019,RandomForest,added_model_vs_strongest_benchmark,0.01400000000000003,0.9805
M2_Macro_Oil_vs_M3_Macro_Oil_RegQuality__normalized__Oil_Rent_Intensive_Pre2016_ge1pct,Regulatory_Quality_lag1,normalized,Oil_Rent_Intensive_Pre2016_ge1pct,Future_Period,train_to_2018__test_from_2019,RandomForest,added_model_vs_strongest_benchmark,0.01450000000000003,0.9795
M2_Macro_Oil_vs_M3_Macro_Oil_RegQuality__normalized__Oil_Rent_Intensive_Pre2016_ge1pct,Regulatory_Quality_lag1,normalized,Oil_Rent_Intensive_Pre2016_ge1pct,Future_Period,train_to_2018__test_from_2019,RandomForest,added_model_vs_strongest_benchmark,0.01500000000000003,0.9795
M2_Macro_Oil_vs_M3_Macro_Oil_RegQuality__normalized__Oil_Rent_Intensive_Pre2016_ge1pct,Regulatory_Quality_lag1,normalized,Oil_Rent_Intensive_Pre2016_ge1pct,Future_Period,train_to_2018__test_from_2019,RandomForest,added_model_vs_strongest_benchmark,0.015500000000000031,0.9795
M2_Macro_Oil_vs_M3_Macro_Oil_RegQuality__normalized__Oil_Rent_Intensive_Pre2016_ge1pct,Regulatory_Quality_lag1,normalized,Oil_Rent_Intensive_Pre2016_ge1pct,Future_Period,train_to_2018__test_from_2019,RandomForest,added_model_vs_strongest_benchmark,0.01600000000000003,0.9795
M2_Macro_Oil_vs_M3_Macro_Oil_RegQuality__normalized__Oil_Rent_Intensive_Pre2016_ge1pct,Regulatory_Quality_lag1,normalized,Oil_Rent_Intensive_Pre2016_ge1pct,Future_Period,train_to_2018__test_from_2019,RandomForest,added_model_vs_strongest_benchmark,0.016500000000000032,0.9795
M2_Macro_Oil_vs_M3_Macro_Oil_RegQuality__normalized__Oil_Rent_Intensive_Pre2016_ge1pct,Regulatory_Quality_lag1,normalized,Oil_Rent_Intensive_Pre2016_ge1pct,Future_Period,train_to_2018__test_from_2019,RandomForest,added_model_vs_strongest_benchmark,0.017000000000000032,0.9795
M2_Macro_Oil_vs_M3_Macro_Oil_RegQuality__normalized__Oil_Rent_Intensive_Pre2016_ge1pct,Regulatory_Quality_lag1,normalized,Oil_Rent_Intensive_Pre2016_ge1pct,Future_Period,train_to_2018__test_from_2019,RandomForest,added_model_vs_strongest_benchmark,0.017500000000000033,0.979
M2_Macro_Oil_vs_M3_Macro_Oil_RegQuality__normalized__Oil_Rent_Intensive_Pre2016_ge1pct,Regulatory_Quality_lag1,normalized,Oil_Rent_Intensive_Pre2016_ge1pct,Future_Period,train_to_2018__test_from_2019,RandomForest,added_model_vs_strongest_benchmark,0.018000000000000033,0.9785
M2_Macro_Oil_vs_M3_Macro_Oil_RegQuality__normalized__Oil_Rent_Intensive_Pre2016_ge1pct,Regulatory_Quality_lag1,normalized,Oil_Rent_Intensive_Pre2016_ge1pct,Future_Period,train_to_2018__test_from_2019,RandomForest,added_model_vs_strongest_benchmark,0.018500000000000034,0.9785
M2_Macro_Oil_vs_M3_Macro_Oil_RegQuality__normalized__Oil_Rent_Intensive_Pre2016_ge1pct,Regulatory_Quality_lag1,normalized,Oil_Rent_Intensive_Pre2016_ge1pct,Future_Period,train_to_2018__test_from_2019,RandomForest,added_model_vs_strongest_benchmark,0.019000000000000034,0.978
M2_Macro_Oil_vs_M3_Macro_Oil_RegQuality__normalized__Oil_Rent_Intensive_Pre2016_ge1pct,Regulatory_Quality_lag1,normalized,Oil_Rent_Intensive_Pre2016_ge1pct,Future_Period,train_to_2018__test_from_2019,RandomForest,added_model_vs_strongest_benchmark,0.019500000000000035,0.978
M2_Macro_Oil_vs_M3_Macro_Oil_RegQuality__normalized__Oil_Rent_Intensive_Pre2016_ge1pct,Regulatory_Quality_lag1,normalized,Oil_Rent_Intensive_Pre2016_ge1pct,Future_Period,train_to_2018__test_from_2019,RandomForest,added_model_vs_strongest_benchmark,0.020000000000000035,0.978
M2_Macro_Oil_vs_M3_Macro_Oil_RegQuality__normalized__Oil_Rent_Intensive_Pre2016_ge1pct,Regulatory_Quality_lag1,normalized,Oil_Rent_Intensive_Pre2016_ge1pct,Future_Period,train_to_2018__test_from_2019,RandomForest,added_model_vs_strongest_benchmark,0.020500000000000036,0.978
M2_Macro_Oil_vs_M3_Macro_Oil_RegQuality__normalized__Oil_Rent_Intensive_Pre2016_ge1pct,Regulatory_Quality_lag1,normalized,Oil_Rent_Intensive_Pre2016_ge1pct,Future_Period,train_to_2018__test_from_2019,RandomForest,added_model_vs_strongest_benchmark,0.021000000000000036,0.978
M2_Macro_Oil_vs_M3_Macro_Oil_RegQuality__normalized__Oil_Rent_Intensive_Pre2016_ge1pct,Regulatory_Quality_lag1,normalized,Oil_Rent_Intensive_Pre2016_ge1pct,Future_Period,train_to_2018__test_from_2019,RandomForest,added_model_vs_strongest_benchmark,0.021500000000000036,0.978
M2_Macro_Oil_vs_M3_Macro_Oil_RegQuality__normalized__Oil_Rent_Intensive_Pre2016_ge1pct,Regulatory_Quality_lag1,normalized,Oil_Rent_Intensive_Pre2016_ge1pct,Future_Period,train_to_2018__test_from_2019,RandomForest,added_model_vs_strongest_benchmark,0.022000000000000037,0.9775
M2_Macro_Oil_vs_M3_Macro_Oil_RegQuality__normalized__Oil_Rent_Intensive_Pre2016_ge1pct,Regulatory_Quality_lag1,normalized,Oil_Rent_Intensive_Pre2016_ge1pct,Future_Period,train_to_2018__test_from_2019,RandomForest,added_model_vs_strongest_benchmark,0.022500000000000037,0.977
M2_Macro_Oil_vs_M3_Macro_Oil_RegQuality__normalized__Oil_Rent_Intensive_Pre2016_ge1pct,Regulatory_Quality_lag1,normalized,Oil_Rent_Intensive_Pre2016_ge1pct,Future_Period,train_to_2018__test_from_2019,RandomForest,added_model_vs_strongest_benchmark,0.023000000000000038,0.9765
M2_Macro_Oil_vs_M3_Macro_Oil_RegQuality__normalized__Oil_Rent_Intensive_Pre2016_ge1pct,Regulatory_Quality_lag1,normalized,Oil_Rent_Intensive_Pre2016_ge1pct,Future_Period,train_to_2018__test_from_2019,RandomForest,added_model_vs_strongest_benchmark,0.023500000000000038,0.9765
M2_Macro_Oil_vs_M3_Macro_Oil_RegQuality__normalized__Oil_Rent_Intensive_Pre2016_ge1pct,Regulatory_Quality_lag1,normalized,Oil_Rent_Intensive_Pre2016_ge1pct,Future_Period,train_to_2018__test_from_2019,RandomForest,added_model_vs_strongest_benchmark,0.02400000000000004,0.976
M2_Macro_Oil_vs_M3_Macro_Oil_RegQuality__normalized__Oil_Rent_Intensive_Pre2016_ge1pct,Regulatory_Quality_lag1,normalized,Oil_Rent_Intensive_Pre2016_ge1pct,Future_Period,train_to_2018__test_from_2019,RandomForest,added_model_vs_strongest_benchmark,0.02450000000000004,0.9755
M2_Macro_Oil_vs_M3_Macro_Oil_RegQuality__normalized__Oil_Rent_Intensive_Pre2016_ge1pct,Regulatory_Quality_lag1,normalized,Oil_Rent_Intensive_Pre2016_ge1pct,Future_Period,train_to_2018__test_from_2019,RandomForest,added_model_vs_strongest_benchmark,0.02500000000000004,0.9745
M2_Macro_Oil_vs_M3_Macro_Oil_RegQuality__normalized__Oil_Rent_Intensive_Pre2016_ge1pct,Regulatory_Quality_lag1,normalized,Oil_Rent_Intensive_Pre2016_ge1pct,Future_Period,train_to_2018__test_from_2019,RandomForest,added_model_vs_strongest_benchmark,0.02550000000000004,0.9745
M2_Macro_Oil_vs_M3_Macro_Oil_RegQuality__normalized__Oil_Rent_Intensive_Pre2016_ge1pct,Regulatory_Quality_lag1,normalized,Oil_Rent_Intensive_Pre2016_ge1pct,Future_Period,train_to_2018__test_from_2019,RandomForest,added_model_vs_strongest_benchmark,0.02600000000000004,0.974
M2_Macro_Oil_vs_M3_Macro_Oil_RegQuality__normalized__Oil_Rent_Intensive_Pre2016_ge1pct,Regulatory_Quality_lag1,normalized,Oil_Rent_Intensive_Pre2016_ge1pct,Future_Period,train_to_2018__test_from_2019,RandomForest,added_model_vs_strongest_benchmark,0.02650000000000004,0.974
M2_Macro_Oil_vs_M3_Macro_Oil_RegQuality__normalized__Oil_Rent_Intensive_Pre2016_ge1pct,Regulatory_Quality_lag1,normalized,Oil_Rent_Intensive_Pre2016_ge1pct,Future_Period,train_to_2018__test_from_2019,RandomForest,added_model_vs_strongest_benchmark,0.02700000000000004,0.974
M2_Macro_Oil_vs_M3_Macro_Oil_RegQuality__normalized__Oil_Rent_Intensive_Pre2016_ge1pct,Regulatory_Quality_lag1,normalized,Oil_Rent_Intensive_Pre2016_ge1pct,Future_Period,train_to_2018__test_from_2019,RandomForest,added_model_vs_strongest_benchmark,0.027500000000000042,0.9735
M2_Macro_Oil_vs_M3_Macro_Oil_RegQuality__normalized__Oil_Rent_Intensive_Pre2016_ge1pct,Regulatory_Quality_lag1,normalized,Oil_Rent_Intensive_Pre2016_ge1pct,Future_Period,train_to_2018__test_from_2019,RandomForest,added_model_vs_strongest_benchmark,0.028000000000000042,0.9735
M2_Macro_Oil_vs_M3_Macro_Oil_RegQuality__normalized__Oil_Rent_Intensive_Pre2016_ge1pct,Regulatory_Quality_lag1,normalized,Oil_Rent_Intensive_Pre2016_ge1pct,Future_Period,train_to_2018__test_from_2019,RandomForest,added_model_vs_strongest_benchmark,0.028500000000000043,0.973
M2_Macro_Oil_vs_M3_Macro_Oil_RegQuality__normalized__Oil_Rent_Intensive_Pre2016_ge1pct,Regulatory_Quality_lag1,normalized,Oil_Rent_Intensive_Pre2016_ge1pct,Future_Period,train_to_2018__test_from_2019,RandomForest,added_model_vs_strongest_benchmark,0.029000000000000043,0.9725
M2_Macro_Oil_vs_M3_Macro_Oil_RegQuality__normalized__Oil_Rent_Intensive_Pre2016_ge1pct,Regulatory_Quality_lag1,normalized,Oil_Rent_Intensive_Pre2016_ge1pct,Future_Period,train_to_2018__test_from_2019,RandomForest,added_model_vs_strongest_benchmark,0.029500000000000044,0.972
M2_Macro_Oil_vs_M3_Macro_Oil_RegQuality__normalized__Oil_Rent_Intensive_Pre2016_ge1pct,Regulatory_Quality_lag1,normalized,Oil_Rent_Intensive_Pre2016_ge1pct,Future_Period,train_to_2018__test_from_2019,RandomForest,added_model_vs_strongest_benchmark,0.030000000000000044,0.972
